Tempo(ms);ADC_Bruto;Forca(kg)
999;669;0,00
1000;673;0,00
1001;675;0,00
1002;672;0,00
1003;672;0,00
1004;671;0,00
1005;671;0,00
1006;676;0,00
1007;671;0,00
1008;673;0,00
1009;670;0,00
1010;669;0,00
1011;669;0,00
1012;673;0,00
1013;672;0,00
1014;671;0,00
1015;669;0,00
1016;672;0,00
1017;676;0,00
1018;670;0,00
1019;670;0,00
1020;670;0,00
1022;668;0,00
1024;670;0,00
1025;669;0,00
1026;668;0,00
1028;676;0,00
1029;669;0,00
1030;674;0,00
1031;671;0,00
1032;671;0,00
1034;669;0,00
1035;668;0,00
1036;672;0,00
1037;671;0,00
1039;677;0,00
1040;669;0,00
1041;668;0,00
1042;672;0,00
1044;669;0,00
1045;669;0,00
1046;668;0,00
1047;669;0,00
1049;670;0,00
1050;670;0,00
1051;679;0,02
1052;675;0,00
1054;670;0,00
1055;672;0,00
1056;673;0,00
1057;671;0,00
1059;670;0,00
1060;670;0,00
1061;678;0,00
1062;676;0,00
1064;677;0,00
1065;669;0,00
1067;680;0,12
1068;672;0,00
1070;672;0,00
1071;669;0,00
1072;669;0,00
1073;669;0,00
1075;677;0,00
1076;670;0,00
1077;671;0,00
1078;670;0,00
1080;671;0,00
1081;670;0,00
1082;674;0,00
1083;672;0,00
1085;668;0,00
1086;670;0,00
1087;672;0,00
1088;670;0,00
1090;676;0,00
1091;675;0,00
1092;671;0,00
1093;670;0,00
1095;668;0,00
1096;670;0,00
1097;669;0,00
1098;670;0,00
1099;680;0,12
1101;672;0,00
1102;670;0,00
1103;672;0,00
1104;672;0,00
1106;671;0,00
1107;668;0,00
1108;678;0,00
1110;672;0,00
1112;670;0,00
1113;670;0,00
1114;670;0,00
1115;669;0,00
1117;670;0,00
1118;675;0,00
1119;672;0,00
1120;669;0,00
1122;673;0,00
1123;680;0,12
1124;669;0,00
1125;676;0,00
1127;669;0,00
1128;670;0,00
1129;676;0,00
1130;677;0,00
1132;670;0,00
1133;672;0,00
1134;673;0,00
1135;670;0,00
1137;669;0,00
1138;669;0,00
1139;667;0,00
1140;668;0,00
1142;672;0,00
1143;668;0,00
1144;678;0,00
1145;669;0,00
1147;670;0,00
1148;669;0,00
1149;670;0,00
1150;669;0,00
1153;669;0,00
1154;673;0,00
1155;672;0,00
1156;668;0,00
1158;672;0,00
1159;682;0,32
1160;671;0,00
1161;669;0,00
1163;670;0,00
1164;670;0,00
1165;675;0,00
1166;671;0,00
1167;670;0,00
1169;669;0,00
1170;673;0,00
1171;679;0,02
1172;671;0,00
1174;670;0,00
1175;671;0,00
1176;670;0,00
1177;670;0,00
1179;676;0,00
1180;669;0,00
1181;670;0,00
1182;677;0,00
1184;669;0,00
1185;678;0,00
1186;671;0,00
1187;680;0,12
1189;670;0,00
1190;669;0,00
1191;672;0,00
1192;671;0,00
1195;668;0,00
1196;672;0,00
1197;673;0,00
1198;677;0,00
1200;672;0,00
1201;675;0,00
1202;669;0,00
1203;670;0,00
1205;671;0,00
1206;670;0,00
1207;679;0,02
1208;671;0,00
1210;671;0,00
1211;669;0,00
1212;669;0,00
1213;671;0,00
1215;675;0,00
1216;674;0,00
1217;669;0,00
1218;671;0,00
1220;670;0,00
1221;669;0,00
1222;676;0,00
1223;679;0,02
1225;675;0,00
1226;669;0,00
1227;669;0,00
1228;669;0,00
1229;671;0,00
1231;678;0,00
1232;674;0,00
1233;672;0,00
1234;674;0,00
1236;672;0,00
1238;671;0,00
1239;669;0,00
1240;671;0,00
1242;670;0,00
1243;671;0,00
1244;672;0,00
1245;675;0,00
1247;672;0,00
1248;671;0,00
1249;672;0,00
1250;669;0,00
1252;674;0,00
1253;670;0,00
1254;669;0,00
1255;669;0,00
1257;669;0,00
1258;668;0,00
1259;680;0,12
1260;672;0,00
1262;671;0,00
1263;668;0,00
1264;670;0,00
1265;673;0,00
1267;673;0,00
1268;669;0,00
1269;671;0,00
1270;670;0,00
1272;676;0,00
1273;669;0,00
1274;670;0,00
1275;677;0,00
1277;668;0,00
1278;668;0,00
1280;679;0,02
1281;669;0,00
1283;672;0,00
1284;672;0,00
1285;668;0,00
1286;670;0,00
1288;669;0,00
1289;671;0,00
1290;670;0,00
1291;671;0,00
1293;676;0,00
1294;672;0,00
1295;669;0,00
1296;668;0,00
1297;679;0,02
1299;669;0,00
1300;671;0,00
1301;669;0,00
1302;670;0,00
1304;670;0,00
1305;678;0,00
1306;675;0,00
1307;674;0,00
1309;670;0,00
1310;669;0,00
1311;669;0,00
1312;678;0,00
1314;670;0,00
1315;669;0,00
1316;670;0,00
1317;670;0,00
1319;669;0,00
1320;668;0,00
1321;670;0,00
1323;671;0,00
1325;671;0,00
1326;668;0,00
1327;675;0,00
1328;670;0,00
1330;678;0,00
1331;673;0,00
1332;672;0,00
1333;670;0,00
1335;670;0,00
1336;671;0,00
1337;668;0,00
1338;668;0,00
1340;674;0,00
1341;679;0,02
1342;670;0,00
1343;670;0,00
1345;672;0,00
1346;672;0,00
1347;671;0,00
1348;670;0,00
1350;671;0,00
1351;672;0,00
1352;676;0,00
1353;671;0,00
1355;668;0,00
1356;672;0,00
1357;669;0,00
1358;678;0,00
1359;671;0,00
1361;668;0,00
1362;669;0,00
1363;672;0,00
1364;673;0,00
1367;668;0,00
1368;670;0,00
1369;673;0,00
1370;670;0,00
1372;672;0,00
1373;670;0,00
1374;672;0,00
1375;679;0,02
1377;675;0,00
1378;669;0,00
1379;672;0,00
1380;677;0,00
1382;669;0,00
1383;669;0,00
1384;670;0,00
1385;669;0,00
1387;675;0,00
1388;673;0,00
1389;669;0,00
1390;669;0,00
1392;669;0,00
1393;671;0,00
1394;671;0,00
1395;673;0,00
1397;671;0,00
1398;671;0,00
1399;678;0,00
1400;669;0,00
1402;676;0,00
1403;670;0,00
1404;677;0,00
1405;676;0,00
1408;672;0,00
1409;671;0,00
1410;672;0,00
1411;673;0,00
1413;673;0,00
1414;674;0,00
1415;672;0,00
1416;673;0,00
1418;670;0,00
1419;670;0,00
1420;669;0,00
1421;670;0,00
1423;683;0,42
1424;675;0,00
1425;673;0,00
1426;670;0,00
1427;674;0,00
1429;676;0,00
1430;668;0,00
1431;671;0,00
1432;673;0,00
1434;670;0,00
1435;673;0,00
1436;671;0,00
1437;669;0,00
1439;675;0,00
1440;670;0,00
1441;671;0,00
1442;667;0,00
1444;673;0,00
1445;671;0,00
1446;670;0,00
1447;671;0,00
1449;669;0,00
1451;671;0,00
1452;669;0,00
1453;669;0,00
1455;674;0,00
1456;669;0,00
1457;669;0,00
1458;669;0,00
1460;668;0,00
1461;673;0,00
1462;669;0,00
1463;670;0,00
1465;673;0,00
1466;669;0,00
1467;669;0,00
1468;672;0,00
1470;670;0,00
1471;673;0,00
1472;678;0,00
1473;671;0,00
1475;671;0,00
1476;672;0,00
1477;670;0,00
1478;670;0,00
1480;670;0,00
1481;671;0,00
1482;681;0,22
1483;674;0,00
1485;673;0,00
1486;674;0,00
1487;668;0,00
1488;674;0,00
1489;669;0,00
1491;670;0,00
1492;673;0,00
1494;668;0,00
1495;669;0,00
1497;670;0,00
1498;671;0,00
1499;671;0,00
1500;668;0,00
1502;674;0,00
1503;670;0,00
1504;670;0,00
1505;674;0,00
1507;672;0,00
1508;669;0,00
1509;671;0,00
1510;673;0,00
1512;673;0,00
1513;669;0,00
1514;671;0,00
1515;671;0,00
1517;670;0,00
1518;669;0,00
1519;670;0,00
1520;676;0,00
1522;670;0,00
1523;668;0,00
1524;672;0,00
1525;669;0,00
1527;670;0,00
1528;669;0,00
1529;671;0,00
1530;670;0,00
1532;670;0,00
1533;670;0,00
1534;669;0,00
1536;671;0,00
1538;670;0,00
1539;667;0,00
1540;672;0,00
1541;669;0,00
1543;669;0,00
1544;675;0,00
1545;670;0,00
1546;672;0,00
1548;672;0,00
1549;671;0,00
1550;679;0,02
1551;671;0,00
1553;678;0,00
1554;670;0,00
1555;675;0,00
1556;672;0,00
1557;669;0,00
1559;672;0,00
1560;678;0,00
1561;674;0,00
1562;675;0,00
1564;669;0,00
1565;669;0,00
1566;669;0,00
1567;673;0,00
1569;670;0,00
1570;670;0,00
1571;677;0,00
1572;670;0,00
1574;672;0,00
1575;676;0,00
1576;672;0,00
1577;672;0,00
1580;672;0,00
1581;674;0,00
1582;669;0,00
1583;671;0,00
1585;670;0,00
1586;669;0,00
1587;674;0,00
1588;670;0,00
1590;673;0,00
1591;672;0,00
1592;668;0,00
1593;676;0,00
1595;669;0,00
1596;670;0,00
1597;673;0,00
1598;670;0,00
1600;669;0,00
1601;670;0,00
1602;678;0,00
1603;674;0,00
1605;670;0,00
1606;670;0,00
1607;669;0,00
1608;677;0,00
1610;669;0,00
1611;670;0,00
1612;672;0,00
1613;669;0,00
1615;669;0,00
1616;671;0,00
1617;669;0,00
1618;669;0,00
1619;670;0,00
1622;671;0,00
1623;670;0,00
1624;668;0,00
1625;672;0,00
1627;677;0,00
1628;668;0,00
1629;669;0,00
1630;667;0,00
1632;671;0,00
1633;672;0,00
1634;671;0,00
1635;669;0,00
1637;670;0,00
1638;670;0,00
1639;668;0,00
1640;673;0,00
1642;669;0,00
1643;672;0,00
1644;672;0,00
1645;668;0,00
1647;680;0,12
1648;672;0,00
1649;671;0,00
1650;670;0,00
1652;673;0,00
1653;677;0,00
1654;668;0,00
1655;675;0,00
1657;677;0,00
1658;672;0,00
1659;670;0,00
1660;669;0,00
1662;668;0,00
1664;677;0,00
1665;674;0,00
1666;669;0,00
1668;670;0,00
1669;675;0,00
1670;671;0,00
1671;669;0,00
1673;670;0,00
1674;671;0,00
1675;671;0,00
1676;669;0,00
1678;677;0,00
1679;669;0,00
1680;670;0,00
1681;672;0,00
1683;678;0,00
1684;669;0,00
1685;678;0,00
1686;672;0,00
1687;672;0,00
1689;670;0,00
1690;672;0,00
1691;672;0,00
1692;677;0,00
1694;682;0,32
1695;672;0,00
1696;673;0,00
1697;672;0,00
1699;670;0,00
1700;670;0,00
1701;679;0,02
1702;668;0,00
1704;669;0,00
1705;675;0,00
1707;679;0,02
1708;671;0,00
1710;672;0,00
1711;669;0,00
1712;673;0,00
1713;678;0,00
1715;673;0,00
1716;673;0,00
1717;669;0,00
1718;669;0,00
1720;680;0,12
1721;671;0,00
1722;671;0,00
1723;669;0,00
1725;669;0,00
1726;672;0,00
1727;671;0,00
1728;669;0,00
1730;669;0,00
1731;670;0,00
1732;671;0,00
1733;674;0,00
1735;668;0,00
1736;674;0,00
1737;672;0,00
1738;670;0,00
1740;670;0,00
1741;672;0,00
1742;672;0,00
1743;669;0,00
1745;671;0,00
1746;680;0,12
1747;671;0,00
1748;671;0,00
1750;670;0,00
1752;671;0,00
1753;670;0,00
1754;670;0,00
1755;671;0,00
1757;668;0,00
1758;669;0,00
1759;677;0,00
1760;672;0,00
1762;679;0,02
1763;670;0,00
1764;671;0,00
1765;678;0,00
1767;669;0,00
1768;670;0,00
1769;669;0,00
1770;670;0,00
1772;669;0,00
1773;678;0,00
1774;669;0,00
1775;668;0,00
1777;676;0,00
1778;671;0,00
1779;679;0,02
1780;670;0,00
1782;669;0,00
1783;676;0,00
1784;671;0,00
1785;673;0,00
1787;671;0,00
1788;669;0,00
1789;674;0,00
1790;672;0,00
1793;673;0,00
1794;671;0,00
1795;672;0,00
1796;670;0,00
1798;669;0,00
1799;679;0,02
1800;674;0,00
1801;670;0,00
1803;668;0,00
1804;671;0,00
1805;672;0,00
1806;669;0,00
1808;669;0,00
1809;676;0,00
1810;671;0,00
1811;671;0,00
1813;673;0,00
1814;675;0,00
1815;671;0,00
1816;669;0,00
1817;671;0,00
1819;670;0,00
1820;669;0,00
1821;671;0,00
1822;677;0,00
1824;676;0,00
1825;670;0,00
1826;670;0,00
1827;672;0,00
1829;677;0,00
1830;673;0,00
1831;668;0,00
1832;669;0,00
1835;672;0,00
1836;669;0,00
1837;670;0,00
1838;675;0,00
1840;670;0,00
1841;669;0,00
1842;669;0,00
1843;674;0,00
1845;670;0,00
1846;671;0,00
1847;669;0,00
1848;669;0,00
1850;674;0,00
1851;678;0,00
1852;672;0,00
1853;674;0,00
1855;671;0,00
1856;669;0,00
1857;675;0,00
1858;671;0,00
1860;682;0,32
1861;677;0,00
1862;669;0,00
1863;671;0,00
1865;670;0,00
1866;673;0,00
1867;670;0,00
1868;670;0,00
1870;671;0,00
1871;668;0,00
1872;669;0,00
1873;681;0,22
1875;669;0,00
1876;669;0,00
1878;672;0,00
1879;674;0,00
1881;669;0,00
1882;668;0,00
1883;677;0,00
1884;682;0,32
1885;677;0,00
1887;670;0,00
1888;673;0,00
1889;669;0,00
1890;671;0,00
1892;673;0,00
1893;669;0,00
1894;680;0,12
1895;679;0,02
1897;669;0,00
1898;671;0,00
1899;679;0,02
1900;669;0,00
1902;670;0,00
1903;672;0,00
1904;673;0,00
1905;669;0,00
1907;674;0,00
1908;676;0,00
1909;670;0,00
1910;671;0,00
1912;668;0,00
1913;670;0,00
1914;674;0,00
1915;674;0,00
1917;673;0,00
1918;672;0,00
1920;671;0,00
1921;670;0,00
1923;669;0,00
1924;672;0,00
1925;671;0,00
1926;673;0,00
1928;669;0,00
1929;674;0,00
1930;671;0,00
1931;670;0,00
1933;671;0,00
1934;679;0,02
1935;673;0,00
1936;670;0,00
1938;676;0,00
1939;678;0,00
1940;671;0,00
1941;669;0,00
1943;679;0,02
1944;669;0,00
1945;681;0,22
1946;676;0,00
1948;677;0,00
1949;670;0,00
1950;677;0,00
1951;674;0,00
1952;669;0,00
1954;669;0,00
1955;669;0,00
1956;678;0,00
1957;678;0,00
1959;671;0,00
1960;669;0,00
1961;670;0,00
1963;670;0,00
1965;669;0,00
1966;670;0,00
1967;670;0,00
1968;677;0,00
1970;670;0,00
1971;669;0,00
1972;674;0,00
1973;670;0,00
1975;670;0,00
1976;669;0,00
1977;671;0,00
1978;671;0,00
1980;669;0,00
1981;678;0,00
1982;677;0,00
1983;673;0,00
1985;669;0,00
1986;676;0,00
1987;672;0,00
1988;669;0,00
1990;672;0,00
1991;670;0,00
1992;673;0,00
1993;670;0,00
1995;670;0,00
1996;671;0,00
1997;671;0,00
1998;679;0,02
2000;671;0,00
2001;678;0,00
2002;679;0,02
2003;675;0,00
2006;682;0,32
2007;670;0,00
2008;670;0,00
2009;671;0,00
2011;671;0,00
2012;670;0,00
2013;670;0,00
2014;671;0,00
2015;670;0,00
2017;669;0,00
2018;670;0,00
2019;682;0,32
2020;673;0,00
2022;670;0,00
2023;670;0,00
2024;671;0,00
2025;670;0,00
2027;670;0,00
2028;672;0,00
2029;671;0,00
2030;671;0,00
2032;670;0,00
2033;677;0,00
2034;669;0,00
2035;670;0,00
2037;671;0,00
2038;673;0,00
2039;675;0,00
2040;669;0,00
2042;673;0,00
2043;677;0,00
2044;672;0,00
2045;670;0,00
2048;671;0,00
2049;669;0,00
2050;672;0,00
2051;676;0,00
2053;672;0,00
2054;671;0,00
2055;670;0,00
2056;670;0,00
2058;670;0,00
2059;671;0,00
2060;670;0,00
2061;669;0,00
2063;669;0,00
2064;670;0,00
2065;671;0,00
2066;672;0,00
2068;670;0,00
2069;675;0,00
2070;668;0,00
2071;670;0,00
2073;670;0,00
2074;668;0,00
2075;674;0,00
2076;671;0,00
2077;670;0,00
2079;671;0,00
2080;668;0,00
2081;671;0,00
2082;669;0,00
2084;669;0,00
2085;668;0,00
2086;669;0,00
2087;670;0,00
2089;670;0,00
2091;668;0,00
2092;671;0,00
2093;669;0,00
2095;669;0,00
2096;671;0,00
2097;674;0,00
2098;671;0,00
2100;671;0,00
2101;674;0,00
2102;671;0,00
2103;681;0,22
2105;680;0,12
2106;678;0,00
2107;671;0,00
2108;669;0,00
2110;670;0,00
2111;675;0,00
2112;671;0,00
2113;671;0,00
2115;672;0,00
2116;669;0,00
2117;674;0,00
2118;669;0,00
2120;668;0,00
2121;668;0,00
2122;679;0,02
2123;671;0,00
2125;672;0,00
2126;674;0,00
2127;672;0,00
2128;669;0,00
2130;670;0,00
2131;670;0,00
2132;669;0,00
2134;670;0,00
2136;670;0,00
2137;674;0,00
2138;672;0,00
2139;672;0,00
2141;670;0,00
2142;671;0,00
2143;676;0,00
2144;676;0,00
2145;671;0,00
2147;671;0,00
2148;673;0,00
2149;674;0,00
2150;681;0,22
2152;670;0,00
2153;669;0,00
2154;669;0,00
2155;669;0,00
2157;677;0,00
2158;673;0,00
2159;679;0,02
2160;670;0,00
2162;669;0,00
2163;682;0,32
2164;678;0,00
2165;669;0,00
2167;678;0,00
2168;675;0,00
2169;674;0,00
2170;677;0,00
2172;669;0,00
2173;670;0,00
2174;669;0,00
2176;671;0,00
2178;671;0,00
2179;672;0,00
2180;676;0,00
2181;678;0,00
2183;684;0,52
2184;669;0,00
2185;669;0,00
2186;669;0,00
2188;670;0,00
2189;679;0,02
2190;672;0,00
2191;670;0,00
2193;676;0,00
2194;667;0,00
2195;672;0,00
2196;671;0,00
2198;671;0,00
2199;671;0,00
2200;671;0,00
2201;675;0,00
2203;681;0,22
2204;670;0,00
2205;671;0,00
2206;671;0,00
2207;669;0,00
2209;670;0,00
2210;671;0,00
2211;679;0,02
2212;668;0,00
2214;669;0,00
2215;669;0,00
2216;673;0,00
2217;679;0,02
2220;672;0,00
2221;670;0,00
2222;668;0,00
2223;671;0,00
2225;671;0,00
2226;668;0,00
2227;670;0,00
2228;669;0,00
2230;677;0,00
2231;670;0,00
2232;674;0,00
2233;673;0,00
2235;669;0,00
2236;675;0,00
2237;670;0,00
2238;670;0,00
2240;669;0,00
2241;668;0,00
2242;670;0,00
2243;680;0,12
2245;670;0,00
2246;669;0,00
2247;677;0,00
2248;683;0,42
2250;671;0,00
2251;669;0,00
2252;678;0,00
2253;669;0,00
2255;670;0,00
2256;671;0,00
2257;670;0,00
2258;670;0,00
2260;673;0,00
2262;670;0,00
2263;669;0,00
2264;669;0,00
2266;671;0,00
2267;669;0,00
2268;677;0,00
2269;671;0,00
2271;670;0,00
2272;676;0,00
2273;676;0,00
2274;675;0,00
2275;673;0,00
2277;672;0,00
2278;671;0,00
2279;676;0,00
2280;672;0,00
2282;668;0,00
2283;671;0,00
2284;671;0,00
2285;668;0,00
2287;669;0,00
2288;677;0,00
2289;670;0,00
2290;676;0,00
2292;680;0,12
2293;672;0,00
2294;672;0,00
2295;668;0,00
2297;673;0,00
2298;669;0,00
2299;669;0,00
2300;670;0,00
2302;672;0,00
2304;670;0,00
2305;672;0,00
2306;679;0,02
2308;671;0,00
2309;670;0,00
2310;678;0,00
2311;671;0,00
2313;671;0,00
2314;669;0,00
2315;669;0,00
2316;680;0,12
2318;673;0,00
2319;673;0,00
2320;671;0,00
2321;669;0,00
2323;674;0,00
2324;671;0,00
2325;670;0,00
2326;669;0,00
2328;670;0,00
2329;669;0,00
2330;669;0,00
2331;669;0,00
2333;669;0,00
2334;671;0,00
2335;669;0,00
2336;672;0,00
2337;670;0,00
2339;669;0,00
2340;671;0,00
2341;670;0,00
2342;672;0,00
2344;669;0,00
2345;668;0,00
2347;669;0,00
2348;674;0,00
2350;679;0,02
2351;670;0,00
2352;672;0,00
2353;674;0,00
2355;669;0,00
2356;670;0,00
2357;670;0,00
2358;677;0,00
2360;673;0,00
2361;671;0,00
2362;669;0,00
2363;673;0,00
2365;682;0,32
2366;679;0,02
2367;675;0,00
2368;670;0,00
2370;675;0,00
2371;670;0,00
2372;676;0,00
2373;671;0,00
2375;670;0,00
2376;676;0,00
2377;668;0,00
2378;672;0,00
2380;676;0,00
2381;671;0,00
2382;678;0,00
2383;668;0,00
2385;672;0,00
2386;670;0,00
2387;678;0,00
2388;671;0,00
2391;670;0,00
2392;669;0,00
2393;669;0,00
2394;669;0,00
2396;675;0,00
2397;669;0,00
2398;670;0,00
2399;678;0,00
2401;671;0,00
2402;670;0,00
2403;669;0,00
2404;681;0,22
2405;669;0,00
2407;669;0,00
2408;669;0,00
2409;678;0,00
2410;669;0,00
2412;676;0,00
2413;669;0,00
2414;671;0,00
2415;672;0,00
2417;675;0,00
2418;676;0,00
2419;670;0,00
2420;668;0,00
2422;669;0,00
2423;671;0,00
2424;671;0,00
2425;668;0,00
2427;669;0,00
2428;671;0,00
2429;670;0,00
2430;670;0,00
2433;673;0,00
2434;669;0,00
2435;669;0,00
2436;668;0,00
2438;670;0,00
2439;672;0,00
2440;680;0,12
2441;670;0,00
2443;669;0,00
2444;669;0,00
2445;679;0,02
2446;671;0,00
2448;679;0,02
2449;672;0,00
2450;669;0,00
2451;676;0,00
2453;674;0,00
2454;670;0,00
2455;669;0,00
2456;669;0,00
2458;673;0,00
2459;670;0,00
2460;669;0,00
2461;669;0,00
2463;680;0,12
2464;672;0,00
2465;669;0,00
2466;670;0,00
2468;671;0,00
2469;672;0,00
2470;670;0,00
2471;669;0,00
2472;673;0,00
2475;670;0,00
2476;670;0,00
2477;677;0,00
2478;670;0,00
2480;671;0,00
2481;670;0,00
2482;678;0,00
2483;670;0,00
2485;669;0,00
2486;672;0,00
2487;669;0,00
2488;671;0,00
2490;670;0,00
2491;673;0,00
2492;677;0,00
2493;674;0,00
2495;672;0,00
2496;673;0,00
2497;678;0,00
2498;669;0,00
2500;676;0,00
2501;674;0,00
2502;670;0,00
2503;675;0,00
2505;669;0,00
2506;678;0,00
2507;668;0,00
2508;679;0,02
2510;672;0,00
2511;671;0,00
2512;670;0,00
2513;672;0,00
2515;670;0,00
2516;670;0,00
2518;672;0,00
2519;679;0,02
2521;670;0,00
2522;668;0,00
2523;677;0,00
2524;675;0,00
2526;680;0,12
2527;670;0,00
2528;674;0,00
2529;670;0,00
2531;669;0,00
2532;673;0,00
2533;669;0,00
2534;671;0,00
2535;671;0,00
2537;670;0,00
2538;671;0,00
2539;669;0,00
2540;670;0,00
2542;678;0,00
2543;671;0,00
2544;676;0,00
2545;676;0,00
2547;671;0,00
2548;671;0,00
2549;668;0,00
2550;669;0,00
2552;675;0,00
2553;672;0,00
2554;673;0,00
2555;671;0,00
2557;672;0,00
2558;669;0,00
2560;680;0,12
2561;669;0,00
2563;676;0,00
2564;676;0,00
2565;669;0,00
2566;670;0,00
2568;670;0,00
2569;669;0,00
2570;673;0,00
2571;670;0,00
2573;669;0,00
2574;672;0,00
2575;673;0,00
2576;678;0,00
2578;675;0,00
2579;675;0,00
2580;670;0,00
2581;672;0,00
2583;671;0,00
2584;675;0,00
2585;669;0,00
2586;668;0,00
2588;671;0,00
2589;670;0,00
2590;675;0,00
2591;678;0,00
2593;671;0,00
2594;670;0,00
2595;672;0,00
2596;682;0,32
2598;670;0,00
2599;669;0,00
2600;680;0,12
2601;669;0,00
2603;668;0,00
2605;670;0,00
2606;674;0,00
2607;672;0,00
2608;671;0,00
2610;676;0,00
2611;675;0,00
2612;668;0,00
2613;677;0,00
2615;675;0,00
2616;668;0,00
2617;670;0,00
2618;668;0,00
2620;671;0,00
2621;671;0,00
2622;670;0,00
2623;670;0,00
2625;669;0,00
2626;669;0,00
2627;670;0,00
2628;672;0,00
2630;670;0,00
2631;669;0,00
2632;677;0,00
2633;670;0,00
2635;671;0,00
2636;670;0,00
2637;668;0,00
2638;670;0,00
2640;669;0,00
2641;670;0,00
2642;668;0,00
2643;668;0,00
2646;674;0,00
2647;669;0,00
2648;672;0,00
2649;677;0,00
2651;679;0,02
2652;670;0,00
2653;669;0,00
2654;670;0,00
2656;672;0,00
2657;671;0,00
2658;680;0,12
2659;671;0,00
2661;668;0,00
2662;670;0,00
2663;668;0,00
2664;674;0,00
2666;676;0,00
2667;679;0,02
2668;676;0,00
2669;677;0,00
2670;671;0,00
2672;669;0,00
2673;668;0,00
2674;669;0,00
2675;669;0,00
2677;669;0,00
2678;669;0,00
2679;669;0,00
2680;669;0,00
2682;668;0,00
2683;669;0,00
2684;669;0,00
2685;669;0,00
2688;668;0,00
2689;671;0,00
2690;670;0,00
2691;669;0,00
2693;669;0,00
2694;670;0,00
2695;670;0,00
2696;670;0,00
2698;669;0,00
2699;670;0,00
2700;670;0,00
2701;671;0,00
2703;668;0,00
2704;670;0,00
2705;668;0,00
2706;671;0,00
2708;669;0,00
2709;670;0,00
2710;670;0,00
2711;668;0,00
2713;669;0,00
2714;668;0,00
2715;669;0,00
2716;669;0,00
2718;671;0,00
2719;669;0,00
2720;671;0,00
2721;669;0,00
2723;669;0,00
2724;669;0,00
2725;669;0,00
2726;669;0,00
2728;669;0,00
2729;670;0,00
2731;670;0,00
2732;672;0,00
2733;672;0,00
2735;668;0,00
2736;668;0,00
2737;669;0,00
2738;669;0,00
2740;668;0,00
2741;669;0,00
2742;668;0,00
2743;670;0,00
2745;669;0,00
2746;669;0,00
2747;668;0,00
2748;668;0,00
2750;668;0,00
2751;668;0,00
2752;671;0,00
2753;667;0,00
2755;672;0,00
2756;672;0,00
2757;671;0,00
2758;671;0,00
2760;669;0,00
2761;669;0,00
2762;671;0,00
2763;670;0,00
2765;669;0,00
2766;668;0,00
2767;669;0,00
2768;668;0,00
2770;671;0,00
2771;674;0,00
2772;670;0,00
2774;671;0,00
2776;669;0,00
2777;671;0,00
2778;669;0,00
2779;669;0,00
2781;668;0,00
2782;669;0,00
2783;669;0,00
2784;671;0,00
2786;671;0,00
2787;669;0,00
2788;668;0,00
2789;671;0,00
2791;678;0,00
2792;672;0,00
2793;670;0,00
2794;673;0,00
2795;671;0,00
2797;673;0,00
2798;676;0,00
2799;670;0,00
2800;679;0,02
2802;671;0,00
2803;669;0,00
2804;682;0,32
2805;678;0,00
2807;678;0,00
2808;670;0,00
2809;670;0,00
2810;672;0,00
2812;667;0,00
2813;674;0,00
2814;671;0,00
2816;674;0,00
2818;670;0,00
2819;669;0,00
2820;675;0,00
2821;668;0,00
2823;672;0,00
2824;669;0,00
2825;670;0,00
2826;679;0,02
2828;669;0,00
2829;668;0,00
2830;670;0,00
2831;669;0,00
2833;672;0,00
2834;673;0,00
2835;679;0,02
2836;669;0,00
2838;673;0,00
2839;671;0,00
2840;671;0,00
2841;669;0,00
2843;676;0,00
2844;668;0,00
2845;670;0,00
2846;671;0,00
2848;669;0,00
2849;670;0,00
2850;670;0,00
2851;671;0,00
2853;669;0,00
2854;674;0,00
2855;669;0,00
2856;673;0,00
2859;670;0,00
2860;669;0,00
2861;669;0,00
2862;669;0,00
2863;670;0,00
2865;674;0,00
2866;668;0,00
2867;675;0,00
2868;676;0,00
2870;669;0,00
2871;670;0,00
2872;668;0,00
2873;677;0,00
2875;682;0,32
2876;677;0,00
2877;671;0,00
2878;679;0,02
2880;671;0,00
2881;669;0,00
2882;670;0,00
2883;673;0,00
2885;668;0,00
2886;671;0,00
2887;670;0,00
2888;674;0,00
2890;672;0,00
2891;669;0,00
2892;673;0,00
2893;669;0,00
2895;672;0,00
2896;672;0,00
2897;671;0,00
2898;668;0,00
2900;669;0,00
2902;677;0,00
2903;675;0,00
2904;670;0,00
2906;670;0,00
2907;669;0,00
2908;671;0,00
2909;672;0,00
2911;670;0,00
2912;670;0,00
2913;673;0,00
2914;669;0,00
2916;671;0,00
2917;668;0,00
2918;671;0,00
2919;670;0,00
2921;671;0,00
2922;671;0,00
2923;671;0,00
2924;671;0,00
2925;669;0,00
2927;670;0,00
2928;671;0,00
2929;673;0,00
2930;673;0,00
2932;669;0,00
2933;670;0,00
2934;676;0,00
2935;670;0,00
2937;674;0,00
2938;674;0,00
2939;670;0,00
2940;676;0,00
2942;678;0,00
2944;670;0,00
2945;669;0,00
2946;669;0,00
2948;669;0,00
2949;668;0,00
2950;669;0,00
2951;675;0,00
2953;670;0,00
2954;672;0,00
2955;670;0,00
2956;671;0,00
2958;667;0,00
2959;672;0,00
2960;672;0,00
2961;674;0,00
2963;672;0,00
2964;676;0,00
2965;669;0,00
2966;678;0,00
2968;672;0,00
2969;670;0,00
2970;669;0,00
2971;674;0,00
2973;677;0,00
2974;672;0,00
2975;669;0,00
2976;678;0,00
2978;673;0,00
2979;680;0,12
2980;678;0,00
2981;669;0,00
2983;673;0,00
2984;672;0,00
2985;679;0,02
2987;670;0,00
2989;670;0,00
2990;668;0,00
2991;672;0,00
2992;669;0,00
2993;674;0,00
2995;673;0,00
2996;671;0,00
2997;668;0,00
2998;670;0,00
3000;673;0,00
3001;670;0,00
3002;679;0,02
3003;670;0,00
3005;672;0,00
3006;668;0,00
3007;672;0,00
3008;671;0,00
3010;673;0,00
3011;679;0,02
3012;671;0,00
3013;673;0,00
3015;675;0,00
3016;677;0,00
3017;680;0,12
3018;672;0,00
3020;677;0,00
3021;668;0,00
3022;675;0,00
3023;682;0,32
3025;671;0,00
3026;677;0,00
3027;669;0,00
3028;674;0,00
3031;668;0,00
3032;668;0,00
3033;674;0,00
3034;668;0,00
3036;678;0,00
3037;671;0,00
3038;681;0,22
3039;671;0,00
3041;671;0,00
3042;668;0,00
3043;669;0,00
3044;669;0,00
3046;678;0,00
3047;670;0,00
3048;670;0,00
3049;669;0,00
3051;672;0,00
3052;673;0,00
3053;670;0,00
3054;668;0,00
3056;673;0,00
3057;678;0,00
3058;672;0,00
3059;676;0,00
3060;674;0,00
3062;669;0,00
3063;670;0,00
3064;678;0,00
3065;669;0,00
3067;670;0,00
3068;673;0,00
3069;669;0,00
3070;668;0,00
3073;671;0,00
3074;675;0,00
3075;670;0,00
3076;672;0,00
3078;672;0,00
3079;674;0,00
3080;671;0,00
3081;670;0,00
3083;670;0,00
3084;672;0,00
3085;681;0,22
3086;672;0,00
3088;676;0,00
3089;671;0,00
3090;669;0,00
3091;668;0,00
3093;669;0,00
3094;668;0,00
3095;670;0,00
3096;670;0,00
3098;669;0,00
3099;669;0,00
3100;672;0,00
3101;679;0,02
3103;670;0,00
3104;671;0,00
3105;670;0,00
3106;670;0,00
3108;669;0,00
3109;678;0,00
3110;669;0,00
3111;673;0,00
3113;669;0,00
3115;670;0,00
3116;670;0,00
3117;679;0,02
3119;673;0,00
3120;669;0,00
3121;671;0,00
3122;671;0,00
3123;677;0,00
3125;681;0,22
3126;669;0,00
3127;675;0,00
3128;674;0,00
3130;669;0,00
3131;675;0,00
3132;680;0,12
3133;669;0,00
3135;669;0,00
3136;670;0,00
3137;672;0,00
3138;670;0,00
3140;672;0,00
3141;670;0,00
3142;670;0,00
3143;671;0,00
3145;672;0,00
3146;673;0,00
3147;678;0,00
3148;669;0,00
3150;676;0,00
3151;673;0,00
3152;675;0,00
3153;671;0,00
3155;679;0,02
3156;672;0,00
3158;668;0,00
3159;672;0,00
3161;671;0,00
3162;674;0,00
3163;670;0,00
3164;671;0,00
3166;671;0,00
3167;669;0,00
3168;669;0,00
3169;669;0,00
3171;671;0,00
3172;668;0,00
3173;673;0,00
3174;674;0,00
3176;671;0,00
3177;670;0,00
3178;673;0,00
3179;676;0,00
3181;674;0,00
3182;669;0,00
3183;668;0,00
3184;676;0,00
3186;669;0,00
3187;678;0,00
3188;671;0,00
3189;679;0,02
3190;669;0,00
3192;669;0,00
3193;672;0,00
3194;670;0,00
3195;673;0,00
3197;675;0,00
3198;669;0,00
3200;670;0,00
3201;669;0,00
3203;671;0,00
3204;670;0,00
3205;669;0,00
3206;678;0,00
3208;669;0,00
3209;670;0,00
3210;669;0,00
3211;671;0,00
3213;668;0,00
3214;667;0,00
3215;670;0,00
3216;675;0,00
3218;668;0,00
3219;669;0,00
3220;669;0,00
3221;673;0,00
3223;669;0,00
3224;670;0,00
3225;677;0,00
3226;669;0,00
3228;668;0,00
3229;671;0,00
3230;668;0,00
3231;677;0,00
3233;671;0,00
3234;671;0,00
3235;671;0,00
3236;668;0,00
3238;669;0,00
3239;669;0,00
3240;670;0,00
3241;670;0,00
3244;670;0,00
3245;669;0,00
3246;669;0,00
3247;672;0,00
3249;670;0,00
3250;670;0,00
3251;678;0,00
3252;677;0,00
3253;670;0,00
3255;669;0,00
3256;669;0,00
3257;679;0,02
3258;670;0,00
3260;668;0,00
3261;677;0,00
3262;669;0,00
3263;674;0,00
3265;681;0,22
3266;671;0,00
3267;670;0,00
3268;674;0,00
3270;670;0,00
3271;668;0,00
3272;668;0,00
3273;676;0,00
3275;670;0,00
3276;670;0,00
3277;669;0,00
3278;668;0,00
3280;673;0,00
3281;669;0,00
3282;670;0,00
3283;672;0,00
3286;673;0,00
3287;670;0,00
3288;670;0,00
3289;669;0,00
3291;679;0,02
3292;671;0,00
3293;671;0,00
3294;677;0,00
3296;669;0,00
3297;669;0,00
3298;671;0,00
3299;670;0,00
3301;680;0,12
3302;674;0,00
3303;668;0,00
3304;669;0,00
3306;669;0,00
3307;673;0,00
3308;671;0,00
3309;670;0,00
3311;669;0,00
3312;669;0,00
3313;677;0,00
3314;670;0,00
3316;668;0,00
3317;672;0,00
3318;671;0,00
3319;671;0,00
3320;670;0,00
3322;672;0,00
3323;676;0,00
3324;668;0,00
3325;675;0,00
3328;672;0,00
3329;677;0,00
3330;671;0,00
3331;679;0,02
3333;682;0,32
3334;681;0,22
3335;667;0,00
3336;672;0,00
3338;679;0,02
3339;672;0,00
3340;669;0,00
3341;670;0,00
3343;668;0,00
3344;669;0,00
3345;669;0,00
3346;668;0,00
3348;669;0,00
3349;679;0,02
3350;672;0,00
3351;675;0,00
3353;669;0,00
3354;672;0,00
3355;671;0,00
3356;679;0,02
3358;669;0,00
3359;670;0,00
3360;671;0,00
3361;677;0,00
3363;675;0,00
3364;670;0,00
3365;670;0,00
3366;668;0,00
3368;670;0,00
3369;670;0,00
3371;672;0,00
3372;673;0,00
3374;669;0,00
3375;670;0,00
3376;668;0,00
3377;675;0,00
3379;670;0,00
3380;679;0,02
3381;672;0,00
3382;681;0,22
3383;672;0,00
3385;673;0,00
3386;669;0,00
3387;676;0,00
3388;672;0,00
3390;670;0,00
3391;672;0,00
3392;668;0,00
3393;679;0,02
3395;668;0,00
3396;669;0,00
3397;671;0,00
3398;671;0,00
3400;670;0,00
3401;670;0,00
3402;671;0,00
3403;668;0,00
3405;668;0,00
3406;669;0,00
3407;669;0,00
3408;669;0,00
3410;677;0,00
3411;675;0,00
3412;673;0,00
3414;669;0,00
3416;674;0,00
3417;674;0,00
3418;677;0,00
3419;670;0,00
3421;670;0,00
3422;671;0,00
3423;670;0,00
3424;669;0,00
3426;670;0,00
3427;670;0,00
3428;669;0,00
3429;669;0,00
3431;671;0,00
3432;669;0,00
3433;669;0,00
3434;678;0,00
3436;671;0,00
3437;674;0,00
3438;677;0,00
3439;669;0,00
3441;670;0,00
3442;673;0,00
3443;670;0,00
3444;669;0,00
3446;670;0,00
3447;668;0,00
3448;669;0,00
3449;679;0,02
3450;676;0,00
3452;670;0,00
3453;682;0,32
3454;669;0,00
3456;669;0,00
3458;674;0,00
3459;672;0,00
3460;672;0,00
3461;668;0,00
3463;669;0,00
3464;671;0,00
3465;670;0,00
3466;671;0,00
3468;671;0,00
3469;672;0,00
3470;679;0,02
3471;667;0,00
3473;671;0,00
3474;669;0,00
3475;670;0,00
3476;673;0,00
3478;670;0,00
3479;670;0,00
3480;670;0,00
3481;671;0,00
3483;669;0,00
3484;670;0,00
3485;672;0,00
3486;684;0,52
3488;672;0,00
3489;683;0,42
3490;669;0,00
3491;674;0,00
3493;671;0,00
3494;681;0,22
3495;672;0,00
3496;675;0,00
3499;672;0,00
3500;671;0,00
3501;670;0,00
3502;669;0,00
3504;671;0,00
3505;670;0,00
3506;670;0,00
3507;680;0,12
3509;671;0,00
3510;670;0,00
3511;669;0,00
3512;668;0,00
3513;672;0,00
3515;671;0,00
3516;671;0,00
3517;673;0,00
3518;670;0,00
3520;671;0,00
3521;672;0,00
3522;672;0,00
3523;669;0,00
3525;668;0,00
3526;670;0,00
3527;670;0,00
3528;679;0,02
3530;672;0,00
3531;678;0,00
3532;669;0,00
3533;669;0,00
3535;671;0,00
3536;677;0,00
3537;673;0,00
3538;679;0,02
3540;670;0,00
3542;680;0,12
3543;671;0,00
3544;668;0,00
3546;670;0,00
3547;670;0,00
3548;669;0,00
3549;672;0,00
3551;670;0,00
3552;669;0,00
3553;669;0,00
3554;669;0,00
3556;668;0,00
3557;675;0,00
3558;681;0,22
3559;670;0,00
3561;670;0,00
3562;671;0,00
3563;676;0,00
3564;673;0,00
3566;670;0,00
3567;668;0,00
3568;674;0,00
3569;674;0,00
3571;684;0,52
3572;669;0,00
3573;669;0,00
3574;681;0,22
3576;667;0,00
3577;669;0,00
3578;672;0,00
3579;679;0,02
3580;672;0,00
3582;671;0,00
3584;674;0,00
3585;669;0,00
3586;668;0,00
3588;675;0,00
3589;672;0,00
3590;679;0,02
3591;670;0,00
3593;677;0,00
3594;673;0,00
3595;669;0,00
3596;672;0,00
3598;671;0,00
3599;669;0,00
3600;674;0,00
3601;673;0,00
3603;684;0,52
3604;669;0,00
3605;670;0,00
3606;670;0,00
3608;674;0,00
3609;668;0,00
3610;684;0,52
3611;680;0,12
3613;670;0,00
3614;674;0,00
3615;669;0,00
3616;668;0,00
3618;672;0,00
3619;670;0,00
3620;677;0,00
3621;677;0,00
3623;667;0,00
3624;671;0,00
3625;676;0,00
3627;681;0,22
3629;672;0,00
3630;669;0,00
3631;671;0,00
3632;674;0,00
3634;676;0,00
3635;672;0,00
3636;671;0,00
3637;671;0,00
3639;670;0,00
3640;675;0,00
3641;670;0,00
3642;671;0,00
3643;670;0,00
3645;668;0,00
3646;672;0,00
3647;671;0,00
3648;669;0,00
3650;681;0,22
3651;671;0,00
3652;669;0,00
3653;671;0,00
3655;670;0,00
3656;677;0,00
3657;669;0,00
3658;676;0,00
3660;671;0,00
3661;672;0,00
3662;669;0,00
3663;672;0,00
3665;669;0,00
3666;672;0,00
3667;671;0,00
3668;672;0,00
3671;669;0,00
3672;669;0,00
3673;677;0,00
3674;672;0,00
3676;678;0,00
3677;669;0,00
3678;672;0,00
3679;670;0,00
3681;668;0,00
3682;670;0,00
3683;670;0,00
3684;669;0,00
3686;671;0,00
3687;679;0,02
3688;671;0,00
3689;670;0,00
3691;670;0,00
3692;668;0,00
3693;672;0,00
3694;672;0,00
3696;672;0,00
3697;670;0,00
3698;673;0,00
3699;675;0,00
3701;670;0,00
3702;672;0,00
3703;669;0,00
3704;671;0,00
3706;677;0,00
3707;679;0,02
3708;669;0,00
3709;671;0,00
3710;671;0,00
3713;684;0,52
3714;685;0,62
3715;678;0,00
3716;669;0,00
3718;671;0,00
3719;676;0,00
3720;673;0,00
3721;669;0,00
3723;671;0,00
3724;670;0,00
3725;681;0,22
3726;677;0,00
3728;670;0,00
3729;670;0,00
3730;670;0,00
3731;671;0,00
3733;670;0,00
3734;676;0,00
3735;675;0,00
3736;670;0,00
3738;681;0,22
3739;672;0,00
3740;670;0,00
3741;671;0,00
3743;679;0,02
3744;675;0,00
3745;668;0,00
3746;672;0,00
3748;676;0,00
3749;678;0,00
3750;671;0,00
3751;669;0,00
3753;668;0,00
3755;669;0,00
3756;671;0,00
3757;672;0,00
3759;669;0,00
3760;669;0,00
3761;669;0,00
3762;669;0,00
3764;672;0,00
3765;672;0,00
3766;673;0,00
3767;672;0,00
3769;668;0,00
3770;669;0,00
3771;671;0,00
3772;672;0,00
3774;670;0,00
3775;675;0,00
3776;669;0,00
3777;672;0,00
3778;670;0,00
3780;669;0,00
3781;674;0,00
3782;671;0,00
3783;668;0,00
3785;668;0,00
3786;674;0,00
3787;676;0,00
3788;675;0,00
3790;672;0,00
3791;669;0,00
3792;670;0,00
3793;668;0,00
3795;671;0,00
3796;669;0,00
3798;672;0,00
3799;680;0,12
3801;677;0,00
3802;675;0,00
3803;669;0,00
3804;670;0,00
3806;668;0,00
3807;672;0,00
3808;671;0,00
3809;678;0,00
3811;683;0,42
3812;669;0,00
3813;671;0,00
3814;675;0,00
3816;676;0,00
3817;669;0,00
3818;679;0,02
3819;674;0,00
3821;671;0,00
3822;669;0,00
3823;670;0,00
3824;670;0,00
3826;669;0,00
3827;671;0,00
3828;668;0,00
3829;670;0,00
3831;668;0,00
3832;670;0,00
3833;672;0,00
3834;672;0,00
3836;669;0,00
3837;669;0,00
3838;680;0,12
3840;670;0,00
3841;671;0,00
3843;672;0,00
3844;669;0,00
3845;669;0,00
3846;669;0,00
3848;669;0,00
3849;672;0,00
3850;672;0,00
3851;669;0,00
3853;671;0,00
3854;676;0,00
3855;670;0,00
3856;670;0,00
3858;668;0,00
3859;670;0,00
3860;669;0,00
3861;670;0,00
3863;676;0,00
3864;681;0,22
3865;669;0,00
3866;670;0,00
3868;672;0,00
3869;674;0,00
3870;672;0,00
3871;669;0,00
3873;668;0,00
3874;669;0,00
3875;668;0,00
3876;680;0,12
3878;670;0,00
3879;671;0,00
3880;669;0,00
3881;669;0,00
3884;671;0,00
3885;676;0,00
3886;672;0,00
3887;672;0,00
3889;669;0,00
3890;668;0,00
3891;670;0,00
3892;678;0,00
3894;669;0,00
3895;676;0,00
3896;670;0,00
3897;670;0,00
3899;668;0,00
3900;670;0,00
3901;672;0,00
3902;671;0,00
3904;669;0,00
3905;669;0,00
3906;669;0,00
3907;670;0,00
3908;670;0,00
3910;669;0,00
3911;670;0,00
3912;668;0,00
3913;671;0,00
3915;670;0,00
3916;678;0,00
3917;670;0,00
3918;676;0,00
3920;669;0,00
3921;669;0,00
3922;672;0,00
3923;672;0,00
3926;671;0,00
3927;669;0,00
3928;669;0,00
3929;675;0,00
3931;668;0,00
3932;672;0,00
3933;681;0,22
3934;669;0,00
3936;678;0,00
3937;672;0,00
3938;678;0,00
3939;675;0,00
3941;670;0,00
3942;683;0,42
3943;674;0,00
3944;672;0,00
3946;679;0,02
3947;671;0,00
3948;670;0,00
3949;672;0,00
3951;673;0,00
3952;678;0,00
3953;676;0,00
3954;671;0,00
3956;678;0,00
3957;673;0,00
3958;676;0,00
3959;671;0,00
3961;674;0,00
3962;669;0,00
3963;668;0,00
3964;675;0,00
3966;669;0,00
3968;675;0,00
3969;668;0,00
3970;669;0,00
3971;670;0,00
3973;669;0,00
3974;672;0,00
3975;671;0,00
3976;670;0,00
3978;679;0,02
3979;671;0,00
3980;673;0,00
3981;671;0,00
3983;669;0,00
3984;668;0,00
3985;670;0,00
3986;674;0,00
3988;670;0,00
3989;670;0,00
3990;684;0,52
3991;670;0,00
3993;677;0,00
3994;669;0,00
3995;669;0,00
3996;675;0,00
3998;670;0,00
3999;675;0,00
4000;671;0,00
4001;671;0,00
4003;668;0,00
4004;674;0,00
4005;670;0,00
4006;668;0,00
4008;672;0,00
4009;670;0,00
4011;667;0,00
4012;670;0,00
4014;673;0,00
4015;672;0,00
4016;671;0,00
4017;672;0,00
4019;671;0,00
4020;676;0,00
4021;670;0,00
4022;669;0,00
4024;674;0,00
4025;669;0,00
4026;671;0,00
4027;670;0,00
4029;670;0,00
4030;670;0,00
4031;671;0,00
4032;672;0,00
4034;676;0,00
4035;669;0,00
4036;673;0,00
4037;669;0,00
4038;669;0,00
4040;669;0,00
4041;673;0,00
4042;681;0,22
4043;670;0,00
4045;668;0,00
4046;668;0,00
4047;677;0,00
4048;670;0,00
4050;669;0,00
4051;671;0,00
4052;671;0,00
4054;672;0,00
4056;674;0,00
4057;668;0,00
4058;677;0,00
4059;672;0,00
4061;674;0,00
4062;670;0,00
4063;676;0,00
4064;670;0,00
4066;671;0,00
4067;668;0,00
4068;670;0,00
4069;674;0,00
4071;672;0,00
4072;670;0,00
4073;679;0,02
4074;676;0,00
4076;669;0,00
4077;670;0,00
4078;672;0,00
4079;676;0,00
4081;670;0,00
4082;670;0,00
4083;673;0,00
4084;673;0,00
4086;674;0,00
4087;671;0,00
4088;670;0,00
4089;669;0,00
4091;671;0,00
4092;678;0,00
4093;675;0,00
4094;680;0,12
4097;670;0,00
4098;670;0,00
4099;669;0,00
4100;670;0,00
4101;682;0,32
4103;671;0,00
4104;671;0,00
4105;670;0,00
4106;669;0,00
4108;669;0,00
4109;670;0,00
4110;673;0,00
4111;679;0,02
4113;673;0,00
4114;681;0,22
4115;671;0,00
4116;673;0,00
4118;672;0,00
4119;669;0,00
4120;669;0,00
4121;668;0,00
4123;672;0,00
4124;671;0,00
4125;669;0,00
4126;677;0,00
4128;669;0,00
4129;671;0,00
4130;672;0,00
4131;680;0,12
4133;671;0,00
4134;671;0,00
4135;675;0,00
4136;672;0,00
4139;677;0,00
4140;669;0,00
4141;672;0,00
4142;679;0,02
4144;671;0,00
4145;675;0,00
4146;669;0,00
4147;671;0,00
4149;675;0,00
4150;669;0,00
4151;670;0,00
4152;683;0,42
4154;670;0,00
4155;671;0,00
4156;671;0,00
4157;671;0,00
4159;671;0,00
4160;670;0,00
4161;671;0,00
4162;679;0,02
4164;677;0,00
4165;669;0,00
4166;670;0,00
4167;669;0,00
4168;679;0,02
4170;671;0,00
4171;668;0,00
4172;671;0,00
4173;674;0,00
4175;670;0,00
4176;670;0,00
4177;669;0,00
4178;677;0,00
4180;673;0,00
4182;670;0,00
4183;673;0,00
4184;672;0,00
4186;683;0,42
4187;670;0,00
4188;676;0,00
4189;671;0,00
4191;669;0,00
4192;668;0,00
4193;669;0,00
4194;673;0,00
4196;672;0,00
4197;675;0,00
4198;671;0,00
4199;675;0,00
4201;670;0,00
4202;669;0,00
4203;668;0,00
4204;673;0,00
4206;672;0,00
4207;673;0,00
4208;671;0,00
4209;669;0,00
4211;675;0,00
4212;668;0,00
4213;677;0,00
4214;670;0,00
4216;669;0,00
4217;671;0,00
4218;672;0,00
4219;669;0,00
4221;682;0,32
4222;670;0,00
4224;672;0,00
4225;675;0,00
4227;671;0,00
4228;669;0,00
4229;670;0,00
4230;670;0,00
4231;672;0,00
4233;670;0,00
4234;669;0,00
4235;669;0,00
4236;672;0,00
4238;670;0,00
4239;671;0,00
4240;670;0,00
4241;674;0,00
4243;669;0,00
4244;669;0,00
4245;672;0,00
4246;670;0,00
4248;670;0,00
4249;670;0,00
4250;672;0,00
4251;673;0,00
4253;670;0,00
4254;668;0,00
4255;679;0,02
4256;669;0,00
4258;675;0,00
4259;669;0,00
4260;685;0,62
4261;676;0,00
4263;672;0,00
4264;669;0,00
4265;668;0,00
4267;675;0,00
4269;677;0,00
4270;674;0,00
4271;679;0,02
4272;670;0,00
4274;672;0,00
4275;672;0,00
4276;669;0,00
4277;671;0,00
4279;671;0,00
4280;669;0,00
4281;672;0,00
4282;672;0,00
4284;670;0,00
4285;672;0,00
4286;670;0,00
4287;669;0,00
4289;670;0,00
4290;671;0,00
4291;673;0,00
4292;674;0,00
4294;670;0,00
4295;669;0,00
4296;669;0,00
4297;671;0,00
4298;670;0,00
4300;669;0,00
4301;682;0,32
4302;669;0,00
4303;671;0,00
4305;669;0,00
4306;670;0,00
4307;670;0,00
4308;671;0,00
4311;671;0,00
4312;673;0,00
4313;670;0,00
4314;670;0,00
4316;670;0,00
4317;668;0,00
4318;669;0,00
4319;670;0,00
4321;669;0,00
4322;674;0,00
4323;669;0,00
4324;670;0,00
4326;668;0,00
4327;675;0,00
4328;670;0,00
4329;670;0,00
4331;680;0,12
4332;673;0,00
4333;669;0,00
4334;670;0,00
4336;672;0,00
4337;669;0,00
4338;669;0,00
4339;668;0,00
4341;669;0,00
4342;670;0,00
4343;669;0,00
4344;669;0,00
4346;678;0,00
4347;671;0,00
4348;670;0,00
4349;677;0,00
4352;671;0,00
4353;669;0,00
4354;671;0,00
4355;669;0,00
4357;669;0,00
4358;674;0,00
4359;669;0,00
4360;670;0,00
4361;674;0,00
4363;673;0,00
4364;672;0,00
4365;678;0,00
4366;669;0,00
4368;670;0,00
4369;679;0,02
4370;678;0,00
4371;675;0,00
4373;677;0,00
4374;674;0,00
4375;672;0,00
4376;669;0,00
4378;675;0,00
4379;669;0,00
4380;669;0,00
4381;672;0,00
4383;671;0,00
4384;668;0,00
4385;670;0,00
4386;670;0,00
4388;671;0,00
4389;671;0,00
4390;670;0,00
4391;674;0,00
4393;669;0,00
4395;671;0,00
4396;669;0,00
4397;669;0,00
4399;676;0,00
4400;670;0,00
4401;675;0,00
4402;670;0,00
4404;671;0,00
4405;675;0,00
4406;670;0,00
4407;670;0,00
4409;673;0,00
4410;670;0,00
4411;669;0,00
4412;669;0,00
4414;678;0,00
4415;669;0,00
4416;670;0,00
4417;679;0,02
4419;676;0,00
4420;673;0,00
4421;669;0,00
4422;681;0,22
4424;670;0,00
4425;670;0,00
4426;671;0,00
4427;671;0,00
4428;671;0,00
4430;673;0,00
4431;669;0,00
4432;684;0,52
4433;672;0,00
4435;669;0,00
4436;671;0,00
4438;678;0,00
4439;678;0,00
4441;669;0,00
4442;681;0,22
4443;676;0,00
4444;668;0,00
4446;675;0,00
4447;671;0,00
4448;668;0,00
4449;671;0,00
4451;676;0,00
4452;674;0,00
4453;667;0,00
4454;680;0,12
4456;668;0,00
4457;672;0,00
4458;669;0,00
4459;672;0,00
4461;677;0,00
4462;671;0,00
4463;669;0,00
4464;671;0,00
4466;673;0,00
4467;674;0,00
4468;669;0,00
4469;674;0,00
4471;677;0,00
4472;669;0,00
4473;677;0,00
4474;679;0,02
4476;683;0,42
4477;669;0,00
4478;671;0,00
4480;670;0,00
4482;669;0,00
4483;683;0,42
4484;669;0,00
4485;669;0,00
4487;672;0,00
4488;672;0,00
4489;676;0,00
4490;683;0,42
4492;671;0,00
4493;672;0,00
4494;671;0,00
4495;679;0,02
4496;675;0,00
4498;671;0,00
4499;669;0,00
4500;669;0,00
4501;669;0,00
4503;676;0,00
4504;677;0,00
4505;668;0,00
4506;670;0,00
4508;671;0,00
4509;674;0,00
4510;670;0,00
4511;669;0,00
4513;670;0,00
4514;669;0,00
4515;671;0,00
4516;668;0,00
4518;670;0,00
4519;674;0,00
4520;678;0,00
4521;677;0,00
4524;669;0,00
4525;677;0,00
4526;669;0,00
4527;671;0,00
4529;683;0,42
4530;673;0,00
4531;674;0,00
4532;674;0,00
4534;671;0,00
4535;677;0,00
4536;669;0,00
4537;669;0,00
4539;669;0,00
4540;669;0,00
4541;683;0,42
4542;671;0,00
4544;670;0,00
4545;670;0,00
4546;670;0,00
4547;680;0,12
4549;668;0,00
4550;669;0,00
4551;674;0,00
4552;668;0,00
4554;670;0,00
4555;669;0,00
4556;673;0,00
4557;668;0,00
4558;670;0,00
4560;674;0,00
4561;670;0,00
4562;670;0,00
4563;671;0,00
4566;670;0,00
4567;677;0,00
4568;670;0,00
4569;670;0,00
4571;674;0,00
4572;675;0,00
4573;672;0,00
4574;677;0,00
4576;669;0,00
4577;676;0,00
4578;671;0,00
4579;679;0,02
4581;674;0,00
4582;669;0,00
4583;670;0,00
4584;669;0,00
4586;672;0,00
4587;679;0,02
4588;676;0,00
4589;669;0,00
4591;671;0,00
4592;669;0,00
4593;669;0,00
4594;669;0,00
4596;682;0,32
4597;670;0,00
4598;668;0,00
4599;672;0,00
4601;670;0,00
4602;670;0,00
4603;668;0,00
4604;669;0,00
4606;669;0,00
4608;668;0,00
4609;669;0,00
4610;670;0,00
4612;670;0,00
4613;675;0,00
4614;676;0,00
4615;669;0,00
4617;670;0,00
4618;670;0,00
4619;672;0,00
4620;683;0,42
4622;668;0,00
4623;669;0,00
4624;672;0,00
4625;670;0,00
4626;670;0,00
4628;670;0,00
4629;684;0,52
4630;668;0,00
4631;668;0,00
4633;673;0,00
4634;672;0,00
4635;670;0,00
4636;669;0,00
4638;680;0,12
4639;672;0,00
4640;669;0,00
4641;672;0,00
4643;672;0,00
4644;668;0,00
4645;670;0,00
4646;670;0,00
4648;671;0,00
4649;669;0,00
4651;684;0,52
4652;669;0,00
4654;670;0,00
4655;669;0,00
4656;669;0,00
4657;671;0,00
4659;669;0,00
4660;672;0,00
4661;673;0,00
4662;668;0,00
4664;679;0,02
4665;679;0,02
4666;680;0,12
4667;671;0,00
4669;669;0,00
4670;670;0,00
4671;671;0,00
4672;672;0,00
4674;679;0,02
4675;675;0,00
4676;680;0,12
4677;671;0,00
4679;673;0,00
4680;671;0,00
4681;681;0,22
4682;676;0,00
4684;670;0,00
4685;681;0,22
4686;671;0,00
4687;682;0,32
4688;671;0,00
4690;670;0,00
4691;673;0,00
4692;681;0,22
4694;670;0,00
4696;669;0,00
4697;669;0,00
4698;670;0,00
4699;674;0,00
4701;677;0,00
4702;680;0,12
4703;670;0,00
4704;671;0,00
4706;679;0,02
4707;669;0,00
4708;673;0,00
4709;669;0,00
4711;669;0,00
4712;671;0,00
4713;669;0,00
4714;669;0,00
4716;669;0,00
4717;673;0,00
4718;678;0,00
4719;673;0,00
4721;688;0,92
4722;672;0,00
4723;672;0,00
4724;679;0,02
4726;669;0,00
4727;670;0,00
4728;672;0,00
4729;671;0,00
4731;669;0,00
4732;678;0,00
4733;669;0,00
4734;668;0,00
4737;672;0,00
4738;672;0,00
4739;672;0,00
4740;671;0,00
4742;670;0,00
4743;670;0,00
4744;670;0,00
4745;671;0,00
4747;671;0,00
4748;673;0,00
4749;672;0,00
4750;669;0,00
4752;675;0,00
4753;675;0,00
4754;670;0,00
4755;669;0,00
4756;674;0,00
4758;668;0,00
4759;673;0,00
4760;679;0,02
4761;670;0,00
4763;672;0,00
4764;676;0,00
4765;677;0,00
4766;669;0,00
4768;669;0,00
4769;670;0,00
4770;670;0,00
4771;669;0,00
4773;671;0,00
4774;671;0,00
4775;676;0,00
4776;669;0,00
4779;670;0,00
4780;671;0,00
4781;680;0,12
4782;679;0,02
4784;670;0,00
4785;672;0,00
4786;670;0,00
4787;669;0,00
4789;673;0,00
4790;671;0,00
4791;672;0,00
4792;670;0,00
4794;670;0,00
4795;674;0,00
4796;674;0,00
4797;674;0,00
4799;669;0,00
4800;680;0,12
4801;671;0,00
4802;670;0,00
4804;670;0,00
4805;671;0,00
4806;676;0,00
4807;675;0,00
4809;678;0,00
4810;670;0,00
4811;670;0,00
4812;669;0,00
4814;671;0,00
4815;670;0,00
4816;672;0,00
4817;683;0,42
4818;670;0,00
4820;674;0,00
4822;672;0,00
4823;671;0,00
4824;677;0,00
4826;675;0,00
4827;670;0,00
4828;669;0,00
4829;669;0,00
4831;669;0,00
4832;676;0,00
4833;669;0,00
4834;677;0,00
4836;669;0,00
4837;670;0,00
4838;674;0,00
4839;668;0,00
4841;672;0,00
4842;669;0,00
4843;671;0,00
4844;675;0,00
4846;669;0,00
4847;673;0,00
4848;672;0,00
4849;677;0,00
4851;675;0,00
4852;674;0,00
4853;669;0,00
4854;671;0,00
4856;679;0,02
4857;677;0,00
4858;675;0,00
4859;669;0,00
4861;680;0,12
4862;668;0,00
4864;670;0,00
4865;669;0,00
4867;679;0,02
4868;674;0,00
4869;670;0,00
4870;669;0,00
4872;668;0,00
4873;670;0,00
4874;675;0,00
4875;670;0,00
4877;668;0,00
4878;669;0,00
4879;670;0,00
4880;677;0,00
4882;671;0,00
4883;670;0,00
4884;672;0,00
4885;671;0,00
4886;670;0,00
4888;677;0,00
4889;671;0,00
4890;671;0,00
4891;673;0,00
4893;669;0,00
4894;672;0,00
4895;679;0,02
4896;679;0,02
4898;673;0,00
4899;670;0,00
4900;680;0,12
4901;672;0,00
4903;669;0,00
4904;685;0,62
4905;675;0,00
4907;669;0,00
4909;681;0,22
4910;671;0,00
4911;676;0,00
4912;670;0,00
4914;669;0,00
4915;668;0,00
4916;669;0,00
4917;668;0,00
4919;669;0,00
4920;673;0,00
4921;671;0,00
4922;670;0,00
4924;674;0,00
4925;669;0,00
4926;676;0,00
4927;674;0,00
4929;683;0,42
4930;669;0,00
4931;669;0,00
4932;670;0,00
4934;668;0,00
4935;669;0,00
4936;671;0,00
4937;671;0,00
4939;672;0,00
4940;674;0,00
4941;670;0,00
4942;669;0,00
4944;669;0,00
4945;669;0,00
4946;682;0,32
4947;675;0,00
4950;679;0,02
4951;674;0,00
4952;672;0,00
4953;671;0,00
4954;669;0,00
4956;669;0,00
4957;675;0,00
4958;669;0,00
4959;669;0,00
4961;670;0,00
4962;669;0,00
4963;671;0,00
4964;668;0,00
4966;671;0,00
4967;669;0,00
4968;670;0,00
4969;676;0,00
4971;680;0,12
4972;673;0,00
4973;677;0,00
4974;670;0,00
4976;670;0,00
4977;669;0,00
4978;680;0,12
4979;676;0,00
4981;670;0,00
4982;673;0,00
4983;670;0,00
4984;673;0,00
4986;670;0,00
4987;669;0,00
4988;672;0,00
4989;669;0,00
4992;676;0,00
4993;674;0,00
4994;672;0,00
4995;667;0,00
4997;672;0,00
4998;669;0,00
4999;673;0,00
5000;667;0,00
5002;672;0,00
5003;668;0,00
5004;671;0,00
5005;677;0,00
5007;669;0,00
5008;668;0,00
5009;670;0,00
5010;670;0,00
5012;678;0,00
5013;669;0,00
5014;679;0,02
5015;669;0,00
5016;673;0,00
5018;669;0,00
5019;676;0,00
5020;675;0,00
5021;669;0,00
5023;669;0,00
5024;681;0,22
5025;676;0,00
5026;673;0,00
5028;671;0,00
5029;669;0,00
5030;676;0,00
5031;668;0,00
5033;672;0,00
5035;670;0,00
5036;672;0,00
5037;674;0,00
5039;672;0,00
5040;669;0,00
5041;669;0,00
5042;670;0,00
5044;671;0,00
5045;668;0,00
5046;678;0,00
5047;669;0,00
5049;669;0,00
5050;671;0,00
5051;676;0,00
5052;669;0,00
5054;678;0,00
5055;675;0,00
5056;676;0,00
5057;681;0,22
5059;671;0,00
5060;670;0,00
5061;683;0,42
5062;668;0,00
5064;672;0,00
5065;671;0,00
5066;673;0,00
5067;668;0,00
5069;669;0,00
5070;681;0,22
5071;669;0,00
5072;671;0,00
5074;670;0,00
5075;673;0,00
5076;683;0,42
5078;673;0,00
5080;670;0,00
5081;668;0,00
5082;677;0,00
5083;669;0,00
5084;673;0,00
5086;672;0,00
5087;669;0,00
5088;672;0,00
5089;672;0,00
5091;670;0,00
5092;670;0,00
5093;680;0,12
5094;682;0,32
5096;668;0,00
5097;673;0,00
5098;673;0,00
5099;679;0,02
5101;675;0,00
5102;670;0,00
5103;686;0,72
5104;679;0,02
5106;670;0,00
5107;673;0,00
5108;669;0,00
5109;683;0,42
5111;669;0,00
5112;668;0,00
5113;669;0,00
5114;671;0,00
5116;681;0,22
5117;668;0,00
5118;673;0,00
5120;668;0,00
5122;669;0,00
5123;670;0,00
5124;672;0,00
5125;680;0,12
5127;673;0,00
5128;669;0,00
5129;681;0,22
5130;667;0,00
5132;682;0,32
5133;669;0,00
5134;674;0,00
5135;674;0,00
5137;672;0,00
5138;670;0,00
5139;670;0,00
5140;673;0,00
5142;684;0,52
5143;670;0,00
5144;668;0,00
5145;668;0,00
5146;669;0,00
5148;669;0,00
5149;668;0,00
5150;669;0,00
5151;682;0,32
5153;669;0,00
5154;680;0,12
5155;669;0,00
5156;674;0,00
5158;675;0,00
5159;673;0,00
5160;669;0,00
5161;673;0,00
5164;677;0,00
5165;676;0,00
5166;670;0,00
5167;672;0,00
5169;670;0,00
5170;669;0,00
5171;682;0,32
5172;671;0,00
5174;673;0,00
5175;671;0,00
5176;668;0,00
5177;672;0,00
5179;670;0,00
5180;670;0,00
5181;679;0,02
5182;671;0,00
5184;677;0,00
5185;670;0,00
5186;669;0,00
5187;672;0,00
5189;673;0,00
5190;680;0,12
5191;677;0,00
5192;677;0,00
5194;677;0,00
5195;668;0,00
5196;671;0,00
5197;680;0,12
5199;675;0,00
5200;671;0,00
5201;672;0,00
5202;681;0,22
5204;668;0,00
5206;679;0,02
5207;673;0,00
5208;681;0,22
5210;671;0,00
5211;670;0,00
5212;669;0,00
5213;671;0,00
5214;671;0,00
5216;670;0,00
5217;667;0,00
5218;676;0,00
5219;670;0,00
5221;668;0,00
5222;671;0,00
5223;670;0,00
5224;669;0,00
5226;669;0,00
5227;677;0,00
5228;672;0,00
5229;670;0,00
5231;669;0,00
5232;670;0,00
5233;672;0,00
5234;675;0,00
5236;674;0,00
5237;674;0,00
5238;674;0,00
5239;675;0,00
5241;670;0,00
5242;669;0,00
5243;672;0,00
5244;671;0,00
5246;670;0,00
5248;671;0,00
5249;668;0,00
5250;679;0,02
5252;672;0,00
5253;669;0,00
5254;671;0,00
5255;668;0,00
5257;680;0,12
5258;672;0,00
5259;679;0,02
5260;668;0,00
5262;669;0,00
5263;675;0,00
5264;671;0,00
5265;679;0,02
5267;677;0,00
5268;670;0,00
5269;682;0,32
5270;670;0,00
5272;670;0,00
5273;669;0,00
5274;670;0,00
5275;672;0,00
5276;669;0,00
5278;674;0,00
5279;669;0,00
5280;668;0,00
5281;670;0,00
5283;672;0,00
5284;672;0,00
5285;677;0,00
5286;670;0,00
5288;681;0,22
5289;669;0,00
5291;668;0,00
5292;672;0,00
5294;669;0,00
5295;669;0,00
5296;670;0,00
5297;673;0,00
5299;668;0,00
5300;669;0,00
5301;678;0,00
5302;677;0,00
5304;678;0,00
5305;669;0,00
5306;674;0,00
5307;669;0,00
5309;668;0,00
5310;673;0,00
5311;677;0,00
5312;669;0,00
5314;677;0,00
5315;675;0,00
5316;669;0,00
5317;669;0,00
5319;669;0,00
5320;671;0,00
5321;667;0,00
5322;669;0,00
5324;679;0,02
5325;671;0,00
5326;681;0,22
5327;671;0,00
5329;668;0,00
5330;670;0,00
5331;677;0,00
5332;675;0,00
5335;670;0,00
5336;673;0,00
5337;670;0,00
5338;668;0,00
5340;680;0,12
5341;669;0,00
5342;672;0,00
5343;672;0,00
5344;671;0,00
5346;673;0,00
5347;679;0,02
5348;669;0,00
5349;679;0,02
5351;670;0,00
5352;681;0,22
5353;667;0,00
5354;671;0,00
5356;672;0,00
5357;678;0,00
5358;672;0,00
5359;682;0,32
5361;677;0,00
5362;669;0,00
5363;674;0,00
5364;679;0,02
5366;670;0,00
5367;676;0,00
5368;677;0,00
5369;672;0,00
5371;669;0,00
5372;679;0,02
5373;681;0,22
5374;672;0,00
5377;670;0,00
5378;668;0,00
5379;673;0,00
5380;674;0,00
5382;671;0,00
5383;671;0,00
5384;668;0,00
5385;668;0,00
5387;670;0,00
5388;671;0,00
5389;680;0,12
5390;676;0,00
5392;669;0,00
5393;673;0,00
5394;668;0,00
5395;671;0,00
5397;669;0,00
5398;673;0,00
5399;670;0,00
5400;685;0,62
5402;673;0,00
5403;674;0,00
5404;671;0,00
5405;670;0,00
5406;680;0,12
5408;671;0,00
5409;669;0,00
5410;675;0,00
5411;671;0,00
5413;677;0,00
5414;679;0,02
5415;681;0,22
5416;672;0,00
5419;683;0,42
5420;674;0,00
5421;672;0,00
5422;673;0,00
5424;672;0,00
5425;671;0,00
5426;671;0,00
5427;674;0,00
5429;672;0,00
5430;670;0,00
5431;679;0,02
5432;678;0,00
5434;685;0,62
5435;677;0,00
5436;674;0,00
5437;673;0,00
5439;672;0,00
5440;670;0,00
5441;673;0,00
5442;672;0,00
5444;674;0,00
5445;678;0,00
5446;673;0,00
5447;670;0,00
5449;681;0,22
5450;673;0,00
5451;682;0,32
5452;681;0,22
5454;671;0,00
5455;683;0,42
5456;674;0,00
5457;671;0,00
5459;674;0,00
5460;675;0,00
5462;671;0,00
5463;673;0,00
5465;674;0,00
5466;670;0,00
5467;671;0,00
5468;684;0,52
5470;669;0,00
5471;673;0,00
5472;680;0,12
5473;670;0,00
5474;674;0,00
5476;674;0,00
5477;671;0,00
5478;674;0,00
5479;674;0,00
5481;672;0,00
5482;671;0,00
5483;678;0,00
5484;671;0,00
5486;673;0,00
5487;674;0,00
5488;675;0,00
5489;669;0,00
5491;677;0,00
5492;672;0,00
5493;673;0,00
5494;676;0,00
5496;671;0,00
5497;671;0,00
5498;669;0,00
5499;670;0,00
5501;677;0,00
5502;674;0,00
5504;677;0,00
5505;670;0,00
5507;671;0,00
5508;672;0,00
5509;685;0,62
5510;674;0,00
5512;672;0,00
5513;685;0,62
5514;670;0,00
5515;676;0,00
5517;672;0,00
5518;677;0,00
5519;674;0,00
5520;672;0,00
5522;673;0,00
5523;673;0,00
5524;671;0,00
5525;673;0,00
5527;670;0,00
5528;670;0,00
5529;671;0,00
5530;669;0,00
5532;680;0,12
5533;672;0,00
5534;671;0,00
5535;670;0,00
5536;672;0,00
5538;672;0,00
5539;673;0,00
5540;672;0,00
5541;673;0,00
5543;677;0,00
5544;670;0,00
5545;671;0,00
5547;683;0,42
5549;679;0,02
5550;670;0,00
5551;670;0,00
5552;670;0,00
5554;681;0,22
5555;673;0,00
5556;676;0,00
5557;671;0,00
5559;674;0,00
5560;671;0,00
5561;672;0,00
5562;670;0,00
5564;681;0,22
5565;682;0,32
5566;678;0,00
5567;673;0,00
5569;672;0,00
5570;672;0,00
5571;670;0,00
5572;670;0,00
5574;676;0,00
5575;670;0,00
5576;670;0,00
5577;671;0,00
5579;681;0,22
5580;672;0,00
5581;670;0,00
5582;683;0,42
5584;671;0,00
5585;667;0,00
5586;669;0,00
5587;688;0,92
5590;676;0,00
5591;692;1,32
5592;676;0,00
5593;677;0,00
5595;667;0,00
5596;667;0,00
5597;680;0,12
5598;668;0,00
5600;671;0,00
5601;670;0,00
5602;671;0,00
5603;672;0,00
5604;676;0,00
5606;682;0,32
5607;668;0,00
5608;662;0,00
5609;662;0,00
5611;673;0,00
5612;673;0,00
5613;678;0,00
5614;681;0,22
5616;680;0,12
5617;679;0,02
5618;667;0,00
5619;668;0,00
5621;672;0,00
5622;673;0,00
5623;667;0,00
5624;673;0,00
5626;666;0,00
5627;671;0,00
5628;668;0,00
5629;670;0,00
5632;674;0,00
5633;674;0,00
5634;670;0,00
5635;670;0,00
5637;672;0,00
5638;669;0,00
5639;669;0,00
5640;673;0,00
5642;679;0,02
5643;671;0,00
5644;672;0,00
5645;670;0,00
5647;674;0,00
5648;679;0,02
5649;679;0,02
5650;684;0,52
5652;674;0,00
5653;670;0,00
5654;669;0,00
5655;670;0,00
5657;674;0,00
5658;677;0,00
5659;674;0,00
5660;670;0,00
5662;664;0,00
5663;670;0,00
5664;667;0,00
5665;670;0,00
5667;665;0,00
5668;663;0,00
5669;669;0,00
5670;673;0,00
5671;673;0,00
5673;675;0,00
5675;679;0,02
5676;670;0,00
5677;668;0,00
5679;678;0,00
5680;673;0,00
5681;678;0,00
5682;669;0,00
5684;670;0,00
5685;673;0,00
5686;670;0,00
5687;670;0,00
5689;670;0,00
5690;671;0,00
5691;675;0,00
5692;674;0,00
5694;675;0,00
5695;673;0,00
5696;674;0,00
5697;672;0,00
5699;668;0,00
5700;673;0,00
5701;673;0,00
5702;669;0,00
5704;670;0,00
5705;673;0,00
5706;671;0,00
5707;671;0,00
5709;671;0,00
5710;672;0,00
5711;675;0,00
5712;687;0,82
5714;674;0,00
5715;676;0,00
5716;672;0,00
5718;673;0,00
5720;679;0,02
5721;672;0,00
5722;672;0,00
5723;674;0,00
5725;687;0,82
5726;674;0,00
5727;674;0,00
5728;672;0,00
5730;673;0,00
5731;670;0,00
5732;680;0,12
5733;673;0,00
5734;677;0,00
5736;673;0,00
5737;672;0,00
5738;675;0,00
5739;672;0,00
5741;672;0,00
5742;675;0,00
5743;674;0,00
5744;674;0,00
5746;674;0,00
5747;680;0,12
5748;673;0,00
5749;672;0,00
5751;674;0,00
5752;674;0,00
5753;677;0,00
5754;675;0,00
5756;687;0,82
5757;672;0,00
5758;670;0,00
5760;673;0,00
5762;671;0,00
5763;678;0,00
5764;675;0,00
5765;679;0,02
5767;673;0,00
5768;673;0,00
5769;672;0,00
5770;672;0,00
5772;670;0,00
5773;679;0,02
5774;678;0,00
5775;677;0,00
5777;673;0,00
5778;676;0,00
5779;677;0,00
5780;672;0,00
5782;673;0,00
5783;675;0,00
5784;673;0,00
5785;671;0,00
5787;673;0,00
5788;674;0,00
5789;675;0,00
5790;672;0,00
5792;680;0,12
5793;672;0,00
5794;674;0,00
5795;675;0,00
5797;671;0,00
5798;671;0,00
5799;679;0,02
5800;676;0,00
5801;673;0,00
5804;670;0,00
5805;672;0,00
5806;677;0,00
5807;678;0,00
5809;671;0,00
5810;679;0,02
5811;676;0,00
5812;672;0,00
5814;677;0,00
5815;678;0,00
5816;676;0,00
5817;677;0,00
5819;674;0,00
5820;676;0,00
5821;677;0,00
5822;672;0,00
5824;673;0,00
5825;679;0,02
5826;683;0,42
5827;686;0,72
5829;678;0,00
5830;687;0,82
5831;675;0,00
5832;676;0,00
5834;674;0,00
5835;673;0,00
5836;682;0,32
5837;675;0,00
5839;672;0,00
5840;679;0,02
5841;676;0,00
5842;682;0,32
5844;673;0,00
5846;678;0,00
5847;677;0,00
5848;673;0,00
5850;674;0,00
5851;672;0,00
5852;673;0,00
5853;674;0,00
5855;674;0,00
5856;684;0,52
5857;674;0,00
5858;675;0,00
5860;675;0,00
5861;676;0,00
5862;679;0,02
5863;678;0,00
5865;675;0,00
5866;673;0,00
5867;685;0,62
5868;673;0,00
5869;674;0,00
5871;676;0,00
5872;673;0,00
5873;674;0,00
5874;674;0,00
5876;674;0,00
5877;673;0,00
5878;672;0,00
5879;680;0,12
5881;674;0,00
5882;675;0,00
5883;675;0,00
5884;676;0,00
5886;675;0,00
5888;675;0,00
5889;677;0,00
5890;687;0,82
5892;676;0,00
5893;686;0,72
5894;676;0,00
5895;671;0,00
5897;679;0,02
5898;678;0,00
5899;672;0,00
5900;673;0,00
5902;672;0,00
5903;676;0,00
5904;677;0,00
5905;685;0,62
5907;672;0,00
5908;672;0,00
5909;672;0,00
5910;672;0,00
5912;676;0,00
5913;673;0,00
5914;686;0,72
5915;676;0,00
5917;672;0,00
5918;672;0,00
5919;686;0,72
5920;675;0,00
5922;690;1,12
5923;671;0,00
5924;675;0,00
5925;677;0,00
5927;684;0,52
5928;672;0,00
5929;672;0,00
5931;673;0,00
5932;674;0,00
5934;675;0,00
5935;674;0,00
5936;672;0,00
5937;674;0,00
5939;675;0,00
5940;673;0,00
5941;671;0,00
5942;671;0,00
5944;676;0,00
5945;676;0,00
5946;671;0,00
5947;675;0,00
5949;672;0,00
5950;681;0,22
5951;676;0,00
5952;675;0,00
5954;677;0,00
5955;673;0,00
5956;672;0,00
5957;681;0,22
5959;673;0,00
5960;677;0,00
5961;672;0,00
5962;676;0,00
5964;675;0,00
5965;674;0,00
5966;674;0,00
5967;675;0,00
5969;676;0,00
5970;689;1,02
5971;684;0,52
5972;674;0,00
5975;674;0,00
5976;679;0,02
5977;675;0,00
5978;676;0,00
5980;672;0,00
5981;673;0,00
5982;675;0,00
5983;675;0,00
5985;674;0,00
5986;677;0,00
5987;673;0,00
5988;673;0,00
5990;671;0,00
5991;678;0,00
5992;673;0,00
5993;672;0,00
5994;671;0,00
5996;675;0,00
5997;673;0,00
5998;672;0,00
5999;673;0,00
6001;672;0,00
6002;673;0,00
6003;679;0,02
6004;673;0,00
6006;686;0,72
6007;675;0,00
6008;678;0,00
6009;676;0,00
6011;673;0,00
6012;671;0,00
6013;683;0,42
6014;674;0,00
6017;672;0,00
6018;676;0,00
6019;674;0,00
6020;682;0,32
6022;672;0,00
6023;681;0,22
6024;673;0,00
6025;673;0,00
6027;674;0,00
6028;682;0,32
6029;676;0,00
6030;674;0,00
6032;678;0,00
6033;679;0,02
6034;673;0,00
6035;672;0,00
6037;673;0,00
6038;672;0,00
6039;673;0,00
6040;674;0,00
6042;675;0,00
6043;672;0,00
6044;673;0,00
6045;673;0,00
6047;672;0,00
6048;675;0,00
6049;676;0,00
6050;679;0,02
6052;674;0,00
6053;672;0,00
6054;681;0,22
6055;680;0,12
6057;674;0,00
6059;672;0,00
6060;675;0,00
6061;677;0,00
6062;673;0,00
6064;673;0,00
6065;672;0,00
6066;681;0,22
6067;673;0,00
6069;673;0,00
6070;673;0,00
6071;676;0,00
6072;678;0,00
6074;674;0,00
6075;675;0,00
6076;684;0,52
6077;674;0,00
6079;674;0,00
6080;673;0,00
6081;673;0,00
6082;682;0,32
6084;673;0,00
6085;672;0,00
6086;674;0,00
6087;672;0,00
6089;672;0,00
6090;677;0,00
6091;676;0,00
6092;674;0,00
6094;674;0,00
6095;685;0,62
6096;674;0,00
6097;680;0,12
6099;674;0,00
6100;675;0,00
6102;679;0,02
6103;677;0,00
6105;673;0,00
6106;675;0,00
6107;672;0,00
6108;674;0,00
6110;672;0,00
6111;673;0,00
6112;673;0,00
6113;676;0,00
6115;673;0,00
6116;677;0,00
6117;672;0,00
6118;674;0,00
6120;672;0,00
6121;673;0,00
6122;675;0,00
6123;673;0,00
6125;679;0,02
6126;672;0,00
6127;672;0,00
6128;674;0,00
6129;676;0,00
6131;675;0,00
6132;672;0,00
6133;676;0,00
6134;673;0,00
6136;677;0,00
6137;675;0,00
6138;681;0,22
6139;673;0,00
6141;688;0,92
6142;677;0,00
6144;674;0,00
6145;674;0,00
6147;676;0,00
6148;673;0,00
6149;673;0,00
6150;673;0,00
6152;680;0,12
6153;684;0,52
6154;677;0,00
6155;672;0,00
6157;673;0,00
6158;672;0,00
6159;674;0,00
6160;683;0,42
6162;678;0,00
6163;673;0,00
6164;673;0,00
6165;675;0,00
6167;677;0,00
6168;674;0,00
6169;673;0,00
6170;675;0,00
6172;676;0,00
6173;674;0,00
6174;674;0,00
6175;675;0,00
6177;676;0,00
6178;688;0,92
6179;677;0,00
6180;684;0,52
6182;684;0,52
6183;673;0,00
6184;684;0,52
6185;674;0,00
6188;683;0,42
6189;677;0,00
6190;672;0,00
6191;676;0,00
6192;676;0,00
6194;676;0,00
6195;676;0,00
6196;676;0,00
6197;684;0,52
6199;677;0,00
6200;675;0,00
6201;675;0,00
6202;680;0,12
6204;674;0,00
6205;674;0,00
6206;688;0,92
6207;676;0,00
6209;675;0,00
6210;675;0,00
6211;675;0,00
6212;676;0,00
6214;684;0,52
6215;674;0,00
6216;676;0,00
6217;685;0,62
6219;676;0,00
6220;676;0,00
6221;674;0,00
6222;684;0,52
6224;681;0,22
6225;681;0,22
6226;673;0,00
6227;677;0,00
6230;681;0,22
6231;675;0,00
6232;677;0,00
6233;674;0,00
6235;678;0,00
6236;681;0,22
6237;681;0,22
6238;675;0,00
6240;675;0,00
6241;687;0,82
6242;677;0,00
6243;674;0,00
6245;675;0,00
6246;675;0,00
6247;691;1,22
6248;675;0,00
6250;676;0,00
6251;674;0,00
6252;675;0,00
6253;675;0,00
6254;684;0,52
6256;673;0,00
6257;677;0,00
6258;682;0,32
6259;675;0,00
6261;689;1,02
6262;674;0,00
6263;674;0,00
6264;687;0,82
6266;674;0,00
6267;677;0,00
6268;680;0,12
6269;687;0,82
6272;677;0,00
6273;675;0,00
6274;682;0,32
6275;674;0,00
6277;675;0,00
6278;677;0,00
6279;676;0,00
6280;680;0,12
6282;687;0,82
6283;681;0,22
6284;677;0,00
6285;679;0,02
6287;685;0,62
6288;676;0,00
6289;678;0,00
6290;675;0,00
6292;685;0,62
6293;678;0,00
6294;674;0,00
6295;695;1,63
6297;682;0,32
6298;680;0,12
6299;677;0,00
6300;677;0,00
6302;678;0,00
6303;675;0,00
6304;677;0,00
6305;678;0,00
6307;678;0,00
6308;676;0,00
6309;676;0,00
6310;678;0,00
6312;676;0,00
6313;675;0,00
6315;677;0,00
6316;674;0,00
6318;676;0,00
6319;674;0,00
6320;677;0,00
6321;687;0,82
6322;683;0,42
6324;675;0,00
6325;678;0,00
6326;674;0,00
6327;678;0,00
6329;678;0,00
6330;682;0,32
6331;675;0,00
6332;674;0,00
6334;680;0,12
6335;674;0,00
6336;677;0,00
6337;675;0,00
6339;679;0,02
6340;679;0,02
6341;678;0,00
6342;676;0,00
6344;676;0,00
6345;677;0,00
6346;684;0,52
6347;677;0,00
6349;675;0,00
6350;675;0,00
6351;682;0,32
6352;674;0,00
6354;677;0,00
6355;676;0,00
6356;681;0,22
6358;674;0,00
6360;679;0,02
6361;680;0,12
6362;682;0,32
6363;684;0,52
6365;680;0,12
6366;676;0,00
6367;673;0,00
6368;676;0,00
6370;682;0,32
6371;677;0,00
6372;674;0,00
6373;678;0,00
6375;674;0,00
6376;678;0,00
6377;675;0,00
6378;681;0,22
6380;675;0,00
6381;679;0,02
6382;676;0,00
6383;680;0,12
6385;674;0,00
6386;675;0,00
6387;676;0,00
6388;678;0,00
6389;681;0,22
6391;674;0,00
6392;677;0,00
6393;676;0,00
6394;674;0,00
6396;679;0,02
6397;676;0,00
6398;674;0,00
6400;673;0,00
6402;680;0,12
6403;679;0,02
6404;682;0,32
6405;675;0,00
6407;675;0,00
6408;678;0,00
6409;697;1,83
6410;679;0,02
6412;679;0,02
6413;678;0,00
6414;686;0,72
6415;675;0,00
6417;677;0,00
6418;678;0,00
6419;678;0,00
6420;681;0,22
6422;681;0,22
6423;676;0,00
6424;683;0,42
6425;675;0,00
6427;680;0,12
6428;679;0,02
6429;683;0,42
6430;676;0,00
6432;676;0,00
6433;677;0,00
6434;679;0,02
6435;688;0,92
6437;677;0,00
6438;685;0,62
6439;674;0,00
6440;676;0,00
6443;677;0,00
6444;679;0,02
6445;677;0,00
6446;679;0,02
6448;675;0,00
6449;677;0,00
6450;682;0,32
6451;675;0,00
6452;676;0,00
6454;675;0,00
6455;678;0,00
6456;677;0,00
6457;678;0,00
6459;678;0,00
6460;678;0,00
6461;676;0,00
6462;676;0,00
6464;679;0,02
6465;677;0,00
6466;678;0,00
6467;684;0,52
6469;676;0,00
6470;683;0,42
6471;676;0,00
6472;685;0,62
6474;676;0,00
6475;678;0,00
6476;676;0,00
6477;680;0,12
6479;677;0,00
6480;676;0,00
6481;680;0,12
6482;686;0,72
6484;678;0,00
6486;675;0,00
6487;676;0,00
6488;681;0,22
6490;677;0,00
6491;685;0,62
6492;686;0,72
6493;683;0,42
6495;694;1,53
6496;682;0,32
6497;678;0,00
6498;677;0,00
6500;678;0,00
6501;677;0,00
6502;682;0,32
6503;676;0,00
6505;682;0,32
6506;680;0,12
6507;678;0,00
6508;680;0,12
6510;689;1,02
6511;678;0,00
6512;678;0,00
6513;684;0,52
6515;683;0,42
6516;680;0,12
6517;675;0,00
6518;677;0,00
6519;688;0,92
6521;678;0,00
6522;690;1,12
6523;683;0,42
6524;676;0,00
6526;682;0,32
6528;682;0,32
6529;679;0,02
6530;686;0,72
6532;681;0,22
6533;679;0,02
6534;678;0,00
6535;676;0,00
6537;679;0,02
6538;676;0,00
6539;685;0,62
6540;679;0,02
6542;684;0,52
6543;687;0,82
6544;675;0,00
6545;688;0,92
6547;678;0,00
6548;679;0,02
6549;680;0,12
6550;691;1,22
6552;678;0,00
6553;685;0,62
6554;684;0,52
6555;682;0,32
6557;680;0,12
6558;677;0,00
6559;680;0,12
6560;679;0,02
6562;680;0,12
6563;678;0,00
6564;682;0,32
6565;679;0,02
6567;677;0,00
6568;680;0,12
6569;676;0,00
6571;678;0,00
6573;677;0,00
6574;679;0,02
6575;687;0,82
6576;678;0,00
6578;677;0,00
6579;684;0,52
6580;686;0,72
6581;678;0,00
6582;680;0,12
6584;683;0,42
6585;685;0,62
6586;679;0,02
6587;676;0,00
6589;680;0,12
6590;682;0,32
6591;677;0,00
6592;676;0,00
6594;677;0,00
6595;677;0,00
6596;681;0,22
6597;683;0,42
6599;683;0,42
6600;681;0,22
6601;678;0,00
6602;677;0,00
6604;680;0,12
6605;678;0,00
6606;678;0,00
6607;678;0,00
6609;683;0,42
6610;677;0,00
6611;677;0,00
6612;678;0,00
6615;677;0,00
6616;676;0,00
6617;678;0,00
6618;678;0,00
6620;679;0,02
6621;678;0,00
6622;677;0,00
6623;678;0,00
6625;678;0,00
6626;684;0,52
6627;678;0,00
6628;678;0,00
6630;677;0,00
6631;681;0,22
6632;676;0,00
6633;679;0,02
6635;680;0,12
6636;678;0,00
6637;685;0,62
6638;683;0,42
6640;678;0,00
6641;678;0,00
6642;677;0,00
6643;684;0,52
6645;686;0,72
6646;680;0,12
6647;679;0,02
6648;678;0,00
6649;679;0,02
6651;679;0,02
6652;678;0,00
6653;679;0,02
6654;681;0,22
6657;685;0,62
6658;684;0,52
6659;679;0,02
6660;681;0,22
6662;680;0,12
6663;680;0,12
6664;683;0,42
6665;679;0,02
6667;681;0,22
6668;685;0,62
6669;684;0,52
6670;680;0,12
6672;679;0,02
6673;681;0,22
6674;680;0,12
6675;680;0,12
6677;681;0,22
6678;680;0,12
6679;683;0,42
6680;679;0,02
6682;682;0,32
6683;678;0,00
6684;680;0,12
6685;678;0,00
6687;684;0,52
6688;681;0,22
6689;685;0,62
6690;682;0,32
6692;686;0,72
6693;689;1,02
6694;681;0,22
6695;684;0,52
6697;678;0,00
6699;686;0,72
6700;691;1,22
6701;678;0,00
6703;679;0,02
6704;682;0,32
6705;681;0,22
6706;679;0,02
6708;683;0,42
6709;680;0,12
6710;686;0,72
6711;679;0,02
6713;679;0,02
6714;688;0,92
6715;686;0,72
6716;683;0,42
6717;691;1,22
6719;686;0,72
6720;682;0,32
6721;680;0,12
6722;679;0,02
6724;686;0,72
6725;694;1,53
6726;680;0,12
6727;683;0,42
6729;680;0,12
6730;682;0,32
6731;687;0,82
6732;678;0,00
6734;682;0,32
6735;685;0,62
6736;681;0,22
6737;679;0,02
6739;680;0,12
6740;680;0,12
6742;686;0,72
6743;683;0,42
6745;680;0,12
6746;696;1,73
6747;681;0,22
6748;679;0,02
6750;683;0,42
6751;684;0,52
6752;680;0,12
6753;681;0,22
6755;689;1,02
6756;681;0,22
6757;681;0,22
6758;686;0,72
6760;679;0,02
6761;682;0,32
6762;682;0,32
6763;681;0,22
6765;680;0,12
6766;683;0,42
6767;680;0,12
6768;684;0,52
6770;678;0,00
6771;685;0,62
6772;682;0,32
6773;685;0,62
6775;689;1,02
6776;679;0,02
6777;681;0,22
6778;684;0,52
6779;681;0,22
6781;679;0,02
6782;692;1,32
6784;684;0,52
6785;679;0,02
6787;682;0,32
6788;680;0,12
6789;680;0,12
6790;681;0,22
6792;683;0,42
6793;680;0,12
6794;682;0,32
6795;683;0,42
6797;679;0,02
6798;682;0,32
6799;689;1,02
6800;682;0,32
6802;681;0,22
6803;679;0,02
6804;679;0,02
6805;681;0,22
6807;681;0,22
6808;681;0,22
6809;680;0,12
6810;682;0,32
6812;682;0,32
6813;679;0,02
6814;679;0,02
6815;687;0,82
6817;679;0,02
6818;681;0,22
6819;685;0,62
6820;697;1,83
6822;691;1,22
6823;690;1,12
6824;690;1,12
6825;681;0,22
6828;682;0,32
6829;678;0,00
6830;680;0,12
6831;683;0,42
6833;683;0,42
6834;679;0,02
6835;680;0,12
6836;681;0,22
6838;679;0,02
6839;677;0,00
6840;689;1,02
6841;689;1,02
6842;680;0,12
6844;690;1,12
6845;690;1,12
6846;679;0,02
6847;680;0,12
6849;678;0,00
6850;679;0,02
6851;682;0,32
6852;683;0,42
6854;678;0,00
6855;692;1,32
6856;677;0,00
6857;678;0,00
6859;685;0,62
6860;679;0,02
6861;681;0,22
6862;680;0,12
6864;686;0,72
6865;682;0,32
6866;679;0,02
6867;689;1,02
6870;679;0,02
6871;678;0,00
6872;679;0,02
6873;685;0,62
6875;680;0,12
6876;679;0,02
6877;687;0,82
6878;680;0,12
6880;680;0,12
6881;678;0,00
6882;679;0,02
6883;684;0,52
6885;687;0,82
6886;679;0,02
6887;679;0,02
6888;683;0,42
6890;678;0,00
6891;687;0,82
6892;685;0,62
6893;679;0,02
6895;683;0,42
6896;682;0,32
6897;681;0,22
6898;687;0,82
6900;679;0,02
6901;684;0,52
6902;689;1,02
6903;686;0,72
6905;681;0,22
6906;684;0,52
6907;681;0,22
6908;681;0,22
6909;681;0,22
6912;679;0,02
6913;682;0,32
6914;680;0,12
6915;680;0,12
6917;683;0,42
6918;684;0,52
6919;691;1,22
6920;685;0,62
6922;679;0,02
6923;685;0,62
6924;681;0,22
6925;684;0,52
6927;684;0,52
6928;689;1,02
6929;683;0,42
6930;681;0,22
6932;691;1,22
6933;680;0,12
6934;683;0,42
6935;681;0,22
6937;682;0,32
6938;681;0,22
6939;681;0,22
6940;683;0,42
6942;681;0,22
6943;681;0,22
6944;684;0,52
6945;687;0,82
6947;682;0,32
6948;682;0,32
6949;681;0,22
6950;682;0,32
6952;682;0,32
6953;680;0,12
6955;691;1,22
6956;690;1,12
6958;685;0,62
6959;689;1,02
6960;681;0,22
6961;681;0,22
6963;683;0,42
6964;686;0,72
6965;683;0,42
6966;682;0,32
6968;689;1,02
6969;688;0,92
6970;682;0,32
6971;682;0,32
6972;681;0,22
6974;684;0,52
6975;683;0,42
6976;683;0,42
6977;682;0,32
6979;685;0,62
6980;682;0,32
6981;684;0,52
6982;682;0,32
6984;689;1,02
6985;682;0,32
6986;686;0,72
6987;693;1,43
6989;685;0,62
6990;693;1,43
6991;682;0,32
6992;682;0,32
6994;680;0,12
6995;694;1,53
6996;685;0,62
6998;681;0,22
7000;690;1,12
7001;680;0,12
7002;687;0,82
7003;680;0,12
7005;691;1,22
7006;682;0,32
7007;686;0,72
7008;693;1,43
7010;685;0,62
7011;684;0,52
7012;682;0,32
7013;683;0,42
7015;683;0,42
7016;681;0,22
7017;687;0,82
7018;685;0,62
7020;684;0,52
7021;685;0,62
7022;684;0,52
7023;682;0,32
7025;683;0,42
7026;681;0,22
7027;680;0,12
7028;684;0,52
7030;683;0,42
7031;682;0,32
7032;682;0,32
7033;682;0,32
7035;687;0,82
7036;684;0,52
7037;683;0,42
7038;684;0,52
7040;688;0,92
7042;684;0,52
7043;686;0,72
7044;685;0,62
7045;680;0,12
7047;681;0,22
7048;683;0,42
7049;686;0,72
7050;696;1,73
7052;682;0,32
7053;688;0,92
7054;682;0,32
7055;684;0,52
7057;681;0,22
7058;680;0,12
7059;683;0,42
7060;682;0,32
7062;683;0,42
7063;683;0,42
7064;691;1,22
7065;682;0,32
7067;681;0,22
7068;693;1,43
7069;681;0,22
7070;684;0,52
7072;681;0,22
7073;682;0,32
7074;683;0,42
7075;681;0,22
7077;682;0,32
7078;685;0,62
7079;681;0,22
7080;683;0,42
7083;684;0,52
7084;682;0,32
7085;685;0,62
7086;681;0,22
7088;682;0,32
7089;681;0,22
7090;679;0,02
7091;680;0,12
7093;692;1,32
7094;682;0,32
7095;682;0,32
7096;684;0,52
7098;684;0,52
7099;680;0,12
7100;689;1,02
7101;681;0,22
7103;692;1,32
7104;682;0,32
7105;682;0,32
7106;681;0,22
7107;682;0,32
7109;681;0,22
7110;682;0,32
7111;685;0,62
7112;681;0,22
7114;693;1,43
7115;681;0,22
7116;684;0,52
7117;688;0,92
7119;696;1,73
7120;691;1,22
7121;680;0,12
7122;684;0,52
7124;682;0,32
7126;680;0,12
7127;684;0,52
7128;681;0,22
7130;694;1,53
7131;683;0,42
7132;688;0,92
7133;682;0,32
7135;686;0,72
7136;688;0,92
7137;681;0,22
7138;694;1,53
7140;687;0,82
7141;683;0,42
7142;685;0,62
7143;683;0,42
7145;681;0,22
7146;685;0,62
7147;681;0,22
7148;692;1,32
7150;682;0,32
7151;695;1,63
7152;682;0,32
7153;688;0,92
7155;687;0,82
7156;683;0,42
7157;684;0,52
7158;682;0,32
7160;684;0,52
7161;685;0,62
7162;682;0,32
7163;688;0,92
7165;682;0,32
7166;682;0,32
7168;690;1,12
7169;687;0,82
7170;683;0,42
7172;684;0,52
7173;682;0,32
7174;683;0,42
7175;681;0,22
7177;682;0,32
7178;685;0,62
7179;692;1,32
7180;683;0,42
7182;682;0,32
7183;693;1,43
7184;686;0,72
7185;685;0,62
7187;682;0,32
7188;683;0,42
7189;685;0,62
7190;685;0,62
7192;684;0,52
7193;684;0,52
7194;684;0,52
7195;688;0,92
7197;683;0,42
7198;683;0,42
7199;686;0,72
7200;686;0,72
7202;685;0,62
7203;683;0,42
7204;682;0,32
7205;690;1,12
7207;684;0,52
7208;684;0,52
7209;683;0,42
7211;695;1,63
7213;692;1,32
7214;694;1,53
7215;684;0,52
7216;697;1,83
7218;697;1,83
7219;688;0,92
7220;685;0,62
7221;683;0,42
7223;685;0,62
7224;685;0,62
7225;684;0,52
7226;684;0,52
7228;684;0,52
7229;687;0,82
7230;687;0,82
7231;685;0,62
7233;685;0,62
7234;683;0,42
7235;684;0,52
7236;684;0,52
7237;685;0,62
7239;685;0,62
7240;684;0,52
7241;685;0,62
7242;689;1,02
7244;689;1,02
7245;684;0,52
7246;689;1,02
7247;685;0,62
7249;685;0,62
7250;687;0,82
7251;698;1,93
7252;684;0,52
7255;685;0,62
7256;684;0,52
7257;683;0,42
7258;697;1,83
7260;691;1,22
7261;686;0,72
7262;690;1,12
7263;685;0,62
7265;686;0,72
7266;685;0,62
7267;685;0,62
7268;686;0,72
7270;694;1,53
7271;684;0,52
7272;696;1,73
7273;684;0,52
7275;687;0,82
7276;684;0,52
7277;686;0,72
7278;691;1,22
7280;685;0,62
7281;685;0,62
7282;694;1,53
7283;694;1,53
7285;685;0,62
7286;687;0,82
7287;686;0,72
7288;687;0,82
7290;687;0,82
7291;687;0,82
7292;685;0,62
7293;686;0,72
7296;688;0,92
7297;686;0,72
7298;687;0,82
7299;685;0,62
7300;685;0,62
7302;686;0,72
7303;686;0,72
7304;686;0,72
7305;693;1,43
7307;690;1,12
7308;686;0,72
7309;694;1,53
7310;689;1,02
7312;691;1,22
7313;694;1,53
7314;686;0,72
7315;686;0,72
7317;696;1,73
7318;686;0,72
7319;690;1,12
7320;695;1,63
7322;687;0,82
7323;689;1,02
7324;688;0,92
7325;686;0,72
7327;696;1,73
7328;687;0,82
7329;685;0,62
7330;685;0,62
7332;692;1,32
7333;685;0,62
7334;692;1,32
7335;688;0,92
7337;689;1,02
7339;695;1,63
7340;687;0,82
7341;691;1,22
7343;687;0,82
7344;687;0,82
7345;686;0,72
7346;695;1,63
7348;694;1,53
7349;688;0,92
7350;688;0,92
7351;689;1,02
7353;689;1,02
7354;691;1,22
7355;697;1,83
7356;688;0,92
7358;689;1,02
7359;691;1,22
7360;688;0,92
7361;694;1,53
7363;699;2,03
7364;688;0,92
7365;688;0,92
7366;700;2,13
7367;689;1,02
7369;688;0,92
7370;688;0,92
7371;688;0,92
7372;690;1,12
7374;690;1,12
7375;690;1,12
7376;692;1,32
7377;688;0,92
7379;691;1,22
7380;692;1,32
7382;694;1,53
7383;691;1,22
7385;693;1,43
7386;693;1,43
7387;687;0,82
7388;690;1,12
7390;690;1,12
7391;691;1,22
7392;694;1,53
7393;706;2,73
7395;692;1,32
7396;691;1,22
7397;695;1,63
7398;699;2,03
7400;694;1,53
7401;695;1,63
7402;696;1,73
7403;689;1,02
7405;695;1,63
7406;696;1,73
7407;697;1,83
7408;696;1,73
7410;694;1,53
7411;701;2,23
7412;694;1,53
7413;700;2,13
7415;698;1,93
7416;697;1,83
7417;696;1,73
7418;695;1,63
7420;703;2,43
7421;697;1,83
7422;708;2,94
7424;697;1,83
7426;695;1,63
7427;700;2,13
7428;699;2,03
7429;700;2,13
7430;701;2,23
7432;698;1,93
7433;699;2,03
7434;699;2,03
7435;699;2,03
7437;703;2,43
7438;701;2,23
7439;700;2,13
7440;703;2,43
7442;700;2,13
7443;701;2,23
7444;703;2,43
7445;698;1,93
7447;699;2,03
7448;706;2,73
7449;704;2,53
7450;705;2,63
7452;701;2,23
7453;701;2,23
7454;700;2,13
7455;707;2,83
7457;705;2,63
7458;706;2,73
7459;707;2,83
7460;701;2,23
7462;711;3,24
7463;708;2,94
7464;709;3,04
7465;707;2,83
7468;711;3,24
7469;705;2,63
7470;712;3,34
7471;713;3,44
7473;709;3,04
7474;708;2,94
7475;708;2,94
7476;708;2,94
7478;710;3,14
7479;715;3,64
7480;711;3,24
7481;714;3,54
7483;710;3,14
7484;713;3,44
7485;709;3,04
7486;719;4,04
7488;715;3,64
7489;710;3,14
7490;712;3,34
7491;711;3,24
7492;714;3,54
7494;712;3,34
7495;711;3,24
7496;714;3,54
7497;711;3,24
7499;714;3,54
7500;716;3,74
7501;717;3,84
7502;714;3,54
7504;717;3,84
7505;717;3,84
7506;725;4,65
7507;717;3,84
7510;718;3,94
7511;717;3,84
7512;720;4,14
7513;719;4,04
7515;719;4,04
7516;721;4,24
7517;718;3,94
7518;719;4,04
7520;722;4,34
7521;722;4,34
7522;727;4,85
7523;723;4,45
7525;722;4,34
7526;725;4,65
7527;724;4,55
7528;722;4,34
7530;722;4,34
7531;723;4,45
7532;733;5,45
7533;731;5,25
7535;724;4,55
7536;724;4,55
7537;725;4,65
7538;727;4,85
7540;725;4,65
7541;726;4,75
7542;730;5,15
7543;725;4,65
7545;726;4,75
7546;717;3,84
7547;729;5,05
7548;733;5,45
7550;714;3,54
7552;721;4,24
7553;739;6,06
7554;728;4,95
7556;722;4,34
7557;730;5,15
7558;739;6,06
7559;726;4,75
7560;725;4,65
7562;725;4,65
7563;731;5,25
7564;725;4,65
7565;724;4,55
7567;725;4,65
7568;727;4,85
7569;730;5,15
7570;726;4,75
7572;740;6,16
7573;725;4,65
7574;724;4,55
7575;726;4,75
7577;725;4,65
7578;726;4,75
7579;729;5,05
7580;725;4,65
7582;729;5,05
7583;737;5,85
7584;725;4,65
7585;726;4,75
7587;730;5,15
7588;729;5,05
7589;726;4,75
7590;729;5,05
7592;725;4,65
7593;725;4,65
7595;724;4,55
7596;726;4,75
7598;726;4,75
7599;725;4,65
7600;726;4,75
7601;729;5,05
7603;726;4,75
7604;728;4,95
7605;727;4,85
7606;727;4,85
7608;727;4,85
7609;726;4,75
7610;726;4,75
7611;725;4,65
7613;723;4,45
7614;735;5,65
7615;734;5,55
7616;727;4,85
7618;725;4,65
7619;734;5,55
7620;729;5,05
7621;724;4,55
7623;730;5,15
7624;733;5,45
7625;728;4,95
7626;725;4,65
7627;725;4,65
7629;726;4,75
7630;729;5,05
7631;729;5,05
7632;732;5,35
7634;730;5,15
7635;731;5,25
7636;735;5,65
7638;735;5,65
7640;737;5,85
7641;736;5,75
7642;738;5,96
7643;739;6,06
7645;740;6,16
7646;746;6,76
7647;742;6,36
7648;744;6,56
7650;750;7,16
7651;752;7,36
7652;750;7,16
7653;751;7,26
7655;752;7,36
7656;758;7,97
7657;751;7,26
7658;751;7,26
7660;753;7,47
7661;749;7,06
7662;749;7,06
7663;748;6,96
7665;752;7,36
7666;750;7,16
7667;755;7,67
7668;752;7,36
7670;749;7,06
7671;750;7,16
7672;751;7,26
7673;751;7,26
7675;749;7,06
7676;755;7,67
7677;759;8,07
7678;758;7,97
7681;752;7,36
7682;753;7,47
7683;756;7,77
7684;754;7,57
7686;754;7,57
7687;755;7,67
7688;759;8,07
7689;755;7,67
7691;758;7,97
7692;757;7,87
7693;757;7,87
7694;759;8,07
7695;761;8,27
7697;759;8,07
7698;761;8,27
7699;760;8,17
7700;767;8,87
7702;767;8,87
7703;761;8,27
7704;763;8,47
7705;767;8,87
7707;763;8,47
7708;764;8,57
7709;768;8,98
7710;764;8,57
7712;764;8,57
7713;764;8,57
7714;765;8,67
7715;768;8,98
7717;765;8,67
7718;766;8,77
7719;767;8,87
7720;766;8,77
7723;767;8,87
7724;766;8,77
7725;773;9,48
7726;766;8,77
7728;769;9,08
7729;769;9,08
7730;771;9,28
7731;766;8,77
7733;768;8,98
7734;766;8,77
7735;769;9,08
7736;773;9,48
7738;771;9,28
7739;767;8,87
7740;767;8,87
7741;769;9,08
7743;768;8,98
7744;767;8,87
7745;771;9,28
7746;772;9,38
7748;770;9,18
7749;767;8,87
7750;775;9,68
7751;767;8,87
7753;771;9,28
7754;772;9,38
7755;773;9,48
7756;769;9,08
7757;768;8,98
7759;770;9,18
7760;769;9,08
7761;769;9,08
7762;769;9,08
7764;770;9,18
7766;773;9,48
7767;770;9,18
7768;770;9,18
7770;773;9,48
7771;775;9,68
7772;770;9,18
7773;771;9,28
7775;773;9,48
7776;769;9,08
7777;775;9,68
7778;771;9,28
7780;774;9,58
7781;776;9,78
7782;773;9,48
7783;775;9,68
7785;773;9,48
7786;774;9,58
7787;772;9,38
7788;772;9,38
7790;773;9,48
7791;775;9,68
7792;777;9,88
7793;775;9,68
7795;774;9,58
7796;773;9,48
7797;775;9,68
7798;775;9,68
7800;775;9,68
7801;780;10,18
7802;781;10,28
7803;774;9,58
7805;774;9,58
7806;776;9,78
7808;777;9,88
7809;778;9,98
7811;778;9,98
7812;778;9,98
7813;779;10,08
7815;781;10,28
7816;779;10,08
7817;773;9,48
7818;773;9,48
7820;775;9,68
7821;774;9,58
7822;776;9,78
7823;770;9,18
7825;772;9,38
7826;774;9,58
7827;773;9,48
7828;773;9,48
7830;775;9,68
7831;774;9,58
7832;773;9,48
7833;772;9,38
7835;772;9,38
7836;778;9,98
7837;772;9,38
7838;772;9,38
7840;777;9,88
7841;773;9,48
7842;771;9,28
7843;772;9,38
7845;773;9,48
7846;773;9,48
7847;776;9,78
7848;773;9,48
7851;773;9,48
7852;773;9,48
7853;776;9,78
7854;772;9,38
7856;774;9,58
7857;771;9,28
7858;775;9,68
7859;772;9,38
7861;773;9,48
7862;771;9,28
7863;772;9,38
7864;772;9,38
7865;771;9,28
7867;772;9,38
7868;777;9,88
7869;771;9,28
7870;773;9,48
7872;771;9,28
7873;773;9,48
7874;774;9,58
7875;772;9,38
7877;772;9,38
7878;770;9,18
7879;771;9,28
7880;775;9,68
7882;770;9,18
7883;770;9,18
7884;770;9,18
7885;771;9,28
7887;771;9,28
7888;771;9,28
7889;769;9,08
7890;771;9,28
7892;770;9,18
7894;773;9,48
7895;775;9,68
7896;770;9,18
7898;768;8,98
7899;769;9,08
7900;770;9,18
7901;770;9,18
7903;770;9,18
7904;771;9,28
7905;773;9,48
7906;772;9,38
7908;775;9,68
7909;772;9,38
7910;777;9,88
7911;772;9,38
7913;775;9,68
7914;773;9,48
7915;773;9,48
7916;779;10,08
7918;775;9,68
7919;774;9,58
7920;775;9,68
7921;773;9,48
7923;775;9,68
7924;775;9,68
7925;779;10,08
7926;777;9,88
7928;781;10,28
7929;778;9,98
7930;777;9,88
7931;780;10,18
7933;778;9,98
7934;778;9,98
7936;780;10,18
7938;781;10,28
7939;781;10,28
7940;789;11,09
7942;788;10,99
7943;783;10,49
7944;782;10,38
7946;787;10,89
7947;783;10,49
7948;786;10,79
7950;784;10,59
7951;786;10,79
7952;789;11,09
7954;791;11,29
7955;788;10,99
7956;787;10,89
7958;789;11,09
7959;788;10,99
7960;787;10,89
7962;791;11,29
7963;787;10,89
7964;788;10,99
7966;789;11,09
7967;788;10,99
7968;789;11,09
7970;788;10,99
7971;789;11,09
7972;791;11,29
7973;785;10,69
7975;786;10,79
7976;787;10,89
7977;786;10,79
7980;788;10,99
7981;793;11,49
7982;787;10,89
7984;785;10,69
7985;786;10,79
7986;786;10,79
7988;784;10,59
7989;786;10,79
7990;785;10,69
7992;785;10,69
7993;787;10,89
7994;784;10,59
7996;785;10,69
7997;790;11,19
7998;786;10,79
8000;786;10,79
8001;788;10,99
8002;784;10,59
8004;786;10,79
8005;786;10,79
8006;785;10,69
8008;785;10,69
8009;787;10,89
8010;784;10,59
8012;788;10,99
8013;791;11,29
8014;785;10,69
8016;787;10,89
8017;788;10,99
8018;787;10,89
8020;786;10,79
8022;786;10,79
8023;789;11,09
8025;785;10,69
8026;786;10,79
8027;793;11,49
8029;790;11,19
8030;786;10,79
8031;787;10,89
8033;787;10,89
8034;787;10,89
8035;788;10,99
8037;792;11,39
8038;787;10,89
8039;787;10,89
8041;786;10,79
8042;788;10,99
8043;787;10,89
8045;788;10,99
8046;792;11,39
8047;794;11,59
8049;788;10,99
8050;790;11,19
8051;793;11,49
8053;791;11,29
8054;790;11,19
8055;794;11,59
8057;789;11,09
8058;795;11,69
8059;788;10,99
8060;787;10,89
8062;786;10,79
8064;788;10,99
8065;788;10,99
8067;791;11,29
8068;789;11,09
8069;792;11,39
8071;788;10,99
8072;786;10,79
8073;791;11,29
8075;785;10,69
8076;786;10,79
8077;788;10,99
8079;787;10,89
8080;787;10,89
8081;789;11,09
8083;786;10,79
8084;786;10,79
8085;784;10,59
8087;784;10,59
8088;785;10,69
8089;785;10,69
8091;786;10,79
8092;787;10,89
8093;788;10,99
8095;792;11,39
8096;787;10,89
8097;787;10,89
8099;791;11,29
8100;783;10,49
8101;785;10,69
8103;785;10,69
8104;785;10,69
8105;788;10,99
8108;784;10,59
8109;784;10,59
8110;783;10,49
8112;784;10,59
8113;783;10,49
8114;783;10,49
8116;783;10,49
8117;788;10,99
8118;781;10,28
8120;781;10,28
8121;784;10,59
8122;781;10,28
8124;784;10,59
8125;782;10,38
8126;782;10,38
8128;782;10,38
8129;781;10,28
8130;781;10,28
8132;783;10,49
8133;784;10,59
8134;784;10,59
8136;781;10,28
8137;783;10,49
8138;785;10,69
8140;789;11,09
8141;783;10,49
8142;784;10,59
8144;786;10,79
8145;785;10,69
8146;785;10,69
8147;786;10,79
8150;786;10,79
8151;794;11,59
8152;786;10,79
8154;793;11,49
8155;787;10,89
8156;787;10,89
8158;786;10,79
8159;786;10,79
8160;788;10,99
8162;787;10,89
8163;791;11,29
8164;787;10,89
8166;787;10,89
8167;789;11,09
8168;789;11,09
8170;782;10,38
8171;791;11,29
8172;803;12,50
8174;786;10,79
8175;788;10,99
8176;790;11,19
8178;794;11,59
8179;792;11,39
8180;790;11,19
8182;791;11,29
8183;789;11,09
8184;791;11,29
8186;790;11,19
8187;789;11,09
8188;795;11,69
8190;788;10,99
8192;789;11,09
8193;788;10,99
8195;795;11,69
8196;789;11,09
8197;785;10,69
8199;788;10,99
8200;789;11,09
8201;786;10,79
8203;787;10,89
8204;784;10,59
8205;785;10,69
8207;784;10,59
8208;784;10,59
8209;789;11,09
8211;790;11,19
8212;782;10,38
8213;781;10,28
8215;785;10,69
8216;783;10,49
8217;781;10,28
8219;783;10,49
8220;786;10,79
8221;785;10,69
8223;783;10,49
8224;782;10,38
8225;785;10,69
8227;784;10,59
8228;788;10,99
8229;784;10,59
8231;785;10,69
8232;789;11,09
8233;786;10,79
8235;793;11,49
8237;786;10,79
8238;790;11,19
8239;787;10,89
8241;787;10,89
8242;787;10,89
8243;793;11,49
8245;789;11,09
8246;788;10,99
8247;786;10,79
8249;786;10,79
8250;789;11,09
8251;787;10,89
8253;786;10,79
8254;790;11,19
8255;794;11,59
8257;785;10,69
8258;787;10,89
8259;788;10,99
8261;787;10,89
8262;787;10,89
8263;794;11,59
8265;789;11,09
8266;789;11,09
8267;786;10,79
8269;789;11,09
8270;788;10,99
8271;788;10,99
8273;793;11,49
8274;791;11,29
8275;787;10,89
8278;786;10,79
8279;788;10,99
8280;791;11,29
8282;786;10,79
8283;790;11,19
8284;789;11,09
8286;788;10,99
8287;795;11,69
8288;787;10,89
8290;796;11,79
8291;790;11,19
8292;796;11,79
8294;789;11,09
8295;785;10,69
8296;796;11,79
8298;788;10,99
8299;787;10,89
8300;787;10,89
8302;786;10,79
8303;789;11,09
8304;795;11,69
8306;788;10,99
8307;786;10,79
8308;787;10,89
8310;785;10,69
8311;786;10,79
8312;790;11,19
8314;784;10,59
8315;787;10,89
8316;794;11,59
8318;785;10,69
8320;785;10,69
8321;788;10,99
8322;790;11,19
8324;785;10,69
8325;789;11,09
8326;786;10,79
8328;786;10,79
8329;784;10,59
8330;787;10,89
8332;786;10,79
8333;788;10,99
8334;793;11,49
8336;787;10,89
8337;788;10,99
8338;789;11,09
8340;785;10,69
8341;786;10,79
8342;785;10,69
8344;783;10,49
8345;783;10,49
8346;781;10,28
8348;787;10,89
8349;786;10,79
8350;784;10,59
8352;782;10,38
8353;783;10,49
8354;784;10,59
8356;785;10,69
8357;790;11,19
8358;784;10,59
8360;784;10,59
8361;786;10,79
8363;786;10,79
8365;785;10,69
8366;789;11,09
8367;786;10,79
8369;786;10,79
8370;791;11,29
8371;787;10,89
8373;786;10,79
8374;787;10,89
8375;784;10,59
8377;787;10,89
8378;784;10,59
8379;783;10,49
8381;784;10,59
8382;788;10,99
8383;783;10,49
8385;781;10,28
8386;786;10,79
8387;782;10,38
8389;785;10,69
8390;779;10,08
8391;785;10,69
8393;780;10,18
8394;780;10,18
8395;782;10,38
8397;783;10,49
8398;783;10,49
8399;784;10,59
8401;784;10,59
8402;788;10,99
8403;790;11,19
8406;790;11,19
8407;788;10,99
8408;790;11,19
8409;788;10,99
8411;789;11,09
8412;787;10,89
8413;783;10,49
8415;787;10,89
8416;781;10,28
8417;781;10,28
8419;784;10,59
8420;779;10,08
8421;784;10,59
8423;782;10,38
8424;783;10,49
8425;783;10,49
8427;787;10,89
8428;782;10,38
8429;782;10,38
8431;783;10,49
8432;786;10,79
8433;786;10,79
8435;782;10,38
8436;784;10,59
8437;781;10,28
8439;783;10,49
8440;781;10,28
8441;784;10,59
8443;785;10,69
8444;788;10,99
8445;787;10,89
8448;789;11,09
8449;786;10,79
8450;784;10,59
8452;791;11,29
8453;792;11,39
8454;784;10,59
8456;792;11,39
8457;787;10,89
8458;786;10,79
8460;789;11,09
8461;786;10,79
8462;787;10,89
8464;783;10,49
8465;784;10,59
8466;783;10,49
8468;789;11,09
8469;784;10,59
8470;781;10,28
8472;780;10,18
8473;786;10,79
8474;781;10,28
8476;780;10,18
8477;780;10,18
8478;779;10,08
8480;779;10,08
8481;781;10,28
8482;779;10,08
8484;781;10,28
8485;784;10,59
8486;780;10,18
8488;779;10,08
8489;779;10,08
8491;780;10,18
8493;782;10,38
8494;779;10,08
8495;787;10,89
8496;781;10,28
8498;782;10,38
8499;782;10,38
8500;786;10,79
8502;783;10,49
8503;787;10,89
8504;781;10,28
8506;780;10,18
8507;787;10,89
8508;786;10,79
8510;782;10,38
8511;780;10,18
8512;784;10,59
8514;782;10,38
8515;779;10,08
8516;779;10,08
8518;777;9,88
8519;775;9,68
8520;776;9,78
8521;776;9,78
8523;780;10,18
8524;776;9,78
8525;775;9,68
8527;774;9,58
8528;772;9,38
8529;772;9,38
8530;781;10,28
8532;773;9,48
8534;771;9,28
8535;772;9,38
8536;771;9,28
8538;773;9,48
8539;770;9,18
8540;771;9,28
8541;772;9,38
8543;776;9,78
8544;774;9,58
8545;777;9,88
8546;774;9,58
8548;777;9,88
8549;773;9,48
8550;778;9,98
8551;774;9,58
8553;779;10,08
8554;776;9,78
8555;775;9,68
8556;775;9,68
8558;773;9,48
8559;773;9,48
8560;774;9,58
8561;778;9,98
8563;778;9,98
8564;774;9,58
8565;776;9,78
8566;775;9,68
8568;773;9,48
8569;773;9,48
8570;772;9,38
8571;775;9,68
8573;776;9,78
8574;777;9,88
8576;779;10,08
8577;776;9,78
8579;775;9,68
8580;783;10,49
8581;777;9,88
8582;776;9,78
8584;775;9,68
8585;778;9,98
8586;775;9,68
8587;778;9,98
8589;778;9,98
8590;773;9,48
8591;777;9,88
8592;773;9,48
8594;775;9,68
8595;773;9,48
8596;771;9,28
8597;773;9,48
8599;778;9,98
8600;772;9,38
8601;772;9,38
8602;772;9,38
8604;776;9,78
8605;772;9,38
8606;776;9,78
8607;773;9,48
8609;778;9,98
8610;776;9,78
8611;773;9,48
8612;777;9,88
8614;776;9,78
8615;780;10,18
8616;774;9,58
8617;775;9,68
8620;774;9,58
8621;775;9,68
8622;779;10,08
8623;775;9,68
8625;776;9,78
8626;777;9,88
8627;780;10,18
8628;783;10,49
8630;776;9,78
8631;777;9,88
8632;778;9,98
8634;778;9,98
8635;777;9,88
8636;775;9,68
8637;776;9,78
8639;775;9,68
8640;774;9,58
8641;773;9,48
8642;771;9,28
8644;771;9,28
8645;771;9,28
8646;772;9,38
8647;769;9,08
8648;771;9,28
8650;768;8,98
8651;767;8,87
8652;767;8,87
8653;770;9,18
8655;766;8,77
8656;767;8,87
8657;767;8,87
8658;766;8,77
8660;769;9,08
8662;766;8,77
8663;776;9,78
8664;771;9,28
8666;776;9,78
8667;767;8,87
8668;766;8,77
8669;769;9,08
8671;767;8,87
8672;767;8,87
8673;766;8,77
8674;767;8,87
8676;772;9,38
8677;769;9,08
8678;766;8,77
8679;766;8,77
8681;766;8,77
8682;764;8,57
8683;771;9,28
8684;763;8,47
8686;763;8,47
8687;763;8,47
8688;770;9,18
8689;763;8,47
8691;766;8,77
8692;763;8,47
8693;771;9,28
8694;765;8,67
8696;764;8,57
8697;764;8,57
8698;770;9,18
8699;764;8,57
8701;767;8,87
8702;765;8,67
8704;766;8,77
8705;769;9,08
8707;777;9,88
8708;774;9,58
8709;766;8,77
8710;767;8,87
8712;767;8,87
8713;766;8,77
8714;766;8,77
8715;765;8,67
8716;776;9,78
8718;767;8,87
8719;765;8,67
8720;765;8,67
8721;764;8,57
8723;762;8,37
8724;769;9,08
8725;760;8,17
8726;760;8,17
8728;758;7,97
8729;762;8,37
8730;757;7,87
8731;759;8,07
8733;766;8,77
8734;763;8,47
8735;763;8,47
8736;759;8,07
8738;762;8,37
8739;756;7,77
8740;757;7,87
8741;759;8,07
8743;756;7,77
8744;765;8,67
8745;754;7,57
8747;757;7,87
8749;757;7,87
8750;758;7,97
8751;756;7,77
8752;757;7,87
8754;758;7,97
8755;756;7,77
8756;757;7,87
8757;761;8,27
8759;758;7,97
8760;760;8,17
8761;758;7,97
8762;764;8,57
8764;763;8,47
8765;759;8,07
8766;758;7,97
8767;759;8,07
8769;754;7,57
8770;754;7,57
8771;755;7,67
8772;756;7,77
8774;755;7,67
8775;753;7,47
8776;758;7,97
8777;751;7,26
8778;751;7,26
8780;752;7,36
8781;751;7,26
8782;755;7,67
8783;752;7,36
8785;763;8,47
8786;754;7,57
8787;759;8,07
8788;759;8,07
8791;753;7,47
8792;753;7,47
8793;755;7,67
8794;755;7,67
8796;757;7,87
8797;756;7,77
8798;762;8,37
8799;759;8,07
8801;754;7,57
8802;757;7,87
8803;756;7,77
8804;756;7,77
8806;761;8,27
8807;756;7,77
8808;756;7,77
8809;761;8,27
8811;756;7,77
8812;754;7,57
8813;753;7,47
8814;754;7,57
8816;752;7,36
8817;753;7,47
8818;750;7,16
8819;750;7,16
8821;750;7,16
8822;750;7,16
8823;752;7,36
8824;750;7,16
8826;751;7,26
8827;749;7,06
8828;753;7,47
8829;749;7,06
8832;749;7,06
8833;748;6,96
8834;752;7,36
8835;749;7,06
8837;751;7,26
8838;748;6,96
8839;752;7,36
8840;747;6,86
8842;748;6,96
8843;750;7,16
8844;756;7,77
8845;749;7,06
8846;754;7,57
8848;748;6,96
8849;753;7,47
8850;748;6,96
8851;749;7,06
8853;748;6,96
8854;749;7,06
8855;748;6,96
8856;748;6,96
8858;748;6,96
8859;749;7,06
8860;749;7,06
8861;748;6,96
8863;750;7,16
8864;751;7,26
8865;753;7,47
8866;752;7,36
8868;749;7,06
8869;750;7,16
8870;750;7,16
8871;753;7,47
8873;749;7,06
8875;750;7,16
8876;751;7,26
8877;750;7,16
8879;751;7,26
8880;750;7,16
8881;750;7,16
8882;750;7,16
8884;748;6,96
8885;749;7,06
8886;750;7,16
8887;753;7,47
8889;751;7,26
8890;754;7,57
8891;750;7,16
8892;752;7,36
8894;752;7,36
8895;751;7,26
8896;751;7,26
8897;751;7,26
8899;753;7,47
8900;752;7,36
8901;758;7,97
8902;759;8,07
8904;756;7,77
8905;752;7,36
8906;753;7,47
8907;756;7,77
8909;752;7,36
8910;755;7,67
8911;752;7,36
8912;757;7,87
8913;759;8,07
8915;753;7,47
8916;751;7,26
8918;755;7,67
8919;754;7,57
8921;756;7,77
8922;755;7,67
8923;754;7,57
8924;755;7,67
8926;757;7,87
8927;755;7,67
8928;756;7,77
8929;757;7,87
8931;758;7,97
8932;755;7,67
8933;756;7,77
8934;754;7,57
8936;754;7,57
8937;757;7,87
8938;755;7,67
8939;759;8,07
8941;757;7,87
8942;757;7,87
8943;756;7,77
8944;756;7,77
8946;758;7,97
8947;758;7,97
8948;757;7,87
8949;759;8,07
8951;759;8,07
8952;761;8,27
8953;763;8,47
8954;757;7,87
8956;757;7,87
8957;757;7,87
8958;762;8,37
8960;760;8,17
8962;757;7,87
8963;760;8,17
8964;759;8,07
8965;765;8,67
8967;758;7,97
8968;759;8,07
8969;760;8,17
8970;758;7,97
8972;759;8,07
8973;760;8,17
8974;761;8,27
8975;761;8,27
8976;759;8,07
8978;763;8,47
8979;762;8,37
8980;759;8,07
8981;759;8,07
8983;759;8,07
8984;759;8,07
8985;758;7,97
8986;758;7,97
8988;758;7,97
8989;757;7,87
8990;760;8,17
8991;759;8,07
8993;760;8,17
8994;756;7,77
8995;756;7,77
8996;755;7,67
8998;757;7,87
8999;755;7,67
9000;760;8,17
9001;755;7,67
9004;754;7,57
9005;757;7,87
9006;755;7,67
9007;752;7,36
9009;754;7,57
9010;754;7,57
9011;753;7,47
9012;757;7,87
9014;753;7,47
9015;756;7,77
9016;752;7,36
9017;753;7,47
9019;755;7,67
9020;752;7,36
9021;752;7,36
9022;751;7,26
9024;750;7,16
9025;754;7,57
9026;754;7,57
9027;750;7,16
9029;751;7,26
9030;750;7,16
9031;750;7,16
9032;752;7,36
9034;750;7,16
9035;750;7,16
9036;755;7,67
9037;754;7,57
9039;749;7,06
9040;749;7,06
9041;760;8,17
9042;750;7,16
9043;749;7,06
9046;750;7,16
9047;750;7,16
9048;748;6,96
9049;748;6,96
9051;749;7,06
9052;747;6,86
9053;749;7,06
9054;755;7,67
9056;755;7,67
9057;750;7,16
9058;748;6,96
9059;745;6,66
9061;752;7,36
9062;745;6,66
9063;747;6,86
9064;745;6,66
9066;746;6,76
9067;748;6,96
9068;745;6,66
9069;749;7,06
9071;753;7,47
9072;745;6,66
9073;746;6,76
9074;752;7,36
9076;749;7,06
9077;748;6,96
9078;747;6,86
9079;745;6,66
9081;747;6,86
9082;745;6,66
9083;749;7,06
9084;744;6,56
9086;745;6,66
9088;744;6,56
9089;744;6,56
9090;750;7,16
9092;745;6,66
9093;752;7,36
9094;748;6,96
9095;747;6,86
9097;751;7,26
9098;744;6,56
9099;743;6,46
9100;745;6,66
9102;751;7,26
9103;746;6,76
9104;745;6,66
9105;744;6,56
9106;745;6,66
9108;746;6,76
9109;746;6,76
9110;745;6,66
9111;746;6,76
9113;745;6,66
9114;744;6,56
9115;746;6,76
9116;745;6,66
9118;743;6,46
9119;744;6,56
9120;745;6,66
9121;746;6,76
9123;749;7,06
9124;746;6,76
9125;743;6,46
9126;744;6,56
9128;744;6,56
9129;746;6,76
9131;749;7,06
9132;743;6,46
9134;744;6,56
9135;743;6,46
9136;743;6,46
9137;745;6,66
9139;749;7,06
9140;747;6,86
9141;744;6,56
9142;744;6,56
9144;746;6,76
9145;743;6,46
9146;743;6,46
9147;746;6,76
9149;743;6,46
9150;746;6,76
9151;744;6,56
9152;744;6,56
9154;747;6,86
9155;746;6,76
9156;743;6,46
9157;748;6,96
9159;744;6,56
9160;743;6,46
9161;748;6,96
9162;743;6,46
9164;743;6,46
9165;743;6,46
9166;744;6,56
9167;744;6,56
9169;743;6,46
9170;747;6,86
9171;748;6,96
9172;741;6,26
9174;744;6,56
9176;746;6,76
9177;744;6,56
9178;742;6,36
9179;744;6,56
9181;743;6,46
9182;743;6,46
9183;743;6,46
9184;743;6,46
9186;745;6,66
9187;743;6,46
9188;749;7,06
9189;744;6,56
9191;753;7,47
9192;745;6,66
9193;743;6,46
9194;751;7,26
9196;745;6,66
9197;750;7,16
9198;754;7,57
9199;745;6,66
9201;747;6,86
9202;747;6,86
9203;745;6,66
9204;746;6,76
9206;754;7,57
9207;745;6,66
9208;747;6,86
9209;745;6,66
9211;750;7,16
9212;747;6,86
9213;749;7,06
9214;745;6,66
9217;745;6,66
9218;748;6,96
9219;746;6,76
9220;745;6,66
9222;744;6,56
9223;743;6,46
9224;741;6,26
9225;745;6,66
9227;743;6,46
9228;746;6,76
9229;742;6,36
9230;745;6,66
9232;742;6,36
9233;743;6,46
9234;745;6,66
9235;742;6,36
9236;742;6,36
9238;744;6,56
9239;748;6,96
9240;744;6,56
9241;748;6,96
9243;743;6,46
9244;745;6,66
9245;745;6,66
9246;743;6,46
9248;744;6,56
9249;743;6,46
9250;743;6,46
9251;747;6,86
9253;748;6,96
9254;749;7,06
9255;747;6,86
9256;745;6,66
9259;745;6,66
9260;744;6,56
9261;745;6,66
9262;744;6,56
9264;748;6,96
9265;744;6,56
9266;745;6,66
9267;748;6,96
9269;745;6,66
9270;744;6,56
9271;743;6,46
9272;750;7,16
9274;749;7,06
9275;746;6,76
9276;752;7,36
9277;743;6,46
9279;744;6,56
9280;746;6,76
9281;744;6,56
9282;747;6,86
9284;743;6,46
9285;744;6,56
9286;742;6,36
9287;744;6,56
9289;743;6,46
9290;746;6,76
9291;751;7,26
9292;744;6,56
9294;743;6,46
9295;744;6,56
9296;742;6,36
9297;742;6,36
9299;741;6,26
9300;741;6,26
9302;746;6,76
9303;744;6,56
9304;749;7,06
9306;742;6,36
9307;740;6,16
9308;740;6,16
9309;739;6,06
9311;740;6,16
9312;743;6,46
9313;739;6,06
9314;740;6,16
9316;739;6,06
9317;737;5,85
9318;739;6,06
9319;741;6,26
9321;746;6,76
9322;737;5,85
9323;739;6,06
9324;741;6,26
9326;739;6,06
9327;741;6,26
9328;740;6,16
9329;741;6,26
9331;739;6,06
9332;750;7,16
9333;737;5,85
9334;745;6,66
9336;744;6,56
9337;739;6,06
9338;740;6,16
9339;739;6,06
9341;738;5,96
9342;740;6,16
9344;737;5,85
9345;741;6,26
9347;745;6,66
9348;741;6,26
9349;739;6,06
9350;741;6,26
9352;742;6,36
9353;744;6,56
9354;746;6,76
9355;742;6,36
9357;743;6,46
9358;746;6,76
9359;753;7,47
9360;747;6,86
9362;744;6,56
9363;744;6,56
9364;755;7,67
9365;745;6,66
9366;754;7,57
9368;744;6,56
9369;745;6,66
9370;746;6,76
9371;753;7,47
9373;745;6,66
9374;751;7,26
9375;753;7,47
9376;748;6,96
9378;744;6,56
9379;744;6,56
9380;743;6,46
9381;743;6,46
9383;747;6,86
9384;748;6,96
9385;743;6,46
9387;748;6,96
9389;742;6,36
9390;743;6,46
9391;747;6,86
9392;744;6,56
9394;740;6,16
9395;741;6,26
9396;740;6,16
9397;740;6,16
9399;740;6,16
9400;743;6,46
9401;740;6,16
9402;742;6,36
9404;738;5,96
9405;738;5,96
9406;745;6,66
9407;743;6,46
9409;742;6,36
9410;740;6,16
9411;744;6,56
9412;741;6,26
9414;739;6,06
9415;743;6,46
9416;748;6,96
9417;745;6,66
9419;741;6,26
9420;742;6,36
9421;744;6,56
9422;742;6,36
9424;744;6,56
9425;751;7,26
9426;745;6,66
9427;741;6,26
9430;742;6,36
9431;743;6,46
9432;743;6,46
9433;744;6,56
9434;746;6,76
9436;753;7,47
9437;748;6,96
9438;744;6,56
9439;749;7,06
9441;748;6,96
9442;747;6,86
9443;747;6,86
9444;746;6,76
9446;744;6,56
9447;749;7,06
9448;755;7,67
9449;750;7,16
9451;748;6,96
9452;745;6,66
9453;748;6,96
9454;746;6,76
9456;746;6,76
9457;748;6,96
9458;746;6,76
9459;747;6,86
9461;747;6,86
9462;745;6,66
9463;751;7,26
9464;745;6,66
9466;749;7,06
9467;743;6,46
9468;747;6,86
9469;749;7,06
9472;743;6,46
9473;752;7,36
9474;746;6,76
9475;753;7,47
9477;744;6,56
9478;741;6,26
9479;743;6,46
9480;743;6,46
9482;747;6,86
9483;742;6,36
9484;750;7,16
9485;743;6,46
9487;742;6,36
9488;742;6,36
9489;748;6,96
9490;741;6,26
9492;741;6,26
9493;746;6,76
9494;741;6,26
9495;748;6,96
9497;742;6,36
9498;745;6,66
9499;749;7,06
9500;744;6,56
9501;744;6,56
9503;746;6,76
9504;745;6,66
9505;743;6,46
9506;745;6,66
9508;749;7,06
9509;744;6,56
9510;744;6,56
9511;745;6,66
9513;744;6,56
9515;745;6,66
9516;750;7,16
9517;744;6,56
9519;742;6,36
9520;743;6,46
9521;745;6,66
9522;744;6,56
9524;745;6,66
9525;745;6,66
9526;747;6,86
9527;745;6,66
9529;746;6,76
9530;745;6,66
9531;747;6,86
9532;744;6,56
9534;747;6,86
9535;752;7,36
9536;752;7,36
9537;745;6,66
9539;746;6,76
9540;745;6,66
9541;754;7,57
9542;746;6,76
9544;750;7,16
9545;748;6,96
9546;746;6,76
9547;747;6,86
9549;749;7,06
9550;746;6,76
9551;745;6,66
9552;748;6,96
9554;750;7,16
9555;747;6,86
9556;752;7,36
9558;748;6,96
9560;753;7,47
9561;750;7,16
9562;748;6,96
9563;751;7,26
9564;743;6,46
9566;745;6,66
9567;746;6,76
9568;746;6,76
9569;744;6,56
9571;743;6,46
9572;750;7,16
9573;745;6,66
9574;743;6,46
9576;745;6,66
9577;742;6,36
9578;745;6,66
9579;747;6,86
9581;749;7,06
9582;742;6,36
9583;742;6,36
9584;745;6,66
9586;744;6,56
9587;743;6,46
9588;744;6,56
9589;745;6,66
9591;745;6,66
9592;746;6,76
9593;747;6,86
9594;744;6,56
9596;746;6,76
9597;750;7,16
9598;746;6,76
9600;754;7,57
9602;749;7,06
9603;750;7,16
9604;749;7,06
9605;751;7,26
9607;751;7,26
9608;751;7,26
9609;751;7,26
9610;751;7,26
9612;753;7,47
9613;752;7,36
9614;751;7,26
9615;750;7,16
9617;750;7,16
9618;752;7,36
9619;753;7,47
9620;749;7,06
9622;751;7,26
9623;749;7,06
9624;754;7,57
9625;749;7,06
9627;753;7,47
9628;754;7,57
9629;750;7,16
9630;751;7,26
9631;750;7,16
9633;747;6,86
9634;746;6,76
9635;751;7,26
9636;744;6,56
9638;751;7,26
9639;744;6,56
9640;744;6,56
9641;743;6,46
9644;746;6,76
9645;742;6,36
9646;742;6,36
9647;746;6,76
9649;744;6,56
9650;742;6,36
9651;741;6,26
9652;743;6,46
9654;743;6,46
9655;741;6,26
9656;742;6,36
9657;743;6,46
9659;747;6,86
9660;751;7,26
9661;748;6,96
9662;744;6,56
9664;749;7,06
9665;746;6,76
9666;751;7,26
9667;753;7,47
9669;748;6,96
9670;751;7,26
9671;751;7,26
9672;750;7,16
9674;749;7,06
9675;752;7,36
9676;751;7,26
9677;752;7,36
9679;750;7,16
9680;757;7,87
9681;750;7,16
9682;751;7,26
9684;751;7,26
9686;750;7,16
9687;749;7,06
9688;752;7,36
9690;756;7,77
9691;751;7,26
9692;751;7,26
9693;756;7,77
9694;750;7,16
9696;748;6,96
9697;752;7,36
9698;750;7,16
9699;752;7,36
9701;757;7,87
9702;751;7,26
9703;753;7,47
9704;750;7,16
9706;755;7,67
9707;746;6,76
9708;747;6,86
9709;747;6,86
9711;747;6,86
9712;744;6,56
9713;756;7,77
9714;745;6,66
9716;745;6,66
9717;748;6,96
9718;743;6,46
9719;745;6,66
9721;743;6,46
9722;744;6,56
9723;748;6,96
9724;744;6,56
9726;744;6,56
9728;741;6,26
9729;743;6,46
9730;747;6,86
9732;750;7,16
9733;743;6,46
9734;743;6,46
9735;742;6,36
9737;742;6,36
9738;747;6,86
9739;750;7,16
9740;743;6,46
9742;744;6,56
9743;744;6,56
9744;746;6,76
9745;748;6,96
9747;746;6,76
9748;750;7,16
9749;747;6,86
9750;749;7,06
9752;750;7,16
9753;749;7,06
9754;749;7,06
9755;748;6,96
9757;749;7,06
9758;754;7,57
9759;749;7,06
9760;754;7,57
9761;749;7,06
9763;751;7,26
9764;757;7,87
9765;751;7,26
9766;755;7,67
9768;752;7,36
9769;755;7,67
9771;756;7,77
9772;751;7,26
9774;749;7,06
9775;748;6,96
9776;753;7,47
9777;754;7,57
9779;749;7,06
9780;747;6,86
9781;745;6,66
9782;750;7,16
9784;745;6,66
9785;745;6,66
9786;752;7,36
9787;751;7,26
9789;745;6,66
9790;751;7,26
9791;743;6,46
9792;744;6,56
9794;741;6,26
9795;744;6,56
9796;746;6,76
9797;743;6,46
9799;750;7,16
9800;747;6,86
9801;750;7,16
9802;748;6,96
9804;750;7,16
9805;754;7,57
9806;747;6,86
9807;751;7,26
9809;746;6,76
9810;753;7,47
9811;754;7,57
9812;749;7,06
9815;747;6,86
9816;746;6,76
9817;748;6,96
9818;750;7,16
9820;751;7,26
9821;749;7,06
9822;750;7,16
9823;750;7,16
9824;753;7,47
9826;754;7,57
9827;759;8,07
9828;757;7,87
9829;753;7,47
9831;754;7,57
9832;751;7,26
9833;753;7,47
9834;753;7,47
9836;753;7,47
9837;752;7,36
9838;753;7,47
9839;752;7,36
9841;752;7,36
9842;753;7,47
9843;754;7,57
9844;751;7,26
9846;750;7,16
9847;756;7,77
9848;751;7,26
9849;749;7,06
9851;755;7,67
9852;750;7,16
9853;750;7,16
9854;751;7,26
9857;748;6,96
9858;749;7,06
9859;752;7,36
9860;749;7,06
9862;748;6,96
9863;749;7,06
9864;746;6,76
9865;747;6,86
9867;747;6,86
9868;753;7,47
9869;753;7,47
9870;746;6,76
9872;751;7,26
9873;744;6,56
9874;746;6,76
9875;753;7,47
9877;746;6,76
9878;745;6,66
9879;754;7,57
9880;752;7,36
9882;748;6,96
9883;748;6,96
9884;753;7,47
9885;750;7,16
9886;750;7,16
9888;752;7,36
9889;749;7,06
9890;749;7,06
9891;753;7,47
9893;749;7,06
9894;750;7,16
9895;750;7,16
9896;750;7,16
9899;750;7,16
9900;755;7,67
9901;752;7,36
9902;753;7,47
9904;749;7,06
9905;751;7,26
9906;756;7,77
9907;752;7,36
9909;752;7,36
9910;758;7,97
9911;754;7,57
9912;754;7,57
9914;757;7,87
9915;758;7,97
9916;753;7,47
9917;757;7,87
9919;755;7,67
9920;756;7,77
9921;760;8,17
9922;753;7,47
9924;755;7,67
9925;757;7,87
9926;755;7,67
9927;752;7,36
9929;756;7,77
9930;753;7,47
9931;754;7,57
9932;759;8,07
9934;751;7,26
9935;754;7,57
9936;750;7,16
9937;751;7,26
9939;750;7,16
9940;760;8,17
9942;750;7,16
9943;750;7,16
9945;751;7,26
9946;751;7,26
9947;751;7,26
9948;750;7,16
9950;752;7,36
9951;748;6,96
9952;753;7,47
9953;749;7,06
9954;750;7,16
9956;752;7,36
9957;750;7,16
9958;752;7,36
9959;752;7,36
9961;754;7,57
9962;751;7,26
9963;750;7,16
9964;748;6,96
9966;753;7,47
9967;752;7,36
9968;749;7,06
9969;754;7,57
9971;751;7,26
9972;752;7,36
9973;759;8,07
9974;753;7,47
9976;754;7,57
9977;752;7,36
9978;761;8,27
9979;752;7,36
9981;754;7,57
9982;753;7,47
9984;753;7,47
9985;754;7,57
9987;756;7,77
9988;755;7,67
9989;753;7,47
9990;753;7,47
9992;756;7,77
9993;760;8,17
9994;755;7,67
9995;753;7,47
9997;759;8,07
9998;761;8,27
9999;756;7,77
10000;751;7,26
10002;759;8,07
10003;750;7,16
10004;751;7,26
10006;753;7,47
10007;752;7,36
10008;753;7,47
10010;749;7,06
10011;755;7,67
10012;747;6,86
10014;758;7,97
10015;748;6,96
10016;750;7,16
10018;746;6,76
10019;747;6,86
10020;746;6,76
10022;747;6,86
10023;753;7,47
10024;744;6,56
10027;744;6,56
10028;747;6,86
10029;743;6,46
10031;741;6,26
10032;744;6,56
10033;745;6,66
10035;744;6,56
10036;744;6,56
10037;751;7,26
10039;745;6,66
10040;748;6,96
10041;745;6,66
10042;744;6,56
10044;749;7,06
10045;743;6,46
10046;748;6,96
10048;746;6,76
10049;745;6,66
10050;745;6,66
10052;745;6,66
10053;748;6,96
10054;755;7,67
10056;747;6,86
10057;748;6,96
10058;747;6,86
10060;743;6,46
10061;747;6,86
10062;744;6,56
10064;745;6,66
10065;748;6,96
10066;745;6,66
10068;749;7,06
10070;750;7,16
10071;748;6,96
10073;744;6,56
10074;748;6,96
10075;743;6,46
10077;751;7,26
10078;750;7,16
10079;749;7,06
10081;744;6,56
10082;743;6,46
10083;743;6,46
10085;747;6,86
10086;744;6,56
10087;751;7,26
10089;745;6,66
10090;745;6,66
10091;747;6,86
10093;753;7,47
10094;747;6,86
10095;750;7,16
10097;746;6,76
10098;748;6,96
10099;746;6,76
10101;746;6,76
10102;748;6,96
10103;744;6,56
10105;751;7,26
10106;745;6,66
10107;752;7,36
10109;752;7,36
10110;746;6,76
10112;745;6,66
10114;746;6,76
10115;746;6,76
10116;749;7,06
10118;745;6,66
10119;748;6,96
10120;751;7,26
10122;749;7,06
10123;751;7,26
10124;749;7,06
10126;748;6,96
10127;748;6,96
10128;749;7,06
10129;755;7,67
10131;744;6,56
10132;744;6,56
10133;753;7,47
10135;744;6,56
10136;745;6,66
10137;747;6,86
10139;747;6,86
10140;745;6,66
10141;746;6,76
10143;745;6,66
10144;746;6,76
10145;750;7,16
10147;746;6,76
10148;754;7,57
10149;748;6,96
10151;746;6,76
10152;744;6,56
10153;746;6,76
10156;753;7,47
10157;746;6,76
10158;750;7,16
10160;746;6,76
10161;755;7,67
10162;746;6,76
10164;751;7,26
10165;750;7,16
10166;748;6,96
10168;746;6,76
10169;747;6,86
10170;747;6,86
10172;748;6,96
10173;748;6,96
10174;747;6,86
10176;747;6,86
10177;753;7,47
10178;747;6,86
10180;754;7,57
10181;751;7,26
10182;749;7,06
10184;757;7,87
10185;749;7,06
10186;750;7,16
10188;751;7,26
10189;758;7,97
10190;751;7,26
10192;756;7,77
10193;759;8,07
10194;752;7,36
10196;751;7,26
10198;751;7,26
10199;752;7,36
10201;749;7,06
10202;750;7,16
10203;754;7,57
10205;753;7,47
10206;751;7,26
10207;750;7,16
10209;749;7,06
10210;749;7,06
10211;752;7,36
10213;748;6,96
10214;751;7,26
10215;755;7,67
10216;750;7,16
10218;750;7,16
10219;751;7,26
10220;757;7,87
10222;753;7,47
10223;748;6,96
10224;754;7,57
10226;754;7,57
10227;749;7,06
10228;748;6,96
10230;748;6,96
10231;750;7,16
10232;753;7,47
10234;749;7,06
10235;749;7,06
10236;748;6,96
10238;749;7,06
10240;749;7,06
10241;749;7,06
10243;749;7,06
10244;749;7,06
10245;748;6,96
10247;755;7,67
10248;749;7,06
10249;752;7,36
10251;749;7,06
10252;748;6,96
10253;750;7,16
10255;750;7,16
10256;751;7,26
10257;749;7,06
10259;749;7,06
10260;749;7,06
10261;749;7,06
10263;749;7,06
10264;748;6,96
10265;751;7,26
10267;751;7,26
10268;752;7,36
10269;756;7,77
10271;749;7,06
10272;756;7,77
10273;752;7,36
10275;750;7,16
10276;752;7,36
10277;752;7,36
10279;750;7,16
10280;751;7,26
10281;751;7,26
10284;751;7,26
10285;752;7,36
10286;753;7,47
10288;752;7,36
10289;756;7,77
10290;751;7,26
10292;751;7,26
10293;751;7,26
10294;753;7,47
10296;753;7,47
10297;752;7,36
10298;752;7,36
10300;755;7,67
10301;752;7,36
10302;756;7,77
10303;753;7,47
10305;754;7,57
10306;754;7,57
10307;754;7,57
10309;753;7,47
10310;759;8,07
10311;751;7,26
10313;759;8,07
10314;753;7,47
10315;760;8,17
10317;756;7,77
10318;754;7,57
10319;754;7,57
10321;756;7,77
10322;755;7,67
10323;754;7,57
10326;755;7,67
10327;760;8,17
10328;756;7,77
10330;766;8,77
10331;756;7,77
10332;757;7,87
10334;760;8,17
10335;756;7,77
10336;757;7,87
10338;757;7,87
10339;757;7,87
10340;763;8,47
10342;756;7,77
10343;760;8,17
10344;759;8,07
10346;758;7,97
10347;757;7,87
10348;756;7,77
10350;758;7,97
10351;761;8,27
10352;753;7,47
10354;758;7,97
10355;756;7,77
10356;754;7,57
10358;755;7,67
10359;759;8,07
10360;764;8,57
10362;757;7,87
10363;760;8,17
10364;753;7,47
10366;758;7,97
10368;760;8,17
10369;753;7,47
10371;756;7,77
10372;754;7,57
10373;754;7,57
10375;754;7,57
10376;754;7,57
10377;763;8,47
10379;761;8,27
10380;754;7,57
10381;755;7,67
10383;757;7,87
10384;763;8,47
10385;759;8,07
10387;765;8,67
10388;758;7,97
10389;756;7,77
10390;755;7,67
10392;756;7,77
10393;755;7,67
10394;756;7,77
10396;754;7,57
10397;754;7,57
10398;758;7,97
10400;754;7,57
10401;753;7,47
10402;751;7,26
10404;755;7,67
10405;754;7,57
10406;752;7,36
10408;761;8,27
10409;759;8,07
10411;758;7,97
10413;750;7,16
10414;752;7,36
10415;749;7,06
10417;756;7,77
10418;749;7,06
10419;758;7,97
10421;748;6,96
10422;749;7,06
10423;747;6,86
10425;749;7,06
10426;750;7,16
10427;747;6,86
10429;748;6,96
10430;747;6,86
10431;746;6,76
10433;749;7,06
10434;748;6,96
10435;747;6,86
10437;747;6,86
10438;751;7,26
10439;748;6,96
10441;748;6,96
10442;755;7,67
10443;751;7,26
10445;747;6,86
10446;746;6,76
10447;747;6,86
10449;752;7,36
10450;751;7,26
10451;749;7,06
10454;751;7,26
10455;755;7,67
10456;747;6,86
10458;748;6,96
10459;753;7,47
10460;748;6,96
10462;750;7,16
10463;755;7,67
10464;755;7,67
10466;750;7,16
10467;748;6,96
10468;749;7,06
10470;750;7,16
10471;751;7,26
10472;753;7,47
10474;756;7,77
10475;750;7,16
10476;750;7,16
10477;751;7,26
10479;750;7,16
10480;757;7,87
10481;752;7,36
10483;753;7,47
10484;750;7,16
10485;756;7,77
10487;751;7,26
10488;753;7,47
10489;757;7,87
10491;747;6,86
10492;748;6,96
10493;749;7,06
10496;757;7,87
10497;749;7,06
10498;755;7,67
10500;748;6,96
10501;750;7,16
10502;749;7,06
10504;749;7,06
10505;754;7,57
10506;749;7,06
10508;749;7,06
10509;758;7,97
10510;750;7,16
10512;750;7,16
10513;750;7,16
10514;750;7,16
10516;760;8,17
10517;751;7,26
10518;748;6,96
10520;751;7,26
10521;752;7,36
10522;750;7,16
10524;749;7,06
10525;750;7,16
10526;755;7,67
10528;751;7,26
10529;756;7,77
10530;751;7,26
10532;751;7,26
10533;751;7,26
10534;757;7,87
10536;753;7,47
10537;750;7,16
10539;750;7,16
10541;757;7,87
10542;752;7,36
10543;751;7,26
10545;752;7,36
10546;757;7,87
10547;751;7,26
10549;753;7,47
10550;754;7,57
10551;751;7,26
10553;756;7,77
10554;761;8,27
10555;754;7,57
10557;759;8,07
10558;752;7,36
10559;760;8,17
10561;756;7,77
10562;759;8,07
10563;757;7,87
10564;759;8,07
10566;757;7,87
10567;753;7,47
10568;755;7,67
10570;761;8,27
10571;753;7,47
10572;752;7,36
10574;754;7,57
10575;759;8,07
10576;755;7,67
10578;754;7,57
10579;755;7,67
10580;763;8,47
10583;754;7,57
10584;754;7,57
10585;758;7,97
10587;753;7,47
10588;754;7,57
10589;754;7,57
10591;753;7,47
10592;755;7,67
10593;754;7,57
10595;757;7,87
10596;758;7,97
10597;763;8,47
10599;752;7,36
10600;760;8,17
10601;756;7,77
10603;753;7,47
10604;755;7,67
10605;754;7,57
10607;753;7,47
10608;754;7,57
10609;753;7,47
10611;753;7,47
10612;754;7,57
10613;750;7,16
10615;753;7,47
10616;754;7,57
10617;752;7,36
10619;757;7,87
10620;753;7,47
10621;752;7,36
10624;753;7,47
10625;751;7,26
10626;751;7,26
10628;752;7,36
10629;750;7,16
10630;751;7,26
10632;755;7,67
10633;750;7,16
10634;751;7,26
10636;757;7,87
10637;748;6,96
10638;758;7,97
10640;749;7,06
10641;755;7,67
10642;750;7,16
10644;751;7,26
10645;752;7,36
10646;750;7,16
10648;752;7,36
10649;752;7,36
10650;756;7,77
10651;751;7,26
10653;753;7,47
10654;751;7,26
10655;760;8,17
10657;748;6,96
10658;755;7,67
10659;754;7,57
10661;753;7,47
10662;755;7,67
10663;750;7,16
10665;753;7,47
10667;757;7,87
10668;760;8,17
10670;752;7,36
10671;751;7,26
10672;751;7,26
10674;753;7,47
10675;752;7,36
10676;756;7,77
10678;752;7,36
10679;753;7,47
10680;754;7,57
10682;753;7,47
10683;757;7,87
10684;754;7,57
10686;757;7,87
10687;755;7,67
10688;760;8,17
10690;756;7,77
10691;755;7,67
10692;755;7,67
10694;759;8,07
10695;757;7,87
10696;759;8,07
10698;759;8,07
10699;755;7,67
10700;759;8,07
10702;754;7,57
10703;761;8,27
10704;754;7,57
10706;756;7,77
10707;759;8,07
10708;759;8,07
10711;756;7,77
10712;761;8,27
10713;762;8,37
10715;758;7,97
10716;756;7,77
10717;756;7,77
10719;757;7,87
10720;761;8,27
10721;761;8,27
10723;758;7,97
10724;760;8,17
10725;757;7,87
10727;759;8,07
10728;768;8,98
10729;763;8,47
10731;761;8,27
10732;761;8,27
10733;763;8,47
10735;762;8,37
10736;765;8,67
10737;764;8,57
10738;763;8,47
10740;761;8,27
10741;761;8,27
10742;767;8,87
10744;762;8,37
10745;763;8,47
10746;763;8,47
10748;762;8,37
10749;763;8,47
10750;764;8,57
10753;766;8,77
10754;764;8,57
10755;764;8,57
10757;764;8,57
10758;771;9,28
10759;765;8,67
10761;765;8,67
10762;764;8,57
10763;765;8,67
10765;772;9,38
10766;764;8,57
10767;771;9,28
10769;772;9,38
10770;767;8,87
10771;767;8,87
10773;770;9,18
10774;774;9,58
10775;773;9,48
10777;769;9,08
10778;772;9,38
10779;769;9,08
10781;767;8,87
10782;770;9,18
10783;770;9,18
10785;773;9,48
10786;772;9,38
10787;773;9,48
10789;772;9,38
10790;777;9,88
10791;774;9,58
10793;785;10,69
10795;775;9,68
10796;775;9,68
10798;778;9,98
10799;777;9,88
10800;778;9,98
10802;781;10,28
10803;778;9,98
10804;780;10,18
10806;780;10,18
10807;782;10,38
10809;791;11,29
10810;788;10,99
10811;784;10,59
10813;787;10,89
10814;785;10,69
10816;785;10,69
10817;786;10,79
10819;789;11,09
10820;787;10,89
10821;791;11,29
10823;789;11,09
10824;789;11,09
10826;789;11,09
10827;789;11,09
10828;791;11,29
10830;795;11,69
10831;791;11,29
10833;792;11,39
10834;792;11,39
10835;794;11,59
10838;794;11,59
10839;793;11,49
10841;796;11,79
10842;794;11,59
10844;794;11,59
10845;794;11,59
10846;804;12,60
10848;792;11,39
10849;793;11,49
10851;797;11,89
10852;799;12,10
10853;799;12,10
10855;795;11,69
10856;794;11,59
10858;792;11,39
10859;795;11,69
10860;794;11,59
10862;794;11,59
10863;794;11,59
10865;793;11,49
10866;797;11,89
10867;792;11,39
10869;794;11,59
10870;795;11,69
10872;794;11,59
10873;795;11,69
10875;794;11,59
10876;793;11,49
10877;796;11,79
10880;794;11,59
10881;794;11,59
10883;795;11,69
10884;796;11,79
10885;794;11,59
10887;796;11,79
10888;800;12,20
10890;795;11,69
10891;796;11,79
10892;797;11,89
10894;799;12,10
10895;800;12,20
10897;801;12,30
10898;780;10,18
10900;814;13,61
10901;797;11,89
10902;797;11,89
10904;798;12,00
10905;794;11,59
10907;797;11,89
10908;796;11,79
10909;799;12,10
10911;797;11,89
10912;796;11,79
10914;797;11,89
10915;799;12,10
10916;797;11,89
10918;797;11,89
10919;797;11,89
10921;802;12,40
10923;798;12,00
10925;796;11,79
10926;798;12,00
10927;795;11,69
10929;797;11,89
10930;799;12,10
10932;797;11,89
10933;796;11,79
10934;795;11,69
10936;793;11,49
10937;794;11,59
10939;795;11,69
10940;799;12,10
10941;794;11,59
10943;793;11,49
10944;793;11,49
10946;792;11,39
10947;792;11,39
10949;790;11,19
10950;793;11,49
10951;788;10,99
10953;791;11,29
10954;790;11,19
10956;794;11,59
10957;791;11,29
10958;789;11,09
10960;785;10,69
10961;783;10,49
10963;786;10,79
10964;791;11,29
10966;783;10,49
10968;783;10,49
10969;788;10,99
10971;792;11,39
10972;791;11,29
10974;791;11,29
10975;787;10,89
10976;785;10,69
10978;788;10,99
10979;785;10,69
10981;787;10,89
10982;792;11,39
10983;794;11,59
10985;793;11,49
10986;786;10,79
10988;790;11,19
10989;788;10,99
10990;795;11,69
10992;796;11,79
10993;790;11,19
10995;785;10,69
10996;788;10,99
10998;791;11,29
10999;789;11,09
11000;790;11,19
11002;785;10,69
11003;786;10,79
11005;785;10,69
11006;782;10,38
11008;781;10,28
11010;790;11,19
11011;785;10,69
11013;774;9,58
11014;791;11,29
11015;787;10,89
11017;779;10,08
11018;792;11,39
11020;791;11,29
11021;778;9,98
11022;785;10,69
11024;779;10,08
11025;791;11,29
11027;780;10,18
11028;788;10,99
11029;787;10,89
11031;784;10,59
11032;780;10,18
11034;783;10,49
11035;783;10,49
11036;785;10,69
11038;782;10,38
11039;782;10,38
11041;782;10,38
11042;779;10,08
11043;785;10,69
11045;784;10,59
11046;781;10,28
11048;780;10,18
11049;780;10,18
11052;782;10,38
11053;785;10,69
11054;784;10,59
11056;782;10,38
11057;786;10,79
11059;785;10,69
11060;784;10,59
11061;786;10,79
11063;784;10,59
11064;786;10,79
11066;785;10,69
11067;785;10,69
11068;785;10,69
11070;785;10,69
11071;785;10,69
11073;784;10,59
11074;783;10,49
11076;783;10,49
11077;783;10,49
11078;783;10,49
11080;782;10,38
11081;783;10,49
11083;786;10,79
11084;783;10,49
11085;781;10,28
11087;782;10,38
11088;783;10,49
11090;782;10,38
11091;782;10,38
11092;783;10,49
11095;783;10,49
11096;780;10,18
11098;781;10,28
11099;784;10,59
11101;784;10,59
11102;786;10,79
11103;787;10,89
11105;788;10,99
11106;786;10,79
11108;783;10,49
11109;786;10,79
11110;786;10,79
11112;786;10,79
11113;783;10,49
11115;784;10,59
11116;787;10,89
11117;784;10,59
11119;784;10,59
11120;782;10,38
11122;777;9,88
11123;783;10,49
11124;784;10,59
11126;778;9,98
11127;786;10,79
11129;791;11,29
11130;781;10,28
11131;790;11,19
11133;784;10,59
11134;780;10,18
11137;786;10,79
11138;783;10,49
11139;779;10,08
11141;782;10,38
11142;784;10,59
11144;783;10,49
11145;779;10,08
11147;782;10,38
11148;786;10,79
11149;788;10,99
11151;786;10,79
11152;785;10,69
11154;779;10,08
11155;782;10,38
11156;786;10,79
11158;789;11,09
11159;788;10,99
11161;784;10,59
11162;783;10,49
11163;780;10,18
11165;783;10,49
11166;781;10,28
11168;779;10,08
11169;775;9,68
11170;780;10,18
11172;776;9,78
11173;776;9,78
11174;775;9,68
11176;774;9,58
11177;774;9,58
11179;773;9,48
11181;774;9,58
11182;772;9,38
11183;772;9,38
11185;769;9,08
11186;769;9,08
11187;771;9,28
11189;770;9,18
11190;773;9,48
11191;765;8,67
11193;766;8,77
11194;769;9,08
11195;765;8,67
11197;765;8,67
11198;764;8,57
11199;772;9,38
11201;768;8,98
11202;772;9,38
11203;772;9,38
11205;771;9,28
11206;775;9,68
11207;778;9,98
11209;777;9,88
11210;775;9,68
11211;778;9,98
11213;776;9,78
11214;779;10,08
11215;776;9,78
11217;775;9,68
11218;774;9,58
11219;776;9,78
11222;778;9,98
11223;778;9,98
11224;776;9,78
11226;776;9,78
11227;776;9,78
11228;777;9,88
11230;777;9,88
11231;780;10,18
11232;781;10,28
11234;777;9,88
11235;775;9,68
11237;781;10,28
11238;776;9,78
11239;777;9,88
11241;778;9,98
11242;774;9,58
11243;775;9,68
11245;773;9,48
11246;777;9,88
11247;774;9,58
11249;774;9,58
11250;775;9,68
11251;777;9,88
11253;772;9,38
11254;773;9,48
11255;771;9,28
11257;771;9,28
11258;770;9,18
11259;773;9,48
11260;770;9,18
11262;773;9,48
11264;771;9,28
11265;772;9,38
11267;770;9,18
11268;769;9,08
11269;770;9,18
11271;773;9,48
11272;775;9,68
11273;772;9,38
11275;772;9,38
11276;771;9,28
11277;775;9,68
11279;773;9,48
11280;774;9,58
11281;775;9,68
11283;778;9,98
11284;776;9,78
11285;780;10,18
11287;781;10,28
11288;778;9,98
11290;775;9,68
11291;778;9,98
11292;777;9,88
11294;781;10,28
11295;778;9,98
11296;775;9,68
11298;774;9,58
11299;775;9,68
11300;773;9,48
11302;773;9,48
11303;777;9,88
11304;777;9,88
11307;772;9,38
11308;771;9,28
11309;777;9,88
11311;769;9,08
11312;767;8,87
11313;771;9,28
11315;767;8,87
11316;767;8,87
11317;773;9,48
11319;769;9,08
11320;770;9,18
11321;772;9,38
11322;770;9,18
11324;769;9,08
11325;766;8,77
11326;767;8,87
11328;771;9,28
11329;767;8,87
11330;769;9,08
11332;771;9,28
11333;770;9,18
11334;769;9,08
11336;769;9,08
11337;771;9,28
11338;764;8,57
11340;766;8,77
11341;760;8,17
11342;767;8,87
11344;765;8,67
11345;765;8,67
11346;763;8,47
11348;763;8,47
11350;768;8,98
11351;765;8,67
11353;765;8,67
11354;767;8,87
11355;766;8,77
11357;764;8,57
11358;766;8,77
11359;767;8,87
11361;775;9,68
11362;770;9,18
11363;769;9,08
11365;768;8,98
11366;772;9,38
11367;768;8,98
11369;771;9,28
11370;770;9,18
11371;767;8,87
11373;769;9,08
11374;768;8,98
11375;769;9,08
11377;768;8,98
11378;768;8,98
11379;767;8,87
11381;765;8,67
11382;764;8,57
11383;762;8,37
11385;763;8,47
11386;761;8,27
11387;760;8,17
11389;760;8,17
11390;758;7,97
11392;759;8,07
11394;761;8,27
11395;759;8,07
11396;758;7,97
11398;757;7,87
11399;760;8,17
11400;758;7,97
11402;758;7,97
11403;760;8,17
11404;758;7,97
11406;759;8,07
11407;756;7,77
11408;758;7,97
11409;757;7,87
11411;764;8,57
11412;759;8,07
11413;760;8,17
11415;757;7,87
11416;758;7,97
11417;758;7,97
11419;757;7,87
11420;759;8,07
11421;758;7,97
11423;757;7,87
11424;756;7,77
11425;757;7,87
11427;760;8,17
11428;755;7,67
11429;753;7,47
11431;755;7,67
11432;754;7,57
11433;755;7,67
11436;754;7,57
11437;754;7,57
11438;752;7,36
11440;754;7,57
11441;758;7,97
11442;755;7,67
11444;758;7,97
11445;753;7,47
11446;755;7,67
11448;759;8,07
11449;755;7,67
11450;753;7,47
11452;756;7,77
11453;756;7,77
11454;755;7,67
11456;754;7,57
11457;755;7,67
11458;755;7,67
11460;753;7,47
11461;756;7,77
11462;757;7,87
11464;755;7,67
11465;754;7,57
11466;755;7,67
11468;754;7,57
11469;756;7,77
11470;754;7,57
11472;755;7,67
11473;752;7,36
11474;750;7,16
11476;750;7,16
11478;753;7,47
11479;748;6,96
11481;749;7,06
11482;748;6,96
11483;748;6,96
11485;749;7,06
11486;748;6,96
11487;747;6,86
11489;750;7,16
11490;748;6,96
11491;753;7,47
11493;754;7,57
11494;752;7,36
11495;747;6,86
11496;749;7,06
11498;746;6,76
11499;746;6,76
11500;746;6,76
11502;746;6,76
11503;746;6,76
11504;746;6,76
11506;745;6,66
11507;746;6,76
11508;745;6,66
11510;745;6,66
11511;745;6,66
11512;745;6,66
11514;744;6,56
11515;746;6,76
11516;745;6,66
11518;744;6,56
11520;746;6,76
11521;744;6,56
11523;744;6,56
11524;743;6,46
11525;742;6,36
11527;746;6,76
11528;743;6,46
11529;742;6,36
11531;743;6,46
11532;743;6,46
11533;740;6,16
11535;739;6,06
11536;744;6,56
11537;741;6,26
11539;750;7,16
11540;743;6,46
11541;742;6,36
11543;740;6,16
11544;749;7,06
11545;743;6,46
11547;749;7,06
11548;745;6,66
11549;745;6,66
11551;749;7,06
11552;750;7,16
11553;745;6,66
11555;745;6,66
11556;745;6,66
11557;747;6,86
11559;748;6,96
11560;750;7,16
11561;749;7,06
11564;749;7,06
11565;750;7,16
11566;752;7,36
11568;754;7,57
11569;754;7,57
11570;757;7,87
11572;754;7,57
11573;754;7,57
11574;757;7,87
11576;759;8,07
11577;758;7,97
11578;763;8,47
11580;759;8,07
11581;763;8,47
11582;759;8,07
11583;759;8,07
11585;761;8,27
11586;760;8,17
11587;761;8,27
11589;760;8,17
11590;761;8,27
11591;761;8,27
11593;763;8,47
11594;760;8,17
11595;759;8,07
11597;766;8,77
11598;765;8,67
11599;764;8,57
11601;765;8,67
11602;762;8,37
11603;760;8,17
11606;766;8,77
11607;760;8,17
11608;760;8,17
11610;759;8,07
11611;761;8,27
11612;763;8,47
11614;759;8,07
11615;761;8,27
11616;760;8,17
11618;763;8,47
11619;758;7,97
11620;757;7,87
11622;762;8,37
11623;757;7,87
11624;757;7,87
11626;758;7,97
11627;758;7,97
11628;763;8,47
11630;756;7,77
11631;757;7,87
11632;760;8,17
11634;757;7,87
11635;755;7,67
11636;758;7,97
11638;756;7,77
11639;757;7,87
11640;757;7,87
11642;758;7,97
11643;763;8,47
11644;759;8,07
11646;760;8,17
11648;759;8,07
11649;759;8,07
11651;761;8,27
11652;763;8,47
11653;762;8,37
11655;760;8,17
11656;766;8,77
11657;760;8,17
11659;760;8,17
11660;762;8,37
11661;762;8,37
11663;759;8,07
11664;759;8,07
11665;763;8,47
11667;759;8,07
11668;758;7,97
11669;759;8,07
11670;758;7,97
11672;761;8,27
11673;758;7,97
11674;756;7,77
11676;754;7,57
11677;757;7,87
11678;755;7,67
11680;760;8,17
11681;756;7,77
11682;754;7,57
11684;756;7,77
11685;755;7,67
11686;754;7,57
11688;754;7,57
11689;756;7,77
11691;753;7,47
11693;754;7,57
11694;753;7,47
11695;754;7,57
11697;757;7,87
11698;752;7,36
11699;753;7,47
11701;756;7,77
11702;753;7,47
11703;751;7,26
11705;753;7,47
11706;752;7,36
11707;752;7,36
11709;751;7,26
11710;750;7,16
11711;749;7,06
11713;755;7,67
11714;750;7,16
11715;749;7,06
11717;754;7,57
11718;751;7,26
11719;750;7,16
11721;751;7,26
11722;751;7,26
11723;754;7,57
11725;753;7,47
11726;752;7,36
11727;750;7,16
11729;749;7,06
11730;749;7,06
11731;750;7,16
11734;752;7,36
11735;751;7,26
11736;751;7,26
11738;751;7,26
11739;755;7,67
11740;753;7,47
11742;753;7,47
11743;751;7,26
11744;752;7,36
11746;755;7,67
11747;750;7,16
11748;752;7,36
11750;750;7,16
11751;750;7,16
11752;752;7,36
11754;752;7,36
11755;754;7,57
11756;750;7,16
11757;753;7,47
11759;749;7,06
11760;749;7,06
11761;748;6,96
11763;749;7,06
11764;752;7,36
11765;753;7,47
11767;748;6,96
11768;751;7,26
11769;748;6,96
11771;746;6,76
11772;746;6,76
11773;747;6,86
11776;746;6,76
11777;746;6,76
11778;750;7,16
11780;745;6,66
11781;745;6,66
11782;744;6,56
11784;744;6,56
11785;748;6,96
11786;746;6,76
11788;743;6,46
11789;745;6,66
11790;745;6,66
11792;744;6,56
11793;744;6,56
11794;744;6,56
11796;744;6,56
11797;746;6,76
11798;745;6,66
11800;744;6,56
11801;745;6,66
11802;743;6,46
11804;743;6,46
11805;743;6,46
11806;743;6,46
11808;743;6,46
11809;745;6,66
11810;744;6,56
11812;743;6,46
11813;745;6,66
11814;744;6,56
11816;744;6,56
11817;742;6,36
11819;743;6,46
11821;744;6,56
11822;750;7,16
11823;746;6,76
11825;743;6,46
11826;745;6,66
11827;745;6,66
11829;745;6,66
11830;745;6,66
11831;744;6,56
11833;745;6,66
11834;750;7,16
11835;745;6,66
11837;746;6,76
11838;744;6,56
11839;749;7,06
11841;746;6,76
11842;748;6,96
11843;745;6,66
11844;745;6,66
11846;747;6,86
11847;746;6,76
11848;744;6,56
11850;743;6,46
11851;745;6,66
11852;743;6,46
11854;743;6,46
11855;744;6,56
11856;746;6,76
11858;743;6,46
11859;746;6,76
11860;744;6,56
11863;744;6,56
11864;744;6,56
11865;745;6,66
11867;743;6,46
11868;743;6,46
11869;745;6,66
11871;745;6,66
11872;743;6,46
11873;745;6,66
11875;742;6,36
11876;744;6,56
11877;746;6,76
11879;746;6,76
11880;745;6,66
11881;743;6,46
11883;743;6,46
11884;743;6,46
11885;743;6,46
11887;745;6,66
11888;743;6,46
11889;742;6,36
11891;742;6,36
11892;745;6,66
11893;742;6,36
11895;745;6,66
11896;747;6,86
11897;743;6,46
11899;744;6,56
11900;744;6,56
11901;744;6,56
11904;743;6,46
11905;748;6,96
11906;745;6,66
11908;744;6,56
11909;746;6,76
11910;742;6,36
11912;747;6,86
11913;751;7,26
11914;743;6,46
11916;752;7,36
11917;745;6,66
11918;745;6,66
11920;745;6,66
11921;745;6,66
11922;747;6,86
11924;749;7,06
11925;747;6,86
11926;752;7,36
11928;751;7,26
11929;747;6,86
11930;751;7,26
11931;748;6,96
11933;749;7,06
11934;745;6,66
11935;750;7,16
11937;746;6,76
11938;745;6,66
11939;753;7,47
11941;746;6,76
11942;746;6,76
11943;745;6,66
11945;744;6,56
11947;745;6,66
11948;746;6,76
11950;745;6,66
11951;747;6,86
11952;750;7,16
11954;745;6,66
11955;743;6,46
11956;747;6,86
11958;745;6,66
11959;745;6,66
11960;746;6,76
11962;747;6,86
11963;744;6,56
11964;742;6,36
11966;745;6,66
11967;745;6,66
11968;751;7,26
11970;742;6,36
11971;743;6,46
11972;743;6,46
11974;744;6,56
11975;746;6,76
11976;753;7,47
11978;748;6,96
11979;742;6,36
11980;747;6,86
11982;741;6,26
11983;747;6,86
11984;740;6,16
11986;742;6,36
11987;742;6,36
11988;741;6,26
11991;741;6,26
11992;743;6,46
11993;743;6,46
11995;740;6,16
11996;742;6,36
11997;742;6,36
11999;739;6,06
12000;741;6,26
12001;740;6,16
12003;742;6,36
12004;743;6,46
12005;743;6,46
12007;747;6,86
12008;742;6,36
12009;750;7,16
12011;743;6,46
12012;749;7,06
12013;740;6,16
12015;749;7,06
12016;748;6,96
12017;748;6,96
12019;747;6,86
12020;742;6,36
12021;742;6,36
12022;742;6,36
12024;743;6,46
12025;740;6,16
12026;739;6,06
12028;740;6,16
12029;739;6,06
12030;741;6,26
12033;740;6,16
12034;745;6,66
12035;740;6,16
12037;741;6,26
12038;739;6,06
12039;738;5,96
12041;737;5,85
12042;738;5,96
12043;739;6,06
12045;740;6,16
12046;744;6,56
12047;743;6,46
12049;741;6,26
12050;738;5,96
12051;740;6,16
12053;741;6,26
12054;738;5,96
12055;745;6,66
12057;740;6,16
12058;739;6,06
12059;745;6,66
12061;740;6,16
12062;743;6,46
12063;742;6,36
12065;740;6,16
12066;740;6,16
12067;742;6,36
12069;740;6,16
12070;741;6,26
12071;740;6,16
12073;740;6,16
12075;747;6,86
12076;743;6,46
12078;745;6,66
12079;745;6,66
12080;744;6,56
12082;739;6,06
12083;740;6,16
12084;741;6,26
12086;742;6,36
12087;741;6,26
12088;745;6,66
12090;743;6,46
12091;741;6,26
12092;745;6,66
12094;742;6,36
12095;743;6,46
12096;742;6,36
12098;743;6,46
12099;741;6,26
12100;744;6,56
12102;743;6,46
12103;743;6,46
12104;743;6,46
12106;741;6,26
12107;746;6,76
12108;741;6,26
12109;740;6,16
12111;744;6,56
12112;739;6,06
12113;738;5,96
12115;740;6,16
12116;740;6,16
12118;739;6,06
12120;741;6,26
12121;741;6,26
12122;738;5,96
12124;739;6,06
12125;738;5,96
12126;740;6,16
12128;740;6,16
12129;739;6,06
12130;740;6,16
12132;741;6,26
12133;743;6,46
12134;739;6,06
12136;740;6,16
12137;739;6,06
12138;742;6,36
12140;741;6,26
12141;746;6,76
12142;741;6,26
12144;741;6,26
12145;742;6,36
12146;742;6,36
12148;742;6,36
12149;744;6,56
12150;744;6,56
12152;744;6,56
12153;743;6,46
12154;746;6,76
12156;742;6,36
12157;746;6,76
12158;743;6,46
12161;744;6,56
12162;741;6,26
12163;745;6,66
12165;741;6,26
12166;747;6,86
12167;748;6,96
12169;744;6,56
12170;741;6,26
12171;744;6,56
12173;744;6,56
12174;742;6,36
12175;739;6,06
12177;740;6,16
12178;739;6,06
12179;742;6,36
12181;745;6,66
12182;744;6,56
12183;744;6,56
12185;740;6,16
12186;743;6,46
12187;745;6,66
12189;740;6,16
12190;744;6,56
12191;744;6,56
12192;742;6,36
12194;747;6,86
12195;744;6,56
12196;742;6,36
12198;744;6,56
12199;743;6,46
12200;745;6,66
12203;745;6,66
12204;743;6,46
12205;743;6,46
12207;745;6,66
12208;743;6,46
12209;752;7,36
12211;744;6,56
12212;744;6,56
12213;753;7,47
12215;744;6,56
12216;744;6,56
12217;745;6,66
12219;745;6,66
12220;745;6,66
12221;745;6,66
12223;747;6,86
12224;744;6,56
12225;749;7,06
12227;747;6,86
12228;746;6,76
12229;745;6,66
12231;743;6,46
12232;742;6,36
12233;741;6,26
12235;748;6,96
12236;743;6,46
12237;745;6,66
12239;742;6,36
12240;743;6,46
12241;740;6,16
12243;746;6,76
12244;740;6,16
12246;739;6,06
12248;738;5,96
12249;738;5,96
12250;739;6,06
12252;739;6,06
12253;740;6,16
12254;738;5,96
12256;738;5,96
12257;744;6,56
12258;747;6,86
12260;739;6,06
12261;739;6,06
12262;745;6,66
12264;738;5,96
12265;738;5,96
12266;738;5,96
12268;739;6,06
12269;744;6,56
12270;741;6,26
12272;741;6,26
12273;743;6,46
12274;743;6,46
12276;745;6,66
12277;743;6,46
12278;744;6,56
12279;745;6,66
12281;746;6,76
12282;748;6,96
12283;748;6,96
12285;748;6,96
12286;747;6,86
12288;750;7,16
12290;748;6,96
12291;748;6,96
12292;748;6,96
12294;754;7,57
12295;750;7,16
12296;750;7,16
12298;750;7,16
12299;755;7,67
12300;746;6,76
12302;745;6,66
12303;749;7,06
12304;743;6,46
12306;745;6,66
12307;749;7,06
12308;745;6,66
12310;742;6,36
12311;741;6,26
12312;742;6,36
12314;744;6,56
12315;743;6,46
12316;743;6,46
12318;743;6,46
12319;741;6,26
12320;743;6,46
12322;741;6,26
12323;742;6,36
12324;742;6,36
12326;745;6,66
12327;747;6,86
12328;743;6,46
12331;746;6,76
12332;745;6,66
12333;744;6,56
12335;752;7,36
12336;748;6,96
12337;748;6,96
12339;753;7,47
12340;746;6,76
12341;748;6,96
12343;749;7,06
12344;751;7,26
12345;748;6,96
12347;750;7,16
12348;751;7,26
12349;756;7,77
12351;751;7,26
12352;751;7,26
12353;751;7,26
12355;750;7,16
12356;754;7,57
12357;751;7,26
12359;750;7,16
12360;748;6,96
12361;750;7,16
12363;749;7,06
12364;750;7,16
12365;748;6,96
12366;747;6,86
12368;748;6,96
12369;747;6,86
12370;747;6,86
12372;744;6,56
12374;747;6,86
12375;745;6,66
12377;747;6,86
12378;746;6,76
12379;743;6,46
12381;744;6,56
12382;742;6,36
12383;745;6,66
12385;741;6,26
12386;751;7,26
12387;745;6,66
12389;740;6,16
12390;751;7,26
12391;743;6,46
12393;743;6,46
12394;752;7,36
12395;751;7,26
12397;750;7,16
12398;754;7,57
12399;747;6,86
12401;747;6,86
12402;749;7,06
12403;749;7,06
12405;753;7,47
12406;758;7,97
12407;753;7,47
12409;754;7,57
12410;752;7,36
12411;753;7,47
12413;752;7,36
12414;755;7,67
12416;752;7,36
12418;752;7,36
12419;755;7,67
12420;755;7,67
12422;754;7,57
12423;753;7,47
12424;754;7,57
12426;751;7,26
12427;756;7,77
12428;754;7,57
12430;751;7,26
12431;750;7,16
12432;755;7,67
12434;750;7,16
12435;748;6,96
12436;753;7,47
12438;747;6,86
12439;748;6,96
12440;748;6,96
12442;748;6,96
12443;755;7,67
12444;748;6,96
12446;751;7,26
12447;748;6,96
12448;747;6,86
12450;747;6,86
12451;745;6,66
12452;749;7,06
12453;747;6,86
12455;747;6,86
12456;746;6,76
12457;749;7,06
12460;749;7,06
12461;746;6,76
12462;745;6,66
12464;745;6,66
12465;748;6,96
12466;746;6,76
12468;746;6,76
12469;750;7,16
12470;744;6,56
12472;744;6,56
12473;746;6,76
12474;749;7,06
12476;752;7,36
12477;746;6,76
12478;747;6,86
12480;751;7,26
12481;749;7,06
12482;747;6,86
12484;750;7,16
12485;752;7,36
12486;750;7,16
12488;750;7,16
12489;750;7,16
12490;752;7,36
12492;753;7,47
12493;752;7,36
12494;752;7,36
12496;751;7,26
12497;753;7,47
12498;755;7,67
12500;751;7,26
12502;755;7,67
12503;751;7,26
12505;750;7,16
12506;750;7,16
12507;755;7,67
12509;750;7,16
12510;749;7,06
12511;753;7,47
12513;747;6,86
12514;752;7,36
12515;753;7,47
12517;753;7,47
12518;752;7,36
12519;747;6,86
12521;746;6,76
12522;755;7,67
12523;751;7,26
12525;747;6,86
12526;747;6,86
12527;745;6,66
12529;751;7,26
12530;749;7,06
12531;754;7,57
12533;756;7,77
12534;748;6,96
12535;757;7,87
12537;749;7,06
12538;755;7,67
12539;747;6,86
12540;749;7,06
12542;748;6,96
12544;752;7,36
12545;752;7,36
12547;752;7,36
12548;752;7,36
12549;748;6,96
12551;754;7,57
12552;748;6,96
12553;748;6,96
12555;749;7,06
12556;748;6,96
12557;759;8,07
12559;749;7,06
12560;751;7,26
12561;758;7,97
12563;749;7,06
12564;753;7,47
12565;749;7,06
12567;751;7,26
12568;749;7,06
12569;750;7,16
12571;748;6,96
12572;756;7,77
12573;748;6,96
12575;747;6,86
12576;750;7,16
12577;749;7,06
12579;748;6,96
12580;749;7,06
12581;754;7,57
12583;749;7,06
12584;757;7,87
12585;749;7,06
12588;749;7,06
12589;749;7,06
12590;757;7,87
12592;748;6,96
12593;749;7,06
12594;749;7,06
12596;747;6,86
12597;747;6,86
12598;746;6,76
12600;748;6,96
12601;750;7,16
12602;754;7,57
12604;748;6,96
12605;750;7,16
12606;752;7,36
12608;749;7,06
12609;751;7,26
12610;746;6,76
12612;746;6,76
12613;750;7,16
12614;754;7,57
12616;746;6,76
12617;749;7,06
12618;750;7,16
12620;749;7,06
12621;747;6,86
12622;752;7,36
12624;747;6,86
12625;747;6,86
12626;748;6,96
12627;747;6,86
12630;752;7,36
12631;754;7,57
12632;749;7,06
12634;747;6,86
12635;749;7,06
12636;755;7,67
12638;750;7,16
12639;747;6,86
12640;749;7,06
12642;750;7,16
12643;758;7,97
12644;754;7,57
12646;751;7,26
12647;752;7,36
12648;755;7,67
12650;754;7,57
12651;751;7,26
12652;751;7,26
12654;750;7,16
12655;752;7,36
12656;750;7,16
12658;756;7,77
12659;759;8,07
12660;755;7,67
12662;755;7,67
12663;750;7,16
12664;757;7,87
12666;754;7,57
12667;753;7,47
12668;756;7,77
12670;761;8,27
12672;755;7,67
12673;753;7,47
12675;751;7,26
12676;754;7,57
12677;753;7,47
12679;753;7,47
12680;750;7,16
12681;751;7,26
12683;752;7,36
12684;753;7,47
12685;754;7,57
12687;753;7,47
12688;751;7,26
12689;753;7,47
12691;749;7,06
12692;751;7,26
12693;750;7,16
12695;749;7,06
12696;751;7,26
12697;750;7,16
12699;752;7,36
12700;753;7,47
12701;754;7,57
12703;752;7,36
12704;751;7,26
12705;751;7,26
12707;751;7,26
12708;752;7,36
12709;752;7,36
12711;756;7,77
12712;756;7,77
12713;755;7,67
12715;755;7,67
12717;759;8,07
12718;760;8,17
12719;756;7,77
12721;759;8,07
12722;752;7,36
12723;761;8,27
12725;759;8,07
12726;759;8,07
12727;759;8,07
12729;755;7,67
12730;752;7,36
12731;756;7,77
12733;760;8,17
12734;756;7,77
12735;753;7,47
12737;760;8,17
12738;757;7,87
12739;755;7,67
12741;757;7,87
12742;752;7,36
12743;756;7,77
12745;757;7,87
12746;751;7,26
12747;751;7,26
12749;757;7,87
12750;749;7,06
12751;751;7,26
12753;749;7,06
12754;755;7,67
12755;749;7,06
12758;749;7,06
12759;753;7,47
12760;748;6,96
12762;749;7,06
12763;752;7,36
12764;751;7,26
12766;747;6,86
12767;748;6,96
12768;750;7,16
12770;750;7,16
12771;749;7,06
12772;748;6,96
12774;748;6,96
12775;748;6,96
12776;749;7,06
12778;750;7,16
12779;749;7,06
12780;754;7,57
12782;749;7,06
12783;751;7,26
12784;756;7,77
12786;756;7,77
12787;752;7,36
12788;750;7,16
12790;753;7,47
12791;751;7,26
12792;752;7,36
12794;752;7,36
12795;751;7,26
12796;761;8,27
12798;751;7,26
12800;755;7,67
12801;752;7,36
12802;753;7,47
12804;757;7,87
12805;750;7,16
12806;749;7,06
12808;749;7,06
12809;750;7,16
12810;753;7,47
12812;751;7,26
12813;762;8,37
12814;748;6,96
12816;748;6,96
12817;753;7,47
12818;746;6,76
12820;751;7,26
12821;745;6,66
12822;746;6,76
12824;746;6,76
12825;745;6,66
12826;751;7,26
12828;745;6,66
12829;749;7,06
12830;751;7,26
12832;746;6,76
12833;745;6,66
12834;748;6,96
12836;750;7,16
12837;749;7,06
12838;745;6,66
12840;746;6,76
12841;744;6,56
12843;748;6,96
12845;751;7,26
12846;753;7,47
12847;748;6,96
12849;747;6,86
12850;751;7,26
12851;750;7,16
12853;755;7,67
12854;749;7,06
12855;747;6,86
12857;748;6,96
12858;748;6,96
12859;752;7,36
12861;749;7,06
12862;748;6,96
12863;757;7,87
12865;752;7,36
12866;749;7,06
12867;749;7,06
12869;750;7,16
12870;757;7,87
12871;748;6,96
12873;752;7,36
12874;749;7,06
12875;753;7,47
12877;749;7,06
12878;755;7,67
12879;752;7,36
12881;751;7,26
12882;750;7,16
12883;749;7,06
12886;746;6,76
12887;749;7,06
12888;756;7,77
12889;752;7,36
12891;749;7,06
12892;754;7,57
12893;748;6,96
12895;746;6,76
12896;748;6,96
12897;749;7,06
12899;745;6,66
12900;747;6,86
12901;749;7,06
12903;746;6,76
12904;746;6,76
12905;749;7,06
12907;745;6,66
12908;746;6,76
12909;744;6,56
12911;744;6,56
12912;751;7,26
12913;748;6,96
12915;745;6,66
12916;752;7,36
12917;744;6,56
12919;747;6,86
12920;746;6,76
12921;749;7,06
12923;748;6,96
12924;752;7,36
12925;745;6,66
12928;749;7,06
12929;744;6,56
12930;744;6,56
12932;747;6,86
12933;746;6,76
12934;748;6,96
12936;755;7,67
12937;743;6,46
12938;747;6,86
12940;746;6,76
12941;750;7,16
12942;747;6,86
12944;751;7,26
12945;757;7,87
12946;757;7,87
12948;754;7,57
12949;747;6,86
12950;747;6,86
12952;746;6,76
12953;748;6,96
12954;748;6,96
12956;749;7,06
12957;751;7,26
12958;746;6,76
12960;748;6,96
12961;747;6,86
12962;748;6,96
12964;751;7,26
12965;749;7,06
12966;749;7,06
12968;749;7,06
12969;754;7,57
12971;757;7,87
12973;749;7,06
12974;747;6,86
12975;749;7,06
12976;752;7,36
12978;758;7,97
12979;750;7,16
12980;752;7,36
12982;750;7,16
12983;752;7,36
12984;747;6,86
12986;750;7,16
12987;748;6,96
12988;747;6,86
12990;749;7,06
12991;746;6,76
12992;746;6,76
12994;746;6,76
12995;746;6,76
12996;746;6,76
12998;747;6,86
12999;747;6,86
13000;746;6,76
13002;752;7,36
13003;752;7,36
13004;747;6,86
13006;746;6,76
13007;745;6,66
13008;744;6,56
13010;746;6,76
13011;746;6,76
13012;746;6,76
13015;745;6,66
13016;747;6,86
13017;745;6,66
13019;750;7,16
13020;744;6,56
13021;750;7,16
13023;745;6,66
13024;747;6,86
13025;754;7,57
13027;744;6,56
13028;745;6,66
13029;746;6,76
13031;747;6,86
13032;749;7,06
13033;748;6,96
13035;748;6,96
13036;748;6,96
13037;746;6,76
13039;748;6,96
13040;756;7,77
13041;747;6,86
13043;751;7,26
13044;748;6,96
13045;751;7,26
13047;755;7,67
13048;750;7,16
13049;749;7,06
13051;749;7,06
13052;755;7,67
13053;758;7,97
13056;751;7,26
13057;750;7,16
13058;752;7,36
13060;755;7,67
13061;747;6,86
13062;748;6,96
13063;748;6,96
13065;748;6,96
13066;748;6,96
13067;747;6,86
13069;753;7,47
13070;746;6,76
13071;749;7,06
13073;750;7,16
13074;750;7,16
13075;750;7,16
13077;746;6,76
13078;748;6,96
13079;748;6,96
13081;744;6,56
13082;746;6,76
13083;754;7,57
13085;741;6,26
13086;749;7,06
13087;753;7,47
13089;745;6,66
13090;749;7,06
13091;744;6,56
13093;746;6,76
13094;746;6,76
13095;745;6,66
13097;751;7,26
13099;745;6,66
13100;744;6,56
13102;744;6,56
13103;744;6,56
13104;743;6,46
13106;745;6,66
13107;745;6,66
13108;744;6,56
13110;743;6,46
13111;744;6,56
13112;744;6,56
13114;747;6,86
13115;751;7,26
13116;745;6,66
13118;745;6,66
13119;744;6,56
13120;746;6,76
13122;747;6,86
13123;745;6,66
13124;755;7,67
13126;747;6,86
13127;746;6,76
13128;746;6,76
13130;746;6,76
13131;746;6,76
13132;749;7,06
13134;747;6,86
13135;753;7,47
13136;748;6,96
13138;750;7,16
13139;749;7,06
13140;747;6,86
13143;748;6,96
13144;751;7,26
13145;747;6,86
13147;750;7,16
13148;748;6,96
13149;748;6,96
13150;753;7,47
13152;749;7,06
13153;748;6,96
13154;745;6,66
13156;747;6,86
13157;748;6,96
13158;747;6,86
13160;757;7,87
13161;747;6,86
13162;746;6,76
13164;753;7,47
13165;746;6,76
13166;746;6,76
13168;746;6,76
13169;754;7,57
13170;747;6,86
13172;751;7,26
13173;747;6,86
13174;745;6,66
13176;745;6,66
13177;750;7,16
13178;747;6,86
13180;749;7,06
13181;752;7,36
13182;748;6,96
13185;749;7,06
13186;750;7,16
13187;757;7,87
13189;751;7,26
13190;751;7,26
13191;752;7,36
13193;751;7,26
13194;752;7,36
13195;754;7,57
13197;751;7,26
13198;751;7,26
13199;755;7,67
13201;758;7,97
13202;758;7,97
13203;757;7,87
13205;752;7,36
13206;754;7,57
13207;755;7,67
13209;756;7,77
13210;765;8,67
13211;755;7,67
13213;756;7,77
13214;762;8,37
13215;756;7,77
13217;758;7,97
13218;764;8,57
13219;764;8,57
13221;759;8,07
13222;757;7,87
13223;758;7,97
13225;760;8,17
13227;765;8,67
13228;757;7,87
13230;761;8,27
13231;760;8,17
13232;756;7,77
13234;757;7,87
13235;763;8,47
13236;757;7,87
13237;758;7,97
13239;758;7,97
13240;762;8,37
13241;759;8,07
13243;757;7,87
13244;759;8,07
13245;763;8,47
13247;756;7,77
13248;757;7,87
13249;759;8,07
13251;756;7,77
13252;755;7,67
13253;759;8,07
13255;758;7,97
13256;756;7,77
13257;758;7,97
13259;758;7,97
13260;756;7,77
13261;758;7,97
13263;762;8,37
13264;758;7,97
13265;758;7,97
13267;755;7,67
13268;760;8,17
13270;755;7,67
13272;762;8,37
13273;755;7,67
13274;756;7,77
13276;755;7,67
13277;769;9,08
13278;754;7,57
13280;757;7,87
13281;754;7,57
13282;759;8,07
13284;753;7,47
13285;753;7,47
13286;752;7,36
13288;759;8,07
13289;758;7,97
13290;754;7,57
13292;755;7,67
13293;753;7,47
13294;751;7,26
13296;751;7,26
13297;752;7,36
13298;753;7,47
13300;759;8,07
13301;753;7,47
13302;763;8,47
13304;753;7,47
13305;752;7,36
13306;759;8,07
13308;750;7,16
13309;752;7,36
13310;756;7,77
13313;753;7,47
13314;751;7,26
13315;752;7,36
13317;759;8,07
13318;750;7,16
13319;759;8,07
13321;752;7,36
13322;751;7,26
13323;748;6,96
13324;751;7,26
13326;752;7,36
13327;757;7,87
13328;750;7,16
13330;749;7,06
13331;748;6,96
13332;750;7,16
13334;754;7,57
13335;750;7,16
13336;748;6,96
13338;754;7,57
13339;749;7,06
13340;747;6,86
13342;748;6,96
13343;749;7,06
13344;753;7,47
13346;747;6,86
13347;746;6,76
13348;745;6,66
13350;747;6,86
13351;746;6,76
13352;744;6,56
13355;751;7,26
13356;746;6,76
13357;745;6,66
13359;746;6,76
13360;747;6,86
13361;745;6,66
13363;747;6,86
13364;744;6,56
13365;743;6,46
13367;742;6,36
13368;742;6,36
13369;745;6,66
13371;741;6,26
13372;741;6,26
13373;743;6,46
13375;741;6,26
13376;741;6,26
13377;748;6,96
13379;741;6,26
13380;743;6,46
13381;742;6,36
13383;739;6,06
13384;745;6,66
13385;743;6,46
13387;750;7,16
13388;742;6,36
13389;746;6,76
13391;740;6,16
13392;741;6,26
13393;750;7,16
13395;745;6,66
13396;749;7,06
13398;742;6,36
13400;741;6,26
13401;743;6,46
13402;741;6,26
13404;744;6,56
13405;740;6,16
13406;742;6,36
13408;740;6,16
13409;742;6,36
13410;740;6,16
13411;746;6,76
13413;746;6,76
13414;740;6,16
13415;741;6,26
13417;741;6,26
13418;745;6,66
13419;740;6,16
13421;741;6,26
13422;747;6,86
13423;740;6,16
13425;739;6,06
13426;750;7,16
13427;740;6,16
13429;741;6,26
13430;749;7,06
13431;742;6,36
13433;750;7,16
13434;741;6,26
13435;743;6,46
13437;743;6,46
13438;743;6,46
13440;749;7,06
13442;744;6,56
13443;745;6,66
13444;739;6,06
13446;739;6,06
13447;745;6,66
13448;748;6,96
13450;751;7,26
13451;750;7,16
13452;739;6,06
13454;749;7,06
13455;743;6,46
13456;745;6,66
13458;746;6,76
13459;741;6,26
13460;743;6,46
13462;747;6,86
13463;745;6,66
13464;744;6,56
13466;747;6,86
13467;748;6,96
13468;746;6,76
13470;747;6,86
13471;746;6,76
13472;746;6,76
13474;757;7,87
13475;747;6,86
13476;749;7,06
13478;751;7,26
13479;751;7,26
13480;749;7,06
13483;749;7,06
13484;758;7,97
13485;755;7,67
13487;749;7,06
13488;756;7,77
13489;751;7,26
13491;749;7,06
13492;759;8,07
13493;756;7,77
13495;752;7,36
13496;754;7,57
13497;755;7,67
13498;755;7,67
13500;754;7,57
13501;755;7,67
13502;755;7,67
13504;756;7,77
13505;764;8,57
13506;758;7,97
13508;760;8,17
13509;758;7,97
13510;758;7,97
13512;762;8,37
13513;761;8,27
13514;763;8,47
13516;759;8,07
13517;764;8,57
13518;762;8,37
13520;763;8,47
13521;761;8,27
13522;765;8,67
13524;761;8,27
13526;762;8,37
13527;765;8,67
13529;762;8,37
13530;765;8,67
13531;763;8,47
13533;764;8,57
13534;762;8,37
13535;764;8,57
13537;767;8,87
13538;767;8,87
13539;764;8,57
13541;763;8,47
13542;765;8,67
13543;766;8,77
13545;765;8,67
13546;765;8,67
13547;765;8,67
13549;765;8,67
13550;766;8,77
13551;769;9,08
13553;766;8,77
13554;766;8,77
13555;766;8,77
13557;771;9,28
13558;769;9,08
13559;767;8,87
13561;773;9,48
13562;767;8,87
13563;768;8,98
13565;767;8,87
13566;770;9,18
13568;770;9,18
13570;773;9,48
13571;764;8,57
13572;766;8,77
13574;769;9,08
13575;764;8,57
13576;766;8,77
13578;771;9,28
13579;768;8,98
13580;764;8,57
13582;765;8,67
13583;765;8,67
13584;767;8,87
13585;769;9,08
13587;763;8,47
13588;764;8,57
13589;765;8,67
13591;766;8,77
13592;763;8,47
13593;766;8,77
13595;764;8,57
13596;765;8,67
13597;766;8,77
13599;765;8,67
13600;764;8,57
13601;764;8,57
13603;763;8,47
13604;767;8,87
13605;766;8,77
13607;767;8,87
13608;765;8,67
13609;765;8,67
13612;766;8,77
13613;765;8,67
13614;766;8,77
13616;766;8,77
13617;771;9,28
13618;767;8,87
13620;767;8,87
13621;766;8,77
13622;772;9,38
13624;767;8,87
13625;765;8,67
13626;772;9,38
13628;769;9,08
13629;770;9,18
13630;768;8,98
13632;769;9,08
13633;770;9,18
13634;770;9,18
13636;772;9,38
13637;771;9,28
13638;772;9,38
13640;771;9,28
13641;774;9,58
13642;773;9,48
13644;774;9,58
13645;776;9,78
13646;778;9,98
13648;774;9,58
13649;776;9,78
13650;775;9,68
13652;775;9,68
13654;778;9,98
13655;776;9,78
13657;779;10,08
13658;778;9,98
13659;779;10,08
13661;778;9,98
13662;781;10,28
13663;779;10,08
13665;782;10,38
13666;784;10,59
13668;782;10,38
13669;788;10,99
13671;782;10,38
13672;786;10,79
13673;784;10,59
13675;784;10,59
13676;785;10,69
13678;787;10,89
13679;789;11,09
13680;789;11,09
13682;790;11,19
13683;793;11,49
13685;791;11,29
13686;793;11,49
13687;790;11,19
13689;794;11,59
13690;796;11,79
13692;794;11,59
13693;794;11,59
13696;796;11,79
13697;796;11,79
13698;797;11,89
13700;796;11,79
13701;801;12,30
13703;803;12,50
13704;801;12,30
13705;804;12,60
13707;801;12,30
13708;801;12,30
13710;804;12,60
13711;802;12,40
13712;803;12,50
13714;805;12,70
13715;803;12,50
13717;803;12,50
13718;803;12,50
13719;805;12,70
13721;803;12,50
13722;804;12,60
13724;803;12,50
13725;802;12,40
13727;804;12,60
13728;803;12,50
13729;803;12,50
13731;804;12,60
13732;808;13,00
13734;803;12,50
13735;802;12,40
13736;804;12,60
13739;802;12,40
13740;804;12,60
13742;804;12,60
13743;799;12,10
13744;800;12,20
13746;802;12,40
13747;803;12,50
13749;804;12,60
13750;803;12,50
13752;803;12,50
13753;805;12,70
13754;803;12,50
13756;804;12,60
13757;802;12,40
13759;805;12,70
13760;803;12,50
13761;803;12,50
13763;808;13,00
13764;803;12,50
13766;808;13,00
13767;810;13,20
13768;809;13,10
13770;805;12,70
13771;804;12,60
13773;804;12,60
13774;807;12,90
13776;810;13,20
13777;807;12,90
13778;805;12,70
13780;804;12,60
13782;804;12,60
13784;805;12,70
13785;806;12,80
13786;802;12,40
13788;805;12,70
13789;802;12,40
13791;804;12,60
13792;800;12,20
13793;803;12,50
13795;800;12,20
13796;800;12,20
13798;796;11,79
13799;794;11,59
13801;795;11,69
13802;798;12,00
13803;797;11,89
13805;789;11,09
13806;796;11,79
13808;791;11,29
13809;798;12,00
13810;794;11,59
13812;785;10,69
13813;795;11,69
13815;797;11,89
13816;797;11,89
13817;794;11,59
13819;797;11,89
13820;793;11,49
13822;795;11,69
13824;795;11,69
13826;795;11,69
13827;799;12,10
13828;804;12,60
13830;800;12,20
13831;795;11,69
13833;795;11,69
13834;788;10,99
13835;788;10,99
13837;797;11,89
13838;794;11,59
13840;791;11,29
13841;785;10,69
13842;795;11,69
13844;784;10,59
13845;793;11,49
13847;797;11,89
13848;789;11,09
13849;792;11,39
13851;796;11,79
13852;785;10,69
13854;788;10,99
13855;792;11,39
13857;793;11,49
13858;783;10,49
13859;789;11,09
13861;792;11,39
13862;777;9,88
13864;790;11,19
13865;791;11,29
13867;777;9,88
13869;792;11,39
13870;779;10,08
13871;778;9,98
13873;785;10,69
13874;771;9,28
13876;789;11,09
13877;783;10,49
13878;782;10,38
13880;786;10,79
13881;783;10,49
13883;784;10,59
13884;788;10,99
13885;789;11,09
13887;784;10,59
13888;788;10,99
13890;791;11,29
13891;792;11,39
13892;790;11,19
13894;786;10,79
13895;791;11,29
13897;791;11,29
13898;788;10,99
13900;792;11,39
13901;790;11,19
13902;789;11,09
13904;793;11,49
13905;791;11,29
13907;788;10,99
13908;791;11,29
13910;789;11,09
13912;787;10,89
13913;790;11,19
13915;785;10,69
13916;787;10,89
13917;789;11,09
13919;787;10,89
13920;787;10,89
13922;788;10,99
13923;788;10,99
13925;786;10,79
13926;788;10,99
13927;788;10,99
13929;784;10,59
13930;781;10,28
13932;785;10,69
13933;785;10,69
13934;784;10,59
13936;784;10,59
13937;783;10,49
13939;780;10,18
13940;782;10,38
13941;782;10,38
13943;782;10,38
13944;782;10,38
13946;780;10,18
13947;783;10,49
13949;783;10,49
13950;784;10,59
13952;790;11,19
13954;786;10,79
13955;788;10,99
13957;784;10,59
13958;779;10,08
13959;779;10,08
13961;785;10,69
13962;788;10,99
13964;785;10,69
13965;783;10,49
13966;784;10,59
13968;786;10,79
13969;790;11,19
13971;785;10,69
13972;782;10,38
13974;786;10,79
13975;779;10,08
13976;777;9,88
13978;779;10,08
13979;778;9,98
13980;774;9,58
13982;774;9,58
13983;774;9,58
13984;774;9,58
13986;777;9,88
13987;773;9,48
13988;773;9,48
13990;774;9,58
13991;771;9,28
13992;770;9,18
13995;770;9,18
13996;770;9,18
13997;767;8,87
13999;766;8,77
14000;764;8,57
14001;764;8,57
14003;763;8,47
14004;766;8,77
14005;767;8,87
14007;769;9,08
14008;771;9,28
14009;772;9,38
14011;773;9,48
14012;772;9,38
14013;773;9,48
14015;773;9,48
14016;773;9,48
14017;774;9,58
14019;774;9,58
14020;777;9,88
14021;779;10,08
14023;781;10,28
14024;779;10,08
14025;781;10,28
14027;785;10,69
14028;784;10,59
14030;784;10,59
14031;782;10,38
14033;788;10,99
14034;785;10,69
14035;782;10,38
14038;782;10,38
14039;781;10,28
14041;780;10,18
14042;779;10,08
14043;779;10,08
14045;780;10,18
14046;776;9,78
14048;774;9,58
14049;775;9,68
14050;771;9,28
14052;773;9,48
14053;767;8,87
14054;769;9,08
14056;770;9,18
14057;771;9,28
14058;769;9,08
14060;767;8,87
14061;767;8,87
14062;766;8,77
14064;767;8,87
14065;767;8,87
14066;769;9,08
14067;767;8,87
14069;771;9,28
14070;770;9,18
14071;771;9,28
14073;776;9,78
14074;775;9,68
14075;778;9,98
14077;775;9,68
14078;776;9,78
14080;779;10,08
14082;778;9,98
14083;779;10,08
14085;780;10,18
14086;778;9,98
14087;777;9,88
14089;778;9,98
14090;777;9,88
14091;778;9,98
14093;778;9,98
14094;777;9,88
14095;778;9,98
14097;777;9,88
14098;773;9,48
14099;770;9,18
14101;769;9,08
14102;770;9,18
14103;774;9,58
14105;768;8,98
14106;767;8,87
14107;768;8,98
14109;769;9,08
14110;767;8,87
14111;770;9,18
14113;769;9,08
14114;767;8,87
14115;769;9,08
14117;767;8,87
14118;765;8,67
14119;769;9,08
14121;766;8,77
14123;767;8,87
14124;762;8,37
14126;761;8,27
14127;761;8,27
14128;761;8,27
14130;762;8,37
14131;763;8,47
14132;761;8,27
14133;763;8,47
14135;765;8,67
14136;766;8,77
14137;765;8,67
14139;765;8,67
14140;765;8,67
14141;766;8,77
14143;769;9,08
14144;767;8,87
14145;767;8,87
14147;769;9,08
14148;766;8,77
14149;770;9,18
14151;764;8,57
14152;764;8,57
14153;765;8,67
14155;766;8,77
14156;762;8,37
14157;764;8,57
14159;763;8,47
14160;764;8,57
14161;763;8,47
14163;759;8,07
14164;759;8,07
14166;759;8,07
14168;756;7,77
14169;757;7,87
14170;759;8,07
14172;756;7,77
14173;755;7,67
14174;754;7,57
14176;755;7,67
14177;753;7,47
14178;755;7,67
14180;753;7,47
14181;753;7,47
14182;752;7,36
14184;757;7,87
14185;755;7,67
14186;753;7,47
14188;754;7,57
14189;755;7,67
14190;759;8,07
14192;759;8,07
14193;753;7,47
14194;754;7,57
14196;751;7,26
14197;750;7,16
14198;751;7,26
14200;757;7,87
14201;754;7,57
14202;752;7,36
14204;754;7,57
14205;753;7,47
14206;751;7,26
14209;753;7,47
14210;756;7,77
14211;754;7,57
14213;753;7,47
14214;754;7,57
14215;755;7,67
14217;756;7,77
14218;753;7,47
14219;753;7,47
14220;752;7,36
14222;755;7,67
14223;750;7,16
14224;751;7,26
14226;751;7,26
14227;751;7,26
14228;747;6,86
14230;749;7,06
14231;749;7,06
14232;744;6,56
14234;749;7,06
14235;745;6,66
14236;749;7,06
14238;743;6,46
14239;747;6,86
14240;743;6,46
14242;747;6,86
14243;742;6,36
14244;742;6,36
14246;740;6,16
14247;745;6,66
14248;741;6,26
14251;739;6,06
14252;738;5,96
14253;739;6,06
14255;738;5,96
14256;740;6,16
14257;738;5,96
14259;738;5,96
14260;735;5,65
14261;737;5,85
14263;741;6,26
14264;736;5,75
14265;736;5,75
14267;739;6,06
14268;735;5,65
14269;735;5,65
14271;736;5,75
14272;737;5,85
14273;735;5,65
14275;734;5,55
14276;736;5,75
14277;735;5,65
14279;737;5,85
14280;734;5,55
14281;734;5,55
14283;736;5,75
14284;733;5,45
14285;734;5,55
14287;735;5,65
14288;734;5,55
14289;735;5,65
14291;733;5,45
14292;733;5,45
14294;734;5,55
14296;735;5,65
14297;734;5,55
14298;736;5,75
14300;738;5,96
14301;735;5,65
14302;735;5,65
14304;736;5,75
14305;735;5,65
14306;736;5,75
14307;736;5,75
14309;735;5,65
14310;736;5,75
14311;739;6,06
14313;736;5,75
14314;736;5,75
14315;735;5,65
14317;735;5,65
14318;737;5,85
14319;740;6,16
14321;739;6,06
14322;743;6,46
14323;738;5,96
14325;741;6,26
14326;740;6,16
14327;748;6,96
14329;742;6,36
14330;742;6,36
14331;745;6,66
14333;741;6,26
14334;744;6,56
14336;745;6,66
14338;742;6,36
14339;743;6,46
14340;748;6,96
14342;743;6,46
14343;743;6,46
14344;749;7,06
14346;747;6,86
14347;743;6,46
14348;745;6,66
14350;745;6,66
14351;745;6,66
14352;752;7,36
14354;745;6,66
14355;754;7,57
14356;748;6,96
14358;746;6,76
14359;755;7,67
14360;748;6,96
14362;749;7,06
14363;750;7,16
14364;750;7,16
14366;751;7,26
14367;750;7,16
14368;755;7,67
14370;752;7,36
14371;754;7,57
14372;757;7,87
14374;756;7,77
14375;756;7,77
14376;753;7,47
14379;754;7,57
14380;754;7,57
14381;759;8,07
14383;756;7,77
14384;756;7,77
14385;757;7,87
14387;756;7,77
14388;757;7,87
14389;756;7,77
14391;755;7,67
14392;761;8,27
14393;755;7,67
14394;757;7,87
14396;759;8,07
14397;759;8,07
14398;757;7,87
14400;762;8,37
14401;756;7,77
14402;757;7,87
14404;761;8,27
14405;755;7,67
14406;757;7,87
14408;758;7,97
14409;759;8,07
14410;758;7,97
14412;758;7,97
14413;759;8,07
14414;762;8,37
14416;757;7,87
14417;763;8,47
14418;760;8,17
14420;757;7,87
14422;762;8,37
14423;756;7,77
14425;761;8,27
14426;763;8,47
14427;758;7,97
14429;759;8,07
14430;758;7,97
14431;758;7,97
14433;766;8,77
14434;768;8,98
14435;757;7,87
14437;759;8,07
14438;757;7,87
14439;757;7,87
14441;755;7,67
14442;755;7,67
14443;755;7,67
14445;756;7,77
14446;754;7,57
14447;756;7,77
14449;753;7,47
14450;756;7,77
14451;758;7,97
14453;751;7,26
14454;758;7,97
14455;752;7,36
14457;752;7,36
14458;752;7,36
14459;752;7,36
14461;749;7,06
14462;751;7,26
14464;751;7,26
14466;752;7,36
14467;759;8,07
14468;751;7,26
14470;755;7,67
14471;751;7,26
14472;749;7,06
14474;752;7,36
14475;750;7,16
14476;749;7,06
14478;751;7,26
14479;750;7,16
14480;751;7,26
14481;747;6,86
14483;754;7,57
14484;754;7,57
14485;750;7,16
14487;750;7,16
14488;747;6,86
14489;749;7,06
14491;748;6,96
14492;749;7,06
14493;749;7,06
14495;755;7,67
14496;748;6,96
14497;754;7,57
14499;751;7,26
14500;750;7,16
14501;748;6,96
14503;753;7,47
14504;750;7,16
14505;751;7,26
14508;748;6,96
14509;749;7,06
14510;752;7,36
14512;750;7,16
14513;751;7,26
14514;748;6,96
14516;751;7,26
14517;746;6,76
14518;748;6,96
14520;748;6,96
14521;748;6,96
14522;747;6,86
14524;752;7,36
14525;745;6,66
14526;747;6,86
14528;745;6,66
14529;748;6,96
14530;746;6,76
14532;743;6,46
14533;746;6,76
14534;745;6,66
14536;745;6,66
14537;746;6,76
14538;748;6,96
14540;743;6,46
14541;751;7,26
14542;743;6,46
14544;747;6,86
14545;745;6,66
14546;744;6,56
14548;745;6,66
14550;744;6,56
14551;742;6,36
14553;743;6,46
14554;743;6,46
14555;747;6,86
14557;752;7,36
14558;745;6,66
14559;745;6,66
14561;742;6,36
14562;744;6,56
14563;747;6,86
14565;748;6,96
14566;746;6,76
14567;747;6,86
14568;743;6,46
14570;743;6,46
14571;745;6,66
14572;742;6,36
14574;745;6,66
14575;742;6,36
14576;748;6,96
14578;741;6,26
14579;743;6,46
14580;746;6,76
14582;743;6,46
14583;745;6,66
14584;746;6,76
14586;740;6,16
14587;742;6,36
14588;742;6,36
14590;743;6,46
14592;743;6,46
14593;743;6,46
14595;745;6,66
14596;743;6,46
14597;743;6,46
14599;743;6,46
14600;742;6,36
14601;743;6,46
14603;741;6,26
14604;742;6,36
14605;746;6,76
14607;744;6,56
14608;742;6,36
14609;747;6,86
14611;743;6,46
14612;746;6,76
14613;746;6,76
14615;744;6,56
14616;743;6,46
14617;746;6,76
14619;747;6,86
14620;744;6,56
14621;744;6,56
14623;745;6,66
14624;743;6,46
14625;741;6,26
14627;743;6,46
14628;742;6,36
14629;742;6,36
14631;743;6,46
14632;743;6,46
14633;741;6,26
14636;742;6,36
14637;745;6,66
14638;744;6,56
14640;741;6,26
14641;744;6,56
14642;744;6,56
14644;743;6,46
14645;744;6,56
14646;746;6,76
14648;743;6,46
14649;743;6,46
14650;745;6,66
14652;742;6,36
14653;742;6,36
14654;745;6,66
14655;743;6,46
14657;742;6,36
14658;741;6,26
14659;742;6,36
14661;741;6,26
14662;746;6,76
14663;744;6,56
14665;743;6,46
14666;745;6,66
14667;744;6,56
14669;743;6,46
14670;747;6,86
14671;743;6,46
14673;744;6,56
14674;742;6,36
14675;742;6,36
14678;742;6,36
14679;744;6,56
14680;747;6,86
14682;743;6,46
14683;742;6,36
14684;741;6,26
14686;741;6,26
14687;746;6,76
14688;742;6,36
14690;742;6,36
14691;744;6,56
14692;740;6,16
14694;746;6,76
14695;741;6,26
14696;742;6,36
14698;743;6,46
14699;740;6,16
14700;743;6,46
14702;742;6,36
14703;741;6,26
14704;740;6,16
14706;741;6,26
14707;743;6,46
14708;739;6,06
14710;743;6,46
14711;741;6,26
14712;740;6,16
14714;739;6,06
14715;738;5,96
14716;737;5,85
14718;739;6,06
14720;741;6,26
14721;740;6,16
14723;740;6,16
14724;739;6,06
14725;737;5,85
14727;739;6,06
14728;738;5,96
14729;738;5,96
14731;737;5,85
14732;737;5,85
14733;739;6,06
14735;739;6,06
14736;739;6,06
14737;739;6,06
14739;738;5,96
14740;738;5,96
14741;741;6,26
14742;740;6,16
14744;742;6,36
14745;738;5,96
14746;739;6,06
14748;744;6,56
14749;742;6,36
14750;740;6,16
14752;739;6,06
14753;739;6,06
14754;739;6,06
14756;741;6,26
14757;738;5,96
14758;739;6,06
14760;740;6,16
14761;738;5,96
14763;743;6,46
14765;740;6,16
14766;738;5,96
14767;741;6,26
14769;739;6,06
14770;737;5,85
14771;741;6,26
14773;739;6,06
14774;738;5,96
14775;741;6,26
14777;738;5,96
14778;741;6,26
14779;738;5,96
14781;739;6,06
14782;737;5,85
14783;738;5,96
14785;742;6,36
14786;736;5,75
14787;736;5,75
14789;736;5,75
14790;739;6,06
14791;737;5,85
14793;741;6,26
14794;735;5,65
14795;736;5,75
14797;743;6,46
14798;736;5,75
14799;737;5,85
14801;741;6,26
14802;740;6,16
14803;741;6,26
14806;740;6,16
14807;740;6,16
14808;739;6,06
14810;741;6,26
14811;739;6,06
14812;742;6,36
14814;744;6,56
14815;743;6,46
14816;742;6,36
14818;742;6,36
14819;740;6,16
14820;742;6,36
14822;741;6,26
14823;740;6,16
14824;739;6,06
14826;740;6,16
14827;740;6,16
14828;740;6,16
14829;743;6,46
14831;741;6,26
14832;740;6,16
14833;739;6,06
14835;741;6,26
14836;743;6,46
14837;741;6,26
14839;737;5,85
14840;739;6,06
14841;737;5,85
14843;739;6,06
14844;739;6,06
14845;737;5,85
14848;734;5,55
14849;738;5,96
14850;737;5,85
14852;735;5,65
14853;734;5,55
14854;736;5,75
14856;735;5,65
14857;735;5,65
14858;738;5,96
14860;737;5,85
14861;736;5,75
14862;736;5,75
14864;737;5,85
14865;737;5,85
14866;737;5,85
14868;737;5,85
14869;741;6,26
14870;740;6,16
14872;739;6,06
14873;739;6,06
14874;743;6,46
14876;741;6,26
14877;739;6,06
14878;741;6,26
14880;741;6,26
14881;739;6,06
14882;742;6,36
14884;741;6,26
14885;742;6,36
14886;742;6,36
14888;745;6,66
14889;744;6,56
14891;742;6,36
14893;743;6,46
14894;745;6,66
14895;747;6,86
14897;747;6,86
14898;749;7,06
14899;748;6,96
14901;747;6,86
14902;745;6,66
14903;743;6,46
14905;744;6,56
14906;747;6,86
14907;743;6,46
14909;744;6,56
14910;745;6,66
14911;749;7,06
14913;744;6,56
14914;748;6,96
14915;742;6,36
14916;744;6,56
14918;745;6,66
14919;742;6,36
14920;744;6,56
14922;742;6,36
14923;741;6,26
14924;742;6,36
14926;744;6,56
14927;745;6,66
14928;743;6,46
14930;744;6,56
14931;739;6,06
14932;742;6,36
14935;738;5,96
14936;741;6,26
14937;738;5,96
14939;738;5,96
14940;744;6,56
14941;738;5,96
14943;740;6,16
14944;739;6,06
14945;740;6,16
14947;741;6,26
14948;741;6,26
14949;741;6,26
14951;741;6,26
14952;746;6,76
14953;743;6,46
14955;746;6,76
14956;744;6,56
14957;746;6,76
14959;750;7,16
14960;746;6,76
14961;750;7,16
14963;749;7,06
14964;754;7,57
14965;749;7,06
14967;751;7,26
14968;751;7,26
14969;751;7,26
14971;751;7,26
14972;754;7,57
14973;751;7,26
14976;753;7,47
14977;750;7,16
14978;750;7,16
14980;750;7,16
14981;752;7,36
14982;749;7,06
14984;745;6,66
14985;746;6,76
14986;745;6,66
14988;748;6,96
14989;743;6,46
14990;742;6,36
14992;746;6,76
14993;741;6,26
14994;741;6,26
14996;741;6,26
14997;746;6,76
14998;742;6,36
15000;743;6,46
15001;740;6,16
15002;742;6,36
15003;741;6,26
15005;742;6,36
15006;743;6,46
15007;745;6,66
15009;743;6,46
15010;744;6,56
15011;747;6,86
15013;747;6,86
15014;749;7,06
15015;745;6,66
15017;749;7,06
15019;746;6,76
15020;748;6,96
15022;747;6,86
15023;751;7,26
15024;750;7,16
15026;749;7,06
15027;750;7,16
15028;751;7,26
15030;751;7,26
15031;752;7,36
15032;751;7,26
15034;750;7,16
15035;752;7,36
15036;752;7,36
15038;756;7,77
15039;752;7,36
15040;752;7,36
15042;756;7,77
15043;750;7,16
15044;749;7,06
15046;748;6,96
15047;747;6,86
15048;745;6,66
15050;747;6,86
15051;750;7,16
15052;748;6,96
15054;745;6,66
15055;747;6,86
15056;745;6,66
15058;745;6,66
15059;744;6,56
15060;743;6,46
15063;745;6,66
15064;746;6,76
15065;749;7,06
15067;748;6,96
15068;744;6,56
15069;743;6,46
15071;745;6,66
15072;745;6,66
15073;747;6,86
15075;744;6,56
15076;747;6,86
15077;752;7,36
15079;748;6,96
15080;747;6,86
15081;748;6,96
15083;749;7,06
15084;748;6,96
15085;751;7,26
15087;754;7,57
15088;750;7,16
15089;749;7,06
15090;755;7,67
15092;752;7,36
15093;755;7,67
15094;752;7,36
15096;753;7,47
15097;751;7,26
15098;754;7,57
15100;752;7,36
15101;751;7,26
15102;751;7,26
15105;750;7,16
15106;750;7,16
15107;754;7,57
15109;750;7,16
15110;749;7,06
15111;752;7,36
15113;749;7,06
15114;749;7,06
15115;751;7,26
15117;747;6,86
15118;749;7,06
15119;752;7,36
15121;745;6,66
15122;743;6,46
15123;746;6,76
15125;742;6,36
15126;747;6,86
15127;745;6,66
15129;743;6,46
15130;742;6,36
15131;745;6,66
15133;742;6,36
15134;747;6,86
15135;749;7,06
15137;745;6,66
15138;745;6,66
15139;745;6,66
15141;747;6,86
15142;745;6,66
15143;747;6,86
15145;746;6,76
15147;747;6,86
15148;748;6,96
15150;751;7,26
15151;746;6,76
15152;747;6,86
15154;747;6,86
15155;747;6,86
15156;749;7,06
15158;751;7,26
15159;751;7,26
15160;748;6,96
15162;752;7,36
15163;748;6,96
15164;748;6,96
15166;750;7,16
15167;749;7,06
15168;751;7,26
15170;753;7,47
15171;751;7,26
15172;751;7,26
15174;749;7,06
15175;754;7,57
15176;752;7,36
15177;751;7,26
15179;751;7,26
15180;753;7,47
15181;752;7,36
15183;753;7,47
15184;753;7,47
15185;753;7,47
15187;753;7,47
15188;755;7,67
15190;753;7,47
15192;754;7,57
15193;753;7,47
15194;753;7,47
15196;754;7,57
15197;755;7,67
15198;750;7,16
15200;753;7,47
15201;752;7,36
15202;751;7,26
15204;751;7,26
15205;751;7,26
15206;751;7,26
15208;753;7,47
15209;749;7,06
15210;749;7,06
15212;752;7,36
15213;751;7,26
15214;751;7,26
15216;749;7,06
15217;752;7,36
15218;751;7,26
15220;750;7,16
15221;751;7,26
15222;754;7,57
15224;754;7,57
15225;752;7,36
15226;753;7,47
15228;751;7,26
15229;757;7,87
15230;754;7,57
15233;753;7,47
15234;753;7,47
15235;751;7,26
15237;757;7,87
15238;751;7,26
15239;751;7,26
15241;751;7,26
15242;751;7,26
15243;751;7,26
15245;753;7,47
15246;757;7,87
15247;752;7,36
15249;750;7,16
15250;752;7,36
15251;750;7,16
15253;752;7,36
15254;755;7,67
15255;751;7,26
15257;750;7,16
15258;750;7,16
15259;748;6,96
15261;750;7,16
15262;752;7,36
15263;750;7,16
15264;749;7,06
15266;750;7,16
15267;749;7,06
15268;753;7,47
15270;749;7,06
15271;749;7,06
15272;751;7,26
15275;750;7,16
15276;748;6,96
15277;752;7,36
15279;751;7,26
15280;752;7,36
15281;751;7,26
15283;751;7,26
15284;750;7,16
15285;758;7,97
15287;754;7,57
15288;754;7,57
15289;750;7,16
15291;750;7,16
15292;751;7,26
15293;753;7,47
15295;753;7,47
15296;754;7,57
15297;755;7,67
15299;754;7,57
15300;753;7,47
15301;753;7,47
15303;756;7,77
15304;755;7,67
15305;753;7,47
15307;759;8,07
15308;757;7,87
15309;756;7,77
15311;752;7,36
15312;753;7,47
15313;753;7,47
15315;753;7,47
15316;754;7,57
15318;753;7,47
15320;753;7,47
15321;751;7,26
15322;752;7,36
15324;751;7,26
15325;754;7,57
15326;751;7,26
15328;751;7,26
15329;750;7,16
15330;752;7,36
15332;751;7,26
15333;749;7,06
15334;750;7,16
15336;750;7,16
15337;751;7,26
15338;750;7,16
15340;750;7,16
15341;753;7,47
15342;753;7,47
15344;753;7,47
15345;751;7,26
15346;750;7,16
15348;753;7,47
15349;751;7,26
15350;750;7,16
15351;749;7,06
15353;749;7,06
15354;751;7,26
15355;751;7,26
15357;748;6,96
15358;750;7,16
15360;751;7,26
15362;748;6,96
15363;748;6,96
15364;750;7,16
15366;747;6,86
15367;746;6,76
15368;746;6,76
15370;748;6,96
15371;747;6,86
15372;748;6,96
15374;748;6,96
15375;748;6,96
15376;748;6,96
15378;749;7,06
15379;748;6,96
15380;750;7,16
15382;750;7,16
15383;748;6,96
15384;753;7,47
15386;751;7,26
15387;751;7,26
15388;750;7,16
15390;751;7,26
15391;753;7,47
15392;752;7,36
15394;752;7,36
15395;750;7,16
15396;751;7,26
15398;754;7,57
15399;754;7,57
15400;752;7,36
15403;751;7,26
15404;755;7,67
15405;756;7,77
15407;753;7,47
15408;754;7,57
15409;753;7,47
15411;753;7,47
15412;757;7,87
15413;753;7,47
15415;752;7,36
15416;752;7,36
15417;750;7,16
15419;751;7,26
15420;752;7,36
15421;752;7,36
15423;753;7,47
15424;751;7,26
15425;751;7,26
15427;749;7,06
15428;751;7,26
15429;752;7,36
15431;749;7,06
15432;749;7,06
15433;748;6,96
15435;747;6,86
15436;748;6,96
15437;750;7,16
15438;748;6,96
15440;748;6,96
15441;752;7,36
15442;747;6,86
15444;748;6,96
15446;752;7,36
15447;748;6,96
15449;747;6,86
15450;751;7,26
15451;748;6,96
15453;751;7,26
15454;751;7,26
15455;748;6,96
15457;747;6,86
15458;748;6,96
15459;749;7,06
15461;747;6,86
15462;748;6,96
15463;748;6,96
15465;747;6,86
15466;750;7,16
15467;748;6,96
15469;750;7,16
15470;752;7,36
15471;748;6,96
15473;749;7,06
15474;749;7,06
15475;750;7,16
15477;751;7,26
15478;749;7,06
15479;748;6,96
15481;748;6,96
15482;751;7,26
15483;746;6,76
15485;747;6,86
15486;749;7,06
15488;748;6,96
15490;746;6,76
15491;748;6,96
15492;748;6,96
15494;748;6,96
15495;748;6,96
15496;749;7,06
15498;751;7,26
15499;748;6,96
15500;750;7,16
15502;750;7,16
15503;749;7,06
15504;751;7,26
15506;753;7,47
15507;752;7,36
15508;755;7,67
15510;756;7,77
15511;753;7,47
15512;753;7,47
15514;753;7,47
15515;758;7,97
15516;756;7,77
15518;754;7,57
15519;758;7,97
15520;752;7,36
15522;754;7,57
15523;760;8,17
15524;755;7,67
15525;753;7,47
15527;753;7,47
15528;754;7,57
15529;752;7,36
15532;754;7,57
15533;752;7,36
15534;752;7,36
15536;751;7,26
15537;753;7,47
15538;753;7,47
15540;751;7,26
15541;752;7,36
15542;752;7,36
15544;754;7,57
15545;752;7,36
15546;751;7,26
15548;755;7,67
15549;752;7,36
15550;750;7,16
15552;751;7,26
15553;751;7,26
15554;750;7,16
15556;755;7,67
15557;749;7,06
15558;750;7,16
15560;751;7,26
15561;748;6,96
15562;753;7,47
15564;750;7,16
15565;751;7,26
15566;747;6,86
15568;749;7,06
15569;749;7,06
15570;748;6,96
15572;747;6,86
15574;750;7,16
15575;748;6,96
15577;747;6,86
15578;746;6,76
15579;747;6,86
15581;746;6,76
15582;745;6,66
15583;747;6,86
15585;747;6,86
15586;746;6,76
15587;749;7,06
15589;747;6,86
15590;747;6,86
15591;746;6,76
15593;748;6,96
15594;746;6,76
15595;744;6,56
15597;750;7,16
15598;750;7,16
15599;746;6,76
15601;747;6,86
15602;748;6,96
15603;747;6,86
15605;750;7,16
15606;745;6,66
15607;748;6,96
15609;747;6,86
15610;745;6,66
15611;748;6,96
15612;748;6,96
15614;746;6,76
15616;748;6,96
15617;747;6,86
15619;749;7,06
15620;746;6,76
15621;751;7,26
15623;747;6,86
15624;750;7,16
15625;746;6,76
15627;748;6,96
15628;750;7,16
15629;746;6,76
15631;747;6,86
15632;745;6,66
15633;747;6,86
15635;752;7,36
15636;749;7,06
15637;749;7,06
15639;750;7,16
15640;749;7,06
15641;749;7,06
15643;750;7,16
15644;750;7,16
15645;757;7,87
15647;747;6,86
15648;749;7,06
15649;749;7,06
15651;748;6,96
15652;751;7,26
15653;750;7,16
15655;748;6,96
15656;753;7,47
15657;752;7,36
15660;750;7,16
15661;749;7,06
15662;749;7,06
15664;753;7,47
15665;748;6,96
15666;750;7,16
15668;755;7,67
15669;750;7,16
15670;751;7,26
15672;751;7,26
15673;750;7,16
15674;754;7,57
15676;752;7,36
15677;757;7,87
15678;752;7,36
15680;750;7,16
15681;750;7,16
15682;750;7,16
15684;751;7,26
15685;752;7,36
15686;751;7,26
15688;753;7,47
15689;754;7,57
15690;752;7,36
15692;752;7,36
15693;754;7,57
15694;757;7,87
15696;753;7,47
15697;754;7,57
15698;756;7,77
15699;755;7,67
15702;756;7,77
15703;754;7,57
15704;757;7,87
15706;759;8,07
15707;757;7,87
15708;758;7,97
15710;757;7,87
15711;757;7,87
15712;756;7,77
15714;758;7,97
15715;757;7,87
15716;757;7,87
15718;755;7,67
15719;756;7,77
15720;756;7,77
15722;759;8,07
15723;754;7,57
15724;756;7,77
15726;759;8,07
15727;760;8,17
15728;756;7,77
15730;756;7,77
15731;755;7,67
15732;757;7,87
15734;754;7,57
15735;755;7,67
15736;751;7,26
15738;753;7,47
15739;754;7,57
15740;752;7,36
15742;754;7,57
15744;755;7,67
15745;752;7,36
15747;755;7,67
15748;750;7,16
15749;751;7,26
15751;751;7,26
15752;754;7,57
15753;752;7,36
15755;751;7,26
15756;751;7,26
15757;750;7,16
15759;753;7,47
15760;754;7,57
15761;755;7,67
15763;750;7,16
15764;756;7,77
15765;754;7,57
15767;750;7,16
15768;750;7,16
15769;753;7,47
15771;751;7,26
15772;751;7,26
15773;750;7,16
15775;753;7,47
15776;752;7,36
15777;752;7,36
15779;756;7,77
15780;754;7,57
15781;750;7,16
15783;752;7,36
15784;751;7,26
15785;751;7,26
15787;751;7,26
15789;757;7,87
15790;751;7,26
15791;750;7,16
15793;750;7,16
15794;752;7,36
15795;759;8,07
15797;750;7,16
15798;749;7,06
15799;749;7,06
15801;749;7,06
15802;749;7,06
15803;749;7,06
15805;754;7,57
15806;753;7,47
15807;747;6,86
15809;748;6,96
15810;746;6,76
15811;747;6,86
15813;745;6,66
15814;746;6,76
15815;740;6,16
15817;745;6,66
15818;745;6,66
15819;740;6,16
15821;741;6,26
15822;746;6,76
15823;743;6,46
15825;743;6,46
15826;742;6,36
15827;743;6,46
15830;740;6,16
15831;741;6,26
15832;743;6,46
15834;741;6,26
15835;742;6,36
15836;739;6,06
15838;740;6,16
15839;742;6,36
15840;744;6,56
15842;741;6,26
15843;744;6,56
15844;749;7,06
15846;753;7,47
15847;743;6,46
15848;744;6,56
15850;743;6,46
15851;744;6,56
15852;746;6,76
15854;746;6,76
15855;744;6,56
15856;747;6,86
15858;748;6,96
15859;747;6,86
15860;746;6,76
15862;748;6,96
15863;747;6,86
15864;747;6,86
15866;747;6,86
15867;748;6,96
15868;749;7,06
15870;746;6,76
15872;747;6,86
15873;752;7,36
15874;747;6,86
15876;748;6,96
15877;747;6,86
15878;751;7,26
15880;748;6,96
15881;750;7,16
15882;750;7,16
15884;750;7,16
15885;749;7,06
15886;749;7,06
15888;752;7,36
15889;751;7,26
15890;750;7,16
15892;753;7,47
15893;751;7,26
15894;751;7,26
15896;750;7,16
15897;754;7,57
15898;753;7,47
15900;757;7,87
15901;750;7,16
15902;751;7,26
15904;749;7,06
15905;753;7,47
15906;750;7,16
15908;750;7,16
15909;748;6,96
15910;748;6,96
15912;748;6,96
15913;747;6,86
15915;748;6,96
15917;749;7,06
15918;746;6,76
15919;747;6,86
15921;751;7,26
15922;747;6,86
15923;748;6,96
15925;751;7,26
15926;745;6,66
15927;747;6,86
15929;745;6,66
15930;746;6,76
15931;749;7,06
15933;745;6,66
15934;746;6,76
15935;750;7,16
15937;744;6,56
15938;743;6,46
15939;750;7,16
15941;744;6,56
15942;747;6,86
15943;750;7,16
15945;743;6,46
15946;749;7,06
15947;745;6,66
15949;747;6,86
15950;745;6,66
15951;744;6,56
15953;743;6,46
15954;745;6,66
15955;753;7,47
15958;752;7,36
15959;746;6,76
15960;747;6,86
15961;746;6,76
15963;747;6,86
15964;753;7,47
15965;747;6,86
15967;749;7,06
15968;753;7,47
15969;750;7,16
15971;750;7,16
15972;749;7,06
15973;752;7,36
15975;751;7,26
15976;750;7,16
15977;753;7,47
15979;750;7,16
15980;751;7,26
15981;750;7,16
15983;754;7,57
15984;752;7,36
15985;753;7,47
15987;760;8,17
15988;756;7,77
15989;754;7,57
15991;756;7,77
15992;755;7,67
15993;756;7,77
15995;756;7,77
15996;751;7,26
15997;753;7,47
16000;755;7,67
16001;753;7,47
16002;755;7,67
16004;751;7,26
16005;754;7,57
16006;751;7,26
16008;751;7,26
16009;751;7,26
16010;753;7,47
16012;757;7,87
16013;751;7,26
16014;750;7,16
16016;749;7,06
16017;751;7,26
16018;759;8,07
16020;749;7,06
16021;753;7,47
16022;750;7,16
16024;750;7,16
16025;760;8,17
16026;750;7,16
16028;750;7,16
16029;755;7,67
16030;749;7,06
16032;750;7,16
16033;749;7,06
16034;752;7,36
16036;750;7,16
16037;750;7,16
16038;751;7,26
16040;751;7,26
16041;748;6,96
16043;747;6,86
16045;764;8,57
16046;755;7,67
16047;747;6,86
16048;758;7,97
16050;757;7,87
16051;750;7,16
16052;756;7,77
16054;750;7,16
16055;748;6,96
16056;753;7,47
16058;760;8,17
16059;755;7,67
16060;752;7,36
16062;754;7,57
16063;753;7,47
16064;756;7,77
16066;756;7,77
16067;763;8,47
16068;755;7,67
16070;759;8,07
16071;752;7,36
16072;752;7,36
16074;754;7,57
16075;755;7,67
16076;759;8,07
16078;751;7,26
16079;756;7,77
16080;756;7,77
16082;745;6,66
16083;751;7,26
16084;754;7,57
16087;752;7,36
16088;750;7,16
16089;747;6,86
16091;750;7,16
16092;752;7,36
16093;750;7,16
16095;752;7,36
16096;749;7,06
16097;750;7,16
16099;754;7,57
16100;753;7,47
16101;746;6,76
16103;753;7,47
16104;755;7,67
16105;751;7,26
16107;751;7,26
16108;749;7,06
16109;753;7,47
16111;760;8,17
16112;755;7,67
16113;752;7,36
16115;752;7,36
16116;752;7,36
16117;756;7,77
16119;755;7,67
16120;754;7,57
16121;755;7,67
16123;757;7,87
16124;755;7,67
16125;755;7,67
16128;763;8,47
16129;756;7,77
16130;760;8,17
16132;762;8,37
16133;758;7,97
16134;758;7,97
16135;759;8,07
16137;761;8,27
16138;758;7,97
16139;760;8,17
16141;759;8,07
16142;759;8,07
16143;765;8,67
16145;759;8,07
16146;762;8,37
16147;759;8,07
16149;760;8,17
16150;761;8,27
16151;765;8,67
16153;762;8,37
16154;764;8,57
16155;759;8,07
16157;761;8,27
16158;761;8,27
16159;761;8,27
16161;765;8,67
16162;763;8,47
16163;759;8,07
16165;761;8,27
16166;767;8,87
16167;762;8,37
16169;761;8,27
16171;761;8,27
16172;762;8,37
16174;767;8,87
16175;761;8,27
16176;763;8,47
16178;764;8,57
16179;763;8,47
16180;762;8,37
16182;761;8,27
16183;760;8,17
16184;760;8,17
16186;760;8,17
16187;762;8,37
16188;767;8,87
16190;761;8,27
16191;762;8,37
16192;760;8,17
16194;762;8,37
16195;760;8,17
16196;763;8,47
16198;761;8,27
16199;762;8,37
16200;761;8,27
16202;759;8,07
16203;766;8,77
16204;761;8,27
16206;763;8,47
16207;762;8,37
16208;763;8,47
16210;761;8,27
16211;762;8,37
16212;763;8,47
16215;761;8,27
16216;763;8,47
16217;761;8,27
16219;762;8,37
16220;761;8,27
16221;766;8,77
16222;764;8,57
16224;763;8,47
16225;763;8,47
16226;763;8,47
16228;764;8,57
16229;768;8,98
16230;765;8,67
16232;766;8,77
16233;764;8,57
16234;767;8,87
16236;767;8,87
16237;769;9,08
16238;764;8,57
16240;765;8,67
16241;770;9,18
16242;766;8,77
16244;769;9,08
16245;767;8,87
16246;767;8,87
16248;768;8,98
16249;767;8,87
16250;773;9,48
16252;770;9,18
16253;774;9,58
16254;772;9,38
16257;771;9,28
16258;774;9,58
16259;772;9,38
16261;772;9,38
16262;773;9,48
16263;777;9,88
16265;774;9,58
16266;775;9,68
16267;776;9,78
16269;775;9,68
16270;775;9,68
16271;780;10,18
16273;781;10,28
16274;780;10,18
16276;784;10,59
16277;783;10,49
16278;779;10,08
16280;780;10,18
16281;786;10,79
16283;782;10,38
16284;781;10,28
16285;789;11,09
16287;788;10,99
16288;783;10,49
16290;790;11,19
16291;787;10,89
16292;791;11,29
16294;790;11,19
16295;789;11,09
16297;792;11,39
16299;793;11,49
16301;794;11,59
16302;795;11,69
16303;796;11,79
16305;795;11,69
16306;799;12,10
16308;799;12,10
16309;801;12,30
16310;800;12,20
16312;804;12,60
16313;803;12,50
16315;803;12,50
16316;807;12,90
16317;812;13,40
16319;810;13,20
16320;808;13,00
16322;812;13,40
16323;811;13,30
16325;814;13,61
16326;814;13,61
16327;813;13,51
16329;814;13,61
16330;815;13,71
16332;814;13,61
16333;820;14,21
16334;815;13,71
16336;816;13,81
16337;818;14,01
16339;817;13,91
16340;818;14,01
16342;816;13,81
16344;818;14,01
16345;818;14,01
16347;819;14,11
16348;815;13,71
16349;814;13,61
16351;811;13,30
16352;811;13,30
16354;811;13,30
16355;811;13,30
16357;810;13,20
16358;809;13,10
16359;811;13,30
16361;811;13,30
16362;811;13,30
16364;813;13,51
16365;811;13,30
16366;810;13,20
16368;810;13,20
16369;813;13,51
16371;811;13,30
16372;812;13,40
16373;814;13,61
16375;811;13,30
16376;813;13,51
16378;814;13,61
16379;811;13,30
16381;809;13,10
16382;811;13,30
16384;813;13,51
16386;812;13,40
16387;813;13,51
16389;812;13,40
16390;812;13,40
16391;811;13,30
16393;810;13,20
16394;808;13,00
16396;805;12,70
16397;805;12,70
16398;804;12,60
16400;805;12,70
16401;805;12,70
16403;802;12,40
16404;801;12,30
16406;800;12,20
16407;799;12,10
16408;800;12,20
16410;797;11,89
16411;802;12,40
16413;795;11,69
16414;798;12,00
16415;788;10,99
16417;793;11,49
16418;787;10,89
16420;793;11,49
16421;795;11,69
16422;790;11,19
16424;791;11,29
16425;792;11,39
16428;798;12,00
16429;792;11,39
16431;794;11,59
16432;795;11,69
16433;798;12,00
16435;796;11,79
16436;799;12,10
16438;795;11,69
16439;796;11,79
16440;795;11,69
16442;795;11,69
16443;792;11,39
16445;790;11,19
16446;791;11,29
16447;793;11,49
16449;792;11,39
16450;792;11,39
16452;791;11,29
16453;790;11,19
16455;794;11,59
16456;791;11,29
16457;790;11,19
16459;790;11,19
16460;787;10,89
16462;787;10,89
16463;790;11,19
16464;787;10,89
16466;787;10,89
16467;788;10,99
16470;785;10,69
16471;785;10,69
16472;782;10,38
16474;786;10,79
16475;781;10,28
16477;778;9,98
16478;781;10,28
16479;781;10,28
16481;777;9,88
16482;780;10,18
16484;781;10,28
16485;779;10,08
16486;782;10,38
16488;780;10,18
16489;780;10,18
16491;784;10,59
16492;781;10,28
16493;788;10,99
16495;790;11,19
16496;782;10,38
16498;785;10,69
16499;782;10,38
16501;781;10,28
16502;787;10,89
16503;783;10,49
16505;788;10,99
16506;786;10,79
16508;788;10,99
16509;788;10,99
16510;785;10,69
16513;793;11,49
16514;788;10,99
16516;782;10,38
16517;781;10,28
16518;788;10,99
16520;788;10,99
16521;780;10,18
16523;776;9,78
16524;792;11,39
16525;785;10,69
16527;781;10,28
16528;789;11,09
16530;783;10,49
16531;781;10,28
16532;789;11,09
16534;781;10,28
16535;785;10,69
16537;790;11,19
16538;788;10,99
16540;773;9,48
16541;780;10,18
16542;783;10,49
16544;792;11,39
16545;780;10,18
16546;778;9,98
16548;791;11,29
16549;784;10,59
16551;777;9,88
16552;790;11,19
16553;779;10,08
16556;782;10,38
16557;785;10,69
16559;784;10,59
16560;783;10,49
16561;788;10,99
16563;777;9,88
16564;793;11,49
16566;781;10,28
16567;786;10,79
16568;790;11,19
16570;787;10,89
16571;782;10,38
16573;787;10,89
16574;787;10,89
16575;784;10,59
16577;778;9,98
16578;782;10,38
16580;785;10,69
16581;784;10,59
16582;784;10,59
16584;775;9,68
16585;779;10,08
16587;781;10,28
16588;777;9,88
16589;775;9,68
16591;779;10,08
16592;780;10,18
16593;776;9,78
16595;772;9,38
16596;773;9,48
16598;770;9,18
16600;770;9,18
16601;770;9,18
16602;769;9,08
16604;767;8,87
16605;766;8,77
16606;770;9,18
16608;769;9,08
16609;773;9,48
16610;774;9,58
16612;771;9,28
16613;771;9,28
16614;777;9,88
16616;774;9,58
16617;775;9,68
16618;779;10,08
16620;776;9,78
16621;778;9,98
16622;776;9,78
16624;779;10,08
16625;779;10,08
16627;781;10,28
16628;782;10,38
16629;781;10,28
16631;787;10,89
16632;786;10,79
16634;785;10,69
16635;785;10,69
16636;786;10,79
16638;787;10,89
16640;787;10,89
16642;781;10,28
16643;783;10,49
16645;785;10,69
16646;780;10,18
16647;781;10,28
16649;778;9,98
16650;775;9,68
16651;774;9,58
16653;774;9,58
16654;772;9,38
16655;772;9,38
16657;775;9,68
16658;773;9,48
16659;771;9,28
16661;771;9,28
16662;768;8,98
16663;772;9,38
16665;769;9,08
16666;768;8,98
16667;769;9,08
16669;771;9,28
16670;773;9,48
16671;772;9,38
16673;776;9,78
16674;776;9,78
16675;777;9,88
16677;781;10,28
16678;779;10,08
16679;778;9,98
16681;782;10,38
16683;781;10,28
16685;784;10,59
16686;783;10,49
16687;783;10,49
16689;785;10,69
16690;782;10,38
16692;781;10,28
16693;782;10,38
16695;777;9,88
16696;775;9,68
16697;775;9,68
16699;774;9,58
16700;770;9,18
16701;772;9,38
16702;771;9,28
16704;775;9,68
16705;772;9,38
16706;768;8,98
16708;770;9,18
16709;765;8,67
16710;764;8,57
16712;764;8,57
16713;761;8,27
16714;762;8,37
16716;766;8,77
16717;759;8,07
16718;759;8,07
16720;759;8,07
16721;759;8,07
16722;756;7,77
16724;763;8,47
16726;760;8,17
16727;760;8,17
16729;757;7,87
16730;758;7,97
16731;758;7,97
16733;763;8,47
16734;760;8,17
16735;762;8,37
16737;766;8,77
16738;763;8,47
16739;765;8,67
16741;770;9,18
16742;764;8,57
16743;766;8,77
16745;774;9,58
16746;767;8,87
16747;768;8,98
16749;768;8,98
16750;770;9,18
16751;767;8,87
16753;765;8,67
16754;765;8,67
16755;766;8,77
16757;764;8,57
16758;763;8,47
16759;763;8,47
16761;764;8,57
16762;762;8,37
16763;759;8,07
16765;759;8,07
16766;762;8,37
16768;756;7,77
16770;754;7,57
16771;755;7,67
16772;755;7,67
16774;754;7,57
16775;753;7,47
16776;753;7,47
16778;755;7,67
16779;751;7,26
16780;750;7,16
16782;753;7,47
16783;750;7,16
16784;751;7,26
16786;754;7,57
16787;750;7,16
16788;750;7,16
16789;752;7,36
16791;747;6,86
16792;745;6,66
16793;745;6,66
16795;748;6,96
16796;748;6,96
16797;745;6,66
16799;747;6,86
16800;748;6,96
16801;749;7,06
16803;748;6,96
16804;750;7,16
16805;751;7,26
16807;753;7,47
16808;751;7,26
16809;755;7,67
16812;750;7,16
16813;754;7,57
16814;751;7,26
16816;749;7,06
16817;752;7,36
16818;750;7,16
16820;751;7,26
16821;748;6,96
16822;747;6,86
16824;747;6,86
16825;745;6,66
16826;746;6,76
16828;742;6,36
16829;748;6,96
16830;745;6,66
16832;743;6,46
16833;741;6,26
16834;745;6,66
16836;742;6,36
16837;738;5,96
16838;741;6,26
16840;736;5,75
16841;736;5,75
16842;739;6,06
16844;738;5,96
16845;737;5,85
16846;737;5,85
16848;735;5,65
16849;735;5,65
16850;736;5,75
16852;736;5,75
16854;736;5,75
16855;733;5,45
16857;735;5,65
16858;743;6,46
16859;740;6,16
16861;736;5,75
16862;739;6,06
16863;733;5,45
16865;731;5,25
16866;736;5,75
16867;736;5,75
16869;734;5,55
16870;735;5,65
16871;731;5,25
16873;732;5,35
16874;737;5,85
16875;737;5,85
16876;731;5,25
16878;731;5,25
16879;739;6,06
16880;734;5,55
16882;734;5,55
16883;733;5,45
16884;734;5,55
16886;739;6,06
16887;737;5,85
16888;735;5,65
16890;738;5,96
16891;738;5,96
16892;736;5,75
16894;736;5,75
16896;734;5,55
16897;738;5,96
16899;735;5,65
16900;740;6,16
16901;737;5,85
16903;738;5,96
16904;735;5,65
16905;735;5,65
16907;738;5,96
16908;739;6,06
16909;738;5,96
16911;737;5,85
16912;742;6,36
16913;737;5,85
16915;737;5,85
16916;736;5,75
16917;736;5,75
16919;741;6,26
16920;742;6,36
16921;741;6,26
16923;745;6,66
16924;749;7,06
16925;742;6,36
16927;741;6,26
16928;742;6,36
16929;747;6,86
16931;743;6,46
16932;749;7,06
16933;743;6,46
16935;743;6,46
16936;743;6,46
16937;749;7,06
16940;745;6,66
16941;748;6,96
16942;747;6,86
16944;746;6,76
16945;748;6,96
16946;748;6,96
16948;749;7,06
16949;759;8,07
16950;750;7,16
16952;750;7,16
16953;750;7,16
16954;751;7,26
16956;755;7,67
16957;756;7,77
16958;753;7,47
16960;757;7,87
16961;751;7,26
16962;752;7,36
16963;754;7,57
16965;754;7,57
16966;751;7,26
16967;752;7,36
16969;755;7,67
16970;753;7,47
16971;753;7,47
16973;753;7,47
16974;753;7,47
16975;752;7,36
16977;754;7,57
16978;747;6,86
16979;753;7,47
16982;749;7,06
16983;745;6,66
16984;746;6,76
16986;752;7,36
16987;744;6,56
16988;750;7,16
16990;748;6,96
16991;745;6,66
16992;745;6,66
16994;744;6,56
16995;745;6,66
16996;745;6,66
16998;742;6,36
16999;743;6,46
17000;743;6,46
17002;748;6,96
17003;743;6,46
17004;745;6,66
17006;744;6,56
17007;743;6,46
17008;745;6,66
17010;744;6,56
17011;745;6,66
17012;747;6,86
17014;745;6,66
17015;746;6,76
17016;751;7,26
17018;746;6,76
17019;747;6,86
17020;748;6,96
17022;747;6,86
17024;750;7,16
17025;750;7,16
17027;752;7,36
17028;750;7,16
17029;751;7,26
17031;754;7,57
17032;751;7,26
17033;753;7,47
17035;755;7,67
17036;754;7,57
17037;755;7,67
17039;757;7,87
17040;754;7,57
17041;755;7,67
17043;759;8,07
17044;756;7,77
17045;756;7,77
17047;757;7,87
17048;755;7,67
17049;756;7,77
17050;757;7,87
17052;753;7,47
17053;754;7,57
17054;757;7,87
17056;759;8,07
17057;754;7,57
17058;752;7,36
17060;753;7,47
17061;755;7,67
17062;750;7,16
17064;751;7,26
17065;752;7,36
17067;754;7,57
17069;752;7,36
17070;749;7,06
17071;751;7,26
17073;748;6,96
17074;750;7,16
17075;749;7,06
17077;749;7,06
17078;745;6,66
17079;746;6,76
17081;744;6,56
17082;744;6,56
17083;744;6,56
17085;742;6,36
17086;746;6,76
17087;743;6,46
17089;742;6,36
17090;744;6,56
17091;742;6,36
17093;741;6,26
17094;743;6,46
17095;741;6,26
17097;742;6,36
17098;742;6,36
17099;742;6,36
17101;741;6,26
17102;740;6,16
17103;740;6,16
17105;739;6,06
17106;741;6,26
17107;744;6,56
17110;741;6,26
17111;746;6,76
17112;744;6,56
17114;743;6,46
17115;744;6,56
17116;745;6,66
17118;750;7,16
17119;744;6,56
17120;749;7,06
17122;746;6,76
17123;746;6,76
17124;751;7,26
17126;746;6,76
17127;751;7,26
17128;747;6,86
17130;748;6,96
17131;750;7,16
17132;748;6,96
17134;749;7,06
17135;754;7,57
17136;752;7,36
17137;750;7,16
17139;751;7,26
17140;750;7,16
17141;752;7,36
17143;749;7,06
17144;753;7,47
17145;752;7,36
17147;752;7,36
17148;748;6,96
17149;748;6,96
17152;749;7,06
17153;753;7,47
17154;747;6,86
17156;748;6,96
17157;747;6,86
17158;747;6,86
17160;747;6,86
17161;749;7,06
17162;746;6,76
17164;746;6,76
17165;744;6,56
17166;744;6,56
17168;745;6,66
17169;744;6,56
17170;748;6,96
17172;745;6,66
17173;745;6,66
17174;744;6,56
17176;745;6,66
17177;745;6,66
17178;742;6,36
17180;742;6,36
17181;745;6,66
17182;744;6,56
17184;747;6,86
17185;745;6,66
17186;748;6,96
17188;749;7,06
17189;743;6,46
17190;744;6,56
17192;747;6,86
17193;747;6,86
17195;743;6,46
17197;748;6,96
17198;747;6,86
17199;746;6,76
17201;747;6,86
17202;746;6,76
17203;744;6,56
17205;747;6,86
17206;746;6,76
17207;745;6,66
17209;747;6,86
17210;748;6,96
17211;746;6,76
17213;747;6,86
17214;751;7,26
17215;748;6,96
17217;753;7,47
17218;748;6,96
17219;747;6,86
17221;748;6,96
17222;748;6,96
17223;748;6,96
17224;748;6,96
17226;749;7,06
17227;745;6,66
17228;745;6,66
17230;744;6,56
17231;746;6,76
17232;743;6,46
17234;749;7,06
17235;743;6,46
17236;746;6,76
17239;748;6,96
17240;746;6,76
17241;744;6,56
17243;745;6,66
17244;745;6,66
17245;743;6,46
17247;743;6,46
17248;745;6,66
17249;745;6,66
17251;744;6,56
17252;747;6,86
17253;745;6,66
17255;749;7,06
17256;746;6,76
17257;746;6,76
17259;749;7,06
17260;746;6,76
17261;745;6,66
17263;750;7,16
17264;744;6,56
17265;744;6,56
17267;746;6,76
17268;744;6,56
17269;744;6,56
17271;746;6,76
17272;744;6,56
17273;743;6,46
17275;747;6,86
17276;746;6,76
17277;742;6,36
17280;743;6,46
17281;746;6,76
17282;743;6,46
17284;746;6,76
17285;742;6,36
17286;741;6,26
17288;743;6,46
17289;743;6,46
17290;742;6,36
17292;745;6,66
17293;741;6,26
17294;740;6,16
17296;746;6,76
17297;745;6,66
17298;742;6,36
17300;740;6,16
17301;740;6,16
17302;746;6,76
17304;743;6,46
17305;744;6,56
17306;740;6,16
17308;741;6,26
17309;739;6,06
17310;741;6,26
17311;743;6,46
17313;742;6,36
17314;744;6,56
17315;745;6,66
17317;744;6,56
17318;741;6,26
17319;746;6,76
17321;743;6,46
17323;743;6,46
17324;742;6,36
17326;743;6,46
17327;740;6,16
17328;740;6,16
17330;742;6,36
17331;742;6,36
17332;741;6,26
17334;744;6,56
17335;740;6,16
17336;742;6,36
17338;741;6,26
17339;742;6,36
17340;741;6,26
17342;740;6,16
17343;741;6,26
17344;741;6,26
17346;740;6,16
17347;743;6,46
17348;741;6,26
17350;742;6,36
17351;740;6,16
17352;742;6,36
17354;739;6,06
17355;740;6,16
17356;740;6,16
17358;739;6,06
17359;739;6,06
17360;740;6,16
17362;740;6,16
17363;739;6,06
17364;743;6,46
17367;740;6,16
17368;741;6,26
17369;738;5,96
17371;740;6,16
17372;740;6,16
17373;741;6,26
17375;739;6,06
17376;740;6,16
17377;739;6,06
17379;740;6,16
17380;741;6,26
17381;741;6,26
17383;740;6,16
17384;740;6,16
17385;740;6,16
17387;740;6,16
17388;742;6,36
17389;745;6,66
17391;742;6,36
17392;739;6,06
17393;746;6,76
17395;741;6,26
17396;745;6,66
17397;741;6,26
17398;740;6,16
17400;742;6,36
17401;744;6,56
17402;741;6,26
17404;742;6,36
17405;741;6,26
17406;740;6,16
17409;739;6,06
17410;740;6,16
17411;742;6,36
17413;740;6,16
17414;744;6,56
17415;743;6,46
17417;739;6,06
17418;741;6,26
17419;738;5,96
17421;740;6,16
17422;740;6,16
17423;740;6,16
17425;739;6,06
17426;741;6,26
17427;744;6,56
17429;738;5,96
17430;739;6,06
17431;742;6,36
17433;739;6,06
17434;738;5,96
17435;740;6,16
17437;739;6,06
17438;739;6,06
17439;743;6,46
17441;741;6,26
17442;743;6,46
17443;743;6,46
17445;741;6,26
17446;740;6,16
17447;741;6,26
17449;744;6,56
17451;743;6,46
17452;741;6,26
17454;741;6,26
17455;741;6,26
17456;742;6,36
17458;742;6,36
17459;745;6,66
17460;742;6,36
17462;740;6,16
17463;741;6,26
17464;749;7,06
17466;741;6,26
17467;743;6,46
17468;741;6,26
17470;741;6,26
17471;741;6,26
17472;745;6,66
17474;743;6,46
17475;749;7,06
17476;742;6,36
17478;743;6,46
17479;743;6,46
17480;741;6,26
17482;742;6,36
17483;745;6,66
17484;741;6,26
17485;742;6,36
17487;741;6,26
17488;743;6,46
17489;740;6,16
17491;749;7,06
17492;742;6,36
17494;742;6,36
17496;746;6,76
17497;743;6,46
17498;743;6,46
17500;743;6,46
17501;745;6,66
17502;749;7,06
17504;746;6,76
17505;746;6,76
17506;750;7,16
17508;744;6,56
17509;743;6,46
17510;744;6,56
17512;744;6,56
17513;744;6,56
17514;745;6,66
17516;745;6,66
17517;743;6,46
17518;749;7,06
17520;746;6,76
17521;743;6,46
17522;745;6,66
17524;743;6,46
17525;744;6,56
17526;748;6,96
17528;748;6,96
17529;743;6,46
17530;746;6,76
17532;743;6,46
17533;744;6,56
17534;745;6,66
17537;745;6,66
17538;743;6,46
17539;747;6,86
17541;746;6,76
17542;742;6,36
17543;744;6,56
17545;744;6,56
17546;742;6,36
17547;742;6,36
17549;744;6,56
17550;741;6,26
17551;742;6,36
17553;742;6,36
17554;742;6,36
17555;743;6,46
17557;742;6,36
17558;742;6,36
17559;743;6,46
17561;744;6,56
17562;745;6,66
17563;743;6,46
17565;742;6,36
17566;743;6,46
17567;743;6,46
17569;747;6,86
17570;744;6,56
17571;745;6,66
17572;745;6,66
17574;747;6,86
17575;746;6,76
17576;744;6,56
17579;750;7,16
17580;746;6,76
17581;750;7,16
17583;748;6,96
17584;747;6,86
17585;754;7,57
17587;752;7,36
17588;747;6,86
17589;749;7,06
17591;748;6,96
17592;750;7,16
17593;750;7,16
17595;749;7,06
17596;749;7,06
17597;746;6,76
17599;749;7,06
17600;745;6,66
17601;749;7,06
17603;745;6,66
17604;743;6,46
17605;744;6,56
17607;743;6,46
17608;745;6,66
17609;745;6,66
17611;744;6,56
17612;743;6,46
17613;742;6,36
17615;743;6,46
17616;742;6,36
17617;744;6,56
17619;743;6,46
17620;740;6,16
17622;740;6,16
17624;746;6,76
17625;742;6,36
17626;742;6,36
17628;742;6,36
17629;748;6,96
17630;741;6,26
17632;743;6,46
17633;746;6,76
17634;746;6,76
17636;744;6,56
17637;749;7,06
17638;750;7,16
17640;749;7,06
17641;750;7,16
17642;749;7,06
17644;750;7,16
17645;751;7,26
17646;750;7,16
17648;749;7,06
17649;751;7,26
17650;756;7,77
17652;752;7,36
17653;750;7,16
17654;749;7,06
17656;750;7,16
17657;749;7,06
17658;753;7,47
17659;749;7,06
17661;748;6,96
17662;749;7,06
17664;750;7,16
17666;749;7,06
17667;747;6,86
17668;751;7,26
17670;750;7,16
17671;745;6,66
17672;746;6,76
17674;745;6,66
17675;745;6,66
17676;743;6,46
17678;745;6,66
17679;747;6,86
17680;745;6,66
17682;745;6,66
17683;749;7,06
17684;747;6,86
17686;743;6,46
17687;744;6,56
17688;744;6,56
17690;746;6,76
17691;746;6,76
17692;746;6,76
17694;748;6,96
17695;747;6,86
17696;747;6,86
17698;751;7,26
17699;750;7,16
17700;749;7,06
17702;750;7,16
17703;754;7,57
17704;750;7,16
17707;754;7,57
17708;751;7,26
17709;751;7,26
17711;753;7,47
17712;750;7,16
17713;750;7,16
17715;752;7,36
17716;753;7,47
17717;750;7,16
17719;750;7,16
17720;750;7,16
17721;748;6,96
17723;748;6,96
17724;749;7,06
17725;752;7,36
17727;748;6,96
17728;753;7,47
17729;747;6,86
17731;750;7,16
17732;746;6,76
17733;747;6,86
17735;748;6,96
17736;749;7,06
17737;750;7,16
17739;751;7,26
17740;744;6,56
17741;746;6,76
17743;743;6,46
17744;749;7,06
17745;745;6,66
17746;742;6,36
17748;745;6,66
17750;751;7,26
17751;745;6,66
17753;742;6,36
17754;743;6,46
17755;745;6,66
17757;745;6,66
17758;744;6,56
17759;743;6,46
17761;748;6,96
17762;746;6,76
17763;745;6,66
17765;749;7,06
17766;748;6,96
17767;746;6,76
17769;749;7,06
17770;746;6,76
17771;746;6,76
17773;746;6,76
17774;747;6,86
17775;750;7,16
17777;753;7,47
17778;748;6,96
17779;748;6,96
17781;748;6,96
17782;749;7,06
17783;753;7,47
17785;751;7,26
17786;750;7,16
17787;749;7,06
17789;751;7,26
17790;750;7,16
17792;750;7,16
17794;748;6,96
17795;749;7,06
17796;748;6,96
17798;749;7,06
17799;747;6,86
17800;750;7,16
17802;748;6,96
17803;745;6,66
17804;746;6,76
17806;745;6,66
17807;747;6,86
17808;745;6,66
17810;747;6,86
17811;745;6,66
17812;747;6,86
17814;751;7,26
17815;751;7,26
17816;746;6,76
17818;750;7,16
17819;749;7,06
17820;746;6,76
17822;751;7,26
17823;748;6,96
17824;752;7,36
17826;748;6,96
17827;751;7,26
17828;749;7,06
17830;754;7,57
17831;749;7,06
17832;754;7,57
17833;751;7,26
17836;752;7,36
17837;753;7,47
17838;753;7,47
17840;751;7,26
17841;752;7,36
17842;749;7,06
17844;748;6,96
17845;755;7,67
17846;754;7,57
17848;751;7,26
17849;749;7,06
17850;751;7,26
17852;751;7,26
17853;747;6,86
17854;750;7,16
17856;747;6,86
17857;749;7,06
17858;746;6,76
17860;749;7,06
17861;747;6,86
17862;749;7,06
17864;748;6,96
17865;750;7,16
17866;745;6,66
17868;746;6,76
17869;746;6,76
17870;750;7,16
17872;749;7,06
17873;747;6,86
17874;744;6,56
17876;744;6,56
17878;748;6,96
17879;747;6,86
17881;747;6,86
17882;748;6,96
17883;748;6,96
17885;744;6,56
17886;745;6,66
17887;750;7,16
17889;747;6,86
17890;746;6,76
17891;749;7,06
17893;748;6,96
17894;748;6,96
17895;747;6,86
17897;747;6,86
17898;748;6,96
17899;747;6,86
17901;750;7,16
17902;748;6,96
17903;753;7,47
17905;753;7,47
17906;753;7,47
17907;749;7,06
17909;747;6,86
17910;750;7,16
17911;750;7,16
17913;748;6,96
17914;748;6,96
17915;747;6,86
17917;747;6,86
17918;749;7,06
17920;749;7,06
17921;750;7,16
17923;749;7,06
17924;752;7,36
17925;748;6,96
17927;748;6,96
17928;752;7,36
17929;746;6,76
17931;749;7,06
17932;755;7,67
17933;750;7,16
17935;749;7,06
17936;748;6,96
17937;746;6,76
17939;748;6,96
17940;746;6,76
17941;749;7,06
17943;754;7,57
17944;756;7,77
17945;751;7,26
17947;752;7,36
17948;748;6,96
17949;748;6,96
17951;751;7,26
17952;751;7,26
17953;752;7,36
17955;752;7,36
17956;751;7,26
17957;751;7,26
17959;755;7,67
17960;755;7,67
17961;751;7,26
17964;751;7,26
17965;753;7,47
17966;754;7,57
17968;752;7,36
17969;752;7,36
17970;753;7,47
17972;752;7,36
17973;759;8,07
17974;754;7,57
17976;754;7,57
17977;752;7,36
17978;753;7,47
17980;754;7,57
17981;754;7,57
17982;753;7,47
17984;753;7,47
17985;756;7,77
17986;753;7,47
17988;755;7,67
17989;755;7,67
17990;753;7,47
17992;752;7,36
17993;754;7,57
17994;756;7,77
17996;752;7,36
17997;753;7,47
17998;753;7,47
18000;752;7,36
18001;752;7,36
18002;751;7,26
18004;757;7,87
18006;750;7,16
18007;754;7,57
18008;752;7,36
18010;750;7,16
18011;750;7,16
18012;752;7,36
18014;754;7,57
18015;754;7,57
18016;752;7,36
18018;750;7,16
18019;753;7,47
18020;752;7,36
18022;751;7,26
18023;751;7,26
18024;754;7,57
18026;750;7,16
18027;754;7,57
18028;754;7,57
18030;753;7,47
18031;751;7,26
18032;753;7,47
18034;752;7,36
18035;751;7,26
18036;751;7,26
18038;753;7,47
18039;752;7,36
18040;755;7,67
18042;751;7,26
18043;751;7,26
18044;753;7,47
18046;752;7,36
18048;751;7,26
18049;753;7,47
18051;751;7,26
18052;751;7,26
18053;750;7,16
18055;751;7,26
18056;750;7,16
18057;751;7,26
18059;750;7,16
18060;753;7,47
18061;751;7,26
18063;751;7,26
18064;749;7,06
18065;751;7,26
18067;749;7,06
18068;749;7,06
18069;754;7,57
18071;750;7,16
18072;750;7,16
18073;752;7,36
18075;751;7,26
18076;751;7,26
18077;753;7,47
18079;754;7,57
18080;757;7,87
18081;750;7,16
18083;755;7,67
18084;753;7,47
18085;752;7,36
18087;751;7,26
18088;756;7,77
18089;752;7,36
18092;751;7,26
18093;753;7,47
18094;753;7,47
18095;755;7,67
18097;755;7,67
18098;756;7,77
18099;757;7,87
18101;752;7,36
18102;750;7,16
18103;750;7,16
18105;749;7,06
18106;749;7,06
18107;748;6,96
18109;752;7,36
18110;750;7,16
18111;749;7,06
18113;750;7,16
18114;752;7,36
18115;747;6,86
18117;748;6,96
18118;747;6,86
18119;752;7,36
18121;746;6,76
18122;746;6,76
18123;748;6,96
18125;745;6,66
18126;746;6,76
18127;747;6,86
18129;748;6,96
18130;745;6,66
18131;745;6,66
18134;744;6,56
18135;748;6,96
18136;748;6,96
18138;745;6,66
18139;752;7,36
18140;746;6,76
18142;746;6,76
18143;746;6,76
18144;749;7,06
18146;747;6,86
18147;751;7,26
18148;752;7,36
18150;748;6,96
18151;751;7,26
18152;756;7,77
18154;750;7,16
18155;748;6,96
18156;750;7,16
18158;749;7,06
18159;754;7,57
18160;750;7,16
18162;752;7,36
18163;750;7,16
18164;755;7,67
18166;754;7,57
18167;752;7,36
18168;753;7,47
18170;753;7,47
18171;750;7,16
18172;750;7,16
18174;755;7,67
18176;751;7,26
18177;751;7,26
18179;749;7,06
18180;750;7,16
18181;753;7,47
18182;751;7,26
18184;749;7,06
18185;752;7,36
18186;754;7,57
18188;747;6,86
18189;749;7,06
18190;747;6,86
18192;753;7,47
18193;746;6,76
18194;747;6,86
18196;746;6,76
18197;746;6,76
18198;753;7,47
18200;750;7,16
18201;752;7,36
18202;746;6,76
18204;748;6,96
18205;750;7,16
18206;748;6,96
18208;753;7,47
18209;748;6,96
18210;747;6,86
18212;752;7,36
18213;751;7,26
18214;749;7,06
18216;750;7,16
18217;749;7,06
18219;749;7,06
18221;748;6,96
18222;752;7,36
18223;749;7,06
18225;749;7,06
18226;750;7,16
18227;756;7,77
18229;751;7,26
18230;750;7,16
18231;751;7,26
18233;755;7,67
18234;752;7,36
18235;752;7,36
18237;754;7,57
18238;751;7,26
18239;752;7,36
18241;757;7,87
18242;752;7,36
18243;754;7,57
18245;753;7,47
18246;751;7,26
18247;752;7,36
18249;752;7,36
18250;752;7,36
18251;752;7,36
18253;753;7,47
18254;751;7,26
18255;751;7,26
18257;751;7,26
18258;754;7,57
18259;751;7,26
18262;749;7,06
18263;750;7,16
18264;750;7,16
18266;747;6,86
18267;747;6,86
18268;751;7,26
18269;745;6,66
18271;745;6,66
18272;747;6,86
18273;747;6,86
18275;746;6,76
18276;749;7,06
18277;748;6,96
18279;749;7,06
18280;747;6,86
18281;747;6,86
18283;748;6,96
18284;746;6,76
18285;748;6,96
18287;747;6,86
18288;746;6,76
18289;747;6,86
18291;748;6,96
18292;749;7,06
18293;748;6,96
18295;746;6,76
18296;747;6,86
18297;749;7,06
18299;747;6,86
18300;749;7,06
18301;754;7,57
18304;752;7,36
18305;748;6,96
18306;753;7,47
18308;751;7,26
18309;751;7,26
18310;750;7,16
18312;753;7,47
18313;753;7,47
18314;752;7,36
18316;750;7,16
18317;750;7,16
18318;749;7,06
18320;751;7,26
18321;748;6,96
18322;748;6,96
18324;748;6,96
18325;749;7,06
18326;747;6,86
18328;753;7,47
18329;750;7,16
18330;749;7,06
18332;749;7,06
18333;747;6,86
18334;749;7,06
18336;749;7,06
18337;749;7,06
18338;747;6,86
18340;748;6,96
18341;749;7,06
18342;750;7,16
18344;750;7,16
18345;747;6,86
18347;749;7,06
18349;748;6,96
18350;751;7,26
18351;752;7,36
18353;747;6,86
18354;748;6,96
18355;749;7,06
18356;751;7,26
18358;752;7,36
18359;751;7,26
18360;748;6,96
18362;747;6,86
18363;749;7,06
18364;747;6,86
18366;748;6,96
18367;748;6,96
18368;748;6,96
18370;749;7,06
18371;748;6,96
18372;750;7,16
18374;749;7,06
18375;751;7,26
18376;747;6,86
18378;750;7,16
18379;751;7,26
18380;746;6,76
18382;749;7,06
18383;751;7,26
18384;747;6,86
18386;746;6,76
18387;745;6,66
18388;747;6,86
18391;746;6,76
18392;748;6,96
18393;746;6,76
18395;744;6,56
18396;748;6,96
18397;747;6,86
18399;747;6,86
18400;747;6,86
18401;746;6,76
18403;748;6,96
18404;747;6,86
18405;748;6,96
18407;748;6,96
18408;753;7,47
18409;747;6,86
18411;751;7,26
18412;750;7,16
18413;755;7,67
18415;749;7,06
18416;749;7,06
18417;750;7,16
18419;749;7,06
18420;749;7,06
18421;753;7,47
18423;751;7,26
18424;750;7,16
18425;753;7,47
18427;751;7,26
18428;751;7,26
18429;754;7,57
18432;753;7,47
18433;755;7,67
18434;752;7,36
18436;753;7,47
18437;756;7,77
18438;752;7,36
18440;750;7,16
18441;751;7,26
18442;751;7,26
18443;751;7,26
18445;751;7,26
18446;752;7,36
18447;752;7,36
18449;751;7,26
18450;751;7,26
18451;752;7,36
18453;756;7,77
18454;752;7,36
18455;752;7,36
18457;752;7,36
18458;751;7,26
18459;754;7,57
18461;751;7,26
18462;751;7,26
18463;751;7,26
18465;755;7,67
18466;753;7,47
18467;749;7,06
18469;749;7,06
18470;752;7,36
18471;750;7,16
18473;751;7,26
18475;753;7,47
18476;755;7,67
18478;748;6,96
18479;753;7,47
18480;755;7,67
18482;749;7,06
18483;754;7,57
18484;752;7,36
18486;753;7,47
18487;757;7,87
18488;752;7,36
18490;752;7,36
18491;753;7,47
18492;756;7,77
18494;759;8,07
18495;754;7,57
18496;755;7,67
18498;754;7,57
18499;753;7,47
18500;754;7,57
18502;754;7,57
18503;760;8,17
18504;754;7,57
18506;757;7,87
18507;757;7,87
18508;755;7,67
18510;754;7,57
18511;759;8,07
18512;754;7,57
18514;754;7,57
18515;755;7,67
18516;763;8,47
18519;755;7,67
18520;752;7,36
18521;757;7,87
18523;755;7,67
18524;751;7,26
18525;752;7,36
18527;755;7,67
18528;752;7,36
18529;752;7,36
18530;755;7,67
18532;753;7,47
18533;751;7,26
18534;753;7,47
18536;753;7,47
18537;754;7,57
18538;751;7,26
18540;751;7,26
18541;756;7,77
18542;760;8,17
18544;748;6,96
18545;752;7,36
18546;757;7,87
18548;749;7,06
18549;753;7,47
18550;757;7,87
18552;752;7,36
18553;751;7,26
18554;753;7,47
18556;757;7,87
18557;751;7,26
18558;751;7,26
18561;752;7,36
18562;749;7,06
18563;754;7,57
18565;754;7,57
18566;750;7,16
18567;750;7,16
18569;752;7,36
18570;751;7,26
18571;752;7,36
18573;755;7,67
18574;756;7,77
18575;751;7,26
18577;751;7,26
18578;753;7,47
18579;753;7,47
18581;755;7,67
18582;751;7,26
18583;751;7,26
18585;752;7,36
18586;751;7,26
18587;751;7,26
18589;751;7,26
18590;751;7,26
18591;750;7,16
18593;749;7,06
18594;752;7,36
18595;750;7,16
18597;753;7,47
18598;756;7,77
18599;750;7,16
18601;750;7,16
18603;747;6,86
18604;749;7,06
18606;753;7,47
18607;751;7,26
18608;748;6,96
18610;748;6,96
18611;748;6,96
18612;754;7,57
18614;749;7,06
18615;748;6,96
18616;750;7,16
18617;750;7,16
18619;749;7,06
18620;748;6,96
18621;750;7,16
18623;754;7,57
18624;748;6,96
18625;752;7,36
18627;748;6,96
18628;749;7,06
18629;750;7,16
18631;749;7,06
18632;749;7,06
18633;753;7,47
18635;751;7,26
18636;750;7,16
18637;752;7,36
18639;747;6,86
18640;749;7,06
18641;748;6,96
18643;752;7,36
18644;749;7,06
18646;749;7,06
18648;747;6,86
18649;747;6,86
18650;749;7,06
18652;748;6,96
18653;746;6,76
18654;752;7,36
18656;749;7,06
18657;747;6,86
18658;746;6,76
18660;747;6,86
18661;747;6,86
18662;745;6,66
18664;750;7,16
18665;748;6,96
18666;745;6,66
18668;747;6,86
18669;751;7,26
18670;748;6,96
18672;743;6,46
18673;751;7,26
18674;752;7,36
18676;748;6,96
18677;747;6,86
18678;748;6,96
18680;749;7,06
18681;749;7,06
18682;749;7,06
18684;753;7,47
18685;752;7,36
18686;750;7,16
18689;747;6,86
18690;745;6,66
18691;750;7,16
18693;751;7,26
18694;750;7,16
18695;747;6,86
18697;750;7,16
18698;750;7,16
18699;749;7,06
18701;750;7,16
18702;749;7,06
18703;749;7,06
18704;749;7,06
18706;748;6,96
18707;752;7,36
18708;750;7,16
18710;755;7,67
18711;754;7,57
18712;747;6,86
18714;750;7,16
18715;753;7,47
18716;751;7,26
18718;749;7,06
18719;750;7,16
18720;751;7,26
18722;750;7,16
18723;750;7,16
18724;751;7,26
18726;749;7,06
18727;751;7,26
18728;750;7,16
18731;749;7,06
18732;756;7,77
18733;751;7,26
18735;753;7,47
18736;753;7,47
18737;753;7,47
18739;753;7,47
18740;755;7,67
18741;757;7,87
18743;754;7,57
18744;758;7,97
18745;759;8,07
18747;756;7,77
18748;755;7,67
18749;755;7,67
18751;754;7,57
18752;760;8,17
18753;758;7,97
18755;756;7,77
18756;755;7,67
18757;758;7,97
18759;759;8,07
18760;757;7,87
18761;757;7,87
18763;757;7,87
18764;762;8,37
18765;762;8,37
18767;759;8,07
18768;757;7,87
18769;757;7,87
18771;757;7,87
18772;757;7,87
18774;759;8,07
18776;757;7,87
18777;756;7,77
18778;758;7,97
18780;758;7,97
18781;757;7,87
18782;759;8,07
18784;758;7,97
18785;756;7,77
18786;756;7,77
18788;756;7,77
18789;757;7,87
18790;756;7,77
18791;756;7,77
18793;759;8,07
18794;756;7,77
18795;756;7,77
18797;760;8,17
18798;758;7,97
18799;756;7,77
18801;759;8,07
18802;754;7,57
18803;755;7,67
18805;753;7,47
18806;754;7,57
18807;755;7,67
18809;757;7,87
18810;754;7,57
18811;759;8,07
18813;754;7,57
18814;754;7,57
18816;756;7,77
18818;758;7,97
18819;754;7,57
18820;754;7,57
18822;759;8,07
18823;754;7,57
18824;755;7,67
18826;755;7,67
18827;755;7,67
18828;752;7,36
18830;757;7,87
18831;759;8,07
18832;757;7,87
18834;753;7,47
18835;756;7,77
18836;755;7,67
18838;757;7,87
18839;755;7,67
18840;756;7,77
18842;755;7,67
18843;755;7,67
18844;754;7,57
18846;755;7,67
18847;755;7,67
18848;757;7,87
18850;756;7,77
18851;755;7,67
18852;757;7,87
18854;757;7,87
18855;756;7,77
18856;755;7,67
18859;755;7,67
18860;756;7,77
18861;754;7,57
18863;754;7,57
18864;759;8,07
18865;756;7,77
18867;756;7,77
18868;757;7,87
18869;755;7,67
18871;755;7,67
18872;755;7,67
18873;755;7,67
18875;756;7,77
18876;755;7,67
18877;762;8,37
18878;755;7,67
18880;754;7,57
18881;756;7,77
18882;759;8,07
18884;754;7,57
18885;756;7,77
18886;757;7,87
18888;755;7,67
18889;759;8,07
18890;756;7,77
18892;754;7,57
18893;754;7,57
18894;757;7,87
18896;753;7,47
18897;759;8,07
18898;761;8,27
18900;753;7,47
18902;753;7,47
18903;753;7,47
18905;757;7,87
18906;756;7,77
18907;753;7,47
18909;756;7,77
18910;752;7,36
18911;757;7,87
18913;753;7,47
18914;752;7,36
18915;752;7,36
18917;753;7,47
18918;753;7,47
18919;751;7,26
18921;752;7,36
18922;755;7,67
18923;761;8,27
18925;753;7,47
18926;751;7,26
18927;758;7,97
18929;757;7,87
18930;757;7,87
18931;753;7,47
18933;759;8,07
18934;753;7,47
18935;753;7,47
18937;753;7,47
18938;756;7,77
18939;754;7,57
18941;754;7,57
18942;757;7,87
18944;753;7,47
18946;755;7,67
18947;757;7,87
18948;755;7,67
18950;756;7,77
18951;757;7,87
18952;757;7,87
18954;755;7,67
18955;759;8,07
18956;757;7,87
18958;759;8,07
18959;756;7,77
18960;761;8,27
18962;759;8,07
18963;758;7,97
18964;760;8,17
18965;762;8,37
18967;760;8,17
18968;761;8,27
18969;762;8,37
18971;761;8,27
18972;765;8,67
18973;762;8,37
18975;767;8,87
18976;767;8,87
18977;765;8,67
18979;767;8,87
18980;771;9,28
18981;767;8,87
18983;773;9,48
18984;773;9,48
18985;775;9,68
18988;773;9,48
18989;774;9,58
18990;772;9,38
18992;776;9,78
18993;775;9,68
18994;774;9,58
18996;777;9,88
18997;779;10,08
18998;777;9,88
19000;785;10,69
19001;779;10,08
19003;781;10,28
19004;781;10,28
19005;782;10,38
19007;784;10,59
19008;785;10,69
19010;784;10,59
19011;785;10,69
19012;786;10,79
19014;787;10,89
19015;787;10,89
19017;788;10,99
19018;793;11,49
19020;792;11,39
19021;791;11,29
19022;794;11,59
19024;795;11,69
19025;796;11,79
19027;796;11,79
19028;796;11,79
19030;795;11,69
19032;797;11,89
19033;800;12,20
19035;803;12,50
19036;801;12,30
19037;799;12,10
19039;800;12,20
19040;801;12,30
19042;801;12,30
19043;802;12,40
19045;804;12,60
19046;804;12,60
19047;807;12,90
19049;806;12,80
19050;806;12,80
19052;807;12,90
19053;805;12,70
19054;807;12,90
19056;803;12,50
19057;806;12,80
19059;802;12,40
19060;801;12,30
19061;802;12,40
19063;801;12,30
19064;805;12,70
19066;802;12,40
19067;800;12,20
19068;803;12,50
19070;800;12,20
19072;804;12,60
19074;799;12,10
19075;799;12,10
19077;797;11,89
19078;803;12,50
19079;799;12,10
19081;799;12,10
19082;801;12,30
19084;798;12,00
19085;796;11,79
19086;797;11,89
19088;801;12,30
19089;796;11,79
19091;794;11,59
19092;800;12,20
19093;799;12,10
19095;796;11,79
19096;797;11,89
19098;796;11,79
19099;797;11,89
19101;794;11,59
19102;795;11,69
19103;794;11,59
19105;792;11,39
19106;796;11,79
19108;797;11,89
19109;793;11,49
19110;792;11,39
19112;794;11,59
19113;798;12,00
19116;793;11,49
19117;797;11,89
19118;794;11,59
19120;798;12,00
19121;797;11,89
19123;793;11,49
19124;796;11,79
19126;792;11,39
19127;797;11,89
19128;793;11,49
19130;792;11,39
19131;790;11,19
19133;789;11,09
19134;787;10,89
19135;787;10,89
19137;784;10,59
19138;789;11,09
19140;787;10,89
19141;785;10,69
19142;785;10,69
19144;786;10,79
19145;789;11,09
19147;789;11,09
19148;787;10,89
19150;784;10,59
19151;784;10,59
19152;781;10,28
19154;784;10,59
19155;786;10,79
19158;786;10,79
19159;785;10,69
19160;785;10,69
19162;786;10,79
19163;786;10,79
19165;787;10,89
19166;788;10,99
19167;787;10,89
19169;789;11,09
19170;790;11,19
19172;792;11,39
19173;792;11,39
19175;796;11,79
19176;791;11,29
19177;795;11,69
19179;790;11,19
19180;791;11,29
19182;790;11,19
19183;790;11,19
19184;788;10,99
19186;790;11,19
19187;788;10,99
19189;787;10,89
19190;792;11,39
19191;788;10,99
19193;787;10,89
19194;788;10,99
19196;788;10,99
19197;789;11,09
19200;790;11,19
19201;793;11,49
19202;792;11,39
19204;789;11,09
19205;794;11,59
19207;795;11,69
19208;790;11,19
19209;793;11,49
19211;791;11,29
19212;788;10,99
19214;789;11,09
19215;786;10,79
19216;788;10,99
19218;792;11,39
19219;789;11,09
19221;788;10,99
19222;787;10,89
19223;788;10,99
19225;794;11,59
19226;791;11,29
19228;791;11,29
19229;792;11,39
19231;796;11,79
19232;796;11,79
19233;792;11,39
19235;794;11,59
19236;793;11,49
19238;792;11,39
19239;794;11,59
19240;796;11,79
19243;789;11,09
19244;785;10,69
19246;788;10,99
19247;788;10,99
19248;790;11,19
19250;785;10,69
19251;782;10,38
19253;778;9,98
19254;780;10,18
19255;789;11,09
19257;784;10,59
19258;783;10,49
19260;775;9,68
19261;767;8,87
19262;772;9,38
19264;777;9,88
19265;785;10,69
19266;789;11,09
19268;786;10,79
19269;780;10,18
19271;774;9,58
19272;785;10,69
19273;789;11,09
19275;796;11,79
19276;787;10,89
19278;780;10,18
19279;782;10,38
19280;792;11,39
19282;794;11,59
19283;786;10,79
19286;781;10,28
19287;787;10,89
19289;794;11,59
19290;791;11,29
19291;783;10,49
19293;784;10,59
19294;799;12,10
19296;791;11,29
19297;783;10,49
19298;790;11,19
19300;794;11,59
19301;791;11,29
19303;785;10,69
19304;787;10,89
19305;790;11,19
19307;784;10,59
19308;784;10,59
19310;789;11,09
19311;787;10,89
19312;790;11,19
19314;787;10,89
19315;787;10,89
19317;786;10,79
19318;786;10,79
19320;787;10,89
19321;786;10,79
19322;786;10,79
19324;787;10,89
19325;787;10,89
19328;783;10,49
19329;785;10,69
19330;785;10,69
19332;786;10,79
19333;785;10,69
19335;784;10,59
19336;785;10,69
19337;786;10,79
19339;786;10,79
19340;784;10,59
19342;784;10,59
19343;785;10,69
19345;788;10,99
19346;786;10,79
19347;789;11,09
19349;789;11,09
19350;790;11,19
19352;788;10,99
19353;784;10,59
19354;790;11,19
19356;788;10,99
19357;789;11,09
19359;789;11,09
19360;787;10,89
19361;788;10,99
19363;786;10,79
19364;784;10,59
19366;787;10,89
19367;787;10,89
19369;784;10,59
19371;782;10,38
19372;778;9,98
19374;779;10,08
19375;780;10,18
19376;780;10,18
19378;782;10,38
19379;780;10,18
19381;778;9,98
19382;774;9,58
19383;773;9,48
19385;771;9,28
19386;768;8,98
19387;767;8,87
19389;767;8,87
19390;769;9,08
19391;763;8,47
19393;763;8,47
19394;763;8,47
19395;761;8,27
19397;765;8,67
19398;767;8,87
19399;770;9,18
19401;772;9,38
19402;771;9,28
19403;770;9,18
19405;771;9,28
19406;776;9,78
19407;774;9,58
19409;776;9,78
19410;748;6,96
19411;786;10,79
19414;796;11,79
19415;762;8,37
19416;772;9,38
19418;784;10,59
19419;784;10,59
19421;780;10,18
19422;780;10,18
19423;783;10,49
19425;785;10,69
19426;785;10,69
19428;787;10,89
19429;784;10,59
19430;782;10,38
19432;784;10,59
19433;781;10,28
19435;783;10,49
19436;783;10,49
19438;780;10,18
19439;780;10,18
19440;779;10,08
19442;776;9,78
19443;775;9,68
19444;772;9,38
19446;773;9,48
19447;773;9,48
19448;771;9,28
19450;769;9,08
19451;767;8,87
19452;766;8,77
19454;766;8,77
19456;765;8,67
19457;764;8,57
19459;764;8,57
19460;764;8,57
19461;763;8,47
19463;765;8,67
19464;766;8,77
19465;764;8,57
19467;768;8,98
19468;767;8,87
19469;769;9,08
19471;770;9,18
19472;774;9,58
19473;774;9,58
19475;773;9,48
19476;774;9,58
19477;774;9,58
19479;777;9,88
19480;775;9,68
19481;777;9,88
19483;776;9,78
19484;778;9,98
19485;775;9,68
19487;777;9,88
19488;776;9,78
19489;774;9,58
19491;773;9,48
19492;772;9,38
19493;771;9,28
19495;770;9,18
19496;767;8,87
19497;767;8,87
19500;766;8,77
19501;764;8,57
19502;764;8,57
19504;765;8,67
19505;767;8,87
19506;765;8,67
19507;765;8,67
19509;765;8,67
19510;764;8,57
19511;765;8,67
19513;763;8,47
19514;762;8,37
19515;762;8,37
19517;761;8,27
19518;758;7,97
19519;757;7,87
19521;758;7,97
19522;757;7,87
19523;756;7,77
19525;757;7,87
19526;755;7,67
19527;757;7,87
19529;756;7,77
19530;757;7,87
19531;759;8,07
19533;756;7,77
19534;759;8,07
19535;758;7,97
19537;760;8,17
19538;759;8,07
19539;760;8,17
19542;759;8,07
19543;759;8,07
19544;761;8,27
19546;762;8,37
19547;762;8,37
19548;765;8,67
19550;767;8,87
19551;764;8,57
19552;763;8,47
19554;763;8,47
19555;761;8,27
19556;760;8,17
19558;761;8,27
19559;760;8,17
19560;759;8,07
19562;759;8,07
19563;756;7,77
19564;754;7,57
19566;754;7,57
19567;750;7,16
19568;751;7,26
19570;753;7,47
19571;751;7,26
19572;751;7,26
19574;749;7,06
19575;749;7,06
19576;749;7,06
19578;746;6,76
19579;745;6,66
19580;750;7,16
19582;747;6,86
19584;747;6,86
19585;749;7,06
19587;748;6,96
19588;751;7,26
19589;749;7,06
19591;751;7,26
19592;749;7,06
19593;750;7,16
19594;754;7,57
19596;751;7,26
19597;753;7,47
19598;750;7,16
19600;752;7,36
19601;751;7,26
19602;750;7,16
19604;749;7,06
19605;750;7,16
19606;755;7,67
19608;751;7,26
19609;753;7,47
19610;750;7,16
19612;752;7,36
19613;751;7,26
19614;753;7,47
19616;754;7,57
19617;753;7,47
19618;754;7,57
19620;753;7,47
19621;753;7,47
19622;753;7,47
19624;753;7,47
19625;754;7,57
19627;756;7,77
19629;754;7,57
19630;755;7,67
19631;755;7,67
19633;755;7,67
19634;752;7,36
19635;753;7,47
19637;754;7,57
19638;753;7,47
19639;752;7,36
19641;753;7,47
19642;753;7,47
19643;751;7,26
19645;750;7,16
19646;751;7,26
19647;752;7,36
19649;751;7,26
19650;747;6,86
19651;749;7,06
19653;751;7,26
19654;748;6,96
19655;744;6,56
19657;743;6,46
19658;750;7,16
19659;748;6,96
19661;744;6,56
19662;746;6,76
19663;744;6,56
19665;744;6,56
19666;746;6,76
19667;748;6,96
19670;746;6,76
19671;748;6,96
19672;746;6,76
19674;744;6,56
19675;744;6,56
19676;743;6,46
19678;746;6,76
19679;750;7,16
19680;747;6,86
19681;744;6,56
19683;744;6,56
19684;744;6,56
19685;749;7,06
19687;748;6,96
19688;744;6,56
19689;743;6,46
19691;751;7,26
19692;749;7,06
19693;743;6,46
19695;742;6,36
19696;754;7,57
19697;752;7,36
19699;749;7,06
19700;747;6,86
19701;745;6,66
19703;744;6,56
19704;744;6,56
19705;746;6,76
19707;747;6,86
19708;745;6,66
19709;746;6,76
19712;745;6,66
19713;747;6,86
19714;746;6,76
19716;746;6,76
19717;746;6,76
19718;747;6,86
19720;749;7,06
19721;746;6,76
19722;749;7,06
19724;750;7,16
19725;750;7,16
19726;750;7,16
19728;751;7,26
19729;752;7,36
19730;751;7,26
19732;752;7,36
19733;751;7,26
19734;753;7,47
19736;753;7,47
19737;754;7,57
19738;753;7,47
19740;752;7,36
19741;752;7,36
19742;754;7,57
19744;754;7,57
19745;752;7,36
19746;753;7,47
19748;754;7,57
19749;751;7,26
19750;747;6,86
19752;752;7,36
19753;758;7,97
19755;754;7,57
19757;755;7,67
19758;755;7,67
19759;754;7,57
19761;753;7,47
19762;754;7,57
19763;753;7,47
19765;754;7,57
19766;757;7,87
19767;755;7,67
19768;753;7,47
19770;755;7,67
19771;755;7,67
19772;756;7,77
19774;758;7,97
19775;757;7,87
19776;756;7,77
19778;757;7,87
19779;757;7,87
19780;757;7,87
19782;759;8,07
19783;757;7,87
19784;758;7,97
19786;758;7,97
19787;759;8,07
19788;758;7,97
19790;759;8,07
19791;759;8,07
19792;759;8,07
19794;762;8,37
19795;759;8,07
19796;761;8,27
19799;760;8,17
19800;760;8,17
19801;761;8,27
19803;762;8,37
19804;760;8,17
19805;762;8,37
19807;762;8,37
19808;762;8,37
19809;762;8,37
19811;765;8,67
19812;763;8,47
19813;762;8,37
19815;763;8,47
19816;765;8,67
19817;763;8,47
19819;765;8,67
19820;763;8,47
19821;764;8,57
19823;764;8,57
19824;763;8,47
19825;762;8,37
19827;766;8,77
19828;761;8,27
19829;762;8,37
19831;761;8,27
19832;760;8,17
19833;762;8,37
19835;761;8,27
19836;761;8,27
19837;761;8,27
19840;761;8,27
19841;765;8,67
19842;760;8,17
19844;762;8,37
19845;763;8,47
19846;762;8,37
19848;764;8,57
19849;760;8,17
19850;765;8,67
19852;762;8,37
19853;762;8,37
19854;760;8,17
19855;760;8,17
19857;762;8,37
19858;761;8,27
19859;764;8,57
19861;760;8,17
19862;760;8,17
19863;761;8,27
19865;762;8,37
19866;760;8,17
19867;761;8,27
19869;763;8,47
19870;761;8,27
19871;763;8,47
19873;760;8,17
19874;765;8,67
19875;759;8,07
19877;760;8,17
19878;763;8,47
19879;761;8,27
19881;761;8,27
19883;761;8,27
19884;762;8,37
19886;761;8,27
19887;765;8,67
19888;761;8,27
19890;763;8,47
19891;759;8,07
19892;758;7,97
19894;760;8,17
19895;761;8,27
19896;763;8,47
19898;760;8,17
19899;758;7,97
19900;758;7,97
19902;762;8,37
19903;756;7,77
19904;758;7,97
19906;766;8,77
19907;756;7,77
19908;757;7,87
19910;757;7,87
19911;756;7,77
19912;758;7,97
19914;755;7,67
19915;756;7,77
19916;755;7,67
19918;756;7,77
19919;756;7,77
19920;756;7,77
19922;754;7,57
19923;756;7,77
19924;754;7,57
19927;754;7,57
19928;754;7,57
19929;757;7,87
19931;755;7,67
19932;753;7,47
19933;755;7,67
19935;755;7,67
19936;754;7,57
19937;754;7,57
19939;756;7,77
19940;756;7,77
19941;755;7,67
19942;754;7,57
19944;756;7,77
19945;755;7,67
19946;755;7,67
19948;754;7,57
19949;754;7,57
19950;754;7,57
19952;755;7,67
19953;753;7,47
19954;754;7,57
19956;756;7,77
19957;754;7,57
19958;752;7,36
19960;754;7,57
19961;755;7,67
19962;754;7,57
19964;754;7,57
19965;752;7,36
19966;752;7,36
19969;755;7,67
19970;757;7,87
19971;754;7,57
19973;751;7,26
19974;752;7,36
19975;751;7,26
19977;751;7,26
19978;751;7,26
19979;749;7,06
19981;752;7,36
19982;754;7,57
19983;751;7,26
19985;751;7,26
19986;750;7,16
19987;750;7,16
19989;750;7,16
19990;753;7,47
19991;748;6,96
19993;747;6,86
19994;747;6,86
19995;748;6,96
19997;748;6,96
19998;746;6,76
19999;749;7,06
20001;747;6,86
20002;744;6,56
20003;745;6,66
20005;748;6,96
20006;746;6,76
20007;745;6,66
20009;745;6,66
20011;746;6,76
20012;744;6,56
20014;748;6,96
20015;746;6,76
20016;745;6,66
20018;749;7,06
20019;749;7,06
20020;748;6,96
20022;747;6,86
20023;750;7,16
20024;744;6,56
20026;750;7,16
20027;745;6,66
20028;747;6,86
20029;747;6,86
20031;748;6,96
20032;746;6,76
20033;749;7,06
20035;750;7,16
20036;746;6,76
20037;754;7,57
20039;751;7,26
20040;745;6,66
20041;746;6,76
20043;744;6,56
20044;746;6,76
20045;743;6,46
20047;744;6,56
20048;745;6,66
20049;746;6,76
20051;747;6,86
20052;746;6,76
20054;746;6,76
20056;745;6,66
20057;746;6,76
20058;743;6,46
20060;746;6,76
20061;746;6,76
20062;748;6,96
20064;744;6,56
20065;751;7,26
20066;745;6,66
20068;750;7,16
20069;746;6,76
20070;744;6,56
20072;747;6,86
20073;750;7,16
20074;746;6,76
20076;750;7,16
20077;744;6,56
20078;745;6,66
20080;744;6,56
20081;744;6,56
20082;746;6,76
20084;746;6,76
20085;747;6,86
20086;746;6,76
20088;744;6,56
20089;745;6,66
20090;742;6,36
20092;743;6,46
20093;742;6,36
20094;743;6,46
20097;744;6,56
20098;742;6,36
20099;742;6,36
20101;746;6,76
20102;742;6,36
20103;743;6,46
20105;744;6,56
20106;743;6,46
20107;741;6,26
20109;745;6,66
20110;741;6,26
20111;745;6,66
20113;740;6,16
20114;738;5,96
20115;740;6,16
20116;739;6,06
20118;742;6,36
20119;741;6,26
20120;741;6,26
20122;740;6,16
20123;740;6,16
20124;742;6,36
20126;740;6,16
20127;741;6,26
20128;747;6,86
20130;741;6,26
20131;742;6,36
20132;742;6,36
20134;740;6,16
20135;743;6,46
20136;745;6,66
20139;741;6,26
20140;742;6,36
20141;742;6,36
20143;743;6,46
20144;743;6,46
20145;745;6,66
20147;742;6,36
20148;742;6,36
20149;744;6,56
20151;745;6,66
20152;746;6,76
20153;745;6,66
20155;745;6,66
20156;743;6,46
20157;745;6,66
20159;744;6,56
20160;744;6,56
20161;744;6,56
20163;742;6,36
20164;743;6,46
20165;743;6,46
20167;744;6,56
20168;742;6,36
20169;742;6,36
20171;744;6,56
20172;743;6,46
20173;742;6,36
20175;743;6,46
20176;744;6,56
20177;743;6,46
20179;742;6,36
20180;742;6,36
20182;745;6,66
20184;742;6,36
20185;748;6,96
20186;745;6,66
20188;741;6,26
20189;742;6,36
20190;740;6,16
20192;743;6,46
20193;743;6,46
20194;745;6,66
20196;744;6,56
20197;743;6,46
20198;740;6,16
20200;741;6,26
20201;742;6,36
20202;741;6,26
20203;741;6,26
20205;741;6,26
20206;745;6,66
20207;741;6,26
20209;745;6,66
20210;741;6,26
20211;741;6,26
20213;746;6,76
20214;739;6,06
20215;740;6,16
20217;745;6,66
20218;741;6,26
20219;740;6,16
20221;739;6,06
20222;740;6,16
20224;739;6,06
20226;740;6,16
20227;739;6,06
20228;738;5,96
20230;740;6,16
20231;740;6,16
20232;740;6,16
20234;743;6,46
20235;740;6,16
20236;737;5,85
20238;738;5,96
20239;741;6,26
20240;744;6,56
20242;739;6,06
20243;738;5,96
20244;738;5,96
20246;739;6,06
20247;736;5,75
20248;735;5,65
20250;736;5,75
20251;740;6,16
20252;738;5,96
20254;737;5,85
20255;738;5,96
20256;736;5,75
20258;738;5,96
20259;737;5,85
20260;739;6,06
20262;737;5,85
20263;741;6,26
20264;741;6,26
20267;737;5,85
20268;737;5,85
20269;738;5,96
20271;737;5,85
20272;737;5,85
20273;737;5,85
20275;740;6,16
20276;741;6,26
20277;735;5,65
20279;736;5,75
20280;736;5,75
20281;733;5,45
20283;732;5,35
20284;738;5,96
20285;735;5,65
20287;738;5,96
20288;738;5,96
20289;734;5,55
20290;740;6,16
20292;735;5,65
20293;736;5,75
20294;735;5,65
20296;742;6,36
20297;734;5,55
20298;736;5,75
20300;736;5,75
20301;734;5,55
20302;735;5,65
20304;734;5,55
20305;734;5,55
20306;734;5,55
20308;735;5,65
20310;734;5,55
20311;735;5,65
20313;735;5,65
20314;738;5,96
20315;735;5,65
20317;737;5,85
20318;735;5,65
20319;734;5,55
20321;734;5,55
20322;735;5,65
20323;737;5,85
20325;741;6,26
20326;737;5,85
20327;736;5,75
20329;741;6,26
20330;736;5,75
20331;738;5,96
20333;738;5,96
20334;735;5,65
20335;738;5,96
20337;737;5,85
20338;739;6,06
20339;739;6,06
20341;736;5,75
20342;737;5,85
20343;735;5,65
20345;735;5,65
20346;733;5,45
20347;735;5,65
20349;737;5,85
20350;732;5,35
20352;737;5,85
20354;733;5,45
20355;733;5,45
20356;733;5,45
20358;734;5,55
20359;734;5,55
20360;733;5,45
20362;735;5,65
20363;734;5,55
20364;738;5,96
20366;734;5,55
20367;732;5,35
20368;734;5,55
20370;737;5,85
20371;730;5,15
20372;732;5,35
20374;732;5,35
20375;732;5,35
20376;734;5,55
20377;732;5,35
20379;734;5,55
20380;731;5,25
20381;733;5,45
20383;733;5,45
20384;736;5,75
20385;736;5,75
20387;735;5,65
20388;735;5,65
20389;735;5,65
20391;738;5,96
20392;735;5,65
20393;738;5,96
20396;735;5,65
20397;736;5,75
20398;735;5,65
20400;740;6,16
20401;741;6,26
20402;738;5,96
20404;738;5,96
20405;738;5,96
20406;738;5,96
20408;740;6,16
20409;737;5,85
20410;737;5,85
20412;735;5,65
20413;737;5,85
20414;741;6,26
20416;736;5,75
20417;737;5,85
20418;739;6,06
20420;740;6,16
20421;737;5,85
20422;737;5,85
20424;738;5,96
20425;737;5,85
20426;735;5,65
20428;736;5,75
20429;738;5,96
20430;735;5,65
20432;733;5,45
20433;732;5,35
20434;732;5,35
20436;732;5,35
20438;734;5,55
20439;734;5,55
20441;730;5,15
20442;733;5,45
20443;732;5,35
20445;733;5,45
20446;730;5,15
20447;733;5,45
20449;730;5,15
20450;731;5,25
20451;731;5,25
20453;730;5,15
20454;732;5,35
20455;734;5,55
20457;733;5,45
20458;732;5,35
20459;734;5,55
20461;736;5,75
20462;736;5,75
20463;737;5,85
20464;738;5,96
20466;742;6,36
20467;740;6,16
20468;742;6,36
20470;745;6,66
20471;739;6,06
20472;741;6,26
20474;748;6,96
20475;742;6,36
20476;743;6,46
20478;742;6,36
20480;743;6,46
20481;741;6,26
20483;741;6,26
20484;745;6,66
20485;740;6,16
20487;740;6,16
20488;739;6,06
20489;741;6,26
20491;743;6,46
20492;738;5,96
20493;738;5,96
20495;740;6,16
20496;741;6,26
20497;735;5,65
20499;741;6,26
20500;738;5,96
20501;740;6,16
20503;738;5,96
20504;736;5,75
20505;738;5,96
20507;745;6,66
20508;740;6,16
20509;738;5,96
20511;743;6,46
20512;745;6,66
20513;738;5,96
20515;739;6,06
20516;743;6,46
20517;743;6,46
20519;744;6,56
20520;740;6,16
20521;748;6,96
20524;740;6,16
20525;747;6,86
20526;743;6,46
20528;740;6,16
20529;744;6,56
20530;746;6,76
20532;743;6,46
20533;744;6,56
20534;743;6,46
20536;743;6,46
20537;746;6,76
20538;740;6,16
20540;743;6,46
20541;743;6,46
20542;741;6,26
20544;741;6,26
20545;740;6,16
20546;741;6,26
20548;742;6,36
20549;742;6,36
20550;743;6,46
20551;745;6,66
20553;743;6,46
20554;743;6,46
20555;742;6,36
20557;742;6,36
20558;742;6,36
20559;742;6,36
20561;748;6,96
20562;743;6,46
20563;742;6,36
20566;742;6,36
20567;747;6,86
20568;749;7,06
20570;745;6,66
20571;744;6,56
20572;745;6,66
20574;750;7,16
20575;747;6,86
20576;746;6,76
20578;745;6,66
20579;743;6,46
20580;743;6,46
20582;744;6,56
20583;743;6,46
20584;749;7,06
20586;748;6,96
20587;746;6,76
20588;743;6,46
20590;742;6,36
20591;742;6,36
20592;747;6,86
20594;741;6,26
20595;741;6,26
20596;741;6,26
20598;742;6,36
20599;743;6,46
20600;743;6,46
20602;748;6,96
20603;746;6,76
20604;742;6,36
20606;747;6,86
20608;741;6,26
20609;742;6,36
20611;746;6,76
20612;747;6,86
20613;746;6,76
20615;746;6,76
20616;746;6,76
20617;746;6,76
20619;748;6,96
20620;748;6,96
20621;750;7,16
20623;751;7,26
20624;752;7,36
20625;757;7,87
20627;759;8,07
20628;755;7,67
20629;754;7,57
20631;757;7,87
20632;757;7,87
20633;757;7,87
20635;759;8,07
20636;758;7,97
20637;759;8,07
20638;760;8,17
20640;761;8,27
20641;762;8,37
20642;761;8,27
20644;763;8,47
20645;763;8,47
20646;764;8,57
20648;764;8,57
20649;765;8,67
20651;763;8,47
20653;764;8,57
20654;763;8,47
20655;764;8,57
20657;762;8,37
20658;763;8,47
20659;763;8,47
20661;760;8,17
20662;760;8,17
20663;758;7,97
20665;756;7,77
20666;757;7,87
20667;757;7,87
20669;756;7,77
20670;755;7,67
20671;753;7,47
20673;754;7,57
20674;752;7,36
20675;753;7,47
20677;753;7,47
20678;753;7,47
20679;753;7,47
20681;750;7,16
20682;752;7,36
20683;749;7,06
20685;752;7,36
20686;758;7,97
20687;755;7,67
20689;756;7,77
20690;752;7,36
20691;753;7,47
20694;752;7,36
20695;753;7,47
20696;756;7,77
20698;758;7,97
20699;756;7,77
20700;758;7,97
20702;757;7,87
20703;759;8,07
20704;758;7,97
20706;759;8,07
20707;758;7,97
20708;758;7,97
20710;759;8,07
20711;760;8,17
20712;758;7,97
20714;759;8,07
20715;757;7,87
20716;758;7,97
20718;757;7,87
20719;756;7,77
20720;758;7,97
20722;756;7,77
20723;756;7,77
20724;756;7,77
20725;757;7,87
20727;755;7,67
20728;756;7,77
20729;756;7,77
20731;757;7,87
20732;752;7,36
20733;752;7,36
20736;752;7,36
20737;752;7,36
20738;751;7,26
20740;749;7,06
20741;748;6,96
20742;751;7,26
20744;748;6,96
20745;746;6,76
20746;746;6,76
20748;747;6,86
20749;745;6,66
20750;747;6,86
20752;747;6,86
20753;748;6,96
20754;747;6,86
20756;746;6,76
20757;747;6,86
20758;748;6,96
20760;750;7,16
20761;749;7,06
20762;750;7,16
20764;751;7,26
20765;753;7,47
20766;751;7,26
20768;751;7,26
20769;753;7,47
20770;753;7,47
20772;754;7,57
20773;753;7,47
20774;754;7,57
20776;756;7,77
20777;757;7,87
20779;755;7,67
20781;756;7,77
20782;756;7,77
20783;754;7,57
20785;757;7,87
20786;756;7,77
20787;756;7,77
20789;756;7,77
20790;757;7,87
20791;754;7,57
20793;755;7,67
20794;756;7,77
20795;755;7,67
20797;755;7,67
20798;756;7,77
20799;755;7,67
20801;755;7,67
20802;756;7,77
20803;754;7,57
20805;756;7,77
20806;756;7,77
20807;755;7,67
20809;756;7,77
20810;756;7,77
20811;755;7,67
20812;755;7,67
20814;755;7,67
20815;755;7,67
20816;754;7,57
20818;753;7,47
20819;753;7,47
20820;755;7,67
20823;753;7,47
20824;752;7,36
20825;751;7,26
20827;753;7,47
20828;751;7,26
20829;750;7,16
20831;748;6,96
20832;750;7,16
20833;748;6,96
20835;749;7,06
20836;748;6,96
20837;749;7,06
20839;747;6,86
20840;748;6,96
20841;749;7,06
20843;748;6,96
20844;748;6,96
20845;749;7,06
20847;750;7,16
20848;749;7,06
20849;751;7,26
20851;753;7,47
20852;753;7,47
20853;755;7,67
20855;753;7,47
20856;753;7,47
20857;752;7,36
20859;754;7,57
20860;754;7,57
20861;753;7,47
20864;755;7,67
20865;752;7,36
20866;754;7,57
20868;753;7,47
20869;753;7,47
20870;752;7,36
20872;753;7,47
20873;752;7,36
20874;751;7,26
20876;750;7,16
20877;751;7,26
20878;750;7,16
20880;749;7,06
20881;748;6,96
20882;748;6,96
20884;750;7,16
20885;745;6,66
20886;747;6,86
20888;747;6,86
20889;747;6,86
20890;747;6,86
20892;750;7,16
20893;747;6,86
20894;746;6,76
20896;747;6,86
20897;745;6,66
20898;745;6,66
20899;747;6,86
20901;746;6,76
20902;745;6,66
20903;748;6,96
20905;745;6,66
20907;747;6,86
20908;745;6,66
20910;747;6,86
20911;745;6,66
20912;745;6,66
20914;745;6,66
20915;745;6,66
20916;745;6,66
20918;743;6,46
20919;743;6,46
20920;744;6,56
20922;743;6,46
20923;745;6,66
20924;743;6,46
20926;744;6,56
20927;746;6,76
20928;744;6,56
20930;745;6,66
20931;744;6,56
20932;745;6,66
20934;745;6,66
20935;744;6,56
20936;746;6,76
20938;747;6,86
20939;748;6,96
20940;748;6,96
20942;750;7,16
20943;747;6,86
20944;748;6,96
20946;749;7,06
20947;751;7,26
20948;749;7,06
20951;749;7,06
20952;749;7,06
20953;750;7,16
20955;750;7,16
20956;751;7,26
20957;751;7,26
20959;750;7,16
20960;749;7,06
20961;750;7,16
20963;749;7,06
20964;750;7,16
20965;751;7,26
20967;750;7,16
20968;751;7,26
20969;752;7,36
20971;749;7,06
20972;750;7,16
20973;750;7,16
20975;750;7,16
20976;750;7,16
20977;752;7,36
20979;751;7,26
20980;752;7,36
20981;752;7,36
20983;749;7,06
20984;751;7,26
20985;752;7,36
20986;750;7,16
20988;749;7,06
20989;752;7,36
20990;752;7,36
20993;750;7,16
20994;754;7,57
20995;750;7,16
20997;752;7,36
20998;752;7,36
20999;750;7,16
21001;752;7,36
21002;749;7,06
21003;749;7,06
21005;752;7,36
21006;751;7,26
21007;752;7,36
21009;749;7,06
21010;751;7,26
21011;751;7,26
21013;754;7,57
21014;755;7,67
21015;750;7,16
21017;753;7,47
21018;753;7,47
21019;754;7,57
21021;754;7,57
21022;756;7,77
21023;755;7,67
21025;756;7,77
21026;758;7,97
21027;757;7,87
21029;757;7,87
21030;756;7,77
21031;757;7,87
21033;759;8,07
21035;759;8,07
21036;758;7,97
21038;759;8,07
21039;760;8,17
21040;758;7,97
21042;759;8,07
21043;760;8,17
21044;759;8,07
21046;758;7,97
21047;756;7,77
21048;757;7,87
21050;756;7,77
21051;757;7,87
21052;756;7,77
21054;757;7,87
21055;757;7,87
21056;756;7,77
21058;757;7,87
21059;757;7,87
21060;758;7,97
21062;756;7,77
21063;758;7,97
21064;755;7,67
21066;758;7,97
21067;755;7,67
21068;754;7,57
21070;757;7,87
21071;755;7,67
21072;757;7,87
21073;754;7,57
21075;752;7,36
21076;754;7,57
21078;755;7,67
21080;755;7,67
21081;754;7,57
21082;752;7,36
21084;752;7,36
21085;751;7,26
21086;751;7,26
21088;752;7,36
21089;750;7,16
21090;752;7,36
21092;750;7,16
21093;750;7,16
21094;750;7,16
21096;751;7,26
21097;750;7,16
21098;749;7,06
21100;748;6,96
21101;747;6,86
21102;748;6,96
21104;748;6,96
21105;746;6,76
21106;749;7,06
21108;748;6,96
21109;746;6,76
21110;748;6,96
21112;748;6,96
21113;747;6,86
21114;748;6,96
21116;746;6,76
21117;746;6,76
21118;745;6,66
21121;747;6,86
21122;744;6,56
21123;746;6,76
21125;746;6,76
21126;743;6,46
21127;744;6,56
21129;741;6,26
21130;746;6,76
21131;743;6,46
21133;742;6,36
21134;744;6,56
21135;739;6,06
21137;743;6,46
21138;742;6,36
21139;744;6,56
21141;742;6,36
21142;740;6,16
21143;742;6,36
21145;743;6,46
21146;740;6,16
21147;741;6,26
21149;744;6,56
21150;742;6,36
21151;741;6,26
21153;741;6,26
21154;740;6,16
21155;742;6,36
21157;745;6,66
21158;743;6,46
21159;743;6,46
21160;744;6,56
21163;743;6,46
21164;745;6,66
21165;743;6,46
21167;742;6,36
21168;742;6,36
21169;744;6,56
21171;743;6,46
21172;743;6,46
21173;743;6,46
21175;742;6,36
21176;742;6,36
21177;742;6,36
21179;741;6,26
21180;743;6,46
21181;744;6,56
21183;742;6,36
21184;742;6,36
21185;744;6,56
21187;741;6,26
21188;740;6,16
21189;742;6,36
21191;743;6,46
21192;741;6,26
21193;743;6,46
21195;742;6,36
21196;745;6,66
21197;743;6,46
21199;741;6,26
21200;742;6,36
21201;743;6,46
21203;741;6,26
21204;743;6,46
21206;743;6,46
21208;742;6,36
21209;740;6,16
21210;742;6,36
21212;742;6,36
21213;741;6,26
21214;740;6,16
21216;739;6,06
21217;741;6,26
21218;740;6,16
21220;738;5,96
21221;737;5,85
21222;737;5,85
21224;737;5,85
21225;734;5,55
21226;733;5,45
21228;731;5,25
21229;732;5,35
21230;732;5,35
21232;730;5,15
21233;731;5,25
21234;730;5,15
21236;730;5,15
21237;729;5,05
21238;729;5,05
21240;730;5,15
21241;729;5,05
21242;730;5,15
21244;730;5,15
21245;730;5,15
21246;730;5,15
21248;730;5,15
21250;731;5,25
21251;732;5,35
21252;731;5,25
21254;733;5,45
21255;731;5,25
21256;731;5,25
21258;732;5,35
21259;730;5,15
21260;729;5,05
21262;726;4,75
21263;725;4,65
21264;724;4,55
21266;722;4,34
21267;721;4,24
21268;718;3,94
21270;717;3,84
21271;718;3,94
21272;715;3,64
21274;713;3,44
21275;711;3,24
21276;711;3,24
21278;710;3,14
21279;707;2,83
21280;707;2,83
21282;707;2,83
21283;707;2,83
21284;705;2,63
21286;706;2,73
21287;702;2,33
21288;700;2,13
21291;701;2,23
21292;700;2,13
21293;699;2,03
21295;699;2,03
21296;699;2,03
21297;698;1,93
21299;699;2,03
21300;697;1,83
21301;698;1,93
21303;697;1,83
21304;696;1,73
21305;696;1,73
21307;696;1,73
21308;695;1,63
21309;695;1,63
21311;695;1,63
21312;697;1,83
21313;696;1,73
21315;697;1,83
21316;696;1,73
21317;695;1,63
21319;694;1,53
21320;696;1,73
21321;694;1,53
21323;697;1,83
21324;697;1,83
21325;696;1,73
21327;696;1,73
21328;695;1,63
21329;696;1,73
21331;695;1,63
21332;699;2,03
21334;696;1,73
21335;696;1,73
21337;695;1,63
21338;696;1,73
21339;694;1,53
21341;694;1,53
21342;696;1,73
21343;696;1,73
21345;698;1,93
21346;697;1,83
21347;694;1,53
21349;697;1,83
21350;696;1,73
21351;697;1,83
21353;698;1,93
21354;699;2,03
21355;699;2,03
21357;701;2,23
21358;700;2,13
21359;700;2,13
21361;701;2,23
21362;702;2,33
21363;701;2,23
21365;702;2,33
21366;703;2,43
21367;702;2,33
21369;700;2,13
21370;702;2,33
21371;700;2,13
21373;700;2,13
21374;700;2,13
21376;702;2,33
21378;701;2,23
21379;698;1,93
21380;699;2,03
21382;696;1,73
21383;694;1,53
21384;695;1,63
21386;695;1,63
21387;692;1,32
21388;692;1,32
21390;694;1,53
21391;689;1,02
21392;689;1,02
21394;690;1,12
21395;690;1,12
21396;690;1,12
21398;690;1,12
21399;689;1,02
21400;688;0,92
21402;691;1,22
21403;689;1,02
21404;688;0,92
21406;688;0,92
