Tempo(ms);ADC_Bruto;Forca(kg)
999;662;0,00
1000;664;0,00
1001;668;0,00
1002;668;0,00
1003;669;0,00
1004;660;0,00
1005;659;0,00
1006;661;0,00
1007;661;0,00
1008;665;0,00
1009;665;0,00
1010;660;0,00
1011;659;0,00
1012;661;0,00
1013;659;0,00
1014;658;0,00
1015;659;0,00
1016;658;0,00
1017;664;0,00
1018;662;0,00
1019;663;0,00
1020;661;0,00
1022;661;0,00
1024;669;0,00
1025;660;0,00
1026;665;0,00
1028;665;0,00
1029;669;0,00
1030;661;0,00
1031;660;0,00
1032;659;0,00
1034;664;0,00
1035;659;0,00
1036;659;0,00
1037;662;0,00
1039;659;0,00
1040;664;0,00
1041;661;0,00
1042;658;0,00
1044;660;0,00
1045;660;0,00
1046;668;0,00
1047;659;0,00
1049;661;0,00
1050;659;0,00
1051;665;0,00
1052;660;0,00
1054;665;0,00
1055;659;0,00
1056;659;0,00
1057;671;0,00
1059;661;0,00
1060;659;0,00
1061;662;0,00
1062;660;0,00
1064;659;0,00
1065;667;0,00
1067;668;0,00
1068;659;0,00
1070;660;0,00
1071;658;0,00
1072;666;0,00
1073;660;0,00
1075;666;0,00
1076;660;0,00
1077;662;0,00
1078;663;0,00
1080;659;0,00
1081;659;0,00
1082;659;0,00
1083;661;0,00
1085;668;0,00
1086;670;0,00
1087;658;0,00
1088;659;0,00
1090;660;0,00
1091;661;0,00
1092;660;0,00
1093;660;0,00
1095;661;0,00
1096;658;0,00
1097;660;0,00
1098;663;0,00
1099;659;0,00
1101;659;0,00
1102;660;0,00
1103;664;0,00
1104;670;0,00
1106;660;0,00
1107;658;0,00
1108;658;0,00
1110;660;0,00
1112;659;0,00
1113;659;0,00
1114;664;0,00
1115;662;0,00
1117;659;0,00
1118;660;0,00
1119;666;0,00
1120;659;0,00
1122;670;0,00
1123;663;0,00
1124;661;0,00
1125;663;0,00
1127;668;0,00
1128;660;0,00
1129;659;0,00
1130;668;0,00
1132;661;0,00
1133;667;0,00
1134;659;0,00
1135;661;0,00
1137;667;0,00
1138;663;0,00
1139;661;0,00
1140;661;0,00
1142;669;0,00
1143;659;0,00
1144;666;0,00
1145;661;0,00
1147;669;0,00
1148;666;0,00
1149;664;0,00
1150;660;0,00
1153;664;0,00
1154;662;0,00
1155;660;0,00
1156;658;0,00
1158;660;0,00
1159;662;0,00
1160;659;0,00
1161;659;0,00
1162;661;0,00
1164;661;0,00
1165;658;0,00
1166;667;0,00
1167;659;0,00
1169;663;0,00
1170;661;0,00
1171;659;0,00
1172;660;0,00
1174;660;0,00
1175;659;0,00
1176;658;0,00
1177;662;0,00
1179;660;0,00
1180;659;0,00
1181;664;0,00
1182;659;0,00
1184;658;0,00
1185;661;0,00
1186;663;0,00
1187;658;0,00
1189;667;0,00
1190;660;0,00
1191;661;0,00
1192;659;0,00
1195;658;0,00
1196;663;0,00
1197;659;0,00
1198;660;0,00
1200;660;0,00
1201;662;0,00
1202;660;0,00
1203;662;0,00
1205;668;0,00
1206;663;0,00
1207;658;0,00
1208;664;0,00
1210;663;0,00
1211;666;0,00
1212;666;0,00
1213;659;0,00
1215;661;0,00
1216;660;0,00
1217;660;0,00
1218;665;0,00
1220;658;0,00
1221;657;0,00
1222;662;0,00
1223;664;0,00
1225;665;0,00
1226;660;0,00
1227;660;0,00
1228;665;0,00
1229;659;0,00
1231;660;0,00
1232;662;0,00
1233;660;0,00
1234;666;0,00
1236;662;0,00
1238;660;0,00
1239;662;0,00
1240;660;0,00
1242;660;0,00
1243;659;0,00
1244;661;0,00
1245;660;0,00
1247;659;0,00
1248;659;0,00
1249;660;0,00
1250;659;0,00
1252;661;0,00
1253;664;0,00
1254;662;0,00
1255;658;0,00
1257;660;0,00
1258;667;0,00
1259;666;0,00
1260;660;0,00
1262;660;0,00
1263;659;0,00
1264;667;0,00
1265;660;0,00
1267;662;0,00
1268;661;0,00
1269;667;0,00
1270;664;0,00
1272;659;0,00
1273;663;0,00
1274;661;0,00
1275;666;0,00
1277;666;0,00
1278;659;0,00
1280;659;0,00
1281;663;0,00
1283;666;0,00
1284;662;0,00
1285;665;0,00
1286;661;0,00
1288;660;0,00
1289;659;0,00
1290;667;0,00
1291;660;0,00
1293;663;0,00
1294;658;0,00
1295;660;0,00
1296;661;0,00
1297;660;0,00
1299;660;0,00
1300;666;0,00
1301;661;0,00
1302;660;0,00
1304;661;0,00
1305;662;0,00
1306;660;0,00
1307;661;0,00
1309;660;0,00
1310;659;0,00
1311;658;0,00
1312;660;0,00
1314;658;0,00
1315;666;0,00
1316;661;0,00
1317;658;0,00
1319;660;0,00
1320;658;0,00
1321;660;0,00
1323;660;0,00
1325;668;0,00
1326;659;0,00
1327;657;0,00
1328;661;0,00
1330;659;0,00
1331;667;0,00
1332;662;0,00
1333;665;0,00
1335;660;0,00
1336;668;0,00
1337;661;0,00
1338;662;0,00
1340;660;0,00
1341;660;0,00
1342;659;0,00
1343;662;0,00
1345;661;0,00
1346;660;0,00
1347;662;0,00
1348;667;0,00
1350;660;0,00
1351;667;0,00
1352;658;0,00
1353;662;0,00
1355;659;0,00
1356;658;0,00
1357;659;0,00
1358;659;0,00
1359;666;0,00
1361;659;0,00
1362;660;0,00
1363;662;0,00
1364;660;0,00
1367;662;0,00
1368;665;0,00
1369;667;0,00
1370;668;0,00
1372;666;0,00
1373;658;0,00
1374;662;0,00
1375;664;0,00
1377;668;0,00
1378;658;0,00
1379;661;0,00
1380;662;0,00
1382;660;0,00
1383;663;0,00
1384;659;0,00
1385;663;0,00
1387;661;0,00
1388;659;0,00
1389;660;0,00
1390;661;0,00
1392;670;0,00
1393;659;0,00
1394;661;0,00
1395;661;0,00
1397;661;0,00
1398;659;0,00
1399;661;0,00
1400;662;0,00
1402;662;0,00
1403;659;0,00
1404;660;0,00
1405;659;0,00
1408;662;0,00
1409;662;0,00
1410;658;0,00
1411;662;0,00
1413;667;0,00
1414;663;0,00
1415;659;0,00
1416;660;0,00
1418;661;0,00
1419;662;0,00
1420;667;0,00
1421;659;0,00
1423;660;0,00
1424;659;0,00
1425;660;0,00
1426;661;0,00
1427;660;0,00
1429;658;0,00
1430;658;0,00
1431;659;0,00
1432;658;0,00
1434;658;0,00
1435;661;0,00
1436;666;0,00
1437;661;0,00
1439;663;0,00
1440;659;0,00
1441;668;0,00
1442;663;0,00
1444;659;0,00
1445;660;0,00
1446;659;0,00
1447;660;0,00
1449;659;0,00
1451;664;0,00
1452;660;0,00
1453;660;0,00
1455;660;0,00
1456;666;0,00
1457;658;0,00
1458;666;0,00
1460;658;0,00
1461;659;0,00
1462;661;0,00
1463;659;0,00
1465;658;0,00
1466;661;0,00
1467;659;0,00
1468;662;0,00
1470;668;0,00
1471;661;0,00
1472;668;0,00
1473;660;0,00
1475;660;0,00
1476;660;0,00
1477;659;0,00
1478;658;0,00
1480;670;0,00
1481;660;0,00
1482;661;0,00
1483;665;0,00
1485;660;0,00
1486;664;0,00
1487;663;0,00
1488;658;0,00
1489;661;0,00
1491;663;0,00
1492;661;0,00
1494;668;0,00
1495;662;0,00
1497;663;0,00
1498;659;0,00
1499;665;0,00
1500;660;0,00
1502;662;0,00
1503;659;0,00
1504;667;0,00
1505;659;0,00
1507;664;0,00
1508;660;0,00
1509;658;0,00
1510;666;0,00
1512;659;0,00
1513;660;0,00
1514;663;0,00
1515;667;0,00
1517;660;0,00
1518;662;0,00
1519;658;0,00
1520;659;0,00
1522;665;0,00
1523;663;0,00
1524;661;0,00
1525;658;0,00
1527;660;0,00
1528;661;0,00
1529;660;0,00
1530;666;0,00
1532;665;0,00
1533;666;0,00
1534;659;0,00
1536;660;0,00
1538;660;0,00
1539;658;0,00
1540;660;0,00
1541;660;0,00
1543;664;0,00
1544;660;0,00
1545;658;0,00
1546;660;0,00
1548;659;0,00
1549;660;0,00
1550;659;0,00
1551;658;0,00
1553;659;0,00
1554;658;0,00
1555;661;0,00
1556;661;0,00
1557;659;0,00
1559;659;0,00
1560;666;0,00
1561;658;0,00
1562;663;0,00
1564;669;0,00
1565;661;0,00
1566;659;0,00
1567;658;0,00
1569;660;0,00
1570;659;0,00
1571;660;0,00
1572;660;0,00
1574;661;0,00
1575;662;0,00
1576;667;0,00
1577;661;0,00
1580;662;0,00
1581;664;0,00
1582;662;0,00
1583;659;0,00
1585;667;0,00
1586;662;0,00
1587;659;0,00
1588;661;0,00
1590;661;0,00
1591;659;0,00
1592;660;0,00
1593;658;0,00
1595;661;0,00
1596;663;0,00
1597;664;0,00
1598;660;0,00
1600;660;0,00
1601;661;0,00
1602;659;0,00
1603;658;0,00
1605;659;0,00
1606;662;0,00
1607;659;0,00
1608;661;0,00
1610;664;0,00
1611;660;0,00
1612;659;0,00
1613;661;0,00
1615;661;0,00
1616;660;0,00
1617;660;0,00
1618;660;0,00
1619;661;0,00
1622;659;0,00
1623;658;0,00
1624;663;0,00
1625;659;0,00
1627;667;0,00
1628;663;0,00
1629;660;0,00
1630;658;0,00
1632;665;0,00
1633;661;0,00
1634;659;0,00
1635;667;0,00
1637;662;0,00
1638;662;0,00
1639;662;0,00
1640;659;0,00
1642;665;0,00
1643;660;0,00
1644;659;0,00
1645;662;0,00
1647;661;0,00
1648;661;0,00
1649;662;0,00
1650;660;0,00
1652;662;0,00
1653;663;0,00
1654;665;0,00
1655;660;0,00
1657;661;0,00
1658;658;0,00
1659;660;0,00
1660;663;0,00
1662;662;0,00
1664;659;0,00
1665;658;0,00
1666;659;0,00
1668;661;0,00
1669;660;0,00
1670;662;0,00
1671;659;0,00
1673;661;0,00
1674;670;0,00
1675;665;0,00
1676;661;0,00
1678;668;0,00
1679;667;0,00
1680;660;0,00
1681;667;0,00
1683;667;0,00
1684;659;0,00
1685;661;0,00
1686;663;0,00
1687;660;0,00
1689;669;0,00
1690;659;0,00
1691;661;0,00
1692;660;0,00
1694;659;0,00
1695;666;0,00
1696;663;0,00
1697;659;0,00
1699;660;0,00
1700;660;0,00
1701;660;0,00
1702;661;0,00
1704;659;0,00
1705;663;0,00
1707;665;0,00
1708;659;0,00
1710;662;0,00
1711;663;0,00
1712;659;0,00
1713;657;0,00
1715;661;0,00
1716;663;0,00
1717;658;0,00
1718;659;0,00
1720;660;0,00
1721;660;0,00
1722;659;0,00
1723;661;0,00
1725;659;0,00
1726;660;0,00
1727;659;0,00
1728;661;0,00
1730;659;0,00
1731;663;0,00
1732;663;0,00
1733;659;0,00
1735;666;0,00
1736;660;0,00
1737;661;0,00
1738;660;0,00
1740;659;0,00
1741;670;0,00
1742;661;0,00
1743;665;0,00
1745;665;0,00
1746;660;0,00
1747;659;0,00
1748;664;0,00
1750;659;0,00
1752;660;0,00
1753;661;0,00
1754;659;0,00
1755;664;0,00
1757;660;0,00
1758;659;0,00
1759;659;0,00
1760;660;0,00
1762;661;0,00
1763;661;0,00
1764;663;0,00
1765;661;0,00
1767;664;0,00
1768;660;0,00
1769;666;0,00
1770;658;0,00
1772;663;0,00
1773;660;0,00
1774;667;0,00
1775;658;0,00
1777;661;0,00
1778;662;0,00
1779;658;0,00
1780;659;0,00
1782;662;0,00
1783;670;0,00
1784;667;0,00
1785;660;0,00
1787;663;0,00
1788;658;0,00
1789;659;0,00
1790;666;0,00
1793;665;0,00
1794;669;0,00
1795;664;0,00
1796;662;0,00
1798;659;0,00
1799;659;0,00
1800;658;0,00
1801;659;0,00
1803;658;0,00
1804;661;0,00
1805;660;0,00
1806;662;0,00
1808;658;0,00
1809;660;0,00
1810;661;0,00
1811;664;0,00
1813;662;0,00
1814;661;0,00
1815;664;0,00
1816;659;0,00
1817;658;0,00
1819;665;0,00
1820;659;0,00
1821;659;0,00
1822;662;0,00
1824;659;0,00
1825;661;0,00
1826;660;0,00
1827;661;0,00
1829;661;0,00
1830;660;0,00
1831;667;0,00
1832;659;0,00
1835;660;0,00
1836;669;0,00
1837;663;0,00
1838;664;0,00
1840;659;0,00
1841;661;0,00
1842;662;0,00
1843;658;0,00
1845;660;0,00
1846;664;0,00
1847;658;0,00
1848;662;0,00
1850;659;0,00
1851;659;0,00
1852;659;0,00
1853;661;0,00
1855;658;0,00
1856;659;0,00
1857;672;0,00
1858;659;0,00
1860;666;0,00
1861;658;0,00
1862;661;0,00
1863;663;0,00
1865;670;0,00
1866;658;0,00
1867;666;0,00
1868;661;0,00
1870;660;0,00
1871;660;0,00
1872;659;0,00
1873;659;0,00
1875;659;0,00
1876;663;0,00
1878;670;0,00
1879;659;0,00
1880;658;0,00
1882;658;0,00
1883;659;0,00
1884;661;0,00
1885;666;0,00
1887;658;0,00
1888;661;0,00
1889;661;0,00
1890;658;0,00
1892;662;0,00
1893;661;0,00
1894;660;0,00
1895;666;0,00
1897;659;0,00
1898;674;0,00
1899;660;0,00
1900;660;0,00
1902;661;0,00
1903;658;0,00
1904;666;0,00
1905;674;0,00
1907;659;0,00
1908;667;0,00
1909;660;0,00
1910;657;0,00
1912;660;0,00
1913;660;0,00
1914;663;0,00
1915;659;0,00
1917;662;0,00
1918;660;0,00
1920;662;0,00
1921;663;0,00
1923;668;0,00
1924;662;0,00
1925;659;0,00
1926;664;0,00
1928;659;0,00
1929;660;0,00
1930;662;0,00
1931;660;0,00
1933;658;0,00
1934;662;0,00
1935;661;0,00
1936;661;0,00
1938;671;0,00
1939;660;0,00
1940;660;0,00
1941;659;0,00
1943;665;0,00
1944;659;0,00
1945;659;0,00
1946;665;0,00
1947;659;0,00
1949;662;0,00
1950;669;0,00
1951;658;0,00
1952;670;0,00
1954;658;0,00
1955;660;0,00
1956;661;0,00
1957;660;0,00
1959;660;0,00
1960;663;0,00
1961;660;0,00
1963;660;0,00
1965;662;0,00
1966;660;0,00
1967;660;0,00
1968;659;0,00
1970;659;0,00
1971;660;0,00
1972;660;0,00
1973;659;0,00
1975;659;0,00
1976;660;0,00
1977;660;0,00
1978;659;0,00
1980;657;0,00
1981;658;0,00
1982;660;0,00
1983;660;0,00
1985;661;0,00
1986;659;0,00
1987;660;0,00
1988;665;0,00
1990;661;0,00
1991;662;0,00
1992;661;0,00
1993;661;0,00
1995;659;0,00
1996;660;0,00
1997;661;0,00
1998;665;0,00
2000;668;0,00
2001;662;0,00
2002;663;0,00
2003;659;0,00
2006;659;0,00
2007;659;0,00
2008;669;0,00
2009;659;0,00
2011;661;0,00
2012;659;0,00
2013;663;0,00
2014;662;0,00
2015;665;0,00
2017;660;0,00
2018;666;0,00
2019;669;0,00
2020;660;0,00
2022;660;0,00
2023;663;0,00
2024;665;0,00
2025;659;0,00
2027;665;0,00
2028;661;0,00
2029;660;0,00
2030;659;0,00
2032;658;0,00
2033;660;0,00
2034;660;0,00
2035;662;0,00
2037;660;0,00
2038;662;0,00
2039;660;0,00
2040;658;0,00
2042;663;0,00
2043;659;0,00
2044;659;0,00
2045;658;0,00
2048;661;0,00
2049;668;0,00
2050;663;0,00
2051;666;0,00
2053;659;0,00
2054;666;0,00
2055;659;0,00
2056;658;0,00
2058;659;0,00
2059;660;0,00
2060;670;0,00
2061;661;0,00
2063;661;0,00
2064;662;0,00
2065;660;0,00
2066;658;0,00
2068;660;0,00
2069;661;0,00
2070;663;0,00
2071;659;0,00
2073;659;0,00
2074;666;0,00
2075;658;0,00
2076;661;0,00
2077;667;0,00
2079;660;0,00
2080;660;0,00
2081;666;0,00
2082;661;0,00
2084;657;0,00
2085;669;0,00
2086;665;0,00
2087;659;0,00
2089;660;0,00
2091;663;0,00
2092;660;0,00
2093;663;0,00
2095;658;0,00
2096;660;0,00
2097;661;0,00
2098;658;0,00
2100;659;0,00
2101;665;0,00
2102;661;0,00
2103;659;0,00
2105;658;0,00
2106;660;0,00
2107;670;0,00
2108;659;0,00
2110;664;0,00
2111;665;0,00
2112;668;0,00
2113;663;0,00
2115;659;0,00
2116;658;0,00
2117;666;0,00
2118;661;0,00
2120;669;0,00
2121;661;0,00
2122;659;0,00
2123;661;0,00
2125;658;0,00
2126;659;0,00
2127;661;0,00
2128;663;0,00
2130;659;0,00
2131;664;0,00
2132;664;0,00
2134;659;0,00
2136;659;0,00
2137;661;0,00
2138;660;0,00
2139;660;0,00
2141;661;0,00
2142;663;0,00
2143;661;0,00
2144;660;0,00
2145;664;0,00
2147;664;0,00
2148;658;0,00
2149;659;0,00
2150;658;0,00
2152;658;0,00
2153;664;0,00
2154;661;0,00
2155;658;0,00
2157;659;0,00
2158;667;0,00
2159;659;0,00
2160;661;0,00
2162;659;0,00
2163;659;0,00
2164;658;0,00
2165;673;0,00
2167;661;0,00
2168;659;0,00
2169;660;0,00
2170;660;0,00
2172;664;0,00
2173;660;0,00
2174;660;0,00
2176;659;0,00
2178;660;0,00
2179;668;0,00
2180;659;0,00
2181;664;0,00
2183;659;0,00
2184;659;0,00
2185;660;0,00
2186;663;0,00
2188;661;0,00
2189;659;0,00
2190;662;0,00
2191;660;0,00
2193;669;0,00
2194;661;0,00
2195;662;0,00
2196;666;0,00
2198;660;0,00
2199;663;0,00
2200;667;0,00
2201;660;0,00
2203;661;0,00
2204;659;0,00
2205;670;0,00
2206;661;0,00
2207;658;0,00
2209;660;0,00
2210;661;0,00
2211;669;0,00
2212;661;0,00
2214;666;0,00
2215;665;0,00
2216;661;0,00
2217;662;0,00
2220;657;0,00
2221;658;0,00
2222;659;0,00
2223;666;0,00
2225;659;0,00
2226;665;0,00
2227;659;0,00
2228;663;0,00
2230;661;0,00
2231;660;0,00
2232;659;0,00
2233;668;0,00
2235;659;0,00
2236;660;0,00
2237;659;0,00
2238;664;0,00
2240;659;0,00
2241;663;0,00
2242;660;0,00
2243;664;0,00
2245;663;0,00
2246;662;0,00
2247;666;0,00
2248;662;0,00
2250;659;0,00
2251;668;0,00
2252;659;0,00
2253;659;0,00
2255;660;0,00
2256;662;0,00
2257;660;0,00
2258;659;0,00
2260;667;0,00
2262;658;0,00
2263;661;0,00
2264;660;0,00
2266;664;0,00
2267;667;0,00
2268;662;0,00
2269;658;0,00
2271;662;0,00
2272;660;0,00
2273;665;0,00
2274;661;0,00
2275;659;0,00
2277;667;0,00
2278;665;0,00
2279;666;0,00
2280;658;0,00
2282;667;0,00
2283;659;0,00
2284;657;0,00
2285;661;0,00
2287;661;0,00
2288;660;0,00
2289;662;0,00
2290;662;0,00
2292;662;0,00
2293;658;0,00
2294;660;0,00
2295;659;0,00
2297;660;0,00
2298;658;0,00
2299;660;0,00
2300;661;0,00
2302;658;0,00
2304;667;0,00
2305;661;0,00
2306;659;0,00
2308;671;0,00
2309;665;0,00
2310;661;0,00
2311;660;0,00
2313;662;0,00
2314;659;0,00
2315;661;0,00
2316;668;0,00
2318;661;0,00
2319;661;0,00
2320;659;0,00
2321;661;0,00
2323;671;0,00
2324;658;0,00
2325;659;0,00
2326;660;0,00
2328;666;0,00
2329;660;0,00
2330;660;0,00
2331;659;0,00
2333;669;0,00
2334;660;0,00
2335;661;0,00
2336;666;0,00
2337;660;0,00
2339;659;0,00
2340;663;0,00
2341;660;0,00
2342;664;0,00
2344;660;0,00
2345;660;0,00
2347;660;0,00
2348;661;0,00
2350;665;0,00
2351;669;0,00
2352;660;0,00
2353;662;0,00
2355;664;0,00
2356;662;0,00
2357;658;0,00
2358;666;0,00
2360;661;0,00
2361;660;0,00
2362;658;0,00
2363;658;0,00
2365;665;0,00
2366;659;0,00
2367;660;0,00
2368;658;0,00
2370;661;0,00
2371;665;0,00
2372;660;0,00
2373;660;0,00
2375;662;0,00
2376;667;0,00
2377;660;0,00
2378;663;0,00
2380;659;0,00
2381;660;0,00
2382;663;0,00
2383;661;0,00
2385;659;0,00
2386;659;0,00
2387;660;0,00
2388;658;0,00
2391;659;0,00
2392;660;0,00
2393;661;0,00
2394;659;0,00
2396;663;0,00
2397;661;0,00
2398;658;0,00
2399;661;0,00
2400;660;0,00
2402;661;0,00
2403;658;0,00
2404;662;0,00
2405;660;0,00
2407;659;0,00
2408;662;0,00
2409;665;0,00
2410;661;0,00
2412;667;0,00
2413;664;0,00
2414;660;0,00
2415;664;0,00
2417;666;0,00
2418;662;0,00
2419;666;0,00
2420;660;0,00
2422;659;0,00
2423;666;0,00
2424;663;0,00
2425;659;0,00
2427;660;0,00
2428;660;0,00
2429;658;0,00
2430;665;0,00
2433;660;0,00
2434;666;0,00
2435;659;0,00
2436;664;0,00
2438;670;0,00
2439;661;0,00
2440;659;0,00
2441;661;0,00
2443;665;0,00
2444;660;0,00
2445;667;0,00
2446;665;0,00
2448;661;0,00
2449;661;0,00
2450;663;0,00
2451;660;0,00
2453;663;0,00
2454;663;0,00
2455;659;0,00
2456;658;0,00
2458;659;0,00
2459;669;0,00
2460;658;0,00
2461;658;0,00
2463;658;0,00
2464;657;0,00
2465;660;0,00
2466;659;0,00
2467;659;0,00
2469;663;0,00
2470;658;0,00
2471;660;0,00
2472;661;0,00
2475;659;0,00
2476;668;0,00
2477;660;0,00
2478;661;0,00
2480;665;0,00
2481;668;0,00
2482;665;0,00
2483;661;0,00
2485;659;0,00
2486;659;0,00
2487;662;0,00
2488;659;0,00
2490;658;0,00
2491;661;0,00
2492;660;0,00
2493;658;0,00
2495;658;0,00
2496;658;0,00
2497;661;0,00
2498;661;0,00
2500;659;0,00
2501;661;0,00
2502;659;0,00
2503;663;0,00
2505;670;0,00
2506;664;0,00
2507;660;0,00
2508;659;0,00
2510;668;0,00
2511;663;0,00
2512;659;0,00
2513;660;0,00
2515;663;0,00
2516;666;0,00
2518;659;0,00
2519;658;0,00
2521;665;0,00
2522;659;0,00
2523;664;0,00
2524;659;0,00
2526;660;0,00
2527;661;0,00
2528;659;0,00
2529;660;0,00
2531;659;0,00
2532;665;0,00
2533;660;0,00
2534;656;0,00
2535;659;0,00
2537;666;0,00
2538;660;0,00
2539;657;0,00
2540;659;0,00
2542;660;0,00
2543;660;0,00
2544;664;0,00
2545;658;0,00
2547;660;0,00
2548;661;0,00
2549;664;0,00
2550;661;0,00
2552;658;0,00
2553;660;0,00
2554;659;0,00
2555;659;0,00
2557;661;0,00
2558;661;0,00
2560;659;0,00
2561;667;0,00
2563;658;0,00
2564;660;0,00
2565;662;0,00
2566;658;0,00
2568;663;0,00
2569;662;0,00
2570;661;0,00
2571;668;0,00
2573;660;0,00
2574;662;0,00
2575;659;0,00
2576;662;0,00
2578;668;0,00
2579;660;0,00
2580;658;0,00
2581;659;0,00
2583;660;0,00
2584;659;0,00
2585;669;0,00
2586;659;0,00
2588;662;0,00
2589;658;0,00
2590;668;0,00
2591;659;0,00
2593;660;0,00
2594;660;0,00
2595;660;0,00
2596;660;0,00
2598;660;0,00
2599;666;0,00
2600;659;0,00
2601;661;0,00
2603;662;0,00
2605;659;0,00
2606;661;0,00
2607;658;0,00
2608;662;0,00
2610;661;0,00
2611;662;0,00
2612;661;0,00
2613;660;0,00
2615;659;0,00
2616;662;0,00
2617;662;0,00
2618;668;0,00
2620;668;0,00
2621;662;0,00
2622;660;0,00
2623;664;0,00
2625;659;0,00
2626;663;0,00
2627;658;0,00
2628;660;0,00
2630;662;0,00
2631;660;0,00
2632;658;0,00
2633;660;0,00
2635;660;0,00
2636;659;0,00
2637;660;0,00
2638;659;0,00
2640;659;0,00
2641;659;0,00
2642;660;0,00
2643;671;0,00
2646;661;0,00
2647;661;0,00
2648;662;0,00
2649;659;0,00
2651;660;0,00
2652;664;0,00
2653;659;0,00
2654;658;0,00
2656;660;0,00
2657;659;0,00
2658;660;0,00
2659;662;0,00
2661;667;0,00
2662;663;0,00
2663;663;0,00
2664;663;0,00
2665;659;0,00
2667;662;0,00
2668;669;0,00
2669;659;0,00
2670;659;0,00
2672;659;0,00
2673;663;0,00
2674;665;0,00
2675;661;0,00
2677;660;0,00
2678;658;0,00
2679;660;0,00
2680;659;0,00
2682;668;0,00
2683;658;0,00
2684;659;0,00
2685;662;0,00
2688;666;0,00
2689;658;0,00
2690;662;0,00
2691;661;0,00
2693;663;0,00
2694;658;0,00
2695;658;0,00
2696;659;0,00
2698;658;0,00
2699;660;0,00
2700;660;0,00
2701;661;0,00
2703;660;0,00
2704;664;0,00
2705;659;0,00
2706;660;0,00
2708;659;0,00
2709;665;0,00
2710;660;0,00
2711;658;0,00
2713;659;0,00
2714;660;0,00
2715;660;0,00
2716;663;0,00
2718;659;0,00
2719;658;0,00
2720;660;0,00
2721;665;0,00
2723;667;0,00
2724;660;0,00
2725;666;0,00
2726;662;0,00
2728;664;0,00
2729;666;0,00
2731;670;0,00
2732;664;0,00
2733;661;0,00
2735;674;0,00
2736;659;0,00
2737;667;0,00
2738;658;0,00
2740;660;0,00
2741;664;0,00
2742;658;0,00
2743;659;0,00
2745;660;0,00
2746;659;0,00
2747;668;0,00
2748;670;0,00
2750;660;0,00
2751;666;0,00
2752;667;0,00
2753;660;0,00
2755;659;0,00
2756;659;0,00
2757;660;0,00
2758;663;0,00
2760;669;0,00
2761;658;0,00
2762;660;0,00
2763;664;0,00
2765;659;0,00
2766;663;0,00
2767;667;0,00
2768;664;0,00
2770;658;0,00
2771;660;0,00
2772;660;0,00
2774;662;0,00
2776;658;0,00
2777;660;0,00
2778;660;0,00
2779;661;0,00
2781;659;0,00
2782;660;0,00
2783;661;0,00
2784;659;0,00
2786;663;0,00
2787;659;0,00
2788;659;0,00
2789;665;0,00
2791;669;0,00
2792;662;0,00
2793;660;0,00
2794;661;0,00
2795;664;0,00
2797;659;0,00
2798;660;0,00
2799;661;0,00
2800;659;0,00
2802;661;0,00
2803;660;0,00
2804;665;0,00
2805;658;0,00
2807;659;0,00
2808;667;0,00
2809;659;0,00
2810;661;0,00
2812;660;0,00
2813;659;0,00
2814;660;0,00
2816;659;0,00
2818;658;0,00
2819;660;0,00
2820;664;0,00
2821;662;0,00
2823;662;0,00
2824;668;0,00
2825;667;0,00
2826;661;0,00
2828;660;0,00
2829;660;0,00
2830;664;0,00
2831;659;0,00
2833;659;0,00
2834;660;0,00
2835;659;0,00
2836;661;0,00
2838;667;0,00
2839;659;0,00
2840;659;0,00
2841;659;0,00
2843;660;0,00
2844;659;0,00
2845;662;0,00
2846;661;0,00
2848;659;0,00
2849;667;0,00
2850;669;0,00
2851;661;0,00
2853;665;0,00
2854;665;0,00
2855;668;0,00
2856;657;0,00
2859;659;0,00
2860;661;0,00
2861;659;0,00
2862;663;0,00
2863;659;0,00
2865;659;0,00
2866;659;0,00
2867;659;0,00
2868;664;0,00
2870;659;0,00
2871;660;0,00
2872;658;0,00
2873;659;0,00
2875;659;0,00
2876;661;0,00
2877;658;0,00
2878;658;0,00
2880;658;0,00
2881;657;0,00
2882;659;0,00
2883;660;0,00
2885;659;0,00
2886;659;0,00
2887;659;0,00
2888;658;0,00
2890;658;0,00
2891;659;0,00
2892;661;0,00
2893;659;0,00
2895;658;0,00
2896;660;0,00
2897;659;0,00
2898;660;0,00
2900;660;0,00
2902;660;0,00
2903;659;0,00
2904;659;0,00
2906;658;0,00
2907;658;0,00
2908;660;0,00
2909;658;0,00
2911;659;0,00
2912;658;0,00
2913;659;0,00
2914;658;0,00
2916;657;0,00
2917;659;0,00
2918;662;0,00
2919;660;0,00
2921;658;0,00
2922;658;0,00
2923;658;0,00
2924;658;0,00
2925;662;0,00
2927;660;0,00
2928;659;0,00
2929;658;0,00
2930;659;0,00
2932;660;0,00
2933;657;0,00
2934;661;0,00
2935;660;0,00
2937;659;0,00
2938;658;0,00
2939;660;0,00
2940;659;0,00
2942;658;0,00
2944;659;0,00
2945;660;0,00
2946;660;0,00
2948;660;0,00
2949;660;0,00
2950;658;0,00
2951;660;0,00
2953;658;0,00
2954;659;0,00
2955;659;0,00
2956;660;0,00
2958;658;0,00
2959;657;0,00
2960;660;0,00
2961;660;0,00
2963;659;0,00
2964;658;0,00
2965;659;0,00
2966;659;0,00
2968;659;0,00
2969;659;0,00
2970;661;0,00
2971;658;0,00
2973;659;0,00
2974;660;0,00
2975;661;0,00
2976;659;0,00
2978;660;0,00
2979;660;0,00
2980;670;0,00
2981;660;0,00
2983;660;0,00
2984;658;0,00
2985;660;0,00
2987;661;0,00
2989;660;0,00
2990;659;0,00
2991;659;0,00
2992;665;0,00
2993;660;0,00
2995;661;0,00
2996;659;0,00
2997;659;0,00
2998;660;0,00
3000;660;0,00
3001;660;0,00
3002;661;0,00
3003;668;0,00
3005;662;0,00
3006;658;0,00
3007;661;0,00
3008;658;0,00
3010;666;0,00
3011;660;0,00
3012;661;0,00
3013;658;0,00
3015;661;0,00
3016;659;0,00
3017;667;0,00
3018;658;0,00
3020;660;0,00
3021;664;0,00
3022;664;0,00
3023;660;0,00
3025;658;0,00
3026;658;0,00
3027;662;0,00
3028;661;0,00
3031;659;0,00
3032;661;0,00
3033;659;0,00
3034;668;0,00
3036;662;0,00
3037;665;0,00
3038;666;0,00
3039;660;0,00
3041;657;0,00
3042;658;0,00
3043;661;0,00
3044;659;0,00
3046;660;0,00
3047;659;0,00
3048;660;0,00
3049;667;0,00
3051;661;0,00
3052;659;0,00
3053;662;0,00
3054;662;0,00
3055;663;0,00
3057;658;0,00
3058;662;0,00
3059;659;0,00
3060;661;0,00
3062;664;0,00
3063;660;0,00
3064;658;0,00
3065;658;0,00
3067;658;0,00
3068;661;0,00
3069;659;0,00
3070;659;0,00
3073;663;0,00
3074;660;0,00
3075;671;0,00
3076;660;0,00
3078;658;0,00
3079;659;0,00
3080;666;0,00
3081;667;0,00
3083;660;0,00
3084;660;0,00
3085;660;0,00
3086;663;0,00
3088;660;0,00
3089;659;0,00
3090;667;0,00
3091;659;0,00
3093;660;0,00
3094;663;0,00
3095;665;0,00
3096;663;0,00
3098;658;0,00
3099;661;0,00
3100;660;0,00
3101;667;0,00
3103;660;0,00
3104;660;0,00
3105;665;0,00
3106;661;0,00
3108;660;0,00
3109;660;0,00
3110;661;0,00
3111;658;0,00
3113;661;0,00
3115;659;0,00
3116;660;0,00
3117;661;0,00
3119;659;0,00
3120;661;0,00
3121;658;0,00
3122;664;0,00
3123;664;0,00
3125;661;0,00
3126;663;0,00
3127;669;0,00
3128;665;0,00
3130;659;0,00
3131;659;0,00
3132;661;0,00
3133;658;0,00
3135;659;0,00
3136;662;0,00
3137;659;0,00
3138;662;0,00
3140;659;0,00
3141;660;0,00
3142;663;0,00
3143;659;0,00
3145;664;0,00
3146;658;0,00
3147;661;0,00
3148;664;0,00
3150;663;0,00
3151;661;0,00
3152;661;0,00
3153;662;0,00
3155;668;0,00
3156;660;0,00
3158;661;0,00
3159;659;0,00
3161;669;0,00
3162;660;0,00
3163;666;0,00
3164;660;0,00
3166;661;0,00
3167;664;0,00
3168;660;0,00
3169;661;0,00
3171;661;0,00
3172;668;0,00
3173;669;0,00
3174;661;0,00
3176;660;0,00
3177;658;0,00
3178;659;0,00
3179;660;0,00
3181;661;0,00
3182;667;0,00
3183;659;0,00
3184;667;0,00
3185;667;0,00
3187;659;0,00
3188;659;0,00
3189;661;0,00
3190;659;0,00
3192;662;0,00
3193;659;0,00
3194;659;0,00
3195;660;0,00
3197;659;0,00
3198;658;0,00
3200;660;0,00
3201;663;0,00
3203;659;0,00
3204;663;0,00
3205;660;0,00
3206;664;0,00
3208;666;0,00
3209;660;0,00
3210;669;0,00
3211;660;0,00
3213;660;0,00
3214;660;0,00
3215;660;0,00
3216;660;0,00
3218;661;0,00
3219;660;0,00
3220;663;0,00
3221;664;0,00
3223;660;0,00
3224;672;0,00
3225;657;0,00
3226;663;0,00
3228;658;0,00
3229;660;0,00
3230;657;0,00
3231;659;0,00
3233;666;0,00
3234;659;0,00
3235;662;0,00
3236;661;0,00
3238;663;0,00
3239;663;0,00
3240;661;0,00
3241;660;0,00
3244;662;0,00
3245;660;0,00
3246;660;0,00
3247;659;0,00
3249;669;0,00
3250;659;0,00
3251;660;0,00
3252;659;0,00
3253;658;0,00
3255;659;0,00
3256;659;0,00
3257;659;0,00
3258;664;0,00
3260;659;0,00
3261;659;0,00
3262;660;0,00
3263;660;0,00
3265;661;0,00
3266;659;0,00
3267;662;0,00
3268;661;0,00
3270;660;0,00
3271;661;0,00
3272;663;0,00
3273;660;0,00
3275;670;0,00
3276;660;0,00
3277;662;0,00
3278;660;0,00
3280;662;0,00
3281;661;0,00
3282;660;0,00
3283;659;0,00
3286;666;0,00
3287;664;0,00
3288;659;0,00
3289;665;0,00
3291;660;0,00
3292;660;0,00
3293;662;0,00
3294;662;0,00
3296;668;0,00
3297;660;0,00
3298;658;0,00
3299;665;0,00
3301;660;0,00
3302;658;0,00
3303;658;0,00
3304;662;0,00
3306;662;0,00
3307;661;0,00
3308;660;0,00
3309;661;0,00
3311;659;0,00
3312;660;0,00
3313;661;0,00
3314;659;0,00
3316;669;0,00
3317;661;0,00
3318;659;0,00
3319;658;0,00
3320;660;0,00
3322;660;0,00
3323;661;0,00
3324;668;0,00
3325;660;0,00
3328;661;0,00
3329;660;0,00
3330;660;0,00
3331;667;0,00
3333;659;0,00
3334;659;0,00
3335;667;0,00
3336;660;0,00
3338;664;0,00
3339;659;0,00
3340;660;0,00
3341;661;0,00
3343;660;0,00
3344;659;0,00
3345;669;0,00
3346;660;0,00
3348;662;0,00
3349;669;0,00
3350;659;0,00
3351;671;0,00
3353;658;0,00
3354;668;0,00
3355;659;0,00
3356;659;0,00
3358;660;0,00
3359;660;0,00
3360;659;0,00
3361;659;0,00
3363;667;0,00
3364;659;0,00
3365;659;0,00
3366;659;0,00
3368;662;0,00
3369;659;0,00
3371;658;0,00
3372;659;0,00
3374;660;0,00
3375;660;0,00
3376;659;0,00
3377;659;0,00
3379;660;0,00
3380;659;0,00
3381;667;0,00
3382;665;0,00
3383;658;0,00
3385;665;0,00
3386;667;0,00
3387;664;0,00
3388;662;0,00
3390;664;0,00
3391;658;0,00
3392;670;0,00
3393;664;0,00
3395;659;0,00
3396;660;0,00
3397;660;0,00
3398;660;0,00
3400;659;0,00
3401;662;0,00
3402;658;0,00
3403;663;0,00
3405;662;0,00
3406;664;0,00
3407;660;0,00
3408;659;0,00
3410;661;0,00
3411;658;0,00
3412;668;0,00
3414;660;0,00
3416;663;0,00
3417;660;0,00
3418;660;0,00
3419;663;0,00
3421;659;0,00
3422;659;0,00
3423;659;0,00
3424;663;0,00
3426;660;0,00
3427;661;0,00
3428;660;0,00
3429;661;0,00
3431;660;0,00
3432;659;0,00
3433;671;0,00
3434;658;0,00
3436;659;0,00
3437;661;0,00
3438;662;0,00
3439;666;0,00
3441;659;0,00
3442;661;0,00
3443;658;0,00
3444;662;0,00
3446;660;0,00
3447;660;0,00
3448;659;0,00
3449;659;0,00
3450;662;0,00
3452;662;0,00
3453;661;0,00
3454;660;0,00
3456;659;0,00
3458;657;0,00
3459;671;0,00
3460;661;0,00
3461;663;0,00
3463;661;0,00
3464;660;0,00
3465;665;0,00
3466;658;0,00
3468;667;0,00
3469;664;0,00
3470;659;0,00
3471;660;0,00
3473;657;0,00
3474;659;0,00
3475;659;0,00
3476;663;0,00
3478;659;0,00
3479;660;0,00
3480;660;0,00
3481;666;0,00
3483;661;0,00
3484;661;0,00
3485;665;0,00
3486;660;0,00
3488;659;0,00
3489;660;0,00
3490;659;0,00
3491;666;0,00
3493;667;0,00
3494;662;0,00
3495;663;0,00
3496;660;0,00
3499;669;0,00
3500;658;0,00
3501;660;0,00
3502;662;0,00
3504;660;0,00
3505;662;0,00
3506;662;0,00
3507;658;0,00
3509;660;0,00
3510;660;0,00
3511;664;0,00
3512;659;0,00
3513;659;0,00
3515;658;0,00
3516;659;0,00
3517;662;0,00
3518;659;0,00
3520;660;0,00
3521;661;0,00
3522;660;0,00
3523;660;0,00
3525;664;0,00
3526;658;0,00
3527;660;0,00
3528;668;0,00
3530;661;0,00
3531;665;0,00
3532;660;0,00
3533;659;0,00
3535;663;0,00
3536;658;0,00
3537;660;0,00
3538;658;0,00
3540;659;0,00
3542;671;0,00
3543;663;0,00
3544;666;0,00
3546;660;0,00
3547;662;0,00
3548;660;0,00
3549;661;0,00
3551;659;0,00
3552;661;0,00
3553;665;0,00
3554;660;0,00
3556;659;0,00
3557;665;0,00
3558;660;0,00
3559;660;0,00
3561;665;0,00
3562;658;0,00
3563;658;0,00
3564;660;0,00
3566;659;0,00
3567;659;0,00
3568;666;0,00
3569;658;0,00
3571;660;0,00
3572;660;0,00
3573;659;0,00
3574;661;0,00
3576;660;0,00
3577;664;0,00
3578;659;0,00
3579;658;0,00
3580;659;0,00
3582;661;0,00
3584;664;0,00
3585;666;0,00
3586;663;0,00
3588;664;0,00
3589;666;0,00
3590;659;0,00
3591;657;0,00
3593;669;0,00
3594;663;0,00
3595;658;0,00
3596;660;0,00
3598;660;0,00
3599;660;0,00
3600;664;0,00
3601;659;0,00
3603;668;0,00
3604;661;0,00
3605;660;0,00
3606;658;0,00
3608;664;0,00
3609;662;0,00
3610;660;0,00
3611;658;0,00
3613;662;0,00
3614;660;0,00
3615;667;0,00
3616;664;0,00
3618;662;0,00
3619;667;0,00
3620;658;0,00
3621;659;0,00
3623;659;0,00
3624;660;0,00
3625;666;0,00
3627;662;0,00
3629;668;0,00
3630;660;0,00
3631;660;0,00
3632;666;0,00
3634;659;0,00
3635;662;0,00
3636;661;0,00
3637;664;0,00
3639;662;0,00
3640;660;0,00
3641;666;0,00
3642;659;0,00
3643;658;0,00
3645;662;0,00
3646;658;0,00
3647;663;0,00
3648;664;0,00
3650;658;0,00
3651;660;0,00
3652;659;0,00
3653;660;0,00
3655;660;0,00
3656;663;0,00
3657;661;0,00
3658;669;0,00
3660;666;0,00
3661;661;0,00
3662;658;0,00
3663;661;0,00
3665;663;0,00
3666;666;0,00
3667;661;0,00
3668;658;0,00
3671;660;0,00
3672;659;0,00
3673;669;0,00
3674;658;0,00
3676;660;0,00
3677;671;0,00
3678;661;0,00
3679;658;0,00
3681;666;0,00
3682;661;0,00
3683;660;0,00
3684;659;0,00
3686;659;0,00
3687;658;0,00
3688;672;0,00
3689;661;0,00
3691;663;0,00
3692;661;0,00
3693;665;0,00
3694;663;0,00
3696;663;0,00
3697;660;0,00
3698;664;0,00
3699;664;0,00
3701;658;0,00
3702;659;0,00
3703;659;0,00
3704;661;0,00
3706;668;0,00
3707;667;0,00
3708;664;0,00
3709;658;0,00
3710;658;0,00
3713;660;0,00
3714;668;0,00
3715;659;0,00
3716;659;0,00
3718;659;0,00
3719;660;0,00
3720;663;0,00
3721;658;0,00
3723;662;0,00
3724;658;0,00
3725;657;0,00
3726;659;0,00
3728;657;0,00
3729;665;0,00
3730;659;0,00
3731;663;0,00
3733;657;0,00
3734;660;0,00
3735;658;0,00
3736;661;0,00
3738;666;0,00
3739;660;0,00
3740;658;0,00
3741;663;0,00
3743;666;0,00
3744;663;0,00
3745;660;0,00
3746;662;0,00
3748;658;0,00
3749;660;0,00
3750;660;0,00
3751;657;0,00
3753;658;0,00
3755;660;0,00
3756;662;0,00
3757;658;0,00
3759;659;0,00
3760;660;0,00
3761;659;0,00
3762;667;0,00
3764;658;0,00
3765;663;0,00
3766;664;0,00
3767;665;0,00
3769;660;0,00
3770;659;0,00
3771;661;0,00
3772;659;0,00
3773;660;0,00
3775;658;0,00
3776;660;0,00
3777;659;0,00
3778;659;0,00
3780;658;0,00
3781;659;0,00
3782;660;0,00
3783;671;0,00
3785;660;0,00
3786;662;0,00
3787;660;0,00
3788;658;0,00
3790;659;0,00
3791;665;0,00
3792;661;0,00
3793;659;0,00
3795;666;0,00
3796;660;0,00
3798;659;0,00
3799;660;0,00
3801;659;0,00
3802;669;0,00
3803;661;0,00
3804;659;0,00
3806;659;0,00
3807;655;0,00
3808;670;0,00
3809;660;0,00
3811;663;0,00
3812;664;0,00
3813;660;0,00
3814;659;0,00
3816;661;0,00
3817;666;0,00
3818;659;0,00
3819;662;0,00
3821;658;0,00
3822;661;0,00
3823;659;0,00
3824;659;0,00
3826;669;0,00
3827;666;0,00
3828;658;0,00
3829;661;0,00
3831;663;0,00
3832;659;0,00
3833;660;0,00
3834;660;0,00
3836;658;0,00
3837;658;0,00
3838;666;0,00
3840;659;0,00
3841;666;0,00
3843;658;0,00
3844;663;0,00
3845;659;0,00
3846;667;0,00
3848;658;0,00
3849;657;0,00
3850;659;0,00
3851;660;0,00
3853;658;0,00
3854;669;0,00
3855;665;0,00
3856;662;0,00
3858;668;0,00
3859;665;0,00
3860;667;0,00
3861;659;0,00
3863;661;0,00
3864;658;0,00
3865;660;0,00
3866;664;0,00
3868;659;0,00
3869;660;0,00
3870;658;0,00
3871;661;0,00
3873;666;0,00
3874;660;0,00
3875;658;0,00
3876;660;0,00
3878;664;0,00
3879;663;0,00
3880;659;0,00
3881;661;0,00
3884;660;0,00
3885;659;0,00
3886;663;0,00
3887;659;0,00
3889;660;0,00
3890;660;0,00
3891;669;0,00
3892;661;0,00
3894;658;0,00
3895;669;0,00
3896;659;0,00
3897;664;0,00
3899;659;0,00
3900;662;0,00
3901;660;0,00
3902;667;0,00
3904;658;0,00
3905;659;0,00
3906;658;0,00
3907;665;0,00
3908;658;0,00
3910;661;0,00
3911;658;0,00
3912;665;0,00
3913;660;0,00
3915;659;0,00
3916;662;0,00
3917;661;0,00
3918;660;0,00
3920;657;0,00
3921;660;0,00
3922;658;0,00
3923;660;0,00
3926;658;0,00
3927;657;0,00
3928;663;0,00
3929;662;0,00
3931;671;0,00
3932;658;0,00
3933;663;0,00
3934;659;0,00
3936;657;0,00
3937;656;0,00
3938;658;0,00
3939;655;0,00
3941;665;0,00
3942;660;0,00
3943;660;0,00
3944;669;0,00
3946;658;0,00
3947;660;0,00
3948;660;0,00
3949;667;0,00
3951;661;0,00
3952;659;0,00
3953;658;0,00
3954;659;0,00
3956;660;0,00
3957;656;0,00
3958;657;0,00
3959;660;0,00
3961;671;0,00
3962;660;0,00
3963;662;0,00
3964;660;0,00
3966;659;0,00
3968;659;0,00
3969;666;0,00
3970;665;0,00
3971;662;0,00
3973;668;0,00
3974;659;0,00
3975;659;0,00
3976;671;0,00
3978;658;0,00
3979;658;0,00
3980;660;0,00
3981;660;0,00
3983;669;0,00
3984;662;0,00
3985;662;0,00
3986;659;0,00
3988;667;0,00
3989;657;0,00
3990;659;0,00
3991;660;0,00
3993;666;0,00
3994;656;0,00
3995;662;0,00
3996;658;0,00
3998;655;0,00
3999;660;0,00
4000;659;0,00
4001;662;0,00
4003;668;0,00
4004;666;0,00
4005;656;0,00
4006;659;0,00
4008;659;0,00
4009;663;0,00
4011;659;0,00
4012;658;0,00
4014;659;0,00
4015;659;0,00
4016;661;0,00
4017;654;0,00
4019;656;0,00
4020;664;0,00
4021;665;0,00
4022;658;0,00
4024;658;0,00
4025;664;0,00
4026;659;0,00
4027;660;0,00
4029;667;0,00
4030;658;0,00
4031;665;0,00
4032;662;0,00
4034;663;0,00
4035;663;0,00
4036;658;0,00
4037;660;0,00
4038;662;0,00
4040;670;0,00
4041;660;0,00
4042;662;0,00
4043;659;0,00
4045;663;0,00
4046;661;0,00
4047;658;0,00
4048;658;0,00
4050;664;0,00
4051;661;0,00
4052;662;0,00
4054;661;0,00
4056;665;0,00
4057;660;0,00
4058;659;0,00
4059;662;0,00
4061;659;0,00
4062;657;0,00
4063;659;0,00
4064;657;0,00
4066;660;0,00
4067;660;0,00
4068;658;0,00
4069;660;0,00
4071;659;0,00
4072;659;0,00
4073;658;0,00
4074;669;0,00
4076;660;0,00
4077;661;0,00
4078;661;0,00
4079;657;0,00
4081;660;0,00
4082;663;0,00
4083;662;0,00
4084;660;0,00
4086;673;0,00
4087;660;0,00
4088;674;0,00
4089;666;0,00
4091;672;0,00
4092;661;0,00
4093;657;0,00
4094;658;0,00
4097;659;0,00
4098;663;0,00
4099;659;0,00
4100;661;0,00
4101;662;0,00
4103;659;0,00
4104;658;0,00
4105;671;0,00
4106;671;0,00
4108;662;0,00
4109;662;0,00
4110;659;0,00
4111;654;0,00
4113;659;0,00
4114;650;0,00
4115;659;0,00
4116;663;0,00
4118;679;0,02
4119;659;0,00
4120;665;0,00
4121;670;0,00
4123;670;0,00
4124;671;0,00
4125;686;0,72
4126;681;0,22
4128;673;0,00
4129;668;0,00
4130;665;0,00
4131;675;0,00
4133;659;0,00
4134;664;0,00
4135;668;0,00
4136;661;0,00
4139;662;0,00
4140;666;0,00
4141;661;0,00
4142;675;0,00
4144;676;0,00
4145;661;0,00
4146;665;0,00
4147;666;0,00
4149;666;0,00
4150;664;0,00
4151;663;0,00
4152;661;0,00
4154;664;0,00
4155;669;0,00
4156;662;0,00
4157;662;0,00
4159;662;0,00
4160;671;0,00
4161;661;0,00
4162;660;0,00
4164;662;0,00
4165;663;0,00
4166;659;0,00
4167;662;0,00
4168;662;0,00
4170;662;0,00
4171;660;0,00
4172;665;0,00
4173;666;0,00
4175;659;0,00
4176;664;0,00
4177;664;0,00
4178;662;0,00
4180;661;0,00
4182;661;0,00
4183;660;0,00
4184;658;0,00
4186;666;0,00
4187;662;0,00
4188;662;0,00
4189;662;0,00
4191;663;0,00
4192;662;0,00
4193;662;0,00
4194;664;0,00
4196;661;0,00
4197;662;0,00
4198;662;0,00
4199;662;0,00
4201;663;0,00
4202;663;0,00
4203;662;0,00
4204;667;0,00
4206;662;0,00
4207;659;0,00
4208;660;0,00
4209;667;0,00
4211;662;0,00
4212;663;0,00
4213;663;0,00
4214;671;0,00
4216;662;0,00
4217;661;0,00
4218;663;0,00
4219;670;0,00
4221;668;0,00
4222;662;0,00
4224;664;0,00
4225;663;0,00
4227;670;0,00
4228;665;0,00
4229;662;0,00
4230;671;0,00
4231;665;0,00
4233;663;0,00
4234;663;0,00
4235;662;0,00
4236;664;0,00
4238;660;0,00
4239;662;0,00
4240;667;0,00
4241;662;0,00
4243;662;0,00
4244;666;0,00
4245;660;0,00
4246;660;0,00
4248;660;0,00
4249;663;0,00
4250;668;0,00
4251;662;0,00
4253;661;0,00
4254;662;0,00
4255;661;0,00
4256;662;0,00
4258;663;0,00
4259;661;0,00
4260;660;0,00
4261;668;0,00
4263;662;0,00
4264;659;0,00
4265;664;0,00
4267;672;0,00
4269;664;0,00
4270;662;0,00
4271;661;0,00
4272;668;0,00
4274;661;0,00
4275;661;0,00
4276;663;0,00
4277;663;0,00
4279;668;0,00
4280;663;0,00
4281;664;0,00
4282;662;0,00
4284;662;0,00
4285;664;0,00
4286;662;0,00
4287;671;0,00
4289;663;0,00
4290;662;0,00
4291;666;0,00
4292;663;0,00
4294;664;0,00
4295;662;0,00
4296;671;0,00
4297;663;0,00
4298;662;0,00
4300;663;0,00
4301;662;0,00
4302;662;0,00
4303;666;0,00
4305;664;0,00
4306;662;0,00
4307;669;0,00
4308;663;0,00
4311;665;0,00
4312;663;0,00
4313;663;0,00
4314;665;0,00
4316;665;0,00
4317;665;0,00
4318;662;0,00
4319;661;0,00
4321;670;0,00
4322;666;0,00
4323;666;0,00
4324;667;0,00
4326;667;0,00
4327;664;0,00
4328;663;0,00
4329;669;0,00
4331;675;0,00
4332;664;0,00
4333;662;0,00
4334;665;0,00
4336;667;0,00
4337;665;0,00
4338;664;0,00
4339;665;0,00
4341;663;0,00
4342;669;0,00
4343;662;0,00
4344;667;0,00
4346;666;0,00
4347;662;0,00
4348;664;0,00
4349;666;0,00
4352;662;0,00
4353;663;0,00
4354;670;0,00
4355;668;0,00
4357;664;0,00
4358;663;0,00
4359;671;0,00
4360;669;0,00
4361;662;0,00
4363;665;0,00
4364;663;0,00
4365;663;0,00
4366;666;0,00
4368;664;0,00
4369;665;0,00
4370;665;0,00
4371;668;0,00
4373;664;0,00
4374;663;0,00
4375;662;0,00
4376;666;0,00
4378;662;0,00
4379;662;0,00
4380;662;0,00
4381;673;0,00
4383;667;0,00
4384;664;0,00
4385;664;0,00
4386;664;0,00
4388;664;0,00
4389;663;0,00
4390;670;0,00
4391;664;0,00
4393;668;0,00
4395;665;0,00
4396;664;0,00
4397;662;0,00
4399;663;0,00
4400;666;0,00
4401;669;0,00
4402;663;0,00
4404;664;0,00
4405;665;0,00
4406;664;0,00
4407;662;0,00
4409;666;0,00
4410;664;0,00
4411;670;0,00
4412;673;0,00
4414;679;0,02
4415;663;0,00
4416;662;0,00
4417;665;0,00
4419;666;0,00
4420;665;0,00
4421;665;0,00
4422;666;0,00
4424;665;0,00
4425;670;0,00
4426;666;0,00
4427;664;0,00
4428;663;0,00
4430;669;0,00
4431;663;0,00
4432;664;0,00
4433;674;0,00
4435;664;0,00
4436;663;0,00
4438;663;0,00
4439;664;0,00
4441;677;0,00
4442;664;0,00
4443;664;0,00
4444;664;0,00
4446;666;0,00
4447;674;0,00
4448;663;0,00
4449;663;0,00
4451;669;0,00
4452;675;0,00
4453;663;0,00
4454;666;0,00
4456;664;0,00
4457;668;0,00
4458;664;0,00
4459;666;0,00
4461;668;0,00
4462;663;0,00
4463;664;0,00
4464;667;0,00
4466;663;0,00
4467;665;0,00
4468;675;0,00
4469;667;0,00
4471;683;0,42
4472;662;0,00
4473;673;0,00
4474;669;0,00
4476;669;0,00
4477;664;0,00
4478;664;0,00
4480;662;0,00
4482;664;0,00
4483;663;0,00
4484;666;0,00
4485;663;0,00
4487;663;0,00
4488;674;0,00
4489;664;0,00
4490;674;0,00
4491;663;0,00
4493;665;0,00
4494;670;0,00
4495;665;0,00
4496;664;0,00
4498;664;0,00
4499;662;0,00
4500;669;0,00
4501;664;0,00
4503;663;0,00
4504;664;0,00
4505;667;0,00
4506;668;0,00
4508;666;0,00
4509;678;0,00
4510;670;0,00
4511;664;0,00
4513;663;0,00
4514;673;0,00
4515;662;0,00
4516;667;0,00
4518;663;0,00
4519;665;0,00
4520;663;0,00
4521;665;0,00
4524;665;0,00
4525;668;0,00
4526;663;0,00
4527;671;0,00
4529;667;0,00
4530;664;0,00
4531;667;0,00
4532;664;0,00
4534;668;0,00
4535;664;0,00
4536;664;0,00
4537;667;0,00
4539;670;0,00
4540;665;0,00
4541;670;0,00
4542;664;0,00
4544;666;0,00
4545;672;0,00
4546;665;0,00
4547;665;0,00
4549;669;0,00
4550;667;0,00
4551;670;0,00
4552;663;0,00
4554;666;0,00
4555;665;0,00
4556;665;0,00
4557;667;0,00
4558;665;0,00
4560;663;0,00
4561;672;0,00
4562;668;0,00
4563;674;0,00
4566;671;0,00
4567;667;0,00
4568;667;0,00
4569;665;0,00
4571;667;0,00
4572;667;0,00
4573;677;0,00
4574;665;0,00
4576;666;0,00
4577;674;0,00
4578;664;0,00
4579;666;0,00
4581;671;0,00
4582;665;0,00
4583;667;0,00
4584;664;0,00
4586;666;0,00
4587;668;0,00
4588;667;0,00
4589;666;0,00
4591;666;0,00
4592;668;0,00
4593;668;0,00
4594;665;0,00
4596;667;0,00
4597;668;0,00
4598;668;0,00
4599;664;0,00
4601;666;0,00
4602;666;0,00
4603;667;0,00
4604;665;0,00
4606;668;0,00
4608;664;0,00
4609;666;0,00
4610;665;0,00
4612;667;0,00
4613;665;0,00
4614;670;0,00
4615;671;0,00
4617;665;0,00
4618;668;0,00
4619;674;0,00
4620;674;0,00
4622;667;0,00
4623;674;0,00
4624;675;0,00
4625;664;0,00
4626;673;0,00
4628;672;0,00
4629;669;0,00
4630;667;0,00
4631;671;0,00
4633;673;0,00
4634;676;0,00
4635;676;0,00
4636;667;0,00
4638;668;0,00
4639;669;0,00
4640;666;0,00
4641;665;0,00
4643;673;0,00
4644;666;0,00
4645;679;0,02
4646;665;0,00
4648;671;0,00
4649;676;0,00
4651;667;0,00
4652;668;0,00
4654;667;0,00
4655;667;0,00
4656;667;0,00
4657;665;0,00
4659;667;0,00
4660;667;0,00
4661;672;0,00
4662;667;0,00
4664;668;0,00
4665;668;0,00
4666;666;0,00
4667;667;0,00
4669;671;0,00
4670;668;0,00
4671;672;0,00
4672;667;0,00
4674;668;0,00
4675;672;0,00
4676;671;0,00
4677;667;0,00
4679;668;0,00
4680;673;0,00
4681;673;0,00
4682;668;0,00
4684;670;0,00
4685;677;0,00
4686;668;0,00
4687;667;0,00
4688;666;0,00
4690;678;0,00
4691;668;0,00
4692;671;0,00
4694;668;0,00
4696;676;0,00
4697;675;0,00
4698;670;0,00
4699;666;0,00
4701;673;0,00
4702;670;0,00
4703;668;0,00
4704;670;0,00
4706;677;0,00
4707;669;0,00
4708;671;0,00
4709;669;0,00
4711;669;0,00
4712;671;0,00
4713;670;0,00
4714;670;0,00
4716;674;0,00
4717;674;0,00
4718;674;0,00
4719;670;0,00
4721;669;0,00
4722;673;0,00
4723;671;0,00
4724;670;0,00
4726;678;0,00
4727;672;0,00
4728;673;0,00
4729;670;0,00
4731;671;0,00
4732;672;0,00
4733;671;0,00
4734;673;0,00
4737;676;0,00
4738;681;0,22
4739;675;0,00
4740;673;0,00
4742;674;0,00
4743;670;0,00
4744;672;0,00
4745;674;0,00
4747;672;0,00
4748;676;0,00
4749;674;0,00
4750;672;0,00
4752;674;0,00
4753;671;0,00
4754;673;0,00
4755;679;0,02
4756;678;0,00
4758;675;0,00
4759;674;0,00
4760;674;0,00
4761;675;0,00
4763;673;0,00
4764;674;0,00
4765;674;0,00
4766;675;0,00
4768;677;0,00
4769;677;0,00
4770;675;0,00
4771;677;0,00
4773;679;0,02
4774;678;0,00
4775;678;0,00
4776;679;0,02
4779;679;0,02
4780;677;0,00
4781;680;0,12
4782;681;0,22
4784;678;0,00
4785;681;0,22
4786;678;0,00
4787;678;0,00
4789;678;0,00
4790;688;0,92
4791;680;0,12
4792;679;0,02
4794;678;0,00
4795;681;0,22
4796;679;0,02
4797;685;0,62
4799;681;0,22
4800;680;0,12
4801;682;0,32
4802;680;0,12
4804;684;0,52
4805;679;0,02
4806;681;0,22
4807;681;0,22
4809;679;0,02
4810;684;0,52
4811;682;0,32
4812;681;0,22
4814;692;1,32
4815;680;0,12
4816;681;0,22
4817;680;0,12
4818;689;1,02
4820;682;0,32
4822;682;0,32
4823;682;0,32
4824;687;0,82
4826;682;0,32
4827;681;0,22
4828;690;1,12
4829;682;0,32
4831;691;1,22
4832;685;0,62
4833;685;0,62
4834;683;0,42
4836;693;1,43
4837;686;0,72
4838;686;0,72
4839;684;0,52
4841;683;0,42
4842;683;0,42
4843;683;0,42
4844;685;0,62
4846;685;0,62
4847;690;1,12
4848;684;0,52
4849;687;0,82
4851;684;0,52
4852;692;1,32
4853;695;1,63
4854;694;1,53
4856;685;0,62
4857;683;0,42
4858;683;0,42
4859;682;0,32
4861;684;0,52
4862;685;0,62
4864;684;0,52
4865;685;0,62
4867;683;0,42
4868;685;0,62
4869;681;0,22
4870;682;0,32
4872;684;0,52
4873;683;0,42
4874;690;1,12
4875;685;0,62
4877;684;0,52
4878;690;1,12
4879;689;1,02
4880;685;0,62
4882;683;0,42
4883;681;0,22
4884;685;0,62
4885;683;0,42
4886;687;0,82
4888;684;0,52
4889;693;1,43
4890;685;0,62
4891;689;1,02
4893;683;0,42
4894;688;0,92
4895;684;0,52
4896;693;1,43
4898;683;0,42
4899;686;0,72
4900;685;0,62
4901;693;1,43
4903;694;1,53
4904;686;0,72
4905;685;0,62
4907;684;0,52
4909;685;0,62
4910;686;0,72
4911;689;1,02
4912;686;0,72
4914;685;0,62
4915;685;0,62
4916;685;0,62
4917;686;0,72
4919;695;1,63
4920;685;0,62
4921;686;0,72
4922;690;1,12
4924;693;1,43
4925;689;1,02
4926;688;0,92
4927;687;0,82
4929;692;1,32
4930;688;0,92
4931;688;0,92
4932;701;2,23
4934;691;1,22
4935;691;1,22
4936;689;1,02
4937;690;1,12
4939;689;1,02
4940;691;1,22
4941;689;1,02
4942;692;1,32
4944;691;1,22
4945;699;2,03
4946;694;1,53
4947;697;1,83
4948;692;1,32
4951;692;1,32
4952;702;2,33
4953;691;1,22
4954;690;1,12
4956;695;1,63
4957;694;1,53
4958;692;1,32
4959;692;1,32
4961;695;1,63
4962;692;1,32
4963;694;1,53
4964;694;1,53
4966;705;2,63
4967;695;1,63
4968;708;2,94
4969;703;2,43
4971;693;1,43
4972;694;1,53
4973;703;2,43
4974;694;1,53
4976;694;1,53
4977;700;2,13
4978;700;2,13
4979;697;1,83
4981;696;1,73
4982;696;1,73
4983;695;1,63
4984;696;1,73
4986;696;1,73
4987;702;2,33
4988;697;1,83
4989;698;1,93
4992;696;1,73
4993;701;2,23
4994;703;2,43
4995;706;2,73
4997;697;1,83
4998;699;2,03
4999;702;2,33
5000;700;2,13
5002;703;2,43
5003;698;1,93
5004;700;2,13
5005;703;2,43
5007;703;2,43
5008;700;2,13
5009;702;2,33
5010;703;2,43
5011;700;2,13
5013;700;2,13
5014;701;2,23
5015;701;2,23
5016;702;2,33
5018;710;3,14
5019;704;2,53
5020;706;2,73
5021;707;2,83
5023;705;2,63
5024;705;2,63
5025;706;2,73
5026;706;2,73
5028;706;2,73
5029;710;3,14
5030;707;2,83
5031;707;2,83
5033;712;3,34
5035;706;2,73
5036;707;2,83
5037;708;2,94
5039;711;3,24
5040;709;3,04
5041;710;3,14
5042;709;3,04
5044;708;2,94
5045;719;4,04
5046;713;3,44
5047;713;3,44
5049;711;3,24
5050;713;3,44
5051;717;3,84
5052;716;3,74
5054;719;4,04
5055;717;3,84
5056;716;3,74
5057;711;3,24
5059;719;4,04
5060;715;3,64
5061;713;3,44
5062;712;3,34
5064;714;3,54
5065;715;3,64
5066;713;3,44
5067;716;3,74
5069;714;3,54
5070;715;3,64
5071;715;3,64
5072;714;3,54
5074;719;4,04
5075;713;3,44
5076;718;3,94
5078;717;3,84
5079;716;3,74
5081;718;3,94
5082;714;3,54
5083;717;3,84
5084;715;3,64
5086;717;3,84
5087;716;3,74
5088;717;3,84
5089;717;3,84
5091;716;3,74
5092;715;3,64
5093;715;3,64
5094;719;4,04
5096;716;3,74
5097;716;3,74
5098;720;4,14
5099;716;3,74
5101;716;3,74
5102;715;3,64
5103;717;3,84
5104;718;3,94
5106;719;4,04
5107;717;3,84
5108;719;4,04
5109;718;3,94
5111;719;4,04
5112;722;4,34
5113;720;4,14
5114;721;4,24
5116;720;4,14
5117;721;4,24
5118;721;4,24
5120;720;4,14
5122;726;4,75
5123;722;4,34
5124;725;4,65
5125;722;4,34
5127;723;4,45
5128;722;4,34
5129;721;4,24
5130;725;4,65
5132;724;4,55
5133;724;4,55
5134;722;4,34
5135;725;4,65
5137;722;4,34
5138;722;4,34
5139;722;4,34
5140;727;4,85
5142;724;4,55
5143;724;4,55
5144;722;4,34
5145;723;4,45
5146;723;4,45
5148;722;4,34
5149;723;4,45
5150;723;4,45
5151;727;4,85
5153;726;4,75
5154;723;4,45
5155;725;4,65
5156;726;4,75
5158;725;4,65
5159;725;4,65
5160;726;4,75
5161;727;4,85
5164;735;5,65
5165;730;5,15
5166;734;5,55
5167;743;6,46
5169;743;6,46
5170;741;6,26
5171;741;6,26
5172;743;6,46
5174;745;6,66
5175;746;6,76
5176;753;7,47
5177;754;7,57
5179;755;7,67
5180;760;8,17
5181;764;8,57
5182;766;8,77
5184;763;8,47
5185;766;8,77
5186;767;8,87
5187;772;9,38
5189;774;9,58
5190;775;9,68
5191;773;9,48
5192;773;9,48
5194;774;9,58
5195;774;9,58
5196;774;9,58
5197;777;9,88
5199;775;9,68
5200;775;9,68
5201;774;9,58
5202;779;10,08
5204;774;9,58
5206;773;9,48
5207;774;9,58
5208;782;10,38
5210;779;10,08
5211;776;9,78
5212;781;10,28
5214;776;9,78
5215;775;9,68
5216;775;9,68
5217;780;10,18
5219;782;10,38
5220;779;10,08
5221;778;9,98
5223;776;9,78
5224;778;9,98
5225;779;10,08
5226;775;9,68
5228;777;9,88
5229;780;10,18
5230;779;10,08
5231;776;9,78
5233;788;10,99
5234;782;10,38
5235;783;10,49
5237;781;10,28
5238;782;10,38
5239;784;10,59
5241;792;11,39
5242;786;10,79
5243;787;10,89
5245;788;10,99
5246;790;11,19
5248;789;11,09
5250;790;11,19
5251;791;11,29
5252;796;11,79
5254;795;11,69
5255;795;11,69
5256;792;11,39
5258;792;11,39
5259;796;11,79
5260;796;11,79
5262;792;11,39
5263;794;11,59
5264;792;11,39
5266;798;12,00
5267;800;12,20
5268;793;11,49
5270;792;11,39
5271;794;11,59
5272;792;11,39
5274;792;11,39
5275;789;11,09
5276;789;11,09
5278;794;11,59
5279;789;11,09
5280;792;11,39
5282;789;11,09
5283;788;10,99
5284;791;11,29
5286;789;11,09
5287;788;10,99
5288;792;11,39
5291;795;11,69
5292;789;11,09
5293;793;11,49
5295;789;11,09
5296;789;11,09
5297;791;11,29
5298;789;11,09
5300;791;11,29
5301;794;11,59
5302;788;10,99
5304;794;11,59
5305;791;11,29
5306;797;11,89
5308;798;12,00
5309;791;11,29
5310;799;12,10
5312;793;11,49
5313;794;11,59
5314;795;11,69
5316;790;11,19
5317;791;11,29
5318;794;11,59
5320;797;11,89
5321;791;11,29
5322;790;11,19
5324;798;12,00
5325;792;11,39
5326;790;11,19
5328;796;11,79
5329;791;11,29
5330;791;11,29
5332;791;11,29
5334;799;12,10
5335;789;11,09
5337;790;11,19
5338;790;11,19
5339;794;11,59
5341;792;11,39
5342;794;11,59
5343;789;11,09
5345;789;11,09
5346;794;11,59
5347;790;11,19
5349;788;10,99
5350;788;10,99
5351;793;11,49
5353;789;11,09
5354;792;11,39
5355;794;11,59
5357;786;10,79
5358;786;10,79
5359;793;11,49
5361;788;10,99
5362;794;11,59
5363;794;11,59
5365;787;10,89
5366;787;10,89
5367;788;10,99
5369;787;10,89
5370;788;10,99
5371;787;10,89
5373;788;10,99
5374;786;10,79
5376;786;10,79
5378;787;10,89
5379;787;10,89
5380;787;10,89
5382;787;10,89
5383;788;10,99
5384;787;10,89
5385;787;10,89
5387;791;11,29
5388;788;10,99
5389;797;11,89
5391;789;11,09
5392;793;11,49
5393;793;11,49
5395;791;11,29
5396;791;11,29
5397;791;11,29
5399;788;10,99
5400;794;11,59
5401;793;11,49
5403;792;11,39
5404;789;11,09
5405;795;11,69
5407;788;10,99
5408;788;10,99
5409;789;11,09
5411;797;11,89
5412;788;10,99
5413;789;11,09
5415;789;11,09
5416;788;10,99
5417;787;10,89
5420;792;11,39
5421;788;10,99
5422;790;11,19
5424;789;11,09
5425;788;10,99
5426;789;11,09
5428;789;11,09
5429;789;11,09
5430;790;11,19
5432;795;11,69
5433;790;11,19
5434;788;10,99
5436;788;10,99
5437;793;11,49
5438;790;11,19
5440;793;11,49
5441;794;11,59
5442;787;10,89
5444;788;10,99
5445;788;10,99
5446;786;10,79
5448;788;10,99
5449;788;10,99
5450;787;10,89
5452;787;10,89
5453;786;10,79
5454;786;10,79
5456;786;10,79
5457;787;10,89
5458;784;10,59
5460;788;10,99
5462;794;11,59
5463;786;10,79
5465;786;10,79
5466;787;10,89
5467;788;10,99
5469;786;10,79
5470;784;10,59
5471;784;10,59
5472;785;10,69
5474;788;10,99
5475;784;10,59
5476;785;10,69
5478;786;10,79
5479;784;10,59
5480;785;10,69
5482;786;10,79
5483;786;10,79
5484;784;10,59
5486;784;10,59
5487;784;10,59
5488;786;10,79
5490;783;10,49
5491;788;10,99
5492;781;10,28
5494;782;10,38
5495;782;10,38
5496;782;10,38
5498;787;10,89
5499;782;10,38
5500;780;10,18
5502;787;10,89
5504;779;10,08
5505;782;10,38
5507;786;10,79
5508;783;10,49
5509;786;10,79
5511;774;9,58
5512;780;10,18
5513;784;10,59
5515;777;9,88
5516;780;10,18
5517;779;10,08
5518;778;9,98
5520;781;10,28
5521;783;10,49
5522;778;9,98
5524;780;10,18
5525;779;10,08
5526;778;9,98
5528;786;10,79
5529;786;10,79
5530;782;10,38
5532;782;10,38
5533;780;10,18
5534;780;10,18
5535;781;10,28
5537;781;10,28
5538;780;10,18
5539;783;10,49
5541;783;10,49
5542;782;10,38
5543;781;10,28
5545;780;10,18
5547;782;10,38
5548;787;10,89
5550;784;10,59
5551;788;10,99
5552;785;10,69
5554;785;10,69
5555;785;10,69
5556;782;10,38
5558;785;10,69
5559;786;10,79
5560;783;10,49
5562;794;11,59
5563;789;11,09
5564;785;10,69
5566;792;11,39
5567;784;10,59
5568;788;10,99
5570;792;11,39
5571;785;10,69
5572;786;10,79
5574;785;10,69
5575;785;10,69
5576;790;11,19
5578;787;10,89
5579;786;10,79
5580;790;11,19
5582;789;11,09
5583;785;10,69
5584;789;11,09
5586;788;10,99
5587;787;10,89
5588;789;11,09
5591;787;10,89
5592;786;10,79
5593;788;10,99
5595;796;11,79
5596;795;11,69
5597;789;11,09
5599;794;11,59
5600;791;11,29
5601;790;11,19
5603;796;11,79
5604;791;11,29
5605;793;11,49
5607;792;11,39
5608;796;11,79
5609;792;11,39
5611;795;11,69
5612;792;11,39
5613;803;12,50
5615;802;12,40
5616;796;11,79
5617;794;11,59
5619;800;12,20
5620;795;11,69
5621;796;11,79
5622;796;11,79
5624;800;12,20
5625;800;12,20
5626;796;11,79
5628;800;12,20
5629;799;12,10
5630;799;12,10
5633;803;12,50
5634;799;12,10
5635;799;12,10
5637;803;12,50
5638;799;12,10
5639;805;12,70
5641;800;12,20
5642;799;12,10
5643;799;12,10
5645;801;12,30
5646;798;12,00
5647;807;12,90
5649;801;12,30
5650;803;12,50
5651;803;12,50
5653;806;12,80
5654;803;12,50
5655;810;13,20
5657;803;12,50
5658;803;12,50
5659;804;12,60
5661;804;12,60
5662;806;12,80
5663;805;12,70
5665;806;12,80
5666;808;13,00
5667;804;12,60
5669;807;12,90
5670;808;13,00
5671;807;12,90
5673;810;13,20
5675;812;13,40
5676;815;13,71
5678;808;13,00
5679;814;13,61
5680;809;13,10
5682;809;13,10
5683;808;13,00
5684;809;13,10
5686;812;13,40
5687;810;13,20
5688;810;13,20
5690;809;13,10
5691;813;13,51
5692;810;13,20
5694;810;13,20
5695;813;13,51
5696;811;13,30
5698;813;13,51
5699;813;13,51
5700;810;13,20
5702;811;13,30
5703;811;13,30
5704;810;13,20
5706;812;13,40
5707;810;13,20
5708;814;13,61
5709;811;13,30
5711;812;13,40
5712;810;13,20
5713;813;13,51
5715;813;13,51
5716;814;13,61
5718;814;13,61
5720;812;13,40
5721;812;13,40
5722;817;13,91
5724;812;13,40
5725;812;13,40
5726;813;13,51
5728;814;13,61
5729;815;13,71
5730;814;13,61
5732;813;13,51
5733;815;13,71
5734;817;13,91
5736;816;13,81
5737;816;13,81
5738;815;13,71
5740;820;14,21
5741;820;14,21
5742;817;13,91
5744;818;14,01
5745;818;14,01
5746;818;14,01
5748;819;14,11
5749;824;14,61
5750;826;14,81
5752;820;14,21
5753;820;14,21
5754;822;14,41
5756;824;14,61
5757;821;14,31
5758;822;14,41
5761;824;14,61
5762;820;14,21
5763;820;14,21
5765;819;14,11
5766;817;13,91
5767;821;14,31
5769;817;13,91
5770;816;13,81
5771;816;13,81
5773;813;13,51
5774;814;13,61
5775;816;13,81
5777;811;13,30
5778;811;13,30
5779;807;12,90
5781;808;13,00
5782;808;13,00
5783;808;13,00
5785;809;13,10
5786;807;12,90
5787;808;13,00
5789;808;13,00
5790;809;13,10
5791;808;13,00
5793;807;12,90
5794;808;13,00
5795;809;13,10
5796;809;13,10
5798;810;13,20
5799;812;13,40
5800;811;13,30
5803;814;13,61
5804;812;13,40
5805;812;13,40
5807;815;13,71
5808;816;13,81
5809;816;13,81
5811;815;13,71
5812;815;13,71
5813;813;13,51
5815;814;13,61
5816;816;13,81
5817;815;13,71
5819;818;14,01
5820;813;13,51
5821;814;13,61
5823;813;13,51
5824;813;13,51
5825;815;13,71
5827;818;14,01
5828;814;13,61
5829;814;13,61
5831;813;13,51
5832;814;13,61
5833;813;13,51
5835;815;13,71
5836;813;13,51
5837;814;13,61
5839;814;13,61
5840;815;13,71
5841;814;13,61
5843;817;13,91
5844;813;13,51
5846;812;13,40
5848;813;13,51
5849;812;13,40
5850;813;13,51
5852;816;13,81
5853;812;13,40
5854;811;13,30
5856;810;13,20
5857;812;13,40
5858;813;13,51
5860;810;13,20
5861;810;13,20
5862;810;13,20
5864;810;13,20
5865;811;13,30
5866;811;13,30
5868;808;13,00
5869;809;13,10
5870;809;13,10
5872;814;13,61
5873;810;13,20
5874;814;13,61
5876;811;13,30
5877;809;13,10
5878;810;13,20
5880;811;13,30
5881;811;13,30
5882;810;13,20
5883;813;13,51
5885;811;13,30
5886;811;13,30
5888;815;13,71
5890;810;13,20
5891;810;13,20
5892;815;13,71
5894;811;13,30
5895;810;13,20
5896;812;13,40
5898;812;13,40
5899;810;13,20
5900;815;13,71
5902;813;13,51
5903;809;13,10
5904;808;13,00
5906;808;13,00
5907;811;13,30
5908;808;13,00
5910;808;13,00
5911;809;13,10
5912;811;13,30
5914;811;13,30
5915;810;13,20
5916;807;12,90
5918;809;13,10
5919;809;13,10
5920;806;12,80
5922;808;13,00
5923;809;13,10
5924;812;13,40
5926;812;13,40
5927;810;13,20
5928;809;13,10
5931;808;13,00
5932;807;12,90
5933;812;13,40
5935;809;13,10
5936;807;12,90
5937;811;13,30
5939;808;13,00
5940;807;12,90
5941;808;13,00
5943;808;13,00
5944;810;13,20
5945;809;13,10
5947;808;13,00
5948;809;13,10
5949;809;13,10
5951;808;13,00
5952;810;13,20
5953;809;13,10
5955;809;13,10
5956;808;13,00
5957;808;13,00
5959;810;13,20
5960;808;13,00
5961;808;13,00
5963;810;13,20
5964;810;13,20
5965;811;13,30
5967;810;13,20
5968;808;13,00
5969;807;12,90
5970;807;12,90
5972;807;12,90
5974;811;13,30
5975;809;13,10
5977;805;12,70
5978;806;12,80
5979;807;12,90
5981;807;12,90
5982;807;12,90
5983;807;12,90
5985;809;13,10
5986;811;13,30
5987;809;13,10
5989;809;13,10
5990;810;13,20
5991;808;13,00
5993;807;12,90
5994;807;12,90
5995;807;12,90
5997;813;13,51
5998;809;13,10
5999;806;12,80
6001;807;12,90
6002;806;12,80
6003;808;13,00
6005;808;13,00
6006;807;12,90
6007;808;13,00
6009;807;12,90
6010;812;13,40
6011;806;12,80
6013;807;12,90
6014;807;12,90
6016;806;12,80
6018;804;12,60
6019;806;12,80
6020;804;12,60
6022;803;12,50
6023;809;13,10
6024;804;12,60
6026;806;12,80
6027;806;12,80
6028;806;12,80
6030;803;12,50
6031;804;12,60
6032;802;12,40
6034;804;12,60
6035;806;12,80
6036;806;12,80
6038;806;12,80
6039;808;13,00
6040;805;12,70
6042;806;12,80
6043;806;12,80
6044;808;13,00
6046;808;13,00
6047;808;13,00
6048;808;13,00
6050;808;13,00
6051;811;13,30
6052;807;12,90
6054;811;13,30
6055;814;13,61
6056;810;13,20
6057;808;13,00
6060;811;13,30
6061;810;13,20
6062;810;13,20
6064;809;13,10
6065;812;13,40
6066;807;12,90
6068;807;12,90
6069;808;13,00
6070;809;13,10
6072;810;13,20
6073;806;12,80
6074;808;13,00
6076;810;13,20
6077;806;12,80
6078;806;12,80
6080;806;12,80
6081;809;13,10
6082;809;13,10
6084;809;13,10
6085;808;13,00
6086;809;13,10
6088;809;13,10
6089;811;13,30
6090;813;13,51
6092;814;13,61
6093;812;13,40
6094;815;13,71
6096;811;13,30
6097;813;13,51
6098;812;13,40
6100;812;13,40
6102;812;13,40
6103;810;13,20
6105;811;13,30
6106;808;13,00
6107;810;13,20
6109;807;12,90
6110;807;12,90
6111;807;12,90
6113;805;12,70
6114;806;12,80
6115;806;12,80
6117;809;13,10
6118;804;12,60
6119;804;12,60
6121;804;12,60
6122;804;12,60
6123;806;12,80
6125;803;12,50
6126;803;12,50
6127;803;12,50
6129;803;12,50
6130;806;12,80
6131;806;12,80
6133;808;13,00
6134;807;12,90
6135;807;12,90
6137;807;12,90
6138;811;13,30
6139;810;13,20
6141;811;13,30
6142;809;13,10
6144;808;13,00
6145;810;13,20
6147;809;13,10
6148;810;13,20
6149;810;13,20
6151;809;13,10
6152;811;13,30
6153;810;13,20
6155;812;13,40
6156;810;13,20
6157;809;13,10
6159;811;13,30
6160;811;13,30
6161;810;13,20
6163;811;13,30
6164;810;13,20
6165;808;13,00
6167;810;13,20
6168;816;13,81
6169;810;13,20
6171;812;13,40
6172;809;13,10
6173;810;13,20
6175;813;13,51
6176;811;13,30
6177;815;13,71
6179;813;13,51
6180;814;13,61
6181;814;13,61
6183;813;13,51
6184;815;13,71
6185;821;14,31
6188;818;14,01
6189;819;14,11
6190;819;14,11
6192;819;14,11
6193;819;14,11
6194;816;13,81
6196;815;13,71
6197;818;14,01
6198;814;13,61
6200;813;13,51
6201;818;14,01
6202;814;13,61
6204;815;13,71
6205;814;13,61
6206;813;13,51
6208;815;13,71
6209;813;13,51
6210;816;13,81
6212;813;13,51
6213;811;13,30
6214;812;13,40
6216;811;13,30
6217;815;13,71
6218;815;13,71
6220;810;13,20
6221;812;13,40
6222;811;13,30
6224;811;13,30
6225;814;13,61
6226;819;14,11
6228;816;13,81
6230;817;13,91
6231;815;13,71
6232;816;13,81
6234;821;14,31
6235;816;13,81
6236;819;14,11
6238;817;13,91
6239;820;14,21
6240;817;13,91
6242;818;14,01
6243;818;14,01
6244;819;14,11
6246;818;14,01
6247;817;13,91
6248;821;14,31
6250;817;13,91
6251;817;13,91
6252;815;13,71
6254;820;14,21
6255;812;13,40
6256;817;13,91
6258;813;13,51
6259;814;13,61
6260;811;13,30
6262;813;13,51
6263;809;13,10
6264;809;13,10
6266;808;13,00
6267;808;13,00
6268;807;12,90
6270;807;12,90
6272;810;13,20
6273;805;12,70
6275;803;12,50
6276;805;12,70
6277;803;12,50
6279;805;12,70
6280;804;12,60
6281;804;12,60
6283;807;12,90
6284;811;13,30
6285;806;12,80
6287;806;12,80
6288;806;12,80
6289;807;12,90
6291;806;12,80
6292;806;12,80
6293;806;12,80
6295;807;12,90
6296;807;12,90
6297;809;13,10
6299;807;12,90
6300;812;13,40
6301;811;13,30
6303;809;13,10
6304;814;13,61
6305;814;13,61
6307;813;13,51
6308;814;13,61
6309;816;13,81
6311;812;13,40
6312;814;13,61
6313;814;13,61
6316;815;13,71
6317;817;13,91
6318;813;13,51
6319;812;13,40
6321;814;13,61
6322;814;13,61
6323;814;13,61
6325;813;13,51
6326;813;13,51
6327;812;13,40
6329;812;13,40
6330;812;13,40
6331;811;13,30
6333;810;13,20
6334;811;13,30
6335;812;13,40
6337;809;13,10
6338;810;13,20
6339;810;13,20
6341;813;13,51
6342;811;13,30
6343;817;13,91
6345;813;13,51
6346;814;13,61
6347;813;13,51
6349;814;13,61
6350;813;13,51
6351;815;13,71
6353;816;13,81
6354;817;13,91
6355;820;14,21
6358;822;14,41
6359;819;14,11
6360;820;14,21
6362;817;13,91
6363;815;13,71
6364;816;13,81
6366;818;14,01
6367;816;13,81
6368;815;13,71
6370;815;13,71
6371;811;13,30
6372;807;12,90
6374;809;13,10
6375;808;13,00
6376;806;12,80
6378;809;13,10
6379;804;12,60
6380;805;12,70
6382;801;12,30
6383;801;12,30
6384;799;12,10
6386;803;12,50
6387;800;12,20
6388;799;12,10
6390;793;11,49
6391;797;11,89
6392;792;11,39
6394;791;11,29
6395;787;10,89
6396;789;11,09
6398;787;10,89
6400;784;10,59
6401;789;11,09
6403;788;10,99
6404;795;11,69
6405;790;11,19
6406;785;10,69
6408;792;11,39
6409;786;10,79
6410;785;10,69
6412;792;11,39
6413;796;11,79
6414;786;10,79
6416;787;10,89
6417;798;12,00
6418;796;11,79
6420;790;11,19
6421;795;11,69
6422;794;11,59
6424;795;11,69
6425;789;11,09
6426;788;10,99
6428;781;10,28
6429;779;10,08
6430;783;10,49
6432;781;10,28
6433;784;10,59
6434;777;9,88
6436;778;9,98
6437;778;9,98
6438;765;8,67
6439;768;8,98
6441;773;9,48
6443;763;8,47
6444;765;8,67
6445;768;8,98
6447;766;8,77
6448;760;8,17
6449;769;9,08
6450;764;8,57
6452;761;8,27
6453;759;8,07
6454;757;7,87
6455;759;8,07
6457;756;7,77
6458;754;7,57
6459;756;7,77
6460;756;7,77
6462;754;7,57
6463;756;7,77
6464;753;7,47
6465;751;7,26
6467;751;7,26
6468;755;7,67
6469;751;7,26
6470;753;7,47
6471;749;7,06
6473;751;7,26
6474;747;6,86
6475;745;6,66
6476;746;6,76
6478;744;6,56
6479;744;6,56
6480;742;6,36
6481;743;6,46
6483;746;6,76
6484;743;6,46
6486;743;6,46
6487;741;6,26
6489;739;6,06
6490;738;5,96
6491;739;6,06
6492;735;5,65
6494;733;5,45
6495;733;5,45
6496;733;5,45
6497;730;5,15
6499;729;5,05
6500;731;5,25
6501;733;5,45
6502;725;4,65
6504;724;4,55
6505;725;4,65
6506;725;4,65
6507;725;4,65
6509;723;4,45
6510;723;4,45
6511;726;4,75
6512;722;4,34
6514;723;4,45
6515;718;3,94
6516;720;4,14
6517;718;3,94
6519;718;3,94
6520;719;4,04
6521;718;3,94
6522;718;3,94
6524;717;3,84
6525;717;3,84
6526;719;4,04
6528;722;4,34
6530;719;4,04
6531;716;3,74
6532;719;4,04
6533;722;4,34
6535;719;4,04
6536;721;4,24
6537;718;3,94
6538;719;4,04
6539;720;4,14
6541;719;4,04
6542;722;4,34
6543;718;3,94
6544;720;4,14
6546;719;4,04
6547;719;4,04
6548;721;4,24
6549;724;4,55
6551;725;4,65
6552;724;4,55
6553;726;4,75
6554;728;4,95
6556;724;4,55
6557;730;5,15
6558;726;4,75
6559;727;4,85
6561;732;5,35
6562;729;5,05
6563;731;5,25
6564;728;4,95
6566;733;5,45
6567;731;5,25
6568;736;5,75
6569;733;5,45
6572;734;5,55
6573;735;5,65
6574;735;5,65
6575;742;6,36
6577;737;5,85
6578;738;5,96
6579;740;6,16
6580;747;6,86
6582;741;6,26
6583;744;6,56
6584;745;6,66
6585;746;6,76
6587;750;7,16
6588;746;6,76
6589;747;6,86
6590;751;7,26
6592;751;7,26
6593;752;7,36
6594;750;7,16
6595;751;7,26
6597;752;7,36
6598;754;7,57
6599;753;7,47
6600;754;7,57
6602;759;8,07
6603;756;7,77
6604;757;7,87
6605;757;7,87
6606;757;7,87
6608;763;8,47
6609;758;7,97
6610;758;7,97
6611;762;8,37
6614;761;8,27
6615;763;8,47
6616;767;8,87
6617;761;8,27
6619;762;8,37
6620;763;8,47
6621;769;9,08
6622;767;8,87
6624;768;8,98
6625;765;8,67
6626;766;8,77
6627;767;8,87
6629;770;9,18
6630;772;9,38
6631;771;9,28
6632;770;9,18
6634;772;9,38
6635;772;9,38
6636;772;9,38
6637;774;9,58
6639;779;10,08
6640;775;9,68
6641;777;9,88
6642;781;10,28
6644;779;10,08
6645;779;10,08
6646;780;10,18
6648;781;10,28
6649;786;10,79
6650;782;10,38
6652;785;10,69
6653;785;10,69
6654;789;11,09
6657;787;10,89
6658;790;11,19
6659;789;11,09
6661;789;11,09
6662;790;11,19
6663;789;11,09
6665;790;11,19
6666;792;11,39
6667;793;11,49
6669;793;11,49
6670;793;11,49
6671;795;11,69
6673;792;11,39
6674;798;12,00
6675;798;12,00
6677;794;11,59
6678;797;11,89
6679;795;11,69
6681;793;11,49
6682;792;11,39
6683;794;11,59
6685;795;11,69
6686;796;11,79
6687;798;12,00
6689;790;11,19
6690;788;10,99
6691;790;11,19
6693;787;10,89
6694;785;10,69
6695;788;10,99
6697;784;10,59
6699;786;10,79
6700;781;10,28
6702;782;10,38
6703;781;10,28
6704;779;10,08
6706;778;9,98
6707;778;9,98
6708;777;9,88
6709;778;9,98
6711;777;9,88
6712;779;10,08
6713;775;9,68
6714;774;9,58
6716;774;9,58
6717;775;9,68
6718;775;9,68
6719;779;10,08
6721;772;9,38
6722;778;9,98
6723;773;9,48
6724;774;9,58
6726;775;9,68
6727;774;9,58
6728;776;9,78
6729;779;10,08
6731;776;9,78
6732;778;9,98
6733;776;9,78
6734;785;10,69
6736;777;9,88
6737;780;10,18
6738;778;9,98
6740;780;10,18
6742;779;10,08
6743;781;10,28
6745;782;10,38
6746;780;10,18
6747;782;10,38
6749;782;10,38
6750;783;10,49
6751;783;10,49
6752;782;10,38
6754;783;10,49
6755;784;10,59
6756;784;10,59
6758;781;10,28
6759;784;10,59
6760;782;10,38
6762;783;10,49
6763;782;10,38
6764;780;10,18
6766;781;10,28
6767;781;10,28
6768;781;10,28
6770;779;10,08
6771;786;10,79
6772;780;10,18
6774;781;10,28
6775;778;9,98
6776;776;9,78
6778;775;9,68
6779;781;10,28
6780;778;9,98
6781;778;9,98
6784;777;9,88
6785;775;9,68
6786;777;9,88
6787;772;9,38
6789;772;9,38
6790;772;9,38
6791;771;9,28
6792;777;9,88
6794;772;9,38
6795;774;9,58
6796;776;9,78
6797;769;9,08
6799;767;8,87
6800;771;9,28
6801;767;8,87
6802;772;9,38
6804;766;8,77
6805;763;8,47
6806;767;8,87
6807;762;8,37
6809;768;8,98
6810;763;8,47
6811;763;8,47
6812;764;8,57
6814;762;8,37
6815;767;8,87
6816;767;8,87
6817;763;8,47
6819;761;8,27
6820;762;8,37
6821;764;8,57
6822;763;8,47
6823;761;8,27
6825;763;8,47
6827;763;8,47
6828;765;8,67
6829;766;8,77
6831;764;8,57
6832;762;8,37
6833;763;8,47
6834;763;8,47
6836;761;8,27
6837;763;8,47
6838;763;8,47
6839;763;8,47
6841;762;8,37
6842;763;8,47
6843;763;8,47
6844;764;8,57
6846;765;8,67
6847;764;8,57
6848;767;8,87
6849;763;8,47
6851;765;8,67
6852;764;8,57
6853;765;8,67
6854;764;8,57
6856;765;8,67
6857;762;8,37
6858;762;8,37
6859;762;8,37
6861;764;8,57
6862;763;8,47
6863;768;8,98
6864;761;8,27
6866;761;8,27
6867;760;8,17
6868;758;7,97
6870;759;8,07
6872;760;8,17
6873;758;7,97
6874;761;8,27
6875;761;8,27
6877;755;7,67
6878;755;7,67
6879;761;8,27
6880;763;8,47
6882;754;7,57
6883;753;7,47
6884;754;7,57
6885;753;7,47
6886;752;7,36
6888;751;7,26
6889;753;7,47
6890;750;7,16
6891;748;6,96
6893;752;7,36
6894;748;6,96
6895;747;6,86
6896;745;6,66
6898;746;6,76
6899;746;6,76
6900;750;7,16
6901;752;7,36
6903;744;6,56
6904;744;6,56
6905;745;6,66
6906;746;6,76
6908;744;6,56
6909;744;6,56
6910;743;6,46
6912;744;6,56
6914;749;7,06
6915;745;6,66
6916;746;6,76
6917;746;6,76
6919;743;6,46
6920;743;6,46
6921;744;6,56
6922;742;6,36
6924;745;6,66
6925;742;6,36
6926;745;6,66
6927;745;6,66
6929;745;6,66
6930;744;6,56
6931;746;6,76
6932;749;7,06
6934;745;6,66
6935;745;6,66
6936;749;7,06
6937;747;6,86
6939;747;6,86
6940;749;7,06
6941;746;6,76
6942;744;6,56
6944;747;6,86
6945;746;6,76
6946;746;6,76
6947;749;7,06
6949;748;6,96
6950;746;6,76
6951;747;6,86
6952;751;7,26
6953;747;6,86
6956;750;7,16
6957;747;6,86
6958;747;6,86
6959;746;6,76
6961;747;6,86
6962;746;6,76
6963;747;6,86
6964;748;6,96
6966;749;7,06
6967;749;7,06
6968;750;7,16
6969;747;6,86
6971;749;7,06
6972;752;7,36
6973;748;6,96
6974;749;7,06
6976;751;7,26
6977;749;7,06
6978;750;7,16
6979;749;7,06
6981;750;7,16
6982;749;7,06
6983;750;7,16
6984;749;7,06
6986;752;7,36
6987;750;7,16
6988;751;7,26
6989;751;7,26
6991;753;7,47
6992;751;7,26
6993;751;7,26
6994;754;7,57
6996;752;7,36
6998;751;7,26
6999;754;7,57
7000;752;7,36
7002;754;7,57
7003;754;7,57
7004;755;7,67
7005;760;8,17
7007;756;7,77
7008;755;7,67
7009;755;7,67
7010;756;7,77
7012;757;7,87
7013;756;7,77
7014;754;7,57
7015;755;7,67
7016;756;7,77
7018;757;7,87
7019;755;7,67
7020;755;7,67
7021;755;7,67
7023;756;7,77
7024;756;7,77
7025;757;7,87
7026;756;7,77
7028;757;7,87
7029;757;7,87
7030;758;7,97
7031;761;8,27
7033;758;7,97
7034;758;7,97
7035;759;8,07
7036;759;8,07
7038;756;7,77
7040;757;7,87
7041;757;7,87
7042;759;8,07
7044;757;7,87
7045;757;7,87
7046;758;7,97
7047;757;7,87
7049;757;7,87
7050;757;7,87
7051;757;7,87
7052;757;7,87
7054;757;7,87
7055;755;7,67
7056;756;7,77
7057;757;7,87
7059;759;8,07
7060;757;7,87
7061;756;7,77
7062;757;7,87
7064;755;7,67
7065;755;7,67
7066;754;7,57
7067;754;7,57
7069;753;7,47
7070;755;7,67
7071;759;8,07
7072;756;7,77
7074;754;7,57
7075;755;7,67
7076;756;7,77
7077;754;7,57
7078;756;7,77
7080;754;7,57
7081;757;7,87
7083;757;7,87
7084;755;7,67
7086;755;7,67
7087;757;7,87
7088;757;7,87
7089;757;7,87
7091;755;7,67
7092;757;7,87
7093;761;8,27
7094;759;8,07
7096;758;7,97
7097;758;7,97
7098;758;7,97
7099;758;7,97
7101;759;8,07
7102;758;7,97
7103;759;8,07
7104;758;7,97
7106;761;8,27
7107;761;8,27
7108;761;8,27
7109;761;8,27
7111;760;8,17
7112;759;8,07
7113;761;8,27
7114;759;8,07
7116;760;8,17
7117;759;8,07
7118;759;8,07
7119;759;8,07
7121;761;8,27
7122;759;8,07
7123;761;8,27
7124;758;7,97
7127;758;7,97
7128;758;7,97
7129;759;8,07
7130;761;8,27
7132;759;8,07
7133;758;7,97
7134;758;7,97
7135;757;7,87
7137;758;7,97
7138;759;8,07
7139;757;7,87
7140;757;7,87
7142;759;8,07
7143;759;8,07
7144;759;8,07
7145;759;8,07
7146;761;8,27
7148;758;7,97
7149;760;8,17
7150;758;7,97
7151;763;8,47
7153;761;8,27
7154;762;8,37
7155;764;8,57
7156;763;8,47
7158;764;8,57
7159;764;8,57
7160;765;8,67
7161;768;8,98
7163;770;9,18
7164;770;9,18
7165;767;8,87
7166;767;8,87
7169;766;8,77
7170;767;8,87
7171;767;8,87
7172;764;8,57
7174;765;8,67
7175;764;8,57
7176;764;8,57
7177;763;8,47
7179;763;8,47
7180;762;8,37
7181;763;8,47
7182;763;8,47
7184;765;8,67
7185;762;8,37
7186;761;8,27
7187;760;8,17
7189;760;8,17
7190;761;8,27
7191;760;8,17
7192;760;8,17
7194;759;8,07
7195;759;8,07
7196;759;8,07
7197;759;8,07
7199;760;8,17
7200;758;7,97
7201;759;8,07
7202;761;8,27
7204;758;7,97
7205;758;7,97
7206;759;8,07
7207;760;8,17
7209;762;8,37
7211;762;8,37
7212;761;8,27
7213;763;8,47
7214;767;8,87
7216;763;8,47
7217;766;8,77
7218;764;8,57
7219;763;8,47
7221;767;8,87
7222;767;8,87
7223;765;8,67
7224;766;8,77
7226;768;8,98
7227;768;8,98
7228;771;9,28
7229;769;9,08
7231;773;9,48
7232;769;9,08
7233;771;9,28
7234;770;9,18
7236;772;9,38
7237;770;9,18
7238;771;9,28
7239;770;9,18
7241;770;9,18
7242;771;9,28
7243;772;9,38
7244;770;9,18
7246;772;9,38
7247;768;8,98
7248;768;8,98
7249;767;8,87
7251;770;9,18
7252;767;8,87
7254;769;9,08
7255;766;8,77
7257;770;9,18
7258;766;8,77
7259;766;8,77
7260;765;8,67
7262;765;8,67
7263;767;8,87
7264;764;8,57
7265;769;9,08
7267;767;8,87
7268;769;9,08
7269;769;9,08
7270;767;8,87
7272;776;9,78
7273;769;9,08
7274;768;8,98
7275;769;9,08
7276;769;9,08
7278;769;9,08
7279;770;9,18
7280;772;9,38
7281;771;9,28
7283;773;9,48
7284;771;9,28
7285;773;9,48
7286;770;9,18
7288;771;9,28
7289;771;9,28
7290;769;9,08
7291;774;9,58
7293;769;9,08
7294;770;9,18
7296;767;8,87
7297;767;8,87
7299;767;8,87
7300;769;9,08
7301;767;8,87
7302;767;8,87
7304;765;8,67
7305;767;8,87
7306;767;8,87
7307;767;8,87
7309;769;9,08
7310;766;8,77
7311;764;8,57
7312;765;8,67
7314;764;8,57
7315;766;8,77
7316;766;8,77
7317;770;9,18
7319;769;9,08
7320;765;8,67
7321;765;8,67
7322;767;8,87
7324;765;8,67
7325;766;8,77
7326;768;8,98
7327;766;8,77
7329;769;9,08
7330;771;9,28
7331;768;8,98
7332;770;9,18
7334;770;9,18
7335;772;9,38
7336;772;9,38
7337;772;9,38
7340;774;9,58
7341;773;9,48
7342;774;9,58
7343;772;9,38
7344;772;9,38
7346;775;9,68
7347;774;9,58
7348;773;9,48
7349;773;9,48
7351;777;9,88
7352;773;9,48
7353;774;9,58
7354;773;9,48
7356;772;9,38
7357;771;9,28
7358;769;9,08
7359;769;9,08
7361;772;9,38
7362;771;9,28
7363;771;9,28
7364;767;8,87
7366;770;9,18
7367;767;8,87
7368;764;8,57
7369;765;8,67
7371;764;8,57
7372;765;8,67
7373;765;8,67
7374;764;8,57
7376;764;8,57
7377;763;8,47
7378;762;8,37
7379;763;8,47
7382;762;8,37
7383;762;8,37
7384;763;8,47
7385;764;8,57
7387;766;8,77
7388;764;8,57
7389;765;8,67
7390;767;8,87
7392;765;8,67
7393;767;8,87
7394;767;8,87
7395;767;8,87
7397;767;8,87
7398;768;8,98
7399;769;9,08
7400;769;9,08
7402;770;9,18
7403;770;9,18
7404;773;9,48
7405;770;9,18
7407;772;9,38
7408;769;9,08
7409;772;9,38
7410;771;9,28
7411;772;9,38
7413;770;9,18
7414;771;9,28
7415;771;9,28
7416;770;9,18
7418;773;9,48
7419;772;9,38
7420;773;9,48
7421;771;9,28
7424;778;9,98
7425;771;9,28
7426;773;9,48
7427;769;9,08
7429;770;9,18
7430;769;9,08
7431;769;9,08
7432;769;9,08
7434;771;9,28
7435;767;8,87
7436;771;9,28
7437;770;9,18
7439;769;9,08
7440;769;9,08
7441;767;8,87
7442;767;8,87
7444;769;9,08
7445;770;9,18
7446;765;8,67
7447;768;8,98
7449;770;9,18
7450;766;8,77
7451;766;8,77
7452;766;8,77
7454;767;8,87
7455;769;9,08
7456;767;8,87
7457;770;9,18
7459;768;8,98
7460;768;8,98
7461;768;8,98
7462;774;9,58
7464;770;9,18
7465;770;9,18
7467;770;9,18
7468;773;9,48
7470;772;9,38
7471;773;9,48
7472;773;9,48
7473;772;9,38
7474;772;9,38
7476;773;9,48
7477;774;9,58
7478;774;9,58
7479;772;9,38
7481;771;9,28
7482;773;9,48
7483;772;9,38
7484;771;9,28
7486;771;9,28
7487;771;9,28
7488;770;9,18
7489;770;9,18
7491;768;8,98
7492;769;9,08
7493;774;9,58
7494;770;9,18
7496;765;8,67
7497;767;8,87
7498;767;8,87
7499;767;8,87
7501;766;8,77
7502;768;8,98
7503;769;9,08
7504;764;8,57
7506;765;8,67
7507;765;8,67
7508;767;8,87
7510;765;8,67
7512;765;8,67
7513;765;8,67
7514;762;8,37
7515;764;8,57
7517;764;8,57
7518;768;8,98
7519;764;8,57
7520;762;8,37
7522;770;9,18
7523;764;8,57
7524;764;8,57
7525;763;8,47
7527;767;8,87
7528;767;8,87
7529;766;8,77
7530;767;8,87
7532;769;9,08
7533;767;8,87
7534;768;8,98
7535;769;9,08
7537;767;8,87
7538;775;9,68
7539;769;9,08
7540;770;9,18
7541;769;9,08
7543;772;9,38
7544;772;9,38
7545;773;9,48
7546;770;9,18
7548;774;9,58
7549;771;9,28
7550;768;8,98
7552;768;8,98
7554;770;9,18
7555;769;9,08
7556;770;9,18
7557;769;9,08
7559;767;8,87
7560;771;9,28
7561;768;8,98
7562;767;8,87
7564;769;9,08
7565;774;9,58
7566;767;8,87
7567;767;8,87
7569;766;8,77
7570;772;9,38
7571;768;8,98
7572;768;8,98
7574;767;8,87
7575;770;9,18
7576;769;9,08
7577;767;8,87
7579;771;9,28
7580;769;9,08
7581;769;9,08
7582;773;9,48
7584;769;9,08
7585;771;9,28
7586;774;9,58
7587;773;9,48
7589;771;9,28
7590;767;8,87
7591;770;9,18
7592;772;9,38
7595;767;8,87
7596;770;9,18
7597;772;9,38
7598;770;9,18
7600;770;9,18
7601;769;9,08
7602;770;9,18
7603;772;9,38
7604;775;9,68
7606;772;9,38
7607;771;9,28
7608;775;9,68
7609;773;9,48
7611;774;9,58
7612;774;9,58
7613;772;9,38
7614;773;9,48
7616;776;9,78
7617;774;9,58
7618;774;9,58
7619;779;10,08
7621;777;9,88
7622;781;10,28
7623;779;10,08
7625;776;9,78
7626;777;9,88
7627;776;9,78
7628;776;9,78
7630;781;10,28
7631;773;9,48
7632;773;9,48
7633;775;9,68
7635;776;9,78
7636;775;9,68
7638;774;9,58
7639;773;9,48
7641;773;9,48
7642;772;9,38
7643;773;9,48
7644;775;9,68
7646;775;9,68
7647;774;9,58
7648;774;9,58
7649;774;9,58
7651;774;9,58
7652;774;9,58
7653;777;9,88
7654;780;10,18
7656;773;9,48
7657;777;9,88
7658;780;10,18
7660;774;9,58
7661;779;10,08
7662;775;9,68
7663;776;9,78
7665;776;9,78
7666;775;9,68
7667;775;9,68
7668;779;10,08
7670;772;9,38
7671;774;9,58
7672;772;9,38
7673;771;9,28
7675;772;9,38
7676;773;9,48
7677;773;9,48
7678;775;9,68
7681;776;9,78
7682;771;9,28
7683;772;9,38
7684;775;9,68
7686;771;9,28
7687;772;9,38
7688;772;9,38
7689;769;9,08
7691;770;9,18
7692;769;9,08
7693;771;9,28
7694;773;9,48
7696;769;9,08
7697;767;8,87
7698;767;8,87
7699;768;8,98
7701;769;9,08
7702;770;9,18
7703;768;8,98
7704;769;9,08
7706;764;8,57
7707;765;8,67
7708;765;8,67
7709;767;8,87
7711;767;8,87
7712;769;9,08
7713;771;9,28
7714;767;8,87
7715;771;9,28
7717;770;9,18
7718;769;9,08
7719;766;8,77
7720;766;8,77
7723;768;8,98
7724;769;9,08
7725;767;8,87
7726;767;8,87
7728;768;8,98
7729;768;8,98
7730;773;9,48
7731;768;8,98
7733;768;8,98
7734;766;8,77
7735;770;9,18
7736;770;9,18
7738;767;8,87
7739;767;8,87
7740;769;9,08
7741;770;9,18
7743;768;8,98
7744;771;9,28
7745;767;8,87
7746;766;8,77
7748;766;8,77
7749;764;8,57
7750;766;8,77
7751;765;8,67
7753;766;8,77
7754;764;8,57
7755;767;8,87
7756;764;8,57
7758;763;8,47
7759;765;8,67
7760;763;8,47
7761;762;8,37
7763;762;8,37
7764;766;8,77
7766;761;8,27
7767;761;8,27
7769;763;8,47
7770;762;8,37
7771;762;8,37
7772;762;8,37
7774;764;8,57
7775;760;8,17
7776;764;8,57
7777;761;8,27
7778;764;8,57
7780;759;8,07
7781;760;8,17
7782;760;8,17
7783;762;8,37
7785;764;8,57
7786;760;8,17
7787;760;8,17
7788;760;8,17
7790;762;8,37
7791;762;8,37
7792;761;8,27
7793;761;8,27
7795;761;8,27
7796;765;8,67
7797;762;8,37
7798;762;8,37
7800;762;8,37
7801;766;8,77
7802;762;8,37
7803;762;8,37
7805;761;8,27
7806;765;8,67
7808;763;8,47
7809;762;8,37
7811;762;8,37
7812;761;8,27
7813;763;8,47
7814;762;8,37
7816;764;8,57
7817;763;8,47
7818;763;8,47
7819;766;8,77
7821;765;8,67
7822;766;8,77
7823;763;8,47
7824;762;8,37
7826;769;9,08
7827;762;8,37
7828;767;8,87
7829;770;9,18
7831;765;8,67
7832;762;8,37
7833;766;8,77
7834;761;8,27
7836;763;8,47
7837;762;8,37
7838;766;8,77
7839;764;8,57
7841;760;8,17
7842;762;8,37
7843;759;8,07
7844;761;8,27
7845;758;7,97
7847;757;7,87
7848;764;8,57
7849;761;8,27
7851;758;7,97
7853;761;8,27
7854;760;8,17
7855;766;8,77
7856;760;8,17
7858;758;7,97
7859;764;8,57
7860;760;8,17
7861;762;8,37
7863;763;8,47
7864;758;7,97
7865;762;8,37
7866;765;8,67
7868;757;7,87
7869;757;7,87
7870;762;8,37
7871;756;7,77
7873;758;7,97
7874;763;8,47
7875;757;7,87
7876;759;8,07
7878;761;8,27
7879;762;8,37
7880;762;8,37
7881;761;8,27
7883;762;8,37
7884;760;8,17
7885;764;8,57
7886;762;8,37
7888;761;8,27
7889;760;8,17
7890;764;8,57
7891;761;8,27
7894;762;8,37
7895;762;8,37
7896;762;8,37
7897;772;9,38
7899;764;8,57
7900;770;9,18
7901;766;8,77
7902;767;8,87
7904;766;8,77
7905;768;8,98
7906;764;8,57
7907;767;8,87
7908;768;8,98
7910;767;8,87
7911;769;9,08
7912;769;9,08
7913;771;9,28
7915;771;9,28
7916;769;9,08
7917;769;9,08
7918;771;9,28
7920;770;9,18
7921;771;9,28
7922;770;9,18
7923;772;9,38
7925;769;9,08
7926;769;9,08
7927;769;9,08
7928;773;9,48
7930;772;9,38
7931;773;9,48
7932;774;9,58
7933;773;9,48
7936;767;8,87
7937;768;8,98
7938;769;9,08
7939;768;8,98
7941;770;9,18
7942;770;9,18
7943;768;8,98
7944;771;9,28
7946;770;9,18
7947;770;9,18
7948;769;9,08
7949;770;9,18
7951;771;9,28
7952;772;9,38
7953;770;9,18
7954;772;9,38
7956;772;9,38
7957;772;9,38
7958;773;9,48
7959;773;9,48
7961;776;9,78
7962;774;9,58
7963;775;9,68
7964;775;9,68
7966;780;10,18
7967;779;10,08
7968;778;9,98
7969;779;10,08
7971;780;10,18
7972;782;10,38
7973;781;10,28
7975;786;10,79
7976;782;10,38
7977;783;10,49
7980;787;10,89
7981;784;10,59
7982;786;10,79
7984;786;10,79
7985;789;11,09
7986;789;11,09
7988;794;11,59
7989;791;11,29
7990;791;11,29
7992;796;11,79
7993;793;11,49
7994;794;11,59
7996;794;11,59
7997;795;11,69
7998;796;11,79
8000;796;11,79
8001;797;11,89
8002;797;11,89
8004;799;12,10
8005;803;12,50
8006;799;12,10
8008;801;12,30
8009;801;12,30
8010;802;12,40
8012;803;12,50
8013;803;12,50
8014;804;12,60
8016;805;12,70
8017;807;12,90
8018;805;12,70
8020;807;12,90
8022;807;12,90
8023;807;12,90
8025;808;13,00
8026;811;13,30
8027;813;13,51
8029;814;13,61
8030;810;13,20
8031;813;13,51
8033;814;13,61
8034;815;13,71
8035;815;13,71
8036;816;13,81
8038;817;13,91
8039;817;13,91
8040;818;14,01
8042;819;14,11
8043;818;14,01
8044;821;14,31
8046;819;14,11
8047;821;14,31
8048;823;14,51
8050;822;14,41
8051;822;14,41
8052;822;14,41
8054;821;14,31
8055;820;14,21
8056;827;14,91
8058;823;14,51
8059;826;14,81
8060;823;14,51
8062;823;14,51
8064;826;14,81
8065;825;14,71
8067;824;14,61
8068;830;15,22
8069;828;15,02
8071;826;14,81
8072;831;15,32
8073;831;15,32
8075;828;15,02
8076;829;15,12
8077;829;15,12
8079;829;15,12
8080;830;15,22
8081;831;15,32
8083;831;15,32
8084;832;15,42
8085;833;15,52
8087;834;15,62
8088;836;15,82
8089;838;16,02
8091;836;15,82
8092;836;15,82
8093;836;15,82
8095;840;16,22
8096;838;16,02
8097;838;16,02
8099;840;16,22
8100;841;16,32
8101;842;16,42
8103;843;16,53
8104;841;16,32
8105;845;16,73
8108;842;16,42
8109;841;16,32
8110;847;16,93
8112;841;16,32
8113;843;16,53
8114;844;16,63
8116;843;16,53
8117;845;16,73
8118;844;16,63
8120;847;16,93
8121;844;16,63
8122;845;16,73
8123;844;16,63
8125;844;16,63
8126;842;16,42
8127;849;17,13
8129;843;16,53
8130;846;16,83
8131;842;16,42
8133;841;16,32
8134;840;16,22
8135;847;16,93
8137;840;16,22
8138;844;16,63
8139;841;16,32
8141;839;16,12
8142;838;16,02
8143;839;16,12
8145;835;15,72
8146;834;15,62
8147;834;15,62
8150;836;15,82
8151;839;16,12
8152;832;15,42
8154;834;15,62
8155;830;15,22
8156;830;15,22
8158;830;15,22
8159;832;15,42
8160;830;15,22
8162;832;15,42
8163;829;15,12
8164;829;15,12
8166;836;15,82
8167;830;15,22
8168;831;15,32
8170;832;15,42
8171;833;15,52
8172;830;15,22
8174;831;15,32
8175;839;16,12
8176;832;15,42
8178;831;15,32
8179;828;15,02
8180;827;14,91
8182;823;14,51
8183;823;14,51
8184;821;14,31
8186;829;15,12
8187;823;14,51
8188;818;14,01
8190;818;14,01
8192;819;14,11
8193;818;14,01
8195;818;14,01
8196;817;13,91
8197;815;13,71
8199;815;13,71
8200;813;13,51
8201;814;13,61
8203;814;13,61
8204;814;13,61
8205;815;13,71
8207;812;13,40
8208;816;13,81
8209;814;13,61
8210;813;13,51
8212;814;13,61
8213;817;13,91
8214;817;13,91
8216;819;14,11
8217;817;13,91
8218;822;14,41
8220;817;13,91
8221;817;13,91
8222;817;13,91
8224;815;13,71
8225;816;13,81
8226;816;13,81
8228;815;13,71
8229;817;13,91
8230;816;13,81
8232;813;13,51
8233;812;13,40
8235;811;13,30
8237;810;13,20
8238;810;13,20
8239;810;13,20
8241;808;13,00
8242;809;13,10
8243;811;13,30
8245;810;13,20
8246;809;13,10
8247;807;12,90
8249;811;13,30
8250;812;13,40
8251;809;13,10
8253;809;13,10
8254;810;13,20
8255;807;12,90
8257;810;13,20
8258;809;13,10
8259;808;13,00
8261;813;13,51
8262;808;13,00
8263;800;12,20
8265;806;12,80
8266;814;13,61
8267;806;12,80
8269;798;12,00
8270;807;12,90
8271;804;12,60
8273;808;13,00
8274;804;12,60
8275;803;12,50
8278;806;12,80
8279;804;12,60
8280;806;12,80
8282;807;12,90
8283;804;12,60
8284;810;13,20
8286;808;13,00
8287;805;12,70
8288;812;13,40
8290;806;12,80
8291;806;12,80
8292;809;13,10
8294;803;12,50
8295;801;12,30
8296;806;12,80
8297;807;12,90
8299;804;12,60
8300;805;12,70
8301;806;12,80
8303;807;12,90
8304;807;12,90
8305;802;12,40
8307;805;12,70
8308;802;12,40
8309;798;12,00
8311;800;12,20
8312;803;12,50
8313;798;12,00
8315;800;12,20
8316;796;11,79
8317;794;11,59
8320;793;11,49
8321;798;12,00
8322;793;11,49
8324;795;11,69
8325;795;11,69
8326;793;11,49
8328;790;11,19
8329;790;11,19
8330;791;11,29
8332;794;11,59
8333;798;12,00
8334;792;11,39
8336;794;11,59
8337;794;11,59
8338;795;11,69
8340;797;11,89
8341;796;11,79
8342;799;12,10
8344;797;11,89
8345;796;11,79
8346;803;12,50
8348;800;12,20
8349;799;12,10
8350;802;12,40
8352;807;12,90
8353;809;13,10
8354;811;13,30
8356;805;12,70
8357;806;12,80
8358;805;12,70
8360;806;12,80
8361;811;13,30
8363;806;12,80
8365;802;12,40
8366;801;12,30
8367;802;12,40
8369;800;12,20
8370;798;12,00
8371;797;11,89
8373;795;11,69
8374;794;11,59
8375;797;11,89
8377;797;11,89
8378;791;11,29
8379;793;11,49
8381;791;11,29
8382;786;10,79
8383;788;10,99
8385;784;10,59
8386;784;10,59
8387;785;10,69
8388;787;10,89
8390;784;10,59
8391;786;10,79
8392;787;10,89
8394;787;10,89
8395;788;10,99
8396;790;11,19
8398;791;11,29
8399;796;11,79
8400;794;11,59
8402;797;11,89
8403;799;12,10
8404;798;12,00
8407;799;12,10
8408;801;12,30
8409;803;12,50
8411;802;12,40
8412;802;12,40
8413;801;12,30
8415;803;12,50
8416;803;12,50
8417;799;12,10
8419;800;12,20
8420;798;12,00
8421;797;11,89
8423;798;12,00
8424;796;11,79
8425;792;11,39
8427;788;10,99
8428;791;11,29
8429;786;10,79
8431;787;10,89
8432;787;10,89
8433;782;10,38
8435;784;10,59
8436;781;10,28
8437;781;10,28
8439;781;10,28
8440;784;10,59
8441;779;10,08
8443;783;10,49
8444;777;9,88
8445;776;9,78
8446;776;9,78
8449;778;9,98
8450;776;9,78
8451;775;9,68
8452;777;9,88
8454;774;9,58
8455;778;9,98
8456;773;9,48
8457;776;9,78
8459;773;9,48
8460;774;9,58
8461;774;9,58
8462;774;9,58
8464;772;9,38
8465;777;9,88
8466;776;9,78
8467;776;9,78
8469;775;9,68
8470;776;9,78
8471;776;9,78
8472;776;9,78
8474;777;9,88
8475;776;9,78
8476;777;9,88
8477;777;9,88
8479;777;9,88
8480;777;9,88
8481;777;9,88
8482;776;9,78
8484;778;9,98
8485;776;9,78
8486;780;10,18
8487;774;9,58
8489;774;9,58
8491;773;9,48
8492;769;9,08
8493;767;8,87
8495;767;8,87
8496;763;8,47
8497;762;8,37
8498;762;8,37
8500;761;8,27
8501;763;8,47
8502;764;8,57
8503;762;8,37
8505;758;7,97
8506;760;8,17
8507;761;8,27
8508;760;8,17
8510;759;8,07
8511;759;8,07
8512;761;8,27
8513;762;8,37
8515;758;7,97
8516;759;8,07
8517;759;8,07
8518;761;8,27
8519;758;7,97
8521;759;8,07
8522;760;8,17
8523;759;8,07
8524;760;8,17
8526;759;8,07
8527;760;8,17
8528;757;7,87
8529;756;7,77
8531;758;7,97
8532;758;7,97
8534;756;7,77
8535;755;7,67
8537;756;7,77
8538;752;7,36
8539;754;7,57
8540;757;7,87
8542;752;7,36
8543;754;7,57
8544;752;7,36
8545;756;7,77
8547;754;7,57
8548;754;7,57
8549;754;7,57
8550;754;7,57
8552;754;7,57
8553;753;7,47
8554;759;8,07
8555;754;7,57
8557;753;7,47
8558;752;7,36
8559;756;7,77
8560;756;7,77
8562;753;7,47
8563;754;7,57
8564;751;7,26
8565;753;7,47
8567;753;7,47
8568;751;7,26
8569;751;7,26
8570;751;7,26
8572;751;7,26
8573;750;7,16
8574;752;7,36
8576;751;7,26
8578;753;7,47
8579;753;7,47
8580;749;7,06
8581;751;7,26
8582;749;7,06
8584;751;7,26
8585;749;7,06
8586;751;7,26
8587;749;7,06
8589;750;7,16
8590;750;7,16
8591;750;7,16
8592;749;7,06
8594;753;7,47
8595;751;7,26
8596;750;7,16
8597;752;7,36
8599;750;7,16
8600;750;7,16
8601;750;7,16
8602;751;7,26
8604;750;7,16
8605;758;7,97
8606;755;7,67
8607;754;7,57
8609;754;7,57
8610;753;7,47
8611;753;7,47
8612;754;7,57
8614;749;7,06
8615;751;7,26
8616;749;7,06
8617;752;7,36
8620;754;7,57
8621;754;7,57
8622;753;7,47
8623;756;7,77
8625;759;8,07
8626;759;8,07
8627;757;7,87
8628;764;8,57
8630;761;8,27
8631;762;8,37
8632;764;8,57
8633;762;8,37
8635;758;7,97
8636;763;8,47
8637;762;8,37
8638;761;8,27
8640;762;8,37
8641;761;8,27
8642;764;8,57
8643;764;8,57
8645;771;9,28
8646;765;8,67
8647;772;9,38
8648;767;8,87
8649;769;9,08
8651;775;9,68
8652;773;9,48
8653;770;9,18
8654;770;9,18
8656;770;9,18
8657;772;9,38
8658;779;10,08
8660;772;9,38
8662;773;9,48
8663;777;9,88
8664;773;9,48
8666;775;9,68
8667;774;9,58
8668;775;9,68
8669;776;9,78
8670;776;9,78
8672;776;9,78
8673;776;9,78
8674;776;9,78
8675;780;10,18
8677;781;10,28
8678;776;9,78
8679;776;9,78
8681;777;9,88
8682;777;9,88
8683;779;10,08
8684;777;9,88
8686;779;10,08
8687;781;10,28
8688;776;9,78
8690;776;9,78
8691;774;9,58
8692;779;10,08
8693;774;9,58
8695;774;9,58
8696;777;9,88
8697;774;9,58
8698;775;9,68
8700;777;9,88
8701;775;9,68
8702;779;10,08
8704;773;9,48
8706;775;9,68
8707;778;9,98
8708;779;10,08
8710;775;9,68
8711;780;10,18
8712;781;10,28
8713;781;10,28
8715;777;9,88
8716;775;9,68
8717;776;9,78
8718;776;9,78
8720;775;9,68
8721;776;9,78
8722;776;9,78
8723;777;9,88
8725;778;9,98
8726;776;9,78
8727;775;9,68
8728;776;9,78
8730;778;9,98
8731;777;9,88
8732;776;9,78
8733;775;9,68
8735;779;10,08
8736;776;9,78
8737;781;10,28
8739;776;9,78
8740;777;9,88
8741;774;9,58
8742;776;9,78
8744;774;9,58
8745;773;9,48
8747;774;9,58
8748;774;9,58
8750;775;9,68
8751;773;9,48
8752;777;9,88
8753;773;9,48
8754;772;9,38
8756;774;9,58
8757;772;9,38
8758;773;9,48
8759;777;9,88
8761;770;9,18
8762;770;9,18
8763;771;9,28
8764;767;8,87
8766;769;9,08
8767;768;8,98
8768;771;9,28
8769;769;9,08
8771;771;9,28
8772;769;9,08
8773;767;8,87
8774;773;9,48
8776;771;9,28
8777;766;8,77
8778;772;9,38
8779;771;9,28
8781;767;8,87
8782;772;9,38
8783;770;9,18
8784;767;8,87
8786;768;8,98
8787;768;8,98
8788;769;9,08
8790;772;9,38
8792;770;9,18
8793;769;9,08
8794;771;9,28
8795;774;9,58
8797;768;8,98
8798;778;9,98
8799;770;9,18
8800;773;9,48
8802;770;9,18
8803;769;9,08
8804;767;8,87
8805;769;9,08
8807;767;8,87
8808;771;9,28
8809;770;9,18
8810;768;8,98
8812;769;9,08
8813;771;9,28
8814;769;9,08
8815;769;9,08
8817;773;9,48
8818;772;9,38
8819;769;9,08
8820;767;8,87
8821;767;8,87
8823;769;9,08
8824;768;8,98
8825;769;9,08
8826;770;9,18
8828;771;9,28
8829;773;9,48
8830;766;8,77
8832;769;9,08
8834;767;8,87
8835;767;8,87
8836;767;8,87
8837;767;8,87
8839;771;9,28
8840;770;9,18
8841;767;8,87
8842;769;9,08
8844;768;8,98
8845;767;8,87
8846;767;8,87
8847;770;9,18
8849;769;9,08
8850;770;9,18
8851;767;8,87
8852;770;9,18
8854;771;9,28
8855;767;8,87
8856;770;9,18
8857;770;9,18
8859;772;9,38
8860;768;8,98
8861;766;8,77
8862;769;9,08
8864;767;8,87
8865;766;8,77
8866;769;9,08
8867;767;8,87
8869;766;8,77
8870;767;8,87
8871;772;9,38
8872;766;8,77
8875;765;8,67
8876;770;9,18
8877;766;8,77
8878;764;8,57
8880;771;9,28
8881;765;8,67
8882;765;8,67
8883;768;8,98
8885;765;8,67
8886;766;8,77
8887;769;9,08
8888;769;9,08
8889;766;8,77
8891;765;8,67
8892;768;8,98
8893;769;9,08
8894;766;8,77
8896;770;9,18
8897;766;8,77
8898;767;8,87
8899;772;9,38
8901;767;8,87
8902;768;8,98
8903;766;8,77
8904;771;9,28
8906;771;9,28
8907;771;9,28
8908;768;8,98
8909;769;9,08
8911;771;9,28
8912;767;8,87
8913;769;9,08
8914;768;8,98
8916;770;9,18
8918;770;9,18
8919;769;9,08
8920;771;9,28
8922;773;9,48
8923;768;8,98
8924;773;9,48
8925;769;9,08
8927;770;9,18
8928;773;9,48
8929;770;9,18
8930;768;8,98
8932;770;9,18
8933;773;9,48
8934;768;8,98
8935;771;9,28
8937;767;8,87
8938;768;8,98
8939;767;8,87
8940;769;9,08
8942;765;8,67
8943;768;8,98
8944;769;9,08
8945;764;8,57
8947;770;9,18
8948;764;8,57
8949;765;8,67
8950;763;8,47
8952;763;8,47
8953;768;8,98
8954;763;8,47
8955;763;8,47
8956;765;8,67
8958;761;8,27
8960;764;8,57
8961;762;8,37
8962;763;8,47
8964;765;8,67
8965;766;8,77
8966;763;8,47
8967;766;8,77
8969;767;8,87
8970;763;8,47
8971;766;8,77
8972;764;8,57
8974;763;8,47
8975;763;8,47
8976;764;8,57
8977;765;8,67
8979;764;8,57
8980;769;9,08
8981;767;8,87
8982;766;8,77
8984;765;8,67
8985;767;8,87
8986;765;8,67
8987;766;8,77
8989;766;8,77
8990;767;8,87
8991;767;8,87
8992;773;9,48
8994;767;8,87
8995;771;9,28
8996;765;8,67
8997;765;8,67
8999;769;9,08
9000;773;9,48
9001;770;9,18
9003;766;8,77
9005;766;8,77
9006;764;8,57
9007;765;8,67
9008;763;8,47
9010;765;8,67
9011;765;8,67
9012;766;8,77
9013;764;8,57
9015;763;8,47
9016;765;8,67
9017;765;8,67
9018;765;8,67
9019;765;8,67
9021;766;8,77
9022;762;8,37
9023;759;8,07
9024;762;8,37
9026;761;8,27
9027;760;8,17
9028;766;8,77
9029;769;9,08
9031;762;8,37
9032;762;8,37
9033;761;8,27
9034;762;8,37
9036;761;8,27
9037;771;9,28
9038;771;9,28
9039;761;8,27
9041;761;8,27
9042;765;8,67
9043;768;8,98
9044;759;8,07
9047;760;8,17
9048;762;8,37
9049;769;9,08
9050;762;8,37
9052;763;8,47
9053;762;8,37
9054;763;8,47
9055;761;8,27
9057;761;8,27
9058;770;9,18
9059;764;8,57
9060;764;8,57
9062;765;8,67
9063;767;8,87
9064;764;8,57
9065;769;9,08
9067;762;8,37
9068;767;8,87
9069;769;9,08
9070;766;8,77
9072;761;8,27
9073;767;8,87
9074;764;8,57
9075;765;8,67
9077;761;8,27
9078;760;8,17
9079;760;8,17
9080;765;8,67
9082;760;8,17
9083;760;8,17
9084;764;8,57
9085;762;8,37
9086;766;8,77
9089;760;8,17
9090;767;8,87
9091;760;8,17
9092;763;8,47
9094;762;8,37
9095;759;8,07
9096;758;7,97
9097;758;7,97
9099;758;7,97
9100;758;7,97
9101;758;7,97
9102;759;8,07
9104;760;8,17
9105;762;8,37
9106;761;8,27
9107;763;8,47
9109;757;7,87
9110;758;7,97
9111;759;8,07
9112;758;7,97
9114;762;8,37
9115;761;8,27
9116;760;8,17
9117;759;8,07
9119;758;7,97
9120;764;8,57
9121;762;8,37
9122;758;7,97
9124;759;8,07
9125;758;7,97
9126;760;8,17
9127;759;8,07
9129;760;8,17
9131;761;8,27
9132;759;8,07
9133;762;8,37
9135;759;8,07
9136;760;8,17
9137;761;8,27
9138;762;8,37
9140;760;8,17
9141;760;8,17
9142;759;8,07
9143;764;8,57
9145;758;7,97
9146;757;7,87
9147;759;8,07
9148;758;7,97
9149;761;8,27
9151;757;7,87
9152;758;7,97
9153;758;7,97
9154;759;8,07
9156;766;8,77
9157;766;8,77
9158;758;7,97
9159;757;7,87
9161;758;7,97
9162;758;7,97
9163;764;8,57
9164;757;7,87
9166;761;8,27
9167;758;7,97
9168;759;8,07
9169;756;7,77
9171;762;8,37
9172;763;8,47
9174;760;8,17
9175;758;7,97
9177;755;7,67
9178;760;8,17
9179;763;8,47
9180;761;8,27
9182;762;8,37
9183;758;7,97
9184;765;8,67
9185;760;8,17
9187;756;7,77
9188;761;8,27
9189;758;7,97
9190;757;7,87
9192;757;7,87
9193;757;7,87
9194;762;8,37
9195;760;8,17
9197;760;8,17
9198;757;7,87
9199;760;8,17
9200;761;8,27
9202;757;7,87
9203;757;7,87
9204;761;8,27
9205;756;7,77
9207;757;7,87
9208;759;8,07
9209;757;7,87
9210;756;7,77
9212;757;7,87
9213;756;7,77
9214;756;7,77
9216;759;8,07
9217;756;7,77
9219;764;8,57
9220;756;7,77
9221;757;7,87
9222;765;8,67
9224;757;7,87
9225;758;7,97
9226;757;7,87
9227;762;8,37
9229;759;8,07
9230;759;8,07
9231;755;7,67
9232;761;8,27
9234;761;8,27
9235;759;8,07
9236;757;7,87
9237;762;8,37
9239;763;8,47
9240;757;7,87
9241;759;8,07
9242;759;8,07
9244;759;8,07
9245;759;8,07
9246;759;8,07
9247;769;9,08
9249;757;7,87
9250;759;8,07
9251;759;8,07
9252;767;8,87
9254;765;8,67
9255;758;7,97
9256;763;8,47
9257;757;7,87
9260;760;8,17
9261;758;7,97
9262;766;8,77
9263;761;8,27
9265;757;7,87
9266;758;7,97
9267;758;7,97
9268;759;8,07
9270;757;7,87
9271;757;7,87
9272;760;8,17
9273;756;7,77
9275;756;7,77
9276;756;7,77
9277;763;8,47
9278;762;8,37
9279;763;8,47
9281;759;8,07
9282;764;8,57
9283;764;8,57
9284;765;8,67
9286;766;8,77
9287;757;7,87
9288;758;7,97
9289;761;8,27
9291;767;8,87
9292;763;8,47
9293;765;8,67
9294;760;8,17
9296;759;8,07
9297;771;9,28
9298;761;8,27
9299;769;9,08
9302;763;8,47
9303;770;9,18
9304;762;8,37
9305;763;8,47
9307;765;8,67
9308;760;8,17
9309;761;8,27
9310;762;8,37
9312;760;8,17
9313;760;8,17
9314;771;9,28
9315;768;8,98
9317;760;8,17
9318;761;8,27
9319;760;8,17
9320;761;8,27
9322;759;8,07
9323;759;8,07
9324;770;9,18
9325;765;8,67
9327;757;7,87
9328;756;7,77
9329;762;8,37
9330;757;7,87
9332;763;8,47
9333;758;7,97
9334;757;7,87
9335;765;8,67
9337;759;8,07
9338;757;7,87
9339;755;7,67
9340;759;8,07
9341;755;7,67
9344;760;8,17
9345;756;7,77
9346;760;8,17
9347;761;8,27
9349;765;8,67
9350;758;7,97
9351;758;7,97
9352;764;8,57
9354;764;8,57
9355;763;8,47
9356;761;8,27
9357;765;8,67
9359;758;7,97
9360;756;7,77
9361;759;8,07
9362;758;7,97
9364;761;8,27
9365;768;8,98
9366;760;8,17
9367;760;8,17
9369;763;8,47
9370;761;8,27
9371;759;8,07
9372;760;8,17
9374;759;8,07
9375;762;8,37
9376;764;8,57
9377;766;8,77
9379;759;8,07
9380;761;8,27
9381;760;8,17
9382;764;8,57
9384;759;8,07
9385;758;7,97
9387;765;8,67
9388;767;8,87
9390;762;8,37
9391;763;8,47
9392;758;7,97
9393;760;8,17
9395;766;8,77
9396;767;8,87
9397;763;8,47
9398;763;8,47
9400;765;8,67
9401;760;8,17
9402;760;8,17
9403;761;8,27
9405;762;8,37
9406;767;8,87
9407;764;8,57
9408;762;8,37
9409;765;8,67
9411;769;9,08
9412;764;8,57
9413;769;9,08
9414;763;8,47
9416;769;9,08
9417;767;8,87
9418;763;8,47
9419;764;8,57
9421;769;9,08
9422;762;8,37
9423;760;8,17
9424;769;9,08
9426;762;8,37
9427;771;9,28
9428;760;8,17
9430;760;8,17
9432;763;8,47
9433;760;8,17
9434;762;8,37
9435;760;8,17
9437;763;8,47
9438;763;8,47
9439;759;8,07
9440;761;8,27
9442;769;9,08
9443;769;9,08
9444;761;8,27
9445;762;8,37
9447;769;9,08
9448;764;8,57
9449;764;8,57
9450;767;8,87
9452;768;8,98
9453;765;8,67
9454;763;8,47
9455;763;8,47
9457;762;8,37
9458;763;8,47
9459;766;8,77
9460;766;8,77
9462;764;8,57
9463;764;8,57
9464;764;8,57
9465;766;8,77
9467;764;8,57
9468;763;8,47
9469;771;9,28
9470;765;8,67
9473;765;8,67
9474;767;8,87
9475;767;8,87
9476;763;8,47
9477;763;8,47
9479;766;8,77
9480;770;9,18
9481;762;8,37
9482;762;8,37
9484;761;8,27
9485;767;8,87
9486;765;8,67
9487;766;8,77
9489;767;8,87
9490;761;8,27
9491;761;8,27
9492;763;8,47
9494;769;9,08
9495;769;9,08
9496;758;7,97
9497;760;8,17
9499;762;8,37
9500;767;8,87
9501;764;8,57
9502;764;8,57
9504;757;7,87
9505;758;7,97
9506;758;7,97
9507;758;7,97
9509;758;7,97
9510;763;8,47
9511;759;8,07
9512;757;7,87
9515;759;8,07
9516;761;8,27
9517;765;8,67
9518;765;8,67
9520;763;8,47
9521;765;8,67
9522;762;8,37
9523;766;8,77
9525;765;8,67
9526;765;8,67
9527;767;8,87
9528;764;8,57
9530;765;8,67
9531;766;8,77
9532;766;8,77
9533;766;8,77
9535;767;8,87
9536;769;9,08
9537;767;8,87
9538;770;9,18
9539;768;8,98
9541;769;9,08
9542;770;9,18
9543;771;9,28
9544;769;9,08
9546;767;8,87
9547;767;8,87
9548;770;9,18
9549;770;9,18
9551;768;8,98
9552;767;8,87
9553;770;9,18
9554;767;8,87
9556;766;8,77
9558;764;8,57
9559;764;8,57
9560;763;8,47
9562;769;9,08
9563;768;8,98
9564;763;8,47
9565;765;8,67
9567;763;8,47
9568;762;8,37
9569;761;8,27
9570;761;8,27
9572;760;8,17
9573;759;8,07
9574;763;8,47
9575;759;8,07
9577;762;8,37
9578;763;8,47
9579;762;8,37
9580;754;7,57
9582;758;7,97
9583;759;8,07
9584;758;7,97
9585;758;7,97
9587;762;8,37
9588;762;8,37
9589;758;7,97
9590;757;7,87
9592;762;8,37
9593;758;7,97
9594;760;8,17
9595;758;7,97
9597;759;8,07
9598;759;8,07
9600;761;8,27
9601;759;8,07
9603;760;8,17
9604;760;8,17
9605;761;8,27
9606;762;8,37
9607;765;8,67
9609;762;8,37
9610;762;8,37
9611;761;8,27
9612;765;8,67
9614;763;8,47
9615;764;8,57
9616;767;8,87
9617;772;9,38
9619;764;8,57
9620;763;8,47
9621;762;8,37
9622;767;8,87
9624;763;8,47
9625;764;8,57
9626;767;8,87
9627;768;8,98
9629;774;9,58
9630;766;8,77
9631;765;8,67
9632;765;8,67
9634;765;8,67
9635;764;8,57
9636;766;8,77
9637;765;8,67
9639;768;8,98
9640;770;9,18
9641;766;8,77
9643;767;8,87
9645;766;8,77
9646;767;8,87
9647;770;9,18
9648;772;9,38
9650;772;9,38
9651;767;8,87
9652;770;9,18
9653;768;8,98
9655;766;8,77
9656;772;9,38
9657;763;8,47
9658;771;9,28
9660;763;8,47
9661;767;8,87
9662;766;8,77
9663;765;8,67
9665;764;8,57
9666;771;9,28
9667;764;8,57
9668;767;8,87
9670;766;8,77
9671;764;8,57
9672;766;8,77
9673;764;8,57
9674;766;8,77
9676;770;9,18
9677;764;8,57
9678;772;9,38
9679;764;8,57
9681;764;8,57
9682;768;8,98
9683;762;8,37
9684;766;8,77
9687;772;9,38
9688;764;8,57
9689;763;8,47
9690;773;9,48
9692;762;8,37
9693;763;8,47
9694;764;8,57
9695;765;8,67
9697;768;8,98
9698;766;8,77
9699;763;8,47
9700;764;8,57
9702;764;8,57
9703;765;8,67
9704;767;8,87
9705;765;8,67
9707;770;9,18
9708;765;8,67
9709;767;8,87
9710;767;8,87
9712;767;8,87
9713;766;8,77
9714;767;8,87
9715;766;8,77
9717;769;9,08
9718;767;8,87
9719;767;8,87
9720;766;8,77
9722;769;9,08
9723;771;9,28
9724;766;8,77
9725;772;9,38
9728;767;8,87
9729;768;8,98
9730;766;8,77
9731;769;9,08
9733;766;8,77
9734;766;8,77
9735;767;8,87
9736;765;8,67
9737;763;8,47
9739;766;8,77
9740;772;9,38
9741;767;8,87
9742;763;8,47
9744;767;8,87
9745;762;8,37
9746;762;8,37
9747;762;8,37
9749;761;8,27
9750;764;8,57
9751;764;8,57
9752;764;8,57
9754;767;8,87
9755;766;8,77
9756;771;9,28
9757;765;8,67
9759;766;8,77
9760;767;8,87
9761;767;8,87
9762;776;9,78
9764;772;9,38
9765;778;9,98
9766;772;9,38
9767;772;9,38
9769;770;9,18
9771;770;9,18
9772;774;9,58
9773;772;9,38
9775;776;9,78
9776;776;9,78
9777;776;9,78
9778;769;9,08
9780;772;9,38
9781;770;9,18
9782;775;9,68
9783;771;9,28
9785;770;9,18
9786;773;9,48
9787;776;9,78
9788;770;9,18
9790;774;9,58
9791;770;9,18
9792;771;9,28
9793;774;9,58
9795;777;9,88
9796;769;9,08
9797;774;9,58
9798;767;8,87
9800;768;8,98
9801;775;9,68
9802;775;9,68
9803;769;9,08
9804;767;8,87
9806;767;8,87
9807;767;8,87
9808;767;8,87
9809;767;8,87
9811;770;9,18
9812;767;8,87
9814;773;9,48
9815;777;9,88
9817;770;9,18
9818;770;9,18
9819;770;9,18
9820;778;9,98
9822;770;9,18
9823;779;10,08
9824;769;9,08
9825;769;9,08
9827;778;9,98
9828;770;9,18
9829;780;10,18
9831;772;9,38
9832;775;9,68
9833;772;9,38
9834;775;9,68
9836;772;9,38
9837;770;9,18
9838;774;9,58
9839;779;10,08
9841;770;9,18
9842;777;9,88
9843;773;9,48
9844;774;9,58
9846;770;9,18
9847;775;9,68
9848;773;9,48
9849;771;9,28
9851;772;9,38
9852;768;8,98
9853;769;9,08
9854;769;9,08
9857;767;8,87
9858;768;8,98
9859;774;9,58
9860;771;9,28
9862;772;9,38
9863;767;8,87
9864;779;10,08
9865;768;8,98
9867;768;8,98
9868;768;8,98
9869;769;9,08
9870;768;8,98
9872;770;9,18
9873;773;9,48
9874;768;8,98
9875;767;8,87
9877;767;8,87
9878;767;8,87
9879;767;8,87
9880;768;8,98
9882;771;9,28
9883;769;9,08
9884;769;9,08
9885;771;9,28
9887;773;9,48
9888;774;9,58
9889;777;9,88
9890;770;9,18
9891;775;9,68
9893;771;9,28
9894;780;10,18
9895;773;9,48
9897;774;9,58
9899;773;9,48
9900;770;9,18
9901;773;9,48
9903;773;9,48
9904;779;10,08
9905;775;9,68
9906;770;9,18
9908;771;9,28
9909;765;8,67
9910;770;9,18
9911;775;9,68
9913;769;9,08
9914;765;8,67
9915;769;9,08
9916;765;8,67
9918;766;8,77
9919;763;8,47
9920;762;8,37
9921;763;8,47
9923;766;8,77
9924;771;9,28
9925;762;8,37
9926;767;8,87
9928;765;8,67
9929;759;8,07
9930;764;8,57
9931;761;8,27
9932;767;8,87
9934;759;8,07
9935;759;8,07
9936;760;8,17
9937;762;8,37
9939;761;8,27
9940;762;8,37
9942;768;8,98
9943;765;8,67
9945;765;8,67
9946;767;8,87
9947;756;7,77
9948;765;8,67
9950;772;9,38
9951;772;9,38
9952;763;8,47
9953;767;8,87
9955;772;9,38
9956;771;9,28
9957;774;9,58
9958;773;9,48
9960;773;9,48
9961;778;9,98
9962;780;10,18
9963;775;9,68
9965;777;9,88
9966;777;9,88
9967;779;10,08
9969;777;9,88
9970;782;10,38
9971;777;9,88
9972;778;9,98
9974;776;9,78
9975;780;10,18
9976;776;9,78
9977;776;9,78
9979;776;9,78
9980;780;10,18
9981;776;9,78
9982;776;9,78
9985;781;10,28
9986;779;10,08
9987;776;9,78
9989;774;9,58
9990;776;9,78
9991;775;9,68
9992;774;9,58
9994;771;9,28
9995;771;9,28
9996;771;9,28
9997;771;9,28
9999;770;9,18
10000;772;9,38
10001;769;9,08
10002;773;9,48
10004;769;9,08
10005;767;8,87
10006;768;8,98
10008;766;8,77
10009;771;9,28
10010;771;9,28
10012;766;8,77
10013;771;9,28
10014;776;9,78
10016;766;8,77
10017;769;9,08
10018;769;9,08
10020;770;9,18
10021;772;9,38
10022;766;8,77
10024;765;8,67
10025;766;8,77
10027;766;8,77
10029;764;8,57
10030;766;8,77
10031;780;10,18
10033;767;8,87
10034;772;9,38
10035;769;9,08
10037;769;9,08
10038;770;9,18
10039;778;9,98
10041;772;9,38
10042;777;9,88
10043;773;9,48
10045;774;9,58
10046;775;9,68
10047;777;9,88
10049;775;9,68
10050;777;9,88
10051;779;10,08
10053;776;9,78
10054;778;9,98
10055;780;10,18
10057;781;10,28
10058;785;10,69
10060;779;10,08
10061;781;10,28
10062;780;10,18
10064;780;10,18
10065;781;10,28
10067;786;10,79
10068;783;10,49
10071;778;9,98
10072;778;9,98
10073;786;10,79
10075;781;10,28
10076;780;10,18
10077;777;9,88
10079;776;9,78
10080;775;9,68
10081;778;9,98
10083;772;9,38
10084;771;9,28
10085;771;9,28
10087;773;9,48
10088;768;8,98
10089;778;9,98
10091;770;9,18
10092;769;9,08
10093;773;9,48
10095;768;8,98
10096;769;9,08
10097;767;8,87
10099;771;9,28
10100;766;8,77
10101;764;8,57
10103;766;8,77
10104;772;9,38
10105;766;8,77
10107;766;8,77
10108;764;8,57
10109;772;9,38
10112;766;8,77
10113;764;8,57
10114;769;9,08
10116;764;8,57
10117;763;8,47
10118;765;8,67
10120;764;8,57
10121;765;8,67
10122;776;9,78
10124;771;9,28
10125;768;8,98
10126;767;8,87
10128;771;9,28
10129;768;8,98
10130;774;9,58
10132;766;8,77
10133;769;9,08
10134;770;9,18
10136;769;9,08
10137;770;9,18
10138;767;8,87
10140;769;9,08
10141;773;9,48
10142;769;9,08
10144;768;8,98
10145;770;9,18
10146;769;9,08
10148;770;9,18
10149;777;9,88
10150;778;9,98
10151;769;9,08
10153;771;9,28
10155;770;9,18
10156;767;8,87
10158;769;9,08
10159;776;9,78
10160;767;8,87
10162;773;9,48
10163;768;8,98
10164;767;8,87
10166;765;8,67
10167;766;8,77
10168;766;8,77
10170;764;8,57
10171;762;8,37
10172;762;8,37
10174;762;8,37
10175;763;8,47
10176;761;8,27
10178;769;9,08
10179;763;8,47
10180;759;8,07
10182;765;8,67
10183;760;8,17
10184;762;8,37
10186;765;8,67
10187;758;7,97
10188;759;8,07
10190;758;7,97
10191;763;8,47
10192;759;8,07
10194;763;8,47
10195;758;7,97
10196;764;8,57
10199;765;8,67
10200;759;8,07
10201;758;7,97
10203;761;8,27
10204;770;9,18
10205;761;8,27
10207;763;8,47
10208;763;8,47
10209;765;8,67
10211;764;8,57
10212;767;8,87
10213;762;8,37
10215;769;9,08
10216;765;8,67
10217;764;8,57
10219;775;9,68
10220;771;9,28
10221;767;8,87
10223;769;9,08
10224;773;9,48
10225;772;9,38
10227;768;8,98
10228;768;8,98
10229;773;9,48
10231;776;9,78
10232;775;9,68
10233;773;9,48
10235;773;9,48
10236;773;9,48
10237;777;9,88
10238;777;9,88
10241;775;9,68
10242;777;9,88
10243;774;9,58
10245;779;10,08
10246;775;9,68
10248;781;10,28
10249;778;9,98
10250;777;9,88
10252;779;10,08
10253;779;10,08
10254;778;9,98
10256;779;10,08
10257;778;9,98
10258;789;11,09
10260;781;10,28
10261;781;10,28
10263;786;10,79
10264;780;10,18
10266;786;10,79
10267;785;10,69
10268;784;10,59
10270;783;10,49
10271;787;10,89
10273;783;10,49
10274;787;10,89
10275;786;10,79
10277;790;11,19
10278;784;10,59
10280;784;10,59
10281;784;10,59
10283;786;10,79
10285;788;10,99
10286;785;10,69
10288;784;10,59
10289;784;10,59
10291;783;10,49
10292;782;10,38
10293;785;10,69
10295;787;10,89
10296;783;10,49
10298;785;10,69
10299;786;10,79
10300;785;10,69
10302;783;10,49
10303;784;10,59
10305;784;10,59
10306;786;10,79
10307;787;10,89
10309;790;11,19
10310;784;10,59
10312;787;10,89
10313;783;10,49
10315;789;11,09
10316;786;10,79
10317;782;10,38
10319;783;10,49
10320;785;10,69
10322;783;10,49
10323;789;11,09
10324;786;10,79
10327;781;10,28
10328;782;10,38
10330;787;10,89
10331;782;10,38
10332;783;10,49
10334;783;10,49
10335;782;10,38
10337;779;10,08
10338;783;10,49
10340;782;10,38
10341;780;10,18
10342;780;10,18
10344;781;10,28
10345;781;10,28
10347;778;9,98
10348;778;9,98
10349;780;10,18
10351;777;9,88
10352;783;10,49
10353;777;9,88
10355;778;9,98
10356;783;10,49
10357;778;9,98
10359;777;9,88
10360;781;10,28
10362;775;9,68
10363;778;9,98
10364;774;9,58
10366;775;9,68
10368;775;9,68
10369;776;9,78
10370;776;9,78
10372;781;10,28
10373;778;9,98
10375;785;10,69
10376;777;9,88
10377;784;10,59
10379;776;9,78
10380;779;10,08
10381;785;10,69
10383;776;9,78
10384;776;9,78
10386;775;9,68
10387;776;9,78
10388;778;9,98
10389;778;9,98
10391;776;9,78
10392;777;9,88
10393;780;10,18
10395;777;9,88
10396;778;9,98
10398;777;9,88
10399;781;10,28
10400;779;10,08
10402;780;10,18
10403;778;9,98
10404;789;11,09
10406;781;10,28
10407;783;10,49
10409;782;10,38
10411;783;10,49
10412;781;10,28
10414;781;10,28
10415;784;10,59
10417;781;10,28
10418;793;11,49
10420;783;10,49
10421;784;10,59
10422;790;11,19
10424;783;10,49
10425;788;10,99
10427;784;10,59
10428;784;10,59
10429;787;10,89
10431;787;10,89
10432;789;11,09
10434;789;11,09
10435;791;11,29
10436;789;11,09
10438;788;10,99
10439;791;11,29
10441;791;11,29
10442;791;11,29
10444;792;11,39
10445;795;11,69
10446;797;11,89
10448;795;11,69
10449;798;12,00
10451;797;11,89
10452;800;12,20
10454;800;12,20
10456;805;12,70
10457;802;12,40
10459;808;13,00
10460;805;12,70
10461;806;12,80
10463;812;13,40
10464;807;12,90
10466;810;13,20
10467;811;13,30
10469;811;13,30
10470;813;13,51
10471;815;13,71
10473;821;14,31
10474;824;14,61
10476;820;14,21
10477;827;14,91
10478;824;14,61
10480;827;14,91
10481;830;15,22
10483;826;14,81
10484;827;14,91
10485;828;15,02
10487;830;15,22
10488;835;15,72
10490;833;15,52
10491;832;15,42
10493;832;15,42
10494;837;15,92
10496;839;16,12
10498;837;15,92
10499;837;15,92
10501;838;16,02
10502;839;16,12
10503;838;16,02
10505;840;16,22
10506;841;16,32
10508;841;16,32
10509;847;16,93
10510;842;16,42
10512;844;16,63
10513;845;16,73
10515;842;16,42
10516;842;16,42
10518;844;16,63
10519;841;16,32
10520;842;16,42
10522;842;16,42
10523;844;16,63
10525;843;16,53
10526;842;16,42
10527;843;16,53
10529;843;16,53
10530;842;16,42
10532;840;16,22
10533;841;16,32
10534;841;16,32
10536;846;16,83
10537;839;16,12
10540;840;16,22
10541;840;16,22
10542;838;16,02
10544;837;15,92
10545;839;16,12
10547;839;16,12
10548;839;16,12
10550;836;15,82
10551;837;15,92
10552;838;16,02
10554;838;16,02
10555;834;15,62
10557;834;15,62
10558;833;15,52
10559;827;14,91
10561;826;14,81
10562;827;14,91
10564;828;15,02
10565;830;15,22
10566;825;14,71
10568;822;14,41
10569;824;14,61
10571;826;14,81
10572;828;15,02
10574;825;14,71
10575;823;14,51
10576;826;14,81
10578;824;14,61
10579;823;14,51
10582;819;14,11
10583;822;14,41
10584;823;14,51
10586;819;14,11
10587;822;14,41
10589;823;14,51
10590;824;14,61
10591;826;14,81
10593;822;14,41
10594;821;14,31
10596;827;14,91
10597;822;14,41
10599;820;14,21
10600;823;14,51
10601;821;14,31
10603;821;14,31
10604;823;14,51
10606;824;14,61
10607;818;14,01
10608;819;14,11
10610;815;13,71
10611;814;13,61
10613;812;13,40
10614;812;13,40
10615;812;13,40
10617;810;13,20
10618;808;13,00
10620;808;13,00
10621;808;13,00
10624;808;13,00
10625;803;12,50
10626;803;12,50
10628;802;12,40
10629;802;12,40
10631;805;12,70
10632;803;12,50
10633;803;12,50
10635;806;12,80
10636;803;12,50
10638;806;12,80
10639;807;12,90
10640;803;12,50
10642;804;12,60
10643;805;12,70
10645;804;12,60
10646;805;12,70
10647;810;13,20
10649;807;12,90
10650;806;12,80
10652;808;13,00
10653;807;12,90
10655;807;12,90
10656;804;12,60
10657;805;12,70
10659;805;12,70
10660;806;12,80
10662;810;13,20
10663;806;12,80
10664;805;12,70
10667;805;12,70
10668;804;12,60
10670;807;12,90
10671;804;12,60
10672;807;12,90
10674;808;13,00
10675;807;12,90
10677;805;12,70
10678;806;12,80
10680;806;12,80
10681;805;12,70
10682;809;13,10
10684;807;12,90
10685;805;12,70
10687;808;13,00
10688;808;13,00
10689;813;13,51
10691;813;13,51
10692;810;13,20
10694;810;13,20
10695;811;13,30
10696;809;13,10
10698;810;13,20
10699;812;13,40
10701;808;13,00
10702;811;13,30
10704;817;13,91
10705;810;13,20
10706;814;13,61
10708;812;13,40
10710;813;13,51
10712;811;13,30
10713;812;13,40
10714;815;13,71
10716;814;13,61
10717;816;13,81
10719;816;13,81
10720;815;13,71
10721;817;13,91
10723;809;13,10
10724;800;12,20
10726;823;14,51
10727;824;14,61
10729;800;12,20
10730;827;14,91
10731;827;14,91
10733;794;11,59
10734;822;14,41
10736;814;13,61
10737;804;12,60
10738;802;12,40
10740;813;13,51
10741;814;13,61
10743;804;12,60
10744;806;12,80
10745;807;12,90
10747;808;13,00
10748;806;12,80
10750;817;13,91
10752;801;12,30
10754;803;12,50
10755;829;15,12
10756;801;12,30
10758;803;12,50
10759;824;14,61
10761;809;13,10
10762;810;13,20
10763;817;13,91
10765;818;14,01
10766;815;13,71
10768;812;13,40
10769;814;13,61
10770;816;13,81
10772;811;13,30
10773;812;13,40
10775;812;13,40
10776;822;14,41
10778;812;13,40
10779;813;13,51
10780;815;13,71
10782;809;13,10
10783;810;13,20
10785;808;13,00
10786;805;12,70
10787;810;13,20
10789;809;13,10
10790;809;13,10
10792;807;12,90
10793;809;13,10
10795;810;13,20
10797;809;13,10
10798;810;13,20
10800;811;13,30
10801;810;13,20
10802;809;13,10
10804;808;13,00
10805;810;13,20
10807;811;13,30
10808;812;13,40
10810;810;13,20
10811;813;13,51
10812;808;13,00
10814;811;13,30
10815;809;13,10
10817;812;13,40
10818;810;13,20
10819;807;12,90
10821;807;12,90
10822;805;12,70
10824;807;12,90
10825;804;12,60
10826;807;12,90
10828;805;12,70
10829;805;12,70
10831;806;12,80
10832;806;12,80
10834;808;13,00
10835;809;13,10
10836;808;13,00
10839;808;13,00
10840;812;13,40
10842;809;13,10
10843;809;13,10
10844;812;13,40
10846;814;13,61
10847;817;13,91
10849;810;13,20
10850;812;13,40
10851;811;13,30
10853;810;13,20
10854;814;13,61
10856;813;13,51
10857;809;13,10
10859;809;13,10
10860;808;13,00
10861;807;12,90
10863;805;12,70
10864;805;12,70
10866;805;12,70
10867;803;12,50
10868;803;12,50
10870;802;12,40
10871;797;11,89
10873;799;12,10
10874;795;11,69
10875;796;11,79
10877;793;11,49
10878;793;11,49
10881;793;11,49
10882;795;11,69
10884;791;11,29
10885;793;11,49
10886;793;11,49
10888;794;11,59
10889;794;11,59
10891;794;11,59
10892;793;11,49
10893;793;11,49
10895;796;11,79
10896;795;11,69
10898;796;11,79
10899;800;12,20
10900;798;12,00
10902;799;12,10
10903;801;12,30
10905;802;12,40
10906;804;12,60
10908;805;12,70
10909;805;12,70
10910;806;12,80
10912;808;13,00
10913;807;12,90
10915;805;12,70
10916;806;12,80
10917;808;13,00
10919;806;12,80
10920;808;13,00
10923;805;12,70
10924;807;12,90
10925;803;12,50
10927;802;12,40
10928;801;12,30
10930;804;12,60
10931;805;12,70
10932;800;12,20
10934;798;12,00
10935;796;11,79
10937;795;11,69
10938;794;11,59
10940;794;11,59
10941;790;11,19
10942;794;11,59
10944;791;11,29
10945;797;11,89
10947;799;12,10
10948;801;12,30
10949;798;12,00
10951;802;12,40
10952;794;11,59
10954;801;12,30
10955;805;12,70
10956;811;13,30
10958;809;13,10
10959;811;13,30
10961;805;12,70
10962;798;12,00
10964;803;12,50
10966;802;12,40
10967;809;13,10
10969;814;13,61
10970;811;13,30
10972;810;13,20
10973;801;12,30
10974;793;11,49
10976;794;11,59
10977;791;11,29
10979;791;11,29
10980;796;11,79
10981;795;11,69
10983;792;11,39
10984;795;11,69
10986;796;11,79
10987;779;10,08
10989;777;9,88
10990;780;10,18
10991;781;10,28
10993;781;10,28
10994;786;10,79
10995;790;11,19
10997;789;11,09
10998;788;10,99
11000;786;10,79
11001;783;10,49
11003;779;10,08
11004;776;9,78
11005;776;9,78
11008;774;9,58
11009;776;9,78
11010;776;9,78
11012;777;9,88
11013;780;10,18
11014;777;9,88
11016;776;9,78
11017;777;9,88
11018;779;10,08
11020;783;10,49
11021;782;10,38
11023;785;10,69
11024;784;10,59
11025;785;10,69
11027;784;10,59
11028;784;10,59
11030;783;10,49
11031;787;10,89
11032;789;11,09
11034;787;10,89
11035;786;10,79
11037;788;10,99
11038;782;10,38
11040;781;10,28
11041;778;9,98
11042;775;9,68
11044;776;9,78
11045;773;9,48
11046;774;9,58
11048;770;9,18
11049;775;9,68
11051;770;9,18
11053;771;9,28
11054;767;8,87
11055;771;9,28
11057;767;8,87
11058;767;8,87
11059;770;9,18
11061;765;8,67
11062;766;8,77
11063;769;9,08
11064;767;8,87
11066;765;8,67
11067;771;9,28
11068;767;8,87
11070;771;9,28
11071;767;8,87
11072;767;8,87
11074;767;8,87
11075;766;8,77
11076;767;8,87
11078;767;8,87
11079;765;8,67
11080;763;8,47
11082;764;8,57
11083;763;8,47
11084;761;8,27
11086;762;8,37
11087;769;9,08
11088;765;8,67
11090;766;8,77
11091;770;9,18
11092;762;8,37
11095;763;8,47
11096;762;8,37
11097;758;7,97
11099;759;8,07
11100;761;8,27
11101;761;8,27
11103;762;8,37
11104;762;8,37
11105;762;8,37
11107;766;8,77
11108;765;8,67
11109;760;8,17
11111;760;8,17
11112;762;8,37
11113;761;8,27
11115;762;8,37
11116;760;8,17
11117;763;8,47
11119;763;8,47
11120;759;8,07
11121;762;8,37
11123;758;7,97
11124;758;7,97
11125;758;7,97
11127;758;7,97
11128;756;7,77
11129;757;7,87
11131;752;7,36
11132;750;7,16
11133;747;6,86
11136;752;7,36
11137;760;8,17
11138;756;7,77
11140;753;7,47
11141;754;7,57
11142;753;7,47
11144;754;7,57
11145;750;7,16
11146;750;7,16
11148;753;7,47
11149;756;7,77
11150;756;7,77
11151;756;7,77
11153;754;7,57
11154;751;7,26
11155;754;7,57
11157;757;7,87
11158;752;7,36
11159;755;7,67
11161;756;7,77
11162;753;7,47
11163;754;7,57
11165;754;7,57
11166;755;7,67
11167;758;7,97
11169;752;7,36
11170;751;7,26
11171;752;7,36
11173;758;7,97
11174;755;7,67
11175;753;7,47
11177;755;7,67
11179;753;7,47
11180;750;7,16
11182;753;7,47
11183;757;7,87
11184;755;7,67
11186;758;7,97
11187;755;7,67
11188;750;7,16
11190;753;7,47
11191;756;7,77
11192;755;7,67
11194;756;7,77
11195;756;7,77
11196;756;7,77
11198;761;8,27
11199;763;8,47
11200;761;8,27
11202;761;8,27
11203;761;8,27
11204;761;8,27
11206;765;8,67
11207;763;8,47
11208;765;8,67
11210;764;8,57
11211;767;8,87
11212;767;8,87
11214;771;9,28
11215;767;8,87
11216;769;9,08
11218;769;9,08
11219;771;9,28
11220;774;9,58
11223;772;9,38
11224;775;9,68
11225;772;9,38
11227;777;9,88
11228;774;9,58
11229;773;9,48
11231;780;10,18
11232;776;9,78
11233;774;9,58
11235;776;9,78
11236;775;9,68
11237;776;9,78
11239;777;9,88
11240;775;9,68
11241;778;9,98
11243;776;9,78
11244;777;9,88
11245;777;9,88
11247;778;9,98
11248;779;10,08
11249;777;9,88
11251;778;9,98
11252;780;10,18
11253;784;10,59
11255;779;10,08
11256;779;10,08
11258;783;10,49
11259;780;10,18
11260;779;10,08
11262;785;10,69
11264;780;10,18
11266;786;10,79
11267;781;10,28
11268;782;10,38
11270;782;10,38
11271;784;10,59
11273;785;10,69
11274;786;10,79
11276;784;10,59
11277;784;10,59
11278;783;10,49
11280;784;10,59
11281;784;10,59
11283;787;10,89
11284;784;10,59
11285;784;10,59
11287;785;10,69
11288;783;10,49
11290;786;10,79
11291;785;10,69
11292;788;10,99
11294;786;10,79
11295;786;10,79
11297;787;10,89
11298;786;10,79
11300;785;10,69
11301;787;10,89
11302;785;10,69
11304;786;10,79
11305;787;10,89
11308;785;10,69
11309;789;11,09
11310;787;10,89
11312;782;10,38
11313;784;10,59
11315;782;10,38
11316;782;10,38
11317;784;10,59
11319;782;10,38
11320;778;9,98
11322;779;10,08
11323;779;10,08
11324;785;10,69
11326;777;9,88
11327;778;9,98
11328;779;10,08
11330;779;10,08
11331;780;10,18
11333;779;10,08
11334;777;9,88
11335;777;9,88
11337;774;9,58
11338;786;10,79
11340;785;10,69
11341;777;9,88
11342;782;10,38
11344;779;10,08
11345;774;9,58
11346;774;9,58
11348;774;9,58
11350;774;9,58
11351;773;9,48
11353;780;10,18
11354;774;9,58
11355;774;9,58
11357;775;9,68
11358;774;9,58
11359;777;9,88
11361;776;9,78
11362;773;9,48
11363;775;9,68
11365;772;9,38
11366;780;10,18
11367;777;9,88
11369;777;9,88
11370;774;9,58
11371;773;9,48
11373;777;9,88
11374;773;9,48
11375;782;10,38
11377;774;9,58
11378;777;9,88
11380;773;9,48
11381;772;9,38
11382;775;9,68
11384;774;9,58
11385;773;9,48
11386;773;9,48
11388;775;9,68
11389;774;9,58
11390;771;9,28
11392;772;9,38
11394;771;9,28
11395;774;9,58
11396;771;9,28
11398;774;9,58
11399;769;9,08
11400;772;9,38
11402;770;9,18
11403;769;9,08
11404;776;9,78
11406;775;9,68
11407;775;9,68
11408;776;9,78
11410;771;9,28
11411;769;9,08
11412;773;9,48
11414;771;9,28
11415;771;9,28
11416;779;10,08
11418;770;9,18
11419;774;9,58
11420;772;9,38
11422;774;9,58
11423;774;9,58
11424;767;8,87
11426;768;8,98
11427;769;9,08
11428;772;9,38
11430;768;8,98
11431;769;9,08
11432;769;9,08
11435;767;8,87
11436;771;9,28
11437;773;9,48
11439;769;9,08
11440;767;8,87
11441;767;8,87
11443;771;9,28
11444;769;9,08
11445;767;8,87
11447;769;9,08
11448;767;8,87
11449;772;9,38
11451;766;8,77
11452;775;9,68
11453;770;9,18
11455;774;9,58
11456;767;8,87
11457;769;9,08
11459;772;9,38
11460;770;9,18
11461;773;9,48
11463;766;8,77
11464;767;8,87
11465;777;9,88
11467;772;9,38
11468;772;9,38
11469;767;8,87
11471;773;9,48
11472;766;8,77
11473;771;9,28
11475;770;9,18
11476;766;8,77
11478;769;9,08
11480;771;9,28
11481;767;8,87
11482;767;8,87
11484;770;9,18
11485;767;8,87
11486;768;8,98
11488;768;8,98
11489;769;9,08
11490;768;8,98
11492;768;8,98
11493;768;8,98
11494;769;9,08
11496;768;8,98
11497;767;8,87
11498;769;9,08
11499;767;8,87
11501;766;8,77
11502;767;8,87
11503;766;8,77
11505;767;8,87
11506;767;8,87
11507;767;8,87
11509;768;8,98
11510;771;9,28
11511;767;8,87
11513;767;8,87
11514;767;8,87
11515;767;8,87
11517;769;9,08
11518;766;8,77
11520;767;8,87
11522;767;8,87
11523;770;9,18
11524;767;8,87
11526;767;8,87
11527;768;8,98
11528;767;8,87
11530;767;8,87
11531;767;8,87
11532;767;8,87
11534;767;8,87
11535;769;9,08
11536;772;9,38
11538;767;8,87
11539;772;9,38
11540;767;8,87
11542;768;8,98
11543;767;8,87
11544;767;8,87
11546;767;8,87
11547;770;9,18
11548;771;9,28
11550;766;8,77
11551;766;8,77
11552;766;8,77
11554;767;8,87
11555;765;8,67
11556;766;8,77
11558;767;8,87
11559;765;8,67
11560;765;8,67
11563;769;9,08
11564;767;8,87
11565;767;8,87
11567;764;8,57
11568;766;8,77
11569;764;8,57
11571;764;8,57
11572;763;8,47
11573;764;8,57
11575;762;8,37
11576;764;8,57
11577;764;8,57
11579;764;8,57
11580;765;8,67
11581;764;8,57
11583;764;8,57
11584;769;9,08
11585;764;8,57
11586;763;8,47
11588;764;8,57
11589;765;8,67
11590;763;8,47
11592;766;8,77
11593;764;8,57
11594;764;8,57
11596;764;8,57
11597;769;9,08
11598;766;8,77
11600;765;8,67
11601;771;9,28
11602;766;8,77
11604;767;8,87
11606;765;8,67
11607;767;8,87
11609;765;8,67
11610;767;8,87
11611;766;8,77
11613;766;8,77
11614;767;8,87
11615;767;8,87
11617;768;8,98
11618;767;8,87
11619;766;8,77
11621;766;8,77
11622;767;8,87
11623;765;8,67
11625;768;8,98
11626;769;9,08
11627;767;8,87
11629;766;8,77
11630;767;8,87
11631;767;8,87
11633;765;8,67
11634;767;8,87
11635;765;8,67
11637;766;8,77
11638;765;8,67
11639;767;8,87
11641;766;8,77
11642;769;9,08
11643;767;8,87
11645;769;9,08
11646;766;8,77
11648;764;8,57
11650;765;8,67
11651;765;8,67
11652;765;8,67
11654;767;8,87
11655;769;9,08
11656;763;8,47
11658;763;8,47
11659;764;8,57
11660;763;8,47
11662;766;8,77
11663;768;8,98
11664;765;8,67
11666;766;8,77
11667;770;9,18
11668;765;8,67
11670;766;8,77
11671;765;8,67
11672;764;8,57
11673;767;8,87
11675;764;8,57
11676;764;8,57
11677;767;8,87
11679;764;8,57
11680;766;8,77
11681;765;8,67
11683;765;8,67
11684;767;8,87
11685;766;8,77
11687;767;8,87
11688;766;8,77
11689;767;8,87
11692;765;8,67
11693;765;8,67
11694;769;9,08
11696;766;8,77
11697;766;8,77
11698;763;8,47
11700;766;8,77
11701;768;8,98
11702;765;8,67
11704;767;8,87
11705;766;8,77
11706;773;9,48
11708;766;8,77
11709;764;8,57
11710;773;9,48
11712;765;8,67
11713;767;8,87
11714;766;8,77
11716;768;8,98
11717;766;8,77
11718;766;8,77
11720;767;8,87
11721;765;8,67
11722;766;8,77
11724;765;8,67
11725;766;8,77
11726;762;8,37
11728;766;8,77
11729;764;8,57
11730;764;8,57
11732;766;8,77
11734;764;8,57
11735;765;8,67
11737;765;8,67
11738;763;8,47
11739;767;8,87
11741;767;8,87
11742;762;8,37
11743;765;8,67
11745;764;8,57
11746;761;8,27
11747;762;8,37
11749;763;8,47
11750;763;8,47
11751;768;8,98
11753;766;8,77
11754;768;8,98
11755;766;8,77
11757;770;9,18
11758;767;8,87
11759;767;8,87
11760;766;8,77
11762;767;8,87
11763;767;8,87
11764;766;8,77
11766;769;9,08
11767;766;8,77
11768;769;9,08
11770;765;8,67
11771;765;8,67
11772;769;9,08
11774;765;8,67
11776;763;8,47
11777;763;8,47
11779;763;8,47
11780;763;8,47
11781;767;8,87
11783;762;8,37
11784;761;8,27
11785;763;8,47
11787;762;8,37
11788;766;8,77
11789;762;8,37
11791;762;8,37
11792;764;8,57
11793;761;8,27
11795;760;8,17
11796;759;8,07
11797;761;8,27
11799;761;8,27
11800;762;8,37
11801;760;8,17
11803;763;8,47
11804;765;8,67
11805;762;8,37
11807;765;8,67
11808;765;8,67
11809;762;8,37
11811;762;8,37
11812;767;8,87
11813;767;8,87
11815;763;8,47
11816;764;8,57
11817;763;8,47
11820;766;8,77
11821;764;8,57
11822;762;8,37
11824;764;8,57
11825;763;8,47
11826;765;8,67
11828;762;8,37
11829;764;8,57
11830;766;8,77
11832;762;8,37
11833;762;8,37
11834;764;8,57
11836;759;8,07
11837;760;8,17
11838;758;7,97
11840;758;7,97
11841;759;8,07
11842;757;7,87
11844;758;7,97
11845;760;8,17
11846;758;7,97
11847;757;7,87
11849;761;8,27
11850;757;7,87
11851;759;8,07
11853;756;7,77
11854;757;7,87
11855;756;7,77
11857;758;7,97
11858;758;7,97
11859;758;7,97
11862;758;7,97
11863;758;7,97
11864;760;8,17
11866;758;7,97
11867;761;8,27
11868;764;8,57
11870;761;8,27
11871;766;8,77
11872;761;8,27
11874;764;8,57
11875;763;8,47
11876;761;8,27
11878;762;8,37
11879;762;8,37
11880;759;8,07
11882;761;8,27
11883;759;8,07
11884;763;8,47
11886;761;8,27
11887;759;8,07
11888;759;8,07
11890;759;8,07
11891;758;7,97
11892;760;8,17
11894;758;7,97
11895;757;7,87
11896;757;7,87
11898;759;8,07
11899;757;7,87
11900;756;7,77
11902;758;7,97
11904;761;8,27
11905;757;7,87
11907;757;7,87
11908;755;7,67
11909;756;7,77
11911;757;7,87
11912;756;7,77
11913;758;7,97
11915;758;7,97
11916;758;7,97
11917;756;7,77
11919;756;7,77
11920;756;7,77
11921;755;7,67
11923;755;7,67
11924;759;8,07
11925;755;7,67
11927;757;7,87
11928;755;7,67
11929;754;7,57
11931;757;7,87
11932;756;7,77
11933;755;7,67
11934;755;7,67
11936;756;7,77
11937;756;7,77
11938;759;8,07
11940;756;7,77
11941;756;7,77
11942;756;7,77
11944;758;7,97
11945;759;8,07
11947;758;7,97
11949;759;8,07
11950;757;7,87
11951;758;7,97
11953;758;7,97
11954;756;7,77
11955;757;7,87
11957;757;7,87
11958;756;7,77
11959;757;7,87
11961;759;8,07
11962;757;7,87
11963;757;7,87
11965;755;7,67
11966;757;7,87
11967;757;7,87
11969;757;7,87
11970;756;7,77
11971;757;7,87
11973;754;7,57
11974;756;7,77
11975;756;7,77
11977;756;7,77
11978;761;8,27
11979;761;8,27
11981;760;8,17
11982;758;7,97
11983;757;7,87
11985;759;8,07
11986;757;7,87
11987;756;7,77
11990;760;8,17
11991;755;7,67
11992;761;8,27
11994;756;7,77
11995;756;7,77
11996;756;7,77
11998;759;8,07
11999;757;7,87
12000;759;8,07
12002;762;8,37
12003;759;8,07
12004;760;8,17
12006;759;8,07
12007;762;8,37
12008;761;8,27
12010;757;7,87
12011;760;8,17
12012;760;8,17
12014;760;8,17
12015;761;8,27
12016;759;8,07
12018;758;7,97
12019;759;8,07
12020;759;8,07
12021;759;8,07
12023;759;8,07
12024;759;8,07
12025;764;8,57
12027;761;8,27
12028;761;8,27
12029;759;8,07
12032;759;8,07
12033;760;8,17
12034;758;7,97
12036;761;8,27
12037;756;7,77
12038;757;7,87
12040;756;7,77
12041;756;7,77
12042;757;7,87
12044;755;7,67
12045;756;7,77
12046;759;8,07
12048;756;7,77
12049;756;7,77
12050;754;7,57
12052;756;7,77
12053;755;7,67
12054;756;7,77
12056;755;7,67
12057;759;8,07
12058;757;7,87
12060;757;7,87
12061;757;7,87
12062;763;8,47
12064;761;8,27
12065;760;8,17
12066;759;8,07
12068;760;8,17
12069;760;8,17
12070;760;8,17
12072;761;8,27
12073;764;8,57
12075;762;8,37
12077;761;8,27
12078;764;8,57
12079;762;8,37
12081;761;8,27
12082;762;8,37
12083;760;8,17
12085;760;8,17
12086;761;8,27
12087;760;8,17
12089;760;8,17
12090;763;8,47
12091;765;8,67
12093;761;8,27
12094;760;8,17
12095;759;8,07
12097;760;8,17
12098;762;8,37
12099;758;7,97
12101;761;8,27
12102;759;8,07
12103;758;7,97
12105;761;8,27
12106;759;8,07
12107;759;8,07
12108;760;8,17
12110;759;8,07
12111;763;8,47
12112;761;8,27
12114;763;8,47
12115;763;8,47
12116;760;8,17
12119;760;8,17
12120;760;8,17
12121;761;8,27
12123;761;8,27
12124;767;8,87
12125;761;8,27
12127;765;8,67
12128;765;8,67
12129;762;8,37
12131;764;8,57
12132;763;8,47
12133;765;8,67
12135;763;8,47
12136;764;8,57
12137;764;8,57
12139;766;8,77
12140;770;9,18
12141;763;8,47
12143;767;8,87
12144;762;8,37
12145;762;8,37
12147;767;8,87
12148;763;8,47
12149;764;8,57
12151;763;8,47
12152;763;8,47
12153;764;8,57
12155;765;8,67
12156;769;9,08
12157;764;8,57
12160;763;8,47
12161;768;8,98
12162;762;8,37
12164;762;8,37
12165;767;8,87
12166;764;8,57
12168;765;8,67
12169;763;8,47
12170;764;8,57
12172;767;8,87
12173;765;8,67
12174;764;8,57
12176;765;8,67
12177;766;8,77
12178;769;9,08
12180;769;9,08
12181;768;8,98
12182;766;8,77
12184;767;8,87
12185;770;9,18
12186;766;8,77
12188;765;8,67
12189;765;8,67
12190;765;8,67
12192;769;9,08
12193;767;8,87
12194;764;8,57
12195;764;8,57
12197;765;8,67
12198;767;8,87
12199;767;8,87
12201;764;8,57
12203;769;9,08
12204;765;8,67
12206;769;9,08
12207;764;8,57
12208;764;8,57
12210;765;8,67
12211;765;8,67
12212;769;9,08
12214;763;8,47
12215;767;8,87
12216;766;8,77
12218;764;8,57
12219;767;8,87
12220;765;8,67
12222;766;8,77
12223;766;8,77
12224;765;8,67
12226;764;8,57
12227;765;8,67
12228;764;8,57
12230;766;8,77
12231;768;8,98
12232;764;8,57
12234;769;9,08
12235;767;8,87
12236;767;8,87
12238;767;8,87
12239;765;8,67
12240;764;8,57
12242;767;8,87
12243;766;8,77
12244;767;8,87
12247;770;9,18
12248;766;8,77
12249;767;8,87
12251;765;8,67
12252;766;8,77
12253;767;8,87
12255;770;9,18
12256;767;8,87
12257;765;8,67
12259;771;9,28
12260;765;8,67
12261;765;8,67
12263;765;8,67
12264;767;8,87
12265;765;8,67
12267;769;9,08
12268;766;8,77
12269;767;8,87
12271;765;8,67
12272;769;9,08
12273;767;8,87
12275;766;8,77
12276;765;8,67
12277;764;8,57
12279;766;8,77
12280;767;8,87
12281;769;9,08
12282;766;8,77
12284;766;8,77
12285;768;8,98
12286;767;8,87
12289;765;8,67
12290;764;8,57
12291;766;8,77
12293;764;8,57
12294;765;8,67
12295;765;8,67
12297;767;8,87
12298;768;8,98
12299;765;8,67
12301;766;8,77
12302;765;8,67
12303;765;8,67
12305;765;8,67
12306;767;8,87
12307;766;8,77
12309;764;8,57
12310;765;8,67
12311;765;8,67
12313;764;8,57
12314;767;8,87
12315;764;8,57
12317;763;8,47
12318;761;8,27
12319;761;8,27
12321;762;8,37
12322;762;8,37
12323;764;8,57
12325;763;8,47
12326;765;8,67
12327;761;8,27
12329;763;8,47
12331;762;8,37
12332;765;8,67
12334;762;8,37
12335;764;8,57
12336;762;8,37
12338;762;8,37
12339;765;8,67
12340;764;8,57
12342;759;8,07
12343;767;8,87
12344;764;8,57
12346;765;8,67
12347;766;8,77
12348;764;8,57
12350;766;8,77
12351;764;8,57
12352;764;8,57
12354;765;8,67
12355;762;8,37
12356;763;8,47
12358;764;8,57
12359;765;8,67
12360;764;8,57
12362;767;8,87
12363;765;8,67
12364;766;8,77
12366;764;8,57
12367;765;8,67
12368;765;8,67
12369;770;9,18
12371;767;8,87
12372;765;8,67
12374;763;8,47
12376;766;8,77
12377;767;8,87
12378;764;8,57
12380;765;8,67
12381;763;8,47
12382;765;8,67
12384;765;8,67
12385;764;8,57
12386;766;8,77
12388;766;8,77
12389;765;8,67
12390;764;8,57
12392;765;8,67
12393;765;8,67
12394;767;8,87
12396;766;8,77
12397;765;8,67
12398;764;8,57
12400;765;8,67
12401;767;8,87
12402;767;8,87
12404;765;8,67
12405;764;8,57
12406;766;8,77
12408;767;8,87
12409;767;8,87
12410;766;8,77
12412;769;9,08
12413;765;8,67
12414;769;9,08
12417;761;8,27
12418;772;9,38
12419;764;8,57
12421;767;8,87
12422;769;9,08
12423;766;8,77
12425;770;9,18
12426;767;8,87
12427;767;8,87
12429;763;8,47
12430;767;8,87
12431;766;8,77
12433;770;9,18
12434;764;8,57
12435;765;8,67
12437;763;8,47
12438;767;8,87
12439;769;9,08
12441;765;8,67
12442;767;8,87
12443;766;8,77
12445;765;8,67
12446;768;8,98
12447;768;8,98
12449;767;8,87
12450;766;8,77
12451;766;8,77
12453;767;8,87
12454;767;8,87
12455;767;8,87
12456;772;9,38
12459;771;9,28
12460;767;8,87
12461;767;8,87
12463;771;9,28
12464;766;8,77
12465;767;8,87
12467;766;8,77
12468;766;8,77
12469;766;8,77
12471;766;8,77
12472;766;8,77
12473;767;8,87
12475;767;8,87
12476;766;8,77
12477;766;8,77
12479;766;8,77
12480;767;8,87
12481;769;9,08
12483;766;8,77
12484;769;9,08
12485;769;9,08
12487;769;9,08
12488;767;8,87
12489;774;9,58
12491;776;9,78
12492;771;9,28
12493;774;9,58
12495;775;9,68
12496;771;9,28
12497;770;9,18
12499;775;9,68
12500;773;9,48
12502;772;9,38
12504;774;9,58
12505;773;9,48
12506;775;9,68
12508;773;9,48
12509;775;9,68
12510;776;9,78
12512;774;9,58
12513;777;9,88
12514;778;9,98
12516;777;9,88
12517;775;9,68
12518;776;9,78
12520;778;9,98
12521;780;10,18
12522;777;9,88
12524;776;9,78
12525;778;9,98
12526;776;9,78
12528;778;9,98
12529;777;9,88
12530;776;9,78
12532;776;9,78
12533;775;9,68
12534;775;9,68
12536;776;9,78
12537;775;9,68
12538;773;9,48
12540;772;9,38
12541;773;9,48
12542;773;9,48
12545;771;9,28
12546;772;9,38
12547;774;9,58
12549;779;10,08
12550;773;9,48
12551;775;9,68
12553;774;9,58
12554;774;9,58
12555;777;9,88
12557;777;9,88
12558;779;10,08
12559;776;9,78
12561;776;9,78
12562;774;9,58
12563;774;9,58
12565;773;9,48
12566;773;9,48
12567;775;9,68
12569;775;9,68
12570;775;9,68
12571;775;9,68
12573;775;9,68
12574;775;9,68
12575;777;9,88
12577;775;9,68
12578;777;9,88
12579;775;9,68
12581;773;9,48
12582;775;9,68
12583;776;9,78
12585;776;9,78
12587;778;9,98
12588;780;10,18
12590;776;9,78
12591;775;9,68
12592;774;9,58
12594;775;9,68
12595;776;9,78
12596;776;9,78
12598;773;9,48
12599;774;9,58
12600;776;9,78
12602;773;9,48
12603;773;9,48
12604;773;9,48
12606;775;9,68
12607;773;9,48
12608;775;9,68
12610;772;9,38
12611;774;9,58
12612;776;9,78
12614;773;9,48
12615;774;9,58
12616;775;9,68
12618;774;9,58
12619;772;9,38
12620;773;9,48
12622;771;9,28
12623;773;9,48
12624;770;9,18
12626;772;9,38
12627;773;9,48
12628;772;9,38
12630;772;9,38
12632;771;9,28
12633;771;9,28
12634;773;9,48
12636;775;9,68
12637;771;9,28
12638;771;9,28
12640;773;9,48
12641;773;9,48
12642;771;9,28
12644;772;9,38
12645;775;9,68
12646;771;9,28
12648;770;9,18
12649;770;9,18
12650;770;9,18
12652;767;8,87
12653;767;8,87
12654;772;9,38
12656;769;9,08
12657;769;9,08
12658;769;9,08
12660;767;8,87
12661;767;8,87
12662;767;8,87
12664;769;9,08
12665;771;9,28
12666;769;9,08
12668;770;9,18
12669;770;9,18
12670;769;9,08
12673;777;9,88
12674;769;9,08
12675;769;9,08
12677;769;9,08
12678;770;9,18
12679;769;9,08
12681;767;8,87
12682;773;9,48
12683;773;9,48
12685;770;9,18
12686;769;9,08
12687;772;9,38
12689;767;8,87
12690;768;8,98
12691;766;8,77
12693;764;8,57
12694;765;8,67
12695;766;8,77
12697;765;8,67
12698;767;8,87
12699;768;8,98
12701;766;8,77
12702;765;8,67
12703;765;8,67
12705;772;9,38
12706;772;9,38
12707;765;8,67
12709;766;8,77
12710;764;8,57
12711;765;8,67
12713;765;8,67
12715;765;8,67
12716;765;8,67
12717;764;8,57
12719;764;8,57
12720;764;8,57
12721;763;8,47
12723;767;8,87
12724;768;8,98
12725;765;8,67
12727;765;8,67
12728;767;8,87
12729;763;8,47
12731;764;8,57
12732;764;8,57
12733;764;8,57
12735;769;9,08
12736;769;9,08
12737;764;8,57
12739;765;8,67
12740;761;8,27
12741;763;8,47
12743;762;8,37
12744;761;8,27
12745;762;8,37
12747;767;8,87
12748;759;8,07
12749;760;8,17
12751;761;8,27
12752;765;8,67
12753;761;8,27
12755;761;8,27
12756;760;8,17
12758;759;8,07
12760;758;7,97
12761;760;8,17
12762;760;8,17
12764;764;8,57
12765;760;8,17
12766;759;8,07
12768;759;8,07
12769;762;8,37
12770;759;8,07
12772;762;8,37
12773;763;8,47
12774;758;7,97
12776;759;8,07
12777;760;8,17
12778;759;8,07
12780;759;8,07
12781;760;8,17
12782;759;8,07
12784;759;8,07
12785;759;8,07
12786;759;8,07
12788;758;7,97
12789;759;8,07
12790;759;8,07
12792;764;8,57
12793;760;8,17
12794;764;8,57
12796;760;8,17
12797;758;7,97
12798;758;7,97
12801;758;7,97
12802;760;8,17
12803;761;8,27
12804;759;8,07
12806;761;8,27
12807;761;8,27
12808;761;8,27
12810;763;8,47
12811;761;8,27
12812;767;8,87
12814;761;8,27
12815;759;8,07
12816;760;8,17
12818;763;8,47
12819;762;8,37
12820;763;8,47
12822;761;8,27
12823;762;8,37
12824;762;8,37
12826;761;8,27
12827;764;8,57
12828;763;8,47
12830;762;8,37
12831;764;8,57
12832;764;8,57
12834;763;8,47
12835;763;8,47
12836;761;8,27
12838;760;8,17
12839;764;8,57
12840;762;8,37
12843;759;8,07
12844;763;8,47
12845;762;8,37
12847;760;8,17
12848;760;8,17
12849;763;8,47
12851;763;8,47
12852;765;8,67
12853;760;8,17
12855;760;8,17
12856;759;8,07
12857;762;8,37
12859;759;8,07
12860;764;8,57
12861;762;8,37
12863;762;8,37
12864;764;8,57
12865;767;8,87
12867;763;8,47
12868;764;8,57
12869;763;8,47
12871;763;8,47
12872;763;8,47
12873;762;8,37
12875;764;8,57
12876;763;8,47
12877;766;8,77
12879;769;9,08
12880;765;8,67
12881;764;8,57
12883;763;8,47
12884;764;8,57
12886;763;8,47
12888;767;8,87
12889;771;9,28
12890;766;8,77
12891;773;9,48
12893;760;8,17
12894;763;8,47
12895;769;9,08
12897;762;8,37
12898;764;8,57
12899;767;8,87
12901;763;8,47
12902;763;8,47
12903;763;8,47
12905;764;8,57
12906;763;8,47
12907;764;8,57
12909;763;8,47
12910;765;8,67
12911;763;8,47
12913;773;9,48
12914;765;8,67
12915;764;8,57
12917;766;8,77
12918;765;8,67
12919;767;8,87
12921;766;8,77
12922;769;9,08
12923;766;8,77
12925;767;8,87
12926;766;8,77
12928;771;9,28
12930;769;9,08
12931;772;9,38
12932;768;8,98
12934;770;9,18
12935;768;8,98
12936;772;9,38
12938;769;9,08
12939;776;9,78
12940;771;9,28
12942;769;9,08
12943;770;9,18
12944;768;8,98
12946;770;9,18
12947;773;9,48
12948;773;9,48
12950;772;9,38
12951;767;8,87
12952;767;8,87
12954;774;9,58
12955;769;9,08
12956;767;8,87
12958;766;8,77
12959;770;9,18
12960;769;9,08
12962;766;8,77
12963;769;9,08
12964;766;8,77
12966;771;9,28
12967;767;8,87
12968;768;8,98
12971;767;8,87
12972;774;9,58
12973;767;8,87
12975;768;8,98
12976;770;9,18
12977;766;8,77
12978;770;9,18
12980;768;8,98
12981;769;9,08
12982;767;8,87
12984;768;8,98
12985;776;9,78
12986;772;9,38
12988;775;9,68
12989;769;9,08
12990;773;9,48
12992;771;9,28
12993;770;9,18
12994;769;9,08
12996;770;9,18
12997;767;8,87
12998;769;9,08
13000;769;9,08
13001;771;9,28
13002;768;8,98
13004;769;9,08
13005;768;8,98
13006;770;9,18
13008;776;9,78
13009;768;8,98
13010;767;8,87
13012;770;9,18
13014;767;8,87
13015;767;8,87
13017;776;9,78
13018;772;9,38
13019;767;8,87
13021;769;9,08
13022;773;9,48
13023;767;8,87
13025;769;9,08
13026;767;8,87
13027;769;9,08
13029;772;9,38
13030;769;9,08
13031;770;9,18
13033;767;8,87
13034;770;9,18
13035;769;9,08
13037;777;9,88
13038;767;8,87
13039;771;9,28
13041;776;9,78
13042;772;9,38
13043;769;9,08
13045;772;9,38
13046;776;9,78
13047;776;9,78
13049;774;9,58
13050;771;9,28
13051;770;9,18
13053;769;9,08
13054;772;9,38
13056;775;9,68
13058;778;9,98
13059;773;9,48
13060;779;10,08
13062;771;9,28
13063;772;9,38
13064;778;9,98
13066;772;9,38
13067;773;9,48
13068;771;9,28
13070;772;9,38
13071;773;9,48
13072;773;9,48
13074;775;9,68
13075;772;9,38
13076;772;9,38
13078;772;9,38
13079;772;9,38
13080;773;9,48
13082;772;9,38
13083;773;9,48
13084;772;9,38
13086;774;9,58
13087;775;9,68
13088;773;9,48
13089;773;9,48
13091;773;9,48
13092;774;9,58
13093;773;9,48
13095;773;9,48
13096;773;9,48
13097;773;9,48
13100;773;9,48
13101;775;9,68
13102;772;9,38
13104;777;9,88
13105;770;9,18
13106;771;9,28
13108;774;9,58
13109;772;9,38
13110;773;9,48
13112;773;9,48
13113;770;9,18
13114;772;9,38
13116;774;9,58
13117;771;9,28
13118;775;9,68
13120;775;9,68
13121;772;9,38
13122;776;9,78
13124;770;9,18
13125;770;9,18
13126;770;9,18
13128;770;9,18
13129;769;9,08
13130;769;9,08
13132;769;9,08
13133;768;8,98
13134;768;8,98
13136;767;8,87
13137;773;9,48
13138;769;9,08
13140;766;8,77
13142;770;9,18
13143;766;8,77
13145;768;8,98
13146;765;8,67
13147;766;8,77
13149;769;9,08
13150;766;8,77
13151;765;8,67
13153;766;8,77
13154;765;8,67
13155;772;9,38
13157;763;8,47
13158;771;9,28
13159;769;9,08
13161;764;8,57
13162;772;9,38
13163;764;8,57
13165;762;8,37
13166;764;8,57
13167;765;8,67
13169;762;8,37
13170;765;8,67
13171;762;8,37
13173;765;8,67
13174;765;8,67
13175;768;8,98
13176;762;8,37
13178;766;8,77
13179;761;8,27
13180;759;8,07
13182;765;8,67
13184;760;8,17
13185;761;8,27
13187;763;8,47
13188;761;8,27
13189;762;8,37
13191;761;8,27
13192;765;8,67
13193;762;8,37
13195;761;8,27
13196;762;8,37
13197;765;8,67
13199;760;8,17
13200;761;8,27
13201;762;8,37
13203;762;8,37
13204;764;8,57
13205;771;9,28
13207;763;8,47
13208;763;8,47
13209;763;8,47
13211;763;8,47
13212;765;8,67
13213;766;8,77
13215;763;8,47
13216;764;8,57
13217;764;8,57
13219;770;9,18
13220;764;8,57
13221;770;9,18
13223;765;8,67
13224;765;8,67
13225;763;8,47
13228;763;8,47
13229;764;8,57
13230;763;8,47
13232;770;9,18
13233;765;8,67
13234;765;8,67
13236;767;8,87
13237;767;8,87
13238;766;8,77
13240;766;8,77
13241;772;9,38
13242;763;8,47
13244;767;8,87
13245;767;8,87
13246;765;8,67
13248;765;8,67
13249;766;8,77
13250;766;8,77
13252;767;8,87
13253;773;9,48
13254;768;8,98
13256;773;9,48
13257;769;9,08
13258;774;9,58
13260;770;9,18
13261;770;9,18
13262;770;9,18
13263;772;9,38
13265;772;9,38
13266;778;9,98
13267;772;9,38
13270;776;9,78
13271;775;9,68
13272;773;9,48
13274;780;10,18
13275;778;9,98
13277;775;9,68
13278;777;9,88
13279;776;9,78
13280;779;10,08
13282;777;9,88
13283;777;9,88
13285;777;9,88
13286;781;10,28
13287;778;9,98
13289;784;10,59
13290;778;9,98
13291;780;10,18
13293;778;9,98
13294;782;10,38
13296;780;10,18
13297;783;10,49
13298;781;10,28
13300;779;10,08
13301;783;10,49
13303;779;10,08
13304;785;10,69
13305;782;10,38
13307;784;10,59
13308;786;10,79
13310;786;10,79
13312;784;10,59
13313;785;10,69
13315;786;10,79
13316;786;10,79
13318;788;10,99
13319;787;10,89
13321;787;10,89
13322;787;10,89
13323;792;11,39
13325;789;11,09
13326;791;11,29
13328;796;11,79
13329;795;11,69
13330;792;11,39
13332;791;11,29
13333;793;11,49
13335;793;11,49
13336;793;11,49
13337;793;11,49
13339;796;11,79
13340;798;12,00
13342;796;11,79
13343;795;11,69
13345;795;11,69
13346;798;12,00
13347;797;11,89
13349;799;12,10
13350;799;12,10
13352;797;11,89
13353;798;12,00
13355;803;12,50
13357;800;12,20
13358;803;12,50
13360;800;12,20
13361;802;12,40
13362;802;12,40
13364;802;12,40
13365;806;12,80
13367;803;12,50
13368;803;12,50
13369;804;12,60
13371;806;12,80
13372;808;13,00
13374;806;12,80
13375;812;13,40
13377;806;12,80
13378;810;13,20
13379;810;13,20
13381;813;13,51
13382;813;13,51
13384;814;13,61
13385;819;14,11
13386;817;13,91
13388;818;14,01
13389;819;14,11
13391;823;14,51
13392;819;14,11
13393;820;14,21
13395;822;14,41
13396;828;15,02
13399;823;14,51
13400;825;14,71
13402;825;14,71
13403;825;14,71
13404;828;15,02
13406;830;15,22
13407;827;14,91
13409;828;15,02
13410;830;15,22
13411;830;15,22
13413;833;15,52
13414;832;15,42
13416;830;15,22
13417;834;15,62
13418;834;15,62
13420;833;15,52
13421;833;15,52
13423;835;15,72
13424;842;16,42
13426;840;16,22
13427;839;16,12
13428;839;16,12
13430;838;16,02
13431;837;15,92
13433;844;16,63
13434;838;16,02
13435;839;16,12
13437;845;16,73
13438;843;16,53
13441;844;16,63
13442;843;16,53
13443;840;16,22
13445;844;16,63
13446;843;16,53
13448;841;16,32
13449;840;16,22
13451;839;16,12
13452;842;16,42
13453;839;16,12
13455;838;16,02
13456;838;16,02
13458;841;16,32
13459;838;16,02
13460;837;15,92
13462;838;16,02
13463;837;15,92
13465;840;16,22
13466;837;15,92
13467;841;16,32
13469;837;15,92
13470;836;15,82
13472;835;15,72
13473;829;15,12
13475;834;15,62
13476;835;15,72
13477;830;15,22
13479;829;15,12
13480;829;15,12
13483;836;15,82
13484;825;14,71
13485;826;14,81
13487;839;16,12
13488;826;14,81
13490;832;15,42
13491;829;15,12
13492;832;15,42
13494;832;15,42
13495;832;15,42
13497;833;15,52
13498;836;15,82
13500;835;15,72
13501;839;16,12
13502;834;15,62
13504;836;15,82
13505;836;15,82
13507;838;16,02
13508;837;15,92
13509;839;16,12
13511;837;15,92
13512;840;16,22
13514;838;16,02
13515;839;16,12
13516;841;16,32
13518;838;16,02
13519;835;15,72
13521;835;15,72
13522;833;15,52
13523;833;15,52
13526;831;15,32
13527;828;15,02
13529;826;14,81
13530;829;15,12
13532;824;14,61
13533;824;14,61
13534;823;14,51
13536;819;14,11
13537;821;14,31
13539;816;13,81
13540;816;13,81
13541;816;13,81
13543;813;13,51
13544;815;13,71
13546;812;13,40
13547;812;13,40
13548;812;13,40
13550;811;13,30
13551;811;13,30
13553;810;13,20
13554;812;13,40
13556;811;13,30
13557;810;13,20
13558;809;13,10
13560;809;13,10
13561;808;13,00
13563;811;13,30
13564;807;12,90
13565;809;13,10
13568;807;12,90
13569;807;12,90
13571;807;12,90
13572;804;12,60
13573;806;12,80
13575;805;12,70
13576;802;12,40
13578;805;12,70
13579;805;12,70
13581;804;12,60
13582;804;12,60
13583;803;12,50
13585;800;12,20
13586;800;12,20
13588;802;12,40
13589;801;12,30
13590;781;10,28
13592;804;12,60
13593;797;11,89
13595;783;10,49
13596;791;11,29
13597;818;14,01
13599;806;12,80
13600;781;10,28
13602;819;14,11
13603;820;14,21
13605;781;10,28
13606;787;10,89
13607;802;12,40
13609;800;12,20
13611;792;11,39
13613;795;11,69
13614;798;12,00
13615;799;12,10
13617;801;12,30
13618;800;12,20
13620;803;12,50
13621;800;12,20
13622;794;11,59
13624;801;12,30
13625;805;12,70
13627;801;12,30
13628;811;13,30
13630;802;12,40
13631;805;12,70
13632;813;13,51
13634;806;12,80
13635;803;12,50
13637;805;12,70
13638;802;12,40
13639;800;12,20
13641;795;11,69
13642;807;12,90
13644;812;13,40
13645;793;11,49
13646;800;12,20
13648;801;12,30
13649;793;11,49
13651;802;12,40
13652;806;12,80
13654;794;11,59
13656;787;10,89
13657;800;12,20
13659;801;12,30
13660;791;11,29
13662;790;11,19
13663;807;12,90
13664;803;12,50
13666;795;11,69
13667;793;11,49
13669;801;12,30
13670;805;12,70
13671;806;12,80
13673;805;12,70
13674;804;12,60
13676;805;12,70
13677;803;12,50
13678;801;12,30
13680;804;12,60
13681;803;12,50
13683;803;12,50
13684;806;12,80
13686;807;12,90
13687;802;12,40
13688;802;12,40
13690;800;12,20
13691;803;12,50
13693;801;12,30
13694;802;12,40
13696;801;12,30
13698;800;12,20
13699;799;12,10
13701;797;11,89
13702;799;12,10
13703;800;12,20
13705;803;12,50
13706;803;12,50
13708;805;12,70
13709;803;12,50
13711;801;12,30
13712;807;12,90
13713;803;12,50
13715;803;12,50
13716;805;12,70
13718;805;12,70
13719;804;12,60
13720;805;12,70
13722;805;12,70
13723;807;12,90
13725;807;12,90
13726;806;12,80
13727;806;12,80
13729;806;12,80
13730;808;13,00
13732;806;12,80
13733;805;12,70
13735;805;12,70
13736;805;12,70
13737;802;12,40
13740;802;12,40
13741;807;12,90
13743;804;12,60
13744;804;12,60
13745;806;12,80
13747;804;12,60
13748;804;12,60
13750;803;12,50
13751;803;12,50
13752;805;12,70
13754;803;12,50
13755;805;12,70
13757;805;12,70
13758;805;12,70
13760;806;12,80
13761;810;13,20
13762;805;12,70
13764;803;12,50
13765;805;12,70
13767;807;12,90
13768;808;13,00
13769;803;12,50
13771;802;12,40
13772;802;12,40
13774;804;12,60
13775;801;12,30
13776;799;12,10
13778;800;12,20
13779;801;12,30
13782;798;12,00
13783;800;12,20
13784;800;12,20
13786;798;12,00
13787;799;12,10
13789;799;12,10
13790;797;11,89
13792;797;11,89
13793;798;12,00
13794;795;11,69
13796;797;11,89
13797;800;12,20
13799;797;11,89
13800;800;12,20
13801;800;12,20
13803;803;12,50
13804;803;12,50
13806;800;12,20
13807;802;12,40
13808;802;12,40
13810;807;12,90
13811;803;12,50
13813;806;12,80
13814;807;12,90
13816;805;12,70
13817;807;12,90
13818;806;12,80
13820;808;13,00
13821;806;12,80
13824;811;13,30
13825;807;12,90
13826;811;13,30
13828;809;13,10
13829;809;13,10
13831;809;13,10
13832;809;13,10
13833;809;13,10
13835;809;13,10
13836;808;13,00
13838;808;13,00
13839;805;12,70
13841;807;12,90
13842;807;12,90
13843;806;12,80
13845;806;12,80
13846;801;12,30
13848;797;11,89
13849;796;11,79
13850;795;11,69
13852;794;11,59
13853;796;11,79
13855;789;11,09
13856;789;11,09
13857;794;11,59
13859;793;11,49
13860;795;11,69
13862;804;12,60
13863;805;12,70
13865;808;13,00
13867;806;12,80
13868;809;13,10
13870;800;12,20
13871;802;12,40
13873;804;12,60
13874;810;13,20
13875;816;13,81
13877;817;13,91
13878;813;13,51
13880;817;13,91
13881;810;13,20
13882;808;13,00
13884;816;13,81
13885;821;14,31
13887;816;13,81
13888;807;12,90
13889;804;12,60
13891;808;13,00
13892;818;14,01
13894;815;13,71
13895;810;13,20
13897;802;12,40
13898;799;12,10
13899;804;12,60
13901;806;12,80
13902;805;12,70
13904;794;11,59
13905;791;11,29
13906;798;12,00
13908;803;12,50
13910;802;12,40
13912;801;12,30
13913;790;11,19
13914;790;11,19
13916;791;11,29
13917;798;12,00
13919;800;12,20
13920;801;12,30
13922;799;12,10
13923;792;11,39
13924;788;10,99
13926;789;11,09
13927;794;11,59
13929;795;11,69
13930;795;11,69
13931;797;11,89
13933;791;11,29
13934;783;10,49
13936;783;10,49
13937;784;10,59
13938;780;10,18
13940;780;10,18
13941;794;11,59
13943;796;11,79
13944;796;11,79
13946;793;11,49
13947;795;11,69
13948;795;11,69
13950;795;11,69
13952;789;11,09
13954;792;11,39
13955;787;10,89
13956;789;11,09
13958;788;10,99
13959;787;10,89
13961;791;11,29
13962;794;11,59
13963;793;11,49
13965;789;11,09
13966;789;11,09
13968;785;10,69
13969;784;10,59
13971;787;10,89
13972;791;11,29
13973;785;10,69
13975;788;10,99
13976;788;10,99
13978;787;10,89
13979;785;10,69
13980;789;11,09
13982;787;10,89
13983;785;10,69
13985;784;10,59
13986;786;10,79
13987;785;10,69
13989;786;10,79
13990;784;10,59
13992;787;10,89
13993;785;10,69
13996;784;10,59
13997;782;10,38
13998;781;10,28
14000;778;9,98
14001;780;10,18
14002;776;9,78
14004;776;9,78
14005;783;10,49
14007;775;9,68
14008;775;9,68
14009;776;9,78
14011;776;9,78
14012;779;10,08
14013;775;9,68
14015;778;9,98
14016;771;9,28
14017;775;9,68
14019;776;9,78
14020;773;9,48
14021;775;9,68
14023;775;9,68
14024;773;9,48
14025;771;9,28
14027;771;9,28
14028;769;9,08
14029;768;8,98
14031;771;9,28
14032;771;9,28
14033;769;9,08
14035;770;9,18
14036;767;8,87
14038;767;8,87
14040;767;8,87
14041;767;8,87
14042;767;8,87
14044;767;8,87
14045;767;8,87
14046;765;8,67
14047;765;8,67
14049;765;8,67
14050;764;8,57
14051;763;8,47
14053;763;8,47
14054;764;8,57
14055;762;8,37
14057;761;8,27
14058;759;8,07
14059;759;8,07
14061;759;8,07
14062;765;8,67
14063;766;8,77
14065;760;8,17
14066;761;8,27
14067;763;8,47
14069;761;8,27
14070;762;8,37
14071;760;8,17
14073;762;8,37
14074;759;8,07
14075;760;8,17
14077;759;8,07
14078;759;8,07
14080;761;8,27
14082;759;8,07
14083;758;7,97
14084;761;8,27
14086;755;7,67
14087;756;7,77
14088;762;8,37
14090;754;7,57
14091;755;7,67
14092;757;7,87
14094;753;7,47
14095;753;7,47
14096;756;7,77
14098;752;7,36
14099;753;7,47
14100;752;7,36
14102;750;7,16
14103;749;7,06
14104;751;7,26
14106;749;7,06
14107;753;7,47
14108;752;7,36
14110;750;7,16
14111;751;7,26
14112;747;6,86
14114;750;7,16
14115;750;7,16
14116;749;7,06
14118;749;7,06
14119;751;7,26
14120;750;7,16
14123;750;7,16
14124;753;7,47
14125;751;7,26
14127;750;7,16
14128;752;7,36
14129;751;7,26
14131;752;7,36
14132;752;7,36
14133;754;7,57
14134;751;7,26
14136;748;6,96
14137;752;7,36
14138;751;7,26
14140;750;7,16
14141;757;7,87
14142;754;7,57
14144;757;7,87
14145;753;7,47
14146;755;7,67
14148;757;7,87
14149;753;7,47
14150;756;7,77
14152;756;7,77
14153;757;7,87
14154;761;8,27
14156;758;7,97
14157;763;8,47
14158;759;8,07
14160;760;8,17
14161;760;8,17
14162;761;8,27
14164;760;8,17
14166;765;8,67
14167;761;8,27
14169;767;8,87
14170;769;9,08
14171;763;8,47
14173;766;8,77
14174;766;8,77
14175;764;8,57
14177;767;8,87
14178;769;9,08
14179;765;8,67
14181;767;8,87
14182;770;9,18
14183;768;8,98
14185;767;8,87
14186;767;8,87
14187;772;9,38
14189;769;9,08
14190;773;9,48
14191;771;9,28
14193;769;9,08
14194;770;9,18
14195;772;9,38
14197;771;9,28
14198;772;9,38
14199;772;9,38
14201;772;9,38
14202;772;9,38
14203;772;9,38
14205;773;9,48
14206;774;9,58
14208;775;9,68
14210;774;9,58
14211;776;9,78
14212;778;9,98
14214;776;9,78
14215;775;9,68
14216;777;9,88
14218;777;9,88
14219;781;10,28
14220;778;9,98
14222;783;10,49
14223;778;9,98
14224;782;10,38
14226;779;10,08
14227;779;10,08
14229;779;10,08
14230;781;10,28
14231;779;10,08
14233;780;10,18
14234;780;10,18
14236;780;10,18
14237;780;10,18
14238;782;10,38
14240;780;10,18
14241;780;10,18
14243;781;10,28
14244;781;10,28
14245;784;10,59
14247;783;10,49
14248;784;10,59
14251;781;10,28
14252;781;10,28
14254;780;10,18
14255;782;10,38
14256;783;10,49
14258;784;10,59
14259;785;10,69
14261;781;10,28
14262;779;10,08
14263;784;10,59
14265;781;10,28
14266;784;10,59
14268;781;10,28
14269;780;10,18
14270;781;10,28
14272;781;10,28
14273;779;10,08
14275;777;9,88
14276;779;10,08
14277;777;9,88
14279;779;10,08
14280;777;9,88
14282;776;9,78
14283;776;9,78
14284;775;9,68
14285;776;9,78
14287;776;9,78
14288;774;9,58
14289;776;9,78
14291;777;9,88
14292;773;9,48
14294;774;9,58
14296;775;9,68
14297;776;9,78
14298;773;9,48
14300;774;9,58
14301;774;9,58
14302;774;9,58
14304;776;9,78
14305;772;9,38
14306;772;9,38
14308;772;9,38
14309;773;9,48
14310;772;9,38
14312;773;9,48
14313;771;9,28
14314;775;9,68
14316;770;9,18
14317;776;9,78
14318;770;9,18
14320;770;9,18
14321;775;9,68
14322;772;9,38
14324;769;9,08
14325;769;9,08
14326;769;9,08
14328;770;9,18
14329;768;8,98
14330;767;8,87
14332;772;9,38
14333;767;8,87
14334;771;9,28
14337;768;8,98
14338;766;8,77
14339;767;8,87
14341;769;9,08
14342;767;8,87
14343;767;8,87
14345;765;8,67
14346;769;9,08
14347;766;8,77
14349;765;8,67
14350;767;8,87
14351;765;8,67
14353;767;8,87
14354;763;8,47
14355;764;8,57
14357;765;8,67
14358;764;8,57
14359;766;8,77
14361;766;8,77
14362;765;8,67
14363;763;8,47
14365;767;8,87
14366;765;8,67
14367;769;9,08
14369;767;8,87
14370;766;8,77
14371;767;8,87
14372;764;8,57
14374;766;8,77
14375;766;8,77
14376;767;8,87
14379;769;9,08
14380;766;8,77
14381;765;8,67
14383;766;8,77
14384;765;8,67
14385;769;9,08
14387;765;8,67
14388;765;8,67
14389;765;8,67
14391;766;8,77
14392;766;8,77
14393;766;8,77
14395;766;8,77
14396;765;8,67
14397;764;8,57
14399;765;8,67
14400;767;8,87
14401;764;8,57
14403;764;8,57
14404;763;8,47
14405;765;8,67
14407;765;8,67
14408;765;8,67
14409;763;8,47
14411;763;8,47
14412;764;8,57
14413;763;8,47
14415;764;8,57
14416;763;8,47
14417;769;9,08
14419;764;8,57
14420;767;8,87
14422;763;8,47
14424;763;8,47
14425;762;8,37
14426;763;8,47
14428;763;8,47
14429;764;8,57
14430;762;8,37
14432;761;8,27
14433;759;8,07
14434;764;8,57
14436;761;8,27
14437;758;7,97
14438;758;7,97
14440;757;7,87
14441;759;8,07
14442;760;8,17
14444;759;8,07
14445;759;8,07
14446;761;8,27
14448;761;8,27
14449;759;8,07
14450;762;8,37
14452;761;8,27
14453;760;8,17
14454;761;8,27
14456;761;8,27
14457;760;8,17
14458;762;8,37
14459;759;8,07
14461;759;8,07
14462;761;8,27
14464;761;8,27
14466;760;8,17
14467;763;8,47
14468;760;8,17
14470;766;8,77
14471;765;8,67
14472;761;8,27
14474;763;8,47
14475;762;8,37
14476;763;8,47
14478;764;8,57
14479;764;8,57
14480;767;8,87
14482;767;8,87
14483;762;8,37
14484;764;8,57
14486;765;8,67
14487;763;8,47
14488;763;8,47
14490;767;8,87
14491;767;8,87
14492;765;8,67
14494;765;8,67
14495;769;9,08
14496;764;8,57
14498;765;8,67
14499;763;8,47
14500;763;8,47
14502;763;8,47
14503;767;8,87
14504;764;8,57
14507;761;8,27
14508;765;8,67
14509;761;8,27
14511;765;8,67
14512;763;8,47
14513;760;8,17
14515;761;8,27
14516;760;8,17
14517;761;8,27
14519;762;8,37
14520;760;8,17
14521;760;8,17
14523;760;8,17
14524;757;7,87
14525;759;8,07
14527;758;7,97
14528;759;8,07
14529;761;8,27
14531;757;7,87
14532;759;8,07
14533;760;8,17
14535;759;8,07
14536;763;8,47
14537;764;8,57
14539;762;8,37
14540;760;8,17
14541;758;7,97
14543;763;8,47
14544;764;8,57
14545;764;8,57
14546;760;8,17
14548;760;8,17
14550;758;7,97
14551;759;8,07
14553;760;8,17
14554;760;8,17
14555;763;8,47
14557;760;8,17
14558;760;8,17
14559;763;8,47
14561;761;8,27
14562;760;8,17
14563;760;8,17
14565;761;8,27
14566;761;8,27
14567;761;8,27
14569;766;8,77
14570;766;8,77
14571;760;8,17
14573;764;8,57
14574;761;8,27
14575;760;8,17
14577;759;8,07
14578;761;8,27
14579;763;8,47
14581;761;8,27
14582;760;8,17
14583;759;8,07
14585;759;8,07
14586;757;7,87
14587;760;8,17
14589;759;8,07
14590;759;8,07
14592;758;7,97
14594;762;8,37
14595;758;7,97
14596;759;8,07
14598;760;8,17
14599;759;8,07
14600;759;8,07
14602;762;8,37
14603;760;8,17
14604;759;8,07
14606;759;8,07
14607;760;8,17
14608;760;8,17
14610;757;7,87
14611;761;8,27
14612;759;8,07
14614;757;7,87
14615;758;7,97
14616;758;7,97
14618;758;7,97
14619;761;8,27
14620;758;7,97
14622;759;8,07
14623;757;7,87
14624;757;7,87
14626;757;7,87
14627;756;7,77
14628;758;7,97
14630;760;8,17
14631;756;7,77
14632;759;8,07
14633;759;8,07
14636;756;7,77
14637;756;7,77
14638;756;7,77
14640;756;7,77
14641;756;7,77
14642;755;7,67
14644;755;7,67
14645;758;7,97
14646;755;7,67
14648;756;7,77
14649;756;7,77
14650;754;7,57
14652;756;7,77
14653;756;7,77
14654;757;7,87
14656;756;7,77
14657;761;8,27
14658;758;7,97
14660;755;7,67
14661;755;7,67
14662;759;8,07
14664;760;8,17
14665;759;8,07
14666;755;7,67
14668;756;7,77
14669;756;7,77
14670;756;7,77
14672;756;7,77
14673;757;7,87
14674;760;8,17
14676;759;8,07
14678;756;7,77
14679;759;8,07
14681;756;7,77
14682;757;7,87
14683;756;7,77
14685;758;7,97
14686;757;7,87
14687;758;7,97
14689;756;7,77
14690;757;7,87
14691;756;7,77
14693;755;7,67
14694;755;7,67
14695;755;7,67
14697;755;7,67
14698;753;7,47
14699;753;7,47
14701;754;7,57
14702;754;7,57
14703;752;7,36
14705;753;7,47
14706;754;7,57
14707;758;7,97
14709;753;7,47
14710;754;7,57
14711;755;7,67
14713;759;8,07
14714;757;7,87
14715;756;7,77
14717;756;7,77
14718;765;8,67
14720;758;7,97
14721;756;7,77
14723;758;7,97
14724;756;7,77
14725;755;7,67
14727;758;7,97
14728;756;7,77
14729;759;8,07
14731;758;7,97
14732;758;7,97
14733;756;7,77
14735;758;7,97
14736;759;8,07
14737;759;8,07
14739;756;7,77
14740;761;8,27
14741;760;8,17
14743;758;7,97
14744;757;7,87
14745;758;7,97
14747;757;7,87
14748;757;7,87
14749;757;7,87
14751;759;8,07
14752;757;7,87
14753;757;7,87
14755;758;7,97
14756;760;8,17
14757;758;7,97
14759;758;7,97
14760;759;8,07
14761;759;8,07
14764;758;7,97
14765;761;8,27
14766;759;8,07
14768;759;8,07
14769;764;8,57
14770;757;7,87
14772;757;7,87
14773;758;7,97
14774;757;7,87
14776;761;8,27
14777;757;7,87
14778;758;7,97
14780;757;7,87
14781;763;8,47
14782;758;7,97
14784;757;7,87
14785;758;7,97
14786;759;8,07
14788;760;8,17
14789;761;8,27
14790;760;8,17
14792;760;8,17
14793;762;8,37
14794;761;8,27
14796;765;8,67
14797;763;8,47
14798;764;8,57
14800;765;8,67
14801;767;8,87
14802;763;8,47
14804;765;8,67
14806;763;8,47
14807;763;8,47
14808;762;8,37
14810;761;8,27
14811;762;8,37
14812;765;8,67
14814;763;8,47
14815;766;8,77
14816;764;8,57
14818;761;8,27
14819;761;8,27
14820;763;8,47
14822;763;8,47
14823;759;8,07
14824;764;8,57
14826;762;8,37
14827;759;8,07
14828;760;8,17
14830;760;8,17
14831;760;8,17
14832;758;7,97
14834;758;7,97
14835;757;7,87
14836;758;7,97
14838;759;8,07
14839;765;8,67
14840;759;8,07
14842;761;8,27
14843;761;8,27
14844;762;8,37
14846;763;8,47
14848;764;8,57
14849;762;8,37
14851;761;8,27
14852;765;8,67
14853;762;8,37
14855;763;8,47
14856;765;8,67
14857;768;8,98
14859;767;8,87
14860;765;8,67
14861;765;8,67
14863;770;9,18
14864;771;9,28
14865;766;8,77
14867;766;8,77
14868;767;8,87
14869;767;8,87
14871;769;9,08
14872;768;8,98
14873;767;8,87
14875;770;9,18
14876;767;8,87
14877;766;8,77
14879;769;9,08
14880;770;9,18
14881;766;8,77
14883;765;8,67
14884;765;8,67
14885;765;8,67
14887;766;8,77
14888;764;8,57
14889;767;8,87
14892;764;8,57
14893;762;8,37
14894;764;8,57
14895;761;8,27
14897;761;8,27
14898;759;8,07
14899;763;8,47
14901;762;8,37
14902;762;8,37
14903;762;8,37
14905;763;8,47
14906;762;8,37
14907;762;8,37
14909;763;8,47
14910;763;8,47
14911;767;8,87
14913;764;8,57
14914;766;8,77
14915;768;8,98
14917;770;9,18
14918;767;8,87
14919;769;9,08
14921;768;8,98
14922;770;9,18
14923;770;9,18
14925;772;9,38
14926;775;9,68
14927;773;9,48
14929;771;9,28
14930;772;9,38
14931;772;9,38
14934;770;9,18
14935;772;9,38
14936;777;9,88
14938;769;9,08
14939;769;9,08
14940;769;9,08
14942;769;9,08
14943;767;8,87
14944;771;9,28
14946;768;8,98
14947;768;8,98
14948;768;8,98
14950;775;9,68
14951;767;8,87
14952;767;8,87
14954;768;8,98
14955;769;9,08
14956;766;8,77
14958;766;8,77
14959;767;8,87
14960;769;9,08
14962;765;8,67
14963;764;8,57
14964;765;8,67
14966;763;8,47
14967;763;8,47
14968;765;8,67
14970;765;8,67
14971;768;8,98
14972;769;9,08
14974;767;8,87
14976;765;8,67
14977;766;8,77
14979;767;8,87
14980;767;8,87
14981;768;8,98
14982;767;8,87
14984;771;9,28
14985;772;9,38
14986;768;8,98
14988;769;9,08
14989;770;9,18
14990;770;9,18
14992;775;9,68
14993;769;9,08
14994;770;9,18
14996;767;8,87
14997;770;9,18
14998;770;9,18
15000;774;9,58
15001;773;9,48
15002;767;8,87
15004;770;9,18
15005;771;9,28
15006;769;9,08
15008;769;9,08
15009;770;9,18
15010;766;8,77
15012;768;8,98
15013;766;8,77
15014;766;8,77
15016;765;8,67
15017;763;8,47
15019;766;8,77
15021;764;8,57
15022;763;8,47
15023;764;8,57
15025;764;8,57
15026;765;8,67
15027;763;8,47
15029;764;8,57
15030;766;8,77
15031;769;9,08
15033;765;8,67
15034;764;8,57
15035;765;8,67
15037;764;8,57
15038;763;8,47
15039;766;8,77
15041;763;8,47
15042;765;8,67
15043;765;8,67
15045;761;8,27
15046;762;8,37
15047;767;8,87
15049;765;8,67
15050;766;8,77
15051;762;8,37
15053;766;8,77
15054;763;8,47
15055;762;8,37
15057;764;8,57
15058;767;8,87
15059;761;8,27
15062;764;8,57
15063;762;8,37
15064;764;8,57
15066;766;8,77
15067;763;8,47
15068;765;8,67
15069;766;8,77
15071;765;8,67
15072;765;8,67
15073;764;8,57
15075;771;9,28
15076;766;8,77
15077;765;8,67
15079;771;9,28
15080;766;8,77
15081;763;8,47
15083;764;8,57
15084;766;8,77
15085;769;9,08
15087;766;8,77
15088;763;8,47
15089;770;9,18
15091;768;8,98
15092;765;8,67
15093;767;8,87
15095;765;8,67
15096;766;8,77
15097;768;8,98
15099;767;8,87
15100;766;8,77
15101;768;8,98
15104;773;9,48
15105;766;8,77
15106;767;8,87
15108;772;9,38
15109;769;9,08
15110;768;8,98
15112;769;9,08
15113;765;8,67
15114;767;8,87
15116;767;8,87
15117;766;8,77
15118;766;8,77
15120;767;8,87
15121;766;8,77
15122;766;8,77
15124;765;8,67
15125;765;8,67
15126;766;8,77
15128;766;8,77
15129;765;8,67
15130;768;8,98
15132;767;8,87
15133;766;8,77
15134;766;8,77
15136;767;8,87
15137;765;8,67
15138;767;8,87
15140;768;8,98
15141;766;8,77
15142;765;8,67
15144;768;8,98
15145;771;9,28
15147;770;9,18
15149;769;9,08
15150;775;9,68
15151;772;9,38
15153;769;9,08
15154;768;8,98
15155;774;9,58
15156;772;9,38
15158;772;9,38
15159;772;9,38
15160;772;9,38
15162;774;9,58
15163;771;9,28
15164;772;9,38
15166;776;9,78
15167;773;9,48
15168;780;10,18
15170;774;9,58
15171;771;9,28
15173;773;9,48
15174;772;9,38
15175;779;10,08
15177;773;9,48
15178;775;9,68
15179;772;9,38
15181;772;9,38
15182;779;10,08
15183;772;9,38
15185;770;9,18
15186;773;9,48
15187;769;9,08
15190;769;9,08
15191;769;9,08
15192;771;9,28
15194;770;9,18
15195;771;9,28
15196;773;9,48
15198;769;9,08
15199;770;9,18
15200;769;9,08
15202;777;9,88
15203;767;8,87
15204;770;9,18
15206;769;9,08
15207;767;8,87
15208;777;9,88
15210;769;9,08
15211;774;9,58
15212;768;8,98
15214;772;9,38
15215;770;9,18
15216;771;9,28
15218;773;9,48
15219;775;9,68
15220;774;9,58
15221;776;9,78
15223;773;9,48
15224;776;9,78
15225;773;9,48
15227;774;9,58
15228;773;9,48
15229;774;9,58
15232;778;9,98
15233;777;9,88
15234;780;10,18
15236;773;9,48
15237;776;9,78
15239;776;9,78
15240;773;9,48
15241;774;9,58
15242;773;9,48
15244;774;9,58
15245;772;9,38
15246;772;9,38
15248;771;9,28
15249;773;9,48
15250;775;9,68
15252;771;9,28
15253;770;9,18
15254;768;8,98
15256;776;9,78
15257;768;8,98
15258;774;9,58
15260;771;9,28
15261;767;8,87
15262;767;8,87
15264;773;9,48
15265;772;9,38
15266;767;8,87
15268;770;9,18
15269;765;8,67
15270;768;8,98
15272;768;8,98
15273;767;8,87
15275;772;9,38
15277;767;8,87
15278;770;9,18
15279;771;9,28
15281;776;9,78
15282;769;9,08
15283;774;9,58
15285;778;9,98
15286;772;9,38
15287;772;9,38
15289;773;9,48
15290;781;10,28
15291;774;9,58
15293;784;10,59
15294;775;9,68
15295;773;9,48
15297;776;9,78
15298;780;10,18
15300;773;9,48
15301;774;9,58
15302;773;9,48
15304;773;9,48
15305;773;9,48
15306;773;9,48
15307;771;9,28
15309;778;9,98
15310;769;9,08
15311;771;9,28
15313;769;9,08
15314;776;9,78
15315;771;9,28
15318;770;9,18
15319;768;8,98
15320;767;8,87
15322;767;8,87
15323;776;9,78
15324;767;8,87
15326;768;8,98
15327;767;8,87
15328;765;8,67
15330;765;8,67
15331;769;9,08
15332;766;8,77
15334;771;9,28
15335;765;8,67
15336;767;8,87
15338;766;8,77
15339;769;9,08
15340;766;8,77
15342;770;9,18
15343;766;8,77
15344;767;8,87
15346;771;9,28
15347;772;9,38
15348;769;9,08
15350;769;9,08
15351;769;9,08
15352;771;9,28
15354;769;9,08
15355;771;9,28
15356;771;9,28
15358;774;9,58
15360;771;9,28
15361;774;9,58
15363;777;9,88
15364;773;9,48
15365;774;9,58
15367;773;9,48
15368;775;9,68
15369;773;9,48
15371;782;10,38
15372;774;9,58
15373;774;9,58
15375;773;9,48
15376;773;9,48
15377;775;9,68
15379;775;9,68
15380;773;9,48
15381;771;9,28
15383;770;9,18
15384;769;9,08
15385;771;9,28
15387;775;9,68
15388;771;9,28
15389;775;9,68
15391;771;9,28
15392;773;9,48
15393;773;9,48
15395;766;8,77
15396;767;8,87
15397;766;8,77
15399;765;8,67
15400;771;9,28
15401;766;8,77
15404;766;8,77
15405;770;9,18
15406;767;8,87
15408;767;8,87
15409;771;9,28
15410;769;9,08
15412;767;8,87
15413;768;8,98
15414;767;8,87
15415;772;9,38
15417;773;9,48
15418;767;8,87
15419;769;9,08
15421;770;9,18
15422;767;8,87
15423;770;9,18
15425;767;8,87
15426;770;9,18
15427;768;8,98
15429;769;9,08
15430;770;9,18
15431;768;8,98
15433;771;9,28
15434;771;9,28
15435;768;8,98
15437;771;9,28
15438;769;9,08
15439;769;9,08
15441;773;9,48
15442;770;9,18
15443;770;9,18
15446;768;8,98
15447;769;9,08
15448;769;9,08
15450;771;9,28
15451;768;8,98
15452;769;9,08
15454;774;9,58
15455;769;9,08
15456;767;8,87
15458;769;9,08
15459;766;8,77
15460;771;9,28
15462;767;8,87
15463;770;9,18
15464;767;8,87
15466;766;8,77
15467;763;8,47
15468;765;8,67
15470;763;8,47
15471;770;9,18
15472;765;8,67
15474;765;8,67
15475;765;8,67
15476;763;8,47
15478;767;8,87
15479;767;8,87
15480;766;8,77
15482;765;8,67
15483;765;8,67
15484;764;8,57
15486;771;9,28
15488;763;8,47
15489;764;8,57
15491;763;8,47
15492;762;8,37
15493;764;8,57
15495;762;8,37
15496;764;8,57
15497;765;8,67
15499;765;8,67
15500;761;8,27
15501;767;8,87
15502;761;8,27
15504;762;8,37
15505;766;8,77
15506;761;8,27
15508;769;9,08
15509;767;8,87
15510;762;8,37
15512;769;9,08
15513;768;8,98
15514;763;8,47
15516;761;8,27
15517;762;8,37
15518;764;8,57
15520;769;9,08
15521;762;8,37
15522;763;8,47
15524;762;8,37
15525;761;8,27
15526;762;8,37
15528;759;8,07
15529;764;8,57
15531;762;8,37
15533;764;8,57
15534;762;8,37
15535;763;8,47
15537;764;8,57
15538;763;8,47
15539;763;8,47
15541;762;8,37
15542;766;8,77
15543;762;8,37
15545;762;8,37
15546;771;9,28
15547;762;8,37
15549;770;9,18
15550;764;8,57
15551;763;8,47
15553;763;8,47
15554;764;8,57
15555;764;8,57
15557;771;9,28
15558;771;9,28
15559;765;8,67
15561;765;8,67
15562;764;8,57
15563;764;8,57
15565;766;8,77
15566;763;8,47
15567;763;8,47
15569;767;8,87
15570;762;8,37
15571;762;8,37
15574;763;8,47
15575;765;8,67
15576;762;8,37
15578;761;8,27
15579;760;8,17
15580;764;8,57
15582;759;8,07
15583;765;8,67
15584;759;8,07
15586;758;7,97
15587;758;7,97
15588;759;8,07
15589;766;8,77
15591;766;8,77
15592;761;8,27
15593;762;8,37
15595;764;8,57
15596;760;8,17
15597;761;8,27
15599;761;8,27
15600;765;8,67
15601;763;8,47
15603;761;8,27
15604;762;8,37
15605;763;8,47
15607;764;8,57
15608;769;9,08
15609;765;8,67
15611;773;9,48
15612;767;8,87
15613;768;8,98
15616;770;9,18
15617;768;8,98
15618;767;8,87
15620;767;8,87
15621;769;9,08
15622;774;9,58
15624;771;9,28
15625;772;9,38
15626;774;9,58
15628;770;9,18
15629;770;9,18
15630;774;9,58
15632;772;9,38
15633;772;9,38
15634;771;9,28
15636;768;8,98
15637;767;8,87
15638;775;9,68
15640;776;9,78
15641;770;9,18
15642;771;9,28
15644;772;9,38
15645;769;9,08
15646;773;9,48
15648;770;9,18
15649;768;8,98
15650;778;9,98
15652;775;9,68
15653;773;9,48
15654;767;8,87
15656;773;9,48
15657;775;9,68
15659;768;8,98
15661;771;9,28
15662;773;9,48
15663;770;9,18
15665;767;8,87
15666;769;9,08
15667;770;9,18
15669;772;9,38
15670;770;9,18
15671;770;9,18
15673;773;9,48
15674;769;9,08
15675;769;9,08
15676;771;9,28
15678;768;8,98
15679;769;9,08
15680;772;9,38
15682;772;9,38
15683;773;9,48
15684;771;9,28
15686;772;9,38
15687;770;9,18
15688;771;9,28
15690;783;10,49
15691;776;9,78
15693;777;9,88
15694;774;9,58
15695;773;9,48
15697;777;9,88
15698;777;9,88
15699;775;9,68
15700;777;9,88
15703;778;9,98
15704;777;9,88
15705;773;9,48
15707;776;9,78
15708;774;9,58
15709;772;9,38
15711;773;9,48
15712;775;9,68
15713;778;9,98
15715;773;9,48
15716;773;9,48
15717;774;9,58
15719;776;9,78
15720;773;9,48
15721;774;9,58
15723;773;9,48
15724;779;10,08
15725;776;9,78
15727;775;9,68
15728;773;9,48
15729;773;9,48
15731;783;10,49
15732;772;9,38
15734;781;10,28
15735;772;9,38
15736;775;9,68
15738;774;9,58
15739;777;9,88
15740;774;9,58
15742;774;9,58
15744;769;9,08
15745;771;9,28
15747;776;9,78
15748;776;9,78
15749;770;9,18
15751;771;9,28
15752;775;9,68
15753;777;9,88
15755;773;9,48
15756;777;9,88
15757;777;9,88
15759;770;9,18
15760;776;9,78
15761;767;8,87
15763;767;8,87
15764;767;8,87
15765;773;9,48
15766;766;8,77
15768;765;8,67
15769;765;8,67
15770;764;8,57
15772;764;8,57
15773;764;8,57
15774;768;8,98
15776;766;8,77
15777;766;8,77
15778;765;8,67
15780;766;8,77
15781;764;8,57
15782;766;8,77
15784;757;7,87
15785;771;9,28
15787;767;8,87
15789;765;8,67
15790;765;8,67
15791;765;8,67
15793;769;9,08
15794;766;8,77
15795;766;8,77
15797;767;8,87
15798;766;8,77
15799;766;8,77
15801;766;8,77
15802;766;8,77
15803;766;8,77
15805;767;8,87
15806;773;9,48
15807;769;9,08
15809;770;9,18
15810;775;9,68
15811;770;9,18
15813;775;9,68
15814;774;9,58
15815;770;9,18
15817;771;9,28
15818;772;9,38
15819;771;9,28
15821;777;9,88
15822;771;9,28
15823;771;9,28
15825;772;9,38
15826;772;9,38
15827;769;9,08
15830;771;9,28
15831;779;10,08
15832;771;9,28
15834;772;9,38
15835;771;9,28
15836;771;9,28
15838;770;9,18
15839;776;9,78
15840;774;9,58
15842;771;9,28
15843;778;9,98
15844;776;9,78
15846;771;9,28
15847;774;9,58
15848;771;9,28
15850;775;9,68
15851;768;8,98
15852;773;9,48
15854;775;9,68
15855;769;9,08
15856;770;9,18
15858;770;9,18
15859;776;9,78
15860;775;9,68
15862;768;8,98
15863;770;9,18
15864;778;9,98
15866;767;8,87
15867;769;9,08
15868;773;9,48
15870;767;8,87
15872;769;9,08
15873;769;9,08
15874;767;8,87
15876;769;9,08
15877;767;8,87
15878;767;8,87
15880;772;9,38
15881;773;9,48
15882;768;8,98
15884;767;8,87
15885;775;9,68
15886;772;9,38
15888;768;8,98
15889;766;8,77
15890;772;9,38
15892;766;8,77
15893;772;9,38
15894;768;8,98
15896;770;9,18
15897;767;8,87
15898;766;8,77
15900;774;9,58
15901;765;8,67
15902;765;8,67
15904;765;8,67
15905;766;8,77
15906;765;8,67
15908;770;9,18
15909;768;8,98
15910;766;8,77
15912;770;9,18
15913;766;8,77
15915;766;8,77
15917;764;8,57
15918;766;8,77
15919;765;8,67
15921;765;8,67
15922;764;8,57
15923;767;8,87
15925;766;8,77
15926;772;9,38
15927;771;9,28
15929;765;8,67
15930;767;8,87
15931;767;8,87
15933;766;8,77
15934;766;8,77
15935;764;8,57
15937;771;9,28
15938;767;8,87
15939;765;8,67
15941;767;8,87
15942;764;8,57
15943;766;8,77
15945;763;8,47
15946;767;8,87
15947;763;8,47
15949;771;9,28
15950;764;8,57
15951;764;8,57
15953;766;8,77
15954;764;8,57
15955;764;8,57
15956;765;8,67
15959;765;8,67
15960;764;8,57
15961;765;8,67
15963;763;8,47
15964;765;8,67
15965;766;8,77
15967;764;8,57
15968;763;8,47
15969;765;8,67
15971;763;8,47
15972;764;8,57
15973;764;8,57
15975;764;8,57
15976;763;8,47
15977;763;8,47
15979;765;8,67
15980;765;8,67
15981;771;9,28
15983;763;8,47
15984;765;8,67
15985;775;9,68
15987;765;8,67
15988;773;9,48
15989;765;8,67
15991;765;8,67
15992;772;9,38
15993;764;8,57
15995;769;9,08
15996;765;8,67
15997;765;8,67
16000;767;8,87
16001;765;8,67
16002;765;8,67
16004;765;8,67
16005;770;9,18
16006;765;8,67
16008;764;8,57
16009;769;9,08
16010;766;8,77
16012;774;9,58
16013;764;8,57
16014;764;8,57
16016;767;8,87
16017;768;8,98
16018;764;8,57
16020;765;8,67
16021;764;8,57
16022;768;8,98
16024;767;8,87
16025;761;8,27
16026;761;8,27
16028;763;8,47
16029;763;8,47
16030;767;8,87
16032;763;8,47
16033;763;8,47
16034;764;8,57
16036;772;9,38
16037;764;8,57
16038;768;8,98
16040;769;9,08
16041;764;8,57
16043;764;8,57
16045;767;8,87
16046;764;8,57
16047;766;8,77
16048;772;9,38
16050;771;9,28
16051;767;8,87
16052;770;9,18
16054;767;8,87
16055;766;8,77
16056;766;8,77
16058;766;8,77
16059;769;9,08
16060;768;8,98
16062;766;8,77
16063;766;8,77
16064;766;8,77
16066;766;8,77
16067;766;8,77
16068;767;8,87
16070;767;8,87
16071;769;9,08
16072;771;9,28
16074;768;8,98
16075;767;8,87
16076;770;9,18
16078;768;8,98
16079;769;9,08
16080;771;9,28
16082;769;9,08
16083;770;9,18
16084;770;9,18
16087;771;9,28
16088;767;8,87
16089;767;8,87
16091;772;9,38
16092;771;9,28
16093;769;9,08
16095;772;9,38
16096;769;9,08
16097;768;8,98
16099;768;8,98
16100;768;8,98
16101;769;9,08
16103;772;9,38
16104;773;9,48
16105;771;9,28
16107;767;8,87
16108;771;9,28
16109;769;9,08
16111;767;8,87
16112;767;8,87
16113;770;9,18
16115;766;8,77
16116;767;8,87
16117;768;8,98
16119;765;8,67
16120;766;8,77
16121;766;8,77
16123;766;8,77
16124;765;8,67
16125;768;8,98
16128;765;8,67
16129;765;8,67
16130;764;8,57
16131;765;8,67
16133;767;8,87
16134;765;8,67
16135;764;8,57
16137;764;8,57
16138;765;8,67
16139;764;8,57
16141;766;8,77
16142;764;8,57
16143;764;8,57
16145;764;8,57
16146;766;8,77
16147;764;8,57
16149;769;9,08
16150;765;8,67
16151;765;8,67
16153;763;8,47
16154;764;8,57
16155;764;8,57
16157;764;8,57
16158;764;8,57
16159;768;8,98
16161;764;8,57
16162;765;8,67
16163;764;8,57
16165;766;8,77
16166;764;8,57
16167;765;8,67
16169;763;8,47
16171;763;8,47
16172;765;8,67
16174;763;8,47
16175;764;8,57
16176;761;8,27
16178;763;8,47
16179;764;8,57
16180;766;8,77
16182;763;8,47
16183;764;8,57
16184;767;8,87
16186;762;8,37
16187;763;8,47
16188;762;8,37
16190;764;8,57
16191;761;8,27
16192;761;8,27
16194;762;8,37
16195;762;8,37
16196;761;8,27
16198;762;8,37
16199;761;8,27
16200;760;8,17
16202;760;8,17
16203;759;8,07
16204;760;8,17
16206;761;8,27
16207;761;8,27
16208;764;8,57
16210;762;8,37
16211;761;8,27
16212;762;8,37
16215;759;8,07
16216;763;8,47
16217;760;8,17
16218;759;8,07
16220;762;8,37
16221;760;8,17
16222;761;8,27
16224;764;8,57
16225;762;8,37
16226;761;8,27
16228;760;8,17
16229;763;8,47
16230;759;8,07
16232;759;8,07
16233;763;8,47
16234;758;7,97
16236;764;8,57
16237;763;8,47
16238;757;7,87
16240;759;8,07
16241;756;7,77
16242;756;7,77
16244;759;8,07
16245;755;7,67
16246;759;8,07
16248;756;7,77
16249;757;7,87
16250;755;7,67
16252;760;8,17
16253;756;7,77
16254;755;7,67
16257;755;7,67
16258;756;7,77
16259;756;7,77
16261;759;8,07
16262;757;7,87
16263;757;7,87
16265;758;7,97
16266;758;7,97
16267;758;7,97
16269;758;7,97
16270;764;8,57
16271;763;8,47
16273;759;8,07
16274;760;8,17
16275;760;8,17
16277;759;8,07
16278;760;8,17
16279;759;8,07
16281;765;8,67
16282;762;8,37
16283;760;8,17
16285;758;7,97
16286;758;7,97
16287;759;8,07
16289;760;8,17
16290;759;8,07
16291;760;8,17
16293;760;8,17
16294;757;7,87
16295;756;7,77
16297;757;7,87
16299;757;7,87
16300;755;7,67
16302;756;7,77
16303;755;7,67
16304;755;7,67
16305;756;7,77
16307;758;7,97
16308;755;7,67
16309;757;7,87
16311;756;7,77
16312;754;7,57
16313;753;7,47
16315;753;7,47
16316;751;7,26
16317;748;6,96
16319;749;7,06
16320;744;6,56
16321;745;6,66
16323;744;6,56
16324;739;6,06
16325;737;5,85
16327;741;6,26
16328;740;6,16
16329;735;5,65
16331;733;5,45
16332;732;5,35
16333;732;5,35
16335;732;5,35
16336;734;5,55
16337;733;5,45
16339;733;5,45
16340;734;5,55
16342;734;5,55
16344;733;5,45
16345;735;5,65
16346;734;5,55
16348;736;5,75
16349;741;6,26
16350;735;5,65
16352;735;5,65
16353;732;5,35
16354;732;5,35
16356;732;5,35
16357;731;5,25
16358;730;5,15
16360;737;5,85
16361;732;5,35
16362;728;4,95
16364;738;5,96
16365;728;4,95
16366;734;5,55
16368;727;4,85
16369;727;4,85
16370;727;4,85
16372;727;4,85
16373;732;5,35
16374;725;4,65
16376;725;4,65
16377;725;4,65
16378;724;4,55
16380;722;4,34
16381;723;4,45
16382;734;5,55
16385;723;4,45
16386;722;4,34
16387;722;4,34
16389;730;5,15
16390;725;4,65
16391;726;4,75
16392;720;4,14
16394;720;4,14
16395;719;4,04
16396;720;4,14
16398;725;4,65
16399;717;3,84
16400;716;3,74
16402;715;3,64
16403;714;3,54
16404;716;3,74
16406;715;3,64
16407;719;4,04
16408;710;3,14
16410;716;3,74
16411;710;3,14
16412;711;3,24
16414;715;3,64
16415;711;3,24
16416;709;3,04
16418;709;3,04
16419;710;3,14
16420;706;2,73
16422;709;3,04
16423;706;2,73
16424;706;2,73
16427;713;3,44
16428;706;2,73
16429;706;2,73
16431;705;2,63
16432;704;2,53
16433;704;2,53
16435;709;3,04
16436;707;2,83
16437;708;2,94
16439;705;2,63
16440;708;2,94
16441;703;2,43
16443;703;2,43
16444;701;2,23
16445;707;2,83
16447;703;2,43
16448;709;3,04
16449;701;2,23
16451;709;3,04
16452;702;2,33
16453;700;2,13
16455;700;2,13
16456;701;2,23
16457;700;2,13
16459;700;2,13
16460;699;2,03
16461;699;2,03
16463;701;2,23
16464;697;1,83
16465;699;2,03
16467;700;2,13
16468;703;2,43
16470;697;1,83
16472;700;2,13
16473;702;2,33
16474;705;2,63
16476;697;1,83
16477;706;2,73
16478;703;2,43
16480;697;1,83
16481;698;1,93
16482;698;1,93
16483;697;1,83
16485;696;1,73
16486;696;1,73
16487;695;1,63
16489;701;2,23
16490;696;1,73
16491;701;2,23
16493;701;2,23
16494;707;2,83
16495;695;1,63
16497;695;1,63
16498;698;1,93
16499;702;2,33
16501;700;2,13
16502;694;1,53
16503;694;1,53
16505;701;2,23
16506;696;1,73
16507;695;1,63
16509;696;1,73
16510;696;1,73
16512;695;1,63
16514;695;1,63
16515;702;2,33
16516;695;1,63
16518;696;1,73
16519;701;2,23
16520;693;1,43
16522;695;1,63
16523;697;1,83
16524;695;1,63
16526;695;1,63
16527;698;1,93
16528;696;1,73
16530;703;2,43
16531;697;1,83
16532;702;2,33
16534;693;1,43
16535;693;1,43
16536;698;1,93
16538;694;1,53
16539;695;1,63
16540;699;2,03
16542;698;1,93
16543;695;1,63
16544;698;1,93
16546;702;2,33
16547;702;2,33
16548;702;2,33
16550;696;1,73
16551;694;1,53
16552;694;1,53
16555;695;1,63
16556;693;1,43
16557;693;1,43
16559;700;2,13
16560;695;1,63
16561;695;1,63
16563;700;2,13
16564;698;1,93
16565;695;1,63
16567;695;1,63
16568;694;1,53
16569;693;1,43
16570;695;1,63
16572;694;1,53
16573;694;1,53
16574;698;1,93
16576;694;1,53
16577;693;1,43
16578;694;1,53
16580;695;1,63
16581;696;1,73
16582;693;1,43
16584;699;2,03
16585;694;1,53
16586;693;1,43
16588;692;1,32
16589;694;1,53
16590;692;1,32
16592;698;1,93
16593;696;1,73
16594;691;1,22
16596;699;2,03
16598;701;2,23
16599;693;1,43
16601;694;1,53
16602;693;1,43
16603;693;1,43
16605;693;1,43
16606;695;1,63
16607;694;1,53
16609;693;1,43
16610;692;1,32
16611;693;1,43
16613;699;2,03
16614;692;1,32
16615;690;1,12
16617;693;1,43
16618;692;1,32
16619;692;1,32
16621;692;1,32
16622;694;1,53
16623;692;1,32
16625;698;1,93
16626;695;1,63
16627;698;1,93
16629;703;2,43
16630;692;1,32
16631;691;1,22
16633;702;2,33
16634;694;1,53
16635;693;1,43
16637;692;1,32
16638;692;1,32
16640;692;1,32
16642;694;1,53
16643;694;1,53
16644;699;2,03
16646;693;1,43
16647;691;1,22
16648;700;2,13
16650;691;1,22
16651;691;1,22
16652;692;1,32
16654;695;1,63
16655;693;1,43
16656;692;1,32
16657;693;1,43
16659;691;1,22
16660;691;1,22
16661;694;1,53
16663;690;1,12
16664;691;1,22
16665;692;1,32
16667;690;1,12
16668;690;1,12
16669;693;1,43
16671;693;1,43
16672;690;1,12
16673;695;1,63
16675;692;1,32
16676;690;1,12
16677;700;2,13
16679;692;1,32
16680;690;1,12
16681;699;2,03
16684;697;1,83
16685;689;1,02
16686;693;1,43
16688;688;0,92
16689;692;1,32
16690;701;2,23
16692;690;1,12
16693;692;1,32
16694;691;1,22
16696;694;1,53
16697;690;1,12
16698;696;1,73
16700;691;1,22
16701;689;1,02
16702;688;0,92
16704;689;1,02
16705;694;1,53
16706;689;1,02
16708;688;0,92
16709;688;0,92
16710;689;1,02
16712;689;1,02
16713;690;1,12
16714;688;0,92
16716;689;1,02
16717;691;1,22
16718;688;0,92
16720;696;1,73
16721;692;1,32
16722;690;1,12
16724;689;1,02
16726;697;1,83
16727;690;1,12
16729;688;0,92
16730;690;1,12
16731;695;1,63
16733;689;1,02
16734;689;1,02
16735;691;1,22
16737;689;1,02
16738;691;1,22
16739;688;0,92
16741;688;0,92
16742;694;1,53
16743;690;1,12
16744;687;0,82
16746;688;0,92
16747;687;0,82
16748;689;1,02
16750;691;1,22
16751;695;1,63
16752;687;0,82
16754;687;0,82
16755;687;0,82
16756;686;0,72
16758;685;0,62
16759;685;0,62
16760;684;0,52
16762;684;0,52
16763;695;1,63
16764;686;0,72
16766;684;0,52
16768;682;0,32
16769;684;0,52
16771;682;0,32
16772;684;0,52
16773;685;0,62
16775;687;0,82
16776;682;0,32
16777;686;0,72
16779;687;0,82
16780;687;0,82
16781;684;0,52
16783;685;0,62
16784;682;0,32
16785;684;0,52
16787;682;0,32
16788;681;0,22
16789;679;0,02
16791;683;0,42
16792;681;0,22
16793;683;0,42
16795;682;0,32
16796;681;0,22
16797;685;0,62
16799;678;0,00
16800;692;1,32
16801;679;0,02
16803;679;0,02
16804;679;0,02
16805;686;0,72
16807;678;0,00
16808;681;0,22
16809;678;0,00
16812;686;0,72
16813;679;0,02
16814;678;0,00
16816;679;0,02
16817;678;0,00
16818;678;0,00
16820;679;0,02
16821;678;0,00
16822;678;0,00
16824;680;0,12
16825;680;0,12
16826;678;0,00
16828;682;0,32
16829;677;0,00
16830;685;0,62
16831;678;0,00
16833;680;0,12
16834;678;0,00
16835;687;0,82
16837;678;0,00
16838;680;0,12
16839;678;0,00
16841;677;0,00
16842;678;0,00
16843;677;0,00
16845;678;0,00
16846;678;0,00
16847;679;0,02
16849;685;0,62
16850;677;0,00
16851;682;0,32
16854;679;0,02
16855;676;0,00
16856;682;0,32
16858;683;0,42
16859;676;0,00
16860;678;0,00
16862;675;0,00
16863;676;0,00
16864;679;0,02
16866;683;0,42
16867;675;0,00
16868;675;0,00
16870;675;0,00
16871;685;0,62
16872;675;0,00
16874;676;0,00
16875;685;0,62
16876;676;0,00
16878;674;0,00
16879;676;0,00
16880;676;0,00
16882;677;0,00
16883;676;0,00
16884;675;0,00
16886;679;0,02
16887;674;0,00
16888;683;0,42
16890;675;0,00
16891;676;0,00
16892;679;0,02
16894;675;0,00
16896;674;0,00
16897;675;0,00
16899;684;0,52
16900;672;0,00
16901;674;0,00
16903;685;0,62
16904;673;0,00
16905;674;0,00
16907;675;0,00
16908;673;0,00
16909;682;0,32
16911;672;0,00
16912;673;0,00
16913;684;0,52
16915;673;0,00
16916;673;0,00
16917;674;0,00
16918;671;0,00
16920;673;0,00
16921;675;0,00
16922;674;0,00
16924;672;0,00
16925;671;0,00
16926;673;0,00
16928;677;0,00
16929;673;0,00
16930;673;0,00
16932;677;0,00
16933;674;0,00
16934;675;0,00
16936;685;0,62
16937;678;0,00
16939;671;0,00
16941;672;0,00
16942;675;0,00
16943;677;0,00
16945;671;0,00
16946;671;0,00
16947;671;0,00
16949;670;0,00
16950;675;0,00
16951;673;0,00
16953;678;0,00
16954;675;0,00
16955;672;0,00
16957;671;0,00
16958;674;0,00
16959;672;0,00
16961;671;0,00
16962;670;0,00
16963;675;0,00
16965;677;0,00
16966;672;0,00
16967;671;0,00
16969;677;0,00
16970;672;0,00
16971;672;0,00
16973;676;0,00
16974;683;0,42
16975;671;0,00
16977;677;0,00
16978;680;0,12
16979;670;0,00
16982;669;0,00
16983;672;0,00
16984;672;0,00
16986;670;0,00
16987;671;0,00
16988;672;0,00
16990;671;0,00
16991;671;0,00
16992;676;0,00
16994;671;0,00
16995;670;0,00
16996;672;0,00
16998;680;0,12
16999;674;0,00
17000;672;0,00
17002;670;0,00
17003;671;0,00
17004;681;0,22
17005;676;0,00
17007;670;0,00
17008;672;0,00
17009;669;0,00
17011;671;0,00
17012;679;0,02
17013;677;0,00
17015;672;0,00
17016;678;0,00
17017;677;0,00
17019;672;0,00
17020;674;0,00
17021;670;0,00
17024;670;0,00
17025;674;0,00
17026;670;0,00
17028;669;0,00
17029;679;0,02
17030;671;0,00
17032;674;0,00
17033;680;0,12
17034;672;0,00
17036;671;0,00
17037;669;0,00
17038;674;0,00
17040;669;0,00
17041;675;0,00
17042;674;0,00
17044;673;0,00
17045;679;0,02
17046;671;0,00
17048;680;0,12
17049;678;0,00
17050;670;0,00
17052;672;0,00
17053;670;0,00
17054;670;0,00
17056;672;0,00
17057;672;0,00
17058;669;0,00
17060;679;0,02
17061;674;0,00
17062;670;0,00
17064;670;0,00
17065;672;0,00
17067;669;0,00
17069;670;0,00
17070;670;0,00
17071;668;0,00
17073;674;0,00
17074;670;0,00
17075;672;0,00
17077;670;0,00
17078;669;0,00
17079;676;0,00
17081;670;0,00
17082;674;0,00
17083;677;0,00
17085;671;0,00
17086;672;0,00
17087;670;0,00
17089;669;0,00
17090;669;0,00
17091;676;0,00
17092;669;0,00
17094;679;0,02
17095;669;0,00
17096;671;0,00
17098;669;0,00
17099;668;0,00
17100;672;0,00
17102;669;0,00
17103;677;0,00
17104;671;0,00
17106;675;0,00
17107;668;0,00
17108;670;0,00
17111;671;0,00
17112;670;0,00
17113;669;0,00
17115;669;0,00
17116;671;0,00
17117;669;0,00
17119;673;0,00
17120;671;0,00
17121;671;0,00
17123;670;0,00
17124;672;0,00
17125;670;0,00
17127;669;0,00
17128;677;0,00
17129;680;0,12
17131;670;0,00
17132;672;0,00
17133;667;0,00
17135;676;0,00
17136;674;0,00
17137;676;0,00
17139;667;0,00
17140;675;0,00
17141;667;0,00
17143;669;0,00
17144;669;0,00
17145;667;0,00
17147;668;0,00
17148;665;0,00
17149;668;0,00
17152;669;0,00
17153;667;0,00
17154;676;0,00
17156;675;0,00
17157;670;0,00
17158;668;0,00
17160;667;0,00
17161;669;0,00
17162;667;0,00
17164;670;0,00
17165;670;0,00
17166;670;0,00
17168;668;0,00
17169;668;0,00
17170;667;0,00
17172;672;0,00
17173;666;0,00
17174;667;0,00
17176;676;0,00
17177;668;0,00
17178;668;0,00
17179;672;0,00
17181;676;0,00
17182;666;0,00
17183;667;0,00
17185;667;0,00
17186;673;0,00
17187;674;0,00
17189;666;0,00
17190;667;0,00
17191;675;0,00
17193;665;0,00
17195;669;0,00
17196;673;0,00
17198;666;0,00
17199;669;0,00
17200;666;0,00
17202;670;0,00
17203;672;0,00
17204;667;0,00
17206;667;0,00
17207;666;0,00
17208;670;0,00
17210;667;0,00
17211;666;0,00
17212;668;0,00
17214;672;0,00
17215;666;0,00
17216;666;0,00
17218;667;0,00
17219;667;0,00
17220;668;0,00
17222;674;0,00
17223;677;0,00
17224;667;0,00
17226;667;0,00
17227;665;0,00
17228;666;0,00
17230;676;0,00
17231;671;0,00
17232;665;0,00
17234;669;0,00
17235;674;0,00
17236;667;0,00
17239;666;0,00
17240;666;0,00
17241;666;0,00
17243;670;0,00
17244;669;0,00
17245;665;0,00
17247;670;0,00
17248;672;0,00
17249;667;0,00
17251;666;0,00
17252;668;0,00
17253;672;0,00
17255;669;0,00
17256;665;0,00
17257;668;0,00
17259;666;0,00
17260;665;0,00
17261;667;0,00
17263;673;0,00
17264;668;0,00
17265;671;0,00
17266;669;0,00
17268;668;0,00
17269;674;0,00
17270;667;0,00
17272;671;0,00
17273;673;0,00
17274;666;0,00
17276;665;0,00
17277;669;0,00
17278;666;0,00
17281;671;0,00
17282;677;0,00
17283;666;0,00
17285;666;0,00
17286;667;0,00
17287;668;0,00
17289;673;0,00
17290;667;0,00
17291;668;0,00
17293;675;0,00
17294;674;0,00
17295;670;0,00
17297;673;0,00
17298;671;0,00
17299;672;0,00
17301;667;0,00
17302;668;0,00
17303;669;0,00
17305;667;0,00
17306;674;0,00
17307;666;0,00
17309;668;0,00
17310;668;0,00
17311;667;0,00
17313;671;0,00
17314;677;0,00
17315;667;0,00
17317;669;0,00
17318;668;0,00
17319;669;0,00
17321;674;0,00
17323;674;0,00
17324;668;0,00
17326;670;0,00
17327;668;0,00
17328;672;0,00
17330;673;0,00
17331;666;0,00
17332;670;0,00
17334;670;0,00
17335;673;0,00
17336;668;0,00
17338;666;0,00
17339;669;0,00
17340;668;0,00
17342;668;0,00
17343;675;0,00
17344;667;0,00
17346;666;0,00
