Tempo(ms);ADC_Bruto;Forca(kg)
999;668;0,00
1000;667;0,00
1001;670;0,00
1002;668;0,00
1003;667;0,00
1004;669;0,00
1005;668;0,00
1006;665;0,00
1007;670;0,00
1008;665;0,00
1009;666;0,00
1010;666;0,00
1011;667;0,00
1012;667;0,00
1013;667;0,00
1014;666;0,00
1015;668;0,00
1016;670;0,00
1017;667;0,00
1018;668;0,00
1019;667;0,00
1020;667;0,00
1022;667;0,00
1024;667;0,00
1025;671;0,00
1026;665;0,00
1028;667;0,00
1029;667;0,00
1030;666;0,00
1031;667;0,00
1032;668;0,00
1034;667;0,00
1035;668;0,00
1036;668;0,00
1037;668;0,00
1039;667;0,00
1040;669;0,00
1041;667;0,00
1042;668;0,00
1044;668;0,00
1045;669;0,00
1046;670;0,00
1047;669;0,00
1049;669;0,00
1050;668;0,00
1051;668;0,00
1052;668;0,00
1054;667;0,00
1055;670;0,00
1056;669;0,00
1057;668;0,00
1059;669;0,00
1060;666;0,00
1061;666;0,00
1062;667;0,00
1064;671;0,00
1065;667;0,00
1067;668;0,00
1068;667;0,00
1070;668;0,00
1071;666;0,00
1072;668;0,00
1073;667;0,00
1075;668;0,00
1076;667;0,00
1077;668;0,00
1078;668;0,00
1080;667;0,00
1081;669;0,00
1082;667;0,00
1083;666;0,00
1085;668;0,00
1086;669;0,00
1087;666;0,00
1088;666;0,00
1090;666;0,00
1091;667;0,00
1092;669;0,00
1093;668;0,00
1095;667;0,00
1096;668;0,00
1097;669;0,00
1098;668;0,00
1099;666;0,00
1101;668;0,00
1102;666;0,00
1103;668;0,00
1104;667;0,00
1106;669;0,00
1107;667;0,00
1108;667;0,00
1110;668;0,00
1112;669;0,00
1113;670;0,00
1114;666;0,00
1115;669;0,00
1117;669;0,00
1118;667;0,00
1119;668;0,00
1120;667;0,00
1122;669;0,00
1123;667;0,00
1124;667;0,00
1125;667;0,00
1127;666;0,00
1128;667;0,00
1129;667;0,00
1130;668;0,00
1132;667;0,00
1133;669;0,00
1134;668;0,00
1135;668;0,00
1137;666;0,00
1138;666;0,00
1139;667;0,00
1140;670;0,00
1142;667;0,00
1143;668;0,00
1144;668;0,00
1145;668;0,00
1147;668;0,00
1148;667;0,00
1149;668;0,00
1150;670;0,00
1153;669;0,00
1154;669;0,00
1155;667;0,00
1156;667;0,00
1158;668;0,00
1159;669;0,00
1160;668;0,00
1161;667;0,00
1163;667;0,00
1164;669;0,00
1165;669;0,00
1166;666;0,00
1167;667;0,00
1169;669;0,00
1170;668;0,00
1171;667;0,00
1172;666;0,00
1174;667;0,00
1175;668;0,00
1176;667;0,00
1177;667;0,00
1179;667;0,00
1180;669;0,00
1181;666;0,00
1182;666;0,00
1184;667;0,00
1185;669;0,00
1186;668;0,00
1187;667;0,00
1189;666;0,00
1190;667;0,00
1191;668;0,00
1192;668;0,00
1195;666;0,00
1196;668;0,00
1197;668;0,00
1198;668;0,00
1200;667;0,00
1201;669;0,00
1202;668;0,00
1203;667;0,00
1205;669;0,00
1206;668;0,00
1207;667;0,00
1208;668;0,00
1210;667;0,00
1211;667;0,00
1212;669;0,00
1213;666;0,00
1215;667;0,00
1216;668;0,00
1217;666;0,00
1218;665;0,00
1220;666;0,00
1221;666;0,00
1222;668;0,00
1223;667;0,00
1225;670;0,00
1226;667;0,00
1227;666;0,00
1228;666;0,00
1229;666;0,00
1231;667;0,00
1232;668;0,00
1233;667;0,00
1234;667;0,00
1236;668;0,00
1238;669;0,00
1239;667;0,00
1240;667;0,00
1242;667;0,00
1243;667;0,00
1244;667;0,00
1245;666;0,00
1247;666;0,00
1248;665;0,00
1249;668;0,00
1250;666;0,00
1252;667;0,00
1253;668;0,00
1254;668;0,00
1255;668;0,00
1257;667;0,00
1258;668;0,00
1259;668;0,00
1260;667;0,00
1262;667;0,00
1263;666;0,00
1264;667;0,00
1265;669;0,00
1267;668;0,00
1268;669;0,00
1269;666;0,00
1270;669;0,00
1272;668;0,00
1273;668;0,00
1274;669;0,00
1275;669;0,00
1277;667;0,00
1278;667;0,00
1280;666;0,00
1281;667;0,00
1283;668;0,00
1284;667;0,00
1285;669;0,00
1286;668;0,00
1288;667;0,00
1289;667;0,00
1290;669;0,00
1291;667;0,00
1293;666;0,00
1294;667;0,00
1295;669;0,00
1296;668;0,00
1297;668;0,00
1299;667;0,00
1300;668;0,00
1301;669;0,00
1302;667;0,00
1304;667;0,00
1305;668;0,00
1306;667;0,00
1307;667;0,00
1309;668;0,00
1310;667;0,00
1311;669;0,00
1312;669;0,00
1314;668;0,00
1315;668;0,00
1316;668;0,00
1317;666;0,00
1319;666;0,00
1320;667;0,00
1321;667;0,00
1323;668;0,00
1325;669;0,00
1326;668;0,00
1327;667;0,00
1328;667;0,00
1330;666;0,00
1331;667;0,00
1332;667;0,00
1333;667;0,00
1335;666;0,00
1336;668;0,00
1337;667;0,00
1338;667;0,00
1340;666;0,00
1341;667;0,00
1342;670;0,00
1343;666;0,00
1345;668;0,00
1346;667;0,00
1347;668;0,00
1348;668;0,00
1350;668;0,00
1351;667;0,00
1352;668;0,00
1353;669;0,00
1355;666;0,00
1356;666;0,00
1357;666;0,00
1358;668;0,00
1359;666;0,00
1361;667;0,00
1362;668;0,00
1363;666;0,00
1364;667;0,00
1367;668;0,00
1368;668;0,00
1369;668;0,00
1370;668;0,00
1372;668;0,00
1373;666;0,00
1374;667;0,00
1375;669;0,00
1377;666;0,00
1378;669;0,00
1379;667;0,00
1380;667;0,00
1382;667;0,00
1383;667;0,00
1384;667;0,00
1385;667;0,00
1387;666;0,00
1388;666;0,00
1389;667;0,00
1390;666;0,00
1392;667;0,00
1393;666;0,00
1394;668;0,00
1395;667;0,00
1397;669;0,00
1398;668;0,00
1399;667;0,00
1400;666;0,00
1402;668;0,00
1403;667;0,00
1404;670;0,00
1405;668;0,00
1408;670;0,00
1409;669;0,00
1410;670;0,00
1411;669;0,00
1413;667;0,00
1414;668;0,00
1415;667;0,00
1416;668;0,00
1418;669;0,00
1419;668;0,00
1420;669;0,00
1421;668;0,00
1423;667;0,00
1424;667;0,00
1425;667;0,00
1426;668;0,00
1427;667;0,00
1429;668;0,00
1430;668;0,00
1431;668;0,00
1432;667;0,00
1434;666;0,00
1435;667;0,00
1436;668;0,00
1437;668;0,00
1439;667;0,00
1440;667;0,00
1441;668;0,00
1442;669;0,00
1444;669;0,00
1445;669;0,00
1446;667;0,00
1447;667;0,00
1449;666;0,00
1451;665;0,00
1452;669;0,00
1453;668;0,00
1455;667;0,00
1456;666;0,00
1457;667;0,00
1458;667;0,00
1460;667;0,00
1461;668;0,00
1462;668;0,00
1463;669;0,00
1465;668;0,00
1466;668;0,00
1467;667;0,00
1468;668;0,00
1470;669;0,00
1471;665;0,00
1472;666;0,00
1473;666;0,00
1475;668;0,00
1476;667;0,00
1477;668;0,00
1478;667;0,00
1480;666;0,00
1481;668;0,00
1482;670;0,00
1483;667;0,00
1485;668;0,00
1486;667;0,00
1487;667;0,00
1488;666;0,00
1489;669;0,00
1491;667;0,00
1492;667;0,00
1494;666;0,00
1495;669;0,00
1497;668;0,00
1498;667;0,00
1499;668;0,00
1500;668;0,00
1502;666;0,00
1503;667;0,00
1504;667;0,00
1505;667;0,00
1507;667;0,00
1508;667;0,00
1509;668;0,00
1510;668;0,00
1512;667;0,00
1513;669;0,00
1514;668;0,00
1515;668;0,00
1517;666;0,00
1518;668;0,00
1519;667;0,00
1520;667;0,00
1522;666;0,00
1523;666;0,00
1524;668;0,00
1525;668;0,00
1527;666;0,00
1528;668;0,00
1529;667;0,00
1530;670;0,00
1532;667;0,00
1533;668;0,00
1534;669;0,00
1536;668;0,00
1538;667;0,00
1539;667;0,00
1540;666;0,00
1541;668;0,00
1543;669;0,00
1544;669;0,00
1545;669;0,00
1546;669;0,00
1548;668;0,00
1549;666;0,00
1550;668;0,00
1551;667;0,00
1553;666;0,00
1554;669;0,00
1555;667;0,00
1556;667;0,00
1557;668;0,00
1559;666;0,00
1560;666;0,00
1561;668;0,00
1562;668;0,00
1564;667;0,00
1565;667;0,00
1566;668;0,00
1567;667;0,00
1569;668;0,00
1570;666;0,00
1571;668;0,00
1572;668;0,00
1574;668;0,00
1575;667;0,00
1576;668;0,00
1577;667;0,00
1580;666;0,00
1581;668;0,00
1582;667;0,00
1583;668;0,00
1585;667;0,00
1586;668;0,00
1587;671;0,00
1588;668;0,00
1590;667;0,00
1591;668;0,00
1592;666;0,00
1593;667;0,00
1595;667;0,00
1596;666;0,00
1597;667;0,00
1598;666;0,00
1600;667;0,00
1601;667;0,00
1602;668;0,00
1603;666;0,00
1605;668;0,00
1606;669;0,00
1607;668;0,00
1608;668;0,00
1610;668;0,00
1611;668;0,00
1612;668;0,00
1613;668;0,00
1615;668;0,00
1616;666;0,00
1617;668;0,00
1618;669;0,00
1619;667;0,00
1622;668;0,00
1623;667;0,00
1624;667;0,00
1625;668;0,00
1627;669;0,00
1628;666;0,00
1629;666;0,00
1630;667;0,00
1632;669;0,00
1633;668;0,00
1634;668;0,00
1635;667;0,00
1637;667;0,00
1638;668;0,00
1639;669;0,00
1640;667;0,00
1642;668;0,00
1643;668;0,00
1644;666;0,00
1645;669;0,00
1647;667;0,00
1648;670;0,00
1649;665;0,00
1650;668;0,00
1652;666;0,00
1653;668;0,00
1654;666;0,00
1655;671;0,00
1657;667;0,00
1658;667;0,00
1659;667;0,00
1660;667;0,00
1662;668;0,00
1664;665;0,00
1665;667;0,00
1666;668;0,00
1668;668;0,00
1669;666;0,00
1670;667;0,00
1671;667;0,00
1673;668;0,00
1674;667;0,00
1675;667;0,00
1676;666;0,00
1678;669;0,00
1679;670;0,00
1680;670;0,00
1681;667;0,00
1683;667;0,00
1684;669;0,00
1685;670;0,00
1686;670;0,00
1687;667;0,00
1689;667;0,00
1690;667;0,00
1691;668;0,00
1692;666;0,00
1694;669;0,00
1695;667;0,00
1696;668;0,00
1697;666;0,00
1699;667;0,00
1700;664;0,00
1701;669;0,00
1702;668;0,00
1704;667;0,00
1705;667;0,00
1707;666;0,00
1708;667;0,00
1710;668;0,00
1711;670;0,00
1712;669;0,00
1713;668;0,00
1715;668;0,00
1716;665;0,00
1717;667;0,00
1718;667;0,00
1720;670;0,00
1721;666;0,00
1722;670;0,00
1723;669;0,00
1725;669;0,00
1726;667;0,00
1727;668;0,00
1728;667;0,00
1730;667;0,00
1731;668;0,00
1732;667;0,00
1733;667;0,00
1735;669;0,00
1736;667;0,00
1737;667;0,00
1738;668;0,00
1740;668;0,00
1741;666;0,00
1742;669;0,00
1743;667;0,00
1745;668;0,00
1746;668;0,00
1747;668;0,00
1748;665;0,00
1750;667;0,00
1752;666;0,00
1753;667;0,00
1754;668;0,00
1755;666;0,00
1757;668;0,00
1758;665;0,00
1759;667;0,00
1760;668;0,00
1762;667;0,00
1763;666;0,00
1764;668;0,00
1765;667;0,00
1767;668;0,00
1768;666;0,00
1769;667;0,00
1770;669;0,00
1772;668;0,00
1773;667;0,00
1774;667;0,00
1775;667;0,00
1777;666;0,00
1778;667;0,00
1779;669;0,00
1780;667;0,00
1782;666;0,00
1783;668;0,00
1784;668;0,00
1785;667;0,00
1787;666;0,00
1788;666;0,00
1789;666;0,00
1790;666;0,00
1793;667;0,00
1794;666;0,00
1795;667;0,00
1796;667;0,00
1798;667;0,00
1799;667;0,00
1800;666;0,00
1801;667;0,00
1803;668;0,00
1804;667;0,00
1805;667;0,00
1806;668;0,00
1808;667;0,00
1809;669;0,00
1810;666;0,00
1811;667;0,00
1813;668;0,00
1814;667;0,00
1815;670;0,00
1816;666;0,00
1817;667;0,00
1819;669;0,00
1820;665;0,00
1821;669;0,00
1822;668;0,00
1824;666;0,00
1825;667;0,00
1826;667;0,00
1827;672;0,00
1829;668;0,00
1830;667;0,00
1831;667;0,00
1832;668;0,00
1835;668;0,00
1836;668;0,00
1837;666;0,00
1838;667;0,00
1840;667;0,00
1841;667;0,00
1842;666;0,00
1843;669;0,00
1845;666;0,00
1846;666;0,00
1847;667;0,00
1848;667;0,00
1850;668;0,00
1851;671;0,00
1852;666;0,00
1853;667;0,00
1855;669;0,00
1856;666;0,00
1857;669;0,00
1858;667;0,00
1860;666;0,00
1861;669;0,00
1862;668;0,00
1863;669;0,00
1865;667;0,00
1866;668;0,00
1867;666;0,00
1868;667;0,00
1870;668;0,00
1871;668;0,00
1872;668;0,00
1873;668;0,00
1875;670;0,00
1876;666;0,00
1878;667;0,00
1879;667;0,00
1881;667;0,00
1882;669;0,00
1883;666;0,00
1884;668;0,00
1885;667;0,00
1887;666;0,00
1888;669;0,00
1889;667;0,00
1890;667;0,00
1892;669;0,00
1893;671;0,00
1894;668;0,00
1895;667;0,00
1897;668;0,00
1898;667;0,00
1899;666;0,00
1900;668;0,00
1902;668;0,00
1903;668;0,00
1904;668;0,00
1905;667;0,00
1907;668;0,00
1908;669;0,00
1909;668;0,00
1910;668;0,00
1912;668;0,00
1913;667;0,00
1914;669;0,00
1915;667;0,00
1917;669;0,00
1918;670;0,00
1920;668;0,00
1921;670;0,00
1923;667;0,00
1924;669;0,00
1925;667;0,00
1926;668;0,00
1928;668;0,00
1929;665;0,00
1930;669;0,00
1931;668;0,00
1933;670;0,00
1934;668;0,00
1935;669;0,00
1936;668;0,00
1938;665;0,00
1939;669;0,00
1940;669;0,00
1941;667;0,00
1943;668;0,00
1944;668;0,00
1945;668;0,00
1946;668;0,00
1947;669;0,00
1949;667;0,00
1950;667;0,00
1951;668;0,00
1952;667;0,00
1954;669;0,00
1955;667;0,00
1956;666;0,00
1957;667;0,00
1959;666;0,00
1960;667;0,00
1961;668;0,00
1963;668;0,00
1965;668;0,00
1966;669;0,00
1967;666;0,00
1968;667;0,00
1970;668;0,00
1971;667;0,00
1972;668;0,00
1973;666;0,00
1975;669;0,00
1976;667;0,00
1977;669;0,00
1978;667;0,00
1980;667;0,00
1981;667;0,00
1982;665;0,00
1983;668;0,00
1985;668;0,00
1986;665;0,00
1987;667;0,00
1988;668;0,00
1990;668;0,00
1991;668;0,00
1992;668;0,00
1993;667;0,00
1995;670;0,00
1996;667;0,00
1997;667;0,00
1998;666;0,00
2000;668;0,00
2001;668;0,00
2002;667;0,00
2003;668;0,00
2006;666;0,00
2007;669;0,00
2008;666;0,00
2009;671;0,00
2011;667;0,00
2012;667;0,00
2013;666;0,00
2014;665;0,00
2015;667;0,00
2017;672;0,00
2018;676;0,00
2019;671;0,00
2020;667;0,00
2022;668;0,00
2023;669;0,00
2024;669;0,00
2025;675;0,00
2027;674;0,00
2028;670;0,00
2029;668;0,00
2030;668;0,00
2032;671;0,00
2033;674;0,00
2034;671;0,00
2035;670;0,00
2037;674;0,00
2038;674;0,00
2039;674;0,00
2040;671;0,00
2042;677;0,00
2043;670;0,00
2044;668;0,00
2045;666;0,00
2048;671;0,00
2049;668;0,00
2050;668;0,00
2051;667;0,00
2053;669;0,00
2054;671;0,00
2055;667;0,00
2056;674;0,00
2058;669;0,00
2059;672;0,00
2060;675;0,00
2061;671;0,00
2063;668;0,00
2064;676;0,00
2065;668;0,00
2066;667;0,00
2068;675;0,00
2069;667;0,00
2070;675;0,00
2071;666;0,00
2073;673;0,00
2074;667;0,00
2075;667;0,00
2076;668;0,00
2077;668;0,00
2079;669;0,00
2080;668;0,00
2081;669;0,00
2082;668;0,00
2084;676;0,00
2085;667;0,00
2086;666;0,00
2087;669;0,00
2089;667;0,00
2091;668;0,00
2092;668;0,00
2093;668;0,00
2095;670;0,00
2096;669;0,00
2097;666;0,00
2098;666;0,00
2100;670;0,00
2101;669;0,00
2102;668;0,00
2103;669;0,00
2105;666;0,00
2106;668;0,00
2107;667;0,00
2108;667;0,00
2110;666;0,00
2111;668;0,00
2112;669;0,00
2113;667;0,00
2115;667;0,00
2116;667;0,00
2117;667;0,00
2118;667;0,00
2120;667;0,00
2121;670;0,00
2122;667;0,00
2123;668;0,00
2125;666;0,00
2126;669;0,00
2127;667;0,00
2128;669;0,00
2130;671;0,00
2131;673;0,00
2132;674;0,00
2134;671;0,00
2136;669;0,00
2137;671;0,00
2138;674;0,00
2139;673;0,00
2141;669;0,00
2142;672;0,00
2143;667;0,00
2144;674;0,00
2145;671;0,00
2147;669;0,00
2148;669;0,00
2149;667;0,00
2150;669;0,00
2152;672;0,00
2153;672;0,00
2154;668;0,00
2155;672;0,00
2157;671;0,00
2158;678;0,00
2159;668;0,00
2160;667;0,00
2162;671;0,00
2163;668;0,00
2164;669;0,00
2165;668;0,00
2167;668;0,00
2168;680;0,12
2169;669;0,00
2170;670;0,00
2172;674;0,00
2173;668;0,00
2174;668;0,00
2176;673;0,00
2178;669;0,00
2179;669;0,00
2180;671;0,00
2181;669;0,00
2183;666;0,00
2184;672;0,00
2185;667;0,00
2186;675;0,00
2188;667;0,00
2189;673;0,00
2190;674;0,00
2191;668;0,00
2193;671;0,00
2194;674;0,00
2195;668;0,00
2196;673;0,00
2198;669;0,00
2199;667;0,00
2200;668;0,00
2201;670;0,00
2203;668;0,00
2204;668;0,00
2205;667;0,00
2206;667;0,00
2208;677;0,00
2209;675;0,00
2210;667;0,00
2211;667;0,00
2212;669;0,00
2214;666;0,00
2215;667;0,00
2216;676;0,00
2217;668;0,00
2220;669;0,00
2221;668;0,00
2222;667;0,00
2223;667;0,00
2225;674;0,00
2226;675;0,00
2227;667;0,00
2228;669;0,00
2230;673;0,00
2231;669;0,00
2232;675;0,00
2233;667;0,00
2235;668;0,00
2236;666;0,00
2237;671;0,00
2238;671;0,00
2240;668;0,00
2241;669;0,00
2242;670;0,00
2243;667;0,00
2245;677;0,00
2246;676;0,00
2247;669;0,00
2248;668;0,00
2250;669;0,00
2251;675;0,00
2252;667;0,00
2253;668;0,00
2255;666;0,00
2256;668;0,00
2257;668;0,00
2258;678;0,00
2260;673;0,00
2262;667;0,00
2263;670;0,00
2264;668;0,00
2266;670;0,00
2267;674;0,00
2268;667;0,00
2269;667;0,00
2271;668;0,00
2272;673;0,00
2273;669;0,00
2274;677;0,00
2275;674;0,00
2277;666;0,00
2278;666;0,00
2279;668;0,00
2280;669;0,00
2282;667;0,00
2283;667;0,00
2284;668;0,00
2285;670;0,00
2287;666;0,00
2288;670;0,00
2289;670;0,00
2290;677;0,00
2292;667;0,00
2293;667;0,00
2294;670;0,00
2295;667;0,00
2297;670;0,00
2298;675;0,00
2299;674;0,00
2300;668;0,00
2302;667;0,00
2304;668;0,00
2305;669;0,00
2306;670;0,00
2308;676;0,00
2309;676;0,00
2310;667;0,00
2311;670;0,00
2313;669;0,00
2314;667;0,00
2315;669;0,00
2316;668;0,00
2318;670;0,00
2319;668;0,00
2320;670;0,00
2321;666;0,00
2323;668;0,00
2324;668;0,00
2325;673;0,00
2326;668;0,00
2328;665;0,00
2329;668;0,00
2330;667;0,00
2331;667;0,00
2333;669;0,00
2334;672;0,00
2335;669;0,00
2336;668;0,00
2337;668;0,00
2339;680;0,12
2340;667;0,00
2341;669;0,00
2342;677;0,00
2344;674;0,00
2345;669;0,00
2347;669;0,00
2348;673;0,00
2350;668;0,00
2351;677;0,00
2352;669;0,00
2353;671;0,00
2355;670;0,00
2356;668;0,00
2357;670;0,00
2358;673;0,00
2360;668;0,00
2361;668;0,00
2362;667;0,00
2363;668;0,00
2365;670;0,00
2366;677;0,00
2367;667;0,00
2368;673;0,00
2370;673;0,00
2371;667;0,00
2372;668;0,00
2373;669;0,00
2375;667;0,00
2376;669;0,00
2377;669;0,00
2378;671;0,00
2380;671;0,00
2381;672;0,00
2382;670;0,00
2383;679;0,02
2385;669;0,00
2386;668;0,00
2387;670;0,00
2388;670;0,00
2391;667;0,00
2392;666;0,00
2393;668;0,00
2394;669;0,00
2396;668;0,00
2397;672;0,00
2398;669;0,00
2399;668;0,00
2401;667;0,00
2402;668;0,00
2403;666;0,00
2404;668;0,00
2405;667;0,00
2407;673;0,00
2408;669;0,00
2409;668;0,00
2410;673;0,00
2412;668;0,00
2413;669;0,00
2414;668;0,00
2415;677;0,00
2417;670;0,00
2418;668;0,00
2419;668;0,00
2420;669;0,00
2422;671;0,00
2423;666;0,00
2424;670;0,00
2425;668;0,00
2427;669;0,00
2428;670;0,00
2429;668;0,00
2430;669;0,00
2433;666;0,00
2434;672;0,00
2435;669;0,00
2436;676;0,00
2438;667;0,00
2439;667;0,00
2440;667;0,00
2441;668;0,00
2443;666;0,00
2444;668;0,00
2445;668;0,00
2446;668;0,00
2448;667;0,00
2449;667;0,00
2450;667;0,00
2451;667;0,00
2453;668;0,00
2454;667;0,00
2455;674;0,00
2456;679;0,02
2458;668;0,00
2459;669;0,00
2460;667;0,00
2461;669;0,00
2463;668;0,00
2464;667;0,00
2465;669;0,00
2466;667;0,00
2468;674;0,00
2469;668;0,00
2470;674;0,00
2471;667;0,00
2472;671;0,00
2475;670;0,00
2476;667;0,00
2477;667;0,00
2478;669;0,00
2480;667;0,00
2481;673;0,00
2482;667;0,00
2483;669;0,00
2485;669;0,00
2486;666;0,00
2487;672;0,00
2488;672;0,00
2490;668;0,00
2491;667;0,00
2492;670;0,00
2493;667;0,00
2495;668;0,00
2496;667;0,00
2497;681;0,22
2498;666;0,00
2500;669;0,00
2501;668;0,00
2502;667;0,00
2503;668;0,00
2505;668;0,00
2506;674;0,00
2507;676;0,00
2508;673;0,00
2510;675;0,00
2511;676;0,00
2512;672;0,00
2513;669;0,00
2515;675;0,00
2516;674;0,00
2518;669;0,00
2519;673;0,00
2521;669;0,00
2522;678;0,00
2523;669;0,00
2524;671;0,00
2526;667;0,00
2527;675;0,00
2528;667;0,00
2529;670;0,00
2531;670;0,00
2532;667;0,00
2533;670;0,00
2534;671;0,00
2535;667;0,00
2537;667;0,00
2538;676;0,00
2539;668;0,00
2540;669;0,00
2542;671;0,00
2543;673;0,00
2544;669;0,00
2545;667;0,00
2547;673;0,00
2548;676;0,00
2549;667;0,00
2550;671;0,00
2552;670;0,00
2553;667;0,00
2554;668;0,00
2555;670;0,00
2557;676;0,00
2558;667;0,00
2560;674;0,00
2561;669;0,00
2563;671;0,00
2564;669;0,00
2565;669;0,00
2566;667;0,00
2568;668;0,00
2569;668;0,00
2570;674;0,00
2571;667;0,00
2573;669;0,00
2574;669;0,00
2575;667;0,00
2576;668;0,00
2578;671;0,00
2579;680;0,12
2580;668;0,00
2581;671;0,00
2583;667;0,00
2584;676;0,00
2585;673;0,00
2586;667;0,00
2588;677;0,00
2589;669;0,00
2590;669;0,00
2591;670;0,00
2593;669;0,00
2594;668;0,00
2595;668;0,00
2596;672;0,00
2598;669;0,00
2599;669;0,00
2600;668;0,00
2601;667;0,00
2603;673;0,00
2605;673;0,00
2606;668;0,00
2607;673;0,00
2608;669;0,00
2610;667;0,00
2611;676;0,00
2612;671;0,00
2613;669;0,00
2615;673;0,00
2616;669;0,00
2617;671;0,00
2618;666;0,00
2620;667;0,00
2621;675;0,00
2622;670;0,00
2623;667;0,00
2625;674;0,00
2626;669;0,00
2627;665;0,00
2628;668;0,00
2630;672;0,00
2631;674;0,00
2632;666;0,00
2633;668;0,00
2635;670;0,00
2636;667;0,00
2637;670;0,00
2638;672;0,00
2640;676;0,00
2641;667;0,00
2642;667;0,00
2643;668;0,00
2646;668;0,00
2647;667;0,00
2648;666;0,00
2649;676;0,00
2651;669;0,00
2652;677;0,00
2653;674;0,00
2654;670;0,00
2656;669;0,00
2657;678;0,00
2658;668;0,00
2659;667;0,00
2661;667;0,00
2662;668;0,00
2663;671;0,00
2664;670;0,00
2665;668;0,00
2667;668;0,00
2668;668;0,00
2669;667;0,00
2670;669;0,00
2672;672;0,00
2673;667;0,00
2674;672;0,00
2675;672;0,00
2677;677;0,00
2678;670;0,00
2679;675;0,00
2680;670;0,00
2682;669;0,00
2683;670;0,00
2684;666;0,00
2685;666;0,00
2688;668;0,00
2689;674;0,00
2690;667;0,00
2691;666;0,00
2693;666;0,00
2694;670;0,00
2695;669;0,00
2696;668;0,00
2698;670;0,00
2699;670;0,00
2700;668;0,00
2701;670;0,00
2703;674;0,00
2704;668;0,00
2705;668;0,00
2706;670;0,00
2708;669;0,00
2709;674;0,00
2710;667;0,00
2711;669;0,00
2713;668;0,00
2714;668;0,00
2715;669;0,00
2716;666;0,00
2718;681;0,22
2719;667;0,00
2720;677;0,00
2721;670;0,00
2723;668;0,00
2724;672;0,00
2725;667;0,00
2726;674;0,00
2728;668;0,00
2729;666;0,00
2731;669;0,00
2732;673;0,00
2733;680;0,12
2735;668;0,00
2736;671;0,00
2737;667;0,00
2738;667;0,00
2740;669;0,00
2741;667;0,00
2742;668;0,00
2743;666;0,00
2745;669;0,00
2746;668;0,00
2747;670;0,00
2748;669;0,00
2750;668;0,00
2751;673;0,00
2752;679;0,02
2753;670;0,00
2755;667;0,00
2756;674;0,00
2757;668;0,00
2758;670;0,00
2760;674;0,00
2761;667;0,00
2762;676;0,00
2763;668;0,00
2765;669;0,00
2766;669;0,00
2767;669;0,00
2768;670;0,00
2770;667;0,00
2771;667;0,00
2772;667;0,00
2774;668;0,00
2776;668;0,00
2777;668;0,00
2778;668;0,00
2779;668;0,00
2781;668;0,00
2782;668;0,00
2783;665;0,00
2784;668;0,00
2786;667;0,00
2787;667;0,00
2788;668;0,00
2789;667;0,00
2791;666;0,00
2792;668;0,00
2793;667;0,00
2794;667;0,00
2795;668;0,00
2797;669;0,00
2798;667;0,00
2799;667;0,00
2800;669;0,00
2802;667;0,00
2803;667;0,00
2804;668;0,00
2805;667;0,00
2807;667;0,00
2808;670;0,00
2809;667;0,00
2810;668;0,00
2812;669;0,00
2813;668;0,00
2814;667;0,00
2816;669;0,00
2818;668;0,00
2819;669;0,00
2820;668;0,00
2821;668;0,00
2823;667;0,00
2824;666;0,00
2825;668;0,00
2826;668;0,00
2828;668;0,00
2829;666;0,00
2830;666;0,00
2831;667;0,00
2833;668;0,00
2834;669;0,00
2835;668;0,00
2836;667;0,00
2838;666;0,00
2839;668;0,00
2840;666;0,00
2841;666;0,00
2843;669;0,00
2844;667;0,00
2845;666;0,00
2846;668;0,00
2848;666;0,00
2849;669;0,00
2850;668;0,00
2851;668;0,00
2853;669;0,00
2854;668;0,00
2855;669;0,00
2856;667;0,00
2859;667;0,00
2860;668;0,00
2861;667;0,00
2862;669;0,00
2863;668;0,00
2865;667;0,00
2866;667;0,00
2867;669;0,00
2868;669;0,00
2870;669;0,00
2871;666;0,00
2872;667;0,00
2873;671;0,00
2875;667;0,00
2876;667;0,00
2877;668;0,00
2878;667;0,00
2880;669;0,00
2881;669;0,00
2882;666;0,00
2883;668;0,00
2885;669;0,00
2886;668;0,00
2887;667;0,00
2888;668;0,00
2890;666;0,00
2891;667;0,00
2892;667;0,00
2893;668;0,00
2895;668;0,00
2896;667;0,00
2897;668;0,00
2898;667;0,00
2900;667;0,00
2902;668;0,00
2903;670;0,00
2904;669;0,00
2906;669;0,00
2907;668;0,00
2908;667;0,00
2909;668;0,00
2911;667;0,00
2912;666;0,00
2913;667;0,00
2914;667;0,00
2916;667;0,00
2917;669;0,00
2918;668;0,00
2919;667;0,00
2921;668;0,00
2922;670;0,00
2923;668;0,00
2924;667;0,00
2925;668;0,00
2927;667;0,00
2928;668;0,00
2929;669;0,00
2930;667;0,00
2932;668;0,00
2933;669;0,00
2934;668;0,00
2935;667;0,00
2937;667;0,00
2938;668;0,00
2939;668;0,00
2940;666;0,00
2942;667;0,00
2944;666;0,00
2945;667;0,00
2946;668;0,00
2948;667;0,00
2949;669;0,00
2950;667;0,00
2951;667;0,00
2953;668;0,00
2954;667;0,00
2955;668;0,00
2956;668;0,00
2958;667;0,00
2959;668;0,00
2960;668;0,00
2961;668;0,00
2963;669;0,00
2964;666;0,00
2965;668;0,00
2966;666;0,00
2968;668;0,00
2969;669;0,00
2970;668;0,00
2971;671;0,00
2973;667;0,00
2974;667;0,00
2975;669;0,00
2976;667;0,00
2978;670;0,00
2979;667;0,00
2980;667;0,00
2981;669;0,00
2983;667;0,00
2984;667;0,00
2985;666;0,00
2987;666;0,00
2989;668;0,00
2990;668;0,00
2991;666;0,00
2992;668;0,00
2993;667;0,00
2995;667;0,00
2996;669;0,00
2997;666;0,00
2998;667;0,00
3000;668;0,00
3001;669;0,00
3002;667;0,00
3003;667;0,00
3005;667;0,00
3006;667;0,00
3007;667;0,00
3008;668;0,00
3010;669;0,00
3011;666;0,00
3012;670;0,00
3013;666;0,00
3015;669;0,00
3016;669;0,00
3017;669;0,00
3018;667;0,00
3020;668;0,00
3021;667;0,00
3022;667;0,00
3023;667;0,00
3025;670;0,00
3026;669;0,00
3027;667;0,00
3028;667;0,00
3031;667;0,00
3032;668;0,00
3033;669;0,00
3034;668;0,00
3036;666;0,00
3037;667;0,00
3038;667;0,00
3039;666;0,00
3041;667;0,00
3042;668;0,00
3043;667;0,00
3044;667;0,00
3046;668;0,00
3047;668;0,00
3048;668;0,00
3049;668;0,00
3051;667;0,00
3052;667;0,00
3053;667;0,00
3054;668;0,00
3055;668;0,00
3057;668;0,00
3058;668;0,00
3059;668;0,00
3060;668;0,00
3062;668;0,00
3063;669;0,00
3064;668;0,00
3065;667;0,00
3067;666;0,00
3068;669;0,00
3069;668;0,00
3070;668;0,00
3073;667;0,00
3074;669;0,00
3075;668;0,00
3076;669;0,00
3078;669;0,00
3079;667;0,00
3080;669;0,00
3081;668;0,00
3083;667;0,00
3084;666;0,00
3085;668;0,00
3086;667;0,00
3088;667;0,00
3089;667;0,00
3090;666;0,00
3091;668;0,00
3093;666;0,00
3094;667;0,00
3095;668;0,00
3096;669;0,00
3098;667;0,00
3099;669;0,00
3100;668;0,00
3101;666;0,00
3103;667;0,00
3104;666;0,00
3105;666;0,00
3106;668;0,00
3108;669;0,00
3109;666;0,00
3110;667;0,00
3111;666;0,00
3113;668;0,00
3115;668;0,00
3116;667;0,00
3117;665;0,00
3119;667;0,00
3120;667;0,00
3121;668;0,00
3122;666;0,00
3123;668;0,00
3125;667;0,00
3126;668;0,00
3127;668;0,00
3128;667;0,00
3130;669;0,00
3131;668;0,00
3132;666;0,00
3133;667;0,00
3135;670;0,00
3136;669;0,00
3137;667;0,00
3138;668;0,00
3140;666;0,00
3141;667;0,00
3142;669;0,00
3143;666;0,00
3145;667;0,00
3146;667;0,00
3147;668;0,00
3148;667;0,00
3150;668;0,00
3151;668;0,00
3152;668;0,00
3153;667;0,00
3155;666;0,00
3156;666;0,00
3158;667;0,00
3159;669;0,00
3161;669;0,00
3162;666;0,00
3163;667;0,00
3164;667;0,00
3166;667;0,00
3167;668;0,00
3168;668;0,00
3169;667;0,00
3171;666;0,00
3172;667;0,00
3173;667;0,00
3174;666;0,00
3176;667;0,00
3177;668;0,00
3178;669;0,00
3179;668;0,00
3181;666;0,00
3182;667;0,00
3183;668;0,00
3184;666;0,00
3186;666;0,00
3187;669;0,00
3188;669;0,00
3189;667;0,00
3190;670;0,00
3192;669;0,00
3193;668;0,00
3194;668;0,00
3195;667;0,00
3197;668;0,00
3198;667;0,00
3200;668;0,00
3201;668;0,00
3203;669;0,00
3204;669;0,00
3205;666;0,00
3206;670;0,00
3208;668;0,00
3209;668;0,00
3210;668;0,00
3211;670;0,00
3213;667;0,00
3214;668;0,00
3215;667;0,00
3216;666;0,00
3218;669;0,00
3219;670;0,00
3220;666;0,00
3221;668;0,00
3223;666;0,00
3224;667;0,00
3225;668;0,00
3226;667;0,00
3228;666;0,00
3229;669;0,00
3230;668;0,00
3231;669;0,00
3233;667;0,00
3234;668;0,00
3235;667;0,00
3236;666;0,00
3238;668;0,00
3239;667;0,00
3240;669;0,00
3241;667;0,00
3244;668;0,00
3245;666;0,00
3246;667;0,00
3247;669;0,00
3249;667;0,00
3250;669;0,00
3251;668;0,00
3252;667;0,00
3253;667;0,00
3255;667;0,00
3256;670;0,00
3257;669;0,00
3258;670;0,00
3260;666;0,00
3261;666;0,00
3262;666;0,00
3263;668;0,00
3265;670;0,00
3266;665;0,00
3267;667;0,00
3268;667;0,00
3270;667;0,00
3271;667;0,00
3272;669;0,00
3273;668;0,00
3275;667;0,00
3276;668;0,00
3277;666;0,00
3278;669;0,00
3280;667;0,00
3281;667;0,00
3282;669;0,00
3283;668;0,00
3286;667;0,00
3287;667;0,00
3288;668;0,00
3289;667;0,00
3291;668;0,00
3292;670;0,00
3293;667;0,00
3294;668;0,00
3296;667;0,00
3297;666;0,00
3298;667;0,00
3299;669;0,00
3301;667;0,00
3302;667;0,00
3303;668;0,00
3304;665;0,00
3306;668;0,00
3307;669;0,00
3308;668;0,00
3309;669;0,00
3311;666;0,00
3312;669;0,00
3313;666;0,00
3314;668;0,00
3316;667;0,00
3317;667;0,00
3318;667;0,00
3319;668;0,00
3320;668;0,00
3322;668;0,00
3323;669;0,00
3324;666;0,00
3325;669;0,00
3328;669;0,00
3329;670;0,00
3330;667;0,00
3331;669;0,00
3333;668;0,00
3334;668;0,00
3335;668;0,00
3336;668;0,00
3338;670;0,00
3339;669;0,00
3340;667;0,00
3341;666;0,00
3343;668;0,00
3344;667;0,00
3345;668;0,00
3346;668;0,00
3348;668;0,00
3349;667;0,00
3350;667;0,00
3351;669;0,00
3353;669;0,00
3354;668;0,00
3355;667;0,00
3356;670;0,00
3358;667;0,00
3359;669;0,00
3360;667;0,00
3361;667;0,00
3363;667;0,00
3364;667;0,00
3365;665;0,00
3366;668;0,00
3368;668;0,00
3369;669;0,00
3371;668;0,00
3372;667;0,00
3374;667;0,00
3375;667;0,00
3376;667;0,00
3377;667;0,00
3379;667;0,00
3380;669;0,00
3381;666;0,00
3382;667;0,00
3383;665;0,00
3385;670;0,00
3386;669;0,00
3387;669;0,00
3388;669;0,00
3390;667;0,00
3391;668;0,00
3392;667;0,00
3393;667;0,00
3395;666;0,00
3396;670;0,00
3397;668;0,00
3398;668;0,00
3400;668;0,00
3401;673;0,00
3402;666;0,00
3403;668;0,00
3405;667;0,00
3406;667;0,00
3407;666;0,00
3408;668;0,00
3410;667;0,00
3411;669;0,00
3412;666;0,00
3414;667;0,00
3416;670;0,00
3417;668;0,00
3418;669;0,00
3419;669;0,00
3421;668;0,00
3422;668;0,00
3423;669;0,00
3424;669;0,00
3426;666;0,00
3427;668;0,00
3428;669;0,00
3429;668;0,00
3431;669;0,00
3432;667;0,00
3433;670;0,00
3434;668;0,00
3436;669;0,00
3437;666;0,00
3438;669;0,00
3439;667;0,00
3441;666;0,00
3442;667;0,00
3443;669;0,00
3444;668;0,00
3446;667;0,00
3447;667;0,00
3448;668;0,00
3449;670;0,00
3450;667;0,00
3452;666;0,00
3453;667;0,00
3454;668;0,00
3456;669;0,00
3458;668;0,00
3459;668;0,00
3460;667;0,00
3461;668;0,00
3463;667;0,00
3464;668;0,00
3465;667;0,00
3466;667;0,00
3468;668;0,00
3469;666;0,00
3470;667;0,00
3471;668;0,00
3473;668;0,00
3474;667;0,00
3475;670;0,00
3476;668;0,00
3478;667;0,00
3479;667;0,00
3480;668;0,00
3481;667;0,00
3483;667;0,00
3484;667;0,00
3485;667;0,00
3486;667;0,00
3488;668;0,00
3489;668;0,00
3490;666;0,00
3491;667;0,00
3493;667;0,00
3494;669;0,00
3495;670;0,00
3496;668;0,00
3499;667;0,00
3500;667;0,00
3501;669;0,00
3502;669;0,00
3504;671;0,00
3505;669;0,00
3506;667;0,00
3507;669;0,00
3509;669;0,00
3510;668;0,00
3511;668;0,00
3512;666;0,00
3513;667;0,00
3515;669;0,00
3516;667;0,00
3517;668;0,00
3518;668;0,00
3520;666;0,00
3521;667;0,00
3522;667;0,00
3523;667;0,00
3525;667;0,00
3526;667;0,00
3527;667;0,00
3528;668;0,00
3530;668;0,00
3531;667;0,00
3532;671;0,00
3533;668;0,00
3535;668;0,00
3536;668;0,00
3537;667;0,00
3538;667;0,00
3540;668;0,00
3542;667;0,00
3543;666;0,00
3544;667;0,00
3546;666;0,00
3547;670;0,00
3548;667;0,00
3549;669;0,00
3551;667;0,00
3552;667;0,00
3553;668;0,00
3554;669;0,00
3556;668;0,00
3557;666;0,00
3558;669;0,00
3559;666;0,00
3561;667;0,00
3562;667;0,00
3563;669;0,00
3564;667;0,00
3566;670;0,00
3567;666;0,00
3568;666;0,00
3569;668;0,00
3571;669;0,00
3572;667;0,00
3573;667;0,00
3574;669;0,00
3576;666;0,00
3577;667;0,00
3578;669;0,00
3579;669;0,00
3580;668;0,00
3582;668;0,00
3584;667;0,00
3585;668;0,00
3586;668;0,00
3588;668;0,00
3589;666;0,00
3590;667;0,00
3591;667;0,00
3593;669;0,00
3594;666;0,00
3595;669;0,00
3596;667;0,00
3598;667;0,00
3599;667;0,00
3600;667;0,00
3601;668;0,00
3603;670;0,00
3604;666;0,00
3605;667;0,00
3606;667;0,00
3608;670;0,00
3609;667;0,00
3610;667;0,00
3611;668;0,00
3613;667;0,00
3614;667;0,00
3615;667;0,00
3616;669;0,00
3618;668;0,00
3619;668;0,00
3620;668;0,00
3621;667;0,00
3623;667;0,00
3624;667;0,00
3625;670;0,00
3627;668;0,00
3629;666;0,00
3630;667;0,00
3631;669;0,00
3632;667;0,00
3634;667;0,00
3635;668;0,00
3636;669;0,00
3637;668;0,00
3639;667;0,00
3640;666;0,00
3641;668;0,00
3642;668;0,00
3643;670;0,00
3645;667;0,00
3646;667;0,00
3647;668;0,00
3648;668;0,00
3650;667;0,00
3651;668;0,00
3652;667;0,00
3653;668;0,00
3655;667;0,00
3656;667;0,00
3657;667;0,00
3658;668;0,00
3660;667;0,00
3661;667;0,00
3662;667;0,00
3663;669;0,00
3665;668;0,00
3666;668;0,00
3667;668;0,00
3668;666;0,00
3671;668;0,00
3672;668;0,00
3673;668;0,00
3674;667;0,00
3676;667;0,00
3677;668;0,00
3678;666;0,00
3679;669;0,00
3681;667;0,00
3682;668;0,00
3683;669;0,00
3684;668;0,00
3686;668;0,00
3687;668;0,00
3688;668;0,00
3689;667;0,00
3691;669;0,00
3692;667;0,00
3693;667;0,00
3694;667;0,00
3696;667;0,00
3697;668;0,00
3698;668;0,00
3699;667;0,00
3701;667;0,00
3702;668;0,00
3703;666;0,00
3704;667;0,00
3706;668;0,00
3707;668;0,00
3708;670;0,00
3709;670;0,00
3710;669;0,00
3713;668;0,00
3714;668;0,00
3715;669;0,00
3716;667;0,00
3718;668;0,00
3719;668;0,00
3720;667;0,00
3721;668;0,00
3723;668;0,00
3724;668;0,00
3725;667;0,00
3726;666;0,00
3728;666;0,00
3729;668;0,00
3730;668;0,00
3731;668;0,00
3733;668;0,00
3734;668;0,00
3735;668;0,00
3736;667;0,00
3738;668;0,00
3739;668;0,00
3740;668;0,00
3741;671;0,00
3743;667;0,00
3744;667;0,00
3745;669;0,00
3746;667;0,00
3748;668;0,00
3749;669;0,00
3750;667;0,00
3751;669;0,00
3753;667;0,00
3755;667;0,00
3756;668;0,00
3757;668;0,00
3759;667;0,00
3760;666;0,00
3761;668;0,00
3762;668;0,00
3764;668;0,00
3765;668;0,00
3766;667;0,00
3767;669;0,00
3769;667;0,00
3770;670;0,00
3771;667;0,00
3772;666;0,00
3774;668;0,00
3775;668;0,00
3776;668;0,00
3777;668;0,00
3778;668;0,00
3780;667;0,00
3781;667;0,00
3782;667;0,00
3783;669;0,00
3785;668;0,00
3786;668;0,00
3787;668;0,00
3788;667;0,00
3790;667;0,00
3791;666;0,00
3792;668;0,00
3793;667;0,00
3795;667;0,00
3796;668;0,00
3798;669;0,00
3799;667;0,00
3801;667;0,00
3802;668;0,00
3803;669;0,00
3804;667;0,00
3806;669;0,00
3807;668;0,00
3808;667;0,00
3809;668;0,00
3811;667;0,00
3812;668;0,00
3813;669;0,00
3814;669;0,00
3816;668;0,00
3817;666;0,00
3818;675;0,00
3819;669;0,00
3821;668;0,00
3822;675;0,00
3823;668;0,00
3824;669;0,00
3826;669;0,00
3827;669;0,00
3828;673;0,00
3829;668;0,00
3831;668;0,00
3832;670;0,00
3833;669;0,00
3834;672;0,00
3836;678;0,00
3837;671;0,00
3838;669;0,00
3840;672;0,00
3841;667;0,00
3843;675;0,00
3844;667;0,00
3845;669;0,00
3846;676;0,00
3848;670;0,00
3849;668;0,00
3850;670;0,00
3851;668;0,00
3853;670;0,00
3854;667;0,00
3855;667;0,00
3856;668;0,00
3858;669;0,00
3859;668;0,00
3860;669;0,00
3861;669;0,00
3863;668;0,00
3864;669;0,00
3865;669;0,00
3866;669;0,00
3868;666;0,00
3869;671;0,00
3870;669;0,00
3871;670;0,00
3873;667;0,00
3874;669;0,00
3875;673;0,00
3876;673;0,00
3878;670;0,00
3879;669;0,00
3880;667;0,00
3881;676;0,00
3884;677;0,00
3885;669;0,00
3886;668;0,00
3887;667;0,00
3889;668;0,00
3890;678;0,00
3891;672;0,00
3892;667;0,00
3894;671;0,00
3895;676;0,00
3896;667;0,00
3897;673;0,00
3899;668;0,00
3900;669;0,00
3901;673;0,00
3902;679;0,02
3904;673;0,00
3905;669;0,00
3906;673;0,00
3907;667;0,00
3908;666;0,00
3910;680;0,12
3911;675;0,00
3912;669;0,00
3913;668;0,00
3915;670;0,00
3916;670;0,00
3917;672;0,00
3918;668;0,00
3920;668;0,00
3921;668;0,00
3922;670;0,00
3923;669;0,00
3926;674;0,00
3927;668;0,00
3928;666;0,00
3929;668;0,00
3931;667;0,00
3932;672;0,00
3933;670;0,00
3934;669;0,00
3936;670;0,00
3937;669;0,00
3938;668;0,00
3939;669;0,00
3941;668;0,00
3942;676;0,00
3943;671;0,00
3944;667;0,00
3946;668;0,00
3947;668;0,00
3948;671;0,00
3949;667;0,00
3951;673;0,00
3952;673;0,00
3953;668;0,00
3954;668;0,00
3956;667;0,00
3957;671;0,00
3958;669;0,00
3959;667;0,00
3961;673;0,00
3962;669;0,00
3963;672;0,00
3964;676;0,00
3966;668;0,00
3968;667;0,00
3969;667;0,00
3970;670;0,00
3971;674;0,00
3973;668;0,00
3974;669;0,00
3975;669;0,00
3976;668;0,00
3978;669;0,00
3979;669;0,00
3980;670;0,00
3981;670;0,00
3983;672;0,00
3984;672;0,00
3985;669;0,00
3986;679;0,02
3988;668;0,00
3989;679;0,02
3990;670;0,00
3991;668;0,00
3993;670;0,00
3994;668;0,00
3995;678;0,00
3996;675;0,00
3998;671;0,00
3999;668;0,00
4000;667;0,00
4001;668;0,00
4003;674;0,00
4004;678;0,00
4005;670;0,00
4006;667;0,00
4008;670;0,00
4009;671;0,00
4011;672;0,00
4012;672;0,00
4014;667;0,00
4015;667;0,00
4016;668;0,00
4017;670;0,00
4019;668;0,00
4020;672;0,00
4021;668;0,00
4022;678;0,00
4024;666;0,00
4025;667;0,00
4026;671;0,00
4027;669;0,00
4029;674;0,00
4030;668;0,00
4031;670;0,00
4032;666;0,00
4034;672;0,00
4035;669;0,00
4036;668;0,00
4037;669;0,00
4038;675;0,00
4040;673;0,00
4041;671;0,00
4042;675;0,00
4043;668;0,00
4045;669;0,00
4046;669;0,00
4047;676;0,00
4048;671;0,00
4050;669;0,00
4051;669;0,00
4052;674;0,00
4054;673;0,00
4056;674;0,00
4057;668;0,00
4058;669;0,00
4059;668;0,00
4061;668;0,00
4062;670;0,00
4063;669;0,00
4064;666;0,00
4066;675;0,00
4067;668;0,00
4068;667;0,00
4069;670;0,00
4071;667;0,00
4072;672;0,00
4073;669;0,00
4074;667;0,00
4076;669;0,00
4077;682;0,32
4078;675;0,00
4079;669;0,00
4081;672;0,00
4082;672;0,00
4083;667;0,00
4084;681;0,22
4086;670;0,00
4087;669;0,00
4088;668;0,00
4089;676;0,00
4091;670;0,00
4092;666;0,00
4093;667;0,00
4094;669;0,00
4097;667;0,00
4098;673;0,00
4099;670;0,00
4100;675;0,00
4101;668;0,00
4103;673;0,00
4104;671;0,00
4105;667;0,00
4106;669;0,00
4108;679;0,02
4109;670;0,00
4110;668;0,00
4111;671;0,00
4113;670;0,00
4114;669;0,00
4115;678;0,00
4116;676;0,00
4118;669;0,00
4119;668;0,00
4120;667;0,00
4121;670;0,00
4123;670;0,00
4124;668;0,00
4125;669;0,00
4126;669;0,00
4128;667;0,00
4129;668;0,00
4130;669;0,00
4131;671;0,00
4133;670;0,00
4134;668;0,00
4135;668;0,00
4136;668;0,00
4139;668;0,00
4140;669;0,00
4141;669;0,00
4142;668;0,00
4144;668;0,00
4145;668;0,00
4146;667;0,00
4147;669;0,00
4149;670;0,00
4150;667;0,00
4151;669;0,00
4152;668;0,00
4154;673;0,00
4155;672;0,00
4156;667;0,00
4157;667;0,00
4159;667;0,00
4160;679;0,02
4161;668;0,00
4162;673;0,00
4164;671;0,00
4165;668;0,00
4166;671;0,00
4167;670;0,00
4168;668;0,00
4170;670;0,00
4171;681;0,22
4172;666;0,00
4173;670;0,00
4175;671;0,00
4176;669;0,00
4177;668;0,00
4178;669;0,00
4180;669;0,00
4182;671;0,00
4183;668;0,00
4184;668;0,00
4186;668;0,00
4187;668;0,00
4188;669;0,00
4189;677;0,00
4191;667;0,00
4192;669;0,00
4193;668;0,00
4194;669;0,00
4196;670;0,00
4197;678;0,00
4198;674;0,00
4199;669;0,00
4201;667;0,00
4202;671;0,00
4203;670;0,00
4204;667;0,00
4206;676;0,00
4207;672;0,00
4208;667;0,00
4209;666;0,00
4211;671;0,00
4212;671;0,00
4213;670;0,00
4214;667;0,00
4216;668;0,00
4217;668;0,00
4218;668;0,00
4219;671;0,00
4221;669;0,00
4222;668;0,00
4224;667;0,00
4225;669;0,00
4227;668;0,00
4228;673;0,00
4229;667;0,00
4230;671;0,00
4231;670;0,00
4233;667;0,00
4234;668;0,00
4235;669;0,00
4236;672;0,00
4238;669;0,00
4239;677;0,00
4240;669;0,00
4241;669;0,00
4243;669;0,00
4244;668;0,00
4245;678;0,00
4246;668;0,00
4248;668;0,00
4249;668;0,00
4250;670;0,00
4251;675;0,00
4253;670;0,00
4254;669;0,00
4255;670;0,00
4256;669;0,00
4258;667;0,00
4259;672;0,00
4260;670;0,00
4261;669;0,00
4263;668;0,00
4264;679;0,02
4265;667;0,00
4267;667;0,00
4269;668;0,00
4270;667;0,00
4271;675;0,00
4272;670;0,00
4274;667;0,00
4275;668;0,00
4276;667;0,00
4277;669;0,00
4279;668;0,00
4280;670;0,00
4281;671;0,00
4282;669;0,00
4284;668;0,00
4285;667;0,00
4286;673;0,00
4287;667;0,00
4289;673;0,00
4290;668;0,00
4291;669;0,00
4292;671;0,00
4294;667;0,00
4295;672;0,00
4296;670;0,00
4297;668;0,00
4298;675;0,00
4300;672;0,00
4301;668;0,00
4302;668;0,00
4303;667;0,00
4305;666;0,00
4306;667;0,00
4307;671;0,00
4308;668;0,00
4311;668;0,00
4312;681;0,22
4313;668;0,00
4314;667;0,00
4316;673;0,00
4317;667;0,00
4318;669;0,00
4319;679;0,02
4321;667;0,00
4322;668;0,00
4323;672;0,00
4324;668;0,00
4326;676;0,00
4327;673;0,00
4328;667;0,00
4329;669;0,00
4331;668;0,00
4332;667;0,00
4333;667;0,00
4334;668;0,00
4336;668;0,00
4337;668;0,00
4338;668;0,00
4339;670;0,00
4341;675;0,00
4342;669;0,00
4343;678;0,00
4344;671;0,00
4346;665;0,00
4347;668;0,00
4348;668;0,00
4349;673;0,00
4352;669;0,00
4353;668;0,00
4354;667;0,00
4355;676;0,00
4357;675;0,00
4358;667;0,00
4359;672;0,00
4360;669;0,00
4361;671;0,00
4363;668;0,00
4364;668;0,00
4365;670;0,00
4366;674;0,00
4368;671;0,00
4369;676;0,00
4370;667;0,00
4371;668;0,00
4373;667;0,00
4374;667;0,00
4375;670;0,00
4376;670;0,00
4378;667;0,00
4379;669;0,00
4380;671;0,00
4381;668;0,00
4383;668;0,00
4384;669;0,00
4385;671;0,00
4386;667;0,00
4388;667;0,00
4389;667;0,00
4390;667;0,00
4391;668;0,00
4393;673;0,00
4395;668;0,00
4396;672;0,00
4397;669;0,00
4399;668;0,00
4400;676;0,00
4401;673;0,00
4402;678;0,00
4404;669;0,00
4405;666;0,00
4406;674;0,00
4407;676;0,00
4409;668;0,00
4410;666;0,00
4411;671;0,00
4412;672;0,00
4414;669;0,00
4415;669;0,00
4416;668;0,00
4417;671;0,00
4419;667;0,00
4420;677;0,00
4421;679;0,02
4422;668;0,00
4424;677;0,00
4425;668;0,00
4426;666;0,00
4427;667;0,00
4428;675;0,00
4430;669;0,00
4431;668;0,00
4432;667;0,00
4433;669;0,00
4435;679;0,02
4436;670;0,00
4438;674;0,00
4439;666;0,00
4441;667;0,00
4442;667;0,00
4443;671;0,00
4444;667;0,00
4446;667;0,00
4447;667;0,00
4448;674;0,00
4449;672;0,00
4451;667;0,00
4452;673;0,00
4453;668;0,00
4454;672;0,00
4456;669;0,00
4457;674;0,00
4458;669;0,00
4459;673;0,00
4461;667;0,00
4462;678;0,00
4463;670;0,00
4464;670;0,00
4466;670;0,00
4467;675;0,00
4468;674;0,00
4469;668;0,00
4471;680;0,12
4472;677;0,00
4473;676;0,00
4474;667;0,00
4476;669;0,00
4477;668;0,00
4478;669;0,00
4480;667;0,00
4482;669;0,00
4483;667;0,00
4484;667;0,00
4485;670;0,00
4487;668;0,00
4488;671;0,00
4489;678;0,00
4490;667;0,00
4492;666;0,00
4493;669;0,00
4494;672;0,00
4495;668;0,00
4496;669;0,00
4498;673;0,00
4499;679;0,02
4500;668;0,00
4501;668;0,00
4503;673;0,00
4504;668;0,00
4505;669;0,00
4506;668;0,00
4508;680;0,12
4509;668;0,00
4510;672;0,00
4511;670;0,00
4513;668;0,00
4514;667;0,00
4515;669;0,00
4516;668;0,00
4518;672;0,00
4519;668;0,00
4520;674;0,00
4521;667;0,00
4524;668;0,00
4525;671;0,00
4526;667;0,00
4527;667;0,00
4529;669;0,00
4530;670;0,00
4531;672;0,00
4532;669;0,00
4534;672;0,00
4535;668;0,00
4536;668;0,00
4537;669;0,00
4539;672;0,00
4540;671;0,00
4541;679;0,02
4542;666;0,00
4544;669;0,00
4545;673;0,00
4546;667;0,00
4547;673;0,00
4549;668;0,00
4550;669;0,00
4551;668;0,00
4552;672;0,00
4554;667;0,00
4555;667;0,00
4556;681;0,22
4557;679;0,02
4558;667;0,00
4560;669;0,00
4561;675;0,00
4562;667;0,00
4563;677;0,00
4566;671;0,00
4567;671;0,00
4568;668;0,00
4569;671;0,00
4571;669;0,00
4572;667;0,00
4573;668;0,00
4574;675;0,00
4576;667;0,00
4577;673;0,00
4578;669;0,00
4579;667;0,00
4581;676;0,00
4582;677;0,00
4583;671;0,00
4584;667;0,00
4586;670;0,00
4587;668;0,00
4588;667;0,00
4589;668;0,00
4591;667;0,00
4592;671;0,00
4593;668;0,00
4594;667;0,00
4596;668;0,00
4597;668;0,00
4598;673;0,00
4599;668;0,00
4601;668;0,00
4602;674;0,00
4603;670;0,00
4604;668;0,00
4606;671;0,00
4608;668;0,00
4609;666;0,00
4610;669;0,00
4612;672;0,00
4613;669;0,00
4614;671;0,00
4615;672;0,00
4617;670;0,00
4618;675;0,00
4619;669;0,00
4620;672;0,00
4622;668;0,00
4623;670;0,00
4624;670;0,00
4625;668;0,00
4626;672;0,00
4628;665;0,00
4629;668;0,00
4630;671;0,00
4631;680;0,12
4633;676;0,00
4634;669;0,00
4635;670;0,00
4636;667;0,00
4638;668;0,00
4639;673;0,00
4640;671;0,00
4641;667;0,00
4643;672;0,00
4644;670;0,00
4645;676;0,00
4646;667;0,00
4648;670;0,00
4649;670;0,00
4651;667;0,00
4652;674;0,00
4654;669;0,00
4655;669;0,00
4656;669;0,00
4657;668;0,00
4659;669;0,00
4660;669;0,00
4661;669;0,00
4662;669;0,00
4664;670;0,00
4665;673;0,00
4666;676;0,00
4667;672;0,00
4669;670;0,00
4670;676;0,00
4671;667;0,00
4672;670;0,00
4674;676;0,00
4675;670;0,00
4676;667;0,00
4677;669;0,00
4679;680;0,12
4680;677;0,00
4681;669;0,00
4682;671;0,00
4684;670;0,00
4685;669;0,00
4686;670;0,00
4687;670;0,00
4688;668;0,00
4690;669;0,00
4691;666;0,00
4692;669;0,00
4694;670;0,00
4696;670;0,00
4697;668;0,00
4698;670;0,00
4699;672;0,00
4701;673;0,00
4702;667;0,00
4703;668;0,00
4704;668;0,00
4706;668;0,00
4707;666;0,00
4708;668;0,00
4709;672;0,00
4711;666;0,00
4712;669;0,00
4713;669;0,00
4714;675;0,00
4716;671;0,00
4717;668;0,00
4718;668;0,00
4719;669;0,00
4721;671;0,00
4722;670;0,00
4723;666;0,00
4724;672;0,00
4726;668;0,00
4727;681;0,22
4728;675;0,00
4729;676;0,00
4731;673;0,00
4732;668;0,00
4733;672;0,00
4734;668;0,00
4737;668;0,00
4738;678;0,00
4739;674;0,00
4740;672;0,00
4742;669;0,00
4743;674;0,00
4744;668;0,00
4745;673;0,00
4747;668;0,00
4748;669;0,00
4749;673;0,00
4750;668;0,00
4752;682;0,32
4753;668;0,00
4754;669;0,00
4755;667;0,00
4756;674;0,00
4758;674;0,00
4759;670;0,00
4760;669;0,00
4761;669;0,00
4763;669;0,00
4764;668;0,00
4765;667;0,00
4766;670;0,00
4768;669;0,00
4769;674;0,00
4770;668;0,00
4771;668;0,00
4773;671;0,00
4774;671;0,00
4775;676;0,00
4776;671;0,00
4779;673;0,00
4780;676;0,00
4781;667;0,00
4782;677;0,00
4784;673;0,00
4785;670;0,00
4786;668;0,00
4787;686;0,72
4789;667;0,00
4790;667;0,00
4791;674;0,00
4792;667;0,00
4794;669;0,00
4795;678;0,00
4796;666;0,00
4797;669;0,00
4799;683;0,42
4800;669;0,00
4801;668;0,00
4802;670;0,00
4804;671;0,00
4805;668;0,00
4806;674;0,00
4807;676;0,00
4809;671;0,00
4810;669;0,00
4811;677;0,00
4812;667;0,00
4814;671;0,00
4815;674;0,00
4816;671;0,00
4817;678;0,00
4819;673;0,00
4820;680;0,12
4822;668;0,00
4823;668;0,00
4824;670;0,00
4826;671;0,00
4827;667;0,00
4828;666;0,00
4829;673;0,00
4831;669;0,00
4832;670;0,00
4833;671;0,00
4834;671;0,00
4836;667;0,00
4837;667;0,00
4838;668;0,00
4839;671;0,00
4841;666;0,00
4842;668;0,00
4843;672;0,00
4844;678;0,00
4846;667;0,00
4847;668;0,00
4848;667;0,00
4849;668;0,00
4851;669;0,00
4852;669;0,00
4853;673;0,00
4854;667;0,00
4856;669;0,00
4857;678;0,00
4858;677;0,00
4859;666;0,00
4861;669;0,00
4862;669;0,00
4864;677;0,00
4865;670;0,00
4867;675;0,00
4868;669;0,00
4869;667;0,00
4870;673;0,00
4872;676;0,00
4873;668;0,00
4874;669;0,00
4875;667;0,00
4877;670;0,00
4878;669;0,00
4879;671;0,00
4880;668;0,00
4882;670;0,00
4883;669;0,00
4884;668;0,00
4885;679;0,02
4886;668;0,00
4888;677;0,00
4889;667;0,00
4890;668;0,00
4891;667;0,00
4893;669;0,00
4894;669;0,00
4895;679;0,02
4896;667;0,00
4898;669;0,00
4899;670;0,00
4900;666;0,00
4901;670;0,00
4903;671;0,00
4904;668;0,00
4905;673;0,00
4907;669;0,00
4909;668;0,00
4910;674;0,00
4911;675;0,00
4912;680;0,12
4914;666;0,00
4915;668;0,00
4916;668;0,00
4917;681;0,22
4919;669;0,00
4920;667;0,00
4921;670;0,00
4922;669;0,00
4924;671;0,00
4925;672;0,00
4926;675;0,00
4927;672;0,00
4929;675;0,00
4930;669;0,00
4931;672;0,00
4932;666;0,00
4934;668;0,00
4935;678;0,00
4936;672;0,00
4937;667;0,00
4939;668;0,00
4940;670;0,00
4941;666;0,00
4942;667;0,00
4944;668;0,00
4945;676;0,00
4946;680;0,12
4947;678;0,00
4948;681;0,22
4951;667;0,00
4952;669;0,00
4953;680;0,12
4954;671;0,00
4956;668;0,00
4957;670;0,00
4958;668;0,00
4959;684;0,52
4961;666;0,00
4962;671;0,00
4963;667;0,00
4964;666;0,00
4966;677;0,00
4967;677;0,00
4968;670;0,00
4969;674;0,00
4971;671;0,00
4972;668;0,00
4973;667;0,00
4974;667;0,00
4976;666;0,00
4977;667;0,00
4978;669;0,00
4979;669;0,00
4981;673;0,00
4982;667;0,00
4983;667;0,00
4984;669;0,00
4986;680;0,12
4987;670;0,00
4988;669;0,00
4989;668;0,00
4992;668;0,00
4993;667;0,00
4994;666;0,00
4995;670;0,00
4997;667;0,00
4998;668;0,00
4999;669;0,00
5000;672;0,00
5002;668;0,00
5003;667;0,00
5004;668;0,00
5005;667;0,00
5007;680;0,12
5008;670;0,00
5009;669;0,00
5010;667;0,00
5012;670;0,00
5013;668;0,00
5014;668;0,00
5015;675;0,00
5016;667;0,00
5018;667;0,00
5019;670;0,00
5020;672;0,00
5021;668;0,00
5023;681;0,22
5024;666;0,00
5025;666;0,00
5026;680;0,12
5028;669;0,00
5029;671;0,00
5030;667;0,00
5031;666;0,00
5033;668;0,00
5035;677;0,00
5036;675;0,00
5037;667;0,00
5039;672;0,00
5040;666;0,00
5041;668;0,00
5042;667;0,00
5044;679;0,02
5045;669;0,00
5046;668;0,00
5047;667;0,00
5049;669;0,00
5050;681;0,22
5051;673;0,00
5052;670;0,00
5054;677;0,00
5055;666;0,00
5056;668;0,00
5057;669;0,00
5059;675;0,00
5060;668;0,00
5061;669;0,00
5062;668;0,00
5064;667;0,00
5065;669;0,00
5066;670;0,00
5067;667;0,00
5069;667;0,00
5070;674;0,00
5071;667;0,00
5072;669;0,00
5074;672;0,00
5075;668;0,00
5076;666;0,00
5078;667;0,00
5080;668;0,00
5081;669;0,00
5082;672;0,00
5083;670;0,00
5084;670;0,00
5086;678;0,00
5087;677;0,00
5088;677;0,00
5089;671;0,00
5091;670;0,00
5092;674;0,00
5093;672;0,00
5094;670;0,00
5096;677;0,00
5097;677;0,00
5098;668;0,00
5099;671;0,00
5101;680;0,12
5102;680;0,12
5103;668;0,00
5104;668;0,00
5106;671;0,00
5107;679;0,02
5108;671;0,00
5109;668;0,00
5111;671;0,00
5112;673;0,00
5113;670;0,00
5114;668;0,00
5116;671;0,00
5117;669;0,00
5118;672;0,00
5120;674;0,00
5122;671;0,00
5123;672;0,00
5124;668;0,00
5125;669;0,00
5127;679;0,02
5128;669;0,00
5129;671;0,00
5130;669;0,00
5132;671;0,00
5133;677;0,00
5134;669;0,00
5135;673;0,00
5137;670;0,00
5138;676;0,00
5139;679;0,02
5140;668;0,00
5142;667;0,00
5143;668;0,00
5144;683;0,42
5145;667;0,00
5146;675;0,00
5148;669;0,00
5149;668;0,00
5150;669;0,00
5151;670;0,00
5153;673;0,00
5154;677;0,00
5155;668;0,00
5156;674;0,00
5158;668;0,00
5159;668;0,00
5160;669;0,00
5161;668;0,00
5164;667;0,00
5165;667;0,00
5166;673;0,00
5167;670;0,00
5169;671;0,00
5170;672;0,00
5171;672;0,00
5172;671;0,00
5174;667;0,00
5175;668;0,00
5176;668;0,00
5177;670;0,00
5179;674;0,00
5180;671;0,00
5181;667;0,00
5182;666;0,00
5184;667;0,00
5185;668;0,00
5186;673;0,00
5187;671;0,00
5189;671;0,00
5190;676;0,00
5191;670;0,00
5192;669;0,00
5194;679;0,02
5195;667;0,00
5196;680;0,12
5197;667;0,00
5199;669;0,00
5200;669;0,00
5201;668;0,00
5202;669;0,00
5204;672;0,00
5206;670;0,00
5207;671;0,00
5208;673;0,00
5210;668;0,00
5211;669;0,00
5212;673;0,00
5213;671;0,00
5214;669;0,00
5216;674;0,00
5217;669;0,00
5218;667;0,00
5219;670;0,00
5221;683;0,42
5222;670;0,00
5223;669;0,00
5224;669;0,00
5226;669;0,00
5227;671;0,00
5228;672;0,00
5229;671;0,00
5231;671;0,00
5232;668;0,00
5233;670;0,00
5234;675;0,00
5236;669;0,00
5237;677;0,00
5238;671;0,00
5239;669;0,00
5241;671;0,00
5242;673;0,00
5243;670;0,00
5244;673;0,00
5246;670;0,00
5248;668;0,00
5249;670;0,00
5250;675;0,00
5252;670;0,00
5253;672;0,00
5254;672;0,00
5255;670;0,00
5257;678;0,00
5258;671;0,00
5259;669;0,00
5260;680;0,12
5262;671;0,00
5263;670;0,00
5264;675;0,00
5265;674;0,00
5267;675;0,00
5268;670;0,00
5269;671;0,00
5270;669;0,00
5272;672;0,00
5273;669;0,00
5274;668;0,00
5275;675;0,00
5277;675;0,00
5278;669;0,00
5279;677;0,00
5280;669;0,00
5281;669;0,00
5283;672;0,00
5284;672;0,00
5285;672;0,00
5286;668;0,00
5288;669;0,00
5289;679;0,02
5291;669;0,00
5292;669;0,00
5294;679;0,02
5295;676;0,00
5296;674;0,00
5297;669;0,00
5299;670;0,00
5300;673;0,00
5301;669;0,00
5302;670;0,00
5304;672;0,00
5305;680;0,12
5306;672;0,00
5307;675;0,00
5309;670;0,00
5310;670;0,00
5311;670;0,00
5312;681;0,22
5314;677;0,00
5315;672;0,00
5316;671;0,00
5317;670;0,00
5319;668;0,00
5320;672;0,00
5321;670;0,00
5322;671;0,00
5324;670;0,00
5325;674;0,00
5326;669;0,00
5327;673;0,00
5329;670;0,00
5330;675;0,00
5331;669;0,00
5332;677;0,00
5335;677;0,00
5336;671;0,00
5337;678;0,00
5338;672;0,00
5340;668;0,00
5341;671;0,00
5342;677;0,00
5343;669;0,00
5344;671;0,00
5346;676;0,00
5347;677;0,00
5348;671;0,00
5349;668;0,00
5351;669;0,00
5352;669;0,00
5353;673;0,00
5354;682;0,32
5356;674;0,00
5357;672;0,00
5358;677;0,00
5359;672;0,00
5361;668;0,00
5362;675;0,00
5363;670;0,00
5364;672;0,00
5366;671;0,00
5367;673;0,00
5368;672;0,00
5369;668;0,00
5371;670;0,00
5372;672;0,00
5373;673;0,00
5374;669;0,00
5377;672;0,00
5378;670;0,00
5379;671;0,00
5380;671;0,00
5382;674;0,00
5383;670;0,00
5384;671;0,00
5385;673;0,00
5387;677;0,00
5388;672;0,00
5389;670;0,00
5390;669;0,00
5392;670;0,00
5393;670;0,00
5394;671;0,00
5395;669;0,00
5397;672;0,00
5398;671;0,00
5399;672;0,00
5400;670;0,00
5402;671;0,00
5403;670;0,00
5404;672;0,00
5405;679;0,02
5407;677;0,00
5408;681;0,22
5409;679;0,02
5410;669;0,00
5411;679;0,02
5413;675;0,00
5414;670;0,00
5415;670;0,00
5416;678;0,00
5419;670;0,00
5420;672;0,00
5421;668;0,00
5422;671;0,00
5424;668;0,00
5425;675;0,00
5426;670;0,00
5427;670;0,00
5429;676;0,00
5430;673;0,00
5431;671;0,00
5432;670;0,00
5434;670;0,00
5435;669;0,00
5436;670;0,00
5437;673;0,00
5439;670;0,00
5440;675;0,00
5441;676;0,00
5442;676;0,00
5444;673;0,00
5445;676;0,00
5446;675;0,00
5447;675;0,00
5449;679;0,02
5450;677;0,00
5451;681;0,22
5452;669;0,00
5454;676;0,00
5455;668;0,00
5456;670;0,00
5457;669;0,00
5459;679;0,02
5460;670;0,00
5462;670;0,00
5463;669;0,00
5465;669;0,00
5466;673;0,00
5467;669;0,00
5468;674;0,00
5470;669;0,00
5471;672;0,00
5472;670;0,00
5473;672;0,00
5474;669;0,00
5476;679;0,02
5477;670;0,00
5478;671;0,00
5479;672;0,00
5481;674;0,00
5482;671;0,00
5483;672;0,00
5484;670;0,00
5486;670;0,00
5487;670;0,00
5488;672;0,00
5489;671;0,00
5491;679;0,02
5492;680;0,12
5493;685;0,62
5494;673;0,00
5496;669;0,00
5497;671;0,00
5498;670;0,00
5499;672;0,00
5501;679;0,02
5502;671;0,00
5504;672;0,00
5505;680;0,12
5507;675;0,00
5508;673;0,00
5509;685;0,62
5510;681;0,22
5512;671;0,00
5513;670;0,00
5514;679;0,02
5515;671;0,00
5517;671;0,00
5518;684;0,52
5519;669;0,00
5520;671;0,00
5522;671;0,00
5523;671;0,00
5524;673;0,00
5525;673;0,00
5527;672;0,00
5528;670;0,00
5529;679;0,02
5530;670;0,00
5532;676;0,00
5533;687;0,82
5534;673;0,00
5535;677;0,00
5537;679;0,02
5538;670;0,00
5539;671;0,00
5540;672;0,00
5541;673;0,00
5543;670;0,00
5544;681;0,22
5545;676;0,00
5547;670;0,00
5549;670;0,00
5550;682;0,32
5551;685;0,62
5552;671;0,00
5554;676;0,00
5555;670;0,00
5556;680;0,12
5557;674;0,00
5559;674;0,00
5560;668;0,00
5561;679;0,02
5562;670;0,00
5564;683;0,42
5565;670;0,00
5566;673;0,00
5567;675;0,00
5569;669;0,00
5570;673;0,00
5571;673;0,00
5572;671;0,00
5574;671;0,00
5575;674;0,00
5576;672;0,00
5577;673;0,00
5579;673;0,00
5580;677;0,00
5581;671;0,00
5582;671;0,00
5584;673;0,00
5585;671;0,00
5586;678;0,00
5587;671;0,00
5590;677;0,00
5591;675;0,00
5592;669;0,00
5593;671;0,00
5595;670;0,00
5596;673;0,00
5597;678;0,00
5598;675;0,00
5600;670;0,00
5601;668;0,00
5602;677;0,00
5603;673;0,00
5604;669;0,00
5606;670;0,00
5607;670;0,00
5608;673;0,00
5609;671;0,00
5611;672;0,00
5612;670;0,00
5613;672;0,00
5614;670;0,00
5616;670;0,00
5617;670;0,00
5618;677;0,00
5619;683;0,42
5621;672;0,00
5622;674;0,00
5623;671;0,00
5624;674;0,00
5626;673;0,00
5627;674;0,00
5628;673;0,00
5629;673;0,00
5632;674;0,00
5633;669;0,00
5634;673;0,00
5635;671;0,00
5637;670;0,00
5638;671;0,00
5639;674;0,00
5640;670;0,00
5642;672;0,00
5643;686;0,72
5644;670;0,00
5645;670;0,00
5647;674;0,00
5648;674;0,00
5649;673;0,00
5650;679;0,02
5652;674;0,00
5653;672;0,00
5654;671;0,00
5655;680;0,12
5657;674;0,00
5658;687;0,82
5659;672;0,00
5660;670;0,00
5662;674;0,00
5663;674;0,00
5664;670;0,00
5665;671;0,00
5666;681;0,22
5668;682;0,32
5669;674;0,00
5670;674;0,00
5671;670;0,00
5673;671;0,00
5675;674;0,00
5676;672;0,00
5677;671;0,00
5679;671;0,00
5680;672;0,00
5681;675;0,00
5682;678;0,00
5684;678;0,00
5685;673;0,00
5686;674;0,00
5687;672;0,00
5689;675;0,00
5690;676;0,00
5691;673;0,00
5692;674;0,00
5694;678;0,00
5695;684;0,52
5696;670;0,00
5697;673;0,00
5699;672;0,00
5700;673;0,00
5701;678;0,00
5702;674;0,00
5704;678;0,00
5705;670;0,00
5706;683;0,42
5707;671;0,00
5709;673;0,00
5710;678;0,00
5711;684;0,52
5712;671;0,00
5714;674;0,00
5715;675;0,00
5716;679;0,02
5718;671;0,00
5720;672;0,00
5721;672;0,00
5722;680;0,12
5723;671;0,00
5725;670;0,00
5726;672;0,00
5727;672;0,00
5728;670;0,00
5730;671;0,00
5731;672;0,00
5732;668;0,00
5733;672;0,00
5734;672;0,00
5736;671;0,00
5737;670;0,00
5738;671;0,00
5739;669;0,00
5741;673;0,00
5742;672;0,00
5743;677;0,00
5744;671;0,00
5746;673;0,00
5747;674;0,00
5748;681;0,22
5749;673;0,00
5751;674;0,00
5752;672;0,00
5753;673;0,00
5754;675;0,00
5756;672;0,00
5757;674;0,00
5758;672;0,00
5760;680;0,12
5762;670;0,00
5763;677;0,00
5764;673;0,00
5765;674;0,00
5767;676;0,00
5768;674;0,00
5769;671;0,00
5770;675;0,00
5772;672;0,00
5773;674;0,00
5774;678;0,00
5775;673;0,00
5777;680;0,12
5778;672;0,00
5779;674;0,00
5780;673;0,00
5782;674;0,00
5783;670;0,00
5784;678;0,00
5785;680;0,12
5787;674;0,00
5788;688;0,92
5789;674;0,00
5790;674;0,00
5792;675;0,00
5793;672;0,00
5794;680;0,12
5795;682;0,32
5797;674;0,00
5798;672;0,00
5799;677;0,00
5800;670;0,00
5801;676;0,00
5804;671;0,00
5805;685;0,62
5806;675;0,00
5807;676;0,00
5809;678;0,00
5810;670;0,00
5811;672;0,00
5812;672;0,00
5814;674;0,00
5815;671;0,00
5816;671;0,00
5817;674;0,00
5819;671;0,00
5820;676;0,00
5821;677;0,00
5822;671;0,00
5824;671;0,00
5825;675;0,00
5826;679;0,02
5827;673;0,00
5829;674;0,00
5830;672;0,00
5831;674;0,00
5832;672;0,00
5834;687;0,82
5835;674;0,00
5836;672;0,00
5837;672;0,00
5839;685;0,62
5840;673;0,00
5841;671;0,00
5842;678;0,00
5844;672;0,00
5846;681;0,22
5847;674;0,00
5848;672;0,00
5850;682;0,32
5851;673;0,00
5852;673;0,00
5853;673;0,00
5855;674;0,00
5856;683;0,42
5857;679;0,02
5858;675;0,00
5860;672;0,00
5861;674;0,00
5862;672;0,00
5863;672;0,00
5864;681;0,22
5866;672;0,00
5867;673;0,00
5868;673;0,00
5869;672;0,00
5871;672;0,00
5872;673;0,00
5873;671;0,00
5874;672;0,00
5876;673;0,00
5877;672;0,00
5878;672;0,00
5879;678;0,00
5881;673;0,00
5882;673;0,00
5883;679;0,02
5884;678;0,00
5886;682;0,32
5888;675;0,00
5889;681;0,22
5890;675;0,00
5892;679;0,02
5893;673;0,00
5894;680;0,12
5895;673;0,00
5897;677;0,00
5898;671;0,00
5899;671;0,00
5900;671;0,00
5902;673;0,00
5903;672;0,00
5904;673;0,00
5905;670;0,00
5907;672;0,00
5908;675;0,00
5909;677;0,00
5910;672;0,00
5912;681;0,22
5913;672;0,00
5914;671;0,00
5915;674;0,00
5917;680;0,12
5918;671;0,00
5919;672;0,00
5920;674;0,00
5922;675;0,00
5923;672;0,00
5924;672;0,00
5925;679;0,02
5927;676;0,00
5928;672;0,00
5929;675;0,00
5931;676;0,00
5932;671;0,00
5934;689;1,02
5935;680;0,12
5936;676;0,00
5937;670;0,00
5939;674;0,00
5940;681;0,22
5941;671;0,00
5942;675;0,00
5944;682;0,32
5945;672;0,00
5946;672;0,00
5947;680;0,12
5949;673;0,00
5950;678;0,00
5951;686;0,72
5952;677;0,00
5954;676;0,00
5955;673;0,00
5956;673;0,00
5957;672;0,00
5959;672;0,00
5960;673;0,00
5961;671;0,00
5962;673;0,00
5964;671;0,00
5965;674;0,00
5966;671;0,00
5967;674;0,00
5969;675;0,00
5970;674;0,00
5971;672;0,00
5972;673;0,00
5975;674;0,00
5976;671;0,00
5977;671;0,00
5978;673;0,00
5980;675;0,00
5981;672;0,00
5982;673;0,00
5983;673;0,00
5985;670;0,00
5986;672;0,00
5987;672;0,00
5988;672;0,00
5990;672;0,00
5991;675;0,00
5992;672;0,00
5993;672;0,00
5995;673;0,00
5996;672;0,00
5997;672;0,00
5998;673;0,00
5999;671;0,00
6001;673;0,00
6002;672;0,00
6003;672;0,00
6004;671;0,00
6006;673;0,00
6007;673;0,00
6008;671;0,00
6009;671;0,00
6011;671;0,00
6012;672;0,00
6013;674;0,00
6014;672;0,00
6017;672;0,00
6018;673;0,00
6019;671;0,00
6020;671;0,00
6022;673;0,00
6023;672;0,00
6024;672;0,00
6025;674;0,00
6027;672;0,00
6028;672;0,00
6029;672;0,00
6030;673;0,00
6032;672;0,00
6033;672;0,00
6034;672;0,00
6035;672;0,00
6037;674;0,00
6038;672;0,00
6039;672;0,00
6040;673;0,00
6042;672;0,00
6043;673;0,00
6044;672;0,00
6045;674;0,00
6047;671;0,00
6048;672;0,00
6049;674;0,00
6050;671;0,00
6052;672;0,00
6053;673;0,00
6054;674;0,00
6055;672;0,00
6057;672;0,00
6059;675;0,00
6060;672;0,00
6061;672;0,00
6062;674;0,00
6064;672;0,00
6065;671;0,00
6066;672;0,00
6067;672;0,00
6069;672;0,00
6070;672;0,00
6071;675;0,00
6072;672;0,00
6074;675;0,00
6075;671;0,00
6076;672;0,00
6077;672;0,00
6079;673;0,00
6080;675;0,00
6081;672;0,00
6082;672;0,00
6084;672;0,00
6085;672;0,00
6086;672;0,00
6087;671;0,00
6089;674;0,00
6090;675;0,00
6091;671;0,00
6092;673;0,00
6094;672;0,00
6095;673;0,00
6096;673;0,00
6097;673;0,00
6099;675;0,00
6100;674;0,00
6102;673;0,00
6103;672;0,00
6105;675;0,00
6106;674;0,00
6107;675;0,00
6108;674;0,00
6110;672;0,00
6111;674;0,00
6112;673;0,00
6113;673;0,00
6115;672;0,00
6116;672;0,00
6117;673;0,00
6118;676;0,00
6120;685;0,62
6121;674;0,00
6122;673;0,00
6123;672;0,00
6124;683;0,42
6126;673;0,00
6127;676;0,00
6128;674;0,00
6129;679;0,02
6131;677;0,00
6132;673;0,00
6133;674;0,00
6134;681;0,22
6136;682;0,32
6137;674;0,00
6138;675;0,00
6139;680;0,12
6141;673;0,00
6142;675;0,00
6144;678;0,00
6145;674;0,00
6147;672;0,00
6148;673;0,00
6149;672;0,00
6150;680;0,12
6152;675;0,00
6153;680;0,12
6154;678;0,00
6155;673;0,00
6157;677;0,00
6158;677;0,00
6159;674;0,00
6160;672;0,00
6162;676;0,00
6163;676;0,00
6164;672;0,00
6165;677;0,00
6167;676;0,00
6168;674;0,00
6169;674;0,00
6170;676;0,00
6172;672;0,00
6173;673;0,00
6174;678;0,00
6175;675;0,00
6177;676;0,00
6178;678;0,00
6179;673;0,00
6180;676;0,00
6182;672;0,00
6183;673;0,00
6184;672;0,00
6185;677;0,00
6188;671;0,00
6189;673;0,00
6190;675;0,00
6191;683;0,42
6192;680;0,12
6194;674;0,00
6195;673;0,00
6196;676;0,00
6197;677;0,00
6199;673;0,00
6200;678;0,00
6201;673;0,00
6202;674;0,00
6204;684;0,52
6205;685;0,62
6206;673;0,00
6207;677;0,00
6209;672;0,00
6210;675;0,00
6211;675;0,00
6212;678;0,00
6214;678;0,00
6215;675;0,00
6216;676;0,00
6217;677;0,00
6219;671;0,00
6220;675;0,00
6221;676;0,00
6222;674;0,00
6224;672;0,00
6225;676;0,00
6226;676;0,00
6227;676;0,00
6230;674;0,00
6231;673;0,00
6232;671;0,00
6233;685;0,62
6235;675;0,00
6236;673;0,00
6237;685;0,62
6238;682;0,32
6240;673;0,00
6241;680;0,12
6242;682;0,32
6243;679;0,02
6245;675;0,00
6246;672;0,00
6247;673;0,00
6248;674;0,00
6250;674;0,00
6251;673;0,00
6252;673;0,00
6253;673;0,00
6254;680;0,12
6256;676;0,00
6257;684;0,52
6258;673;0,00
6259;673;0,00
6261;674;0,00
6262;680;0,12
6263;681;0,22
6264;674;0,00
6266;677;0,00
6267;675;0,00
6268;680;0,12
6269;677;0,00
6272;673;0,00
6273;674;0,00
6274;684;0,52
6275;674;0,00
6277;685;0,62
6278;677;0,00
6279;676;0,00
6280;674;0,00
6282;675;0,00
6283;686;0,72
6284;674;0,00
6285;679;0,02
6287;674;0,00
6288;677;0,00
6289;673;0,00
6290;676;0,00
6292;674;0,00
6293;677;0,00
6294;677;0,00
6295;674;0,00
6297;675;0,00
6298;677;0,00
6299;674;0,00
6300;674;0,00
6302;673;0,00
6303;677;0,00
6304;678;0,00
6305;675;0,00
6307;680;0,12
6308;674;0,00
6309;675;0,00
6310;673;0,00
6312;678;0,00
6313;675;0,00
6315;675;0,00
6316;678;0,00
6318;675;0,00
6319;683;0,42
6320;681;0,22
6321;675;0,00
6322;677;0,00
6324;673;0,00
6325;673;0,00
6326;684;0,52
6327;673;0,00
6329;674;0,00
6330;672;0,00
6331;674;0,00
6332;674;0,00
6334;678;0,00
6335;675;0,00
6336;676;0,00
6337;677;0,00
6339;674;0,00
6340;676;0,00
6341;676;0,00
6342;686;0,72
6344;672;0,00
6345;675;0,00
6346;675;0,00
6347;675;0,00
6349;682;0,32
6350;677;0,00
6351;676;0,00
6352;675;0,00
6354;673;0,00
6355;673;0,00
6356;675;0,00
6358;684;0,52
6360;678;0,00
6361;683;0,42
6362;682;0,32
6363;682;0,32
6365;673;0,00
6366;684;0,52
6367;677;0,00
6368;675;0,00
6370;673;0,00
6371;688;0,92
6372;673;0,00
6373;674;0,00
6375;675;0,00
6376;673;0,00
6377;674;0,00
6378;673;0,00
6380;673;0,00
6381;685;0,62
6382;679;0,02
6383;673;0,00
6385;683;0,42
6386;673;0,00
6387;675;0,00
6388;679;0,02
6389;685;0,62
6391;673;0,00
6392;675;0,00
6393;683;0,42
6394;682;0,32
6396;672;0,00
6397;683;0,42
6398;673;0,00
6400;676;0,00
6402;673;0,00
6403;677;0,00
6404;674;0,00
6405;674;0,00
6407;676;0,00
6408;674;0,00
6409;674;0,00
6410;676;0,00
6412;674;0,00
6413;676;0,00
6414;676;0,00
6415;675;0,00
6417;683;0,42
6418;674;0,00
6419;683;0,42
6420;675;0,00
6422;672;0,00
6423;686;0,72
6424;680;0,12
6425;681;0,22
6427;677;0,00
6428;674;0,00
6429;687;0,82
6430;676;0,00
6432;676;0,00
6433;687;0,82
6434;677;0,00
6435;674;0,00
6437;674;0,00
6438;674;0,00
6439;681;0,22
6440;674;0,00
6443;680;0,12
6444;677;0,00
6445;674;0,00
6446;678;0,00
6448;673;0,00
6449;674;0,00
6450;677;0,00
6451;674;0,00
6452;676;0,00
6454;681;0,22
6455;674;0,00
6456;675;0,00
6457;674;0,00
6459;674;0,00
6460;673;0,00
6461;675;0,00
6462;674;0,00
6464;678;0,00
6465;674;0,00
6466;673;0,00
6467;674;0,00
6469;672;0,00
6470;677;0,00
6471;685;0,62
6472;674;0,00
6474;673;0,00
6475;675;0,00
6476;682;0,32
6477;677;0,00
6479;679;0,02
6480;679;0,02
6481;678;0,00
6482;678;0,00
6484;682;0,32
6486;674;0,00
6487;673;0,00
6488;673;0,00
6490;682;0,32
6491;673;0,00
6492;674;0,00
6493;672;0,00
6495;679;0,02
6496;683;0,42
6497;676;0,00
6498;677;0,00
6500;674;0,00
6501;672;0,00
6502;675;0,00
6503;674;0,00
6505;675;0,00
6506;677;0,00
6507;674;0,00
6508;682;0,32
6510;674;0,00
6511;687;0,82
6512;683;0,42
6513;674;0,00
6515;672;0,00
6516;673;0,00
6517;677;0,00
6518;682;0,32
6519;679;0,02
6521;674;0,00
6522;674;0,00
6523;675;0,00
6524;688;0,92
6526;674;0,00
6528;675;0,00
6529;674;0,00
6530;675;0,00
6532;683;0,42
6533;674;0,00
6534;672;0,00
6535;675;0,00
6537;683;0,42
6538;672;0,00
6539;683;0,42
6540;673;0,00
6542;673;0,00
6543;675;0,00
6544;680;0,12
6545;674;0,00
6547;672;0,00
6548;680;0,12
6549;673;0,00
6550;677;0,00
6552;674;0,00
6553;673;0,00
6554;674;0,00
6555;673;0,00
6557;673;0,00
6558;673;0,00
6559;673;0,00
6560;673;0,00
6562;673;0,00
6563;673;0,00
6564;672;0,00
6565;672;0,00
6567;685;0,62
6568;679;0,02
6569;676;0,00
6571;674;0,00
6573;673;0,00
6574;672;0,00
6575;674;0,00
6576;673;0,00
6578;673;0,00
6579;674;0,00
6580;674;0,00
6581;678;0,00
6582;676;0,00
6584;676;0,00
6585;678;0,00
6586;687;0,82
6587;673;0,00
6589;674;0,00
6590;675;0,00
6591;676;0,00
6592;673;0,00
6594;676;0,00
6595;676;0,00
6596;674;0,00
6597;673;0,00
6599;679;0,02
6600;676;0,00
6601;675;0,00
6602;675;0,00
6604;678;0,00
6605;672;0,00
6606;684;0,52
6607;673;0,00
6609;674;0,00
6610;673;0,00
6611;673;0,00
6612;675;0,00
6615;674;0,00
6616;676;0,00
6617;678;0,00
6618;680;0,12
6620;674;0,00
6621;673;0,00
6622;680;0,12
6623;677;0,00
6625;674;0,00
6626;682;0,32
6627;680;0,12
6628;681;0,22
6630;676;0,00
6631;674;0,00
6632;674;0,00
6633;679;0,02
6635;678;0,00
6636;676;0,00
6637;672;0,00
6638;685;0,62
6640;674;0,00
6641;680;0,12
6642;677;0,00
6643;676;0,00
6645;676;0,00
6646;674;0,00
6647;675;0,00
6648;682;0,32
6649;677;0,00
6651;675;0,00
6652;679;0,02
6653;677;0,00
6654;675;0,00
6657;675;0,00
6658;677;0,00
6659;682;0,32
6660;674;0,00
6662;674;0,00
6663;676;0,00
6664;678;0,00
6665;686;0,72
6667;678;0,00
6668;680;0,12
6669;674;0,00
6670;684;0,52
6672;682;0,32
6673;681;0,22
6674;678;0,00
6675;675;0,00
6677;678;0,00
6678;676;0,00
6679;677;0,00
6680;676;0,00
6682;681;0,22
6683;683;0,42
6684;678;0,00
6685;689;1,02
6687;676;0,00
6688;681;0,22
6689;676;0,00
6690;682;0,32
6692;678;0,00
6693;675;0,00
6694;677;0,00
6695;680;0,12
6697;679;0,02
6699;682;0,32
6700;676;0,00
6701;679;0,02
6703;683;0,42
6704;680;0,12
6705;680;0,12
6706;675;0,00
6708;676;0,00
6709;678;0,00
6710;675;0,00
6711;680;0,12
6713;678;0,00
6714;675;0,00
6715;688;0,92
6716;681;0,22
6717;673;0,00
6719;679;0,02
6720;686;0,72
6721;674;0,00
6722;676;0,00
6724;676;0,00
6725;673;0,00
6726;685;0,62
6727;675;0,00
6729;676;0,00
6730;683;0,42
6731;674;0,00
6732;681;0,22
6734;679;0,02
6735;677;0,00
6736;684;0,52
6737;675;0,00
6739;678;0,00
6740;675;0,00
6742;673;0,00
6743;678;0,00
6745;682;0,32
6746;681;0,22
6747;675;0,00
6748;681;0,22
6750;675;0,00
6751;674;0,00
6752;677;0,00
6753;676;0,00
6755;675;0,00
6756;683;0,42
6757;674;0,00
6758;686;0,72
6760;676;0,00
6761;676;0,00
6762;676;0,00
6763;674;0,00
6765;676;0,00
6766;676;0,00
6767;690;1,12
6768;681;0,22
6770;674;0,00
6771;679;0,02
6772;676;0,00
6773;673;0,00
6775;675;0,00
6776;677;0,00
6777;677;0,00
6778;685;0,62
6779;685;0,62
6781;675;0,00
6782;674;0,00
6784;682;0,32
6785;674;0,00
6787;678;0,00
6788;678;0,00
6789;678;0,00
6790;683;0,42
6792;672;0,00
6793;673;0,00
6794;677;0,00
6795;676;0,00
6797;683;0,42
6798;673;0,00
6799;674;0,00
6800;675;0,00
6802;689;1,02
6803;676;0,00
6804;690;1,12
6805;674;0,00
6807;675;0,00
6808;672;0,00
6809;676;0,00
6810;675;0,00
6812;679;0,02
6813;676;0,00
6814;674;0,00
6815;679;0,02
6817;681;0,22
6818;674;0,00
6819;685;0,62
6820;674;0,00
6822;675;0,00
6823;681;0,22
6824;683;0,42
6825;674;0,00
6828;675;0,00
6829;676;0,00
6830;675;0,00
6831;674;0,00
6833;673;0,00
6834;678;0,00
6835;681;0,22
6836;680;0,12
6838;685;0,62
6839;673;0,00
6840;677;0,00
6841;674;0,00
6843;673;0,00
6844;675;0,00
6845;674;0,00
6846;673;0,00
6847;676;0,00
6849;681;0,22
6850;680;0,12
6851;673;0,00
6852;675;0,00
6854;674;0,00
6855;673;0,00
6856;683;0,42
6857;679;0,02
6859;690;1,12
6860;673;0,00
6861;674;0,00
6862;675;0,00
6864;675;0,00
6865;683;0,42
6866;685;0,62
6867;675;0,00
6870;676;0,00
6871;674;0,00
6872;678;0,00
6873;677;0,00
6875;673;0,00
6876;680;0,12
6877;673;0,00
6878;674;0,00
6880;674;0,00
6881;676;0,00
6882;676;0,00
6883;683;0,42
6885;676;0,00
6886;678;0,00
6887;673;0,00
6888;675;0,00
6890;674;0,00
6891;677;0,00
6892;674;0,00
6893;674;0,00
6895;674;0,00
6896;676;0,00
6897;675;0,00
6898;680;0,12
6900;685;0,62
6901;676;0,00
6902;677;0,00
6903;689;1,02
6905;684;0,52
6906;675;0,00
6907;687;0,82
6908;677;0,00
6909;674;0,00
6912;680;0,12
6913;679;0,02
6914;675;0,00
6915;676;0,00
6917;677;0,00
6918;684;0,52
6919;674;0,00
6920;680;0,12
6922;676;0,00
6923;676;0,00
6924;675;0,00
6925;675;0,00
6927;675;0,00
6928;681;0,22
6929;675;0,00
6930;686;0,72
6932;674;0,00
6933;676;0,00
6934;676;0,00
6935;674;0,00
6937;676;0,00
6938;679;0,02
6939;678;0,00
6940;675;0,00
6942;687;0,82
6943;678;0,00
6944;678;0,00
6945;675;0,00
6947;688;0,92
6948;674;0,00
6949;674;0,00
6950;674;0,00
6952;678;0,00
6953;675;0,00
6955;675;0,00
6956;675;0,00
6958;693;1,43
6959;674;0,00
6960;675;0,00
6961;682;0,32
6963;686;0,72
6964;675;0,00
6965;676;0,00
6966;681;0,22
6968;685;0,62
6969;681;0,22
6970;676;0,00
6971;689;1,02
6972;688;0,92
6974;676;0,00
6975;678;0,00
6976;678;0,00
6977;674;0,00
6979;679;0,02
6980;675;0,00
6981;681;0,22
6982;674;0,00
6984;675;0,00
6985;684;0,52
6986;675;0,00
6987;683;0,42
6989;675;0,00
6990;675;0,00
6991;675;0,00
6992;686;0,72
6994;679;0,02
6995;680;0,12
6996;679;0,02
6998;686;0,72
7000;674;0,00
7001;674;0,00
7002;673;0,00
7003;687;0,82
7005;675;0,00
7006;675;0,00
7007;687;0,82
7008;675;0,00
7010;675;0,00
7011;674;0,00
7012;677;0,00
7013;674;0,00
7015;674;0,00
7016;676;0,00
7017;675;0,00
7018;673;0,00
7020;679;0,02
7021;675;0,00
7022;676;0,00
7023;673;0,00
7025;686;0,72
7026;680;0,12
7027;675;0,00
7028;673;0,00
7030;675;0,00
7031;674;0,00
7032;674;0,00
7033;685;0,62
7035;683;0,42
7036;684;0,52
7037;678;0,00
7038;682;0,32
7040;678;0,00
7042;675;0,00
7043;676;0,00
7044;677;0,00
7045;674;0,00
7047;685;0,62
7048;677;0,00
7049;675;0,00
7050;674;0,00
7052;682;0,32
7053;676;0,00
7054;684;0,52
7055;675;0,00
7057;684;0,52
7058;687;0,82
7059;686;0,72
7060;677;0,00
7062;676;0,00
7063;676;0,00
7064;677;0,00
7065;677;0,00
7067;684;0,52
7068;684;0,52
7069;674;0,00
7070;677;0,00
7072;677;0,00
7073;676;0,00
7074;682;0,32
7075;678;0,00
7077;682;0,32
7078;677;0,00
7079;677;0,00
7080;690;1,12
7083;677;0,00
7084;681;0,22
7085;694;1,53
7086;687;0,82
7088;676;0,00
7089;680;0,12
7090;695;1,63
7091;682;0,32
7093;684;0,52
7094;678;0,00
7095;685;0,62
7096;675;0,00
7098;686;0,72
7099;682;0,32
7100;679;0,02
7101;680;0,12
7103;676;0,00
7104;677;0,00
7105;679;0,02
7106;678;0,00
7107;677;0,00
7109;682;0,32
7110;675;0,00
7111;686;0,72
7112;677;0,00
7114;683;0,42
7115;676;0,00
7116;675;0,00
7117;682;0,32
7119;677;0,00
7120;676;0,00
7121;679;0,02
7122;677;0,00
7124;676;0,00
7126;676;0,00
7127;680;0,12
7128;675;0,00
7130;678;0,00
7131;680;0,12
7132;675;0,00
7133;681;0,22
7135;691;1,22
7136;676;0,00
7137;676;0,00
7138;678;0,00
7140;686;0,72
7141;680;0,12
7142;678;0,00
7143;679;0,02
7145;676;0,00
7146;682;0,32
7147;678;0,00
7148;675;0,00
7150;681;0,22
7151;684;0,52
7152;675;0,00
7153;675;0,00
7155;679;0,02
7156;676;0,00
7157;676;0,00
7158;678;0,00
7160;675;0,00
7161;679;0,02
7162;684;0,52
7163;676;0,00
7165;676;0,00
7166;678;0,00
7168;686;0,72
7169;679;0,02
7171;677;0,00
7172;682;0,32
7173;679;0,02
7174;676;0,00
7175;687;0,82
7177;680;0,12
7178;682;0,32
7179;677;0,00
7180;675;0,00
7182;675;0,00
7183;681;0,22
7184;686;0,72
7185;682;0,32
7187;677;0,00
7188;678;0,00
7189;677;0,00
7190;680;0,12
7192;675;0,00
7193;679;0,02
7194;681;0,22
7195;683;0,42
7197;678;0,00
7198;681;0,22
7199;681;0,22
7200;677;0,00
7202;678;0,00
7203;684;0,52
7204;677;0,00
7205;686;0,72
7207;685;0,62
7208;678;0,00
7209;682;0,32
7211;687;0,82
7213;679;0,02
7214;682;0,32
7215;682;0,32
7216;677;0,00
7218;682;0,32
7219;682;0,32
7220;679;0,02
7221;677;0,00
7223;677;0,00
7224;676;0,00
7225;678;0,00
7226;680;0,12
7228;677;0,00
7229;678;0,00
7230;690;1,12
7231;684;0,52
7233;677;0,00
7234;683;0,42
7235;679;0,02
7236;679;0,02
7237;678;0,00
7239;678;0,00
7240;686;0,72
7241;681;0,22
7242;678;0,00
7244;681;0,22
7245;677;0,00
7246;676;0,00
7247;677;0,00
7249;687;0,82
7250;681;0,22
7251;683;0,42
7252;677;0,00
7255;676;0,00
7256;685;0,62
7257;676;0,00
7258;693;1,43
7260;675;0,00
7261;676;0,00
7262;681;0,22
7263;677;0,00
7265;676;0,00
7266;680;0,12
7267;683;0,42
7268;678;0,00
7270;678;0,00
7271;677;0,00
7272;676;0,00
7273;677;0,00
7275;676;0,00
7276;680;0,12
7277;678;0,00
7278;676;0,00
7280;680;0,12
7281;675;0,00
7282;676;0,00
7283;675;0,00
7285;678;0,00
7286;676;0,00
7287;680;0,12
7288;677;0,00
7290;677;0,00
7291;678;0,00
7292;678;0,00
7293;689;1,02
7296;678;0,00
7297;676;0,00
7298;677;0,00
7299;681;0,22
7300;687;0,82
7302;677;0,00
7303;677;0,00
7304;687;0,82
7305;676;0,00
7307;679;0,02
7308;687;0,82
7309;676;0,00
7310;682;0,32
7312;678;0,00
7313;678;0,00
7314;685;0,62
7315;691;1,22
7317;676;0,00
7318;681;0,22
7319;691;1,22
7320;677;0,00
7322;679;0,02
7323;681;0,22
7324;688;0,92
7325;679;0,02
7327;678;0,00
7328;675;0,00
7329;685;0,62
7330;678;0,00
7332;688;0,92
7333;678;0,00
7334;680;0,12
7335;687;0,82
7337;676;0,00
7339;684;0,52
7340;677;0,00
7341;689;1,02
7343;679;0,02
7344;680;0,12
7345;686;0,72
7346;687;0,82
7348;689;1,02
7349;685;0,62
7350;678;0,00
7351;682;0,32
7353;684;0,52
7354;684;0,52
7355;680;0,12
7356;677;0,00
7358;679;0,02
7359;698;1,93
7360;682;0,32
7361;680;0,12
7363;683;0,42
7364;678;0,00
7365;679;0,02
7366;681;0,22
7367;689;1,02
7369;679;0,02
7370;695;1,63
7371;685;0,62
7372;679;0,02
7374;678;0,00
7375;682;0,32
7376;681;0,22
7377;679;0,02
7379;680;0,12
7380;679;0,02
7382;681;0,22
7383;680;0,12
7385;683;0,42
7386;680;0,12
7387;678;0,00
7388;682;0,32
7390;685;0,62
7391;679;0,02
7392;681;0,22
7393;686;0,72
7395;679;0,02
7396;692;1,32
7397;689;1,02
7398;681;0,22
7400;680;0,12
7401;678;0,00
7402;687;0,82
7403;689;1,02
7405;679;0,02
7406;693;1,43
7407;679;0,02
7408;681;0,22
7410;679;0,02
7411;678;0,00
7412;683;0,42
7413;692;1,32
7415;690;1,12
7416;680;0,12
7417;680;0,12
7418;689;1,02
7420;685;0,62
7421;679;0,02
7422;683;0,42
7424;678;0,00
7426;683;0,42
7427;679;0,02
7428;682;0,32
7429;679;0,02
7430;680;0,12
7432;681;0,22
7433;679;0,02
7434;682;0,32
7435;679;0,02
7437;682;0,32
7438;683;0,42
7439;679;0,02
7440;680;0,12
7442;679;0,02
7443;680;0,12
7444;681;0,22
7445;693;1,43
7447;681;0,22
7448;687;0,82
7449;682;0,32
7450;681;0,22
7452;683;0,42
7453;681;0,22
7454;683;0,42
7455;687;0,82
7457;686;0,72
7458;682;0,32
7459;692;1,32
7460;684;0,52
7462;683;0,42
7463;682;0,32
7464;698;1,93
7465;681;0,22
7468;693;1,43
7469;682;0,32
7470;682;0,32
7471;681;0,22
7473;693;1,43
7474;680;0,12
7475;685;0,62
7476;686;0,72
7478;685;0,62
7479;681;0,22
7480;682;0,32
7481;689;1,02
7483;682;0,32
7484;683;0,42
7485;681;0,22
7486;682;0,32
7488;684;0,52
7489;683;0,42
7490;683;0,42
7491;682;0,32
7493;685;0,62
7494;683;0,42
7495;682;0,32
7496;685;0,62
7497;682;0,32
7499;685;0,62
7500;685;0,62
7501;685;0,62
7502;683;0,42
7504;687;0,82
7505;682;0,32
7506;690;1,12
7507;690;1,12
7510;684;0,52
7511;685;0,62
7512;694;1,53
7513;693;1,43
7515;680;0,12
7516;684;0,52
7517;690;1,12
7518;684;0,52
7520;687;0,82
7521;688;0,92
7522;685;0,62
7523;693;1,43
7525;681;0,22
7526;685;0,62
7527;688;0,92
7528;682;0,32
7530;682;0,32
7531;683;0,42
7532;684;0,52
7533;685;0,62
7535;683;0,42
7536;683;0,42
7537;681;0,22
7538;683;0,42
7540;689;1,02
7541;684;0,52
7542;685;0,62
7543;685;0,62
7545;686;0,72
7546;684;0,52
7547;686;0,72
7548;688;0,92
7550;688;0,92
7552;686;0,72
7553;687;0,82
7554;686;0,72
7556;686;0,72
7557;687;0,82
7558;686;0,72
7559;685;0,62
7560;689;1,02
7562;686;0,72
7563;688;0,92
7564;695;1,63
7565;689;1,02
7567;686;0,72
7568;687;0,82
7569;695;1,63
7570;686;0,72
7572;686;0,72
7573;689;1,02
7574;686;0,72
7575;686;0,72
7577;696;1,73
7578;686;0,72
7579;693;1,43
7580;688;0,92
7582;687;0,82
7583;688;0,92
7584;690;1,12
7585;687;0,82
7587;687;0,82
7588;687;0,82
7589;688;0,92
7590;692;1,32
7592;686;0,72
7593;692;1,32
7595;688;0,92
7596;686;0,72
7598;689;1,02
7599;694;1,53
7600;687;0,82
7601;688;0,92
7603;689;1,02
7604;688;0,92
7605;687;0,82
7606;689;1,02
7608;688;0,92
7609;694;1,53
7610;688;0,92
7611;692;1,32
7613;688;0,92
7614;689;1,02
7615;689;1,02
7616;693;1,43
7618;689;1,02
7619;688;0,92
7620;692;1,32
7621;694;1,53
7623;691;1,22
7624;701;2,23
7625;697;1,83
7626;691;1,22
7627;692;1,32
7629;696;1,73
7630;701;2,23
7631;694;1,53
7632;692;1,32
7634;690;1,12
7635;691;1,22
7636;701;2,23
7638;692;1,32
7640;691;1,22
7641;693;1,43
7642;691;1,22
7643;693;1,43
7645;697;1,83
7646;705;2,63
7647;693;1,43
7648;696;1,73
7650;694;1,53
7651;691;1,22
7652;696;1,73
7653;704;2,53
7655;699;2,03
7656;693;1,43
7657;693;1,43
7658;699;2,03
7660;694;1,53
7661;695;1,63
7662;703;2,43
7663;697;1,83
7665;706;2,73
7666;694;1,53
7667;696;1,73
7668;697;1,83
7670;697;1,83
7671;697;1,83
7672;701;2,23
7673;707;2,83
7675;695;1,63
7676;695;1,63
7677;696;1,73
7678;698;1,93
7681;698;1,93
7682;697;1,83
7683;695;1,63
7684;707;2,83
7686;707;2,83
7687;695;1,63
7688;695;1,63
7689;703;2,43
7691;698;1,93
7692;698;1,93
7693;698;1,93
7694;698;1,93
7695;700;2,13
7697;698;1,93
7698;698;1,93
7699;701;2,23
7700;701;2,23
7702;698;1,93
7703;698;1,93
7704;699;2,03
7705;703;2,43
7707;699;2,03
7708;700;2,13
7709;705;2,63
7710;709;3,04
7712;703;2,43
7713;700;2,13
7714;698;1,93
7715;707;2,83
7717;700;2,13
7718;700;2,13
7719;701;2,23
7720;710;3,14
7723;703;2,43
7724;701;2,23
7725;705;2,63
7726;702;2,33
7728;703;2,43
7729;706;2,73
7730;703;2,43
7731;710;3,14
7733;710;3,14
7734;702;2,33
7735;705;2,63
7736;703;2,43
7738;703;2,43
7739;704;2,53
7740;705;2,63
7741;704;2,53
7743;706;2,73
7744;713;3,44
7745;705;2,63
7746;704;2,53
7748;714;3,54
7749;707;2,83
7750;705;2,63
7751;707;2,83
7753;706;2,73
7754;707;2,83
7755;706;2,73
7756;705;2,63
7757;712;3,34
7759;707;2,83
7760;713;3,44
7761;712;3,34
7762;707;2,83
7764;713;3,44
7766;708;2,94
7767;711;3,24
7768;711;3,24
7770;711;3,24
7771;709;3,04
7772;710;3,14
7773;714;3,54
7775;711;3,24
7776;715;3,64
7777;713;3,44
7778;712;3,34
7780;712;3,34
7781;712;3,34
7782;715;3,64
7783;711;3,24
7785;717;3,84
7786;715;3,64
7787;712;3,34
7788;718;3,94
7790;714;3,54
7791;716;3,74
7792;720;4,14
7793;714;3,54
7795;714;3,54
7796;716;3,74
7797;714;3,54
7798;716;3,74
7800;716;3,74
7801;716;3,74
7802;716;3,74
7803;718;3,94
7805;718;3,94
7806;718;3,94
7808;717;3,84
7809;718;3,94
7811;719;4,04
7812;719;4,04
7813;718;3,94
7814;719;4,04
7816;718;3,94
7817;719;4,04
7818;721;4,24
7819;717;3,84
7821;719;4,04
7822;720;4,14
7823;726;4,75
7824;721;4,24
7825;719;4,04
7827;721;4,24
7828;721;4,24
7829;723;4,45
7830;724;4,55
7832;721;4,24
7833;724;4,55
7834;724;4,55
7835;724;4,55
7837;722;4,34
7838;728;4,95
7839;724;4,55
7840;722;4,34
7842;724;4,55
7843;724;4,55
7844;724;4,55
7845;722;4,34
7847;729;5,05
7848;725;4,65
7849;723;4,45
7851;722;4,34
7853;724;4,55
7854;723;4,45
7855;723;4,45
7856;726;4,75
7858;723;4,45
7859;724;4,55
7860;722;4,34
7861;727;4,85
7863;723;4,45
7864;722;4,34
7865;724;4,55
7866;723;4,45
7868;728;4,95
7869;722;4,34
7870;722;4,34
7871;725;4,65
7873;729;5,05
7874;725;4,65
7875;721;4,24
7876;722;4,34
7878;722;4,34
7879;721;4,24
7880;721;4,24
7881;727;4,85
7883;722;4,34
7884;723;4,45
7885;722;4,34
7886;723;4,45
7887;723;4,45
7889;726;4,75
7890;723;4,45
7891;722;4,34
7892;725;4,65
7895;727;4,85
7896;721;4,24
7897;726;4,75
7898;723;4,45
7900;722;4,34
7901;723;4,45
7902;724;4,55
7903;724;4,55
7905;724;4,55
7906;722;4,34
7907;722;4,34
7908;729;5,05
7910;726;4,75
7911;723;4,45
7912;726;4,75
7913;727;4,85
7915;724;4,55
7916;728;4,95
7917;728;4,95
7918;726;4,75
7920;728;4,95
7921;726;4,75
7922;728;4,95
7923;723;4,45
7925;725;4,65
7926;724;4,55
7927;728;4,95
7928;725;4,65
7930;731;5,25
7931;726;4,75
7932;724;4,55
7933;725;4,65
7936;728;4,95
7937;726;4,75
7938;726;4,75
7939;727;4,85
7941;726;4,75
7942;726;4,75
7943;731;5,25
7944;728;4,95
7946;727;4,85
7947;726;4,75
7948;728;4,95
7949;730;5,15
7951;725;4,65
7952;728;4,95
7953;729;5,05
7954;726;4,75
7955;725;4,65
7957;732;5,35
7958;726;4,75
7959;728;4,95
7960;734;5,55
7962;727;4,85
7963;727;4,85
7964;725;4,65
7965;737;5,85
7967;727;4,85
7968;727;4,85
7969;728;4,95
7970;727;4,85
7972;732;5,35
7973;724;4,55
7974;724;4,55
7975;725;4,65
7977;725;4,65
7979;736;5,75
7980;727;4,85
7981;726;4,75
7983;728;4,95
7984;734;5,55
7985;725;4,65
7986;725;4,65
7988;729;5,05
7989;727;4,85
7990;723;4,45
7991;724;4,55
7993;727;4,85
7994;724;4,55
7995;731;5,25
7996;723;4,45
7998;725;4,65
7999;726;4,75
8000;725;4,65
8001;726;4,75
8003;724;4,55
8004;725;4,65
8005;723;4,45
8006;727;4,85
8008;724;4,55
8009;723;4,45
8010;723;4,45
8011;724;4,55
8013;723;4,45
8014;731;5,25
8015;724;4,55
8016;733;5,45
8017;726;4,75
8019;728;4,95
8020;724;4,55
8022;729;5,05
8023;725;4,65
8025;723;4,45
8026;726;4,75
8027;730;5,15
8028;721;4,24
8030;725;4,65
8031;729;5,05
8032;726;4,75
8033;723;4,45
8035;726;4,75
8036;723;4,45
8037;724;4,55
8038;726;4,75
8040;730;5,15
8041;726;4,75
8042;728;4,95
8043;723;4,45
8045;724;4,55
8046;725;4,65
8047;723;4,45
8048;724;4,55
8050;723;4,45
8051;723;4,45
8052;723;4,45
8053;722;4,34
8055;730;5,15
8056;723;4,45
8057;724;4,55
8058;725;4,65
8060;722;4,34
8061;721;4,24
8062;724;4,55
8064;725;4,65
8066;725;4,65
8067;725;4,65
8068;724;4,55
8069;723;4,45
8071;723;4,45
8072;723;4,45
8073;723;4,45
8074;727;4,85
8076;722;4,34
8077;721;4,24
8078;724;4,55
8079;721;4,24
8081;728;4,95
8082;724;4,55
8083;722;4,34
8084;722;4,34
8085;722;4,34
8087;728;4,95
8088;727;4,85
8089;722;4,34
8090;721;4,24
8092;732;5,35
8093;722;4,34
8094;724;4,55
8095;721;4,24
8097;724;4,55
8098;721;4,24
8099;726;4,75
8100;721;4,24
8102;727;4,85
8103;722;4,34
8104;722;4,34
8105;724;4,55
8108;722;4,34
8109;721;4,24
8110;724;4,55
8111;723;4,45
8113;724;4,55
8114;721;4,24
8115;722;4,34
8116;721;4,24
8118;723;4,45
8119;725;4,65
8120;722;4,34
8121;722;4,34
8123;725;4,65
8124;724;4,55
8125;726;4,75
8126;723;4,45
8128;723;4,45
8129;724;4,55
8130;724;4,55
8131;724;4,55
8133;724;4,55
8134;724;4,55
8135;725;4,65
8136;724;4,55
8138;725;4,65
8139;729;5,05
8140;728;4,95
8141;722;4,34
8143;722;4,34
8144;723;4,45
8145;726;4,75
8146;732;5,35
8147;725;4,65
8150;722;4,34
8151;724;4,55
8152;723;4,45
8153;727;4,85
8155;722;4,34
8156;724;4,55
8157;724;4,55
8158;721;4,24
8160;724;4,55
8161;724;4,55
8162;723;4,45
8163;722;4,34
8165;721;4,24
8166;724;4,55
8167;725;4,65
8168;722;4,34
8170;725;4,65
8171;722;4,34
8172;724;4,55
8173;725;4,65
8175;721;4,24
8176;722;4,34
8177;726;4,75
8178;725;4,65
8180;733;5,45
8181;724;4,55
8182;720;4,14
8183;727;4,85
8185;727;4,85
8186;725;4,65
8187;725;4,65
8188;724;4,55
8190;725;4,65
8192;732;5,35
8193;726;4,75
8194;721;4,24
8196;725;4,65
8197;725;4,65
8198;733;5,45
8199;729;5,05
8201;726;4,75
8202;723;4,45
8203;724;4,55
8204;728;4,95
8206;725;4,65
8207;726;4,75
8208;726;4,75
8209;723;4,45
8211;725;4,65
8212;726;4,75
8213;729;5,05
8214;726;4,75
8215;728;4,95
8217;724;4,55
8218;728;4,95
8219;724;4,55
8220;723;4,45
8222;731;5,25
8223;725;4,65
8224;721;4,24
8225;726;4,75
8227;727;4,85
8228;725;4,65
8229;723;4,45
8230;723;4,45
8232;724;4,55
8233;725;4,65
8235;719;4,04
8236;723;4,45
8238;724;4,55
8239;723;4,45
8240;726;4,75
8241;723;4,45
8243;724;4,55
8244;724;4,55
8245;724;4,55
8246;726;4,75
8248;723;4,45
8249;722;4,34
8250;727;4,85
8251;730;5,15
8253;723;4,45
8254;726;4,75
8255;724;4,55
8256;724;4,55
8258;725;4,65
8259;722;4,34
8260;726;4,75
8261;725;4,65
8263;722;4,34
8264;728;4,95
8265;726;4,75
8266;726;4,75
8268;725;4,65
8269;727;4,85
8270;724;4,55
8271;731;5,25
8273;727;4,85
8274;725;4,65
8275;726;4,75
8276;729;5,05
8278;724;4,55
8280;726;4,75
8281;727;4,85
8282;727;4,85
8283;728;4,95
8285;727;4,85
8286;727;4,85
8287;726;4,75
8288;728;4,95
8290;725;4,65
8291;725;4,65
8292;729;5,05
8293;724;4,55
8295;727;4,85
8296;727;4,85
8297;723;4,45
8298;726;4,75
8300;726;4,75
8301;724;4,55
8302;725;4,65
8303;729;5,05
8305;725;4,65
8306;724;4,55
8307;725;4,65
8308;728;4,95
8310;724;4,55
8311;731;5,25
8312;726;4,75
8313;726;4,75
8315;727;4,85
8316;727;4,85
8317;725;4,65
8318;725;4,65
8321;726;4,75
8322;725;4,65
8323;733;5,45
8324;733;5,45
8326;724;4,55
8327;729;5,05
8328;729;5,05
8329;726;4,75
8331;729;5,05
8332;734;5,55
8333;726;4,75
8334;726;4,75
8336;733;5,45
8337;726;4,75
8338;727;4,85
8339;727;4,85
8341;726;4,75
8342;725;4,65
8343;732;5,35
8344;728;4,95
8345;730;5,15
8347;728;4,95
8348;727;4,85
8349;731;5,25
8350;726;4,75
8352;727;4,85
8353;728;4,95
8354;728;4,95
8355;730;5,15
8357;731;5,25
8358;727;4,85
8359;729;5,05
8360;729;5,05
8363;728;4,95
8364;728;4,95
8365;727;4,85
8366;726;4,75
8368;733;5,45
8369;732;5,35
8370;726;4,75
8371;728;4,95
8373;728;4,95
8374;724;4,55
8375;729;5,05
8376;736;5,75
8378;727;4,85
8379;727;4,85
8380;727;4,85
8381;728;4,95
8383;727;4,85
8384;725;4,65
8385;727;4,85
8386;726;4,75
8388;728;4,95
8389;727;4,85
8390;729;5,05
8391;721;4,24
8393;729;5,05
8394;722;4,34
8395;729;5,05
8396;723;4,45
8398;726;4,75
8399;728;4,95
8400;729;5,05
8401;734;5,55
8403;725;4,65
8404;729;5,05
8406;723;4,45
8407;725;4,65
8409;727;4,85
8410;724;4,55
8411;731;5,25
8412;727;4,85
8413;727;4,85
8415;732;5,35
8416;735;5,65
8417;733;5,45
8418;727;4,85
8420;728;4,95
8421;729;5,05
8422;733;5,45
8423;732;5,35
8425;727;4,85
8426;727;4,85
8427;726;4,75
8428;726;4,75
8430;727;4,85
8431;728;4,95
8432;730;5,15
8433;729;5,05
8435;727;4,85
8436;728;4,95
8437;731;5,25
8438;724;4,55
8440;727;4,85
8441;733;5,45
8442;736;5,75
8443;729;5,05
8445;725;4,65
8446;723;4,45
8448;731;5,25
8449;727;4,85
8451;725;4,65
8452;729;5,05
8453;727;4,85
8454;728;4,95
8456;731;5,25
8457;735;5,65
8458;734;5,55
8459;736;5,75
8461;737;5,85
8462;739;6,06
8463;732;5,35
8464;721;4,24
8466;716;3,74
8467;730;5,15
8468;725;4,65
8469;732;5,35
8471;732;5,35
8472;723;4,45
8473;729;5,05
8474;727;4,85
8475;734;5,55
8477;727;4,85
8478;728;4,95
8479;723;4,45
8480;728;4,95
8482;723;4,45
8483;730;5,15
8484;728;4,95
8485;731;5,25
8487;729;5,05
8488;730;5,15
8489;731;5,25
8491;731;5,25
8493;732;5,35
8494;726;4,75
8495;729;5,05
8496;720;4,14
8498;735;5,65
8499;718;3,94
8500;728;4,95
8501;727;4,85
8503;730;5,15
8504;737;5,85
8505;729;5,05
8506;729;5,05
8508;727;4,85
8509;728;4,95
8510;726;4,75
8511;726;4,75
8513;729;5,05
8514;727;4,85
8515;725;4,65
8516;728;4,95
8518;733;5,45
8519;725;4,65
8520;729;5,05
8521;726;4,75
8523;727;4,85
8524;727;4,85
8525;727;4,85
8526;728;4,95
8528;730;5,15
8529;733;5,45
8530;725;4,65
8531;729;5,05
8534;731;5,25
8535;731;5,25
8536;727;4,85
8537;730;5,15
8539;736;5,75
8540;725;4,65
8541;731;5,25
8542;731;5,25
8543;723;4,45
8545;721;4,24
8546;721;4,24
8547;726;4,75
8548;735;5,65
8550;725;4,65
8551;719;4,04
8552;729;5,05
8553;723;4,45
8555;725;4,65
8556;726;4,75
8557;726;4,75
8558;727;4,85
8560;726;4,75
8561;722;4,34
8562;730;5,15
8563;734;5,55
8565;724;4,55
8566;726;4,75
8567;730;5,15
8568;723;4,45
8570;724;4,55
8571;727;4,85
8572;727;4,85
8573;726;4,75
8576;727;4,85
8577;730;5,15
8578;731;5,25
8579;722;4,34
8581;736;5,75
8582;722;4,34
8583;724;4,55
8584;727;4,85
8586;724;4,55
8587;727;4,85
8588;724;4,55
8589;726;4,75
8591;727;4,85
8592;726;4,75
8593;729;5,05
8594;723;4,45
8596;723;4,45
8597;723;4,45
8598;725;4,65
8599;724;4,55
8601;725;4,65
8602;727;4,85
8603;727;4,85
8604;724;4,55
8605;731;5,25
8607;726;4,75
8608;720;4,14
8609;726;4,75
8610;731;5,25
8612;727;4,85
8613;723;4,45
8614;725;4,65
8615;721;4,24
8617;730;5,15
8619;731;5,25
8620;725;4,65
8621;725;4,65
8623;728;4,95
8624;724;4,55
8625;733;5,45
8626;725;4,65
8628;721;4,24
8629;723;4,45
8630;713;3,44
8631;720;4,14
8633;715;3,64
8634;722;4,34
8635;723;4,45
8636;730;5,15
8638;732;5,35
8639;722;4,34
8640;724;4,55
8641;722;4,34
8643;721;4,24
8644;723;4,45
8645;723;4,45
8646;725;4,65
8648;717;3,84
8649;719;4,04
8650;723;4,45
8651;717;3,84
8653;716;3,74
8654;730;5,15
8655;724;4,55
8656;732;5,35
8658;728;4,95
8659;724;4,55
8660;732;5,35
8662;727;4,85
8664;729;5,05
8665;727;4,85
8666;732;5,35
8667;725;4,65
8669;724;4,55
8670;730;5,15
8671;723;4,45
8672;724;4,55
8673;733;5,45
8675;729;5,05
8676;726;4,75
8677;734;5,55
8678;728;4,95
8680;724;4,55
8681;722;4,34
8682;724;4,55
8683;727;4,85
8685;727;4,85
8686;733;5,45
8687;728;4,95
8688;727;4,85
8690;722;4,34
8691;723;4,45
8692;725;4,65
8693;724;4,55
8695;730;5,15
8696;726;4,75
8697;731;5,25
8698;722;4,34
8700;725;4,65
8701;718;3,94
8702;723;4,45
8704;725;4,65
8706;721;4,24
8707;722;4,34
8708;718;3,94
8709;722;4,34
8711;720;4,14
8712;720;4,14
8713;717;3,84
8714;726;4,75
8716;724;4,55
8717;718;3,94
8718;723;4,45
8719;716;3,74
8721;721;4,24
8722;722;4,34
8723;721;4,24
8724;717;3,84
8726;719;4,04
8727;715;3,64
8728;715;3,64
8729;717;3,84
8731;719;4,04
8732;713;3,44
8733;719;4,04
8734;723;4,45
8735;720;4,14
8737;719;4,04
8738;718;3,94
8739;715;3,64
8740;720;4,14
8742;720;4,14
8743;715;3,64
8744;720;4,14
8745;717;3,84
8748;718;3,94
8749;719;4,04
8750;720;4,14
8751;724;4,55
8753;719;4,04
8754;717;3,84
8755;720;4,14
8756;720;4,14
8758;728;4,95
8759;725;4,65
8760;720;4,14
8761;721;4,24
8763;720;4,14
8764;731;5,25
8765;722;4,34
8766;720;4,14
8768;721;4,24
8769;724;4,55
8770;729;5,05
8771;726;4,75
8773;724;4,55
8774;727;4,85
8775;727;4,85
8776;729;5,05
8778;722;4,34
8779;725;4,65
8780;723;4,45
8781;724;4,55
8783;724;4,55
8784;722;4,34
8785;729;5,05
8786;724;4,55
8788;724;4,55
8790;722;4,34
8791;723;4,45
8792;721;4,24
8794;725;4,65
8795;725;4,65
8796;723;4,45
8797;720;4,14
8799;721;4,24
8800;720;4,14
8801;719;4,04
8802;720;4,14
8803;722;4,34
8805;720;4,14
8806;723;4,45
8807;717;3,84
8808;719;4,04
8810;716;3,74
8811;716;3,74
8812;718;3,94
8813;718;3,94
8815;717;3,84
8816;717;3,84
8817;720;4,14
8818;722;4,34
8820;716;3,74
8821;714;3,54
8822;717;3,84
8823;713;3,44
8825;715;3,64
8826;714;3,54
8827;714;3,54
8828;718;3,94
8830;717;3,84
8832;716;3,74
8833;718;3,94
8834;720;4,14
8836;729;5,05
8837;726;4,75
8838;719;4,04
8839;719;4,04
8841;721;4,24
8842;721;4,24
8843;723;4,45
8844;726;4,75
8846;725;4,65
8847;724;4,55
8848;724;4,55
8849;724;4,55
8851;724;4,55
8852;726;4,75
8853;725;4,65
8854;727;4,85
8856;728;4,95
8857;725;4,65
8858;725;4,65
8859;725;4,65
8861;725;4,65
8862;724;4,55
8863;726;4,75
8864;722;4,34
8865;723;4,45
8867;726;4,75
8868;722;4,34
8869;731;5,25
8870;722;4,34
8872;725;4,65
8873;724;4,55
8875;722;4,34
8876;724;4,55
8878;721;4,24
8879;722;4,34
8880;722;4,34
8881;723;4,45
8883;723;4,45
8884;725;4,65
8885;719;4,04
8886;724;4,55
8888;722;4,34
8889;720;4,14
8890;722;4,34
8891;720;4,14
8893;721;4,24
8894;725;4,65
8895;723;4,45
8896;718;3,94
8898;720;4,14
8899;721;4,24
8900;719;4,04
8901;717;3,84
8903;719;4,04
8904;720;4,14
8905;718;3,94
8906;721;4,24
8908;721;4,24
8909;724;4,55
8910;717;3,84
8911;719;4,04
8913;717;3,84
8914;723;4,45
8915;720;4,14
8916;717;3,84
8919;718;3,94
8920;720;4,14
8921;715;3,64
8922;715;3,64
8924;719;4,04
8925;714;3,54
8926;713;3,44
8927;714;3,54
8929;714;3,54
8930;717;3,84
8931;721;4,24
8932;717;3,84
8933;714;3,54
8935;716;3,74
8936;716;3,74
8937;715;3,64
8938;715;3,64
8940;716;3,74
8941;718;3,94
8942;716;3,74
8943;717;3,84
8945;717;3,84
8946;718;3,94
8947;718;3,94
8948;720;4,14
8950;719;4,04
8951;717;3,84
8952;721;4,24
8953;720;4,14
8955;720;4,14
8956;720;4,14
8957;720;4,14
8958;721;4,24
8961;723;4,45
8962;722;4,34
8963;719;4,04
8964;720;4,14
8966;721;4,24
8967;721;4,24
8968;720;4,14
8969;718;3,94
8971;719;4,04
8972;722;4,34
8973;717;3,84
8974;722;4,34
8976;722;4,34
8977;717;3,84
8978;719;4,04
8979;716;3,74
8981;722;4,34
8982;717;3,84
8983;717;3,84
8984;715;3,64
8986;725;4,65
8987;718;3,94
8988;714;3,54
8989;715;3,64
8991;712;3,34
8992;715;3,64
8993;719;4,04
8994;715;3,64
8996;715;3,64
8997;724;4,55
8998;715;3,64
8999;713;3,44
9000;711;3,24
9003;716;3,74
9004;712;3,34
9005;716;3,74
9006;713;3,44
9008;712;3,34
9009;714;3,54
9010;710;3,14
9011;716;3,74
9013;718;3,94
9014;713;3,44
9015;713;3,44
9016;710;3,14
9018;712;3,34
9019;710;3,14
9020;711;3,24
9021;713;3,44
9023;714;3,54
9024;710;3,14
9025;715;3,64
9026;710;3,14
9028;709;3,04
9029;708;2,94
9030;717;3,84
9031;709;3,04
9033;708;2,94
9034;707;2,83
9035;711;3,24
9036;710;3,14
9038;713;3,44
9039;710;3,14
9040;721;4,24
9041;707;2,83
9043;707;2,83
9044;709;3,04
9046;710;3,14
9047;718;3,94
9049;714;3,54
9050;712;3,34
9051;713;3,44
9052;716;3,74
9054;710;3,14
9055;707;2,83
9056;710;3,14
9057;711;3,24
9059;718;3,94
9060;714;3,54
9061;714;3,54
9062;712;3,34
9063;713;3,44
9065;714;3,54
9066;711;3,24
9067;709;3,04
9068;714;3,54
9070;716;3,74
9071;715;3,64
9072;715;3,64
9073;710;3,14
9075;719;4,04
9076;714;3,54
9077;706;2,73
9078;721;4,24
9080;715;3,64
9081;704;2,53
9082;721;4,24
9083;705;2,63
9085;709;3,04
9086;716;3,74
9088;711;3,24
9089;708;2,94
9091;709;3,04
9092;714;3,54
9093;713;3,44
9094;713;3,44
9096;705;2,63
9097;708;2,94
9098;711;3,24
9099;710;3,14
9101;710;3,14
9102;713;3,44
9103;716;3,74
9104;710;3,14
9106;708;2,94
9107;719;4,04
9108;707;2,83
9109;712;3,34
9111;712;3,34
9112;709;3,04
9113;712;3,34
9114;710;3,14
9116;717;3,84
9117;711;3,24
9118;711;3,24
9119;717;3,84
9121;714;3,54
9122;710;3,14
9123;715;3,64
9124;710;3,14
9126;710;3,14
9127;711;3,24
9128;713;3,44
9129;709;3,04
9131;711;3,24
9133;707;2,83
9134;706;2,73
9135;716;3,74
9136;719;4,04
9138;710;3,14
9139;706;2,73
9140;713;3,44
9141;716;3,74
9143;712;3,34
9144;711;3,24
9145;710;3,14
9146;710;3,14
9148;712;3,34
9149;715;3,64
9150;712;3,34
9151;719;4,04
9153;712;3,34
9154;715;3,64
9155;711;3,24
9156;712;3,34
9158;711;3,24
9159;712;3,34
9160;713;3,44
9161;710;3,14
9163;711;3,24
9164;714;3,54
9165;716;3,74
9166;712;3,34
9168;711;3,24
9169;718;3,94
9170;715;3,64
9171;714;3,54
9174;711;3,24
9175;712;3,34
9176;711;3,24
9177;709;3,04
9179;709;3,04
9180;719;4,04
9181;716;3,74
9182;715;3,64
9184;711;3,24
9185;709;3,04
9186;716;3,74
9187;711;3,24
9189;710;3,14
9190;718;3,94
9191;711;3,24
9192;715;3,64
9193;713;3,44
9195;720;4,14
9196;713;3,44
9197;717;3,84
9198;711;3,24
9200;710;3,14
9201;711;3,24
9202;714;3,54
9203;711;3,24
9205;716;3,74
9206;711;3,24
9207;712;3,34
9208;710;3,14
9210;710;3,14
9211;711;3,24
9212;714;3,54
9213;713;3,44
9216;718;3,94
9217;713;3,44
9218;723;4,45
9219;710;3,14
9221;716;3,74
9222;715;3,64
9223;711;3,24
9224;720;4,14
9226;718;3,94
9227;715;3,64
9228;710;3,14
9229;709;3,04
9231;710;3,14
9232;709;3,04
9233;710;3,14
9234;717;3,84
9236;710;3,14
9237;711;3,24
9238;710;3,14
9239;711;3,24
9241;710;3,14
9242;709;3,04
9243;719;4,04
9244;720;4,14
9246;710;3,14
9247;712;3,34
9248;710;3,14
9249;712;3,34
9251;710;3,14
9252;710;3,14
9253;722;4,34
9254;710;3,14
9256;712;3,34
9257;713;3,44
9259;716;3,74
9260;714;3,54
9261;712;3,34
9263;714;3,54
9264;715;3,64
9265;715;3,64
9266;712;3,34
9268;713;3,44
9269;713;3,44
9270;714;3,54
9271;715;3,64
9273;712;3,34
9274;716;3,74
9275;719;4,04
9276;717;3,84
9278;714;3,54
9279;713;3,44
9280;720;4,14
9281;716;3,74
9283;713;3,44
9284;714;3,54
9285;716;3,74
9286;715;3,64
9288;715;3,64
9289;718;3,94
9290;718;3,94
9291;714;3,54
9293;713;3,44
9294;723;4,45
9295;713;3,44
9296;713;3,44
9298;716;3,74
9299;716;3,74
9300;714;3,54
9302;715;3,64
9304;714;3,54
9305;713;3,44
9306;717;3,84
9307;718;3,94
9309;711;3,24
9310;721;4,24
9311;718;3,94
9312;712;3,34
9314;711;3,24
9315;709;3,04
9316;710;3,14
9317;710;3,14
9319;712;3,34
9320;713;3,44
9321;710;3,14
9322;712;3,34
9323;710;3,14
9325;710;3,14
9326;711;3,24
9327;711;3,24
9328;708;2,94
9330;722;4,34
9331;710;3,14
9332;707;2,83
9333;707;2,83
9335;712;3,34
9336;710;3,14
9337;707;2,83
9338;715;3,64
9340;708;2,94
9341;707;2,83
9342;707;2,83
9344;717;3,84
9346;707;2,83
9347;704;2,53
9348;706;2,73
9349;707;2,83
9351;703;2,43
9352;709;3,04
9353;704;2,53
9354;706;2,73
9356;703;2,43
9357;703;2,43
9358;703;2,43
9359;710;3,14
9361;704;2,53
9362;703;2,43
9363;709;3,04
9364;712;3,34
9366;703;2,43
9367;705;2,63
9368;703;2,43
9369;706;2,73
9371;703;2,43
9372;705;2,63
9373;712;3,34
9374;711;3,24
9376;705;2,63
9377;711;3,24
9378;705;2,63
9379;706;2,73
9381;703;2,43
9382;703;2,43
9383;703;2,43
9384;709;3,04
9385;712;3,34
9388;702;2,33
9389;703;2,43
9390;705;2,63
9391;705;2,63
9393;709;3,04
9394;703;2,43
9395;703;2,43
9396;704;2,53
9398;705;2,63
9399;718;3,94
9400;704;2,53
9401;705;2,63
9403;704;2,53
9404;708;2,94
9405;714;3,54
9406;705;2,63
9408;705;2,63
9409;707;2,83
9410;711;3,24
9411;703;2,43
9413;710;3,14
9414;707;2,83
9415;707;2,83
9416;706;2,73
9418;713;3,44
9419;705;2,63
9420;706;2,73
9421;706;2,73
9423;709;3,04
9424;706;2,73
9425;715;3,64
9426;704;2,53
9428;705;2,63
9430;713;3,44
9431;708;2,94
9432;706;2,73
9434;706;2,73
9435;713;3,44
9436;709;3,04
9437;706;2,73
9439;707;2,83
9440;705;2,63
9441;706;2,73
9442;704;2,53
9444;706;2,73
9445;710;3,14
9446;708;2,94
9447;707;2,83
9449;707;2,83
9450;706;2,73
9451;706;2,73
9452;708;2,94
9453;707;2,83
9455;708;2,94
9456;710;3,14
9457;707;2,83
9458;708;2,94
9460;707;2,83
9461;711;3,24
9462;710;3,14
9463;711;3,24
9465;707;2,83
9466;707;2,83
9467;709;3,04
9468;709;3,04
9470;715;3,64
9472;708;2,94
9473;714;3,54
9474;705;2,63
9476;706;2,73
9477;708;2,94
9478;705;2,63
9479;710;3,14
9481;706;2,73
9482;711;3,24
9483;717;3,84
9484;712;3,34
9486;707;2,83
9487;715;3,64
9488;705;2,63
9489;708;2,94
9491;708;2,94
9492;704;2,53
9493;705;2,63
9494;705;2,63
9496;710;3,14
9497;707;2,83
9498;710;3,14
9499;704;2,53
9501;704;2,53
9502;703;2,43
9503;708;2,94
9504;711;3,24
9506;704;2,53
9507;703;2,43
9508;707;2,83
9509;705;2,63
9511;711;3,24
9512;702;2,33
9513;704;2,53
9515;707;2,83
9517;710;3,14
9518;704;2,53
9519;707;2,83
9520;709;3,04
9521;706;2,73
9523;707;2,83
9524;706;2,73
9525;707;2,83
9526;709;3,04
9528;707;2,83
9529;707;2,83
9530;707;2,83
9531;706;2,73
9533;704;2,53
9534;714;3,54
9535;706;2,73
9536;707;2,83
9538;705;2,63
9539;716;3,74
9540;708;2,94
9541;714;3,54
9543;709;3,04
9544;715;3,64
9545;706;2,73
9546;704;2,53
9548;707;2,83
9549;707;2,83
9550;705;2,63
9551;706;2,73
9553;705;2,63
9554;707;2,83
9555;704;2,53
9556;707;2,83
9559;704;2,53
9560;708;2,94
9561;709;3,04
9562;704;2,53
9564;704;2,53
9565;703;2,43
9566;713;3,44
9567;703;2,43
9569;702;2,33
9570;703;2,43
9571;703;2,43
9572;712;3,34
9574;708;2,94
9575;703;2,43
9576;703;2,43
9577;702;2,33
9579;705;2,63
9580;703;2,43
9581;703;2,43
9582;704;2,53
9583;703;2,43
9585;704;2,53
9586;706;2,73
9587;711;3,24
9588;700;2,13
9590;700;2,13
9591;702;2,33
9592;703;2,43
9593;702;2,33
9595;704;2,53
9596;699;2,03
9597;701;2,23
9598;702;2,33
9601;700;2,13
9602;700;2,13
9603;704;2,53
9604;699;2,03
9606;701;2,23
9607;701;2,23
9608;703;2,43
9609;708;2,94
9611;701;2,23
9612;700;2,13
9613;699;2,03
9614;702;2,33
9616;703;2,43
9617;701;2,23
9618;700;2,13
9619;704;2,53
9621;700;2,13
9622;700;2,13
9623;702;2,33
9624;700;2,13
9626;702;2,33
9627;700;2,13
9628;699;2,03
9629;700;2,13
9631;705;2,63
9632;700;2,13
9633;701;2,23
9634;701;2,23
9636;699;2,03
9637;698;1,93
9638;700;2,13
9639;698;1,93
9641;704;2,53
9643;705;2,63
9644;700;2,13
9645;700;2,13
9647;703;2,43
9648;700;2,13
9649;701;2,23
9650;699;2,03
9651;700;2,13
9653;699;2,03
9654;701;2,23
9655;700;2,13
9656;700;2,13
9658;698;1,93
9659;698;1,93
9660;698;1,93
9661;699;2,03
9663;700;2,13
9664;705;2,63
9665;702;2,33
9666;702;2,33
9668;701;2,23
9669;699;2,03
9670;703;2,43
9671;699;2,03
9673;699;2,03
9674;700;2,13
9675;701;2,23
9676;705;2,63
9678;699;2,03
9679;705;2,63
9680;699;2,03
9681;699;2,03
9683;700;2,13
9684;701;2,23
9686;700;2,13
9687;702;2,33
9689;700;2,13
9690;701;2,23
9691;698;1,93
9692;701;2,23
9694;705;2,63
9695;698;1,93
9696;698;1,93
9697;699;2,03
9699;700;2,13
9700;700;2,13
9701;697;1,83
9702;702;2,33
9704;697;1,83
9705;698;1,93
9706;699;2,03
9707;701;2,23
9709;697;1,83
9710;697;1,83
9711;701;2,23
9712;701;2,23
9714;699;2,03
9715;709;3,04
9716;700;2,13
9717;700;2,13
9718;697;1,83
9720;701;2,23
9721;700;2,13
9722;707;2,83
9723;702;2,33
9725;700;2,13
9726;701;2,23
9728;697;1,83
9729;699;2,03
9731;703;2,43
9732;700;2,13
9733;696;1,73
9734;697;1,83
9736;704;2,53
9737;703;2,43
9738;697;1,83
9739;702;2,33
9741;696;1,73
9742;695;1,63
9743;706;2,73
9744;700;2,13
9746;697;1,83
9747;696;1,73
9748;700;2,13
9749;697;1,83
9751;694;1,53
9752;695;1,63
9753;698;1,93
9754;695;1,63
9756;695;1,63
9757;700;2,13
9758;695;1,63
9759;693;1,43
9761;693;1,43
9762;695;1,63
9763;694;1,53
9764;692;1,32
9766;696;1,73
9767;699;2,03
9768;696;1,73
9769;695;1,63
9772;692;1,32
9773;700;2,13
9774;693;1,43
9775;691;1,22
9777;697;1,83
9778;693;1,43
9779;697;1,83
9780;693;1,43
9781;695;1,63
9783;698;1,93
9784;697;1,83
9785;694;1,53
9786;696;1,73
9788;701;2,23
9789;695;1,63
9790;694;1,53
9791;705;2,63
9793;704;2,53
9794;703;2,43
9795;693;1,43
9796;698;1,93
9798;699;2,03
9799;697;1,83
9800;696;1,73
9801;700;2,13
9803;712;3,34
9804;693;1,43
9805;706;2,73
9806;689;1,02
9808;702;2,33
9809;701;2,23
9810;700;2,13
9811;707;2,83
9814;700;2,13
9815;714;3,54
9816;698;1,93
9817;708;2,94
9819;702;2,33
9820;712;3,34
9821;696;1,73
9822;711;3,24
9824;700;2,13
9825;718;3,94
9826;710;3,14
9827;707;2,83
9829;703;2,43
9830;719;4,04
9831;704;2,53
9832;714;3,54
9834;711;3,24
9835;709;3,04
9836;704;2,53
9837;719;4,04
9839;697;1,83
9840;712;3,34
9841;725;4,65
9842;705;2,63
9844;707;2,83
9845;707;2,83
9846;706;2,73
9847;709;3,04
9848;715;3,64
9850;704;2,53
9851;706;2,73
9852;708;2,94
9853;715;3,64
9856;710;3,14
9857;702;2,33
9858;709;3,04
9859;708;2,94
9861;707;2,83
9862;710;3,14
9863;706;2,73
9864;707;2,83
9866;705;2,63
9867;715;3,64
9868;708;2,94
9869;702;2,33
9871;708;2,94
9872;706;2,73
9873;709;3,04
9874;710;3,14
9876;702;2,33
9877;702;2,33
9878;701;2,23
9879;701;2,23
9881;701;2,23
9882;701;2,23
9883;701;2,23
9884;702;2,33
9886;700;2,13
9887;708;2,94
9888;700;2,13
9889;704;2,53
9891;696;1,73
9892;700;2,13
9893;694;1,53
9894;697;1,83
9896;698;1,93
9897;715;3,64
9899;703;2,43
9900;702;2,33
9902;697;1,83
9903;702;2,33
9904;700;2,13
9905;699;2,03
9907;701;2,23
9908;696;1,73
9909;696;1,73
9910;692;1,32
9911;703;2,43
9913;695;1,63
9914;697;1,83
9915;705;2,63
9916;697;1,83
9918;701;2,23
9919;693;1,43
9920;698;1,93
9921;700;2,13
9923;696;1,73
9924;698;1,93
9925;697;1,83
9926;699;2,03
9928;698;1,93
9929;699;2,03
9930;696;1,73
9931;698;1,93
9933;698;1,93
9934;698;1,93
9935;698;1,93
9936;701;2,23
9938;705;2,63
9939;697;1,83
9940;701;2,23
9942;697;1,83
9944;698;1,93
9945;701;2,23
9946;698;1,93
9947;697;1,83
9949;703;2,43
9950;698;1,93
9951;698;1,93
9952;708;2,94
9954;699;2,03
9955;698;1,93
9956;697;1,83
9957;698;1,93
9959;699;2,03
9960;706;2,73
9961;699;2,03
9962;700;2,13
9964;703;2,43
9965;697;1,83
9966;701;2,23
9967;699;2,03
9969;708;2,94
9970;701;2,23
9971;697;1,83
9972;700;2,13
9974;697;1,83
9975;696;1,73
9976;706;2,73
9977;698;1,93
9978;704;2,53
9980;699;2,03
9981;699;2,03
9982;703;2,43
9984;704;2,53
9986;699;2,03
9987;697;1,83
9988;698;1,93
9989;696;1,73
9991;695;1,63
9992;699;2,03
9993;696;1,73
9994;709;3,04
9996;694;1,53
9997;701;2,23
9998;695;1,63
9999;694;1,53
10001;695;1,63
10002;700;2,13
10003;700;2,13
10005;694;1,53
10006;703;2,43
10007;694;1,53
10009;697;1,83
10010;703;2,43
10011;700;2,13
10013;704;2,53
10014;711;3,24
10015;697;1,83
10017;708;2,94
10018;703;2,43
10019;702;2,33
10021;703;2,43
10022;708;2,94
10023;699;2,03
10025;709;3,04
10027;713;3,44
10028;705;2,63
10030;707;2,83
10031;706;2,73
10032;713;3,44
10034;706;2,73
10035;711;3,24
10036;709;3,04
10038;715;3,64
10039;711;3,24
10040;708;2,94
10041;710;3,14
10043;717;3,84
10044;713;3,44
10045;711;3,24
10047;715;3,64
10048;720;4,14
10049;716;3,74
10051;718;3,94
10052;716;3,74
10053;717;3,84
10055;718;3,94
10056;716;3,74
10057;715;3,64
10059;721;4,24
10060;715;3,64
10061;717;3,84
10063;716;3,74
10064;715;3,64
10065;721;4,24
10067;713;3,44
10068;712;3,34
10070;711;3,24
10072;709;3,04
10073;709;3,04
10074;711;3,24
10076;706;2,73
10077;707;2,83
10078;704;2,53
10080;709;3,04
10081;707;2,83
10082;702;2,33
10084;701;2,23
10085;706;2,73
10086;705;2,63
10088;703;2,43
10089;681;0,22
10090;699;2,03
10092;702;2,33
10093;699;2,03
10094;699;2,03
10096;693;1,43
10097;695;1,63
10098;696;1,73
10100;697;1,83
10101;696;1,73
10102;697;1,83
10104;699;2,03
10105;694;1,53
10106;697;1,83
10108;699;2,03
10109;695;1,63
10110;696;1,73
10113;697;1,83
10114;695;1,63
10115;698;1,93
10117;695;1,63
10118;697;1,83
10119;697;1,83
10121;701;2,23
10122;700;2,13
10123;698;1,93
10125;703;2,43
10126;698;1,93
10127;699;2,03
10128;698;1,93
10130;700;2,13
10131;700;2,13
10132;701;2,23
10134;700;2,13
10135;707;2,83
10136;704;2,53
10138;704;2,53
10139;705;2,63
10140;708;2,94
10142;705;2,63
10143;709;3,04
10144;705;2,63
10146;705;2,63
10147;708;2,94
10148;708;2,94
10150;712;3,34
10151;708;2,94
10152;708;2,94
10155;708;2,94
10156;710;3,14
10157;709;3,04
10159;713;3,44
10160;719;4,04
10161;710;3,14
10163;711;3,24
10164;710;3,14
10165;710;3,14
10167;716;3,74
10168;708;2,94
10169;710;3,14
10171;710;3,14
10172;706;2,73
10173;711;3,24
10175;712;3,34
10176;707;2,83
10177;709;3,04
10179;708;2,94
10180;706;2,73
10181;717;3,84
10183;707;2,83
10184;704;2,53
10185;713;3,44
10187;703;2,43
10188;707;2,83
10189;705;2,63
10191;705;2,63
10192;703;2,43
10193;703;2,43
10195;703;2,43
10196;702;2,33
10198;703;2,43
10200;705;2,63
10201;703;2,43
10202;704;2,53
10204;702;2,33
10205;709;3,04
10206;706;2,73
10208;707;2,83
10209;699;2,03
10210;705;2,63
10212;700;2,13
10213;699;2,03
10214;701;2,23
10215;706;2,73
10217;702;2,33
10218;698;1,93
10219;698;1,93
10221;700;2,13
10222;701;2,23
10223;700;2,13
10225;700;2,13
10226;707;2,83
10227;699;2,03
10229;701;2,23
10230;707;2,83
10231;701;2,23
10233;700;2,13
10234;702;2,33
10235;706;2,73
10237;703;2,43
10238;701;2,23
10240;701;2,23
10242;702;2,33
10243;700;2,13
10244;702;2,33
10246;704;2,53
10247;709;3,04
10248;709;3,04
10250;702;2,33
10251;704;2,53
10252;701;2,23
10254;703;2,43
10255;709;3,04
10256;707;2,83
10258;703;2,43
10259;713;3,44
10260;702;2,33
10262;705;2,63
10263;710;3,14
10264;703;2,43
10266;706;2,73
10267;708;2,94
10268;702;2,33
10270;704;2,53
10271;703;2,43
10272;702;2,33
10274;705;2,63
10275;701;2,23
10276;707;2,83
10278;708;2,94
10279;702;2,33
10280;702;2,33
10283;703;2,43
10284;702;2,33
10285;704;2,53
10287;701;2,23
10288;705;2,63
10289;706;2,73
10291;701;2,23
10292;705;2,63
10293;703;2,43
10295;705;2,63
10296;703;2,43
10297;707;2,83
10299;701;2,23
10300;704;2,53
10301;705;2,63
10302;706;2,73
10304;701;2,23
10305;701;2,23
10306;701;2,23
10308;699;2,03
10309;701;2,23
10310;700;2,13
10312;701;2,23
10313;702;2,33
10314;700;2,13
10316;702;2,33
10317;700;2,13
10318;701;2,23
10320;701;2,23
10321;701;2,23
10322;700;2,13
10324;699;2,03
10326;700;2,13
10327;700;2,13
10329;705;2,63
10330;701;2,23
10331;704;2,53
10333;698;1,93
10334;701;2,23
10335;706;2,73
10337;703;2,43
10338;706;2,73
10339;699;2,03
10341;704;2,53
10342;701;2,23
10343;703;2,43
10345;700;2,13
10346;699;2,03
10347;699;2,03
10349;699;2,03
10350;699;2,03
10351;705;2,63
10353;702;2,33
10354;700;2,13
10355;705;2,63
10357;712;3,34
10358;703;2,43
10359;710;3,14
10361;704;2,53
10362;704;2,53
10363;703;2,43
10365;705;2,63
10366;709;3,04
10368;709;3,04
10370;705;2,63
10371;706;2,73
10372;705;2,63
10374;710;3,14
10375;710;3,14
10376;706;2,73
10378;700;2,13
10379;709;3,04
10380;701;2,23
10382;703;2,43
10383;705;2,63
10384;704;2,53
10386;708;2,94
10387;703;2,43
10388;706;2,73
10389;704;2,53
10391;704;2,53
10392;704;2,53
10393;707;2,83
10395;702;2,33
10396;704;2,53
10397;704;2,53
10399;705;2,63
10400;702;2,33
10401;705;2,63
10403;704;2,53
10404;711;3,24
10405;708;2,94
10407;703;2,43
10408;702;2,33
10409;701;2,23
10412;701;2,23
10413;704;2,53
10414;702;2,33
10416;702;2,33
10417;704;2,53
10418;703;2,43
10420;700;2,13
10421;701;2,23
10422;705;2,63
10424;705;2,63
10425;701;2,23
10426;701;2,23
10428;701;2,23
10429;702;2,33
10430;701;2,23
10432;703;2,43
10433;701;2,23
10434;700;2,13
10436;700;2,13
10437;701;2,23
10438;702;2,33
10440;699;2,03
10441;701;2,23
10442;699;2,03
10444;705;2,63
10445;707;2,83
10446;701;2,23
10448;703;2,43
10449;700;2,13
10450;700;2,13
10452;701;2,23
10454;701;2,23
10455;707;2,83
10457;701;2,23
10458;702;2,33
10459;705;2,63
10461;703;2,43
10462;704;2,53
10463;707;2,83
10465;702;2,33
10466;700;2,13
10467;700;2,13
10469;702;2,33
10470;703;2,43
10471;702;2,33
10473;707;2,83
10474;709;3,04
10475;713;3,44
10476;703;2,43
10478;704;2,53
10479;712;3,34
10480;706;2,73
10482;709;3,04
10483;716;3,74
10484;706;2,73
10486;706;2,73
10487;706;2,73
10488;707;2,83
10490;705;2,63
10491;708;2,94
10492;707;2,83
10494;708;2,94
10496;713;3,44
10497;707;2,83
10499;708;2,94
10500;707;2,83
10501;706;2,73
10503;705;2,63
10504;706;2,73
10505;704;2,53
10507;704;2,53
10508;710;3,14
10509;708;2,94
10511;711;3,24
10512;706;2,73
10513;708;2,94
10515;708;2,94
10516;705;2,63
10517;706;2,73
10519;711;3,24
10520;705;2,63
10521;705;2,63
10523;703;2,43
10524;705;2,63
10525;706;2,73
10527;704;2,53
10528;705;2,63
10529;705;2,63
10531;705;2,63
10532;705;2,63
10533;711;3,24
10535;704;2,53
10536;706;2,73
10537;711;3,24
10540;703;2,43
10541;713;3,44
10542;706;2,73
10544;702;2,33
10545;704;2,53
10546;705;2,63
10548;702;2,33
10549;703;2,43
10550;704;2,53
10552;715;3,64
10553;707;2,83
10554;707;2,83
10556;707;2,83
10557;705;2,63
10558;702;2,33
10560;706;2,73
10561;709;3,04
10562;703;2,43
10563;705;2,63
10565;713;3,44
10566;706;2,73
10567;709;3,04
10569;705;2,63
10570;704;2,53
10571;704;2,53
10573;708;2,94
10574;705;2,63
10575;710;3,14
10577;703;2,43
10578;712;3,34
10579;705;2,63
10582;712;3,34
10583;707;2,83
10584;703;2,43
10586;702;2,33
10587;703;2,43
10588;702;2,33
10590;701;2,23
10591;702;2,33
10592;703;2,43
10594;705;2,63
10595;703;2,43
10596;704;2,53
10598;701;2,23
10599;701;2,23
10600;708;2,94
10602;700;2,13
10603;700;2,13
10604;708;2,94
10606;703;2,43
10607;699;2,03
10608;708;2,94
10610;700;2,13
10611;703;2,43
10612;699;2,03
10614;709;3,04
10615;700;2,13
10616;700;2,13
10618;698;1,93
10619;698;1,93
10620;700;2,13
10622;703;2,43
10624;707;2,83
10625;698;1,93
10627;698;1,93
10628;701;2,23
10629;700;2,13
10631;698;1,93
10632;699;2,03
10633;698;1,93
10635;698;1,93
10636;699;2,03
10637;700;2,13
10639;699;2,03
10640;699;2,03
10641;700;2,13
10643;706;2,73
10644;704;2,53
10645;703;2,43
10647;703;2,43
10648;703;2,43
10649;698;1,93
10650;705;2,63
10652;705;2,63
10653;699;2,03
10654;698;1,93
10656;698;1,93
10657;701;2,23
10658;698;1,93
10660;699;2,03
10661;705;2,63
10662;703;2,43
10664;698;1,93
10665;701;2,23
10667;700;2,13
10669;697;1,83
10670;702;2,33
10671;699;2,03
10673;699;2,03
10674;697;1,83
10675;699;2,03
10677;697;1,83
10678;708;2,94
10679;700;2,13
10681;698;1,93
10682;704;2,53
10683;698;1,93
10685;700;2,13
10686;698;1,93
10687;698;1,93
10689;696;1,73
10690;698;1,93
10691;703;2,43
10693;697;1,83
10694;698;1,93
10695;701;2,23
10697;703;2,43
10698;700;2,13
10699;703;2,43
10701;708;2,94
10702;709;3,04
10703;704;2,53
10705;698;1,93
10706;702;2,33
10707;705;2,63
10710;701;2,23
10711;699;2,03
10712;701;2,23
10714;704;2,53
10715;700;2,13
10716;700;2,13
10718;701;2,23
10719;709;3,04
10720;708;2,94
10722;701;2,23
10723;704;2,53
10724;701;2,23
10726;703;2,43
10727;701;2,23
10728;700;2,13
10730;701;2,23
10731;702;2,33
10732;701;2,23
10734;704;2,53
10735;707;2,83
10736;701;2,23
10737;702;2,33
10739;702;2,33
10740;704;2,53
10741;703;2,43
10743;703;2,43
10744;702;2,33
10745;701;2,23
10747;704;2,53
10748;709;3,04
10749;703;2,43
10752;703;2,43
10753;711;3,24
10754;701;2,23
10756;701;2,23
10757;704;2,53
10758;701;2,23
10760;702;2,33
10761;702;2,33
10762;703;2,43
10764;703;2,43
10765;701;2,23
10766;701;2,23
10768;701;2,23
10769;703;2,43
10770;702;2,33
10772;701;2,23
10773;709;3,04
10774;703;2,43
10776;702;2,33
10777;703;2,43
10778;702;2,33
10780;701;2,23
10781;708;2,94
10782;709;3,04
10784;701;2,23
10785;702;2,33
10786;704;2,53
10788;703;2,43
10789;715;3,64
10790;702;2,33
10792;711;3,24
10793;708;2,94
10795;703;2,43
10797;707;2,83
10798;700;2,13
10799;705;2,63
10801;702;2,33
10802;705;2,63
10803;706;2,73
10805;703;2,43
10806;709;3,04
10807;704;2,53
10809;705;2,63
10810;703;2,43
10811;702;2,33
10813;704;2,53
10814;702;2,33
10815;706;2,73
10817;703;2,43
10818;702;2,33
10819;708;2,94
10821;702;2,33
10822;711;3,24
10823;709;3,04
10824;704;2,53
10826;703;2,43
10827;702;2,33
10828;703;2,43
10830;709;3,04
10831;704;2,53
10832;703;2,43
10834;705;2,63
10835;704;2,53
10836;710;3,14
10839;705;2,63
10840;705;2,63
10841;704;2,53
10843;715;3,64
10844;705;2,63
10845;704;2,53
10847;705;2,63
10848;705;2,63
10849;712;3,34
10851;712;3,34
10852;712;3,34
10853;702;2,33
10855;704;2,53
10856;702;2,33
10857;713;3,44
10859;703;2,43
10860;708;2,94
10861;704;2,53
10863;703;2,43
10864;708;2,94
10865;707;2,83
10867;708;2,94
10868;708;2,94
10869;706;2,73
10871;706;2,73
10872;702;2,33
10873;713;3,44
10875;711;3,24
10876;704;2,53
10877;705;2,63
10880;708;2,94
10881;705;2,63
10882;703;2,43
10884;703;2,43
10885;704;2,53
10886;714;3,54
10888;705;2,63
10889;703;2,43
10890;706;2,73
10892;713;3,44
10893;705;2,63
10894;706;2,73
10896;712;3,34
10897;706;2,73
10898;705;2,63
10900;707;2,83
10901;710;3,14
10902;706;2,73
10904;706;2,73
10905;713;3,44
10906;711;3,24
10908;710;3,14
10909;705;2,63
10910;708;2,94
10911;705;2,63
10913;707;2,83
10914;716;3,74
10915;710;3,14
10917;708;2,94
10918;708;2,94
10919;709;3,04
10921;715;3,64
10923;706;2,73
10924;707;2,83
10926;710;3,14
10927;711;3,24
10928;708;2,94
10930;715;3,64
10931;713;3,44
10932;707;2,83
10934;709;3,04
10935;707;2,83
10936;718;3,94
10938;707;2,83
10939;707;2,83
10940;708;2,94
10942;705;2,63
10943;706;2,73
10944;707;2,83
10946;704;2,53
10947;705;2,63
10948;709;3,04
10950;705;2,63
10951;713;3,44
10952;705;2,63
10954;708;2,94
10955;708;2,94
10956;712;3,34
10958;704;2,53
10959;706;2,73
10960;713;3,44
10962;706;2,73
10963;704;2,53
10964;707;2,83
10967;705;2,63
10968;702;2,33
10969;704;2,53
10971;707;2,83
10972;710;3,14
10973;706;2,73
10975;705;2,63
10976;706;2,73
10977;705;2,63
10979;705;2,63
10980;705;2,63
10981;708;2,94
10983;708;2,94
10984;703;2,43
10985;704;2,53
10987;710;3,14
10988;703;2,43
10989;704;2,53
10991;705;2,63
10992;707;2,83
10993;703;2,43
10995;711;3,24
10996;705;2,63
10997;711;3,24
10998;705;2,63
11000;705;2,63
11001;706;2,73
11002;704;2,53
11004;715;3,64
11005;705;2,63
11006;706;2,73
11009;705;2,63
11010;706;2,73
11011;705;2,63
11013;706;2,73
11014;705;2,63
11015;706;2,73
11017;707;2,83
11018;714;3,54
11019;707;2,83
11021;710;3,14
11022;705;2,63
11023;705;2,63
11025;708;2,94
11026;705;2,63
11027;711;3,24
11029;709;3,04
11030;707;2,83
11031;708;2,94
11033;707;2,83
11034;715;3,64
11035;707;2,83
11037;705;2,63
11038;713;3,44
11039;710;3,14
11041;711;3,24
11042;705;2,63
11043;705;2,63
11045;709;3,04
11046;703;2,43
11047;706;2,73
11049;705;2,63
11051;705;2,63
11052;711;3,24
11054;708;2,94
11055;715;3,64
11056;709;3,04
11058;708;2,94
11059;708;2,94
11060;705;2,63
11062;709;3,04
11063;705;2,63
11064;704;2,53
11066;705;2,63
11067;706;2,73
11068;710;3,14
11070;707;2,83
11071;706;2,73
11072;707;2,83
11074;708;2,94
11075;712;3,34
11076;706;2,73
11078;708;2,94
11079;708;2,94
11080;709;3,04
11082;717;3,84
11083;707;2,83
11084;707;2,83
11085;708;2,94
11087;709;3,04
11088;709;3,04
11089;708;2,94
11091;716;3,74
11092;709;3,04
11094;714;3,54
11096;716;3,74
11097;710;3,14
11098;714;3,54
11100;709;3,04
11101;708;2,94
11102;709;3,04
11104;714;3,54
11105;709;3,04
11106;709;3,04
11108;713;3,44
11109;709;3,04
11110;714;3,54
11112;710;3,14
11113;714;3,54
11114;717;3,84
11116;709;3,04
11117;711;3,24
11118;712;3,34
11120;709;3,04
11121;710;3,14
11122;716;3,74
11124;709;3,04
11125;714;3,54
11126;710;3,14
11128;710;3,14
11129;708;2,94
11130;718;3,94
11132;713;3,44
11133;708;2,94
11134;709;3,04
11137;709;3,04
11138;710;3,14
11139;715;3,64
11141;713;3,44
11142;710;3,14
11143;710;3,14
11145;707;2,83
11146;708;2,94
11147;715;3,64
11149;708;2,94
11150;711;3,24
11151;707;2,83
11153;709;3,04
11154;714;3,54
11155;709;3,04
11157;716;3,74
11158;706;2,73
11159;713;3,44
11161;705;2,63
11162;709;3,04
11163;723;4,45
11165;711;3,24
11166;708;2,94
11167;707;2,83
11169;709;3,04
11170;716;3,74
11171;709;3,04
11172;718;3,94
11174;711;3,24
11175;709;3,04
11176;711;3,24
11179;717;3,84
11180;709;3,04
11181;709;3,04
11183;712;3,34
11184;721;4,24
11185;710;3,14
11187;710;3,14
11188;711;3,24
11189;711;3,24
11191;709;3,04
11192;711;3,24
11193;714;3,54
11195;717;3,84
11196;711;3,24
11197;711;3,24
11199;723;4,45
11200;712;3,34
11201;712;3,34
11203;710;3,14
11204;716;3,74
11205;722;4,34
11207;712;3,34
11208;713;3,44
11209;708;2,94
11211;720;4,14
11212;714;3,54
11213;712;3,34
11215;713;3,44
11216;710;3,14
11217;723;4,45
11219;721;4,24
11220;710;3,14
11222;718;3,94
11224;712;3,34
11225;710;3,14
11226;719;4,04
11228;718;3,94
11229;717;3,84
11230;710;3,14
11232;708;2,94
11233;710;3,14
11234;719;4,04
11236;715;3,64
11237;715;3,64
11238;712;3,34
11240;718;3,94
11241;709;3,04
11242;716;3,74
11244;713;3,44
11245;710;3,14
11246;710;3,14
11248;710;3,14
11249;709;3,04
11250;721;4,24
11252;710;3,14
11253;712;3,34
11254;712;3,34
11256;712;3,34
11257;711;3,24
11258;724;4,55
11259;716;3,74
11261;714;3,54
11262;711;3,24
11264;712;3,34
11266;721;4,24
11267;712;3,34
11268;712;3,34
11270;714;3,54
11271;711;3,24
11272;714;3,54
11274;711;3,24
11275;721;4,24
11276;714;3,54
11278;720;4,14
11279;719;4,04
11280;711;3,24
11282;711;3,24
11283;712;3,34
11284;712;3,34
11286;711;3,24
11287;711;3,24
11288;715;3,64
11290;711;3,24
11291;720;4,14
11292;712;3,34
11294;720;4,14
11295;717;3,84
11296;712;3,34
11298;711;3,24
11299;719;4,04
11300;713;3,44
11302;711;3,24
11303;715;3,64
11304;713;3,44
11307;714;3,54
11308;723;4,45
11309;712;3,34
11311;719;4,04
11312;715;3,64
11313;717;3,84
11315;714;3,54
11316;714;3,54
11317;714;3,54
11319;720;4,14
11320;722;4,34
11321;717;3,84
11323;713;3,44
11324;719;4,04
11325;714;3,54
11327;713;3,44
11328;713;3,44
11329;713;3,44
11331;717;3,84
11332;719;4,04
11333;714;3,54
11335;714;3,54
11336;715;3,64
11337;718;3,94
11339;716;3,74
11340;714;3,54
11341;720;4,14
11343;713;3,44
11344;712;3,34
11345;716;3,74
11346;712;3,34
11348;719;4,04
11350;715;3,64
11351;714;3,54
11353;716;3,74
11354;716;3,74
11355;715;3,64
11357;718;3,94
11358;714;3,54
11359;715;3,64
11361;721;4,24
11362;723;4,45
11363;715;3,64
11365;716;3,74
11366;720;4,14
11367;716;3,74
11369;715;3,64
11370;717;3,84
11371;717;3,84
11373;719;4,04
11374;720;4,14
11375;716;3,74
11377;719;4,04
11378;716;3,74
11379;718;3,94
11381;722;4,34
11382;725;4,65
11383;718;3,94
11385;720;4,14
11386;717;3,84
11387;729;5,05
11389;731;5,25
11390;727;4,85
11392;730;5,15
11394;721;4,24
11395;721;4,24
11396;721;4,24
11398;727;4,85
11399;720;4,14
11400;720;4,14
11402;720;4,14
11403;727;4,85
11404;720;4,14
11406;726;4,75
11407;720;4,14
11408;723;4,45
11410;720;4,14
11411;722;4,34
11412;721;4,24
11414;720;4,14
11415;728;4,95
11416;722;4,34
11418;721;4,24
11419;731;5,25
11420;721;4,24
11422;721;4,24
11423;722;4,34
11424;721;4,24
11426;722;4,34
11427;723;4,45
11428;727;4,85
11430;733;5,45
11431;723;4,45
11432;735;5,65
11433;726;4,75
11436;735;5,65
11437;725;4,65
11438;724;4,55
11440;722;4,34
11441;724;4,55
11442;725;4,65
11444;723;4,45
11445;725;4,65
11446;727;4,85
11448;728;4,95
11449;722;4,34
11450;723;4,45
11452;727;4,85
11453;724;4,55
11454;723;4,45
11456;724;4,55
11457;724;4,55
11458;723;4,45
11460;724;4,55
11461;732;5,35
11462;726;4,75
11464;725;4,65
11465;723;4,45
11466;732;5,35
11468;723;4,45
11469;723;4,45
11470;723;4,45
11472;723;4,45
11473;727;4,85
11474;724;4,55
11476;729;5,05
11478;725;4,65
11479;725;4,65
11481;723;4,45
11482;727;4,85
11483;724;4,55
11485;728;4,95
11486;735;5,65
11487;734;5,55
11489;735;5,65
11490;729;5,05
11491;727;4,85
11493;727;4,85
11494;727;4,85
11495;727;4,85
11497;725;4,65
11498;726;4,75
11499;736;5,75
11501;724;4,55
11502;735;5,65
11503;727;4,85
11505;732;5,35
11506;727;4,85
11507;728;4,95
11509;728;4,95
11510;727;4,85
11511;731;5,25
11513;734;5,55
11514;726;4,75
11515;734;5,55
11517;726;4,75
11518;723;4,45
11520;736;5,75
11521;729;5,05
11523;727;4,85
11524;738;5,96
11525;728;4,95
11527;735;5,65
11528;738;5,96
11529;736;5,75
11531;730;5,15
11532;729;5,05
11533;730;5,15
11535;732;5,35
11536;740;6,16
11537;728;4,95
11539;735;5,65
11540;736;5,75
11541;732;5,35
11543;733;5,45
11544;732;5,35
11545;730;5,15
11547;729;5,05
11548;731;5,25
11549;731;5,25
11551;730;5,15
11552;730;5,15
11553;735;5,65
11555;733;5,45
11556;733;5,45
11557;731;5,25
11559;733;5,45
11560;733;5,45
11561;734;5,55
11564;730;5,15
11565;729;5,05
11566;729;5,05
11568;731;5,25
11569;730;5,15
11570;738;5,96
11572;729;5,05
11573;739;6,06
11574;730;5,15
11576;736;5,75
11577;731;5,25
11578;731;5,25
11580;735;5,65
11581;728;4,95
11582;739;6,06
11584;731;5,25
11585;728;4,95
11586;733;5,45
11588;732;5,35
11589;737;5,85
11590;731;5,25
11592;732;5,35
11593;729;5,05
11594;728;4,95
11596;735;5,65
11597;734;5,55
11598;729;5,05
11600;727;4,85
11601;728;4,95
11602;727;4,85
11604;731;5,25
11606;731;5,25
11607;726;4,75
11608;727;4,85
11610;734;5,55
11611;727;4,85
11612;730;5,15
11614;727;4,85
11615;728;4,95
11616;728;4,95
11618;730;5,15
11619;731;5,25
11620;730;5,15
11622;729;5,05
11623;729;5,05
11624;727;4,85
11626;735;5,65
11627;731;5,25
11628;735;5,65
11630;725;4,65
11631;728;4,95
11632;726;4,75
11634;728;4,95
11635;727;4,85
11636;729;5,05
11638;731;5,25
11639;728;4,95
11640;726;4,75
11642;727;4,85
11643;727;4,85
11644;729;5,05
11646;731;5,25
11648;729;5,05
11649;731;5,25
11651;728;4,95
11652;744;6,56
11653;729;5,05
11655;732;5,35
11656;729;5,05
11657;733;5,45
11659;732;5,35
11660;729;5,05
11661;728;4,95
11663;728;4,95
11664;726;4,75
11665;731;5,25
11667;730;5,15
11668;731;5,25
11669;731;5,25
11671;730;5,15
11672;731;5,25
11673;731;5,25
11675;728;4,95
11676;729;5,05
11677;727;4,85
11679;733;5,45
11680;729;5,05
11681;726;4,75
11683;730;5,15
11684;726;4,75
11685;728;4,95
11687;726;4,75
11688;739;6,06
11689;726;4,75
11692;732;5,35
11693;726;4,75
11694;734;5,55
11695;737;5,85
11697;729;5,05
11698;734;5,55
11699;733;5,45
11701;731;5,25
11702;728;4,95
11703;739;6,06
11705;728;4,95
11706;726;4,75
11707;732;5,35
11709;728;4,95
11710;729;5,05
11711;725;4,65
11713;726;4,75
11714;723;4,45
11715;724;4,55
11717;723;4,45
11718;722;4,34
11719;722;4,34
11721;722;4,34
11722;721;4,24
11723;725;4,65
11725;726;4,75
11726;723;4,45
11727;722;4,34
11729;723;4,45
11730;730;5,15
11731;722;4,34
11734;721;4,24
11735;721;4,24
11736;729;5,05
11738;725;4,65
11739;722;4,34
11740;724;4,55
11742;723;4,45
11743;724;4,55
11744;723;4,45
11746;725;4,65
11747;725;4,65
11748;723;4,45
11750;725;4,65
11751;733;5,45
11752;726;4,75
11754;725;4,65
11755;725;4,65
11756;726;4,75
11758;725;4,65
11759;727;4,85
11760;729;5,05
11762;727;4,85
11763;731;5,25
11764;726;4,75
11766;730;5,15
11767;729;5,05
11768;729;5,05
11770;731;5,25
11771;729;5,05
11772;727;4,85
11774;728;4,95
11776;733;5,45
11777;729;5,05
11779;729;5,05
11780;727;4,85
11781;735;5,65
11782;726;4,75
11784;727;4,85
11785;731;5,25
11786;727;4,85
11788;730;5,15
11789;728;4,95
11790;729;5,05
11792;726;4,75
11793;728;4,95
11794;725;4,65
11796;728;4,95
11797;729;5,05
11798;725;4,65
11800;727;4,85
11801;731;5,25
11802;726;4,75
11804;724;4,55
11805;725;4,65
11806;726;4,75
11808;724;4,55
11809;725;4,65
11810;725;4,65
11812;724;4,55
11813;725;4,65
11814;725;4,65
11816;724;4,55
11817;724;4,55
11819;727;4,85
11821;724;4,55
11822;724;4,55
11823;724;4,55
11825;726;4,75
11826;727;4,85
11827;724;4,55
11829;723;4,45
11830;724;4,55
11831;724;4,55
11833;724;4,55
11834;725;4,65
11835;724;4,55
11837;724;4,55
11838;724;4,55
11839;726;4,75
11841;725;4,65
11842;725;4,65
11843;729;5,05
11845;725;4,65
11846;724;4,55
11847;726;4,75
11849;725;4,65
11850;725;4,65
11851;727;4,85
11853;722;4,34
11854;723;4,45
11855;723;4,45
11857;724;4,55
11858;725;4,65
11859;720;4,14
11862;727;4,85
11863;724;4,55
11864;721;4,24
11866;720;4,14
11867;720;4,14
11868;716;3,74
11869;718;3,94
11871;720;4,14
11872;715;3,64
11873;714;3,54
11875;717;3,84
11876;714;3,54
11877;713;3,44
11879;712;3,34
11880;713;3,44
11881;712;3,34
11883;715;3,64
11884;713;3,44
11885;710;3,14
11887;715;3,64
11888;714;3,54
11889;713;3,44
11891;714;3,54
11892;716;3,74
11893;713;3,44
11895;717;3,84
11896;714;3,54
11897;718;3,94
11899;717;3,84
11900;711;3,24
11901;716;3,74
11904;721;4,24
11905;716;3,74
11906;718;3,94
11908;720;4,14
11909;719;4,04
11910;721;4,24
11912;725;4,65
11913;725;4,65
11914;723;4,45
11916;724;4,55
11917;724;4,55
11918;724;4,55
11920;726;4,75
11921;727;4,85
11922;726;4,75
11924;730;5,15
11925;728;4,95
11926;726;4,75
11928;725;4,65
11929;725;4,65
11930;729;5,05
11932;724;4,55
11933;724;4,55
11934;720;4,14
11936;725;4,65
11937;724;4,55
11938;723;4,45
11940;717;3,84
11941;718;3,94
11942;717;3,84
11944;717;3,84
11945;717;3,84
11947;716;3,74
11949;720;4,14
11950;714;3,54
11951;714;3,54
11953;714;3,54
11954;710;3,14
11955;715;3,64
11956;712;3,34
11958;712;3,34
11959;717;3,84
11960;713;3,44
11962;713;3,44
11963;714;3,54
11964;715;3,64
11966;713;3,44
11967;714;3,54
11968;716;3,74
11970;713;3,44
11971;711;3,24
11972;719;4,04
11974;715;3,64
11975;714;3,54
11976;716;3,74
11978;715;3,64
11979;717;3,84
11980;717;3,84
11982;715;3,64
11983;713;3,44
11984;717;3,84
11986;719;4,04
11987;716;3,74
11988;714;3,54
11991;716;3,74
11992;719;4,04
11993;721;4,24
11995;717;3,84
11996;720;4,14
11997;718;3,94
11999;719;4,04
12000;723;4,45
12001;717;3,84
12003;721;4,24
12004;720;4,14
12005;720;4,14
12007;721;4,24
12008;721;4,24
12009;717;3,84
12011;714;3,54
12012;714;3,54
12013;720;4,14
12015;715;3,64
12016;715;3,64
12017;721;4,24
12019;717;3,84
12020;715;3,64
12021;716;3,74
12023;715;3,64
12024;716;3,74
12025;715;3,64
12027;711;3,24
12028;713;3,44
12029;713;3,44
12032;710;3,14
12033;711;3,24
12034;710;3,14
12036;712;3,34
12037;713;3,44
12038;715;3,64
12040;714;3,54
12041;710;3,14
12042;716;3,74
12043;706;2,73
12045;711;3,24
12046;706;2,73
12047;705;2,63
12049;703;2,43
12050;706;2,73
12051;708;2,94
12053;706;2,73
12054;708;2,94
12055;707;2,83
12057;705;2,63
12058;709;3,04
12059;710;3,14
12061;710;3,14
12062;719;4,04
12063;718;3,94
12065;718;3,94
12066;717;3,84
12067;712;3,34
12069;712;3,34
12070;712;3,34
12071;707;2,83
12073;707;2,83
12075;702;2,33
12076;702;2,33
12078;709;3,04
12079;705;2,63
12080;708;2,94
12082;704;2,53
12083;703;2,43
12084;705;2,63
12086;705;2,63
12087;703;2,43
12088;706;2,73
12090;705;2,63
12091;707;2,83
12092;713;3,44
12094;712;3,34
12095;715;3,64
12096;716;3,74
12098;720;4,14
12099;717;3,84
12100;716;3,74
12102;714;3,54
12103;710;3,14
12104;711;3,24
12106;710;3,14
12107;710;3,14
12108;706;2,73
12110;703;2,43
12111;705;2,63
12112;703;2,43
12114;706;2,73
12115;710;3,14
12116;706;2,73
12119;709;3,04
12120;708;2,94
12121;710;3,14
12123;712;3,34
12124;711;3,24
12125;713;3,44
12127;714;3,54
12128;711;3,24
12129;710;3,14
12130;710;3,14
12132;710;3,14
12133;709;3,04
12134;711;3,24
12136;716;3,74
12137;715;3,64
12138;710;3,14
12140;709;3,04
12141;706;2,73
12142;707;2,83
12144;702;2,33
12145;705;2,63
12146;703;2,43
12148;703;2,43
12149;704;2,53
12150;703;2,43
12152;703;2,43
12153;710;3,14
12154;704;2,53
12156;703;2,43
12157;704;2,53
12158;707;2,83
12161;705;2,63
12162;707;2,83
12163;708;2,94
12165;708;2,94
12166;705;2,63
12167;709;3,04
12169;706;2,73
12170;714;3,54
12171;714;3,54
12173;706;2,73
12174;706;2,73
12175;707;2,83
12177;714;3,54
12178;705;2,63
12179;704;2,53
12181;704;2,53
12182;708;2,94
12183;705;2,63
12185;709;3,04
12186;705;2,63
12187;705;2,63
12189;703;2,43
12190;702;2,33
12191;705;2,63
12193;704;2,53
12194;702;2,33
12195;704;2,53
12197;705;2,63
12198;707;2,83
12199;708;2,94
12201;712;3,34
12203;707;2,83
12204;714;3,54
12206;714;3,54
12207;708;2,94
12208;708;2,94
12210;714;3,54
12211;708;2,94
12212;706;2,73
12214;706;2,73
12215;706;2,73
12216;706;2,73
12217;709;3,04
12219;709;3,04
12220;708;2,94
12221;708;2,94
12223;710;3,14
12224;718;3,94
12225;713;3,44
12227;714;3,54
12228;709;3,04
12229;709;3,04
12231;713;3,44
12232;708;2,94
12233;709;3,04
12235;708;2,94
12236;710;3,14
12237;711;3,24
12239;708;2,94
12240;707;2,83
12241;718;3,94
12243;708;2,94
12244;713;3,44
12246;707;2,83
12248;709;3,04
12249;707;2,83
12250;708;2,94
12252;709;3,04
12253;708;2,94
12254;709;3,04
12256;716;3,74
12257;711;3,24
12258;710;3,14
12260;712;3,34
12261;711;3,24
12262;714;3,54
12264;715;3,64
12265;716;3,74
12266;716;3,74
12268;712;3,34
12269;712;3,34
12270;711;3,24
12272;712;3,34
12273;713;3,44
12274;713;3,44
12276;711;3,24
12277;713;3,44
12278;719;4,04
12280;712;3,34
12281;713;3,44
12282;720;4,14
12284;711;3,24
12285;710;3,14
12286;717;3,84
12289;713;3,44
12290;713;3,44
12291;709;3,04
12293;709;3,04
12294;709;3,04
12295;712;3,34
12297;710;3,14
12298;712;3,34
12299;710;3,14
12301;711;3,24
12302;709;3,04
12303;713;3,44
12304;710;3,14
12306;709;3,04
12307;712;3,34
12308;710;3,14
12310;708;2,94
12311;708;2,94
12312;708;2,94
12314;708;2,94
12315;709;3,04
12316;708;2,94
12318;708;2,94
12319;709;3,04
12320;713;3,44
12322;708;2,94
12323;711;3,24
12324;706;2,73
12326;707;2,83
12327;707;2,83
12328;706;2,73
12331;707;2,83
12332;706;2,73
12333;707;2,83
12335;709;3,04
12336;706;2,73
12337;707;2,83
12339;706;2,73
12340;706;2,73
12341;705;2,63
12343;710;3,14
12344;718;3,94
12345;709;3,04
12347;702;2,33
12348;714;3,54
12349;712;3,34
12351;713;3,44
12352;713;3,44
12353;709;3,04
12355;709;3,04
12356;711;3,24
12357;708;2,94
12359;707;2,83
12360;706;2,73
12361;706;2,73
12363;713;3,44
12364;711;3,24
12365;708;2,94
12367;708;2,94
12368;713;3,44
12369;708;2,94
12371;709;3,04
12372;708;2,94
12374;707;2,83
12376;708;2,94
12377;714;3,54
12378;709;3,04
12380;706;2,73
12381;705;2,63
12382;707;2,83
12384;709;3,04
12385;706;2,73
12386;705;2,63
12388;705;2,63
12389;705;2,63
12390;704;2,53
12391;703;2,43
12393;703;2,43
12394;704;2,53
12395;704;2,53
12397;704;2,53
12398;703;2,43
12399;704;2,53
12401;708;2,94
12402;702;2,33
12403;703;2,43
12405;705;2,63
12406;701;2,23
12407;703;2,43
12409;703;2,43
12410;703;2,43
12411;703;2,43
12413;705;2,63
12414;703;2,43
12416;703;2,43
12418;702;2,33
12419;702;2,33
12420;706;2,73
12422;702;2,33
12423;702;2,33
12424;707;2,83
12426;707;2,83
12427;703;2,43
12428;703;2,43
12430;703;2,43
12431;703;2,43
12432;709;3,04
12434;703;2,43
12435;704;2,53
12436;702;2,33
12438;704;2,53
12439;704;2,53
12440;704;2,53
12442;706;2,73
12443;701;2,23
12444;702;2,33
12446;702;2,33
12447;701;2,23
12448;701;2,23
12450;703;2,43
12451;702;2,33
12452;702;2,33
12454;702;2,33
12455;702;2,33
12456;701;2,23
12459;701;2,23
12460;702;2,33
12461;705;2,63
12463;702;2,33
12464;703;2,43
12465;708;2,94
12467;702;2,33
12468;703;2,43
12469;704;2,53
12471;703;2,43
12472;704;2,53
12473;698;1,93
12475;710;3,14
12476;705;2,63
12477;703;2,43
12478;703;2,43
12480;701;2,23
12481;703;2,43
12482;705;2,63
12484;703;2,43
12485;704;2,53
12486;705;2,63
12488;710;3,14
12489;701;2,23
12490;701;2,23
12492;700;2,13
12493;701;2,23
12494;706;2,73
12496;705;2,63
12497;710;3,14
12498;700;2,13
12500;709;3,04
12502;706;2,73
12503;700;2,13
12505;700;2,13
12506;703;2,43
12507;705;2,63
12509;699;2,03
12510;702;2,33
12511;703;2,43
12513;701;2,23
12514;697;1,83
12515;705;2,63
12517;700;2,13
12518;701;2,23
12519;701;2,23
12521;698;1,93
12522;699;2,03
12523;699;2,03
12525;699;2,03
12526;701;2,23
12527;698;1,93
12529;697;1,83
12530;701;2,23
12531;701;2,23
12533;699;2,03
12534;704;2,53
12535;698;1,93
12537;700;2,13
12538;702;2,33
12539;702;2,33
12541;698;1,93
12542;700;2,13
12544;708;2,94
12546;699;2,03
12547;700;2,13
12548;700;2,13
12550;700;2,13
12551;698;1,93
12552;702;2,33
12554;700;2,13
12555;701;2,23
12556;700;2,13
12558;706;2,73
12559;701;2,23
12560;702;2,33
12562;701;2,23
12563;699;2,03
12564;701;2,23
12565;701;2,23
12567;700;2,13
12568;700;2,13
12569;700;2,13
12571;704;2,53
12572;701;2,23
12573;700;2,13
12575;703;2,43
12576;701;2,23
12577;701;2,23
12579;707;2,83
12580;701;2,23
12581;702;2,33
12583;702;2,33
12584;700;2,13
12585;702;2,33
12588;702;2,33
12589;702;2,33
12590;702;2,33
12592;700;2,13
12593;700;2,13
12594;705;2,63
12596;702;2,33
12597;701;2,23
12598;701;2,23
12600;704;2,53
12601;704;2,53
12602;703;2,43
12604;701;2,23
12605;705;2,63
12606;700;2,13
12608;701;2,23
12609;702;2,33
12610;701;2,23
12612;702;2,33
12613;702;2,33
12614;700;2,13
12616;706;2,73
12617;704;2,53
12618;700;2,13
12620;705;2,63
12621;702;2,33
12622;701;2,23
12624;703;2,43
12625;698;1,93
12626;701;2,23
12628;703;2,43
12630;700;2,13
12631;701;2,23
12633;701;2,23
12634;699;2,03
12635;703;2,43
12637;700;2,13
12638;702;2,33
12639;700;2,13
12641;699;2,03
12642;701;2,23
12643;705;2,63
12645;700;2,13
12646;700;2,13
12647;699;2,03
12649;699;2,03
12650;705;2,63
12651;701;2,23
12652;701;2,23
12654;697;1,83
12655;703;2,43
12656;713;3,44
12658;704;2,53
12659;699;2,03
12660;702;2,33
12662;699;2,03
12663;700;2,13
12664;700;2,13
12666;704;2,53
12667;702;2,33
12668;700;2,13
12670;700;2,13
12672;701;2,23
12673;701;2,23
12675;702;2,33
12676;703;2,43
12677;702;2,33
12679;701;2,23
12680;704;2,53
12681;701;2,23
12683;702;2,33
12684;701;2,23
12685;701;2,23
12687;703;2,43
12688;701;2,23
12689;703;2,43
12691;703;2,43
12692;701;2,23
12693;705;2,63
12695;705;2,63
12696;701;2,23
12697;705;2,63
12699;703;2,43
12700;701;2,23
12701;703;2,43
12703;701;2,23
12704;700;2,13
12705;706;2,73
12707;703;2,43
12708;705;2,63
12709;704;2,53
12711;704;2,53
12712;703;2,43
12713;703;2,43
12716;701;2,23
12717;701;2,23
12718;705;2,63
12720;706;2,73
12721;703;2,43
12722;701;2,23
12724;706;2,73
12725;703;2,43
12726;702;2,33
12728;706;2,73
12729;703;2,43
12730;702;2,33
12732;703;2,43
12733;703;2,43
12734;701;2,23
12736;704;2,53
12737;703;2,43
12738;704;2,53
12739;702;2,33
12741;702;2,33
12742;706;2,73
12743;707;2,83
12745;703;2,43
12746;704;2,53
12747;708;2,94
12749;703;2,43
12750;702;2,33
12751;701;2,23
12753;702;2,33
12754;705;2,63
12755;703;2,43
12758;705;2,63
12759;706;2,73
12760;704;2,53
12762;702;2,33
12763;702;2,33
12764;706;2,73
12766;704;2,53
12767;706;2,73
12768;704;2,53
12770;704;2,53
12771;703;2,43
12772;702;2,33
12774;701;2,23
12775;706;2,73
12776;701;2,23
12778;702;2,33
12779;703;2,43
12780;706;2,73
12782;702;2,33
12783;703;2,43
12784;701;2,23
12786;701;2,23
12787;701;2,23
12788;701;2,23
12790;704;2,53
12791;703;2,43
12792;700;2,13
12794;704;2,53
12795;700;2,13
12796;701;2,23
12798;701;2,23
12800;701;2,23
12801;702;2,33
12803;701;2,23
12804;702;2,33
12805;701;2,23
12807;701;2,23
12808;698;1,93
12809;700;2,13
12811;700;2,13
12812;700;2,13
12813;703;2,43
12815;703;2,43
12816;700;2,13
12817;703;2,43
12819;699;2,03
12820;700;2,13
12821;702;2,33
12823;700;2,13
12824;701;2,23
12825;700;2,13
12826;700;2,13
12828;700;2,13
12829;703;2,43
12830;701;2,23
12832;705;2,63
12833;705;2,63
12834;701;2,23
12836;701;2,23
12837;701;2,23
12838;702;2,33
12840;701;2,23
12841;705;2,63
12843;701;2,23
12845;704;2,53
12846;700;2,13
12847;700;2,13
12849;701;2,23
12850;706;2,73
12851;702;2,33
12853;703;2,43
12854;706;2,73
12855;705;2,63
12857;702;2,33
12858;702;2,33
12859;705;2,63
12861;703;2,43
12862;703;2,43
12863;703;2,43
12865;701;2,23
12866;709;3,04
12867;705;2,63
12869;703;2,43
12870;711;3,24
12871;706;2,73
12873;707;2,83
12874;705;2,63
12875;709;3,04
12877;706;2,73
12878;705;2,63
12879;705;2,63
12881;712;3,34
12882;708;2,94
12883;706;2,73
12886;706;2,73
12887;711;3,24
12888;707;2,83
12890;707;2,83
12891;708;2,94
12892;707;2,83
12894;707;2,83
12895;712;3,34
12896;707;2,83
12898;705;2,63
12899;706;2,73
12900;712;3,34
12902;708;2,94
12903;708;2,94
12904;705;2,63
12906;708;2,94
12907;705;2,63
12908;704;2,53
12910;707;2,83
12911;705;2,63
12912;705;2,63
12913;709;3,04
12915;703;2,43
12916;705;2,63
12917;707;2,83
12919;702;2,33
12920;702;2,33
12921;704;2,53
12923;703;2,43
12924;704;2,53
12925;702;2,33
12928;704;2,53
12929;701;2,23
12930;702;2,33
12932;703;2,43
12933;702;2,33
12934;704;2,53
12936;703;2,43
12937;703;2,43
12938;703;2,43
12940;707;2,83
12941;703;2,43
12942;703;2,43
12944;703;2,43
12945;705;2,63
12946;706;2,73
12948;706;2,73
12949;705;2,63
12950;711;3,24
12952;707;2,83
12953;705;2,63
12954;706;2,73
12956;705;2,63
12957;706;2,73
12958;705;2,63
12960;706;2,73
12961;707;2,83
12962;706;2,73
12964;706;2,73
12965;708;2,94
12966;709;3,04
12968;708;2,94
12969;708;2,94
12971;707;2,83
12973;709;3,04
12974;708;2,94
12975;708;2,94
12977;707;2,83
12978;708;2,94
12979;707;2,83
12981;709;3,04
12982;707;2,83
12983;714;3,54
12985;715;3,64
12986;709;3,04
12987;707;2,83
12989;707;2,83
12990;708;2,94
12991;706;2,73
12993;710;3,14
12994;705;2,63
12995;707;2,83
12997;706;2,73
12998;710;3,14
12999;711;3,24
13000;703;2,43
13002;708;2,94
13003;705;2,63
13004;704;2,53
13006;704;2,53
13007;709;3,04
13008;706;2,73
13010;709;3,04
13011;703;2,43
13012;705;2,63
13015;702;2,33
13016;702;2,33
13017;710;3,14
13019;705;2,63
13020;703;2,43
13021;703;2,43
13023;705;2,63
13024;703;2,43
13025;707;2,83
13027;704;2,53
13028;712;3,34
13029;704;2,53
13031;701;2,23
13032;712;3,34
13033;708;2,94
13035;704;2,53
13036;709;3,04
13037;710;3,14
13039;705;2,63
13040;706;2,73
13041;704;2,53
13043;709;3,04
13044;707;2,83
13045;706;2,73
13047;705;2,63
13048;704;2,53
13049;710;3,14
13051;704;2,53
13052;704;2,53
13053;705;2,63
13056;708;2,94
13057;705;2,63
13058;706;2,73
13060;708;2,94
13061;703;2,43
13062;710;3,14
13064;704;2,53
13065;705;2,63
13066;709;3,04
13068;703;2,43
13069;702;2,33
13070;703;2,43
13072;703;2,43
13073;704;2,53
13074;704;2,53
13076;701;2,23
13077;703;2,43
13078;710;3,14
13080;703;2,43
13081;703;2,43
13082;703;2,43
13084;702;2,33
13085;701;2,23
13086;700;2,13
13087;708;2,94
13089;709;3,04
13090;705;2,63
13091;702;2,33
13093;701;2,23
13094;702;2,33
13095;700;2,13
13097;704;2,53
13099;701;2,23
13100;702;2,33
13102;704;2,53
13103;705;2,63
13104;707;2,83
13106;703;2,43
13107;701;2,23
13108;703;2,43
13110;705;2,63
13111;705;2,63
13112;704;2,53
13114;703;2,43
13115;710;3,14
13116;703;2,43
13118;706;2,73
13119;701;2,23
13120;703;2,43
13122;702;2,33
13123;704;2,53
13124;703;2,43
13126;702;2,33
13127;700;2,13
13128;702;2,33
13130;703;2,43
13131;704;2,53
13132;703;2,43
13134;699;2,03
13135;700;2,13
13136;700;2,13
13138;701;2,23
13139;703;2,43
13140;698;1,93
13143;697;1,83
13144;699;2,03
13145;700;2,13
13147;698;1,93
13148;707;2,83
13149;705;2,63
13151;698;1,93
13152;700;2,13
13153;700;2,13
13155;706;2,73
13156;698;1,93
13157;701;2,23
13159;698;1,93
13160;699;2,03
13161;699;2,03
13163;700;2,13
13164;708;2,94
13165;701;2,23
13167;699;2,03
13168;697;1,83
13169;700;2,13
13171;699;2,03
13172;701;2,23
13173;700;2,13
13174;702;2,33
13176;707;2,83
13177;700;2,13
13178;702;2,33
13180;700;2,13
13181;699;2,03
13182;699;2,03
13185;701;2,23
13186;705;2,63
13187;703;2,43
13189;701;2,23
13190;700;2,13
13191;701;2,23
13193;700;2,13
13194;708;2,94
13195;700;2,13
13197;708;2,94
13198;700;2,13
13199;702;2,33
13201;708;2,94
13202;702;2,33
13203;712;3,34
13205;701;2,23
13206;701;2,23
13207;701;2,23
13209;706;2,73
13210;700;2,13
13211;705;2,63
13213;702;2,33
13214;702;2,33
13215;702;2,33
13217;701;2,23
13218;700;2,13
13219;708;2,94
13221;713;3,44
13222;701;2,23
13223;701;2,23
13225;701;2,23
13227;700;2,13
13228;701;2,23
13230;704;2,53
13231;699;2,03
13232;702;2,33
13234;701;2,23
13235;699;2,03
13236;700;2,13
13238;699;2,03
13239;700;2,13
13240;700;2,13
13242;709;3,04
13243;699;2,03
13244;706;2,73
13246;710;3,14
13247;705;2,63
13248;701;2,23
13250;705;2,63
13251;713;3,44
13252;700;2,13
13254;699;2,03
13255;701;2,23
13256;701;2,23
13258;701;2,23
13259;705;2,63
13260;705;2,63
13261;704;2,53
13263;701;2,23
13264;704;2,53
13265;703;2,43
13267;705;2,63
13268;703;2,43
13270;706;2,73
13272;712;3,34
13273;707;2,83
13274;704;2,53
13276;715;3,64
13277;707;2,83
13278;709;3,04
13280;706;2,73
13281;705;2,63
13282;706;2,73
13284;702;2,33
13285;705;2,63
13286;707;2,83
13288;703;2,43
13289;713;3,44
13290;716;3,74
13292;705;2,63
13293;705;2,63
13294;703;2,43
13296;706;2,73
13297;708;2,94
13298;709;3,04
13300;704;2,53
13301;702;2,33
13302;710;3,14
13304;705;2,63
13305;707;2,83
13306;704;2,53
13308;705;2,63
13309;702;2,33
13310;705;2,63
13313;702;2,33
13314;704;2,53
13315;701;2,23
13317;703;2,43
13318;704;2,53
13319;710;3,14
13321;702;2,33
13322;703;2,43
13323;704;2,53
13325;701;2,23
13326;701;2,23
13327;702;2,33
13329;705;2,63
13330;713;3,44
13331;708;2,94
13333;702;2,33
13334;703;2,43
13335;701;2,23
13337;703;2,43
13338;701;2,23
13339;702;2,33
13341;703;2,43
13342;710;3,14
13343;708;2,94
13345;702;2,33
13346;704;2,53
13347;705;2,63
13348;702;2,33
13350;701;2,23
13351;702;2,33
13352;704;2,53
13355;703;2,43
13356;706;2,73
13357;703;2,43
13359;703;2,43
13360;703;2,43
13361;703;2,43
13363;704;2,53
13364;710;3,14
13365;704;2,53
13367;705;2,63
13368;705;2,63
13369;705;2,63
13371;703;2,43
13372;704;2,53
13373;705;2,63
13375;707;2,83
13376;708;2,94
13377;706;2,73
13379;705;2,63
13380;705;2,63
13381;706;2,73
13383;706;2,73
13384;710;3,14
13385;708;2,94
13387;707;2,83
13388;706;2,73
13389;707;2,83
13391;706;2,73
13392;706;2,73
13393;707;2,83
13395;707;2,83
13396;709;3,04
13398;710;3,14
13400;706;2,73
13401;708;2,94
13402;706;2,73
13404;707;2,83
13405;710;3,14
13406;705;2,63
13408;707;2,83
13409;706;2,73
13410;705;2,63
13412;709;3,04
13413;705;2,63
13414;706;2,73
13416;706;2,73
13417;707;2,83
13418;708;2,94
13420;706;2,73
13421;703;2,43
13422;704;2,53
13424;704;2,53
13425;705;2,63
13426;706;2,73
13428;704;2,53
13429;710;3,14
13430;708;2,94
13432;704;2,53
13433;711;3,24
13434;706;2,73
13435;703;2,43
13437;704;2,53
13438;702;2,33
13440;704;2,53
13442;703;2,43
13443;702;2,33
13444;703;2,43
13446;703;2,43
13447;703;2,43
13448;710;3,14
13450;703;2,43
13451;705;2,63
13452;707;2,83
13454;702;2,33
13455;706;2,73
13456;702;2,33
13458;702;2,33
13459;706;2,73
13460;709;3,04
13462;701;2,23
13463;702;2,33
13464;704;2,53
13466;705;2,63
13467;703;2,43
13468;705;2,63
13470;710;3,14
13471;702;2,33
13472;702;2,33
13474;702;2,33
13475;703;2,43
13476;702;2,33
13478;705;2,63
13479;711;3,24
13480;705;2,63
13483;706;2,73
13484;703;2,43
13485;706;2,73
13487;707;2,83
13488;704;2,53
13489;702;2,33
13491;704;2,53
13492;702;2,33
13493;704;2,53
13495;713;3,44
13496;705;2,63
13497;704;2,53
13499;704;2,53
13500;704;2,53
13501;712;3,34
13503;710;3,14
13504;708;2,94
13505;703;2,43
13507;704;2,53
13508;703;2,43
13509;704;2,53
13511;702;2,33
13512;701;2,23
13513;703;2,43
13515;705;2,63
13516;703;2,43
13517;701;2,23
13519;702;2,33
13520;700;2,13
13521;701;2,23
13522;705;2,63
13524;698;1,93
13526;707;2,83
13527;699;2,03
13529;700;2,13
13530;700;2,13
13531;699;2,03
13533;697;1,83
13534;701;2,23
13535;698;1,93
13537;700;2,13
13538;699;2,03
13539;699;2,03
13541;701;2,23
13542;700;2,13
13543;699;2,03
13545;699;2,03
13546;699;2,03
13547;699;2,03
13549;707;2,83
13550;698;1,93
13551;699;2,03
13553;701;2,23
13554;700;2,13
13555;700;2,13
13557;704;2,53
13558;702;2,33
13559;703;2,43
13561;705;2,63
13562;705;2,63
13563;703;2,43
13565;706;2,73
13566;707;2,83
13568;708;2,94
13570;706;2,73
13571;712;3,34
13572;710;3,14
13574;705;2,63
13575;708;2,94
13576;716;3,74
13578;706;2,73
13579;709;3,04
13580;717;3,84
13582;713;3,44
13583;706;2,73
13584;711;3,24
13586;708;2,94
13587;707;2,83
13588;705;2,63
13590;707;2,83
13591;708;2,94
13592;709;3,04
13594;706;2,73
13595;708;2,94
13596;711;3,24
13598;710;3,14
13599;707;2,83
13600;706;2,73
13602;706;2,73
13603;704;2,53
13604;712;3,34
13606;714;3,54
13607;705;2,63
13608;707;2,83
13609;704;2,53
13612;711;3,24
13613;703;2,43
13614;706;2,73
13616;705;2,63
13617;705;2,63
13618;707;2,83
13620;707;2,83
13621;704;2,53
13622;703;2,43
13624;701;2,23
13625;703;2,43
13626;710;3,14
13628;704;2,53
13629;701;2,23
13630;707;2,83
13632;701;2,23
13633;703;2,43
13634;702;2,33
13636;701;2,23
13637;705;2,63
13638;700;2,13
13640;702;2,33
13641;709;3,04
13642;704;2,53
13644;700;2,13
13645;702;2,33
13646;706;2,73
13648;703;2,43
13649;705;2,63
13650;701;2,23
13652;703;2,43
13654;702;2,33
13655;701;2,23
13657;708;2,94
13658;710;3,14
13659;702;2,33
13661;703;2,43
13662;702;2,33
13663;708;2,94
13665;706;2,73
13666;709;3,04
13667;702;2,33
13669;701;2,23
13670;701;2,23
13671;701;2,23
13673;702;2,33
13674;701;2,23
13675;706;2,73
13677;700;2,13
13678;701;2,23
13679;700;2,13
13681;710;3,14
13682;701;2,23
13683;702;2,33
13685;700;2,13
13686;708;2,94
13687;708;2,94
13689;701;2,23
13690;708;2,94
13691;703;2,43
13693;700;2,13
13694;702;2,33
13696;701;2,23
13697;713;3,44
13699;701;2,23
13700;700;2,13
13701;701;2,23
13703;701;2,23
13704;702;2,33
13705;702;2,33
13707;700;2,13
13708;701;2,23
13709;700;2,13
13711;700;2,13
13712;704;2,53
13713;701;2,23
13715;699;2,03
13716;705;2,63
13717;703;2,43
13719;701;2,23
13720;703;2,43
13721;703;2,43
13723;708;2,94
13724;701;2,23
13725;700;2,13
13727;700;2,13
13728;698;1,93
13729;700;2,13
13731;702;2,33
13732;701;2,23
13733;702;2,33
13735;700;2,13
13736;700;2,13
13737;701;2,23
13740;699;2,03
13741;697;1,83
13742;699;2,03
13744;709;3,04
13745;699;2,03
13746;699;2,03
13748;700;2,13
13749;707;2,83
13750;706;2,73
13752;701;2,23
13753;702;2,33
13754;702;2,33
13756;700;2,13
13757;705;2,63
13758;709;3,04
13760;708;2,94
13761;705;2,63
13762;701;2,23
13764;707;2,83
13765;701;2,23
13766;703;2,43
13768;703;2,43
13769;701;2,23
13770;701;2,23
13772;706;2,73
13773;709;3,04
13774;704;2,53
13776;705;2,63
13777;703;2,43
13778;703;2,43
13780;703;2,43
13782;704;2,53
13783;702;2,33
13784;709;3,04
13786;703;2,43
13787;702;2,33
13788;703;2,43
13790;706;2,73
13791;711;3,24
13792;704;2,53
13794;707;2,83
13795;702;2,33
13796;703;2,43
13798;703;2,43
13799;711;3,24
13800;706;2,73
13802;703;2,43
13803;701;2,23
13804;708;2,94
13806;705;2,63
13807;704;2,53
13808;707;2,83
13810;706;2,73
13811;703;2,43
13812;709;3,04
13814;703;2,43
13815;703;2,43
13816;708;2,94
13818;703;2,43
13819;706;2,73
13820;704;2,53
13822;708;2,94
13824;702;2,33
13825;706;2,73
13827;707;2,83
13828;706;2,73
13829;704;2,53
13831;706;2,73
13832;703;2,43
13833;708;2,94
13835;704;2,53
13836;703;2,43
13837;703;2,43
13839;706;2,73
13840;705;2,63
13841;707;2,83
13843;709;3,04
13844;703;2,43
13845;711;3,24
13847;706;2,73
13848;705;2,63
13849;704;2,53
13851;703;2,43
13852;702;2,33
13853;709;3,04
13855;704;2,53
13856;709;3,04
13857;702;2,33
13859;705;2,63
13860;705;2,63
13861;703;2,43
13863;702;2,33
13864;703;2,43
13865;701;2,23
13868;704;2,53
13869;703;2,43
13870;703;2,43
13871;704;2,53
13873;705;2,63
13874;701;2,23
13875;705;2,63
13877;703;2,43
13878;705;2,63
13879;702;2,33
13881;701;2,23
13882;702;2,33
13883;709;3,04
13885;701;2,23
13886;709;3,04
13887;703;2,43
13889;701;2,23
13890;706;2,73
13891;703;2,43
13893;705;2,63
13894;700;2,13
13895;703;2,43
13897;704;2,53
13898;702;2,33
13899;702;2,33
13901;703;2,43
13902;702;2,33
13903;708;2,94
13905;701;2,23
13906;711;3,24
13907;701;2,23
13910;702;2,33
13911;703;2,43
13912;701;2,23
13914;703;2,43
13915;703;2,43
13916;702;2,33
13918;701;2,23
13919;706;2,73
13920;700;2,13
13922;701;2,23
13923;700;2,13
13924;702;2,33
13926;702;2,33
13927;708;2,94
13928;701;2,23
13930;702;2,33
13931;703;2,43
13932;702;2,33
13934;701;2,23
13935;701;2,23
13936;703;2,43
13938;703;2,43
13939;703;2,43
13940;703;2,43
13942;703;2,43
13943;707;2,83
13944;705;2,63
13946;706;2,73
13947;703;2,43
13948;702;2,33
13950;703;2,43
13952;703;2,43
13953;705;2,63
13955;709;3,04
13956;707;2,83
13957;706;2,73
13958;703;2,43
13960;705;2,63
13961;709;3,04
13962;706;2,73
13964;705;2,63
13965;709;3,04
13966;706;2,73
13968;711;3,24
13969;705;2,63
13970;709;3,04
13972;704;2,53
13973;708;2,94
13974;706;2,73
13976;710;3,14
13977;705;2,63
13978;703;2,43
13980;705;2,63
13981;705;2,63
13982;704;2,53
13984;706;2,73
13985;704;2,53
13986;706;2,73
13988;705;2,63
13989;705;2,63
13990;705;2,63
13992;709;3,04
13993;705;2,63
13995;706;2,73
13997;706;2,73
13998;709;3,04
13999;704;2,53
14001;703;2,43
14002;709;3,04
14003;705;2,63
14005;709;3,04
14006;705;2,63
14007;702;2,33
14009;708;2,94
14010;705;2,63
14011;705;2,63
14013;703;2,43
14014;703;2,43
14015;704;2,53
14017;708;2,94
14018;708;2,94
14019;704;2,53
14021;706;2,73
14022;705;2,63
14023;715;3,64
14025;711;3,24
14026;708;2,94
14027;704;2,53
14029;714;3,54
14030;714;3,54
14031;702;2,33
14033;706;2,73
14034;704;2,53
14035;703;2,43
14038;711;3,24
14039;705;2,63
14040;706;2,73
14042;711;3,24
14043;697;1,83
14044;711;3,24
14045;706;2,73
14047;704;2,53
14048;709;3,04
14049;713;3,44
14051;697;1,83
14052;700;2,13
14053;713;3,44
14055;708;2,94
14056;706;2,73
14057;712;3,34
14059;720;4,14
14060;712;3,34
14061;706;2,73
14063;705;2,63
14064;709;3,04
14065;710;3,14
14067;708;2,94
14068;711;3,24
14069;706;2,73
14071;708;2,94
14072;714;3,54
14073;708;2,94
14075;706;2,73
14076;705;2,63
14077;705;2,63
14080;705;2,63
14081;708;2,94
14082;707;2,83
14084;706;2,73
14085;706;2,73
14086;707;2,83
14088;715;3,64
14089;709;3,04
14090;704;2,53
14092;709;3,04
14093;709;3,04
14094;710;3,14
14096;711;3,24
14097;706;2,73
14098;708;2,94
14100;713;3,44
14101;706;2,73
14102;707;2,83
14104;708;2,94
14105;705;2,63
14106;706;2,73
14108;708;2,94
14109;709;3,04
14110;715;3,64
14112;705;2,63
14113;714;3,54
14114;715;3,64
14116;705;2,63
14117;704;2,53
14118;708;2,94
14120;705;2,63
14121;703;2,43
14123;708;2,94
14125;707;2,83
14126;703;2,43
14127;715;3,64
14129;703;2,43
14130;706;2,73
14131;703;2,43
14132;703;2,43
14134;703;2,43
14135;714;3,54
14136;704;2,53
14138;709;3,04
14139;705;2,63
14140;702;2,33
14142;701;2,23
14143;702;2,33
14144;712;3,34
14146;702;2,33
14147;707;2,83
14148;705;2,63
14150;705;2,63
14151;709;3,04
14152;702;2,33
14154;710;3,14
14155;708;2,94
14156;709;3,04
14158;704;2,53
14159;713;3,44
14160;701;2,23
14162;703;2,43
14163;704;2,53
14164;706;2,73
14167;711;3,24
14168;707;2,83
14169;703;2,43
14171;704;2,53
14172;712;3,34
14173;708;2,94
14175;705;2,63
14176;707;2,83
14177;708;2,94
14179;705;2,63
14180;705;2,63
14181;704;2,53
14183;703;2,43
14184;710;3,14
14185;713;3,44
14187;703;2,43
14188;709;3,04
14189;703;2,43
14191;710;3,14
14192;707;2,83
14193;708;2,94
14195;708;2,94
14196;706;2,73
14197;714;3,54
14199;712;3,34
14200;705;2,63
14201;704;2,53
14203;708;2,94
14204;703;2,43
14205;706;2,73
14208;704;2,53
14209;712;3,34
14210;703;2,43
14212;703;2,43
14213;705;2,63
14214;706;2,73
14216;705;2,63
14217;703;2,43
14218;706;2,73
14219;703;2,43
14221;706;2,73
14222;704;2,53
14223;705;2,63
14225;709;3,04
14226;706;2,73
14227;710;3,14
14229;706;2,73
14230;704;2,53
14231;706;2,73
14233;711;3,24
14234;705;2,63
14235;711;3,24
14237;706;2,73
14238;717;3,84
14239;708;2,94
14241;706;2,73
14242;705;2,63
14243;709;3,04
14245;707;2,83
14246;710;3,14
14247;706;2,73
14249;709;3,04
14251;708;2,94
14252;710;3,14
14254;706;2,73
14255;706;2,73
14256;706;2,73
14258;705;2,63
14259;709;3,04
14260;706;2,73
14262;712;3,34
14263;712;3,34
14264;706;2,73
14266;714;3,54
14267;706;2,73
14268;712;3,34
14270;705;2,63
14271;705;2,63
14272;705;2,63
14274;713;3,44
14275;705;2,63
14276;708;2,94
14278;706;2,73
14279;707;2,83
14280;712;3,34
14282;709;3,04
14283;717;3,84
14284;717;3,84
14286;706;2,73
14287;708;2,94
14288;715;3,64
14290;715;3,64
14291;715;3,64
14292;707;2,83
14295;708;2,94
14296;707;2,83
14297;711;3,24
14299;707;2,83
14300;707;2,83
14301;707;2,83
14303;715;3,64
14304;709;3,04
14305;709;3,04
14306;707;2,83
14308;710;3,14
14309;718;3,94
14310;708;2,94
14312;707;2,83
14313;708;2,94
14314;708;2,94
14316;707;2,83
14317;711;3,24
14318;711;3,24
14320;708;2,94
14321;715;3,64
14322;708;2,94
14324;711;3,24
14325;708;2,94
14326;710;3,14
14328;709;3,04
14329;709;3,04
14330;711;3,24
14332;713;3,44
14333;710;3,14
14334;708;2,94
14337;709;3,04
14338;715;3,64
14339;711;3,24
14341;712;3,34
14342;715;3,64
14343;714;3,54
14345;709;3,04
14346;710;3,14
14347;719;4,04
14349;711;3,24
14350;710;3,14
14351;722;4,34
14353;710;3,14
14354;709;3,04
14355;715;3,64
14357;709;3,04
14358;713;3,44
14359;710;3,14
14361;711;3,24
14362;710;3,14
14363;711;3,24
14365;710;3,14
14366;711;3,24
14367;713;3,44
14369;711;3,24
14370;718;3,94
14371;712;3,34
14373;716;3,74
14374;709;3,04
14375;721;4,24
14377;721;4,24
14379;713;3,44
14380;713;3,44
14382;711;3,24
14383;712;3,34
14384;712;3,34
14386;712;3,34
14387;711;3,24
14388;712;3,34
14390;713;3,44
14391;716;3,74
14392;715;3,64
14393;717;3,84
14395;716;3,74
14396;713;3,44
14397;715;3,64
14399;717;3,84
14400;714;3,54
14401;715;3,64
14403;723;4,45
14404;718;3,94
14405;717;3,84
14407;717;3,84
14408;715;3,64
14409;715;3,64
14411;714;3,54
14412;715;3,64
14413;714;3,54
14415;717;3,84
14416;719;4,04
14417;725;4,65
14419;716;3,74
14420;722;4,34
14422;717;3,84
14424;716;3,74
14425;716;3,74
14426;718;3,94
14428;726;4,75
14429;726;4,75
14430;725;4,65
14432;718;3,94
14433;721;4,24
14434;718;3,94
14436;722;4,34
14437;721;4,24
14438;723;4,45
14440;717;3,84
14441;721;4,24
14442;722;4,34
14444;719;4,04
14445;720;4,14
14446;721;4,24
14448;728;4,95
14449;721;4,24
14450;721;4,24
14452;726;4,75
14453;721;4,24
14454;724;4,55
14456;721;4,24
14457;727;4,85
14458;722;4,34
14460;725;4,65
14461;722;4,34
14462;723;4,45
14465;723;4,45
14466;725;4,65
14467;723;4,45
14469;726;4,75
14470;724;4,55
14471;736;5,75
14473;725;4,65
14474;727;4,85
14475;729;5,05
14477;728;4,95
14478;733;5,45
14479;729;5,05
14480;728;4,95
14482;730;5,15
14483;732;5,35
14484;734;5,55
14486;734;5,55
14487;730;5,15
14488;735;5,65
14490;734;5,55
14491;733;5,45
14492;733;5,45
14494;732;5,35
14495;732;5,35
14496;735;5,65
14498;734;5,55
14499;738;5,96
14500;735;5,65
14502;739;6,06
14503;735;5,65
14504;735;5,65
14507;737;5,85
14508;737;5,85
14509;743;6,46
14511;750;7,16
14512;745;6,66
14513;748;6,96
14515;739;6,06
14516;748;6,96
14517;739;6,06
14519;740;6,16
14520;739;6,06
14521;739;6,06
14523;739;6,06
14524;745;6,66
14525;733;5,45
14527;747;6,86
14528;748;6,96
14529;748;6,96
14531;739;6,06
14532;732;5,35
14533;735;5,65
14535;740;6,16
14536;743;6,46
14537;742;6,36
14539;742;6,36
14540;732;5,35
14541;735;5,65
14543;744;6,56
14544;746;6,76
14545;739;6,06
14547;739;6,06
14548;741;6,26
14550;738;5,96
14552;737;5,85
14553;739;6,06
14554;738;5,96
14556;739;6,06
14557;739;6,06
14558;743;6,46
14560;738;5,96
14561;741;6,26
14562;747;6,86
14564;738;5,96
14565;738;5,96
14566;740;6,16
14567;740;6,16
14569;743;6,46
14570;738;5,96
14571;737;5,85
14573;738;5,96
14574;735;5,65
14575;739;6,06
14577;735;5,65
14578;737;5,85
14579;742;6,36
14581;735;5,65
14582;737;5,85
14583;744;6,56
14585;738;5,96
14586;736;5,75
14587;736;5,75
14589;734;5,55
14590;737;5,85
14592;735;5,65
14594;735;5,65
14595;737;5,85
14596;734;5,55
14598;738;5,96
14599;736;5,75
14600;740;6,16
14602;735;5,65
14603;735;5,65
14604;737;5,85
14606;735;5,65
14607;733;5,45
14608;733;5,45
14610;731;5,25
14611;734;5,55
14612;732;5,35
14614;735;5,65
14615;732;5,35
14616;732;5,35
14618;733;5,45
14619;732;5,35
14620;733;5,45
14622;733;5,45
14623;732;5,35
14624;733;5,45
14626;732;5,35
14627;731;5,25
14628;735;5,65
14630;731;5,25
14631;733;5,45
14632;731;5,25
14635;730;5,15
14636;732;5,35
14637;735;5,65
14639;733;5,45
14640;728;4,95
14641;727;4,85
14643;728;4,95
14644;725;4,65
14645;730;5,15
14647;727;4,85
14648;723;4,45
14649;726;4,75
14651;730;5,15
14652;725;4,65
14653;727;4,85
14654;726;4,75
14656;726;4,75
14657;725;4,65
14658;727;4,85
14660;724;4,55
14661;723;4,45
14662;722;4,34
14664;724;4,55
14665;727;4,85
14666;729;5,05
14668;726;4,75
14669;722;4,34
14670;723;4,45
14672;727;4,85
14673;721;4,24
14674;725;4,65
14676;721;4,24
14678;733;5,45
14679;720;4,14
14681;721;4,24
14682;729;5,05
14683;719;4,04
14685;720;4,14
14686;720;4,14
14687;721;4,24
14689;720;4,14
14690;722;4,34
14691;722;4,34
14693;723;4,45
14694;724;4,55
14695;723;4,45
14697;725;4,65
14698;726;4,75
14699;726;4,75
14701;725;4,65
14702;725;4,65
14703;723;4,45
14705;725;4,65
14706;728;4,95
14707;729;5,05
14709;728;4,95
14710;729;5,05
14711;728;4,95
14713;727;4,85
14714;729;5,05
14715;726;4,75
14717;727;4,85
14718;725;4,65
14720;730;5,15
14722;727;4,85
14723;726;4,75
14724;725;4,65
14726;723;4,45
14727;729;5,05
14728;731;5,25
14730;728;4,95
14731;728;4,95
14732;727;4,85
14734;723;4,45
14735;728;4,95
14736;725;4,65
14738;728;4,95
14739;725;4,65
14740;724;4,55
14741;727;4,85
14743;727;4,85
14744;727;4,85
14745;724;4,55
14747;729;5,05
14748;722;4,34
14749;724;4,55
14751;724;4,55
14752;721;4,24
14753;719;4,04
14755;725;4,65
14756;720;4,14
14757;720;4,14
14759;719;4,04
14760;719;4,04
14761;721;4,24
14764;721;4,24
14765;722;4,34
14766;720;4,14
14768;722;4,34
14769;722;4,34
14770;724;4,55
14772;725;4,65
14773;722;4,34
14774;723;4,45
14776;722;4,34
14777;721;4,24
14778;720;4,14
14780;724;4,55
14781;721;4,24
14782;720;4,14
14784;720;4,14
14785;720;4,14
14786;724;4,55
14788;722;4,34
14789;726;4,75
14790;724;4,55
14792;719;4,04
14793;718;3,94
14794;717;3,84
14796;717;3,84
14797;713;3,44
14798;712;3,34
14800;713;3,44
14801;713;3,44
14802;713;3,44
14804;714;3,54
14806;709;3,04
14807;708;2,94
14809;708;2,94
14810;708;2,94
14811;708;2,94
14813;709;3,04
14814;708;2,94
14815;709;3,04
14817;712;3,34
14818;711;3,24
14819;709;3,04
14821;710;3,14
14822;711;3,24
14823;709;3,04
14825;709;3,04
14826;710;3,14
14827;712;3,34
14828;717;3,84
14830;709;3,04
14831;713;3,44
14832;712;3,34
14834;715;3,64
14835;716;3,74
14836;714;3,54
14838;715;3,64
14839;720;4,14
14840;718;3,94
14842;717;3,84
14843;723;4,45
14844;723;4,45
14846;717;3,84
14848;720;4,14
14849;719;4,04
14851;719;4,04
14852;722;4,34
14853;721;4,24
14855;720;4,14
14856;723;4,45
14857;725;4,65
14859;723;4,45
14860;724;4,55
14861;725;4,65
14863;724;4,55
14864;724;4,55
14865;724;4,55
14867;721;4,24
14868;723;4,45
14869;723;4,45
14871;721;4,24
14872;721;4,24
14873;720;4,14
14875;721;4,24
14876;717;3,84
14877;721;4,24
14879;717;3,84
14880;717;3,84
14881;717;3,84
14883;720;4,14
14884;716;3,74
14885;717;3,84
14887;714;3,54
14888;715;3,64
14889;715;3,64
14892;712;3,34
14893;713;3,44
14894;711;3,24
14896;712;3,34
14897;712;3,34
14898;716;3,74
14900;713;3,44
14901;716;3,74
14902;714;3,54
14904;714;3,54
14905;714;3,54
14906;717;3,84
14908;716;3,74
14909;711;3,24
14910;712;3,34
14912;711;3,24
14913;712;3,34
14914;713;3,44
14915;711;3,24
14917;710;3,14
14918;712;3,34
14919;710;3,14
14921;711;3,24
14922;713;3,44
14923;709;3,04
14925;713;3,44
14926;713;3,44
14927;712;3,34
14929;713;3,44
14930;714;3,54
14931;712;3,34
14934;712;3,34
14935;710;3,14
14936;711;3,24
14938;713;3,44
14939;709;3,04
14940;712;3,34
14942;709;3,04
14943;710;3,14
14944;710;3,14
14946;712;3,34
14947;710;3,14
14948;710;3,14
14950;709;3,04
14951;711;3,24
14952;708;2,94
14954;709;3,04
14955;706;2,73
14956;711;3,24
14958;712;3,34
14959;712;3,34
14960;705;2,63
14962;707;2,83
14963;706;2,73
14964;705;2,63
14966;707;2,83
14967;705;2,63
14968;709;3,04
14970;707;2,83
14971;709;3,04
14972;708;2,94
14974;711;3,24
14976;712;3,34
14977;716;3,74
14979;717;3,84
14980;716;3,74
14981;717;3,84
14983;713;3,44
14984;713;3,44
14985;714;3,54
14987;715;3,64
14988;712;3,34
14989;710;3,14
14991;704;2,53
14992;704;2,53
14993;709;3,04
14995;712;3,34
14996;708;2,94
14997;711;3,24
14999;718;3,94
15000;719;4,04
15001;718;3,94
15002;716;3,74
15004;714;3,54
15005;713;3,44
15006;714;3,54
15008;711;3,24
15009;706;2,73
15010;705;2,63
15012;703;2,43
15013;702;2,33
15014;703;2,43
15016;704;2,53
15017;705;2,63
15019;703;2,43
15021;704;2,53
15022;709;3,04
15023;709;3,04
15025;711;3,24
15026;713;3,44
15027;713;3,44
15029;712;3,34
15030;711;3,24
15031;710;3,14
15033;709;3,04
15034;708;2,94
15035;706;2,73
15037;705;2,63
15038;702;2,33
15039;698;1,93
15041;697;1,83
15042;698;1,93
15043;700;2,13
15045;701;2,23
15046;701;2,23
15047;704;2,53
15049;709;3,04
15050;705;2,63
15051;707;2,83
15053;710;3,14
15054;712;3,34
15055;709;3,04
15057;709;3,04
15058;708;2,94
15059;710;3,14
15062;706;2,73
15063;709;3,04
15064;705;2,63
15066;700;2,13
15067;703;2,43
15068;702;2,33
15070;699;2,03
15071;702;2,33
15072;703;2,43
15074;705;2,63
15075;703;2,43
15076;712;3,34
15078;710;3,14
15079;706;2,73
15080;709;3,04
15082;707;2,83
15083;708;2,94
15084;710;3,14
15086;708;2,94
15087;707;2,83
15088;711;3,24
15089;713;3,44
15091;708;2,94
15092;710;3,14
15093;709;3,04
15095;712;3,34
15096;710;3,14
15097;711;3,24
15099;711;3,24
15100;711;3,24
15101;711;3,24
15104;710;3,14
15105;713;3,44
15106;708;2,94
15108;709;3,04
15109;709;3,04
15110;710;3,14
15112;712;3,34
15113;710;3,14
15114;711;3,24
15116;710;3,14
15117;707;2,83
15118;717;3,84
15120;711;3,24
15121;711;3,24
15122;710;3,14
15124;715;3,64
15125;711;3,24
15126;717;3,84
15128;711;3,24
15129;722;4,34
15130;710;3,14
15132;710;3,14
15133;710;3,14
15134;708;2,94
15136;710;3,14
15137;709;3,04
15138;709;3,04
15140;708;2,94
15141;711;3,24
15142;707;2,83
15144;718;3,94
15145;712;3,34
15147;710;3,14
15149;709;3,04
15150;709;3,04
15151;710;3,14
15153;708;2,94
15154;710;3,14
15155;710;3,14
15157;711;3,24
15158;710;3,14
15159;710;3,14
15161;709;3,04
15162;709;3,04
15163;710;3,14
15165;707;2,83
15166;709;3,04
15167;710;3,14
15169;708;2,94
15170;712;3,34
15171;708;2,94
15173;708;2,94
15174;710;3,14
15175;712;3,34
15176;710;3,14
15178;713;3,44
15179;718;3,94
15180;713;3,44
15182;711;3,24
15183;710;3,14
15184;713;3,44
15186;713;3,44
15187;719;4,04
15188;713;3,44
15191;712;3,34
15192;714;3,54
15193;715;3,64
15195;715;3,64
15196;716;3,74
15197;716;3,74
15199;717;3,84
15200;718;3,94
15201;719;4,04
15203;719;4,04
15204;715;3,64
15205;715;3,64
15207;715;3,64
15208;717;3,84
15209;715;3,64
15211;717;3,84
15212;718;3,94
15213;715;3,64
15215;716;3,74
15216;720;4,14
15217;717;3,84
15219;716;3,74
15220;716;3,74
15221;716;3,74
15223;721;4,24
15224;717;3,84
15225;716;3,74
15227;716;3,74
15228;717;3,84
15229;717;3,84
15232;713;3,44
15233;715;3,64
15234;714;3,54
15236;719;4,04
15237;715;3,64
15238;715;3,64
15240;714;3,54
15241;715;3,64
15242;715;3,64
15244;715;3,64
15245;715;3,64
15246;713;3,44
15248;711;3,24
15249;718;3,94
15250;714;3,54
15252;714;3,54
15253;713;3,44
15254;711;3,24
15256;711;3,24
15257;711;3,24
15258;713;3,44
15260;711;3,24
15261;710;3,14
15262;711;3,24
15263;713;3,44
15265;711;3,24
15266;711;3,24
15267;709;3,04
15269;703;2,43
15270;726;4,75
15271;715;3,64
15273;702;2,33
15275;720;4,14
15276;713;3,44
15278;715;3,64
15279;717;3,84
15280;713;3,44
15282;713;3,44
15283;715;3,64
15284;713;3,44
15286;710;3,14
15287;712;3,34
15288;714;3,54
15290;709;3,04
15291;716;3,74
15292;715;3,64
15294;711;3,24
15295;710;3,14
15296;713;3,44
15298;713;3,44
15299;711;3,24
15300;712;3,34
15302;711;3,24
15303;711;3,24
15304;710;3,14
15306;714;3,54
15307;711;3,24
15308;711;3,24
15310;712;3,34
15311;711;3,24
15312;717;3,84
15314;715;3,64
15315;710;3,14
15316;709;3,04
15319;710;3,14
15320;709;3,04
15321;710;3,14
15323;709;3,04
15324;711;3,24
15325;708;2,94
15327;707;2,83
15328;710;3,14
15329;709;3,04
15331;708;2,94
15332;706;2,73
15333;708;2,94
15335;707;2,83
15336;706;2,73
15337;708;2,94
15339;706;2,73
15340;705;2,63
15341;707;2,83
15343;711;3,24
15344;706;2,73
15345;706;2,73
15347;711;3,24
15348;705;2,63
15349;705;2,63
15350;705;2,63
15352;704;2,53
15353;704;2,53
15354;704;2,53
15356;705;2,63
15357;704;2,53
15358;705;2,63
15361;704;2,53
15362;704;2,53
15363;707;2,83
15365;706;2,73
15366;704;2,53
15367;707;2,83
15369;706;2,73
15370;704;2,53
15371;705;2,63
15373;704;2,53
15374;703;2,43
15375;703;2,43
15377;704;2,53
15378;711;3,24
15379;708;2,94
15381;704;2,53
15382;710;3,14
15383;705;2,63
15385;706;2,73
15386;704;2,53
15387;704;2,53
15389;704;2,53
15390;705;2,63
15391;705;2,63
15393;706;2,73
15394;705;2,63
15395;705;2,63
15397;706;2,73
15398;708;2,94
15399;706;2,73
15401;706;2,73
15403;709;3,04
15404;704;2,53
15406;707;2,83
15407;704;2,53
15408;707;2,83
15410;705;2,63
15411;702;2,33
15412;703;2,43
15414;704;2,53
15415;706;2,73
15416;705;2,63
15418;703;2,43
15419;705;2,63
15420;702;2,33
15422;703;2,43
15423;705;2,63
15424;704;2,53
15426;704;2,53
15427;702;2,33
15428;701;2,23
15430;702;2,33
15431;702;2,33
15432;701;2,23
15434;702;2,33
15435;701;2,23
15436;700;2,13
15437;701;2,23
15439;701;2,23
15440;701;2,23
15441;701;2,23
15443;703;2,43
15444;703;2,43
15446;700;2,13
15448;701;2,23
15449;701;2,23
15450;701;2,23
15452;699;2,03
15453;702;2,33
15454;700;2,13
15456;702;2,33
15457;699;2,03
15458;705;2,63
15460;705;2,63
15461;702;2,33
15462;701;2,23
15464;702;2,33
15465;704;2,53
15466;699;2,03
15468;700;2,13
15469;701;2,23
15470;703;2,43
15472;700;2,13
15473;698;1,93
15474;702;2,33
15476;701;2,23
15477;701;2,23
15478;703;2,43
15480;702;2,33
15481;702;2,33
15482;701;2,23
15484;701;2,23
15485;701;2,23
15486;700;2,13
15489;705;2,63
15490;704;2,53
15491;700;2,13
15493;701;2,23
15494;703;2,43
15495;703;2,43
15497;700;2,13
15498;704;2,53
15499;699;2,03
15501;704;2,53
15502;701;2,23
15503;700;2,13
15505;701;2,23
15506;701;2,23
15507;701;2,23
15509;700;2,13
15510;704;2,53
15511;701;2,23
15513;702;2,33
15514;705;2,63
15515;702;2,33
15517;700;2,13
15518;700;2,13
15519;700;2,13
15521;700;2,13
15522;700;2,13
15523;701;2,23
15524;701;2,23
15526;702;2,33
15527;700;2,13
15528;700;2,13
15531;700;2,13
15532;701;2,23
15533;700;2,13
15535;700;2,13
15536;701;2,23
15537;699;2,03
15539;699;2,03
15540;699;2,03
15541;699;2,03
15543;699;2,03
15544;699;2,03
15545;701;2,23
15547;701;2,23
15548;700;2,13
15549;700;2,13
15551;704;2,53
15552;702;2,33
15553;700;2,13
15555;699;2,03
15556;700;2,13
15557;705;2,63
15559;701;2,23
15560;701;2,23
15561;703;2,43
15563;701;2,23
15564;702;2,33
15565;703;2,43
15567;700;2,13
15568;701;2,23
15569;706;2,73
15571;701;2,23
15572;702;2,33
15574;701;2,23
15576;701;2,23
15577;703;2,43
15578;703;2,43
15580;702;2,33
15581;703;2,43
15582;703;2,43
15584;705;2,63
15585;701;2,23
15586;702;2,33
15588;706;2,73
15589;701;2,23
15590;705;2,63
15592;706;2,73
15593;701;2,23
15594;701;2,23
15596;701;2,23
15597;705;2,63
15598;702;2,33
15600;703;2,43
15601;703;2,43
15602;704;2,53
15604;703;2,43
15605;703;2,43
15606;705;2,63
15608;705;2,63
15609;702;2,33
15610;703;2,43
15611;702;2,33
15613;703;2,43
15614;702;2,33
15616;702;2,33
15618;701;2,23
15619;703;2,43
15620;703;2,43
15622;702;2,33
15623;705;2,63
15624;704;2,53
15626;707;2,83
15627;701;2,23
15628;706;2,73
15630;701;2,23
15631;702;2,33
15632;698;1,93
15634;701;2,23
15635;700;2,13
15636;704;2,53
15638;701;2,23
15639;700;2,13
15640;699;2,03
15642;699;2,03
15643;701;2,23
15644;700;2,13
15646;701;2,23
15647;701;2,23
15648;701;2,23
15650;707;2,83
15651;700;2,13
15652;700;2,13
15654;705;2,63
15655;698;1,93
15656;705;2,63
15659;700;2,13
15660;700;2,13
15661;706;2,73
15663;701;2,23
15664;700;2,13
15665;706;2,73
15667;700;2,13
15668;709;3,04
15669;700;2,13
15671;699;2,03
15672;708;2,94
15673;700;2,13
15675;701;2,23
15676;709;3,04
15677;702;2,33
15679;704;2,53
15680;703;2,43
15681;710;3,14
15683;705;2,63
15684;709;3,04
15685;702;2,33
15687;706;2,73
15688;700;2,13
15689;701;2,23
15691;702;2,33
15692;705;2,63
15693;709;3,04
15695;703;2,43
15696;701;2,23
15697;701;2,23
15698;702;2,33
15700;700;2,13
15702;704;2,53
15703;706;2,73
15705;700;2,13
15706;702;2,33
15707;699;2,03
15709;700;2,13
15710;702;2,33
15711;699;2,03
15713;706;2,73
15714;710;3,14
15715;700;2,13
15717;705;2,63
15718;700;2,13
15719;699;2,03
15721;708;2,94
15722;700;2,13
15723;702;2,33
15725;701;2,23
15726;701;2,23
15727;701;2,23
15729;701;2,23
15730;706;2,73
15731;701;2,23
15733;709;3,04
15734;705;2,63
15735;706;2,73
15737;715;3,64
15738;702;2,33
15739;704;2,53
15741;710;3,14
15742;708;2,94
15744;701;2,23
15746;703;2,43
15747;705;2,63
15748;701;2,23
15750;705;2,63
15751;703;2,43
15752;702;2,33
15754;703;2,43
15755;708;2,94
15756;705;2,63
15758;707;2,83
15759;710;3,14
15760;703;2,43
15762;706;2,73
15763;701;2,23
15764;703;2,43
15766;703;2,43
15767;703;2,43
15768;703;2,43
15770;702;2,33
15771;702;2,33
15772;704;2,53
15774;702;2,33
15775;705;2,63
15776;703;2,43
15778;701;2,23
15779;707;2,83
15780;702;2,33
15782;703;2,43
15783;709;3,04
15784;701;2,23
15785;703;2,43
15788;703;2,43
15789;703;2,43
15790;702;2,33
15792;702;2,33
15793;709;3,04
15794;700;2,13
15796;709;3,04
15797;701;2,23
15798;702;2,33
15800;701;2,23
15801;703;2,43
15802;705;2,63
15804;701;2,23
15805;703;2,43
15806;703;2,43
15808;701;2,23
15809;701;2,23
15810;702;2,33
15812;702;2,33
15813;701;2,23
15814;705;2,63
15816;701;2,23
15817;708;2,94
15818;701;2,23
15820;701;2,23
15821;701;2,23
15822;701;2,23
15824;701;2,23
15825;700;2,13
15826;700;2,13
15828;702;2,33
15830;702;2,33
15831;705;2,63
15833;702;2,33
15834;699;2,03
15835;699;2,03
15837;700;2,13
15838;701;2,23
15839;700;2,13
15841;708;2,94
15842;701;2,23
15843;703;2,43
15845;703;2,43
15846;706;2,73
15847;709;3,04
15849;704;2,53
15850;705;2,63
15851;710;3,14
15853;701;2,23
15854;701;2,23
15855;707;2,83
15857;704;2,53
15858;706;2,73
15859;703;2,43
15861;709;3,04
15862;702;2,33
15863;702;2,33
15865;709;3,04
15866;703;2,43
15867;702;2,33
15869;703;2,43
15870;708;2,94
15872;703;2,43
15873;708;2,94
15875;703;2,43
15876;705;2,63
15877;703;2,43
15879;703;2,43
15880;703;2,43
15881;704;2,53
15883;705;2,63
15884;708;2,94
15885;705;2,63
15887;704;2,53
15888;708;2,94
15889;704;2,53
15891;711;3,24
15892;710;3,14
15893;706;2,73
15895;713;3,44
15896;707;2,83
15897;705;2,63
15899;706;2,73
15900;706;2,73
15901;709;3,04
15903;705;2,63
15904;710;3,14
15905;708;2,94
15907;712;3,34
15908;708;2,94
15909;708;2,94
15911;712;3,34
15912;708;2,94
15913;707;2,83
15916;705;2,63
15917;707;2,83
15918;711;3,24
15920;706;2,73
15921;706;2,73
15922;707;2,83
15924;705;2,63
15925;703;2,43
15926;704;2,53
15928;707;2,83
15929;702;2,33
15930;702;2,33
15932;703;2,43
15933;705;2,63
15934;701;2,23
15936;703;2,43
15937;702;2,33
15938;702;2,33
15940;703;2,43
15941;705;2,63
15942;707;2,83
15944;705;2,63
15945;700;2,13
15946;701;2,23
15948;702;2,33
15949;701;2,23
15950;703;2,43
15952;702;2,33
15953;707;2,83
15954;705;2,63
15956;705;2,63
15958;701;2,23
15959;702;2,33
15960;705;2,63
15962;700;2,13
15963;703;2,43
15964;703;2,43
15966;706;2,73
15967;701;2,23
15968;702;2,33
15970;702;2,33
15971;709;3,04
15972;705;2,63
15974;707;2,83
15975;703;2,43
15976;708;2,94
15978;707;2,83
15979;704;2,53
15980;703;2,43
15982;706;2,73
15983;711;3,24
15984;705;2,63
15986;705;2,63
15987;706;2,73
15988;706;2,73
15990;707;2,83
15991;704;2,53
15992;711;3,24
15994;713;3,44
15995;707;2,83
15996;705;2,63
15998;704;2,53
16000;709;3,04
16001;704;2,53
16003;705;2,63
16004;705;2,63
16005;705;2,63
16007;711;3,24
16008;708;2,94
16009;705;2,63
16011;704;2,53
16012;709;3,04
16013;702;2,33
16015;703;2,43
16016;705;2,63
16017;704;2,53
16019;704;2,53
16020;704;2,53
16021;702;2,33
16023;703;2,43
16024;705;2,63
16025;702;2,33
16027;708;2,94
16028;703;2,43
16029;702;2,33
16031;702;2,33
16032;702;2,33
16033;701;2,23
16035;702;2,33
16036;709;3,04
16037;706;2,73
16039;703;2,43
16040;703;2,43
16041;701;2,23
16044;700;2,13
16045;704;2,53
16046;702;2,33
16047;702;2,33
16049;702;2,33
16050;709;3,04
16051;703;2,43
16053;707;2,83
16054;701;2,23
16055;703;2,43
16057;701;2,23
16058;703;2,43
16059;706;2,73
16061;704;2,53
16062;704;2,53
16063;709;3,04
16065;703;2,43
16066;703;2,43
16067;709;3,04
16069;704;2,53
16070;704;2,53
16071;705;2,63
16073;705;2,63
16074;705;2,63
16075;704;2,53
16077;707;2,83
16078;707;2,83
16079;712;3,34
16081;708;2,94
16082;704;2,53
16083;704;2,53
16086;702;2,33
16087;703;2,43
16088;708;2,94
16090;702;2,33
16091;704;2,53
16092;707;2,83
16094;703;2,43
16095;705;2,63
16096;706;2,73
16098;702;2,33
16099;703;2,43
16100;703;2,43
16102;701;2,23
16103;702;2,33
16104;707;2,83
16106;707;2,83
16107;704;2,53
16108;702;2,33
16110;707;2,83
16111;706;2,73
16112;701;2,23
16114;707;2,83
16115;701;2,23
16116;702;2,33
16118;708;2,94
16119;707;2,83
16120;709;3,04
16122;704;2,53
16123;706;2,73
16124;705;2,63
16126;701;2,23
16128;701;2,23
16129;704;2,53
16131;706;2,73
16132;703;2,43
16133;703;2,43
16134;700;2,13
16136;701;2,23
16137;703;2,43
16138;707;2,83
16140;703;2,43
16141;701;2,23
16142;699;2,03
16144;703;2,43
16145;703;2,43
16146;705;2,63
16148;698;1,93
16149;701;2,23
16150;700;2,13
16152;700;2,13
16153;699;2,03
16154;708;2,94
16156;705;2,63
16157;700;2,13
16158;700;2,13
16160;698;1,93
16161;707;2,83
16162;700;2,13
16164;701;2,23
16165;703;2,43
16166;702;2,33
16168;700;2,13
16169;700;2,13
16171;705;2,63
16173;699;2,03
16174;700;2,13
16175;702;2,33
16177;702;2,33
16178;702;2,33
16179;703;2,43
16181;703;2,43
16182;703;2,43
16183;701;2,23
16185;709;3,04
16186;701;2,23
16187;701;2,23
16189;702;2,33
16190;701;2,23
16191;702;2,33
16193;701;2,23
16194;713;3,44
16195;703;2,43
16197;701;2,23
16198;700;2,13
16199;703;2,43
16201;700;2,13
16202;702;2,33
16203;701;2,23
16205;708;2,94
16206;700;2,13
16207;704;2,53
16209;700;2,13
16210;704;2,53
16211;702;2,33
16214;700;2,13
16215;704;2,53
16216;701;2,23
16218;701;2,23
16219;702;2,33
16220;702;2,33
16221;706;2,73
16223;703;2,43
16224;701;2,23
16225;702;2,33
16227;710;3,14
16228;703;2,43
16229;705;2,63
16231;702;2,33
16232;702;2,33
16233;704;2,53
16235;711;3,24
16236;716;3,74
16237;703;2,43
16239;704;2,53
16240;712;3,34
16241;709;3,04
16243;711;3,24
16244;710;3,14
16245;706;2,73
16247;705;2,63
16248;707;2,83
16249;714;3,54
16251;710;3,14
16252;715;3,64
16253;706;2,73
16256;717;3,84
16257;715;3,64
16258;708;2,94
16260;707;2,83
16261;708;2,94
16262;711;3,24
16264;706;2,73
16265;706;2,73
16266;707;2,83
16268;710;3,14
16269;707;2,83
16270;705;2,63
16272;707;2,83
16273;712;3,34
16274;705;2,63
16276;704;2,53
16277;705;2,63
16278;705;2,63
16280;704;2,53
16281;705;2,63
16282;710;3,14
16284;702;2,33
16285;705;2,63
16286;701;2,23
16288;699;2,03
16289;707;2,83
16290;701;2,23
16292;697;1,83
16293;702;2,33
16294;702;2,33
16296;706;2,73
16297;702;2,33
16299;700;2,13
16301;707;2,83
16302;708;2,94
16303;705;2,63
16305;700;2,13
16306;706;2,73
16307;699;2,03
16308;705;2,63
16310;701;2,23
16311;700;2,13
16312;698;1,93
16314;709;3,04
16315;700;2,13
16316;710;3,14
16318;703;2,43
16319;700;2,13
16320;701;2,23
16322;703;2,43
16323;703;2,43
16324;706;2,73
16326;704;2,53
16327;708;2,94
16328;709;3,04
16330;706;2,73
16331;708;2,94
16332;709;3,04
16334;705;2,63
16335;704;2,53
16336;704;2,53
16338;707;2,83
16339;705;2,63
16340;706;2,73
16343;706;2,73
16344;706;2,73
16345;705;2,63
16347;706;2,73
16348;705;2,63
16349;706;2,73
16351;707;2,83
16352;705;2,63
16353;709;3,04
16355;706;2,73
16356;706;2,73
16357;708;2,94
16359;704;2,53
16360;706;2,73
16361;714;3,54
16363;712;3,34
16364;710;3,14
16365;705;2,63
16367;711;3,24
16368;710;3,14
16369;707;2,83
16371;711;3,24
16372;704;2,53
16373;707;2,83
16375;705;2,63
16376;704;2,53
16377;706;2,73
16379;706;2,73
16380;705;2,63
16381;706;2,73
16384;710;3,14
16385;705;2,63
16386;710;3,14
16388;706;2,73
16389;709;3,04
16390;706;2,73
16392;702;2,33
16393;704;2,53
16394;704;2,53
16395;705;2,63
16397;703;2,43
16398;702;2,33
16399;710;3,14
16401;702;2,33
16402;703;2,43
16403;707;2,83
16405;704;2,53
16406;704;2,53
16407;702;2,33
16409;710;3,14
16410;703;2,43
16411;703;2,43
16413;702;2,33
16414;701;2,23
16415;703;2,43
16417;705;2,63
16418;702;2,33
16419;703;2,43
16421;703;2,43
16422;705;2,63
16423;709;3,04
16425;703;2,43
16427;702;2,33
16428;708;2,94
16430;703;2,43
16431;702;2,33
16432;701;2,23
16434;704;2,53
16435;702;2,33
16436;706;2,73
16438;708;2,94
16439;703;2,43
16440;706;2,73
16442;701;2,23
16443;701;2,23
16444;705;2,63
16446;707;2,83
16447;702;2,33
16448;708;2,94
16450;708;2,94
16451;704;2,53
16452;705;2,63
16454;704;2,53
16455;705;2,63
16456;704;2,53
16458;703;2,43
16459;705;2,63
16460;705;2,63
16462;705;2,63
16463;706;2,73
16464;706;2,73
16466;707;2,83
16467;704;2,53
16468;711;3,24
16471;711;3,24
16472;709;3,04
16473;712;3,34
16475;706;2,73
16476;706;2,73
16477;706;2,73
16479;710;3,14
16480;711;3,24
16481;711;3,24
16482;705;2,63
16484;712;3,34
16485;704;2,53
16486;704;2,53
16488;707;2,83
16489;711;3,24
16490;704;2,53
16492;705;2,63
16493;702;2,33
16494;703;2,43
16496;702;2,33
16497;701;2,23
16498;710;3,14
16500;703;2,43
16501;700;2,13
16502;700;2,13
16504;703;2,43
16505;708;2,94
16506;701;2,23
16508;701;2,23
16509;709;3,04
16510;701;2,23
16513;707;2,83
16514;702;2,33
16515;700;2,13
16517;701;2,23
16518;699;2,03
16519;706;2,73
16521;703;2,43
16522;701;2,23
16523;700;2,13
16525;706;2,73
16526;699;2,03
16527;703;2,43
16529;702;2,33
16530;703;2,43
16531;701;2,23
16533;701;2,23
16534;704;2,53
16535;700;2,13
16537;702;2,33
16538;703;2,43
16539;700;2,13
16541;702;2,33
16542;702;2,33
16543;706;2,73
16545;704;2,53
16546;707;2,83
16547;712;3,34
16549;704;2,53
16550;704;2,53
16551;704;2,53
16553;705;2,63
16555;713;3,44
16556;708;2,94
16558;703;2,43
16559;703;2,43
16560;705;2,63
16562;706;2,73
16563;711;3,24
16564;704;2,53
16566;704;2,53
16567;711;3,24
16568;705;2,63
16569;704;2,53
16571;711;3,24
16572;708;2,94
16573;704;2,53
16575;705;2,63
16576;704;2,53
16577;705;2,63
16579;709;3,04
16580;707;2,83
16581;704;2,53
16583;709;3,04
16584;701;2,23
16585;701;2,23
16587;702;2,33
16588;704;2,53
16589;704;2,53
16591;705;2,63
16592;704;2,53
16593;699;2,03
16595;699;2,03
16596;700;2,13
16598;699;2,03
16600;699;2,03
16601;699;2,03
16602;705;2,63
16604;700;2,13
16605;701;2,23
16606;703;2,43
16608;700;2,13
16609;698;1,93
16610;701;2,23
16612;698;1,93
16613;697;1,83
16614;696;1,73
16616;697;1,83
16617;698;1,93
16618;709;3,04
16620;701;2,23
16621;700;2,13
16622;700;2,13
16624;699;2,03
16625;705;2,63
16626;700;2,13
16628;699;2,03
16629;699;2,03
16630;699;2,03
16632;701;2,23
16633;701;2,23
16634;704;2,53
16636;701;2,23
16637;706;2,73
16638;701;2,23
16641;709;3,04
16642;701;2,23
16643;700;2,13
16645;702;2,33
16646;703;2,43
16647;701;2,23
16649;708;2,94
16650;703;2,43
16651;700;2,13
16653;712;3,34
16654;700;2,13
16655;700;2,13
16656;701;2,23
16658;702;2,33
16659;702;2,33
16660;703;2,43
16662;710;3,14
16663;701;2,23
16664;700;2,13
16666;704;2,53
16667;701;2,23
16668;702;2,33
16670;701;2,23
16671;703;2,43
16672;701;2,23
16674;703;2,43
16675;702;2,33
16676;714;3,54
16678;709;3,04
16679;703;2,43
16680;707;2,83
16683;707;2,83
16684;702;2,33
16685;701;2,23
16687;699;2,03
16688;703;2,43
16689;713;3,44
16691;711;3,24
16692;702;2,33
16693;702;2,33
16695;711;3,24
16696;707;2,83
16697;703;2,43
16699;703;2,43
16700;704;2,53
16701;701;2,23
16703;703;2,43
16704;703;2,43
16705;703;2,43
16707;708;2,94
16708;710;3,14
16709;701;2,23
16711;701;2,23
16712;703;2,43
16713;712;3,34
16715;704;2,53
16716;708;2,94
16717;703;2,43
16719;708;2,94
16720;709;3,04
16721;704;2,53
16723;703;2,43
16724;705;2,63
16726;701;2,23
16728;705;2,63
16729;703;2,43
16730;705;2,63
16732;708;2,94
16733;703;2,43
16734;704;2,53
16736;709;3,04
16737;704;2,53
16738;703;2,43
16740;703;2,43
16741;702;2,33
16742;711;3,24
16743;704;2,53
16745;706;2,73
16746;714;3,54
16747;705;2,63
16749;703;2,43
16750;706;2,73
16751;707;2,83
16753;709;3,04
16754;705;2,63
16755;703;2,43
16757;707;2,83
16758;705;2,63
16759;705;2,63
16761;711;3,24
16762;708;2,94
16763;707;2,83
16765;706;2,73
16766;705;2,63
16768;705;2,63
16770;705;2,63
16771;706;2,73
16772;705;2,63
16774;707;2,83
16775;711;3,24
16776;714;3,54
16778;710;3,14
16779;707;2,83
16780;706;2,73
16782;705;2,63
16783;704;2,53
16784;703;2,43
16786;705;2,63
16787;709;3,04
16788;703;2,43
16790;707;2,83
16791;705;2,63
16792;705;2,63
16794;704;2,53
16795;705;2,63
16796;703;2,43
16798;708;2,94
16799;712;3,34
16800;705;2,63
16802;706;2,73
16803;706;2,73
16804;712;3,34
16806;705;2,63
16807;708;2,94
16808;706;2,73
16811;703;2,43
16812;705;2,63
16813;707;2,83
16815;709;3,04
16816;712;3,34
16817;707;2,83
16819;703;2,43
16820;706;2,73
16821;705;2,63
16823;702;2,33
16824;705;2,63
16825;706;2,73
16827;711;3,24
16828;707;2,83
16829;704;2,53
16830;707;2,83
16832;708;2,94
16833;702;2,33
16834;710;3,14
16836;711;3,24
16837;702;2,33
16838;703;2,43
16840;706;2,73
16841;704;2,53
16842;702;2,33
16844;703;2,43
16845;710;3,14
16846;703;2,43
16848;707;2,83
16849;706;2,73
16850;704;2,53
16852;701;2,23
16854;703;2,43
16855;702;2,33
16857;705;2,63
16858;702;2,33
16859;710;3,14
16861;701;2,23
16862;703;2,43
16863;703;2,43
16865;701;2,23
16866;704;2,53
16867;704;2,53
16869;704;2,53
16870;713;3,44
16871;703;2,43
16873;705;2,63
16874;707;2,83
16875;705;2,63
16877;703;2,43
16878;701;2,23
16879;713;3,44
16881;703;2,43
16882;700;2,13
16883;700;2,13
16885;701;2,23
16886;704;2,53
16887;702;2,33
16889;704;2,53
16890;713;3,44
16891;700;2,13
16893;700;2,13
16894;703;2,43
16896;702;2,33
16898;711;3,24
16899;701;2,23
16900;707;2,83
16902;704;2,53
16903;705;2,63
16904;702;2,33
16906;708;2,94
16907;702;2,33
16908;701;2,23
16910;711;3,24
16911;700;2,13
16912;700;2,13
16914;706;2,73
16915;701;2,23
16916;701;2,23
16917;702;2,33
16919;711;3,24
16920;710;3,14
16921;703;2,43
16923;706;2,73
16924;701;2,23
16925;700;2,13
16927;704;2,53
16928;708;2,94
16929;704;2,53
16931;702;2,33
16932;713;3,44
16933;702;2,33
16935;702;2,33
16936;705;2,63
16937;706;2,73
16940;707;2,83
16941;707;2,83
16942;714;3,54
16944;707;2,83
16945;704;2,53
16946;714;3,54
16948;703;2,43
16949;703;2,43
16950;705;2,63
16952;706;2,73
16953;708;2,94
16954;713;3,44
16956;707;2,83
16957;713;3,44
16958;706;2,73
16960;708;2,94
16961;711;3,24
16962;708;2,94
16964;706;2,73
16965;706;2,73
16966;708;2,94
16968;710;3,14
16969;709;3,04
16970;713;3,44
16972;712;3,34
16973;707;2,83
16974;707;2,83
16976;716;3,74
16977;708;2,94
16978;712;3,34
16980;709;3,04
16982;721;4,24
16983;714;3,54
16985;708;2,94
16986;709;3,04
16987;712;3,34
16989;714;3,54
16990;709;3,04
16991;708;2,94
16993;711;3,24
16994;711;3,24
16995;715;3,64
16997;711;3,24
16998;716;3,74
16999;709;3,04
17001;713;3,44
17002;709;3,04
17003;711;3,24
17004;708;2,94
17006;708;2,94
17007;710;3,14
17008;711;3,24
17010;709;3,04
17011;708;2,94
17012;712;3,34
17014;710;3,14
17015;711;3,24
17016;711;3,24
17018;710;3,14
17019;708;2,94
17020;708;2,94
17022;709;3,04
17024;713;3,44
17025;708;2,94
17027;711;3,24
17028;709;3,04
17029;707;2,83
17031;709;3,04
17032;709;3,04
17033;708;2,94
17035;709;3,04
17036;715;3,64
17037;716;3,74
17039;710;3,14
17040;714;3,54
17041;716;3,74
17043;707;2,83
17044;706;2,73
17045;706;2,73
17047;709;3,04
17048;708;2,94
17049;705;2,63
17051;719;4,04
17052;708;2,94
17053;716;3,74
17055;707;2,83
17056;706;2,73
17057;706;2,73
17059;707;2,83
17060;703;2,43
17061;716;3,74
17063;708;2,94
17064;710;3,14
17065;710;3,14
17068;705;2,63
17069;705;2,63
17070;703;2,43
17072;704;2,53
17073;705;2,63
17074;705;2,63
17076;702;2,33
17077;703;2,43
17078;702;2,33
17080;705;2,63
17081;713;3,44
17082;704;2,53
17084;703;2,43
17085;704;2,53
17086;702;2,33
17088;702;2,33
17089;705;2,63
17090;704;2,53
17091;705;2,63
17093;703;2,43
17094;705;2,63
17095;703;2,43
17097;702;2,33
17098;707;2,83
17099;702;2,33
17101;701;2,23
17102;702;2,33
17103;706;2,73
17105;707;2,83
17106;701;2,23
17107;702;2,33
17110;703;2,43
17111;710;3,14
17112;700;2,13
17114;710;3,14
17115;702;2,33
17116;701;2,23
17118;712;3,34
17119;706;2,73
17120;703;2,43
17122;708;2,94
17123;703;2,43
17124;701;2,23
17126;711;3,24
17127;701;2,23
17128;699;2,03
17130;708;2,94
17131;701;2,23
17132;701;2,23
17134;706;2,73
17135;708;2,94
17136;701;2,23
17138;702;2,33
17139;705;2,63
17140;700;2,13
17142;701;2,23
17143;705;2,63
17144;703;2,43
17146;706;2,73
17147;703;2,43
17148;702;2,33
17150;709;3,04
17152;708;2,94
17153;700;2,13
17155;709;3,04
17156;701;2,23
17157;700;2,13
17159;700;2,13
17160;701;2,23
17161;710;3,14
17163;701;2,23
17164;701;2,23
17165;704;2,53
17167;701;2,23
17168;708;2,94
17169;700;2,13
17171;703;2,43
17172;699;2,03
17173;700;2,13
17175;705;2,63
17176;702;2,33
17177;700;2,13
17178;701;2,23
17180;701;2,23
17181;703;2,43
17182;701;2,23
17184;701;2,23
17185;704;2,53
17186;700;2,13
17188;701;2,23
17189;701;2,23
17190;713;3,44
17192;710;3,14
17193;702;2,33
17195;701;2,23
17197;704;2,53
17198;701;2,23
17199;710;3,14
17201;701;2,23
17202;706;2,73
17203;703;2,43
17205;703;2,43
17206;711;3,24
17207;704;2,53
17209;704;2,53
17210;704;2,53
17211;706;2,73
17213;702;2,33
17214;705;2,63
17215;705;2,63
17217;702;2,33
17218;703;2,43
17219;705;2,63
17221;705;2,63
17222;703;2,43
17223;704;2,53
17225;703;2,43
17226;710;3,14
17227;704;2,53
17229;708;2,94
17230;713;3,44
17231;708;2,94
17233;706;2,73
17234;706;2,73
17235;713;3,44
17238;713;3,44
17239;712;3,34
17240;707;2,83
17242;705;2,63
17243;703;2,43
17244;714;3,54
17246;708;2,94
17247;707;2,83
17248;711;3,24
17250;705;2,63
17251;716;3,74
17252;706;2,73
17254;707;2,83
17255;708;2,94
17256;714;3,54
17258;707;2,83
17259;708;2,94
17260;709;3,04
17262;711;3,24
17263;708;2,94
17264;706;2,73
17265;706;2,73
17267;709;3,04
17268;704;2,53
17269;706;2,73
17271;711;3,24
17272;710;3,14
17273;712;3,34
17275;705;2,63
17276;707;2,83
17277;706;2,73
17280;705;2,63
17281;705;2,63
17282;705;2,63
17284;705;2,63
17285;707;2,83
17286;704;2,53
17288;707;2,83
17289;714;3,54
17290;709;3,04
17292;712;3,34
17293;706;2,73
17294;717;3,84
17296;710;3,14
17297;711;3,24
17298;703;2,43
17300;705;2,63
17301;706;2,73
17302;707;2,83
17304;705;2,63
17305;709;3,04
17306;712;3,34
17308;711;3,24
17309;709;3,04
17310;705;2,63
17312;708;2,94
17313;710;3,14
17314;708;2,94
17316;704;2,53
17317;711;3,24
17318;706;2,73
17320;706;2,73
17321;704;2,53
17323;706;2,73
17325;704;2,53
17326;712;3,34
17327;704;2,53
17329;704;2,53
17330;707;2,83
17331;707;2,83
17333;708;2,94
17334;714;3,54
17335;705;2,63
17337;705;2,63
17338;718;3,94
17339;703;2,43
17341;702;2,33
17342;705;2,63
17343;710;3,14
17345;711;3,24
17346;710;3,14
17347;710;3,14
17349;706;2,73
17350;715;3,64
17351;708;2,94
17352;705;2,63
17354;703;2,43
17355;710;3,14
17356;707;2,83
17358;711;3,24
17359;710;3,14
17360;714;3,54
17362;712;3,34
17363;706;2,73
17364;706;2,73
17367;709;3,04
17368;707;2,83
17369;708;2,94
17371;712;3,34
17372;709;3,04
17373;711;3,24
17375;708;2,94
17376;706;2,73
17377;708;2,94
17379;706;2,73
17380;707;2,83
17381;707;2,83
17383;709;3,04
17384;705;2,63
17385;707;2,83
17387;706;2,73
17388;709;3,04
17389;709;3,04
17391;708;2,94
17392;707;2,83
17393;710;3,14
17395;704;2,53
17396;708;2,94
17397;709;3,04
17399;710;3,14
17400;705;2,63
17401;708;2,94
17403;706;2,73
17404;708;2,94
17405;709;3,04
17408;707;2,83
17409;708;2,94
17410;708;2,94
17412;709;3,04
17413;707;2,83
17414;710;3,14
17416;709;3,04
17417;710;3,14
17418;717;3,84
17420;708;2,94
17421;713;3,44
17422;712;3,34
17424;710;3,14
17425;710;3,14
17426;707;2,83
17428;709;3,04
17429;714;3,54
17430;709;3,04
17432;716;3,74
17433;717;3,84
17434;711;3,24
17436;709;3,04
17437;711;3,24
17438;711;3,24
17439;716;3,74
17441;708;2,94
17442;711;3,24
17443;710;3,14
17445;710;3,14
17446;719;4,04
17447;720;4,14
17449;712;3,34
17451;712;3,34
17452;711;3,24
17454;709;3,04
17455;712;3,34
17456;711;3,24
17458;713;3,44
17459;719;4,04
17460;716;3,74
17462;716;3,74
17463;717;3,84
17464;715;3,64
17466;711;3,24
17467;714;3,54
17468;711;3,24
17470;714;3,54
17471;719;4,04
17472;715;3,64
17474;720;4,14
17475;728;4,95
17476;720;4,14
17478;718;3,94
17479;714;3,54
17480;717;3,84
17482;714;3,54
17483;714;3,54
17484;722;4,34
17486;717;3,84
17487;723;4,45
17488;716;3,74
17490;720;4,14
17491;713;3,44
17492;714;3,54
17495;716;3,74
17496;720;4,14
17497;723;4,45
17499;724;4,55
17500;720;4,14
17501;717;3,84
17503;716;3,74
17504;716;3,74
17505;725;4,65
17507;716;3,74
17508;719;4,04
17509;717;3,84
17511;719;4,04
17512;718;3,94
17513;719;4,04
17515;721;4,24
17516;720;4,14
17517;725;4,65
17519;722;4,34
17520;724;4,55
17521;721;4,24
17523;721;4,24
17524;723;4,45
17525;721;4,24
17526;722;4,34
17528;723;4,45
17529;727;4,85
17530;726;4,75
17532;725;4,65
17533;723;4,45
17534;726;4,75
17537;727;4,85
17538;727;4,85
17539;725;4,65
17541;728;4,95
17542;725;4,65
17543;728;4,95
17545;731;5,25
17546;728;4,95
17547;729;5,05
17549;731;5,25
17550;731;5,25
17551;729;5,05
17553;730;5,15
17554;734;5,55
17555;732;5,35
17557;731;5,25
17558;732;5,35
17559;731;5,25
17561;732;5,35
17562;733;5,45
17563;733;5,45
17565;732;5,35
17566;741;6,26
17567;733;5,45
17569;739;6,06
17570;736;5,75
17571;735;5,65
17573;742;6,36
17574;736;5,75
17575;737;5,85
17577;737;5,85
17579;735;5,65
17580;739;6,06
17582;737;5,85
17583;737;5,85
17584;736;5,75
17586;739;6,06
17587;736;5,75
17588;737;5,85
17590;738;5,96
17591;738;5,96
17592;737;5,85
17594;737;5,85
17595;742;6,36
17596;737;5,85
17598;736;5,75
17599;744;6,56
17600;740;6,16
17602;737;5,85
17603;737;5,85
17604;738;5,96
17606;743;6,46
17607;741;6,26
17608;744;6,56
17610;738;5,96
17611;739;6,06
17612;740;6,16
17613;741;6,26
17615;739;6,06
17616;742;6,36
17617;740;6,16
17619;748;6,96
17620;744;6,56
17622;743;6,46
17624;747;6,86
17625;740;6,16
17626;740;6,16
17628;743;6,46
17629;739;6,06
17630;737;5,85
17632;740;6,16
17633;739;6,06
17634;749;7,06
17636;749;7,06
17637;742;6,36
17638;741;6,26
17640;749;7,06
17641;744;6,56
17642;739;6,06
17644;740;6,16
17645;743;6,46
17646;747;6,86
17648;743;6,46
17649;744;6,56
17650;743;6,46
17652;739;6,06
17653;749;7,06
17654;743;6,46
17656;742;6,36
17657;744;6,56
17658;736;5,75
17660;738;5,96
17661;734;5,55
17662;737;5,85
17665;732;5,35
17666;735;5,65
17667;736;5,75
17669;732;5,35
17670;734;5,55
17671;734;5,55
17673;731;5,25
17674;730;5,15
17675;738;5,96
17677;738;5,96
17678;735;5,65
17679;733;5,45
17681;737;5,85
17682;737;5,85
17683;730;5,15
17685;737;5,85
17686;739;6,06
17687;730;5,15
17689;731;5,25
17690;731;5,25
17691;733;5,45
17693;735;5,65
17694;729;5,05
17695;737;5,85
17697;734;5,55
17698;737;5,85
17699;732;5,35
17700;735;5,65
17702;734;5,55
17703;732;5,35
17704;733;5,45
17707;731;5,25
17708;732;5,35
17709;727;4,85
17711;722;4,34
17712;727;4,85
17713;731;5,25
17715;732;5,35
17716;732;5,35
17717;730;5,15
17719;731;5,25
17720;737;5,85
17721;735;5,65
17723;736;5,75
17724;735;5,65
17725;738;5,96
17727;736;5,75
17728;736;5,75
17729;734;5,55
17731;735;5,65
17732;733;5,45
17733;737;5,85
17735;728;4,95
17736;726;4,75
17737;729;5,05
17739;732;5,35
17740;730;5,15
17741;727;4,85
17743;727;4,85
17744;725;4,65
17745;729;5,05
17747;728;4,95
17748;726;4,75
17750;727;4,85
17752;730;5,15
17753;728;4,95
17754;732;5,35
17756;726;4,75
17757;725;4,65
17758;727;4,85
17760;727;4,85
17761;727;4,85
17762;724;4,55
17764;724;4,55
17765;726;4,75
17766;727;4,85
17768;730;5,15
17769;731;5,25
17770;731;5,25
17772;728;4,95
17773;727;4,85
17774;733;5,45
17776;729;5,05
17777;727;4,85
17778;726;4,75
17780;724;4,55
17781;734;5,55
17782;732;5,35
17784;729;5,05
17785;723;4,45
17786;728;4,95
17787;726;4,75
17789;730;5,15
17790;734;5,55
17792;727;4,85
17794;731;5,25
17795;726;4,75
17796;730;5,15
17798;728;4,95
17799;735;5,65
17800;725;4,65
17802;729;5,05
17803;732;5,35
17804;730;5,15
17806;728;4,95
17807;729;5,05
17808;727;4,85
17810;727;4,85
17811;727;4,85
17812;724;4,55
17814;728;4,95
17815;730;5,15
17816;725;4,65
17818;722;4,34
17819;727;4,85
17820;724;4,55
17822;725;4,65
17823;723;4,45
17824;722;4,34
17826;720;4,14
17827;721;4,24
17828;724;4,55
17830;724;4,55
17831;723;4,45
17832;724;4,55
17835;725;4,65
17836;726;4,75
17837;727;4,85
17839;724;4,55
17840;723;4,45
17841;722;4,34
17843;721;4,24
17844;723;4,45
17845;720;4,14
17847;721;4,24
17848;724;4,55
17849;719;4,04
17851;718;3,94
17852;721;4,24
17853;719;4,04
17855;716;3,74
17856;715;3,64
17857;714;3,54
17859;715;3,64
17860;711;3,24
17861;713;3,44
17863;711;3,24
17864;710;3,14
17865;709;3,04
17867;706;2,73
17868;710;3,14
17869;705;2,63
17871;711;3,24
17872;709;3,04
17873;705;2,63
17874;711;3,24
17876;710;3,14
17878;705;2,63
17879;713;3,44
17881;708;2,94
17882;707;2,83
17883;712;3,34
17885;706;2,73
17886;709;3,04
17887;713;3,44
17889;708;2,94
17890;713;3,44
17891;718;3,94
17893;709;3,04
17894;709;3,04
17895;717;3,84
17897;714;3,54
17898;715;3,64
17899;713;3,44
17901;715;3,64
17902;717;3,84
17903;717;3,84
17905;719;4,04
17906;720;4,14
17907;718;3,94
17909;721;4,24
17910;716;3,74
17911;718;3,94
17913;720;4,14
17914;718;3,94
17915;720;4,14
17917;724;4,55
17918;724;4,55
17920;723;4,45
17922;721;4,24
17923;722;4,34
17924;722;4,34
17926;721;4,24
17927;721;4,24
17928;720;4,14
17930;719;4,04
17931;719;4,04
17932;719;4,04
17934;718;3,94
17935;717;3,84
17936;720;4,14
17938;717;3,84
17939;716;3,74
17940;717;3,84
17942;721;4,24
17943;716;3,74
17944;716;3,74
17946;716;3,74
17947;716;3,74
17948;719;4,04
17950;720;4,14
17951;717;3,84
17952;710;3,14
17954;713;3,44
17955;713;3,44
17956;712;3,34
17958;710;3,14
17959;713;3,44
17960;710;3,14
17961;709;3,04
17964;711;3,24
17965;709;3,04
17966;707;2,83
17968;709;3,04
17969;711;3,24
17970;709;3,04
17972;711;3,24
17973;711;3,24
17974;711;3,24
17976;709;3,04
17977;709;3,04
17978;707;2,83
17980;706;2,73
17981;709;3,04
17982;713;3,44
17984;709;3,04
17985;705;2,63
17986;706;2,73
17988;708;2,94
17989;704;2,53
17990;703;2,43
17992;704;2,53
17993;704;2,53
17994;704;2,53
17996;704;2,53
17997;705;2,63
17998;703;2,43
18000;705;2,63
18001;705;2,63
18002;705;2,63
18004;708;2,94
18006;707;2,83
18007;708;2,94
18009;707;2,83
18010;708;2,94
18011;707;2,83
18013;708;2,94
18014;708;2,94
18015;705;2,63
18017;705;2,63
18018;703;2,43
18019;699;2,03
18021;701;2,23
18022;701;2,23
18023;703;2,43
18025;706;2,73
18026;711;3,24
18027;713;3,44
18029;707;2,83
18030;704;2,53
18031;708;2,94
18033;711;3,24
18034;716;3,74
18035;718;3,94
18037;715;3,64
18038;719;4,04
18039;713;3,44
18041;713;3,44
18042;712;3,34
18043;717;3,84
18045;715;3,64
18046;711;3,24
18048;707;2,83
18049;704;2,53
18051;702;2,33
18052;707;2,83
18053;706;2,73
18055;710;3,14
18056;712;3,34
18057;712;3,34
18059;709;3,04
18060;712;3,34
18061;714;3,54
18063;714;3,54
18064;711;3,24
18065;714;3,54
18067;713;3,44
18068;717;3,84
18069;709;3,04
18071;710;3,14
18072;703;2,43
18073;703;2,43
18075;700;2,13
18076;700;2,13
18077;702;2,33
18079;703;2,43
18080;706;2,73
18081;706;2,73
18083;703;2,43
18084;707;2,83
18085;705;2,63
18087;706;2,73
18088;707;2,83
18089;708;2,94
18092;707;2,83
18093;710;3,14
18094;709;3,04
18096;705;2,63
18097;709;3,04
18098;706;2,73
18100;708;2,94
18101;703;2,43
18102;706;2,73
18104;703;2,43
18105;703;2,43
18106;701;2,23
18108;707;2,83
18109;706;2,73
18110;702;2,33
18112;706;2,73
18113;703;2,43
18114;705;2,63
18116;704;2,53
18117;705;2,63
18118;704;2,53
18120;705;2,63
18121;705;2,63
18122;710;3,14
18124;708;2,94
18125;706;2,73
18126;710;3,14
18128;705;2,63
18129;710;3,14
18130;709;3,04
18132;703;2,43
18134;707;2,83
18135;703;2,43
18136;705;2,63
18138;707;2,83
18139;709;3,04
18140;705;2,63
18142;707;2,83
18143;706;2,73
18144;704;2,53
18146;708;2,94
18147;707;2,83
18148;705;2,63
18150;707;2,83
18151;708;2,94
18152;707;2,83
18154;706;2,73
18155;708;2,94
18156;711;3,24
18158;704;2,53
18159;704;2,53
18160;704;2,53
18162;706;2,73
18163;705;2,63
18164;704;2,53
18166;704;2,53
18167;703;2,43
18168;704;2,53
18170;707;2,83
18171;701;2,23
18172;704;2,53
18174;703;2,43
18176;705;2,63
18177;704;2,53
18179;704;2,53
18180;704;2,53
18181;707;2,83
18183;706;2,73
18184;705;2,63
18185;707;2,83
18187;709;3,04
18188;706;2,73
18189;707;2,83
18191;707;2,83
18192;708;2,94
18193;708;2,94
18195;706;2,73
18196;706;2,73
18197;706;2,73
18199;709;3,04
18200;707;2,83
18201;707;2,83
18203;708;2,94
18204;707;2,83
18205;711;3,24
18207;708;2,94
18208;709;3,04
18209;709;3,04
18211;709;3,04
18212;709;3,04
18213;710;3,14
18215;709;3,04
18216;711;3,24
18217;710;3,14
18220;711;3,24
18221;711;3,24
18222;711;3,24
18223;711;3,24
18225;713;3,44
18226;709;3,04
18227;713;3,44
18229;711;3,24
18230;708;2,94
18231;708;2,94
18233;710;3,14
18234;709;3,04
18235;709;3,04
18237;710;3,14
18238;714;3,54
18239;709;3,04
18241;709;3,04
18242;707;2,83
18243;711;3,24
18245;709;3,04
18246;710;3,14
18247;712;3,34
18249;711;3,24
18250;709;3,04
18251;713;3,44
18253;711;3,24
18254;709;3,04
18255;713;3,44
18257;710;3,14
18258;709;3,04
18259;710;3,14
18262;713;3,44
18263;709;3,04
18264;712;3,34
18266;714;3,54
18267;710;3,14
18268;712;3,34
18270;710;3,14
18271;711;3,24
18272;711;3,24
18274;712;3,34
18275;711;3,24
18276;711;3,24
18278;711;3,24
18279;713;3,44
18280;707;2,83
18282;700;2,13
18283;699;2,03
18284;730;5,15
18286;721;4,24
18287;692;1,32
18288;708;2,94
18290;712;3,34
18291;709;3,04
18292;711;3,24
18294;711;3,24
18295;707;2,83
18296;710;3,14
18298;710;3,14
18299;708;2,94
18300;711;3,24
18302;707;2,83
18304;711;3,24
18305;709;3,04
18307;710;3,14
18308;710;3,14
18309;713;3,44
18310;711;3,24
18312;709;3,04
18313;709;3,04
18314;709;3,04
18316;709;3,04
18317;713;3,44
18318;709;3,04
18320;709;3,04
18321;710;3,14
18322;711;3,24
18324;711;3,24
18325;711;3,24
18326;708;2,94
18328;708;2,94
18329;709;3,04
18330;710;3,14
18332;708;2,94
18333;708;2,94
18334;709;3,04
18336;709;3,04
18337;712;3,34
18338;707;2,83
18340;709;3,04
18341;710;3,14
18342;705;2,63
18344;706;2,73
18345;703;2,43
18347;710;3,14
18349;705;2,63
18350;707;2,83
18351;704;2,53
18353;708;2,94
18354;709;3,04
18355;704;2,53
18357;704;2,53
18358;704;2,53
18359;708;2,94
18361;706;2,73
18362;702;2,33
18363;703;2,43
18365;708;2,94
18366;705;2,63
18367;705;2,63
18369;711;3,24
18370;704;2,53
18371;705;2,63
18373;711;3,24
18374;705;2,63
18375;704;2,53
18377;712;3,34
18378;712;3,34
18379;709;3,04
18381;705;2,63
18382;705;2,63
18383;706;2,73
18385;707;2,83
18386;709;3,04
18387;703;2,43
18390;710;3,14
18391;705;2,63
18392;711;3,24
18394;705;2,63
18395;706;2,73
18396;704;2,53
18397;704;2,53
18399;704;2,53
18400;703;2,43
18401;704;2,53
18403;704;2,53
18404;702;2,33
18405;703;2,43
18407;704;2,53
18408;704;2,53
18409;702;2,33
18411;703;2,43
18412;705;2,63
18413;702;2,33
18415;702;2,33
18416;701;2,23
18417;704;2,53
18419;701;2,23
18420;702;2,33
18421;701;2,23
18423;703;2,43
18424;700;2,13
18425;701;2,23
18427;701;2,23
18428;707;2,83
18429;702;2,33
18432;702;2,33
18433;707;2,83
18434;700;2,13
18436;700;2,13
18437;704;2,53
18438;700;2,13
18440;699;2,03
18441;701;2,23
18442;701;2,23
18444;699;2,03
18445;701;2,23
18446;701;2,23
18448;703;2,43
18449;701;2,23
18450;703;2,43
18452;703;2,43
18453;701;2,23
18454;701;2,23
18456;703;2,43
18457;703;2,43
18458;701;2,23
18460;702;2,33
18461;703;2,43
18462;703;2,43
18464;705;2,63
18465;700;2,13
18466;703;2,43
18468;702;2,33
18469;701;2,23
18470;701;2,23
18472;704;2,53
18473;704;2,53
18475;702;2,33
18477;703;2,43
18478;700;2,13
18479;702;2,33
18481;702;2,33
18482;702;2,33
18483;702;2,33
18484;705;2,63
18486;701;2,23
18487;702;2,33
18488;701;2,23
18490;701;2,23
18491;701;2,23
18492;700;2,13
18494;699;2,03
18495;701;2,23
18496;703;2,43
18498;700;2,13
18499;701;2,23
18500;703;2,43
18502;702;2,33
18503;705;2,63
18504;700;2,13
18506;699;2,03
18507;698;1,93
18508;703;2,43
18510;698;1,93
18511;703;2,43
18512;700;2,13
18514;702;2,33
18515;701;2,23
18516;699;2,03
18519;699;2,03
18520;699;2,03
18521;700;2,13
18523;702;2,33
18524;701;2,23
18525;699;2,03
18527;698;1,93
18528;703;2,43
18529;698;1,93
18531;700;2,13
18532;699;2,03
18533;703;2,43
18535;698;1,93
18536;697;1,83
18537;698;1,93
18539;699;2,03
18540;703;2,43
18541;703;2,43
18543;698;1,93
18544;699;2,03
18545;703;2,43
18547;700;2,13
18548;699;2,03
18549;702;2,33
18551;698;1,93
18552;701;2,23
18553;699;2,03
18555;698;1,93
18556;699;2,03
18557;699;2,03
18560;699;2,03
18561;700;2,13
18562;699;2,03
18564;698;1,93
18565;703;2,43
18566;699;2,03
18568;700;2,13
18569;705;2,63
18570;699;2,03
18571;699;2,03
18573;700;2,13
18574;703;2,43
18575;702;2,33
18577;702;2,33
18578;701;2,23
18579;701;2,23
18581;701;2,23
18582;705;2,63
18583;701;2,23
18585;701;2,23
18586;705;2,63
18587;703;2,43
18589;701;2,23
18590;701;2,23
18591;702;2,33
18593;701;2,23
18594;704;2,53
18595;704;2,53
18597;700;2,13
18598;700;2,13
18599;701;2,23
18601;701;2,23
18603;704;2,53
18604;701;2,23
18606;700;2,13
18607;701;2,23
18608;702;2,33
18610;701;2,23
18611;700;2,13
18612;699;2,03
18614;701;2,23
18615;699;2,03
18616;700;2,13
18618;699;2,03
18619;705;2,63
18620;699;2,03
18622;699;2,03
18623;699;2,03
18624;699;2,03
18626;699;2,03
18627;699;2,03
18628;699;2,03
18630;701;2,23
18631;700;2,13
18632;699;2,03
18634;698;1,93
18635;700;2,13
18636;697;1,83
18638;701;2,23
18639;707;2,83
18640;708;2,94
18642;700;2,13
18643;701;2,23
18644;700;2,13
18647;700;2,13
18648;698;1,93
18649;700;2,13
18651;699;2,03
18652;707;2,83
18653;700;2,13
18655;700;2,13
18656;709;3,04
18657;699;2,03
18658;703;2,43
18660;700;2,13
18661;700;2,13
18662;700;2,13
18664;700;2,13
18665;699;2,03
18666;699;2,03
18668;704;2,53
18669;700;2,13
18670;699;2,03
18672;701;2,23
18673;703;2,43
18674;701;2,23
18676;701;2,23
18677;698;1,93
18678;700;2,13
18680;699;2,03
18681;699;2,03
18682;707;2,83
18684;706;2,73
18685;707;2,83
18686;700;2,13
18689;700;2,13
18690;700;2,13
18691;699;2,03
18693;698;1,93
18694;703;2,43
18695;700;2,13
18697;701;2,23
18698;700;2,13
18699;699;2,03
18701;701;2,23
18702;707;2,83
18703;707;2,83
18705;699;2,03
18706;700;2,13
18707;709;3,04
18709;702;2,33
18710;706;2,73
18711;702;2,33
18713;702;2,33
18714;708;2,94
18715;702;2,33
18717;702;2,33
18718;703;2,43
18719;707;2,83
18721;703;2,43
18722;702;2,33
18723;707;2,83
18725;708;2,94
18726;704;2,53
18727;703;2,43
18729;706;2,73
18731;702;2,33
18732;703;2,43
18734;703;2,43
18735;702;2,33
18736;706;2,73
18738;701;2,23
18739;703;2,43
18740;702;2,33
18742;704;2,53
18743;704;2,53
18744;704;2,53
18745;709;3,04
18747;703;2,43
18748;700;2,13
18749;702;2,33
18751;701;2,23
18752;703;2,43
18753;701;2,23
18755;701;2,23
18756;700;2,13
18757;701;2,23
18759;701;2,23
18760;699;2,03
18761;700;2,13
18763;708;2,94
18764;705;2,63
18765;699;2,03
18767;701;2,23
18768;702;2,33
18769;709;3,04
18771;699;2,03
18772;700;2,13
18774;697;1,83
18776;699;2,03
18777;701;2,23
18778;700;2,13
18780;700;2,13
18781;699;2,03
18782;704;2,53
18784;698;1,93
18785;699;2,03
18786;699;2,03
18788;701;2,23
18789;698;1,93
18790;698;1,93
18792;704;2,53
18793;698;1,93
18794;700;2,13
18796;700;2,13
18797;698;1,93
18798;706;2,73
18800;705;2,63
18801;702;2,33
18802;699;2,03
18804;699;2,03
18805;708;2,94
18806;700;2,13
18808;700;2,13
18809;703;2,43
18810;700;2,13
18812;700;2,13
18813;701;2,23
18814;703;2,43
18817;703;2,43
18818;704;2,53
18819;706;2,73
18821;705;2,63
18822;703;2,43
18823;704;2,53
18825;704;2,53
18826;705;2,63
18827;705;2,63
18829;706;2,73
18830;705;2,63
18831;709;3,04
18832;707;2,83
18834;706;2,73
18835;708;2,94
18836;708;2,94
18838;709;3,04
18839;710;3,14
18840;708;2,94
18842;707;2,83
18843;707;2,83
18844;705;2,63
18846;711;3,24
18847;713;3,44
18848;706;2,73
18850;711;3,24
18851;712;3,34
18852;704;2,53
18854;705;2,63
18855;705;2,63
18856;704;2,53
18859;708;2,94
18860;703;2,43
18861;707;2,83
18863;707;2,83
18864;703;2,43
18865;704;2,53
18867;703;2,43
18868;703;2,43
18869;702;2,33
18871;706;2,73
18872;707;2,83
18873;703;2,43
18875;703;2,43
18876;702;2,33
18877;701;2,23
18879;699;2,03
18880;700;2,13
18881;700;2,13
18883;705;2,63
18884;706;2,73
18885;699;2,03
18887;702;2,33
18888;699;2,03
18889;699;2,03
18891;700;2,13
18892;703;2,43
18893;700;2,13
18895;706;2,73
18896;706;2,73
18897;701;2,23
18899;701;2,23
18900;701;2,23
18902;699;2,03
18904;702;2,33
18905;701;2,23
18906;700;2,13
18908;703;2,43
18909;703;2,43
18910;701;2,23
18912;701;2,23
18913;701;2,23
18914;702;2,33
18916;702;2,33
18917;702;2,33
18918;704;2,53
18919;703;2,43
18921;704;2,53
18922;703;2,43
18923;705;2,63
18925;702;2,33
18926;707;2,83
18927;705;2,63
18929;704;2,53
18930;706;2,73
18931;706;2,73
18933;705;2,63
18934;703;2,43
18935;704;2,53
18937;709;3,04
18938;707;2,83
18939;704;2,53
18941;705;2,63
18942;705;2,63
18944;703;2,43
18946;704;2,53
18947;704;2,53
18948;703;2,43
18950;705;2,63
18951;706;2,73
18952;704;2,53
18954;709;3,04
18955;708;2,94
18956;703;2,43
18958;710;3,14
18959;704;2,53
18960;703;2,43
18962;705;2,63
18963;702;2,33
18964;702;2,33
18966;701;2,23
18967;704;2,53
18968;708;2,94
18970;705;2,63
18971;703;2,43
18972;702;2,33
18974;702;2,33
18975;700;2,13
18976;701;2,23
18978;700;2,13
18979;700;2,13
18980;703;2,43
18982;706;2,73
18983;700;2,13
18984;702;2,33
18987;705;2,63
18988;702;2,33
18989;700;2,13
18991;703;2,43
18992;703;2,43
18993;702;2,33
18995;702;2,33
18996;709;3,04
18997;701;2,23
18999;705;2,63
19000;704;2,53
19001;701;2,23
19003;703;2,43
19004;705;2,63
19005;702;2,33
19006;702;2,33
19008;709;3,04
19009;703;2,43
19010;703;2,43
19012;707;2,83
19013;707;2,83
19014;707;2,83
19016;705;2,63
19017;703;2,43
19018;701;2,23
19020;705;2,63
19021;700;2,13
19022;700;2,13
19024;701;2,23
19025;701;2,23
19026;698;1,93
19028;698;1,93
19030;698;1,93
19031;700;2,13
19033;702;2,33
19034;700;2,13
19035;701;2,23
19037;700;2,13
19038;702;2,33
19039;701;2,23
19041;700;2,13
19042;703;2,43
19043;700;2,13
19045;701;2,23
19046;701;2,23
19047;699;2,03
19049;700;2,13
19050;702;2,33
19051;699;2,03
19053;705;2,63
19054;701;2,23
19055;701;2,23
19057;702;2,33
19058;702;2,33
19059;702;2,33
19061;702;2,33
19062;700;2,13
19063;701;2,23
19065;701;2,23
19066;701;2,23
19067;701;2,23
19069;703;2,43
19070;705;2,63
19072;701;2,23
19074;703;2,43
19075;701;2,23
19076;700;2,13
19078;700;2,13
19079;701;2,23
19080;701;2,23
19082;703;2,43
19083;702;2,33
19084;707;2,83
19086;703;2,43
19087;703;2,43
19088;708;2,94
19090;704;2,53
19091;703;2,43
19092;703;2,43
19093;704;2,53
19095;704;2,53
19096;704;2,53
19097;705;2,63
19099;705;2,63
19100;705;2,63
19101;704;2,53
19103;709;3,04
19104;704;2,53
19105;706;2,73
19107;706;2,73
19108;705;2,63
19109;705;2,63
19111;705;2,63
19112;704;2,53
19113;706;2,73
19116;704;2,53
19117;707;2,83
19118;705;2,63
19120;706;2,73
19121;705;2,63
19122;706;2,73
19124;705;2,63
19125;705;2,63
19126;707;2,83
19128;706;2,73
19129;708;2,94
19130;706;2,73
19132;706;2,73
19133;708;2,94
19134;705;2,63
19136;706;2,73
19137;706;2,73
19138;704;2,53
19140;706;2,73
19141;705;2,63
19142;704;2,53
19144;711;3,24
19145;706;2,73
19146;703;2,43
19148;706;2,73
19149;705;2,63
19150;708;2,94
19152;708;2,94
19153;706;2,73
19154;705;2,63
19156;704;2,53
19158;705;2,63
19159;703;2,43
19161;706;2,73
19162;704;2,53
19163;704;2,53
19165;706;2,73
19166;702;2,33
19167;705;2,63
19169;703;2,43
19170;706;2,73
19171;703;2,43
19173;702;2,33
19174;704;2,53
19175;703;2,43
19177;702;2,33
19178;704;2,53
19179;702;2,33
19180;703;2,43
19182;706;2,73
19183;704;2,53
19184;712;3,34
19186;710;3,14
19187;703;2,43
19188;707;2,83
19190;705;2,63
19191;705;2,63
19192;706;2,73
19194;705;2,63
19195;704;2,53
19196;708;2,94
19198;706;2,73
19200;706;2,73
19201;713;3,44
19203;708;2,94
19204;713;3,44
19205;705;2,63
19207;711;3,24
19208;708;2,94
19209;709;3,04
19211;707;2,83
19212;709;3,04
19213;705;2,63
19215;710;3,14
19216;707;2,83
19217;709;3,04
19219;710;3,14
19220;707;2,83
19221;706;2,73
19223;706;2,73
19224;706;2,73
19225;706;2,73
19227;708;2,94
19228;705;2,63
19229;707;2,83
19231;705;2,63
19232;706;2,73
19233;706;2,73
19235;705;2,63
19236;704;2,53
19237;706;2,73
19239;705;2,63
19240;710;3,14
19241;708;2,94
19244;708;2,94
19245;707;2,83
19246;705;2,63
19248;706;2,73
19249;705;2,63
19250;703;2,43
19252;706;2,73
19253;704;2,53
19254;705;2,63
19256;705;2,63
19257;707;2,83
19258;708;2,94
19260;707;2,83
19261;709;3,04
19262;705;2,63
19264;706;2,73
19265;706;2,73
19266;705;2,63
19267;710;3,14
19269;703;2,43
19270;707;2,83
19271;709;3,04
19273;704;2,53
19274;705;2,63
19275;708;2,94
19277;705;2,63
19278;707;2,83
19279;706;2,73
19281;704;2,53
19282;704;2,53
19283;707;2,83
19286;706;2,73
19287;706;2,73
19288;704;2,53
19290;712;3,34
19291;705;2,63
19292;708;2,94
19294;705;2,63
19295;705;2,63
19296;709;3,04
19298;705;2,63
19299;705;2,63
19300;706;2,73
19302;706;2,73
19303;709;3,04
19304;704;2,53
19306;704;2,53
19307;703;2,43
19308;707;2,83
19310;705;2,63
19311;703;2,43
19312;709;3,04
19314;703;2,43
19315;709;3,04
19316;705;2,63
19318;702;2,33
19319;703;2,43
19320;702;2,33
19322;701;2,23
19323;702;2,33
19324;702;2,33
19326;702;2,33
19328;707;2,83
19329;705;2,63
19331;709;3,04
19332;704;2,53
19333;703;2,43
19335;702;2,33
19336;702;2,33
19337;703;2,43
19339;702;2,33
19340;702;2,33
19341;707;2,83
19343;705;2,63
19344;708;2,94
19345;703;2,43
19347;703;2,43
19348;703;2,43
19349;703;2,43
19351;702;2,33
19352;706;2,73
19353;706;2,73
19354;703;2,43
19356;704;2,53
19357;704;2,53
19358;702;2,33
19360;703;2,43
19361;702;2,33
19362;703;2,43
19364;702;2,33
19365;703;2,43
19366;703;2,43
19368;703;2,43
19369;703;2,43
19371;703;2,43
19373;704;2,53
19374;709;3,04
19375;707;2,83
19377;703;2,43
19378;708;2,94
19379;707;2,83
19381;704;2,53
19382;703;2,43
19383;704;2,53
19385;709;3,04
19386;704;2,53
19387;708;2,94
19389;703;2,43
19390;704;2,53
19391;703;2,43
19393;703;2,43
19394;707;2,83
19395;702;2,33
19397;704;2,53
19398;701;2,23
19399;703;2,43
19401;702;2,33
19402;701;2,23
19403;701;2,23
19405;704;2,53
19406;702;2,33
19407;706;2,73
19409;701;2,23
19410;701;2,23
19411;703;2,43
19414;702;2,33
19415;703;2,43
19416;701;2,23
19418;699;2,03
19419;701;2,23
19420;705;2,63
19422;708;2,94
19423;708;2,94
19424;700;2,13
19426;701;2,23
19427;701;2,23
19428;702;2,33
19430;706;2,73
19431;709;3,04
19432;702;2,33
19434;702;2,33
19435;703;2,43
19436;701;2,23
19438;703;2,43
19439;708;2,94
19440;701;2,23
19441;709;3,04
19443;703;2,43
19444;701;2,23
19445;700;2,13
19447;703;2,43
19448;702;2,33
19449;701;2,23
19451;706;2,73
19452;702;2,33
19453;701;2,23
19456;704;2,53
19457;705;2,63
19458;700;2,13
19460;701;2,23
19461;707;2,83
19462;700;2,13
19464;706;2,73
19465;703;2,43
19466;701;2,23
19468;703;2,43
19469;699;2,03
19470;703;2,43
19472;700;2,13
19473;698;1,93
19474;704;2,53
19476;700;2,13
19477;699;2,03
19478;705;2,63
19480;707;2,83
19481;700;2,13
19482;701;2,23
19484;701;2,23
19485;697;1,83
19486;700;2,13
19488;700;2,13
19489;698;1,93
19490;702;2,33
19492;700;2,13
19493;698;1,93
19494;700;2,13
19496;698;1,93
19497;699;2,03
19499;698;1,93
19501;705;2,63
19502;700;2,13
19503;698;1,93
19505;698;1,93
19506;699;2,03
19507;697;1,83
19509;698;1,93
19510;700;2,13
19511;700;2,13
19513;700;2,13
19514;698;1,93
19515;699;2,03
19517;705;2,63
19518;698;1,93
19519;701;2,23
19521;700;2,13
19522;701;2,23
19523;703;2,43
19525;700;2,13
19526;701;2,23
19527;701;2,23
19528;699;2,03
19530;699;2,03
19531;703;2,43
19532;701;2,23
19534;700;2,13
19535;705;2,63
19536;702;2,33
19538;700;2,13
19539;702;2,33
19540;700;2,13
19543;701;2,23
19544;700;2,13
19545;702;2,33
19547;702;2,33
19548;700;2,13
19549;701;2,23
19551;701;2,23
19552;701;2,23
19553;704;2,53
19555;704;2,53
19556;700;2,13
19557;709;3,04
19559;702;2,33
19560;703;2,43
19561;705;2,63
19563;699;2,03
19564;700;2,13
19565;705;2,63
19567;702;2,33
19568;708;2,94
19569;699;2,03
19571;702;2,33
19572;700;2,13
19573;703;2,43
19575;700;2,13
19576;701;2,23
19577;706;2,73
19579;700;2,13
19580;700;2,13
19581;701;2,23
19584;701;2,23
19585;701;2,23
19586;699;2,03
19588;700;2,13
19589;703;2,43
19590;700;2,13
19592;702;2,33
19593;701;2,23
19594;703;2,43
19596;702;2,33
19597;702;2,33
19598;700;2,13
19600;701;2,23
19601;702;2,33
19602;701;2,23
19604;702;2,33
19605;703;2,43
19606;703;2,43
19608;701;2,23
19609;713;3,44
19610;703;2,43
19612;709;3,04
19613;707;2,83
19614;702;2,33
19615;704;2,53
19617;705;2,63
19618;709;3,04
19619;703;2,43
19621;704;2,53
19622;703;2,43
19623;704;2,53
19625;703;2,43
19627;704;2,53
19628;707;2,83
19630;705;2,63
19631;707;2,83
19632;703;2,43
19634;702;2,33
19635;703;2,43
19636;704;2,53
19638;703;2,43
19639;704;2,53
19640;703;2,43
19642;705;2,63
19643;705;2,63
19644;702;2,33
19646;703;2,43
19647;705;2,63
19648;703;2,43
19650;703;2,43
19651;703;2,43
19652;707;2,83
19654;705;2,63
19655;705;2,63
19656;704;2,53
19658;705;2,63
19659;705;2,63
19660;704;2,53
19662;710;3,14
19663;705;2,63
19664;709;3,04
19666;705;2,63
19667;709;3,04
19668;706;2,73
19671;705;2,63
19672;705;2,63
19673;705;2,63
19675;705;2,63
19676;704;2,53
19677;703;2,43
19679;705;2,63
19680;707;2,83
19681;703;2,43
19683;704;2,53
19684;704;2,53
19685;703;2,43
19687;706;2,73
19688;708;2,94
19689;703;2,43
19691;703;2,43
19692;704;2,53
19693;706;2,73
19695;704;2,53
19696;703;2,43
19697;706;2,73
19699;707;2,83
19700;703;2,43
19701;702;2,33
19702;703;2,43
19704;703;2,43
19705;704;2,53
19706;706;2,73
19708;706;2,73
19709;703;2,43
19710;702;2,33
19713;706;2,73
19714;702;2,33
19715;706;2,73
19717;704;2,53
19718;704;2,53
19719;703;2,43
19721;703;2,43
19722;705;2,63
19723;705;2,63
19725;703;2,43
19726;704;2,53
19727;704;2,53
19729;706;2,73
19730;703;2,43
19731;703;2,43
19733;703;2,43
19734;703;2,43
19735;703;2,43
19737;704;2,53
19738;705;2,63
19739;703;2,43
19741;704;2,53
19742;705;2,63
19743;702;2,33
19745;712;3,34
19746;707;2,83
19747;705;2,63
19749;706;2,73
19750;705;2,63
19751;702;2,33
19753;703;2,43
19755;705;2,63
19756;707;2,83
19758;708;2,94
19759;703;2,43
19760;703;2,43
19762;707;2,83
19763;700;2,13
19764;702;2,33
19766;705;2,63
19767;702;2,33
19768;700;2,13
19770;705;2,63
19771;702;2,33
19772;702;2,33
19774;701;2,23
19775;701;2,23
19776;701;2,23
19778;702;2,33
19779;699;2,03
19780;701;2,23
19782;700;2,13
19783;705;2,63
19784;704;2,53
19786;701;2,23
19787;700;2,13
19788;701;2,23
19789;703;2,43
19791;701;2,23
19792;700;2,13
19793;700;2,13
19795;700;2,13
19796;703;2,43
19798;701;2,23
19800;702;2,33
19801;699;2,03
19802;701;2,23
19804;700;2,13
19805;699;2,03
19806;704;2,53
19808;699;2,03
19809;701;2,23
19810;700;2,13
19812;701;2,23
19813;700;2,13
19814;699;2,03
19816;699;2,03
19817;703;2,43
19818;700;2,13
19820;700;2,13
19821;701;2,23
19822;699;2,03
19824;703;2,43
19825;697;1,83
19826;703;2,43
19828;698;1,93
19829;702;2,33
19830;701;2,23
19832;697;1,83
19833;706;2,73
19834;694;1,53
19836;699;2,03
19837;705;2,63
19838;692;1,32
19841;697;1,83
19842;710;3,14
19843;694;1,53
19845;690;1,12
19846;710;3,14
19847;700;2,13
19849;686;0,72
19850;710;3,14
19851;703;2,43
19853;686;0,72
19854;710;3,14
19855;700;2,13
19857;687;0,82
19858;711;3,24
19859;697;1,83
19861;696;1,73
19862;708;2,94
19863;690;1,12
19865;700;2,13
19866;708;2,94
19867;697;1,83
19869;701;2,23
19870;698;1,93
19871;698;1,93
19873;699;2,03
19874;698;1,93
19875;699;2,03
19876;699;2,03
19878;699;2,03
19879;702;2,33
19880;700;2,13
19883;699;2,03
19884;698;1,93
19885;699;2,03
19887;699;2,03
19888;699;2,03
19889;701;2,23
19891;699;2,03
19892;699;2,03
19893;698;1,93
19895;699;2,03
19896;701;2,23
19897;698;1,93
19899;697;1,83
19900;698;1,93
19901;699;2,03
19903;701;2,23
19904;698;1,93
19905;700;2,13
19907;698;1,93
19908;699;2,03
19909;699;2,03
19911;699;2,03
19912;701;2,23
19913;698;1,93
19915;699;2,03
19916;699;2,03
19917;701;2,23
19919;699;2,03
19920;699;2,03
19921;699;2,03
19923;698;1,93
19924;700;2,13
19926;700;2,13
19928;698;1,93
19929;700;2,13
19930;699;2,03
19932;700;2,13
19933;700;2,13
19934;697;1,83
19936;699;2,03
19937;703;2,43
19938;700;2,13
19940;699;2,03
19941;702;2,33
19942;700;2,13
19944;700;2,13
19945;697;1,83
19946;698;1,93
19948;699;2,03
19949;698;1,93
19950;698;1,93
19952;700;2,13
19953;701;2,23
19954;700;2,13
19956;700;2,13
19957;701;2,23
19958;702;2,33
19960;698;1,93
19961;699;2,03
19962;701;2,23
19963;701;2,23
19965;701;2,23
19966;698;1,93
19968;701;2,23
19970;703;2,43
19971;701;2,23
19972;700;2,13
19974;702;2,33
19975;699;2,03
19976;700;2,13
19978;699;2,03
19979;698;1,93
19980;698;1,93
19982;703;2,43
19983;699;2,03
19984;701;2,23
19986;700;2,13
19987;700;2,13
19988;701;2,23
19990;699;2,03
19991;701;2,23
19992;699;2,03
19994;700;2,13
19995;701;2,23
19996;701;2,23
19998;704;2,53
19999;701;2,23
20000;699;2,03
20002;699;2,03
20003;699;2,03
20004;702;2,33
20006;704;2,53
20007;700;2,13
20008;699;2,03
20011;699;2,03
20012;699;2,03
20013;702;2,33
20015;703;2,43
20016;700;2,13
20017;700;2,13
20019;701;2,23
20020;699;2,03
20021;699;2,03
20023;699;2,03
20024;700;2,13
20025;700;2,13
20027;698;1,93
20028;698;1,93
20029;701;2,23
20031;698;1,93
20032;698;1,93
20033;699;2,03
20035;702;2,33
20036;700;2,13
20037;699;2,03
20039;702;2,33
20040;698;1,93
20041;702;2,33
20043;701;2,23
20044;700;2,13
20045;699;2,03
20047;699;2,03
20048;700;2,13
20049;700;2,13
20050;700;2,13
20052;701;2,23
20054;702;2,33
20055;704;2,53
20057;700;2,13
20058;700;2,13
20059;702;2,33
20061;700;2,13
20062;702;2,33
20063;700;2,13
20065;697;1,83
20066;704;2,53
20067;697;1,83
20069;697;1,83
20070;701;2,23
20071;692;1,32
20073;692;1,32
20074;700;2,13
20075;690;1,12
20077;689;1,02
20078;691;1,22
20079;696;1,73
20081;686;0,72
20082;686;0,72
20083;687;0,82
20085;691;1,22
20086;684;0,52
20087;684;0,52
20089;690;1,12
20090;686;0,72
20091;689;1,02
20093;683;0,42
20094;683;0,42
20096;688;0,92
20098;680;0,12
20099;684;0,52
20100;690;1,12
20102;681;0,22
20103;682;0,32
20104;680;0,12
20106;686;0,72
20107;681;0,22
20108;687;0,82
20110;681;0,22
20111;681;0,22
20112;681;0,22
20114;681;0,22
20115;688;0,92
20116;682;0,32
20118;681;0,22
20119;679;0,02
20120;684;0,52
20122;687;0,82
20123;680;0,12
20124;681;0,22
20126;680;0,12
20127;679;0,02
20128;680;0,12
20130;686;0,72
20131;681;0,22
20132;679;0,02
20134;680;0,12
20135;684;0,52
20136;678;0,00
20139;678;0,00
20140;680;0,12
20141;679;0,02
20142;677;0,00
20144;679;0,02
20145;677;0,00
20146;679;0,02
20148;676;0,00
20149;679;0,02
20150;680;0,12
20152;678;0,00
20153;679;0,02
20154;678;0,00
20156;680;0,12
20157;678;0,00
20158;678;0,00
20160;679;0,02
20161;678;0,00
20162;678;0,00
20164;678;0,00
20165;677;0,00
20166;679;0,02
20168;679;0,02
20169;676;0,00
20170;677;0,00
20172;678;0,00
20173;679;0,02
20174;677;0,00
20176;678;0,00
20177;680;0,12
20178;678;0,00
20180;678;0,00
20182;678;0,00
20183;678;0,00
20185;679;0,02
20186;677;0,00
20187;677;0,00
20189;678;0,00
20190;679;0,02
20191;679;0,02
20193;678;0,00
20194;676;0,00
20195;676;0,00
20197;676;0,00
20198;677;0,00
20199;676;0,00
20201;678;0,00
20202;679;0,02
20203;676;0,00
20205;678;0,00
20206;677;0,00
20207;676;0,00
20209;677;0,00
20210;676;0,00
20211;677;0,00
20213;676;0,00
20214;678;0,00
20215;677;0,00
20217;676;0,00
20218;676;0,00
20219;676;0,00
20221;678;0,00
20222;677;0,00
20224;676;0,00
20226;677;0,00
20227;680;0,12
20228;678;0,00
20229;676;0,00
20231;678;0,00
20232;677;0,00
20233;676;0,00
20235;678;0,00
20236;677;0,00
20237;677;0,00
20239;676;0,00
20240;677;0,00
20241;676;0,00
20243;679;0,02
20244;674;0,00
20245;677;0,00
20247;677;0,00
20248;676;0,00
20249;676;0,00
20251;676;0,00
20252;676;0,00
20253;675;0,00
20255;677;0,00
20256;676;0,00
20257;675;0,00
20259;677;0,00
20260;676;0,00
20261;678;0,00
20263;676;0,00
20264;675;0,00
20265;677;0,00
20268;677;0,00
20269;676;0,00
20270;676;0,00
20272;676;0,00
20273;676;0,00
20274;676;0,00
20276;675;0,00
20277;675;0,00
20278;676;0,00
20280;677;0,00
20281;675;0,00
20282;676;0,00
20284;675;0,00
20285;675;0,00
20286;675;0,00
20288;676;0,00
20289;676;0,00
20290;677;0,00
20292;677;0,00
20293;674;0,00
20294;674;0,00
20296;676;0,00
20297;674;0,00
20298;674;0,00
20300;677;0,00
20301;676;0,00
20302;676;0,00
20304;678;0,00
20305;675;0,00
20306;675;0,00
20308;676;0,00
20310;677;0,00
20311;675;0,00
20312;674;0,00
20314;675;0,00
20315;677;0,00
20316;675;0,00
20318;676;0,00
20319;677;0,00
20320;676;0,00
20322;674;0,00
20323;676;0,00
20324;674;0,00
20326;674;0,00
20327;676;0,00
20328;677;0,00
20330;674;0,00
20331;675;0,00
20332;675;0,00
20334;675;0,00
20335;677;0,00
20336;676;0,00
20338;674;0,00
20339;675;0,00
20340;674;0,00
20342;674;0,00
20343;675;0,00
20344;675;0,00
20346;675;0,00
20347;674;0,00
20348;674;0,00
20350;675;0,00
20352;674;0,00
20353;675;0,00
20355;675;0,00
20356;675;0,00
20357;675;0,00
20359;675;0,00
20360;675;0,00
20361;675;0,00
20363;674;0,00
20364;675;0,00
20365;675;0,00
20367;675;0,00
20368;675;0,00
20369;676;0,00
20371;675;0,00
20372;675;0,00
20373;677;0,00
20375;674;0,00
20376;674;0,00
20377;676;0,00
20379;674;0,00
20380;675;0,00
20381;676;0,00
20383;674;0,00
20384;674;0,00
20385;675;0,00
20387;674;0,00
20388;676;0,00
20389;676;0,00
20391;674;0,00
20392;674;0,00
20393;676;0,00
20396;677;0,00
20397;675;0,00
20398;675;0,00
20400;676;0,00
20401;676;0,00
20402;673;0,00
20403;674;0,00
20405;675;0,00
20406;674;0,00
20407;674;0,00
20409;677;0,00
20410;676;0,00
20411;673;0,00
20413;674;0,00
20414;674;0,00
20415;674;0,00
20417;675;0,00
20418;676;0,00
20419;672;0,00
20421;673;0,00
20422;674;0,00
20423;673;0,00
20425;678;0,00
20426;676;0,00
20427;674;0,00
20429;676;0,00
20430;672;0,00
20431;673;0,00
20433;672;0,00
20434;676;0,00
20435;672;0,00
20438;675;0,00
20439;674;0,00
20440;674;0,00
20442;675;0,00
20443;676;0,00
20444;674;0,00
20446;673;0,00
20447;671;0,00
20448;672;0,00
20450;673;0,00
20451;674;0,00
20452;672;0,00
20454;672;0,00
20455;674;0,00
20456;673;0,00
20458;676;0,00
20459;675;0,00
20460;673;0,00
20462;674;0,00
20463;674;0,00
20464;674;0,00
20466;676;0,00
20467;678;0,00
20468;673;0,00
20470;676;0,00
20471;675;0,00
20472;675;0,00
20474;674;0,00
20475;674;0,00
20476;674;0,00
20478;672;0,00
20480;674;0,00
20481;673;0,00
20483;674;0,00
20484;676;0,00
20485;674;0,00
20486;674;0,00
20488;674;0,00
20489;674;0,00
20490;675;0,00
20492;673;0,00
20493;674;0,00
20494;674;0,00
20496;676;0,00
20497;676;0,00
20498;674;0,00
20500;672;0,00
20501;672;0,00
20502;672;0,00
20504;677;0,00
20505;675;0,00
20506;677;0,00
20508;676;0,00
20509;673;0,00
20510;672;0,00
20512;676;0,00
20513;675;0,00
20514;674;0,00
20516;673;0,00
20517;674;0,00
20518;674;0,00
20520;674;0,00
20521;673;0,00
20523;675;0,00
20525;675;0,00
20526;675;0,00
20527;676;0,00
20529;674;0,00
20530;672;0,00
20531;674;0,00
20533;674;0,00
20534;672;0,00
20535;675;0,00
20537;677;0,00
20538;673;0,00
20539;674;0,00
20541;672;0,00
20542;671;0,00
20543;671;0,00
20545;674;0,00
20546;672;0,00
20547;674;0,00
20549;672;0,00
20550;672;0,00
20551;677;0,00
20553;675;0,00
20554;673;0,00
20555;673;0,00
20557;673;0,00
20558;672;0,00
20559;675;0,00
20561;674;0,00
20562;677;0,00
20563;672;0,00
20566;677;0,00
20567;674;0,00
20568;674;0,00
20570;674;0,00
20571;673;0,00
20572;674;0,00
20573;672;0,00
20575;670;0,00
20576;672;0,00
20577;674;0,00
20579;669;0,00
20580;671;0,00
20581;670;0,00
20583;669;0,00
20584;673;0,00
20585;675;0,00
20587;676;0,00
20588;676;0,00
20589;678;0,00
20591;676;0,00
20592;673;0,00
20593;672;0,00
20595;669;0,00
20596;670;0,00
20597;671;0,00
20599;672;0,00
20600;678;0,00
20601;678;0,00
20603;678;0,00
20604;674;0,00
20605;674;0,00
20608;669;0,00
20609;670;0,00
20610;673;0,00
20612;674;0,00
20613;678;0,00
20614;674;0,00
20616;674;0,00
20617;673;0,00
20618;673;0,00
20620;669;0,00
20621;668;0,00
20622;672;0,00
20624;675;0,00
20625;679;0,02
20626;678;0,00
20628;676;0,00
20629;674;0,00
20630;673;0,00
20632;671;0,00
20633;670;0,00
20634;668;0,00
20636;667;0,00
20637;669;0,00
20638;672;0,00
20640;674;0,00
20641;678;0,00
20642;681;0,22
20644;679;0,02
20645;680;0,12
20646;679;0,02
20648;675;0,00
20649;672;0,00
20651;670;0,00
20653;667;0,00
20654;667;0,00
20655;670;0,00
20657;673;0,00
20658;678;0,00
20659;681;0,22
20660;680;0,12
20662;677;0,00
20663;677;0,00
20664;671;0,00
20666;667;0,00
20667;667;0,00
20668;668;0,00
20670;670;0,00
20671;674;0,00
20672;673;0,00
20674;682;0,32
20675;683;0,42
20676;682;0,32
20678;683;0,42
20679;682;0,32
20680;678;0,00
20682;672;0,00
20683;669;0,00
20684;667;0,00
20686;667;0,00
20687;674;0,00
20688;676;0,00
20690;684;0,52
20691;680;0,12
20692;676;0,00
20695;669;0,00
20696;675;0,00
20697;670;0,00
20699;676;0,00
20700;676;0,00
20701;677;0,00
20703;676;0,00
20704;681;0,22
20705;669;0,00
20707;682;0,32
20708;681;0,22
20709;674;0,00
20711;674;0,00
20712;672;0,00
20713;668;0,00
20715;667;0,00
20716;670;0,00
20717;676;0,00
20719;679;0,02
20720;684;0,52
20721;674;0,00
20723;674;0,00
20724;673;0,00
20725;671;0,00
20727;682;0,32
20728;681;0,22
20729;678;0,00
20731;676;0,00
20732;678;0,00
20733;672;0,00
20736;680;0,12
20737;673;0,00
20738;675;0,00
20740;682;0,32
20741;668;0,00
20742;683;0,42
20744;677;0,00
20745;679;0,02
20746;677;0,00
20747;676;0,00
20749;669;0,00
20750;678;0,00
20751;681;0,22
20753;677;0,00
20754;681;0,22
20755;670;0,00
20757;684;0,52
20758;677;0,00
20759;682;0,32
20761;675;0,00
20762;674;0,00
20763;675;0,00
20765;677;0,00
20766;678;0,00
20767;690;1,12
20769;668;0,00
20770;670;0,00
20771;677;0,00
20773;676;0,00
20774;678;0,00
20775;678;0,00
20777;680;0,12
20779;690;1,12
20780;679;0,02
20782;688;0,92
20783;681;0,22
20784;678;0,00
20786;689;1,02
20787;677;0,00
20788;677;0,00
20790;681;0,22
20791;682;0,32
20792;674;0,00
20794;671;0,00
20795;670;0,00
20796;668;0,00
20798;668;0,00
20799;667;0,00
20800;670;0,00
20802;674;0,00
20803;670;0,00
20804;672;0,00
20806;674;0,00
20807;675;0,00
20808;676;0,00
20810;676;0,00
20811;675;0,00
20812;688;0,92
20814;674;0,00
20815;673;0,00
20816;672;0,00
20818;674;0,00
20819;672;0,00
20820;673;0,00
20823;675;0,00
20824;672;0,00
20825;674;0,00
20827;674;0,00
20828;674;0,00
20829;674;0,00
20831;676;0,00
20832;675;0,00
20833;672;0,00
20834;672;0,00
20836;672;0,00
20837;674;0,00
20838;674;0,00
20840;673;0,00
20841;678;0,00
20842;675;0,00
20844;673;0,00
20845;674;0,00
20846;673;0,00
20848;672;0,00
20849;674;0,00
20850;670;0,00
20852;671;0,00
20853;670;0,00
20854;674;0,00
20856;673;0,00
20857;672;0,00
20858;673;0,00
20860;676;0,00
20861;678;0,00
20862;671;0,00
20865;671;0,00
20866;672;0,00
20867;671;0,00
20869;680;0,12
20870;679;0,02
20871;681;0,22
20873;675;0,00
20874;674;0,00
20875;679;0,02
20877;672;0,00
20878;672;0,00
20879;684;0,52
20881;678;0,00
20882;671;0,00
20883;681;0,22
20885;674;0,00
20886;677;0,00
20887;682;0,32
20889;679;0,02
20890;679;0,02
20891;673;0,00
20893;671;0,00
20894;672;0,00
20895;679;0,02
20897;679;0,02
20898;674;0,00
20899;682;0,32
20901;676;0,00
20902;674;0,00
20903;671;0,00
20905;671;0,00
20907;673;0,00
20908;672;0,00
20910;679;0,02
20911;681;0,22
20912;681;0,22
20914;673;0,00
20915;673;0,00
20916;674;0,00
20918;672;0,00
20919;679;0,02
20920;684;0,52
20922;673;0,00
20923;672;0,00
20924;681;0,22
20925;671;0,00
20927;673;0,00
20928;681;0,22
20929;673;0,00
20931;673;0,00
20932;673;0,00
20933;672;0,00
20935;671;0,00
20936;671;0,00
20937;673;0,00
20939;674;0,00
20940;682;0,32
20941;674;0,00
20943;672;0,00
20944;671;0,00
20945;672;0,00
20947;674;0,00
20948;675;0,00
20950;674;0,00
20952;670;0,00
20953;678;0,00
20954;681;0,22
20956;676;0,00
20957;681;0,22
20958;672;0,00
20960;675;0,00
20961;673;0,00
20962;676;0,00
20964;672;0,00
20965;678;0,00
20966;672;0,00
20968;683;0,42
20969;675;0,00
20970;675;0,00
20972;673;0,00
20973;671;0,00
20974;671;0,00
20976;672;0,00
20977;681;0,22
20978;672;0,00
20980;677;0,00
20981;686;0,72
20982;676;0,00
20984;670;0,00
20985;685;0,62
20986;678;0,00
20988;674;0,00
20989;677;0,00
20990;667;0,00
20993;675;0,00
20994;675;0,00
20995;672;0,00
20997;673;0,00
20998;683;0,42
20999;674;0,00
21001;679;0,02
21002;679;0,02
21003;675;0,00
21005;676;0,00
21006;673;0,00
21007;681;0,22
21009;679;0,02
21010;670;0,00
21011;669;0,00
21012;680;0,12
21014;675;0,00
21015;673;0,00
21016;676;0,00
21018;682;0,32
21019;671;0,00
21020;670;0,00
21022;673;0,00
21023;672;0,00
21024;674;0,00
21026;680;0,12
21027;678;0,00
21028;679;0,02
21030;678;0,00
21031;672;0,00
21032;672;0,00
21035;672;0,00
21036;673;0,00
21037;676;0,00
21039;682;0,32
21040;674;0,00
21041;673;0,00
21043;677;0,00
21044;673;0,00
21045;673;0,00
21047;678;0,00
21048;672;0,00
21049;671;0,00
21051;671;0,00
21052;671;0,00
21053;672;0,00
21055;674;0,00
21056;672;0,00
21057;673;0,00
21059;680;0,12
21060;672;0,00
21061;670;0,00
21063;672;0,00
21064;675;0,00
21065;681;0,22
21067;676;0,00
21068;678;0,00
21069;673;0,00
21071;680;0,12
21072;679;0,02
21073;674;0,00
21075;669;0,00
21076;679;0,02
21078;671;0,00
21080;682;0,32
21081;676;0,00
21082;678;0,00
21084;675;0,00
21085;670;0,00
21086;673;0,00
21088;683;0,42
21089;674;0,00
21090;670;0,00
21092;678;0,00
21093;674;0,00
21094;680;0,12
21095;671;0,00
21097;674;0,00
21098;677;0,00
21099;672;0,00
21101;678;0,00
21102;677;0,00
21103;674;0,00
21105;670;0,00
21106;676;0,00
21107;671;0,00
21109;676;0,00
21110;674;0,00
21111;672;0,00
21113;670;0,00
21114;679;0,02
21115;671;0,00
21117;673;0,00
21118;674;0,00
21120;685;0,62
21122;678;0,00
21123;673;0,00
21124;676;0,00
21126;675;0,00
21127;681;0,22
21128;675;0,00
21130;675;0,00
21131;669;0,00
21132;675;0,00
21134;670;0,00
21135;679;0,02
21136;678;0,00
21138;671;0,00
21139;672;0,00
21140;673;0,00
21142;670;0,00
21143;680;0,12
21144;673;0,00
21146;670;0,00
21147;672;0,00
21148;671;0,00
21150;675;0,00
21151;672;0,00
21152;675;0,00
21154;670;0,00
21155;672;0,00
21156;679;0,02
21158;672;0,00
21159;673;0,00
21160;670;0,00
21163;675;0,00
21164;673;0,00
21165;671;0,00
21167;674;0,00
21168;674;0,00
21169;672;0,00
21171;671;0,00
21172;670;0,00
21173;674;0,00
21175;671;0,00
21176;674;0,00
21177;671;0,00
21179;670;0,00
21180;671;0,00
21181;670;0,00
21182;670;0,00
21184;670;0,00
21185;670;0,00
21186;669;0,00
21188;677;0,00
21189;680;0,12
21190;669;0,00
21192;672;0,00
21193;672;0,00
21194;679;0,02
21196;670;0,00
21197;670;0,00
21198;673;0,00
21200;674;0,00
21201;670;0,00
21202;672;0,00
21204;671;0,00
21206;677;0,00
21207;672;0,00
21209;672;0,00
21210;681;0,22
21211;674;0,00
21213;672;0,00
21214;671;0,00
21215;670;0,00
21217;671;0,00
21218;682;0,32
21219;676;0,00
21221;671;0,00
21222;672;0,00
21223;682;0,32
21225;679;0,02
21226;673;0,00
21227;679;0,02
21229;674;0,00
21230;672;0,00
21231;676;0,00
21233;674;0,00
21234;673;0,00
21235;676;0,00
21237;675;0,00
21238;673;0,00
21239;671;0,00
21241;674;0,00
21242;670;0,00
21243;677;0,00
21245;676;0,00
21246;683;0,42
21248;672;0,00
21250;670;0,00
21251;671;0,00
21252;670;0,00
21254;675;0,00
21255;682;0,32
21256;671;0,00
21258;671;0,00
21259;681;0,22
21260;675;0,00
21262;688;0,92
21263;677;0,00
21264;670;0,00
21266;680;0,12
21267;672;0,00
21268;674;0,00
21269;674;0,00
21271;677;0,00
21272;670;0,00
21273;677;0,00
21275;673;0,00
21276;677;0,00
21277;669;0,00
21279;672;0,00
21280;674;0,00
21281;677;0,00
21283;671;0,00
21284;678;0,00
21285;673;0,00
21287;686;0,72
21288;671;0,00
21289;683;0,42
21292;670;0,00
21293;674;0,00
21294;672;0,00
21296;673;0,00
21297;671;0,00
21298;671;0,00
21300;683;0,42
21301;677;0,00
21302;674;0,00
21304;670;0,00
21305;674;0,00
21306;683;0,42
21308;679;0,02
21309;672;0,00
21310;671;0,00
21312;673;0,00
21313;670;0,00
21314;673;0,00
21316;674;0,00
21317;676;0,00
21318;676;0,00
21320;671;0,00
21321;672;0,00
21322;673;0,00
21324;671;0,00
21325;677;0,00
21326;672;0,00
21328;670;0,00
21329;676;0,00
21330;679;0,02
21332;670;0,00
21334;671;0,00
21335;670;0,00
21337;680;0,12
21338;676;0,00
21339;675;0,00
21341;673;0,00
21342;670;0,00
21343;679;0,02
21345;675;0,00
21346;672;0,00
21347;677;0,00
21349;676;0,00
21350;670;0,00
21351;674;0,00
21353;672;0,00
21354;672;0,00
21355;674;0,00
21357;679;0,02
21358;670;0,00
21359;677;0,00
21360;678;0,00
21362;673;0,00
21363;682;0,32
21364;674;0,00
21366;671;0,00
21367;669;0,00
21368;669;0,00
21370;678;0,00
21371;674;0,00
21372;673;0,00
21374;681;0,22
21376;673;0,00
21377;679;0,02
21379;671;0,00
21380;680;0,12
21381;674;0,00
21383;674;0,00
21384;669;0,00
21385;670;0,00
21387;672;0,00
21388;676;0,00
21389;669;0,00
21391;675;0,00
21392;674;0,00
21393;671;0,00
21395;670;0,00
21396;670;0,00
21397;680;0,12
21399;670;0,00
21400;681;0,22
21401;670;0,00
21403;671;0,00
21404;671;0,00
21405;671;0,00
21407;672;0,00
21408;685;0,62
21409;671;0,00
21411;670;0,00
21412;679;0,02
21413;673;0,00
21415;676;0,00
21416;671;0,00
21417;677;0,00
21420;672;0,00
21421;674;0,00
21422;670;0,00
21424;671;0,00
21425;670;0,00
21426;674;0,00
21428;677;0,00
21429;669;0,00
21430;676;0,00
21432;676;0,00
21433;670;0,00
21434;690;1,12
21436;667;0,00
21437;674;0,00
21438;691;1,22
21440;667;0,00
21441;675;0,00
21442;673;0,00
21444;678;0,00
21445;671;0,00
21446;669;0,00
21447;669;0,00
21449;673;0,00
21450;670;0,00
21451;670;0,00
21453;671;0,00
21454;684;0,52
21455;670;0,00
21457;674;0,00
21458;676;0,00
21459;670;0,00
21462;669;0,00
21463;680;0,12
21464;669;0,00
21466;669;0,00
21467;676;0,00
21468;676;0,00
21470;669;0,00
21471;669;0,00
21472;671;0,00
21474;667;0,00
21475;669;0,00
21476;676;0,00
21478;669;0,00
21479;671;0,00
21480;669;0,00
21482;671;0,00
21483;671;0,00
21484;676;0,00
21486;683;0,42
21487;676;0,00
21488;669;0,00
21490;674;0,00
21491;671;0,00
21492;672;0,00
21494;669;0,00
21495;669;0,00
21496;673;0,00
21498;673;0,00
21499;675;0,00
21500;671;0,00
21502;670;0,00
21504;671;0,00
21505;670;0,00
21507;672;0,00
21508;671;0,00
21509;669;0,00
21511;673;0,00
21512;670;0,00
21513;671;0,00
21515;668;0,00
21516;670;0,00
21517;669;0,00
21519;670;0,00
21520;670;0,00
21521;670;0,00
21523;668;0,00
21524;667;0,00
21525;669;0,00
21527;671;0,00
21528;669;0,00
21529;669;0,00
21530;669;0,00
21532;669;0,00
21533;671;0,00
21534;668;0,00
21536;669;0,00
21537;669;0,00
21538;669;0,00
21540;670;0,00
21541;669;0,00
21542;670;0,00
21544;672;0,00
21545;669;0,00
21547;672;0,00
21549;669;0,00
21550;669;0,00
21551;670;0,00
21553;668;0,00
21554;668;0,00
21555;670;0,00
21557;670;0,00
21558;667;0,00
21559;671;0,00
21561;668;0,00
21562;670;0,00
21563;670;0,00
21565;669;0,00
21566;669;0,00
21567;669;0,00
21569;669;0,00
21570;669;0,00
21571;669;0,00
21573;668;0,00
21574;670;0,00
21575;670;0,00
21577;668;0,00
21578;669;0,00
21579;672;0,00
21581;670;0,00
21582;669;0,00
21583;672;0,00
21585;668;0,00
21586;669;0,00
21587;670;0,00
21590;673;0,00
21591;668;0,00
21592;668;0,00
21594;669;0,00
21595;670;0,00
21596;670;0,00
21598;669;0,00
21599;669;0,00
21600;672;0,00
21602;668;0,00
21603;670;0,00
21604;670;0,00
21606;669;0,00
21607;668;0,00
21608;668;0,00
21610;671;0,00
21611;669;0,00
21612;669;0,00
21614;671;0,00
21615;668;0,00
21616;669;0,00
21617;670;0,00
21619;668;0,00
21620;669;0,00
21621;671;0,00
21623;669;0,00
21624;672;0,00
21625;668;0,00
21627;670;0,00
21628;669;0,00
21629;669;0,00
21632;669;0,00
21633;670;0,00
21634;670;0,00
21636;670;0,00
21637;667;0,00
21638;669;0,00
21640;669;0,00
21641;669;0,00
21642;672;0,00
21644;670;0,00
21645;669;0,00
21646;670;0,00
21648;668;0,00
21649;669;0,00
21650;669;0,00
21652;669;0,00
21653;666;0,00
21654;671;0,00
21656;668;0,00
21657;668;0,00
21658;668;0,00
21660;668;0,00
21661;667;0,00
21662;667;0,00
21664;669;0,00
21665;668;0,00
21666;670;0,00
21668;668;0,00
21669;671;0,00
21670;670;0,00
21672;667;0,00
21673;668;0,00
21675;670;0,00
21677;669;0,00
21678;672;0,00
21679;671;0,00
21681;669;0,00
21682;666;0,00
21683;667;0,00
21685;670;0,00
21686;668;0,00
21687;670;0,00
21689;668;0,00
21690;669;0,00
21691;668;0,00
21693;668;0,00
21694;669;0,00
21695;668;0,00
21697;668;0,00
21698;668;0,00
21699;669;0,00
21701;668;0,00
21702;668;0,00
21703;666;0,00
21704;666;0,00
21706;670;0,00
21707;667;0,00
21708;669;0,00
21710;668;0,00
21711;668;0,00
21712;668;0,00
21714;668;0,00
21715;670;0,00
21716;668;0,00
21719;669;0,00
21720;670;0,00
21721;667;0,00
21723;669;0,00
21724;668;0,00
21725;667;0,00
21727;667;0,00
21728;670;0,00
21729;667;0,00
21731;667;0,00
21732;670;0,00
21733;672;0,00
21735;669;0,00
21736;672;0,00
21737;668;0,00
21739;667;0,00
21740;668;0,00
21741;667;0,00
21743;668;0,00
21744;667;0,00
21745;669;0,00
21747;669;0,00
21748;669;0,00
21749;668;0,00
21751;669;0,00
21752;669;0,00
21753;668;0,00
21755;668;0,00
21756;668;0,00
21757;669;0,00
21760;668;0,00
21761;668;0,00
21762;667;0,00
21764;667;0,00
21765;666;0,00
21766;668;0,00
21768;668;0,00
21769;668;0,00
21770;668;0,00
21772;669;0,00
21773;669;0,00
21774;668;0,00
21776;670;0,00
21777;669;0,00
21778;667;0,00
21780;670;0,00
21781;670;0,00
21782;667;0,00
21784;670;0,00
21785;668;0,00
21786;669;0,00
21788;668;0,00
21789;670;0,00
21790;667;0,00
21791;666;0,00
21793;667;0,00
21794;667;0,00
21795;670;0,00
21797;670;0,00
21798;667;0,00
21799;669;0,00
21801;670;0,00
21803;667;0,00
21804;668;0,00
21806;671;0,00
21807;667;0,00
21808;668;0,00
21810;667;0,00
21811;668;0,00
21812;670;0,00
21814;668;0,00
21815;668;0,00
21816;667;0,00
21818;671;0,00
21819;668;0,00
21820;668;0,00
21822;669;0,00
21823;668;0,00
21824;667;0,00
21826;669;0,00
21827;668;0,00
21828;668;0,00
21830;669;0,00
21831;668;0,00
21832;667;0,00
21834;671;0,00
21835;669;0,00
21836;670;0,00
21838;669;0,00
21839;668;0,00
21840;668;0,00
21842;668;0,00
21843;668;0,00
21844;671;0,00
21847;668;0,00
21848;669;0,00
21849;669;0,00
21851;669;0,00
21852;667;0,00
21853;669;0,00
21855;668;0,00
21856;667;0,00
21857;667;0,00
21859;670;0,00
21860;667;0,00
21861;668;0,00
21863;668;0,00
21864;668;0,00
21865;667;0,00
21867;671;0,00
21868;668;0,00
21869;669;0,00
21871;669;0,00
21872;667;0,00
21873;667;0,00
21875;667;0,00
21876;667;0,00
21877;668;0,00
21878;668;0,00
21880;666;0,00
21881;669;0,00
21882;670;0,00
21884;668;0,00
21885;669;0,00
21886;668;0,00
21889;668;0,00
21890;667;0,00
21891;669;0,00
21893;670;0,00
21894;668;0,00
21895;670;0,00
21897;668;0,00
21898;670;0,00
21899;667;0,00
21901;671;0,00
21902;666;0,00
21903;670;0,00
21905;667;0,00
21906;667;0,00
21907;668;0,00
21909;668;0,00
21910;669;0,00
21911;667;0,00
21913;669;0,00
21914;668;0,00
21915;668;0,00
21917;669;0,00
21918;667;0,00
21919;668;0,00
21921;668;0,00
21922;670;0,00
21923;672;0,00
21925;668;0,00
21926;669;0,00
21927;670;0,00
21929;668;0,00
21931;668;0,00
21932;668;0,00
21934;668;0,00
21935;667;0,00
21936;670;0,00
21938;668;0,00
21939;666;0,00
21940;667;0,00
21942;667;0,00
21943;668;0,00
21944;670;0,00
21946;666;0,00
21947;668;0,00
21948;669;0,00
21950;668;0,00
21951;668;0,00
21952;669;0,00
21954;669;0,00
21955;668;0,00
21956;670;0,00
21958;668;0,00
21959;668;0,00
21960;669;0,00
21962;668;0,00
21963;672;0,00
21964;669;0,00
21965;667;0,00
21967;669;0,00
21968;668;0,00
21969;669;0,00
21971;670;0,00
21972;668;0,00
21974;667;0,00
21976;669;0,00
21977;668;0,00
21978;668;0,00
21980;669;0,00
21981;669;0,00
21982;668;0,00
21984;669;0,00
21985;669;0,00
21986;668;0,00
21988;668;0,00
21989;668;0,00
21990;668;0,00
21992;669;0,00
21993;669;0,00
21994;666;0,00
21996;670;0,00
21997;667;0,00
21998;667;0,00
22000;668;0,00
22001;670;0,00
22002;667;0,00
22004;667;0,00
22005;670;0,00
22006;667;0,00
22008;667;0,00
22009;672;0,00
22010;668;0,00
22012;670;0,00
22013;667;0,00
22014;667;0,00
22017;668;0,00
22018;669;0,00
22019;669;0,00
22021;671;0,00
22022;667;0,00
22023;667;0,00
22025;668;0,00
22026;667;0,00
22027;668;0,00
22029;669;0,00
22030;668;0,00
22031;666;0,00
22033;667;0,00
22034;669;0,00
22035;667;0,00
22037;668;0,00
22038;669;0,00
22039;668;0,00
22041;668;0,00
22042;669;0,00
22043;669;0,00
22045;668;0,00
22046;666;0,00
22047;667;0,00
22049;668;0,00
22050;667;0,00
22051;667;0,00
22052;667;0,00
22054;668;0,00
22055;667;0,00
22056;670;0,00
22059;669;0,00
22060;668;0,00
22061;670;0,00
22063;671;0,00
22064;667;0,00
22065;669;0,00
22067;668;0,00
22068;671;0,00
22069;668;0,00
22071;667;0,00
22072;668;0,00
22073;668;0,00
22075;668;0,00
22076;667;0,00
22077;667;0,00
22079;668;0,00
22080;668;0,00
22081;667;0,00
22083;667;0,00
22084;668;0,00
22085;668;0,00
22087;670;0,00
22088;668;0,00
22089;668;0,00
22091;669;0,00
22092;667;0,00
22093;668;0,00
22095;667;0,00
22096;669;0,00
22097;668;0,00
22099;668;0,00
22100;667;0,00
22102;668;0,00
22104;667;0,00
22105;669;0,00
22106;670;0,00
22108;668;0,00
22109;667;0,00
22110;667;0,00
22112;669;0,00
22113;668;0,00
22114;668;0,00
22116;667;0,00
22117;669;0,00
22118;668;0,00
22120;669;0,00
22121;667;0,00
22122;668;0,00
22124;671;0,00
22125;668;0,00
22126;669;0,00
22128;668;0,00
22129;668;0,00
22130;668;0,00
22132;669;0,00
22133;667;0,00
22134;668;0,00
22136;668;0,00
22137;666;0,00
22138;668;0,00
22139;668;0,00
22141;668;0,00
22142;669;0,00
22144;670;0,00
22146;668;0,00
22147;668;0,00
22148;669;0,00
22150;667;0,00
22151;667;0,00
