Tempo_ms;ADC_Bruto;Forca_kg
243581;2523;1,01
243582;2507;0,60
243583;2518;0,88
243584;2503;0,50
243585;2507;0,60
243586;2531;1,21
243587;2527;1,11
243588;2507;0,60
243589;2512;0,73
243590;2509;0,65
243591;2519;0,91
243592;2512;0,73
243593;2514;0,78
243594;2510;0,68
243595;2496;0,32
243596;2522;0,98
243597;2512;0,73
243598;2523;1,01
243599;2498;0,37
243600;2521;0,96
243601;2505;0,55
243602;2537;1,36
243603;2511;0,70
243604;2497;0,35
243605;2509;0,65
243606;2538;1,39
243607;2512;0,73
243608;2509;0,65
243609;2496;0,32
243610;2527;1,11
243611;2512;0,73
243612;2498;0,37
243613;2500;0,43
243614;2513;0,75
243615;2501;0,45
243616;2512;0,73
243617;2511;0,70
243618;2514;0,78
243619;2514;0,78
243620;2523;1,01
243621;2515;0,80
243622;2525;1,06
243623;2511;0,70
243624;2503;0,50
243625;2522;0,98
243626;2508;0,63
243627;2495;0,30
243628;2515;0,80
243629;2511;0,70
243630;2503;0,50
243631;2514;0,78
243632;2525;1,06
243633;2513;0,75
243634;2511;0,70
243635;2503;0,50
243636;2512;0,73
243637;2507;0,60
243638;2506;0,58
243639;2539;1,41
243640;2496;0,32
243641;2537;1,36
243642;2512;0,73
243643;2508;0,63
243644;2521;0,96
243645;2503;0,50
243646;2512;0,73
243647;2487;0,10
243648;2514;0,78
243649;2502;0,48
243650;2503;0,50
243651;2538;1,39
243652;2511;0,70
243653;2511;0,70
243654;2542;1,49
243655;2522;0,98
243656;2521;0,96
243657;2539;1,41
243658;2521;0,96
243659;2508;0,63
243660;2521;0,96
243661;2498;0,37
243662;2515;0,80
243663;2506;0,58
243664;2519;0,91
243665;2531;1,21
243666;2516;0,83
243667;2512;0,73
243668;2519;0,91
243669;2512;0,73
243670;2529;1,16
243671;2523;1,01
243672;2525;1,06
243673;2519;0,91
243674;2514;0,78
243675;2501;0,45
243676;2543;1,51
243677;2526;1,08
243678;2515;0,80
243679;2512;0,73
243680;2532;1,23
243681;2519;0,91
243682;2541;1,46
243683;2495;0,30
243684;2517;0,86
243685;2502;0,48
243686;2510;0,68
243687;2507;0,60
243688;2507;0,60
243689;2512;0,73
243690;2537;1,36
243691;2515;0,80
243692;2517;0,86
243693;2522;0,98
243694;2512;0,73
243695;2512;0,73
243696;2524;1,03
243697;2511;0,70
243698;2507;0,60
243699;2525;1,06
243700;2507;0,60
243701;2513;0,75
243702;2507;0,60
243703;2496;0,32
243704;2518;0,88
243705;2506;0,58
243706;2524;1,03
243707;2521;0,96
243708;2506;0,58
243709;2514;0,78
243710;2513;0,75
243711;2517;0,86
243712;2519;0,91
243713;2523;1,01
243714;2522;0,98
243715;2443;0,00
243716;2514;0,78
243717;2495;0,30
243718;2527;1,11
243719;2508;0,63
243720;2511;0,70
243721;2512;0,73
243722;2501;0,45
243723;2527;1,11
243724;2522;0,98
243725;2509;0,65
243726;2512;0,73
243727;2512;0,73
243728;2519;0,91
243729;2515;0,80
243730;2526;1,08
243731;2530;1,18
243732;2499;0,40
243733;2499;0,40
243734;2517;0,86
243735;2513;0,75
243736;2521;0,96
243737;2509;0,65
243738;2531;1,21
243739;2501;0,45
243740;2515;0,80
243741;2506;0,58
243742;2521;0,96
243743;2525;1,06
243744;2518;0,88
243745;2534;1,29
243746;2518;0,88
243747;2523;1,01
243748;2514;0,78
243749;2522;0,98
243750;2523;1,01
243751;2518;0,88
243752;2538;1,39
243753;2505;0,55
243754;2512;0,73
243755;2518;0,88
243756;2512;0,73
243757;2483;0,00
243758;2523;1,01
243759;2513;0,75
243760;2522;0,98
243761;2510;0,68
243762;2527;1,11
243763;2517;0,86
243764;2521;0,96
243765;2510;0,68
243766;2527;1,11
243767;2513;0,75
243768;2514;0,78
243769;2524;1,03
243770;2518;0,88
243771;2522;0,98
243772;2513;0,75
243773;2478;0,00
243774;2514;0,78
243775;2525;1,06
243776;2476;0,00
243777;2515;0,80
243778;2533;1,26
243779;2512;0,73
243780;2540;1,44
243781;2518;0,88
243782;2512;0,73
243783;2525;1,06
243784;2510;0,68
243785;2503;0,50
243786;2519;0,91
243787;2503;0,50
243788;2512;0,73
243789;2523;1,01
243790;2513;0,75
243791;2513;0,75
243792;2512;0,73
243793;2515;0,80
243794;2526;1,08
243795;2529;1,16
243796;2499;0,40
243797;2509;0,65
243798;2519;0,91
243799;2547;1,61
243800;2507;0,60
243801;2503;0,50
243802;2535;1,31
243803;2494;0,27
243804;2474;0,00
243805;2515;0,80
243806;2511;0,70
243807;2512;0,73
243808;2528;1,13
243809;2503;0,50
243810;2531;1,21
243811;2518;0,88
243812;2523;1,01
243813;2519;0,91
243814;2523;1,01
243815;2507;0,60
243816;2501;0,45
243817;2471;0,00
243818;2512;0,73
243819;2514;0,78
243820;2529;1,16
243821;2503;0,50
243822;2530;1,18
243823;2502;0,48
243824;2533;1,26
243825;2478;0,00
243826;2509;0,65
243827;2512;0,73
243828;2514;0,78
243829;2513;0,75
243830;2512;0,73
243831;2502;0,48
243832;2508;0,63
243833;2499;0,40
243834;2523;1,01
243835;2543;1,51
243836;2512;0,73
243837;2518;0,88
243838;2512;0,73
243839;2512;0,73
243840;2522;0,98
243841;2511;0,70
243842;2515;0,80
243843;2507;0,60
243844;2529;1,16
243845;2512;0,73
243846;2512;0,73
243847;2519;0,91
243848;2528;1,13
243849;2517;0,86
243850;2510;0,68
243851;2512;0,73
243852;2484;0,02
243853;2553;1,77
243854;2515;0,80
243855;2518;0,88
243856;2512;0,73
243857;2509;0,65
243858;2519;0,91
243859;2521;0,96
243860;2535;1,31
243861;2521;0,96
243862;2507;0,60
243863;2497;0,35
243864;2523;1,01
243865;2515;0,80
243866;2538;1,39
243867;2528;1,13
243868;2527;1,11
243869;2495;0,30
243870;2516;0,83
243871;2512;0,73
243872;2511;0,70
243873;2521;0,96
243874;2525;1,06
243875;2526;1,08
243876;2513;0,75
243877;2511;0,70
243878;2531;1,21
243879;2511;0,70
243880;2529;1,16
243881;2517;0,86
243882;2517;0,86
243883;2512;0,73
243884;2526;1,08
243885;2524;1,03
243886;2529;1,16
243887;2531;1,21
243888;2507;0,60
243889;2512;0,73
243890;2480;0,00
243891;2508;0,63
243892;2529;1,16
243893;2509;0,65
243894;2518;0,88
243895;2510;0,68
243896;2542;1,49
243897;2531;1,21
243898;2531;1,21
243899;2531;1,21
243900;2522;0,98
243901;2509;0,65
243902;2526;1,08
243903;2513;0,75
243904;2519;0,91
243905;2499;0,40
243906;2512;0,73
243907;2517;0,86
243908;2512;0,73
243909;2474;0,00
243910;2517;0,86
243911;2511;0,70
243912;2512;0,73
243913;2514;0,78
243914;2510;0,68
243915;2515;0,80
243916;2510;0,68
243917;2516;0,83
243918;2525;1,06
243919;2505;0,55
243920;2538;1,39
243921;2522;0,98
243922;2474;0,00
243923;2544;1,54
243924;2534;1,29
243925;2521;0,96
243926;2512;0,73
243927;2512;0,73
243928;2510;0,68
243929;2522;0,98
243930;2533;1,26
243931;2509;0,65
243932;2514;0,78
243933;2521;0,96
243934;2525;1,06
243935;2524;1,03
243936;2512;0,73
243937;2537;1,36
243938;2504;0,53
243939;2528;1,13
243940;2527;1,11
243941;2513;0,75
243942;2511;0,70
243943;2517;0,86
243944;2519;0,91
243945;2524;1,03
243946;2544;1,54
243947;2505;0,55
243948;2480;0,00
243949;2515;0,80
243950;2515;0,80
243951;2515;0,80
243952;2526;1,08
243953;2512;0,73
243954;2509;0,65
243955;2513;0,75
243956;2525;1,06
243957;2511;0,70
243958;2544;1,54
243959;2513;0,75
243960;2541;1,46
243961;2496;0,32
243962;2509;0,65
243963;2509;0,65
243964;2517;0,86
243965;2514;0,78
243966;2544;1,54
243967;2517;0,86
243968;2518;0,88
243969;2512;0,73
243970;2513;0,75
243971;2517;0,86
243972;2519;0,91
243973;2510;0,68
243974;2525;1,06
243975;2512;0,73
243976;2520;0,93
243977;2506;0,58
243978;2558;1,89
243979;2512;0,73
243980;2513;0,75
243981;2521;0,96
243982;2521;0,96
243983;2515;0,80
243984;2525;1,06
243985;2474;0,00
243986;2521;0,96
243987;2512;0,73
243988;2517;0,86
243989;2510;0,68
243990;2514;0,78
243991;2528;1,13
243992;2535;1,31
243993;2528;1,13
243994;2526;1,08
243995;2519;0,91
243996;2519;0,91
243997;2543;1,51
243998;2520;0,93
243999;2496;0,32
244000;2496;0,32
244001;2509;0,65
244002;2512;0,73
244003;2499;0,40
244004;2525;1,06
244005;2517;0,86
244006;2524;1,03
244007;2475;0,00
244008;2513;0,75
244009;2514;0,78
244010;2531;1,21
244011;2508;0,63
244012;2533;1,26
244013;2530;1,18
244014;2524;1,03
244015;2499;0,40
244016;2512;0,73
244017;2505;0,55
244018;2501;0,45
244019;2482;0,00
244020;2525;1,06
244021;2539;1,41
244022;2519;0,91
244023;2512;0,73
244024;2515;0,80
244025;2512;0,73
244026;2554;1,79
244027;2512;0,73
244028;2522;0,98
244029;2531;1,21
244030;2526;1,08
244031;2517;0,86
244032;2511;0,70
244033;2523;1,01
244034;2530;1,18
244035;2523;1,01
244036;2532;1,23
244037;2523;1,01
244038;2514;0,78
244039;2519;0,91
244040;2497;0,35
244041;2515;0,80
244042;2505;0,55
244043;2522;0,98
244044;2512;0,73
244045;2513;0,75
244046;2520;0,93
244047;2511;0,70
244048;2534;1,29
244049;2514;0,78
244050;2559;1,92
244051;2518;0,88
244052;2527;1,11
244053;2519;0,91
244054;2528;1,13
244055;2525;1,06
244056;2505;0,55
244057;2510;0,68
244058;2541;1,46
244059;2534;1,29
244060;2523;1,01
244061;2532;1,23
244062;2514;0,78
244063;2523;1,01
244064;2512;0,73
244065;2539;1,41
244066;2522;0,98
244067;2512;0,73
244068;2518;0,88
244069;2503;0,50
244070;2546;1,59
244071;2512;0,73
244072;2531;1,21
244073;2512;0,73
244074;2512;0,73
244075;2522;0,98
244076;2531;1,21
244077;2507;0,60
244078;2529;1,16
244079;2527;1,11
244080;2517;0,86
244081;2515;0,80
244082;2502;0,48
244083;2513;0,75
244084;2522;0,98
244085;2516;0,83
244086;2531;1,21
244087;2539;1,41
244088;2516;0,83
244089;2528;1,13
244090;2559;1,92
244091;2511;0,70
244092;2524;1,03
244093;2559;1,92
244094;2535;1,31
244095;2527;1,11
244096;2512;0,73
244097;2515;0,80
244098;2539;1,41
244099;2515;0,80
244100;2534;1,29
244101;2535;1,31
244102;2527;1,11
244103;2531;1,21
244104;2511;0,70
244105;2509;0,65
244106;2535;1,31
244107;2512;0,73
244108;2523;1,01
244109;2528;1,13
244110;2533;1,26
244111;2523;1,01
244112;2534;1,29
244113;2528;1,13
244114;2546;1,59
244115;2522;0,98
244116;2521;0,96
244117;2523;1,01
244118;2527;1,11
244119;2522;0,98
244120;2528;1,13
244121;2522;0,98
244122;2553;1,77
244123;2512;0,73
244124;2530;1,18
244125;2517;0,86
244126;2519;0,91
244127;2559;1,92
244128;2515;0,80
244129;2508;0,63
244130;2531;1,21
244131;2525;1,06
244132;2509;0,65
244133;2529;1,16
244134;2516;0,83
244135;2558;1,89
244136;2530;1,18
244137;2513;0,75
244138;2535;1,31
244139;2519;0,91
244140;2543;1,51
244141;2544;1,54
244142;2559;1,92
244143;2516;0,83
244144;2533;1,26
244145;2519;0,91
244146;2512;0,73
244147;2542;1,49
244148;2515;0,80
244149;2519;0,91
244150;2510;0,68
244151;2517;0,86
244152;2539;1,41
244153;2515;0,80
244154;2519;0,91
244155;2533;1,26
244156;2544;1,54
244157;2553;1,77
244158;2520;0,93
244159;2471;0,00
244160;2507;0,60
244161;2517;0,86
244162;2517;0,86
244163;2529;1,16
244164;2512;0,73
244165;2524;1,03
244166;2513;0,75
244167;2526;1,08
244168;2518;0,88
244169;2503;0,50
244170;2531;1,21
244171;2503;0,50
244172;2537;1,36
244173;2539;1,41
244174;2533;1,26
244175;2512;0,73
244176;2538;1,39
244177;2507;0,60
244178;2539;1,41
244179;2522;0,98
244180;2532;1,23
244181;2525;1,06
244182;2502;0,48
244183;2512;0,73
244184;2522;0,98
244185;2556;1,84
244186;2535;1,31
244187;2514;0,78
244188;2533;1,26
244189;2518;0,88
244190;2515;0,80
244191;2511;0,70
244192;2551;1,72
244193;2525;1,06
244194;2532;1,23
244195;2517;0,86
244196;2519;0,91
244197;2551;1,72
244198;2518;0,88
244199;2545;1,56
244200;2512;0,73
244201;2543;1,51
244202;2523;1,01
244203;2528;1,13
244204;2531;1,21
244205;2518;0,88
244206;2532;1,23
244207;2543;1,51
244208;2539;1,41
244209;2538;1,39
244210;2527;1,11
244211;2539;1,41
244212;2512;0,73
244213;2516;0,83
244214;2541;1,46
244215;2524;1,03
244216;2513;0,75
244217;2512;0,73
244218;2544;1,54
244219;2513;0,75
244220;2512;0,73
244221;2501;0,45
244222;2512;0,73
244223;2505;0,55
244224;2533;1,26
244225;2518;0,88
244226;2532;1,23
244227;2521;0,96
244228;2512;0,73
244229;2549;1,66
244230;2509;0,65
244231;2531;1,21
244232;2558;1,89
244233;2502;0,48
244234;2512;0,73
244235;2534;1,29
244236;2512;0,73
244237;2512;0,73
244238;2535;1,31
244239;2522;0,98
244240;2534;1,29
244241;2513;0,75
244242;2525;1,06
244243;2514;0,78
244244;2511;0,70
244245;2513;0,75
244246;2537;1,36
244247;2531;1,21
244248;2518;0,88
244249;2512;0,73
244250;2526;1,08
244251;2527;1,11
244252;2511;0,70
244253;2515;0,80
244254;2507;0,60
244255;2522;0,98
244256;2513;0,75
244257;2517;0,86
244258;2512;0,73
244259;2528;1,13
244260;2544;1,54
244261;2512;0,73
244262;2521;0,96
244263;2501;0,45
244264;2549;1,66
244265;2517;0,86
244266;2542;1,49
244267;2512;0,73
244268;2531;1,21
244269;2512;0,73
244270;2525;1,06
244271;2512;0,73
244272;2538;1,39
244273;2505;0,55
244274;2557;1,87
244275;2534;1,29
244276;2550;1,69
244277;2518;0,88
244278;2513;0,75
244279;2518;0,88
244280;2519;0,91
244281;2510;0,68
244282;2489;0,15
244283;2497;0,35
244284;2522;0,98
244285;2506;0,58
244286;2529;1,16
244287;2511;0,70
244288;2530;1,18
244289;2526;1,08
244290;2535;1,31
244291;2535;1,31
244292;2519;0,91
244293;2543;1,51
244294;2511;0,70
244295;2518;0,88
244296;2511;0,70
244297;2502;0,48
244298;2519;0,91
244299;2527;1,11
244300;2533;1,26
244301;2527;1,11
244302;2549;1,66
244303;2512;0,73
244304;2525;1,06
244305;2547;1,61
244306;2509;0,65
244307;2554;1,79
244308;2538;1,39
244309;2484;0,02
244310;2533;1,26
244311;2512;0,73
244312;2543;1,51
244313;2496;0,32
244314;2544;1,54
244315;2518;0,88
244316;2544;1,54
244317;2495;0,30
244318;2544;1,54
244319;2518;0,88
244320;2512;0,73
244321;2530;1,18
244322;2535;1,31
244323;2518;0,88
244324;2527;1,11
244325;2531;1,21
244326;2528;1,13
244327;2521;0,96
244328;2523;1,01
244329;2509;0,65
244330;2519;0,91
244331;2539;1,41
244332;2533;1,26
244333;2511;0,70
244334;2527;1,11
244335;2526;1,08
244336;2538;1,39
244337;2526;1,08
244338;2515;0,80
244339;2514;0,78
244340;2529;1,16
244341;2514;0,78
244342;2517;0,86
244343;2514;0,78
244344;2535;1,31
244345;2533;1,26
244346;2537;1,36
244347;2519;0,91
244348;2526;1,08
244349;2529;1,16
244350;2512;0,73
244351;2539;1,41
244352;2527;1,11
244353;2523;1,01
244354;2515;0,80
244355;2522;0,98
244356;2542;1,49
244357;2505;0,55
244358;2519;0,91
244359;2519;0,91
244360;2536;1,34
244361;2534;1,29
244362;2512;0,73
244363;2512;0,73
244364;2512;0,73
244365;2519;0,91
244366;2523;1,01
244367;2515;0,80
244368;2551;1,72
244369;2532;1,23
244370;2508;0,63
244371;2523;1,01
244372;2521;0,96
244373;2528;1,13
244374;2531;1,21
244375;2528;1,13
244376;2503;0,50
244377;2538;1,39
244378;2534;1,29
244379;2514;0,78
244380;2544;1,54
244381;2509;0,65
244382;2549;1,66
244383;2523;1,01
244384;2545;1,56
244385;2554;1,79
244386;2543;1,51
244387;2512;0,73
244388;2531;1,21
244389;2517;0,86
244390;2521;0,96
244391;2521;0,96
244392;2543;1,51
244393;2526;1,08
244394;2531;1,21
244395;2509;0,65
244396;2542;1,49
244397;2513;0,75
244398;2521;0,96
244399;2527;1,11
244400;2520;0,93
244401;2495;0,30
244402;2527;1,11
244403;2514;0,78
244404;2557;1,87
244405;2533;1,26
244406;2521;0,96
244407;2513;0,75
244408;2523;1,01
244409;2520;0,93
244410;2529;1,16
244411;2533;1,26
244412;2522;0,98
244413;2539;1,41
244414;2535;1,31
244415;2537;1,36
244416;2509;0,65
244417;2537;1,36
244418;2535;1,31
244419;2513;0,75
244420;2541;1,46
244421;2527;1,11
244422;2518;0,88
244423;2528;1,13
244424;2531;1,21
244425;2530;1,18
244426;2501;0,45
244427;2528;1,13
244428;2530;1,18
244429;2511;0,70
244430;2512;0,73
244431;2530;1,18
244432;2513;0,75
244433;2514;0,78
244434;2530;1,18
244435;2518;0,88
244436;2511;0,70
244437;2519;0,91
244438;2523;1,01
244439;2523;1,01
244440;2534;1,29
244441;2522;0,98
244442;2506;0,58
244443;2527;1,11
244444;2531;1,21
244445;2528;1,13
244446;2559;1,92
244447;2515;0,80
244448;2511;0,70
244449;2524;1,03
244450;2511;0,70
244451;2533;1,26
244452;2535;1,31
244453;2512;0,73
244454;2518;0,88
244455;2521;0,96
244456;2534;1,29
244457;2512;0,73
244458;2558;1,89
244459;2555;1,82
244460;2544;1,54
244461;2544;1,54
244462;2541;1,46
244463;2514;0,78
244464;2517;0,86
244465;2511;0,70
244466;2523;1,01
244467;2529;1,16
244468;2523;1,01
244469;2514;0,78
244470;2514;0,78
244471;2529;1,16
244472;2507;0,60
244473;2537;1,36
244474;2532;1,23
244475;2512;0,73
244476;2517;0,86
244477;2522;0,98
244478;2541;1,46
244479;2512;0,73
244480;2516;0,83
244481;2518;0,88
244482;2528;1,13
244483;2531;1,21
244484;2519;0,91
244485;2526;1,08
244486;2518;0,88
244487;2521;0,96
244488;2526;1,08
244489;2517;0,86
244490;2523;1,01
244491;2527;1,11
244492;2534;1,29
244493;2510;0,68
244494;2521;0,96
244495;2528;1,13
244496;2528;1,13
244497;2524;1,03
244498;2534;1,29
244499;2480;0,00
244500;2519;0,91
244501;2528;1,13
244502;2527;1,11
244503;2523;1,01
244504;2533;1,26
244505;2515;0,80
244506;2539;1,41
244507;2523;1,01
244508;2497;0,35
244509;2519;0,91
244510;2541;1,46
244511;2522;0,98
244512;2529;1,16
244513;2524;1,03
244514;2517;0,86
244515;2478;0,00
244516;2544;1,54
244517;2513;0,75
244518;2533;1,26
244519;2538;1,39
244520;2538;1,39
244521;2512;0,73
244522;2522;0,98
244523;2481;0,00
244524;2528;1,13
244525;2518;0,88
244526;2512;0,73
244527;2506;0,58
244528;2541;1,46
244529;2529;1,16
244530;2517;0,86
244531;2529;1,16
244532;2512;0,73
244533;2513;0,75
244534;2527;1,11
244535;2520;0,93
244536;2527;1,11
244537;2525;1,06
244538;2524;1,03
244539;2517;0,86
244540;2521;0,96
244541;2533;1,26
244542;2512;0,73
244543;2513;0,75
244544;2529;1,16
244545;2511;0,70
244546;2525;1,06
244547;2511;0,70
244548;2532;1,23
244549;2521;0,96
244550;2519;0,91
244551;2527;1,11
244552;2522;0,98
244553;2512;0,73
244554;2511;0,70
244555;2519;0,91
244556;2519;0,91
244557;2512;0,73
244558;2532;1,23
244559;2514;0,78
244560;2485;0,05
244561;2511;0,70
244562;2517;0,86
244563;2509;0,65
244564;2517;0,86
244565;2512;0,73
244566;2550;1,69
244567;2531;1,21
244568;2499;0,40
244569;2512;0,73
244570;2507;0,60
244571;2538;1,39
244572;2534;1,29
244573;2532;1,23
244574;2508;0,63
244575;2534;1,29
244576;2525;1,06
244577;2501;0,45
244578;2527;1,11
244579;2533;1,26
244580;2528;1,13
244581;2533;1,26
244582;2513;0,75
244583;2513;0,75
244584;2518;0,88
244585;2515;0,80
244586;2513;0,75
244587;2535;1,31
244588;2512;0,73
244589;2512;0,73
244590;2526;1,08
244591;2526;1,08
244592;2525;1,06
244593;2516;0,83
244594;2512;0,73
244595;2515;0,80
244596;2544;1,54
244597;2512;0,73
244598;2542;1,49
244599;2526;1,08
244600;2533;1,26
244601;2518;0,88
244602;2505;0,55
244603;2531;1,21
244604;2545;1,56
244605;2538;1,39
244606;2522;0,98
244607;2523;1,01
244608;2530;1,18
244609;2544;1,54
244610;2512;0,73
244611;2523;1,01
244612;2528;1,13
244613;2515;0,80
244614;2517;0,86
244615;2556;1,84
244616;2548;1,64
244617;2521;0,96
244618;2531;1,21
244619;2506;0,58
244620;2499;0,40
244621;2485;0,05
244622;2526;1,08
244623;2547;1,61
244624;2558;1,89
244625;2519;0,91
244626;2533;1,26
244627;2527;1,11
244628;2527;1,11
244629;2518;0,88
244630;2544;1,54
244631;2542;1,49
244632;2533;1,26
244633;2517;0,86
244634;2530;1,18
244635;2516;0,83
244636;2530;1,18
244637;2512;0,73
244638;2528;1,13
244639;2524;1,03
244640;2513;0,75
244641;2541;1,46
244642;2502;0,48
244643;2523;1,01
244644;2510;0,68
244645;2509;0,65
244646;2525;1,06
244647;2512;0,73
244648;2535;1,31
244649;2527;1,11
244650;2544;1,54
244651;2525;1,06
244652;2515;0,80
244653;2529;1,16
244654;2526;1,08
244655;2537;1,36
244656;2540;1,44
244657;2527;1,11
244658;2531;1,21
244659;2521;0,96
244660;2454;0,00
244661;2523;1,01
244662;2542;1,49
244663;2509;0,65
244664;2511;0,70
244665;2523;1,01
244666;2538;1,39
244667;2512;0,73
244668;2534;1,29
244669;2518;0,88
244670;2521;0,96
244671;2529;1,16
244672;2513;0,75
244673;2514;0,78
244674;2528;1,13
244675;2526;1,08
244676;2519;0,91
244677;2518;0,88
244678;2533;1,26
244679;2531;1,21
244680;2518;0,88
244681;2535;1,31
244682;2535;1,31
244683;2528;1,13
244684;2534;1,29
244685;2535;1,31
244686;2509;0,65
244687;2537;1,36
244688;2521;0,96
244689;2545;1,56
244690;2517;0,86
244691;2533;1,26
244692;2559;1,92
244693;2517;0,86
244694;2512;0,73
244695;2524;1,03
244696;2530;1,18
244697;2522;0,98
244698;2509;0,65
244699;2533;1,26
244700;2509;0,65
244701;2489;0,15
244702;2512;0,73
244703;2537;1,36
244704;2547;1,61
244705;2531;1,21
244706;2525;1,06
244707;2516;0,83
244708;2516;0,83
244709;2523;1,01
244710;2543;1,51
244711;2531;1,21
244712;2544;1,54
244713;2517;0,86
244714;2531;1,21
244715;2514;0,78
244716;2538;1,39
244717;2509;0,65
244718;2515;0,80
244719;2530;1,18
244720;2522;0,98
244721;2527;1,11
244722;2516;0,83
244723;2519;0,91
244724;2513;0,75
244725;2525;1,06
244726;2497;0,35
244727;2539;1,41
244728;2538;1,39
244729;2499;0,40
244730;2522;0,98
244731;2511;0,70
244732;2543;1,51
244733;2539;1,41
244734;2519;0,91
244735;2480;0,00
244736;2505;0,55
244737;2512;0,73
244738;2523;1,01
244739;2528;1,13
244740;2515;0,80
244741;2545;1,56
244742;2544;1,54
244743;2531;1,21
244744;2513;0,75
244745;2523;1,01
244746;2539;1,41
244747;2527;1,11
244748;2498;0,37
244749;2537;1,36
244750;2541;1,46
244751;2510;0,68
244752;2530;1,18
244753;2506;0,58
244754;2534;1,29
244755;2474;0,00
244756;2512;0,73
244757;2533;1,26
244758;2538;1,39
244759;2527;1,11
244760;2514;0,78
244761;2541;1,46
244762;2519;0,91
244763;2536;1,34
244764;2533;1,26
244765;2544;1,54
244766;2535;1,31
244767;2458;0,00
244768;2556;1,84
244769;2537;1,36
244770;2523;1,01
244771;2496;0,32
244772;2527;1,11
244773;2528;1,13
244774;2550;1,69
244775;2508;0,63
244776;2559;1,92
244777;2523;1,01
244778;2542;1,49
244779;2511;0,70
244780;2506;0,58
244781;2544;1,54
244782;2476;0,00
244783;2509;0,65
244784;2514;0,78
244785;2496;0,32
244786;2537;1,36
244787;2511;0,70
244788;2492;0,22
244789;2512;0,73
244790;2530;1,18
244791;2545;1,56
244792;2539;1,41
244793;2512;0,73
244794;2543;1,51
244795;2514;0,78
244796;2510;0,68
244797;2529;1,16
244798;2559;1,92
244799;2523;1,01
244800;2496;0,32
244801;2522;0,98
244802;2544;1,54
244803;2534;1,29
244804;2506;0,58
244805;2517;0,86
244806;2519;0,91
244807;2522;0,98
244808;2541;1,46
244809;2530;1,18
244810;2525;1,06
244811;2515;0,80
244812;2513;0,75
244813;2508;0,63
244814;2528;1,13
244815;2522;0,98
244816;2512;0,73
244817;2522;0,98
244818;2539;1,41
244819;2517;0,86
244820;2525;1,06
244821;2521;0,96
244822;2512;0,73
244823;2499;0,40
244824;2528;1,13
244825;2539;1,41
244826;2535;1,31
244827;2514;0,78
244828;2529;1,16
244829;2515;0,80
244830;2510;0,68
244831;2514;0,78
244832;2495;0,30
244833;2512;0,73
244834;2527;1,11
244835;2509;0,65
244836;2493;0,25
244837;2516;0,83
244838;2547;1,61
244839;2512;0,73
244840;2529;1,16
244841;2535;1,31
244842;2495;0,30
244843;2518;0,88
244844;2519;0,91
244845;2513;0,75
244846;2542;1,49
244847;2533;1,26
244848;2512;0,73
244849;2509;0,65
244850;2547;1,61
244851;2519;0,91
244852;2533;1,26
244853;2513;0,75
244854;2530;1,18
244855;2529;1,16
244856;2544;1,54
244857;2518;0,88
244858;2527;1,11
244859;2537;1,36
244860;2545;1,56
244861;2519;0,91
244862;2496;0,32
244863;2518;0,88
244864;2533;1,26
244865;2504;0,53
244866;2528;1,13
244867;2527;1,11
244868;2538;1,39
244869;2503;0,50
244870;2522;0,98
244871;2519;0,91
244872;2509;0,65
244873;2529;1,16
244874;2506;0,58
244875;2479;0,00
244876;2514;0,78
244877;2545;1,56
244878;2478;0,00
244879;2484;0,02
244880;2559;1,92
244881;2519;0,91
244882;2533;1,26
244883;2501;0,45
244884;2531;1,21
244885;2513;0,75
244886;2512;0,73
244887;2511;0,70
244888;2511;0,70
244889;2544;1,54
244890;2533;1,26
244891;2549;1,66
244892;2526;1,08
244893;2545;1,56
244894;2546;1,59
244895;2535;1,31
244896;2558;1,89
244897;2526;1,08
244898;2521;0,96
244899;2512;0,73
244900;2499;0,40
244901;2477;0,00
244902;2512;0,73
244903;2543;1,51
244904;2517;0,86
244905;2506;0,58
244906;2503;0,50
244907;2543;1,51
244908;2512;0,73
244909;2512;0,73
244910;2519;0,91
244911;2513;0,75
244912;2512;0,73
244913;2517;0,86
244914;2514;0,78
244915;2549;1,66
244916;2519;0,91
244917;2543;1,51
244918;2512;0,73
244919;2533;1,26
244920;2503;0,50
244921;2518;0,88
244922;2512;0,73
244923;2531;1,21
244924;2529;1,16
244925;2539;1,41
244926;2509;0,65
244927;2499;0,40
244928;2511;0,70
244929;2523;1,01
244930;2515;0,80
244931;2519;0,91
244932;2499;0,40
244933;2527;1,11
244934;2512;0,73
244935;2498;0,37
244936;2518;0,88
244937;2511;0,70
244938;2512;0,73
244939;2513;0,75
244940;2496;0,32
244941;2512;0,73
244942;2514;0,78
244943;2506;0,58
244944;2495;0,30
244945;2503;0,50
244946;2534;1,29
244947;2499;0,40
244948;2497;0,35
244949;2549;1,66
244950;2521;0,96
244951;2521;0,96
244952;2512;0,73
244953;2507;0,60
244954;2518;0,88
244955;2547;1,61
244956;2507;0,60
244957;2523;1,01
244958;2519;0,91
244959;2527;1,11
244960;2491;0,20
244961;2559;1,92
244962;2523;1,01
244963;2541;1,46
244964;2511;0,70
244965;2528;1,13
244966;2511;0,70
244967;2529;1,16
244968;2525;1,06
244969;2527;1,11
244970;2475;0,00
244971;2544;1,54
244972;2480;0,00
244973;2471;0,00
244974;2517;0,86
244975;2507;0,60
244976;2512;0,73
244977;2475;0,00
244978;2512;0,73
244979;2462;0,00
244980;2518;0,88
244981;2505;0,55
244982;2510;0,68
244983;2525;1,06
244984;2517;0,86
244985;2532;1,23
244986;2494;0,27
244987;2517;0,86
244988;2519;0,91
244989;2480;0,00
244990;2512;0,73
244991;2477;0,00
244992;2501;0,45
244993;2519;0,91
244994;2513;0,75
244995;2524;1,03
244996;2508;0,63
244997;2545;1,56
244998;2507;0,60
244999;2490;0,17
245000;2511;0,70
245001;2500;0,43
245002;2518;0,88
245003;2534;1,29
245004;2523;1,01
245005;2512;0,73
245006;2543;1,51
245007;2503;0,50
245008;2498;0,37
245009;2544;1,54
245010;2544;1,54
245011;2516;0,83
245012;2529;1,16
245013;2521;0,96
245014;2518;0,88
245015;2541;1,46
245016;2518;0,88
245017;2523;1,01
245018;2486;0,07
245019;2528;1,13
245020;2526;1,08
245021;2530;1,18
245022;2528;1,13
245023;2515;0,80
245024;2523;1,01
245025;2529;1,16
245026;2499;0,40
245027;2559;1,92
245028;2542;1,49
245029;2518;0,88
245030;2491;0,20
245031;2525;1,06
245032;2535;1,31
245033;2511;0,70
245034;2494;0,27
245035;2523;1,01
245036;2505;0,55
245037;2528;1,13
245038;2511;0,70
245039;2535;1,31
245040;2535;1,31
245041;2522;0,98
245042;2515;0,80
245043;2522;0,98
245044;2539;1,41
245045;2529;1,16
245046;2528;1,13
245047;2509;0,65
245048;2494;0,27
245049;2497;0,35
245050;2529;1,16
245051;2540;1,44
245052;2503;0,50
245053;2529;1,16
245054;2535;1,31
245055;2544;1,54
245056;2507;0,60
245057;2533;1,26
245058;2534;1,29
245059;2531;1,21
245060;2534;1,29
245061;2518;0,88
245062;2522;0,98
245063;2522;0,98
245064;2535;1,31
245065;2527;1,11
245066;2527;1,11
245067;2544;1,54
245068;2544;1,54
245069;2485;0,05
245070;2538;1,39
245071;2505;0,55
245072;2505;0,55
245073;2533;1,26
245074;2533;1,26
245075;2499;0,40
245076;2496;0,32
245077;2476;0,00
245078;2520;0,93
245079;2532;1,23
245080;2519;0,91
245081;2486;0,07
245082;2544;1,54
245083;2502;0,48
245084;2546;1,59
245085;2515;0,80
245086;2527;1,11
245087;2515;0,80
245088;2485;0,05
245089;2486;0,07
245090;2527;1,11
245091;2524;1,03
245092;2512;0,73
245093;2529;1,16
245094;2483;0,00
245095;2544;1,54
245096;2520;0,93
245097;2528;1,13
245098;2476;0,00
245099;2533;1,26
245100;2480;0,00
245101;2544;1,54
245102;2480;0,00
245103;2517;0,86
245104;2478;0,00
245105;2480;0,00
245106;2481;0,00
245107;2515;0,80
245108;2479;0,00
245109;2534;1,29
245110;2478;0,00
245111;2544;1,54
245112;2480;0,00
245113;2536;1,34
245114;2483;0,00
245115;2528;1,13
245116;2477;0,00
245117;2535;1,31
245118;2482;0,00
245119;2544;1,54
245120;2480;0,00
245121;2499;0,40
245122;2480;0,00
245123;2514;0,78
245124;2480;0,00
245125;2514;0,78
245126;2473;0,00
245127;2541;1,46
245128;2478;0,00
245129;2534;1,29
245130;2475;0,00
245131;2538;1,39
245132;2469;0,00
245133;2530;1,18
245134;2480;0,00
245135;2533;1,26
245136;2478;0,00
245137;2513;0,75
245138;2481;0,00
245139;2544;1,54
245140;2473;0,00
245141;2519;0,91
245142;2485;0,05
245143;2523;1,01
245144;2480;0,00
245145;2544;1,54
245146;2476;0,00
245147;2512;0,73
245148;2471;0,00
245149;2496;0,32
245150;2479;0,00
245151;2525;1,06
245152;2475;0,00
245153;2525;1,06
245154;2480;0,00
245155;2532;1,23
245156;2474;0,00
245157;2525;1,06
245158;2475;0,00
245159;2528;1,13
245160;2478;0,00
245161;2469;0,00
245162;2473;0,00
245163;2537;1,36
245164;2480;0,00
245165;2550;1,69
245166;2474;0,00
245167;2544;1,54
245168;2479;0,00
245169;2533;1,26
245170;2478;0,00
245171;2530;1,18
245172;2480;0,00
245173;2539;1,41
245174;2475;0,00
245175;2491;0,20
245176;2483;0,00
245177;2539;1,41
245178;2480;0,00
245179;2535;1,31
245180;2478;0,00
245181;2531;1,21
245182;2477;0,00
245183;2525;1,06
245184;2480;0,00
245185;2527;1,11
245186;2477;0,00
245187;2532;1,23
245188;2477;0,00
245189;2535;1,31
245190;2469;0,00
245191;2537;1,36
245192;2473;0,00
245193;2531;1,21
245194;2480;0,00
245195;2526;1,08
245196;2480;0,00
245197;2542;1,49
245198;2490;0,17
245199;2559;1,92
245200;2475;0,00
245201;2559;1,92
245202;2479;0,00
245203;2542;1,49
245204;2481;0,00
245205;2525;1,06
245206;2482;0,00
245207;2512;0,73
245208;2482;0,00
245209;2523;1,01
245210;2473;0,00
245211;2550;1,69
245212;2479;0,00
245213;2513;0,75
245214;2474;0,00
245215;2519;0,91
245216;2477;0,00
245217;2549;1,66
245218;2476;0,00
245219;2508;0,63
245220;2487;0,10
245221;2525;1,06
245222;2480;0,00
245223;2546;1,59
245224;2477;0,00
245225;2547;1,61
245226;2479;0,00
245227;2530;1,18
245228;2482;0,00
245229;2481;0,00
245230;2480;0,00
245231;2531;1,21
245232;2483;0,00
245233;2527;1,11
245234;2482;0,00
245235;2527;1,11
245236;2480;0,00
245237;2531;1,21
245238;2478;0,00
245239;2530;1,18
245240;2477;0,00
245241;2559;1,92
245242;2479;0,00
245243;2543;1,51
245244;2487;0,10
245245;2519;0,91
245246;2480;0,00
245247;2553;1,77
245248;2480;0,00
245249;2545;1,56
245250;2470;0,00
245251;2521;0,96
245252;2474;0,00
245253;2559;1,92
245254;2481;0,00
245255;2537;1,36
245256;2482;0,00
245257;2538;1,39
245258;2481;0,00
245259;2513;0,75
245260;2490;0,17
245261;2544;1,54
245262;2476;0,00
245263;2544;1,54
245264;2479;0,00
245265;2541;1,46
245266;2479;0,00
245267;2534;1,29
245268;2480;0,00
245269;2502;0,48
245270;2480;0,00
245271;2522;0,98
245272;2480;0,00
245273;2496;0,32
245274;2471;0,00
245275;2531;1,21
245276;2481;0,00
245277;2503;0,50
245278;2477;0,00
245279;2547;1,61
245280;2477;0,00
245281;2506;0,58
245282;2482;0,00
245283;2531;1,21
245284;2477;0,00
245285;2537;1,36
245286;2483;0,00
245287;2523;1,01
245288;2480;0,00
245289;2527;1,11
245290;2470;0,00
245291;2493;0,25
245292;2481;0,00
245293;2537;1,36
245294;2480;0,00
245295;2512;0,73
245296;2475;0,00
245297;2523;1,01
245298;2489;0,15
245299;2501;0,45
245300;2485;0,05
245301;2523;1,01
245302;2480;0,00
245303;2541;1,46
245304;2479;0,00
245305;2527;1,11
245306;2480;0,00
245307;2551;1,72
245308;2477;0,00
245309;2547;1,61
245310;2477;0,00
245311;2519;0,91
245312;2480;0,00
245313;2538;1,39
245314;2475;0,00
245315;2541;1,46
245316;2499;0,40
245317;2511;0,70
245318;2483;0,00
245319;2531;1,21
245320;2487;0,10
245321;2529;1,16
245322;2469;0,00
245323;2555;1,82
245324;2474;0,00
245325;2538;1,39
245326;2477;0,00
245327;2550;1,69
245328;2480;0,00
245329;2500;0,43
245330;2483;0,00
245331;2539;1,41
245332;2480;0,00
245333;2555;1,82
245334;2479;0,00
245335;2480;0,00
245336;2477;0,00
245337;2481;0,00
245338;2487;0,10
245339;2531;1,21
245340;2475;0,00
245341;2544;1,54
245342;2483;0,00
245343;2478;0,00
245344;2485;0,05
245345;2537;1,36
245346;2481;0,00
245347;2535;1,31
245348;2477;0,00
245349;2481;0,00
245350;2480;0,00
245351;2481;0,00
245352;2477;0,00
245353;2525;1,06
245354;2479;0,00
245355;2519;0,91
245356;2483;0,00
245357;2530;1,18
245358;2476;0,00
245359;2559;1,92
245360;2479;0,00
245361;2528;1,13
245362;2479;0,00
245363;2529;1,16
245364;2473;0,00
245365;2522;0,98
245366;2486;0,07
245367;2515;0,80
245368;2478;0,00
245369;2509;0,65
245370;2481;0,00
245371;2537;1,36
245372;2480;0,00
245373;2522;0,98
245374;2486;0,07
245375;2519;0,91
245376;2477;0,00
245377;2518;0,88
245378;2475;0,00
245379;2547;1,61
245380;2482;0,00
245381;2506;0,58
245382;2480;0,00
245383;2544;1,54
245384;2477;0,00
245385;2531;1,21
245386;2481;0,00
245387;2531;1,21
245388;2479;0,00
245389;2544;1,54
245390;2478;0,00
245391;2518;0,88
245392;2476;0,00
245393;2533;1,26
245394;2477;0,00
245395;2535;1,31
245396;2482;0,00
245397;2512;0,73
245398;2480;0,00
245399;2544;1,54
245400;2477;0,00
245401;2526;1,08
245402;2475;0,00
245403;2537;1,36
245404;2480;0,00
245405;2451;0,00
245406;2481;0,00
245407;2471;0,00
245408;2480;0,00
245409;2506;0,58
245410;2474;0,00
245411;2521;0,96
245412;2480;0,00
245413;2543;1,51
245414;2471;0,00
245415;2486;0,07
245416;2478;0,00
245417;2494;0,27
245418;2482;0,00
245419;2559;1,92
245420;2480;0,00
245421;2474;0,00
245422;2480;0,00
245423;2476;0,00
245424;2480;0,00
245425;2475;0,00
245426;2479;0,00
245427;2481;0,00
245428;2471;0,00
245429;2498;0,37
245430;2483;0,00
245431;2544;1,54
245432;2484;0,02
245433;2480;0,00
245434;2483;0,00
245435;2475;0,00
245436;2481;0,00
245437;2503;0,50
245438;2481;0,00
245439;2495;0,30
245440;2486;0,07
245441;2546;1,59
245442;2480;0,00
245443;2501;0,45
245444;2480;0,00
245445;2526;1,08
245446;2477;0,00
245447;2518;0,88
245448;2481;0,00
245449;2474;0,00
245450;2480;0,00
245451;2490;0,17
245452;2483;0,00
245453;2541;1,46
245454;2479;0,00
245455;2557;1,87
245456;2480;0,00
245457;2474;0,00
245458;2481;0,00
245459;2510;0,68
245460;2480;0,00
245461;2543;1,51
245462;2480;0,00
245463;2543;1,51
245464;2476;0,00
245465;2523;1,01
245466;2480;0,00
245467;2513;0,75
245468;2474;0,00
245469;2535;1,31
245470;2474;0,00
245471;2478;0,00
245472;2473;0,00
245473;2559;1,92
245474;2479;0,00
245475;2532;1,23
245476;2486;0,07
245477;2492;0,22
245478;2482;0,00
245479;2534;1,29
245480;2483;0,00
245481;2528;1,13
245482;2489;0,15
245483;2559;1,92
245484;2489;0,15
245485;2534;1,29
245486;2480;0,00
245487;2559;1,92
245488;2470;0,00
245489;2527;1,11
245490;2483;0,00
245491;2506;0,58
245492;2480;0,00
245493;2559;1,92
245494;2475;0,00
245495;2555;1,82
245496;2481;0,00
245497;2539;1,41
245498;2480;0,00
245499;2533;1,26
245500;2486;0,07
245501;2537;1,36
245502;2480;0,00
245503;2533;1,26
245504;2480;0,00
245505;2559;1,92
245506;2481;0,00
245507;2544;1,54
245508;2484;0,02
245509;2534;1,29
245510;2485;0,05
245511;2518;0,88
245512;2475;0,00
245513;2531;1,21
245514;2480;0,00
245515;2551;1,72
245516;2480;0,00
245517;2551;1,72
245518;2473;0,00
245519;2502;0,48
245520;2475;0,00
245521;2492;0,22
245522;2479;0,00
245523;2537;1,36
245524;2480;0,00
245525;2498;0,37
245526;2474;0,00
245527;2481;0,00
245528;2478;0,00
245529;2538;1,39
245530;2471;0,00
245531;2529;1,16
245532;2485;0,05
245533;2512;0,73
245534;2481;0,00
245535;2498;0,37
245536;2482;0,00
245537;2541;1,46
245538;2480;0,00
245539;2534;1,29
245540;2485;0,05
245541;2487;0,10
245542;2480;0,00
245543;2527;1,11
245544;2486;0,07
245545;2559;1,92
245546;2480;0,00
245547;2517;0,86
245548;2501;0,45
245549;2477;0,00
245550;2473;0,00
245551;2525;1,06
245552;2478;0,00
245553;2505;0,55
245554;2480;0,00
245555;2461;0,00
245556;2479;0,00
245557;2525;1,06
245558;2480;0,00
245559;2517;0,86
245560;2482;0,00
245561;2531;1,21
245562;2470;0,00
245563;2512;0,73
245564;2486;0,07
245565;2559;1,92
245566;2480;0,00
245567;2493;0,25
245568;2480;0,00
245569;2545;1,56
245570;2480;0,00
245571;2526;1,08
245572;2480;0,00
245573;2467;0,00
245574;2480;0,00
245575;2518;0,88
245576;2479;0,00
245577;2519;0,91
245578;2482;0,00
245579;2474;0,00
245580;2484;0,02
245581;2559;1,92
245582;2477;0,00
245583;2489;0,15
245584;2487;0,10
245585;2543;1,51
245586;2483;0,00
245587;2545;1,56
245588;2485;0,05
245589;2559;1,92
245590;2484;0,02
245591;2559;1,92
245592;2480;0,00
245593;2535;1,31
245594;2477;0,00
245595;2514;0,78
245596;2480;0,00
245597;2480;0,00
245598;2485;0,05
245599;2481;0,00
245600;2475;0,00
245601;2515;0,80
245602;2478;0,00
245603;2539;1,41
245604;2481;0,00
245605;2469;0,00
245606;2487;0,10
245607;2506;0,58
245608;2492;0,22
245609;2525;1,06
245610;2482;0,00
245611;2544;1,54
245612;2478;0,00
245613;2479;0,00
245614;2477;0,00
245615;2544;1,54
245616;2481;0,00
245617;2534;1,29
245618;2480;0,00
245619;2512;0,73
245620;2499;0,40
245621;2493;0,25
245622;2485;0,05
245623;2487;0,10
245624;2477;0,00
245625;2581;2,47
245626;2478;0,00
245627;2521;0,96
245628;2480;0,00
245629;2518;0,88
245630;2480;0,00
245631;2478;0,00
245632;2479;0,00
245633;2512;0,73
245634;2480;0,00
245635;2531;1,21
245636;2481;0,00
245637;2554;1,79
245638;2486;0,07
245639;2469;0,00
245640;2480;0,00
245641;2469;0,00
245642;2480;0,00
245643;2544;1,54
245644;2477;0,00
245645;2524;1,03
245646;2490;0,17
245647;2547;1,61
245648;2485;0,05
245649;2487;0,10
245650;2477;0,00
245651;2512;0,73
245652;2480;0,00
245653;2486;0,07
245654;2486;0,07
245655;2462;0,00
245656;2485;0,05
245657;2545;1,56
245658;2481;0,00
245659;2546;1,59
245660;2475;0,00
245661;2509;0,65
245662;2493;0,25
245663;2482;0,00
245664;2481;0,00
245665;2544;1,54
245666;2486;0,07
245667;2508;0,63
245668;2476;0,00
245669;2512;0,73
245670;2479;0,00
245671;2478;0,00
245672;2479;0,00
245673;2542;1,49
245674;2476;0,00
245675;2526;1,08
245676;2470;0,00
245677;2559;1,92
245678;2481;0,00
245679;2512;0,73
245680;2480;0,00
245681;2489;0,15
245682;2483;0,00
245683;2543;1,51
245684;2480;0,00
245685;2533;1,26
245686;2474;0,00
245687;2559;1,92
245688;2483;0,00
245689;2551;1,72
245690;2482;0,00
245691;2480;0,00
245692;2480;0,00
245693;2547;1,61
245694;2478;0,00
245695;2553;1,77
245696;2481;0,00
245697;2528;1,13
245698;2479;0,00
245699;2471;0,00
245700;2480;0,00
245701;2539;1,41
245702;2480;0,00
245703;2526;1,08
245704;2473;0,00
245705;2470;0,00
245706;2474;0,00
245707;2530;1,18
245708;2486;0,07
245709;2538;1,39
245710;2479;0,00
245711;2543;1,51
245712;2478;0,00
245713;2512;0,73
245714;2502;0,48
245715;2512;0,73
245716;2477;0,00
245717;2544;1,54
245718;2474;0,00
245719;2529;1,16
245720;2480;0,00
245721;2479;0,00
245722;2480;0,00
245723;2529;1,16
245724;2481;0,00
245725;2547;1,61
245726;2483;0,00
245727;2544;1,54
245728;2480;0,00
245729;2480;0,00
245730;2483;0,00
245731;2496;0,32
245732;2476;0,00
245733;2549;1,66
245734;2480;0,00
245735;2495;0,30
245736;2480;0,00
245737;2533;1,26
245738;2483;0,00
245739;2493;0,25
245740;2471;0,00
245741;2514;0,78
245742;2471;0,00
245743;2478;0,00
245744;2481;0,00
245745;2518;0,88
245746;2475;0,00
245747;2538;1,39
245748;2479;0,00
245749;2544;1,54
245750;2477;0,00
245751;2480;0,00
245752;2483;0,00
245753;2481;0,00
245754;2483;0,00
245755;2475;0,00
245756;2475;0,00
245757;2529;1,16
245758;2478;0,00
245759;2503;0,50
245760;2480;0,00
245761;2480;0,00
245762;2480;0,00
245763;2506;0,58
245764;2481;0,00
245765;2509;0,65
245766;2483;0,00
245767;2539;1,41
245768;2480;0,00
245769;2479;0,00
245770;2475;0,00
245771;2510;0,68
245772;2481;0,00
245773;2507;0,60
245774;2480;0,00
245775;2480;0,00
245776;2477;0,00
245777;2502;0,48
245778;2469;0,00
245779;2544;1,54
245780;2481;0,00
245781;2490;0,17
245782;2479;0,00
245783;2507;0,60
245784;2487;0,10
245785;2539;1,41
245786;2489;0,15
245787;2480;0,00
245788;2479;0,00
245789;2496;0,32
245790;2481;0,00
245791;2515;0,80
245792;2481;0,00
245793;2477;0,00
245794;2477;0,00
245795;2547;1,61
245796;2475;0,00
245797;2515;0,80
245798;2482;0,00
245799;2528;1,13
245800;2487;0,10
245801;2517;0,86
245802;2483;0,00
245803;2535;1,31
245804;2475;0,00
245805;2473;0,00
245806;2481;0,00
245807;2502;0,48
245808;2477;0,00
245809;2487;0,10
245810;2480;0,00
245811;2508;0,63
245812;2480;0,00
245813;2474;0,00
245814;2485;0,05
245815;2529;1,16
245816;2477;0,00
245817;2531;1,21
245818;2480;0,00
245819;2475;0,00
245820;2479;0,00
245821;2471;0,00
245822;2480;0,00
245823;2505;0,55
245824;2481;0,00
245825;2476;0,00
245826;2489;0,15
245827;2480;0,00
245828;2480;0,00
245829;2516;0,83
245830;2471;0,00
245831;2494;0,27
245832;2486;0,07
245833;2512;0,73
245834;2481;0,00
245835;2499;0,40
245836;2479;0,00
245837;2515;0,80
245838;2484;0,02
245839;2524;1,03
245840;2483;0,00
245841;2478;0,00
245842;2480;0,00
245843;2458;0,00
245844;2479;0,00
245845;2481;0,00
245846;2481;0,00
245847;2497;0,35
245848;2481;0,00
245849;2543;1,51
245850;2487;0,10
245851;2495;0,30
245852;2484;0,02
245853;2559;1,92
245854;2495;0,30
245855;2469;0,00
245856;2481;0,00
245857;2526;1,08
245858;2483;0,00
245859;2510;0,68
245860;2489;0,15
245861;2501;0,45
245862;2479;0,00
245863;2507;0,60
245864;2483;0,00
245865;2475;0,00
245866;2481;0,00
245867;2495;0,30
245868;2489;0,15
245869;2498;0,37
245870;2480;0,00
245871;2503;0,50
245872;2480;0,00
245873;2533;1,26
245874;2480;0,00
245875;2501;0,45
245876;2479;0,00
245877;2481;0,00
245878;2480;0,00
245879;2474;0,00
245880;2482;0,00
245881;2479;0,00
245882;2480;0,00
245883;2509;0,65
245884;2485;0,05
245885;2503;0,50
245886;2484;0,02
245887;2517;0,86
245888;2480;0,00
245889;2479;0,00
245890;2474;0,00
245891;2507;0,60
245892;2480;0,00
245893;2499;0,40
245894;2480;0,00
245895;2526;1,08
245896;2480;0,00
245897;2463;0,00
245898;2477;0,00
245899;2507;0,60
245900;2476;0,00
245901;2541;1,46
245902;2484;0,02
245903;2528;1,13
245904;2496;0,32
245905;2537;1,36
245906;2484;0,02
245907;2497;0,35
245908;2474;0,00
245909;2471;0,00
245910;2481;0,00
245911;2516;0,83
245912;2480;0,00
245913;2502;0,48
245914;2493;0,25
245915;2529;1,16
245916;2480;0,00
245917;2525;1,06
245918;2486;0,07
245919;2557;1,87
245920;2480;0,00
245921;2527;1,11
245922;2478;0,00
245923;2469;0,00
245924;2483;0,00
245925;2512;0,73
245926;2480;0,00
245927;2528;1,13
245928;2480;0,00
245929;2519;0,91
245930;2480;0,00
245931;2519;0,91
245932;2480;0,00
245933;2536;1,34
245934;2480;0,00
245935;2506;0,58
245936;2481;0,00
245937;2534;1,29
245938;2481;0,00
245939;2547;1,61
245940;2481;0,00
245941;2517;0,86
245942;2485;0,05
245943;2512;0,73
245944;2486;0,07
245945;2525;1,06
245946;2490;0,17
245947;2497;0,35
245948;2494;0,27
245949;2495;0,30
245950;2475;0,00
245951;2518;0,88
245952;2477;0,00
245953;2512;0,73
245954;2484;0,02
245955;2500;0,43
245956;2474;0,00
245957;2479;0,00
245958;2480;0,00
245959;2477;0,00
245960;2477;0,00
245961;2480;0,00
245962;2480;0,00
245963;2526;1,08
245964;2507;0,60
245965;2519;0,91
245966;2475;0,00
245967;2490;0,17
245968;2490;0,17
245969;2513;0,75
245970;2506;0,58
245971;2512;0,73
245972;2497;0,35
245973;2513;0,75
245974;2513;0,75
245975;2506;0,58
245976;2512;0,73
245977;2514;0,78
245978;2521;0,96
245979;2509;0,65
245980;2511;0,70
245981;2515;0,80
245982;2513;0,75
245983;2499;0,40
245984;2503;0,50
245985;2498;0,37
245986;2508;0,63
245987;2513;0,75
245988;2519;0,91
245989;2519;0,91
245990;2512;0,73
245991;2509;0,65
245992;2506;0,58
245993;2523;1,01
245994;2496;0,32
245995;2507;0,60
245996;2513;0,75
245997;2515;0,80
245998;2475;0,00
245999;2497;0,35
246000;2496;0,32
246001;2511;0,70
246002;2508;0,63
246003;2514;0,78
246004;2512;0,73
246005;2511;0,70
246006;2519;0,91
246007;2509;0,65
246008;2509;0,65
246009;2496;0,32
246010;2510;0,68
246011;2496;0,32
246012;2512;0,73
246013;2496;0,32
246014;2506;0,58
246015;2517;0,86
246016;2507;0,60
246017;2506;0,58
246018;2515;0,80
246019;2523;1,01
246020;2523;1,01
246021;2513;0,75
246022;2512;0,73
246023;2509;0,65
246024;2501;0,45
246025;2512;0,73
246026;2517;0,86
246027;2497;0,35
246028;2514;0,78
246029;2497;0,35
246030;2505;0,55
246031;2503;0,50
246032;2506;0,58
246033;2512;0,73
246034;2497;0,35
246035;2491;0,20
246036;2506;0,58
246037;2512;0,73
246038;2519;0,91
246039;2506;0,58
246040;2519;0,91
246041;2509;0,65
246042;2503;0,50
246043;2491;0,20
246044;2505;0,55
246045;2507;0,60
246046;2506;0,58
246047;2515;0,80
246048;2517;0,86
246049;2509;0,65
246050;2505;0,55
246051;2515;0,80
246052;2510;0,68
246053;2496;0,32
246054;2511;0,70
246055;2498;0,37
246056;2511;0,70
246057;2507;0,60
246058;2519;0,91
246059;2512;0,73
246060;2503;0,50
246061;2491;0,20
246062;2504;0,53
246063;2495;0,30
246064;2498;0,37
246065;2512;0,73
246066;2496;0,32
246067;2512;0,73
246068;2512;0,73
246069;2506;0,58
246070;2505;0,55
246071;2512;0,73
246072;2495;0,30
246073;2503;0,50
246074;2515;0,80
246075;2502;0,48
246076;2509;0,65
246077;2504;0,53
246078;2512;0,73
246079;2522;0,98
246080;2500;0,43
246081;2512;0,73
246082;2509;0,65
246083;2499;0,40
246084;2512;0,73
246085;2515;0,80
246086;2512;0,73
246087;2498;0,37
246088;2518;0,88
246089;2512;0,73
246090;2503;0,50
246091;2493;0,25
246092;2510;0,68
246093;2480;0,00
246094;2493;0,25
246095;2511;0,70
246096;2514;0,78
246097;2499;0,40
246098;2496;0,32
246099;2512;0,73
246100;2507;0,60
246101;2507;0,60
246102;2503;0,50
246103;2502;0,48
246104;2513;0,75
246105;2506;0,58
246106;2527;1,11
246107;2496;0,32
246108;2493;0,25
246109;2501;0,45
246110;2501;0,45
246111;2511;0,70
246112;2513;0,75
246113;2503;0,50
246114;2496;0,32
246115;2499;0,40
246116;2498;0,37
246117;2490;0,17
246118;2511;0,70
246119;2493;0,25
246120;2493;0,25
246121;2510;0,68
246122;2502;0,48
246123;2511;0,70
246124;2513;0,75
246125;2514;0,78
246126;2502;0,48
246127;2509;0,65
246128;2491;0,20
246129;2514;0,78
246130;2480;0,00
246131;2523;1,01
246132;2491;0,20
246133;2461;0,00
246134;2497;0,35
246135;2479;0,00
246136;2496;0,32
246137;2502;0,48
246138;2486;0,07
246139;2543;1,51
246140;2482;0,00
246141;2502;0,48
246142;2491;0,20
246143;2509;0,65
246144;2510;0,68
246145;2490;0,17
246146;2496;0,32
246147;2480;0,00
246148;2503;0,50
246149;2477;0,00
246150;2480;0,00
246151;2511;0,70
246152;2499;0,40
246153;2465;0,00
246154;2485;0,05
246155;2480;0,00
246156;2494;0,27
246157;2487;0,10
246158;2478;0,00
246159;2537;1,36
246160;2478;0,00
246161;2496;0,32
246162;2517;0,86
246163;2495;0,30
246164;2481;0,00
246165;2519;0,91
246166;2497;0,35
246167;2529;1,16
246168;2496;0,32
246169;2481;0,00
246170;2473;0,00
246171;2475;0,00
246172;2487;0,10
246173;2503;0,50
246174;2490;0,17
246175;2507;0,60
246176;2480;0,00
246177;2544;1,54
246178;2480;0,00
246179;2512;0,73
246180;2478;0,00
246181;2501;0,45
246182;2475;0,00
246183;2475;0,00
246184;2476;0,00
246185;2511;0,70
246186;2487;0,10
246187;2495;0,30
246188;2480;0,00
246189;2483;0,00
246190;2484;0,02
246191;2493;0,25
246192;2480;0,00
246193;2523;1,01
246194;2485;0,05
246195;2482;0,00
246196;2483;0,00
246197;2474;0,00
246198;2480;0,00
246199;2480;0,00
246200;2471;0,00
246201;2499;0,40
246202;2482;0,00
246203;2498;0,37
246204;2489;0,15
246205;2509;0,65
246206;2485;0,05
246207;2503;0,50
246208;2484;0,02
246209;2473;0,00
246210;2486;0,07
246211;2498;0,37
246212;2482;0,00
246213;2513;0,75
246214;2480;0,00
246215;2469;0,00
246216;2480;0,00
246217;2490;0,17
246218;2484;0,02
246219;2478;0,00
246220;2481;0,00
246221;2523;1,01
246222;2477;0,00
246223;2489;0,15
246224;2474;0,00
246225;2497;0,35
246226;2477;0,00
246227;2480;0,00
246228;2485;0,05
246229;2476;0,00
246230;2482;0,00
246231;2479;0,00
246232;2486;0,07
246233;2473;0,00
246234;2485;0,05
246235;2470;0,00
246236;2487;0,10
246237;2477;0,00
246238;2478;0,00
246239;2514;0,78
246240;2475;0,00
246241;2511;0,70
246242;2483;0,00
246243;2474;0,00
246244;2478;0,00
246245;2501;0,45
246246;2478;0,00
246247;2523;1,01
246248;2478;0,00
246249;2507;0,60
246250;2481;0,00
246251;2500;0,43
246252;2480;0,00
246253;2479;0,00
246254;2484;0,02
246255;2503;0,50
246256;2481;0,00
246257;2507;0,60
246258;2482;0,00
246259;2503;0,50
246260;2485;0,05
246261;2521;0,96
246262;2487;0,10
246263;2515;0,80
246264;2479;0,00
246265;2509;0,65
246266;2491;0,20
246267;2473;0,00
246268;2479;0,00
246269;2535;1,31
246270;2483;0,00
246271;2477;0,00
246272;2480;0,00
246273;2476;0,00
246274;2482;0,00
246275;2481;0,00
246276;2471;0,00
246277;2503;0,50
246278;2482;0,00
246279;2502;0,48
246280;2491;0,20
246281;2477;0,00
246282;2483;0,00
246283;2512;0,73
246284;2485;0,05
246285;2479;0,00
246286;2481;0,00
246287;2478;0,00
246288;2480;0,00
246289;2473;0,00
246290;2490;0,17
246291;2527;1,11
246292;2480;0,00
246293;2484;0,02
246294;2480;0,00
246295;2480;0,00
246296;2487;0,10
246297;2494;0,27
246298;2479;0,00
246299;2498;0,37
246300;2480;0,00
246301;2477;0,00
246302;2487;0,10
246303;2481;0,00
246304;2482;0,00
246305;2489;0,15
246306;2485;0,05
246307;2492;0,22
246308;2471;0,00
246309;2530;1,18
246310;2480;0,00
246311;2512;0,73
246312;2480;0,00
246313;2503;0,50
246314;2480;0,00
246315;2513;0,75
246316;2480;0,00
246317;2528;1,13
246318;2482;0,00
246319;2532;1,23
246320;2485;0,05
246321;2510;0,68
246322;2481;0,00
246323;2501;0,45
246324;2486;0,07
246325;2496;0,32
246326;2481;0,00
246327;2499;0,40
246328;2486;0,07
246329;2480;0,00
246330;2492;0,22
246331;2506;0,58
246332;2486;0,07
246333;2513;0,75
246334;2489;0,15
246335;2513;0,75
246336;2480;0,00
246337;2507;0,60
246338;2477;0,00
246339;2503;0,50
246340;2485;0,05
246341;2473;0,00
246342;2486;0,07
246343;2496;0,32
246344;2483;0,00
246345;2500;0,43
246346;2473;0,00
246347;2510;0,68
246348;2484;0,02
246349;2507;0,60
246350;2481;0,00
246351;2498;0,37
246352;2488;0,12
246353;2483;0,00
246354;2481;0,00
246355;2480;0,00
246356;2479;0,00
246357;2466;0,00
246358;2481;0,00
246359;2511;0,70
246360;2482;0,00
246361;2499;0,40
246362;2487;0,10
246363;2475;0,00
246364;2482;0,00
246365;2471;0,00
246366;2480;0,00
246367;2480;0,00
246368;2477;0,00
246369;2511;0,70
246370;2491;0,20
246371;2529;1,16
246372;2474;0,00
246373;2473;0,00
246374;2487;0,10
246375;2498;0,37
246376;2503;0,50
246377;2467;0,00
246378;2480;0,00
246379;2496;0,32
246380;2480;0,00
246381;2489;0,15
246382;2490;0,17
246383;2475;0,00
246384;2487;0,10
246385;2475;0,00
246386;2479;0,00
246387;2474;0,00
246388;2480;0,00
246389;2507;0,60
246390;2481;0,00
246391;2491;0,20
246392;2489;0,15
246393;2483;0,00
246394;2481;0,00
246395;2509;0,65
246396;2491;0,20
246397;2507;0,60
246398;2479;0,00
246399;2475;0,00
246400;2480;0,00
246401;2509;0,65
246402;2482;0,00
246403;2475;0,00
246404;2480;0,00
246405;2480;0,00
246406;2480;0,00
246407;2519;0,91
246408;2481;0,00
246409;2486;0,07
246410;2475;0,00
246411;2482;0,00
246412;2480;0,00
246413;2503;0,50
246414;2485;0,05
246415;2512;0,73
246416;2499;0,40
246417;2469;0,00
246418;2487;0,10
246419;2510;0,68
246420;2474;0,00
246421;2471;0,00
246422;2480;0,00
246423;2489;0,15
246424;2490;0,17
246425;2475;0,00
246426;2485;0,05
246427;2471;0,00
246428;2487;0,10
246429;2494;0,27
246430;2480;0,00
246431;2480;0,00
246432;2480;0,00
246433;2477;0,00
246434;2485;0,05
246435;2480;0,00
246436;2479;0,00
246437;2488;0,12
246438;2478;0,00
246439;2518;0,88
246440;2480;0,00
246441;2511;0,70
246442;2480;0,00
246443;2475;0,00
246444;2471;0,00
246445;2508;0,63
246446;2480;0,00
246447;2505;0,55
246448;2479;0,00
246449;2470;0,00
246450;2477;0,00
246451;2487;0,10
246452;2480;0,00
246453;2473;0,00
246454;2484;0,02
246455;2523;1,01
246456;2468;0,00
246457;2480;0,00
246458;2473;0,00
246459;2516;0,83
246460;2495;0,30
246461;2506;0,58
246462;2492;0,22
246463;2502;0,48
246464;2486;0,07
246465;2508;0,63
246466;2491;0,20
246467;2471;0,00
246468;2481;0,00
246469;2477;0,00
246470;2486;0,07
246471;2494;0,27
246472;2481;0,00
246473;2477;0,00
246474;2477;0,00
246475;2508;0,63
246476;2480;0,00
246477;2481;0,00
246478;2483;0,00
246479;2479;0,00
246480;2485;0,05
246481;2471;0,00
246482;2477;0,00
246483;2501;0,45
246484;2486;0,07
246485;2512;0,73
246486;2479;0,00
246487;2496;0,32
246488;2482;0,00
246489;2469;0,00
246490;2479;0,00
246491;2511;0,70
246492;2479;0,00
246493;2523;1,01
246494;2485;0,05
246495;2470;0,00
246496;2477;0,00
246497;2497;0,35
246498;2488;0,12
246499;2480;0,00
246500;2480;0,00
246501;2471;0,00
246502;2482;0,00
246503;2473;0,00
246504;2473;0,00
246505;2472;0,00
246506;2477;0,00
246507;2518;0,88
246508;2483;0,00
246509;2512;0,73
246510;2480;0,00
246511;2471;0,00
246512;2483;0,00
246513;2506;0,58
246514;2480;0,00
246515;2479;0,00
246516;2474;0,00
246517;2477;0,00
246518;2479;0,00
246519;2480;0,00
246520;2480;0,00
246521;2462;0,00
246522;2483;0,00
246523;2499;0,40
246524;2479;0,00
246525;2479;0,00
246526;2479;0,00
246527;2489;0,15
246528;2480;0,00
246529;2475;0,00
246530;2479;0,00
246531;2477;0,00
246532;2482;0,00
246533;2475;0,00
246534;2480;0,00
246535;2483;0,00
246536;2483;0,00
246537;2487;0,10
246538;2491;0,20
246539;2481;0,00
246540;2480;0,00
246541;2496;0,32
246542;2480;0,00
246543;2512;0,73
246544;2480;0,00
246545;2495;0,30
246546;2489;0,15
246547;2498;0,37
246548;2480;0,00
246549;2481;0,00
246550;2477;0,00
246551;2480;0,00
246552;2487;0,10
246553;2474;0,00
246554;2480;0,00
246555;2484;0,02
246556;2481;0,00
246557;2474;0,00
246558;2483;0,00
246559;2469;0,00
246560;2478;0,00
246561;2478;0,00
246562;2489;0,15
246563;2480;0,00
246564;2478;0,00
246565;2496;0,32
246566;2481;0,00
246567;2478;0,00
246568;2487;0,10
246569;2477;0,00
246570;2479;0,00
246571;2466;0,00
246572;2484;0,02
246573;2471;0,00
246574;2491;0,20
246575;2475;0,00
246576;2480;0,00
246577;2480;0,00
246578;2479;0,00
246579;2480;0,00
246580;2479;0,00
246581;2495;0,30
246582;2479;0,00
246583;2505;0,55
246584;2483;0,00
246585;2480;0,00
246586;2483;0,00
246587;2480;0,00
246588;2484;0,02
246589;2506;0,58
246590;2485;0,05
246591;2474;0,00
246592;2479;0,00
246593;2483;0,00
246594;2479;0,00
246595;2500;0,43
246596;2483;0,00
246597;2478;0,00
246598;2485;0,05
246599;2514;0,78
246600;2478;0,00
246601;2496;0,32
246602;2474;0,00
246603;2501;0,45
246604;2478;0,00
246605;2474;0,00
246606;2491;0,20
246607;2480;0,00
246608;2483;0,00
246609;2471;0,00
246610;2485;0,05
246611;2479;0,00
246612;2477;0,00
246613;2501;0,45
246614;2477;0,00
246615;2503;0,50
246616;2473;0,00
246617;2502;0,48
246618;2480;0,00
246619;2482;0,00
246620;2483;0,00
246621;2514;0,78
246622;2481;0,00
246623;2499;0,40
246624;2479;0,00
246625;2479;0,00
246626;2487;0,10
246627;2510;0,68
246628;2481;0,00
246629;2475;0,00
246630;2485;0,05
246631;2477;0,00
246632;2481;0,00
246633;2474;0,00
246634;2477;0,00
246635;2505;0,55
246636;2471;0,00
246637;2477;0,00
246638;2473;0,00
246639;2468;0,00
246640;2480;0,00
246641;2480;0,00
246642;2481;0,00
246643;2518;0,88
246644;2485;0,05
246645;2479;0,00
246646;2469;0,00
246647;2475;0,00
246648;2482;0,00
246649;2468;0,00
246650;2476;0,00
246651;2495;0,30
246652;2480;0,00
246653;2482;0,00
246654;2480;0,00
246655;2477;0,00
246656;2475;0,00
246657;2477;0,00
246658;2478;0,00
246659;2511;0,70
246660;2477;0,00
246661;2490;0,17
246662;2478;0,00
246663;2474;0,00
246664;2477;0,00
246665;2517;0,86
246666;2475;0,00
246667;2479;0,00
246668;2479;0,00
246669;2476;0,00
246670;2477;0,00
246671;2480;0,00
246672;2487;0,10
246673;2512;0,73
246674;2483;0,00
246675;2467;0,00
246676;2479;0,00
246677;2480;0,00
246678;2481;0,00
246679;2507;0,60
246680;2480;0,00
246681;2493;0,25
246682;2479;0,00
246683;2495;0,30
246684;2479;0,00
246685;2470;0,00
246686;2471;0,00
246687;2474;0,00
246688;2485;0,05
246689;2480;0,00
246690;2512;0,73
246691;2479;0,00
246692;2480;0,00
246693;2501;0,45
246694;2478;0,00
246695;2496;0,32
246696;2476;0,00
246697;2512;0,73
246698;2480;0,00
246699;2467;0,00
246700;2476;0,00
246701;2477;0,00
246702;2477;0,00
246703;2455;0,00
246704;2480;0,00
246705;2476;0,00
246706;2476;0,00
246707;2502;0,48
246708;2469;0,00
246709;2512;0,73
246710;2478;0,00
246711;2476;0,00
246712;2493;0,25
246713;2515;0,80
246714;2480;0,00
246715;2482;0,00
246716;2480;0,00
246717;2479;0,00
246718;2480;0,00
246719;2485;0,05
246720;2480;0,00
246721;2479;0,00
246722;2466;0,00
246723;2501;0,45
246724;2478;0,00
246725;2475;0,00
246726;2478;0,00
246727;2479;0,00
246728;2477;0,00
246729;2483;0,00
246730;2480;0,00
246731;2495;0,30
246732;2480;0,00
246733;2500;0,43
246734;2477;0,00
246735;2475;0,00
246736;2482;0,00
246737;2475;0,00
246738;2467;0,00
246739;2459;0,00
246740;2474;0,00
246741;2480;0,00
246742;2480;0,00
246743;2506;0,58
246744;2474;0,00
246745;2489;0,15
246746;2475;0,00
246747;2473;0,00
246748;2480;0,00
246749;2490;0,17
246750;2478;0,00
246751;2486;0,07
246752;2483;0,00
246753;2480;0,00
246754;2473;0,00
246755;2477;0,00
246756;2480;0,00
246757;2473;0,00
246758;2482;0,00
246759;2477;0,00
246760;2480;0,00
246761;2469;0,00
246762;2471;0,00
246763;2527;1,11
246764;2435;0,00
246765;2476;0,00
246766;2487;0,10
246767;2480;0,00
246768;2479;0,00
246769;2475;0,00
246770;2475;0,00
246771;2482;0,00
246772;2465;0,00
246773;2479;0,00
246774;2480;0,00
246775;2469;0,00
246776;2497;0,35
246777;2480;0,00
246778;2483;0,00
246779;2487;0,10
246780;2475;0,00
246781;2495;0,30
246782;2476;0,00
246783;2485;0,05
246784;2478;0,00
246785;2480;0,00
246786;2479;0,00
246787;2507;0,60
246788;2478;0,00
246789;2466;0,00
246790;2477;0,00
246791;2489;0,15
246792;2480;0,00
246793;2487;0,10
246794;2481;0,00
246795;2498;0,37
246796;2492;0,22
246797;2512;0,73
246798;2478;0,00
246799;2477;0,00
246800;2477;0,00
246801;2485;0,05
246802;2480;0,00
246803;2477;0,00
246804;2467;0,00
246805;2478;0,00
246806;2473;0,00
246807;2470;0,00
246808;2478;0,00
246809;2479;0,00
246810;2479;0,00
246811;2478;0,00
246812;2480;0,00
246813;2483;0,00
246814;2486;0,07
246815;2474;0,00
246816;2495;0,30
246817;2470;0,00
246818;2475;0,00
246819;2480;0,00
246820;2503;0,50
246821;2481;0,00
246822;2473;0,00
246823;2483;0,00
246824;2480;0,00
246825;2480;0,00
246826;2479;0,00
246827;2489;0,15
246828;2475;0,00
246829;2475;0,00
246830;2479;0,00
246831;2519;0,91
246832;2476;0,00
246833;2490;0,17
246834;2470;0,00
246835;2480;0,00
246836;2474;0,00
246837;2496;0,32
246838;2480;0,00
246839;2494;0,27
246840;2486;0,07
246841;2469;0,00
246842;2474;0,00
246843;2494;0,27
246844;2480;0,00
246845;2470;0,00
246846;2477;0,00
246847;2479;0,00
246848;2480;0,00
246849;2465;0,00
246850;2470;0,00
246851;2496;0,32
246852;2491;0,20
246853;2480;0,00
246854;2475;0,00
246855;2486;0,07
246856;2481;0,00
246857;2484;0,02
246858;2474;0,00
246859;2475;0,00
246860;2475;0,00
246861;2505;0,55
246862;2480;0,00
246863;2476;0,00
246864;2480;0,00
246865;2479;0,00
246866;2479;0,00
246867;2475;0,00
246868;2490;0,17
246869;2480;0,00
246870;2471;0,00
246871;2480;0,00
246872;2469;0,00
246873;2480;0,00
246874;2480;0,00
246875;2471;0,00
246876;2487;0,10
246877;2497;0,35
246878;2481;0,00
246879;2480;0,00
246880;2476;0,00
246881;2480;0,00
246882;2480;0,00
246883;2460;0,00
246884;2480;0,00
246885;2474;0,00
246886;2476;0,00
246887;2473;0,00
246888;2475;0,00
246889;2480;0,00
246890;2477;0,00
246891;2480;0,00
246892;2481;0,00
246893;2483;0,00
246894;2493;0,25
246895;2480;0,00
246896;2480;0,00
246897;2478;0,00
246898;2474;0,00
246899;2466;0,00
246900;2484;0,02
246901;2481;0,00
246902;2467;0,00
246903;2474;0,00
246904;2479;0,00
246905;2483;0,00
246906;2470;0,00
246907;2479;0,00
246908;2480;0,00
246909;2475;0,00
246910;2479;0,00
246911;2487;0,10
246912;2480;0,00
246913;2480;0,00
246914;2480;0,00
246915;2496;0,32
246916;2483;0,00
246917;2480;0,00
246918;2480;0,00
246919;2465;0,00
246920;2475;0,00
246921;2471;0,00
246922;2474;0,00
246923;2477;0,00
246924;2480;0,00
246925;2481;0,00
246926;2480;0,00
246927;2479;0,00
246928;2479;0,00
246929;2489;0,15
246930;2479;0,00
246931;2497;0,35
246932;2477;0,00
246933;2470;0,00
246934;2479;0,00
246935;2475;0,00
246936;2481;0,00
246937;2487;0,10
246938;2475;0,00
246939;2481;0,00
246940;2480;0,00
246941;2480;0,00
246942;2481;0,00
246943;2493;0,25
246944;2474;0,00
246945;2479;0,00
246946;2480;0,00
246947;2480;0,00
246948;2473;0,00
246949;2481;0,00
246950;2480;0,00
246951;2471;0,00
246952;2478;0,00
246953;2482;0,00
246954;2480;0,00
246955;2501;0,45
246956;2480;0,00
246957;2490;0,17
246958;2474;0,00
246959;2475;0,00
246960;2480;0,00
246961;2480;0,00
246962;2471;0,00
246963;2474;0,00
246964;2478;0,00
246965;2459;0,00
246966;2475;0,00
246967;2474;0,00
246968;2478;0,00
246969;2474;0,00
246970;2475;0,00
246971;2496;0,32
246972;2475;0,00
246973;2479;0,00
246974;2479;0,00
246975;2485;0,05
246976;2483;0,00
246977;2471;0,00
246978;2482;0,00
246979;2470;0,00
246980;2486;0,07
246981;2479;0,00
246982;2481;0,00
246983;2479;0,00
246984;2474;0,00
246985;2481;0,00
246986;2477;0,00
246987;2475;0,00
246988;2493;0,25
246989;2478;0,00
246990;2479;0,00
246991;2497;0,35
246992;2487;0,10
246993;2475;0,00
246994;2477;0,00
246995;2464;0,00
246996;2478;0,00
246997;2479;0,00
246998;2477;0,00
246999;2483;0,00
247000;2474;0,00
247001;2480;0,00
247002;2477;0,00
247003;2476;0,00
247004;2480;0,00
247005;2473;0,00
247006;2490;0,17
247007;2480;0,00
247008;2476;0,00
247009;2471;0,00
247010;2474;0,00
247011;2478;0,00
247012;2481;0,00
247013;2477;0,00
247014;2478;0,00
247015;2475;0,00
247016;2479;0,00
247017;2480;0,00
247018;2479;0,00
247019;2482;0,00
247020;2473;0,00
247021;2479;0,00
247022;2478;0,00
247023;2481;0,00
247024;2473;0,00
247025;2480;0,00
247026;2475;0,00
247027;2477;0,00
247028;2477;0,00
247029;2478;0,00
247030;2480;0,00
247031;2477;0,00
247032;2482;0,00
247033;2479;0,00
247034;2476;0,00
247035;2473;0,00
247036;2479;0,00
247037;2481;0,00
247038;2479;0,00
247039;2496;0,32
247040;2480;0,00
247041;2475;0,00
247042;2480;0,00
247043;2480;0,00
247044;2461;0,00
247045;2487;0,10
247046;2471;0,00
247047;2499;0,40
247048;2481;0,00
247049;2487;0,10
247050;2480;0,00
247051;2479;0,00
247052;2480;0,00
247053;2480;0,00
247054;2480;0,00
247055;2478;0,00
247056;2477;0,00
247057;2471;0,00
247058;2480;0,00
247059;2471;0,00
247060;2481;0,00
247061;2474;0,00
247062;2478;0,00
247063;2475;0,00
247064;2481;0,00
247065;2481;0,00
247066;2479;0,00
247067;2477;0,00
247068;2479;0,00
247069;2479;0,00
247070;2479;0,00
247071;2477;0,00
247072;2478;0,00
247073;2475;0,00
247074;2477;0,00
247075;2483;0,00
247076;2483;0,00
247077;2474;0,00
247078;2475;0,00
247079;2485;0,05
247080;2479;0,00
247081;2489;0,15
247082;2480;0,00
247083;2480;0,00
247084;2481;0,00
247085;2480;0,00
247086;2478;0,00
247087;2481;0,00
247088;2480;0,00
247089;2480;0,00
247090;2480;0,00
247091;2477;0,00
247092;2481;0,00
247093;2478;0,00
247094;2468;0,00
247095;2478;0,00
247096;2480;0,00
247097;2478;0,00
247098;2470;0,00
247099;2479;0,00
247100;2478;0,00
247101;2471;0,00
247102;2473;0,00
247103;2479;0,00
247104;2483;0,00
247105;2475;0,00
247106;2478;0,00
247107;2479;0,00
247108;2479;0,00
247109;2477;0,00
247110;2469;0,00
247111;2471;0,00
247112;2480;0,00
247113;2479;0,00
247114;2474;0,00
247115;2474;0,00
247116;2480;0,00
247117;2478;0,00
247118;2480;0,00
247119;2479;0,00
247120;2480;0,00
247121;2468;0,00
247122;2479;0,00
247123;2479;0,00
247124;2474;0,00
247125;2478;0,00
247126;2482;0,00
247127;2478;0,00
247128;2480;0,00
247129;2481;0,00
247130;2480;0,00
247131;2494;0,27
247132;2474;0,00
247133;2477;0,00
247134;2479;0,00
247135;2475;0,00
247136;2480;0,00
247137;2481;0,00
247138;2478;0,00
247139;2479;0,00
247140;2477;0,00
247141;2479;0,00
247142;2480;0,00
247143;2474;0,00
247144;2477;0,00
247145;2470;0,00
247146;2480;0,00
247147;2486;0,07
247148;2478;0,00
247149;2479;0,00
247150;2479;0,00
247151;2478;0,00
247152;2486;0,07
247153;2485;0,05
247154;2479;0,00
247155;2474;0,00
247156;2471;0,00
247157;2478;0,00
247158;2480;0,00
247159;2477;0,00
247160;2478;0,00
247161;2483;0,00
247162;2479;0,00
247163;2481;0,00
247164;2477;0,00
247165;2480;0,00
247166;2479;0,00
247167;2475;0,00
247168;2484;0,02
247169;2482;0,00
247170;2474;0,00
247171;2464;0,00
247172;2476;0,00
247173;2478;0,00
247174;2480;0,00
247175;2471;0,00
247176;2479;0,00
247177;2480;0,00
247178;2482;0,00
247179;2480;0,00
247180;2477;0,00
247181;2477;0,00
247182;2477;0,00
247183;2480;0,00
247184;2489;0,15
247185;2481;0,00
247186;2480;0,00
247187;2471;0,00
247188;2476;0,00
247189;2474;0,00
247190;2471;0,00
247191;2470;0,00
247192;2480;0,00
247193;2480;0,00
247194;2481;0,00
247195;2475;0,00
247196;2480;0,00
247197;2477;0,00
247198;2465;0,00
247199;2478;0,00
247200;2480;0,00
247201;2478;0,00
247202;2479;0,00
247203;2480;0,00
247204;2474;0,00
247205;2479;0,00
247206;2479;0,00
247207;2475;0,00
247208;2471;0,00
247209;2474;0,00
247210;2482;0,00
247211;2476;0,00
247212;2470;0,00
247213;2479;0,00
247214;2479;0,00
247215;2479;0,00
247216;2481;0,00
247217;2467;0,00
247218;2483;0,00
247219;2480;0,00
247220;2474;0,00
247221;2482;0,00
247222;2475;0,00
247223;2473;0,00
247224;2480;0,00
247225;2480;0,00
247226;2477;0,00
247227;2480;0,00
247228;2475;0,00
247229;2478;0,00
247230;2480;0,00
247231;2477;0,00
247232;2480;0,00
247233;2474;0,00
247234;2477;0,00
247235;2477;0,00
247236;2480;0,00
247237;2475;0,00
247238;2483;0,00
247239;2472;0,00
247240;2477;0,00
247241;2477;0,00
247242;2480;0,00
247243;2478;0,00
247244;2473;0,00
247245;2477;0,00
247246;2477;0,00
247247;2481;0,00
247248;2473;0,00
247249;2468;0,00
247250;2471;0,00
247251;2477;0,00
247252;2479;0,00
247253;2478;0,00
247254;2480;0,00
247255;2479;0,00
247256;2477;0,00
247257;2475;0,00
247258;2470;0,00
247259;2479;0,00
247260;2478;0,00
247261;2482;0,00
247262;2481;0,00
247263;2475;0,00
247264;2479;0,00
247265;2479;0,00
247266;2479;0,00
247267;2475;0,00
247268;2471;0,00
247269;2480;0,00
247270;2480;0,00
247271;2470;0,00
247272;2479;0,00
247273;2473;0,00
247274;2480;0,00
247275;2469;0,00
247276;2475;0,00
247277;2480;0,00
247278;2480;0,00
247279;2480;0,00
247280;2476;0,00
247281;2477;0,00
247282;2468;0,00
247283;2480;0,00
247284;2475;0,00
247285;2465;0,00
247286;2476;0,00
247287;2477;0,00
247288;2483;0,00
247289;2475;0,00
247290;2474;0,00
247291;2475;0,00
247292;2485;0,05
247293;2479;0,00
247294;2480;0,00
247295;2480;0,00
247296;2480;0,00
247297;2473;0,00
247298;2480;0,00
247299;2475;0,00
247300;2479;0,00
247301;2477;0,00
247302;2476;0,00
247303;2465;0,00
247304;2480;0,00
247305;2477;0,00
247306;2491;0,20
247307;2479;0,00
247308;2473;0,00
247309;2477;0,00
247310;2470;0,00
247311;2476;0,00
247312;2480;0,00
247313;2475;0,00
247314;2467;0,00
247315;2474;0,00
247316;2480;0,00
247317;2480;0,00
247318;2480;0,00
247319;2470;0,00
247320;2480;0,00
247321;2480;0,00
247322;2476;0,00
247323;2477;0,00
247324;2485;0,05
247325;2480;0,00
247326;2470;0,00
247327;2467;0,00
247328;2470;0,00
247329;2479;0,00
247330;2482;0,00
247331;2480;0,00
247332;2480;0,00
247333;2480;0,00
247334;2479;0,00
247335;2481;0,00
247336;2478;0,00
247337;2475;0,00
247338;2478;0,00
247339;2473;0,00
247340;2479;0,00
247341;2476;0,00
247342;2477;0,00
247343;2479;0,00
247344;2471;0,00
247345;2478;0,00
247346;2480;0,00
247347;2477;0,00
247348;2476;0,00
247349;2480;0,00
247350;2479;0,00
247351;2479;0,00
247352;2479;0,00
247353;2475;0,00
247354;2480;0,00
247355;2471;0,00
247356;2474;0,00
247357;2478;0,00
247358;2479;0,00
247359;2480;0,00
247360;2474;0,00
247361;2477;0,00
247362;2479;0,00
247363;2475;0,00
247364;2477;0,00
247365;2466;0,00
247366;2477;0,00
247367;2481;0,00
247368;2479;0,00
247369;2479;0,00
247370;2471;0,00
247371;2471;0,00
247372;2479;0,00
247373;2467;0,00
247374;2473;0,00
247375;2479;0,00
247376;2477;0,00
247377;2475;0,00
247378;2471;0,00
247379;2477;0,00
247380;2483;0,00
247381;2470;0,00
247382;2480;0,00
247383;2474;0,00
247384;2477;0,00
247385;2487;0,10
247386;2483;0,00
247387;2479;0,00
247388;2480;0,00
247389;2473;0,00
247390;2475;0,00
247391;2469;0,00
247392;2480;0,00
247393;2469;0,00
247394;2478;0,00
247395;2490;0,17
247396;2473;0,00
247397;2475;0,00
247398;2479;0,00
247399;2480;0,00
247400;2475;0,00
247401;2470;0,00
247402;2477;0,00
247403;2471;0,00
247404;2478;0,00
247405;2476;0,00
247406;2479;0,00
247407;2475;0,00
247408;2480;0,00
247409;2477;0,00
247410;2480;0,00
247411;2465;0,00
247412;2473;0,00
247413;2477;0,00
247414;2477;0,00
247415;2477;0,00
247416;2481;0,00
247417;2479;0,00
247418;2471;0,00
247419;2471;0,00
247420;2482;0,00
247421;2480;0,00
247422;2473;0,00
247423;2485;0,05
247424;2480;0,00
247425;2476;0,00
247426;2477;0,00
247427;2476;0,00
247428;2477;0,00
247429;2476;0,00
247430;2475;0,00
247431;2477;0,00
247432;2473;0,00
247433;2479;0,00
247434;2480;0,00
247435;2473;0,00
247436;2474;0,00
247437;2478;0,00
247438;2480;0,00
247439;2475;0,00
247440;2480;0,00
247441;2479;0,00
247442;2482;0,00
247443;2476;0,00
247444;2478;0,00
247445;2466;0,00
247446;2467;0,00
247447;2478;0,00
247448;2480;0,00
247449;2480;0,00
247450;2480;0,00
247451;2480;0,00
247452;2491;0,20
247453;2473;0,00
247454;2470;0,00
247455;2474;0,00
247456;2470;0,00
247457;2462;0,00
247458;2467;0,00
247459;2479;0,00
247460;2478;0,00
247461;2474;0,00
247462;2471;0,00
247463;2473;0,00
247464;2478;0,00
247465;2474;0,00
247466;2478;0,00
247467;2480;0,00
247468;2478;0,00
247469;2473;0,00
247470;2479;0,00
247471;2474;0,00
247472;2471;0,00
247473;2473;0,00
247474;2471;0,00
247475;2477;0,00
247476;2477;0,00
247477;2479;0,00
247478;2478;0,00
247479;2477;0,00
247480;2481;0,00
247481;2480;0,00
247482;2484;0,02
247483;2475;0,00
247484;2470;0,00
247485;2474;0,00
247486;2477;0,00
247487;2474;0,00
247488;2474;0,00
247489;2479;0,00
247490;2480;0,00
247491;2479;0,00
247492;2480;0,00
247493;2471;0,00
247494;2477;0,00
247495;2471;0,00
247496;2479;0,00
247497;2470;0,00
247498;2480;0,00
247499;2475;0,00
247500;2477;0,00
247501;2476;0,00
247502;2485;0,05
247503;2479;0,00
247504;2487;0,10
247505;2476;0,00
247506;2476;0,00
247507;2480;0,00
247508;2479;0,00
247509;2475;0,00
247510;2480;0,00
247511;2478;0,00
247512;2477;0,00
247513;2480;0,00
247514;2475;0,00
247515;2470;0,00
247516;2479;0,00
247517;2480;0,00
247518;2479;0,00
247519;2477;0,00
247520;2479;0,00
247521;2470;0,00
247522;2475;0,00
247523;2470;0,00
247524;2477;0,00
247525;2469;0,00
247526;2480;0,00
247527;2477;0,00
247528;2470;0,00
247529;2480;0,00
247530;2480;0,00
247531;2480;0,00
247532;2475;0,00
247533;2477;0,00
247534;2485;0,05
247535;2474;0,00
247536;2485;0,05
247537;2471;0,00
247538;2480;0,00
247539;2480;0,00
247540;2477;0,00
247541;2473;0,00
247542;2480;0,00
247543;2474;0,00
247544;2478;0,00
247545;2480;0,00
247546;2471;0,00
247547;2477;0,00
247548;2475;0,00
247549;2475;0,00
247550;2477;0,00
247551;2467;0,00
247552;2477;0,00
247553;2473;0,00
247554;2483;0,00
247555;2471;0,00
247556;2476;0,00
247557;2477;0,00
247558;2479;0,00
247559;2469;0,00
247560;2475;0,00
247561;2479;0,00
247562;2480;0,00
247563;2479;0,00
247564;2477;0,00
247565;2475;0,00
247566;2479;0,00
247567;2470;0,00
247568;2480;0,00
247569;2480;0,00
247570;2479;0,00
247571;2480;0,00
247572;2479;0,00
247573;2474;0,00
247574;2476;0,00
247575;2478;0,00
247576;2480;0,00
247577;2480;0,00
247578;2481;0,00
247579;2471;0,00
247580;2474;0,00
247581;2481;0,00
247582;2475;0,00
247583;2479;0,00
247584;2480;0,00
247585;2478;0,00
247586;2487;0,10
247587;2480;0,00
247588;2476;0,00
247589;2474;0,00
247590;2474;0,00
247591;2482;0,00
247592;2471;0,00
247593;2471;0,00
247594;2474;0,00
247595;2479;0,00
247596;2480;0,00
247597;2480;0,00
247598;2482;0,00
247599;2478;0,00
247600;2480;0,00
247601;2479;0,00
247602;2481;0,00
247603;2479;0,00
247604;2479;0,00
247605;2471;0,00
247606;2475;0,00
247607;2477;0,00
247608;2475;0,00
247609;2474;0,00
247610;2475;0,00
247611;2477;0,00
247612;2475;0,00
247613;2469;0,00
247614;2489;0,15
247615;2476;0,00
247616;2475;0,00
247617;2473;0,00
247618;2477;0,00
247619;2470;0,00
247620;2479;0,00
247621;2470;0,00
247622;2479;0,00
247623;2469;0,00
247624;2479;0,00
247625;2480;0,00
247626;2477;0,00
247627;2477;0,00
247628;2470;0,00
247629;2478;0,00
247630;2479;0,00
247631;2481;0,00
247632;2479;0,00
247633;2477;0,00
247634;2480;0,00
247635;2475;0,00
247636;2481;0,00
247637;2474;0,00
247638;2471;0,00
247639;2476;0,00
247640;2481;0,00
247641;2476;0,00
247642;2483;0,00
247643;2477;0,00
247644;2478;0,00
247645;2480;0,00
247646;2481;0,00
247647;2471;0,00
247648;2470;0,00
247649;2470;0,00
247650;2475;0,00
247651;2478;0,00
247652;2475;0,00
247653;2474;0,00
247654;2474;0,00
247655;2471;0,00
247656;2478;0,00
247657;2480;0,00
247658;2475;0,00
247659;2477;0,00
247660;2477;0,00
247661;2477;0,00
247662;2478;0,00
247663;2480;0,00
247664;2474;0,00
247665;2479;0,00
247666;2476;0,00
247667;2470;0,00
247668;2479;0,00
247669;2473;0,00
247670;2475;0,00
247671;2475;0,00
247672;2477;0,00
247673;2473;0,00
247674;2485;0,05
247675;2480;0,00
247676;2479;0,00
247677;2480;0,00
247678;2479;0,00
247679;2480;0,00
247680;2467;0,00
247681;2480;0,00
247682;2478;0,00
247683;2477;0,00
247684;2478;0,00
247685;2470;0,00
247686;2477;0,00
247687;2478;0,00
247688;2480;0,00
247689;2480;0,00
247690;2478;0,00
247691;2475;0,00
247692;2482;0,00
247693;2480;0,00
247694;2474;0,00
247695;2475;0,00
247696;2486;0,07
247697;2480;0,00
247698;2476;0,00
247699;2475;0,00
247700;2475;0,00
247701;2471;0,00
247702;2480;0,00
247703;2480;0,00
247704;2475;0,00
247705;2474;0,00
247706;2483;0,00
247707;2477;0,00
247708;2475;0,00
247709;2471;0,00
247710;2473;0,00
247711;2475;0,00
247712;2479;0,00
247713;2481;0,00
247714;2480;0,00
247715;2475;0,00
247716;2480;0,00
247717;2474;0,00
247718;2482;0,00
247719;2473;0,00
247720;2478;0,00
247721;2480;0,00
247722;2483;0,00
247723;2480;0,00
247724;2475;0,00
247725;2478;0,00
247726;2478;0,00
247727;2469;0,00
247728;2480;0,00
247729;2482;0,00
247730;2480;0,00
247731;2480;0,00
247732;2475;0,00
247733;2478;0,00
247734;2471;0,00
247735;2474;0,00
247736;2480;0,00
247737;2473;0,00
247738;2476;0,00
247739;2480;0,00
247740;2478;0,00
247741;2478;0,00
247742;2483;0,00
247743;2474;0,00
247744;2480;0,00
247745;2479;0,00
247746;2479;0,00
247747;2477;0,00
247748;2471;0,00
247749;2474;0,00
247750;2479;0,00
247751;2478;0,00
247752;2480;0,00
247753;2480;0,00
247754;2483;0,00
247755;2478;0,00
247756;2480;0,00
247757;2480;0,00
247758;2480;0,00
247759;2477;0,00
247760;2480;0,00
247761;2479;0,00
247762;2475;0,00
247763;2476;0,00
247764;2475;0,00
247765;2479;0,00
247766;2475;0,00
247767;2471;0,00
247768;2476;0,00
247769;2474;0,00
247770;2471;0,00
247771;2471;0,00
247772;2481;0,00
247773;2477;0,00
247774;2475;0,00
247775;2480;0,00
247776;2476;0,00
247777;2480;0,00
247778;2479;0,00
247779;2475;0,00
247780;2480;0,00
247781;2480;0,00
247782;2471;0,00
247783;2478;0,00
247784;2474;0,00
247785;2479;0,00
247786;2481;0,00
247787;2480;0,00
247788;2477;0,00
247789;2477;0,00
247790;2470;0,00
247791;2474;0,00
247792;2476;0,00
247793;2470;0,00
247794;2480;0,00
247795;2479;0,00
247796;2478;0,00
247797;2477;0,00
247798;2468;0,00
247799;2475;0,00
247800;2479;0,00
247801;2477;0,00
247802;2478;0,00
247803;2479;0,00
247804;2480;0,00
247805;2478;0,00
247806;2483;0,00
247807;2482;0,00
247808;2479;0,00
247809;2476;0,00
247810;2476;0,00
247811;2477;0,00
247812;2481;0,00
247813;2478;0,00
247814;2484;0,02
247815;2481;0,00
247816;2478;0,00
247817;2478;0,00
247818;2474;0,00
247819;2480;0,00
247820;2479;0,00
247821;2480;0,00
247822;2478;0,00
247823;2479;0,00
247824;2482;0,00
247825;2480;0,00
247826;2477;0,00
247827;2477;0,00
247828;2480;0,00
247829;2483;0,00
247830;2477;0,00
247831;2473;0,00
247832;2479;0,00
247833;2480;0,00
247834;2477;0,00
247835;2483;0,00
247836;2473;0,00
247837;2476;0,00
247838;2479;0,00
247839;2479;0,00
247840;2480;0,00
247841;2484;0,02
247842;2480;0,00
247843;2476;0,00
247844;2474;0,00
247845;2480;0,00
247846;2480;0,00
247847;2480;0,00
247848;2475;0,00
247849;2480;0,00
247850;2487;0,10
247851;2477;0,00
247852;2473;0,00
247853;2480;0,00
247854;2475;0,00
247855;2474;0,00
247856;2475;0,00
247857;2480;0,00
247858;2479;0,00
247859;2467;0,00
247860;2480;0,00
247861;2480;0,00
247862;2475;0,00
247863;2479;0,00
247864;2479;0,00
247865;2479;0,00
247866;2475;0,00
247867;2480;0,00
247868;2479;0,00
247869;2478;0,00
247870;2480;0,00
247871;2469;0,00
247872;2480;0,00
247873;2477;0,00
247874;2475;0,00
247875;2480;0,00
247876;2480;0,00
247877;2480;0,00
247878;2479;0,00
247879;2476;0,00
247880;2480;0,00
247881;2475;0,00
247882;2482;0,00
247883;2480;0,00
247884;2481;0,00
247885;2485;0,05
247886;2477;0,00
247887;2480;0,00
247888;2480;0,00
247889;2479;0,00
247890;2480;0,00
247891;2475;0,00
247892;2484;0,02
247893;2480;0,00
247894;2470;0,00
247895;2478;0,00
247896;2475;0,00
247897;2474;0,00
247898;2478;0,00
247899;2480;0,00
247900;2480;0,00
247901;2475;0,00
247902;2480;0,00
247903;2480;0,00
247904;2480;0,00
247905;2481;0,00
247906;2470;0,00
247907;2478;0,00
247908;2480;0,00
247909;2480;0,00
247910;2480;0,00
247911;2479;0,00
247912;2477;0,00
247913;2480;0,00
247914;2483;0,00
247915;2478;0,00
247916;2483;0,00
247917;2483;0,00
247918;2480;0,00
247919;2480;0,00
247920;2481;0,00
247921;2476;0,00
247922;2480;0,00
247923;2473;0,00
247924;2477;0,00
247925;2480;0,00
247926;2483;0,00
247927;2484;0,02
247928;2480;0,00
247929;2480;0,00
247930;2479;0,00
247931;2487;0,10
247932;2480;0,00
247933;2483;0,00
247934;2482;0,00
247935;2475;0,00
247936;2481;0,00
247937;2480;0,00
247938;2479;0,00
247939;2478;0,00
247940;2480;0,00
247941;2496;0,32
247942;2480;0,00
247943;2487;0,10
247944;2480;0,00
247945;2490;0,17
247946;2490;0,17
247947;2481;0,00
247948;2480;0,00
247949;2481;0,00
247950;2490;0,17
247951;2495;0,30
247952;2485;0,05
247953;2489;0,15
247954;2481;0,00
247955;2482;0,00
247956;2485;0,05
247957;2528;1,13
247958;2486;0,07
247959;2487;0,10
247960;2483;0,00
247961;2489;0,15
247962;2481;0,00
247963;2482;0,00
247964;2482;0,00
247965;2482;0,00
247966;2483;0,00
247967;2483;0,00
247968;2481;0,00
247969;2480;0,00
247970;2480;0,00
247971;2490;0,17
247972;2486;0,07
247973;2475;0,00
247974;2482;0,00
247975;2485;0,05
247976;2480;0,00
247977;2489;0,15
247978;2485;0,05
247979;2480;0,00
247980;2480;0,00
247981;2480;0,00
247982;2480;0,00
247983;2486;0,07
247984;2476;0,00
247985;2478;0,00
247986;2484;0,02
247987;2480;0,00
247988;2479;0,00
247989;2480;0,00
247990;2487;0,10
247991;2481;0,00
247992;2485;0,05
247993;2480;0,00
247994;2479;0,00
247995;2482;0,00
247996;2483;0,00
247997;2471;0,00
247998;2481;0,00
247999;2480;0,00
248000;2479;0,00
248001;2486;0,07
248002;2481;0,00
248003;2480;0,00
248004;2480;0,00
248005;2491;0,20
248006;2479;0,00
248007;2480;0,00
248008;2483;0,00
248009;2485;0,05
248010;2480;0,00
248011;2491;0,20
248012;2487;0,10
248013;2480;0,00
248014;2477;0,00
248015;2480;0,00
248016;2481;0,00
248017;2484;0,02
248018;2486;0,07
248019;2480;0,00
248020;2479;0,00
248021;2480;0,00
248022;2480;0,00
248023;2484;0,02
248024;2487;0,10
248025;2481;0,00
248026;2480;0,00
248027;2480;0,00
248028;2485;0,05
248029;2486;0,07
248030;2482;0,00
248031;2485;0,05
248032;2482;0,00
248033;2481;0,00
248034;2481;0,00
248035;2482;0,00
248036;2487;0,10
248037;2483;0,00
248038;2486;0,07
248039;2490;0,17
248040;2483;0,00
248041;2480;0,00
248042;2490;0,17
248043;2480;0,00
248044;2485;0,05
248045;2486;0,07
248046;2482;0,00
248047;2483;0,00
248048;2486;0,07
248049;2482;0,00
248050;2486;0,07
248051;2486;0,07
248052;2480;0,00
248053;2485;0,05
248054;2480;0,00
248055;2485;0,05
248056;2482;0,00
248057;2481;0,00
248058;2478;0,00
248059;2491;0,20
248060;2483;0,00
248061;2490;0,17
248062;2483;0,00
248063;2486;0,07
248064;2490;0,17
248065;2480;0,00
248066;2485;0,05
248067;2482;0,00
248068;2480;0,00
248069;2483;0,00
248070;2483;0,00
248071;2480;0,00
248072;2486;0,07
248073;2483;0,00
248074;2480;0,00
248075;2483;0,00
248076;2485;0,05
248077;2482;0,00
248078;2480;0,00
248079;2481;0,00
248080;2480;0,00
248081;2479;0,00
248082;2485;0,05
248083;2478;0,00
248084;2480;0,00
248085;2478;0,00
248086;2482;0,00
248087;2479;0,00
248088;2481;0,00
248089;2479;0,00
248090;2480;0,00
248091;2483;0,00
248092;2481;0,00
248093;2481;0,00
248094;2483;0,00
248095;2484;0,02
248096;2483;0,00
248097;2487;0,10
248098;2485;0,05
248099;2482;0,00
248100;2480;0,00
248101;2479;0,00
248102;2487;0,10
248103;2479;0,00
248104;2482;0,00
248105;2478;0,00
248106;2480;0,00
248107;2480;0,00
248108;2481;0,00
248109;2480;0,00
248110;2477;0,00
248111;2480;0,00
248112;2480;0,00
248113;2485;0,05
248114;2477;0,00
248115;2480;0,00
248116;2483;0,00
248117;2480;0,00
248118;2481;0,00
248119;2481;0,00
248120;2480;0,00
248121;2481;0,00
248122;2483;0,00
248123;2479;0,00
248124;2480;0,00
248125;2481;0,00
248126;2496;0,32
248127;2475;0,00
248128;2482;0,00
248129;2486;0,07
248130;2471;0,00
248131;2480;0,00
248132;2480;0,00
248133;2485;0,05
248134;2475;0,00
248135;2482;0,00
248136;2481;0,00
248137;2475;0,00
248138;2480;0,00
248139;2480;0,00
248140;2486;0,07
248141;2480;0,00
248142;2481;0,00
248143;2480;0,00
248144;2486;0,07
248145;2480;0,00
248146;2509;0,65
248147;2480;0,00
248148;2480;0,00
248149;2483;0,00
248150;2484;0,02
248151;2480;0,00
248152;2481;0,00
248153;2486;0,07
248154;2486;0,07
248155;2485;0,05
248156;2482;0,00
248157;2480;0,00
248158;2480;0,00
248159;2481;0,00
248160;2480;0,00
248161;2480;0,00
248162;2485;0,05
248163;2480;0,00
248164;2480;0,00
248165;2481;0,00
248166;2480;0,00
248167;2483;0,00
248168;2483;0,00
248169;2483;0,00
248170;2491;0,20
248171;2483;0,00
248172;2487;0,10
248173;2479;0,00
248174;2486;0,07
248175;2495;0,30
248176;2495;0,30
248177;2493;0,25
248178;2505;0,55
248179;2503;0,50
248180;2496;0,32
248181;2496;0,32
248182;2501;0,45
248183;2498;0,37
248184;2496;0,32
248185;2498;0,37
248186;2494;0,27
248187;2495;0,30
248188;2497;0,35
248189;2496;0,32
248190;2489;0,15
248191;2496;0,32
248192;2496;0,32
248193;2495;0,30
248194;2494;0,27
248195;2501;0,45
248196;2502;0,48
248197;2496;0,32
248198;2496;0,32
248199;2493;0,25
248200;2497;0,35
248201;2506;0,58
248202;2495;0,30
248203;2498;0,37
248204;2496;0,32
248205;2495;0,30
248206;2498;0,37
248207;2495;0,30
248208;2493;0,25
248209;2505;0,55
248210;2493;0,25
248211;2504;0,53
248212;2493;0,25
248213;2491;0,20
248214;2497;0,35
248215;2502;0,48
248216;2501;0,45
248217;2498;0,37
248218;2498;0,37
248219;2497;0,35
248220;2496;0,32
248221;2491;0,20
248222;2495;0,30
248223;2493;0,25
248224;2499;0,40
248225;2491;0,20
248226;2491;0,20
248227;2496;0,32
248228;2493;0,25
248229;2496;0,32
248230;2490;0,17
248231;2487;0,10
248232;2489;0,15
248233;2490;0,17
248234;2485;0,05
248235;2490;0,17
248236;2493;0,25
248237;2490;0,17
248238;2490;0,17
248239;2485;0,05
248240;2486;0,07
248241;2492;0,22
248242;2490;0,17
248243;2490;0,17
248244;2485;0,05
248245;2487;0,10
248246;2482;0,00
248247;2489;0,15
248248;2487;0,10
248249;2493;0,25
248250;2487;0,10
248251;2480;0,00
248252;2484;0,02
248253;2481;0,00
248254;2485;0,05
248255;2486;0,07
248256;2496;0,32
248257;2496;0,32
248258;2499;0,40
248259;2496;0,32
248260;2493;0,25
248261;2497;0,35
248262;2499;0,40
248263;2496;0,32
248264;2495;0,30
248265;2499;0,40
248266;2499;0,40
248267;2496;0,32
248268;2499;0,40
248269;2497;0,35
248270;2495;0,30
248271;2496;0,32
248272;2503;0,50
248273;2511;0,70
248274;2495;0,30
248275;2490;0,17
248276;2494;0,27
248277;2493;0,25
248278;2492;0,22
248279;2496;0,32
248280;2497;0,35
248281;2496;0,32
248282;2502;0,48
248283;2510;0,68
248284;2502;0,48
248285;2510;0,68
248286;2519;0,91
248287;2506;0,58
248288;2494;0,27
248289;2506;0,58
248290;2506;0,58
248291;2497;0,35
248292;2500;0,43
248293;2505;0,55
248294;2497;0,35
248295;2511;0,70
248296;2509;0,65
248297;2517;0,86
248298;2529;1,16
248299;2506;0,58
248300;2509;0,65
248301;2512;0,73
248302;2509;0,65
248303;2509;0,65
248304;2510;0,68
248305;2518;0,88
248306;2517;0,86
248307;2507;0,60
248308;2515;0,80
248309;2518;0,88
248310;2522;0,98
248311;2519;0,91
248312;2527;1,11
248313;2531;1,21
248314;2519;0,91
248315;2528;1,13
248316;2519;0,91
248317;2525;1,06
248318;2519;0,91
248319;2531;1,21
248320;2527;1,11
248321;2541;1,46
248322;2531;1,21
248323;2530;1,18
248324;2530;1,18
248325;2535;1,31
248326;2533;1,26
248327;2537;1,36
248328;2544;1,54
248329;2534;1,29
248330;2541;1,46
248331;2544;1,54
248332;2549;1,66
248333;2547;1,61
248334;2544;1,54
248335;2559;1,92
248336;2558;1,89
248337;2551;1,72
248338;2557;1,87
248339;2557;1,87
248340;2559;1,92
248341;2554;1,79
248342;2557;1,87
248343;2559;1,92
248344;2559;1,92
248345;2559;1,92
248346;2559;1,92
248347;2559;1,92
248348;2559;1,92
248349;2559;1,92
248350;2559;1,92
248351;2559;1,92
248352;2579;2,42
248353;2586;2,60
248354;2580;2,45
248355;2559;1,92
248356;2582;2,50
248357;2559;1,92
248358;2559;1,92
248359;2583;2,53
248360;2585;2,58
248361;2589;2,68
248362;2582;2,50
248363;2593;2,78
248364;2583;2,53
248365;2559;1,92
248366;2585;2,58
248367;2586;2,60
248368;2598;2,90
248369;2591;2,73
248370;2594;2,80
248371;2589;2,68
248372;2590;2,70
248373;2587;2,63
248374;2588;2,65
248375;2583;2,53
248376;2559;1,92
248377;2559;1,92
248378;2581;2,47
248379;2559;1,92
248380;2559;1,92
248381;2583;2,53
248382;2559;1,92
248383;2559;1,92
248384;2559;1,92
248385;2559;1,92
248386;2559;1,92
248387;2559;1,92
248388;2559;1,92
248389;2559;1,92
248390;2559;1,92
248391;2559;1,92
248392;2559;1,92
248393;2559;1,92
248394;2559;1,92
248395;2559;1,92
248396;2559;1,92
248397;2559;1,92
248398;2559;1,92
248399;2559;1,92
248400;2559;1,92
248401;2559;1,92
248402;2559;1,92
248403;2559;1,92
248404;2559;1,92
248405;2559;1,92
248406;2559;1,92
248407;2559;1,92
248408;2559;1,92
248409;2559;1,92
248410;2559;1,92
248411;2559;1,92
248412;2559;1,92
248413;2559;1,92
248414;2559;1,92
248415;2559;1,92
248416;2559;1,92
248417;2559;1,92
248418;2559;1,92
248419;2586;2,60
248420;2559;1,92
248421;2581;2,47
248422;2581;2,47
248423;2559;1,92
248424;2559;1,92
248425;2588;2,65
248426;2559;1,92
248427;2593;2,78
248428;2583;2,53
248429;2583;2,53
248430;2581;2,47
248431;2590;2,70
248432;2586;2,60
248433;2587;2,63
248434;2586;2,60
248435;2586;2,60
248436;2586;2,60
248437;2586;2,60
248438;2585;2,58
248439;2588;2,65
248440;2587;2,63
248441;2590;2,70
248442;2587;2,63
248443;2586;2,60
248444;2582;2,50
248445;2586;2,60
248446;2583;2,53
248447;2583;2,53
248448;2585;2,58
248449;2581;2,47
248450;2559;1,92
248451;2582;2,50
248452;2583;2,53
248453;2591;2,73
248454;2585;2,58
248455;2559;1,92
248456;2582;2,50
248457;2559;1,92
248458;2583;2,53
248459;2559;1,92
248460;2559;1,92
248461;2559;1,92
248462;2559;1,92
248463;2559;1,92
248464;2559;1,92
248465;2559;1,92
248466;2581;2,47
248467;2585;2,58
248468;2559;1,92
248469;2559;1,92
248470;2583;2,53
248471;2582;2,50
248472;2582;2,50
248473;2583;2,53
248474;2585;2,58
248475;2586;2,60
248476;2559;1,92
248477;2582;2,50
248478;2581;2,47
248479;2585;2,58
248480;2589;2,68
248481;2583;2,53
248482;2592;2,75
248483;2585;2,58
248484;2588;2,65
248485;2583;2,53
248486;2559;1,92
248487;2589;2,68
248488;2587;2,63
248489;2593;2,78
248490;2583;2,53
248491;2559;1,92
248492;2584;2,55
248493;2559;1,92
248494;2586;2,60
248495;2594;2,80
248496;2595;2,83
248497;2587;2,63
248498;2588;2,65
248499;2591;2,73
248500;2579;2,42
248501;2559;1,92
248502;2583;2,53
248503;2586;2,60
248504;2589;2,68
248505;2587;2,63
248506;2583;2,53
248507;2594;2,80
248508;2589;2,68
248509;2587;2,63
248510;2592;2,75
248511;2590;2,70
248512;2593;2,78
248513;2585;2,58
248514;2596;2,85
248515;2593;2,78
248516;2590;2,70
248517;2586;2,60
248518;2583;2,53
248519;2591;2,73
248520;2590;2,70
248521;2593;2,78
248522;2591;2,73
248523;2590;2,70
248524;2599;2,93
248525;2590;2,70
248526;2589;2,68
248527;2592;2,75
248528;2593;2,78
248529;2588;2,65
248530;2598;2,90
248531;2586;2,60
248532;2592;2,75
248533;2589;2,68
248534;2591;2,73
248535;2595;2,83
248536;2594;2,80
248537;2593;2,78
248538;2591;2,73
248539;2592;2,75
248540;2592;2,75
248541;2597;2,88
248542;2593;2,78
248543;2595;2,83
248544;2592;2,75
248545;2591;2,73
248546;2590;2,70
248547;2594;2,80
248548;2601;2,98
248549;2597;2,88
248550;2603;3,03
248551;2594;2,80
248552;2605;3,08
248553;2590;2,70
248554;2597;2,88
248555;2599;2,93
248556;2595;2,83
248557;2599;2,93
248558;2599;2,93
248559;2602;3,01
248560;2598;2,90
248561;2599;2,93
248562;2599;2,93
248563;2605;3,08
248564;2606;3,11
248565;2597;2,88
248566;2601;2,98
248567;2599;2,93
248568;2605;3,08
248569;2598;2,90
248570;2598;2,90
248571;2601;2,98
248572;2615;3,34
248573;2596;2,85
248574;2601;2,98
248575;2603;3,03
248576;2605;3,08
248577;2599;2,93
248578;2603;3,03
248579;2607;3,13
248580;2603;3,03
248581;2608;3,16
248582;2608;3,16
248583;2604;3,06
248584;2603;3,03
248585;2597;2,88
248586;2597;2,88
248587;2595;2,83
248588;2611;3,23
248589;2605;3,08
248590;2594;2,80
248591;2601;2,98
248592;2608;3,16
248593;2598;2,90
248594;2600;2,96
248595;2602;3,01
248596;2608;3,16
248597;2608;3,16
248598;2602;3,01
248599;2608;3,16
248600;2601;2,98
248601;2608;3,16
248602;2599;2,93
248603;2602;3,01
248604;2606;3,11
248605;2602;3,01
248606;2602;3,01
248607;2599;2,93
248608;2609;3,18
248609;2605;3,08
248610;2601;2,98
248611;2611;3,23
248612;2611;3,23
248613;2597;2,88
248614;2607;3,13
248615;2608;3,16
248616;2617;3,39
248617;2610;3,21
248618;2611;3,23
248619;2608;3,16
248620;2608;3,16
248621;2607;3,13
248622;2613;3,28
248623;2614;3,31
248624;2610;3,21
248625;2613;3,28
248626;2613;3,28
248627;2615;3,34
248628;2617;3,39
248629;2620;3,46
248630;2615;3,34
248631;2623;3,54
248632;2624;3,56
248633;2617;3,39
248634;2619;3,44
248635;2619;3,44
248636;2623;3,54
248637;2615;3,34
248638;2622;3,51
248639;2622;3,51
248640;2621;3,49
248641;2624;3,56
248642;2624;3,56
248643;2622;3,51
248644;2624;3,56
248645;2633;3,79
248646;2625;3,59
248647;2624;3,56
248648;2630;3,71
248649;2624;3,56
248650;2624;3,56
248651;2631;3,74
248652;2624;3,56
248653;2625;3,59
248654;2629;3,69
248655;2625;3,59
248656;2629;3,69
248657;2626;3,61
248658;2621;3,49
248659;2624;3,56
248660;2627;3,64
248661;2634;3,82
248662;2626;3,61
248663;2623;3,54
248664;2623;3,54
248665;2620;3,46
248666;2623;3,54
248667;2619;3,44
248668;2623;3,54
248669;2624;3,56
248670;2627;3,64
248671;2624;3,56
248672;2624;3,56
248673;2624;3,56
248674;2629;3,69
248675;2629;3,69
248676;2621;3,49
248677;2629;3,69
248678;2631;3,74
248679;2638;3,92
248680;2626;3,61
248681;2634;3,82
248682;2628;3,66
248683;2627;3,64
248684;2624;3,56
248685;2624;3,56
248686;2635;3,84
248687;2633;3,79
248688;2626;3,61
248689;2624;3,56
248690;2626;3,61
248691;2626;3,61
248692;2625;3,59
248693;2624;3,56
248694;2628;3,66
248695;2623;3,54
248696;2628;3,66
248697;2627;3,64
248698;2634;3,82
248699;2624;3,56
248700;2624;3,56
248701;2625;3,59
248702;2622;3,51
248703;2624;3,56
248704;2621;3,49
248705;2623;3,54
248706;2629;3,69
248707;2624;3,56
248708;2627;3,64
248709;2625;3,59
248710;2626;3,61
248711;2621;3,49
248712;2624;3,56
248713;2633;3,79
248714;2630;3,71
248715;2624;3,56
248716;2625;3,59
248717;2624;3,56
248718;2624;3,56
248719;2624;3,56
248720;2620;3,46
248721;2626;3,61
248722;2627;3,64
248723;2627;3,64
248724;2628;3,66
248725;2629;3,69
248726;2633;3,79
248727;2634;3,82
248728;2627;3,64
248729;2626;3,61
248730;2630;3,71
248731;2628;3,66
248732;2627;3,64
248733;2624;3,56
248734;2640;3,97
248735;2634;3,82
248736;2629;3,69
248737;2630;3,71
248738;2638;3,92
248739;2638;3,92
248740;2628;3,66
248741;2634;3,82
248742;2631;3,74
248743;2627;3,64
248744;2635;3,84
248745;2630;3,71
248746;2640;3,97
248747;2627;3,64
248748;2634;3,82
248749;2634;3,82
248750;2644;4,07
248751;2640;3,97
248752;2631;3,74
248753;2629;3,69
248754;2625;3,59
248755;2631;3,74
248756;2633;3,79
248757;2629;3,69
248758;2628;3,66
248759;2640;3,97
248760;2640;3,97
248761;2638;3,92
248762;2645;4,09
248763;2650;4,22
248764;2667;4,65
248765;2646;4,12
248766;2644;4,07
248767;2653;4,30
248768;2656;4,37
248769;2658;4,42
248770;2666;4,63
248771;2668;4,68
248772;2672;4,78
248773;2672;4,78
248774;2674;4,83
248775;2673;4,80
248776;2682;5,03
248777;2682;5,03
248778;2686;5,13
248779;2672;4,78
248780;2686;5,13
248781;2688;5,18
248782;2679;4,95
248783;2677;4,90
248784;2672;4,78
248785;2672;4,78
248786;2687;5,16
248787;2672;4,78
248788;2674;4,83
248789;2679;4,95
248790;2681;5,01
248791;2686;5,13
248792;2674;4,83
248793;2681;5,01
248794;2687;5,16
248795;2679;4,95
248796;2675;4,85
248797;2681;5,01
248798;2690;5,23
248799;2679;4,95
248800;2683;5,06
248801;2673;4,80
248802;2679;4,95
248803;2672;4,78
248804;2672;4,78
248805;2671;4,75
248806;2669;4,70
248807;2678;4,93
248808;2672;4,78
248809;2667;4,65
248810;2672;4,78
248811;2671;4,75
248812;2665;4,60
248813;2674;4,83
248814;2663;4,55
248815;2662;4,52
248816;2667;4,65
248817;2666;4,63
248818;2667;4,65
248819;2662;4,52
248820;2663;4,55
248821;2667;4,65
248822;2665;4,60
248823;2660;4,47
248824;2657;4,40
248825;2666;4,63
248826;2658;4,42
248827;2671;4,75
248828;2663;4,55
248829;2667;4,65
248830;2667;4,65
248831;2659;4,45
248832;2664;4,57
248833;2657;4,40
248834;2658;4,42
248835;2662;4,52
248836;2662;4,52
248837;2662;4,52
248838;2669;4,70
248839;2662;4,52
248840;2664;4,57
248841;2668;4,68
248842;2666;4,63
248843;2656;4,37
248844;2661;4,50
248845;2669;4,70
248846;2663;4,55
248847;2658;4,42
248848;2655;4,35
248849;2661;4,50
248850;2662;4,52
248851;2663;4,55
248852;2663;4,55
248853;2668;4,68
248854;2662;4,52
248855;2656;4,37
248856;2665;4,60
248857;2655;4,35
248858;2666;4,63
248859;2665;4,60
248860;2656;4,37
248861;2660;4,47
248862;2663;4,55
248863;2655;4,35
248864;2661;4,50
248865;2670;4,73
248866;2667;4,65
248867;2665;4,60
248868;2661;4,50
248869;2658;4,42
248870;2656;4,37
248871;2657;4,40
248872;2667;4,65
248873;2671;4,75
248874;2665;4,60
248875;2660;4,47
248876;2666;4,63
248877;2667;4,65
248878;2669;4,70
248879;2677;4,90
248880;2666;4,63
248881;2667;4,65
248882;2670;4,73
248883;2667;4,65
248884;2673;4,80
248885;2669;4,70
248886;2671;4,75
248887;2672;4,78
248888;2672;4,78
248889;2670;4,73
248890;2669;4,70
248891;2672;4,78
248892;2672;4,78
248893;2663;4,55
248894;2666;4,63
248895;2683;5,06
248896;2674;4,83
248897;2666;4,63
248898;2673;4,80
248899;2670;4,73
248900;2675;4,85
248901;2673;4,80
248902;2667;4,65
248903;2686;5,13
248904;2674;4,83
248905;2679;4,95
248906;2673;4,80
248907;2672;4,78
248908;2673;4,80
248909;2677;4,90
248910;2673;4,80
248911;2682;5,03
248912;2684;5,08
248913;2686;5,13
248914;2673;4,80
248915;2688;5,18
248916;2671;4,75
248917;2684;5,08
248918;2673;4,80
248919;2685;5,11
248920;2681;5,01
248921;2679;4,95
248922;2675;4,85
248923;2678;4,93
248924;2679;4,95
248925;2688;5,18
248926;2677;4,90
248927;2679;4,95
248928;2678;4,93
248929;2686;5,13
248930;2675;4,85
248931;2687;5,16
248932;2675;4,85
248933;2683;5,06
248934;2674;4,83
248935;2679;4,95
248936;2682;5,03
248937;2682;5,03
248938;2674;4,83
248939;2687;5,16
248940;2676;4,88
248941;2682;5,03
248942;2675;4,85
248943;2675;4,85
248944;2674;4,83
248945;2682;5,03
248946;2671;4,75
248947;2687;5,16
248948;2672;4,78
248949;2677;4,90
248950;2672;4,78
248951;2689;5,21
248952;2674;4,83
248953;2677;4,90
248954;2676;4,88
248955;2679;4,95
248956;2685;5,11
248957;2694;5,33
248958;2678;4,93
248959;2683;5,06
248960;2689;5,21
248961;2681;5,01
248962;2683;5,06
248963;2690;5,23
248964;2672;4,78
248965;2681;5,01
248966;2678;4,93
248967;2695;5,36
248968;2679;4,95
248969;2688;5,18
248970;2673;4,80
248971;2675;4,85
248972;2675;4,85
248973;2688;5,18
248974;2685;5,11
248975;2678;4,93
248976;2676;4,88
248977;2673;4,80
248978;2673;4,80
248979;2689;5,21
248980;2677;4,90
248981;2682;5,03
248982;2675;4,85
248983;2688;5,18
248984;2673;4,80
248985;2686;5,13
248986;2676;4,88
248987;2692;5,28
248988;2677;4,90
248989;2679;4,95
248990;2675;4,85
248991;2695;5,36
248992;2672;4,78
248993;2686;5,13
248994;2677;4,90
248995;2674;4,83
248996;2673;4,80
248997;2687;5,16
248998;2675;4,85
248999;2675;4,85
249000;2672;4,78
249001;2679;4,95
249002;2679;4,95
249003;2672;4,78
249004;2673;4,80
249005;2691;5,26
249006;2675;4,85
249007;2673;4,80
249008;2672;4,78
249009;2684;5,08
249010;2673;4,80
249011;2687;5,16
249012;2671;4,75
249013;2686;5,13
249014;2674;4,83
249015;2681;5,01
249016;2672;4,78
249017;2695;5,36
249018;2670;4,73
249019;2672;4,78
249020;2670;4,73
249021;2676;4,88
249022;2670;4,73
249023;2681;5,01
249024;2672;4,78
249025;2681;5,01
249026;2672;4,78
249027;2682;5,03
249028;2675;4,85
249029;2672;4,78
249030;2677;4,90
249031;2698;5,44
249032;2669;4,70
249033;2671;4,75
249034;2673;4,80
249035;2683;5,06
249036;2671;4,75
249037;2672;4,78
249038;2672;4,78
249039;2695;5,36
249040;2672;4,78
249041;2675;4,85
249042;2672;4,78
249043;2683;5,06
249044;2672;4,78
249045;2690;5,23
249046;2673;4,80
249047;2674;4,83
249048;2672;4,78
249049;2672;4,78
249050;2672;4,78
249051;2679;4,95
249052;2669;4,70
249053;2715;5,87
249054;2671;4,75
249055;2678;4,93
249056;2668;4,68
249057;2673;4,80
249058;2677;4,90
249059;2672;4,78
249060;2672;4,78
249061;2694;5,33
249062;2670;4,73
249063;2687;5,16
249064;2677;4,90
249065;2676;4,88
249066;2677;4,90
249067;2688;5,18
249068;2682;5,03
249069;2688;5,18
249070;2677;4,90
249071;2674;4,83
249072;2672;4,78
249073;2676;4,88
249074;2674;4,83
249075;2684;5,08
249076;2683;5,06
249077;2673;4,80
249078;2672;4,78
249079;2688;5,18
249080;2678;4,93
249081;2686;5,13
249082;2678;4,93
249083;2686;5,13
249084;2673;4,80
249085;2675;4,85
249086;2679;4,95
249087;2691;5,26
249088;2672;4,78
249089;2695;5,36
249090;2677;4,90
249091;2687;5,16
249092;2667;4,65
249093;2684;5,08
249094;2673;4,80
249095;2689;5,21
249096;2676;4,88
249097;2687;5,16
249098;2672;4,78
249099;2693;5,31
249100;2681;5,01
249101;2699;5,46
249102;2675;4,85
249103;2688;5,18
249104;2674;4,83
249105;2690;5,23
249106;2672;4,78
249107;2691;5,26
249108;2679;4,95
249109;2683;5,06
249110;2671;4,75
249111;2689;5,21
249112;2674;4,83
249113;2704;5,59
249114;2672;4,78
249115;2699;5,46
249116;2671;4,75
249117;2687;5,16
249118;2674;4,83
249119;2679;4,95
249120;2672;4,78
249121;2703;5,56
249122;2676;4,88
249123;2698;5,44
249124;2671;4,75
249125;2698;5,44
249126;2672;4,78
249127;2678;4,93
249128;2667;4,65
249129;2686;5,13
249130;2671;4,75
249131;2710;5,74
249132;2670;4,73
249133;2689;5,21
249134;2673;4,80
249135;2702;5,54
249136;2666;4,63
249137;2675;4,85
249138;2672;4,78
249139;2683;5,06
249140;2671;4,75
249141;2739;6,47
249142;2678;4,93
249143;2710;5,74
249144;2683;5,06
249145;2675;4,85
249146;2672;4,78
249147;2685;5,11
249148;2672;4,78
249149;2688;5,18
249150;2669;4,70
249151;2676;4,88
249152;2673;4,80
249153;2686;5,13
249154;2669;4,70
249155;2706;5,64
249156;2682;5,03
249157;2675;4,85
249158;2672;4,78
249159;2697;5,41
249160;2672;4,78
249161;2704;5,59
249162;2672;4,78
249163;2672;4,78
249164;2677;4,90
249165;2702;5,54
249166;2672;4,78
249167;2702;5,54
249168;2672;4,78
249169;2704;5,59
249170;2677;4,90
249171;2679;4,95
249172;2676;4,88
249173;2694;5,33
249174;2672;4,78
249175;2690;5,23
249176;2672;4,78
249177;2682;5,03
249178;2671;4,75
249179;2675;4,85
249180;2671;4,75
249181;2704;5,59
249182;2673;4,80
249183;2675;4,85
249184;2672;4,78
249185;2682;5,03
249186;2677;4,90
249187;2771;7,28
249188;2672;4,78
249189;2683;5,06
249190;2672;4,78
249191;2695;5,36
249192;2674;4,83
249193;2698;5,44
249194;2678;4,93
249195;2699;5,46
249196;2671;4,75
249197;2695;5,36
249198;2676;4,88
249199;2706;5,64
249200;2675;4,85
249201;2692;5,28
249202;2672;4,78
249203;2683;5,06
249204;2679;4,95
249205;2698;5,44
249206;2667;4,65
249207;2702;5,54
249208;2679;4,95
249209;2678;4,93
249210;2667;4,65
249211;2691;5,26
249212;2673;4,80
249213;2679;4,95
249214;2672;4,78
249215;2691;5,26
249216;2675;4,85
249217;2703;5,56
249218;2673;4,80
249219;2708;5,69
249220;2678;4,93
249221;2679;4,95
249222;2682;5,03
249223;2668;4,68
249224;2672;4,78
249225;2695;5,36
249226;2672;4,78
249227;2694;5,33
249228;2672;4,78
249229;2691;5,26
249230;2667;4,65
249231;2689;5,21
249232;2675;4,85
249233;2703;5,56
249234;2669;4,70
249235;2710;5,74
249236;2672;4,78
249237;2699;5,46
249238;2672;4,78
249239;2673;4,80
249240;2667;4,65
249241;2675;4,85
249242;2670;4,73
249243;2679;4,95
249244;2672;4,78
249245;2675;4,85
249246;2672;4,78
249247;2681;5,01
249248;2672;4,78
249249;2691;5,26
249250;2670;4,73
249251;2704;5,59
249252;2672;4,78
249253;2677;4,90
249254;2663;4,55
249255;2689;5,21
249256;2666;4,63
249257;2699;5,46
249258;2672;4,78
249259;2697;5,41
249260;2669;4,70
249261;2675;4,85
249262;2663;4,55
249263;2671;4,75
249264;2675;4,85
249265;2672;4,78
249266;2660;4,47
249267;2688;5,18
249268;2663;4,55
249269;2702;5,54
249270;2665;4,60
249271;2697;5,41
249272;2665;4,60
249273;2671;4,75
249274;2667;4,65
249275;2704;5,59
249276;2665;4,60
249277;2669;4,70
249278;2671;4,75
249279;2668;4,68
249280;2666;4,63
249281;2669;4,70
249282;2670;4,73
249283;2684;5,08
249284;2671;4,75
249285;2691;5,26
249286;2665;4,60
249287;2681;5,01
249288;2663;4,55
249289;2670;4,73
249290;2674;4,83
249291;2699;5,46
249292;2662;4,52
249293;2693;5,31
249294;2661;4,50
249295;2686;5,13
249296;2657;4,40
249297;2662;4,52
249298;2668;4,68
249299;2687;5,16
249300;2656;4,37
249301;2670;4,73
249302;2671;4,75
249303;2673;4,80
249304;2670;4,73
249305;2672;4,78
249306;2661;4,50
249307;2671;4,75
249308;2671;4,75
249309;2672;4,78
249310;2661;4,50
249311;2675;4,85
249312;2656;4,37
249313;2667;4,65
249314;2662;4,52
249315;2669;4,70
249316;2660;4,47
249317;2671;4,75
249318;2662;4,52
249319;2669;4,70
249320;2665;4,60
249321;2672;4,78
249322;2665;4,60
249323;2706;5,64
249324;2667;4,65
249325;2672;4,78
249326;2657;4,40
249327;2672;4,78
249328;2657;4,40
249329;2672;4,78
249330;2658;4,42
249331;2674;4,83
249332;2661;4,50
249333;2688;5,18
249334;2667;4,65
249335;2676;4,88
249336;2659;4,45
249337;2665;4,60
249338;2661;4,50
249339;2672;4,78
249340;2660;4,47
249341;2668;4,68
249342;2657;4,40
249343;2669;4,70
249344;2666;4,63
249345;2665;4,60
249346;2658;4,42
249347;2672;4,78
249348;2662;4,52
249349;2686;5,13
249350;2658;4,42
249351;2678;4,93
249352;2662;4,52
249353;2698;5,44
249354;2657;4,40
249355;2666;4,63
249356;2663;4,55
249357;2670;4,73
249358;2655;4,35
249359;2670;4,73
249360;2656;4,37
249361;2672;4,78
249362;2655;4,35
249363;2693;5,31
249364;2660;4,47
249365;2687;5,16
249366;2658;4,42
249367;2662;4,52
249368;2650;4,22
249369;2686;5,13
249370;2657;4,40
249371;2691;5,26
249372;2647;4,14
249373;2681;5,01
249374;2653;4,30
249375;2671;4,75
249376;2652;4,27
249377;2672;4,78
249378;2651;4,25
249379;2654;4,32
249380;2650;4,22
249381;2692;5,28
249382;2653;4,30
249383;2655;4,35
249384;2652;4,27
249385;2668;4,68
249386;2651;4,25
249387;2658;4,42
249388;2647;4,14
249389;2683;5,06
249390;2652;4,27
249391;2656;4,37
249392;2657;4,40
249393;2667;4,65
249394;2653;4,30
249395;2673;4,80
249396;2649;4,20
249397;2673;4,80
249398;2732;6,30
249399;2663;4,55
249400;2654;4,32
249401;2663;4,55
249402;2651;4,25
249403;2659;4,45
249404;2656;4,37
249405;2663;4,55
249406;2646;4,12
249407;2672;4,78
249408;2641;3,99
249409;2683;5,06
249410;2645;4,09
249411;2677;4,90
249412;2645;4,09
249413;2672;4,78
249414;2659;4,45
249415;2677;4,90
249416;2651;4,25
249417;2689;5,21
249418;2643;4,04
249419;2659;4,45
249420;2647;4,14
249421;2652;4,27
249422;2651;4,25
249423;2657;4,40
249424;2645;4,09
249425;2661;4,50
249426;2647;4,14
249427;2669;4,70
249428;2643;4,04
249429;2652;4,27
249430;2650;4,22
249431;2667;4,65
249432;2649;4,20
249433;2673;4,80
249434;2645;4,09
249435;2669;4,70
249436;2641;3,99
249437;2681;5,01
249438;2647;4,14
249439;2688;5,18
249440;2653;4,30
249441;2688;5,18
249442;2653;4,30
249443;2682;5,03
249444;2651;4,25
249445;2655;4,35
249446;2652;4,27
249447;2672;4,78
249448;2645;4,09
249449;2653;4,30
249450;2652;4,27
249451;2683;5,06
249452;2651;4,25
249453;2672;4,78
249454;2642;4,02
249455;2647;4,14
249456;2643;4,04
249457;2661;4,50
249458;2642;4,02
249459;2672;4,78
249460;2642;4,02
249461;2677;4,90
249462;2650;4,22
249463;2649;4,20
249464;2641;3,99
249465;2672;4,78
249466;2640;3,97
249467;2654;4,32
249468;2653;4,30
249469;2677;4,90
249470;2639;3,94
249471;2672;4,78
249472;2638;3,92
249473;2647;4,14
249474;2647;4,14
249475;2651;4,25
249476;2640;3,97
249477;2675;4,85
249478;2640;3,97
249479;2675;4,85
249480;2640;3,97
249481;2672;4,78
249482;2640;3,97
249483;2640;3,97
249484;2642;4,02
249485;2669;4,70
249486;2637;3,89
249487;2649;4,20
249488;2647;4,14
249489;2646;4,12
249490;2634;3,82
249491;2667;4,65
249492;2681;5,01
249493;2645;4,09
249494;2640;3,97
249495;2661;4,50
249496;2640;3,97
249497;2691;5,26
249498;2631;3,74
249499;2663;4,55
249500;2641;3,99
249501;2643;4,04
249502;2640;3,97
249503;2671;4,75
249504;2640;3,97
249505;2671;4,75
249506;2642;4,02
249507;2661;4,50
249508;2640;3,97
249509;2663;4,55
249510;2640;3,97
249511;2659;4,45
249512;2639;3,94
249513;2651;4,25
249514;2652;4,27
249515;2653;4,30
249516;2652;4,27
249517;2672;4,78
249518;2645;4,09
249519;2649;4,20
249520;2646;4,12
249521;2655;4,35
249522;2645;4,09
249523;2677;4,90
249524;2640;3,97
249525;2653;4,30
249526;2656;4,37
249527;2698;5,44
249528;2646;4,12
249529;2651;4,25
249530;2644;4,07
249531;2683;5,06
249532;2646;4,12
249533;2673;4,80
249534;2646;4,12
249535;2669;4,70
249536;2651;4,25
249537;2663;4,55
249538;2646;4,12
249539;2674;4,83
249540;2647;4,14
249541;2655;4,35
249542;2644;4,07
249543;2695;5,36
249544;2649;4,20
249545;2674;4,83
249546;2650;4,22
249547;2661;4,50
249548;2655;4,35
249549;2684;5,08
249550;2658;4,42
249551;2685;5,11
249552;2657;4,40
249553;2667;4,65
249554;2663;4,55
249555;2666;4,63
249556;2656;4,37
249557;2667;4,65
249558;2666;4,63
249559;2672;4,78
249560;2653;4,30
249561;2684;5,08
249562;2656;4,37
249563;2675;4,85
249564;2659;4,45
249565;2677;4,90
249566;2659;4,45
249567;2689;5,21
249568;2657;4,40
249569;2666;4,63
249570;2661;4,50
249571;2677;4,90
249572;2662;4,52
249573;2702;5,54
249574;2661;4,50
249575;2677;4,90
249576;2665;4,60
249577;2672;4,78
249578;2667;4,65
249579;2693;5,31
249580;2668;4,68
249581;2688;5,18
249582;2671;4,75
249583;2678;4,93
249584;2656;4,37
249585;2677;4,90
249586;2662;4,52
249587;2701;5,51
249588;2663;4,55
249589;2673;4,80
249590;2671;4,75
249591;2694;5,33
249592;2665;4,60
249593;2675;4,85
249594;2683;5,06
249595;2687;5,16
249596;2673;4,80
249597;2704;5,59
249598;2673;4,80
249599;2694;5,33
249600;2674;4,83
249601;2698;5,44
249602;2670;4,73
249603;2691;5,26
249604;2672;4,78
249605;2711;5,76
249606;2675;4,85
249607;2682;5,03
249608;2682;5,03
249609;2688;5,18
249610;2685;5,11
249611;2687;5,16
249612;2683;5,06
249613;2695;5,36
249614;2686;5,13
249615;2704;5,59
249616;2685;5,11
249617;2711;5,76
249618;2688;5,18
249619;2717;5,92
249620;2695;5,36
249621;2716;5,89
249622;2689;5,21
249623;2726;6,14
249624;2701;5,51
249625;2709;5,71
249626;2694;5,33
249627;2713;5,81
249628;2699;5,46
249629;2738;6,45
249630;2695;5,36
249631;2730;6,24
249632;2704;5,59
249633;2703;5,56
249634;2698;5,44
249635;2705;5,61
249636;2704;5,59
249637;2731;6,27
249638;2704;5,59
249639;2716;5,89
249640;2709;5,71
249641;2747;6,68
249642;2709;5,71
249643;2737;6,42
249644;2710;5,74
249645;2719;5,97
249646;2704;5,59
249647;2747;6,68
249648;2709;5,71
249649;2721;6,02
249650;2709;5,71
249651;2742;6,55
249652;2723;6,07
249653;2714;5,84
249654;2725;6,12
249655;2736;6,40
249656;2719;5,97
249657;2736;6,40
249658;2720;5,99
249659;2730;6,24
249660;2720;5,99
249661;2755;6,88
249662;2731;6,27
249663;2768;7,21
249664;2731;6,27
249665;2754;6,85
249666;2735;6,37
249667;2735;6,37
249668;2733;6,32
249669;2736;6,40
249670;2735;6,37
249671;2737;6,42
249672;2734;6,35
249673;2743;6,57
249674;2736;6,40
249675;2774;7,36
249676;2735;6,37
249677;2739;6,47
249678;2738;6,45
249679;2745;6,62
249680;2745;6,62
249681;2778;7,46
249682;2748;6,70
249683;2779;7,48
249684;2736;6,40
249685;2749;6,73
249686;2752;6,80
249687;2752;6,80
249688;2752;6,80
249689;2759;6,98
249690;2761;7,03
249691;2791;7,79
249692;2751;6,78
249693;2767;7,18
249694;2755;6,88
249695;2787;7,69
249696;2758;6,95
249697;2779;7,48
249698;2773;7,33
249699;2790;7,76
249700;2768;7,21
249701;2800;8,02
249702;2765;7,13
249703;2789;7,74
249704;2770;7,26
249705;2772;7,31
249706;2768;7,21
249707;2803;8,09
249708;2771;7,28
249709;2789;7,74
249710;2775;7,38
249711;2815;8,40
249712;2784;7,61
249713;2798;7,97
249714;2787;7,69
249715;2799;7,99
249716;2791;7,79
249717;2830;8,78
249718;2797;7,94
249719;2806;8,17
249720;2796;7,91
249721;2801;8,04
249722;2809;8,24
249723;2806;8,17
249724;2801;8,04
249725;2806;8,17
249726;2803;8,09
249727;2815;8,40
249728;2807;8,19
249729;2811;8,29
249730;2816;8,42
249731;2837;8,95
249732;2816;8,42
249733;2823;8,60
249734;2822;8,57
249735;2831;8,80
249736;2826;8,67
249737;2857;9,46
249738;2833;8,85
249739;2855;9,41
249740;2839;9,00
249741;2842;9,08
249742;2838;8,98
249743;2872;9,84
249744;2837;8,95
249745;2849;9,26
249746;2843;9,10
249747;2847;9,21
249748;2846;9,18
249749;2879;10,02
249750;2849;9,26
249751;2864;9,64
249752;2849;9,26
249753;2864;9,64
249754;2862;9,59
249755;2883;10,12
249756;2865;9,66
249757;2898;10,50
249758;2867;9,71
249759;2876;9,94
249760;2865;9,66
249761;2883;10,12
249762;2871;9,81
249763;2902;10,60
249764;2879;10,02
249765;2890;10,29
249766;2892;10,34
249767;2914;10,90
249768;2893;10,37
249769;2917;10,98
249770;2886;10,19
249771;2933;11,38
249772;2894;10,39
249773;2926;11,20
249774;2897;10,47
249775;2927;11,23
249776;2897;10,47
249777;2939;11,53
249778;2902;10,60
249779;2931;11,33
249780;2913;10,88
249781;2930;11,31
249782;2907;10,72
249783;2927;11,23
249784;2918;11,00
249785;2933;11,38
249786;2923;11,13
249787;2950;11,81
249788;2926;11,20
249789;2928;11,26
249790;2928;11,26
249791;2933;11,38
249792;2922;11,10
249793;2961;12,09
249794;2935;11,43
249795;2967;12,24
249796;2934;11,41
249797;2962;12,12
249798;2944;11,66
249799;2966;12,22
249800;2940;11,56
249801;2970;12,32
249802;2947;11,74
249803;2952;11,86
249804;2943;11,63
249805;2967;12,24
249806;2944;11,66
249807;2967;12,24
249808;2949;11,79
249809;2960;12,06
249810;2943;11,63
249811;2958;12,01
249812;2950;11,81
249813;2958;12,01
249814;2954;11,91
249815;2975;12,44
249816;2957;11,99
249817;2982;12,62
249818;2955;11,94
249819;2976;12,47
249820;2960;12,06
249821;2971;12,34
249822;2963;12,14
249823;2969;12,29
249824;2973;12,39
249825;2989;12,80
249826;2960;12,06
249827;2973;12,39
249828;2965;12,19
249829;2995;12,95
249830;2967;12,24
249831;2983;12,65
249832;2972;12,37
249833;2995;12,95
249834;2961;12,09
249835;2986;12,72
249836;2970;12,32
249837;2988;12,77
249838;2987;12,75
249839;2995;12,95
249840;2987;12,75
249841;3006;13,23
249842;2985;12,70
249843;3021;13,61
249844;2997;13,00
249845;3007;13,25
249846;2999;13,05
249847;3009;13,30
249848;2992;12,87
249849;3029;13,81
249850;2995;12,95
249851;3009;13,30
249852;3005;13,20
249853;3023;13,66
249854;3014;13,43
249855;3015;13,46
249856;3010;13,33
249857;3018;13,53
249858;3015;13,46
249859;3015;13,46
249860;3017;13,51
249861;3025;13,71
249862;3019;13,56
249863;3022;13,63
249864;3018;13,53
249865;3040;14,09
249866;3024;13,68
249867;3025;13,71
249868;3022;13,63
249869;3051;14,37
249870;3023;13,66
249871;3037;14,01
249872;3019;13,56
249873;3031;13,86
249874;3024;13,68
249875;3035;13,96
249876;3024;13,68
249877;3050;14,34
249878;3024;13,68
249879;3045;14,22
249880;3024;13,68
249881;3035;13,96
249882;3024;13,68
249883;3033;13,91
249884;3034;13,94
249885;3039;14,06
249886;3035;13,96
249887;3051;14,37
249888;3026;13,73
249889;3055;14,47
249890;3031;13,86
249891;3029;13,81
249892;3035;13,96
249893;3048;14,29
249894;3041;14,11
249895;3040;14,09
249896;3040;14,09
249897;3056;14,49
249898;3036;13,99
249899;3064;14,70
249900;3053;14,42
249901;3052;14,39
249902;3045;14,22
249903;3069;14,82
249904;3042;14,14
249905;3051;14,37
249906;3053;14,42
249907;3057;14,52
249908;3046;14,24
249909;3062;14,65
249910;3056;14,49
249911;3063;14,67
249912;3053;14,42
249913;3071;14,87
249914;3058;14,54
249915;3071;14,87
249916;3066;14,75
249917;3068;14,80
249918;3063;14,67
249919;3082;15,15
249920;3063;14,67
249921;3071;14,87
249922;3071;14,87
249923;3084;15,20
249924;3069;14,82
249925;3071;14,87
249926;3071;14,87
249927;3071;14,87
249928;3071;14,87
249929;3088;15,30
249930;3083;15,18
249931;3100;15,61
249932;3088;15,30
249933;3101;15,63
249934;3085;15,23
249935;3095;15,48
249936;3083;15,18
249937;3099;15,58
249938;3091;15,38
249939;3094;15,46
249940;3088;15,30
249941;3093;15,43
249942;3087;15,28
249943;3095;15,48
249944;3087;15,28
249945;3103;15,68
249946;3088;15,30
249947;3106;15,76
249948;3095;15,48
249949;3109;15,84
249950;3085;15,23
249951;3088;15,30
249952;3088;15,30
249953;3093;15,43
249954;3088;15,30
249955;3094;15,46
249956;3085;15,23
249957;3093;15,43
249958;3087;15,28
249959;3106;15,76
249960;3083;15,18
249961;3104;15,71
249962;3091;15,38
249963;3088;15,30
249964;3083;15,18
249965;3088;15,30
249966;3086;15,25
249967;3091;15,38
249968;3083;15,18
249969;3088;15,30
249970;3086;15,25
249971;3085;15,23
249972;3085;15,23
249973;3099;15,58
249974;3082;15,15
249975;3095;15,48
249976;3071;14,87
249977;3104;15,71
249978;3087;15,28
249979;3092;15,40
249980;3079;15,08
249981;3098;15,56
249982;3081;15,13
249983;3091;15,38
249984;3086;15,25
249985;3091;15,38
249986;3083;15,18
249987;3088;15,30
249988;3088;15,30
249989;3101;15,63
249990;3088;15,30
249991;3095;15,48
249992;3087;15,28
249993;3091;15,38
249994;3093;15,43
249995;3087;15,28
249996;3085;15,23
249997;3088;15,30
249998;3087;15,28
249999;3098;15,56
250000;3090;15,35
250001;3093;15,43
250002;3085;15,23
250003;3089;15,33
250004;3088;15,30
250005;3088;15,30
250006;3070;14,85
250007;3102;15,66
250008;3083;15,18
250009;3095;15,48
250010;3083;15,18
250011;3087;15,28
250012;3087;15,28
250013;3083;15,18
250014;3071;14,87
250015;3091;15,38
250016;3088;15,30
250017;3089;15,33
250018;3082;15,15
250019;3099;15,58
250020;3084;15,20
250021;3088;15,30
250022;3087;15,28
250023;3099;15,58
250024;3082;15,15
250025;3090;15,35
250026;3071;14,87
250027;3089;15,33
250028;3071;14,87
250029;3087;15,28
250030;3079;15,08
250031;3092;15,40
250032;3071;14,87
250033;3090;15,35
250034;3083;15,18
250035;3086;15,25
250036;3071;14,87
250037;3067;14,77
250038;3090;15,35
250039;3085;15,23
250040;3070;14,85
250041;3088;15,30
250042;3071;14,87
250043;3091;15,38
250044;3086;15,25
250045;3086;15,25
250046;3079;15,08
250047;3091;15,38
250048;3088;15,30
250049;3088;15,30
250050;3085;15,23
250051;3102;15,66
250052;3091;15,38
250053;3093;15,43
250054;3088;15,30
250055;3101;15,63
250056;3089;15,33
250057;3095;15,48
250058;3088;15,30
250059;3105;15,73
250060;3085;15,23
250061;3088;15,30
250062;3088;15,30
250063;3102;15,66
250064;3083;15,18
250065;3094;15,46
250066;3085;15,23
250067;3103;15,68
250068;3085;15,23
250069;3085;15,23
250070;3067;14,77
250071;3088;15,30
250072;3083;15,18
250073;3086;15,25
250074;3071;14,87
250075;3071;14,87
250076;3063;14,67
250077;3071;14,87
250078;3067;14,77
250079;3088;15,30
250080;3060;14,60
250081;3067;14,77
250082;3061;14,62
250083;3061;14,62
250084;3057;14,52
250085;3071;14,87
250086;3063;14,67
250087;3079;15,08
250088;3058;14,54
250089;3070;14,85
250090;3056;14,49
250091;3070;14,85
250092;3056;14,49
250093;3056;14,49
250094;3057;14,52
250095;3083;15,18
250096;3056;14,49
250097;3066;14,75
250098;3057;14,52
250099;3071;14,87
250100;3058;14,54
250101;3067;14,77
250102;3056;14,49
250103;3084;15,20
250104;3063;14,67
250105;3071;14,87
250106;3071;14,87
250107;3088;15,30
250108;3063;14,67
250109;3089;15,33
250110;3063;14,67
250111;3087;15,28
250112;3071;14,87
250113;3087;15,28
250114;3071;14,87
250115;3090;15,35
250116;3071;14,87
250117;3088;15,30
250118;3068;14,80
250119;3071;14,87
250120;3062;14,65
250121;3084;15,20
250122;3056;14,49
250123;3069;14,82
250124;3066;14,75
250125;3081;15,13
250126;3054;14,44
250127;3060;14,60
250128;3061;14,62
250129;3055;14,47
250130;3049;14,32
250131;3054;14,44
250132;3050;14,34
250133;3061;14,62
250134;3046;14,24
250135;3068;14,80
250136;3039;14,06
250137;3055;14,47
250138;3040;14,09
250139;3062;14,65
250140;3038;14,04
250141;3071;14,87
250142;3034;13,94
250143;3053;14,42
250144;3043;14,16
250145;3067;14,77
250146;3054;14,44
250147;3054;14,44
250148;3039;14,06
250149;3050;14,34
250150;3052;14,39
250151;3047;14,27
250152;3056;14,49
250153;3056;14,49
250154;3038;14,04
250155;3059;14,57
250156;3051;14,37
250157;3056;14,49
250158;3041;14,11
250159;3055;14,47
250160;3054;14,44
250161;3053;14,42
250162;3041;14,11
250163;3054;14,44
250164;3039;14,06
250165;3042;14,14
250166;3040;14,09
250167;3058;14,54
250168;3040;14,09
250169;3063;14,67
250170;3050;14,34
250171;3071;14,87
250172;3041;14,11
250173;3049;14,32
250174;3041;14,11
250175;3056;14,49
250176;3037;14,01
250177;3038;14,04
250178;3039;14,06
250179;3061;14,62
250180;3053;14,42
250181;3056;14,49
250182;3042;14,14
250183;3040;14,09
250184;3027;13,76
250185;3035;13,96
250186;3039;14,06
250187;3043;14,16
250188;3038;14,04
250189;3053;14,42
250190;3035;13,96
250191;3035;13,96
250192;3027;13,76
250193;3036;13,99
250194;3032;13,89
250195;3039;14,06
250196;3027;13,76
250197;3054;14,44
250198;3040;14,09
250199;3057;14,52
250200;3024;13,68
250201;3038;14,04
250202;3035;13,96
250203;3056;14,49
250204;3031;13,86
250205;3041;14,11
250206;3026;13,73
250207;3044;14,19
250208;3019;13,56
250209;3044;14,19
250210;3024;13,68
250211;3033;13,91
250212;3024;13,68
250213;3028;13,79
250214;3024;13,68
250215;3028;13,79
250216;3028;13,79
250217;3046;14,24
250218;3034;13,94
250219;3042;14,14
250220;3033;13,91
250221;3038;14,04
250222;3034;13,94
250223;3046;14,24
250224;3037;14,01
250225;3049;14,32
250226;3039;14,06
250227;3055;14,47
250228;3023;13,66
250229;3033;13,91
250230;3036;13,99
250231;3031;13,86
250232;3023;13,66
250233;3024;13,68
250234;3009;13,30
250235;3017;13,51
250236;3007;13,25
250237;3009;13,30
250238;2989;12,80
250239;3007;13,25
250240;2971;12,34
250241;2992;12,87
250242;2960;12,06
250243;2990;12,82
250244;2963;12,14
250245;2995;12,95
250246;2976;12,47
250247;3008;13,28
250248;2993;12,90
250249;3010;13,33
250250;2992;12,87
250251;3003;13,15
250252;3013;13,41
250253;3044;14,19
250254;3046;14,24
250255;3056;14,49
250256;3043;14,16
250257;3081;15,13
250258;3037;14,01
250259;3059;14,57
250260;3038;14,04
250261;3041;14,11
250262;3039;14,06
250263;3056;14,49
250264;3035;13,96
250265;3045;14,22
250266;3046;14,24
250267;3053;14,42
250268;3031;13,86
250269;3031;13,86
250270;3025;13,71
250271;3030;13,84
250272;3033;13,91
250273;3047;14,27
250274;3023;13,66
250275;3040;14,09
250276;3024;13,68
250277;3024;13,68
250278;3012;13,38
250279;3031;13,86
250280;3008;13,28
250281;3024;13,68
250282;3007;13,25
250283;3008;13,28
250284;2992;12,87
250285;3008;13,28
250286;2985;12,70
250287;2985;12,70
250288;2966;12,22
250289;2997;13,00
250290;2955;11,94
250291;2960;12,06
250292;2939;11,53
250293;2958;12,01
250294;2939;11,53
250295;2959;12,04
250296;2935;11,43
250297;2974;12,42
250298;2938;11,51
250299;2947;11,74
250300;2951;11,84
250301;2989;12,80
250302;2951;11,84
250303;2979;12,55
250304;2956;11,96
250305;2974;12,42
250306;2976;12,47
250307;2999;13,05
250308;2993;12,90
250309;3005;13,20
250310;2992;12,87
250311;2999;13,05
250312;2990;12,82
250313;3008;13,28
250314;2990;12,82
250315;3001;13,10
250316;2981;12,60
250317;2997;13,00
250318;2983;12,65
250319;2993;12,90
250320;2982;12,62
250321;2998;13,03
250322;2977;12,49
250323;2992;12,87
250324;2963;12,14
250325;2983;12,65
250326;2949;11,79
250327;2979;12,55
250328;2958;12,01
250329;2967;12,24
250330;2946;11,71
250331;2964;12,17
250332;2935;11,43
250333;2959;12,04
250334;2951;11,84
250335;2944;11,66
250336;2935;11,43
250337;2960;12,06
250338;2926;11,20
250339;2951;11,84
250340;2923;11,13
250341;2931;11,33
250342;2935;11,43
250343;2966;12,22
250344;2942;11,61
250345;2978;12,52
250346;2943;11,63
250347;2958;12,01
250348;2957;11,99
250349;2995;12,95
250350;2959;12,04
250351;2986;12,72
250352;2967;12,24
250353;2994;12,93
250354;2982;12,62
250355;3010;13,33
250356;2986;12,72
250357;2983;12,65
250358;2977;12,49
250359;2986;12,72
250360;2971;12,34
250361;3003;13,15
250362;2960;12,06
250363;3004;13,18
250364;2986;12,72
250365;2999;13,05
250366;2976;12,47
250367;2992;12,87
250368;2974;12,42
250369;2985;12,70
250370;2961;12,09
250371;2989;12,80
250372;2965;12,19
250373;2988;12,77
250374;2965;12,19
250375;2991;12,85
250376;2957;11,99
250377;2967;12,24
250378;2948;11,76
250379;2943;11,63
250380;2941;11,58
250381;2950;11,81
250382;2928;11,26
250383;2941;11,58
250384;2918;11,00
250385;2946;11,71
250386;2933;11,38
250387;2944;11,66
250388;2915;10,93
250389;2939;11,53
250390;2896;10,45
250391;2928;11,26
250392;2907;10,72
250393;2945;11,69
250394;2909;10,77
250395;2942;11,61
250396;2927;11,23
250397;2941;11,58
250398;2930;11,31
250399;2941;11,58
250400;2937;11,48
250401;2960;12,06
250402;2935;11,43
250403;2960;12,06
250404;2946;11,71
250405;2961;12,09
250406;2943;11,63
250407;2960;12,06
250408;2954;11,91
250409;2991;12,85
250410;2957;11,99
250411;2960;12,06
250412;2950;11,81
250413;2960;12,06
250414;2959;12,04
250415;2960;12,06
250416;2944;11,66
250417;2965;12,19
250418;2959;12,04
250419;2986;12,72
250420;2963;12,14
250421;2975;12,44
250422;2960;12,06
250423;2992;12,87
250424;2963;12,14
250425;2978;12,52
250426;2963;12,14
250427;2969;12,29
250428;2961;12,09
250429;2985;12,70
250430;2944;11,66
250431;2965;12,19
250432;2941;11,58
250433;2967;12,24
250434;2938;11,51
250435;2963;12,14
250436;2929;11,28
250437;2943;11,63
250438;2919;11,03
250439;2916;10,95
250440;2915;10,93
250441;2935;11,43
250442;2910;10,80
250443;2912;10,85
250444;2895;10,42
250445;2926;11,20
250446;2887;10,22
250447;2923;11,13
250448;2910;10,80
250449;2928;11,26
250450;2927;11,23
250451;2917;10,98
250452;2923;11,13
250453;2928;11,26
250454;2933;11,38
250455;2938;11,51
250456;2960;12,06
250457;2958;12,01
250458;2959;12,04
250459;2981;12,60
250460;2957;11,99
250461;2959;12,04
250462;2956;11,96
250463;2983;12,65
250464;2963;12,14
250465;2954;11,91
250466;2960;12,06
250467;2958;12,01
250468;2962;12,12
250469;2977;12,49
250470;2979;12,55
250471;2967;12,24
250472;2969;12,29
250473;2985;12,70
250474;2960;12,06
250475;2955;11,94
250476;2955;11,94
250477;2960;12,06
250478;2959;12,04
250479;2960;12,06
250480;2943;11,63
250481;2951;11,84
250482;2941;11,58
250483;2939;11,53
250484;2933;11,38
250485;2930;11,31
250486;2923;11,13
250487;2925;11,18
250488;2926;11,20
250489;2914;10,90
250490;2935;11,43
250491;2929;11,28
250492;2923;11,13
250493;2930;11,31
250494;2914;10,90
250495;2909;10,77
250496;2908;10,75
250497;2912;10,85
250498;2896;10,45
250499;2917;10,98
250500;2912;10,85
250501;2915;10,93
250502;2928;11,26
250503;2928;11,26
250504;2930;11,31
250505;2930;11,31
250506;2922;11,10
250507;2921;11,08
250508;2922;11,10
250509;2915;10,93
250510;2917;10,98
250511;2929;11,28
250512;2928;11,26
250513;2934;11,41
250514;2932;11,36
250515;2955;11,94
250516;2948;11,76
250517;2935;11,43
250518;2939;11,53
250519;2941;11,58
250520;2937;11,48
250521;2951;11,84
250522;2951;11,84
250523;2962;12,12
250524;2960;12,06
250525;2958;12,01
250526;2945;11,69
250527;2960;12,06
250528;2951;11,84
250529;2949;11,79
250530;2945;11,69
250531;2943;11,63
250532;2953;11,89
250533;2944;11,66
250534;2944;11,66
250535;2943;11,63
250536;2948;11,76
250537;2951;11,84
250538;2944;11,66
250539;2941;11,58
250540;2925;11,18
250541;2921;11,08
250542;2923;11,13
250543;2909;10,77
250544;2914;10,90
250545;2923;11,13
250546;2910;10,80
250547;2900;10,55
250548;2902;10,60
250549;2896;10,45
250550;2894;10,39
250551;2895;10,42
250552;2891;10,32
250553;2891;10,32
250554;2885;10,17
250555;2894;10,39
250556;2891;10,32
250557;2900;10,55
250558;2899;10,52
250559;2903;10,62
250560;2898;10,50
250561;2896;10,45
250562;2889;10,27
250563;2893;10,37
250564;2896;10,45
250565;2909;10,77
250566;2897;10,47
250567;2907;10,72
250568;2912;10,85
250569;2928;11,26
250570;2923;11,13
250571;2913;10,88
250572;2913;10,88
250573;2926;11,20
250574;2923;11,13
250575;2925;11,18
250576;2924;11,15
250577;2931;11,33
250578;2929;11,28
250579;2928;11,26
250580;2934;11,41
250581;2929;11,28
250582;2917;10,98
250583;2913;10,88
250584;2919;11,03
250585;2917;10,98
250586;2908;10,75
250587;2913;10,88
250588;2906;10,70
250589;2899;10,52
250590;2895;10,42
250591;2891;10,32
250592;2887;10,22
250593;2897;10,47
250594;2897;10,47
250595;2893;10,37
250596;2885;10,17
250597;2886;10,19
250598;2887;10,22
250599;2886;10,19
250600;2890;10,29
250601;2883;10,12
250602;2879;10,02
250603;2882;10,09
250604;2889;10,27
250605;2885;10,17
250606;2887;10,22
250607;2880;10,04
250608;2896;10,45
250609;2896;10,45
250610;2896;10,45
250611;2899;10,52
250612;2896;10,45
250613;2903;10,62
250614;2897;10,47
250615;2905;10,67
250616;2896;10,45
250617;2901;10,57
250618;2906;10,70
250619;2911;10,82
250620;2909;10,77
250621;2896;10,45
250622;2900;10,55
250623;2900;10,55
250624;2899;10,52
250625;2896;10,45
250626;2874;9,89
250627;2869;9,76
250628;2882;10,09
250629;2883;10,12
250630;2887;10,22
250631;2885;10,17
250632;2875;9,91
250633;2897;10,47
250634;2884;10,14
250635;2864;9,64
250636;2885;10,17
250637;2896;10,45
250638;2917;10,98
250639;2893;10,37
250640;2895;10,42
250641;2901;10,57
250642;2905;10,67
250643;2895;10,42
250644;2895;10,42
250645;2903;10,62
250646;2919;11,03
250647;2913;10,88
250648;2903;10,62
250649;2911;10,82
250650;2918;11,00
250651;2911;10,82
250652;2903;10,62
250653;2902;10,60
250654;2915;10,93
250655;2911;10,82
250656;2886;10,19
250657;2896;10,45
250658;2914;10,90
250659;2895;10,42
250660;2874;9,89
250661;2878;9,99
250662;2887;10,22
250663;2862;9,59
250664;2864;9,64
250665;2871;9,81
250666;2873;9,86
250667;2865;9,66
250668;2864;9,64
250669;2866;9,69
250670;2857;9,46
250671;2862;9,59
250672;2867;9,71
250673;2870;9,79
250674;2857;9,46
250675;2858;9,48
250676;2867;9,71
250677;2864;9,64
250678;2864;9,64
250679;2869;9,76
250680;2873;9,86
250681;2876;9,94
250682;2882;10,09
250683;2871;9,81
250684;2878;9,99
250685;2898;10,50
250686;2895;10,42
250687;2898;10,50
250688;2897;10,47
250689;2899;10,52
250690;2895;10,42
250691;2896;10,45
250692;2896;10,45
250693;2898;10,50
250694;2896;10,45
250695;2901;10,57
250696;2909;10,77
250697;2905;10,67
250698;2910;10,80
250699;2910;10,80
250700;2910;10,80
250701;2901;10,57
250702;2901;10,57
250703;2898;10,50
250704;2901;10,57
250705;2909;10,77
250706;2897;10,47
250707;2896;10,45
250708;2896;10,45
250709;2890;10,29
250710;2887;10,22
250711;2889;10,27
250712;2882;10,09
250713;2879;10,02
250714;2894;10,39
250715;2897;10,47
250716;2879;10,02
250717;2881;10,07
250718;2881;10,07
250719;2883;10,12
250720;2877;9,96
250721;2886;10,19
250722;2887;10,22
250723;2884;10,14
250724;2883;10,12
250725;2875;9,91
250726;2882;10,09
250727;2875;9,91
250728;2882;10,09
250729;2896;10,45
250730;2879;10,02
250731;2874;9,89
250732;2875;9,91
250733;2884;10,14
250734;2874;9,89
250735;2879;10,02
250736;2886;10,19
250737;2887;10,22
250738;2879;10,02
250739;2880;10,04
250740;2875;9,91
250741;2878;9,99
250742;2886;10,19
250743;2880;10,04
250744;2882;10,09
250745;2886;10,19
250746;2889;10,27
250747;2881;10,07
250748;2880;10,04
250749;2879;10,02
250750;2896;10,45
250751;2887;10,22
250752;2896;10,45
250753;2897;10,47
250754;2897;10,47
250755;2898;10,50
250756;2893;10,37
250757;2895;10,42
250758;2898;10,50
250759;2891;10,32
250760;2899;10,52
250761;2906;10,70
250762;2897;10,47
250763;2896;10,45
250764;2899;10,52
250765;2907;10,72
250766;2911;10,82
250767;2910;10,80
250768;2902;10,60
250769;2899;10,52
250770;2905;10,67
250771;2896;10,45
250772;2906;10,70
250773;2902;10,60
250774;2897;10,47
250775;2917;10,98
250776;2897;10,47
250777;2903;10,62
250778;2902;10,60
250779;2896;10,45
250780;2896;10,45
250781;2887;10,22
250782;2896;10,45
250783;2883;10,12
250784;2895;10,42
250785;2890;10,29
250786;2889;10,27
250787;2884;10,14
250788;2884;10,14
250789;2870;9,79
250790;2878;9,99
250791;2875;9,91
250792;2875;9,91
250793;2877;9,96
250794;2870;9,79
250795;2877;9,96
250796;2874;9,89
250797;2864;9,64
250798;2866;9,69
250799;2865;9,66
250800;2866;9,69
250801;2876;9,94
250802;2866;9,69
250803;2864;9,64
250804;2867;9,71
250805;2867;9,71
250806;2869;9,76
250807;2869;9,76
250808;2871;9,81
250809;2875;9,91
250810;2875;9,91
250811;2880;10,04
250812;2877;9,96
250813;2875;9,91
250814;2870;9,79
250815;2880;10,04
250816;2879;10,02
250817;2877;9,96
250818;2876;9,94
250819;2875;9,91
250820;2871;9,81
250821;2869;9,76
250822;2881;10,07
250823;2889;10,27
250824;2885;10,17
250825;2879;10,02
250826;2879;10,02
250827;2887;10,22
250828;2887;10,22
250829;2883;10,12
250830;2885;10,17
250831;2886;10,19
250832;2882;10,09
250833;2880;10,04
250834;2883;10,12
250835;2881;10,07
250836;2883;10,12
250837;2880;10,04
250838;2882;10,09
250839;2889;10,27
250840;2887;10,22
250841;2879;10,02
250842;2883;10,12
250843;2880;10,04
250844;2876;9,94
250845;2894;10,39
250846;2879;10,02
250847;2890;10,29
250848;2880;10,04
250849;2887;10,22
250850;2873;9,86
250851;2877;9,96
250852;2877;9,96
250853;2880;10,04
250854;2879;10,02
250855;2886;10,19
250856;2877;9,96
250857;2883;10,12
250858;2875;9,91
250859;2873;9,86
250860;2881;10,07
250861;2877;9,96
250862;2880;10,04
250863;2879;10,02
250864;2880;10,04
250865;2876;9,94
250866;2890;10,29
250867;2889;10,27
250868;2885;10,17
250869;2895;10,42
250870;2891;10,32
250871;2884;10,14
250872;2898;10,50
250873;2891;10,32
250874;2896;10,45
250875;2899;10,52
250876;2896;10,45
250877;2896;10,45
250878;2899;10,52
250879;2897;10,47
250880;2897;10,47
250881;2898;10,50
250882;2906;10,70
250883;2917;10,98
250884;2906;10,70
250885;2925;11,18
250886;2907;10,72
250887;2913;10,88
250888;2917;10,98
250889;2909;10,77
250890;2916;10,95
250891;2927;11,23
250892;2910;10,80
250893;2921;11,08
250894;2905;10,67
250895;2903;10,62
250896;2908;10,75
250897;2912;10,85
250898;2901;10,57
250899;2905;10,67
250900;2912;10,85
250901;2899;10,52
250902;2909;10,77
250903;2902;10,60
250904;2909;10,77
250905;2908;10,75
250906;2910;10,80
250907;2899;10,52
250908;2903;10,62
250909;2911;10,82
250910;2907;10,72
250911;2899;10,52
250912;2902;10,60
250913;2909;10,77
250914;2902;10,60
250915;2908;10,75
250916;2902;10,60
250917;2907;10,72
250918;2912;10,85
250919;2931;11,33
250920;2926;11,20
250921;2919;11,03
250922;2913;10,88
250923;2928;11,26
250924;2921;11,08
250925;2917;10,98
250926;2922;11,10
250927;2923;11,13
250928;2926;11,20
250929;2929;11,28
250930;2925;11,18
250931;2934;11,41
250932;2915;10,93
250933;2931;11,33
250934;2928;11,26
250935;2928;11,26
250936;2923;11,13
250937;2933;11,38
250938;2918;11,00
250939;2925;11,18
250940;2929;11,28
250941;2931;11,33
250942;2928;11,26
250943;2923;11,13
250944;2928;11,26
250945;2929;11,28
250946;2922;11,10
250947;2922;11,10
250948;2926;11,20
250949;2928;11,26
250950;2913;10,88
250951;2914;10,90
250952;2922;11,10
250953;2928;11,26
250954;2916;10,95
250955;2923;11,13
250956;2912;10,85
250957;2924;11,15
250958;2917;10,98
250959;2916;10,95
250960;2913;10,88
250961;2911;10,82
250962;2912;10,85
250963;2913;10,88
250964;2917;10,98
250965;2914;10,90
250966;2905;10,67
250967;2917;10,98
250968;2896;10,45
250969;2896;10,45
250970;2905;10,67
250971;2901;10,57
250972;2903;10,62
250973;2899;10,52
250974;2898;10,50
250975;2914;10,90
250976;2911;10,82
250977;2909;10,77
250978;2901;10,57
250979;2897;10,47
250980;2904;10,65
250981;2907;10,72
250982;2907;10,72
250983;2912;10,85
250984;2907;10,72
250985;2906;10,70
250986;2909;10,77
250987;2906;10,70
250988;2897;10,47
250989;2903;10,62
250990;2900;10,55
250991;2912;10,85
250992;2909;10,77
250993;2918;11,00
250994;2912;10,85
250995;2909;10,77
250996;2907;10,72
250997;2919;11,03
250998;2916;10,95
250999;2911;10,82
251000;2918;11,00
251001;2928;11,26
251002;2905;10,67
251003;2911;10,82
251004;2911;10,82
251005;2928;11,26
251006;2909;10,77
251007;2909;10,77
251008;2915;10,93
251009;2925;11,18
251010;2919;11,03
251011;2914;10,90
251012;2915;10,93
251013;2929;11,28
251014;2909;10,77
251015;2912;10,85
251016;2911;10,82
251017;2907;10,72
251018;2896;10,45
251019;2915;10,93
251020;2902;10,60
251021;2913;10,88
251022;2903;10,62
251023;2901;10,57
251024;2903;10,62
251025;2910;10,80
251026;2899;10,52
251027;2896;10,45
251028;2896;10,45
251029;2913;10,88
251030;2899;10,52
251031;2895;10,42
251032;2895;10,42
251033;2895;10,42
251034;2896;10,45
251035;2897;10,47
251036;2895;10,42
251037;2903;10,62
251038;2893;10,37
251039;2897;10,47
251040;2890;10,29
251041;2886;10,19
251042;2885;10,17
251043;2883;10,12
251044;2887;10,22
251045;2899;10,52
251046;2889;10,27
251047;2894;10,39
251048;2892;10,34
251049;2886;10,19
251050;2887;10,22
251051;2896;10,45
251052;2890;10,29
251053;2894;10,39
251054;2881;10,07
251055;2886;10,19
251056;2880;10,04
251057;2892;10,34
251058;2885;10,17
251059;2897;10,47
251060;2897;10,47
251061;2883;10,12
251062;2883;10,12
251063;2883;10,12
251064;2891;10,32
251065;2896;10,45
251066;2890;10,29
251067;2887;10,22
251068;2886;10,19
251069;2891;10,32
251070;2881;10,07
251071;2896;10,45
251072;2877;9,96
251073;2887;10,22
251074;2885;10,17
251075;2893;10,37
251076;2881;10,07
251077;2878;9,99
251078;2879;10,02
251079;2881;10,07
251080;2881;10,07
251081;2877;9,96
251082;2875;9,91
251083;2879;10,02
251084;2879;10,02
251085;2870;9,79
251086;2875;9,91
251087;2893;10,37
251088;2874;9,89
251089;2866;9,69
251090;2871;9,81
251091;2877;9,96
251092;2874;9,89
251093;2870;9,79
251094;2867;9,71
251095;2893;10,37
251096;2869;9,76
251097;2865;9,66
251098;2868;9,74
251099;2865;9,66
251100;2865;9,66
251101;2865;9,66
251102;2870;9,79
251103;2878;9,99
251104;2871;9,81
251105;2877;9,96
251106;2874;9,89
251107;2866;9,69
251108;2871;9,81
251109;2885;10,17
251110;2864;9,64
251111;2885;10,17
251112;2866;9,69
251113;2858;9,48
251114;2864;9,64
251115;2863;9,61
251116;2865;9,66
251117;2887;10,22
251118;2863;9,61
251119;2870;9,79
251120;2866;9,69
251121;2868;9,74
251122;2861;9,56
251123;2859;9,51
251124;2861;9,56
251125;2861;9,56
251126;2865;9,66
251127;2853;9,36
251128;2864;9,64
251129;2864;9,64
251130;2861;9,56
251131;2864;9,64
251132;2862;9,59
251133;2858;9,48
251134;2863;9,61
251135;2853;9,36
251136;2857;9,46
251137;2864;9,64
251138;2869;9,76
251139;2855;9,41
251140;2858;9,48
251141;2853;9,36
251142;2849;9,26
251143;2851;9,31
251144;2863;9,61
251145;2848;9,23
251146;2850;9,28
251147;2851;9,31
251148;2857;9,46
251149;2849;9,26
251150;2851;9,31
251151;2853;9,36
251152;2864;9,64
251153;2850;9,28
251154;2854;9,38
251155;2843;9,10
251156;2863;9,61
251157;2843;9,10
251158;2847;9,21
251159;2849;9,26
251160;2851;9,31
251161;2846;9,18
251162;2849;9,26
251163;2848;9,23
251164;2845;9,15
251165;2851;9,31
251166;2853;9,36
251167;2853;9,36
251168;2849;9,26
251169;2839;9,00
251170;2839;9,00
251171;2846;9,18
251172;2839;9,00
251173;2839;9,00
251174;2835;8,90
251175;2838;8,98
251176;2837;8,95
251177;2845;9,15
251178;2832;8,83
251179;2842;9,08
251180;2831;8,80
251181;2832;8,83
251182;2833;8,85
251183;2835;8,90
251184;2849;9,26
251185;2832;8,83
251186;2833;8,85
251187;2838;8,98
251188;2832;8,83
251189;2851;9,31
251190;2832;8,83
251191;2847;9,21
251192;2838;8,98
251193;2835;8,90
251194;2838;8,98
251195;2841;9,05
251196;2833;8,85
251197;2839;9,00
251198;2833;8,85
251199;2837;8,95
251200;2833;8,85
251201;2826;8,67
251202;2832;8,83
251203;2832;8,83
251204;2833;8,85
251205;2832;8,83
251206;2835;8,90
251207;2832;8,83
251208;2830;8,78
251209;2833;8,85
251210;2832;8,83
251211;2830;8,78
251212;2825;8,65
251213;2821;8,55
251214;2822;8,57
251215;2831;8,80
251216;2830;8,78
251217;2822;8,57
251218;2823;8,60
251219;2818;8,47
251220;2826;8,67
251221;2822;8,57
251222;2827;8,70
251223;2821;8,55
251224;2826;8,67
251225;2818;8,47
251226;2819;8,50
251227;2819;8,50
251228;2819;8,50
251229;2815;8,40
251230;2822;8,57
251231;2813;8,35
251232;2816;8,42
251233;2815;8,40
251234;2810;8,27
251235;2811;8,29
251236;2815;8,40
251237;2811;8,29
251238;2806;8,17
251239;2816;8,42
251240;2817;8,45
251241;2815;8,40
251242;2815;8,40
251243;2818;8,47
251244;2815;8,40
251245;2815;8,40
251246;2814;8,37
251247;2815;8,40
251248;2816;8,42
251249;2816;8,42
251250;2817;8,45
251251;2815;8,40
251252;2834;8,88
251253;2814;8,37
251254;2814;8,37
251255;2817;8,45
251256;2813;8,35
251257;2813;8,35
251258;2812;8,32
251259;2818;8,47
251260;2821;8,55
251261;2816;8,42
251262;2814;8,37
251263;2814;8,37
251264;2813;8,35
251265;2809;8,24
251266;2809;8,24
251267;2804;8,12
251268;2815;8,40
251269;2806;8,17
251270;2814;8,37
251271;2815;8,40
251272;2815;8,40
251273;2809;8,24
251274;2811;8,29
251275;2807;8,19
251276;2823;8,60
251277;2806;8,17
251278;2801;8,04
251279;2815;8,40
251280;2803;8,09
251281;2801;8,04
251282;2807;8,19
251283;2809;8,24
251284;2805;8,14
251285;2803;8,09
251286;2805;8,14
251287;2801;8,04
251288;2799;7,99
251289;2809;8,24
251290;2796;7,91
251291;2793;7,84
251292;2802;8,07
251293;2803;8,09
251294;2800;8,02
251295;2810;8,27
251296;2800;8,02
251297;2789;7,74
251298;2795;7,89
251299;2800;8,02
251300;2794;7,86
251301;2795;7,89
251302;2797;7,94
251303;2800;8,02
251304;2794;7,86
251305;2791;7,79
251306;2790;7,76
251307;2801;8,04
251308;2789;7,74
251309;2790;7,76
251310;2795;7,89
251311;2790;7,76
251312;2784;7,61
251313;2797;7,94
251314;2789;7,74
251315;2800;8,02
251316;2786;7,66
251317;2785;7,64
251318;2796;7,91
251319;2785;7,64
251320;2782;7,56
251321;2781;7,54
251322;2794;7,86
251323;2782;7,56
251324;2781;7,54
251325;2798;7,97
251326;2787;7,69
251327;2790;7,76
251328;2788;7,71
251329;2803;8,09
251330;2789;7,74
251331;2787;7,69
251332;2791;7,79
251333;2787;7,69
251334;2793;7,84
251335;2786;7,66
251336;2785;7,64
251337;2800;8,02
251338;2795;7,89
251339;2785;7,64
251340;2789;7,74
251341;2785;7,64
251342;2800;8,02
251343;2790;7,76
251344;2799;7,99
251345;2794;7,86
251346;2797;7,94
251347;2791;7,79
251348;2799;7,99
251349;2800;8,02
251350;2799;7,99
251351;2794;7,86
251352;2791;7,79
251353;2805;8,14
251354;2797;7,94
251355;2795;7,89
251356;2794;7,86
251357;2795;7,89
251358;2797;7,94
251359;2799;7,99
251360;2795;7,89
251361;2792;7,81
251362;2794;7,86
251363;2787;7,69
251364;2790;7,76
251365;2801;8,04
251366;2805;8,14
251367;2787;7,69
251368;2786;7,66
251369;2791;7,79
251370;2792;7,81
251371;2791;7,79
251372;2789;7,74
251373;2791;7,79
251374;2794;7,86
251375;2785;7,64
251376;2785;7,64
251377;2786;7,66
251378;2783;7,59
251379;2782;7,56
251380;2793;7,84
251381;2784;7,61
251382;2781;7,54
251383;2781;7,54
251384;2788;7,71
251385;2782;7,56
251386;2785;7,64
251387;2771;7,28
251388;2775;7,38
251389;2782;7,56
251390;2778;7,46
251391;2779;7,48
251392;2794;7,86
251393;2771;7,28
251394;2783;7,59
251395;2779;7,48
251396;2779;7,48
251397;2775;7,38
251398;2773;7,33
251399;2779;7,48
251400;2775;7,38
251401;2775;7,38
251402;2778;7,46
251403;2777;7,43
251404;2779;7,48
251405;2770;7,26
251406;2783;7,59
251407;2779;7,48
251408;2783;7,59
251409;2785;7,64
251410;2783;7,59
251411;2793;7,84
251412;2781;7,54
251413;2787;7,69
251414;2791;7,79
251415;2786;7,66
251416;2791;7,79
251417;2799;7,99
251418;2794;7,86
251419;2797;7,94
251420;2800;8,02
251421;2800;8,02
251422;2800;8,02
251423;2797;7,94
251424;2801;8,04
251425;2802;8,07
251426;2801;8,04
251427;2800;8,02
251428;2797;7,94
251429;2801;8,04
251430;2803;8,09
251431;2803;8,09
251432;2800;8,02
251433;2815;8,40
251434;2817;8,45
251435;2811;8,29
251436;2802;8,07
251437;2801;8,04
251438;2798;7,97
251439;2807;8,19
251440;2805;8,14
251441;2805;8,14
251442;2802;8,07
251443;2806;8,17
251444;2800;8,02
251445;2803;8,09
251446;2811;8,29
251447;2800;8,02
251448;2801;8,04
251449;2804;8,12
251450;2801;8,04
251451;2799;7,99
251452;2801;8,04
251453;2806;8,17
251454;2795;7,89
251455;2799;7,99
251456;2794;7,86
251457;2795;7,89
251458;2798;7,97
251459;2790;7,76
251460;2796;7,91
251461;2795;7,89
251462;2788;7,71
251463;2782;7,56
251464;2789;7,74
251465;2790;7,76
251466;2793;7,84
251467;2786;7,66
251468;2783;7,59
251469;2777;7,43
251470;2784;7,61
251471;2783;7,59
251472;2785;7,64
251473;2786;7,66
251474;2782;7,56
251475;2774;7,36
251476;2777;7,43
251477;2775;7,38
251478;2780;7,51
251479;2793;7,84
251480;2789;7,74
251481;2776;7,41
251482;2778;7,46
251483;2779;7,48
251484;2785;7,64
251485;2785;7,64
251486;2790;7,76
251487;2785;7,64
251488;2789;7,74
251489;2789;7,74
251490;2790;7,76
251491;2790;7,76
251492;2782;7,56
251493;2786;7,66
251494;2790;7,76
251495;2790;7,76
251496;2793;7,84
251497;2790;7,76
251498;2785;7,64
251499;2795;7,89
251500;2798;7,97
251501;2784;7,61
251502;2787;7,69
251503;2791;7,79
251504;2795;7,89
251505;2785;7,64
251506;2800;8,02
251507;2791;7,79
251508;2784;7,61
251509;2789;7,74
251510;2798;7,97
251511;2800;8,02
251512;2790;7,76
251513;2788;7,71
251514;2799;7,99
251515;2790;7,76
251516;2800;8,02
251517;2797;7,94
251518;2800;8,02
251519;2800;8,02
251520;2796;7,91
251521;2795;7,89
251522;2796;7,91
251523;2787;7,69
251524;2790;7,76
251525;2802;8,07
251526;2797;7,94
251527;2800;8,02
251528;2800;8,02
251529;2801;8,04
251530;2804;8,12
251531;2803;8,09
251532;2796;7,91
251533;2786;7,66
251534;2795;7,89
251535;2795;7,89
251536;2784;7,61
251537;2784;7,61
251538;2793;7,84
251539;2793;7,84
251540;2794;7,86
251541;2785;7,64
251542;2783;7,59
251543;2779;7,48
251544;2784;7,61
251545;2779;7,48
251546;2791;7,79
251547;2773;7,33
251548;2771;7,28
251549;2777;7,43
251550;2769;7,23
251551;2766;7,16
251552;2769;7,23
251553;2769;7,23
251554;2768;7,21
251555;2762;7,05
251556;2768;7,21
251557;2767;7,18
251558;2765;7,13
251559;2771;7,28
251560;2768;7,21
251561;2775;7,38
251562;2777;7,43
251563;2786;7,66
251564;2777;7,43
251565;2774;7,36
251566;2779;7,48
251567;2769;7,23
251568;2781;7,54
251569;2783;7,59
251570;2782;7,56
251571;2777;7,43
251572;2781;7,54
251573;2791;7,79
251574;2791;7,79
251575;2787;7,69
251576;2785;7,64
251577;2787;7,69
251578;2793;7,84
251579;2791;7,79
251580;2786;7,66
251581;2791;7,79
251582;2797;7,94
251583;2799;7,99
251584;2789;7,74
251585;2798;7,97
251586;2787;7,69
251587;2790;7,76
251588;2800;8,02
251589;2787;7,69
251590;2775;7,38
251591;2782;7,56
251592;2789;7,74
251593;2779;7,48
251594;2789;7,74
251595;2791;7,79
251596;2787;7,69
251597;2784;7,61
251598;2784;7,61
251599;2782;7,56
251600;2785;7,64
251601;2787;7,69
251602;2785;7,64
251603;2782;7,56
251604;2781;7,54
251605;2781;7,54
251606;2775;7,38
251607;2785;7,64
251608;2784;7,61
251609;2780;7,51
251610;2775;7,38
251611;2784;7,61
251612;2778;7,46
251613;2777;7,43
251614;2785;7,64
251615;2780;7,51
251616;2784;7,61
251617;2779;7,48
251618;2786;7,66
251619;2774;7,36
251620;2771;7,28
251621;2770;7,26
251622;2773;7,33
251623;2781;7,54
251624;2775;7,38
251625;2774;7,36
251626;2775;7,38
251627;2775;7,38
251628;2783;7,59
251629;2779;7,48
251630;2780;7,51
251631;2783;7,59
251632;2791;7,79
251633;2789;7,74
251634;2785;7,64
251635;2790;7,76
251636;2798;7,97
251637;2803;8,09
251638;2785;7,64
251639;2785;7,64
251640;2787;7,69
251641;2791;7,79
251642;2799;7,99
251643;2791;7,79
251644;2790;7,76
251645;2800;8,02
251646;2798;7,97
251647;2799;7,99
251648;2798;7,97
251649;2794;7,86
251650;2800;8,02
251651;2793;7,84
251652;2790;7,76
251653;2794;7,86
251654;2797;7,94
251655;2800;8,02
251656;2794;7,86
251657;2799;7,99
251658;2798;7,97
251659;2795;7,89
251660;2795;7,89
251661;2800;8,02
251662;2796;7,91
251663;2802;8,07
251664;2797;7,94
251665;2796;7,91
251666;2801;8,04
251667;2797;7,94
251668;2793;7,84
251669;2786;7,66
251670;2791;7,79
251671;2797;7,94
251672;2798;7,97
251673;2793;7,84
251674;2798;7,97
251675;2790;7,76
251676;2794;7,86
251677;2783;7,59
251678;2790;7,76
251679;2786;7,66
251680;2787;7,69
251681;2784;7,61
251682;2782;7,56
251683;2779;7,48
251684;2785;7,64
251685;2787;7,69
251686;2806;8,17
251687;2781;7,54
251688;2785;7,64
251689;2788;7,71
251690;2787;7,69
251691;2775;7,38
251692;2802;8,07
251693;2784;7,61
251694;2777;7,43
251695;2777;7,43
251696;2779;7,48
251697;2786;7,66
251698;2784;7,61
251699;2779;7,48
251700;2790;7,76
251701;2783;7,59
251702;2781;7,54
251703;2786;7,66
251704;2785;7,64
251705;2799;7,99
251706;2783;7,59
251707;2787;7,69
251708;2785;7,64
251709;2786;7,66
251710;2788;7,71
251711;2787;7,69
251712;2798;7,97
251713;2789;7,74
251714;2791;7,79
251715;2793;7,84
251716;2794;7,86
251717;2798;7,97
251718;2798;7,97
251719;2798;7,97
251720;2806;8,17
251721;2832;8,83
251722;2798;7,97
251723;2805;8,14
251724;2800;8,02
251725;2800;8,02
251726;2800;8,02
251727;2797;7,94
251728;2804;8,12
251729;2811;8,29
251730;2805;8,14
251731;2799;7,99
251732;2803;8,09
251733;2806;8,17
251734;2803;8,09
251735;2806;8,17
251736;2801;8,04
251737;2801;8,04
251738;2803;8,09
251739;2805;8,14
251740;2805;8,14
251741;2809;8,24
251742;2806;8,17
251743;2800;8,02
251744;2801;8,04
251745;2800;8,02
251746;2799;7,99
251747;2798;7,97
251748;2805;8,14
251749;2795;7,89
251750;2800;8,02
251751;2797;7,94
251752;2797;7,94
251753;2790;7,76
251754;2801;8,04
251755;2800;8,02
251756;2800;8,02
251757;2795;7,89
251758;2789;7,74
251759;2798;7,97
251760;2791;7,79
251761;2787;7,69
251762;2789;7,74
251763;2787;7,69
251764;2788;7,71
251765;2787;7,69
251766;2791;7,79
251767;2788;7,71
251768;2791;7,79
251769;2778;7,46
251770;2785;7,64
251771;2779;7,48
251772;2786;7,66
251773;2777;7,43
251774;2786;7,66
251775;2775;7,38
251776;2779;7,48
251777;2789;7,74
251778;2791;7,79
251779;2779;7,48
251780;2782;7,56
251781;2783;7,59
251782;2782;7,56
251783;2788;7,71
251784;2795;7,89
251785;2786;7,66
251786;2790;7,76
251787;2789;7,74
251788;2793;7,84
251789;2797;7,94
251790;2801;8,04
251791;2807;8,19
251792;2800;8,02
251793;2800;8,02
251794;2805;8,14
251795;2797;7,94
251796;2803;8,09
251797;2803;8,09
251798;2804;8,12
251799;2802;8,07
251800;2813;8,35
251801;2805;8,14
251802;2803;8,09
251803;2805;8,14
251804;2814;8,37
251805;2805;8,14
251806;2800;8,02
251807;2815;8,40
251808;2813;8,35
251809;2825;8,65
251810;2819;8,50
251811;2807;8,19
251812;2807;8,19
251813;2805;8,14
251814;2800;8,02
251815;2809;8,24
251816;2803;8,09
251817;2815;8,40
251818;2807;8,19
251819;2817;8,45
251820;2814;8,37
251821;2811;8,29
251822;2800;8,02
251823;2800;8,02
251824;2799;7,99
251825;2805;8,14
251826;2807;8,19
251827;2795;7,89
251828;2800;8,02
251829;2799;7,99
251830;2800;8,02
251831;2791;7,79
251832;2790;7,76
251833;2787;7,69
251834;2800;8,02
251835;2789;7,74
251836;2791;7,79
251837;2793;7,84
251838;2786;7,66
251839;2786;7,66
251840;2787;7,69
251841;2788;7,71
251842;2784;7,61
251843;2784;7,61
251844;2782;7,56
251845;2783;7,59
251846;2790;7,76
251847;2787;7,69
251848;2791;7,79
251849;2798;7,97
251850;2787;7,69
251851;2790;7,76
251852;2799;7,99
251853;2786;7,66
251854;2798;7,97
251855;2789;7,74
251856;2799;7,99
251857;2801;8,04
251858;2807;8,19
251859;2801;8,04
251860;2799;7,99
251861;2802;8,07
251862;2807;8,19
251863;2811;8,29
251864;2805;8,14
251865;2811;8,29
251866;2822;8,57
251867;2808;8,22
251868;2810;8,27
251869;2805;8,14
251870;2807;8,19
251871;2811;8,29
251872;2818;8,47
251873;2816;8,42
251874;2815;8,40
251875;2817;8,45
251876;2823;8,60
251877;2813;8,35
251878;2806;8,17
251879;2815;8,40
251880;2818;8,47
251881;2813;8,35
251882;2810;8,27
251883;2813;8,35
251884;2804;8,12
251885;2807;8,19
251886;2815;8,40
251887;2813;8,35
251888;2816;8,42
251889;2801;8,04
251890;2801;8,04
251891;2803;8,09
251892;2803;8,09
251893;2802;8,07
251894;2798;7,97
251895;2800;8,02
251896;2794;7,86
251897;2791;7,79
251898;2792;7,81
251899;2782;7,56
251900;2791;7,79
251901;2794;7,86
251902;2786;7,66
251903;2788;7,71
251904;2797;7,94
251905;2793;7,84
251906;2783;7,59
251907;2791;7,79
251908;2789;7,74
251909;2786;7,66
251910;2796;7,91
251911;2794;7,86
251912;2785;7,64
251913;2790;7,76
251914;2791;7,79
251915;2789;7,74
251916;2786;7,66
251917;2799;7,99
251918;2800;8,02
251919;2796;7,91
251920;2801;8,04
251921;2798;7,97
251922;2800;8,02
251923;2799;7,99
251924;2800;8,02
251925;2812;8,32
251926;2810;8,27
251927;2815;8,40
251928;2825;8,65
251929;2815;8,40
251930;2816;8,42
251931;2823;8,60
251932;2823;8,60
251933;2816;8,42
251934;2815;8,40
251935;2822;8,57
251936;2818;8,47
251937;2822;8,57
251938;2817;8,45
251939;2813;8,35
251940;2822;8,57
251941;2826;8,67
251942;2816;8,42
251943;2822;8,57
251944;2829;8,75
251945;2814;8,37
251946;2815;8,40
251947;2811;8,29
251948;2819;8,50
251949;2801;8,04
251950;2809;8,24
251951;2807;8,19
251952;2806;8,17
251953;2800;8,02
251954;2807;8,19
251955;2802;8,07
251956;2811;8,29
251957;2806;8,17
251958;2801;8,04
251959;2800;8,02
251960;2804;8,12
251961;2815;8,40
251962;2804;8,12
251963;2807;8,19
251964;2807;8,19
251965;2802;8,07
251966;2807;8,19
251967;2814;8,37
251968;2815;8,40
251969;2825;8,65
251970;2806;8,17
251971;2817;8,45
251972;2815;8,40
251973;2811;8,29
251974;2827;8,70
251975;2827;8,70
251976;2815;8,40
251977;2815;8,40
251978;2827;8,70
251979;2807;8,19
251980;2822;8,57
251981;2819;8,50
251982;2816;8,42
251983;2819;8,50
251984;2819;8,50
251985;2831;8,80
251986;2821;8,55
251987;2829;8,75
251988;2823;8,60
251989;2828;8,72
251990;2832;8,83
251991;2839;9,00
251992;2832;8,83
251993;2832;8,83
251994;2831;8,80
251995;2820;8,52
251996;2826;8,67
251997;2833;8,85
251998;2832;8,83
251999;2827;8,70
252000;2821;8,55
252001;2816;8,42
252002;2822;8,57
252003;2815;8,40
252004;2820;8,52
252005;2823;8,60
252006;2818;8,47
252007;2811;8,29
252008;2807;8,19
252009;2800;8,02
252010;2803;8,09
252011;2801;8,04
252012;2802;8,07
252013;2811;8,29
252014;2805;8,14
252015;2804;8,12
252016;2802;8,07
252017;2800;8,02
252018;2797;7,94
252019;2802;8,07
252020;2802;8,07
252021;2811;8,29
252022;2810;8,27
252023;2813;8,35
252024;2813;8,35
252025;2817;8,45
252026;2819;8,50
252027;2815;8,40
252028;2821;8,55
252029;2818;8,47
252030;2825;8,65
252031;2826;8,67
252032;2839;9,00
252033;2835;8,90
252034;2839;9,00
252035;2838;8,98
252036;2847;9,21
252037;2850;9,28
252038;2841;9,05
252039;2843;9,10
252040;2845;9,15
252041;2839;9,00
252042;2850;9,28
252043;2850;9,28
252044;2853;9,36
252045;2850;9,28
252046;2848;9,23
252047;2849;9,26
252048;2847;9,21
252049;2837;8,95
252050;2837;8,95
252051;2837;8,95
252052;2830;8,78
252053;2831;8,80
252054;2831;8,80
252055;2822;8,57
252056;2833;8,85
252057;2817;8,45
252058;2823;8,60
252059;2811;8,29
252060;2811;8,29
252061;2802;8,07
252062;2800;8,02
252063;2805;8,14
252064;2810;8,27
252065;2800;8,02
252066;2805;8,14
252067;2800;8,02
252068;2800;8,02
252069;2800;8,02
252070;2800;8,02
252071;2800;8,02
252072;2806;8,17
252073;2816;8,42
252074;2816;8,42
252075;2801;8,04
252076;2805;8,14
252077;2806;8,17
252078;2812;8,32
252079;2805;8,14
252080;2814;8,37
252081;2817;8,45
252082;2821;8,55
252083;2817;8,45
252084;2833;8,85
252085;2831;8,80
252086;2830;8,78
252087;2832;8,83
252088;2841;9,05
252089;2836;8,93
252090;2834;8,88
252091;2832;8,83
252092;2831;8,80
252093;2841;9,05
252094;2834;8,88
252095;2844;9,13
252096;2837;8,95
252097;2841;9,05
252098;2833;8,85
252099;2833;8,85
252100;2837;8,95
252101;2839;9,00
252102;2830;8,78
252103;2821;8,55
252104;2832;8,83
252105;2818;8,47
252106;2823;8,60
252107;2816;8,42
252108;2820;8,52
252109;2819;8,50
252110;2818;8,47
252111;2807;8,19
252112;2807;8,19
252113;2800;8,02
252114;2799;7,99
252115;2797;7,94
252116;2800;8,02
252117;2794;7,86
252118;2800;8,02
252119;2798;7,97
252120;2802;8,07
252121;2791;7,79
252122;2797;7,94
252123;2789;7,74
252124;2781;7,54
252125;2799;7,99
252126;2786;7,66
252127;2800;8,02
252128;2794;7,86
252129;2803;8,09
252130;2790;7,76
252131;2793;7,84
252132;2793;7,84
252133;2795;7,89
252134;2800;8,02
252135;2794;7,86
252136;2800;8,02
252137;2799;7,99
252138;2806;8,17
252139;2800;8,02
252140;2803;8,09
252141;2805;8,14
252142;2806;8,17
252143;2803;8,09
252144;2803;8,09
252145;2809;8,24
252146;2810;8,27
252147;2815;8,40
252148;2816;8,42
252149;2813;8,35
252150;2810;8,27
252151;2810;8,27
252152;2816;8,42
252153;2823;8,60
252154;2816;8,42
252155;2825;8,65
252156;2815;8,40
252157;2821;8,55
252158;2817;8,45
252159;2815;8,40
252160;2817;8,45
252161;2825;8,65
252162;2815;8,40
252163;2816;8,42
252164;2815;8,40
252165;2816;8,42
252166;2817;8,45
252167;2815;8,40
252168;2826;8,67
252169;2813;8,35
252170;2819;8,50
252171;2826;8,67
252172;2828;8,72
252173;2819;8,50
252174;2830;8,78
252175;2825;8,65
252176;2865;9,66
252177;2813;8,35
252178;2825;8,65
252179;2823;8,60
252180;2832;8,83
252181;2817;8,45
252182;2823;8,60
252183;2829;8,75
252184;2826;8,67
252185;2819;8,50
252186;2821;8,55
252187;2815;8,40
252188;2821;8,55
252189;2827;8,70
252190;2829;8,75
252191;2816;8,42
252192;2814;8,37
252193;2816;8,42
252194;2828;8,72
252195;2821;8,55
252196;2813;8,35
252197;2816;8,42
252198;2818;8,47
252199;2819;8,50
252200;2813;8,35
252201;2811;8,29
252202;2815;8,40
252203;2805;8,14
252204;2806;8,17
252205;2810;8,27
252206;2806;8,17
252207;2810;8,27
252208;2802;8,07
252209;2815;8,40
252210;2807;8,19
252211;2810;8,27
252212;2817;8,45
252213;2817;8,45
252214;2813;8,35
252215;2811;8,29
252216;2820;8,52
252217;2816;8,42
252218;2820;8,52
252219;2801;8,04
252220;2819;8,50
252221;2820;8,52
252222;2819;8,50
252223;2816;8,42
252224;2815;8,40
252225;2816;8,42
252226;2823;8,60
252227;2829;8,75
252228;2831;8,80
252229;2832;8,83
252230;2833;8,85
252231;2827;8,70
252232;2831;8,80
252233;2833;8,85
252234;2834;8,88
252235;2837;8,95
252236;2836;8,93
252237;2842;9,08
252238;2851;9,31
252239;2843;9,10
252240;2861;9,56
252241;2842;9,08
252242;2841;9,05
252243;2846;9,18
252244;2851;9,31
252245;2839;9,00
252246;2841;9,05
252247;2839;9,00
252248;2847;9,21
252249;2849;9,26
252250;2837;8,95
252251;2844;9,13
252252;2843;9,10
252253;2832;8,83
252254;2835;8,90
252255;2833;8,85
252256;2833;8,85
252257;2832;8,83
252258;2832;8,83
252259;2835;8,90
252260;2826;8,67
252261;2828;8,72
252262;2828;8,72
252263;2823;8,60
252264;2820;8,52
252265;2816;8,42
252266;2843;9,10
252267;2806;8,17
252268;2816;8,42
252269;2806;8,17
252270;2813;8,35
252271;2814;8,37
252272;2801;8,04
252273;2804;8,12
252274;2805;8,14
252275;2813;8,35
252276;2797;7,94
252277;2813;8,35
252278;2806;8,17
252279;2815;8,40
252280;2807;8,19
252281;2802;8,07
252282;2815;8,40
252283;2805;8,14
252284;2800;8,02
252285;2809;8,24
252286;2816;8,42
252287;2807;8,19
252288;2805;8,14
252289;2809;8,24
252290;2814;8,37
252291;2815;8,40
252292;2815;8,40
252293;2826;8,67
252294;2823;8,60
252295;2815;8,40
252296;2822;8,57
252297;2810;8,27
252298;2825;8,65
252299;2817;8,45
252300;2821;8,55
252301;2818;8,47
252302;2818;8,47
252303;2816;8,42
252304;2823;8,60
252305;2816;8,42
252306;2818;8,47
252307;2815;8,40
252308;2815;8,40
252309;2825;8,65
252310;2821;8,55
252311;2814;8,37
252312;2809;8,24
252313;2823;8,60
252314;2817;8,45
252315;2818;8,47
252316;2815;8,40
252317;2834;8,88
252318;2816;8,42
252319;2821;8,55
252320;2818;8,47
252321;2831;8,80
252322;2823;8,60
252323;2819;8,50
252324;2817;8,45
252325;2830;8,78
252326;2821;8,55
252327;2819;8,50
252328;2825;8,65
252329;2821;8,55
252330;2818;8,47
252331;2823;8,60
252332;2819;8,50
252333;2831;8,80
252334;2826;8,67
252335;2831;8,80
252336;2827;8,70
252337;2833;8,85
252338;2816;8,42
252339;2822;8,57
252340;2826;8,67
252341;2823;8,60
252342;2827;8,70
252343;2830;8,78
252344;2821;8,55
252345;2832;8,83
252346;2823;8,60
252347;2826;8,67
252348;2832;8,83
252349;2816;8,42
252350;2820;8,52
252351;2815;8,40
252352;2830;8,78
252353;2820;8,52
252354;2823;8,60
252355;2816;8,42
252356;2816;8,42
252357;2829;8,75
252358;2830;8,78
252359;2822;8,57
252360;2817;8,45
252361;2823;8,60
252362;2817;8,45
252363;2815;8,40
252364;2839;9,00
252365;2827;8,70
252366;2829;8,75
252367;2832;8,83
252368;2826;8,67
252369;2832;8,83
252370;2830;8,78
252371;2827;8,70
252372;2831;8,80
252373;2827;8,70
252374;2827;8,70
252375;2823;8,60
252376;2816;8,42
252377;2832;8,83
252378;2829;8,75
252379;2834;8,88
252380;2829;8,75
252381;2841;9,05
252382;2826;8,67
252383;2822;8,57
252384;2821;8,55
252385;2825;8,65
252386;2837;8,95
252387;2843;9,10
252388;2823;8,60
252389;2832;8,83
252390;2832;8,83
252391;2832;8,83
252392;2827;8,70
252393;2832;8,83
252394;2829;8,75
252395;2832;8,83
252396;2832;8,83
252397;2831;8,80
252398;2832;8,83
252399;2819;8,50
252400;2819;8,50
252401;2816;8,42
252402;2816;8,42
252403;2819;8,50
252404;2821;8,55
252405;2815;8,40
252406;2816;8,42
252407;2816;8,42
252408;2814;8,37
252409;2810;8,27
252410;2813;8,35
252411;2811;8,29
252412;2818;8,47
252413;2813;8,35
252414;2811;8,29
252415;2807;8,19
252416;2813;8,35
252417;2816;8,42
252418;2804;8,12
252419;2815;8,40
252420;2821;8,55
252421;2814;8,37
252422;2813;8,35
252423;2815;8,40
252424;2807;8,19
252425;2815;8,40
252426;2805;8,14
252427;2807;8,19
252428;2806;8,17
252429;2806;8,17
252430;2811;8,29
252431;2816;8,42
252432;2800;8,02
252433;2811;8,29
252434;2803;8,09
252435;2811;8,29
252436;2815;8,40
252437;2809;8,24
252438;2805;8,14
252439;2811;8,29
252440;2804;8,12
252441;2803;8,09
252442;2806;8,17
252443;2807;8,19
252444;2803;8,09
252445;2815;8,40
252446;2813;8,35
252447;2815;8,40
252448;2802;8,07
252449;2803;8,09
252450;2800;8,02
252451;2813;8,35
252452;2801;8,04
252453;2807;8,19
252454;2805;8,14
252455;2805;8,14
252456;2801;8,04
252457;2801;8,04
252458;2800;8,02
252459;2805;8,14
252460;2791;7,79
252461;2797;7,94
252462;2800;8,02
252463;2800;8,02
252464;2799;7,99
252465;2810;8,27
252466;2799;7,99
252467;2803;8,09
252468;2799;7,99
252469;2800;8,02
252470;2801;8,04
252471;2802;8,07
252472;2804;8,12
252473;2800;8,02
252474;2802;8,07
252475;2801;8,04
252476;2803;8,09
252477;2807;8,19
252478;2795;7,89
252479;2800;8,02
252480;2800;8,02
252481;2800;8,02
252482;2809;8,24
252483;2796;7,91
252484;2799;7,99
252485;2800;8,02
252486;2798;7,97
252487;2799;7,99
252488;2803;8,09
252489;2800;8,02
252490;2810;8,27
252491;2797;7,94
252492;2799;7,99
252493;2800;8,02
252494;2801;8,04
252495;2805;8,14
252496;2813;8,35
252497;2791;7,79
252498;2800;8,02
252499;2805;8,14
252500;2807;8,19
252501;2804;8,12
252502;2814;8,37
252503;2815;8,40
252504;2818;8,47
252505;2805;8,14
252506;2814;8,37
252507;2813;8,35
252508;2811;8,29
252509;2801;8,04
252510;2813;8,35
252511;2805;8,14
252512;2811;8,29
252513;2813;8,35
252514;2818;8,47
252515;2811;8,29
252516;2810;8,27
252517;2805;8,14
252518;2803;8,09
252519;2810;8,27
252520;2805;8,14
252521;2815;8,40
252522;2807;8,19
252523;2814;8,37
252524;2797;7,94
252525;2800;8,02
252526;2801;8,04
252527;2805;8,14
252528;2800;8,02
252529;2801;8,04
252530;2802;8,07
252531;2803;8,09
252532;2799;7,99
252533;2809;8,24
252534;2785;7,64
252535;2799;7,99
252536;2797;7,94
252537;2803;8,09
252538;2801;8,04
252539;2801;8,04
252540;2797;7,94
252541;2800;8,02
252542;2800;8,02
252543;2793;7,84
252544;2795;7,89
252545;2791;7,79
252546;2796;7,91
252547;2805;8,14
252548;2798;7,97
252549;2787;7,69
252550;2799;7,99
252551;2793;7,84
252552;2799;7,99
252553;2793;7,84
252554;2800;8,02
252555;2783;7,59
252556;2817;8,45
252557;2795;7,89
252558;2793;7,84
252559;2800;8,02
252560;2807;8,19
252561;2794;7,86
252562;2794;7,86
252563;2796;7,91
252564;2800;8,02
252565;2800;8,02
252566;2789;7,74
252567;2797;7,94
252568;2792;7,81
252569;2800;8,02
252570;2800;8,02
252571;2800;8,02
252572;2796;7,91
252573;2800;8,02
252574;2810;8,27
252575;2803;8,09
252576;2800;8,02
252577;2801;8,04
252578;2817;8,45
252579;2816;8,42
252580;2816;8,42
252581;2805;8,14
252582;2817;8,45
252583;2814;8,37
252584;2822;8,57
252585;2826;8,67
252586;2821;8,55
252587;2811;8,29
252588;2819;8,50
252589;2829;8,75
252590;2825;8,65
252591;2819;8,50
252592;2832;8,83
252593;2816;8,42
252594;2830;8,78
252595;2823;8,60
252596;2832;8,83
252597;2823;8,60
252598;2829;8,75
252599;2822;8,57
252600;2832;8,83
252601;2822;8,57
252602;2822;8,57
252603;2821;8,55
252604;2816;8,42
252605;2825;8,65
252606;2821;8,55
252607;2834;8,88
252608;2821;8,55
252609;2821;8,55
252610;2811;8,29
252611;2820;8,52
252612;2818;8,47
252613;2817;8,45
252614;2816;8,42
252615;2807;8,19
252616;2817;8,45
252617;2818;8,47
252618;2815;8,40
252619;2815;8,40
252620;2814;8,37
252621;2811;8,29
252622;2813;8,35
252623;2800;8,02
252624;2815;8,40
252625;2814;8,37
252626;2813;8,35
252627;2800;8,02
252628;2813;8,35
252629;2811;8,29
252630;2807;8,19
252631;2806;8,17
252632;2800;8,02
252633;2821;8,55
252634;2801;8,04
252635;2811;8,29
252636;2803;8,09
252637;2809;8,24
252638;2799;7,99
252639;2809;8,24
252640;2807;8,19
252641;2816;8,42
252642;2815;8,40
252643;2803;8,09
252644;2805;8,14
252645;2803;8,09
252646;2817;8,45
252647;2800;8,02
252648;2810;8,27
252649;2801;8,04
252650;2821;8,55
252651;2809;8,24
252652;2805;8,14
252653;2811;8,29
252654;2821;8,55
252655;2817;8,45
252656;2813;8,35
252657;2809;8,24
252658;2800;8,02
252659;2816;8,42
252660;2811;8,29
252661;2815;8,40
252662;2813;8,35
252663;2807;8,19
252664;2821;8,55
252665;2806;8,17
252666;2817;8,45
252667;2812;8,32
252668;2814;8,37
252669;2807;8,19
252670;2816;8,42
252671;2810;8,27
252672;2829;8,75
252673;2817;8,45
252674;2818;8,47
252675;2815;8,40
252676;2829;8,75
252677;2815;8,40
252678;2819;8,50
252679;2818;8,47
252680;2823;8,60
252681;2817;8,45
252682;2821;8,55
252683;2818;8,47
252684;2817;8,45
252685;2817;8,45
252686;2821;8,55
252687;2812;8,32
252688;2825;8,65
252689;2816;8,42
252690;2826;8,67
252691;2815;8,40
252692;2832;8,83
252693;2818;8,47
252694;2831;8,80
252695;2814;8,37
252696;2819;8,50
252697;2815;8,40
252698;2829;8,75
252699;2819;8,50
252700;2822;8,57
252701;2813;8,35
252702;2828;8,72
252703;2817;8,45
252704;2823;8,60
252705;2817;8,45
252706;2819;8,50
252707;2819;8,50
252708;2818;8,47
252709;2815;8,40
252710;2812;8,32
252711;2813;8,35
252712;2813;8,35
252713;2820;8,52
252714;2829;8,75
252715;2813;8,35
252716;2823;8,60
252717;2809;8,24
252718;2822;8,57
252719;2815;8,40
252720;2817;8,45
252721;2815;8,40
252722;2823;8,60
252723;2818;8,47
252724;2817;8,45
252725;2815;8,40
252726;2821;8,55
252727;2819;8,50
252728;2814;8,37
252729;2826;8,67
252730;2827;8,70
252731;2823;8,60
252732;2816;8,42
252733;2815;8,40
252734;2819;8,50
252735;2823;8,60
252736;2816;8,42
252737;2819;8,50
252738;2813;8,35
252739;2826;8,67
252740;2825;8,65
252741;2825;8,65
252742;2835;8,90
252743;2815;8,40
252744;2839;9,00
252745;2817;8,45
252746;2835;8,90
252747;2815;8,40
252748;2832;8,83
252749;2822;8,57
252750;2843;9,10
252751;2822;8,57
252752;2832;8,83
252753;2819;8,50
252754;2832;8,83
252755;2818;8,47
252756;2828;8,72
252757;2823;8,60
252758;2834;8,88
252759;2819;8,50
252760;2835;8,90
252761;2816;8,42
252762;2842;9,08
252763;2826;8,67
252764;2823;8,60
252765;2817;8,45
252766;2838;8,98
252767;2815;8,40
252768;2830;8,78
252769;2825;8,65
252770;2840;9,03
252771;2814;8,37
252772;2851;9,31
252773;2816;8,42
252774;2829;8,75
252775;2827;8,70
252776;2850;9,28
252777;2815;8,40
252778;2833;8,85
252779;2818;8,47
252780;2839;9,00
252781;2826;8,67
252782;2846;9,18
252783;2818;8,47
252784;2831;8,80
252785;2819;8,50
252786;2832;8,83
252787;2818;8,47
252788;2841;9,05
252789;2817;8,45
252790;2836;8,93
252791;2816;8,42
252792;2823;8,60
252793;2816;8,42
252794;2831;8,80
252795;2814;8,37
252796;2823;8,60
252797;2802;8,07
252798;2831;8,80
252799;2800;8,02
252800;2832;8,83
252801;2814;8,37
252802;2830;8,78
252803;2815;8,40
252804;2821;8,55
252805;2809;8,24
252806;2823;8,60
252807;2799;7,99
252808;2825;8,65
252809;2800;8,02
252810;2800;8,02
252811;2795;7,89
252812;2810;8,27
252813;2800;8,02
252814;2821;8,55
252815;2815;8,40
252816;2826;8,67
252817;2804;8,12
252818;2814;8,37
252819;2794;7,86
252820;2819;8,50
252821;2807;8,19
252822;2817;8,45
252823;2796;7,91
252824;2817;8,45
252825;2804;8,12
252826;2821;8,55
252827;2807;8,19
252828;2825;8,65
252829;2812;8,32
252830;2823;8,60
252831;2803;8,09
252832;2831;8,80
252833;2815;8,40
252834;2830;8,78
252835;2811;8,29
252836;2832;8,83
252837;2828;8,72
252838;2839;9,00
252839;2822;8,57
252840;2835;8,90
252841;2817;8,45
252842;2832;8,83
252843;2815;8,40
252844;2800;8,02
252845;2815;8,40
252846;2843;9,10
252847;2815;8,40
252848;2849;9,26
252849;2815;8,40
252850;2852;9,33
252851;2820;8,52
252852;2829;8,75
252853;2822;8,57
252854;2807;8,19
252855;2813;8,35
252856;2867;9,71
252857;2826;8,67
252858;2804;8,12
252859;2815;8,40
252860;2846;9,18
252861;2817;8,45
252862;2810;8,27
252863;2815;8,40
252864;2807;8,19
252865;2821;8,55
252866;2834;8,88
252867;2818;8,47
252868;2844;9,13
252869;2816;8,42
252870;2845;9,15
252871;2815;8,40
252872;2797;7,94
252873;2816;8,42
252874;2800;8,02
252875;2814;8,37
252876;2835;8,90
252877;2810;8,27
252878;2819;8,50
252879;2807;8,19
252880;2838;8,98
252881;2809;8,24
252882;2795;7,89
252883;2805;8,14
252884;2798;7,97
252885;2800;8,02
252886;2790;7,76
252887;2811;8,29
252888;2837;8,95
252889;2800;8,02
252890;2795;7,89
252891;2800;8,02
252892;2861;9,56
252893;2799;7,99
252894;2786;7,66
252895;2800;8,02
252896;2816;8,42
252897;2800;8,02
252898;2823;8,60
252899;2801;8,04
252900;2791;7,79
252901;2801;8,04
252902;2789;7,74
252903;2802;8,07
252904;2794;7,86
252905;2825;8,65
252906;2821;8,55
252907;2800;8,02
252908;2832;8,83
252909;2810;8,27
252910;2838;8,98
252911;2805;8,14
252912;2826;8,67
252913;2800;8,02
252914;2863;9,61
252915;2800;8,02
252916;2832;8,83
252917;2801;8,04
252918;2797;7,94
252919;2800;8,02
252920;2858;9,48
252921;2805;8,14
252922;2797;7,94
252923;2809;8,24
252924;2823;8,60
252925;2807;8,19
252926;2832;8,83
252927;2800;8,02
252928;2790;7,76
252929;2805;8,14
252930;2839;9,00
252931;2803;8,09
252932;2838;8,98
252933;2801;8,04
252934;2795;7,89
252935;2800;8,02
252936;2834;8,88
252937;2805;8,14
252938;2811;8,29
252939;2807;8,19
252940;2837;8,95
252941;2800;8,02
252942;2813;8,35
252943;2811;8,29
252944;2832;8,83
252945;2807;8,19
252946;2832;8,83
252947;2799;7,99
252948;2821;8,55
252949;2800;8,02
252950;2831;8,80
252951;2800;8,02
252952;2795;7,89
252953;2800;8,02
252954;2847;9,21
252955;2811;8,29
252956;2808;8,22
252957;2807;8,19
252958;2819;8,50
252959;2817;8,45
252960;2827;8,70
252961;2801;8,04
252962;2795;7,89
252963;2808;8,22
252964;2803;8,09
252965;2802;8,07
252966;2805;8,14
252967;2800;8,02
252968;2802;8,07
252969;2815;8,40
252970;2835;8,90
252971;2815;8,40
252972;2796;7,91
252973;2807;8,19
252974;2795;7,89
252975;2816;8,42
252976;2833;8,85
252977;2811;8,29
252978;2822;8,57
252979;2798;7,97
252980;2801;8,04
252981;2806;8,17
252982;2840;9,03
252983;2800;8,02
252984;2827;8,70
252985;2794;7,86
252986;2795;7,89
252987;2800;8,02
252988;2799;7,99
252989;2799;7,99
252990;2821;8,55
252991;2796;7,91
252992;2822;8,57
252993;2801;8,04
252994;2787;7,69
252995;2799;7,99
252996;2768;7,21
252997;2794;7,86
252998;2791;7,79
252999;2788;7,71
253000;2813;8,35
253001;2791;7,79
253002;2795;7,89
253003;2793;7,84
253004;2811;8,29
253005;2795;7,89
253006;2787;7,69
253007;2797;7,94
253008;2838;8,98
253009;2801;8,04
253010;2784;7,61
253011;2807;8,19
253012;2778;7,46
253013;2800;8,02
253014;2841;9,05
253015;2820;8,52
253016;2834;8,88
253017;2806;8,17
253018;2832;8,83
253019;2811;8,29
253020;2793;7,84
253021;2811;8,29
253022;2798;7,97
253023;2823;8,60
253024;2835;8,90
253025;2815;8,40
253026;2847;9,21
253027;2826;8,67
253028;2864;9,64
253029;2816;8,42
253030;2811;8,29
253031;2819;8,50
253032;2814;8,37
253033;2821;8,55
253034;2852;9,33
253035;2821;8,55
253036;2805;8,14
253037;2817;8,45
253038;2811;8,29
253039;2838;8,98
253040;2836;8,93
253041;2816;8,42
253042;2837;8,95
253043;2823;8,60
253044;2810;8,27
253045;2822;8,57
253046;2847;9,21
253047;2832;8,83
253048;2820;8,52
253049;2815;8,40
253050;2803;8,09
253051;2829;8,75
253052;2842;9,08
253053;2835;8,90
253054;2811;8,29
253055;2854;9,38
253056;2843;9,10
253057;2837;8,95
253058;2841;9,05
253059;2831;8,80
253060;2807;8,19
253061;2829;8,75
253062;2855;9,41
253063;2828;8,72
253064;2816;8,42
253065;2831;8,80
253066;2846;9,18
253067;2832;8,83
253068;2854;9,38
253069;2832;8,83
253070;2861;9,56
253071;2832;8,83
253072;2857;9,46
253073;2827;8,70
253074;2811;8,29
253075;2834;8,88
253076;2864;9,64
253077;2834;8,88
253078;2859;9,51
253079;2833;8,85
253080;2813;8,35
253081;2831;8,80
253082;2826;8,67
253083;2835;8,90
253084;2831;8,80
253085;2826;8,67
253086;2851;9,31
253087;2832;8,83
253088;2827;8,70
253089;2833;8,85
253090;2864;9,64
253091;2832;8,83
253092;2861;9,56
253093;2830;8,78
253094;2863;9,61
253095;2835;8,90
253096;2822;8,57
253097;2847;9,21
253098;2896;10,45
253099;2834;8,88
253100;2861;9,56
253101;2843;9,10
253102;2884;10,14
253103;2855;9,41
253104;2837;8,95
253105;2857;9,46
253106;2838;8,98
253107;2854;9,38
253108;2881;10,07
253109;2862;9,59
253110;2845;9,15
253111;2863;9,61
253112;2836;8,93
253113;2861;9,56
253114;2871;9,81
253115;2848;9,23
253116;2875;9,91
253117;2864;9,64
253118;2873;9,86
253119;2864;9,64
253120;2862;9,59
253121;2867;9,71
253122;2864;9,64
253123;2874;9,89
253124;2862;9,59
253125;2870;9,79
253126;2895;10,42
253127;2866;9,69
253128;2898;10,50
253129;2870;9,79
253130;2869;9,76
253131;2870;9,79
253132;2898;10,50
253133;2883;10,12
253134;2867;9,71
253135;2883;10,12
253136;2843;9,10
253137;2880;10,04
253138;2874;9,89
253139;2886;10,19
253140;2913;10,88
253141;2896;10,45
253142;2869;9,76
253143;2893;10,37
253144;2879;10,02
253145;2894;10,39
253146;2885;10,17
253147;2915;10,93
253148;2899;10,52
253149;2890;10,29
253150;2888;10,24
253151;2898;10,50
253152;2879;10,02
253153;2897;10,47
253154;2921;11,08
253155;2895;10,42
253156;2889;10,27
253157;2906;10,70
253158;2927;11,23
253159;2917;10,98
253160;2890;10,29
253161;2911;10,82
253162;2923;11,13
253163;2911;10,82
253164;2930;11,31
253165;2928;11,26
253166;2956;11,96
253167;2918;11,00
253168;2930;11,31
253169;2923;11,13
253170;2915;10,93
253171;2921;11,08
253172;2919;11,03
253173;2926;11,20
253174;2923;11,13
253175;2938;11,51
253176;2935;11,43
253177;2942;11,61
253178;2960;12,06
253179;2946;11,71
253180;2928;11,26
253181;2944;11,66
253182;2960;12,06
253183;2959;12,04
253184;2941;11,58
253185;2987;12,75
253186;2981;12,60
253187;2969;12,29
253188;2988;12,77
253189;2988;12,77
253190;2963;12,14
253191;2983;12,65
253192;3001;13,10
253193;2983;12,65
253194;2983;12,65
253195;2992;12,87
253196;3002;13,13
253197;3005;13,20
253198;2981;12,60
253199;3009;13,30
253200;3025;13,71
253201;3007;13,25
253202;3018;13,53
253203;3017;13,51
253204;3024;13,68
253205;3018;13,53
253206;3026;13,73
253207;3015;13,46
253208;3027;13,76
253209;3021;13,61
253210;3014;13,43
253211;3041;14,11
253212;3039;14,06
253213;3036;13,99
253214;3030;13,84
253215;3042;14,14
253216;3057;14,52
253217;3040;14,09
253218;3063;14,67
253219;3043;14,16
253220;3047;14,27
253221;3054;14,44
253222;3042;14,14
253223;3056;14,49
253224;3057;14,52
253225;3056;14,49
253226;3037;14,01
253227;3061;14,62
253228;3051;14,37
253229;3061;14,62
253230;3082;15,15
253231;3069;14,82
253232;3082;15,15
253233;3063;14,67
253234;3056;14,49
253235;3056;14,49
253236;3054;14,44
253237;3067;14,77
253238;3086;15,25
253239;3061;14,62
253240;3056;14,49
253241;3057;14,52
253242;3062;14,65
253243;3055;14,47
253244;3086;15,25
253245;3071;14,87
253246;3060;14,60
253247;3061;14,62
253248;3057;14,52
253249;3059;14,57
253250;3080;15,10
253251;3062;14,65
253252;3071;14,87
253253;3056;14,49
253254;3054;14,44
253255;3057;14,52
253256;3066;14,75
253257;3067;14,77
253258;3055;14,47
253259;3056;14,49
253260;3059;14,57
253261;3060;14,60
253262;3081;15,13
253263;3067;14,77
253264;3084;15,20
253265;3063;14,67
253266;3042;14,14
253267;3079;15,08
253268;3056;14,49
253269;3063;14,67
253270;3056;14,49
253271;3088;15,30
253272;3071;14,87
253273;3068;14,80
253274;3088;15,30
253275;3088;15,30
253276;3088;15,30
253277;3083;15,18
253278;3063;14,67
253279;3069;14,82
253280;3088;15,30
253281;3071;14,87
253282;3091;15,38
253283;3081;15,13
253284;3071;14,87
253285;3091;15,38
253286;3087;15,28
253287;3082;15,15
253288;3059;14,57
253289;3070;14,85
253290;3095;15,48
253291;3082;15,15
253292;3093;15,43
253293;3088;15,30
253294;3067;14,77
253295;3088;15,30
253296;3087;15,28
253297;3087;15,28
253298;3071;14,87
253299;3088;15,30
253300;3093;15,43
253301;3088;15,30
253302;3097;15,53
253303;3087;15,28
253304;3071;14,87
253305;3083;15,18
253306;3065;14,72
253307;3089;15,33
253308;3109;15,84
253309;3088;15,30
253310;3088;15,30
253311;3089;15,33
253312;3088;15,30
253313;3094;15,46
253314;3093;15,43
253315;3083;15,18
253316;3102;15,66
253317;3071;14,87
253318;3095;15,48
253319;3071;14,87
253320;3111;15,89
253321;3071;14,87
253322;3063;14,67
253323;3081;15,13
253324;3065;14,72
253325;3071;14,87
253326;3071;14,87
253327;3061;14,62
253328;3102;15,66
253329;3057;14,52
253330;3062;14,65
253331;3052;14,39
253332;3041;14,11
253333;3060;14,60
253334;3066;14,75
253335;3058;14,54
253336;3049;14,32
253337;3071;14,87
253338;3063;14,67
253339;3058;14,54
253340;3067;14,77
253341;3071;14,87
253342;3053;14,42
253343;3057;14,52
253344;3043;14,16
253345;3059;14,57
253346;3043;14,16
253347;3059;14,57
253348;3058;14,54
253349;3055;14,47
253350;3035;13,96
253351;3056;14,49
253352;3030;13,84
253353;3051;14,37
253354;3062;14,65
253355;3051;14,37
253356;3043;14,16
253357;3056;14,49
253358;3043;14,16
253359;3056;14,49
253360;3054;14,44
253361;3063;14,67
253362;3051;14,37
253363;3065;14,72
253364;3069;14,82
253365;3067;14,77
253366;3050;14,34
253367;3059;14,57
253368;3056;14,49
253369;3067;14,77
253370;3057;14,52
253371;3065;14,72
253372;3057;14,52
253373;3071;14,87
253374;3083;15,18
253375;3056;14,49
253376;3081;15,13
253377;3059;14,57
253378;3050;14,34
253379;3056;14,49
253380;3042;14,14
253381;3053;14,42
253382;3038;14,04
253383;3042;14,14
253384;3056;14,49
253385;3030;13,84
253386;3043;14,16
253387;3030;13,84
253388;3042;14,14
253389;3030;13,84
253390;3003;13,15
253391;3017;13,51
253392;3015;13,46
253393;3008;13,28
253394;2999;13,05
253395;3023;13,66
253396;3042;14,14
253397;3024;13,68
253398;3008;13,28
253399;3041;14,11
253400;3055;14,47
253401;3055;14,47
253402;3061;14,62
253403;3067;14,77
253404;3056;14,49
253405;3082;15,15
253406;3089;15,33
253407;3083;15,18
253408;3085;15,23
253409;3089;15,33
253410;3083;15,18
253411;3071;14,87
253412;3057;14,52
253413;3062;14,65
253414;3086;15,25
253415;3059;14,57
253416;3059;14,57
253417;3052;14,39
253418;3024;13,68
253419;3024;13,68
253420;3024;13,68
253421;3011;13,36
253422;3040;14,09
253423;3013;13,41
253424;3026;13,73
253425;3009;13,30
253426;2993;12,90
253427;3009;13,30
253428;3017;13,51
253429;3011;13,36
253430;3008;13,28
253431;3011;13,36
253432;2994;12,93
253433;3011;13,36
253434;2993;12,90
253435;3021;13,61
253436;3009;13,30
253437;3024;13,68
253438;3007;13,25
253439;3022;13,63
253440;3025;13,71
253441;3017;13,51
253442;3027;13,76
253443;3017;13,51
253444;3024;13,68
253445;3007;13,25
253446;2999;13,05
253447;3008;13,28
253448;3026;13,73
253449;3023;13,66
253450;3030;13,84
253451;3007;13,25
253452;2994;12,93
253453;3005;13,20
253454;2991;12,85
253455;3007;13,25
253456;3039;14,06
253457;3024;13,68
253458;3009;13,30
253459;3026;13,73
253460;3043;14,16
253461;3028;13,79
253462;3046;14,24
253463;3037;14,01
253464;3033;13,91
253465;3027;13,76
253466;3034;13,94
253467;3042;14,14
253468;3015;13,46
253469;3026;13,73
253470;3037;14,01
253471;3029;13,81
253472;3021;13,61
253473;3024;13,68
253474;3023;13,66
253475;3021;13,61
253476;3007;13,25
253477;3007;13,25
253478;3024;13,68
253479;3007;13,25
253480;2992;12,87
253481;3003;13,15
253482;2988;12,77
253483;2992;12,87
253484;3005;13,20
253485;2991;12,85
253486;3007;13,25
253487;2987;12,75
253488;2992;12,87
253489;2983;12,65
253490;3003;13,15
253491;2992;12,87
253492;2959;12,04
253493;2963;12,14
253494;2992;12,87
253495;2972;12,37
253496;2947;11,74
253497;2989;12,80
253498;3009;13,30
253499;2967;12,24
253500;2995;12,95
253501;2992;12,87
253502;3009;13,30
253503;2975;12,44
253504;2979;12,55
253505;2999;13,05
253506;3011;13,36
253507;3002;13,13
253508;3020;13,58
253509;3011;13,36
253510;3018;13,53
253511;2979;12,55
253512;3019;13,56
253513;3021;13,61
253514;3019;13,56
253515;2988;12,77
253516;3004;13,18
253517;3014;13,43
253518;3021;13,61
253519;2981;12,60
253520;2987;12,75
253521;2989;12,80
253522;3018;13,53
253523;2991;12,85
253524;2980;12,57
253525;2976;12,47
253526;3008;13,28
253527;3007;13,25
253528;2964;12,17
253529;2962;12,12
253530;2954;11,91
253531;2983;12,65
253532;2978;12,52
253533;3003;13,15
253534;2995;12,95
253535;2960;12,06
253536;2943;11,63
253537;2978;12,52
253538;2986;12,72
253539;2993;12,90
253540;2989;12,80
253541;2956;11,96
253542;2951;11,84
253543;2960;12,06
253544;2960;12,06
253545;2992;12,87
253546;2985;12,70
253547;2943;11,63
253548;2937;11,48
253549;2973;12,39
253550;2938;11,51
253551;2971;12,34
253552;3003;13,15
253553;2961;12,09
253554;2992;12,87
253555;2982;12,62
253556;3010;13,33
253557;2987;12,75
253558;2959;12,04
253559;2959;12,04
253560;2960;12,06
253561;2971;12,34
253562;2966;12,22
253563;2965;12,19
253564;2951;11,84
253565;2963;12,14
253566;2989;12,80
253567;2962;12,12
253568;2958;12,01
253569;2958;12,01
253570;2941;11,58
253571;2959;12,04
253572;2992;12,87
253573;2975;12,44
253574;2978;12,52
253575;2972;12,37
253576;2985;12,70
253577;2980;12,57
253578;2982;12,62
253579;2969;12,29
253580;2997;13,00
253581;2987;12,75
253582;2971;12,34
253583;2976;12,47
253584;2962;12,12
253585;2981;12,60
253586;2959;12,04
253587;2992;12,87
253588;2960;12,06
253589;2967;12,24
253590;2954;11,91
253591;2975;12,44
253592;2992;12,87
253593;2958;12,01
253594;2933;11,38
253595;2953;11,89
253596;2928;11,26
253597;2937;11,48
253598;2957;11,99
253599;2928;11,26
253600;2917;10,98
253601;2929;11,28
253602;2945;11,69
253603;2931;11,33
253604;2963;12,14
253605;2944;11,66
253606;2915;10,93
253607;2935;11,43
253608;2933;11,38
253609;2946;11,71
253610;2935;11,43
253611;2950;11,81
253612;2954;11,91
253613;2963;12,14
253614;2959;12,04
253615;2961;12,09
253616;2944;11,66
253617;2960;12,06
253618;2957;11,99
253619;2965;12,19
253620;2992;12,87
253621;2967;12,24
253622;2960;12,06
253623;2967;12,24
253624;2995;12,95
253625;2971;12,34
253626;2994;12,93
253627;2967;12,24
253628;2943;11,63
253629;2975;12,44
253630;2949;11,79
253631;2963;12,14
253632;2991;12,85
253633;2960;12,06
253634;2981;12,60
253635;2944;11,66
253636;2927;11,23
253637;2931;11,33
253638;2918;11,00
253639;2927;11,23
253640;2917;10,98
253641;2922;11,10
253642;2915;10,93
253643;2925;11,18
253644;2923;11,13
253645;2933;11,38
253646;2950;11,81
253647;2925;11,18
253648;2909;10,77
253649;2913;10,88
253650;2896;10,45
253651;2927;11,23
253652;2905;10,67
253653;2925;11,18
253654;2951;11,84
253655;2928;11,26
253656;2927;11,23
253657;2919;11,03
253658;2909;10,77
253659;2921;11,08
253660;2948;11,76
253661;2922;11,10
253662;2906;10,70
253663;2922;11,10
253664;2915;10,93
253665;2946;11,71
253666;2919;11,03
253667;2940;11,56
253668;2924;11,15
253669;2928;11,26
253670;2958;12,01
253671;2943;11,63
253672;2960;12,06
253673;2942;11,61
253674;2961;12,09
253675;2944;11,66
253676;2971;12,34
253677;2954;11,91
253678;2923;11,13
253679;2942;11,61
253680;2929;11,28
253681;2947;11,74
253682;2963;12,14
253683;2946;11,71
253684;2962;12,12
253685;2937;11,48
253686;2954;11,91
253687;2923;11,13
253688;2954;11,91
253689;2922;11,10
253690;2907;10,72
253691;2918;11,00
253692;2928;11,26
253693;2921;11,08
253694;2921;11,08
253695;2899;10,52
253696;2922;11,10
253697;2885;10,17
253698;2867;9,71
253699;2896;10,45
253700;2862;9,59
253701;2876;9,94
253702;2900;10,55
253703;2881;10,07
253704;2862;9,59
253705;2887;10,22
253706;2912;10,85
253707;2881;10,07
253708;2871;9,81
253709;2878;9,99
253710;2911;10,82
253711;2891;10,32
253712;2906;10,70
253713;2897;10,47
253714;2925;11,18
253715;2916;10,95
253716;2922;11,10
253717;2898;10,50
253718;2934;11,41
253719;2905;10,67
253720;2896;10,45
253721;2914;10,90
253722;2942;11,61
253723;2928;11,26
253724;2942;11,61
253725;2915;10,93
253726;2902;10,60
253727;2926;11,20
253728;2955;11,94
253729;2924;11,15
253730;2944;11,66
253731;2917;10,98
253732;2906;10,70
253733;2915;10,93
253734;2928;11,26
253735;2910;10,80
253736;2895;10,42
253737;2897;10,47
253738;2895;10,42
253739;2913;10,88
253740;2929;11,28
253741;2910;10,80
253742;2896;10,45
253743;2899;10,52
253744;2929;11,28
253745;2896;10,45
253746;2880;10,04
253747;2895;10,42
253748;2884;10,14
253749;2896;10,45
253750;2889;10,27
253751;2912;10,85
253752;2886;10,19
253753;2896;10,45
253754;2882;10,09
253755;2899;10,52
253756;2881;10,07
253757;2896;10,45
253758;2931;11,33
253759;2908;10,75
253760;2927;11,23
253761;2896;10,45
253762;2890;10,29
253763;2910;10,80
253764;2894;10,39
253765;2911;10,82
253766;2917;10,98
253767;2902;10,60
253768;2878;9,99
253769;2890;10,29
253770;2925;11,18
253771;2906;10,70
253772;2891;10,32
253773;2918;11,00
253774;2896;10,45
253775;2911;10,82
253776;2894;10,39
253777;2902;10,60
253778;2887;10,22
253779;2899;10,52
253780;2938;11,51
253781;2919;11,03
253782;2937;11,48
253783;2925;11,18
253784;2956;11,96
253785;2927;11,23
253786;2901;10,57
253787;2925;11,18
253788;2906;10,70
253789;2926;11,20
253790;2958;12,01
253791;2932;11,36
253792;2946;11,71
253793;2939;11,53
253794;2956;11,96
253795;2911;10,82
253796;2906;10,70
253797;2918;11,00
253798;2896;10,45
253799;2912;10,85
253800;2906;10,70
253801;2899;10,52
253802;2919;11,03
253803;2907;10,72
253804;2928;11,26
253805;2896;10,45
253806;2869;9,76
253807;2882;10,09
253808;2915;10,93
253809;2896;10,45
253810;2899;10,52
253811;2898;10,50
253812;2877;9,96
253813;2877;9,96
253814;2864;9,64
253815;2880;10,04
253816;2901;10,57
253817;2873;9,86
253818;2911;10,82
253819;2893;10,37
253820;2905;10,67
253821;2895;10,42
253822;2885;10,17
253823;2898;10,50
253824;2910;10,80
253825;2902;10,60
253826;2914;10,90
253827;2895;10,42
253828;2928;11,26
253829;2897;10,47
253830;2875;9,91
253831;2907;10,72
253832;2883;10,12
253833;2897;10,47
253834;2890;10,29
253835;2910;10,80
253836;2890;10,29
253837;2899;10,52
253838;2926;11,20
253839;2903;10,62
253840;2927;11,23
253841;2906;10,70
253842;2919;11,03
253843;2899;10,52
253844;2922;11,10
253845;2891;10,32
253846;2885;10,17
253847;2901;10,57
253848;2926;11,20
253849;2894;10,39
253850;2881;10,07
253851;2902;10,60
253852;2914;10,90
253853;2896;10,45
253854;2939;11,53
253855;2894;10,39
253856;2928;11,26
253857;2895;10,42
253858;2933;11,38
253859;2890;10,29
253860;2883;10,12
253861;2918;11,00
253862;2868;9,74
253863;2896;10,45
253864;2903;10,62
253865;2884;10,14
253866;2899;10,52
253867;2896;10,45
253868;2873;9,86
253869;2893;10,37
253870;2869;9,76
253871;2893;10,37
253872;2909;10,77
253873;2880;10,04
253874;2865;9,66
253875;2889;10,27
253876;2868;9,74
253877;2890;10,29
253878;2879;10,02
253879;2881;10,07
253880;2873;9,86
253881;2899;10,52
253882;2874;9,89
253883;2890;10,29
253884;2905;10,67
253885;2890;10,29
253886;2910;10,80
253887;2887;10,22
253888;2882;10,09
253889;2899;10,52
253890;2927;11,23
253891;2902;10,60
253892;2929;11,28
253893;2899;10,52
253894;2927;11,23
253895;2906;10,70
253896;2896;10,45
253897;2914;10,90
253898;2896;10,45
253899;2902;10,60
253900;2944;11,66
253901;2911;10,82
253902;2906;10,70
253903;2907;10,72
253904;2921;11,08
253905;2917;10,98
253906;2913;10,88
253907;2906;10,70
253908;2897;10,47
253909;2909;10,77
253910;2899;10,52
253911;2902;10,60
253912;2928;11,26
253913;2907;10,72
253914;2890;10,29
253915;2899;10,52
253916;2903;10,62
253917;2899;10,52
253918;2928;11,26
253919;2905;10,67
253920;2919;11,03
253921;2902;10,60
253922;2887;10,22
253923;2917;10,98
253924;2919;11,03
253925;2898;10,50
253926;2901;10,57
253927;2906;10,70
253928;2866;9,69
253929;2896;10,45
253930;2921;11,08
253931;2897;10,47
253932;2882;10,09
253933;2896;10,45
253934;2851;9,31
253935;2887;10,22
253936;2922;11,10
253937;2883;10,12
253938;2881;10,07
253939;2891;10,32
253940;2879;10,02
253941;2898;10,50
253942;2921;11,08
253943;2897;10,47
253944;2879;10,02
253945;2896;10,45
253946;2887;10,22
253947;2900;10,55
253948;2907;10,72
253949;2900;10,55
253950;2889;10,27
253951;2910;10,80
253952;2891;10,32
253953;2897;10,47
253954;2913;10,88
253955;2900;10,55
253956;2887;10,22
253957;2902;10,60
253958;2885;10,17
253959;2898;10,50
253960;2915;10,93
253961;2898;10,50
253962;2883;10,12
253963;2899;10,52
253964;2912;10,85
253965;2896;10,45
253966;2928;11,26
253967;2895;10,42
253968;2882;10,09
253969;2895;10,42
253970;2878;9,99
253971;2882;10,09
253972;2900;10,55
253973;2891;10,32
253974;2921;11,08
253975;2899;10,52
253976;2889;10,27
253977;2896;10,45
253978;2919;11,03
253979;2885;10,17
253980;2919;11,03
253981;2891;10,32
253982;2878;9,99
253983;2887;10,22
253984;2879;10,02
253985;2889;10,27
253986;2873;9,86
253987;2903;10,62
253988;2881;10,07
253989;2886;10,19
253990;2922;11,10
253991;2893;10,37
253992;2879;10,02
253993;2905;10,67
253994;2883;10,12
253995;2901;10,57
253996;2899;10,52
253997;2907;10,72
253998;2916;10,95
253999;2903;10,62
254000;2883;10,12
254001;2928;11,26
254002;2927;11,23
254003;2913;10,88
254004;2903;10,62
254005;2927;11,23
254006;2928;11,26
254007;2921;11,08
254008;2901;10,57
254009;2924;11,15
254010;2941;11,58
254011;2922;11,10
254012;2905;10,67
254013;2914;10,90
254014;2899;10,52
254015;2917;10,98
254016;2938;11,51
254017;2918;11,00
254018;2898;10,50
254019;2912;10,85
254020;2926;11,20
254021;2907;10,72
254022;2901;10,57
254023;2915;10,93
254024;2931;11,33
254025;2910;10,80
254026;2897;10,47
254027;2914;10,90
254028;2926;11,20
254029;2902;10,60
254030;2930;11,31
254031;2903;10,62
254032;2896;10,45
254033;2910;10,80
254034;2928;11,26
254035;2910;10,80
254036;2927;11,23
254037;2910;10,80
254038;2897;10,47
254039;2901;10,57
254040;2896;10,45
254041;2905;10,67
254042;2896;10,45
254043;2918;11,00
254044;2943;11,63
254045;2910;10,80
254046;2943;11,63
254047;2919;11,03
254048;2926;11,20
254049;2912;10,85
254050;2897;10,47
254051;2911;10,82
254052;2896;10,45
254053;2909;10,77
254054;2951;11,84
254055;2918;11,00
254056;2909;10,77
254057;2916;10,95
254058;2910;10,80
254059;2921;11,08
254060;2931;11,33
254061;2914;10,90
254062;2896;10,45
254063;2918;11,00
254064;2905;10,67
254065;2921;11,08
254066;2942;11,61
254067;2915;10,93
254068;2909;10,77
254069;2917;10,98
254070;2913;10,88
254071;2913;10,88
254072;2889;10,27
254073;2912;10,85
254074;2928;11,26
254075;2909;10,77
254076;2925;11,18
254077;2908;10,75
254078;2891;10,32
254079;2905;10,67
254080;2896;10,45
254081;2896;10,45
254082;2883;10,12
254083;2909;10,77
254084;2883;10,12
254085;2906;10,70
254086;2880;10,04
254087;2887;10,22
254088;2881;10,07
254089;2892;10,34
254090;2887;10,22
254091;2897;10,47
254092;2923;11,13
254093;2893;10,37
254094;2902;10,60
254095;2894;10,39
254096;2875;9,91
254097;2894;10,39
254098;2874;9,89
254099;2891;10,32
254100;2878;9,99
254101;2896;10,45
254102;2877;9,96
254103;2891;10,32
254104;2882;10,09
254105;2899;10,52
254106;2906;10,70
254107;2893;10,37
254108;2914;10,90
254109;2903;10,62
254110;2887;10,22
254111;2901;10,57
254112;2918;11,00
254113;2901;10,57
254114;2927;11,23
254115;2896;10,45
254116;2944;11,66
254117;2896;10,45
254118;2880;10,04
254119;2899;10,52
254120;2922;11,10
254121;2902;10,60
254122;2889;10,27
254123;2897;10,47
254124;2883;10,12
254125;2897;10,47
254126;2917;10,98
254127;2899;10,52
254128;2890;10,29
254129;2902;10,60
254130;2885;10,17
254131;2896;10,45
254132;2880;10,04
254133;2919;11,03
254134;2880;10,04
254135;2895;10,42
254136;2910;10,80
254137;2889;10,27
254138;2881;10,07
254139;2895;10,42
254140;2877;9,96
254141;2892;10,34
254142;2922;11,10
254143;2881;10,07
254144;2877;9,96
254145;2887;10,22
254146;2911;10,82
254147;2896;10,45
254148;2880;10,04
254149;2885;10,17
254150;2909;10,77
254151;2898;10,50
254152;2877;9,96
254153;2886;10,19
254154;2910;10,80
254155;2885;10,17
254156;2873;9,86
254157;2890;10,29
254158;2921;11,08
254159;2894;10,39
254160;2869;9,76
254161;2876;9,94
254162;2870;9,79
254163;2881;10,07
254164;2917;10,98
254165;2875;9,91
254166;2869;9,76
254167;2886;10,19
254168;2871;9,81
254169;2889;10,27
254170;2867;9,71
254171;2910;10,80
254172;2928;11,26
254173;2899;10,52
254174;2899;10,52
254175;2891;10,32
254176;2917;10,98
254177;2882;10,09
254178;2879;10,02
254179;2894;10,39
254180;2896;10,45
254181;2895;10,42
254182;2877;9,96
254183;2897;10,47
254184;2866;9,69
254185;2889;10,27
254186;2873;9,86
254187;2896;10,45
254188;2873;9,86
254189;2896;10,45
254190;2905;10,67
254191;2898;10,50
254192;2896;10,45
254193;2883;10,12
254194;2914;10,90
254195;2895;10,42
254196;2918;11,00
254197;2883;10,12
254198;2867;9,71
254199;2875;9,91
254200;2896;10,45
254201;2896;10,45
254202;2870;9,79
254203;2880;10,04
254204;2899;10,52
254205;2880;10,04
254206;2899;10,52
254207;2881;10,07
254208;2898;10,50
254209;2867;9,71
254210;2862;9,59
254211;2874;9,89
254212;2901;10,57
254213;2874;9,89
254214;2877;9,96
254215;2874;9,89
254216;2853;9,36
254217;2877;9,96
254218;2896;10,45
254219;2867;9,71
254220;2862;9,59
254221;2864;9,64
254222;2860;9,53
254223;2871;9,81
254224;2901;10,57
254225;2880;10,04
254226;2881;10,07
254227;2868;9,74
254228;2839;9,00
254229;2864;9,64
254230;2902;10,60
254231;2870;9,79
254232;2892;10,34
254233;2869;9,76
254234;2859;9,51
254235;2870;9,79
254236;2879;10,02
254237;2865;9,66
254238;2898;10,50
254239;2866;9,69
254240;2885;10,17
254241;2867;9,71
254242;2851;9,31
254243;2864;9,64
254244;2850;9,28
254245;2875;9,91
254246;2899;10,52
254247;2874;9,89
254248;2870;9,79
254249;2864;9,64
254250;2905;10,67
254251;2881;10,07
254252;2909;10,77
254253;2870;9,79
254254;2866;9,69
254255;2867;9,71
254256;2879;10,02
254257;2877;9,96
254258;2892;10,34
254259;2864;9,64
254260;2896;10,45
254261;2875;9,91
254262;2853;9,36
254263;2864;9,64
254264;2848;9,23
254265;2863;9,61
254266;2864;9,64
254267;2867;9,71
254268;2854;9,38
254269;2863;9,61
254270;2864;9,64
254271;2861;9,56
254272;2887;10,22
254273;2853;9,36
254274;2886;10,19
254275;2857;9,46
254276;2871;9,81
254277;2860;9,53
254278;2869;9,76
254279;2849;9,26
254280;2869;9,76
254281;2851;9,31
254282;2862;9,59
254283;2845;9,15
254284;2881;10,07
254285;2863;9,61
254286;2857;9,46
254287;2848;9,23
254288;2886;10,19
254289;2846;9,18
254290;2879;10,02
254291;2846;9,18
254292;2881;10,07
254293;2850;9,28
254294;2875;9,91
254295;2840;9,03
254296;2881;10,07
254297;2858;9,48
254298;2863;9,61
254299;2857;9,46
254300;2857;9,46
254301;2844;9,13
254302;2871;9,81
254303;2841;9,05
254304;2857;9,46
254305;2848;9,23
254306;2871;9,81
254307;2854;9,38
254308;2850;9,28
254309;2845;9,15
254310;2863;9,61
254311;2850;9,28
254312;2879;10,02
254313;2848;9,23
254314;2847;9,21
254315;2863;9,61
254316;2859;9,51
254317;2842;9,08
254318;2874;9,89
254319;2855;9,41
254320;2857;9,46
254321;2859;9,51
254322;2850;9,28
254323;2855;9,41
254324;2877;9,96
254325;2847;9,21
254326;2878;9,99
254327;2850;9,28
254328;2847;9,21
254329;2845;9,15
254330;2851;9,31
254331;2835;8,90
254332;2870;9,79
254333;2837;8,95
254334;2861;9,56
254335;2846;9,18
254336;2861;9,56
254337;2836;8,93
254338;2843;9,10
254339;2832;8,83
254340;2863;9,61
254341;2838;8,98
254342;2833;8,85
254343;2832;8,83
254344;2832;8,83
254345;2827;8,70
254346;2832;8,83
254347;2831;8,80
254348;2832;8,83
254349;2837;8,95
254350;2831;8,80
254351;2831;8,80
254352;2834;8,88
254353;2832;8,83
254354;2836;8,93
254355;2832;8,83
254356;2845;9,15
254357;2832;8,83
254358;2866;9,69
254359;2838;8,98
254360;2839;9,00
254361;2832;8,83
254362;2859;9,51
254363;2832;8,83
254364;2834;8,88
254365;2832;8,83
254366;2839;9,00
254367;2834;8,88
254368;2851;9,31
254369;2839;9,00
254370;2869;9,76
254371;2838;8,98
254372;2847;9,21
254373;2851;9,31
254374;2850;9,28
254375;2841;9,05
254376;2848;9,23
254377;2850;9,28
254378;2864;9,64
254379;2860;9,53
254380;2846;9,18
254381;2869;9,76
254382;2853;9,36
254383;2859;9,51
254384;2859;9,51
254385;2855;9,41
254386;2860;9,53
254387;2851;9,31
254388;2855;9,41
254389;2848;9,23
254390;2858;9,48
254391;2871;9,81
254392;2863;9,61
254393;2855;9,41
254394;2851;9,31
254395;2854;9,38
254396;2865;9,66
254397;2855;9,41
254398;2858;9,48
254399;2853;9,36
254400;2858;9,48
254401;2862;9,59
254402;2853;9,36
254403;2853;9,36
254404;2857;9,46
254405;2853;9,36
254406;2862;9,59
254407;2848;9,23
254408;2839;9,00
254409;2849;9,26
254410;2847;9,21
254411;2840;9,03
254412;2868;9,74
254413;2839;9,00
254414;2847;9,21
254415;2845;9,15
254416;2844;9,13
254417;2845;9,15
254418;2843;9,10
254419;2849;9,26
254420;2857;9,46
254421;2841;9,05
254422;2847;9,21
254423;2845;9,15
254424;2842;9,08
254425;2837;8,95
254426;2848;9,23
254427;2833;8,85
254428;2839;9,00
254429;2835;8,90
254430;2845;9,15
254431;2843;9,10
254432;2837;8,95
254433;2850;9,28
254434;2842;9,08
254435;2842;9,08
254436;2837;8,95
254437;2843;9,10
254438;2867;9,71
254439;2834;8,88
254440;2842;9,08
254441;2832;8,83
254442;2846;9,18
254443;2839;9,00
254444;2841;9,05
254445;2848;9,23
254446;2866;9,69
254447;2845;9,15
254448;2857;9,46
254449;2838;8,98
254450;2855;9,41
254451;2846;9,18
254452;2840;9,03
254453;2845;9,15
254454;2856;9,43
254455;2845;9,15
254456;2848;9,23
254457;2840;9,03
254458;2853;9,36
254459;2847;9,21
254460;2845;9,15
254461;2843;9,10
254462;2846;9,18
254463;2838;8,98
254464;2852;9,33
254465;2843;9,10
254466;2838;8,98
254467;2841;9,05
254468;2849;9,26
254469;2844;9,13
254470;2842;9,08
254471;2850;9,28
254472;2855;9,41
254473;2866;9,69
254474;2845;9,15
254475;2853;9,36
254476;2847;9,21
254477;2849;9,26
254478;2845;9,15
254479;2843;9,10
254480;2855;9,41
254481;2842;9,08
254482;2848;9,23
254483;2835;8,90
254484;2837;8,95
254485;2843;9,10
254486;2832;8,83
254487;2842;9,08
254488;2835;8,90
254489;2831;8,80
254490;2839;9,00
254491;2832;8,83
254492;2834;8,88
254493;2839;9,00
254494;2835;8,90
254495;2839;9,00
254496;2855;9,41
254497;2836;8,93
254498;2832;8,83
254499;2849;9,26
254500;2843;9,10
254501;2850;9,28
254502;2832;8,83
254503;2832;8,83
254504;2847;9,21
254505;2829;8,75
254506;2864;9,64
254507;2833;8,85
254508;2838;8,98
254509;2832;8,83
254510;2832;8,83
254511;2834;8,88
254512;2859;9,51
254513;2831;8,80
254514;2843;9,10
254515;2825;8,65
254516;2834;8,88
254517;2835;8,90
254518;2845;9,15
254519;2832;8,83
254520;2835;8,90
254521;2832;8,83
254522;2832;8,83
254523;2851;9,31
254524;2846;9,18
254525;2842;9,08
254526;2832;8,83
254527;2831;8,80
254528;2835;8,90
254529;2832;8,83
254530;2839;9,00
254531;2831;8,80
254532;2864;9,64
254533;2835;8,90
254534;2832;8,83
254535;2832;8,83
254536;2833;8,85
254537;2850;9,28
254538;2866;9,69
254539;2838;8,98
254540;2858;9,48
254541;2833;8,85
254542;2861;9,56
254543;2832;8,83
254544;2833;8,85
254545;2845;9,15
254546;2850;9,28
254547;2839;9,00
254548;2837;8,95
254549;2837;8,95
254550;2855;9,41
254551;2838;8,98
254552;2832;8,83
254553;2839;9,00
254554;2832;8,83
254555;2831;8,80
254556;2822;8,57
254557;2819;8,50
254558;2827;8,70
254559;2831;8,80
254560;2841;9,05
254561;2851;9,31
254562;2829;8,75
254563;2829;8,75
254564;2832;8,83
254565;2835;8,90
254566;2832;8,83
254567;2821;8,55
254568;2823;8,60
254569;2825;8,65
254570;2829;8,75
254571;2821;8,55
254572;2832;8,83
254573;2831;8,80
254574;2859;9,51
254575;2818;8,47
254576;2831;8,80
254577;2825;8,65
254578;2831;8,80
254579;2821;8,55
254580;2816;8,42
254581;2829;8,75
254582;2818;8,47
254583;2827;8,70
254584;2830;8,78
254585;2831;8,80
254586;2819;8,50
254587;2828;8,72
254588;2819;8,50
254589;2862;9,59
254590;2832;8,83
254591;2817;8,45
254592;2820;8,52
254593;2825;8,65
254594;2837;8,95
254595;2822;8,57
254596;2848;9,23
254597;2816;8,42
254598;2822;8,57
254599;2819;8,50
254600;2817;8,45
254601;2822;8,57
254602;2830;8,78
254603;2817;8,45
254604;2835;8,90
254605;2828;8,72
254606;2823;8,60
254607;2826;8,67
254608;2812;8,32
254609;2817;8,45
254610;2832;8,83
254611;2819;8,50
254612;2827;8,70
254613;2821;8,55
254614;2823;8,60
254615;2820;8,52
254616;2829;8,75
254617;2821;8,55
254618;2845;9,15
254619;2828;8,72
254620;2832;8,83
254621;2832;8,83
254622;2819;8,50
254623;2832;8,83
254624;2829;8,75
254625;2825;8,65
254626;2835;8,90
254627;2823;8,60
254628;2833;8,85
254629;2822;8,57
254630;2823;8,60
254631;2827;8,70
254632;2820;8,52
254633;2819;8,50
254634;2837;8,95
254635;2817;8,45
254636;2830;8,78
254637;2822;8,57
254638;2831;8,80
254639;2833;8,85
254640;2842;9,08
254641;2818;8,47
254642;2831;8,80
254643;2821;8,55
254644;2811;8,29
254645;2821;8,55
254646;2847;9,21
254647;2828;8,72
254648;2831;8,80
254649;2815;8,40
254650;2819;8,50
254651;2821;8,55
254652;2826;8,67
254653;2816;8,42
254654;2849;9,26
254655;2816;8,42
254656;2817;8,45
254657;2822;8,57
254658;2819;8,50
254659;2832;8,83
254660;2817;8,45
254661;2816;8,42
254662;2818;8,47
254663;2820;8,52
254664;2827;8,70
254665;2819;8,50
254666;2864;9,64
254667;2832;8,83
254668;2835;8,90
254669;2833;8,85
254670;2823;8,60
254671;2816;8,42
254672;2864;9,64
254673;2821;8,55
254674;2830;8,78
254675;2830;8,78
254676;2821;8,55
254677;2826;8,67
254678;2853;9,36
254679;2815;8,40
254680;2861;9,56
254681;2823;8,60
254682;2823;8,60
254683;2840;9,03
254684;2814;8,37
254685;2823;8,60
254686;2833;8,85
254687;2819;8,50
254688;2827;8,70
254689;2821;8,55
254690;2845;9,15
254691;2819;8,50
254692;2832;8,83
254693;2816;8,42
254694;2817;8,45
254695;2822;8,57
254696;2818;8,47
254697;2821;8,55
254698;2823;8,60
254699;2814;8,37
254700;2832;8,83
254701;2816;8,42
254702;2846;9,18
254703;2814;8,37
254704;2822;8,57
254705;2811;8,29
254706;2829;8,75
254707;2839;9,00
254708;2848;9,23
254709;2835;8,90
254710;2815;8,40
254711;2812;8,32
254712;2810;8,27
254713;2822;8,57
254714;2819;8,50
254715;2813;8,35
254716;2817;8,45
254717;2813;8,35
254718;2818;8,47
254719;2817;8,45
254720;2834;8,88
254721;2815;8,40
254722;2815;8,40
254723;2812;8,32
254724;2809;8,24
254725;2818;8,47
254726;2815;8,40
254727;2801;8,04
254728;2838;8,98
254729;2829;8,75
254730;2839;9,00
254731;2810;8,27
254732;2815;8,40
254733;2811;8,29
254734;2813;8,35
254735;2822;8,57
254736;2846;9,18
254737;2825;8,65
254738;2819;8,50
254739;2807;8,19
254740;2846;9,18
254741;2803;8,09
254742;2813;8,35
254743;2838;8,98
254744;2826;8,67
254745;2815;8,40
254746;2831;8,80
254747;2816;8,42
254748;2819;8,50
254749;2816;8,42
254750;2846;9,18
254751;2816;8,42
254752;2823;8,60
254753;2822;8,57
254754;2826;8,67
254755;2830;8,78
254756;2825;8,65
254757;2819;8,50
254758;2832;8,83
254759;2818;8,47
254760;2878;9,99
254761;2829;8,75
254762;2813;8,35
254763;2830;8,78
254764;2832;8,83
254765;2826;8,67
254766;2823;8,60
254767;2832;8,83
254768;2832;8,83
254769;2819;8,50
254770;2825;8,65
254771;2816;8,42
254772;2823;8,60
254773;2821;8,55
254774;2823;8,60
254775;2821;8,55
254776;2825;8,65
254777;2810;8,27
254778;2804;8,12
254779;2819;8,50
254780;2814;8,37
254781;2802;8,07
254782;2814;8,37
254783;2816;8,42
254784;2803;8,09
254785;2817;8,45
254786;2816;8,42
254787;2804;8,12
254788;2842;9,08
254789;2801;8,04
254790;2804;8,12
254791;2800;8,02
254792;2800;8,02
254793;2807;8,19
254794;2830;8,78
254795;2806;8,17
254796;2794;7,86
254797;2798;7,97
254798;2811;8,29
254799;2803;8,09
254800;2800;8,02
254801;2801;8,04
254802;2813;8,35
254803;2810;8,27
254804;2801;8,04
254805;2801;8,04
254806;2815;8,40
254807;2800;8,02
254808;2816;8,42
254809;2817;8,45
254810;2813;8,35
254811;2813;8,35
254812;2832;8,83
254813;2806;8,17
254814;2814;8,37
254815;2811;8,29
254816;2816;8,42
254817;2819;8,50
254818;2843;9,10
254819;2817;8,45
254820;2810;8,27
254821;2815;8,40
254822;2830;8,78
254823;2818;8,47
254824;2837;8,95
254825;2818;8,47
254826;2822;8,57
254827;2819;8,50
254828;2832;8,83
254829;2809;8,24
254830;2826;8,67
254831;2818;8,47
254832;2818;8,47
254833;2821;8,55
254834;2827;8,70
254835;2816;8,42
254836;2843;9,10
254837;2822;8,57
254838;2816;8,42
254839;2811;8,29
254840;2822;8,57
254841;2814;8,37
254842;2851;9,31
254843;2810;8,27
254844;2819;8,50
254845;2811;8,29
254846;2846;9,18
254847;2820;8,52
254848;2829;8,75
254849;2815;8,40
254850;2810;8,27
254851;2815;8,40
254852;2847;9,21
254853;2813;8,35
254854;2814;8,37
254855;2807;8,19
254856;2819;8,50
254857;2818;8,47
254858;2833;8,85
254859;2823;8,60
254860;2842;9,08
254861;2815;8,40
254862;2822;8,57
254863;2825;8,65
254864;2826;8,67
254865;2809;8,24
254866;2816;8,42
254867;2806;8,17
254868;2811;8,29
254869;2803;8,09
254870;2848;9,23
254871;2805;8,14
254872;2826;8,67
254873;2815;8,40
254874;2810;8,27
254875;2816;8,42
254876;2803;8,09
254877;2817;8,45
254878;2825;8,65
254879;2811;8,29
254880;2815;8,40
254881;2817;8,45
254882;2829;8,75
254883;2821;8,55
254884;2850;9,28
254885;2832;8,83
254886;2803;8,09
254887;2814;8,37
254888;2821;8,55
254889;2821;8,55
254890;2846;9,18
254891;2821;8,55
254892;2864;9,64
254893;2817;8,45
254894;2838;8,98
254895;2834;8,88
254896;2823;8,60
254897;2814;8,37
254898;2829;8,75
254899;2815;8,40
254900;2834;8,88
254901;2822;8,57
254902;2831;8,80
254903;2823;8,60
254904;2822;8,57
254905;2816;8,42
254906;2819;8,50
254907;2815;8,40
254908;2819;8,50
254909;2813;8,35
254910;2835;8,90
254911;2825;8,65
254912;2832;8,83
254913;2827;8,70
254914;2821;8,55
254915;2844;9,13
254916;2864;9,64
254917;2825;8,65
254918;2851;9,31
254919;2807;8,19
254920;2817;8,45
254921;2818;8,47
254922;2839;9,00
254923;2815;8,40
254924;2821;8,55
254925;2811;8,29
254926;2806;8,17
254927;2811;8,29
254928;2816;8,42
254929;2818;8,47
254930;2829;8,75
254931;2803;8,09
254932;2826;8,67
254933;2816;8,42
254934;2815;8,40
254935;2813;8,35
254936;2815;8,40
254937;2830;8,78
254938;2852;9,33
254939;2815;8,40
254940;2815;8,40
254941;2814;8,37
254942;2831;8,80
254943;2804;8,12
254944;2847;9,21
254945;2827;8,70
254946;2848;9,23
254947;2812;8,32
254948;2846;9,18
254949;2819;8,50
254950;2815;8,40
254951;2829;8,75
254952;2817;8,45
254953;2814;8,37
254954;2820;8,52
254955;2809;8,24
254956;2818;8,47
254957;2839;9,00
254958;2821;8,55
254959;2832;8,83
254960;2828;8,72
254961;2827;8,70
254962;2826;8,67
254963;2825;8,65
254964;2816;8,42
254965;2817;8,45
254966;2819;8,50
254967;2826;8,67
254968;2845;9,15
254969;2823;8,60
254970;2825;8,65
254971;2832;8,83
254972;2832;8,83
254973;2817;8,45
254974;2820;8,52
254975;2823;8,60
254976;2828;8,72
254977;2818;8,47
254978;2845;9,15
254979;2811;8,29
254980;2831;8,80
254981;2828;8,72
254982;2845;9,15
254983;2819;8,50
254984;2805;8,14
254985;2811;8,29
254986;2835;8,90
254987;2815;8,40
254988;2807;8,19
254989;2813;8,35
254990;2816;8,42
254991;2809;8,24
254992;2815;8,40
254993;2814;8,37
254994;2800;8,02
254995;2816;8,42
254996;2815;8,40
254997;2807;8,19
254998;2807;8,19
254999;2801;8,04
255000;2826;8,67
255001;2800;8,02
255002;2814;8,37
255003;2812;8,32
255004;2818;8,47
255005;2816;8,42
255006;2839;9,00
255007;2826;8,67
255008;2811;8,29
255009;2817;8,45
255010;2844;9,13
255011;2805;8,14
255012;2819;8,50
255013;2809;8,24
255014;2803;8,09
255015;2800;8,02
255016;2827;8,70
255017;2793;7,84
255018;2800;8,02
255019;2811;8,29
255020;2803;8,09
255021;2811;8,29
255022;2815;8,40
255023;2813;8,35
255024;2815;8,40
255025;2803;8,09
255026;2815;8,40
255027;2803;8,09
255028;2814;8,37
255029;2811;8,29
255030;2810;8,27
255031;2800;8,02
255032;2807;8,19
255033;2811;8,29
255034;2813;8,35
255035;2810;8,27
255036;2811;8,29
255037;2817;8,45
255038;2817;8,45
255039;2815;8,40
255040;2803;8,09
255041;2806;8,17
255042;2796;7,91
255043;2810;8,27
255044;2815;8,40
255045;2809;8,24
255046;2818;8,47
255047;2811;8,29
255048;2810;8,27
255049;2799;7,99
255050;2805;8,14
255051;2813;8,35
255052;2805;8,14
255053;2811;8,29
255054;2815;8,40
255055;2823;8,60
255056;2821;8,55
255057;2818;8,47
255058;2811;8,29
255059;2813;8,35
255060;2809;8,24
255061;2813;8,35
255062;2815;8,40
255063;2818;8,47
255064;2811;8,29
255065;2835;8,90
255066;2805;8,14
255067;2807;8,19
255068;2831;8,80
255069;2810;8,27
255070;2805;8,14
255071;2807;8,19
255072;2801;8,04
255073;2817;8,45
255074;2813;8,35
255075;2812;8,32
255076;2785;7,64
255077;2787;7,69
255078;2807;8,19
255079;2805;8,14
255080;2809;8,24
255081;2818;8,47
255082;2802;8,07
255083;2810;8,27
255084;2813;8,35
255085;2805;8,14
255086;2801;8,04
255087;2801;8,04
255088;2811;8,29
255089;2793;7,84
255090;2814;8,37
255091;2827;8,70
255092;2813;8,35
255093;2803;8,09
255094;2806;8,17
255095;2800;8,02
255096;2801;8,04
255097;2802;8,07
255098;2813;8,35
255099;2816;8,42
255100;2805;8,14
255101;2800;8,02
255102;2813;8,35
255103;2812;8,32
255104;2817;8,45
255105;2801;8,04
255106;2811;8,29
255107;2816;8,42
255108;2816;8,42
255109;2802;8,07
255110;2816;8,42
255111;2800;8,02
255112;2807;8,19
255113;2800;8,02
255114;2804;8,12
255115;2799;7,99
255116;2800;8,02
255117;2803;8,09
255118;2817;8,45
255119;2805;8,14
255120;2810;8,27
255121;2805;8,14
255122;2799;7,99
255123;2823;8,60
255124;2805;8,14
255125;2807;8,19
255126;2803;8,09
255127;2800;8,02
255128;2822;8,57
255129;2797;7,94
255130;2817;8,45
255131;2798;7,97
255132;2805;8,14
255133;2800;8,02
255134;2815;8,40
255135;2809;8,24
255136;2811;8,29
255137;2801;8,04
255138;2806;8,17
255139;2791;7,79
255140;2812;8,32
255141;2799;7,99
255142;2807;8,19
255143;2807;8,19
255144;2799;7,99
255145;2811;8,29
255146;2803;8,09
255147;2799;7,99
255148;2805;8,14
255149;2802;8,07
255150;2803;8,09
255151;2799;7,99
255152;2803;8,09
255153;2802;8,07
255154;2842;9,08
255155;2815;8,40
255156;2813;8,35
255157;2831;8,80
255158;2859;9,51
255159;2806;8,17
255160;2826;8,67
255161;2821;8,55
255162;2816;8,42
255163;2803;8,09
255164;2818;8,47
255165;2814;8,37
255166;2814;8,37
255167;2815;8,40
255168;2823;8,60
255169;2826;8,67
255170;2813;8,35
255171;2815;8,40
255172;2827;8,70
255173;2811;8,29
255174;2831;8,80
255175;2810;8,27
255176;2806;8,17
255177;2814;8,37
255178;2822;8,57
255179;2817;8,45
255180;2815;8,40
255181;2813;8,35
255182;2821;8,55
255183;2859;9,51
255184;2823;8,60
255185;2815;8,40
255186;2823;8,60
255187;2811;8,29
255188;2819;8,50
255189;2807;8,19
255190;2818;8,47
255191;2800;8,02
255192;2805;8,14
255193;2807;8,19
255194;2815;8,40
255195;2815;8,40
255196;2812;8,32
255197;2807;8,19
255198;2807;8,19
255199;2815;8,40
255200;2815;8,40
255201;2806;8,17
255202;2842;9,08
255203;2815;8,40
255204;2817;8,45
255205;2807;8,19
255206;2807;8,19
255207;2818;8,47
255208;2817;8,45
255209;2816;8,42
255210;2811;8,29
255211;2810;8,27
255212;2811;8,29
255213;2802;8,07
255214;2800;8,02
255215;2803;8,09
255216;2822;8,57
255217;2813;8,35
255218;2827;8,70
255219;2821;8,55
255220;2823;8,60
255221;2819;8,50
255222;2823;8,60
255223;2815;8,40
255224;2800;8,02
255225;2819;8,50
255226;2819;8,50
255227;2819;8,50
255228;2816;8,42
255229;2815;8,40
255230;2817;8,45
255231;2817;8,45
255232;2814;8,37
255233;2816;8,42
255234;2824;8,62
255235;2842;9,08
255236;2829;8,75
255237;2815;8,40
255238;2851;9,31
255239;2824;8,62
255240;2815;8,40
255241;2815;8,40
255242;2832;8,83
255243;2837;8,95
255244;2827;8,70
255245;2811;8,29
255246;2831;8,80
255247;2829;8,75
255248;2818;8,47
255249;2830;8,78
255250;2822;8,57
255251;2816;8,42
255252;2819;8,50
255253;2827;8,70
255254;2819;8,50
255255;2826;8,67
255256;2817;8,45
255257;2816;8,42
255258;2818;8,47
255259;2817;8,45
255260;2831;8,80
255261;2822;8,57
255262;2855;9,41
255263;2820;8,52
255264;2837;8,95
255265;2838;8,98
255266;2821;8,55
255267;2822;8,57
255268;2820;8,52
255269;2811;8,29
255270;2824;8,62
255271;2817;8,45
255272;2853;9,36
255273;2815;8,40
255274;2816;8,42
255275;2815;8,40
255276;2811;8,29
255277;2810;8,27
255278;2816;8,42
255279;2807;8,19
255280;2809;8,24
255281;2820;8,52
255282;2807;8,19
255283;2819;8,50
255284;2823;8,60
255285;2813;8,35
255286;2818;8,47
255287;2820;8,52
255288;2853;9,36
255289;2815;8,40
255290;2819;8,50
255291;2832;8,83
255292;2811;8,29
255293;2822;8,57
255294;2817;8,45
255295;2813;8,35
255296;2819;8,50
255297;2813;8,35
255298;2831;8,80
255299;2815;8,40
255300;2816;8,42
255301;2830;8,78
255302;2846;9,18
255303;2807;8,19
255304;2810;8,27
255305;2818;8,47
255306;2822;8,57
255307;2815;8,40
255308;2822;8,57
255309;2819;8,50
255310;2817;8,45
255311;2837;8,95
255312;2825;8,65
255313;2811;8,29
255314;2819;8,50
255315;2815;8,40
255316;2832;8,83
255317;2815;8,40
255318;2823;8,60
255319;2811;8,29
255320;2819;8,50
255321;2814;8,37
255322;2832;8,83
255323;2832;8,83
255324;2832;8,83
255325;2814;8,37
255326;2819;8,50
255327;2813;8,35
255328;2843;9,10
255329;2832;8,83
255330;2827;8,70
255331;2816;8,42
255332;2832;8,83
255333;2812;8,32
255334;2812;8,32
255335;2820;8,52
255336;2826;8,67
255337;2831;8,80
255338;2831;8,80
255339;2816;8,42
255340;2818;8,47
255341;2826;8,67
255342;2841;9,05
255343;2828;8,72
255344;2816;8,42
255345;2817;8,45
255346;2829;8,75
255347;2818;8,47
255348;2849;9,26
255349;2819;8,50
255350;2827;8,70
255351;2822;8,57
255352;2835;8,90
255353;2841;9,05
255354;2831;8,80
255355;2818;8,47
255356;2819;8,50
255357;2826;8,67
255358;2832;8,83
255359;2816;8,42
255360;2832;8,83
255361;2823;8,60
255362;2806;8,17
255363;2829;8,75
255364;2819;8,50
255365;2825;8,65
255366;2812;8,32
255367;2810;8,27
255368;2800;8,02
255369;2810;8,27
255370;2822;8,57
255371;2807;8,19
255372;2817;8,45
255373;2807;8,19
255374;2801;8,04
255375;2800;8,02
255376;2810;8,27
255377;2800;8,02
255378;2807;8,19
255379;2801;8,04
255380;2805;8,14
255381;2813;8,35
255382;2810;8,27
255383;2807;8,19
255384;2801;8,04
255385;2802;8,07
255386;2827;8,70
255387;2814;8,37
255388;2801;8,04
255389;2807;8,19
255390;2804;8,12
255391;2813;8,35
255392;2803;8,09
255393;2801;8,04
255394;2795;7,89
255395;2801;8,04
255396;2815;8,40
255397;2817;8,45
255398;2815;8,40
255399;2803;8,09
255400;2803;8,09
255401;2815;8,40
255402;2826;8,67
255403;2822;8,57
255404;2789;7,74
255405;2817;8,45
255406;2827;8,70
255407;2810;8,27
255408;2803;8,09
255409;2817;8,45
255410;2811;8,29
255411;2818;8,47
255412;2821;8,55
255413;2817;8,45
255414;2815;8,40
255415;2822;8,57
255416;2830;8,78
255417;2832;8,83
255418;2824;8,62
255419;2819;8,50
255420;2818;8,47
255421;2826;8,67
255422;2820;8,52
255423;2814;8,37
255424;2829;8,75
255425;2819;8,50
255426;2843;9,10
255427;2817;8,45
255428;2823;8,60
255429;2819;8,50
255430;2819;8,50
255431;2830;8,78
255432;2832;8,83
255433;2825;8,65
255434;2859;9,51
255435;2812;8,32
255436;2833;8,85
255437;2814;8,37
255438;2823;8,60
255439;2807;8,19
255440;2832;8,83
255441;2811;8,29
255442;2812;8,32
255443;2821;8,55
255444;2826;8,67
255445;2813;8,35
255446;2816;8,42
255447;2806;8,17
255448;2814;8,37
255449;2804;8,12
255450;2819;8,50
255451;2851;9,31
255452;2807;8,19
255453;2820;8,52
255454;2822;8,57
255455;2803;8,09
255456;2819;8,50
255457;2823;8,60
255458;2805;8,14
255459;2806;8,17
255460;2817;8,45
255461;2813;8,35
255462;2813;8,35
255463;2822;8,57
255464;2821;8,55
255465;2812;8,32
255466;2815;8,40
255467;2815;8,40
255468;2814;8,37
255469;2832;8,83
255470;2831;8,80
255471;2817;8,45
255472;2837;8,95
255473;2827;8,70
255474;2832;8,83
255475;2831;8,80
255476;2832;8,83
255477;2825;8,65
255478;2838;8,98
255479;2840;9,03
255480;2839;9,00
255481;2837;8,95
255482;2843;9,10
255483;2847;9,21
255484;2839;9,00
255485;2846;9,18
255486;2832;8,83
255487;2837;8,95
255488;2837;8,95
255489;2864;9,64
255490;2833;8,85
255491;2837;8,95
255492;2850;9,28
255493;2837;8,95
255494;2835;8,90
255495;2835;8,90
255496;2845;9,15
255497;2850;9,28
255498;2842;9,08
255499;2833;8,85
255500;2864;9,64
255501;2832;8,83
255502;2831;8,80
255503;2824;8,62
255504;2827;8,70
255505;2833;8,85
255506;2839;9,00
255507;2831;8,80
255508;2831;8,80
255509;2835;8,90
255510;2835;8,90
255511;2845;9,15
255512;2832;8,83
255513;2855;9,41
255514;2825;8,65
255515;2833;8,85
255516;2832;8,83
255517;2838;8,98
255518;2832;8,83
255519;2832;8,83
255520;2847;9,21
255521;2826;8,67
255522;2849;9,26
255523;2816;8,42
255524;2864;9,64
255525;2832;8,83
255526;2831;8,80
255527;2831;8,80
255528;2819;8,50
255529;2829;8,75
255530;2832;8,83
255531;2819;8,50
255532;2827;8,70
255533;2827;8,70
255534;2826;8,67
255535;2816;8,42
255536;2818;8,47
255537;2827;8,70
255538;2811;8,29
255539;2814;8,37
255540;2815;8,40
255541;2825;8,65
255542;2817;8,45
255543;2814;8,37
255544;2814;8,37
255545;2815;8,40
255546;2819;8,50
255547;2811;8,29
255548;2814;8,37
255549;2806;8,17
255550;2807;8,19
255551;2800;8,02
255552;2820;8,52
255553;2803;8,09
255554;2846;9,18
255555;2815;8,40
255556;2818;8,47
255557;2816;8,42
255558;2827;8,70
255559;2828;8,72
255560;2827;8,70
255561;2836;8,93
255562;2823;8,60
255563;2832;8,83
255564;2829;8,75
255565;2826;8,67
255566;2830;8,78
255567;2826;8,67
255568;2832;8,83
255569;2827;8,70
255570;2837;8,95
255571;2832;8,83
255572;2850;9,28
255573;2839;9,00
255574;2838;8,98
255575;2835;8,90
255576;2832;8,83
255577;2847;9,21
255578;2838;8,98
255579;2839;9,00
255580;2845;9,15
255581;2832;8,83
255582;2832;8,83
255583;2842;9,08
255584;2829;8,75
255585;2820;8,52
255586;2831;8,80
255587;2835;8,90
255588;2827;8,70
255589;2820;8,52
255590;2831;8,80
255591;2816;8,42
255592;2831;8,80
255593;2821;8,55
255594;2833;8,85
255595;2837;8,95
255596;2832;8,83
255597;2831;8,80
255598;2821;8,55
255599;2821;8,55
255600;2833;8,85
255601;2831;8,80
255602;2839;9,00
255603;2819;8,50
255604;2831;8,80
255605;2823;8,60
255606;2825;8,65
255607;2832;8,83
255608;2827;8,70
255609;2835;8,90
255610;2832;8,83
255611;2831;8,80
255612;2851;9,31
255613;2859;9,51
255614;2839;9,00
255615;2839;9,00
255616;2827;8,70
255617;2832;8,83
255618;2854;9,38
255619;2832;8,83
255620;2839;9,00
255621;2839;9,00
255622;2835;8,90
255623;2833;8,85
255624;2832;8,83
255625;2831;8,80
255626;2822;8,57
255627;2831;8,80
255628;2841;9,05
255629;2818;8,47
255630;2832;8,83
255631;2831;8,80
255632;2829;8,75
255633;2815;8,40
255634;2817;8,45
255635;2803;8,09
255636;2819;8,50
255637;2826;8,67
255638;2811;8,29
255639;2839;9,00
255640;2817;8,45
255641;2814;8,37
255642;2818;8,47
255643;2803;8,09
255644;2818;8,47
255645;2805;8,14
255646;2825;8,65
255647;2796;7,91
255648;2809;8,24
255649;2817;8,45
255650;2819;8,50
255651;2818;8,47
255652;2806;8,17
255653;2813;8,35
255654;2815;8,40
255655;2815;8,40
255656;2814;8,37
255657;2816;8,42
255658;2814;8,37
255659;2807;8,19
255660;2821;8,55
255661;2818;8,47
255662;2833;8,85
255663;2817;8,45
255664;2827;8,70
255665;2817;8,45
255666;2825;8,65
255667;2819;8,50
255668;2829;8,75
255669;2843;9,10
255670;2835;8,90
255671;2853;9,36
255672;2839;9,00
255673;2833;8,85
255674;2834;8,88
255675;2825;8,65
255676;2829;8,75
255677;2823;8,60
255678;2839;9,00
255679;2831;8,80
255680;2833;8,85
255681;2816;8,42
255682;2826;8,67
255683;2815;8,40
255684;2848;9,23
255685;2832;8,83
255686;2831;8,80
255687;2825;8,65
255688;2832;8,83
255689;2833;8,85
255690;2830;8,78
255691;2820;8,52
255692;2823;8,60
255693;2843;9,10
255694;2832;8,83
255695;2827;8,70
255696;2785;7,64
255697;2812;8,32
255698;2829;8,75
255699;2817;8,45
255700;2821;8,55
255701;2822;8,57
255702;2828;8,72
255703;2832;8,83
255704;2837;8,95
255705;2817;8,45
255706;2851;9,31
255707;2832;8,83
255708;2825;8,65
255709;2819;8,50
255710;2835;8,90
255711;2846;9,18
255712;2815;8,40
255713;2827;8,70
255714;2815;8,40
255715;2817;8,45
255716;2819;8,50
255717;2836;8,93
255718;2831;8,80
255719;2819;8,50
255720;2834;8,88
255721;2835;8,90
255722;2823;8,60
255723;2817;8,45
255724;2817;8,45
255725;2822;8,57
255726;2832;8,83
255727;2819;8,50
255728;2809;8,24
255729;2825;8,65
255730;2821;8,55
255731;2827;8,70
255732;2817;8,45
255733;2818;8,47
255734;2816;8,42
255735;2813;8,35
255736;2803;8,09
255737;2799;7,99
255738;2807;8,19
255739;2800;8,02
255740;2817;8,45
255741;2814;8,37
255742;2810;8,27
255743;2811;8,29
255744;2818;8,47
255745;2819;8,50
255746;2805;8,14
255747;2810;8,27
255748;2806;8,17
255749;2803;8,09
255750;2813;8,35
255751;2819;8,50
255752;2800;8,02
255753;2803;8,09
255754;2801;8,04
255755;2813;8,35
255756;2813;8,35
255757;2827;8,70
255758;2813;8,35
255759;2813;8,35
255760;2822;8,57
255761;2811;8,29
255762;2819;8,50
255763;2822;8,57
255764;2821;8,55
255765;2826;8,67
255766;2815;8,40
255767;2837;8,95
255768;2831;8,80
255769;2830;8,78
255770;2832;8,83
255771;2846;9,18
255772;2831;8,80
255773;2851;9,31
255774;2842;9,08
255775;2837;8,95
255776;2835;8,90
255777;2843;9,10
255778;2832;8,83
255779;2831;8,80
255780;2837;8,95
255781;2832;8,83
255782;2832;8,83
255783;2829;8,75
255784;2832;8,83
255785;2827;8,70
255786;2832;8,83
255787;2830;8,78
255788;2815;8,40
255789;2817;8,45
255790;2825;8,65
255791;2805;8,14
255792;2815;8,40
255793;2819;8,50
255794;2813;8,35
255795;2803;8,09
255796;2813;8,35
255797;2803;8,09
255798;2813;8,35
255799;2805;8,14
255800;2805;8,14
255801;2811;8,29
255802;2800;8,02
255803;2791;7,79
255804;2830;8,78
255805;2789;7,74
255806;2800;8,02
255807;2798;7,97
255808;2813;8,35
255809;2818;8,47
255810;2820;8,52
255811;2813;8,35
255812;2813;8,35
255813;2818;8,47
255814;2812;8,32
255815;2829;8,75
255816;2816;8,42
255817;2813;8,35
255818;2821;8,55
255819;2827;8,70
255820;2819;8,50
255821;2835;8,90
255822;2816;8,42
255823;2815;8,40
255824;2829;8,75
255825;2835;8,90
255826;2833;8,85
255827;2802;8,07
255828;2819;8,50
255829;2832;8,83
255830;2841;9,05
255831;2835;8,90
255832;2832;8,83
255833;2832;8,83
255834;2827;8,70
255835;2832;8,83
255836;2829;8,75
255837;2825;8,65
255838;2835;8,90
255839;2847;9,21
255840;2839;9,00
255841;2851;9,31
255842;2838;8,98
255843;2800;8,02
255844;2846;9,18
255845;2835;8,90
255846;2846;9,18
255847;2848;9,23
255848;2851;9,31
255849;2835;8,90
255850;2848;9,23
255851;2830;8,78
255852;2819;8,50
255853;2832;8,83
255854;2837;8,95
255855;2832;8,83
255856;2839;9,00
255857;2813;8,35
255858;2832;8,83
255859;2828;8,72
255860;2814;8,37
255861;2820;8,52
255862;2807;8,19
255863;2818;8,47
255864;2816;8,42
255865;2817;8,45
255866;2815;8,40
255867;2835;8,90
255868;2822;8,57
255869;2825;8,65
255870;2828;8,72
255871;2811;8,29
255872;2818;8,47
255873;2817;8,45
255874;2823;8,60
255875;2822;8,57
255876;2833;8,85
255877;2831;8,80
255878;2830;8,78
255879;2811;8,29
255880;2837;8,95
255881;2823;8,60
255882;2832;8,83
255883;2822;8,57
255884;2832;8,83
255885;2828;8,72
255886;2833;8,85
255887;2821;8,55
255888;2837;8,95
255889;2846;9,18
255890;2835;8,90
255891;2833;8,85
255892;2842;9,08
255893;2843;9,10
255894;2843;9,10
255895;2833;8,85
255896;2836;8,93
255897;2849;9,26
255898;2838;8,98
255899;2831;8,80
255900;2845;9,15
255901;2829;8,75
255902;2833;8,85
255903;2826;8,67
255904;2838;8,98
255905;2836;8,93
255906;2825;8,65
255907;2829;8,75
255908;2821;8,55
255909;2816;8,42
255910;2813;8,35
255911;2823;8,60
255912;2830;8,78
255913;2815;8,40
255914;2817;8,45
255915;2820;8,52
255916;2816;8,42
255917;2847;9,21
255918;2815;8,40
255919;2807;8,19
255920;2827;8,70
255921;2821;8,55
255922;2833;8,85
255923;2830;8,78
255924;2837;8,95
255925;2815;8,40
255926;2817;8,45
255927;2829;8,75
255928;2832;8,83
255929;2832;8,83
255930;2825;8,65
255931;2832;8,83
255932;2832;8,83
255933;2834;8,88
255934;2841;9,05
255935;2846;9,18
255936;2848;9,23
255937;2849;9,26
255938;2839;9,00
255939;2861;9,56
255940;2845;9,15
255941;2853;9,36
255942;2842;9,08
255943;2851;9,31
255944;2853;9,36
255945;2842;9,08
255946;2864;9,64
255947;2861;9,56
255948;2864;9,64
255949;2850;9,28
255950;2852;9,33
255951;2855;9,41
255952;2838;8,98
255953;2854;9,38
255954;2861;9,56
255955;2858;9,48
255956;2864;9,64
255957;2853;9,36
255958;2845;9,15
255959;2854;9,38
255960;2852;9,33
255961;2857;9,46
255962;2859;9,51
255963;2843;9,10
255964;2848;9,23
255965;2844;9,13
255966;2847;9,21
255967;2853;9,36
255968;2841;9,05
255969;2853;9,36
255970;2832;8,83
255971;2832;8,83
255972;2839;9,00
255973;2832;8,83
255974;2845;9,15
255975;2832;8,83
255976;2829;8,75
255977;2832;8,83
255978;2827;8,70
255979;2837;8,95
255980;2822;8,57
255981;2830;8,78
255982;2821;8,55
255983;2830;8,78
255984;2831;8,80
255985;2834;8,88
255986;2831;8,80
255987;2837;8,95
255988;2831;8,80
255989;2832;8,83
255990;2833;8,85
255991;2845;9,15
255992;2845;9,15
255993;2851;9,31
255994;2834;8,88
255995;2845;9,15
255996;2867;9,71
255997;2871;9,81
255998;2851;9,31
255999;2858;9,48
256000;2864;9,64
256001;2864;9,64
256002;2861;9,56
256003;2859;9,51
256004;2862;9,59
256005;2855;9,41
256006;2849;9,26
256007;2850;9,28
256008;2854;9,38
256009;2858;9,48
256010;2879;10,02
256011;2866;9,69
256012;2875;9,91
256013;2883;10,12
256014;2849;9,26
256015;2879;10,02
256016;2907;10,72
256017;2889;10,27
256018;2891;10,32
256019;2871;9,81
256020;2906;10,70
256021;2890;10,29
256022;2896;10,45
256023;2881;10,07
256024;2873;9,86
256025;2877;9,96
256026;2876;9,94
256027;2866;9,69
256028;2858;9,48
256029;2852;9,33
256030;2866;9,69
256031;2859;9,51
256032;2866;9,69
256033;2849;9,26
256034;2848;9,23
256035;2864;9,64
256036;2853;9,36
256037;2839;9,00
256038;2847;9,21
256039;2854;9,38
256040;2832;8,83
256041;2842;9,08
256042;2852;9,33
256043;2833;8,85
256044;2844;9,13
256045;2835;8,90
256046;2832;8,83
256047;2832;8,83
256048;2835;8,90
256049;2837;8,95
256050;2848;9,23
256051;2832;8,83
256052;2832;8,83
256053;2826;8,67
256054;2853;9,36
256055;2832;8,83
256056;2846;9,18
256057;2833;8,85
256058;2852;9,33
256059;2847;9,21
256060;2845;9,15
256061;2861;9,56
256062;2848;9,23
256063;2841;9,05
256064;2841;9,05
256065;2855;9,41
256066;2834;8,88
256067;2842;9,08
256068;2855;9,41
256069;2846;9,18
256070;2857;9,46
256071;2853;9,36
256072;2871;9,81
256073;2846;9,18
256074;2871;9,81
256075;2858;9,48
256076;2857;9,46
256077;2864;9,64
256078;2861;9,56
256079;2853;9,36
256080;2850;9,28
256081;2851;9,31
256082;2873;9,86
256083;2854;9,38
256084;2854;9,38
256085;2845;9,15
256086;2861;9,56
256087;2855;9,41
256088;2880;10,04
256089;2864;9,64
256090;2863;9,61
256091;2850;9,28
256092;2820;8,52
256093;2846;9,18
256094;2865;9,66
256095;2838;8,98
256096;2863;9,61
256097;2853;9,36
256098;2847;9,21
256099;2839;9,00
256100;2855;9,41
256101;2844;9,13
256102;2851;9,31
256103;2833;8,85
256104;2844;9,13
256105;2845;9,15
256106;2817;8,45
256107;2833;8,85
256108;2842;9,08
256109;2854;9,38
256110;2842;9,08
256111;2837;8,95
256112;2853;9,36
256113;2850;9,28
256114;2863;9,61
256115;2815;8,40
256116;2850;9,28
256117;2849;9,26
256118;2848;9,23
256119;2850;9,28
256120;2842;9,08
256121;2838;8,98
256122;2852;9,33
256123;2837;8,95
256124;2853;9,36
256125;2841;9,05
256126;2871;9,81
256127;2846;9,18
256128;2858;9,48
256129;2851;9,31
256130;2848;9,23
256131;2875;9,91
256132;2851;9,31
256133;2830;8,78
256134;2847;9,21
256135;2842;9,08
256136;2846;9,18
256137;2846;9,18
256138;2855;9,41
256139;2850;9,28
256140;2854;9,38
256141;2835;8,90
256142;2854;9,38
256143;2837;8,95
256144;2843;9,10
256145;2859;9,51
256146;2853;9,36
256147;2850;9,28
256148;2853;9,36
256149;2860;9,53
256150;2855;9,41
256151;2852;9,33
256152;2861;9,56
256153;2853;9,36
256154;2860;9,53
256155;2845;9,15
256156;2862;9,59
256157;2857;9,46
256158;2846;9,18
256159;2836;8,93
256160;2834;8,88
256161;2838;8,98
256162;2864;9,64
256163;2843;9,10
256164;2863;9,61
256165;2839;9,00
256166;2853;9,36
256167;2845;9,15
256168;2847;9,21
256169;2853;9,36
256170;2848;9,23
256171;2849;9,26
256172;2842;9,08
256173;2848;9,23
256174;2857;9,46
256175;2855;9,41
256176;2838;8,98
256177;2855;9,41
256178;2851;9,31
256179;2847;9,21
256180;2861;9,56
256181;2838;8,98
256182;2838;8,98
256183;2837;8,95
256184;2846;9,18
256185;2852;9,33
256186;2864;9,64
256187;2842;9,08
256188;2857;9,46
256189;2854;9,38
256190;2851;9,31
256191;2857;9,46
256192;2864;9,64
256193;2849;9,26
256194;2850;9,28
256195;2855;9,41
256196;2869;9,76
256197;2863;9,61
256198;2881;10,07
256199;2854;9,38
256200;2846;9,18
256201;2835;8,90
256202;2871;9,81
256203;2879;10,02
256204;2861;9,56
256205;2862;9,59
256206;2858;9,48
256207;2865;9,66
256208;2849;9,26
256209;2826;8,67
256210;2849;9,26
256211;2853;9,36
256212;2871;9,81
256213;2861;9,56
256214;2854;9,38
256215;2860;9,53
256216;2854;9,38
256217;2847;9,21
256218;2871;9,81
256219;2853;9,36
256220;2871;9,81
256221;2869;9,76
256222;2855;9,41
256223;2851;9,31
256224;2867;9,71
256225;2862;9,59
256226;2868;9,74
256227;2871;9,81
256228;2861;9,56
256229;2859;9,51
256230;2873;9,86
256231;2863;9,61
256232;2869;9,76
256233;2848;9,23
256234;2859;9,51
256235;2860;9,53
256236;2861;9,56
256237;2873;9,86
256238;2864;9,64
256239;2849;9,26
256240;2880;10,04
256241;2843;9,10
256242;2865;9,66
256243;2849;9,26
256244;2864;9,64
256245;2869;9,76
256246;2871;9,81
256247;2865;9,66
256248;2862;9,59
256249;2864;9,64
256250;2870;9,79
256251;2863;9,61
256252;2874;9,89
256253;2865;9,66
256254;2880;10,04
256255;2855;9,41
256256;2854;9,38
256257;2845;9,15
256258;2863;9,61
256259;2879;10,02
256260;2863;9,61
256261;2854;9,38
256262;2880;10,04
256263;2867;9,71
256264;2865;9,66
256265;2858;9,48
256266;2853;9,36
256267;2832;8,83
256268;2848;9,23
256269;2859;9,51
256270;2854;9,38
256271;2867;9,71
256272;2874;9,89
256273;2851;9,31
256274;2850;9,28
256275;2847;9,21
256276;2850;9,28
256277;2864;9,64
256278;2839;9,00
256279;2863;9,61
256280;2847;9,21
256281;2862;9,59
256282;2862;9,59
256283;2849;9,26
256284;2848;9,23
256285;2848;9,23
256286;2839;9,00
256287;2870;9,79
256288;2852;9,33
256289;2848;9,23
256290;2854;9,38
256291;2861;9,56
256292;2843;9,10
256293;2846;9,18
256294;2846;9,18
256295;2851;9,31
256296;2858;9,48
256297;2842;9,08
256298;2862;9,59
256299;2848;9,23
256300;2849;9,26
256301;2849;9,26
256302;2848;9,23
256303;2842;9,08
256304;2815;8,40
256305;2837;8,95
256306;2862;9,59
256307;2842;9,08
256308;2848;9,23
256309;2838;8,98
256310;2848;9,23
256311;2837;8,95
256312;2850;9,28
256313;2855;9,41
256314;2854;9,38
256315;2845;9,15
256316;2845;9,15
256317;2848;9,23
256318;2848;9,23
256319;2848;9,23
256320;2839;9,00
256321;2846;9,18
256322;2867;9,71
256323;2835;8,90
256324;2839;9,00
256325;2847;9,21
256326;2854;9,38
256327;2851;9,31
256328;2864;9,64
256329;2858;9,48
256330;2851;9,31
256331;2854;9,38
256332;2843;9,10
256333;2846;9,18
256334;2843;9,10
256335;2850;9,28
256336;2842;9,08
256337;2845;9,15
256338;2863;9,61
256339;2843;9,10
256340;2842;9,08
256341;2844;9,13
256342;2852;9,33
256343;2834;8,88
256344;2848;9,23
256345;2862;9,59
256346;2866;9,69
256347;2845;9,15
256348;2855;9,41
256349;2845;9,15
256350;2858;9,48
256351;2837;8,95
256352;2862;9,59
256353;2850;9,28
256354;2875;9,91
256355;2865;9,66
256356;2841;9,05
256357;2857;9,46
256358;2869;9,76
256359;2853;9,36
256360;2852;9,33
256361;2853;9,36
256362;2841;9,05
256363;2852;9,33
256364;2851;9,31
256365;2851;9,31
256366;2864;9,64
256367;2847;9,21
256368;2849;9,26
256369;2851;9,31
256370;2853;9,36
256371;2839;9,00
256372;2864;9,64
256373;2853;9,36
256374;2831;8,80
256375;2838;8,98
256376;2865;9,66
256377;2853;9,36
256378;2863;9,61
256379;2853;9,36
256380;2849;9,26
256381;2829;8,75
256382;2850;9,28
256383;2864;9,64
256384;2865;9,66
256385;2832;8,83
256386;2862;9,59
256387;2839;9,00
256388;2861;9,56
256389;2864;9,64
256390;2867;9,71
256391;2862;9,59
256392;2863;9,61
256393;2853;9,36
256394;2850;9,28
256395;2855;9,41
256396;2848;9,23
256397;2865;9,66
256398;2862;9,59
256399;2855;9,41
256400;2861;9,56
256401;2849;9,26
256402;2857;9,46
256403;2869;9,76
256404;2834;8,88
256405;2779;7,48
256406;2853;9,36
256407;2851;9,31
256408;2864;9,64
256409;2846;9,18
256410;2848;9,23
256411;2848;9,23
256412;2851;9,31
256413;2850;9,28
256414;2853;9,36
256415;2847;9,21
256416;2813;8,35
256417;2842;9,08
256418;2848;9,23
256419;2842;9,08
256420;2864;9,64
256421;2843;9,10
256422;2865;9,66
256423;2839;9,00
256424;2854;9,38
256425;2843;9,10
256426;2862;9,59
256427;2816;8,42
256428;2867;9,71
256429;2855;9,41
256430;2852;9,33
256431;2834;8,88
256432;2864;9,64
256433;2839;9,00
256434;2864;9,64
256435;2838;8,98
256436;2841;9,05
256437;2832;8,83
256438;2858;9,48
256439;2829;8,75
256440;2847;9,21
256441;2841;9,05
256442;2858;9,48
256443;2834;8,88
256444;2847;9,21
256445;2832;8,83
256446;2867;9,71
256447;2835;8,90
256448;2851;9,31
256449;2842;9,08
256450;2849;9,26
256451;2831;8,80
256452;2847;9,21
256453;2832;8,83
256454;2800;8,02
256455;2832;8,83
256456;2848;9,23
256457;2835;8,90
256458;2839;9,00
256459;2823;8,60
256460;2827;8,70
256461;2837;8,95
256462;2834;8,88
256463;2830;8,78
256464;2827;8,70
256465;2850;9,28
256466;2839;9,00
256467;2835;8,90
256468;2866;9,69
256469;2832;8,83
256470;2842;9,08
256471;2821;8,55
256472;2832;8,83
256473;2834;8,88
256474;2835;8,90
256475;2828;8,72
256476;2843;9,10
256477;2832;8,83
256478;2834;8,88
256479;2831;8,80
256480;2857;9,46
256481;2827;8,70
256482;2854;9,38
256483;2841;9,05
256484;2839;9,00
256485;2831;8,80
256486;2843;9,10
256487;2832;8,83
256488;2864;9,64
256489;2830;8,78
256490;2859;9,51
256491;2848;9,23
256492;2864;9,64
256493;2832;8,83
256494;2851;9,31
256495;2814;8,37
256496;2817;8,45
256497;2843;9,10
256498;2851;9,31
256499;2832;8,83
256500;2864;9,64
256501;2844;9,13
256502;2838;8,98
256503;2821;8,55
256504;2821;8,55
256505;2821;8,55
256506;2795;7,89
256507;2847;9,21
256508;2823;8,60
256509;2838;8,98
256510;2822;8,57
256511;2831;8,80
256512;2844;9,13
256513;2815;8,40
256514;2850;9,28
256515;2831;8,80
256516;2853;9,36
256517;2863;9,61
256518;2830;8,78
256519;2826;8,67
256520;2838;8,98
256521;2827;8,70
256522;2851;9,31
256523;2833;8,85
256524;2838;8,98
256525;2818;8,47
256526;2838;8,98
256527;2818;8,47
256528;2825;8,65
256529;2827;8,70
256530;2842;9,08
256531;2827;8,70
256532;2818;8,47
256533;2832;8,83
256534;2844;9,13
256535;2816;8,42
256536;2845;9,15
256537;2817;8,45
256538;2823;8,60
256539;2864;9,64
256540;2827;8,70
256541;2839;9,00
256542;2816;8,42
256543;2834;8,88
256544;2843;9,10
256545;2825;8,65
256546;2821;8,55
256547;2839;9,00
256548;2832;8,83
256549;2826;8,67
256550;2825;8,65
256551;2825;8,65
256552;2853;9,36
256553;2823;8,60
256554;2832;8,83
256555;2832;8,83
256556;2820;8,52
256557;2839;9,00
256558;2833;8,85
256559;2833;8,85
256560;2818;8,47
256561;2832;8,83
256562;2833;8,85
256563;2823;8,60
256564;2835;8,90
256565;2843;9,10
256566;2819;8,50
256567;2843;9,10
256568;2828;8,72
256569;2833;8,85
256570;2822;8,57
256571;2841;9,05
256572;2829;8,75
256573;2833;8,85
256574;2844;9,13
256575;2823;8,60
256576;2829;8,75
256577;2805;8,14
256578;2845;9,15
256579;2825;8,65
256580;2822;8,57
256581;2838;8,98
256582;2849;9,26
256583;2786;7,66
256584;2831;8,80
256585;2831;8,80
256586;2816;8,42
256587;2823;8,60
256588;2859;9,51
256589;2830;8,78
256590;2818;8,47
256591;2822;8,57
256592;2832;8,83
256593;2835;8,90
256594;2839;9,00
256595;2829;8,75
256596;2783;7,59
256597;2787;7,69
256598;2846;9,18
256599;2822;8,57
256600;2828;8,72
256601;2784;7,61
256602;2847;9,21
256603;2791;7,79
256604;2811;8,29
256605;2785;7,64
256606;2818;8,47
256607;2790;7,76
256608;2834;8,88
256609;2789;7,74
256610;2863;9,61
256611;2786;7,66
256612;2827;8,70
256613;2789;7,74
256614;2866;9,69
256615;2790;7,76
256616;2839;9,00
256617;2787;7,69
256618;2832;8,83
256619;2791;7,79
256620;2832;8,83
256621;2777;7,43
256622;2826;8,67
256623;2779;7,48
256624;2835;8,90
256625;2789;7,74
256626;2834;8,88
256627;2785;7,64
256628;2836;8,93
256629;2789;7,74
256630;2835;8,90
256631;2786;7,66
256632;2831;8,80
256633;2785;7,64
256634;2841;9,05
256635;2789;7,74
256636;2864;9,64
256637;2791;7,79
256638;2823;8,60
256639;2791;7,79
256640;2849;9,26
256641;2786;7,66
256642;2849;9,26
256643;2795;7,89
256644;2842;9,08
256645;2792;7,81
256646;2832;8,83
256647;2795;7,89
256648;2836;8,93
256649;2794;7,86
256650;2833;8,85
256651;2793;7,84
256652;2833;8,85
256653;2797;7,94
256654;2839;9,00
256655;2790;7,76
256656;2830;8,78
256657;2794;7,86
256658;2867;9,71
256659;2789;7,74
256660;2845;9,15
256661;2791;7,79
256662;2863;9,61
256663;2799;7,99
256664;2835;8,90
256665;2805;8,14
256666;2861;9,56
256667;2800;8,02
256668;2864;9,64
256669;2805;8,14
256670;2799;7,99
256671;2806;8,17
256672;2848;9,23
256673;2800;8,02
256674;2849;9,26
256675;2803;8,09
256676;2875;9,91
256677;2803;8,09
256678;2809;8,24
256679;2814;8,37
256680;2846;9,18
256681;2803;8,09
256682;2865;9,66
256683;2803;8,09
256684;2849;9,26
256685;2811;8,29
256686;2869;9,76
256687;2801;8,04
256688;2864;9,64
256689;2810;8,27
256690;2813;8,35
256691;2813;8,35
256692;2839;9,00
256693;2815;8,40
256694;2847;9,21
256695;2813;8,35
256696;2879;10,02
256697;2817;8,45
256698;2896;10,45
256699;2820;8,52
256700;2883;10,12
256701;2816;8,42
256702;2843;9,10
256703;2814;8,37
256704;2865;9,66
256705;2821;8,55
256706;2881;10,07
256707;2817;8,45
256708;2881;10,07
256709;2827;8,70
256710;2878;9,99
256711;2822;8,57
256712;2877;9,96
256713;2829;8,75
256714;2870;9,79
256715;2822;8,57
256716;2878;9,99
256717;2826;8,67
256718;2867;9,71
256719;2827;8,70
256720;2870;9,79
256721;2832;8,83
256722;2823;8,60
256723;2831;8,80
256724;2886;10,19
256725;2827;8,70
256726;2880;10,04
256727;2832;8,83
256728;2868;9,74
256729;2828;8,72
256730;2901;10,57
256731;2835;8,90
256732;2890;10,29
256733;2830;8,78
256734;2902;10,60
256735;2842;9,08
256736;2880;10,04
256737;2832;8,83
256738;2905;10,67
256739;2836;8,93
256740;2838;8,98
256741;2843;9,10
256742;2887;10,22
256743;2842;9,08
256744;2903;10,62
256745;2854;9,38
256746;2896;10,45
256747;2848;9,23
256748;2930;11,31
256749;2855;9,41
256750;2889;10,27
256751;2847;9,21
256752;2894;10,39
256753;2858;9,48
256754;2899;10,52
256755;2849;9,26
256756;2913;10,88
256757;2854;9,38
256758;2881;10,07
256759;2867;9,71
256760;2906;10,70
256761;2857;9,46
256762;2909;10,77
256763;2860;9,53
256764;2912;10,85
256765;2864;9,64
256766;2928;11,26
256767;2864;9,64
256768;2898;10,50
256769;2868;9,74
256770;2935;11,43
256771;2867;9,71
256772;2917;10,98
256773;2871;9,81
256774;2927;11,23
256775;2877;9,96
256776;2902;10,60
256777;2871;9,81
256778;2926;11,20
256779;2899;10,52
256780;2921;11,08
256781;2874;9,89
256782;2910;10,80
256783;2881;10,07
256784;2924;11,15
256785;2902;10,60
256786;2923;11,13
256787;2878;9,99
256788;2946;11,71
256789;2880;10,04
256790;2929;11,28
256791;2883;10,12
256792;2931;11,33
256793;2888;10,24
256794;2884;10,14
256795;2880;10,04
256796;2947;11,74
256797;2894;10,39
256798;2931;11,33
256799;2902;10,60
256800;2928;11,26
256801;2907;10,72
256802;2937;11,48
256803;2901;10,57
256804;2957;11,99
256805;2901;10,57
256806;2928;11,26
256807;2910;10,80
256808;2960;12,06
256809;2912;10,85
256810;2954;11,91
256811;2913;10,88
256812;2961;12,09
256813;2921;11,08
256814;2973;12,39
256815;2923;11,13
256816;2962;12,12
256817;2924;11,15
256818;2982;12,62
256819;2928;11,26
256820;2971;12,34
256821;2943;11,63
256822;2973;12,39
256823;2939;11,53
256824;2979;12,55
256825;2957;11,99
256826;2999;13,05
256827;2961;12,09
256828;2960;12,06
256829;2965;12,19
256830;2998;13,03
256831;2971;12,34
256832;3005;13,20
256833;2973;12,39
256834;3012;13,38
256835;2989;12,80
256836;3005;13,20
256837;2986;12,72
256838;3039;14,06
256839;2982;12,62
256840;3010;13,33
256841;2992;12,87
256842;3019;13,56
256843;2999;13,05
256844;3030;13,84
256845;3008;13,28
256846;3030;13,84
256847;3009;13,30
256848;3026;13,73
256849;3007;13,25
256850;3024;13,68
256851;3009;13,30
256852;3024;13,68
256853;3008;13,28
256854;3035;13,96
256855;3001;13,10
256856;3038;14,04
256857;3008;13,28
256858;3041;14,11
256859;3017;13,51
256860;2997;13,00
256861;3008;13,28
256862;3035;13,96
256863;3014;13,43
256864;3042;14,14
256865;3010;13,33
256866;3040;14,09
256867;3013;13,41
256868;3047;14,27
256869;3013;13,41
256870;3043;14,16
256871;3024;13,68
256872;3056;14,49
256873;3036;13,99
256874;3042;14,14
256875;3033;13,91
256876;3060;14,60
256877;3029;13,81
256878;3059;14,57
256879;3039;14,06
256880;3056;14,49
256881;3037;14,01
256882;3058;14,54
256883;3047;14,27
256884;3085;15,23
256885;3044;14,19
256886;3056;14,49
256887;3051;14,37
256888;3071;14,87
256889;3044;14,19
256890;3092;15,40
256891;3055;14,47
256892;3071;14,87
256893;3055;14,47
256894;3070;14,85
256895;3058;14,54
256896;3086;15,25
256897;3054;14,44
256898;3071;14,87
256899;3056;14,49
256900;3083;15,18
256901;3061;14,62
256902;3083;15,18
256903;3059;14,57
256904;3090;15,35
256905;3061;14,62
256906;3088;15,30
256907;3063;14,67
256908;3088;15,30
256909;3069;14,82
256910;3100;15,61
256911;3088;15,30
256912;3103;15,68
256913;3098;15,56
256914;3095;15,48
256915;3088;15,30
256916;3101;15,63
256917;3070;14,85
256918;3093;15,43
256919;3071;14,87
256920;3105;15,73
256921;3093;15,43
256922;3107;15,78
256923;3088;15,30
256924;3101;15,63
256925;3095;15,48
256926;3109;15,84
256927;3090;15,35
256928;3104;15,71
256929;3095;15,48
256930;3106;15,76
256931;3082;15,15
256932;3106;15,76
256933;3088;15,30
256934;3106;15,76
256935;3088;15,30
256936;3104;15,71
256937;3088;15,30
256938;3110;15,86
256939;3097;15,53
256940;3108;15,81
256941;3089;15,33
256942;3111;15,89
256943;3090;15,35
256944;3105;15,73
256945;3088;15,30
256946;3108;15,81
256947;3088;15,30
256948;3106;15,76
256949;3082;15,15
256950;3107;15,78
256951;3090;15,35
256952;3114;15,96
256953;3088;15,30
256954;3098;15,56
256955;3087;15,28
256956;3097;15,53
256957;3088;15,30
256958;3102;15,66
256959;3089;15,33
256960;3093;15,43
256961;3054;14,44
256962;3102;15,66
256963;3086;15,25
256964;3090;15,35
256965;3071;14,87
256966;3093;15,43
256967;3083;15,18
256968;3089;15,33
256969;3083;15,18
256970;3091;15,38
256971;3067;14,77
256972;3087;15,28
256973;3071;14,87
256974;3058;14,54
256975;3083;15,18
256976;3089;15,33
256977;3083;15,18
256978;3088;15,30
256979;3088;15,30
256980;3103;15,68
256981;3071;14,87
256982;3094;15,46
256983;3087;15,28
256984;3087;15,28
256985;3085;15,23
256986;3095;15,48
256987;3071;14,87
256988;3095;15,48
256989;3088;15,30
256990;3102;15,66
256991;3083;15,18
256992;3106;15,76
256993;3100;15,61
256994;3104;15,71
256995;3086;15,25
256996;3090;15,35
256997;3089;15,33
256998;3106;15,76
256999;3088;15,30
257000;3100;15,61
257001;3081;15,13
257002;3102;15,66
257003;3085;15,23
257004;3089;15,33
257005;3088;15,30
257006;3097;15,53
257007;3071;14,87
257008;3099;15,58
257009;3069;14,82
257010;3065;14,72
257011;3069;14,82
257012;3070;14,85
257013;3063;14,67
257014;3071;14,87
257015;3056;14,49
257016;3071;14,87
257017;3055;14,47
257018;3084;15,20
257019;3044;14,19
257020;3062;14,65
257021;3050;14,34
257022;3059;14,57
257023;3040;14,09
257024;3066;14,75
257025;3035;13,96
257026;3056;14,49
257027;3055;14,47
257028;3063;14,67
257029;3051;14,37
257030;3063;14,67
257031;3053;14,42
257032;3085;15,23
257033;3058;14,54
257034;3100;15,61
257035;3061;14,62
257036;3067;14,77
257037;3059;14,57
257038;3070;14,85
257039;3055;14,47
257040;3071;14,87
257041;3046;14,24
257042;3063;14,67
257043;3039;14,06
257044;3056;14,49
257045;3026;13,73
257046;3054;14,44
257047;3024;13,68
257048;3023;13,66
257049;3018;13,53
257050;3048;14,29
257051;3018;13,53
257052;3037;14,01
257053;3009;13,30
257054;3051;14,37
257055;3026;13,73
257056;3051;14,37
257057;3020;13,58
257058;3049;14,32
257059;3025;13,71
257060;3043;14,16
257061;3025;13,71
257062;3051;14,37
257063;3024;13,68
257064;3054;14,44
257065;3019;13,56
257066;3043;14,16
257067;3020;13,58
257068;3044;14,19
257069;3026;13,73
257070;3047;14,27
257071;3024;13,68
257072;3047;14,27
257073;3019;13,56
257074;3044;14,19
257075;3024;13,68
257076;3026;13,73
257077;3015;13,46
257078;3024;13,68
257079;2993;12,90
257080;3015;13,46
257081;2993;12,90
257082;3039;14,06
257083;3023;13,66
257084;3040;14,09
257085;3019;13,56
257086;3033;13,91
257087;3024;13,68
257088;3044;14,19
257089;3031;13,86
257090;3061;14,62
257091;3046;14,24
257092;3069;14,82
257093;3053;14,42
257094;3067;14,77
257095;3057;14,52
257096;3071;14,87
257097;3055;14,47
257098;3082;15,15
257099;3056;14,49
257100;3065;14,72
257101;3052;14,39
257102;3056;14,49
257103;3035;13,96
257104;3054;14,44
257105;3015;13,46
257106;3042;14,14
257107;3007;13,25
257108;3018;13,53
257109;3024;13,68
257110;3043;14,16
257111;3018;13,53
257112;3025;13,71
257113;2973;12,39
257114;3019;13,56
257115;3021;13,61
257116;3020;13,58
257117;3008;13,28
257118;3025;13,71
257119;3043;14,16
257120;3043;14,16
257121;3007;13,25
257122;3059;14,57
257123;3004;13,18
257124;3011;13,36
257125;3002;13,13
257126;3013;13,41
257127;2978;12,52
257128;3036;13,99
257129;3007;13,25
257130;3008;13,28
257131;2978;12,52
257132;3011;13,36
257133;2977;12,49
257134;2992;12,87
257135;2965;12,19
257136;2997;13,00
257137;2963;12,14
257138;3012;13,38
257139;2993;12,90
257140;3007;13,25
257141;2987;12,75
257142;3041;14,11
257143;3008;13,28
257144;3026;13,73
257145;3011;13,36
257146;3051;14,37
257147;3021;13,61
257148;3024;13,68
257149;3024;13,68
257150;3055;14,47
257151;3019;13,56
257152;3021;13,61
257153;3025;13,71
257154;3050;14,34
257155;2995;12,95
257156;3013;13,41
257157;3014;13,43
257158;3011;13,36
257159;2992;12,87
257160;3034;13,94
257161;3023;13,66
257162;3022;13,63
257163;2958;12,01
257164;2992;12,87
257165;2996;12,98
257166;3003;13,15
257167;2959;12,04
257168;2992;12,87
257169;2978;12,52
257170;3004;13,18
257171;2958;12,01
257172;2992;12,87
257173;2945;11,69
257174;3011;13,36
257175;2954;11,91
257176;2967;12,24
257177;2932;11,36
257178;2983;12,65
257179;2951;11,84
257180;2966;12,22
257181;2957;11,99
257182;3008;13,28
257183;2960;12,06
257184;2929;11,28
257185;2937;11,48
257186;2992;12,87
257187;2971;12,34
257188;2998;13,03
257189;2975;12,44
257190;3009;13,30
257191;2977;12,49
257192;2999;13,05
257193;2960;12,06
257194;2980;12,57
257195;2973;12,39
257196;3003;13,15
257197;2983;12,65
257198;3007;13,25
257199;2971;12,34
257200;2994;12,93
257201;2960;12,06
257202;2991;12,85
257203;2960;12,06
257204;2995;12,95
257205;2955;11,94
257206;3003;13,15
257207;2967;12,24
257208;3004;13,18
257209;2963;12,14
257210;2978;12,52
257211;2960;12,06
257212;3003;13,15
257213;2960;12,06
257214;2992;12,87
257215;2954;11,91
257216;2982;12,62
257217;2970;12,32
257218;2986;12,72
257219;2949;11,79
257220;2960;12,06
257221;2928;11,26
257222;2962;12,12
257223;2927;11,23
257224;2972;12,37
257225;2934;11,41
257226;2971;12,34
257227;2930;11,31
257228;2990;12,82
257229;2937;11,48
257230;2927;11,23
257231;2923;11,13
257232;2977;12,49
257233;2948;11,76
257234;2979;12,55
257235;2945;11,69
257236;2978;12,52
257237;2943;11,63
257238;2999;13,05
257239;2946;11,71
257240;2959;12,04
257241;2934;11,41
257242;2960;12,06
257243;2913;10,88
257244;2959;12,04
257245;2938;11,51
257246;2959;12,04
257247;2930;11,31
257248;2969;12,29
257249;2928;11,26
257250;2960;12,06
257251;2929;11,28
257252;2970;12,32
257253;2939;11,53
257254;2991;12,85
257255;2958;12,01
257256;2971;12,34
257257;2943;11,63
257258;2960;12,06
257259;2935;11,43
257260;2981;12,60
257261;2950;11,81
257262;2992;12,87
257263;2957;11,99
257264;2976;12,47
257265;2931;11,33
257266;2971;12,34
257267;2934;11,41
257268;2971;12,34
257269;2931;11,33
257270;2975;12,44
257271;2915;10,93
257272;2960;12,06
257273;2915;10,93
257274;2965;12,19
257275;2913;10,88
257276;2960;12,06
257277;2910;10,80
257278;2947;11,74
257279;2897;10,47
257280;2944;11,66
257281;2903;10,62
257282;2895;10,42
257283;2903;10,62
257284;2939;11,53
257285;2902;10,60
257286;2962;12,12
257287;2919;11,03
257288;2972;12,37
257289;2912;10,85
257290;2958;12,01
257291;2938;11,51
257292;2985;12,70
257293;2947;11,74
257294;2992;12,87
257295;2960;12,06
257296;2965;12,19
257297;2945;11,69
257298;2974;12,42
257299;2949;11,79
257300;2999;13,05
257301;2954;11,91
257302;2980;12,57
257303;2963;12,14
257304;2989;12,80
257305;2961;12,09
257306;2999;13,05
257307;2949;11,79
257308;2994;12,93
257309;2953;11,89
257310;2987;12,75
257311;2941;11,58
257312;2976;12,47
257313;2939;11,53
257314;2962;12,12
257315;2930;11,31
257316;2981;12,60
257317;2911;10,82
257318;2955;11,94
257319;2911;10,82
257320;2950;11,81
257321;2896;10,45
257322;2944;11,66
257323;2912;10,85
257324;2957;11,99
257325;2910;10,80
257326;2958;12,01
257327;2903;10,62
257328;2959;12,04
257329;2906;10,70
257330;2954;11,91
257331;2897;10,47
257332;2947;11,74
257333;2913;10,88
257334;2955;11,94
257335;2921;11,08
257336;2963;12,14
257337;2913;10,88
257338;2960;12,06
257339;2926;11,20
257340;2965;12,19
257341;2909;10,77
257342;2968;12,27
257343;2928;11,26
257344;2953;11,89
257345;2909;10,77
257346;2967;12,24
257347;2928;11,26
257348;2961;12,09
257349;2929;11,28
257350;2975;12,44
257351;2943;11,63
257352;2976;12,47
257353;2935;11,43
257354;2976;12,47
257355;2949;11,79
257356;2987;12,75
257357;2947;11,74
257358;2990;12,82
257359;2941;11,58
257360;2989;12,80
257361;2924;11,15
257362;2976;12,47
257363;2948;11,76
257364;2970;12,32
257365;2929;11,28
257366;2992;12,87
257367;2931;11,33
257368;2927;11,23
257369;2921;11,08
257370;2963;12,14
257371;2913;10,88
257372;2958;12,01
257373;2896;10,45
257374;2947;11,74
257375;2903;10,62
257376;2949;11,79
257377;2895;10,42
257378;2928;11,26
257379;2877;9,96
257380;2917;10,98
257381;2875;9,91
257382;2911;10,82
257383;2875;9,91
257384;2928;11,26
257385;2870;9,79
257386;2896;10,45
257387;2875;9,91
257388;2917;10,98
257389;2868;9,74
257390;2918;11,00
257391;2879;10,02
257392;2928;11,26
257393;2887;10,22
257394;2947;11,74
257395;2891;10,32
257396;2928;11,26
257397;2894;10,39
257398;2950;11,81
257399;2909;10,77
257400;2961;12,09
257401;2930;11,31
257402;2947;11,74
257403;2929;11,28
257404;2971;12,34
257405;2957;11,99
257406;2971;12,34
257407;2943;11,63
257408;2948;11,76
257409;2944;11,66
257410;2949;11,79
257411;2944;11,66
257412;2987;12,75
257413;2943;11,63
257414;2973;12,39
257415;2942;11,61
257416;2969;12,29
257417;2934;11,41
257418;2978;12,52
257419;2922;11,10
257420;2975;12,44
257421;2928;11,26
257422;2944;11,66
257423;2935;11,43
257424;2967;12,24
257425;2928;11,26
257426;2944;11,66
257427;2896;10,45
257428;2937;11,48
257429;2897;10,47
257430;2932;11,36
257431;2887;10,22
257432;2935;11,43
257433;2893;10,37
257434;2931;11,33
257435;2889;10,27
257436;2928;11,26
257437;2893;10,37
257438;2925;11,18
257439;2877;9,96
257440;2931;11,33
257441;2879;10,02
257442;2931;11,33
257443;2881;10,07
257444;2917;10,98
257445;2893;10,37
257446;2926;11,20
257447;2880;10,04
257448;2927;11,23
257449;2879;10,02
257450;2921;11,08
257451;2869;9,76
257452;2922;11,10
257453;2880;10,04
257454;2916;10,95
257455;2874;9,89
257456;2935;11,43
257457;2870;9,79
257458;2916;10,95
257459;2873;9,86
257460;2925;11,18
257461;2875;9,91
257462;2896;10,45
257463;2882;10,09
257464;2927;11,23
257465;2896;10,45
257466;2934;11,41
257467;2910;10,80
257468;2938;11,51
257469;2897;10,47
257470;2948;11,76
257471;2908;10,75
257472;2951;11,84
257473;2921;11,08
257474;2921;11,08
257475;2913;10,88
257476;2950;11,81
257477;2919;11,03
257478;2946;11,71
257479;2906;10,70
257480;2959;12,04
257481;2914;10,90
257482;2949;11,79
257483;2903;10,62
257484;2927;11,23
257485;2896;10,45
257486;2931;11,33
257487;2887;10,22
257488;2892;10,34
257489;2890;10,29
257490;2924;11,15
257491;2876;9,94
257492;2910;10,80
257493;2880;10,04
257494;2880;10,04
257495;2878;9,99
257496;2912;10,85
257497;2866;9,69
257498;2895;10,42
257499;2874;9,89
257500;2893;10,37
257501;2880;10,04
257502;2915;10,93
257503;2877;9,96
257504;2893;10,37
257505;2879;10,02
257506;2912;10,85
257507;2879;10,02
257508;2869;9,76
257509;2867;9,71
257510;2918;11,00
257511;2869;9,76
257512;2909;10,77
257513;2868;9,74
257514;2896;10,45
257515;2870;9,79
257516;2863;9,61
257517;2869;9,76
257518;2910;10,80
257519;2869;9,76
257520;2871;9,81
257521;2865;9,66
257522;2916;10,95
257523;2864;9,64
257524;2921;11,08
257525;2864;9,64
257526;2907;10,72
257527;2870;9,79
257528;2877;9,96
257529;2878;9,99
257530;2910;10,80
257531;2879;10,02
257532;2922;11,10
257533;2885;10,17
257534;2903;10,62
257535;2889;10,27
257536;2923;11,13
257537;2891;10,32
257538;2937;11,48
257539;2886;10,19
257540;2892;10,34
257541;2896;10,45
257542;2937;11,48
257543;2890;10,29
257544;2943;11,63
257545;2896;10,45
257546;2928;11,26
257547;2883;10,12
257548;2945;11,69
257549;2895;10,42
257550;2947;11,74
257551;2900;10,55
257552;2938;11,51
257553;2901;10,57
257554;2931;11,33
257555;2877;9,96
257556;2928;11,26
257557;2881;10,07
257558;2922;11,10
257559;2879;10,02
257560;2931;11,33
257561;2881;10,07
257562;2896;10,45
257563;2867;9,71
257564;2908;10,75
257565;2868;9,74
257566;2910;10,80
257567;2864;9,64
257568;2921;11,08
257569;2877;9,96
257570;2928;11,26
257571;2878;9,99
257572;2926;11,20
257573;2871;9,81
257574;2912;10,85
257575;2873;9,86
257576;2908;10,75
257577;2879;10,02
257578;2897;10,47
257579;2880;10,04
257580;2929;11,28
257581;2894;10,39
257582;2925;11,18
257583;2895;10,42
257584;2938;11,51
257585;2886;10,19
257586;2926;11,20
257587;2890;10,29
257588;2930;11,31
257589;2894;10,39
257590;2928;11,26
257591;2900;10,55
257592;2929;11,28
257593;2893;10,37
257594;2928;11,26
257595;2879;10,02
257596;2906;10,70
257597;2883;10,12
257598;2927;11,23
257599;2879;10,02
257600;2892;10,34
257601;2882;10,09
257602;2883;10,12
257603;2869;9,76
257604;2899;10,52
257605;2877;9,96
257606;2869;9,76
257607;2874;9,89
257608;2906;10,70
257609;2871;9,81
257610;2913;10,88
257611;2878;9,99
257612;2879;10,02
257613;2875;9,91
257614;2913;10,88
257615;2881;10,07
257616;2889;10,27
257617;2867;9,71
257618;2925;11,18
257619;2876;9,94
257620;2909;10,77
257621;2871;9,81
257622;2912;10,85
257623;2871;9,81
257624;2864;9,64
257625;2874;9,89
257626;2924;11,15
257627;2871;9,81
257628;2930;11,31
257629;2880;10,04
257630;2893;10,37
257631;2887;10,22
257632;2895;10,42
257633;2884;10,14
257634;2923;11,13
257635;2879;10,02
257636;2928;11,26
257637;2881;10,07
257638;2921;11,08
257639;2887;10,22
257640;2930;11,31
257641;2893;10,37
257642;2924;11,15
257643;2891;10,32
257644;2896;10,45
257645;2893;10,37
257646;2916;10,95
257647;2882;10,09
257648;2923;11,13
257649;2875;9,91
257650;2928;11,26
257651;2876;9,94
257652;2882;10,09
257653;2870;9,79
257654;2915;10,93
257655;2870;9,79
257656;2915;10,93
257657;2867;9,71
257658;2883;10,12
257659;2869;9,76
257660;2910;10,80
257661;2869;9,76
257662;2911;10,82
257663;2863;9,61
257664;2890;10,29
257665;2864;9,64
257666;2917;10,98
257667;2864;9,64
257668;2891;10,32
257669;2857;9,46
257670;2907;10,72
257671;2864;9,64
257672;2876;9,94
257673;2864;9,64
257674;2897;10,47
257675;2857;9,46
257676;2864;9,64
257677;2862;9,59
257678;2903;10,62
257679;2864;9,64
257680;2895;10,42
257681;2871;9,81
257682;2914;10,90
257683;2864;9,64
257684;2881;10,07
257685;2865;9,66
257686;2911;10,82
257687;2863;9,61
257688;2883;10,12
257689;2864;9,64
257690;2871;9,81
257691;2864;9,64
257692;2897;10,47
257693;2866;9,69
257694;2897;10,47
257695;2865;9,66
257696;2899;10,52
257697;2864;9,64
257698;2909;10,77
257699;2864;9,64
257700;2880;10,04
257701;2862;9,59
257702;2899;10,52
257703;2869;9,76
257704;2862;9,59
257705;2861;9,56
257706;2864;9,64
257707;2862;9,59
257708;2815;8,40
257709;2858;9,48
257710;2886;10,19
257711;2867;9,71
257712;2906;10,70
257713;2862;9,59
257714;2906;10,70
257715;2873;9,86
257716;2893;10,37
257717;2870;9,79
257718;2928;11,26
257719;2865;9,66
257720;2898;10,50
257721;2871;9,81
257722;2854;9,38
257723;2871;9,81
257724;2920;11,05
257725;2873;9,86
257726;2912;10,85
257727;2868;9,74
257728;2886;10,19
257729;2874;9,89
257730;2896;10,45
257731;2871;9,81
257732;2861;9,56
257733;2867;9,71
257734;2907;10,72
257735;2864;9,64
257736;2922;11,10
257737;2864;9,64
257738;2913;10,88
257739;2865;9,66
257740;2913;10,88
257741;2866;9,69
257742;2880;10,04
257743;2864;9,64
257744;2913;10,88
257745;2864;9,64
257746;2905;10,67
257747;2864;9,64
257748;2908;10,75
257749;2865;9,66
257750;2871;9,81
257751;2853;9,36
257752;2881;10,07
257753;2863;9,61
257754;2905;10,67
257755;2864;9,64
257756;2895;10,42
257757;2862;9,59
257758;2895;10,42
257759;2866;9,69
257760;2898;10,50
257761;2863;9,61
257762;2871;9,81
257763;2867;9,71
257764;2910;10,80
257765;2863;9,61
257766;2903;10,62
257767;2865;9,66
257768;2911;10,82
257769;2865;9,66
257770;2872;9,84
257771;2867;9,71
257772;2893;10,37
257773;2866;9,69
257774;2899;10,52
257775;2865;9,66
257776;2893;10,37
257777;2868;9,74
257778;2847;9,21
257779;2864;9,64
257780;2926;11,20
257781;2864;9,64
257782;2921;11,08
257783;2874;9,89
257784;2867;9,71
257785;2868;9,74
257786;2859;9,51
257787;2865;9,66
257788;2883;10,12
257789;2867;9,71
257790;2902;10,60
257791;2864;9,64
257792;2895;10,42
257793;2864;9,64
257794;2909;10,77
257795;2864;9,64
257796;2896;10,45
257797;2864;9,64
257798;2897;10,47
257799;2865;9,66
257800;2902;10,60
257801;2857;9,46
257802;2909;10,77
257803;2864;9,64
257804;2880;10,04
257805;2864;9,64
257806;2873;9,86
257807;2864;9,64
257808;2886;10,19
257809;2864;9,64
257810;2864;9,64
257811;2864;9,64
257812;2891;10,32
257813;2866;9,69
257814;2868;9,74
257815;2858;9,48
257816;2926;11,20
257817;2863;9,61
257818;2879;10,02
257819;2864;9,64
257820;2896;10,45
257821;2867;9,71
257822;2863;9,61
257823;2870;9,79
257824;2885;10,17
257825;2867;9,71
257826;2859;9,51
257827;2869;9,76
257828;2846;9,18
257829;2865;9,66
257830;2891;10,32
257831;2874;9,89
257832;2883;10,12
257833;2867;9,71
257834;2886;10,19
257835;2867;9,71
257836;2911;10,82
257837;2869;9,76
257838;2860;9,53
257839;2865;9,66
257840;2914;10,90
257841;2864;9,64
257842;2839;9,00
257843;2859;9,51
257844;2918;11,00
257845;2869;9,76
257846;2871;9,81
257847;2854;9,38
257848;2879;10,02
257849;2860;9,53
257850;2903;10,62
257851;2858;9,48
257852;2879;10,02
257853;2859;9,51
257854;2896;10,45
257855;2863;9,61
257856;2898;10,50
257857;2859;9,51
257858;2899;10,52
257859;2858;9,48
257860;2912;10,85
257861;2853;9,36
257862;2899;10,52
257863;2855;9,41
257864;2892;10,34
257865;2849;9,26
257866;2897;10,47
257867;2854;9,38
257868;2865;9,66
257869;2849;9,26
257870;2894;10,39
257871;2844;9,13
257872;2896;10,45
257873;2853;9,36
257874;2847;9,21
257875;2842;9,08
257876;2897;10,47
257877;2853;9,36
257878;2891;10,32
257879;2851;9,31
257880;2837;8,95
257881;2851;9,31
257882;2892;10,34
257883;2851;9,31
257884;2871;9,81
257885;2852;9,33
257886;2898;10,50
257887;2850;9,28
257888;2871;9,81
257889;2863;9,61
257890;2860;9,53
257891;2854;9,38
257892;2895;10,42
257893;2852;9,33
257894;2874;9,89
257895;2855;9,41
257896;2828;8,72
257897;2861;9,56
257898;2851;9,31
257899;2854;9,38
257900;2891;10,32
257901;2847;9,21
257902;2847;9,21
257903;2849;9,26
257904;2849;9,26
257905;2850;9,28
257906;2843;9,10
257907;2864;9,64
257908;2843;9,10
257909;2851;9,31
257910;2887;10,22
257911;2837;8,95
257912;2849;9,26
257913;2853;9,36
257914;2894;10,39
257915;2835;8,90
257916;2890;10,29
257917;2832;8,83
257918;2851;9,31
257919;2841;9,05
257920;2883;10,12
257921;2844;9,13
257922;2846;9,18
257923;2843;9,10
257924;2877;9,96
257925;2837;8,95
257926;2871;9,81
257927;2841;9,05
257928;2841;9,05
257929;2836;8,93
257930;2864;9,64
257931;2832;8,83
257932;2881;10,07
257933;2842;9,08
257934;2886;10,19
257935;2835;8,90
257936;2874;9,89
257937;2840;9,03
257938;2878;9,99
257939;2837;8,95
257940;2855;9,41
257941;2841;9,05
257942;2879;10,02
257943;2842;9,08
257944;2896;10,45
257945;2849;9,26
257946;2890;10,29
257947;2836;8,93
257948;2890;10,29
257949;2829;8,75
257950;2865;9,66
257951;2843;9,10
257952;2832;8,83
257953;2841;9,05
257954;2849;9,26
257955;2834;8,88
257956;2852;9,33
257957;2835;8,90
257958;2891;10,32
257959;2838;8,98
257960;2880;10,04
257961;2841;9,05
257962;2870;9,79
257963;2852;9,33
257964;2861;9,56
257965;2866;9,69
257966;2857;9,46
257967;2837;8,95
257968;2861;9,56
257969;2833;8,85
257970;2858;9,48
257971;2830;8,78
257972;2890;10,29
257973;2880;10,04
257974;2864;9,64
257975;2832;8,83
257976;2869;9,76
257977;2831;8,80
257978;2839;9,00
257979;2880;10,04
257980;2875;9,91
257981;2869;9,76
257982;2861;9,56
257983;2873;9,86
257984;2862;9,59
257985;2878;9,99
257986;2833;8,85
257987;2864;9,64
257988;2874;9,89
257989;2833;8,85
257990;2874;9,89
257991;2825;8,65
257992;2853;9,36
257993;2870;9,79
257994;2832;8,83
257995;2826;8,67
257996;2851;9,31
257997;2827;8,70
257998;2858;9,48
257999;2873;9,86
258000;2864;9,64
258001;2863;9,61
258002;2833;8,85
258003;2867;9,71
258004;2858;9,48
258005;2858;9,48
258006;2848;9,23
258007;2829;8,75
258008;2857;9,46
258009;2862;9,59
258010;2864;9,64
258011;2831;8,80
258012;2833;8,85
258013;2878;9,99
258014;2870;9,79
258015;2831;8,80
258016;2854;9,38
258017;2858;9,48
258018;2839;9,00
258019;2831;8,80
258020;2871;9,81
258021;2845;9,15
258022;2859;9,51
258023;2826;8,67
258024;2838;8,98
258025;2827;8,70
258026;2832;8,83
258027;2849;9,26
258028;2865;9,66
258029;2825;8,65
258030;2860;9,53
258031;2822;8,57
258032;2821;8,55
258033;2821;8,55
258034;2834;8,88
258035;2817;8,45
258036;2832;8,83
258037;2822;8,57
258038;2867;9,71
258039;2829;8,75
258040;2829;8,75
258041;2837;8,95
258042;2837;8,95
258043;2829;8,75
258044;2839;9,00
258045;2839;9,00
258046;2858;9,48
258047;2820;8,52
258048;2819;8,50
258049;2823;8,60
258050;2864;9,64
258051;2826;8,67
258052;2876;9,94
258053;2866;9,69
258054;2813;8,35
258055;2831;8,80
258056;2827;8,70
258057;2858;9,48
258058;2819;8,50
258059;2828;8,72
258060;2871;9,81
258061;2818;8,47
258062;2826;8,67
258063;2832;8,83
258064;2862;9,59
258065;2863;9,61
258066;2871;9,81
258067;2831;8,80
258068;2841;9,05
258069;2828;8,72
258070;2848;9,23
258071;2873;9,86
258072;2846;9,18
258073;2822;8,57
258074;2863;9,61
258075;2871;9,81
258076;2863;9,61
258077;2820;8,52
258078;2865;9,66
258079;2815;8,40
258080;2848;9,23
258081;2848;9,23
258082;2859;9,51
258083;2863;9,61
258084;2831;8,80
258085;2831;8,80
258086;2851;9,31
258087;2829;8,75
258088;2823;8,60
258089;2813;8,35
258090;2831;8,80
258091;2862;9,59
258092;2861;9,56
258093;2807;8,19
258094;2855;9,41
258095;2813;8,35
258096;2809;8,24
258097;2805;8,14
258098;2835;8,90
258099;2852;9,33
258100;2843;9,10
258101;2813;8,35
258102;2849;9,26
258103;2806;8,17
258104;2832;8,83
258105;2861;9,56
258106;2849;9,26
258107;2835;8,90
258108;2830;8,78
258109;2800;8,02
258110;2863;9,61
258111;2853;9,36
258112;2836;8,93
258113;2860;9,53
258114;2849;9,26
258115;2799;7,99
258116;2823;8,60
258117;2800;8,02
258118;2839;9,00
258119;2832;8,83
258120;2844;9,13
258121;2819;8,50
258122;2847;9,21
258123;2791;7,79
258124;2797;7,94
258125;2801;8,04
258126;2800;8,02
258127;2858;9,48
258128;2842;9,08
258129;2800;8,02
258130;2818;8,47
258131;2861;9,56
258132;2785;7,64
258133;2813;8,35
258134;2786;7,66
258135;2860;9,53
258136;2833;8,85
258137;2834;8,88
258138;2835;8,90
258139;2857;9,46
258140;2812;8,32
258141;2791;7,79
258142;2790;7,76
258143;2828;8,72
258144;2832;8,83
258145;2849;9,26
258146;2813;8,35
258147;2818;8,47
258148;2862;9,59
258149;2834;8,88
258150;2814;8,37
258151;2850;9,28
258152;2803;8,09
258153;2847;9,21
258154;2791;7,79
258155;2797;7,94
258156;2811;8,29
258157;2854;9,38
258158;2822;8,57
258159;2826;8,67
258160;2813;8,35
258161;2860;9,53
258162;2795;7,89
258163;2838;8,98
258164;2798;7,97
258165;2785;7,64
258166;2782;7,56
258167;2849;9,26
258168;2800;8,02
258169;2819;8,50
258170;2803;8,09
258171;2847;9,21
258172;2842;9,08
258173;2795;7,89
258174;2801;8,04
258175;2800;8,02
258176;2843;9,10
258177;2832;8,83
258178;2798;7,97
258179;2798;7,97
258180;2848;9,23
258181;2827;8,70
258182;2819;8,50
258183;2853;9,36
258184;2815;8,40
258185;2797;7,94
258186;2816;8,42
258187;2831;8,80
258188;2790;7,76
258189;2833;8,85
258190;2831;8,80
258191;2838;8,98
258192;2827;8,70
258193;2835;8,90
258194;2791;7,79
258195;2800;8,02
258196;2818;8,47
258197;2794;7,86
258198;2829;8,75
258199;2843;9,10
258200;2826;8,67
258201;2829;8,75
258202;2788;7,71
258203;2838;8,98
258204;2787;7,69
258205;2839;9,00
258206;2816;8,42
258207;2845;9,15
258208;2858;9,48
258209;2783;7,59
258210;2809;8,24
258211;2845;9,15
258212;2839;9,00
258213;2851;9,31
258214;2801;8,04
258215;2799;7,99
258216;2806;8,17
258217;2847;9,21
258218;2828;8,72
258219;2814;8,37
258220;2849;9,26
258221;2855;9,41
258222;2810;8,27
258223;2844;9,13
258224;2812;8,32
258225;2845;9,15
258226;2826;8,67
258227;2795;7,89
258228;2798;7,97
258229;2835;8,90
258230;2853;9,36
258231;2799;7,99
258232;2832;8,83
258233;2858;9,48
258234;2818;8,47
258235;2861;9,56
258236;2799;7,99
258237;2869;9,76
258238;2794;7,86
258239;2859;9,51
258240;2835;8,90
258241;2811;8,29
258242;2790;7,76
258243;2858;9,48
258244;2864;9,64
258245;2862;9,59
258246;2799;7,99
258247;2831;8,80
258248;2813;8,35
258249;2828;8,72
258250;2864;9,64
258251;2815;8,40
258252;2864;9,64
258253;2869;9,76
258254;2815;8,40
258255;2847;9,21
258256;2834;8,88
258257;2832;8,83
258258;2807;8,19
258259;2834;8,88
258260;2806;8,17
258261;2863;9,61
258262;2815;8,40
258263;2857;9,46
258264;2815;8,40
258265;2863;9,61
258266;2823;8,60
258267;2864;9,64
258268;2842;9,08
258269;2848;9,23
258270;2881;10,07
258271;2873;9,86
258272;2832;8,83
258273;2843;9,10
258274;2834;8,88
258275;2853;9,36
258276;2849;9,26
258277;2860;9,53
258278;2835;8,90
258279;2827;8,70
258280;2830;8,78
258281;2830;8,78
258282;2795;7,89
258283;2857;9,46
258284;2832;8,83
258285;2839;9,00
258286;2798;7,97
258287;2863;9,61
258288;2859;9,51
258289;2798;7,97
258290;2855;9,41
258291;2799;7,99
258292;2800;8,02
258293;2822;8,57
258294;2843;9,10
258295;2833;8,85
258296;2862;9,59
258297;2848;9,23
258298;2837;8,95
258299;2861;9,56
258300;2798;7,97
258301;2841;9,05
258302;2853;9,36
258303;2841;9,05
258304;2833;8,85
258305;2800;8,02
258306;2795;7,89
258307;2791;7,79
258308;2843;9,10
258309;2800;8,02
258310;2811;8,29
258311;2799;7,99
258312;2849;9,26
258313;2797;7,94
258314;2832;8,83
258315;2803;8,09
258316;2846;9,18
258317;2832;8,83
258318;2833;8,85
258319;2798;7,97
258320;2851;9,31
258321;2845;9,15
258322;2830;8,78
258323;2827;8,70
258324;2832;8,83
258325;2800;8,02
258326;2799;7,99
258327;2793;7,84
258328;2830;8,78
258329;2797;7,94
258330;2805;8,14
258331;2832;8,83
258332;2802;8,07
258333;2819;8,50
258334;2832;8,83
258335;2854;9,38
258336;2854;9,38
258337;2845;9,15
258338;2818;8,47
258339;2796;7,91
258340;2803;8,09
258341;2800;8,02
258342;2814;8,37
258343;2799;7,99
258344;2839;9,00
258345;2832;8,83
258346;2815;8,40
258347;2832;8,83
258348;2793;7,84
258349;2843;9,10
258350;2790;7,76
258351;2849;9,26
258352;2817;8,45
258353;2786;7,66
258354;2800;8,02
258355;2816;8,42
258356;2860;9,53
258357;2794;7,86
258358;2789;7,74
258359;2787;7,69
258360;2823;8,60
258361;2785;7,64
258362;2785;7,64
258363;2784;7,61
258364;2784;7,61
258365;2837;8,95
258366;2800;8,02
258367;2785;7,64
258368;2813;8,35
258369;2785;7,64
258370;2831;8,80
258371;2778;7,46
258372;2780;7,51
258373;2813;8,35
258374;2807;8,19
258375;2785;7,64
258376;2805;8,14
258377;2825;8,65
258378;2809;8,24
258379;2831;8,80
258380;2805;8,14
258381;2793;7,84
258382;2791;7,79
258383;2791;7,79
258384;2789;7,74
258385;2827;8,70
258386;2814;8,37
258387;2783;7,59
258388;2801;8,04
258389;2781;7,54
258390;2765;7,13
258391;2799;7,99
258392;2785;7,64
258393;2778;7,46
258394;2813;8,35
258395;2757;6,93
258396;2800;8,02
258397;2790;7,76
258398;2789;7,74
258399;2842;9,08
258400;2789;7,74
258401;2786;7,66
258402;2790;7,76
258403;2778;7,46
258404;2785;7,64
258405;2784;7,61
258406;2815;8,40
258407;2779;7,48
258408;2805;8,14
258409;2823;8,60
258410;2848;9,23
258411;2819;8,50
258412;2781;7,54
258413;2779;7,48
258414;2791;7,79
258415;2829;8,75
258416;2771;7,28
258417;2807;8,19
258418;2768;7,21
258419;2815;8,40
258420;2768;7,21
258421;2773;7,33
258422;2823;8,60
258423;2768;7,21
258424;2786;7,66
258425;2815;8,40
258426;2768;7,21
258427;2814;8,37
258428;2779;7,48
258429;2811;8,29
258430;2786;7,66
258431;2811;8,29
258432;2811;8,29
258433;2822;8,57
258434;2779;7,48
258435;2781;7,54
258436;2849;9,26
258437;2859;9,51
258438;2800;8,02
258439;2845;9,15
258440;2815;8,40
258441;2794;7,86
258442;2795;7,89
258443;2813;8,35
258444;2805;8,14
258445;2799;7,99
258446;2800;8,02
258447;2864;9,64
258448;2827;8,70
258449;2807;8,19
258450;2814;8,37
258451;2862;9,59
258452;2849;9,26
258453;2807;8,19
258454;2817;8,45
258455;2859;9,51
258456;2883;10,12
258457;2878;9,99
258458;2817;8,45
258459;2861;9,56
258460;2815;8,40
258461;2849;9,26
258462;2823;8,60
258463;2801;8,04
258464;2864;9,64
258465;2806;8,17
258466;2811;8,29
258467;2799;7,99
258468;2832;8,83
258469;2807;8,19
258470;2854;9,38
258471;2843;9,10
258472;2788;7,71
258473;2823;8,60
258474;2802;8,07
258475;2829;8,75
258476;2793;7,84
258477;2849;9,26
258478;2850;9,28
258479;2823;8,60
258480;2832;8,83
258481;2800;8,02
258482;2819;8,50
258483;2834;8,88
258484;2810;8,27
258485;2789;7,74
258486;2821;8,55
258487;2794;7,86
258488;2818;8,47
258489;2800;8,02
258490;2821;8,55
258491;2802;8,07
258492;2805;8,14
258493;2800;8,02
258494;2819;8,50
258495;2850;9,28
258496;2807;8,19
258497;2796;7,91
258498;2835;8,90
258499;2800;8,02
258500;2800;8,02
258501;2855;9,41
258502;2815;8,40
258503;2803;8,09
258504;2822;8,57
258505;2848;9,23
258506;2811;8,29
258507;2818;8,47
258508;2835;8,90
258509;2854;9,38
258510;2803;8,09
258511;2807;8,19
258512;2841;9,05
258513;2804;8,12
258514;2842;9,08
258515;2816;8,42
258516;2800;8,02
258517;2800;8,02
258518;2796;7,91
258519;2822;8,57
258520;2832;8,83
258521;2789;7,74
258522;2803;8,09
258523;2790;7,76
258524;2799;7,99
258525;2821;8,55
258526;2789;7,74
258527;2777;7,43
258528;2775;7,38
258529;2775;7,38
258530;2800;8,02
258531;2775;7,38
258532;2782;7,56
258533;2816;8,42
258534;2787;7,69
258535;2769;7,23
258536;2790;7,76
258537;2768;7,21
258538;2803;8,09
258539;2800;8,02
258540;2800;8,02
258541;2823;8,60
258542;2768;7,21
258543;2777;7,43
258544;2785;7,64
258545;2776;7,41
258546;2832;8,83
258547;2802;8,07
258548;2755;6,88
258549;2831;8,80
258550;2800;8,02
258551;2789;7,74
258552;2790;7,76
258553;2821;8,55
258554;2799;7,99
258555;2798;7,97
258556;2806;8,17
258557;2799;7,99
258558;2800;8,02
258559;2822;8,57
258560;2800;8,02
258561;2799;7,99
258562;2814;8,37
258563;2801;8,04
258564;2829;8,75
258565;2830;8,78
258566;2851;9,31
258567;2795;7,89
258568;2812;8,32
258569;2794;7,86
258570;2816;8,42
258571;2811;8,29
258572;2795;7,89
258573;2791;7,79
258574;2790;7,76
258575;2788;7,71
258576;2791;7,79
258577;2832;8,83
258578;2798;7,97
258579;2834;8,88
258580;2805;8,14
258581;2794;7,86
258582;2799;7,99
258583;2789;7,74
258584;2790;7,76
258585;2785;7,64
258586;2831;8,80
258587;2799;7,99
258588;2778;7,46
258589;2819;8,50
258590;2789;7,74
258591;2813;8,35
258592;2791;7,79
258593;2830;8,78
258594;2791;7,79
258595;2827;8,70
258596;2780;7,51
258597;2786;7,66
258598;2781;7,54
258599;2818;8,47
258600;2786;7,66
258601;2787;7,69
258602;2823;8,60
258603;2789;7,74
258604;2793;7,84
258605;2784;7,61
258606;2758;6,95
258607;2785;7,64
258608;2835;8,90
258609;2785;7,64
258610;2809;8,24
258611;2785;7,64
258612;2789;7,74
258613;2829;8,75
258614;2784;7,61
258615;2831;8,80
258616;2790;7,76
258617;2832;8,83
258618;2783;7,59
258619;2821;8,55
258620;2811;8,29
258621;2784;7,61
258622;2798;7,97
258623;2790;7,76
258624;2785;7,64
258625;2782;7,56
258626;2811;8,29
258627;2832;8,83
258628;2797;7,94
258629;2795;7,89
258630;2787;7,69
258631;2819;8,50
258632;2806;8,17
258633;2832;8,83
258634;2800;8,02
258635;2819;8,50
258636;2824;8,62
258637;2831;8,80
258638;2794;7,86
258639;2835;8,90
258640;2791;7,79
258641;2832;8,83
258642;2813;8,35
258643;2830;8,78
258644;2781;7,54
258645;2822;8,57
258646;2799;7,99
258647;2820;8,52
258648;2796;7,91
258649;2832;8,83
258650;2800;8,02
258651;2788;7,71
258652;2810;8,27
258653;2829;8,75
258654;2821;8,55
258655;2795;7,89
258656;2797;7,94
258657;2801;8,04
258658;2813;8,35
258659;2800;8,02
258660;2830;8,78
258661;2785;7,64
258662;2795;7,89
258663;2786;7,66
258664;2784;7,61
258665;2789;7,74
258666;2801;8,04
258667;2788;7,71
258668;2809;8,24
258669;2803;8,09
258670;2797;7,94
258671;2789;7,74
258672;2816;8,42
258673;2806;8,17
258674;2785;7,64
258675;2803;8,09
258676;2787;7,69
258677;2790;7,76
258678;2832;8,83
258679;2785;7,64
258680;2799;7,99
258681;2822;8,57
258682;2825;8,65
258683;2813;8,35
258684;2797;7,94
258685;2778;7,46
258686;2802;8,07
258687;2831;8,80
258688;2806;8,17
258689;2785;7,64
258690;2789;7,74
258691;2816;8,42
258692;2785;7,64
258693;2770;7,26
258694;2785;7,64
258695;2817;8,45
258696;2788;7,71
258697;2773;7,33
258698;2805;8,14
258699;2779;7,48
258700;2773;7,33
258701;2800;8,02
258702;2841;9,05
258703;2811;8,29
258704;2773;7,33
258705;2849;9,26
258706;2765;7,13
258707;2779;7,48
258708;2780;7,51
258709;2783;7,59
258710;2815;8,40
258711;2805;8,14
258712;2798;7,97
258713;2778;7,46
258714;2786;7,66
258715;2783;7,59
258716;2777;7,43
258717;2786;7,66
258718;2789;7,74
258719;2783;7,59
258720;2779;7,48
258721;2773;7,33
258722;2787;7,69
258723;2783;7,59
258724;2791;7,79
258725;2807;8,19
258726;2776;7,41
258727;2809;8,24
258728;2795;7,89
258729;2781;7,54
258730;2801;8,04
258731;2790;7,76
258732;2786;7,66
258733;2811;8,29
258734;2806;8,17
258735;2832;8,83
258736;2785;7,64
258737;2832;8,83
258738;2821;8,55
258739;2785;7,64
258740;2800;8,02
258741;2797;7,94
258742;2801;8,04
258743;2775;7,38
258744;2797;7,94
258745;2795;7,89
258746;2799;7,99
258747;2779;7,48
258748;2799;7,99
258749;2779;7,48
258750;2811;8,29
258751;2802;8,07
258752;2787;7,69
258753;2781;7,54
258754;2821;8,55
258755;2795;7,89
258756;2783;7,59
258757;2799;7,99
258758;2783;7,59
258759;2793;7,84
258760;2787;7,69
258761;2785;7,64
258762;2801;8,04
258763;2775;7,38
258764;2791;7,79
258765;2798;7,97
258766;2770;7,26
258767;2806;8,17
258768;2775;7,38
258769;2807;8,19
258770;2773;7,33
258771;2803;8,09
258772;2839;9,00
258773;2795;7,89
258774;2767;7,18
258775;2772;7,31
258776;2769;7,23
258777;2774;7,36
258778;2768;7,21
258779;2798;7,97
258780;2768;7,21
258781;2752;6,80
258782;2757;6,93
258783;2766;7,16
258784;2775;7,38
258785;2791;7,79
258786;2788;7,71
258787;2794;7,86
258788;2766;7,16
258789;2777;7,43
258790;2777;7,43
258791;2758;6,95
258792;2777;7,43
258793;2800;8,02
258794;2787;7,69
258795;2811;8,29
258796;2771;7,28
258797;2768;7,21
258798;2767;7,18
258799;2770;7,26
258800;2771;7,28
258801;2811;8,29
258802;2775;7,38
258803;2779;7,48
258804;2784;7,61
258805;2787;7,69
258806;2799;7,99
258807;2816;8,42
258808;2782;7,56
258809;2832;8,83
258810;2782;7,56
258811;2800;8,02
258812;2787;7,69
258813;2791;7,79
258814;2802;8,07
258815;2815;8,40
258816;2793;7,84
258817;2834;8,88
258818;2809;8,24
258819;2784;7,61
258820;2787;7,69
258821;2832;8,83
258822;2800;8,02
258823;2795;7,89
258824;2793;7,84
258825;2823;8,60
258826;2794;7,86
258827;2788;7,71
258828;2785;7,64
258829;2783;7,59
258830;2783;7,59
258831;2815;8,40
258832;2805;8,14
258833;2803;8,09
258834;2791;7,79
258835;2818;8,47
258836;2787;7,69
258837;2825;8,65
258838;2787;7,69
258839;2785;7,64
258840;2791;7,79
258841;2774;7,36
258842;2774;7,36
258843;2811;8,29
258844;2794;7,86
258845;2800;8,02
258846;2768;7,21
258847;2782;7,56
258848;2778;7,46
258849;2800;8,02
258850;2818;8,47
258851;2770;7,26
258852;2809;8,24
258853;2789;7,74
258854;2779;7,48
258855;2783;7,59
258856;2768;7,21
258857;2787;7,69
258858;2730;6,24
258859;2775;7,38
258860;2774;7,36
258861;2768;7,21
258862;2781;7,54
258863;2777;7,43
258864;2783;7,59
258865;2758;6,95
258866;2785;7,64
258867;2791;7,79
258868;2789;7,74
258869;2775;7,38
258870;2775;7,38
258871;2759;6,98
258872;2822;8,57
258873;2815;8,40
258874;2805;8,14
258875;2839;9,00
258876;2779;7,48
258877;2794;7,86
258878;2778;7,46
258879;2793;7,84
258880;2785;7,64
258881;2819;8,50
258882;2784;7,61
258883;2790;7,76
258884;2794;7,86
258885;2784;7,61
258886;2797;7,94
258887;2826;8,67
258888;2757;6,93
258889;2811;8,29
258890;2806;8,17
258891;2822;8,57
258892;2778;7,46
258893;2764;7,11
258894;2791;7,79
258895;2822;8,57
258896;2793;7,84
258897;2832;8,83
258898;2795;7,89
258899;2799;7,99
258900;2795;7,89
258901;2859;9,51
258902;2816;8,42
258903;2819;8,50
258904;2793;7,84
258905;2800;8,02
258906;2813;8,35
258907;2801;8,04
258908;2795;7,89
258909;2816;8,42
258910;2832;8,83
258911;2817;8,45
258912;2795;7,89
258913;2831;8,80
258914;2783;7,59
258915;2799;7,99
258916;2794;7,86
258917;2800;8,02
258918;2795;7,89
258919;2823;8,60
258920;2792;7,81
258921;2820;8,52
258922;2780;7,51
258923;2817;8,45
258924;2785;7,64
258925;2795;7,89
258926;2800;8,02
258927;2779;7,48
258928;2823;8,60
258929;2778;7,46
258930;2769;7,23
258931;2800;8,02
258932;2785;7,64
258933;2786;7,66
258934;2791;7,79
258935;2783;7,59
258936;2785;7,64
258937;2809;8,24
258938;2783;7,59
258939;2771;7,28
258940;2786;7,66
258941;2784;7,61
258942;2786;7,66
258943;2800;8,02
258944;2793;7,84
258945;2824;8,62
258946;2791;7,79
258947;2787;7,69
258948;2782;7,56
258949;2777;7,43
258950;2815;8,40
258951;2785;7,64
258952;2791;7,79
258953;2783;7,59
258954;2797;7,94
258955;2816;8,42
258956;2817;8,45
258957;2827;8,70
258958;2793;7,84
258959;2826;8,67
258960;2802;8,07
258961;2798;7,97
258962;2807;8,19
258963;2797;7,94
258964;2801;8,04
258965;2799;7,99
258966;2795;7,89
258967;2802;8,07
258968;2804;8,12
258969;2854;9,38
258970;2819;8,50
258971;2819;8,50
258972;2829;8,75
258973;2814;8,37
258974;2802;8,07
258975;2823;8,60
258976;2827;8,70
258977;2829;8,75
258978;2800;8,02
258979;2817;8,45
258980;2814;8,37
258981;2822;8,57
258982;2817;8,45
258983;2797;7,94
258984;2805;8,14
258985;2811;8,29
258986;2815;8,40
258987;2807;8,19
258988;2819;8,50
258989;2800;8,02
258990;2788;7,71
258991;2793;7,84
258992;2815;8,40
258993;2810;8,27
258994;2810;8,27
258995;2789;7,74
258996;2783;7,59
258997;2790;7,76
258998;2781;7,54
258999;2811;8,29
259000;2805;8,14
259001;2783;7,59
259002;2785;7,64
259003;2775;7,38
259004;2785;7,64
259005;2787;7,69
259006;2781;7,54
259007;2815;8,40
259008;2796;7,91
259009;2783;7,59
259010;2799;7,99
259011;2817;8,45
259012;2822;8,57
259013;2801;8,04
259014;2802;8,07
259015;2801;8,04
259016;2812;8,32
259017;2818;8,47
259018;2807;8,19
259019;2832;8,83
259020;2855;9,41
259021;2812;8,32
259022;2803;8,09
259023;2806;8,17
259024;2802;8,07
259025;2805;8,14
259026;2800;8,02
259027;2799;7,99
259028;2795;7,89
259029;2797;7,94
259030;2801;8,04
259031;2817;8,45
259032;2798;7,97
259033;2858;9,48
259034;2785;7,64
259035;2791;7,79
259036;2788;7,71
259037;2794;7,86
259038;2779;7,48
259039;2786;7,66
259040;2785;7,64
259041;2779;7,48
259042;2775;7,38
259043;2771;7,28
259044;2771;7,28
259045;2785;7,64
259046;2789;7,74
259047;2782;7,56
259048;2789;7,74
259049;2811;8,29
259050;2798;7,97
259051;2813;8,35
259052;2791;7,79
259053;2813;8,35
259054;2790;7,76
259055;2797;7,94
259056;2816;8,42
259057;2796;7,91
259058;2821;8,55
259059;2813;8,35
259060;2803;8,09
259061;2822;8,57
259062;2843;9,10
259063;2811;8,29
259064;2813;8,35
259065;2805;8,14
259066;2847;9,21
259067;2816;8,42
259068;2811;8,29
259069;2815;8,40
259070;2817;8,45
259071;2823;8,60
259072;2815;8,40
259073;2813;8,35
259074;2815;8,40
259075;2833;8,85
259076;2818;8,47
259077;2830;8,78
259078;2817;8,45
259079;2823;8,60
259080;2814;8,37
259081;2820;8,52
259082;2805;8,14
259083;2814;8,37
259084;2807;8,19
259085;2810;8,27
259086;2827;8,70
259087;2823;8,60
259088;2800;8,02
259089;2810;8,27
259090;2821;8,55
259091;2805;8,14
259092;2818;8,47
259093;2811;8,29
259094;2798;7,97
259095;2839;9,00
259096;2791;7,79
259097;2799;7,99
259098;2779;7,48
259099;2799;7,99
259100;2794;7,86
259101;2799;7,99
259102;2780;7,51
259103;2791;7,79
259104;2780;7,51
259105;2787;7,69
259106;2775;7,38
259107;2783;7,59
259108;2782;7,56
259109;2770;7,26
259110;2770;7,26
259111;2775;7,38
259112;2775;7,38
259113;2771;7,28
259114;2818;8,47
259115;2791;7,79
259116;2779;7,48
259117;2785;7,64
259118;2773;7,33
259119;2791;7,79
259120;2777;7,43
259121;2791;7,79
259122;2786;7,66
259123;2791;7,79
259124;2800;8,02
259125;2839;9,00
259126;2800;8,02
259127;2839;9,00
259128;2806;8,17
259129;2807;8,19
259130;2814;8,37
259131;2806;8,17
259132;2812;8,32
259133;2814;8,37
259134;2826;8,67
259135;2826;8,67
259136;2826;8,67
259137;2821;8,55
259138;2827;8,70
259139;2839;9,00
259140;2827;8,70
259141;2862;9,59
259142;2827;8,70
259143;2832;8,83
259144;2824;8,62
259145;2817;8,45
259146;2819;8,50
259147;2821;8,55
259148;2819;8,50
259149;2827;8,70
259150;2815;8,40
259151;2831;8,80
259152;2816;8,42
259153;2815;8,40
259154;2800;8,02
259155;2815;8,40
259156;2791;7,79
259157;2795;7,89
259158;2787;7,69
259159;2827;8,70
259160;2786;7,66
259161;2775;7,38
259162;2789;7,74
259163;2782;7,56
259164;2788;7,71
259165;2771;7,28
259166;2789;7,74
259167;2779;7,48
259168;2781;7,54
259169;2787;7,69
259170;2779;7,48
259171;2791;7,79
259172;2785;7,64
259173;2788;7,71
259174;2778;7,46
259175;2783;7,59
259176;2794;7,86
259177;2785;7,64
259178;2801;8,04
259179;2800;8,02
259180;2812;8,32
259181;2817;8,45
259182;2805;8,14
259183;2818;8,47
259184;2833;8,85
259185;2821;8,55
259186;2807;8,19
259187;2823;8,60
259188;2816;8,42
259189;2832;8,83
259190;2822;8,57
259191;2814;8,37
259192;2807;8,19
259193;2817;8,45
259194;2805;8,14
259195;2819;8,50
259196;2814;8,37
259197;2821;8,55
259198;2805;8,14
259199;2810;8,27
259200;2803;8,09
259201;2791;7,79
259202;2795;7,89
259203;2816;8,42
259204;2842;9,08
259205;2777;7,43
259206;2804;8,12
259207;2781;7,54
259208;2785;7,64
259209;2775;7,38
259210;2781;7,54
259211;2791;7,79
259212;2769;7,23
259213;2771;7,28
259214;2768;7,21
259215;2775;7,38
259216;2778;7,46
259217;2772;7,31
259218;2765;7,13
259219;2773;7,33
259220;2769;7,23
259221;2771;7,28
259222;2768;7,21
259223;2801;8,04
259224;2774;7,36
259225;2761;7,03
259226;2779;7,48
259227;2771;7,28
259228;2789;7,74
259229;2781;7,54
259230;2793;7,84
259231;2841;9,05
259232;2795;7,89
259233;2795;7,89
259234;2814;8,37
259235;2800;8,02
259236;2809;8,24
259237;2817;8,45
259238;2814;8,37
259239;2818;8,47
259240;2819;8,50
259241;2825;8,65
259242;2820;8,52
259243;2849;9,26
259244;2820;8,52
259245;2835;8,90
259246;2832;8,83
259247;2827;8,70
259248;2828;8,72
259249;2826;8,67
259250;2832;8,83
259251;2830;8,78
259252;2826;8,67
259253;2822;8,57
259254;2825;8,65
259255;2794;7,86
259256;2815;8,40
259257;2807;8,19
259258;2807;8,19
259259;2823;8,60
259260;2843;9,10
259261;2817;8,45
259262;2805;8,14
259263;2797;7,94
259264;2786;7,66
259265;2842;9,08
259266;2793;7,84
259267;2791;7,79
259268;2790;7,76
259269;2787;7,69
259270;2787;7,69
259271;2799;7,99
259272;2787;7,69
259273;2783;7,59
259274;2787;7,69
259275;2779;7,48
259276;2785;7,64
259277;2799;7,99
259278;2773;7,33
259279;2787;7,69
259280;2826;8,67
259281;2788;7,71
259282;2800;8,02
259283;2795;7,89
259284;2800;8,02
259285;2795;7,89
259286;2819;8,50
259287;2801;8,04
259288;2801;8,04
259289;2821;8,55
259290;2801;8,04
259291;2802;8,07
259292;2801;8,04
259293;2800;8,02
259294;2809;8,24
259295;2833;8,85
259296;2819;8,50
259297;2819;8,50
259298;2815;8,40
259299;2814;8,37
259300;2816;8,42
259301;2823;8,60
259302;2819;8,50
259303;2832;8,83
259304;2832;8,83
259305;2821;8,55
259306;2826;8,67
259307;2839;9,00
259308;2829;8,75
259309;2815;8,40
259310;2832;8,83
259311;2832;8,83
259312;2819;8,50
259313;2816;8,42
259314;2818;8,47
259315;2817;8,45
259316;2830;8,78
259317;2823;8,60
259318;2816;8,42
259319;2804;8,12
259320;2816;8,42
259321;2818;8,47
259322;2811;8,29
259323;2817;8,45
259324;2843;9,10
259325;2806;8,17
259326;2807;8,19
259327;2813;8,35
259328;2815;8,40
259329;2806;8,17
259330;2820;8,52
259331;2813;8,35
259332;2816;8,42
259333;2835;8,90
259334;2817;8,45
259335;2807;8,19
259336;2818;8,47
259337;2818;8,47
259338;2814;8,37
259339;2819;8,50
259340;2825;8,65
259341;2864;9,64
259342;2819;8,50
259343;2828;8,72
259344;2829;8,75
259345;2831;8,80
259346;2832;8,83
259347;2839;9,00
259348;2832;8,83
259349;2831;8,80
259350;2832;8,83
259351;2832;8,83
259352;2839;9,00
259353;2827;8,70
259354;2837;8,95
259355;2851;9,31
259356;2832;8,83
259357;2862;9,59
259358;2837;8,95
259359;2859;9,51
259360;2830;8,78
259361;2829;8,75
259362;2840;9,03
259363;2819;8,50
259364;2803;8,09
259365;2815;8,40
259366;2811;8,29
259367;2819;8,50
259368;2806;8,17
259369;2819;8,50
259370;2804;8,12
259371;2806;8,17
259372;2798;7,97
259373;2800;8,02
259374;2796;7,91
259375;2784;7,61
259376;2800;8,02
259377;2791;7,79
259378;2794;7,86
259379;2793;7,84
259380;2801;8,04
259381;2791;7,79
259382;2791;7,79
259383;2788;7,71
259384;2793;7,84
259385;2800;8,02
259386;2800;8,02
259387;2800;8,02
259388;2797;7,94
259389;2797;7,94
259390;2801;8,04
259391;2805;8,14
259392;2800;8,02
259393;2807;8,19
259394;2852;9,33
259395;2811;8,29
259396;2817;8,45
259397;2813;8,35
259398;2823;8,60
259399;2817;8,45
259400;2819;8,50
259401;2833;8,85
259402;2832;8,83
259403;2823;8,60
259404;2823;8,60
259405;2827;8,70
259406;2830;8,78
259407;2832;8,83
259408;2832;8,83
259409;2834;8,88
259410;2829;8,75
259411;2832;8,83
259412;2825;8,65
259413;2821;8,55
259414;2829;8,75
259415;2831;8,80
259416;2819;8,50
259417;2823;8,60
259418;2833;8,85
259419;2827;8,70
259420;2821;8,55
259421;2823;8,60
259422;2811;8,29
259423;2811;8,29
259424;2811;8,29
259425;2795;7,89
259426;2802;8,07
259427;2815;8,40
259428;2801;8,04
259429;2797;7,94
259430;2795;7,89
259431;2794;7,86
259432;2795;7,89
259433;2798;7,97
259434;2800;8,02
259435;2789;7,74
259436;2800;8,02
259437;2799;7,99
259438;2801;8,04
259439;2800;8,02
259440;2797;7,94
259441;2800;8,02
259442;2806;8,17
259443;2800;8,02
259444;2800;8,02
259445;2793;7,84
259446;2805;8,14
259447;2804;8,12
259448;2803;8,09
259449;2801;8,04
259450;2815;8,40
259451;2821;8,55
259452;2813;8,35
259453;2816;8,42
259454;2816;8,42
259455;2831;8,80
259456;2821;8,55
259457;2833;8,85
259458;2831;8,80
259459;2821;8,55
259460;2830;8,78
259461;2822;8,57
259462;2834;8,88
259463;2832;8,83
259464;2833;8,85
259465;2832;8,83
259466;2834;8,88
259467;2830;8,78
259468;2837;8,95
259469;2834;8,88
259470;2835;8,90
259471;2847;9,21
259472;2832;8,83
259473;2846;9,18
259474;2832;8,83
259475;2845;9,15
259476;2832;8,83
259477;2832;8,83
259478;2827;8,70
259479;2825;8,65
259480;2823;8,60
259481;2818;8,47
259482;2826;8,67
259483;2825;8,65
259484;2823;8,60
259485;2816;8,42
259486;2816;8,42
259487;2815;8,40
259488;2821;8,55
259489;2815;8,40
259490;2830;8,78
259491;2823;8,60
259492;2817;8,45
259493;2835;8,90
259494;2819;8,50
259495;2817;8,45
259496;2830;8,78
259497;2815;8,40
259498;2821;8,55
259499;2816;8,42
259500;2811;8,29
259501;2815;8,40
259502;2816;8,42
259503;2825;8,65
259504;2815;8,40
259505;2818;8,47
259506;2827;8,70
259507;2831;8,80
259508;2829;8,75
259509;2832;8,83
259510;2827;8,70
259511;2829;8,75
259512;2823;8,60
259513;2823;8,60
259514;2826;8,67
259515;2832;8,83
259516;2832;8,83
259517;2833;8,85
259518;2843;9,10
259519;2845;9,15
259520;2835;8,90
259521;2837;8,95
259522;2834;8,88
259523;2837;8,95
259524;2839;9,00
259525;2832;8,83
259526;2836;8,93
259527;2833;8,85
259528;2846;9,18
259529;2832;8,83
259530;2831;8,80
259531;2839;9,00
259532;2834;8,88
259533;2839;9,00
259534;2838;8,98
259535;2842;9,08
259536;2823;8,60
259537;2829;8,75
259538;2823;8,60
259539;2825;8,65
259540;2826;8,67
259541;2822;8,57
259542;2817;8,45
259543;2819;8,50
259544;2818;8,47
259545;2817;8,45
259546;2816;8,42
259547;2813;8,35
259548;2813;8,35
259549;2810;8,27
259550;2803;8,09
259551;2805;8,14
259552;2810;8,27
259553;2805;8,14
259554;2803;8,09
259555;2803;8,09
259556;2805;8,14
259557;2816;8,42
259558;2813;8,35
259559;2812;8,32
259560;2813;8,35
259561;2811;8,29
259562;2799;7,99
259563;2810;8,27
259564;2819;8,50
259565;2819;8,50
259566;2806;8,17
259567;2816;8,42
259568;2813;8,35
259569;2817;8,45
259570;2816;8,42
259571;2816;8,42
259572;2821;8,55
259573;2815;8,40
259574;2821;8,55
259575;2821;8,55
259576;2821;8,55
259577;2831;8,80
259578;2833;8,85
259579;2818;8,47
259580;2822;8,57
259581;2826;8,67
259582;2819;8,50
259583;2831;8,80
259584;2827;8,70
259585;2816;8,42
259586;2820;8,52
259587;2822;8,57
259588;2829;8,75
259589;2823;8,60
259590;2818;8,47
259591;2818;8,47
259592;2819;8,50
259593;2823;8,60
259594;2817;8,45
259595;2827;8,70
259596;2818;8,47
259597;2817;8,45
259598;2823;8,60
259599;2826;8,67
259600;2820;8,52
259601;2819;8,50
259602;2815;8,40
259603;2819;8,50
259604;2816;8,42
259605;2816;8,42
259606;2820;8,52
259607;2815;8,40
259608;2818;8,47
259609;2815;8,40
259610;2831;8,80
259611;2812;8,32
259612;2818;8,47
259613;2818;8,47
259614;2825;8,65
259615;2815;8,40
259616;2816;8,42
259617;2815;8,40
259618;2816;8,42
259619;2829;8,75
259620;2819;8,50
259621;2830;8,78
259622;2828;8,72
259623;2826;8,67
259624;2827;8,70
259625;2832;8,83
259626;2832;8,83
259627;2827;8,70
259628;2818;8,47
259629;2831;8,80
259630;2823;8,60
259631;2827;8,70
259632;2831;8,80
259633;2822;8,57
259634;2832;8,83
259635;2830;8,78
259636;2829;8,75
259637;2824;8,62
259638;2828;8,72
259639;2826;8,67
259640;2832;8,83
259641;2823;8,60
259642;2832;8,83
259643;2829;8,75
259644;2827;8,70
259645;2829;8,75
259646;2823;8,60
259647;2828;8,72
259648;2824;8,62
259649;2829;8,75
259650;2823;8,60
259651;2834;8,88
259652;2823;8,60
259653;2819;8,50
259654;2823;8,60
259655;2817;8,45
259656;2821;8,55
259657;2816;8,42
259658;2817;8,45
259659;2818;8,47
259660;2816;8,42
259661;2817;8,45
259662;2816;8,42
259663;2815;8,40
259664;2813;8,35
259665;2809;8,24
259666;2809;8,24
259667;2815;8,40
259668;2814;8,37
259669;2816;8,42
259670;2815;8,40
259671;2811;8,29
259672;2819;8,50
259673;2811;8,29
259674;2810;8,27
259675;2815;8,40
259676;2807;8,19
259677;2814;8,37
259678;2811;8,29
259679;2811;8,29
259680;2803;8,09
259681;2807;8,19
259682;2801;8,04
259683;2815;8,40
259684;2811;8,29
259685;2811;8,29
259686;2811;8,29
259687;2821;8,55
259688;2811;8,29
259689;2812;8,32
259690;2809;8,24
259691;2816;8,42
259692;2817;8,45
259693;2815;8,40
259694;2811;8,29
259695;2818;8,47
259696;2811;8,29
259697;2818;8,47
259698;2825;8,65
259699;2814;8,37
259700;2823;8,60
259701;2814;8,37
259702;2815;8,40
259703;2815;8,40
259704;2817;8,45
259705;2809;8,24
259706;2815;8,40
259707;2817;8,45
259708;2817;8,45
259709;2809;8,24
259710;2815;8,40
259711;2811;8,29
259712;2806;8,17
259713;2813;8,35
259714;2811;8,29
259715;2815;8,40
259716;2810;8,27
259717;2807;8,19
259718;2802;8,07
259719;2809;8,24
259720;2818;8,47
259721;2813;8,35
259722;2812;8,32
259723;2803;8,09
259724;2800;8,02
259725;2800;8,02
259726;2802;8,07
259727;2801;8,04
259728;2799;7,99
259729;2800;8,02
259730;2799;7,99
259731;2800;8,02
259732;2801;8,04
259733;2793;7,84
259734;2791;7,79
259735;2798;7,97
259736;2795;7,89
259737;2800;8,02
259738;2791;7,79
259739;2795;7,89
259740;2800;8,02
259741;2795;7,89
259742;2800;8,02
259743;2795;7,89
259744;2802;8,07
259745;2800;8,02
259746;2799;7,99
259747;2793;7,84
259748;2791;7,79
259749;2793;7,84
259750;2787;7,69
259751;2792;7,81
259752;2801;8,04
259753;2790;7,76
259754;2789;7,74
259755;2795;7,89
259756;2789;7,74
259757;2792;7,81
259758;2800;8,02
259759;2800;8,02
259760;2800;8,02
259761;2799;7,99
259762;2790;7,76
259763;2794;7,86
259764;2791;7,79
259765;2802;8,07
259766;2791;7,79
259767;2797;7,94
259768;2791;7,79
259769;2799;7,99
259770;2794;7,86
259771;2795;7,89
259772;2791;7,79
259773;2796;7,91
259774;2800;8,02
259775;2797;7,94
259776;2791;7,79
259777;2791;7,79
259778;2789;7,74
259779;2791;7,79
259780;2791;7,79
259781;2789;7,74
259782;2794;7,86
259783;2789;7,74
259784;2795;7,89
259785;2791;7,79
259786;2797;7,94
259787;2789;7,74
259788;2796;7,91
259789;2798;7,97
259790;2791;7,79
259791;2791;7,79
259792;2793;7,84
259793;2785;7,64
259794;2793;7,84
259795;2799;7,99
259796;2795;7,89
259797;2800;8,02
259798;2798;7,97
259799;2789;7,74
259800;2787;7,69
259801;2795;7,89
259802;2791;7,79
259803;2793;7,84
259804;2791;7,79
259805;2798;7,97
259806;2794;7,86
259807;2799;7,99
259808;2794;7,86
259809;2793;7,84
259810;2799;7,99
259811;2785;7,64
259812;2799;7,99
259813;2795;7,89
259814;2798;7,97
259815;2799;7,99
259816;2799;7,99
259817;2799;7,99
259818;2802;8,07
259819;2798;7,97
259820;2800;8,02
259821;2797;7,94
259822;2800;8,02
259823;2863;9,61
259824;2800;8,02
259825;2800;8,02
259826;2798;7,97
259827;2797;7,94
259828;2791;7,79
259829;2791;7,79
259830;2797;7,94
259831;2797;7,94
259832;2797;7,94
259833;2800;8,02
259834;2812;8,32
259835;2798;7,97
259836;2800;8,02
259837;2791;7,79
259838;2797;7,94
259839;2798;7,97
259840;2800;8,02
259841;2793;7,84
259842;2796;7,91
259843;2799;7,99
259844;2800;8,02
259845;2791;7,79
259846;2800;8,02
259847;2791;7,79
259848;2801;8,04
259849;2800;8,02
259850;2793;7,84
259851;2802;8,07
259852;2798;7,97
259853;2800;8,02
259854;2802;8,07
259855;2798;7,97
259856;2797;7,94
259857;2799;7,99
259858;2800;8,02
259859;2806;8,17
259860;2810;8,27
259861;2805;8,14
259862;2795;7,89
259863;2800;8,02
259864;2819;8,50
259865;2800;8,02
259866;2800;8,02
259867;2800;8,02
259868;2800;8,02
259869;2802;8,07
259870;2811;8,29
259871;2819;8,50
259872;2809;8,24
259873;2803;8,09
259874;2802;8,07
259875;2815;8,40
259876;2801;8,04
259877;2800;8,02
259878;2807;8,19
259879;2810;8,27
259880;2804;8,12
259881;2805;8,14
259882;2805;8,14
259883;2806;8,17
259884;2803;8,09
259885;2802;8,07
259886;2806;8,17
259887;2810;8,27
259888;2803;8,09
259889;2805;8,14
259890;2802;8,07
259891;2799;7,99
259892;2801;8,04
259893;2805;8,14
259894;2802;8,07
259895;2802;8,07
259896;2803;8,09
259897;2800;8,02
259898;2801;8,04
259899;2811;8,29
259900;2799;7,99
259901;2799;7,99
259902;2800;8,02
259903;2801;8,04
259904;2805;8,14
259905;2807;8,19
259906;2801;8,04
259907;2806;8,17
259908;2797;7,94
259909;2791;7,79
259910;2800;8,02
259911;2797;7,94
259912;2797;7,94
259913;2800;8,02
259914;2803;8,09
259915;2801;8,04
259916;2799;7,99
259917;2795;7,89
259918;2797;7,94
259919;2794;7,86
259920;2799;7,99
259921;2800;8,02
259922;2800;8,02
259923;2801;8,04
259924;2795;7,89
259925;2801;8,04
259926;2800;8,02
259927;2806;8,17
259928;2800;8,02
259929;2800;8,02
259930;2800;8,02
259931;2799;7,99
259932;2799;7,99
259933;2797;7,94
259934;2790;7,76
259935;2798;7,97
259936;2802;8,07
259937;2809;8,24
259938;2799;7,99
259939;2797;7,94
259940;2800;8,02
259941;2799;7,99
259942;2807;8,19
259943;2813;8,35
259944;2802;8,07
259945;2797;7,94
259946;2798;7,97
259947;2807;8,19
259948;2797;7,94
259949;2795;7,89
259950;2803;8,09
259951;2801;8,04
259952;2797;7,94
259953;2801;8,04
259954;2799;7,99
259955;2806;8,17
259956;2797;7,94
259957;2801;8,04
259958;2801;8,04
259959;2802;8,07
259960;2799;7,99
259961;2800;8,02
259962;2800;8,02
259963;2799;7,99
259964;2806;8,17
259965;2799;7,99
259966;2798;7,97
259967;2802;8,07
259968;2795;7,89
259969;2806;8,17
259970;2800;8,02
259971;2798;7,97
259972;2810;8,27
259973;2801;8,04
259974;2802;8,07
259975;2816;8,42
259976;2805;8,14
259977;2803;8,09
259978;2807;8,19
259979;2803;8,09
259980;2803;8,09
259981;2805;8,14
259982;2803;8,09
259983;2803;8,09
259984;2803;8,09
259985;2806;8,17
259986;2806;8,17
259987;2802;8,07
259988;2802;8,07
259989;2800;8,02
259990;2810;8,27
259991;2806;8,17
259992;2806;8,17
259993;2803;8,09
259994;2803;8,09
259995;2806;8,17
259996;2801;8,04
259997;2799;7,99
259998;2800;8,02
259999;2800;8,02
260000;2797;7,94
260001;2800;8,02
260002;2798;7,97
260003;2802;8,07
260004;2807;8,19
260005;2798;7,97
260006;2798;7,97
260007;2800;8,02
260008;2801;8,04
260009;2800;8,02
260010;2803;8,09
260011;2806;8,17
260012;2803;8,09
260013;2801;8,04
260014;2809;8,24
260015;2811;8,29
260016;2815;8,40
260017;2809;8,24
260018;2803;8,09
260019;2815;8,40
260020;2813;8,35
260021;2811;8,29
260022;2811;8,29
260023;2807;8,19
260024;2814;8,37
260025;2822;8,57
260026;2810;8,27
260027;2814;8,37
260028;2813;8,35
260029;2817;8,45
260030;2814;8,37
260031;2815;8,40
260032;2816;8,42
260033;2814;8,37
260034;2814;8,37
260035;2816;8,42
260036;2809;8,24
260037;2809;8,24
260038;2813;8,35
260039;2818;8,47
260040;2814;8,37
260041;2823;8,60
260042;2821;8,55
260043;2811;8,29
260044;2811;8,29
260045;2819;8,50
260046;2817;8,45
260047;2813;8,35
260048;2811;8,29
260049;2823;8,60
260050;2816;8,42
260051;2814;8,37
260052;2810;8,27
260053;2817;8,45
260054;2812;8,32
260055;2811;8,29
260056;2815;8,40
260057;2814;8,37
260058;2809;8,24
260059;2821;8,55
260060;2807;8,19
260061;2805;8,14
260062;2800;8,02
260063;2810;8,27
260064;2818;8,47
260065;2807;8,19
260066;2819;8,50
260067;2813;8,35
260068;2816;8,42
260069;2822;8,57
260070;2811;8,29
260071;2811;8,29
260072;2816;8,42
260073;2819;8,50
260074;2815;8,40
260075;2821;8,55
260076;2830;8,78
260077;2823;8,60
260078;2822;8,57
260079;2832;8,83
260080;2832;8,83
260081;2829;8,75
260082;2825;8,65
260083;2829;8,75
260084;2829;8,75
260085;2822;8,57
260086;2828;8,72
260087;2825;8,65
260088;2835;8,90
260089;2829;8,75
260090;2844;9,13
260091;2841;9,05
260092;2834;8,88
260093;2843;9,10
260094;2834;8,88
260095;2835;8,90
260096;2838;8,98
260097;2832;8,83
260098;2843;9,10
260099;2846;9,18
260100;2838;8,98
260101;2838;8,98
260102;2837;8,95
260103;2841;9,05
260104;2845;9,15
260105;2844;9,13
260106;2881;10,07
260107;2860;9,53
260108;2850;9,28
260109;2851;9,31
260110;2851;9,31
260111;2853;9,36
260112;2850;9,28
260113;2864;9,64
260114;2864;9,64
260115;2861;9,56
260116;2857;9,46
260117;2862;9,59
260118;2862;9,59
260119;2865;9,66
260120;2867;9,71
260121;2863;9,61
260122;2867;9,71
260123;2865;9,66
260124;2865;9,66
260125;2875;9,91
260126;2870;9,79
260127;2878;9,99
260128;2885;10,17
260129;2871;9,81
260130;2880;10,04
260131;2877;9,96
260132;2877;9,96
260133;2879;10,02
260134;2880;10,04
260135;2878;9,99
260136;2881;10,07
260137;2891;10,32
260138;2893;10,37
260139;2887;10,22
260140;2883;10,12
260141;2897;10,47
260142;2894;10,39
260143;2887;10,22
260144;2896;10,45
260145;2897;10,47
260146;2903;10,62
260147;2905;10,67
260148;2898;10,50
260149;2900;10,55
260150;2903;10,62
260151;2912;10,85
260152;2919;11,03
260153;2922;11,10
260154;2919;11,03
260155;2916;10,95
260156;2923;11,13
260157;2922;11,10
260158;2929;11,28
260159;2931;11,33
260160;2943;11,63
260161;2943;11,63
260162;2944;11,66
260163;2950;11,81
260164;2954;11,91
260165;2957;11,99
260166;2971;12,34
260167;2967;12,24
260168;2973;12,39
260169;2972;12,37
260170;2983;12,65
260171;2990;12,82
260172;2997;13,00
260173;2992;12,87
260174;2998;13,03
260175;2999;13,05
260176;3008;13,28
260177;3008;13,28
260178;3013;13,41
260179;3014;13,43
260180;3021;13,61
260181;3024;13,68
260182;3033;13,91
260183;3035;13,96
260184;3041;14,11
260185;3043;14,16
260186;3050;14,34
260187;3041;14,11
260188;3054;14,44
260189;3058;14,54
260190;3063;14,67
260191;3061;14,62
260192;3071;14,87
260193;3071;14,87
260194;3071;14,87
260195;3090;15,35
260196;3079;15,08
260197;3088;15,30
260198;3097;15,53
260199;3089;15,33
260200;3100;15,61
260201;3107;15,78
260202;3108;15,81
260203;3105;15,73
260204;3107;15,78
260205;3115;15,99
260206;3116;16,01
260207;3113;15,94
260208;3115;15,99
260209;3111;15,89
260210;3119;16,09
260211;3123;16,19
260212;3120;16,11
260213;3120;16,11
260214;3120;16,11
260215;3118;16,06
260216;3127;16,29
260217;3133;16,44
260218;3131;16,39
260219;3134;16,47
260220;3131;16,39
260221;3130;16,37
260222;3139;16,59
260223;3136;16,52
260224;3135;16,49
260225;3136;16,52
260226;3136;16,52
260227;3133;16,44
260228;3140;16,62
260229;3142;16,67
260230;3139;16,59
260231;3151;16,90
260232;3147;16,80
260233;3149;16,85
260234;3147;16,80
260235;3146;16,77
260236;3152;16,92
260237;3156;17,02
260238;3153;16,95
260239;3152;16,92
260240;3151;16,90
260241;3152;16,92
260242;3152;16,92
260243;3157;17,05
260244;3153;16,95
260245;3154;16,97
260246;3163;17,20
260247;3168;17,33
260248;3170;17,38
260249;3181;17,66
260250;3188;17,83
260251;3169;17,35
260252;3171;17,40
260253;3173;17,45
260254;3169;17,35
260255;3175;17,51
260256;3167;17,30
260257;3181;17,66
260258;3184;17,73
260259;3196;18,04
260260;3196;18,04
260261;3190;17,88
260262;3173;17,45
260263;3186;17,78
260264;3186;17,78
260265;3185;17,76
260266;3191;17,91
260267;3200;18,14
260268;3184;17,73
260269;3183;17,71
260270;3187;17,81
260271;3174;17,48
260272;3181;17,66
260273;3173;17,45
260274;3181;17,66
260275;3179;17,61
260276;3181;17,66
260277;3175;17,51
260278;3175;17,51
260279;3179;17,61
260280;3171;17,40
260281;3182;17,68
260282;3167;17,30
260283;3167;17,30
260284;3163;17,20
260285;3166;17,28
260286;3170;17,38
260287;3167;17,30
260288;3173;17,45
260289;3155;17,00
260290;3154;16,97
260291;3152;16,92
260292;3146;16,77
260293;3141;16,64
260294;3139;16,59
260295;3147;16,80
260296;3143;16,70
260297;3146;16,77
260298;3149;16,85
260299;3143;16,70
260300;3150;16,87
260301;3149;16,85
260302;3151;16,90
260303;3131;16,39
260304;3137;16,54
260305;3133;16,44
260306;3143;16,70
260307;3128;16,32
260308;3143;16,70
260309;3136;16,52
260310;3146;16,77
260311;3123;16,19
260312;3130;16,37
260313;3127;16,29
260314;3131;16,39
260315;3120;16,11
260316;3122;16,16
260317;3119;16,09
260318;3120;16,11
260319;3119;16,09
260320;3120;16,11
260321;3106;15,76
260322;3120;16,11
260323;3118;16,06
260324;3114;15,96
260325;3095;15,48
260326;3102;15,66
260327;3090;15,35
260328;3094;15,46
260329;3088;15,30
260330;3071;14,87
260331;3067;14,77
260332;3088;15,30
260333;3085;15,23
260334;3080;15,10
260335;3082;15,15
260336;3091;15,38
260337;3099;15,58
260338;3089;15,33
260339;3089;15,33
260340;3092;15,40
260341;3085;15,23
260342;3099;15,58
260343;3088;15,30
260344;3093;15,43
260345;3089;15,33
260346;3100;15,61
260347;3086;15,25
260348;3085;15,23
260349;3071;14,87
260350;3088;15,30
260351;3062;14,65
260352;3070;14,85
260353;3087;15,28
260354;3086;15,25
260355;3088;15,30
260356;3100;15,61
260357;3082;15,15
260358;3088;15,30
260359;3088;15,30
260360;3090;15,35
260361;3089;15,33
260362;3088;15,30
260363;3095;15,48
260364;3092;15,40
260365;3093;15,43
260366;3085;15,23
260367;3083;15,18
260368;3092;15,40
260369;3071;14,87
260370;3087;15,28
260371;3063;14,67
260372;3065;14,72
260373;3050;14,34
260374;3047;14,27
260375;3033;13,91
260376;3033;13,91
260377;3019;13,56
260378;3031;13,86
260379;3039;14,06
260380;3046;14,24
260381;3039;14,06
260382;3043;14,16
260383;3037;14,01
260384;3056;14,49
260385;3041;14,11
260386;3056;14,49
260387;3069;14,82
260388;3088;15,30
260389;3061;14,62
260390;3071;14,87
260391;3055;14,47
260392;3040;14,09
260393;3056;14,49
260394;3098;15,56
260395;3070;14,85
260396;3066;14,75
260397;3082;15,15
260398;3082;15,15
260399;3071;14,87
260400;3085;15,23
260401;3085;15,23
260402;3098;15,56
260403;3086;15,25
260404;3082;15,15
260405;3088;15,30
260406;3069;14,82
260407;3063;14,67
260408;3090;15,35
260409;3088;15,30
260410;3071;14,87
260411;3043;14,16
260412;3062;14,65
260413;3024;13,68
260414;3008;13,28
260415;3007;13,25
260416;3013;13,41
260417;3007;13,25
260418;3013;13,41
260419;3003;13,15
260420;2992;12,87
260421;2991;12,85
260422;2978;12,52
260423;2983;12,65
260424;2995;12,95
260425;3009;13,30
260426;3013;13,41
260427;2992;12,87
260428;3006;13,23
260429;2999;13,05
260430;3012;13,38
260431;2992;12,87
260432;3010;13,33
260433;3001;13,10
260434;3021;13,61
260435;2997;13,00
260436;3018;13,53
260437;3010;13,33
260438;3010;13,33
260439;2996;12,98
260440;3007;13,25
260441;2973;12,39
260442;2992;12,87
260443;2979;12,55
260444;2992;12,87
260445;2981;12,60
260446;2999;13,05
260447;2987;12,75
260448;2992;12,87
260449;2985;12,70
260450;2990;12,82
260451;2963;12,14
260452;2991;12,85
260453;2960;12,06
260454;2960;12,06
260455;2958;12,01
260456;2961;12,09
260457;2961;12,09
260458;2979;12,55
260459;2961;12,09
260460;2992;12,87
260461;2987;12,75
260462;2994;12,93
260463;2983;12,65
260464;2992;12,87
260465;2962;12,12
260466;2987;12,75
260467;2992;12,87
260468;3001;13,10
260469;2992;12,87
260470;2987;12,75
260471;2992;12,87
260472;3001;13,10
260473;2962;12,12
260474;2983;12,65
260475;3002;13,13
260476;3021;13,61
260477;2971;12,34
260478;2987;12,75
260479;2992;12,87
260480;3017;13,51
260481;2979;12,55
260482;2960;12,06
260483;2982;12,62
260484;3007;13,25
260485;2997;13,00
260486;2969;12,29
260487;2943;11,63
260488;2958;12,01
260489;2950;11,81
260490;2966;12,22
260491;2958;12,01
260492;2951;11,84
260493;2949;11,79
260494;2959;12,04
260495;2946;11,71
260496;2971;12,34
260497;2943;11,63
260498;2948;11,76
260499;2944;11,66
260500;2946;11,71
260501;2935;11,43
260502;2944;11,66
260503;2928;11,26
260504;2939;11,53
260505;2937;11,48
260506;2935;11,43
260507;2913;10,88
260508;2928;11,26
260509;2926;11,20
260510;2946;11,71
260511;2944;11,66
260512;2951;11,84
260513;2941;11,58
260514;2950;11,81
260515;2930;11,31
260516;2957;11,99
260517;2946;11,71
260518;2960;12,06
260519;2960;12,06
260520;2979;12,55
260521;2966;12,22
260522;2966;12,22
260523;2949;11,79
260524;2948;11,76
260525;2938;11,51
260526;2957;11,99
260527;2942;11,61
260528;2954;11,91
260529;2931;11,33
260530;2947;11,74
260531;2941;11,58
260532;2949;11,79
260533;2917;10,98
260534;2917;10,98
260535;2908;10,75
260536;2923;11,13
260537;2930;11,31
260538;2956;11,96
260539;2935;11,43
260540;2948;11,76
260541;2928;11,26
260542;2928;11,26
260543;2939;11,53
260544;2956;11,96
260545;2934;11,41
260546;2960;12,06
260547;2931;11,33
260548;2947;11,74
260549;2927;11,23
260550;2931;11,33
260551;2954;11,91
260552;2956;11,96
260553;2957;11,99
260554;2961;12,09
260555;2954;11,91
260556;2963;12,14
260557;2959;12,04
260558;2960;12,06
260559;2966;12,22
260560;2977;12,49
260561;2957;11,99
260562;2976;12,47
260563;2951;11,84
260564;2944;11,66
260565;2930;11,31
260566;2960;12,06
260567;2944;11,66
260568;2944;11,66
260569;2930;11,31
260570;2956;11,96
260571;2928;11,26
260572;2946;11,71
260573;2915;10,93
260574;2937;11,48
260575;2919;11,03
260576;2933;11,38
260577;2917;10,98
260578;2903;10,62
260579;2887;10,22
260580;2915;10,93
260581;2888;10,24
260582;2895;10,42
260583;2887;10,22
260584;2908;10,75
260585;2914;10,90
260586;2914;10,90
260587;2915;10,93
260588;2922;11,10
260589;2913;10,88
260590;2928;11,26
260591;2907;10,72
260592;2917;10,98
260593;2927;11,23
260594;2933;11,38
260595;2931;11,33
260596;2950;11,81
260597;2933;11,38
260598;2942;11,61
260599;2915;10,93
260600;2941;11,58
260601;2908;10,75
260602;2919;11,03
260603;2913;10,88
260604;2919;11,03
260605;2896;10,45
260606;2897;10,47
260607;2881;10,07
260608;2909;10,77
260609;2878;9,99
260610;2890;10,29
260611;2879;10,02
260612;2890;10,29
260613;2877;9,96
260614;2879;10,02
260615;2874;9,89
260616;2893;10,37
260617;2864;9,64
260618;2885;10,17
260619;2871;9,81
260620;2865;9,66
260621;2867;9,71
260622;2886;10,19
260623;2878;9,99
260624;2881;10,07
260625;2882;10,09
260626;2896;10,45
260627;2868;9,74
260628;2881;10,07
260629;2879;10,02
260630;2882;10,09
260631;2875;9,91
260632;2882;10,09
260633;2874;9,89
260634;2903;10,62
260635;2870;9,79
260636;2902;10,60
260637;2877;9,96
260638;2899;10,52
260639;2882;10,09
260640;2889;10,27
260641;2874;9,89
260642;2895;10,42
260643;2877;9,96
260644;2884;10,14
260645;2877;9,96
260646;2880;10,04
260647;2878;9,99
260648;2895;10,42
260649;2875;9,91
260650;2894;10,39
260651;2868;9,74
260652;2891;10,32
260653;2873;9,86
260654;2887;10,22
260655;2863;9,61
260656;2883;10,12
260657;2866;9,69
260658;2896;10,45
260659;2858;9,48
260660;2870;9,79
260661;2855;9,41
260662;2863;9,61
260663;2851;9,31
260664;2860;9,53
260665;2834;8,88
260666;2837;8,95
260667;2819;8,50
260668;2842;9,08
260669;2839;9,00
260670;2853;9,36
260671;2809;8,24
260672;2847;9,21
260673;2861;9,56
260674;2853;9,36
260675;2848;9,23
260676;2855;9,41
260677;2857;9,46
260678;2879;10,02
260679;2854;9,38
260680;2865;9,66
260681;2862;9,59
260682;2875;9,91
260683;2857;9,46
260684;2881;10,07
260685;2864;9,64
260686;2871;9,81
260687;2851;9,31
260688;2880;10,04
260689;2859;9,51
260690;2869;9,76
260691;2858;9,48
260692;2869;9,76
260693;2853;9,36
260694;2881;10,07
260695;2854;9,38
260696;2870;9,79
260697;2854;9,38
260698;2863;9,61
260699;2859;9,51
260700;2848;9,23
260701;2827;8,70
260702;2834;8,88
260703;2809;8,24
260704;2818;8,47
260705;2800;8,02
260706;2809;8,24
260707;2801;8,04
260708;2802;8,07
260709;2800;8,02
260710;2806;8,17
260711;2803;8,09
260712;2814;8,37
260713;2801;8,04
260714;2814;8,37
260715;2803;8,09
260716;2809;8,24
260717;2806;8,17
260718;2845;9,15
260719;2822;8,57
260720;2818;8,47
260721;2817;8,45
260722;2820;8,52
260723;2822;8,57
260724;2822;8,57
260725;2829;8,75
260726;2843;9,10
260727;2832;8,83
260728;2855;9,41
260729;2830;8,78
260730;2853;9,36
260731;2833;8,85
260732;2849;9,26
260733;2832;8,83
260734;2839;9,00
260735;2830;8,78
260736;2829;8,75
260737;2826;8,67
260738;2848;9,23
260739;2836;8,93
260740;2858;9,48
260741;2823;8,60
260742;2830;8,78
260743;2817;8,45
260744;2831;8,80
260745;2815;8,40
260746;2821;8,55
260747;2821;8,55
260748;2831;8,80
260749;2817;8,45
260750;2821;8,55
260751;2810;8,27
260752;2814;8,37
260753;2804;8,12
260754;2807;8,19
260755;2800;8,02
260756;2823;8,60
260757;2802;8,07
260758;2818;8,47
260759;2798;7,97
260760;2806;8,17
260761;2789;7,74
260762;2791;7,79
260763;2775;7,38
260764;2781;7,54
260765;2769;7,23
260766;2773;7,33
260767;2771;7,28
260768;2783;7,59
260769;2782;7,56
260770;2795;7,89
260771;2769;7,23
260772;2789;7,74
260773;2775;7,38
260774;2810;8,27
260775;2790;7,76
260776;2803;8,09
260777;2791;7,79
260778;2809;8,24
260779;2802;8,07
260780;2825;8,65
260781;2800;8,02
260782;2816;8,42
260783;2802;8,07
260784;2809;8,24
260785;2805;8,14
260786;2827;8,70
260787;2814;8,37
260788;2829;8,75
260789;2815;8,40
260790;2822;8,57
260791;2803;8,09
260792;2826;8,67
260793;2800;8,02
260794;2803;8,09
260795;2802;8,07
260796;2806;8,17
260797;2807;8,19
260798;2803;8,09
260799;2801;8,04
260800;2817;8,45
260801;2802;8,07
260802;2796;7,91
260803;2788;7,71
260804;2799;7,99
260805;2795;7,89
260806;2803;8,09
260807;2798;7,97
260808;2803;8,09
260809;2793;7,84
260810;2798;7,97
260811;2786;7,66
260812;2800;8,02
260813;2793;7,84
260814;2816;8,42
260815;2796;7,91
260816;2820;8,52
260817;2800;8,02
260818;2819;8,50
260819;2802;8,07
260820;2811;8,29
260821;2807;8,19
260822;2813;8,35
260823;2802;8,07
260824;2807;8,19
260825;2801;8,04
260826;2835;8,90
260827;2813;8,35
260828;2822;8,57
260829;2812;8,32
260830;2837;8,95
260831;2812;8,32
260832;2822;8,57
260833;2823;8,60
260834;2822;8,57
260835;2816;8,42
260836;2839;9,00
260837;2816;8,42
260838;2832;8,83
260839;2816;8,42
260840;2829;8,75
260841;2817;8,45
260842;2845;9,15
260843;2827;8,70
260844;2826;8,67
260845;2819;8,50
260846;2835;8,90
260847;2828;8,72
260848;2844;9,13
260849;2820;8,52
260850;2831;8,80
260851;2831;8,80
260852;2832;8,83
260853;2818;8,47
260854;2827;8,70
260855;2823;8,60
260856;2829;8,75
260857;2825;8,65
260858;2833;8,85
260859;2832;8,83
260860;2839;9,00
260861;2831;8,80
260862;2831;8,80
260863;2831;8,80
260864;2845;9,15
260865;2831;8,80
260866;2844;9,13
260867;2837;8,95
260868;2838;8,98
260869;2835;8,90
260870;2858;9,48
260871;2844;9,13
260872;2853;9,36
260873;2835;8,90
260874;2859;9,51
260875;2847;9,21
260876;2861;9,56
260877;2838;8,98
260878;2862;9,59
260879;2857;9,46
260880;2869;9,76
260881;2850;9,28
260882;2865;9,66
260883;2854;9,38
260884;2863;9,61
260885;2853;9,36
260886;2880;10,04
260887;2854;9,38
260888;2870;9,79
260889;2859;9,51
260890;2880;10,04
260891;2861;9,56
260892;2879;10,02
260893;2864;9,64
260894;2879;10,02
260895;2865;9,66
260896;2871;9,81
260897;2866;9,69
260898;2882;10,09
260899;2867;9,71
260900;2882;10,09
260901;2865;9,66
260902;2870;9,79
260903;2874;9,89
260904;2871;9,81
260905;2870;9,79
260906;2880;10,04
260907;2869;9,76
260908;2874;9,89
260909;2864;9,64
260910;2879;10,02
260911;2869;9,76
260912;2880;10,04
260913;2862;9,59
260914;2893;10,37
260915;2862;9,59
260916;2877;9,96
260917;2864;9,64
260918;2870;9,79
260919;2854;9,38
260920;2862;9,59
260921;2859;9,51
260922;2879;10,02
260923;2859;9,51
260924;2864;9,64
260925;2863;9,61
260926;2859;9,51
260927;2863;9,61
260928;2880;10,04
260929;2853;9,36
260930;2865;9,66
260931;2864;9,64
260932;2885;10,17
260933;2863;9,61
260934;2879;10,02
260935;2864;9,64
260936;2866;9,69
260937;2866;9,69
260938;2871;9,81
260939;2867;9,71
260940;2898;10,50
260941;2880;10,04
260942;2883;10,12
260943;2883;10,12
260944;2883;10,12
260945;2879;10,02
260946;2899;10,52
260947;2879;10,02
260948;2898;10,50
260949;2879;10,02
260950;2898;10,50
260951;2878;9,99
260952;2891;10,32
260953;2881;10,07
260954;2887;10,22
260955;2879;10,02
260956;2895;10,42
260957;2885;10,17
260958;2887;10,22
260959;2882;10,09
260960;2895;10,42
260961;2887;10,22
260962;2884;10,14
260963;2879;10,02
260964;2885;10,17
260965;2879;10,02
260966;2896;10,45
260967;2883;10,12
260968;2885;10,17
260969;2881;10,07
260970;2882;10,09
260971;2869;9,76
260972;2880;10,04
260973;2876;9,94
260974;2894;10,39
260975;2878;9,99
260976;2871;9,81
260977;2879;10,02
260978;2887;10,22
260979;2877;9,96
260980;2873;9,86
260981;2868;9,74
260982;2871;9,81
260983;2864;9,64
260984;2872;9,84
260985;2865;9,66
260986;2896;10,45
260987;2861;9,56
260988;2885;10,17
260989;2867;9,71
260990;2864;9,64
260991;2855;9,41
260992;2864;9,64
260993;2851;9,31
260994;2870;9,79
260995;2864;9,64
260996;2867;9,71
260997;2851;9,31
260998;2861;9,56
260999;2858;9,48
261000;2853;9,36
261001;2852;9,33
261002;2854;9,38
261003;2854;9,38
261004;2865;9,66
261005;2857;9,46
261006;2864;9,64
261007;2849;9,26
261008;2858;9,48
261009;2851;9,31
261010;2864;9,64
261011;2858;9,48
261012;2850;9,28
261013;2849;9,26
261014;2864;9,64
261015;2847;9,21
261016;2853;9,36
261017;2843;9,10
261018;2864;9,64
261019;2852;9,33
261020;2860;9,53
261021;2848;9,23
261022;2871;9,81
261023;2857;9,46
261024;2855;9,41
261025;2848;9,23
261026;2859;9,51
261027;2849;9,26
261028;2853;9,36
261029;2849;9,26
261030;2863;9,61
261031;2839;9,00
261032;2861;9,56
261033;2851;9,31
261034;2860;9,53
261035;2847;9,21
261036;2854;9,38
261037;2845;9,15
261038;2857;9,46
261039;2837;8,95
261040;2861;9,56
261041;2834;8,88
261042;2845;9,15
261043;2847;9,21
261044;2863;9,61
261045;2845;9,15
261046;2859;9,51
261047;2842;9,08
261048;2862;9,59
261049;2841;9,05
261050;2853;9,36
261051;2843;9,10
261052;2845;9,15
261053;2843;9,10
261054;2858;9,48
261055;2841;9,05
261056;2864;9,64
261057;2847;9,21
261058;2846;9,18
261059;2837;8,95
261060;2863;9,61
261061;2836;8,93
261062;2857;9,46
261063;2845;9,15
261064;2850;9,28
261065;2833;8,85
261066;2864;9,64
261067;2855;9,41
261068;2853;9,36
261069;2832;8,83
261070;2848;9,23
261071;2849;9,26
261072;2870;9,79
261073;2849;9,26
261074;2863;9,61
261075;2855;9,41
261076;2863;9,61
261077;2848;9,23
261078;2869;9,76
261079;2851;9,31
261080;2859;9,51
261081;2853;9,36
261082;2859;9,51
261083;2851;9,31
261084;2867;9,71
261085;2851;9,31
261086;2867;9,71
261087;2853;9,36
261088;2867;9,71
261089;2855;9,41
261090;2857;9,46
261091;2857;9,46
261092;2863;9,61
261093;2851;9,31
261094;2868;9,74
261095;2862;9,59
261096;2870;9,79
261097;2853;9,36
261098;2859;9,51
261099;2852;9,33
261100;2874;9,89
261101;2848;9,23
261102;2861;9,56
261103;2849;9,26
261104;2861;9,56
261105;2845;9,15
261106;2878;9,99
261107;2848;9,23
261108;2851;9,31
261109;2857;9,46
261110;2869;9,76
261111;2854;9,38
261112;2853;9,36
261113;2848;9,23
261114;2868;9,74
261115;2848;9,23
261116;2858;9,48
261117;2847;9,21
261118;2863;9,61
261119;2858;9,48
261120;2849;9,26
261121;2845;9,15
261122;2867;9,71
261123;2847;9,21
261124;2863;9,61
261125;2842;9,08
261126;2855;9,41
261127;2844;9,13
261128;2854;9,38
261129;2834;8,88
261130;2850;9,28
261131;2842;9,08
261132;2852;9,33
261133;2834;8,88
261134;2842;9,08
261135;2837;8,95
261136;2851;9,31
261137;2841;9,05
261138;2850;9,28
261139;2834;8,88
261140;2857;9,46
261141;2834;8,88
261142;2847;9,21
261143;2832;8,83
261144;2849;9,26
261145;2834;8,88
261146;2854;9,38
261147;2827;8,70
261148;2837;8,95
261149;2832;8,83
261150;2834;8,88
261151;2828;8,72
261152;2831;8,80
261153;2823;8,60
261154;2832;8,83
261155;2829;8,75
261156;2834;8,88
261157;2820;8,52
261158;2832;8,83
261159;2828;8,72
261160;2842;9,08
261161;2818;8,47
261162;2845;9,15
261163;2825;8,65
261164;2835;8,90
261165;2817;8,45
261166;2820;8,52
261167;2822;8,57
261168;2839;9,00
261169;2816;8,42
261170;2834;8,88
261171;2819;8,50
261172;2827;8,70
261173;2814;8,37
261174;2830;8,78
261175;2811;8,29
261176;2816;8,42
261177;2815;8,40
261178;2839;9,00
261179;2816;8,42
261180;2831;8,80
261181;2815;8,40
261182;2827;8,70
261183;2807;8,19
261184;2832;8,83
261185;2810;8,27
261186;2826;8,67
261187;2806;8,17
261188;2816;8,42
261189;2807;8,19
261190;2809;8,24
261191;2809;8,24
261192;2832;8,83
261193;2807;8,19
261194;2836;8,93
261195;2813;8,35
261196;2827;8,70
261197;2807;8,19
261198;2835;8,90
261199;2816;8,42
261200;2837;8,95
261201;2803;8,09
261202;2826;8,67
261203;2812;8,32
261204;2830;8,78
261205;2815;8,40
261206;2811;8,29
261207;2815;8,40
261208;2832;8,83
261209;2807;8,19
261210;2819;8,50
261211;2811;8,29
261212;2831;8,80
261213;2813;8,35
261214;2832;8,83
261215;2817;8,45
261216;2823;8,60
261217;2815;8,40
261218;2837;8,95
261219;2803;8,09
261220;2816;8,42
261221;2817;8,45
261222;2832;8,83
261223;2812;8,32
261224;2827;8,70
261225;2807;8,19
261226;2827;8,70
261227;2814;8,37
261228;2831;8,80
261229;2811;8,29
261230;2823;8,60
261231;2813;8,35
261232;2830;8,78
261233;2810;8,27
261234;2815;8,40
261235;2813;8,35
261236;2815;8,40
261237;2800;8,02
261238;2811;8,29
261239;2800;8,02
261240;2811;8,29
261241;2805;8,14
261242;2832;8,83
261243;2805;8,14
261244;2823;8,60
261245;2800;8,02
261246;2822;8,57
261247;2795;7,89
261248;2809;8,24
261249;2803;8,09
261250;2832;8,83
261251;2810;8,27
261252;2806;8,17
261253;2801;8,04
261254;2809;8,24
261255;2802;8,07
261256;2805;8,14
261257;2800;8,02
261258;2816;8,42
261259;2795;7,89
261260;2805;8,14
261261;2807;8,19
261262;2822;8,57
261263;2798;7,97
261264;2830;8,78
261265;2800;8,02
261266;2813;8,35
261267;2800;8,02
261268;2814;8,37
261269;2801;8,04
261270;2814;8,37
261271;2800;8,02
261272;2809;8,24
261273;2800;8,02
261274;2823;8,60
261275;2801;8,04
261276;2861;9,56
261277;2801;8,04
261278;2826;8,67
261279;2807;8,19
261280;2815;8,40
261281;2810;8,27
261282;2818;8,47
261283;2807;8,19
261284;2811;8,29
261285;2809;8,24
261286;2832;8,83
261287;2809;8,24
261288;2826;8,67
261289;2810;8,27
261290;2815;8,40
261291;2809;8,24
261292;2830;8,78
261293;2813;8,35
261294;2827;8,70
261295;2805;8,14
261296;2829;8,75
261297;2810;8,27
261298;2815;8,40
261299;2806;8,17
261300;2823;8,60
261301;2805;8,14
261302;2830;8,78
261303;2811;8,29
261304;2837;8,95
261305;2813;8,35
261306;2814;8,37
261307;2801;8,04
261308;2818;8,47
261309;2814;8,37
261310;2829;8,75
261311;2811;8,29
261312;2826;8,67
261313;2800;8,02
261314;2821;8,55
261315;2806;8,17
261316;2813;8,35
261317;2802;8,07
261318;2819;8,50
261319;2805;8,14
261320;2826;8,67
261321;2813;8,35
261322;2815;8,40
261323;2805;8,14
261324;2830;8,78
261325;2817;8,45
261326;2816;8,42
261327;2815;8,40
261328;2830;8,78
261329;2811;8,29
261330;2831;8,80
261331;2821;8,55
261332;2832;8,83
261333;2814;8,37
261334;2832;8,83
261335;2811;8,29
261336;2835;8,90
261337;2810;8,27
261338;2835;8,90
261339;2815;8,40
261340;2832;8,83
261341;2822;8,57
261342;2828;8,72
261343;2816;8,42
261344;2847;9,21
261345;2817;8,45
261346;2837;8,95
261347;2811;8,29
261348;2839;9,00
261349;2811;8,29
261350;2814;8,37
261351;2815;8,40
261352;2835;8,90
261353;2809;8,24
261354;2832;8,83
261355;2815;8,40
261356;2832;8,83
261357;2804;8,12
261358;2829;8,75
261359;2810;8,27
261360;2815;8,40
261361;2813;8,35
261362;2832;8,83
261363;2807;8,19
261364;2815;8,40
261365;2805;8,14
261366;2816;8,42
261367;2809;8,24
261368;2829;8,75
261369;2807;8,19
261370;2806;8,17
261371;2800;8,02
261372;2823;8,60
261373;2800;8,02
261374;2816;8,42
261375;2801;8,04
261376;2815;8,40
261377;2800;8,02
261378;2807;8,19
261379;2791;7,79
261380;2821;8,55
261381;2800;8,02
261382;2798;7,97
261383;2798;7,97
261384;2827;8,70
261385;2805;8,14
261386;2821;8,55
261387;2795;7,89
261388;2803;8,09
261389;2802;8,07
261390;2819;8,50
261391;2793;7,84
261392;2814;8,37
261393;2806;8,17
261394;2805;8,14
261395;2795;7,89
261396;2805;8,14
261397;2795;7,89
261398;2823;8,60
261399;2800;8,02
261400;2810;8,27
261401;2800;8,02
261402;2812;8,32
261403;2793;7,84
261404;2802;8,07
261405;2800;8,02
261406;2807;8,19
261407;2798;7,97
261408;2805;8,14
261409;2803;8,09
261410;2822;8,57
261411;2799;7,99
261412;2803;8,09
261413;2799;7,99
261414;2819;8,50
261415;2800;8,02
261416;2815;8,40
261417;2800;8,02
261418;2810;8,27
261419;2802;8,07
261420;2817;8,45
261421;2802;8,07
261422;2803;8,09
261423;2800;8,02
261424;2810;8,27
261425;2809;8,24
261426;2816;8,42
261427;2805;8,14
261428;2825;8,65
261429;2807;8,19
261430;2820;8,52
261431;2803;8,09
261432;2816;8,42
261433;2811;8,29
261434;2811;8,29
261435;2800;8,02
261436;2826;8,67
261437;2800;8,02
261438;2815;8,40
261439;2800;8,02
261440;2814;8,37
261441;2796;7,91
261442;2804;8,12
261443;2803;8,09
261444;2805;8,14
261445;2800;8,02
261446;2805;8,14
261447;2800;8,02
261448;2811;8,29
261449;2803;8,09
261450;2817;8,45
261451;2800;8,02
261452;2810;8,27
261453;2806;8,17
261454;2809;8,24
261455;2798;7,97
261456;2816;8,42
261457;2804;8,12
261458;2825;8,65
261459;2803;8,09
261460;2814;8,37
261461;2803;8,09
261462;2813;8,35
261463;2811;8,29
261464;2820;8,52
261465;2804;8,12
261466;2821;8,55
261467;2803;8,09
261468;2821;8,55
261469;2807;8,19
261470;2814;8,37
261471;2809;8,24
261472;2814;8,37
261473;2800;8,02
261474;2822;8,57
261475;2805;8,14
261476;2832;8,83
261477;2807;8,19
261478;2823;8,60
261479;2801;8,04
261480;2812;8,32
261481;2809;8,24
261482;2809;8,24
261483;2807;8,19
261484;2806;8,17
261485;2803;8,09
261486;2810;8,27
261487;2800;8,02
261488;2814;8,37
261489;2803;8,09
261490;2815;8,40
261491;2800;8,02
261492;2814;8,37
261493;2805;8,14
261494;2801;8,04
261495;2810;8,27
261496;2802;8,07
261497;2799;7,99
261498;2823;8,60
261499;2800;8,02
261500;2813;8,35
261501;2801;8,04
261502;2817;8,45
261503;2803;8,09
261504;2811;8,29
261505;2801;8,04
261506;2814;8,37
261507;2803;8,09
261508;2817;8,45
261509;2789;7,74
261510;2815;8,40
261511;2803;8,09
261512;2802;8,07
261513;2799;7,99
261514;2821;8,55
261515;2798;7,97
261516;2818;8,47
261517;2800;8,02
261518;2816;8,42
261519;2797;7,94
261520;2823;8,60
261521;2798;7,97
261522;2819;8,50
261523;2807;8,19
261524;2832;8,83
261525;2794;7,86
261526;2833;8,85
261527;2800;8,02
261528;2811;8,29
261529;2807;8,19
261530;2800;8,02
261531;2800;8,02
261532;2831;8,80
261533;2801;8,04
261534;2817;8,45
261535;2804;8,12
261536;2800;8,02
261537;2802;8,07
261538;2819;8,50
261539;2809;8,24
261540;2816;8,42
261541;2802;8,07
261542;2811;8,29
261543;2804;8,12
261544;2807;8,19
261545;2803;8,09
261546;2832;8,83
261547;2806;8,17
261548;2816;8,42
261549;2807;8,19
261550;2811;8,29
261551;2800;8,02
261552;2810;8,27
261553;2815;8,40
261554;2811;8,29
261555;2800;8,02
261556;2801;8,04
261557;2801;8,04
261558;2800;8,02
261559;2798;7,97
261560;2823;8,60
261561;2797;7,94
261562;2801;8,04
261563;2799;7,99
261564;2804;8,12
261565;2800;8,02
261566;2814;8,37
261567;2795;7,89
261568;2816;8,42
261569;2791;7,79
261570;2801;8,04
261571;2799;7,99
261572;2805;8,14
261573;2799;7,99
261574;2817;8,45
261575;2800;8,02
261576;2826;8,67
261577;2800;8,02
261578;2815;8,40
261579;2809;8,24
261580;2815;8,40
261581;2797;7,94
261582;2807;8,19
261583;2801;8,04
261584;2818;8,47
261585;2799;7,99
261586;2832;8,83
261587;2797;7,94
261588;2806;8,17
261589;2798;7,97
261590;2803;8,09
261591;2797;7,94
261592;2803;8,09
261593;2800;8,02
261594;2829;8,75
261595;2799;7,99
261596;2810;8,27
261597;2800;8,02
261598;2813;8,35
261599;2787;7,69
261600;2816;8,42
261601;2789;7,74
261602;2817;8,45
261603;2790;7,76
261604;2794;7,86
261605;2787;7,69
261606;2787;7,69
261607;2786;7,66
261608;2791;7,79
261609;2784;7,61
261610;2791;7,79
261611;2775;7,38
261612;2795;7,89
261613;2771;7,28
261614;2785;7,64
261615;2779;7,48
261616;2789;7,74
261617;2787;7,69
261618;2813;8,35
261619;2780;7,51
261620;2786;7,66
261621;2789;7,74
261622;2803;8,09
261623;2784;7,61
261624;2786;7,66
261625;2779;7,48
261626;2786;7,66
261627;2778;7,46
261628;2800;8,02
261629;2782;7,56
261630;2803;8,09
261631;2778;7,46
261632;2793;7,84
261633;2788;7,71
261634;2800;8,02
261635;2787;7,69
261636;2799;7,99
261637;2791;7,79
261638;2794;7,86
261639;2789;7,74
261640;2802;8,07
261641;2791;7,79
261642;2796;7,91
261643;2794;7,86
261644;2800;8,02
261645;2799;7,99
261646;2813;8,35
261647;2800;8,02
261648;2800;8,02
261649;2800;8,02
261650;2821;8,55
261651;2800;8,02
261652;2803;8,09
261653;2800;8,02
261654;2822;8,57
261655;2798;7,97
261656;2826;8,67
261657;2800;8,02
261658;2813;8,35
261659;2798;7,97
261660;2819;8,50
261661;2800;8,02
261662;2815;8,40
261663;2795;7,89
261664;2831;8,80
261665;2800;8,02
261666;2814;8,37
261667;2800;8,02
261668;2821;8,55
261669;2798;7,97
261670;2799;7,99
261671;2798;7,97
261672;2800;8,02
261673;2795;7,89
261674;2806;8,17
261675;2803;8,09
261676;2797;7,94
261677;2793;7,84
261678;2800;8,02
261679;2790;7,76
261680;2791;7,79
261681;2799;7,99
261682;2800;8,02
261683;2801;8,04
261684;2814;8,37
261685;2794;7,86
261686;2805;8,14
261687;2800;8,02
261688;2827;8,70
261689;2800;8,02
261690;2802;8,07
261691;2800;8,02
261692;2806;8,17
261693;2800;8,02
261694;2800;8,02
261695;2789;7,74
261696;2800;8,02
261697;2788;7,71
261698;2805;8,14
261699;2800;8,02
261700;2800;8,02
261701;2793;7,84
261702;2793;7,84
261703;2798;7,97
261704;2800;8,02
261705;2795;7,89
261706;2805;8,14
261707;2786;7,66
261708;2794;7,86
261709;2791;7,79
261710;2800;8,02
261711;2793;7,84
261712;2788;7,71
261713;2785;7,64
261714;2783;7,59
261715;2785;7,64
261716;2788;7,71
261717;2786;7,66
261718;2781;7,54
261719;2785;7,64
261720;2791;7,79
261721;2786;7,66
261722;2786;7,66
261723;2781;7,54
261724;2785;7,64
261725;2784;7,61
261726;2782;7,56
261727;2783;7,59
261728;2779;7,48
261729;2771;7,28
261730;2788;7,71
261731;2784;7,61
261732;2791;7,79
261733;2783;7,59
261734;2787;7,69
261735;2788;7,71
261736;2790;7,76
261737;2783;7,59
261738;2790;7,76
261739;2783;7,59
261740;2789;7,74
261741;2782;7,56
261742;2791;7,79
261743;2789;7,74
261744;2801;8,04
261745;2786;7,66
261746;2795;7,89
261747;2795;7,89
261748;2796;7,91
261749;2797;7,94
261750;2801;8,04
261751;2791;7,79
261752;2795;7,89
261753;2800;8,02
261754;2794;7,86
261755;2794;7,86
261756;2800;8,02
261757;2796;7,91
261758;2802;8,07
261759;2800;8,02
261760;2807;8,19
261761;2800;8,02
261762;2810;8,27
261763;2800;8,02
261764;2795;7,89
261765;2805;8,14
261766;2807;8,19
261767;2800;8,02
261768;2806;8,17
261769;2807;8,19
261770;2823;8,60
261771;2800;8,02
261772;2807;8,19
261773;2799;7,99
261774;2800;8,02
261775;2800;8,02
261776;2815;8,40
261777;2799;7,99
261778;2800;8,02
261779;2799;7,99
261780;2800;8,02
261781;2802;8,07
261782;2797;7,94
261783;2791;7,79
261784;2798;7,97
261785;2797;7,94
261786;2799;7,99
261787;2789;7,74
261788;2797;7,94
261789;2799;7,99
261790;2787;7,69
261791;2786;7,66
261792;2785;7,64
261793;2783;7,59
261794;2781;7,54
261795;2784;7,61
261796;2775;7,38
261797;2782;7,56
261798;2783;7,59
261799;2792;7,81
261800;2781;7,54
261801;2785;7,64
261802;2786;7,66
261803;2778;7,46
261804;2795;7,89
261805;2790;7,76
261806;2795;7,89
261807;2799;7,99
261808;2798;7,97
261809;2785;7,64
261810;2794;7,86
261811;2798;7,97
261812;2795;7,89
261813;2797;7,94
261814;2791;7,79
261815;2790;7,76
261816;2800;8,02
261817;2795;7,89
261818;2798;7,97
261819;2788;7,71
261820;2787;7,69
261821;2784;7,61
261822;2791;7,79
261823;2789;7,74
261824;2785;7,64
261825;2789;7,74
261826;2789;7,74
261827;2786;7,66
261828;2785;7,64
261829;2786;7,66
261830;2787;7,69
261831;2786;7,66
261832;2786;7,66
261833;2786;7,66
261834;2781;7,54
261835;2785;7,64
261836;2782;7,56
261837;2783;7,59
261838;2785;7,64
261839;2780;7,51
261840;2794;7,86
261841;2779;7,48
261842;2777;7,43
261843;2781;7,54
261844;2784;7,61
261845;2783;7,59
261846;2788;7,71
261847;2787;7,69
261848;2779;7,48
261849;2786;7,66
261850;2784;7,61
261851;2794;7,86
261852;2800;8,02
261853;2779;7,48
261854;2775;7,38
261855;2767;7,18
261856;2768;7,21
261857;2797;7,94
261858;2800;8,02
261859;2795;7,89
261860;2796;7,91
261861;2795;7,89
261862;2799;7,99
261863;2788;7,71
261864;2786;7,66
261865;2796;7,91
261866;2791;7,79
261867;2785;7,64
261868;2784;7,61
261869;2788;7,71
261870;2783;7,59
261871;2790;7,76
261872;2787;7,69
261873;2800;8,02
261874;2786;7,66
261875;2786;7,66
261876;2790;7,76
261877;2789;7,74
261878;2796;7,91
261879;2790;7,76
261880;2796;7,91
261881;2789;7,74
261882;2783;7,59
261883;2785;7,64
261884;2789;7,74
261885;2783;7,59
261886;2790;7,76
261887;2783;7,59
261888;2783;7,59
261889;2784;7,61
261890;2782;7,56
261891;2789;7,74
261892;2786;7,66
261893;2788;7,71
261894;2791;7,79
261895;2795;7,89
261896;2793;7,84
261897;2789;7,74
261898;2793;7,84
261899;2789;7,74
261900;2793;7,84
261901;2790;7,76
261902;2789;7,74
261903;2791;7,79
261904;2797;7,94
261905;2787;7,69
261906;2786;7,66
261907;2791;7,79
261908;2799;7,99
261909;2800;8,02
261910;2795;7,89
261911;2793;7,84
261912;2798;7,97
261913;2796;7,91
261914;2794;7,86
261915;2794;7,86
261916;2800;8,02
261917;2797;7,94
261918;2801;8,04
261919;2799;7,99
261920;2800;8,02
261921;2800;8,02
261922;2807;8,19
261923;2801;8,04
261924;2811;8,29
261925;2800;8,02
261926;2805;8,14
261927;2801;8,04
261928;2814;8,37
261929;2800;8,02
261930;2809;8,24
261931;2800;8,02
261932;2801;8,04
261933;2799;7,99
261934;2816;8,42
261935;2809;8,24
261936;2811;8,29
261937;2811;8,29
261938;2801;8,04
261939;2800;8,02
261940;2800;8,02
261941;2801;8,04
261942;2811;8,29
261943;2802;8,07
261944;2803;8,09
261945;2800;8,02
261946;2803;8,09
261947;2800;8,02
261948;2793;7,84
261949;2794;7,86
261950;2794;7,86
261951;2795;7,89
261952;2790;7,76
261953;2794;7,86
261954;2795;7,89
261955;2791;7,79
261956;2788;7,71
261957;2793;7,84
261958;2796;7,91
261959;2789;7,74
261960;2800;8,02
261961;2783;7,59
261962;2793;7,84
261963;2785;7,64
261964;2805;8,14
261965;2785;7,64
261966;2787;7,69
261967;2778;7,46
261968;2781;7,54
261969;2786;7,66
261970;2786;7,66
261971;2784;7,61
261972;2786;7,66
261973;2784;7,61
261974;2787;7,69
261975;2782;7,56
261976;2793;7,84
261977;2787;7,69
261978;2790;7,76
261979;2791;7,79
261980;2790;7,76
261981;2795;7,89
261982;2787;7,69
261983;2797;7,94
261984;2800;8,02
261985;2801;8,04
261986;2797;7,94
261987;2800;8,02
261988;2799;7,99
261989;2802;8,07
261990;2803;8,09
261991;2799;7,99
261992;2800;8,02
261993;2802;8,07
261994;2800;8,02
261995;2800;8,02
261996;2800;8,02
261997;2800;8,02
261998;2803;8,09
261999;2800;8,02
262000;2805;8,14
262001;2800;8,02
262002;2813;8,35
262003;2800;8,02
262004;2811;8,29
262005;2800;8,02
262006;2800;8,02
262007;2797;7,94
262008;2800;8,02
262009;2800;8,02
262010;2803;8,09
262011;2800;8,02
262012;2800;8,02
262013;2804;8,12
262014;2799;7,99
262015;2801;8,04
262016;2809;8,24
262017;2800;8,02
262018;2803;8,09
262019;2800;8,02
262020;2802;8,07
262021;2813;8,35
262022;2801;8,04
262023;2800;8,02
262024;2800;8,02
262025;2800;8,02
262026;2800;8,02
262027;2801;8,04
262028;2795;7,89
262029;2802;8,07
262030;2800;8,02
262031;2796;7,91
262032;2799;7,99
262033;2797;7,94
262034;2804;8,12
262035;2791;7,79
262036;2800;8,02
262037;2800;8,02
262038;2798;7,97
262039;2797;7,94
262040;2790;7,76
262041;2793;7,84
262042;2800;8,02
262043;2800;8,02
262044;2800;8,02
262045;2785;7,64
262046;2791;7,79
262047;2799;7,99
262048;2791;7,79
262049;2787;7,69
262050;2795;7,89
262051;2800;8,02
262052;2789;7,74
262053;2785;7,64
262054;2791;7,79
262055;2789;7,74
262056;2800;8,02
262057;2796;7,91
262058;2795;7,89
262059;2789;7,74
262060;2787;7,69
262061;2789;7,74
262062;2786;7,66
262063;2795;7,89
262064;2786;7,66
262065;2783;7,59
262066;2786;7,66
262067;2794;7,86
262068;2798;7,97
262069;2789;7,74
262070;2798;7,97
262071;2790;7,76
262072;2792;7,81
262073;2797;7,94
262074;2800;8,02
262075;2799;7,99
262076;2800;8,02
262077;2797;7,94
262078;2800;8,02
262079;2805;8,14
262080;2800;8,02
262081;2799;7,99
262082;2806;8,17
262083;2802;8,07
262084;2800;8,02
262085;2799;7,99
262086;2800;8,02
262087;2799;7,99
262088;2799;7,99
262089;2803;8,09
262090;2805;8,14
262091;2803;8,09
262092;2805;8,14
262093;2800;8,02
262094;2807;8,19
262095;2800;8,02
262096;2805;8,14
262097;2803;8,09
262098;2811;8,29
262099;2805;8,14
262100;2815;8,40
262101;2800;8,02
262102;2795;7,89
262103;2801;8,04
262104;2810;8,27
262105;2802;8,07
262106;2795;7,89
262107;2807;8,19
262108;2809;8,24
262109;2800;8,02
262110;2798;7,97
262111;2798;7,97
262112;2790;7,76
262113;2800;8,02
262114;2800;8,02
262115;2800;8,02
262116;2807;8,19
262117;2797;7,94
262118;2799;7,99
262119;2793;7,84
262120;2798;7,97
262121;2799;7,99
262122;2797;7,94
262123;2793;7,84
262124;2795;7,89
262125;2800;8,02
262126;2785;7,64
262127;2794;7,86
262128;2789;7,74
262129;2789;7,74
262130;2789;7,74
262131;2795;7,89
262132;2781;7,54
262133;2789;7,74
262134;2796;7,91
262135;2787;7,69
262136;2782;7,56
262137;2793;7,84
262138;2784;7,61
262139;2790;7,76
262140;2795;7,89
262141;2778;7,46
262142;2785;7,64
262143;2781;7,54
262144;2786;7,66
262145;2782;7,56
262146;2794;7,86
262147;2787;7,69
262148;2786;7,66
262149;2784;7,61
262150;2799;7,99
262151;2786;7,66
262152;2797;7,94
262153;2784;7,61
262154;2798;7,97
262155;2801;8,04
262156;2802;8,07
262157;2802;8,07
262158;2797;7,94
262159;2797;7,94
262160;2799;7,99
262161;2800;8,02
262162;2814;8,37
262163;2801;8,04
262164;2815;8,40
262165;2807;8,19
262166;2800;8,02
262167;2803;8,09
262168;2811;8,29
262169;2811;8,29
262170;2818;8,47
262171;2813;8,35
262172;2823;8,60
262173;2813;8,35
262174;2807;8,19
262175;2802;8,07
262176;2817;8,45
262177;2801;8,04
262178;2811;8,29
262179;2816;8,42
262180;2823;8,60
262181;2811;8,29
262182;2806;8,17
262183;2803;8,09
262184;2806;8,17
262185;2800;8,02
262186;2803;8,09
262187;2803;8,09
262188;2800;8,02
262189;2800;8,02
262190;2801;8,04
262191;2806;8,17
262192;2798;7,97
262193;2800;8,02
262194;2807;8,19
262195;2800;8,02
262196;2799;7,99
262197;2801;8,04
262198;2811;8,29
262199;2799;7,99
262200;2800;8,02
262201;2791;7,79
262202;2800;8,02
262203;2793;7,84
262204;2790;7,76
262205;2794;7,86
262206;2790;7,76
262207;2788;7,71
262208;2803;8,09
262209;2790;7,76
262210;2797;7,94
262211;2794;7,86
262212;2787;7,69
262213;2795;7,89
262214;2797;7,94
262215;2789;7,74
262216;2791;7,79
262217;2791;7,79
262218;2791;7,79
262219;2785;7,64
262220;2790;7,76
262221;2787;7,69
262222;2797;7,94
262223;2793;7,84
262224;2797;7,94
262225;2795;7,89
262226;2797;7,94
262227;2791;7,79
262228;2800;8,02
262229;2801;8,04
262230;2804;8,12
262231;2799;7,99
262232;2798;7,97
262233;2799;7,99
262234;2803;8,09
262235;2799;7,99
262236;2807;8,19
262237;2810;8,27
262238;2815;8,40
262239;2813;8,35
262240;2815;8,40
262241;2813;8,35
262242;2818;8,47
262243;2807;8,19
262244;2821;8,55
262245;2810;8,27
262246;2819;8,50
262247;2821;8,55
262248;2825;8,65
262249;2816;8,42
262250;2819;8,50
262251;2811;8,29
262252;2816;8,42
262253;2815;8,40
262254;2806;8,17
262255;2802;8,07
262256;2813;8,35
262257;2811;8,29
262258;2807;8,19
262259;2811;8,29
262260;2800;8,02
262261;2804;8,12
262262;2798;7,97
262263;2801;8,04
262264;2795;7,89
262265;2798;7,97
262266;2798;7,97
262267;2801;8,04
262268;2795;7,89
262269;2790;7,76
262270;2797;7,94
262271;2786;7,66
262272;2791;7,79
262273;2789;7,74
262274;2783;7,59
262275;2791;7,79
262276;2800;8,02
262277;2784;7,61
262278;2797;7,94
262279;2800;8,02
262280;2791;7,79
262281;2790;7,76
262282;2797;7,94
262283;2797;7,94
262284;2798;7,97
262285;2799;7,99
262286;2799;7,99
262287;2800;8,02
262288;2800;8,02
262289;2806;8,17
262290;2805;8,14
262291;2800;8,02
262292;2806;8,17
262293;2805;8,14
262294;2813;8,35
262295;2805;8,14
262296;2805;8,14
262297;2810;8,27
262298;2816;8,42
262299;2800;8,02
262300;2806;8,17
262301;2806;8,17
262302;2810;8,27
262303;2801;8,04
262304;2806;8,17
262305;2800;8,02
262306;2805;8,14
262307;2805;8,14
262308;2800;8,02
262309;2800;8,02
262310;2807;8,19
262311;2797;7,94
262312;2807;8,19
262313;2790;7,76
262314;2795;7,89
262315;2795;7,89
262316;2790;7,76
262317;2789;7,74
262318;2797;7,94
262319;2800;8,02
262320;2803;8,09
262321;2799;7,99
262322;2795;7,89
262323;2793;7,84
262324;2793;7,84
262325;2791;7,79
262326;2795;7,89
262327;2791;7,79
262328;2803;8,09
262329;2790;7,76
262330;2795;7,89
262331;2791;7,79
262332;2798;7,97
262333;2789;7,74
262334;2809;8,24
262335;2795;7,89
262336;2795;7,89
262337;2795;7,89
262338;2800;8,02
262339;2799;7,99
262340;2807;8,19
262341;2798;7,97
262342;2795;7,89
262343;2793;7,84
262344;2809;8,24
262345;2800;8,02
262346;2796;7,91
262347;2783;7,59
262348;2803;8,09
262349;2793;7,84
262350;2799;7,99
262351;2785;7,64
262352;2786;7,66
262353;2793;7,84
262354;2784;7,61
262355;2786;7,66
262356;2790;7,76
262357;2799;7,99
262358;2783;7,59
262359;2788;7,71
262360;2789;7,74
262361;2786;7,66
262362;2789;7,74
262363;2789;7,74
262364;2793;7,84
262365;2783;7,59
262366;2794;7,86
262367;2786;7,66
262368;2787;7,69
262369;2795;7,89
262370;2794;7,86
262371;2795;7,89
262372;2800;8,02
262373;2790;7,76
262374;2793;7,84
262375;2806;8,17
262376;2797;7,94
262377;2795;7,89
262378;2803;8,09
262379;2801;8,04
262380;2795;7,89
262381;2798;7,97
262382;2803;8,09
262383;2805;8,14
262384;2811;8,29
262385;2802;8,07
262386;2805;8,14
262387;2806;8,17
262388;2822;8,57
262389;2803;8,09
262390;2822;8,57
262391;2806;8,17
262392;2805;8,14
262393;2812;8,32
262394;2815;8,40
262395;2811;8,29
262396;2805;8,14
262397;2805;8,14
262398;2799;7,99
262399;2800;8,02
262400;2803;8,09
262401;2799;7,99
262402;2795;7,89
262403;2800;8,02
262404;2803;8,09
262405;2801;8,04
262406;2797;7,94
262407;2793;7,84
262408;2786;7,66
262409;2797;7,94
262410;2786;7,66
262411;2797;7,94
262412;2797;7,94
262413;2791;7,79
262414;2791;7,79
262415;2785;7,64
262416;2785;7,64
262417;2783;7,59
262418;2794;7,86
262419;2795;7,89
262420;2800;8,02
262421;2790;7,76
262422;2797;7,94
262423;2796;7,91
262424;2800;8,02
262425;2799;7,99
262426;2801;8,04
262427;2803;8,09
262428;2802;8,07
262429;2800;8,02
262430;2814;8,37
262431;2812;8,32
262432;2811;8,29
262433;2807;8,19
262434;2813;8,35
262435;2802;8,07
262436;2812;8,32
262437;2817;8,45
262438;2831;8,80
262439;2813;8,35
262440;2816;8,42
262441;2817;8,45
262442;2816;8,42
262443;2815;8,40
262444;2813;8,35
262445;2817;8,45
262446;2816;8,42
262447;2816;8,42
262448;2830;8,78
262449;2814;8,37
262450;2819;8,50
262451;2815;8,40
262452;2815;8,40
262453;2817;8,45
262454;2802;8,07
262455;2811;8,29
262456;2819;8,50
262457;2800;8,02
262458;2803;8,09
262459;2799;7,99
262460;2801;8,04
262461;2791;7,79
262462;2795;7,89
262463;2790;7,76
262464;2787;7,69
262465;2784;7,61
262466;2790;7,76
262467;2782;7,56
262468;2784;7,61
262469;2775;7,38
262470;2784;7,61
262471;2787;7,69
262472;2778;7,46
262473;2775;7,38
262474;2773;7,33
262475;2778;7,46
262476;2781;7,54
262477;2781;7,54
262478;2791;7,79
262479;2783;7,59
262480;2783;7,59
262481;2789;7,74
262482;2794;7,86
262483;2781;7,54
262484;2786;7,66
262485;2785;7,64
262486;2787;7,69
262487;2797;7,94
262488;2799;7,99
262489;2787;7,69
262490;2801;8,04
262491;2807;8,19
262492;2800;8,02
262493;2811;8,29
262494;2816;8,42
262495;2801;8,04
262496;2810;8,27
262497;2810;8,27
262498;2806;8,17
262499;2807;8,19
262500;2807;8,19
262501;2816;8,42
262502;2811;8,29
262503;2815;8,40
262504;2821;8,55
262505;2821;8,55
262506;2815;8,40
262507;2813;8,35
262508;2821;8,55
262509;2811;8,29
262510;2822;8,57
262511;2806;8,17
262512;2820;8,52
262513;2825;8,65
262514;2815;8,40
262515;2807;8,19
262516;2810;8,27
262517;2802;8,07
262518;2807;8,19
262519;2800;8,02
262520;2807;8,19
262521;2806;8,17
262522;2801;8,04
262523;2803;8,09
262524;2810;8,27
262525;2800;8,02
262526;2810;8,27
262527;2798;7,97
262528;2805;8,14
262529;2797;7,94
262530;2804;8,12
262531;2790;7,76
262532;2800;8,02
262533;2800;8,02
262534;2807;8,19
262535;2799;7,99
262536;2800;8,02
262537;2794;7,86
262538;2801;8,04
262539;2800;8,02
262540;2807;8,19
262541;2799;7,99
262542;2806;8,17
262543;2800;8,02
262544;2804;8,12
262545;2811;8,29
262546;2811;8,29
262547;2811;8,29
262548;2803;8,09
262549;2812;8,32
262550;2811;8,29
262551;2803;8,09
262552;2801;8,04
262553;2811;8,29
262554;2813;8,35
262555;2807;8,19
262556;2803;8,09
262557;2805;8,14
262558;2800;8,02
262559;2800;8,02
262560;2800;8,02
262561;2793;7,84
262562;2805;8,14
262563;2803;8,09
262564;2803;8,09
262565;2797;7,94
262566;2803;8,09
262567;2796;7,91
262568;2796;7,91
262569;2791;7,79
262570;2795;7,89
262571;2787;7,69
262572;2802;8,07
262573;2800;8,02
262574;2803;8,09
262575;2799;7,99
262576;2799;7,99
262577;2793;7,84
262578;2803;8,09
262579;2800;8,02
262580;2800;8,02
262581;2794;7,86
262582;2797;7,94
262583;2806;8,17
262584;2802;8,07
262585;2801;8,04
262586;2807;8,19
262587;2800;8,02
262588;2806;8,17
262589;2802;8,07
262590;2816;8,42
262591;2815;8,40
262592;2813;8,35
262593;2817;8,45
262594;2810;8,27
262595;2815;8,40
262596;2811;8,29
262597;2827;8,70
262598;2814;8,37
262599;2817;8,45
262600;2822;8,57
262601;2815;8,40
262602;2823;8,60
262603;2815;8,40
262604;2815;8,40
262605;2816;8,42
262606;2817;8,45
262607;2829;8,75
262608;2833;8,85
262609;2832;8,83
262610;2829;8,75
262611;2835;8,90
262612;2836;8,93
262613;2835;8,90
262614;2835;8,90
262615;2833;8,85
262616;2837;8,95
262617;2832;8,83
262618;2832;8,83
262619;2828;8,72
262620;2828;8,72
262621;2822;8,57
262622;2832;8,83
262623;2832;8,83
262624;2827;8,70
262625;2822;8,57
262626;2821;8,55
262627;2815;8,40
262628;2813;8,35
262629;2811;8,29
262630;2809;8,24
262631;2814;8,37
262632;2805;8,14
262633;2807;8,19
262634;2809;8,24
262635;2806;8,17
262636;2809;8,24
262637;2812;8,32
262638;2802;8,07
262639;2798;7,97
262640;2802;8,07
262641;2802;8,07
262642;2803;8,09
262643;2803;8,09
262644;2802;8,07
262645;2800;8,02
262646;2810;8,27
262647;2799;7,99
262648;2805;8,14
262649;2801;8,04
262650;2803;8,09
262651;2816;8,42
262652;2807;8,19
262653;2816;8,42
262654;2811;8,29
262655;2814;8,37
262656;2815;8,40
262657;2826;8,67
262658;2814;8,37
262659;2823;8,60
262660;2826;8,67
262661;2828;8,72
262662;2832;8,83
262663;2835;8,90
262664;2833;8,85
262665;2848;9,23
262666;2835;8,90
262667;2834;8,88
262668;2842;9,08
262669;2844;9,13
262670;2843;9,10
262671;2838;8,98
262672;2832;8,83
262673;2833;8,85
262674;2841;9,05
262675;2842;9,08
262676;2835;8,90
262677;2835;8,90
262678;2835;8,90
262679;2840;9,03
262680;2829;8,75
262681;2827;8,70
262682;2829;8,75
262683;2829;8,75
262684;2825;8,65
262685;2821;8,55
262686;2826;8,67
262687;2829;8,75
262688;2815;8,40
262689;2809;8,24
262690;2809;8,24
262691;2801;8,04
262692;2803;8,09
262693;2807;8,19
262694;2803;8,09
262695;2800;8,02
262696;2800;8,02
262697;2810;8,27
262698;2799;7,99
262699;2799;7,99
262700;2802;8,07
262701;2805;8,14
262702;2797;7,94
262703;2802;8,07
262704;2802;8,07
262705;2800;8,02
262706;2800;8,02
262707;2805;8,14
262708;2809;8,24
262709;2813;8,35
262710;2805;8,14
262711;2814;8,37
262712;2808;8,22
262713;2818;8,47
262714;2821;8,55
262715;2818;8,47
262716;2818;8,47
262717;2829;8,75
262718;2827;8,70
262719;2836;8,93
262720;2840;9,03
262721;2833;8,85
262722;2835;8,90
262723;2838;8,98
262724;2837;8,95
262725;2837;8,95
262726;2849;9,26
262727;2847;9,21
262728;2843;9,10
262729;2850;9,28
262730;2847;9,21
262731;2847;9,21
262732;2851;9,31
262733;2847;9,21
262734;2847;9,21
262735;2837;8,95
262736;2848;9,23
262737;2832;8,83
262738;2847;9,21
262739;2847;9,21
262740;2836;8,93
262741;2829;8,75
262742;2834;8,88
262743;2826;8,67
262744;2826;8,67
262745;2826;8,67
262746;2827;8,70
262747;2823;8,60
262748;2821;8,55
262749;2816;8,42
262750;2814;8,37
262751;2811;8,29
262752;2817;8,45
262753;2815;8,40
262754;2823;8,60
262755;2815;8,40
262756;2817;8,45
262757;2813;8,35
262758;2815;8,40
262759;2810;8,27
262760;2816;8,42
262761;2815;8,40
262762;2816;8,42
262763;2826;8,67
262764;2814;8,37
262765;2815;8,40
262766;2816;8,42
262767;2827;8,70
262768;2821;8,55
262769;2831;8,80
262770;2830;8,78
262771;2829;8,75
262772;2823;8,60
262773;2832;8,83
262774;2841;9,05
262775;2830;8,78
262776;2833;8,85
262777;2831;8,80
262778;2838;8,98
262779;2832;8,83
262780;2838;8,98
262781;2831;8,80
262782;2842;9,08
262783;2845;9,15
262784;2848;9,23
262785;2834;8,88
262786;2834;8,88
262787;2847;9,21
262788;2846;9,18
262789;2838;8,98
262790;2833;8,85
262791;2845;9,15
262792;2835;8,90
262793;2838;8,98
262794;2833;8,85
262795;2833;8,85
262796;2838;8,98
262797;2843;9,10
262798;2837;8,95
262799;2834;8,88
262800;2838;8,98
262801;2831;8,80
262802;2834;8,88
262803;2831;8,80
262804;2832;8,83
262805;2832;8,83
262806;2826;8,67
262807;2832;8,83
262808;2825;8,65
262809;2823;8,60
262810;2823;8,60
262811;2826;8,67
262812;2826;8,67
262813;2816;8,42
262814;2820;8,52
262815;2827;8,70
262816;2823;8,60
262817;2818;8,47
262818;2826;8,67
262819;2813;8,35
262820;2820;8,52
262821;2817;8,45
262822;2824;8,62
262823;2818;8,47
262824;2816;8,42
262825;2816;8,42
262826;2815;8,40
262827;2815;8,40
262828;2819;8,50
262829;2816;8,42
262830;2816;8,42
262831;2819;8,50
262832;2812;8,32
262833;2816;8,42
262834;2823;8,60
262835;2819;8,50
262836;2820;8,52
262837;2819;8,50
262838;2817;8,45
262839;2816;8,42
262840;2826;8,67
262841;2827;8,70
262842;2832;8,83
262843;2822;8,57
262844;2831;8,80
262845;2826;8,67
262846;2828;8,72
262847;2817;8,45
262848;2815;8,40
262849;2816;8,42
262850;2813;8,35
262851;2823;8,60
262852;2817;8,45
262853;2818;8,47
262854;2816;8,42
262855;2817;8,45
262856;2822;8,57
262857;2825;8,65
262858;2811;8,29
262859;2815;8,40
262860;2818;8,47
262861;2811;8,29
262862;2814;8,37
262863;2814;8,37
262864;2828;8,72
262865;2821;8,55
262866;2813;8,35
262867;2815;8,40
262868;2817;8,45
262869;2816;8,42
262870;2816;8,42
262871;2816;8,42
262872;2827;8,70
262873;2819;8,50
262874;2811;8,29
262875;2821;8,55
262876;2827;8,70
262877;2822;8,57
262878;2823;8,60
262879;2831;8,80
262880;2823;8,60
262881;2819;8,50
262882;2826;8,67
262883;2821;8,55
262884;2827;8,70
262885;2826;8,67
262886;2835;8,90
262887;2823;8,60
262888;2830;8,78
262889;2832;8,83
262890;2835;8,90
262891;2832;8,83
262892;2825;8,65
262893;2827;8,70
262894;2832;8,83
262895;2832;8,83
262896;2830;8,78
262897;2834;8,88
262898;2826;8,67
262899;2834;8,88
262900;2823;8,60
262901;2832;8,83
262902;2827;8,70
262903;2827;8,70
262904;2825;8,65
262905;2832;8,83
262906;2827;8,70
262907;2831;8,80
262908;2836;8,93
262909;2837;8,95
262910;2831;8,80
262911;2830;8,78
262912;2834;8,88
262913;2832;8,83
262914;2827;8,70
262915;2821;8,55
262916;2823;8,60
262917;2831;8,80
262918;2825;8,65
262919;2832;8,83
262920;2832;8,83
262921;2829;8,75
262922;2821;8,55
262923;2821;8,55
262924;2818;8,47
262925;2826;8,67
262926;2817;8,45
262927;2825;8,65
262928;2821;8,55
262929;2823;8,60
262930;2816;8,42
262931;2814;8,37
262932;2831;8,80
262933;2825;8,65
262934;2819;8,50
262935;2819;8,50
262936;2819;8,50
262937;2826;8,67
262938;2815;8,40
262939;2813;8,35
262940;2814;8,37
262941;2830;8,78
262942;2811;8,29
262943;2817;8,45
262944;2815;8,40
262945;2814;8,37
262946;2816;8,42
262947;2825;8,65
262948;2820;8,52
262949;2822;8,57
262950;2828;8,72
262951;2817;8,45
262952;2825;8,65
262953;2815;8,40
262954;2821;8,55
262955;2813;8,35
262956;2818;8,47
262957;2818;8,47
262958;2814;8,37
262959;2819;8,50
262960;2814;8,37
262961;2815;8,40
262962;2816;8,42
262963;2815;8,40
262964;2815;8,40
262965;2812;8,32
262966;2816;8,42
262967;2819;8,50
262968;2820;8,52
262969;2810;8,27
262970;2815;8,40
262971;2814;8,37
262972;2821;8,55
262973;2822;8,57
262974;2820;8,52
262975;2810;8,27
262976;2812;8,32
262977;2819;8,50
262978;2813;8,35
262979;2815;8,40
262980;2813;8,35
262981;2823;8,60
262982;2811;8,29
262983;2807;8,19
262984;2805;8,14
262985;2807;8,19
262986;2812;8,32
262987;2813;8,35
262988;2809;8,24
262989;2813;8,35
262990;2802;8,07
262991;2805;8,14
262992;2800;8,02
262993;2802;8,07
262994;2805;8,14
262995;2806;8,17
262996;2814;8,37
262997;2803;8,09
262998;2800;8,02
262999;2803;8,09
263000;2805;8,14
263001;2799;7,99
263002;2805;8,14
263003;2801;8,04
263004;2800;8,02
263005;2805;8,14
263006;2800;8,02
263007;2801;8,04
263008;2801;8,04
263009;2806;8,17
263010;2802;8,07
263011;2798;7,97
263012;2814;8,37
263013;2811;8,29
263014;2799;7,99
263015;2800;8,02
263016;2802;8,07
263017;2803;8,09
263018;2800;8,02
263019;2799;7,99
263020;2799;7,99
263021;2802;8,07
263022;2797;7,94
263023;2795;7,89
263024;2799;7,99
263025;2800;8,02
263026;2805;8,14
263027;2800;8,02
263028;2809;8,24
263029;2803;8,09
263030;2800;8,02
263031;2797;7,94
263032;2799;7,99
263033;2796;7,91
263034;2800;8,02
263035;2798;7,97
263036;2798;7,97
263037;2797;7,94
263038;2792;7,81
263039;2796;7,91
263040;2801;8,04
263041;2795;7,89
263042;2794;7,86
263043;2793;7,84
263044;2791;7,79
263045;2786;7,66
263046;2783;7,59
263047;2784;7,61
263048;2790;7,76
263049;2793;7,84
263050;2789;7,74
263051;2782;7,56
263052;2795;7,89
263053;2791;7,79
263054;2783;7,59
263055;2785;7,64
263056;2798;7,97
263057;2794;7,86
263058;2786;7,66
263059;2784;7,61
263060;2783;7,59
263061;2789;7,74
263062;2793;7,84
263063;2781;7,54
263064;2789;7,74
263065;2787;7,69
263066;2785;7,64
263067;2781;7,54
263068;2785;7,64
263069;2784;7,61
263070;2789;7,74
263071;2780;7,51
263072;2786;7,66
263073;2783;7,59
263074;2793;7,84
263075;2782;7,56
263076;2787;7,69
263077;2783;7,59
263078;2780;7,51
263079;2787;7,69
263080;2791;7,79
263081;2787;7,69
263082;2787;7,69
263083;2791;7,79
263084;2783;7,59
263085;2784;7,61
263086;2790;7,76
263087;2781;7,54
263088;2793;7,84
263089;2783;7,59
263090;2784;7,61
263091;2784;7,61
263092;2775;7,38
263093;2790;7,76
263094;2783;7,59
263095;2788;7,71
263096;2787;7,69
263097;2787;7,69
263098;2790;7,76
263099;2791;7,79
263100;2791;7,79
263101;2783;7,59
263102;2787;7,69
263103;2795;7,89
263104;2799;7,99
263105;2797;7,94
263106;2799;7,99
263107;2800;8,02
263108;2790;7,76
263109;2787;7,69
263110;2800;8,02
263111;2791;7,79
263112;2791;7,79
263113;2800;8,02
263114;2791;7,79
263115;2800;8,02
263116;2801;8,04
263117;2794;7,86
263118;2794;7,86
263119;2795;7,89
263120;2795;7,89
263121;2793;7,84
263122;2793;7,84
263123;2800;8,02
263124;2801;8,04
263125;2797;7,94
263126;2794;7,86
263127;2799;7,99
263128;2800;8,02
263129;2803;8,09
263130;2806;8,17
263131;2800;8,02
263132;2795;7,89
263133;2801;8,04
263134;2803;8,09
263135;2804;8,12
263136;2794;7,86
263137;2801;8,04
263138;2798;7,97
263139;2800;8,02
263140;2800;8,02
263141;2791;7,79
263142;2803;8,09
263143;2800;8,02
263144;2798;7,97
263145;2797;7,94
263146;2800;8,02
263147;2795;7,89
263148;2800;8,02
263149;2804;8,12
263150;2801;8,04
263151;2811;8,29
263152;2805;8,14
263153;2813;8,35
263154;2802;8,07
263155;2803;8,09
263156;2864;9,64
263157;2805;8,14
263158;2802;8,07
263159;2802;8,07
263160;2804;8,12
263161;2801;8,04
263162;2809;8,24
263163;2799;7,99
263164;2800;8,02
263165;2807;8,19
263166;2799;7,99
263167;2805;8,14
263168;2801;8,04
263169;2805;8,14
263170;2803;8,09
263171;2801;8,04
263172;2794;7,86
263173;2798;7,97
263174;2800;8,02
263175;2806;8,17
263176;2809;8,24
263177;2800;8,02
263178;2800;8,02
263179;2800;8,02
263180;2802;8,07
263181;2800;8,02
263182;2802;8,07
263183;2805;8,14
263184;2805;8,14
263185;2814;8,37
263186;2807;8,19
263187;2805;8,14
263188;2817;8,45
263189;2811;8,29
263190;2807;8,19
263191;2807;8,19
263192;2811;8,29
263193;2820;8,52
263194;2807;8,19
263195;2819;8,50
263196;2805;8,14
263197;2813;8,35
263198;2814;8,37
263199;2815;8,40
263200;2813;8,35
263201;2813;8,35
263202;2821;8,55
263203;2811;8,29
263204;2811;8,29
263205;2816;8,42
263206;2814;8,37
263207;2811;8,29
263208;2816;8,42
263209;2817;8,45
263210;2817;8,45
263211;2816;8,42
263212;2811;8,29
263213;2815;8,40
263214;2822;8,57
263215;2823;8,60
263216;2826;8,67
263217;2814;8,37
263218;2816;8,42
263219;2818;8,47
263220;2823;8,60
263221;2823;8,60
263222;2832;8,83
263223;2826;8,67
263224;2821;8,55
263225;2822;8,57
263226;2810;8,27
263227;2814;8,37
263228;2818;8,47
263229;2825;8,65
263230;2830;8,78
263231;2832;8,83
263232;2823;8,60
263233;2825;8,65
263234;2832;8,83
263235;2829;8,75
263236;2832;8,83
263237;2826;8,67
263238;2833;8,85
263239;2828;8,72
263240;2829;8,75
263241;2827;8,70
263242;2832;8,83
263243;2823;8,60
263244;2830;8,78
263245;2836;8,93
263246;2832;8,83
263247;2834;8,88
263248;2831;8,80
263249;2833;8,85
263250;2829;8,75
263251;2825;8,65
263252;2832;8,83
263253;2832;8,83
263254;2834;8,88
263255;2830;8,78
263256;2832;8,83
263257;2832;8,83
263258;2843;9,10
263259;2830;8,78
263260;2832;8,83
263261;2832;8,83
263262;2827;8,70
263263;2831;8,80
263264;2830;8,78
263265;2827;8,70
263266;2831;8,80
263267;2839;9,00
263268;2830;8,78
263269;2831;8,80
263270;2835;8,90
263271;2832;8,83
263272;2831;8,80
263273;2832;8,83
263274;2833;8,85
263275;2832;8,83
263276;2833;8,85
263277;2839;9,00
263278;2832;8,83
263279;2842;9,08
263280;2832;8,83
263281;2832;8,83
263282;2832;8,83
263283;2833;8,85
263284;2834;8,88
263285;2834;8,88
263286;2832;8,83
263287;2832;8,83
263288;2832;8,83
263289;2838;8,98
263290;2839;9,00
263291;2832;8,83
263292;2837;8,95
263293;2834;8,88
263294;2833;8,85
263295;2837;8,95
263296;2834;8,88
263297;2834;8,88
263298;2839;9,00
263299;2847;9,21
263300;2843;9,10
263301;2835;8,90
263302;2841;9,05
263303;2855;9,41
263304;2838;8,98
263305;2837;8,95
263306;2841;9,05
263307;2846;9,18
263308;2839;9,00
263309;2837;8,95
263310;2842;9,08
263311;2839;9,00
263312;2858;9,48
263313;2847;9,21
263314;2846;9,18
263315;2841;9,05
263316;2835;8,90
263317;2851;9,31
263318;2847;9,21
263319;2847;9,21
263320;2847;9,21
263321;2842;9,08
263322;2845;9,15
263323;2843;9,10
263324;2849;9,26
263325;2833;8,85
263326;2846;9,18
263327;2838;8,98
263328;2853;9,36
263329;2839;9,00
263330;2843;9,10
263331;2846;9,18
263332;2849;9,26
263333;2850;9,28
263334;2845;9,15
263335;2850;9,28
263336;2843;9,10
263337;2844;9,13
263338;2845;9,15
263339;2838;8,98
263340;2846;9,18
263341;2847;9,21
263342;2845;9,15
263343;2844;9,13
263344;2850;9,28
263345;2845;9,15
263346;2850;9,28
263347;2852;9,33
263348;2848;9,23
263349;2862;9,59
263350;2853;9,36
263351;2855;9,41
263352;2849;9,26
263353;2855;9,41
263354;2858;9,48
263355;2851;9,31
263356;2849;9,26
263357;2850;9,28
263358;2847;9,21
263359;2849;9,26
263360;2859;9,51
263361;2861;9,56
263362;2857;9,46
263363;2859;9,51
263364;2850;9,28
263365;2854;9,38
263366;2853;9,36
263367;2849;9,26
263368;2857;9,46
263369;2863;9,61
263370;2858;9,48
263371;2854;9,38
263372;2864;9,64
263373;2864;9,64
263374;2863;9,61
263375;2863;9,61
263376;2855;9,41
263377;2862;9,59
263378;2855;9,41
263379;2863;9,61
263380;2862;9,59
263381;2853;9,36
263382;2859;9,51
263383;2864;9,64
263384;2862;9,59
263385;2863;9,61
263386;2863;9,61
263387;2864;9,64
263388;2864;9,64
263389;2865;9,66
263390;2861;9,56
263391;2857;9,46
263392;2859;9,51
263393;2859;9,51
263394;2864;9,64
263395;2865;9,66
263396;2864;9,64
263397;2864;9,64
263398;2862;9,59
263399;2871;9,81
263400;2871;9,81
263401;2867;9,71
263402;2864;9,64
263403;2858;9,48
263404;2863;9,61
263405;2862;9,59
263406;2864;9,64
263407;2863;9,61
263408;2865;9,66
263409;2861;9,56
263410;2866;9,69
263411;2863;9,61
263412;2870;9,79
263413;2866;9,69
263414;2864;9,64
263415;2862;9,59
263416;2869;9,76
263417;2865;9,66
263418;2869;9,76
263419;2875;9,91
263420;2873;9,86
263421;2869;9,76
263422;2866;9,69
263423;2878;9,99
263424;2873;9,86
263425;2877;9,96
263426;2878;9,99
263427;2877;9,96
263428;2882;10,09
263429;2874;9,89
263430;2879;10,02
263431;2877;9,96
263432;2884;10,14
263433;2877;9,96
263434;2886;10,19
263435;2886;10,19
263436;2885;10,17
263437;2895;10,42
263438;2891;10,32
263439;2889;10,27
263440;2931;11,33
263441;2896;10,45
263442;2889;10,27
263443;2891;10,32
263444;2900;10,55
263445;2896;10,45
263446;2896;10,45
263447;2897;10,47
263448;2896;10,45
263449;2896;10,45
263450;2895;10,42
263451;2896;10,45
263452;2899;10,52
263453;2906;10,70
263454;2899;10,52
263455;2909;10,77
263456;2906;10,70
263457;2912;10,85
263458;2899;10,52
263459;2900;10,55
263460;2899;10,52
263461;2902;10,60
263462;2914;10,90
263463;2900;10,55
263464;2903;10,62
263465;2917;10,98
263466;2907;10,72
263467;2910;10,80
263468;2918;11,00
263469;2917;10,98
263470;2907;10,72
263471;2911;10,82
263472;2919;11,03
263473;2913;10,88
263474;2919;11,03
263475;2915;10,93
263476;2921;11,08
263477;2914;10,90
263478;2919;11,03
263479;2911;10,82
263480;2919;11,03
263481;2923;11,13
263482;2923;11,13
263483;2926;11,20
263484;2916;10,95
263485;2928;11,26
263486;2925;11,18
263487;2923;11,13
263488;2923;11,13
263489;2923;11,13
263490;2925;11,18
263491;2928;11,26
263492;2925;11,18
263493;2932;11,36
263494;2931;11,33
263495;2929;11,28
263496;2935;11,43
263497;2928;11,26
263498;2928;11,26
263499;2939;11,53
263500;2943;11,63
263501;2940;11,56
263502;2939;11,53
263503;2943;11,63
263504;2948;11,76
263505;2943;11,63
263506;2943;11,63
263507;2956;11,96
263508;2957;11,99
263509;2950;11,81
263510;2955;11,94
263511;2959;12,04
263512;2962;12,12
263513;2967;12,24
263514;2960;12,06
263515;2961;12,09
263516;2959;12,04
263517;2965;12,19
263518;2975;12,44
263519;2975;12,44
263520;2973;12,39
263521;2967;12,24
263522;2983;12,65
263523;2965;12,19
263524;2970;12,32
263525;2967;12,24
263526;2973;12,39
263527;2973;12,39
263528;2986;12,72
263529;2979;12,55
263530;2983;12,65
263531;2982;12,62
263532;2991;12,85
263533;2979;12,55
263534;2983;12,65
263535;3006;13,23
263536;2995;12,95
263537;2987;12,75
263538;2992;12,87
263539;3004;13,18
263540;2992;12,87
263541;2987;12,75
263542;2991;12,85
263543;2977;12,49
263544;2989;12,80
263545;2986;12,72
263546;2983;12,65
263547;2995;12,95
263548;2997;13,00
263549;2994;12,93
263550;2992;12,87
263551;2989;12,80
263552;2996;12,98
263553;2993;12,90
263554;2992;12,87
263555;2992;12,87
263556;2992;12,87
263557;2993;12,90
263558;2996;12,98
263559;2997;13,00
263560;2992;12,87
263561;2998;13,03
263562;2999;13,05
263563;2997;13,00
263564;2999;13,05
263565;3011;13,36
263566;3006;13,23
263567;2999;13,05
263568;3008;13,28
263569;3008;13,28
263570;3006;13,23
263571;3006;13,23
263572;3010;13,33
263573;3016;13,48
263574;3015;13,46
263575;3013;13,41
263576;3009;13,30
263577;3014;13,43
263578;3013;13,41
263579;3010;13,33
263580;3024;13,68
263581;3029;13,81
263582;3026;13,73
263583;3024;13,68
263584;3024;13,68
263585;3037;14,01
263586;3031;13,86
263587;3045;14,22
263588;3043;14,16
263589;3039;14,06
263590;3041;14,11
263591;3043;14,16
263592;3045;14,22
263593;3047;14,27
263594;3045;14,22
263595;3056;14,49
263596;3056;14,49
263597;3053;14,42
263598;3055;14,47
263599;3050;14,34
263600;3062;14,65
263601;3057;14,52
263602;3056;14,49
263603;3056;14,49
263604;3071;14,87
263605;3063;14,67
263606;3056;14,49
263607;3056;14,49
263608;3058;14,54
263609;3056;14,49
263610;3060;14,60
263611;3066;14,75
263612;3059;14,57
263613;3055;14,47
263614;3056;14,49
263615;3065;14,72
263616;3062;14,65
263617;3057;14,52
263618;3056;14,49
263619;3062;14,65
263620;3070;14,85
263621;3058;14,54
263622;3063;14,67
263623;3060;14,60
263624;3057;14,52
263625;3058;14,54
263626;3060;14,60
263627;3056;14,49
263628;3053;14,42
263629;3053;14,42
263630;3055;14,47
263631;3062;14,65
263632;3052;14,39
263633;3056;14,49
263634;3051;14,37
263635;3053;14,42
263636;3051;14,37
263637;3056;14,49
263638;3049;14,32
263639;3049;14,32
263640;3046;14,24
263641;3040;14,09
263642;3053;14,42
263643;3038;14,04
263644;3051;14,37
263645;3042;14,14
263646;3050;14,34
263647;3051;14,37
263648;3037;14,01
263649;3047;14,27
263650;3045;14,22
263651;3056;14,49
263652;3054;14,44
263653;3049;14,32
263654;3045;14,22
263655;3047;14,27
263656;3043;14,16
263657;3051;14,37
263658;3053;14,42
263659;3056;14,49
263660;3043;14,16
263661;3051;14,37
263662;3051;14,37
263663;3054;14,44
263664;3056;14,49
263665;3053;14,42
263666;3056;14,49
263667;3056;14,49
263668;3058;14,54
263669;3056;14,49
263670;3057;14,52
263671;3056;14,49
263672;3056;14,49
263673;3065;14,72
263674;3056;14,49
263675;3063;14,67
263676;3081;15,13
263677;3071;14,87
263678;3066;14,75
263679;3061;14,62
263680;3085;15,23
263681;3067;14,77
263682;3085;15,23
263683;3082;15,15
263684;3071;14,87
263685;3082;15,15
263686;3081;15,13
263687;3082;15,15
263688;3082;15,15
263689;3088;15,30
263690;3085;15,23
263691;3092;15,40
263692;3088;15,30
263693;3088;15,30
263694;3093;15,43
263695;3088;15,30
263696;3088;15,30
263697;3089;15,33
263698;3093;15,43
263699;3089;15,33
263700;3088;15,30
263701;3093;15,43
263702;3093;15,43
263703;3088;15,30
263704;3087;15,28
263705;3088;15,30
263706;3071;14,87
263707;3088;15,30
263708;3081;15,13
263709;3071;14,87
263710;3071;14,87
263711;3071;14,87
263712;3067;14,77
263713;3071;14,87
263714;3088;15,30
263715;3071;14,87
263716;3081;15,13
263717;3070;14,85
263718;3066;14,75
263719;3083;15,18
263720;3083;15,18
263721;3067;14,77
263722;3065;14,72
263723;3067;14,77
263724;3066;14,75
263725;3063;14,67
263726;3061;14,62
263727;3059;14,57
263728;3059;14,57
263729;3065;14,72
263730;3062;14,65
263731;3065;14,72
263732;3067;14,77
263733;3062;14,65
263734;3054;14,44
263735;3055;14,47
263736;3055;14,47
263737;3047;14,27
263738;3056;14,49
263739;3050;14,34
263740;3047;14,27
263741;3056;14,49
263742;3047;14,27
263743;3056;14,49
263744;3047;14,27
263745;3056;14,49
263746;3054;14,44
263747;3061;14,62
263748;3069;14,82
263749;3060;14,60
263750;3071;14,87
263751;3063;14,67
263752;3071;14,87
263753;3070;14,85
263754;3071;14,87
263755;3082;15,15
263756;3071;14,87
263757;3085;15,23
263758;3063;14,67
263759;3081;15,13
263760;3079;15,08
263761;3083;15,18
263762;3085;15,23
263763;3066;14,75
263764;3071;14,87
263765;3066;14,75
263766;3057;14,52
263767;3056;14,49
263768;3058;14,54
263769;3056;14,49
263770;3056;14,49
263771;3057;14,52
263772;3070;14,85
263773;3070;14,85
263774;3088;15,30
263775;3071;14,87
263776;3069;14,82
263777;3086;15,25
263778;3085;15,23
263779;3087;15,28
263780;3081;15,13
263781;3088;15,30
263782;3071;14,87
263783;3088;15,30
263784;3071;14,87
263785;3067;14,77
263786;3067;14,77
263787;3067;14,77
263788;3062;14,65
263789;3056;14,49
263790;3063;14,67
263791;3045;14,22
263792;3049;14,32
263793;3044;14,19
263794;3050;14,34
263795;3038;14,04
263796;3041;14,11
263797;3030;13,84
263798;3028;13,79
263799;3030;13,84
263800;3027;13,76
263801;3035;13,96
263802;3033;13,91
263803;3039;14,06
263804;3042;14,14
263805;3041;14,11
263806;3040;14,09
263807;3047;14,27
263808;3056;14,49
263809;3057;14,52
263810;3069;14,82
263811;3061;14,62
263812;3071;14,87
263813;3083;15,18
263814;3066;14,75
263815;3082;15,15
263816;3093;15,43
263817;3071;14,87
263818;3066;14,75
263819;3079;15,08
263820;3071;14,87
263821;3057;14,52
263822;3061;14,62
263823;3053;14,42
263824;3049;14,32
263825;3045;14,22
263826;3043;14,16
263827;3050;14,34
263828;3045;14,22
263829;3042;14,14
263830;3033;13,91
263831;3035;13,96
263832;3031;13,86
263833;3025;13,71
263834;3038;14,04
263835;3029;13,81
263836;3029;13,81
263837;3035;13,96
263838;3031;13,86
263839;3042;14,14
263840;3042;14,14
263841;3053;14,42
263842;3034;13,94
263843;3024;13,68
263844;3030;13,84
263845;3024;13,68
263846;3022;13,63
263847;3009;13,30
263848;3029;13,81
263849;3009;13,30
263850;3003;13,15
263851;2992;12,87
263852;3013;13,41
263853;3008;13,28
263854;2990;12,82
263855;2993;12,90
263856;2997;13,00
263857;3007;13,25
263858;3002;13,13
263859;3005;13,20
263860;3037;14,01
263861;3024;13,68
263862;3023;13,66
263863;3043;14,16
263864;3040;14,09
263865;3023;13,66
263866;3017;13,51
263867;3030;13,84
263868;3043;14,16
263869;3046;14,24
263870;3026;13,73
263871;3039;14,06
263872;3044;14,19
263873;3038;14,04
263874;3014;13,43
263875;3018;13,53
263876;3036;13,99
263877;3031;13,86
263878;3015;13,46
263879;3009;13,30
263880;3021;13,61
263881;3009;13,30
263882;2998;13,03
263883;2991;12,85
263884;2986;12,72
263885;2998;13,03
263886;3002;13,13
263887;2977;12,49
263888;2983;12,65
263889;2989;12,80
263890;2983;12,65
263891;2987;12,75
263892;2992;12,87
263893;2977;12,49
263894;2966;12,22
263895;2960;12,06
263896;2962;12,12
263897;2979;12,55
263898;3003;13,15
263899;3001;13,10
263900;2991;12,85
263901;2978;12,52
263902;2985;12,70
263903;3009;13,30
263904;3009;13,30
263905;3004;13,18
263906;3013;13,41
263907;3007;13,25
263908;3014;13,43
263909;3010;13,33
263910;3012;13,38
263911;3026;13,73
263912;3011;13,36
263913;3005;13,20
263914;2998;13,03
263915;2993;12,90
263916;2985;12,70
263917;2995;12,95
263918;2997;13,00
263919;2997;13,00
263920;2997;13,00
263921;2995;12,95
263922;2984;12,67
263923;2986;12,72
263924;2981;12,60
263925;2989;12,80
263926;2991;12,85
263927;2992;12,87
263928;2992;12,87
263929;2998;13,03
263930;2999;13,05
263931;2990;12,82
263932;2973;12,39
263933;2962;12,12
263934;2946;11,71
263935;2946;11,71
263936;2957;11,99
263937;2960;12,06
263938;2958;12,01
263939;2965;12,19
263940;2969;12,29
263941;2956;11,96
263942;2955;11,94
263943;2964;12,17
263944;2963;12,14
263945;2975;12,44
263946;2967;12,24
263947;2971;12,34
263948;2978;12,52
263949;2992;12,87
263950;2977;12,49
263951;2979;12,55
263952;2960;12,06
263953;2966;12,22
263954;2961;12,09
263955;2958;12,01
263956;2960;12,06
263957;2963;12,14
263958;2959;12,04
263959;2958;12,01
263960;2941;11,58
263961;2957;11,99
263962;2959;12,04
263963;2956;11,96
263964;2957;11,99
263965;2967;12,24
263966;2961;12,09
263967;2959;12,04
263968;2955;11,94
263969;2960;12,06
263970;2973;12,39
263971;2973;12,39
263972;2978;12,52
263973;2971;12,34
263974;2973;12,39
263975;2966;12,22
263976;2967;12,24
263977;2970;12,32
263978;2960;12,06
263979;2949;11,79
263980;2938;11,51
263981;2941;11,58
263982;2938;11,51
263983;2933;11,38
263984;2925;11,18
263985;2929;11,28
263986;2926;11,20
263987;2913;10,88
263988;2911;10,82
263989;2910;10,80
263990;2900;10,55
263991;2901;10,57
263992;2917;10,98
263993;2918;11,00
263994;2913;10,88
263995;2928;11,26
263996;2929;11,28
263997;2930;11,31
263998;2918;11,00
263999;2930;11,31
264000;2945;11,69
264001;2947;11,74
264002;2944;11,66
264003;2949;11,79
264004;2958;12,01
264005;2960;12,06
264006;2960;12,06
264007;2960;12,06
264008;2954;11,91
264009;2969;12,29
264010;2973;12,39
264011;2974;12,42
264012;2976;12,47
264013;2983;12,65
264014;2974;12,42
264015;2967;12,24
264016;2965;12,19
264017;2961;12,09
264018;2963;12,14
264019;2960;12,06
264020;2958;12,01
264021;2949;11,79
264022;2931;11,33
264023;2927;11,23
264024;2925;11,18
264025;2924;11,15
264026;2929;11,28
264027;2941;11,58
264028;2930;11,31
264029;2935;11,43
264030;2921;11,08
264031;2934;11,41
264032;2918;11,00
264033;2943;11,63
264034;2927;11,23
264035;2917;10,98
264036;2902;10,60
264037;2923;11,13
264038;2927;11,23
264039;2933;11,38
264040;2915;10,93
264041;2925;11,18
264042;2914;10,90
264043;2914;10,90
264044;2906;10,70
264045;2919;11,03
264046;2910;10,80
264047;2921;11,08
264048;2921;11,08
264049;2928;11,26
264050;2930;11,31
264051;2939;11,53
264052;2937;11,48
264053;2958;12,01
264054;2923;11,13
264055;2961;12,09
264056;2937;11,48
264057;2948;11,76
264058;2956;11,96
264059;2965;12,19
264060;2937;11,48
264061;2963;12,14
264062;2937;11,48
264063;2946;11,71
264064;2941;11,58
264065;2950;11,81
264066;2939;11,53
264067;2929;11,28
264068;2929;11,28
264069;2928;11,26
264070;2907;10,72
264071;2933;11,38
264072;2898;10,50
264073;2925;11,18
264074;2903;10,62
264075;2928;11,26
264076;2879;10,02
264077;2901;10,57
264078;2877;9,96
264079;2887;10,22
264080;2879;10,02
264081;2882;10,09
264082;2873;9,86
264083;2873;9,86
264084;2865;9,66
264085;2875;9,91
264086;2864;9,64
264087;2880;10,04
264088;2865;9,66
264089;2871;9,81
264090;2875;9,91
264091;2910;10,80
264092;2875;9,91
264093;2880;10,04
264094;2877;9,96
264095;2930;11,31
264096;2895;10,42
264097;2922;11,10
264098;2898;10,50
264099;2918;11,00
264100;2899;10,52
264101;2938;11,51
264102;2909;10,77
264103;2918;11,00
264104;2906;10,70
264105;2921;11,08
264106;2901;10,57
264107;2915;10,93
264108;2902;10,60
264109;2956;11,96
264110;2897;10,47
264111;2921;11,08
264112;2903;10,62
264113;2927;11,23
264114;2896;10,45
264115;2927;11,23
264116;2903;10,62
264117;2923;11,13
264118;2879;10,02
264119;2886;10,19
264120;2875;9,91
264121;2889;10,27
264122;2883;10,12
264123;2905;10,67
264124;2875;9,91
264125;2887;10,22
264126;2875;9,91
264127;2889;10,27
264128;2864;9,64
264129;2891;10,32
264130;2871;9,81
264131;2887;10,22
264132;2873;9,86
264133;2912;10,85
264134;2864;9,64
264135;2903;10,62
264136;2864;9,64
264137;2892;10,34
264138;2867;9,71
264139;2860;9,53
264140;2851;9,31
264141;2863;9,61
264142;2862;9,59
264143;2869;9,76
264144;2863;9,61
264145;2869;9,76
264146;2850;9,28
264147;2858;9,48
264148;2842;9,08
264149;2891;10,32
264150;2853;9,36
264151;2896;10,45
264152;2865;9,66
264153;2890;10,29
264154;2872;9,84
264155;2880;10,04
264156;2871;9,81
264157;2899;10,52
264158;2886;10,19
264159;2911;10,82
264160;2895;10,42
264161;2910;10,80
264162;2907;10,72
264163;2915;10,93
264164;2909;10,77
264165;2929;11,28
264166;2894;10,39
264167;2931;11,33
264168;2893;10,37
264169;2939;11,53
264170;2905;10,67
264171;2929;11,28
264172;2890;10,29
264173;2915;10,93
264174;2882;10,09
264175;2895;10,42
264176;2878;9,99
264177;2912;10,85
264178;2882;10,09
264179;2906;10,70
264180;2880;10,04
264181;2899;10,52
264182;2866;9,69
264183;2884;10,14
264184;2913;10,88
264185;2882;10,09
264186;2858;9,48
264187;2912;10,85
264188;2871;9,81
264189;2887;10,22
264190;2855;9,41
264191;2890;10,29
264192;2864;9,64
264193;2892;10,34
264194;2842;9,08
264195;2867;9,71
264196;2837;8,95
264197;2891;10,32
264198;2839;9,00
264199;2846;9,18
264200;2827;8,70
264201;2879;10,02
264202;2830;8,78
264203;2850;9,28
264204;2832;8,83
264205;2866;9,69
264206;2849;9,26
264207;2896;10,45
264208;2847;9,21
264209;2885;10,17
264210;2862;9,59
264211;2896;10,45
264212;2864;9,64
264213;2910;10,80
264214;2884;10,14
264215;2901;10,57
264216;2896;10,45
264217;2914;10,90
264218;2896;10,45
264219;2929;11,28
264220;2911;10,82
264221;2938;11,51
264222;2903;10,62
264223;2911;10,82
264224;2906;10,70
264225;2921;11,08
264226;2903;10,62
264227;2928;11,26
264228;2912;10,85
264229;2945;11,69
264230;2899;10,52
264231;2900;10,55
264232;2890;10,29
264233;2931;11,33
264234;2880;10,04
264235;2928;11,26
264236;2881;10,07
264237;2928;11,26
264238;2873;9,86
264239;2887;10,22
264240;2863;9,61
264241;2896;10,45
264242;2854;9,38
264243;2893;10,37
264244;2855;9,41
264245;2894;10,39
264246;2839;9,00
264247;2851;9,31
264248;2845;9,15
264249;2853;9,36
264250;2846;9,18
264251;2853;9,36
264252;2841;9,05
264253;2887;10,22
264254;2854;9,38
264255;2865;9,66
264256;2863;9,61
264257;2837;8,95
264258;2855;9,41
264259;2872;9,84
264260;2860;9,53
264261;2873;9,86
264262;2864;9,64
264263;2912;10,85
264264;2864;9,64
264265;2878;9,99
264266;2865;9,66
264267;2880;10,04
264268;2870;9,79
264269;2903;10,62
264270;2876;9,94
264271;2896;10,45
264272;2880;10,04
264273;2887;10,22
264274;2886;10,19
264275;2915;10,93
264276;2867;9,71
264277;2921;11,08
264278;2868;9,74
264279;2897;10,47
264280;2869;9,76
264281;2878;9,99
264282;2859;9,51
264283;2894;10,39
264284;2858;9,48
264285;2877;9,96
264286;2861;9,56
264287;2898;10,50
264288;2864;9,64
264289;2896;10,45
264290;2862;9,59
264291;2863;9,61
264292;2848;9,23
264293;2871;9,81
264294;2859;9,51
264295;2864;9,64
264296;2854;9,38
264297;2861;9,56
264298;2854;9,38
264299;2895;10,42
264300;2859;9,51
264301;2868;9,74
264302;2863;9,61
264303;2871;9,81
264304;2854;9,38
264305;2883;10,12
264306;2857;9,46
264307;2887;10,22
264308;2861;9,56
264309;2896;10,45
264310;2863;9,61
264311;2880;10,04
264312;2864;9,64
264313;2896;10,45
264314;2866;9,69
264315;2883;10,12
264316;2859;9,51
264317;2885;10,17
264318;2864;9,64
264319;2877;9,96
264320;2862;9,59
264321;2881;10,07
264322;2864;9,64
264323;2875;9,91
264324;2866;9,69
264325;2899;10,52
264326;2885;10,17
264327;2884;10,14
264328;2875;9,91
264329;2907;10,72
264330;2871;9,81
264331;2907;10,72
264332;2879;10,02
264333;2911;10,82
264334;2873;9,86
264335;2896;10,45
264336;2877;9,96
264337;2886;10,19
264338;2866;9,69
264339;2889;10,27
264340;2867;9,71
264341;2892;10,34
264342;2874;9,89
264343;2883;10,12
264344;2865;9,66
264345;2883;10,12
264346;2874;9,89
264347;2902;10,60
264348;2867;9,71
264349;2878;9,99
264350;2876;9,94
264351;2891;10,32
264352;2871;9,81
264353;2878;9,99
264354;2864;9,64
264355;2901;10,57
264356;2867;9,71
264357;2897;10,47
264358;2864;9,64
264359;2898;10,50
264360;2871;9,81
264361;2875;9,91
264362;2864;9,64
264363;2879;10,02
264364;2870;9,79
264365;2877;9,96
264366;2867;9,71
264367;2891;10,32
264368;2877;9,96
264369;2879;10,02
264370;2877;9,96
264371;2905;10,67
264372;2873;9,86
264373;2911;10,82
264374;2886;10,19
264375;2906;10,70
264376;2881;10,07
264377;2898;10,50
264378;2881;10,07
264379;2907;10,72
264380;2875;9,91
264381;2887;10,22
264382;2877;9,96
264383;2896;10,45
264384;2883;10,12
264385;2906;10,70
264386;2894;10,39
264387;2894;10,39
264388;2890;10,29
264389;2901;10,57
264390;2885;10,17
264391;2897;10,47
264392;2891;10,32
264393;2902;10,60
264394;2895;10,42
264395;2881;10,07
264396;2895;10,42
264397;2912;10,85
264398;2883;10,12
264399;2895;10,42
264400;2893;10,37
264401;2907;10,72
264402;2887;10,22
264403;2911;10,82
264404;2885;10,17
264405;2906;10,70
264406;2894;10,39
264407;2911;10,82
264408;2884;10,14
264409;2909;10,77
264410;2887;10,22
264411;2928;11,26
264412;2891;10,32
264413;2897;10,47
264414;2883;10,12
264415;2919;11,03
264416;2880;10,04
264417;2914;10,90
264418;2884;10,14
264419;2908;10,75
264420;2879;10,02
264421;2919;11,03
264422;2880;10,04
264423;2887;10,22
264424;2870;9,79
264425;2917;10,98
264426;2884;10,14
264427;2897;10,47
264428;2881;10,07
264429;2915;10,93
264430;2875;9,91
264431;2865;9,66
264432;2870;9,79
264433;2903;10,62
264434;2875;9,91
264435;2896;10,45
264436;2875;9,91
264437;2897;10,47
264438;2880;10,04
264439;2885;10,17
264440;2879;10,02
264441;2894;10,39
264442;2883;10,12
264443;2890;10,29
264444;2877;9,96
264445;2885;10,17
264446;2874;9,89
264447;2913;10,88
264448;2877;9,96
264449;2883;10,12
264450;2875;9,91
264451;2890;10,29
264452;2883;10,12
264453;2926;11,20
264454;2880;10,04
264455;2896;10,45
264456;2883;10,12
264457;2864;9,64
264458;2887;10,22
264459;2915;10,93
264460;2881;10,07
264461;2882;10,09
264462;2880;10,04
264463;2923;11,13
264464;2887;10,22
264465;2926;11,20
264466;2880;10,04
264467;2930;11,31
264468;2877;9,96
264469;2898;10,50
264470;2883;10,12
264471;2896;10,45
264472;2881;10,07
264473;2911;10,82
264474;2896;10,45
264475;2907;10,72
264476;2887;10,22
264477;2930;11,31
264478;2887;10,22
264479;2903;10,62
264480;2897;10,47
264481;2890;10,29
264482;2891;10,32
264483;2929;11,28
264484;2903;10,62
264485;2930;11,31
264486;2893;10,37
264487;2901;10,57
264488;2903;10,62
264489;2939;11,53
264490;2902;10,60
264491;2917;10,98
264492;2899;10,52
264493;2923;11,13
264494;2897;10,47
264495;2943;11,63
264496;2901;10,57
264497;2929;11,28
264498;2899;10,52
264499;2930;11,31
264500;2903;10,62
264501;2926;11,20
264502;2906;10,70
264503;2900;10,55
264504;2903;10,62
264505;2914;10,90
264506;2910;10,80
264507;2937;11,48
264508;2895;10,42
264509;2914;10,90
264510;2898;10,50
264511;2911;10,82
264512;2898;10,50
264513;2906;10,70
264514;2896;10,45
264515;2905;10,67
264516;2896;10,45
264517;2882;10,09
264518;2885;10,17
264519;2915;10,93
264520;2896;10,45
264521;2918;11,00
264522;2880;10,04
264523;2907;10,72
264524;2881;10,07
264525;2890;10,29
264526;2883;10,12
264527;2914;10,90
264528;2885;10,17
264529;2890;10,29
264530;2876;9,94
264531;2885;10,17
264532;2877;9,96
264533;2887;10,22
264534;2873;9,86
264535;2900;10,55
264536;2873;9,86
264537;2893;10,37
264538;2874;9,89
264539;2893;10,37
264540;2879;10,02
264541;2887;10,22
264542;2877;9,96
264543;2885;10,17
264544;2880;10,04
264545;2917;10,98
264546;2882;10,09
264547;2915;10,93
264548;2889;10,27
264549;2923;11,13
264550;2887;10,22
264551;2925;11,18
264552;2892;10,34
264553;2927;11,23
264554;2895;10,42
264555;2930;11,31
264556;2895;10,42
264557;2913;10,88
264558;2897;10,47
264559;2928;11,26
264560;2912;10,85
264561;2910;10,80
264562;2897;10,47
264563;2917;10,98
264564;2896;10,45
264565;2907;10,72
264566;2889;10,27
264567;2934;11,41
264568;2896;10,45
264569;2911;10,82
264570;2891;10,32
264571;2900;10,55
264572;2885;10,17
264573;2903;10,62
264574;2893;10,37
264575;2918;11,00
264576;2885;10,17
264577;2885;10,17
264578;2876;9,94
264579;2895;10,42
264580;2875;9,91
264581;2915;10,93
264582;2876;9,94
264583;2890;10,29
264584;2865;9,66
264585;2899;10,52
264586;2862;9,59
264587;2896;10,45
264588;2878;9,99
264589;2905;10,67
264590;2864;9,64
264591;2871;9,81
264592;2864;9,64
264593;2897;10,47
264594;2858;9,48
264595;2882;10,09
264596;2864;9,64
264597;2883;10,12
264598;2858;9,48
264599;2896;10,45
264600;2864;9,64
264601;2895;10,42
264602;2865;9,66
264603;2902;10,60
264604;2865;9,66
264605;2880;10,04
264606;2869;9,76
264607;2896;10,45
264608;2878;9,99
264609;2896;10,45
264610;2869;9,76
264611;2911;10,82
264612;2871;9,81
264613;2892;10,34
264614;2879;10,02
264615;2870;9,79
264616;2883;10,12
264617;2907;10,72
264618;2892;10,34
264619;2913;10,88
264620;2891;10,32
264621;2898;10,50
264622;2880;10,04
264623;2923;11,13
264624;2891;10,32
264625;2919;11,03
264626;2883;10,12
264627;2937;11,48
264628;2882;10,09
264629;2911;10,82
264630;2887;10,22
264631;2902;10,60
264632;2880;10,04
264633;2903;10,62
264634;2879;10,02
264635;2940;11,56
264636;2880;10,04
264637;2891;10,32
264638;2874;9,89
264639;2899;10,52
264640;2875;9,91
264641;2881;10,07
264642;2864;9,64
264643;2913;10,88
264644;2875;9,91
264645;2894;10,39
264646;2870;9,79
264647;2878;9,99
264648;2880;10,04
264649;2910;10,80
264650;2869;9,76
264651;2877;9,96
264652;2876;9,94
264653;2906;10,70
264654;2864;9,64
264655;2912;10,85
264656;2878;9,99
264657;2879;10,02
264658;2864;9,64
264659;2881;10,07
264660;2865;9,66
264661;2930;11,31
264662;2865;9,66
264663;2885;10,17
264664;2877;9,96
264665;2880;10,04
264666;2864;9,64
264667;2902;10,60
264668;2881;10,07
264669;2890;10,29
264670;2877;9,96
264671;2906;10,70
264672;2875;9,91
264673;2887;10,22
264674;2880;10,04
264675;2896;10,45
264676;2868;9,74
264677;2903;10,62
264678;2865;9,66
264679;2915;10,93
264680;2864;9,64
264681;2895;10,42
264682;2866;9,69
264683;2890;10,29
264684;2862;9,59
264685;2881;10,07
264686;2861;9,56
264687;2887;10,22
264688;2863;9,61
264689;2884;10,14
264690;2864;9,64
264691;2873;9,86
264692;2864;9,64
264693;2865;9,66
264694;2863;9,61
264695;2896;10,45
264696;2861;9,56
264697;2889;10,27
264698;2859;9,51
264699;2881;10,07
264700;2858;9,48
264701;2879;10,02
264702;2857;9,46
264703;2871;9,81
264704;2851;9,31
264705;2870;9,79
264706;2863;9,61
264707;2889;10,27
264708;2850;9,28
264709;2864;9,64
264710;2854;9,38
264711;2894;10,39
264712;2862;9,59
264713;2865;9,66
264714;2850;9,28
264715;2903;10,62
264716;2854;9,38
264717;2881;10,07
264718;2861;9,56
264719;2859;9,51
264720;2865;9,66
264721;2866;9,69
264722;2859;9,51
264723;2879;10,02
264724;2860;9,53
264725;2905;10,67
264726;2866;9,69
264727;2911;10,82
264728;2858;9,48
264729;2873;9,86
264730;2858;9,48
264731;2885;10,17
264732;2860;9,53
264733;2874;9,89
264734;2859;9,51
264735;2880;10,04
264736;2857;9,46
264737;2866;9,69
264738;2860;9,53
264739;2877;9,96
264740;2860;9,53
264741;2905;10,67
264742;2857;9,46
264743;2866;9,69
264744;2853;9,36
264745;2870;9,79
264746;2848;9,23
264747;2864;9,64
264748;2850;9,28
264749;2860;9,53
264750;2852;9,33
264751;2880;10,04
264752;2849;9,26
264753;2880;10,04
264754;2846;9,18
264755;2864;9,64
264756;2847;9,21
264757;2858;9,48
264758;2841;9,05
264759;2879;10,02
264760;2843;9,10
264761;2852;9,33
264762;2847;9,21
264763;2871;9,81
264764;2835;8,90
264765;2881;10,07
264766;2847;9,21
264767;2859;9,51
264768;2839;9,00
264769;2859;9,51
264770;2839;9,00
264771;2838;8,98
264772;2833;8,85
264773;2864;9,64
264774;2834;8,88
264775;2854;9,38
264776;2847;9,21
264777;2896;10,45
264778;2838;8,98
264779;2858;9,48
264780;2841;9,05
264781;2857;9,46
264782;2847;9,21
264783;2858;9,48
264784;2841;9,05
264785;2895;10,42
264786;2846;9,18
264787;2889;10,27
264788;2844;9,13
264789;2864;9,64
264790;2849;9,26
264791;2862;9,59
264792;2839;9,00
264793;2832;8,83
264794;2843;9,10
264795;2875;9,91
264796;2843;9,10
264797;2863;9,61
264798;2850;9,28
264799;2859;9,51
264800;2837;8,95
264801;2864;9,64
264802;2833;8,85
264803;2855;9,41
264804;2837;8,95
264805;2838;8,98
264806;2842;9,08
264807;2847;9,21
264808;2835;8,90
264809;2867;9,71
264810;2832;8,83
264811;2864;9,64
264812;2832;8,83
264813;2871;9,81
264814;2838;8,98
264815;2847;9,21
264816;2826;8,67
264817;2853;9,36
264818;2819;8,50
264819;2843;9,10
264820;2830;8,78
264821;2864;9,64
264822;2815;8,40
264823;2851;9,31
264824;2815;8,40
264825;2854;9,38
264826;2819;8,50
264827;2855;9,41
264828;2821;8,55
264829;2849;9,26
264830;2822;8,57
264831;2832;8,83
264832;2817;8,45
264833;2828;8,72
264834;2817;8,45
264835;2835;8,90
264836;2819;8,50
264837;2833;8,85
264838;2818;8,47
264839;2837;8,95
264840;2825;8,65
264841;2839;9,00
264842;2823;8,60
264843;2834;8,88
264844;2822;8,57
264845;2836;8,93
264846;2826;8,67
264847;2842;9,08
264848;2823;8,60
264849;2839;9,00
264850;2829;8,75
264851;2834;8,88
264852;2819;8,50
264853;2833;8,85
264854;2823;8,60
264855;2847;9,21
264856;2819;8,50
264857;2832;8,83
264858;2823;8,60
264859;2835;8,90
264860;2825;8,65
264861;2838;8,98
264862;2817;8,45
264863;2830;8,78
264864;2819;8,50
264865;2832;8,83
264866;2817;8,45
264867;2859;9,51
264868;2828;8,72
264869;2838;8,98
264870;2820;8,52
264871;2832;8,83
264872;2819;8,50
264873;2837;8,95
264874;2822;8,57
264875;2823;8,60
264876;2816;8,42
264877;2830;8,78
264878;2823;8,60
264879;2806;8,17
264880;2815;8,40
264881;2827;8,70
264882;2816;8,42
264883;2834;8,88
264884;2813;8,35
264885;2848;9,23
264886;2811;8,29
264887;2823;8,60
264888;2811;8,29
264889;2820;8,52
264890;2815;8,40
264891;2825;8,65
264892;2811;8,29
264893;2819;8,50
264894;2823;8,60
264895;2821;8,55
264896;2815;8,40
264897;2858;9,48
264898;2817;8,45
264899;2832;8,83
264900;2810;8,27
264901;2826;8,67
264902;2818;8,47
264903;2837;8,95
264904;2810;8,27
264905;2828;8,72
264906;2816;8,42
264907;2830;8,78
264908;2821;8,55
264909;2839;9,00
264910;2816;8,42
264911;2822;8,57
264912;2820;8,52
264913;2835;8,90
264914;2816;8,42
264915;2838;8,98
264916;2811;8,29
264917;2842;9,08
264918;2821;8,55
264919;2839;9,00
264920;2821;8,55
264921;2832;8,83
264922;2822;8,57
264923;2833;8,85
264924;2826;8,67
264925;2832;8,83
264926;2815;8,40
264927;2847;9,21
264928;2815;8,40
264929;2823;8,60
264930;2811;8,29
264931;2832;8,83
264932;2813;8,35
264933;2832;8,83
264934;2815;8,40
264935;2818;8,47
264936;2816;8,42
264937;2858;9,48
264938;2805;8,14
264939;2829;8,75
264940;2801;8,04
264941;2821;8,55
264942;2813;8,35
264943;2827;8,70
264944;2806;8,17
264945;2815;8,40
264946;2797;7,94
264947;2831;8,80
264948;2806;8,17
264949;2823;8,60
264950;2805;8,14
264951;2832;8,83
264952;2805;8,14
264953;2821;8,55
264954;2807;8,19
264955;2819;8,50
264956;2802;8,07
264957;2818;8,47
264958;2815;8,40
264959;2794;7,86
264960;2803;8,09
264961;2828;8,72
264962;2802;8,07
264963;2803;8,09
264964;2800;8,02
264965;2805;8,14
264966;2808;8,22
264967;2823;8,60
264968;2805;8,14
264969;2819;8,50
264970;2806;8,17
264971;2813;8,35
264972;2813;8,35
264973;2820;8,52
264974;2801;8,04
264975;2822;8,57
264976;2807;8,19
264977;2832;8,83
264978;2815;8,40
264979;2823;8,60
264980;2811;8,29
264981;2803;8,09
264982;2800;8,02
264983;2837;8,95
264984;2810;8,27
264985;2822;8,57
264986;2806;8,17
264987;2831;8,80
264988;2812;8,32
264989;2832;8,83
264990;2815;8,40
264991;2831;8,80
264992;2810;8,27
264993;2815;8,40
264994;2802;8,07
264995;2829;8,75
264996;2810;8,27
264997;2823;8,60
264998;2805;8,14
264999;2831;8,80
265000;2806;8,17
265001;2832;8,83
265002;2806;8,17
265003;2823;8,60
265004;2814;8,37
265005;2827;8,70
265006;2800;8,02
265007;2822;8,57
265008;2800;8,02
265009;2811;8,29
265010;2807;8,19
265011;2813;8,35
265012;2803;8,09
265013;2825;8,65
265014;2798;7,97
265015;2816;8,42
265016;2800;8,02
265017;2822;8,57
265018;2795;7,89
265019;2827;8,70
265020;2800;8,02
265021;2824;8,62
265022;2800;8,02
265023;2818;8,47
265024;2802;8,07
265025;2818;8,47
265026;2794;7,86
265027;2814;8,37
265028;2795;7,89
265029;2815;8,40
265030;2798;7,97
265031;2802;8,07
265032;2799;7,99
265033;2815;8,40
265034;2803;8,09
265035;2800;8,02
265036;2794;7,86
265037;2816;8,42
265038;2789;7,74
265039;2818;8,47
265040;2798;7,97
265041;2803;8,09
265042;2800;8,02
265043;2817;8,45
265044;2795;7,89
265045;2818;8,47
265046;2800;8,02
265047;2810;8,27
265048;2795;7,89
265049;2815;8,40
265050;2797;7,94
265051;2787;7,69
265052;2790;7,76
265053;2832;8,83
265054;2798;7,97
265055;2810;8,27
265056;2801;8,04
265057;2820;8,52
265058;2794;7,86
265059;2829;8,75
265060;2800;8,02
265061;2816;8,42
265062;2797;7,94
265063;2821;8,55
265064;2803;8,09
265065;2819;8,50
265066;2801;8,04
265067;2822;8,57
265068;2801;8,04
265069;2815;8,40
265070;2801;8,04
265071;2832;8,83
265072;2807;8,19
265073;2815;8,40
265074;2810;8,27
265075;2821;8,55
265076;2816;8,42
265077;2832;8,83
265078;2816;8,42
265079;2820;8,52
265080;2803;8,09
265081;2829;8,75
265082;2816;8,42
265083;2800;8,02
265084;2806;8,17
265085;2818;8,47
265086;2821;8,55
265087;2805;8,14
265088;2810;8,27
265089;2819;8,50
265090;2817;8,45
265091;2827;8,70
265092;2813;8,35
265093;2813;8,35
265094;2806;8,17
265095;2827;8,70
265096;2800;8,02
265097;2845;9,15
265098;2803;8,09
265099;2862;9,59
265100;2809;8,24
265101;2835;8,90
265102;2803;8,09
265103;2806;8,17
265104;2807;8,19
265105;2821;8,55
265106;2810;8,27
265107;2816;8,42
265108;2801;8,04
265109;2809;8,24
265110;2796;7,91
265111;2809;8,24
265112;2800;8,02
265113;2807;8,19
265114;2818;8,47
265115;2817;8,45
265116;2799;7,99
265117;2815;8,40
265118;2797;7,94
265119;2825;8,65
265120;2798;7,97
265121;2813;8,35
265122;2803;8,09
265123;2810;8,27
265124;2807;8,19
265125;2822;8,57
265126;2796;7,91
265127;2805;8,14
265128;2798;7,97
265129;2804;8,12
265130;2805;8,14
265131;2826;8,67
265132;2804;8,12
265133;2815;8,40
265134;2803;8,09
265135;2815;8,40
265136;2799;7,99
265137;2821;8,55
265138;2796;7,91
265139;2853;9,36
265140;2797;7,94
265141;2814;8,37
265142;2799;7,99
265143;2811;8,29
265144;2785;7,64
265145;2809;8,24
265146;2799;7,99
265147;2811;8,29
265148;2794;7,86
265149;2805;8,14
265150;2812;8,32
265151;2807;8,19
265152;2790;7,76
265153;2832;8,83
265154;2800;8,02
265155;2806;8,17
265156;2787;7,69
265157;2815;8,40
265158;2791;7,79
265159;2817;8,45
265160;2794;7,86
265161;2809;8,24
265162;2789;7,74
265163;2811;8,29
265164;2789;7,74
265165;2800;8,02
265166;2784;7,61
265167;2838;8,98
265168;2798;7,97
265169;2779;7,48
265170;2802;8,07
265171;2815;8,40
265172;2794;7,86
265173;2818;8,47
265174;2799;7,99
265175;2810;8,27
265176;2800;8,02
265177;2816;8,42
265178;2805;8,14
265179;2832;8,83
265180;2809;8,24
265181;2807;8,19
265182;2805;8,14
265183;2832;8,83
265184;2819;8,50
265185;2823;8,60
265186;2816;8,42
265187;2831;8,80
265188;2819;8,50
265189;2818;8,47
265190;2818;8,47
265191;2832;8,83
265192;2810;8,27
265193;2833;8,85
265194;2815;8,40
265195;2815;8,40
265196;2819;8,50
265197;2826;8,67
265198;2821;8,55
265199;2829;8,75
265200;2811;8,29
265201;2836;8,93
265202;2817;8,45
265203;2797;7,94
265204;2805;8,14
265205;2813;8,35
265206;2807;8,19
265207;2811;8,29
265208;2800;8,02
265209;2815;8,40
265210;2801;8,04
265211;2805;8,14
265212;2800;8,02
265213;2814;8,37
265214;2798;7,97
265215;2790;7,76
265216;2800;8,02
265217;2812;8,32
265218;2791;7,79
265219;2800;8,02
265220;2800;8,02
265221;2820;8,52
265222;2798;7,97
265223;2819;8,50
265224;2800;8,02
265225;2817;8,45
265226;2800;8,02
265227;2811;8,29
265228;2791;7,79
265229;2804;8,12
265230;2795;7,89
265231;2816;8,42
265232;2800;8,02
265233;2811;8,29
265234;2801;8,04
265235;2794;7,86
265236;2794;7,86
265237;2822;8,57
265238;2810;8,27
265239;2836;8,93
265240;2803;8,09
265241;2814;8,37
265242;2801;8,04
265243;2839;9,00
265244;2799;7,99
265245;2815;8,40
265246;2806;8,17
265247;2780;7,51
265248;2787;7,69
265249;2783;7,59
265250;2803;8,09
265251;2825;8,65
265252;2800;8,02
265253;2786;7,66
265254;2802;8,07
265255;2815;8,40
265256;2800;8,02
265257;2831;8,80
265258;2809;8,24
265259;2849;9,26
265260;2807;8,19
265261;2817;8,45
265262;2800;8,02
265263;2819;8,50
265264;2811;8,29
265265;2802;8,07
265266;2800;8,02
265267;2815;8,40
265268;2804;8,12
265269;2798;7,97
265270;2802;8,07
265271;2803;8,09
265272;2802;8,07
265273;2793;7,84
265274;2813;8,35
265275;2809;8,24
265276;2800;8,02
265277;2829;8,75
265278;2799;7,99
265279;2823;8,60
265280;2802;8,07
265281;2827;8,70
265282;2800;8,02
265283;2800;8,02
265284;2802;8,07
265285;2801;8,04
265286;2794;7,86
265287;2771;7,28
265288;2798;7,97
265289;2758;6,95
265290;2787;7,69
265291;2800;8,02
265292;2787;7,69
265293;2768;7,21
265294;2770;7,26
265295;2803;8,09
265296;2780;7,51
265297;2801;8,04
265298;2774;7,36
265299;2787;7,69
265300;2779;7,48
265301;2802;8,07
265302;2777;7,43
265303;2807;8,19
265304;2776;7,41
265305;2784;7,61
265306;2789;7,74
265307;2808;8,22
265308;2786;7,66
265309;2803;8,09
265310;2797;7,94
265311;2815;8,40
265312;2798;7,97
265313;2770;7,26
265314;2793;7,84
265315;2835;8,90
265316;2791;7,79
265317;2769;7,23
265318;2799;7,99
265319;2816;8,42
265320;2802;8,07
265321;2817;8,45
265322;2805;8,14
265323;2817;8,45
265324;2801;8,04
265325;2806;8,17
265326;2807;8,19
265327;2820;8,52
265328;2805;8,14
265329;2825;8,65
265330;2816;8,42
265331;2826;8,67
265332;2800;8,02
265333;2837;8,95
265334;2800;8,02
265335;2820;8,52
265336;2801;8,04
265337;2812;8,32
265338;2801;8,04
265339;2818;8,47
265340;2800;8,02
265341;2787;7,69
265342;2798;7,97
265343;2800;8,02
265344;2795;7,89
265345;2819;8,50
265346;2802;8,07
265347;2805;8,14
265348;2799;7,99
265349;2818;8,47
265350;2785;7,64
265351;2819;8,50
265352;2800;8,02
265353;2813;8,35
265354;2800;8,02
265355;2803;8,09
265356;2793;7,84
265357;2811;8,29
265358;2789;7,74
265359;2800;8,02
265360;2790;7,76
265361;2805;8,14
265362;2789;7,74
265363;2827;8,70
265364;2793;7,84
265365;2802;8,07
265366;2778;7,46
265367;2801;8,04
265368;2782;7,56
265369;2800;8,02
265370;2787;7,69
265371;2779;7,48
265372;2793;7,84
265373;2782;7,56
265374;2775;7,38
265375;2771;7,28
265376;2782;7,56
265377;2793;7,84
265378;2787;7,69
265379;2791;7,79
265380;2772;7,31
265381;2807;8,19
265382;2782;7,56
265383;2764;7,11
265384;2784;7,61
265385;2797;7,94
265386;2769;7,23
265387;2823;8,60
265388;2773;7,33
265389;2801;8,04
265390;2779;7,48
265391;2791;7,79
265392;2786;7,66
265393;2775;7,38
265394;2772;7,31
265395;2802;8,07
265396;2780;7,51
265397;2800;8,02
265398;2782;7,56
265399;2801;8,04
265400;2783;7,59
265401;2781;7,54
265402;2790;7,76
265403;2811;8,29
265404;2784;7,61
265405;2779;7,48
265406;2800;8,02
265407;2785;7,64
265408;2785;7,64
265409;2788;7,71
265410;2793;7,84
265411;2794;7,86
265412;2786;7,66
265413;2800;8,02
265414;2796;7,91
265415;2775;7,38
265416;2800;8,02
265417;2813;8,35
265418;2795;7,89
265419;2796;7,91
265420;2799;7,99
265421;2798;7,97
265422;2785;7,64
265423;2803;8,09
265424;2785;7,64
265425;2791;7,79
265426;2800;8,02
265427;2791;7,79
265428;2788;7,71
265429;2807;8,19
265430;2791;7,79
265431;2809;8,24
265432;2790;7,76
265433;2785;7,64
265434;2788;7,71
265435;2797;7,94
265436;2790;7,76
265437;2801;8,04
265438;2788;7,71
265439;2794;7,86
265440;2790;7,76
265441;2803;8,09
265442;2789;7,74
265443;2798;7,97
265444;2783;7,59
265445;2807;8,19
265446;2795;7,89
265447;2784;7,61
265448;2797;7,94
265449;2791;7,79
265450;2785;7,64
265451;2789;7,74
265452;2793;7,84
265453;2777;7,43
265454;2791;7,79
265455;2794;7,86
265456;2783;7,59
265457;2799;7,99
265458;2784;7,61
265459;2797;7,94
265460;2795;7,89
265461;2790;7,76
265462;2794;7,86
265463;2809;8,24
265464;2795;7,89
265465;2832;8,83
265466;2791;7,79
265467;2799;7,99
265468;2790;7,76
265469;2817;8,45
265470;2798;7,97
265471;2800;8,02
265472;2789;7,74
265473;2787;7,69
265474;2790;7,76
265475;2805;8,14
265476;2790;7,76
265477;2809;8,24
265478;2791;7,79
265479;2801;8,04
265480;2797;7,94
265481;2809;8,24
265482;2790;7,76
265483;2800;8,02
265484;2797;7,94
265485;2803;8,09
265486;2787;7,69
265487;2822;8,57
265488;2802;8,07
265489;2815;8,40
265490;2800;8,02
265491;2803;8,09
265492;2794;7,86
265493;2813;8,35
265494;2800;8,02
265495;2821;8,55
265496;2800;8,02
265497;2800;8,02
265498;2799;7,99
265499;2801;8,04
265500;2793;7,84
265501;2800;8,02
265502;2790;7,76
265503;2806;8,17
265504;2793;7,84
265505;2794;7,86
265506;2806;8,17
265507;2816;8,42
265508;2797;7,94
265509;2795;7,89
265510;2793;7,84
265511;2795;7,89
265512;2800;8,02
265513;2791;7,79
265514;2786;7,66
265515;2788;7,71
265516;2790;7,76
265517;2798;7,97
265518;2797;7,94
265519;2799;7,99
265520;2815;8,40
265521;2784;7,61
265522;2796;7,91
265523;2789;7,74
265524;2793;7,84
265525;2797;7,94
265526;2791;7,79
265527;2797;7,94
265528;2786;7,66
265529;2800;8,02
265530;2799;7,99
265531;2795;7,89
265532;2796;7,91
265533;2806;8,17
265534;2795;7,89
265535;2803;8,09
265536;2795;7,89
265537;2799;7,99
265538;2786;7,66
265539;2791;7,79
265540;2798;7,97
265541;2789;7,74
265542;2795;7,89
265543;2806;8,17
265544;2795;7,89
265545;2795;7,89
265546;2790;7,76
265547;2800;8,02
265548;2789;7,74
265549;2791;7,79
265550;2794;7,86
265551;2799;7,99
265552;2797;7,94
265553;2795;7,89
265554;2805;8,14
265555;2791;7,79
265556;2797;7,94
265557;2803;8,09
265558;2800;8,02
265559;2816;8,42
265560;2801;8,04
265561;2799;7,99
265562;2813;8,35
265563;2799;7,99
265564;2802;8,07
265565;2800;8,02
265566;2805;8,14
265567;2807;8,19
265568;2805;8,14
265569;2802;8,07
265570;2802;8,07
265571;2809;8,24
265572;2801;8,04
265573;2801;8,04
265574;2802;8,07
265575;2801;8,04
265576;2813;8,35
265577;2799;7,99
265578;2803;8,09
265579;2798;7,97
265580;2799;7,99
265581;2795;7,89
265582;2797;7,94
265583;2801;8,04
265584;2806;8,17
265585;2799;7,99
265586;2790;7,76
265587;2805;8,14
265588;2798;7,97
265589;2797;7,94
265590;2783;7,59
265591;2787;7,69
265592;2791;7,79
265593;2786;7,66
265594;2790;7,76
265595;2795;7,89
265596;2788;7,71
265597;2797;7,94
265598;2787;7,69
265599;2793;7,84
265600;2787;7,69
265601;2789;7,74
265602;2787;7,69
265603;2787;7,69
265604;2800;8,02
265605;2791;7,79
265606;2783;7,59
265607;2783;7,59
265608;2777;7,43
265609;2781;7,54
265610;2786;7,66
265611;2807;8,19
265612;2783;7,59
265613;2788;7,71
265614;2785;7,64
265615;2789;7,74
265616;2799;7,99
265617;2782;7,56
265618;2782;7,56
265619;2784;7,61
265620;2794;7,86
265621;2786;7,66
265622;2806;8,17
265623;2800;8,02
265624;2788;7,71
265625;2788;7,71
265626;2797;7,94
265627;2789;7,74
265628;2800;8,02
265629;2790;7,76
265630;2786;7,66
265631;2794;7,86
265632;2799;7,99
265633;2791;7,79
265634;2795;7,89
265635;2782;7,56
265636;2795;7,89
265637;2797;7,94
265638;2794;7,86
265639;2795;7,89
265640;2794;7,86
265641;2797;7,94
265642;2785;7,64
265643;2794;7,86
265644;2795;7,89
265645;2800;8,02
265646;2809;8,24
265647;2790;7,76
265648;2800;8,02
265649;2797;7,94
265650;2797;7,94
265651;2801;8,04
265652;2792;7,81
265653;2790;7,76
265654;2794;7,86
265655;2794;7,86
265656;2800;8,02
265657;2791;7,79
265658;2801;8,04
265659;2788;7,71
265660;2800;8,02
265661;2804;8,12
265662;2798;7,97
265663;2791;7,79
265664;2800;8,02
265665;2794;7,86
265666;2790;7,76
265667;2791;7,79
265668;2800;8,02
265669;2800;8,02
265670;2787;7,69
265671;2788;7,71
265672;2789;7,74
265673;2795;7,89
265674;2790;7,76
265675;2790;7,76
265676;2784;7,61
265677;2794;7,86
265678;2800;8,02
265679;2793;7,84
265680;2797;7,94
265681;2795;7,89
265682;2786;7,66
265683;2795;7,89
265684;2801;8,04
265685;2795;7,89
265686;2795;7,89
265687;2801;8,04
265688;2797;7,94
265689;2798;7,97
265690;2800;8,02
265691;2799;7,99
265692;2789;7,74
265693;2796;7,91
265694;2787;7,69
265695;2797;7,94
265696;2798;7,97
265697;2805;8,14
265698;2797;7,94
265699;2802;8,07
265700;2801;8,04
265701;2785;7,64
265702;2789;7,74
265703;2798;7,97
265704;2791;7,79
265705;2813;8,35
265706;2791;7,79
265707;2799;7,99
265708;2802;8,07
265709;2809;8,24
265710;2800;8,02
265711;2804;8,12
265712;2827;8,70
265713;2809;8,24
265714;2818;8,47
265715;2820;8,52
265716;2827;8,70
265717;2817;8,45
265718;2826;8,67
265719;2842;9,08
265720;2832;8,83
265721;2832;8,83
265722;2822;8,57
265723;2835;8,90
265724;2816;8,42
265725;2831;8,80
265726;2828;8,72
265727;2827;8,70
265728;2821;8,55
265729;2817;8,45
265730;2823;8,60
265731;2805;8,14
265732;2807;8,19
265733;2811;8,29
265734;2800;8,02
265735;2834;8,88
265736;2789;7,74
265737;2815;8,40
265738;2802;8,07
265739;2797;7,94
265740;2790;7,76
265741;2785;7,64
265742;2787;7,69
265743;2790;7,76
265744;2791;7,79
265745;2790;7,76
265746;2800;8,02
265747;2810;8,27
265748;2783;7,59
265749;2790;7,76
265750;2790;7,76
265751;2814;8,37
265752;2800;8,02
265753;2802;8,07
265754;2811;8,29
265755;2812;8,32
265756;2807;8,19
265757;2826;8,67
265758;2803;8,09
265759;2823;8,60
265760;2815;8,40
265761;2823;8,60
265762;2830;8,78
265763;2825;8,65
265764;2827;8,70
265765;2851;9,31
265766;2847;9,21
265767;2853;9,36
265768;2841;9,05
265769;2838;8,98
265770;2842;9,08
265771;2835;8,90
265772;2853;9,36
265773;2866;9,69
265774;2847;9,21
265775;2852;9,33
265776;2848;9,23
265777;2864;9,64
265778;2837;8,95
265779;2851;9,31
265780;2832;8,83
265781;2832;8,83
265782;2845;9,15
265783;2828;8,72
265784;2837;8,95
265785;2858;9,48
265786;2829;8,75
265787;2833;8,85
265788;2820;8,52
265789;2810;8,27
265790;2833;8,85
265791;2833;8,85
265792;2815;8,40
265793;2828;8,72
265794;2801;8,04
265795;2827;8,70
265796;2800;8,02
265797;2829;8,75
265798;2795;7,89
265799;2795;7,89
265800;2795;7,89
265801;2783;7,59
265802;2784;7,61
265803;2799;7,99
265804;2794;7,86
265805;2794;7,86
265806;2787;7,69
265807;2799;7,99
265808;2787;7,69
265809;2784;7,61
265810;2794;7,86
265811;2806;8,17
265812;2797;7,94
265813;2795;7,89
265814;2801;8,04
265815;2799;7,99
265816;2807;8,19
265817;2810;8,27
265818;2810;8,27
265819;2815;8,40
265820;2817;8,45
265821;2827;8,70
265822;2831;8,80
265823;2830;8,78
265824;2832;8,83
265825;2843;9,10
265826;2842;9,08
265827;2838;8,98
265828;2834;8,88
265829;2871;9,81
265830;2830;8,78
265831;2862;9,59
265832;2836;8,93
265833;2832;8,83
265834;2832;8,83
265835;2823;8,60
265836;2818;8,47
265837;2833;8,85
265838;2816;8,42
265839;2831;8,80
265840;2815;8,40
265841;2811;8,29
265842;2811;8,29
265843;2810;8,27
265844;2800;8,02
265845;2799;7,99
265846;2800;8,02
265847;2813;8,35
265848;2794;7,86
265849;2798;7,97
265850;2799;7,99
265851;2786;7,66
265852;2778;7,46
265853;2783;7,59
265854;2791;7,79
265855;2787;7,69
265856;2798;7,97
265857;2801;8,04
265858;2793;7,84
265859;2821;8,55
265860;2805;8,14
265861;2814;8,37
265862;2804;8,12
265863;2801;8,04
265864;2800;8,02
265865;2814;8,37
265866;2819;8,50
265867;2817;8,45
265868;2826;8,67
265869;2834;8,88
265870;2817;8,45
265871;2853;9,36
265872;2832;8,83
265873;2839;9,00
265874;2843;9,10
265875;2833;8,85
265876;2834;8,88
265877;2841;9,05
265878;2838;8,98
265879;2863;9,61
265880;2845;9,15
265881;2832;8,83
265882;2834;8,88
265883;2825;8,65
265884;2828;8,72
265885;2834;8,88
265886;2816;8,42
265887;2817;8,45
265888;2818;8,47
265889;2816;8,42
265890;2821;8,55
265891;2808;8,22
265892;2810;8,27
265893;2805;8,14
265894;2810;8,27
265895;2832;8,83
265896;2797;7,94
265897;2814;8,37
265898;2803;8,09
265899;2816;8,42
265900;2789;7,74
265901;2799;7,99
265902;2801;8,04
265903;2809;8,24
265904;2806;8,17
265905;2827;8,70
265906;2803;8,09
265907;2810;8,27
265908;2803;8,09
265909;2817;8,45
265910;2810;8,27
265911;2816;8,42
265912;2821;8,55
265913;2827;8,70
265914;2828;8,72
265915;2830;8,78
265916;2827;8,70
265917;2847;9,21
265918;2831;8,80
265919;2829;8,75
265920;2839;9,00
265921;2854;9,38
265922;2835;8,90
265923;2861;9,56
265924;2851;9,31
265925;2832;8,83
265926;2835;8,90
265927;2837;8,95
265928;2843;9,10
265929;2861;9,56
265930;2850;9,28
265931;2835;8,90
265932;2836;8,93
265933;2838;8,98
265934;2834;8,88
265935;2847;9,21
265936;2834;8,88
265937;2829;8,75
265938;2835;8,90
265939;2839;9,00
265940;2821;8,55
265941;2857;9,46
265942;2832;8,83
265943;2844;9,13
265944;2835;8,90
265945;2843;9,10
265946;2830;8,78
265947;2832;8,83
265948;2823;8,60
265949;2813;8,35
265950;2816;8,42
265951;2831;8,80
265952;2816;8,42
265953;2833;8,85
265954;2816;8,42
265955;2832;8,83
265956;2807;8,19
265957;2839;9,00
265958;2821;8,55
265959;2814;8,37
265960;2821;8,55
265961;2829;8,75
265962;2810;8,27
265963;2829;8,75
265964;2828;8,72
265965;2816;8,42
265966;2821;8,55
265967;2817;8,45
265968;2819;8,50
265969;2830;8,78
265970;2818;8,47
265971;2829;8,75
265972;2817;8,45
265973;2841;9,05
265974;2814;8,37
265975;2831;8,80
265976;2823;8,60
265977;2837;8,95
265978;2822;8,57
265979;2837;8,95
265980;2823;8,60
265981;2820;8,52
265982;2815;8,40
265983;2834;8,88
265984;2817;8,45
265985;2815;8,40
265986;2825;8,65
265987;2827;8,70
265988;2821;8,55
265989;2833;8,85
265990;2827;8,70
265991;2839;9,00
265992;2819;8,50
265993;2815;8,40
265994;2822;8,57
265995;2851;9,31
265996;2821;8,55
265997;2832;8,83
265998;2835;8,90
265999;2858;9,48
266000;2829;8,75
266001;2832;8,83
266002;2836;8,93
266003;2838;8,98
266004;2837;8,95
266005;2845;9,15
266006;2836;8,93
266007;2837;8,95
266008;2832;8,83
266009;2850;9,28
266010;2828;8,72
266011;2862;9,59
266012;2826;8,67
266013;2835;8,90
266014;2839;9,00
266015;2849;9,26
266016;2829;8,75
266017;2847;9,21
266018;2831;8,80
266019;2827;8,70
266020;2819;8,50
266021;2818;8,47
266022;2822;8,57
266023;2815;8,40
266024;2818;8,47
266025;2858;9,48
266026;2826;8,67
266027;2817;8,45
266028;2817;8,45
266029;2821;8,55
266030;2818;8,47
266031;2832;8,83
266032;2817;8,45
266033;2837;8,95
266034;2822;8,57
266035;2823;8,60
266036;2823;8,60
266037;2829;8,75
266038;2829;8,75
266039;2827;8,70
266040;2821;8,55
266041;2832;8,83
266042;2835;8,90
266043;2847;9,21
266044;2835;8,90
266045;2863;9,61
266046;2839;9,00
266047;2845;9,15
266048;2845;9,15
266049;2854;9,38
266050;2866;9,69
266051;2853;9,36
266052;2848;9,23
266053;2863;9,61
266054;2849;9,26
266055;2858;9,48
266056;2851;9,31
266057;2846;9,18
266058;2854;9,38
266059;2847;9,21
266060;2860;9,53
266061;2837;8,95
266062;2853;9,36
266063;2832;8,83
266064;2831;8,80
266065;2854;9,38
266066;2841;9,05
266067;2841;9,05
266068;2817;8,45
266069;2830;8,78
266070;2823;8,60
266071;2838;8,98
266072;2811;8,29
266073;2817;8,45
266074;2809;8,24
266075;2817;8,45
266076;2817;8,45
266077;2855;9,41
266078;2806;8,17
266079;2829;8,75
266080;2809;8,24
266081;2800;8,02
266082;2815;8,40
266083;2807;8,19
266084;2818;8,47
266085;2816;8,42
266086;2825;8,65
266087;2819;8,50
266088;2830;8,78
266089;2816;8,42
266090;2821;8,55
266091;2835;8,90
266092;2829;8,75
266093;2837;8,95
266094;2837;8,95
266095;2833;8,85
266096;2838;8,98
266097;2844;9,13
266098;2853;9,36
266099;2847;9,21
266100;2848;9,23
266101;2851;9,31
266102;2857;9,46
266103;2851;9,31
266104;2851;9,31
266105;2851;9,31
266106;2857;9,46
266107;2866;9,69
266108;2857;9,46
266109;2862;9,59
266110;2851;9,31
266111;2866;9,69
266112;2855;9,41
266113;2882;10,09
266114;2847;9,21
266115;2863;9,61
266116;2850;9,28
266117;2848;9,23
266118;2843;9,10
266119;2845;9,15
266120;2839;9,00
266121;2835;8,90
266122;2841;9,05
266123;2835;8,90
266124;2832;8,83
266125;2843;9,10
266126;2830;8,78
266127;2832;8,83
266128;2827;8,70
266129;2819;8,50
266130;2826;8,67
266131;2832;8,83
266132;2820;8,52
266133;2814;8,37
266134;2811;8,29
266135;2819;8,50
266136;2816;8,42
266137;2813;8,35
266138;2831;8,80
266139;2815;8,40
266140;2819;8,50
266141;2807;8,19
266142;2815;8,40
266143;2823;8,60
266144;2814;8,37
266145;2833;8,85
266146;2814;8,37
266147;2812;8,32
266148;2815;8,40
266149;2817;8,45
266150;2826;8,67
266151;2817;8,45
266152;2827;8,70
266153;2823;8,60
266154;2827;8,70
266155;2836;8,93
266156;2835;8,90
266157;2832;8,83
266158;2832;8,83
266159;2839;9,00
266160;2835;8,90
266161;2832;8,83
266162;2851;9,31
266163;2864;9,64
266164;2835;8,90
266165;2864;9,64
266166;2836;8,93
266167;2833;8,85
266168;2844;9,13
266169;2846;9,18
266170;2864;9,64
266171;2849;9,26
266172;2842;9,08
266173;2850;9,28
266174;2846;9,18
266175;2833;8,85
266176;2842;9,08
266177;2833;8,85
266178;2832;8,83
266179;2852;9,33
266180;2835;8,90
266181;2834;8,88
266182;2839;9,00
266183;2832;8,83
266184;2827;8,70
266185;2817;8,45
266186;2831;8,80
266187;2831;8,80
266188;2831;8,80
266189;2826;8,67
266190;2832;8,83
266191;2821;8,55
266192;2827;8,70
266193;2817;8,45
266194;2832;8,83
266195;2819;8,50
266196;2829;8,75
266197;2815;8,40
266198;2815;8,40
266199;2842;9,08
266200;2815;8,40
266201;2831;8,80
266202;2831;8,80
266203;2825;8,65
266204;2822;8,57
266205;2825;8,65
266206;2827;8,70
266207;2831;8,80
266208;2832;8,83
266209;2832;8,83
266210;2841;9,05
266211;2834;8,88
266212;2844;9,13
266213;2832;8,83
266214;2843;9,10
266215;2836;8,93
266216;2847;9,21
266217;2841;9,05
266218;2850;9,28
266219;2835;8,90
266220;2849;9,26
266221;2845;9,15
266222;2850;9,28
266223;2852;9,33
266224;2847;9,21
266225;2866;9,69
266226;2851;9,31
266227;2906;10,70
266228;2854;9,38
266229;2858;9,48
266230;2851;9,31
266231;2859;9,51
266232;2861;9,56
266233;2855;9,41
266234;2857;9,46
266235;2866;9,69
266236;2833;8,85
266237;2845;9,15
266238;2839;9,00
266239;2849;9,26
266240;2832;8,83
266241;2835;8,90
266242;2839;9,00
266243;2868;9,74
266244;2832;8,83
266245;2834;8,88
266246;2827;8,70
266247;2831;8,80
266248;2832;8,83
266249;2815;8,40
266250;2822;8,57
266251;2812;8,32
266252;2817;8,45
266253;2844;9,13
266254;2821;8,55
266255;2810;8,27
266256;2822;8,57
266257;2818;8,47
266258;2817;8,45
266259;2821;8,55
266260;2829;8,75
266261;2823;8,60
266262;2832;8,83
266263;2827;8,70
266264;2825;8,65
266265;2832;8,83
266266;2832;8,83
266267;2831;8,80
266268;2833;8,85
266269;2839;9,00
266270;2840;9,03
266271;2838;8,98
266272;2841;9,05
266273;2840;9,03
266274;2843;9,10
266275;2843;9,10
266276;2855;9,41
266277;2849;9,26
266278;2859;9,51
266279;2853;9,36
266280;2850;9,28
266281;2853;9,36
266282;2848;9,23
266283;2850;9,28
266284;2857;9,46
266285;2853;9,36
266286;2851;9,31
266287;2843;9,10
266288;2846;9,18
266289;2845;9,15
266290;2854;9,38
266291;2846;9,18
266292;2842;9,08
266293;2838;8,98
266294;2843;9,10
266295;2836;8,93
266296;2841;9,05
266297;2837;8,95
266298;2840;9,03
266299;2835;8,90
266300;2829;8,75
266301;2832;8,83
266302;2831;8,80
266303;2827;8,70
266304;2833;8,85
266305;2835;8,90
266306;2831;8,80
266307;2832;8,83
266308;2821;8,55
266309;2829;8,75
266310;2829;8,75
266311;2829;8,75
266312;2819;8,50
266313;2814;8,37
266314;2820;8,52
266315;2839;9,00
266316;2837;8,95
266317;2830;8,78
266318;2833;8,85
266319;2826;8,67
266320;2832;8,83
266321;2829;8,75
266322;2826;8,67
266323;2835;8,90
266324;2837;8,95
266325;2833;8,85
266326;2835;8,90
266327;2836;8,93
266328;2837;8,95
266329;2851;9,31
266330;2832;8,83
266331;2832;8,83
266332;2833;8,85
266333;2825;8,65
266334;2831;8,80
266335;2845;9,15
266336;2832;8,83
266337;2832;8,83
266338;2832;8,83
266339;2833;8,85
266340;2828;8,72
266341;2832;8,83
266342;2838;8,98
266343;2823;8,60
266344;2827;8,70
266345;2821;8,55
266346;2829;8,75
266347;2826;8,67
266348;2833;8,85
266349;2817;8,45
266350;2823;8,60
266351;2814;8,37
266352;2817;8,45
266353;2816;8,42
266354;2819;8,50
266355;2816;8,42
266356;2817;8,45
266357;2811;8,29
266358;2806;8,17
266359;2811;8,29
266360;2802;8,07
266361;2821;8,55
266362;2810;8,27
266363;2832;8,83
266364;2802;8,07
266365;2820;8,52
266366;2810;8,27
266367;2819;8,50
266368;2812;8,32
266369;2803;8,09
266370;2807;8,19
266371;2811;8,29
266372;2813;8,35
266373;2816;8,42
266374;2811;8,29
266375;2826;8,67
266376;2864;9,64
266377;2815;8,40
266378;2813;8,35
266379;2821;8,55
266380;2807;8,19
266381;2835;8,90
266382;2816;8,42
266383;2819;8,50
266384;2819;8,50
266385;2830;8,78
266386;2831;8,80
266387;2812;8,32
266388;2830;8,78
266389;2834;8,88
266390;2826;8,67
266391;2816;8,42
266392;2839;9,00
266393;2832;8,83
266394;2835;8,90
266395;2832;8,83
266396;2833;8,85
266397;2835;8,90
266398;2837;8,95
266399;2843;9,10
266400;2837;8,95
266401;2847;9,21
266402;2843;9,10
266403;2832;8,83
266404;2839;9,00
266405;2834;8,88
266406;2836;8,93
266407;2832;8,83
266408;2838;8,98
266409;2839;9,00
266410;2834;8,88
266411;2829;8,75
266412;2829;8,75
266413;2816;8,42
266414;2833;8,85
266415;2822;8,57
266416;2825;8,65
266417;2831;8,80
266418;2822;8,57
266419;2845;9,15
266420;2830;8,78
266421;2823;8,60
266422;2818;8,47
266423;2809;8,24
266424;2836;8,93
266425;2822;8,57
266426;2822;8,57
266427;2811;8,29
266428;2815;8,40
266429;2832;8,83
266430;2816;8,42
266431;2833;8,85
266432;2818;8,47
266433;2848;9,23
266434;2832;8,83
266435;2816;8,42
266436;2820;8,52
266437;2816;8,42
266438;2822;8,57
266439;2826;8,67
266440;2830;8,78
266441;2823;8,60
266442;2844;9,13
266443;2817;8,45
266444;2834;8,88
266445;2821;8,55
266446;2816;8,42
266447;2843;9,10
266448;2833;8,85
266449;2851;9,31
266450;2825;8,65
266451;2821;8,55
266452;2830;8,78
266453;2832;8,83
266454;2832;8,83
266455;2822;8,57
266456;2827;8,70
266457;2825;8,65
266458;2831;8,80
266459;2819;8,50
266460;2839;9,00
266461;2827;8,70
266462;2832;8,83
266463;2826;8,67
266464;2826;8,67
266465;2815;8,40
266466;2817;8,45
266467;2822;8,57
266468;2833;8,85
266469;2815;8,40
266470;2823;8,60
266471;2811;8,29
266472;2829;8,75
266473;2816;8,42
266474;2821;8,55
266475;2837;8,95
266476;2818;8,47
266477;2855;9,41
266478;2818;8,47
266479;2820;8,52
266480;2822;8,57
266481;2814;8,37
266482;2819;8,50
266483;2813;8,35
266484;2818;8,47
266485;2818;8,47
266486;2829;8,75
266487;2829;8,75
266488;2819;8,50
266489;2817;8,45
266490;2816;8,42
266491;2828;8,72
266492;2834;8,88
266493;2831;8,80
266494;2830;8,78
266495;2815;8,40
266496;2818;8,47
266497;2814;8,37
266498;2821;8,55
266499;2823;8,60
266500;2830;8,78
266501;2815;8,40
266502;2827;8,70
266503;2826;8,67
266504;2832;8,83
266505;2841;9,05
266506;2832;8,83
266507;2827;8,70
266508;2829;8,75
266509;2830;8,78
266510;2819;8,50
266511;2831;8,80
266512;2835;8,90
266513;2831;8,80
266514;2832;8,83
266515;2829;8,75
266516;2826;8,67
266517;2826;8,67
266518;2824;8,62
266519;2826;8,67
266520;2822;8,57
266521;2831;8,80
266522;2822;8,57
266523;2838;8,98
266524;2831;8,80
266525;2831;8,80
266526;2830;8,78
266527;2834;8,88
266528;2829;8,75
266529;2818;8,47
266530;2827;8,70
266531;2819;8,50
266532;2838;8,98
266533;2829;8,75
266534;2818;8,47
266535;2815;8,40
266536;2823;8,60
266537;2817;8,45
266538;2831;8,80
266539;2816;8,42
266540;2825;8,65
266541;2822;8,57
266542;2823;8,60
266543;2822;8,57
266544;2826;8,67
266545;2814;8,37
266546;2825;8,65
266547;2832;8,83
266548;2823;8,60
266549;2819;8,50
266550;2823;8,60
266551;2809;8,24
266552;2822;8,57
266553;2832;8,83
266554;2816;8,42
266555;2854;9,38
266556;2819;8,50
266557;2819;8,50
266558;2829;8,75
266559;2815;8,40
266560;2832;8,83
266561;2819;8,50
266562;2832;8,83
266563;2832;8,83
266564;2821;8,55
266565;2826;8,67
266566;2822;8,57
266567;2817;8,45
266568;2821;8,55
266569;2829;8,75
266570;2830;8,78
266571;2820;8,52
266572;2819;8,50
266573;2817;8,45
266574;2830;8,78
266575;2830;8,78
266576;2819;8,50
266577;2829;8,75
266578;2827;8,70
266579;2830;8,78
266580;2819;8,50
266581;2823;8,60
266582;2821;8,55
266583;2820;8,52
266584;2832;8,83
266585;2826;8,67
266586;2838;8,98
266587;2827;8,70
266588;2825;8,65
266589;2838;8,98
266590;2838;8,98
266591;2827;8,70
266592;2836;8,93
266593;2823;8,60
266594;2821;8,55
266595;2830;8,78
266596;2832;8,83
266597;2847;9,21
266598;2832;8,83
266599;2822;8,57
266600;2830;8,78
266601;2827;8,70
266602;2828;8,72
266603;2835;8,90
266604;2828;8,72
266605;2859;9,51
266606;2829;8,75
266607;2854;9,38
266608;2826;8,67
266609;2822;8,57
266610;2831;8,80
266611;2827;8,70
266612;2826;8,67
266613;2826;8,67
266614;2816;8,42
266615;2821;8,55
266616;2835;8,90
266617;2821;8,55
266618;2823;8,60
266619;2823;8,60
266620;2830;8,78
266621;2851;9,31
266622;2825;8,65
266623;2822;8,57
266624;2828;8,72
266625;2819;8,50
266626;2826;8,67
266627;2818;8,47
266628;2826;8,67
266629;2818;8,47
266630;2826;8,67
266631;2821;8,55
266632;2813;8,35
266633;2811;8,29
266634;2817;8,45
266635;2819;8,50
266636;2819;8,50
266637;2832;8,83
266638;2813;8,35
266639;2819;8,50
266640;2829;8,75
266641;2823;8,60
266642;2823;8,60
266643;2816;8,42
266644;2830;8,78
266645;2813;8,35
266646;2815;8,40
266647;2823;8,60
266648;2822;8,57
266649;2823;8,60
266650;2816;8,42
266651;2843;9,10
266652;2827;8,70
266653;2855;9,41
266654;2811;8,29
266655;2839;9,00
266656;2829;8,75
266657;2823;8,60
266658;2815;8,40
266659;2832;8,83
266660;2832;8,83
266661;2820;8,52
266662;2827;8,70
266663;2837;8,95
266664;2829;8,75
266665;2839;9,00
266666;2825;8,65
266667;2832;8,83
266668;2823;8,60
266669;2825;8,65
266670;2829;8,75
266671;2822;8,57
266672;2832;8,83
266673;2826;8,67
266674;2832;8,83
266675;2819;8,50
266676;2829;8,75
266677;2837;8,95
266678;2832;8,83
266679;2830;8,78
266680;2835;8,90
266681;2838;8,98
266682;2833;8,85
266683;2823;8,60
266684;2839;9,00
266685;2832;8,83
266686;2827;8,70
266687;2832;8,83
266688;2833;8,85
266689;2831;8,80
266690;2832;8,83
266691;2832;8,83
266692;2833;8,85
266693;2825;8,65
266694;2831;8,80
266695;2837;8,95
266696;2828;8,72
266697;2820;8,52
266698;2844;9,13
266699;2832;8,83
266700;2825;8,65
266701;2827;8,70
266702;2829;8,75
266703;2827;8,70
266704;2837;8,95
266705;2830;8,78
266706;2834;8,88
266707;2832;8,83
266708;2835;8,90
266709;2864;9,64
266710;2841;9,05
266711;2837;8,95
266712;2845;9,15
266713;2839;9,00
266714;2849;9,26
266715;2833;8,85
266716;2848;9,23
266717;2845;9,15
266718;2852;9,33
266719;2835;8,90
266720;2834;8,88
266721;2847;9,21
266722;2832;8,83
266723;2832;8,83
266724;2832;8,83
266725;2832;8,83
266726;2832;8,83
266727;2832;8,83
266728;2847;9,21
266729;2842;9,08
266730;2854;9,38
266731;2839;9,00
266732;2833;8,85
266733;2839;9,00
266734;2847;9,21
266735;2847;9,21
266736;2843;9,10
266737;2842;9,08
266738;2842;9,08
266739;2858;9,48
266740;2847;9,21
266741;2842;9,08
266742;2860;9,53
266743;2848;9,23
266744;2843;9,10
266745;2842;9,08
266746;2849;9,26
266747;2832;8,83
266748;2846;9,18
266749;2843;9,10
266750;2855;9,41
266751;2854;9,38
266752;2843;9,10
266753;2848;9,23
266754;2838;8,98
266755;2851;9,31
266756;2839;9,00
266757;2846;9,18
266758;2857;9,46
266759;2843;9,10
266760;2846;9,18
266761;2843;9,10
266762;2861;9,56
266763;2879;10,02
266764;2858;9,48
266765;2845;9,15
266766;2864;9,64
266767;2845;9,15
266768;2847;9,21
266769;2849;9,26
266770;2857;9,46
266771;2881;10,07
266772;2871;9,81
266773;2845;9,15
266774;2862;9,59
266775;2857;9,46
266776;2855;9,41
266777;2863;9,61
266778;2867;9,71
266779;2860;9,53
266780;2864;9,64
266781;2864;9,64
266782;2861;9,56
266783;2857;9,46
266784;2887;10,22
266785;2863;9,61
266786;2871;9,81
266787;2862;9,59
266788;2874;9,89
266789;2874;9,89
266790;2868;9,74
266791;2867;9,71
266792;2865;9,66
266793;2877;9,96
266794;2864;9,64
266795;2870;9,79
266796;2877;9,96
266797;2867;9,71
266798;2883;10,12
266799;2868;9,74
266800;2887;10,22
266801;2875;9,91
266802;2874;9,89
266803;2895;10,42
266804;2880;10,04
266805;2877;9,96
266806;2874;9,89
266807;2879;10,02
266808;2880;10,04
266809;2881;10,07
266810;2893;10,37
266811;2881;10,07
266812;2892;10,34
266813;2883;10,12
266814;2884;10,14
266815;2879;10,02
266816;2890;10,29
266817;2880;10,04
266818;2884;10,14
266819;2882;10,09
266820;2897;10,47
266821;2891;10,32
266822;2891;10,32
266823;2896;10,45
266824;2893;10,37
266825;2896;10,45
266826;2896;10,45
266827;2887;10,22
266828;2899;10,52
266829;2896;10,45
266830;2893;10,37
266831;2896;10,45
266832;2891;10,32
266833;2905;10,67
266834;2902;10,60
266835;2906;10,70
266836;2897;10,47
266837;2896;10,45
266838;2902;10,60
266839;2901;10,57
266840;2914;10,90
266841;2915;10,93
266842;2897;10,47
266843;2910;10,80
266844;2906;10,70
266845;2915;10,93
266846;2915;10,93
266847;2917;10,98
266848;2912;10,85
266849;2918;11,00
266850;2915;10,93
266851;2917;10,98
266852;2928;11,26
266853;2926;11,20
266854;2930;11,31
266855;2913;10,88
266856;2918;11,00
266857;2926;11,20
266858;2929;11,28
266859;2927;11,23
266860;2931;11,33
266861;2928;11,26
266862;2933;11,38
266863;2941;11,58
266864;2949;11,79
266865;2951;11,84
266866;2948;11,76
266867;2944;11,66
266868;2960;12,06
266869;2957;11,99
266870;2954;11,91
266871;2951;11,84
266872;2963;12,14
266873;2975;12,44
266874;2957;11,99
266875;2969;12,29
266876;2975;12,44
266877;2969;12,29
266878;2991;12,85
266879;2986;12,72
266880;2982;12,62
266881;2978;12,52
266882;2995;12,95
266883;2989;12,80
266884;2988;12,77
266885;2987;12,75
266886;3005;13,20
266887;2998;13,03
266888;3001;13,10
266889;3005;13,20
266890;3003;13,15
266891;2998;13,03
266892;3013;13,41
266893;3021;13,61
266894;3011;13,36
266895;3005;13,20
266896;3022;13,63
266897;3007;13,25
266898;3024;13,68
266899;3024;13,68
266900;3026;13,73
266901;3025;13,71
266902;3024;13,68
266903;3024;13,68
266904;3023;13,66
266905;3033;13,91
266906;3034;13,94
266907;3039;14,06
266908;3050;14,34
266909;3040;14,09
266910;3033;13,91
266911;3051;14,37
266912;3041;14,11
266913;3043;14,16
266914;3057;14,52
266915;3047;14,27
266916;3046;14,24
266917;3056;14,49
266918;3047;14,27
266919;3058;14,54
266920;3067;14,77
266921;3054;14,44
266922;3060;14,60
266923;3054;14,44
266924;3058;14,54
266925;3067;14,77
266926;3071;14,87
266927;3066;14,75
266928;3071;14,87
266929;3067;14,77
266930;3068;14,80
266931;3068;14,80
266932;3069;14,82
266933;3084;15,20
266934;3087;15,28
266935;3087;15,28
266936;3071;14,87
266937;3101;15,63
266938;3088;15,30
266939;3093;15,43
266940;3088;15,30
266941;3095;15,48
266942;3093;15,43
266943;3095;15,48
266944;3104;15,71
266945;3097;15,53
266946;3103;15,68
266947;3106;15,76
266948;3109;15,84
266949;3111;15,89
266950;3111;15,89
266951;3110;15,86
266952;3111;15,89
266953;3119;16,09
266954;3117;16,04
266955;3122;16,16
266956;3120;16,11
266957;3126;16,27
266958;3131;16,39
266959;3136;16,52
266960;3142;16,67
266961;3138;16,57
266962;3150;16,87
266963;3147;16,80
266964;3142;16,67
266965;3135;16,49
266966;3128;16,32
266967;3141;16,64
266968;3137;16,54
266969;3139;16,59
266970;3148;16,82
266971;3142;16,67
266972;3155;17,00
266973;3147;16,80
266974;3150;16,87
266975;3151;16,90
266976;3152;16,92
266977;3152;16,92
266978;3142;16,67
266979;3145;16,75
266980;3144;16,72
266981;3151;16,90
266982;3149;16,85
266983;3143;16,70
266984;3141;16,64
266985;3150;16,87
266986;3137;16,54
266987;3135;16,49
266988;3122;16,16
266989;3136;16,52
266990;3136;16,52
266991;3134;16,47
266992;3136;16,52
266993;3130;16,37
266994;3122;16,16
266995;3129;16,34
266996;3127;16,29
266997;3119;16,09
266998;3125;16,24
266999;3127;16,29
267000;3120;16,11
267001;3127;16,29
267002;3121;16,14
267003;3135;16,49
267004;3137;16,54
267005;3129;16,34
267006;3131;16,39
267007;3136;16,52
267008;3127;16,29
267009;3130;16,37
267010;3134;16,47
267011;3134;16,47
267012;3134;16,47
267013;3137;16,54
267014;3139;16,59
267015;3130;16,37
267016;3131;16,39
267017;3134;16,47
267018;3141;16,64
267019;3126;16,27
267020;3134;16,47
267021;3136;16,52
267022;3133;16,44
267023;3139;16,59
267024;3136;16,52
267025;3126;16,27
267026;3136;16,52
267027;3132;16,42
267028;3127;16,29
267029;3130;16,37
267030;3120;16,11
267031;3129;16,34
267032;3133;16,44
267033;3122;16,16
267034;3121;16,14
267035;3120;16,11
267036;3123;16,19
267037;3121;16,14
267038;3122;16,16
267039;3118;16,06
267040;3120;16,11
267041;3123;16,19
267042;3122;16,16
267043;3121;16,14
267044;3120;16,11
267045;3132;16,42
267046;3125;16,24
267047;3120;16,11
267048;3121;16,14
267049;3133;16,44
267050;3142;16,67
267051;3132;16,42
267052;3135;16,49
267053;3127;16,29
267054;3120;16,11
267055;3125;16,24
267056;3130;16,37
267057;3123;16,19
267058;3127;16,29
267059;3131;16,39
267060;3126;16,27
267061;3125;16,24
267062;3126;16,27
267063;3120;16,11
267064;3120;16,11
267065;3115;15,99
267066;3120;16,11
267067;3114;15,96
267068;3120;16,11
267069;3116;16,01
267070;3111;15,89
267071;3095;15,48
267072;3100;15,61
267073;3093;15,43
267074;3089;15,33
267075;3089;15,33
267076;3098;15,56
267077;3089;15,33
267078;3086;15,25
267079;3088;15,30
267080;3066;14,75
267081;3059;14,57
267082;3067;14,77
267083;3043;14,16
267084;3042;14,14
267085;3046;14,24
267086;3050;14,34
267087;3039;14,06
267088;3056;14,49
267089;3062;14,65
267090;3045;14,22
267091;3040;14,09
267092;3056;14,49
267093;3053;14,42
267094;3031;13,86
267095;3054;14,44
267096;3054;14,44
267097;3042;14,14
267098;3050;14,34
267099;3024;13,68
267100;3043;14,16
267101;3099;15,58
267102;3070;14,85
267103;3027;13,76
267104;3054;14,44
267105;3040;14,09
267106;3033;13,91
267107;3029;13,81
267108;3051;14,37
267109;3023;13,66
267110;3013;13,41
267111;3057;14,52
267112;3119;16,09
267113;3005;13,20
267114;3013;13,41
267115;3088;15,30
267116;3058;14,54
267117;3051;14,37
267118;3068;14,80
267119;3062;14,65
267120;3070;14,85
267121;3071;14,87
267122;3054;14,44
267123;3055;14,47
267124;3055;14,47
267125;3040;14,09
267126;3039;14,06
267127;3055;14,47
267128;3055;14,47
267129;3056;14,49
267130;3067;14,77
267131;3053;14,42
267132;3055;14,47
267133;3055;14,47
267134;3056;14,49
267135;3055;14,47
267136;3055;14,47
267137;3058;14,54
267138;3049;14,32
267139;3050;14,34
267140;3045;14,22
267141;3029;13,81
267142;3037;14,01
267143;3018;13,53
267144;3031;13,86
267145;3027;13,76
267146;3024;13,68
267147;3027;13,76
267148;3021;13,61
267149;2993;12,90
267150;3001;13,10
267151;2995;12,95
267152;2990;12,82
267153;2982;12,62
267154;2996;12,98
267155;3007;13,25
267156;2998;13,03
267157;2991;12,85
267158;3014;13,43
267159;3024;13,68
267160;3002;13,13
267161;2997;13,00
267162;3023;13,66
267163;3031;13,86
267164;3004;13,18
267165;3006;13,23
267166;3028;13,79
267167;3033;13,91
267168;3024;13,68
267169;3008;13,28
267170;3024;13,68
267171;3011;13,36
267172;3023;13,66
267173;3025;13,71
267174;3034;13,94
267175;3027;13,76
267176;3022;13,63
267177;3024;13,68
267178;3023;13,66
267179;3030;13,84
267180;3024;13,68
267181;3015;13,46
267182;3011;13,36
267183;3024;13,68
267184;3023;13,66
267185;3024;13,68
267186;3013;13,41
267187;3023;13,66
267188;2997;13,00
267189;2993;12,90
267190;2971;12,34
267191;2964;12,17
267192;2973;12,39
267193;2960;12,06
267194;2961;12,09
267195;2948;11,76
267196;2960;12,06
267197;2960;12,06
267198;2943;11,63
267199;2954;11,91
267200;2941;11,58
267201;2940;11,56
267202;2960;12,06
267203;2960;12,06
267204;2982;12,62
267205;2965;12,19
267206;2983;12,65
267207;2962;12,12
267208;2971;12,34
267209;2957;11,99
267210;2971;12,34
267211;2973;12,39
267212;2987;12,75
267213;3000;13,08
267214;2992;12,87
267215;2970;12,32
267216;2973;12,39
267217;2977;12,49
267218;2971;12,34
267219;2967;12,24
267220;2965;12,19
267221;2966;12,22
267222;2986;12,72
267223;2976;12,47
267224;2989;12,80
267225;2982;12,62
267226;2972;12,37
267227;2960;12,06
267228;2981;12,60
267229;2969;12,29
267230;2976;12,47
267231;2977;12,49
267232;2978;12,52
267233;2965;12,19
267234;2971;12,34
267235;2967;12,24
267236;2966;12,22
267237;2955;11,94
267238;2943;11,63
267239;2955;11,94
267240;2953;11,89
267241;2967;12,24
267242;2967;12,24
267243;2970;12,32
267244;2965;12,19
267245;2979;12,55
267246;2971;12,34
267247;2967;12,24
267248;2967;12,24
267249;2975;12,44
267250;2983;12,65
267251;2976;12,47
267252;2971;12,34
267253;2977;12,49
267254;2964;12,17
267255;2970;12,32
267256;2960;12,06
267257;2966;12,22
267258;2961;12,09
267259;2959;12,04
267260;3007;13,25
267261;2971;12,34
267262;2970;12,32
267263;2960;12,06
267264;2947;11,74
267265;2955;11,94
267266;2958;12,01
267267;2962;12,12
267268;2960;12,06
267269;2962;12,12
267270;2951;11,84
267271;2978;12,52
267272;2946;11,71
267273;2942;11,61
267274;2943;11,63
267275;2929;11,28
267276;2931;11,33
267277;2931;11,33
267278;2928;11,26
267279;2934;11,41
267280;2919;11,03
267281;2922;11,10
267282;2928;11,26
267283;2928;11,26
267284;2940;11,56
267285;2930;11,31
267286;2928;11,26
267287;2921;11,08
267288;2931;11,33
267289;2924;11,15
267290;2944;11,66
267291;2928;11,26
267292;2934;11,41
267293;2919;11,03
267294;2934;11,41
267295;2929;11,28
267296;2899;10,52
267297;2921;11,08
267298;2928;11,26
267299;2917;10,98
267300;2911;10,82
267301;2910;10,80
267302;2939;11,53
267303;2939;11,53
267304;2923;11,13
267305;2927;11,23
267306;2928;11,26
267307;2932;11,36
267308;2935;11,43
267309;2942;11,61
267310;2937;11,48
267311;2939;11,53
267312;2951;11,84
267313;2960;12,06
267314;2939;11,53
267315;2950;11,81
267316;2938;11,51
267317;2945;11,69
267318;2934;11,41
267319;2945;11,69
267320;2929;11,28
267321;2922;11,10
267322;2944;11,66
267323;2903;10,62
267324;2907;10,72
267325;2899;10,52
267326;2899;10,52
267327;2903;10,62
267328;2894;10,39
267329;2890;10,29
267330;2892;10,34
267331;2889;10,27
267332;2875;9,91
267333;2882;10,09
267334;2886;10,19
267335;2892;10,34
267336;2896;10,45
267337;2896;10,45
267338;2909;10,77
267339;2927;11,23
267340;2907;10,72
267341;2894;10,39
267342;2896;10,45
267343;2896;10,45
267344;2928;11,26
267345;2921;11,08
267346;2923;11,13
267347;2935;11,43
267348;2932;11,36
267349;2925;11,18
267350;2937;11,48
267351;2937;11,48
267352;2954;11,91
267353;2951;11,84
267354;2946;11,71
267355;2948;11,76
267356;2944;11,66
267357;2959;12,04
267358;2960;12,06
267359;2946;11,71
267360;2951;11,84
267361;2951;11,84
267362;2945;11,69
267363;2947;11,74
267364;2944;11,66
267365;2941;11,58
267366;2927;11,23
267367;2919;11,03
267368;2927;11,23
267369;2918;11,00
267370;2918;11,00
267371;2919;11,03
267372;2918;11,00
267373;2910;10,80
267374;2923;11,13
267375;2927;11,23
267376;2911;10,82
267377;2912;10,85
267378;2917;10,98
267379;2910;10,80
267380;2900;10,55
267381;2915;10,93
267382;2896;10,45
267383;2910;10,80
267384;2922;11,10
267385;2934;11,41
267386;2922;11,10
267387;2910;10,80
267388;2901;10,57
267389;2905;10,67
267390;2909;10,77
267391;2909;10,77
267392;2918;11,00
267393;2906;10,70
267394;2926;11,20
267395;2925;11,18
267396;2927;11,23
267397;2934;11,41
267398;2929;11,28
267399;2943;11,63
267400;2934;11,41
267401;2944;11,66
267402;2963;12,14
267403;2951;11,84
267404;2950;11,81
267405;2960;12,06
267406;2955;11,94
267407;2960;12,06
267408;2962;12,12
267409;2975;12,44
267410;2971;12,34
267411;2978;12,52
267412;2970;12,32
267413;2974;12,42
267414;2962;12,12
267415;2973;12,39
267416;2954;11,91
267417;2960;12,06
267418;2960;12,06
267419;2950;11,81
267420;2944;11,66
267421;2931;11,33
267422;2949;11,79
267423;2934;11,41
267424;2928;11,26
267425;2927;11,23
267426;2926;11,20
267427;2900;10,55
267428;2903;10,62
267429;2899;10,52
267430;2906;10,70
267431;2899;10,52
267432;2918;11,00
267433;2906;10,70
267434;2908;10,75
267435;2896;10,45
267436;2893;10,37
267437;2897;10,47
267438;2901;10,57
267439;2907;10,72
267440;2909;10,77
267441;2903;10,62
267442;2928;11,26
267443;2928;11,26
267444;2925;11,18
267445;2897;10,47
267446;2914;10,90
267447;2928;11,26
267448;2943;11,63
267449;2937;11,48
267450;2945;11,69
267451;2947;11,74
267452;2943;11,63
267453;2944;11,66
267454;2939;11,53
267455;2939;11,53
267456;2946;11,71
267457;2959;12,04
267458;2956;11,96
267459;2953;11,89
267460;2945;11,69
267461;2944;11,66
267462;2931;11,33
267463;2937;11,48
267464;2931;11,33
267465;2928;11,26
267466;2934;11,41
267467;2919;11,03
267468;2923;11,13
267469;2915;10,93
267470;2927;11,23
267471;2915;10,93
267472;2907;10,72
267473;2914;10,90
267474;2921;11,08
267475;2907;10,72
267476;2921;11,08
267477;2906;10,70
267478;2903;10,62
267479;2900;10,55
267480;2903;10,62
267481;2897;10,47
267482;2906;10,70
267483;2903;10,62
267484;2917;10,98
267485;2921;11,08
267486;2903;10,62
267487;2908;10,75
267488;2898;10,50
267489;2898;10,50
267490;2921;11,08
267491;2909;10,77
267492;2918;11,00
267493;2912;10,85
267494;2907;10,72
267495;2913;10,88
267496;2907;10,72
267497;2922;11,10
267498;2907;10,72
267499;2907;10,72
267500;2898;10,50
267501;2897;10,47
267502;2903;10,62
267503;2910;10,80
267504;2912;10,85
267505;2917;10,98
267506;2902;10,60
267507;2895;10,42
267508;2901;10,57
267509;2896;10,45
267510;2887;10,22
267511;2893;10,37
267512;2881;10,07
267513;2904;10,65
267514;2901;10,57
267515;2912;10,85
267516;2917;10,98
267517;2906;10,70
267518;2901;10,57
267519;2928;11,26
267520;2905;10,67
267521;2905;10,67
267522;2910;10,80
267523;2922;11,10
267524;2928;11,26
267525;2915;10,93
267526;2919;11,03
267527;2917;10,98
267528;2926;11,20
267529;2922;11,10
267530;2911;10,82
267531;2910;10,80
267532;2917;10,98
267533;2900;10,55
267534;2896;10,45
267535;2895;10,42
267536;2908;10,75
267537;2892;10,34
267538;2893;10,37
267539;2883;10,12
267540;2861;9,56
267541;2884;10,14
267542;2886;10,19
267543;2871;9,81
267544;2892;10,34
267545;2881;10,07
267546;2880;10,04
267547;2880;10,04
267548;2876;9,94
267549;2878;9,99
267550;2878;9,99
267551;2869;9,76
267552;2885;10,17
267553;2881;10,07
267554;2881;10,07
267555;2871;9,81
267556;2879;10,02
267557;2888;10,24
267558;2880;10,04
267559;2879;10,02
267560;2885;10,17
267561;2887;10,22
267562;2875;9,91
267563;2877;9,96
267564;2881;10,07
267565;2880;10,04
267566;2881;10,07
267567;2879;10,02
267568;2883;10,12
267569;2883;10,12
267570;2889;10,27
267571;2877;9,96
267572;2889;10,27
267573;2880;10,04
267574;2897;10,47
267575;2884;10,14
267576;2889;10,27
267577;2891;10,32
267578;2896;10,45
267579;2909;10,77
267580;2921;11,08
267581;2914;10,90
267582;2911;10,82
267583;2906;10,70
267584;2901;10,57
267585;2909;10,77
267586;2907;10,72
267587;2914;10,90
267588;2926;11,20
267589;2909;10,77
267590;2911;10,82
267591;2927;11,23
267592;2917;10,98
267593;2924;11,15
267594;2928;11,26
267595;2940;11,56
267596;2941;11,58
267597;2923;11,13
267598;2933;11,38
267599;2927;11,23
267600;2933;11,38
267601;2922;11,10
267602;2928;11,26
267603;2912;10,85
267604;2929;11,28
267605;2909;10,77
267606;2929;11,28
267607;2909;10,77
267608;2912;10,85
267609;2899;10,52
267610;2899;10,52
267611;2917;10,98
267612;2891;10,32
267613;2885;10,17
267614;2878;9,99
267615;2889;10,27
267616;2880;10,04
267617;2880;10,04
267618;2879;10,02
267619;2879;10,02
267620;2891;10,32
267621;2873;9,86
267622;2880;10,04
267623;2883;10,12
267624;2874;9,89
267625;2881;10,07
267626;2886;10,19
267627;2877;9,96
267628;2879;10,02
267629;2891;10,32
267630;2894;10,39
267631;2885;10,17
267632;2896;10,45
267633;2886;10,19
267634;2907;10,72
267635;2896;10,45
267636;2899;10,52
267637;2896;10,45
267638;2908;10,75
267639;2903;10,62
267640;2909;10,77
267641;2931;11,33
267642;2913;10,88
267643;2914;10,90
267644;2914;10,90
267645;2907;10,72
267646;2916;10,95
267647;2901;10,57
267648;2913;10,88
267649;2913;10,88
267650;2911;10,82
267651;2903;10,62
267652;2906;10,70
267653;2913;10,88
267654;2899;10,52
267655;2902;10,60
267656;2911;10,82
267657;2901;10,57
267658;2903;10,62
267659;2906;10,70
267660;2895;10,42
267661;2911;10,82
267662;2883;10,12
267663;2897;10,47
267664;2894;10,39
267665;2894;10,39
267666;2895;10,42
267667;2887;10,22
267668;2878;9,99
267669;2887;10,22
267670;2883;10,12
267671;2879;10,02
267672;2881;10,07
267673;2884;10,14
267674;2883;10,12
267675;2882;10,09
267676;2911;10,82
267677;2875;9,91
267678;2889;10,27
267679;2880;10,04
267680;2900;10,55
267681;2892;10,34
267682;2899;10,52
267683;2902;10,60
267684;2901;10,57
267685;2900;10,55
267686;2902;10,60
267687;2903;10,62
267688;2914;10,90
267689;2913;10,88
267690;2916;10,95
267691;2915;10,93
267692;2915;10,93
267693;2925;11,18
267694;2919;11,03
267695;2923;11,13
267696;2926;11,20
267697;2918;11,00
267698;2914;10,90
267699;2929;11,28
267700;2919;11,03
267701;2918;11,00
267702;2919;11,03
267703;2943;11,63
267704;2915;10,93
267705;2922;11,10
267706;2910;10,80
267707;2927;11,23
267708;2911;10,82
267709;2921;11,08
267710;2909;10,77
267711;2917;10,98
267712;2907;10,72
267713;2912;10,85
267714;2896;10,45
267715;2885;10,17
267716;2895;10,42
267717;2905;10,67
267718;2901;10,57
267719;2897;10,47
267720;2900;10,55
267721;2896;10,45
267722;2896;10,45
267723;2896;10,45
267724;2890;10,29
267725;2895;10,42
267726;2903;10,62
267727;2887;10,22
267728;2896;10,45
267729;2896;10,45
267730;2905;10,67
267731;2900;10,55
267732;2901;10,57
267733;2897;10,47
267734;2880;10,04
267735;2887;10,22
267736;2896;10,45
267737;2894;10,39
267738;2887;10,22
267739;2896;10,45
267740;2903;10,62
267741;2901;10,57
267742;2896;10,45
267743;2896;10,45
267744;2914;10,90
267745;2911;10,82
267746;2913;10,88
267747;2909;10,77
267748;2911;10,82
267749;2910;10,80
267750;2910;10,80
267751;2918;11,00
267752;2911;10,82
267753;2912;10,85
267754;2918;11,00
267755;2918;11,00
267756;2916;10,95
267757;2919;11,03
267758;2927;11,23
267759;2913;10,88
267760;2907;10,72
267761;2921;11,08
267762;2925;11,18
267763;2920;11,05
267764;2911;10,82
267765;2913;10,88
267766;2913;10,88
267767;2910;10,80
267768;2906;10,70
267769;2917;10,98
267770;2911;10,82
267771;2916;10,95
267772;2909;10,77
267773;2905;10,67
267774;2902;10,60
267775;2905;10,67
267776;2906;10,70
267777;2896;10,45
267778;2896;10,45
267779;2899;10,52
267780;2896;10,45
267781;2902;10,60
267782;2889;10,27
267783;2901;10,57
267784;2896;10,45
267785;2903;10,62
267786;2896;10,45
267787;2902;10,60
267788;2898;10,50
267789;2898;10,50
267790;2896;10,45
267791;2906;10,70
267792;2912;10,85
267793;2903;10,62
267794;2896;10,45
267795;2902;10,60
267796;2909;10,77
267797;2907;10,72
267798;2927;11,23
267799;2914;10,90
267800;2913;10,88
267801;2911;10,82
267802;2928;11,26
267803;2922;11,10
267804;2923;11,13
267805;2916;10,95
267806;2933;11,38
267807;2914;10,90
267808;2918;11,00
267809;2933;11,38
267810;2950;11,81
267811;2925;11,18
267812;2927;11,23
267813;2922;11,10
267814;2931;11,33
267815;2922;11,10
267816;2929;11,28
267817;2932;11,36
267818;2927;11,23
267819;2943;11,63
267820;2928;11,26
267821;2926;11,20
267822;2955;11,94
267823;2928;11,26
267824;2933;11,38
267825;2919;11,03
267826;2942;11,61
267827;2921;11,08
267828;2928;11,26
267829;2919;11,03
267830;2934;11,41
267831;2924;11,15
267832;2928;11,26
267833;2930;11,31
267834;2928;11,26
267835;2931;11,33
267836;2943;11,63
267837;2915;10,93
267838;2937;11,48
267839;2933;11,38
267840;2947;11,74
267841;2931;11,33
267842;2930;11,31
267843;2922;11,10
267844;2938;11,51
267845;2941;11,58
267846;2926;11,20
267847;2918;11,00
267848;2928;11,26
267849;2939;11,53
267850;2944;11,66
267851;2928;11,26
267852;2937;11,48
267853;2931;11,33
267854;2944;11,66
267855;2929;11,28
267856;2941;11,58
267857;2932;11,36
267858;2939;11,53
267859;2933;11,38
267860;2933;11,38
267861;2933;11,38
267862;2927;11,23
267863;2923;11,13
267864;2929;11,28
267865;2929;11,28
267866;2933;11,38
267867;2943;11,63
267868;2933;11,38
267869;2928;11,26
267870;2934;11,41
267871;2928;11,26
267872;2939;11,53
267873;2925;11,18
267874;2943;11,63
267875;2929;11,28
267876;2933;11,38
267877;2918;11,00
267878;2930;11,31
267879;2918;11,00
267880;2929;11,28
267881;2937;11,48
267882;2923;11,13
267883;2923;11,13
267884;2934;11,41
267885;2930;11,31
267886;2928;11,26
267887;2918;11,00
267888;2895;10,42
267889;2926;11,20
267890;2892;10,34
267891;2913;10,88
267892;2929;11,28
267893;2917;10,98
267894;2896;10,45
267895;2917;10,98
267896;2932;11,36
267897;2916;10,95
267898;2898;10,50
267899;2902;10,60
267900;2911;10,82
267901;2907;10,72
267902;2887;10,22
267903;2902;10,60
267904;2921;11,08
267905;2917;10,98
267906;2910;10,80
267907;2905;10,67
267908;2881;10,07
267909;2901;10,57
267910;2881;10,07
267911;2895;10,42
267912;2915;10,93
267913;2895;10,42
267914;2902;10,60
267915;2896;10,45
267916;2883;10,12
267917;2905;10,67
267918;2887;10,22
267919;2910;10,80
267920;2880;10,04
267921;2898;10,50
267922;2882;10,09
267923;2919;11,03
267924;2881;10,07
267925;2912;10,85
267926;2887;10,22
267927;2911;10,82
267928;2925;11,18
267929;2903;10,62
267930;2881;10,07
267931;2896;10,45
267932;2874;9,89
267933;2907;10,72
267934;2873;9,86
267935;2896;10,45
267936;2880;10,04
267937;2912;10,85
267938;2899;10,52
267939;2899;10,52
267940;2876;9,94
267941;2897;10,47
267942;2861;9,56
267943;2897;10,47
267944;2877;9,96
267945;2894;10,39
267946;2877;9,96
267947;2901;10,57
267948;2877;9,96
267949;2897;10,47
267950;2865;9,66
267951;2897;10,47
267952;2896;10,45
267953;2922;11,10
267954;2871;9,81
267955;2889;10,27
267956;2864;9,64
267957;2888;10,24
267958;2899;10,52
267959;2889;10,27
267960;2869;9,76
267961;2885;10,17
267962;2848;9,23
267963;2894;10,39
267964;2864;9,64
267965;2891;10,32
267966;2873;9,86
267967;2891;10,32
267968;2866;9,69
267969;2875;9,91
267970;2863;9,61
267971;2880;10,04
267972;2863;9,61
267973;2871;9,81
267974;2855;9,41
267975;2885;10,17
267976;2859;9,51
267977;2891;10,32
267978;2859;9,51
267979;2883;10,12
267980;2859;9,51
267981;2882;10,09
267982;2843;9,10
267983;2885;10,17
267984;2857;9,46
267985;2845;9,15
267986;2860;9,53
267987;2891;10,32
267988;2858;9,48
267989;2878;9,99
267990;2881;10,07
267991;2897;10,47
267992;2864;9,64
267993;2878;9,99
267994;2861;9,56
267995;2884;10,14
267996;2861;9,56
267997;2895;10,42
267998;2860;9,53
267999;2896;10,45
268000;2864;9,64
268001;2883;10,12
268002;2866;9,69
268003;2887;10,22
268004;2866;9,69
268005;2882;10,09
268006;2877;9,96
268007;2895;10,42
268008;2867;9,71
268009;2896;10,45
268010;2891;10,32
268011;2903;10,62
268012;2901;10,57
268013;2896;10,45
268014;2867;9,71
268015;2896;10,45
268016;2881;10,07
268017;2899;10,52
268018;2869;9,76
268019;2894;10,39
268020;2874;9,89
268021;2886;10,19
268022;2865;9,66
268023;2909;10,77
268024;2889;10,27
268025;2893;10,37
268026;2863;9,61
268027;2896;10,45
268028;2864;9,64
268029;2887;10,22
268030;2870;9,79
268031;2891;10,32
268032;2865;9,66
268033;2891;10,32
268034;2857;9,46
268035;2886;10,19
268036;2866;9,69
268037;2886;10,19
268038;2859;9,51
268039;2878;9,99
268040;2852;9,33
268041;2870;9,79
268042;2850;9,28
268043;2875;9,91
268044;2874;9,89
268045;2879;10,02
268046;2854;9,38
268047;2881;10,07
268048;2850;9,28
268049;2874;9,89
268050;2858;9,48
268051;2873;9,86
268052;2861;9,56
268053;2869;9,76
268054;2864;9,64
268055;2870;9,79
268056;2850;9,28
268057;2875;9,91
268058;2850;9,28
268059;2874;9,89
268060;2877;9,96
268061;2874;9,89
268062;2843;9,10
268063;2879;10,02
268064;2896;10,45
268065;2885;10,17
268066;2859;9,51
268067;2870;9,79
268068;2846;9,18
268069;2880;10,04
268070;2851;9,31
268071;2873;9,86
268072;2875;9,91
268073;2880;10,04
268074;2863;9,61
268075;2870;9,79
268076;2850;9,28
268077;2879;10,02
268078;2857;9,46
268079;2879;10,02
268080;2864;9,64
268081;2889;10,27
268082;2858;9,48
268083;2883;10,12
268084;2858;9,48
268085;2866;9,69
268086;2863;9,61
268087;2871;9,81
268088;2851;9,31
268089;2877;9,96
268090;2849;9,26
268091;2879;10,02
268092;2867;9,71
268093;2874;9,89
268094;2875;9,91
268095;2879;10,02
268096;2853;9,36
268097;2870;9,79
268098;2852;9,33
268099;2880;10,04
268100;2854;9,38
268101;2867;9,71
268102;2832;8,83
268103;2866;9,69
268104;2846;9,18
268105;2880;10,04
268106;2843;9,10
268107;2864;9,64
268108;2841;9,05
268109;2871;9,81
268110;2844;9,13
268111;2864;9,64
268112;2862;9,59
268113;2870;9,79
268114;2839;9,00
268115;2875;9,91
268116;2839;9,00
268117;2869;9,76
268118;2846;9,18
268119;2861;9,56
268120;2829;8,75
268121;2866;9,69
268122;2838;8,98
268123;2873;9,86
268124;2839;9,00
268125;2863;9,61
268126;2848;9,23
268127;2871;9,81
268128;2835;8,90
268129;2861;9,56
268130;2831;8,80
268131;2859;9,51
268132;2864;9,64
268133;2863;9,61
268134;2835;8,90
268135;2861;9,56
268136;2833;8,85
268137;2855;9,41
268138;2832;8,83
268139;2859;9,51
268140;2832;8,83
268141;2866;9,69
268142;2832;8,83
268143;2855;9,41
268144;2851;9,31
268145;2850;9,28
268146;2830;8,78
268147;2847;9,21
268148;2829;8,75
268149;2861;9,56
268150;2829;8,75
268151;2862;9,59
268152;2860;9,53
268153;2862;9,59
268154;2837;8,95
268155;2855;9,41
268156;2870;9,79
268157;2865;9,66
268158;2814;8,37
268159;2847;9,21
268160;2818;8,47
268161;2848;9,23
268162;2822;8,57
268163;2846;9,18
268164;2820;8,52
268165;2846;9,18
268166;2796;7,91
268167;2846;9,18
268168;2823;8,60
268169;2849;9,26
268170;2820;8,52
268171;2849;9,26
268172;2821;8,55
268173;2861;9,56
268174;2821;8,55
268175;2835;8,90
268176;2829;8,75
268177;2850;9,28
268178;2819;8,50
268179;2855;9,41
268180;2828;8,72
268181;2860;9,53
268182;2828;8,72
268183;2855;9,41
268184;2832;8,83
268185;2853;9,36
268186;2829;8,75
268187;2854;9,38
268188;2864;9,64
268189;2864;9,64
268190;2832;8,83
268191;2864;9,64
268192;2837;8,95
268193;2862;9,59
268194;2838;8,98
268195;2858;9,48
268196;2865;9,66
268197;2855;9,41
268198;2832;8,83
268199;2839;9,00
268200;2831;8,80
268201;2851;9,31
268202;2826;8,67
268203;2861;9,56
268204;2834;8,88
268205;2856;9,43
268206;2832;8,83
268207;2881;10,07
268208;2826;8,67
268209;2846;9,18
268210;2817;8,45
268211;2843;9,10
268212;2823;8,60
268213;2841;9,05
268214;2814;8,37
268215;2854;9,38
268216;2816;8,42
268217;2832;8,83
268218;2816;8,42
268219;2857;9,46
268220;2820;8,52
268221;2839;9,00
268222;2817;8,45
268223;2839;9,00
268224;2815;8,40
268225;2825;8,65
268226;2811;8,29
268227;2839;9,00
268228;2811;8,29
268229;2839;9,00
268230;2809;8,24
268231;2838;8,98
268232;2814;8,37
268233;2835;8,90
268234;2807;8,19
268235;2841;9,05
268236;2818;8,47
268237;2834;8,88
268238;2811;8,29
268239;2832;8,83
268240;2821;8,55
268241;2838;8,98
268242;2811;8,29
268243;2838;8,98
268244;2842;9,08
268245;2843;9,10
268246;2802;8,07
268247;2858;9,48
268248;2829;8,75
268249;2850;9,28
268250;2864;9,64
268251;2843;9,10
268252;2822;8,57
268253;2845;9,15
268254;2827;8,70
268255;2881;10,07
268256;2842;9,08
268257;2865;9,66
268258;2826;8,67
268259;2839;9,00
268260;2864;9,64
268261;2862;9,59
268262;2826;8,67
268263;2855;9,41
268264;2832;8,83
268265;2847;9,21
268266;2821;8,55
268267;2860;9,53
268268;2832;8,83
268269;2843;9,10
268270;2820;8,52
268271;2845;9,15
268272;2816;8,42
268273;2855;9,41
268274;2813;8,35
268275;2842;9,08
268276;2816;8,42
268277;2839;9,00
268278;2822;8,57
268279;2834;8,88
268280;2806;8,17
268281;2836;8,93
268282;2826;8,67
268283;2838;8,98
268284;2814;8,37
268285;2837;8,95
268286;2814;8,37
268287;2837;8,95
268288;2820;8,52
268289;2832;8,83
268290;2813;8,35
268291;2835;8,90
268292;2816;8,42
268293;2827;8,70
268294;2804;8,12
268295;2838;8,98
268296;2809;8,24
268297;2825;8,65
268298;2809;8,24
268299;2831;8,80
268300;2800;8,02
268301;2832;8,83
268302;2830;8,78
268303;2837;8,95
268304;2810;8,27
268305;2827;8,70
268306;2800;8,02
268307;2832;8,83
268308;2849;9,26
268309;2833;8,85
268310;2800;8,02
268311;2843;9,10
268312;2807;8,19
268313;2834;8,88
268314;2810;8,27
268315;2833;8,85
268316;2815;8,40
268317;2834;8,88
268318;2859;9,51
268319;2832;8,83
268320;2817;8,45
268321;2835;8,90
268322;2813;8,35
268323;2839;9,00
268324;2809;8,24
268325;2826;8,67
268326;2805;8,14
268327;2834;8,88
268328;2806;8,17
268329;2832;8,83
268330;2794;7,86
268331;2832;8,83
268332;2800;8,02
268333;2839;9,00
268334;2819;8,50
268335;2810;8,27
268336;2804;8,12
268337;2829;8,75
268338;2810;8,27
268339;2829;8,75
268340;2805;8,14
268341;2813;8,35
268342;2805;8,14
268343;2867;9,71
268344;2799;7,99
268345;2823;8,60
268346;2802;8,07
268347;2829;8,75
268348;2799;7,99
268349;2843;9,10
268350;2798;7,97
268351;2832;8,83
268352;2797;7,94
268353;2822;8,57
268354;2838;8,98
268355;2828;8,72
268356;2800;8,02
268357;2820;8,52
268358;2799;7,99
268359;2829;8,75
268360;2800;8,02
268361;2829;8,75
268362;2800;8,02
268363;2821;8,55
268364;2833;8,85
268365;2825;8,65
268366;2800;8,02
268367;2827;8,70
268368;2800;8,02
268369;2832;8,83
268370;2800;8,02
268371;2830;8,78
268372;2805;8,14
268373;2832;8,83
268374;2805;8,14
268375;2823;8,60
268376;2806;8,17
268377;2830;8,78
268378;2801;8,04
268379;2831;8,80
268380;2811;8,29
268381;2822;8,57
268382;2800;8,02
268383;2832;8,83
268384;2805;8,14
268385;2834;8,88
268386;2801;8,04
268387;2837;8,95
268388;2800;8,02
268389;2832;8,83
268390;2803;8,09
268391;2821;8,55
268392;2804;8,12
268393;2834;8,88
268394;2807;8,19
268395;2832;8,83
268396;2808;8,22
268397;2835;8,90
268398;2813;8,35
268399;2833;8,85
268400;2799;7,99
268401;2832;8,83
268402;2808;8,22
268403;2827;8,70
268404;2805;8,14
268405;2819;8,50
268406;2803;8,09
268407;2816;8,42
268408;2819;8,50
268409;2829;8,75
268410;2795;7,89
268411;2818;8,47
268412;2795;7,89
268413;2825;8,65
268414;2795;7,89
268415;2839;9,00
268416;2800;8,02
268417;2817;8,45
268418;2797;7,94
268419;2819;8,50
268420;2797;7,94
268421;2815;8,40
268422;2787;7,69
268423;2825;8,65
268424;2790;7,76
268425;2815;8,40
268426;2786;7,66
268427;2809;8,24
268428;2780;7,51
268429;2807;8,19
268430;2798;7,97
268431;2809;8,24
268432;2794;7,86
268433;2815;8,40
268434;2779;7,48
268435;2811;8,29
268436;2787;7,69
268437;2826;8,67
268438;2803;8,09
268439;2814;8,37
268440;2779;7,48
268441;2806;8,17
268442;2785;7,64
268443;2810;8,27
268444;2785;7,64
268445;2812;8,32
268446;2794;7,86
268447;2803;8,09
268448;2784;7,61
268449;2815;8,40
268450;2774;7,36
268451;2815;8,40
268452;2785;7,64
268453;2806;8,17
268454;2790;7,76
268455;2803;8,09
268456;2785;7,64
268457;2816;8,42
268458;2800;8,02
268459;2818;8,47
268460;2795;7,89
268461;2801;8,04
268462;2786;7,66
268463;2834;8,88
268464;2801;8,04
268465;2832;8,83
268466;2789;7,74
268467;2813;8,35
268468;2795;7,89
268469;2817;8,45
268470;2794;7,86
268471;2817;8,45
268472;2815;8,40
268473;2818;8,47
268474;2825;8,65
268475;2821;8,55
268476;2793;7,84
268477;2818;8,47
268478;2795;7,89
268479;2832;8,83
268480;2797;7,94
268481;2815;8,40
268482;2798;7,97
268483;2849;9,26
268484;2793;7,84
268485;2811;8,29
268486;2791;7,79
268487;2822;8,57
268488;2793;7,84
268489;2820;8,52
268490;2790;7,76
268491;2821;8,55
268492;2795;7,89
268493;2820;8,52
268494;2788;7,71
268495;2817;8,45
268496;2793;7,84
268497;2815;8,40
268498;2791;7,79
268499;2814;8,37
268500;2799;7,99
268501;2819;8,50
268502;2791;7,79
268503;2811;8,29
268504;2787;7,69
268505;2823;8,60
268506;2784;7,61
268507;2823;8,60
268508;2789;7,74
268509;2822;8,57
268510;2798;7,97
268511;2808;8,22
268512;2795;7,89
268513;2816;8,42
268514;2795;7,89
268515;2829;8,75
268516;2788;7,71
268517;2815;8,40
268518;2793;7,84
268519;2822;8,57
268520;2799;7,99
268521;2811;8,29
268522;2793;7,84
268523;2800;8,02
268524;2795;7,89
268525;2818;8,47
268526;2789;7,74
268527;2817;8,45
268528;2815;8,40
268529;2807;8,19
268530;2789;7,74
268531;2832;8,83
268532;2790;7,76
268533;2819;8,50
268534;2791;7,79
268535;2829;8,75
268536;2797;7,94
268537;2817;8,45
268538;2794;7,86
268539;2819;8,50
268540;2791;7,79
268541;2827;8,70
268542;2816;8,42
268543;2833;8,85
268544;2800;8,02
268545;2831;8,80
268546;2802;8,07
268547;2827;8,70
268548;2810;8,27
268549;2832;8,83
268550;2800;8,02
268551;2828;8,72
268552;2800;8,02
268553;2819;8,50
268554;2802;8,07
268555;2822;8,57
268556;2791;7,79
268557;2823;8,60
268558;2800;8,02
268559;2819;8,50
268560;2800;8,02
268561;2830;8,78
268562;2796;7,91
268563;2817;8,45
268564;2795;7,89
268565;2830;8,78
268566;2791;7,79
268567;2831;8,80
268568;2798;7,97
268569;2821;8,55
268570;2799;7,99
268571;2821;8,55
268572;2796;7,91
268573;2832;8,83
268574;2787;7,69
268575;2832;8,83
268576;2791;7,79
268577;2825;8,65
268578;2791;7,79
268579;2825;8,65
268580;2784;7,61
268581;2819;8,50
268582;2782;7,56
268583;2828;8,72
268584;2791;7,79
268585;2814;8,37
268586;2799;7,99
268587;2814;8,37
268588;2789;7,74
268589;2805;8,14
268590;2785;7,64
268591;2814;8,37
268592;2783;7,59
268593;2819;8,50
268594;2780;7,51
268595;2813;8,35
268596;2784;7,61
268597;2816;8,42
268598;2779;7,48
268599;2823;8,60
268600;2775;7,38
268601;2817;8,45
268602;2784;7,61
268603;2810;8,27
268604;2794;7,86
268605;2825;8,65
268606;2789;7,74
268607;2821;8,55
268608;2794;7,86
268609;2826;8,67
268610;2787;7,69
268611;2831;8,80
268612;2795;7,89
268613;2819;8,50
268614;2789;7,74
268615;2832;8,83
268616;2819;8,50
268617;2825;8,65
268618;2803;8,09
268619;2819;8,50
268620;2784;7,61
268621;2795;7,89
268622;2796;7,91
268623;2821;8,55
268624;2789;7,74
268625;2800;8,02
268626;2787;7,69
268627;2823;8,60
268628;2787;7,69
268629;2831;8,80
268630;2800;8,02
268631;2813;8,35
268632;2790;7,76
268633;2819;8,50
268634;2786;7,66
268635;2811;8,29
268636;2783;7,59
268637;2803;8,09
268638;2779;7,48
268639;2800;8,02
268640;2779;7,48
268641;2805;8,14
268642;2775;7,38
268643;2818;8,47
268644;2769;7,23
268645;2798;7,97
268646;2797;7,94
268647;2800;8,02
268648;2759;6,98
268649;2795;7,89
268650;2779;7,48
268651;2816;8,42
268652;2767;7,18
268653;2807;8,19
268654;2769;7,23
268655;2821;8,55
268656;2782;7,56
268657;2813;8,35
268658;2775;7,38
268659;2825;8,65
268660;2799;7,99
268661;2811;8,29
268662;2785;7,64
268663;2834;8,88
268664;2798;7,97
268665;2821;8,55
268666;2798;7,97
268667;2834;8,88
268668;2790;7,76
268669;2829;8,75
268670;2791;7,79
268671;2818;8,47
268672;2800;8,02
268673;2825;8,65
268674;2793;7,84
268675;2834;8,88
268676;2787;7,69
268677;2819;8,50
268678;2798;7,97
268679;2827;8,70
268680;2790;7,76
268681;2826;8,67
268682;2790;7,76
268683;2811;8,29
268684;2786;7,66
268685;2825;8,65
268686;2787;7,69
268687;2818;8,47
268688;2779;7,48
268689;2811;8,29
268690;2771;7,28
268691;2803;8,09
268692;2769;7,23
268693;2807;8,19
268694;2784;7,61
268695;2811;8,29
268696;2770;7,26
268697;2801;8,04
268698;2775;7,38
268699;2803;8,09
268700;2771;7,28
268701;2803;8,09
268702;2772;7,31
268703;2818;8,47
268704;2777;7,43
268705;2800;8,02
268706;2806;8,17
268707;2812;8,32
268708;2766;7,16
268709;2814;8,37
268710;2767;7,18
268711;2795;7,89
268712;2768;7,21
268713;2805;8,14
268714;2768;7,21
268715;2799;7,99
268716;2768;7,21
268717;2799;7,99
268718;2768;7,21
268719;2799;7,99
268720;2759;6,98
268721;2814;8,37
268722;2768;7,21
268723;2784;7,61
268724;2767;7,18
268725;2759;6,98
268726;2754;6,85
268727;2800;8,02
268728;2759;6,98
268729;2800;8,02
268730;2768;7,21
268731;2787;7,69
268732;2761;7,03
268733;2794;7,86
268734;2767;7,18
268735;2802;8,07
268736;2768;7,21
268737;2789;7,74
268738;2763;7,08
268739;2816;8,42
268740;2766;7,16
268741;2790;7,76
268742;2773;7,33
268743;2797;7,94
268744;2771;7,28
268745;2800;8,02
268746;2769;7,23
268747;2799;7,99
268748;2769;7,23
268749;2803;8,09
268750;2771;7,28
268751;2811;8,29
268752;2772;7,31
268753;2804;8,12
268754;2773;7,33
268755;2803;8,09
268756;2771;7,28
268757;2809;8,24
268758;2770;7,26
268759;2798;7,97
268760;2782;7,56
268761;2809;8,24
268762;2780;7,51
268763;2799;7,99
268764;2774;7,36
268765;2810;8,27
268766;2784;7,61
268767;2757;6,93
268768;2768;7,21
268769;2794;7,86
268770;2770;7,26
268771;2799;7,99
268772;2769;7,23
268773;2807;8,19
268774;2770;7,26
268775;2801;8,04
268776;2771;7,28
268777;2796;7,91
268778;2768;7,21
268779;2803;8,09
268780;2770;7,26
268781;2800;8,02
268782;2795;7,89
268783;2809;8,24
268784;2775;7,38
268785;2810;8,27
268786;2769;7,23
268787;2806;8,17
268788;2768;7,21
268789;2815;8,40
268790;2778;7,46
268791;2810;8,27
268792;2778;7,46
268793;2802;8,07
268794;2782;7,56
268795;2801;8,04
268796;2780;7,51
268797;2798;7,97
268798;2780;7,51
268799;2803;8,09
268800;2784;7,61
268801;2806;8,17
268802;2784;7,61
268803;2815;8,40
268804;2782;7,56
268805;2813;8,35
268806;2784;7,61
268807;2814;8,37
268808;2787;7,69
268809;2815;8,40
268810;2790;7,76
268811;2815;8,40
268812;2797;7,94
268813;2826;8,67
268814;2782;7,56
268815;2800;8,02
268816;2783;7,59
268817;2803;8,09
268818;2780;7,51
268819;2843;9,10
268820;2790;7,76
268821;2833;8,85
268822;2791;7,79
268823;2827;8,70
268824;2797;7,94
268825;2841;9,05
268826;2795;7,89
268827;2816;8,42
268828;2794;7,86
268829;2817;8,45
268830;2795;7,89
268831;2813;8,35
268832;2797;7,94
268833;2823;8,60
268834;2799;7,99
268835;2819;8,50
268836;2786;7,66
268837;2823;8,60
268838;2785;7,64
268839;2820;8,52
268840;2795;7,89
268841;2821;8,55
268842;2790;7,76
268843;2831;8,80
268844;2799;7,99
268845;2822;8,57
268846;2785;7,64
268847;2811;8,29
268848;2795;7,89
268849;2816;8,42
268850;2802;8,07
268851;2817;8,45
268852;2793;7,84
268853;2819;8,50
268854;2789;7,74
268855;2823;8,60
268856;2784;7,61
268857;2826;8,67
268858;2790;7,76
268859;2832;8,83
268860;2794;7,86
268861;2809;8,24
268862;2783;7,59
268863;2829;8,75
268864;2771;7,28
268865;2816;8,42
268866;2792;7,81
268867;2813;8,35
268868;2780;7,51
268869;2823;8,60
268870;2791;7,79
268871;2832;8,83
268872;2775;7,38
268873;2821;8,55
268874;2787;7,69
268875;2807;8,19
268876;2786;7,66
268877;2823;8,60
268878;2779;7,48
268879;2822;8,57
268880;2781;7,54
268881;2810;8,27
268882;2783;7,59
268883;2806;8,17
268884;2781;7,54
268885;2816;8,42
268886;2789;7,74
268887;2783;7,59
268888;2786;7,66
268889;2819;8,50
268890;2783;7,59
268891;2831;8,80
268892;2780;7,51
268893;2818;8,47
268894;2781;7,54
268895;2813;8,35
268896;2785;7,64
268897;2814;8,37
268898;2790;7,76
268899;2801;8,04
268900;2786;7,66
268901;2818;8,47
268902;2785;7,64
268903;2821;8,55
268904;2771;7,28
268905;2819;8,50
268906;2775;7,38
268907;2830;8,78
268908;2802;8,07
268909;2832;8,83
268910;2791;7,79
268911;2823;8,60
268912;2790;7,76
268913;2834;8,88
268914;2797;7,94
268915;2787;7,69
268916;2807;8,19
268917;2832;8,83
268918;2817;8,45
268919;2827;8,70
268920;2789;7,74
268921;2814;8,37
268922;2794;7,86
268923;2825;8,65
268924;2799;7,99
268925;2835;8,90
268926;2795;7,89
268927;2832;8,83
268928;2786;7,66
268929;2834;8,88
268930;2796;7,91
268931;2816;8,42
268932;2790;7,76
268933;2826;8,67
268934;2788;7,71
268935;2805;8,14
268936;2785;7,64
268937;2813;8,35
268938;2791;7,79
268939;2815;8,40
268940;2783;7,59
268941;2816;8,42
268942;2778;7,46
268943;2831;8,80
268944;2787;7,69
268945;2819;8,50
268946;2781;7,54
268947;2833;8,85
268948;2795;7,89
268949;2816;8,42
268950;2788;7,71
268951;2831;8,80
268952;2788;7,71
268953;2823;8,60
268954;2787;7,69
268955;2818;8,47
268956;2819;8,50
268957;2842;9,08
268958;2800;8,02
268959;2841;9,05
268960;2789;7,74
268961;2827;8,70
268962;2785;7,64
268963;2832;8,83
268964;2791;7,79
268965;2832;8,83
268966;2793;7,84
268967;2800;8,02
268968;2817;8,45
268969;2817;8,45
268970;2793;7,84
268971;2817;8,45
268972;2793;7,84
268973;2821;8,55
268974;2793;7,84
268975;2821;8,55
268976;2790;7,76
268977;2834;8,88
268978;2790;7,76
268979;2841;9,05
268980;2795;7,89
268981;2832;8,83
268982;2795;7,89
268983;2831;8,80
268984;2795;7,89
268985;2832;8,83
268986;2790;7,76
268987;2838;8,98
268988;2797;7,94
268989;2829;8,75
268990;2799;7,99
268991;2843;9,10
268992;2791;7,79
268993;2833;8,85
268994;2790;7,76
268995;2823;8,60
268996;2789;7,74
268997;2823;8,60
268998;2793;7,84
268999;2825;8,65
269000;2800;8,02
269001;2837;8,95
269002;2791;7,79
269003;2821;8,55
269004;2800;8,02
269005;2819;8,50
269006;2782;7,56
269007;2816;8,42
269008;2782;7,56
269009;2837;8,95
269010;2800;8,02
269011;2851;9,31
269012;2787;7,69
269013;2827;8,70
269014;2799;7,99
269015;2831;8,80
269016;2798;7,97
269017;2837;8,95
269018;2798;7,97
269019;2830;8,78
269020;2794;7,86
269021;2832;8,83
269022;2794;7,86
269023;2822;8,57
269024;2798;7,97
269025;2829;8,75
269026;2822;8,57
269027;2831;8,80
269028;2798;7,97
269029;2819;8,50
269030;2789;7,74
269031;2849;9,26
269032;2790;7,76
269033;2825;8,65
269034;2791;7,79
269035;2814;8,37
269036;2784;7,61
269037;2817;8,45
269038;2787;7,69
269039;2830;8,78
269040;2783;7,59
269041;2817;8,45
269042;2785;7,64
269043;2807;8,19
269044;2781;7,54
269045;2803;8,09
269046;2769;7,23
269047;2807;8,19
269048;2775;7,38
269049;2801;8,04
269050;2782;7,56
269051;2810;8,27
269052;2772;7,31
269053;2818;8,47
269054;2768;7,21
269055;2807;8,19
269056;2771;7,28
269057;2779;7,48
269058;2780;7,51
269059;2816;8,42
269060;2786;7,66
269061;2813;8,35
269062;2803;8,09
269063;2816;8,42
269064;2773;7,33
269065;2838;8,98
269066;2783;7,59
269067;2800;8,02
269068;2781;7,54
269069;2814;8,37
269070;2784;7,61
269071;2810;8,27
269072;2785;7,64
269073;2816;8,42
269074;2789;7,74
269075;2817;8,45
269076;2775;7,38
269077;2815;8,40
269078;2789;7,74
269079;2819;8,50
269080;2786;7,66
269081;2775;7,38
269082;2779;7,48
269083;2831;8,80
269084;2766;7,16
269085;2811;8,29
269086;2777;7,43
269087;2827;8,70
269088;2771;7,28
269089;2801;8,04
269090;2783;7,59
269091;2813;8,35
269092;2777;7,43
269093;2807;8,19
269094;2773;7,33
269095;2813;8,35
269096;2781;7,54
269097;2806;8,17
269098;2785;7,64
269099;2831;8,80
269100;2797;7,94
269101;2815;8,40
269102;2800;8,02
269103;2849;9,26
269104;2798;7,97
269105;2853;9,36
269106;2802;8,07
269107;2843;9,10
269108;2810;8,27
269109;2846;9,18
269110;2807;8,19
269111;2842;9,08
269112;2800;8,02
269113;2859;9,51
269114;2803;8,09
269115;2842;9,08
269116;2805;8,14
269117;2830;8,78
269118;2798;7,97
269119;2846;9,18
269120;2797;7,94
269121;2823;8,60
269122;2790;7,76
269123;2829;8,75
269124;2791;7,79
269125;2829;8,75
269126;2781;7,54
269127;2817;8,45
269128;2772;7,31
269129;2827;8,70
269130;2773;7,33
269131;2814;8,37
269132;2772;7,31
269133;2810;8,27
269134;2781;7,54
269135;2806;8,17
269136;2779;7,48
269137;2829;8,75
269138;2782;7,56
269139;2815;8,40
269140;2787;7,69
269141;2827;8,70
269142;2823;8,60
269143;2831;8,80
269144;2792;7,81
269145;2837;8,95
269146;2800;8,02
269147;2859;9,51
269148;2841;9,05
269149;2835;8,90
269150;2809;8,24
269151;2832;8,83
269152;2805;8,14
269153;2878;9,99
269154;2842;9,08
269155;2854;9,38
269156;2815;8,40
269157;2855;9,41
269158;2861;9,56
269159;2874;9,89
269160;2818;8,47
269161;2851;9,31
269162;2868;9,74
269163;2855;9,41
269164;2821;8,55
269165;2859;9,51
269166;2810;8,27
269167;2854;9,38
269168;2816;8,42
269169;2859;9,51
269170;2842;9,08
269171;2848;9,23
269172;2847;9,21
269173;2833;8,85
269174;2798;7,97
269175;2798;7,97
269176;2795;7,89
269177;2839;9,00
269178;2832;8,83
269179;2830;8,78
269180;2832;8,83
269181;2832;8,83
269182;2787;7,69
269183;2817;8,45
269184;2818;8,47
269185;2805;8,14
269186;2831;8,80
269187;2803;8,09
269188;2786;7,66
269189;2815;8,40
269190;2806;8,17
269191;2805;8,14
269192;2769;7,23
269193;2805;8,14
269194;2820;8,52
269195;2801;8,04
269196;2774;7,36
269197;2777;7,43
269198;2832;8,83
269199;2814;8,37
269200;2794;7,86
269201;2832;8,83
269202;2857;9,46
269203;2822;8,57
269204;2832;8,83
269205;2849;9,26
269206;2793;7,84
269207;2849;9,26
269208;2836;8,93
269209;2838;8,98
269210;2853;9,36
269211;2857;9,46
269212;2789;7,74
269213;2832;8,83
269214;2823;8,60
269215;2843;9,10
269216;2859;9,51
269217;2837;8,95
269218;2839;9,00
269219;2837;8,95
269220;2848;9,23
269221;2848;9,23
269222;2795;7,89
269223;2828;8,72
269224;2816;8,42
269225;2823;8,60
269226;2823;8,60
269227;2817;8,45
269228;2781;7,54
269229;2814;8,37
269230;2775;7,38
269231;2803;8,09
269232;2847;9,21
269233;2819;8,50
269234;2823;8,60
269235;2823;8,60
269236;2775;7,38
269237;2824;8,62
269238;2826;8,67
269239;2814;8,37
269240;2827;8,70
269241;2830;8,78
269242;2844;9,13
269243;2823;8,60
269244;2784;7,61
269245;2830;8,78
269246;2833;8,85
269247;2842;9,08
269248;2811;8,29
269249;2842;9,08
269250;2803;8,09
269251;2849;9,26
269252;2807;8,19
269253;2841;9,05
269254;2864;9,64
269255;2864;9,64
269256;2816;8,42
269257;2865;9,66
269258;2849;9,26
269259;2813;8,35
269260;2862;9,59
269261;2858;9,48
269262;2850;9,28
269263;2852;9,33
269264;2855;9,41
269265;2841;9,05
269266;2843;9,10
269267;2854;9,38
269268;2805;8,14
269269;2847;9,21
269270;2837;8,95
269271;2842;9,08
269272;2799;7,99
269273;2834;8,88
269274;2789;7,74
269275;2838;8,98
269276;2841;9,05
269277;2842;9,08
269278;2784;7,61
269279;2832;8,83
269280;2833;8,85
269281;2833;8,85
269282;2880;10,04
269283;2832;8,83
269284;2836;8,93
269285;2842;9,08
269286;2834;8,88
269287;2839;9,00
269288;2855;9,41
269289;2822;8,57
269290;2835;8,90
269291;2848;9,23
269292;2843;9,10
269293;2861;9,56
269294;2813;8,35
269295;2880;10,04
269296;2845;9,15
269297;2850;9,28
269298;2847;9,21
269299;2853;9,36
269300;2859;9,51
269301;2858;9,48
269302;2847;9,21
269303;2853;9,36
269304;2849;9,26
269305;2855;9,41
269306;2861;9,56
269307;2848;9,23
269308;2843;9,10
269309;2849;9,26
269310;2865;9,66
269311;2846;9,18
269312;2857;9,46
269313;2846;9,18
269314;2813;8,35
269315;2866;9,69
269316;2869;9,76
269317;2845;9,15
269318;2847;9,21
269319;2853;9,36
269320;2845;9,15
269321;2860;9,53
269322;2849;9,26
269323;2842;9,08
269324;2864;9,64
269325;2858;9,48
269326;2848;9,23
269327;2859;9,51
269328;2854;9,38
269329;2874;9,89
269330;2853;9,36
269331;2846;9,18
269332;2853;9,36
269333;2850;9,28
269334;2864;9,64
269335;2869;9,76
269336;2882;10,09
269337;2881;10,07
269338;2888;10,24
269339;2883;10,12
269340;2880;10,04
269341;2863;9,61
269342;2841;9,05
269343;2882;10,09
269344;2883;10,12
269345;2855;9,41
269346;2823;8,60
269347;2871;9,81
269348;2885;10,17
269349;2869;9,76
269350;2895;10,42
269351;2885;10,17
269352;2879;10,02
269353;2865;9,66
269354;2870;9,79
269355;2869;9,76
269356;2857;9,46
269357;2853;9,36
269358;2864;9,64
269359;2859;9,51
269360;2871;9,81
269361;2857;9,46
269362;2864;9,64
269363;2846;9,18
269364;2851;9,31
269365;2866;9,69
269366;2864;9,64
269367;2855;9,41
269368;2867;9,71
269369;2861;9,56
269370;2886;10,19
269371;2864;9,64
269372;2878;9,99
269373;2863;9,61
269374;2876;9,94
269375;2876;9,94
269376;2865;9,66
269377;2864;9,64
269378;2890;10,29
269379;2830;8,78
269380;2871;9,81
269381;2880;10,04
269382;2867;9,71
269383;2878;9,99
269384;2877;9,96
269385;2865;9,66
269386;2861;9,56
269387;2848;9,23
269388;2881;10,07
269389;2861;9,56
269390;2802;8,07
269391;2864;9,64
269392;2849;9,26
269393;2869;9,76
269394;2841;9,05
269395;2851;9,31
269396;2865;9,66
269397;2832;8,83
269398;2801;8,04
269399;2857;9,46
269400;2834;8,88
269401;2855;9,41
269402;2839;9,00
269403;2842;9,08
269404;2813;8,35
269405;2849;9,26
269406;2843;9,10
269407;2853;9,36
269408;2849;9,26
269409;2871;9,81
269410;2863;9,61
269411;2873;9,86
269412;2850;9,28
269413;2875;9,91
269414;2885;10,17
269415;2862;9,59
269416;2882;10,09
269417;2868;9,74
269418;2891;10,32
269419;2871;9,81
269420;2847;9,21
269421;2883;10,12
269422;2883;10,12
269423;2880;10,04
269424;2880;10,04
269425;2883;10,12
269426;2873;9,86
269427;2878;9,99
269428;2889;10,27
269429;2870;9,79
269430;2879;10,02
269431;2878;9,99
269432;2882;10,09
269433;2864;9,64
269434;2831;8,80
269435;2865;9,66
269436;2864;9,64
269437;2847;9,21
269438;2864;9,64
269439;2850;9,28
269440;2855;9,41
269441;2845;9,15
269442;2852;9,33
269443;2817;8,45
269444;2807;8,19
269445;2834;8,88
269446;2858;9,48
269447;2800;8,02
269448;2858;9,48
269449;2842;9,08
269450;2849;9,26
269451;2834;8,88
269452;2863;9,61
269453;2838;8,98
269454;2850;9,28
269455;2835;8,90
269456;2842;9,08
269457;2886;10,19
269458;2863;9,61
269459;2855;9,41
269460;2871;9,81
269461;2850;9,28
269462;2864;9,64
269463;2877;9,96
269464;2865;9,66
269465;2880;10,04
269466;2874;9,89
269467;2887;10,22
269468;2869;9,76
269469;2875;9,91
269470;2874;9,89
269471;2867;9,71
269472;2882;10,09
269473;2887;10,22
269474;2877;9,96
269475;2865;9,66
269476;2889;10,27
269477;2895;10,42
269478;2880;10,04
269479;2881;10,07
269480;2845;9,15
269481;2894;10,39
269482;2879;10,02
269483;2864;9,64
269484;2890;10,29
269485;2874;9,89
269486;2877;9,96
269487;2880;10,04
269488;2863;9,61
269489;2880;10,04
269490;2874;9,89
269491;2897;10,47
269492;2879;10,02
269493;2861;9,56
269494;2870;9,79
269495;2864;9,64
269496;2869;9,76
269497;2854;9,38
269498;2874;9,89
269499;2851;9,31
269500;2864;9,64
269501;2862;9,59
269502;2848;9,23
269503;2852;9,33
269504;2842;9,08
269505;2874;9,89
269506;2873;9,86
269507;2858;9,48
269508;2854;9,38
269509;2878;9,99
269510;2879;10,02
269511;2871;9,81
269512;2869;9,76
269513;2885;10,17
269514;2874;9,89
269515;2883;10,12
269516;2891;10,32
269517;2889;10,27
269518;2886;10,19
269519;2893;10,37
269520;2895;10,42
269521;2880;10,04
269522;2898;10,50
269523;2902;10,60
269524;2906;10,70
269525;2912;10,85
269526;2901;10,57
269527;2897;10,47
269528;2935;11,43
269529;2928;11,26
269530;2925;11,18
269531;2900;10,55
269532;2917;10,98
269533;2904;10,65
269534;2905;10,67
269535;2919;11,03
269536;2913;10,88
269537;2903;10,62
269538;2890;10,29
269539;2853;9,36
269540;2853;9,36
269541;2891;10,32
269542;2906;10,70
269543;2923;11,13
269544;2846;9,18
269545;2874;9,89
269546;2848;9,23
269547;2885;10,17
269548;2880;10,04
269549;2891;10,32
269550;2828;8,72
269551;2860;9,53
269552;2829;8,75
269553;2875;9,91
269554;2819;8,50
269555;2850;9,28
269556;2865;9,66
269557;2865;9,66
269558;2864;9,64
269559;2850;9,28
269560;2865;9,66
269561;2847;9,21
269562;2875;9,91
269563;2864;9,64
269564;2861;9,56
269565;2842;9,08
269566;2801;8,04
269567;2871;9,81
269568;2855;9,41
269569;2863;9,61
269570;2814;8,37
269571;2849;9,26
269572;2813;8,35
269573;2863;9,61
269574;2817;8,45
269575;2864;9,64
269576;2863;9,61
269577;2883;10,12
269578;2825;8,65
269579;2886;10,19
269580;2838;8,98
269581;2880;10,04
269582;2832;8,83
269583;2892;10,34
269584;2893;10,37
269585;2899;10,52
269586;2848;9,23
269587;2891;10,32
269588;2896;10,45
269589;2906;10,70
269590;2896;10,45
269591;2882;10,09
269592;2854;9,38
269593;2903;10,62
269594;2893;10,37
269595;2910;10,80
269596;2900;10,55
269597;2897;10,47
269598;2886;10,19
269599;2911;10,82
269600;2855;9,41
269601;2898;10,50
269602;2855;9,41
269603;2874;9,89
269604;2850;9,28
269605;2896;10,45
269606;2900;10,55
269607;2898;10,50
269608;2895;10,42
269609;2889;10,27
269610;2846;9,18
269611;2910;10,80
269612;2850;9,28
269613;2869;9,76
269614;2835;8,90
269615;2878;9,99
269616;2879;10,02
269617;2867;9,71
269618;2830;8,78
269619;2896;10,45
269620;2838;8,98
269621;2876;9,94
269622;2832;8,83
269623;2889;10,27
269624;2867;9,71
269625;2863;9,61
269626;2896;10,45
269627;2880;10,04
269628;2870;9,79
269629;2879;10,02
269630;2844;9,13
269631;2832;8,83
269632;2874;9,89
269633;2880;10,04
269634;2847;9,21
269635;2890;10,29
269636;2896;10,45
269637;2880;10,04
269638;2846;9,18
269639;2892;10,34
269640;2851;9,31
269641;2898;10,50
269642;2890;10,29
269643;2885;10,17
269644;2883;10,12
269645;2909;10,77
269646;2857;9,46
269647;2902;10,60
269648;2902;10,60
269649;2886;10,19
269650;2853;9,36
269651;2915;10,93
269652;2893;10,37
269653;2896;10,45
269654;2896;10,45
269655;2887;10,22
269656;2883;10,12
269657;2889;10,27
269658;2896;10,45
269659;2899;10,52
269660;2845;9,15
269661;2880;10,04
269662;2850;9,28
269663;2887;10,22
269664;2865;9,66
269665;2882;10,09
269666;2847;9,21
269667;2882;10,09
269668;2895;10,42
269669;2879;10,02
269670;2883;10,12
269671;2873;9,86
269672;2880;10,04
269673;2886;10,19
269674;2832;8,83
269675;2869;9,76
269676;2880;10,04
269677;2869;9,76
269678;2879;10,02
269679;2867;9,71
269680;2850;9,28
269681;2881;10,07
269682;2832;8,83
269683;2884;10,14
269684;2886;10,19
269685;2887;10,22
269686;2896;10,45
269687;2896;10,45
269688;2873;9,86
269689;2879;10,02
269690;2895;10,42
269691;2898;10,50
269692;2874;9,89
269693;2883;10,12
269694;2896;10,45
269695;2883;10,12
269696;2880;10,04
269697;2878;9,99
269698;2896;10,45
269699;2883;10,12
269700;2880;10,04
269701;2881;10,07
269702;2837;8,95
269703;2863;9,61
269704;2875;9,91
269705;2864;9,64
269706;2882;10,09
269707;2878;9,99
269708;2832;8,83
269709;2909;10,77
269710;2877;9,96
269711;2890;10,29
269712;2833;8,85
269713;2885;10,17
269714;2878;9,99
269715;2878;9,99
269716;2866;9,69
269717;2859;9,51
269718;2877;9,96
269719;2878;9,99
269720;2831;8,80
269721;2867;9,71
269722;2865;9,66
269723;2867;9,71
269724;2849;9,26
269725;2860;9,53
269726;2860;9,53
269727;2864;9,64
269728;2827;8,70
269729;2884;10,14
269730;2865;9,66
269731;2855;9,41
269732;2859;9,51
269733;2865;9,66
269734;2867;9,71
269735;2862;9,59
269736;2855;9,41
269737;2850;9,28
269738;2834;8,88
269739;2858;9,48
269740;2845;9,15
269741;2864;9,64
269742;2815;8,40
269743;2845;9,15
269744;2864;9,64
269745;2852;9,33
269746;2858;9,48
269747;2875;9,91
269748;2811;8,29
269749;2864;9,64
269750;2811;8,29
269751;2859;9,51
269752;2859;9,51
269753;2846;9,18
269754;2814;8,37
269755;2855;9,41
269756;2802;8,07
269757;2846;9,18
269758;2805;8,14
269759;2863;9,61
269760;2814;8,37
269761;2858;9,48
269762;2851;9,31
269763;2851;9,31
269764;2879;10,02
269765;2854;9,38
269766;2865;9,66
269767;2864;9,64
269768;2870;9,79
269769;2871;9,81
269770;2864;9,64
269771;2863;9,61
269772;2864;9,64
269773;2855;9,41
269774;2864;9,64
269775;2864;9,64
269776;2878;9,99
269777;2854;9,38
269778;2878;9,99
269779;2855;9,41
269780;2862;9,59
269781;2855;9,41
269782;2846;9,18
269783;2875;9,91
269784;2864;9,64
269785;2867;9,71
269786;2853;9,36
269787;2864;9,64
269788;2861;9,56
269789;2839;9,00
269790;2813;8,35
269791;2852;9,33
269792;2847;9,21
269793;2861;9,56
269794;2851;9,31
269795;2855;9,41
269796;2877;9,96
269797;2851;9,31
269798;2858;9,48
269799;2859;9,51
269800;2865;9,66
269801;2864;9,64
269802;2864;9,64
269803;2869;9,76
269804;2853;9,36
269805;2845;9,15
269806;2870;9,79
269807;2853;9,36
269808;2872;9,84
269809;2852;9,33
269810;2865;9,66
269811;2843;9,10
269812;2873;9,86
269813;2845;9,15
269814;2865;9,66
269815;2864;9,64
269816;2849;9,26
269817;2839;9,00
269818;2846;9,18
269819;2861;9,56
269820;2864;9,64
269821;2849;9,26
269822;2843;9,10
269823;2849;9,26
269824;2852;9,33
269825;2864;9,64
269826;2846;9,18
269827;2848;9,23
269828;2847;9,21
269829;2850;9,28
269830;2848;9,23
269831;2853;9,36
269832;2855;9,41
269833;2851;9,31
269834;2858;9,48
269835;2848;9,23
269836;2851;9,31
269837;2851;9,31
269838;2843;9,10
269839;2827;8,70
269840;2797;7,94
269841;2837;8,95
269842;2797;7,94
269843;2832;8,83
269844;2853;9,36
269845;2859;9,51
269846;2787;7,69
269847;2803;8,09
269848;2849;9,26
269849;2834;8,88
269850;2843;9,10
269851;2844;9,13
269852;2795;7,89
269853;2843;9,10
269854;2851;9,31
269855;2846;9,18
269856;2798;7,97
269857;2797;7,94
269858;2855;9,41
269859;2836;8,93
269860;2851;9,31
269861;2855;9,41
269862;2842;9,08
269863;2833;8,85
269864;2804;8,12
269865;2835;8,90
269866;2832;8,83
269867;2835;8,90
269868;2854;9,38
269869;2842;9,08
269870;2845;9,15
269871;2846;9,18
269872;2826;8,67
269873;2832;8,83
269874;2851;9,31
269875;2832;8,83
269876;2846;9,18
269877;2832;8,83
269878;2832;8,83
269879;2832;8,83
269880;2835;8,90
269881;2845;9,15
269882;2843;9,10
269883;2855;9,41
269884;2795;7,89
269885;2823;8,60
269886;2833;8,85
269887;2844;9,13
269888;2848;9,23
269889;2827;8,70
269890;2791;7,79
269891;2847;9,21
269892;2847;9,21
269893;2834;8,88
269894;2822;8,57
269895;2862;9,59
269896;2800;8,02
269897;2832;8,83
269898;2793;7,84
269899;2837;8,95
269900;2849;9,26
269901;2837;8,95
269902;2800;8,02
269903;2829;8,75
269904;2788;7,71
269905;2834;8,88
269906;2791;7,79
269907;2864;9,64
269908;2851;9,31
269909;2833;8,85
269910;2841;9,05
269911;2849;9,26
269912;2793;7,84
269913;2832;8,83
269914;2827;8,70
269915;2841;9,05
269916;2832;8,83
269917;2841;9,05
269918;2853;9,36
269919;2818;8,47
269920;2861;9,56
269921;2843;9,10
269922;2837;8,95
269923;2829;8,75
269924;2797;7,94
269925;2851;9,31
269926;2859;9,51
269927;2839;9,00
269928;2831;8,80
269929;2848;9,23
269930;2856;9,43
269931;2842;9,08
269932;2850;9,28
269933;2842;9,08
269934;2832;8,83
269935;2832;8,83
269936;2836;8,93
269937;2835;8,90
269938;2843;9,10
269939;2832;8,83
269940;2861;9,56
269941;2832;8,83
269942;2847;9,21
269943;2829;8,75
269944;2832;8,83
269945;2815;8,40
269946;2863;9,61
269947;2846;9,18
269948;2835;8,90
269949;2843;9,10
269950;2843;9,10
269951;2834;8,88
269952;2814;8,37
269953;2858;9,48
269954;2841;9,05
269955;2837;8,95
269956;2831;8,80
269957;2841;9,05
269958;2848;9,23
269959;2832;8,83
269960;2798;7,97
269961;2850;9,28
269962;2842;9,08
269963;2829;8,75
269964;2828;8,72
269965;2835;8,90
269966;2788;7,71
269967;2843;9,10
269968;2834;8,88
269969;2845;9,15
269970;2834;8,88
269971;2841;9,05
269972;2833;8,85
269973;2843;9,10
269974;2855;9,41
269975;2836;8,93
269976;2859;9,51
269977;2843;9,10
269978;2854;9,38
269979;2836;8,93
269980;2842;9,08
269981;2855;9,41
269982;2863;9,61
269983;2827;8,70
269984;2797;7,94
269985;2850;9,28
269986;2838;8,98
269987;2837;8,95
269988;2843;9,10
269989;2848;9,23
269990;2849;9,26
269991;2838;8,98
269992;2847;9,21
269993;2847;9,21
269994;2853;9,36
269995;2844;9,13
269996;2851;9,31
269997;2834;8,88
269998;2841;9,05
269999;2843;9,10
270000;2845;9,15
270001;2837;8,95
270002;2841;9,05
270003;2843;9,10
270004;2843;9,10
270005;2858;9,48
270006;2849;9,26
270007;2839;9,00
270008;2795;7,89
270009;2855;9,41
270010;2800;8,02
270011;2805;8,14
270012;2851;9,31
270013;2865;9,66
270014;2834;8,88
270015;2849;9,26
270016;2861;9,56
270017;2835;8,90
270018;2800;8,02
270019;2865;9,66
270020;2834;8,88
270021;2853;9,36
270022;2851;9,31
270023;2829;8,75
270024;2846;9,18
270025;2832;8,83
270026;2830;8,78
270027;2864;9,64
270028;2845;9,15
270029;2864;9,64
270030;2817;8,45
270031;2861;9,56
270032;2855;9,41
270033;2848;9,23
270034;2861;9,56
270035;2851;9,31
270036;2853;9,36
270037;2866;9,69
270038;2855;9,41
270039;2833;8,85
270040;2855;9,41
270041;2836;8,93
270042;2855;9,41
270043;2850;9,28
270044;2839;9,00
270045;2834;8,88
270046;2848;9,23
270047;2836;8,93
270048;2845;9,15
270049;2860;9,53
270050;2864;9,64
270051;2862;9,59
270052;2847;9,21
270053;2862;9,59
270054;2841;9,05
270055;2859;9,51
270056;2864;9,64
270057;2843;9,10
270058;2871;9,81
270059;2869;9,76
270060;2841;9,05
270061;2864;9,64
270062;2854;9,38
270063;2855;9,41
270064;2865;9,66
270065;2880;10,04
270066;2859;9,51
270067;2844;9,13
270068;2848;9,23
270069;2849;9,26
270070;2843;9,10
270071;2864;9,64
270072;2846;9,18
270073;2848;9,23
270074;2847;9,21
270075;2847;9,21
270076;2863;9,61
270077;2862;9,59
270078;2826;8,67
270079;2805;8,14
270080;2855;9,41
270081;2830;8,78
270082;2860;9,53
270083;2850;9,28
270084;2858;9,48
270085;2863;9,61
270086;2852;9,33
270087;2839;9,00
270088;2851;9,31
270089;2849;9,26
270090;2845;9,15
270091;2844;9,13
270092;2855;9,41
270093;2828;8,72
270094;2864;9,64
270095;2849;9,26
270096;2853;9,36
270097;2850;9,28
270098;2850;9,28
270099;2859;9,51
270100;2854;9,38
270101;2856;9,43
270102;2864;9,64
270103;2845;9,15
270104;2801;8,04
270105;2859;9,51
270106;2850;9,28
270107;2863;9,61
270108;2839;9,00
270109;2842;9,08
270110;2846;9,18
270111;2854;9,38
270112;2800;8,02
270113;2849;9,26
270114;2837;8,95
270115;2846;9,18
270116;2859;9,51
270117;2834;8,88
270118;2841;9,05
270119;2865;9,66
270120;2870;9,79
270121;2842;9,08
270122;2855;9,41
270123;2842;9,08
270124;2848;9,23
270125;2864;9,64
270126;2817;8,45
270127;2839;9,00
270128;2881;10,07
270129;2821;8,55
270130;2855;9,41
270131;2841;9,05
270132;2860;9,53
270133;2834;8,88
270134;2848;9,23
270135;2810;8,27
270136;2855;9,41
270137;2879;10,02
270138;2820;8,52
270139;2850;9,28
270140;2857;9,46
270141;2854;9,38
270142;2864;9,64
270143;2853;9,36
270144;2864;9,64
270145;2845;9,15
270146;2864;9,64
270147;2854;9,38
270148;2800;8,02
270149;2852;9,33
270150;2863;9,61
270151;2864;9,64
270152;2832;8,83
270153;2862;9,59
270154;2855;9,41
270155;2873;9,86
270156;2846;9,18
270157;2879;10,02
270158;2851;9,31
270159;2837;8,95
270160;2851;9,31
270161;2851;9,31
270162;2878;9,99
270163;2857;9,46
270164;2850;9,28
270165;2885;10,17
270166;2835;8,90
270167;2864;9,64
270168;2884;10,14
270169;2800;8,02
270170;2863;9,61
270171;2861;9,56
270172;2875;9,91
270173;2854;9,38
270174;2847;9,21
270175;2880;10,04
270176;2863;9,61
270177;2864;9,64
270178;2864;9,64
270179;2864;9,64
270180;2842;9,08
270181;2864;9,64
270182;2848;9,23
270183;2865;9,66
270184;2871;9,81
270185;2858;9,48
270186;2827;8,70
270187;2878;9,99
270188;2823;8,60
270189;2849;9,26
270190;2826;8,67
270191;2880;10,04
270192;2843;9,10
270193;2870;9,79
270194;2851;9,31
270195;2878;9,99
270196;2830;8,78
270197;2859;9,51
270198;2839;9,00
270199;2861;9,56
270200;2811;8,29
270201;2871;9,81
270202;2857;9,46
270203;2811;8,29
270204;2862;9,59
270205;2845;9,15
270206;2853;9,36
270207;2859;9,51
270208;2866;9,69
270209;2847;9,21
270210;2860;9,53
270211;2874;9,89
270212;2848;9,23
270213;2845;9,15
270214;2859;9,51
270215;2864;9,64
270216;2837;8,95
270217;2854;9,38
270218;2851;9,31
270219;2847;9,21
270220;2861;9,56
270221;2869;9,76
270222;2864;9,64
270223;2864;9,64
270224;2860;9,53
270225;2876;9,94
270226;2857;9,46
270227;2864;9,64
270228;2864;9,64
270229;2861;9,56
270230;2853;9,36
270231;2813;8,35
270232;2834;8,88
270233;2864;9,64
270234;2877;9,96
270235;2889;10,27
270236;2861;9,56
270237;2868;9,74
270238;2864;9,64
270239;2869;9,76
270240;2821;8,55
270241;2870;9,79
270242;2873;9,86
270243;2867;9,71
270244;2873;9,86
270245;2882;10,09
270246;2879;10,02
270247;2864;9,64
270248;2864;9,64
270249;2859;9,51
270250;2843;9,10
270251;2864;9,64
270252;2864;9,64
270253;2867;9,71
270254;2841;9,05
270255;2869;9,76
270256;2880;10,04
270257;2889;10,27
270258;2864;9,64
270259;2879;10,02
270260;2896;10,45
270261;2882;10,09
270262;2864;9,64
270263;2873;9,86
270264;2874;9,89
270265;2883;10,12
270266;2884;10,14
270267;2880;10,04
270268;2801;8,04
270269;2825;8,65
270270;2859;9,51
270271;2862;9,59
270272;2883;10,12
270273;2846;9,18
270274;2847;9,21
270275;2864;9,64
270276;2878;9,99
270277;2881;10,07
270278;2877;9,96
270279;2881;10,07
270280;2881;10,07
270281;2859;9,51
270282;2877;9,96
270283;2832;8,83
270284;2897;10,47
270285;2896;10,45
270286;2843;9,10
270287;2896;10,45
270288;2857;9,46
270289;2914;10,90
270290;2898;10,50
270291;2902;10,60
270292;2859;9,51
270293;2893;10,37
270294;2880;10,04
270295;2901;10,57
270296;2879;10,02
270297;2894;10,39
270298;2896;10,45
270299;2894;10,39
270300;2900;10,55
270301;2886;10,19
270302;2882;10,09
270303;2895;10,42
270304;2899;10,52
270305;2870;9,79
270306;2845;9,15
270307;2901;10,57
270308;2905;10,67
270309;2906;10,70
270310;2829;8,75
270311;2879;10,02
270312;2896;10,45
270313;2899;10,52
270314;2852;9,33
270315;2895;10,42
270316;2894;10,39
270317;2901;10,57
270318;2919;11,03
270319;2912;10,85
270320;2907;10,72
270321;2903;10,62
270322;2928;11,26
270323;2919;11,03
270324;2931;11,33
270325;2930;11,31
270326;2923;11,13
270327;2918;11,00
270328;2934;11,41
270329;2930;11,31
270330;2879;10,02
270331;2907;10,72
270332;2928;11,26
270333;2926;11,20
270334;2914;10,90
270335;2929;11,28
270336;2961;12,09
270337;2944;11,66
270338;2915;10,93
270339;2921;11,08
270340;2934;11,41
270341;2934;11,41
270342;2907;10,72
270343;2958;12,01
270344;2955;11,94
270345;2949;11,79
270346;2943;11,63
270347;2949;11,79
270348;2946;11,71
270349;2950;11,81
270350;2963;12,14
270351;2974;12,42
270352;2986;12,72
270353;2965;12,19
270354;2982;12,62
270355;2976;12,47
270356;2923;11,13
270357;2992;12,87
270358;2978;12,52
270359;2993;12,90
270360;2991;12,85
270361;2951;11,84
270362;2991;12,85
270363;2987;12,75
270364;2991;12,85
270365;2981;12,60
270366;2997;13,00
270367;3007;13,25
270368;2997;13,00
270369;2983;12,65
270370;3010;13,33
270371;3001;13,10
270372;2974;12,42
270373;2998;13,03
270374;3009;13,30
270375;3010;13,33
270376;3014;13,43
270377;3018;13,53
270378;3016;13,48
270379;3017;13,51
270380;3012;13,38
270381;3027;13,76
270382;3023;13,66
270383;3013;13,41
270384;3039;14,06
270385;2993;12,90
270386;3039;14,06
270387;3001;13,10
270388;3045;14,22
270389;3037;14,01
270390;3041;14,11
270391;3033;13,91
270392;3045;14,22
270393;3014;13,43
270394;3005;13,20
270395;3013;13,41
270396;3055;14,47
270397;3056;14,49
270398;3050;14,34
270399;3061;14,62
270400;3062;14,65
270401;3059;14,57
270402;3084;15,20
270403;3087;15,28
270404;3063;14,67
270405;3081;15,13
270406;3067;14,77
270407;3071;14,87
270408;3071;14,87
270409;3086;15,25
270410;3053;14,42
270411;3090;15,35
270412;3068;14,80
270413;3089;15,33
270414;3114;15,96
270415;3103;15,68
270416;3091;15,38
270417;3111;15,89
270418;3113;15,94
270419;3119;16,09
270420;3108;15,81
270421;3120;16,11
270422;3121;16,14
270423;3120;16,11
270424;3109;15,84
270425;3122;16,16
270426;3136;16,52
270427;3123;16,19
270428;3131;16,39
270429;3143;16,70
270430;3133;16,44
270431;3130;16,37
270432;3137;16,54
270433;3111;15,89
270434;3127;16,29
270435;3145;16,75
270436;3149;16,85
270437;3141;16,64
270438;3138;16,57
270439;3136;16,52
270440;3141;16,64
270441;3148;16,82
270442;3142;16,67
270443;3146;16,77
270444;3152;16,92
270445;3171;17,40
270446;3147;16,80
270447;3142;16,67
270448;3134;16,47
270449;3137;16,54
270450;3124;16,21
270451;3140;16,62
270452;3136;16,52
270453;3148;16,82
270454;3136;16,52
270455;3137;16,54
270456;3151;16,90
270457;3149;16,85
270458;3139;16,59
270459;3113;15,94
270460;3136;16,52
270461;3120;16,11
270462;3115;15,99
270463;3151;16,90
270464;3147;16,80
270465;3146;16,77
270466;3135;16,49
270467;3155;17,00
270468;3151;16,90
270469;3136;16,52
270470;3138;16,57
270471;3136;16,52
270472;3150;16,87
270473;3142;16,67
270474;3146;16,77
270475;3147;16,80
270476;3147;16,80
270477;3152;16,92
270478;3138;16,57
270479;3153;16,95
270480;3162;17,18
270481;3146;16,77
270482;3151;16,90
270483;3157;17,05
270484;3120;16,11
270485;3132;16,42
270486;3143;16,70
270487;3149;16,85
270488;3141;16,64
270489;3137;16,54
270490;3152;16,92
270491;3149;16,85
270492;3141;16,64
270493;3133;16,44
270494;3151;16,90
270495;3147;16,80
270496;3152;16,92
270497;3152;16,92
270498;3120;16,11
270499;3146;16,77
270500;3137;16,54
270501;3150;16,87
270502;3149;16,85
270503;3139;16,59
270504;3120;16,11
270505;3156;17,02
270506;3153;16,95
270507;3145;16,75
270508;3145;16,75
270509;3146;16,77
270510;3131;16,39
270511;3153;16,95
270512;3147;16,80
270513;3138;16,57
270514;3123;16,19
270515;3142;16,67
270516;3140;16,62
270517;3125;16,24
270518;3136;16,52
270519;3143;16,70
270520;3136;16,52
270521;3130;16,37
270522;3149;16,85
270523;3143;16,70
270524;3136;16,52
270525;3151;16,90
270526;3120;16,11
270527;3123;16,19
270528;3119;16,09
270529;3145;16,75
270530;3127;16,29
270531;3142;16,67
270532;3137;16,54
270533;3124;16,21
270534;3110;15,86
270535;3118;16,06
270536;3136;16,52
270537;3114;15,96
270538;3115;15,99
270539;3110;15,86
270540;3120;16,11
270541;3100;15,61
270542;3142;16,67
270543;3095;15,48
270544;3109;15,84
270545;3101;15,63
270546;3114;15,96
270547;3068;14,80
270548;3093;15,43
270549;3093;15,43
270550;3104;15,71
270551;3071;14,87
270552;3088;15,30
270553;3094;15,46
270554;3067;14,77
270555;3044;14,19
270556;3062;14,65
270557;3082;15,15
270558;3063;14,67
270559;3086;15,25
270560;3066;14,75
270561;3095;15,48
270562;3071;14,87
270563;3071;14,87
270564;3061;14,62
270565;3092;15,40
270566;3087;15,28
270567;3088;15,30
270568;3063;14,67
270569;3101;15,63
270570;3083;15,18
270571;3090;15,35
270572;3088;15,30
270573;3083;15,18
270574;3071;14,87
270575;3088;15,30
270576;3071;14,87
270577;3067;14,77
270578;3088;15,30
270579;3087;15,28
270580;3071;14,87
270581;3071;14,87
270582;3066;14,75
270583;3084;15,20
270584;3071;14,87
270585;3110;15,86
270586;3089;15,33
270587;3084;15,20
270588;3105;15,73
270589;3094;15,46
270590;3093;15,43
270591;3090;15,35
270592;3083;15,18
270593;3082;15,15
270594;3053;14,42
270595;3069;14,82
270596;3071;14,87
270597;3079;15,08
270598;3059;14,57
270599;3059;14,57
270600;3026;13,73
270601;3024;13,68
270602;3009;13,30
270603;3035;13,96
270604;3003;13,15
270605;3005;13,20
270606;2991;12,85
270607;3012;13,38
270608;3033;13,91
270609;3026;13,73
270610;2992;12,87
270611;3026;13,73
270612;3037;14,01
270613;3010;13,33
270614;3017;13,51
270615;3055;14,47
270616;3071;14,87
270617;3071;14,87
270618;3069;14,82
270619;3071;14,87
270620;3037;14,01
270621;3053;14,42
270622;3063;14,67
270623;3067;14,77
270624;3103;15,68
270625;3082;15,15
270626;3088;15,30
270627;3104;15,71
270628;3093;15,43
270629;3103;15,68
270630;3067;14,77
270631;3035;13,96
270632;3043;14,16
270633;3135;16,49
270634;3099;15,58
270635;3012;13,38
270636;3084;15,20
270637;3120;16,11
270638;3037;14,01
270639;3043;14,16
270640;3056;14,49
270641;3061;14,62
270642;2987;12,75
270643;3015;13,46
270644;3031;13,86
270645;3002;13,13
270646;2970;12,32
270647;2992;12,87
270648;2988;12,77
270649;2991;12,85
270650;2967;12,24
270651;2987;12,75
270652;2983;12,65
270653;2971;12,34
270654;2944;11,66
270655;2949;11,79
270656;2995;12,95
270657;2994;12,93
270658;2959;12,04
270659;2993;12,90
270660;2978;12,52
270661;2981;12,60
270662;2955;11,94
270663;2999;13,05
270664;2994;12,93
270665;3024;13,68
270666;3025;13,71
270667;2985;12,70
270668;2979;12,55
270669;2981;12,60
270670;3015;13,46
270671;3024;13,68
270672;3023;13,66
270673;3021;13,61
270674;2999;13,05
270675;3024;13,68
270676;3001;13,10
270677;3017;13,51
270678;3020;13,58
270679;3006;13,23
270680;2980;12,57
270681;2971;12,34
270682;2981;12,60
270683;3015;13,46
270684;2992;12,87
270685;2989;12,80
270686;3024;13,68
270687;3007;13,25
270688;2994;12,93
270689;2997;13,00
270690;3019;13,56
270691;3011;13,36
270692;3005;13,20
270693;3015;13,46
270694;2980;12,57
270695;3024;13,68
270696;2987;12,75
270697;3005;13,20
270698;2998;13,03
270699;3011;13,36
270700;2981;12,60
270701;3006;13,23
270702;3018;13,53
270703;3017;13,51
270704;2978;12,52
270705;2995;12,95
270706;2992;12,87
270707;3007;13,25
270708;3015;13,46
270709;2972;12,37
270710;2998;13,03
270711;2995;12,95
270712;3002;13,13
270713;3006;13,23
270714;2992;12,87
270715;2991;12,85
270716;2983;12,65
270717;2991;12,85
270718;3011;13,36
270719;3021;13,61
270720;2992;12,87
270721;2989;12,80
270722;2945;11,69
270723;2999;13,05
270724;2945;11,69
270725;2978;12,52
270726;2955;11,94
270727;2922;11,10
270728;2955;11,94
270729;2930;11,31
270730;2923;11,13
270731;2954;11,91
270732;2973;12,39
270733;2911;10,82
270734;2931;11,33
270735;2983;12,65
270736;2961;12,09
270737;2939;11,53
270738;2909;10,77
270739;2960;12,06
270740;2960;12,06
270741;2946;11,71
270742;2948;11,76
270743;2941;11,58
270744;2930;11,31
270745;2962;12,12
270746;2968;12,27
270747;2928;11,26
270748;2960;12,06
270749;2928;11,26
270750;2967;12,24
270751;2941;11,58
270752;2965;12,19
270753;2963;12,14
270754;2979;12,55
270755;3006;13,23
270756;3005;13,20
270757;3019;13,56
270758;2992;12,87
270759;2975;12,44
270760;2991;12,85
270761;2998;13,03
270762;2967;12,24
270763;2987;12,75
270764;2981;12,60
270765;2977;12,49
270766;2967;12,24
270767;2989;12,80
270768;2943;11,63
270769;2984;12,67
270770;2944;11,66
270771;2976;12,47
270772;2942;11,61
270773;2915;10,93
270774;2951;11,84
270775;2963;12,14
270776;2913;10,88
270777;2882;10,09
270778;2901;10,57
270779;2930;11,31
270780;2896;10,45
270781;2895;10,42
270782;2935;11,43
270783;2915;10,93
270784;2919;11,03
270785;2943;11,63
270786;2911;10,82
270787;2958;12,01
270788;2914;10,90
270789;2916;10,95
270790;2891;10,32
270791;2943;11,63
270792;2881;10,07
270793;2963;12,14
270794;2929;11,28
270795;2997;13,00
270796;2974;12,42
270797;2941;11,58
270798;2931;11,33
270799;2964;12,17
270800;2928;11,26
270801;2978;12,52
270802;2962;12,12
270803;2959;12,04
270804;2982;12,62
270805;2999;13,05
270806;2944;11,66
270807;2981;12,60
270808;2930;11,31
270809;2955;11,94
270810;2950;11,81
270811;2965;12,19
270812;2935;11,43
270813;2979;12,55
270814;2923;11,13
270815;2946;11,71
270816;2959;12,04
270817;2940;11,56
270818;2944;11,66
270819;2910;10,80
270820;2905;10,67
270821;2929;11,28
270822;2907;10,72
270823;2930;11,31
270824;2928;11,26
270825;2941;11,58
270826;2897;10,47
270827;2928;11,26
270828;2885;10,17
270829;2896;10,45
270830;2907;10,72
270831;2933;11,38
270832;2922;11,10
270833;2851;9,31
270834;2927;11,23
270835;2912;10,85
270836;2891;10,32
270837;2945;11,69
270838;2912;10,85
270839;2912;10,85
270840;2923;11,13
270841;2897;10,47
270842;2954;11,91
270843;2942;11,61
270844;2864;9,64
270845;2941;11,58
270846;2969;12,29
270847;2966;12,22
270848;2935;11,43
270849;2959;12,04
270850;2939;11,53
270851;2954;11,91
270852;2895;10,42
270853;2931;11,33
270854;2911;10,82
270855;2910;10,80
270856;2906;10,70
270857;2903;10,62
270858;2939;11,53
270859;2880;10,04
270860;2923;11,13
270861;2895;10,42
270862;2933;11,38
270863;2885;10,17
270864;2928;11,26
270865;2905;10,67
270866;2912;10,85
270867;2921;11,08
270868;2906;10,70
270869;2890;10,29
270870;2893;10,37
270871;2929;11,28
270872;2870;9,79
270873;2881;10,07
270874;2891;10,32
270875;2891;10,32
270876;2871;9,81
270877;2895;10,42
270878;2899;10,52
270879;2896;10,45
270880;2927;11,23
270881;2903;10,62
270882;2912;10,85
270883;2917;10,98
270884;2879;10,02
270885;2933;11,38
270886;2891;10,32
270887;2923;11,13
270888;2865;9,66
270889;2893;10,37
270890;2877;9,96
270891;2889;10,27
270892;2891;10,32
270893;2879;10,02
270894;2911;10,82
270895;2913;10,88
270896;2911;10,82
270897;2922;11,10
270898;2896;10,45
270899;2899;10,52
270900;2898;10,50
270901;2933;11,38
270902;2875;9,91
270903;2875;9,91
270904;2887;10,22
270905;2901;10,57
270906;2901;10,57
270907;2924;11,15
270908;2910;10,80
270909;2896;10,45
270910;2871;9,81
270911;2871;9,81
270912;2942;11,61
270913;2897;10,47
270914;2897;10,47
270915;2917;10,98
270916;2880;10,04
270917;2914;10,90
270918;2885;10,17
270919;2887;10,22
270920;2881;10,07
270921;2863;9,61
270922;2854;9,38
270923;2914;10,90
270924;2881;10,07
270925;2887;10,22
270926;2865;9,66
270927;2883;10,12
270928;2875;9,91
270929;2843;9,10
270930;2867;9,71
270931;2895;10,42
270932;2846;9,18
270933;2912;10,85
270934;2882;10,09
270935;2870;9,79
270936;2907;10,72
270937;2896;10,45
270938;2911;10,82
270939;2911;10,82
270940;2898;10,50
270941;2907;10,72
270942;2928;11,26
270943;2928;11,26
270944;2924;11,15
270945;2902;10,60
270946;2901;10,57
270947;2903;10,62
270948;2907;10,72
270949;2896;10,45
270950;2918;11,00
270951;2907;10,72
270952;2891;10,32
270953;2923;11,13
270954;2885;10,17
270955;2899;10,52
270956;2889;10,27
270957;2912;10,85
270958;2871;9,81
270959;2926;11,20
270960;2864;9,64
270961;2896;10,45
270962;2901;10,57
270963;2846;9,18
270964;2881;10,07
270965;2870;9,79
270966;2875;9,91
270967;2866;9,69
270968;2879;10,02
270969;2896;10,45
270970;2879;10,02
270971;2869;9,76
270972;2890;10,29
270973;2859;9,51
270974;2863;9,61
270975;2831;8,80
270976;2853;9,36
270977;2891;10,32
270978;2838;8,98
270979;2831;8,80
270980;2861;9,56
270981;2880;10,04
270982;2863;9,61
270983;2883;10,12
270984;2850;9,28
270985;2859;9,51
270986;2914;10,90
270987;2859;9,51
270988;2882;10,09
270989;2896;10,45
270990;2892;10,34
270991;2910;10,80
270992;2910;10,80
270993;2917;10,98
270994;2923;11,13
270995;2951;11,84
270996;2925;11,18
270997;2917;10,98
270998;2896;10,45
270999;2928;11,26
271000;2926;11,20
271001;2910;10,80
271002;2898;10,50
271003;2910;10,80
271004;2927;11,23
271005;2906;10,70
271006;2873;9,86
271007;2896;10,45
271008;2887;10,22
271009;2899;10,52
271010;2871;9,81
271011;2843;9,10
271012;2858;9,48
271013;2893;10,37
271014;2832;8,83
271015;2862;9,59
271016;2853;9,36
271017;2864;9,64
271018;2859;9,51
271019;2846;9,18
271020;2848;9,23
271021;2867;9,71
271022;2845;9,15
271023;2832;8,83
271024;2839;9,00
271025;2853;9,36
271026;2829;8,75
271027;2862;9,59
271028;2867;9,71
271029;2837;8,95
271030;2874;9,89
271031;2851;9,31
271032;2880;10,04
271033;2893;10,37
271034;2881;10,07
271035;2849;9,26
271036;2864;9,64
271037;2880;10,04
271038;2869;9,76
271039;2893;10,37
271040;2905;10,67
271041;2864;9,64
271042;2869;9,76
271043;2870;9,79
271044;2901;10,57
271045;2867;9,71
271046;2878;9,99
271047;2928;11,26
271048;2883;10,12
271049;2880;10,04
271050;2878;9,99
271051;2928;11,26
271052;2928;11,26
271053;2890;10,29
271054;2891;10,32
271055;2879;10,02
271056;2928;11,26
271057;2905;10,67
271058;2902;10,60
271059;2891;10,32
271060;2910;10,80
271061;2896;10,45
271062;2877;9,96
271063;2879;10,02
271064;2881;10,07
271065;2900;10,55
271066;2891;10,32
271067;2863;9,61
271068;2882;10,09
271069;2886;10,19
271070;2893;10,37
271071;2897;10,47
271072;2859;9,51
271073;2858;9,48
271074;2905;10,67
271075;2879;10,02
271076;2853;9,36
271077;2859;9,51
271078;2874;9,89
271079;2896;10,45
271080;2854;9,38
271081;2867;9,71
271082;2886;10,19
271083;2853;9,36
271084;2893;10,37
271085;2898;10,50
271086;2880;10,04
271087;2881;10,07
271088;2864;9,64
271089;2896;10,45
271090;2918;11,00
271091;2912;10,85
271092;2864;9,64
271093;2866;9,69
271094;2871;9,81
271095;2935;11,43
271096;2907;10,72
271097;2883;10,12
271098;2869;9,76
271099;2890;10,29
271100;2894;10,39
271101;2912;10,85
271102;2883;10,12
271103;2912;10,85
271104;2891;10,32
271105;2897;10,47
271106;2873;9,86
271107;2879;10,02
271108;2891;10,32
271109;2895;10,42
271110;2887;10,22
271111;2895;10,42
271112;2879;10,02
271113;2887;10,22
271114;2916;10,95
271115;2913;10,88
271116;2877;9,96
271117;2928;11,26
271118;2883;10,12
271119;2898;10,50
271120;2919;11,03
271121;2925;11,18
271122;2923;11,13
271123;2937;11,48
271124;2923;11,13
271125;2896;10,45
271126;2886;10,19
271127;2908;10,75
271128;2898;10,50
271129;2913;10,88
271130;2879;10,02
271131;2928;11,26
271132;2909;10,77
271133;2911;10,82
271134;2935;11,43
271135;2922;11,10
271136;2915;10,93
271137;2917;10,98
271138;2902;10,60
271139;2931;11,33
271140;2943;11,63
271141;2887;10,22
271142;2914;10,90
271143;2893;10,37
271144;2882;10,09
271145;2919;11,03
271146;2906;10,70
271147;2899;10,52
271148;2907;10,72
271149;2882;10,09
271150;2894;10,39
271151;2912;10,85
271152;2897;10,47
271153;2882;10,09
271154;2914;10,90
271155;2903;10,62
271156;2892;10,34
271157;2922;11,10
271158;2897;10,47
271159;2881;10,07
271160;2913;10,88
271161;2899;10,52
271162;2923;11,13
271163;2919;11,03
271164;2899;10,52
271165;2917;10,98
271166;2921;11,08
271167;2896;10,45
271168;2895;10,42
271169;2898;10,50
271170;2881;10,07
271171;2926;11,20
271172;2896;10,45
271173;2891;10,32
271174;2891;10,32
271175;2925;11,18
271176;2880;10,04
271177;2894;10,39
271178;2911;10,82
271179;2903;10,62
271180;2895;10,42
271181;2925;11,18
271182;2905;10,67
271183;2881;10,07
271184;2894;10,39
271185;2899;10,52
271186;2883;10,12
271187;2909;10,77
271188;2928;11,26
271189;2899;10,52
271190;2877;9,96
271191;2877;9,96
271192;2880;10,04
271193;2905;10,67
271194;2878;9,99
271195;2881;10,07
271196;2873;9,86
271197;2885;10,17
271198;2879;10,02
271199;2864;9,64
271200;2885;10,17
271201;2883;10,12
271202;2879;10,02
271203;2891;10,32
271204;2867;9,71
271205;2886;10,19
271206;2879;10,02
271207;2863;9,61
271208;2891;10,32
271209;2877;9,96
271210;2877;9,96
271211;2875;9,91
271212;2896;10,45
271213;2918;11,00
271214;2859;9,51
271215;2864;9,64
271216;2866;9,69
271217;2870;9,79
271218;2879;10,02
271219;2866;9,69
271220;2860;9,53
271221;2855;9,41
271222;2864;9,64
271223;2887;10,22
271224;2867;9,71
271225;2873;9,86
271226;2854;9,38
271227;2903;10,62
271228;2867;9,71
271229;2864;9,64
271230;2867;9,71
271231;2860;9,53
271232;2873;9,86
271233;2880;10,04
271234;2869;9,76
271235;2880;10,04
271236;2871;9,81
271237;2880;10,04
271238;2870;9,79
271239;2871;9,81
271240;2874;9,89
271241;2875;9,91
271242;2871;9,81
271243;2896;10,45
271244;2902;10,60
271245;2879;10,02
271246;2879;10,02
271247;2863;9,61
271248;2868;9,74
271249;2887;10,22
271250;2875;9,91
271251;2886;10,19
271252;2880;10,04
271253;2883;10,12
271254;2870;9,79
271255;2875;9,91
271256;2864;9,64
271257;2854;9,38
271258;2855;9,41
271259;2859;9,51
271260;2893;10,37
271261;2870;9,79
271262;2864;9,64
271263;2855;9,41
271264;2865;9,66
271265;2857;9,46
271266;2859;9,51
271267;2867;9,71
271268;2850;9,28
271269;2864;9,64
271270;2855;9,41
271271;2877;9,96
271272;2843;9,10
271273;2862;9,59
271274;2855;9,41
271275;2864;9,64
271276;2843;9,10
271277;2880;10,04
271278;2827;8,70
271279;2869;9,76
271280;2831;8,80
271281;2831;8,80
271282;2832;8,83
271283;2829;8,75
271284;2864;9,64
271285;2832;8,83
271286;2882;10,09
271287;2832;8,83
271288;2831;8,80
271289;2834;8,88
271290;2831;8,80
271291;2836;8,93
271292;2859;9,51
271293;2832;8,83
271294;2873;9,86
271295;2863;9,61
271296;2834;8,88
271297;2838;8,98
271298;2837;8,95
271299;2837;8,95
271300;2823;8,60
271301;2835;8,90
271302;2836;8,93
271303;2863;9,61
271304;2870;9,79
271305;2849;9,26
271306;2855;9,41
271307;2835;8,90
271308;2832;8,83
271309;2843;9,10
271310;2832;8,83
271311;2864;9,64
271312;2843;9,10
271313;2847;9,21
271314;2843;9,10
271315;2864;9,64
271316;2849;9,26
271317;2874;9,89
271318;2859;9,51
271319;2850;9,28
271320;2873;9,86
271321;2878;9,99
271322;2848;9,23
271323;2803;8,09
271324;2833;8,85
271325;2871;9,81
271326;2842;9,08
271327;2841;9,05
271328;2843;9,10
271329;2835;8,90
271330;2842;9,08
271331;2842;9,08
271332;2841;9,05
271333;2877;9,96
271334;2850;9,28
271335;2833;8,85
271336;2832;8,83
271337;2829;8,75
271338;2832;8,83
271339;2860;9,53
271340;2832;8,83
271341;2831;8,80
271342;2864;9,64
271343;2852;9,33
271344;2816;8,42
271345;2831;8,80
271346;2831;8,80
271347;2816;8,42
271348;2815;8,40
271349;2826;8,67
271350;2823;8,60
271351;2864;9,64
271352;2821;8,55
271353;2819;8,50
271354;2848;9,23
271355;2855;9,41
271356;2849;9,26
271357;2852;9,33
271358;2835;8,90
271359;2814;8,37
271360;2833;8,85
271361;2829;8,75
271362;2834;8,88
271363;2841;9,05
271364;2815;8,40
271365;2841;9,05
271366;2816;8,42
271367;2829;8,75
271368;2822;8,57
271369;2855;9,41
271370;2844;9,13
271371;2860;9,53
271372;2822;8,57
271373;2826;8,67
271374;2818;8,47
271375;2841;9,05
271376;2850;9,28
271377;2815;8,40
271378;2817;8,45
271379;2846;9,18
271380;2831;8,80
271381;2826;8,67
271382;2830;8,78
271383;2822;8,57
271384;2809;8,24
271385;2826;8,67
271386;2817;8,45
271387;2826;8,67
271388;2829;8,75
271389;2841;9,05
271390;2861;9,56
271391;2841;9,05
271392;2861;9,56
271393;2854;9,38
271394;2839;9,00
271395;2846;9,18
271396;2827;8,70
271397;2840;9,03
271398;2832;8,83
271399;2815;8,40
271400;2829;8,75
271401;2817;8,45
271402;2819;8,50
271403;2835;8,90
271404;2818;8,47
271405;2807;8,19
271406;2820;8,52
271407;2838;8,98
271408;2821;8,55
271409;2839;9,00
271410;2833;8,85
271411;2817;8,45
271412;2811;8,29
271413;2815;8,40
271414;2814;8,37
271415;2830;8,78
271416;2817;8,45
271417;2820;8,52
271418;2814;8,37
271419;2826;8,67
271420;2810;8,27
271421;2845;9,15
271422;2847;9,21
271423;2841;9,05
271424;2835;8,90
271425;2863;9,61
271426;2813;8,35
271427;2818;8,47
271428;2822;8,57
271429;2818;8,47
271430;2853;9,36
271431;2849;9,26
271432;2832;8,83
271433;2819;8,50
271434;2827;8,70
271435;2821;8,55
271436;2825;8,65
271437;2816;8,42
271438;2827;8,70
271439;2823;8,60
271440;2832;8,83
271441;2835;8,90
271442;2845;9,15
