Tempo_ms;ADC_Bruto;Forca_kg
70158;2592;2,75
70159;2629;3,69
70160;2604;3,06
70161;2605;3,08
70162;2581;2,47
70163;2598;2,90
70164;2559;1,92
70165;2608;3,16
70166;2613;3,28
70167;2593;2,78
70168;2605;3,08
70169;2594;2,80
70170;2601;2,98
70171;2591;2,73
70172;2583;2,53
70173;2598;2,90
70174;2585;2,58
70175;2613;3,28
70176;2603;3,03
70177;2595;2,83
70178;2593;2,78
70179;2582;2,50
70180;2586;2,60
70181;2559;1,92
70182;2619;3,44
70183;2559;1,92
70184;2559;1,92
70185;2582;2,50
70186;2595;2,83
70187;2589;2,68
70188;2614;3,31
70189;2589;2,68
70190;2592;2,75
70191;2597;2,88
70192;2587;2,63
70193;2599;2,93
70194;2559;1,92
70195;2598;2,90
70196;2596;2,85
70197;2559;1,92
70198;2592;2,75
70199;2585;2,58
70200;2641;3,99
70201;2586;2,60
70202;2593;2,78
70203;2599;2,93
70204;2586;2,60
70205;2559;1,92
70206;2590;2,70
70207;2559;1,92
70208;2559;1,92
70209;2617;3,39
70210;2598;2,90
70211;2611;3,23
70212;2590;2,70
70213;2591;2,73
70214;2587;2,63
70215;2587;2,63
70216;2559;1,92
70217;2559;1,92
70218;2625;3,59
70219;2589;2,68
70220;2609;3,18
70221;2559;1,92
70222;2605;3,08
70223;2559;1,92
70224;2559;1,92
70225;2597;2,88
70226;2582;2,50
70227;2597;2,88
70228;2607;3,13
70229;2618;3,41
70230;2559;1,92
70231;2551;1,72
70232;2559;1,92
70233;2622;3,51
70234;2589;2,68
70235;2559;1,92
70236;2589;2,68
70237;2590;2,70
70238;2608;3,16
70239;2559;1,92
70240;2559;1,92
70241;2559;1,92
70242;2605;3,08
70243;2602;3,01
70244;2608;3,16
70245;2602;3,01
70246;2599;2,93
70247;2611;3,23
70248;2559;1,92
70249;2608;3,16
70250;2610;3,21
70251;2594;2,80
70252;2559;1,92
70253;2611;3,23
70254;2623;3,54
70255;2610;3,21
70256;2559;1,92
70257;2587;2,63
70258;2559;1,92
70259;2583;2,53
70260;2559;1,92
70261;2559;1,92
70262;2559;1,92
70263;2559;1,92
70264;2559;1,92
70265;2559;1,92
70266;2559;1,92
70267;2583;2,53
70268;2559;1,92
70269;2559;1,92
70270;2559;1,92
70271;2582;2,50
70272;2613;3,28
70273;2559;1,92
70274;2559;1,92
70275;2603;3,03
70276;2559;1,92
70277;2559;1,92
70278;2559;1,92
70279;2559;1,92
70280;2591;2,73
70281;2559;1,92
70282;2599;2,93
70283;2559;1,92
70284;2617;3,39
70285;2586;2,60
70286;2592;2,75
70287;2593;2,78
70288;2587;2,63
70289;2559;1,92
70290;2585;2,58
70291;2559;1,92
70292;2607;3,13
70293;2586;2,60
70294;2591;2,73
70295;2593;2,78
70296;2593;2,78
70297;2559;1,92
70298;2612;3,26
70299;2597;2,88
70300;2559;1,92
70301;2559;1,92
70302;2559;1,92
70303;2559;1,92
70304;2559;1,92
70305;2582;2,50
70306;2559;1,92
70307;2559;1,92
70308;2583;2,53
70309;2559;1,92
70310;2603;3,03
70311;2559;1,92
70312;2588;2,65
70313;2559;1,92
70314;2605;3,08
70315;2558;1,89
70316;2559;1,92
70317;2582;2,50
70318;2618;3,41
70319;2559;1,92
70320;2559;1,92
70321;2559;1,92
70322;2614;3,31
70323;2558;1,89
70324;2559;1,92
70325;2559;1,92
70326;2559;1,92
70327;2559;1,92
70328;2586;2,60
70329;2559;1,92
70330;2559;1,92
70331;2559;1,92
70332;2592;2,75
70333;2559;1,92
70334;2639;3,94
70335;2559;1,92
70336;2611;3,23
70337;2593;2,78
70338;2559;1,92
70339;2559;1,92
70340;2559;1,92
70341;2559;1,92
70342;2590;2,70
70343;2559;1,92
70344;2559;1,92
70345;2559;1,92
70346;2559;1,92
70347;2591;2,73
70348;2583;2,53
70349;2559;1,92
70350;2559;1,92
70351;2587;2,63
70352;2559;1,92
70353;2559;1,92
70354;2559;1,92
70355;2619;3,44
70356;2559;1,92
70357;2611;3,23
70358;2597;2,88
70359;2559;1,92
70360;2559;1,92
70361;2582;2,50
70362;2559;1,92
70363;2601;2,98
70364;2559;1,92
70365;2559;1,92
70366;2559;1,92
70367;2609;3,18
70368;2559;1,92
70369;2559;1,92
70370;2612;3,26
70371;2559;1,92
70372;2559;1,92
70373;2559;1,92
70374;2559;1,92
70375;2559;1,92
70376;2559;1,92
70377;2581;2,47
70378;2559;1,92
70379;2559;1,92
70380;2559;1,92
70381;2559;1,92
70382;2587;2,63
70383;2589;2,68
70384;2612;3,26
70385;2601;2,98
70386;2559;1,92
70387;2588;2,65
70388;2559;1,92
70389;2559;1,92
70390;2592;2,75
70391;2559;1,92
70392;2559;1,92
70393;2614;3,31
70394;2559;1,92
70395;2559;1,92
70396;2559;1,92
70397;2608;3,16
70398;2559;1,92
70399;2608;3,16
70400;2559;1,92
70401;2605;3,08
70402;2559;1,92
70403;2559;1,92
70404;2559;1,92
70405;2559;1,92
70406;2559;1,92
70407;2584;2,55
70408;2559;1,92
70409;2559;1,92
70410;2608;3,16
70411;2586;2,60
70412;2559;1,92
70413;2595;2,83
70414;2559;1,92
70415;2591;2,73
70416;2559;1,92
70417;2559;1,92
70418;2559;1,92
70419;2586;2,60
70420;2559;1,92
70421;2591;2,73
70422;2559;1,92
70423;2559;1,92
70424;2559;1,92
70425;2559;1,92
70426;2587;2,63
70427;2559;1,92
70428;2559;1,92
70429;2559;1,92
70430;2608;3,16
70431;2559;1,92
70432;2559;1,92
70433;2559;1,92
70434;2557;1,87
70435;2559;1,92
70436;2559;1,92
70437;2559;1,92
70438;2558;1,89
70439;2559;1,92
70440;2599;2,93
70441;2585;2,58
70442;2558;1,89
70443;2591;2,73
70444;2559;1,92
70445;2558;1,89
70446;2559;1,92
70447;2559;1,92
70448;2613;3,28
70449;2559;1,92
70450;2559;1,92
70451;2559;1,92
70452;2559;1,92
70453;2559;1,92
70454;2554;1,79
70455;2559;1,92
70456;2559;1,92
70457;2559;1,92
70458;2559;1,92
70459;2585;2,58
70460;2558;1,89
70461;2559;1,92
70462;2559;1,92
70463;2559;1,92
70464;2559;1,92
70465;2559;1,92
70466;2559;1,92
70467;2559;1,92
70468;2559;1,92
70469;2559;1,92
70470;2615;3,34
70471;2558;1,89
70472;2608;3,16
70473;2554;1,79
70474;2581;2,47
70475;2559;1,92
70476;2559;1,92
70477;2556;1,84
70478;2559;1,92
70479;2559;1,92
70480;2555;1,82
70481;2559;1,92
70482;2559;1,92
70483;2555;1,82
70484;2559;1,92
70485;2559;1,92
70486;2557;1,87
70487;2589;2,68
70488;2550;1,69
70489;2559;1,92
70490;2551;1,72
70491;2559;1,92
70492;2555;1,82
70493;2551;1,72
70494;2546;1,59
70495;2557;1,87
70496;2586;2,60
70497;2548;1,64
70498;2588;2,65
70499;2549;1,66
70500;2549;1,66
70501;2559;1,92
70502;2559;1,92
70503;2553;1,77
70504;2559;1,92
70505;2553;1,77
70506;2546;1,59
70507;2555;1,82
70508;2559;1,92
70509;2559;1,92
70510;2559;1,92
70511;2559;1,92
70512;2551;1,72
70513;2549;1,66
70514;2559;1,92
70515;2559;1,92
70516;2559;1,92
70517;2589;2,68
70518;2551;1,72
70519;2559;1,92
70520;2559;1,92
70521;2544;1,54
70522;2556;1,84
70523;2554;1,79
70524;2545;1,56
70525;2559;1,92
70526;2548;1,64
70527;2547;1,61
70528;2559;1,92
70529;2545;1,56
70530;2544;1,54
70531;2595;2,83
70532;2544;1,54
70533;2555;1,82
70534;2546;1,59
70535;2603;3,03
70536;2544;1,54
70537;2557;1,87
70538;2550;1,69
70539;2544;1,54
70540;2591;2,73
70541;2559;1,92
70542;2559;1,92
70543;2547;1,61
70544;2554;1,79
70545;2559;1,92
70546;2550;1,69
70547;2554;1,79
70548;2591;2,73
70549;2544;1,54
70550;2559;1,92
70551;2544;1,54
70552;2555;1,82
70553;2557;1,87
70554;2553;1,77
70555;2559;1,92
70556;2544;1,54
70557;2555;1,82
70558;2559;1,92
70559;2559;1,92
70560;2559;1,92
70561;2544;1,54
70562;2551;1,72
70563;2592;2,75
70564;2547;1,61
70565;2548;1,64
70566;2551;1,72
70567;2539;1,41
70568;2549;1,66
70569;2540;1,44
70570;2548;1,64
70571;2608;3,16
70572;2557;1,87
70573;2581;2,47
70574;2539;1,41
70575;2549;1,66
70576;2592;2,75
70577;2559;1,92
70578;2543;1,51
70579;2583;2,53
70580;2555;1,82
70581;2553;1,77
70582;2542;1,49
70583;2544;1,54
70584;2559;1,92
70585;2551;1,72
70586;2551;1,72
70587;2585;2,58
70588;2538;1,39
70589;2539;1,41
70590;2542;1,49
70591;2587;2,63
70592;2538;1,39
70593;2544;1,54
70594;2551;1,72
70595;2558;1,89
70596;2542;1,49
70597;2541;1,46
70598;2559;1,92
70599;2549;1,66
70600;2538;1,39
70601;2559;1,92
70602;2559;1,92
70603;2538;1,39
70604;2540;1,44
70605;2541;1,46
70606;2535;1,31
70607;2539;1,41
70608;2544;1,54
70609;2535;1,31
70610;2589;2,68
70611;2531;1,21
70612;2553;1,77
70613;2539;1,41
70614;2582;2,50
70615;2538;1,39
70616;2559;1,92
70617;2559;1,92
70618;2533;1,26
70619;2559;1,92
70620;2537;1,36
70621;2559;1,92
70622;2558;1,89
70623;2533;1,26
70624;2538;1,39
70625;2559;1,92
70626;2557;1,87
70627;2534;1,29
70628;2541;1,46
70629;2558;1,89
70630;2559;1,92
70631;2554;1,79
70632;2559;1,92
70633;2535;1,31
70634;2556;1,84
70635;2543;1,51
70636;2535;1,31
70637;2549;1,66
70638;2545;1,56
70639;2545;1,56
70640;2531;1,21
70641;2540;1,44
70642;2541;1,46
70643;2559;1,92
70644;2542;1,49
70645;2540;1,44
70646;2531;1,21
70647;2554;1,79
70648;2542;1,49
70649;2539;1,41
70650;2534;1,29
70651;2534;1,29
70652;2537;1,36
70653;2531;1,21
70654;2559;1,92
70655;2528;1,13
70656;2533;1,26
70657;2530;1,18
70658;2557;1,87
70659;2530;1,18
70660;2543;1,51
70661;2538;1,39
70662;2559;1,92
70663;2535;1,31
70664;2559;1,92
70665;2559;1,92
70666;2526;1,08
70667;2527;1,11
70668;2559;1,92
70669;2528;1,13
70670;2530;1,18
70671;2531;1,21
70672;2557;1,87
70673;2526;1,08
70674;2559;1,92
70675;2553;1,77
70676;2559;1,92
70677;2546;1,59
70678;2559;1,92
70679;2537;1,36
70680;2535;1,31
70681;2531;1,21
70682;2525;1,06
70683;2531;1,21
70684;2534;1,29
70685;2527;1,11
70686;2521;0,96
70687;2583;2,53
70688;2557;1,87
70689;2544;1,54
70690;2526;1,08
70691;2534;1,29
70692;2586;2,60
70693;2528;1,13
70694;2535;1,31
70695;2559;1,92
70696;2522;0,98
70697;2545;1,56
70698;2544;1,54
70699;2521;0,96
70700;2559;1,92
70701;2559;1,92
70702;2530;1,18
70703;2527;1,11
70704;2544;1,54
70705;2519;0,91
70706;2559;1,92
70707;2551;1,72
70708;2527;1,11
70709;2529;1,16
70710;2523;1,01
70711;2531;1,21
70712;2559;1,92
70713;2518;0,88
70714;2559;1,92
70715;2525;1,06
70716;2528;1,13
70717;2535;1,31
70718;2559;1,92
70719;2542;1,49
70720;2541;1,46
70721;2559;1,92
70722;2523;1,01
70723;2544;1,54
70724;2543;1,51
70725;2535;1,31
70726;2543;1,51
70727;2518;0,88
70728;2541;1,46
70729;2538;1,39
70730;2527;1,11
70731;2525;1,06
70732;2544;1,54
70733;2543;1,51
70734;2523;1,01
70735;2541;1,46
70736;2557;1,87
70737;2519;0,91
70738;2524;1,03
70739;2521;0,96
70740;2535;1,31
70741;2527;1,11
70742;2537;1,36
70743;2543;1,51
70744;2528;1,13
70745;2523;1,01
70746;2529;1,16
70747;2531;1,21
70748;2532;1,23
70749;2559;1,92
70750;2533;1,26
70751;2527;1,11
70752;2519;0,91
70753;2538;1,39
70754;2527;1,11
70755;2559;1,92
70756;2544;1,54
70757;2529;1,16
70758;2523;1,01
70759;2555;1,82
70760;2517;0,86
70761;2559;1,92
70762;2523;1,01
70763;2547;1,61
70764;2544;1,54
70765;2555;1,82
70766;2519;0,91
70767;2534;1,29
70768;2536;1,34
70769;2519;0,91
70770;2519;0,91
70771;2559;1,92
70772;2511;0,70
70773;2513;0,75
70774;2559;1,92
70775;2523;1,01
70776;2523;1,01
70777;2514;0,78
70778;2558;1,89
70779;2523;1,01
70780;2519;0,91
70781;2544;1,54
70782;2523;1,01
70783;2531;1,21
70784;2528;1,13
70785;2517;0,86
70786;2545;1,56
70787;2515;0,80
70788;2512;0,73
70789;2559;1,92
70790;2535;1,31
70791;2512;0,73
70792;2556;1,84
70793;2544;1,54
70794;2535;1,31
70795;2512;0,73
70796;2518;0,88
70797;2518;0,88
70798;2527;1,11
70799;2512;0,73
70800;2523;1,01
70801;2538;1,39
70802;2516;0,83
70803;2521;0,96
70804;2533;1,26
70805;2523;1,01
70806;2517;0,86
70807;2526;1,08
70808;2526;1,08
70809;2559;1,92
70810;2537;1,36
70811;2529;1,16
70812;2516;0,83
70813;2517;0,86
70814;2519;0,91
70815;2531;1,21
70816;2559;1,92
70817;2512;0,73
70818;2519;0,91
70819;2518;0,88
70820;2517;0,86
70821;2515;0,80
70822;2512;0,73
70823;2521;0,96
70824;2516;0,83
70825;2537;1,36
70826;2541;1,46
70827;2518;0,88
70828;2524;1,03
70829;2510;0,68
70830;2511;0,70
70831;2519;0,91
70832;2559;1,92
70833;2517;0,86
70834;2513;0,75
70835;2558;1,89
70836;2513;0,75
70837;2535;1,31
70838;2517;0,86
70839;2513;0,75
70840;2529;1,16
70841;2512;0,73
70842;2517;0,86
70843;2532;1,23
70844;2559;1,92
70845;2559;1,92
70846;2512;0,73
70847;2518;0,88
70848;2512;0,73
70849;2512;0,73
70850;2521;0,96
70851;2513;0,75
70852;2559;1,92
70853;2519;0,91
70854;2559;1,92
70855;2525;1,06
70856;2513;0,75
70857;2559;1,92
70858;2508;0,63
70859;2513;0,75
70860;2511;0,70
70861;2530;1,18
70862;2518;0,88
70863;2513;0,75
70864;2534;1,29
70865;2514;0,78
70866;2529;1,16
70867;2516;0,83
70868;2554;1,79
70869;2512;0,73
70870;2511;0,70
70871;2515;0,80
70872;2527;1,11
70873;2541;1,46
70874;2528;1,13
70875;2512;0,73
70876;2516;0,83
70877;2512;0,73
70878;2549;1,66
70879;2510;0,68
70880;2537;1,36
70881;2527;1,11
70882;2510;0,68
70883;2512;0,73
70884;2511;0,70
70885;2526;1,08
70886;2514;0,78
70887;2514;0,78
70888;2539;1,41
70889;2523;1,01
70890;2522;0,98
70891;2512;0,73
70892;2511;0,70
70893;2543;1,51
70894;2559;1,92
70895;2512;0,73
70896;2529;1,16
70897;2559;1,92
70898;2519;0,91
70899;2513;0,75
70900;2512;0,73
70901;2542;1,49
70902;2514;0,78
70903;2533;1,26
70904;2528;1,13
70905;2542;1,49
70906;2518;0,88
70907;2513;0,75
70908;2525;1,06
70909;2527;1,11
70910;2512;0,73
70911;2507;0,60
70912;2510;0,68
70913;2557;1,87
70914;2544;1,54
70915;2559;1,92
70916;2518;0,88
70917;2559;1,92
70918;2512;0,73
70919;2512;0,73
70920;2526;1,08
70921;2535;1,31
70922;2544;1,54
70923;2525;1,06
70924;2551;1,72
70925;2523;1,01
70926;2507;0,60
70927;2530;1,18
70928;2546;1,59
70929;2512;0,73
70930;2507;0,60
70931;2513;0,75
70932;2522;0,98
70933;2551;1,72
70934;2537;1,36
70935;2505;0,55
70936;2545;1,56
70937;2512;0,73
70938;2527;1,11
70939;2516;0,83
70940;2518;0,88
70941;2533;1,26
70942;2512;0,73
70943;2507;0,60
70944;2529;1,16
70945;2519;0,91
70946;2547;1,61
70947;2509;0,65
70948;2493;0,25
70949;2555;1,82
70950;2559;1,92
70951;2507;0,60
70952;2514;0,78
70953;2537;1,36
70954;2502;0,48
70955;2493;0,25
70956;2490;0,17
70957;2493;0,25
70958;2539;1,41
70959;2530;1,18
70960;2481;0,00
70961;2512;0,73
70962;2542;1,49
70963;2484;0,02
70964;2533;1,26
70965;2509;0,65
70966;2482;0,00
70967;2528;1,13
70968;2497;0,35
70969;2477;0,00
70970;2484;0,02
70971;2478;0,00
70972;2511;0,70
70973;2519;0,91
70974;2482;0,00
70975;2515;0,80
70976;2475;0,00
70977;2480;0,00
70978;2492;0,22
70979;2478;0,00
70980;2482;0,00
70981;2498;0,37
70982;2479;0,00
70983;2506;0,58
70984;2544;1,54
70985;2499;0,40
70986;2487;0,10
70987;2500;0,43
70988;2485;0,05
70989;2531;1,21
70990;2500;0,43
70991;2507;0,60
70992;2480;0,00
70993;2493;0,25
70994;2493;0,25
70995;2511;0,70
70996;2489;0,15
70997;2502;0,48
70998;2478;0,00
70999;2491;0,20
71000;2484;0,02
71001;2486;0,07
71002;2482;0,00
71003;2487;0,10
71004;2517;0,86
71005;2493;0,25
71006;2515;0,80
71007;2485;0,05
71008;2502;0,48
71009;2491;0,20
71010;2542;1,49
71011;2487;0,10
71012;2481;0,00
71013;2494;0,27
71014;2481;0,00
71015;2498;0,37
71016;2494;0,27
71017;2495;0,30
71018;2494;0,27
71019;2544;1,54
71020;2495;0,30
71021;2500;0,43
71022;2509;0,65
71023;2501;0,45
71024;2540;1,44
71025;2515;0,80
71026;2525;1,06
71027;2522;0,98
71028;2495;0,30
71029;2523;1,01
71030;2539;1,41
71031;2506;0,58
71032;2523;1,01
71033;2540;1,44
71034;2524;1,03
71035;2544;1,54
71036;2544;1,54
71037;2496;0,32
71038;2512;0,73
71039;2502;0,48
71040;2553;1,77
71041;2517;0,86
71042;2535;1,31
71043;2512;0,73
71044;2517;0,86
71045;2526;1,08
71046;2551;1,72
71047;2506;0,58
71048;2529;1,16
71049;2512;0,73
71050;2506;0,58
71051;2535;1,31
71052;2521;0,96
71053;2513;0,75
71054;2512;0,73
71055;2512;0,73
71056;2512;0,73
71057;2550;1,69
71058;2498;0,37
71059;2545;1,56
71060;2510;0,68
71061;2527;1,11
71062;2512;0,73
71063;2527;1,11
71064;2512;0,73
71065;2553;1,77
71066;2521;0,96
71067;2512;0,73
71068;2515;0,80
71069;2538;1,39
71070;2522;0,98
71071;2527;1,11
71072;2509;0,65
71073;2559;1,92
71074;2526;1,08
71075;2559;1,92
71076;2533;1,26
71077;2506;0,58
71078;2541;1,46
71079;2559;1,92
71080;2534;1,29
71081;2550;1,69
71082;2537;1,36
71083;2535;1,31
71084;2521;0,96
71085;2521;0,96
71086;2559;1,92
71087;2514;0,78
71088;2533;1,26
71089;2517;0,86
71090;2510;0,68
71091;2531;1,21
71092;2512;0,73
71093;2545;1,56
71094;2533;1,26
71095;2510;0,68
71096;2527;1,11
71097;2519;0,91
71098;2559;1,92
71099;2541;1,46
71100;2557;1,87
71101;2512;0,73
71102;2559;1,92
71103;2509;0,65
71104;2548;1,64
71105;2516;0,83
71106;2533;1,26
71107;2541;1,46
71108;2512;0,73
71109;2549;1,66
71110;2558;1,89
71111;2507;0,60
71112;2510;0,68
71113;2534;1,29
71114;2533;1,26
71115;2519;0,91
71116;2546;1,59
71117;2523;1,01
71118;2522;0,98
71119;2515;0,80
71120;2511;0,70
71121;2525;1,06
71122;2512;0,73
71123;2512;0,73
71124;2556;1,84
71125;2512;0,73
71126;2527;1,11
71127;2524;1,03
71128;2534;1,29
71129;2509;0,65
71130;2523;1,01
71131;2510;0,68
71132;2510;0,68
71133;2508;0,63
71134;2510;0,68
71135;2513;0,75
71136;2546;1,59
71137;2515;0,80
71138;2519;0,91
71139;2549;1,66
71140;2528;1,13
71141;2535;1,31
71142;2509;0,65
71143;2522;0,98
71144;2511;0,70
71145;2518;0,88
71146;2507;0,60
71147;2530;1,18
71148;2507;0,60
71149;2521;0,96
71150;2507;0,60
71151;2507;0,60
71152;2559;1,92
71153;2513;0,75
71154;2503;0,50
71155;2510;0,68
71156;2502;0,48
71157;2519;0,91
71158;2531;1,21
71159;2497;0,35
71160;2505;0,55
71161;2509;0,65
71162;2512;0,73
71163;2544;1,54
71164;2509;0,65
71165;2540;1,44
71166;2510;0,68
71167;2522;0,98
71168;2510;0,68
71169;2541;1,46
71170;2502;0,48
71171;2529;1,16
71172;2517;0,86
71173;2530;1,18
71174;2502;0,48
71175;2525;1,06
71176;2555;1,82
71177;2512;0,73
71178;2511;0,70
71179;2512;0,73
71180;2509;0,65
71181;2538;1,39
71182;2512;0,73
71183;2512;0,73
71184;2559;1,92
71185;2525;1,06
71186;2551;1,72
71187;2528;1,13
71188;2559;1,92
71189;2531;1,21
71190;2514;0,78
71191;2559;1,92
71192;2512;0,73
71193;2522;0,98
71194;2517;0,86
71195;2518;0,88
71196;2531;1,21
71197;2512;0,73
71198;2518;0,88
71199;2523;1,01
71200;2522;0,98
71201;2525;1,06
71202;2550;1,69
71203;2517;0,86
71204;2534;1,29
71205;2515;0,80
71206;2559;1,92
71207;2549;1,66
71208;2523;1,01
71209;2528;1,13
71210;2515;0,80
71211;2525;1,06
71212;2518;0,88
71213;2545;1,56
71214;2581;2,47
71215;2559;1,92
71216;2544;1,54
71217;2519;0,91
71218;2551;1,72
71219;2527;1,11
71220;2543;1,51
71221;2523;1,01
71222;2511;0,70
71223;2559;1,92
71224;2538;1,39
71225;2528;1,13
71226;2547;1,61
71227;2545;1,56
71228;2521;0,96
71229;2559;1,92
71230;2602;3,01
71231;2531;1,21
71232;2526;1,08
71233;2559;1,92
71234;2523;1,01
71235;2547;1,61
71236;2546;1,59
71237;2556;1,84
71238;2525;1,06
71239;2544;1,54
71240;2546;1,59
71241;2549;1,66
71242;2535;1,31
71243;2559;1,92
71244;2526;1,08
71245;2549;1,66
71246;2546;1,59
71247;2559;1,92
71248;2555;1,82
71249;2559;1,92
71250;2535;1,31
71251;2559;1,92
71252;2534;1,29
71253;2558;1,89
71254;2521;0,96
71255;2531;1,21
71256;2559;1,92
71257;2555;1,82
71258;2550;1,69
71259;2540;1,44
71260;2559;1,92
71261;2551;1,72
71262;2586;2,60
71263;2559;1,92
71264;2531;1,21
71265;2594;2,80
71266;2557;1,87
71267;2550;1,69
71268;2549;1,66
71269;2551;1,72
71270;2533;1,26
71271;2559;1,92
71272;2590;2,70
71273;2547;1,61
71274;2550;1,69
71275;2544;1,54
71276;2544;1,54
71277;2543;1,51
71278;2535;1,31
71279;2559;1,92
71280;2559;1,92
71281;2559;1,92
71282;2559;1,92
71283;2559;1,92
71284;2610;3,21
71285;2559;1,92
71286;2549;1,66
71287;2535;1,31
71288;2559;1,92
71289;2556;1,84
71290;2604;3,06
71291;2559;1,92
71292;2554;1,79
71293;2587;2,63
71294;2559;1,92
71295;2541;1,46
71296;2556;1,84
71297;2544;1,54
71298;2537;1,36
71299;2583;2,53
71300;2544;1,54
71301;2551;1,72
71302;2544;1,54
71303;2559;1,92
71304;2544;1,54
71305;2559;1,92
71306;2583;2,53
71307;2559;1,92
71308;2559;1,92
71309;2551;1,72
71310;2594;2,80
71311;2557;1,87
71312;2610;3,21
71313;2547;1,61
71314;2546;1,59
71315;2559;1,92
71316;2593;2,78
71317;2559;1,92
71318;2581;2,47
71319;2559;1,92
71320;2586;2,60
71321;2559;1,92
71322;2555;1,82
71323;2585;2,58
71324;2559;1,92
71325;2559;1,92
71326;2591;2,73
71327;2559;1,92
71328;2559;1,92
71329;2559;1,92
71330;2606;3,11
71331;2559;1,92
71332;2559;1,92
71333;2559;1,92
71334;2556;1,84
71335;2593;2,78
71336;2605;3,08
71337;2589;2,68
71338;2613;3,28
71339;2559;1,92
71340;2559;1,92
71341;2559;1,92
71342;2559;1,92
71343;2559;1,92
71344;2559;1,92
71345;2559;1,92
71346;2559;1,92
71347;2559;1,92
71348;2559;1,92
71349;2586;2,60
71350;2595;2,83
71351;2559;1,92
71352;2559;1,92
71353;2559;1,92
71354;2585;2,58
71355;2559;1,92
71356;2559;1,92
71357;2589;2,68
71358;2608;3,16
71359;2559;1,92
71360;2601;2,98
71361;2586;2,60
71362;2559;1,92
71363;2583;2,53
71364;2559;1,92
71365;2559;1,92
71366;2559;1,92
71367;2581;2,47
71368;2583;2,53
71369;2621;3,49
71370;2625;3,59
71371;2614;3,31
71372;2624;3,56
71373;2631;3,74
71374;2585;2,58
71375;2559;1,92
71376;2591;2,73
71377;2629;3,69
71378;2608;3,16
71379;2559;1,92
71380;2635;3,84
71381;2604;3,06
71382;2652;4,27
71383;2589;2,68
71384;2622;3,51
71385;2595;2,83
71386;2601;2,98
71387;2586;2,60
71388;2640;3,97
71389;2626;3,61
71390;2593;2,78
71391;2615;3,34
71392;2603;3,03
71393;2670;4,73
71394;2608;3,16
71395;2605;3,08
71396;2599;2,93
71397;2599;2,93
71398;2595;2,83
71399;2630;3,71
71400;2615;3,34
71401;2606;3,11
71402;2624;3,56
71403;2605;3,08
71404;2634;3,82
71405;2590;2,70
71406;2613;3,28
71407;2598;2,90
71408;2641;3,99
71409;2559;1,92
71410;2598;2,90
71411;2611;3,23
71412;2607;3,13
71413;2594;2,80
71414;2603;3,03
71415;2599;2,93
71416;2605;3,08
71417;2608;3,16
71418;2603;3,03
71419;2602;3,01
71420;2596;2,85
71421;2602;3,01
71422;2607;3,13
71423;2605;3,08
71424;2661;4,50
71425;2608;3,16
71426;2614;3,31
71427;2593;2,78
71428;2608;3,16
71429;2635;3,84
71430;2601;2,98
71431;2621;3,49
71432;2594;2,80
71433;2603;3,03
71434;2609;3,18
71435;2602;3,01
71436;2624;3,56
71437;2615;3,34
71438;2615;3,34
71439;2624;3,56
71440;2639;3,94
71441;2609;3,18
71442;2608;3,16
71443;2609;3,18
71444;2607;3,13
71445;2605;3,08
71446;2635;3,84
71447;2608;3,16
71448;2621;3,49
71449;2608;3,16
71450;2617;3,39
71451;2612;3,26
71452;2614;3,31
71453;2609;3,18
71454;2643;4,04
71455;2607;3,13
71456;2623;3,54
71457;2605;3,08
71458;2613;3,28
71459;2649;4,20
71460;2614;3,31
71461;2615;3,34
71462;2618;3,41
71463;2614;3,31
71464;2610;3,21
71465;2618;3,41
71466;2614;3,31
71467;2639;3,94
71468;2641;3,99
71469;2651;4,25
71470;2633;3,79
71471;2639;3,94
71472;2622;3,51
71473;2665;4,60
71474;2634;3,82
71475;2673;4,80
71476;2624;3,56
71477;2672;4,78
71478;2610;3,21
71479;2615;3,34
71480;2675;4,85
71481;2614;3,31
71482;2608;3,16
71483;2615;3,34
71484;2614;3,31
71485;2627;3,64
71486;2624;3,56
71487;2614;3,31
71488;2647;4,14
71489;2669;4,70
71490;2643;4,04
71491;2614;3,31
71492;2640;3,97
71493;2630;3,71
71494;2665;4,60
71495;2637;3,89
71496;2641;3,99
71497;2624;3,56
71498;2624;3,56
71499;2626;3,61
71500;2671;4,75
71501;2640;3,97
71502;2643;4,04
71503;2626;3,61
71504;2627;3,64
71505;2639;3,94
71506;2628;3,66
71507;2647;4,14
71508;2641;3,99
71509;2662;4,52
71510;2646;4,12
71511;2629;3,69
71512;2630;3,71
71513;2635;3,84
71514;2651;4,25
71515;2641;3,99
71516;2635;3,84
71517;2655;4,35
71518;2668;4,68
71519;2642;4,02
71520;2635;3,84
71521;2669;4,70
71522;2634;3,82
71523;2641;3,99
71524;2638;3,92
71525;2672;4,78
71526;2661;4,50
71527;2639;3,94
71528;2665;4,60
71529;2626;3,61
71530;2644;4,07
71531;2639;3,94
71532;2652;4,27
71533;2651;4,25
71534;2639;3,94
71535;2637;3,89
71536;2641;3,99
71537;2638;3,92
71538;2649;4,20
71539;2635;3,84
71540;2661;4,50
71541;2637;3,89
71542;2641;3,99
71543;2651;4,25
71544;2641;3,99
71545;2659;4,45
71546;2647;4,14
71547;2644;4,07
71548;2644;4,07
71549;2671;4,75
71550;2644;4,07
71551;2639;3,94
71552;2639;3,94
71553;2643;4,04
71554;2647;4,14
71555;2655;4,35
71556;2640;3,97
71557;2643;4,04
71558;2667;4,65
71559;2643;4,04
71560;2642;4,02
71561;2702;5,54
71562;2699;5,46
71563;2674;4,83
71564;2678;4,93
71565;2640;3,97
71566;2640;3,97
71567;2683;5,06
71568;2643;4,04
71569;2646;4,12
71570;2651;4,25
71571;2643;4,04
71572;2640;3,97
71573;2640;3,97
71574;2644;4,07
71575;2657;4,40
71576;2636;3,87
71577;2675;4,85
71578;2643;4,04
71579;2640;3,97
71580;2644;4,07
71581;2672;4,78
71582;2640;3,97
71583;2640;3,97
71584;2650;4,22
71585;2697;5,41
71586;2647;4,14
71587;2642;4,02
71588;2673;4,80
71589;2669;4,70
71590;2640;3,97
71591;2659;4,45
71592;2640;3,97
71593;2639;3,94
71594;2662;4,52
71595;2684;5,08
71596;2640;3,97
71597;2645;4,09
71598;2636;3,87
71599;2642;4,02
71600;2640;3,97
71601;2635;3,84
71602;2649;4,20
71603;2683;5,06
71604;2663;4,55
71605;2635;3,84
71606;2639;3,94
71607;2635;3,84
71608;2641;3,99
71609;2635;3,84
71610;2668;4,68
71611;2665;4,60
71612;2634;3,82
71613;2647;4,14
71614;2629;3,69
71615;2665;4,60
71616;2663;4,55
71617;2635;3,84
71618;2666;4,63
71619;2633;3,79
71620;2656;4,37
71621;2627;3,64
71622;2624;3,56
71623;2640;3,97
71624;2661;4,50
71625;2626;3,61
71626;2656;4,37
71627;2627;3,64
71628;2625;3,59
71629;2645;4,09
71630;2625;3,59
71631;2627;3,64
71632;2623;3,54
71633;2622;3,51
71634;2659;4,45
71635;2617;3,39
71636;2624;3,56
71637;2621;3,49
71638;2645;4,09
71639;2622;3,51
71640;2641;3,99
71641;2624;3,56
71642;2621;3,49
71643;2624;3,56
71644;2640;3,97
71645;2624;3,56
71646;2627;3,64
71647;2647;4,14
71648;2663;4,55
71649;2629;3,69
71650;2636;3,87
71651;2644;4,07
71652;2630;3,71
71653;2640;3,97
71654;2629;3,69
71655;2635;3,84
71656;2633;3,79
71657;2625;3,59
71658;2627;3,64
71659;2640;3,97
71660;2670;4,73
71661;2635;3,84
71662;2621;3,49
71663;2645;4,09
71664;2646;4,12
71665;2630;3,71
71666;2624;3,56
71667;2641;3,99
71668;2647;4,14
71669;2625;3,59
71670;2677;4,90
71671;2622;3,51
71672;2629;3,69
71673;2651;4,25
71674;2626;3,61
71675;2617;3,39
71676;2627;3,64
71677;2659;4,45
71678;2652;4,27
71679;2624;3,56
71680;2640;3,97
71681;2627;3,64
71682;2641;3,99
71683;2621;3,49
71684;2621;3,49
71685;2620;3,46
71686;2646;4,12
71687;2671;4,75
71688;2623;3,54
71689;2617;3,39
71690;2620;3,46
71691;2639;3,94
71692;2634;3,82
71693;2628;3,66
71694;2617;3,39
71695;2647;4,14
71696;2642;4,02
71697;2638;3,92
71698;2614;3,31
71699;2624;3,56
71700;2663;4,55
71701;2622;3,51
71702;2628;3,66
71703;2631;3,74
71704;2625;3,59
71705;2621;3,49
71706;2608;3,16
71707;2610;3,21
71708;2602;3,01
71709;2640;3,97
71710;2637;3,89
71711;2643;4,04
71712;2637;3,89
71713;2618;3,41
71714;2627;3,64
71715;2609;3,18
71716;2599;2,93
71717;2625;3,59
71718;2599;2,93
71719;2617;3,39
71720;2609;3,18
71721;2647;4,14
71722;2608;3,16
71723;2621;3,49
71724;2651;4,25
71725;2672;4,78
71726;2647;4,14
71727;2608;3,16
71728;2630;3,71
71729;2598;2,90
71730;2608;3,16
71731;2601;2,98
71732;2617;3,39
71733;2614;3,31
71734;2629;3,69
71735;2608;3,16
71736;2608;3,16
71737;2635;3,84
71738;2607;3,13
71739;2608;3,16
71740;2608;3,16
71741;2613;3,28
71742;2672;4,78
71743;2614;3,31
71744;2613;3,28
71745;2622;3,51
71746;2625;3,59
71747;2611;3,23
71748;2620;3,46
71749;2624;3,56
71750;2635;3,84
71751;2608;3,16
71752;2638;3,92
71753;2661;4,50
71754;2617;3,39
71755;2623;3,54
71756;2607;3,13
71757;2652;4,27
71758;2611;3,23
71759;2622;3,51
71760;2603;3,03
71761;2620;3,46
71762;2635;3,84
71763;2611;3,23
71764;2609;3,18
71765;2608;3,16
71766;2630;3,71
71767;2610;3,21
71768;2617;3,39
71769;2608;3,16
71770;2609;3,18
71771;2610;3,21
71772;2613;3,28
71773;2640;3,97
71774;2603;3,03
71775;2629;3,69
71776;2631;3,74
71777;2610;3,21
71778;2608;3,16
71779;2601;2,98
71780;2649;4,20
71781;2622;3,51
71782;2608;3,16
71783;2642;4,02
71784;2641;3,99
71785;2617;3,39
71786;2622;3,51
71787;2621;3,49
71788;2595;2,83
71789;2612;3,26
71790;2595;2,83
71791;2600;2,96
71792;2604;3,06
71793;2624;3,56
71794;2624;3,56
71795;2590;2,70
71796;2599;2,93
71797;2597;2,88
71798;2595;2,83
71799;2640;3,97
71800;2615;3,34
71801;2559;1,92
71802;2608;3,16
71803;2592;2,75
71804;2602;3,01
71805;2629;3,69
71806;2592;2,75
71807;2646;4,12
71808;2624;3,56
71809;2603;3,03
71810;2625;3,59
71811;2602;3,01
71812;2591;2,73
71813;2618;3,41
71814;2615;3,34
71815;2624;3,56
71816;2599;2,93
71817;2627;3,64
71818;2606;3,11
71819;2609;3,18
71820;2623;3,54
71821;2611;3,23
71822;2627;3,64
71823;2601;2,98
71824;2591;2,73
71825;2609;3,18
71826;2630;3,71
71827;2608;3,16
71828;2658;4,42
71829;2587;2,63
71830;2619;3,44
71831;2591;2,73
71832;2606;3,11
71833;2608;3,16
71834;2604;3,06
71835;2608;3,16
71836;2662;4,52
71837;2631;3,74
71838;2598;2,90
71839;2603;3,03
71840;2618;3,41
71841;2607;3,13
71842;2602;3,01
71843;2620;3,46
71844;2631;3,74
71845;2608;3,16
71846;2650;4,22
71847;2655;4,35
71848;2599;2,93
71849;2629;3,69
71850;2590;2,70
71851;2587;2,63
71852;2633;3,79
71853;2598;2,90
71854;2608;3,16
71855;2559;1,92
71856;2587;2,63
71857;2559;1,92
71858;2559;1,92
71859;2559;1,92
71860;2559;1,92
71861;2559;1,92
71862;2598;2,90
71863;2559;1,92
71864;2559;1,92
71865;2606;3,11
71866;2559;1,92
71867;2559;1,92
71868;2551;1,72
71869;2554;1,79
71870;2559;1,92
71871;2557;1,87
71872;2553;1,77
71873;2608;3,16
71874;2559;1,92
71875;2559;1,92
71876;2587;2,63
71877;2559;1,92
71878;2559;1,92
71879;2559;1,92
71880;2582;2,50
71881;2559;1,92
71882;2595;2,83
71883;2640;3,97
71884;2559;1,92
71885;2559;1,92
71886;2559;1,92
71887;2559;1,92
71888;2591;2,73
71889;2559;1,92
71890;2603;3,03
71891;2624;3,56
71892;2591;2,73
71893;2588;2,65
71894;2607;3,13
71895;2644;4,07
71896;2591;2,73
71897;2581;2,47
71898;2603;3,03
71899;2661;4,50
71900;2595;2,83
71901;2594;2,80
71902;2592;2,75
71903;2591;2,73
71904;2601;2,98
71905;2615;3,34
71906;2581;2,47
71907;2628;3,66
71908;2640;3,97
71909;2590;2,70
71910;2615;3,34
71911;2591;2,73
71912;2583;2,53
71913;2608;3,16
71914;2614;3,31
71915;2559;1,92
71916;2611;3,23
71917;2608;3,16
71918;2605;3,08
71919;2559;1,92
71920;2603;3,03
71921;2559;1,92
71922;2559;1,92
71923;2559;1,92
71924;2559;1,92
71925;2559;1,92
71926;2559;1,92
71927;2549;1,66
71928;2583;2,53
71929;2557;1,87
71930;2549;1,66
71931;2555;1,82
71932;2559;1,92
71933;2599;2,93
71934;2557;1,87
71935;2581;2,47
71936;2596;2,85
71937;2550;1,69
71938;2593;2,78
71939;2556;1,84
71940;2608;3,16
71941;2559;1,92
71942;2593;2,78
71943;2559;1,92
71944;2559;1,92
71945;2559;1,92
71946;2559;1,92
71947;2559;1,92
71948;2582;2,50
71949;2559;1,92
71950;2559;1,92
71951;2559;1,92
71952;2559;1,92
71953;2595;2,83
71954;2559;1,92
71955;2623;3,54
71956;2596;2,85
71957;2606;3,11
71958;2605;3,08
71959;2612;3,26
71960;2613;3,28
71961;2629;3,69
71962;2597;2,88
71963;2587;2,63
71964;2630;3,71
71965;2592;2,75
71966;2649;4,20
71967;2602;3,01
71968;2602;3,01
71969;2583;2,53
71970;2593;2,78
71971;2623;3,54
71972;2592;2,75
71973;2597;2,88
71974;2630;3,71
71975;2592;2,75
71976;2622;3,51
71977;2589;2,68
71978;2581;2,47
71979;2589;2,68
71980;2601;2,98
71981;2582;2,50
71982;2623;3,54
71983;2559;1,92
71984;2611;3,23
71985;2656;4,37
71986;2582;2,50
71987;2559;1,92
71988;2559;1,92
71989;2593;2,78
71990;2615;3,34
71991;2585;2,58
71992;2559;1,92
71993;2593;2,78
71994;2559;1,92
71995;2608;3,16
71996;2606;3,11
71997;2559;1,92
71998;2559;1,92
71999;2559;1,92
72000;2559;1,92
72001;2587;2,63
72002;2559;1,92
72003;2557;1,87
72004;2559;1,92
72005;2559;1,92
72006;2549;1,66
72007;2551;1,72
72008;2581;2,47
72009;2559;1,92
72010;2551;1,72
72011;2559;1,92
72012;2618;3,41
72013;2582;2,50
72014;2559;1,92
72015;2559;1,92
72016;2557;1,87
72017;2559;1,92
72018;2551;1,72
72019;2550;1,69
72020;2559;1,92
72021;2546;1,59
72022;2557;1,87
72023;2559;1,92
72024;2593;2,78
72025;2622;3,51
72026;2559;1,92
72027;2603;3,03
72028;2559;1,92
72029;2559;1,92
72030;2559;1,92
72031;2559;1,92
72032;2585;2,58
72033;2559;1,92
72034;2586;2,60
72035;2630;3,71
72036;2559;1,92
72037;2596;2,85
72038;2592;2,75
72039;2589;2,68
72040;2640;3,97
72041;2629;3,69
72042;2603;3,03
72043;2640;3,97
72044;2629;3,69
72045;2590;2,70
72046;2625;3,59
72047;2608;3,16
72048;2619;3,44
72049;2601;2,98
72050;2612;3,26
72051;2608;3,16
72052;2627;3,64
72053;2609;3,18
72054;2630;3,71
72055;2646;4,12
72056;2602;3,01
72057;2608;3,16
72058;2607;3,13
72059;2597;2,88
72060;2640;3,97
72061;2623;3,54
72062;2649;4,20
72063;2603;3,03
72064;2624;3,56
72065;2600;2,96
72066;2593;2,78
72067;2559;1,92
72068;2582;2,50
72069;2630;3,71
72070;2559;1,92
72071;2582;2,50
72072;2559;1,92
72073;2610;3,21
72074;2601;2,98
72075;2587;2,63
72076;2607;3,13
72077;2559;1,92
72078;2587;2,63
72079;2559;1,92
72080;2589;2,68
72081;2585;2,58
72082;2559;1,92
72083;2639;3,94
72084;2559;1,92
72085;2559;1,92
72086;2586;2,60
72087;2558;1,89
72088;2597;2,88
72089;2555;1,82
72090;2590;2,70
72091;2559;1,92
72092;2559;1,92
72093;2589;2,68
72094;2559;1,92
72095;2637;3,89
72096;2559;1,92
72097;2559;1,92
72098;2559;1,92
72099;2559;1,92
72100;2559;1,92
72101;2559;1,92
72102;2559;1,92
72103;2559;1,92
72104;2602;3,01
72105;2559;1,92
72106;2559;1,92
72107;2605;3,08
72108;2555;1,82
72109;2603;3,03
72110;2599;2,93
72111;2558;1,89
72112;2606;3,11
72113;2559;1,92
72114;2582;2,50
72115;2559;1,92
72116;2637;3,89
72117;2643;4,04
72118;2593;2,78
72119;2581;2,47
72120;2610;3,21
72121;2589;2,68
72122;2608;3,16
72123;2559;1,92
72124;2609;3,18
72125;2591;2,73
72126;2559;1,92
72127;2615;3,34
72128;2589;2,68
72129;2593;2,78
72130;2589;2,68
72131;2605;3,08
72132;2587;2,63
72133;2601;2,98
72134;2615;3,34
72135;2594;2,80
72136;2653;4,30
72137;2605;3,08
72138;2631;3,74
72139;2630;3,71
72140;2603;3,03
72141;2608;3,16
72142;2590;2,70
72143;2605;3,08
72144;2586;2,60
72145;2589;2,68
72146;2627;3,64
72147;2587;2,63
72148;2608;3,16
72149;2610;3,21
72150;2595;2,83
72151;2607;3,13
72152;2624;3,56
72153;2602;3,01
72154;2619;3,44
72155;2607;3,13
72156;2559;1,92
72157;2624;3,56
72158;2606;3,11
72159;2587;2,63
72160;2559;1,92
72161;2598;2,90
72162;2559;1,92
72163;2559;1,92
72164;2559;1,92
72165;2582;2,50
72166;2590;2,70
72167;2559;1,92
72168;2605;3,08
72169;2559;1,92
72170;2595;2,83
72171;2589;2,68
72172;2559;1,92
72173;2559;1,92
72174;2559;1,92
72175;2555;1,82
72176;2585;2,58
72177;2559;1,92
72178;2557;1,87
72179;2559;1,92
72180;2559;1,92
72181;2583;2,53
72182;2559;1,92
72183;2559;1,92
72184;2559;1,92
72185;2583;2,53
72186;2597;2,88
72187;2557;1,87
72188;2559;1,92
72189;2619;3,44
72190;2603;3,03
72191;2559;1,92
72192;2559;1,92
72193;2583;2,53
72194;2559;1,92
72195;2559;1,92
72196;2559;1,92
72197;2631;3,74
72198;2559;1,92
72199;2559;1,92
72200;2559;1,92
72201;2585;2,58
72202;2559;1,92
72203;2599;2,93
72204;2624;3,56
72205;2622;3,51
72206;2607;3,13
72207;2611;3,23
72208;2587;2,63
72209;2613;3,28
72210;2590;2,70
72211;2586;2,60
72212;2588;2,65
72213;2590;2,70
72214;2591;2,73
72215;2626;3,61
72216;2608;3,16
72217;2591;2,73
72218;2608;3,16
72219;2608;3,16
72220;2602;3,01
72221;2591;2,73
72222;2610;3,21
72223;2591;2,73
72224;2623;3,54
72225;2586;2,60
72226;2606;3,11
72227;2591;2,73
72228;2585;2,58
72229;2582;2,50
72230;2606;3,11
72231;2593;2,78
72232;2593;2,78
72233;2585;2,58
72234;2592;2,75
72235;2583;2,53
72236;2586;2,60
72237;2559;1,92
72238;2583;2,53
72239;2587;2,63
72240;2586;2,60
72241;2585;2,58
72242;2618;3,41
72243;2559;1,92
72244;2597;2,88
72245;2592;2,75
72246;2583;2,53
72247;2607;3,13
72248;2583;2,53
72249;2639;3,94
72250;2559;1,92
72251;2581;2,47
72252;2617;3,39
72253;2559;1,92
72254;2606;3,11
72255;2559;1,92
72256;2559;1,92
72257;2559;1,92
72258;2610;3,21
72259;2559;1,92
72260;2559;1,92
72261;2559;1,92
72262;2602;3,01
72263;2599;2,93
72264;2609;3,18
72265;2581;2,47
72266;2559;1,92
72267;2597;2,88
72268;2559;1,92
72269;2559;1,92
72270;2559;1,92
72271;2557;1,87
72272;2559;1,92
72273;2612;3,26
72274;2559;1,92
72275;2558;1,89
72276;2597;2,88
72277;2586;2,60
72278;2559;1,92
72279;2559;1,92
72280;2559;1,92
72281;2559;1,92
72282;2559;1,92
72283;2559;1,92
72284;2638;3,92
72285;2608;3,16
72286;2559;1,92
72287;2559;1,92
72288;2640;3,97
72289;2581;2,47
72290;2559;1,92
72291;2613;3,28
72292;2601;2,98
72293;2582;2,50
72294;2616;3,36
72295;2598;2,90
72296;2559;1,92
72297;2618;3,41
72298;2619;3,44
72299;2587;2,63
72300;2590;2,70
72301;2611;3,23
72302;2590;2,70
72303;2583;2,53
72304;2594;2,80
72305;2581;2,47
72306;2589;2,68
72307;2598;2,90
72308;2591;2,73
72309;2622;3,51
72310;2609;3,18
72311;2594;2,80
72312;2620;3,46
72313;2605;3,08
72314;2580;2,45
72315;2608;3,16
72316;2559;1,92
72317;2589;2,68
72318;2608;3,16
72319;2603;3,03
72320;2559;1,92
72321;2559;1,92
72322;2557;1,87
72323;2559;1,92
72324;2559;1,92
72325;2559;1,92
72326;2601;2,98
72327;2597;2,88
72328;2559;1,92
72329;2559;1,92
72330;2598;2,90
72331;2620;3,46
72332;2554;1,79
72333;2556;1,84
72334;2604;3,06
72335;2554;1,79
72336;2559;1,92
72337;2559;1,92
72338;2559;1,92
72339;2559;1,92
72340;2595;2,83
72341;2557;1,87
72342;2559;1,92
72343;2555;1,82
72344;2613;3,28
72345;2549;1,66
72346;2546;1,59
72347;2545;1,56
72348;2590;2,70
72349;2544;1,54
72350;2547;1,61
72351;2581;2,47
72352;2537;1,36
72353;2545;1,56
72354;2559;1,92
72355;2608;3,16
72356;2553;1,77
72357;2557;1,87
72358;2596;2,85
72359;2583;2,53
72360;2583;2,53
72361;2559;1,92
72362;2559;1,92
72363;2591;2,73
72364;2583;2,53
72365;2559;1,92
72366;2559;1,92
72367;2559;1,92
72368;2611;3,23
72369;2589;2,68
72370;2559;1,92
72371;2607;3,13
72372;2591;2,73
72373;2592;2,75
72374;2589;2,68
72375;2590;2,70
72376;2605;3,08
72377;2606;3,11
72378;2610;3,21
72379;2559;1,92
72380;2619;3,44
72381;2608;3,16
72382;2592;2,75
72383;2608;3,16
72384;2639;3,94
72385;2614;3,31
72386;2595;2,83
72387;2599;2,93
72388;2590;2,70
72389;2585;2,58
72390;2583;2,53
72391;2611;3,23
72392;2598;2,90
72393;2591;2,73
72394;2613;3,28
72395;2640;3,97
72396;2594;2,80
72397;2630;3,71
72398;2590;2,70
72399;2595;2,83
72400;2608;3,16
72401;2587;2,63
72402;2609;3,18
72403;2618;3,41
72404;2615;3,34
72405;2608;3,16
72406;2599;2,93
72407;2612;3,26
72408;2606;3,11
72409;2559;1,92
72410;2586;2,60
72411;2559;1,92
72412;2582;2,50
72413;2559;1,92
72414;2591;2,73
72415;2559;1,92
72416;2553;1,77
72417;2559;1,92
72418;2608;3,16
72419;2587;2,63
72420;2556;1,84
72421;2555;1,82
72422;2559;1,92
72423;2555;1,82
72424;2581;2,47
72425;2559;1,92
72426;2555;1,82
72427;2557;1,87
72428;2544;1,54
72429;2554;1,79
72430;2599;2,93
72431;2559;1,92
72432;2554;1,79
72433;2557;1,87
72434;2559;1,92
72435;2559;1,92
72436;2559;1,92
72437;2551;1,72
72438;2559;1,92
72439;2555;1,82
72440;2612;3,26
72441;2550;1,69
72442;2557;1,87
72443;2559;1,92
72444;2559;1,92
72445;2559;1,92
72446;2591;2,73
72447;2559;1,92
72448;2603;3,03
72449;2558;1,89
72450;2598;2,90
72451;2549;1,66
72452;2559;1,92
72453;2554;1,79
72454;2559;1,92
72455;2583;2,53
72456;2559;1,92
72457;2559;1,92
72458;2607;3,13
72459;2550;1,69
72460;2554;1,79
72461;2587;2,63
72462;2595;2,83
72463;2598;2,90
72464;2554;1,79
72465;2553;1,77
72466;2559;1,92
72467;2559;1,92
72468;2559;1,92
72469;2559;1,92
72470;2583;2,53
72471;2555;1,82
72472;2550;1,69
72473;2559;1,92
72474;2551;1,72
72475;2624;3,56
72476;2559;1,92
72477;2557;1,87
72478;2549;1,66
72479;2559;1,92
72480;2559;1,92
72481;2559;1,92
72482;2549;1,66
72483;2547;1,61
72484;2559;1,92
72485;2555;1,82
72486;2547;1,61
72487;2559;1,92
72488;2559;1,92
72489;2558;1,89
72490;2559;1,92
72491;2544;1,54
72492;2559;1,92
72493;2549;1,66
72494;2605;3,08
72495;2559;1,92
72496;2589;2,68
72497;2547;1,61
72498;2545;1,56
72499;2551;1,72
72500;2559;1,92
72501;2559;1,92
72502;2549;1,66
72503;2549;1,66
72504;2550;1,69
72505;2550;1,69
72506;2586;2,60
72507;2548;1,64
72508;2559;1,92
72509;2559;1,92
72510;2545;1,56
72511;2545;1,56
72512;2594;2,80
72513;2543;1,51
72514;2559;1,92
72515;2549;1,66
72516;2553;1,77
72517;2559;1,92
72518;2558;1,89
72519;2559;1,92
72520;2587;2,63
72521;2554;1,79
72522;2557;1,87
72523;2559;1,92
72524;2551;1,72
72525;2559;1,92
72526;2549;1,66
72527;2559;1,92
72528;2594;2,80
72529;2558;1,89
72530;2557;1,87
72531;2554;1,79
72532;2559;1,92
72533;2557;1,87
72534;2559;1,92
72535;2592;2,75
72536;2604;3,06
72537;2559;1,92
72538;2589;2,68
72539;2559;1,92
72540;2559;1,92
72541;2557;1,87
72542;2608;3,16
72543;2587;2,63
72544;2595;2,83
72545;2554;1,79
72546;2608;3,16
72547;2559;1,92
72548;2599;2,93
72549;2557;1,87
72550;2590;2,70
72551;2592;2,75
72552;2554;1,79
72553;2559;1,92
72554;2592;2,75
72555;2555;1,82
72556;2594;2,80
72557;2555;1,82
72558;2587;2,63
72559;2553;1,77
72560;2553;1,77
72561;2559;1,92
72562;2559;1,92
72563;2549;1,66
72564;2559;1,92
72565;2582;2,50
72566;2558;1,89
72567;2557;1,87
72568;2551;1,72
72569;2612;3,26
72570;2558;1,89
72571;2559;1,92
72572;2559;1,92
72573;2559;1,92
72574;2553;1,77
72575;2547;1,61
72576;2559;1,92
72577;2559;1,92
72578;2548;1,64
72579;2590;2,70
72580;2553;1,77
72581;2546;1,59
72582;2585;2,58
72583;2551;1,72
72584;2551;1,72
72585;2559;1,92
72586;2593;2,78
72587;2550;1,69
72588;2546;1,59
72589;2550;1,69
72590;2553;1,77
72591;2554;1,79
72592;2559;1,92
72593;2547;1,61
72594;2559;1,92
72595;2558;1,89
72596;2603;3,03
72597;2557;1,87
72598;2559;1,92
72599;2554;1,79
72600;2587;2,63
72601;2559;1,92
72602;2546;1,59
72603;2559;1,92
72604;2599;2,93
72605;2559;1,92
72606;2591;2,73
72607;2559;1,92
72608;2559;1,92
72609;2559;1,92
72610;2558;1,89
72611;2553;1,77
72612;2559;1,92
72613;2554;1,79
72614;2583;2,53
72615;2555;1,82
72616;2594;2,80
72617;2559;1,92
72618;2553;1,77
72619;2592;2,75
72620;2551;1,72
72621;2559;1,92
72622;2547;1,61
72623;2555;1,82
72624;2555;1,82
72625;2553;1,77
72626;2584;2,55
72627;2559;1,92
72628;2545;1,56
72629;2545;1,56
72630;2550;1,69
72631;2548;1,64
72632;2550;1,69
72633;2559;1,92
72634;2559;1,92
72635;2554;1,79
72636;2549;1,66
72637;2554;1,79
72638;2594;2,80
72639;2592;2,75
72640;2550;1,69
72641;2590;2,70
72642;2545;1,56
72643;2546;1,59
72644;2544;1,54
72645;2544;1,54
72646;2553;1,77
72647;2557;1,87
72648;2559;1,92
72649;2559;1,92
72650;2557;1,87
72651;2553;1,77
72652;2546;1,59
72653;2548;1,64
72654;2586;2,60
72655;2559;1,92
72656;2591;2,73
72657;2544;1,54
72658;2549;1,66
72659;2559;1,92
72660;2592;2,75
72661;2557;1,87
72662;2544;1,54
72663;2543;1,51
72664;2550;1,69
72665;2559;1,92
72666;2542;1,49
72667;2544;1,54
72668;2593;2,78
72669;2548;1,64
72670;2545;1,56
72671;2550;1,69
72672;2546;1,59
72673;2559;1,92
72674;2555;1,82
72675;2540;1,44
72676;2547;1,61
72677;2559;1,92
72678;2547;1,61
72679;2559;1,92
72680;2543;1,51
72681;2559;1,92
72682;2590;2,70
72683;2547;1,61
72684;2545;1,56
72685;2559;1,92
72686;2586;2,60
72687;2548;1,64
72688;2559;1,92
72689;2544;1,54
72690;2539;1,41
72691;2539;1,41
72692;2559;1,92
72693;2533;1,26
72694;2545;1,56
72695;2559;1,92
72696;2559;1,92
72697;2544;1,54
72698;2559;1,92
72699;2543;1,51
72700;2547;1,61
72701;2544;1,54
72702;2544;1,54
72703;2544;1,54
72704;2553;1,77
72705;2544;1,54
72706;2547;1,61
72707;2556;1,84
72708;2547;1,61
72709;2541;1,46
72710;2581;2,47
72711;2535;1,31
72712;2547;1,61
72713;2526;1,08
72714;2538;1,39
72715;2531;1,21
72716;2537;1,36
72717;2559;1,92
72718;2538;1,39
72719;2545;1,56
72720;2535;1,31
72721;2537;1,36
72722;2555;1,82
72723;2540;1,44
72724;2544;1,54
72725;2542;1,49
72726;2559;1,92
72727;2531;1,21
72728;2523;1,01
72729;2555;1,82
72730;2559;1,92
72731;2523;1,01
72732;2525;1,06
72733;2559;1,92
72734;2528;1,13
72735;2524;1,03
72736;2538;1,39
72737;2517;0,86
72738;2559;1,92
72739;2522;0,98
72740;2524;1,03
72741;2523;1,01
72742;2548;1,64
72743;2527;1,11
72744;2518;0,88
72745;2519;0,91
72746;2525;1,06
72747;2527;1,11
72748;2537;1,36
72749;2517;0,86
72750;2531;1,21
72751;2559;1,92
72752;2543;1,51
72753;2544;1,54
72754;2538;1,39
72755;2525;1,06
72756;2518;0,88
72757;2549;1,66
72758;2559;1,92
72759;2597;2,88
72760;2526;1,08
72761;2528;1,13
72762;2535;1,31
72763;2559;1,92
72764;2524;1,03
72765;2515;0,80
72766;2559;1,92
72767;2516;0,83
72768;2530;1,18
72769;2557;1,87
72770;2526;1,08
72771;2518;0,88
72772;2555;1,82
72773;2544;1,54
72774;2518;0,88
72775;2514;0,78
72776;2544;1,54
72777;2522;0,98
72778;2512;0,73
72779;2525;1,06
72780;2531;1,21
72781;2529;1,16
72782;2558;1,89
72783;2543;1,51
72784;2559;1,92
72785;2528;1,13
72786;2527;1,11
72787;2539;1,41
72788;2526;1,08
72789;2527;1,11
72790;2515;0,80
72791;2527;1,11
72792;2515;0,80
72793;2513;0,75
72794;2554;1,79
72795;2516;0,83
72796;2551;1,72
72797;2532;1,23
72798;2519;0,91
72799;2529;1,16
72800;2515;0,80
72801;2531;1,21
72802;2512;0,73
72803;2524;1,03
72804;2550;1,69
72805;2515;0,80
72806;2511;0,70
72807;2515;0,80
72808;2512;0,73
72809;2527;1,11
72810;2516;0,83
72811;2517;0,86
72812;2545;1,56
72813;2513;0,75
72814;2544;1,54
72815;2514;0,78
72816;2513;0,75
72817;2522;0,98
72818;2526;1,08
72819;2507;0,60
72820;2512;0,73
72821;2511;0,70
72822;2543;1,51
72823;2517;0,86
72824;2554;1,79
72825;2518;0,88
72826;2512;0,73
72827;2512;0,73
72828;2544;1,54
72829;2519;0,91
72830;2556;1,84
72831;2527;1,11
72832;2549;1,66
72833;2512;0,73
72834;2507;0,60
72835;2515;0,80
72836;2534;1,29
72837;2530;1,18
72838;2535;1,31
72839;2503;0,50
72840;2512;0,73
72841;2512;0,73
72842;2558;1,89
72843;2510;0,68
72844;2510;0,68
72845;2543;1,51
72846;2512;0,73
72847;2509;0,65
72848;2543;1,51
72849;2548;1,64
72850;2508;0,63
72851;2531;1,21
72852;2530;1,18
72853;2516;0,83
72854;2534;1,29
72855;2506;0,58
72856;2533;1,26
72857;2515;0,80
72858;2549;1,66
72859;2512;0,73
72860;2523;1,01
72861;2534;1,29
72862;2523;1,01
72863;2523;1,01
72864;2547;1,61
72865;2506;0,58
72866;2512;0,73
72867;2503;0,50
72868;2512;0,73
72869;2509;0,65
72870;2517;0,86
72871;2500;0,43
72872;2499;0,40
72873;2506;0,58
72874;2496;0,32
72875;2506;0,58
72876;2511;0,70
72877;2503;0,50
72878;2503;0,50
72879;2538;1,39
72880;2512;0,73
72881;2499;0,40
72882;2530;1,18
72883;2533;1,26
72884;2502;0,48
72885;2511;0,70
72886;2512;0,73
72887;2512;0,73
72888;2512;0,73
72889;2498;0,37
72890;2513;0,75
72891;2513;0,75
72892;2549;1,66
72893;2537;1,36
72894;2500;0,43
72895;2530;1,18
72896;2512;0,73
72897;2501;0,45
72898;2501;0,45
72899;2496;0,32
72900;2495;0,30
72901;2496;0,32
72902;2544;1,54
72903;2512;0,73
72904;2507;0,60
72905;2501;0,45
72906;2541;1,46
72907;2499;0,40
72908;2500;0,43
72909;2523;1,01
72910;2530;1,18
72911;2511;0,70
72912;2551;1,72
72913;2497;0,35
72914;2514;0,78
72915;2499;0,40
72916;2509;0,65
72917;2496;0,32
72918;2498;0,37
72919;2538;1,39
72920;2489;0,15
72921;2497;0,35
72922;2519;0,91
72923;2496;0,32
72924;2525;1,06
72925;2485;0,05
72926;2491;0,20
72927;2508;0,63
72928;2493;0,25
72929;2499;0,40
72930;2486;0,07
72931;2497;0,35
72932;2538;1,39
72933;2491;0,20
72934;2491;0,20
72935;2480;0,00
72936;2483;0,00
72937;2498;0,37
72938;2497;0,35
72939;2480;0,00
72940;2496;0,32
72941;2501;0,45
72942;2521;0,96
72943;2490;0,17
72944;2491;0,20
72945;2487;0,10
72946;2512;0,73
72947;2491;0,20
72948;2495;0,30
72949;2526;1,08
72950;2527;1,11
72951;2485;0,05
72952;2505;0,55
72953;2494;0,27
72954;2492;0,22
72955;2512;0,73
72956;2480;0,00
72957;2481;0,00
72958;2495;0,30
72959;2490;0,17
72960;2491;0,20
72961;2490;0,17
72962;2489;0,15
72963;2488;0,12
72964;2522;0,98
72965;2491;0,20
72966;2485;0,05
72967;2493;0,25
72968;2486;0,07
72969;2514;0,78
72970;2494;0,27
72971;2485;0,05
72972;2512;0,73
72973;2483;0,00
72974;2495;0,30
72975;2498;0,37
72976;2502;0,48
72977;2483;0,00
72978;2494;0,27
72979;2529;1,16
72980;2525;1,06
72981;2503;0,50
72982;2494;0,27
72983;2501;0,45
72984;2515;0,80
72985;2480;0,00
72986;2474;0,00
72987;2480;0,00
72988;2495;0,30
72989;2482;0,00
72990;2503;0,50
72991;2489;0,15
72992;2482;0,00
72993;2491;0,20
72994;2518;0,88
72995;2480;0,00
72996;2484;0,02
72997;2485;0,05
72998;2482;0,00
72999;2479;0,00
73000;2482;0,00
73001;2494;0,27
73002;2512;0,73
73003;2478;0,00
73004;2480;0,00
73005;2490;0,17
73006;2481;0,00
73007;2493;0,25
73008;2521;0,96
73009;2496;0,32
73010;2530;1,18
73011;2490;0,17
73012;2481;0,00
73013;2486;0,07
73014;2527;1,11
73015;2492;0,22
73016;2486;0,07
73017;2518;0,88
73018;2483;0,00
73019;2480;0,00
73020;2508;0,63
73021;2480;0,00
73022;2499;0,40
73023;2515;0,80
73024;2486;0,07
73025;2496;0,32
73026;2495;0,30
73027;2484;0,02
73028;2511;0,70
73029;2490;0,17
73030;2528;1,13
73031;2483;0,00
73032;2493;0,25
73033;2496;0,32
73034;2507;0,60
73035;2482;0,00
73036;2512;0,73
73037;2478;0,00
73038;2489;0,15
73039;2480;0,00
73040;2480;0,00
73041;2485;0,05
73042;2525;1,06
73043;2489;0,15
73044;2492;0,22
73045;2480;0,00
73046;2496;0,32
73047;2511;0,70
73048;2525;1,06
73049;2477;0,00
73050;2480;0,00
73051;2483;0,00
73052;2483;0,00
73053;2499;0,40
73054;2482;0,00
73055;2481;0,00
73056;2483;0,00
73057;2512;0,73
73058;2513;0,75
73059;2529;1,16
73060;2528;1,13
73061;2485;0,05
73062;2482;0,00
73063;2486;0,07
73064;2519;0,91
73065;2479;0,00
73066;2509;0,65
73067;2487;0,10
73068;2503;0,50
73069;2513;0,75
73070;2480;0,00
73071;2487;0,10
73072;2481;0,00
73073;2487;0,10
73074;2484;0,02
73075;2502;0,48
73076;2483;0,00
73077;2486;0,07
73078;2528;1,13
73079;2485;0,05
73080;2517;0,86
73081;2487;0,10
73082;2514;0,78
73083;2498;0,37
73084;2481;0,00
73085;2492;0,22
73086;2486;0,07
73087;2483;0,00
73088;2515;0,80
73089;2496;0,32
73090;2517;0,86
73091;2492;0,22
73092;2495;0,30
73093;2525;1,06
73094;2503;0,50
73095;2531;1,21
73096;2491;0,20
73097;2516;0,83
73098;2489;0,15
73099;2482;0,00
73100;2483;0,00
73101;2512;0,73
73102;2486;0,07
73103;2495;0,30
73104;2500;0,43
73105;2506;0,58
73106;2496;0,32
73107;2490;0,17
73108;2496;0,32
73109;2496;0,32
73110;2498;0,37
73111;2487;0,10
73112;2497;0,35
73113;2493;0,25
73114;2496;0,32
73115;2498;0,37
73116;2497;0,35
73117;2489;0,15
73118;2529;1,16
73119;2495;0,30
73120;2489;0,15
73121;2494;0,27
73122;2498;0,37
73123;2508;0,63
73124;2534;1,29
73125;2492;0,22
73126;2487;0,10
73127;2492;0,22
73128;2494;0,27
73129;2491;0,20
73130;2495;0,30
73131;2497;0,35
73132;2491;0,20
73133;2492;0,22
73134;2535;1,31
73135;2491;0,20
73136;2490;0,17
73137;2491;0,20
73138;2485;0,05
73139;2514;0,78
73140;2491;0,20
73141;2487;0,10
73142;2483;0,00
73143;2496;0,32
73144;2527;1,11
73145;2495;0,30
73146;2486;0,07
73147;2483;0,00
73148;2486;0,07
73149;2497;0,35
73150;2491;0,20
73151;2539;1,41
73152;2496;0,32
73153;2492;0,22
73154;2489;0,15
73155;2490;0,17
73156;2481;0,00
73157;2495;0,30
73158;2503;0,50
73159;2489;0,15
73160;2492;0,22
73161;2507;0,60
73162;2496;0,32
73163;2496;0,32
73164;2499;0,40
73165;2493;0,25
73166;2496;0,32
73167;2497;0,35
73168;2537;1,36
73169;2491;0,20
73170;2497;0,35
73171;2499;0,40
73172;2533;1,26
73173;2510;0,68
73174;2510;0,68
73175;2496;0,32
73176;2494;0,27
73177;2491;0,20
73178;2512;0,73
73179;2499;0,40
73180;2523;1,01
73181;2487;0,10
73182;2529;1,16
73183;2493;0,25
73184;2486;0,07
73185;2491;0,20
73186;2499;0,40
73187;2494;0,27
73188;2551;1,72
73189;2507;0,60
73190;2505;0,55
73191;2495;0,30
73192;2512;0,73
73193;2497;0,35
73194;2496;0,32
73195;2494;0,27
73196;2499;0,40
73197;2498;0,37
73198;2538;1,39
73199;2502;0,48
73200;2512;0,73
73201;2554;1,79
73202;2499;0,40
73203;2496;0,32
73204;2534;1,29
73205;2519;0,91
73206;2545;1,56
73207;2530;1,18
73208;2499;0,40
73209;2495;0,30
73210;2523;1,01
73211;2494;0,27
73212;2506;0,58
73213;2496;0,32
73214;2512;0,73
73215;2497;0,35
73216;2489;0,15
73217;2495;0,30
73218;2512;0,73
73219;2487;0,10
73220;2496;0,32
73221;2494;0,27
73222;2490;0,17
73223;2503;0,50
73224;2497;0,35
73225;2492;0,22
73226;2532;1,23
73227;2506;0,58
73228;2512;0,73
73229;2499;0,40
73230;2501;0,45
73231;2496;0,32
73232;2550;1,69
73233;2497;0,35
73234;2533;1,26
73235;2496;0,32
73236;2494;0,27
73237;2498;0,37
73238;2492;0,22
73239;2497;0,35
73240;2501;0,45
73241;2537;1,36
73242;2545;1,56
73243;2495;0,30
73244;2543;1,51
73245;2487;0,10
73246;2531;1,21
73247;2495;0,30
73248;2496;0,32
73249;2487;0,10
73250;2503;0,50
73251;2492;0,22
73252;2489;0,15
73253;2491;0,20
73254;2490;0,17
73255;2495;0,30
73256;2497;0,35
73257;2491;0,20
73258;2500;0,43
73259;2495;0,30
73260;2502;0,48
73261;2494;0,27
73262;2491;0,20
73263;2495;0,30
73264;2501;0,45
73265;2513;0,75
73266;2490;0,17
73267;2533;1,26
73268;2493;0,25
73269;2495;0,30
73270;2549;1,66
73271;2487;0,10
73272;2497;0,35
73273;2494;0,27
73274;2494;0,27
73275;2491;0,20
73276;2489;0,15
73277;2491;0,20
73278;2535;1,31
73279;2494;0,27
73280;2496;0,32
73281;2499;0,40
73282;2493;0,25
73283;2494;0,27
73284;2496;0,32
73285;2486;0,07
73286;2523;1,01
73287;2492;0,22
73288;2525;1,06
73289;2496;0,32
73290;2489;0,15
73291;2490;0,17
73292;2502;0,48
73293;2493;0,25
73294;2506;0,58
73295;2497;0,35
73296;2493;0,25
73297;2509;0,65
73298;2496;0,32
73299;2493;0,25
73300;2496;0,32
73301;2517;0,86
73302;2489;0,15
73303;2509;0,65
73304;2544;1,54
73305;2485;0,05
73306;2544;1,54
73307;2509;0,65
73308;2534;1,29
73309;2495;0,30
73310;2497;0,35
73311;2491;0,20
73312;2523;1,01
73313;2532;1,23
73314;2496;0,32
73315;2490;0,17
73316;2489;0,15
73317;2493;0,25
73318;2527;1,11
73319;2496;0,32
73320;2492;0,22
73321;2496;0,32
73322;2526;1,08
73323;2512;0,73
73324;2497;0,35
73325;2483;0,00
73326;2484;0,02
73327;2494;0,27
73328;2490;0,17
73329;2509;0,65
73330;2503;0,50
73331;2485;0,05
73332;2485;0,05
73333;2493;0,25
73334;2487;0,10
73335;2496;0,32
73336;2490;0,17
73337;2495;0,30
73338;2512;0,73
73339;2540;1,44
73340;2549;1,66
73341;2512;0,73
73342;2493;0,25
73343;2487;0,10
73344;2487;0,10
73345;2500;0,43
73346;2503;0,50
73347;2496;0,32
73348;2543;1,51
73349;2526;1,08
73350;2485;0,05
73351;2489;0,15
73352;2512;0,73
73353;2513;0,75
73354;2495;0,30
73355;2483;0,00
73356;2493;0,25
73357;2500;0,43
73358;2490;0,17
73359;2492;0,22
73360;2482;0,00
73361;2484;0,02
73362;2490;0,17
73363;2492;0,22
73364;2496;0,32
73365;2491;0,20
73366;2485;0,05
73367;2491;0,20
73368;2497;0,35
73369;2493;0,25
73370;2529;1,16
73371;2498;0,37
73372;2501;0,45
73373;2494;0,27
73374;2489;0,15
73375;2487;0,10
73376;2482;0,00
73377;2546;1,59
73378;2494;0,27
73379;2485;0,05
73380;2495;0,30
73381;2519;0,91
73382;2529;1,16
73383;2495;0,30
73384;2501;0,45
73385;2485;0,05
73386;2482;0,00
73387;2512;0,73
73388;2485;0,05
73389;2503;0,50
73390;2495;0,30
73391;2490;0,17
73392;2533;1,26
73393;2480;0,00
73394;2493;0,25
73395;2479;0,00
73396;2547;1,61
73397;2503;0,50
73398;2534;1,29
73399;2496;0,32
73400;2486;0,07
73401;2503;0,50
73402;2510;0,68
73403;2480;0,00
73404;2485;0,05
73405;2507;0,60
73406;2530;1,18
73407;2488;0,12
73408;2483;0,00
73409;2537;1,36
73410;2495;0,30
73411;2506;0,58
73412;2512;0,73
73413;2487;0,10
73414;2511;0,70
73415;2498;0,37
73416;2519;0,91
73417;2541;1,46
73418;2487;0,10
73419;2496;0,32
73420;2485;0,05
73421;2481;0,00
73422;2480;0,00
73423;2517;0,86
73424;2521;0,96
73425;2495;0,30
73426;2512;0,73
73427;2493;0,25
73428;2506;0,58
73429;2494;0,27
73430;2498;0,37
73431;2495;0,30
73432;2493;0,25
73433;2509;0,65
73434;2517;0,86
73435;2505;0,55
73436;2493;0,25
73437;2515;0,80
73438;2545;1,56
73439;2497;0,35
73440;2544;1,54
73441;2495;0,30
73442;2521;0,96
73443;2522;0,98
73444;2553;1,77
73445;2535;1,31
73446;2554;1,79
73447;2519;0,91
73448;2527;1,11
73449;2505;0,55
73450;2501;0,45
73451;2517;0,86
73452;2559;1,92
73453;2542;1,49
73454;2499;0,40
73455;2503;0,50
73456;2510;0,68
73457;2499;0,40
73458;2529;1,16
73459;2496;0,32
73460;2491;0,20
73461;2493;0,25
73462;2501;0,45
73463;2543;1,51
73464;2493;0,25
73465;2502;0,48
73466;2498;0,37
73467;2554;1,79
73468;2495;0,30
73469;2493;0,25
73470;2533;1,26
73471;2504;0,53
73472;2492;0,22
73473;2502;0,48
73474;2498;0,37
73475;2512;0,73
73476;2531;1,21
73477;2497;0,35
73478;2496;0,32
73479;2496;0,32
73480;2502;0,48
73481;2486;0,07
73482;2544;1,54
73483;2483;0,00
73484;2496;0,32
73485;2501;0,45
73486;2501;0,45
73487;2479;0,00
73488;2495;0,30
73489;2480;0,00
73490;2544;1,54
73491;2485;0,05
73492;2543;1,51
73493;2529;1,16
73494;2523;1,01
73495;2496;0,32
73496;2480;0,00
73497;2480;0,00
73498;2480;0,00
73499;2496;0,32
73500;2496;0,32
73501;2482;0,00
73502;2510;0,68
73503;2529;1,16
73504;2485;0,05
73505;2512;0,73
73506;2480;0,00
73507;2483;0,00
73508;2491;0,20
73509;2522;0,98
73510;2534;1,29
73511;2486;0,07
73512;2480;0,00
73513;2480;0,00
73514;2480;0,00
73515;2473;0,00
73516;2480;0,00
73517;2495;0,30
73518;2470;0,00
73519;2471;0,00
73520;2478;0,00
73521;2486;0,07
73522;2513;0,75
73523;2487;0,10
73524;2478;0,00
73525;2497;0,35
73526;2479;0,00
73527;2509;0,65
73528;2490;0,17
73529;2512;0,73
73530;2495;0,30
73531;2495;0,30
73532;2512;0,73
73533;2490;0,17
73534;2529;1,16
73535;2517;0,86
73536;2485;0,05
73537;2497;0,35
73538;2547;1,61
73539;2498;0,37
73540;2535;1,31
73541;2487;0,10
73542;2482;0,00
73543;2512;0,73
73544;2483;0,00
73545;2557;1,87
73546;2495;0,30
73547;2493;0,25
73548;2531;1,21
73549;2499;0,40
73550;2509;0,65
73551;2491;0,20
73552;2559;1,92
73553;2507;0,60
73554;2496;0,32
73555;2493;0,25
73556;2491;0,20
73557;2512;0,73
73558;2499;0,40
73559;2524;1,03
73560;2539;1,41
73561;2491;0,20
73562;2505;0,55
73563;2526;1,08
73564;2494;0,27
73565;2494;0,27
73566;2502;0,48
73567;2487;0,10
73568;2492;0,22
73569;2522;0,98
73570;2533;1,26
73571;2497;0,35
73572;2480;0,00
73573;2500;0,43
73574;2480;0,00
73575;2491;0,20
73576;2487;0,10
73577;2489;0,15
73578;2496;0,32
73579;2489;0,15
73580;2503;0,50
73581;2508;0,63
73582;2491;0,20
73583;2480;0,00
73584;2479;0,00
73585;2489;0,15
73586;2487;0,10
73587;2481;0,00
73588;2503;0,50
73589;2521;0,96
73590;2511;0,70
73591;2513;0,75
73592;2493;0,25
73593;2512;0,73
73594;2529;1,16
73595;2512;0,73
73596;2483;0,00
73597;2500;0,43
73598;2483;0,00
73599;2491;0,20
73600;2491;0,20
73601;2491;0,20
73602;2480;0,00
73603;2491;0,20
73604;2509;0,65
73605;2528;1,13
73606;2485;0,05
73607;2519;0,91
73608;2532;1,23
73609;2491;0,20
73610;2521;0,96
73611;2493;0,25
73612;2540;1,44
73613;2483;0,00
73614;2483;0,00
73615;2493;0,25
73616;2481;0,00
73617;2510;0,68
73618;2496;0,32
73619;2501;0,45
73620;2507;0,60
73621;2497;0,35
73622;2486;0,07
73623;2542;1,49
73624;2515;0,80
73625;2496;0,32
73626;2489;0,15
73627;2499;0,40
73628;2483;0,00
73629;2529;1,16
73630;2491;0,20
73631;2539;1,41
73632;2502;0,48
73633;2500;0,43
73634;2501;0,45
73635;2497;0,35
73636;2501;0,45
73637;2498;0,37
73638;2501;0,45
73639;2505;0,55
73640;2509;0,65
73641;2509;0,65
73642;2535;1,31
73643;2509;0,65
73644;2503;0,50
73645;2508;0,63
73646;2527;1,11
73647;2508;0,63
73648;2497;0,35
73649;2506;0,58
73650;2558;1,89
73651;2519;0,91
73652;2507;0,60
73653;2496;0,32
73654;2557;1,87
73655;2503;0,50
73656;2559;1,92
73657;2512;0,73
73658;2559;1,92
73659;2531;1,21
73660;2527;1,11
73661;2503;0,50
73662;2496;0,32
73663;2531;1,21
73664;2496;0,32
73665;2496;0,32
73666;2499;0,40
73667;2501;0,45
73668;2501;0,45
73669;2526;1,08
73670;2551;1,72
73671;2489;0,15
73672;2498;0,37
73673;2497;0,35
73674;2513;0,75
73675;2503;0,50
73676;2482;0,00
73677;2486;0,07
73678;2490;0,17
73679;2485;0,05
73680;2530;1,18
73681;2495;0,30
73682;2506;0,58
73683;2496;0,32
73684;2503;0,50
73685;2503;0,50
73686;2544;1,54
73687;2495;0,30
73688;2538;1,39
73689;2526;1,08
73690;2499;0,40
73691;2499;0,40
73692;2487;0,10
73693;2492;0,22
73694;2496;0,32
73695;2511;0,70
73696;2494;0,27
73697;2513;0,75
73698;2559;1,92
73699;2501;0,45
73700;2490;0,17
73701;2527;1,11
73702;2486;0,07
73703;2491;0,20
73704;2497;0,35
73705;2507;0,60
73706;2501;0,45
73707;2503;0,50
73708;2544;1,54
73709;2487;0,10
73710;2559;1,92
73711;2500;0,43
73712;2496;0,32
73713;2491;0,20
73714;2490;0,17
73715;2541;1,46
73716;2533;1,26
73717;2491;0,20
73718;2489;0,15
73719;2546;1,59
73720;2489;0,15
73721;2495;0,30
73722;2557;1,87
73723;2490;0,17
73724;2492;0,22
73725;2495;0,30
73726;2507;0,60
73727;2496;0,32
73728;2547;1,61
73729;2495;0,30
73730;2490;0,17
73731;2538;1,39
73732;2491;0,20
73733;2494;0,27
73734;2480;0,00
73735;2486;0,07
73736;2518;0,88
73737;2482;0,00
73738;2528;1,13
73739;2497;0,35
73740;2485;0,05
73741;2546;1,59
73742;2491;0,20
73743;2525;1,06
73744;2557;1,87
73745;2541;1,46
73746;2484;0,02
73747;2549;1,66
73748;2496;0,32
73749;2511;0,70
73750;2514;0,78
73751;2493;0,25
73752;2501;0,45
73753;2512;0,73
73754;2544;1,54
73755;2493;0,25
73756;2513;0,75
73757;2512;0,73
73758;2491;0,20
73759;2493;0,25
73760;2499;0,40
73761;2519;0,91
73762;2494;0,27
73763;2512;0,73
73764;2496;0,32
73765;2528;1,13
73766;2544;1,54
73767;2528;1,13
73768;2538;1,39
73769;2559;1,92
73770;2559;1,92
73771;2497;0,35
73772;2492;0,22
73773;2517;0,86
73774;2487;0,10
73775;2501;0,45
73776;2493;0,25
73777;2491;0,20
73778;2559;1,92
73779;2539;1,41
73780;2512;0,73
73781;2480;0,00
73782;2483;0,00
73783;2482;0,00
73784;2493;0,25
73785;2496;0,32
73786;2534;1,29
73787;2488;0,12
73788;2493;0,25
73789;2545;1,56
73790;2512;0,73
73791;2490;0,17
73792;2509;0,65
73793;2480;0,00
73794;2480;0,00
73795;2502;0,48
73796;2543;1,51
73797;2489;0,15
73798;2514;0,78
73799;2481;0,00
73800;2538;1,39
73801;2491;0,20
73802;2538;1,39
73803;2478;0,00
73804;2482;0,00
73805;2495;0,30
73806;2482;0,00
73807;2534;1,29
73808;2483;0,00
73809;2514;0,78
73810;2487;0,10
73811;2482;0,00
73812;2517;0,86
73813;2506;0,58
73814;2496;0,32
73815;2491;0,20
73816;2486;0,07
73817;2488;0,12
73818;2491;0,20
73819;2531;1,21
73820;2487;0,10
73821;2491;0,20
73822;2492;0,22
73823;2486;0,07
73824;2491;0,20
73825;2496;0,32
73826;2482;0,00
73827;2490;0,17
73828;2490;0,17
73829;2481;0,00
73830;2555;1,82
73831;2479;0,00
73832;2507;0,60
73833;2505;0,55
73834;2500;0,43
73835;2491;0,20
73836;2483;0,00
73837;2497;0,35
73838;2502;0,48
73839;2485;0,05
73840;2513;0,75
73841;2493;0,25
73842;2559;1,92
73843;2482;0,00
73844;2491;0,20
73845;2540;1,44
73846;2490;0,17
73847;2537;1,36
73848;2494;0,27
73849;2489;0,15
73850;2490;0,17
73851;2502;0,48
73852;2503;0,50
73853;2494;0,27
73854;2480;0,00
73855;2475;0,00
73856;2480;0,00
73857;2491;0,20
73858;2529;1,16
73859;2468;0,00
73860;2476;0,00
73861;2482;0,00
73862;2477;0,00
73863;2502;0,48
73864;2475;0,00
73865;2491;0,20
73866;2523;1,01
73867;2485;0,05
73868;2551;1,72
73869;2505;0,55
73870;2491;0,20
73871;2528;1,13
73872;2495;0,30
73873;2506;0,58
73874;2498;0,37
73875;2509;0,65
73876;2544;1,54
73877;2490;0,17
73878;2482;0,00
73879;2515;0,80
73880;2486;0,07
73881;2495;0,30
73882;2489;0,15
73883;2524;1,03
73884;2512;0,73
73885;2544;1,54
73886;2482;0,00
73887;2480;0,00
73888;2544;1,54
73889;2482;0,00
73890;2531;1,21
73891;2481;0,00
73892;2480;0,00
73893;2463;0,00
73894;2477;0,00
73895;2509;0,65
73896;2486;0,07
73897;2512;0,73
73898;2481;0,00
73899;2521;0,96
73900;2485;0,05
73901;2485;0,05
73902;2526;1,08
73903;2536;1,34
73904;2485;0,05
73905;2496;0,32
73906;2543;1,51
73907;2498;0,37
73908;2503;0,50
73909;2532;1,23
73910;2505;0,55
73911;2487;0,10
73912;2491;0,20
73913;2535;1,31
73914;2494;0,27
73915;2519;0,91
73916;2491;0,20
73917;2512;0,73
73918;2491;0,20
73919;2495;0,30
73920;2551;1,72
73921;2493;0,25
73922;2501;0,45
73923;2491;0,20
73924;2555;1,82
73925;2496;0,32
73926;2508;0,63
73927;2525;1,06
73928;2494;0,27
73929;2498;0,37
73930;2503;0,50
73931;2512;0,73
73932;2545;1,56
73933;2507;0,60
73934;2512;0,73
73935;2554;1,79
73936;2519;0,91
73937;2506;0,58
73938;2517;0,86
73939;2556;1,84
73940;2514;0,78
73941;2519;0,91
73942;2499;0,40
73943;2545;1,56
73944;2509;0,65
73945;2508;0,63
73946;2527;1,11
73947;2512;0,73
73948;2506;0,58
73949;2529;1,16
73950;2531;1,21
73951;2542;1,49
73952;2526;1,08
73953;2510;0,68
73954;2559;1,92
73955;2511;0,70
73956;2512;0,73
73957;2508;0,63
73958;2497;0,35
73959;2512;0,73
73960;2514;0,78
73961;2542;1,49
73962;2530;1,18
73963;2502;0,48
73964;2510;0,68
73965;2541;1,46
73966;2510;0,68
73967;2499;0,40
73968;2503;0,50
73969;2511;0,70
73970;2515;0,80
73971;2509;0,65
73972;2543;1,51
73973;2497;0,35
73974;2525;1,06
73975;2494;0,27
73976;2511;0,70
73977;2521;0,96
73978;2544;1,54
73979;2510;0,68
73980;2512;0,73
73981;2539;1,41
73982;2511;0,70
73983;2498;0,37
73984;2541;1,46
73985;2510;0,68
73986;2509;0,65
73987;2494;0,27
73988;2494;0,27
73989;2521;0,96
73990;2532;1,23
73991;2500;0,43
73992;2512;0,73
73993;2543;1,51
73994;2496;0,32
73995;2528;1,13
73996;2486;0,07
73997;2490;0,17
73998;2493;0,25
73999;2527;1,11
74000;2501;0,45
74001;2525;1,06
74002;2493;0,25
74003;2529;1,16
74004;2483;0,00
74005;2522;0,98
74006;2487;0,10
74007;2496;0,32
74008;2544;1,54
74009;2499;0,40
74010;2493;0,25
74011;2481;0,00
74012;2490;0,17
74013;2480;0,00
74014;2496;0,32
74015;2485;0,05
74016;2530;1,18
74017;2481;0,00
74018;2553;1,77
74019;2519;0,91
74020;2513;0,75
74021;2487;0,10
74022;2509;0,65
74023;2496;0,32
74024;2496;0,32
74025;2496;0,32
74026;2499;0,40
74027;2496;0,32
74028;2497;0,35
74029;2503;0,50
74030;2547;1,61
74031;2500;0,43
74032;2493;0,25
74033;2505;0,55
74034;2510;0,68
74035;2507;0,60
74036;2494;0,27
74037;2532;1,23
74038;2531;1,21
74039;2525;1,06
74040;2513;0,75
74041;2530;1,18
74042;2502;0,48
74043;2498;0,37
74044;2544;1,54
74045;2497;0,35
74046;2506;0,58
74047;2515;0,80
74048;2503;0,50
74049;2509;0,65
74050;2521;0,96
74051;2513;0,75
74052;2504;0,53
74053;2513;0,75
74054;2544;1,54
74055;2517;0,86
74056;2549;1,66
74057;2512;0,73
74058;2534;1,29
74059;2530;1,18
74060;2512;0,73
74061;2518;0,88
74062;2512;0,73
74063;2551;1,72
74064;2557;1,87
74065;2507;0,60
74066;2502;0,48
74067;2528;1,13
74068;2517;0,86
74069;2515;0,80
74070;2507;0,60
74071;2503;0,50
74072;2553;1,77
74073;2512;0,73
74074;2506;0,58
74075;2531;1,21
74076;2507;0,60
74077;2510;0,68
74078;2502;0,48
74079;2539;1,41
74080;2507;0,60
74081;2507;0,60
74082;2544;1,54
74083;2548;1,64
74084;2506;0,58
74085;2550;1,69
74086;2530;1,18
74087;2546;1,59
74088;2531;1,21
74089;2512;0,73
74090;2515;0,80
74091;2512;0,73
74092;2541;1,46
74093;2509;0,65
74094;2510;0,68
74095;2527;1,11
74096;2511;0,70
74097;2559;1,92
74098;2505;0,55
74099;2508;0,63
74100;2499;0,40
74101;2514;0,78
74102;2530;1,18
74103;2550;1,69
74104;2514;0,78
74105;2497;0,35
74106;2509;0,65
74107;2509;0,65
74108;2527;1,11
74109;2514;0,78
74110;2501;0,45
74111;2516;0,83
74112;2495;0,30
74113;2496;0,32
74114;2523;1,01
74115;2510;0,68
74116;2543;1,51
74117;2516;0,83
74118;2559;1,92
74119;2544;1,54
74120;2527;1,11
74121;2499;0,40
74122;2507;0,60
74123;2517;0,86
74124;2554;1,79
74125;2505;0,55
74126;2551;1,72
74127;2507;0,60
74128;2542;1,49
74129;2509;0,65
74130;2510;0,68
74131;2512;0,73
74132;2531;1,21
74133;2503;0,50
74134;2512;0,73
74135;2501;0,45
74136;2524;1,03
74137;2550;1,69
74138;2513;0,75
74139;2505;0,55
74140;2502;0,48
74141;2545;1,56
74142;2506;0,58
74143;2540;1,44
74144;2527;1,11
74145;2559;1,92
74146;2496;0,32
74147;2493;0,25
74148;2493;0,25
74149;2543;1,51
74150;2496;0,32
74151;2528;1,13
74152;2536;1,34
74153;2502;0,48
74154;2531;1,21
74155;2496;0,32
74156;2500;0,43
74157;2502;0,48
74158;2494;0,27
74159;2547;1,61
74160;2499;0,40
74161;2533;1,26
74162;2509;0,65
74163;2500;0,43
74164;2493;0,25
74165;2491;0,20
74166;2534;1,29
74167;2523;1,01
74168;2499;0,40
74169;2510;0,68
74170;2544;1,54
74171;2532;1,23
74172;2517;0,86
74173;2527;1,11
74174;2496;0,32
74175;2506;0,58
74176;2509;0,65
74177;2499;0,40
74178;2513;0,75
74179;2515;0,80
74180;2497;0,35
74181;2503;0,50
74182;2559;1,92
74183;2529;1,16
74184;2512;0,73
74185;2501;0,45
74186;2550;1,69
74187;2502;0,48
74188;2521;0,96
74189;2513;0,75
74190;2511;0,70
74191;2505;0,55
74192;2558;1,89
74193;2513;0,75
74194;2507;0,60
74195;2512;0,73
74196;2559;1,92
74197;2517;0,86
74198;2515;0,80
74199;2516;0,83
74200;2505;0,55
74201;2537;1,36
74202;2518;0,88
74203;2544;1,54
74204;2514;0,78
74205;2507;0,60
74206;2513;0,75
74207;2513;0,75
74208;2518;0,88
74209;2507;0,60
74210;2513;0,75
74211;2513;0,75
74212;2518;0,88
74213;2525;1,06
74214;2511;0,70
74215;2534;1,29
74216;2512;0,73
74217;2507;0,60
74218;2517;0,86
74219;2508;0,63
74220;2509;0,65
74221;2545;1,56
74222;2528;1,13
74223;2544;1,54
74224;2532;1,23
74225;2507;0,60
74226;2503;0,50
74227;2511;0,70
74228;2506;0,58
74229;2526;1,08
74230;2505;0,55
74231;2538;1,39
74232;2529;1,16
74233;2501;0,45
74234;2501;0,45
74235;2502;0,48
74236;2517;0,86
74237;2543;1,51
74238;2557;1,87
74239;2506;0,58
74240;2501;0,45
74241;2498;0,37
74242;2505;0,55
74243;2501;0,45
74244;2510;0,68
74245;2507;0,60
74246;2499;0,40
74247;2532;1,23
74248;2551;1,72
74249;2497;0,35
74250;2506;0,58
74251;2530;1,18
74252;2509;0,65
74253;2501;0,45
74254;2549;1,66
74255;2535;1,31
74256;2531;1,21
74257;2512;0,73
74258;2503;0,50
74259;2539;1,41
74260;2532;1,23
74261;2524;1,03
74262;2521;0,96
74263;2498;0,37
74264;2559;1,92
74265;2499;0,40
74266;2518;0,88
74267;2505;0,55
74268;2525;1,06
74269;2503;0,50
74270;2497;0,35
74271;2512;0,73
74272;2544;1,54
74273;2498;0,37
74274;2523;1,01
74275;2497;0,35
74276;2503;0,50
74277;2498;0,37
74278;2505;0,55
74279;2523;1,01
74280;2541;1,46
74281;2502;0,48
74282;2529;1,16
74283;2500;0,43
74284;2507;0,60
74285;2515;0,80
74286;2507;0,60
74287;2515;0,80
74288;2498;0,37
74289;2503;0,50
74290;2527;1,11
74291;2503;0,50
74292;2559;1,92
74293;2510;0,68
74294;2499;0,40
74295;2534;1,29
74296;2505;0,55
74297;2519;0,91
74298;2503;0,50
74299;2500;0,43
74300;2497;0,35
74301;2502;0,48
74302;2501;0,45
74303;2530;1,18
74304;2535;1,31
74305;2503;0,50
74306;2527;1,11
74307;2515;0,80
74308;2544;1,54
74309;2516;0,83
74310;2533;1,26
74311;2505;0,55
74312;2513;0,75
74313;2497;0,35
74314;2498;0,37
74315;2522;0,98
74316;2522;0,98
74317;2501;0,45
74318;2559;1,92
74319;2515;0,80
74320;2529;1,16
74321;2512;0,73
74322;2495;0,30
74323;2524;1,03
74324;2507;0,60
74325;2497;0,35
74326;2499;0,40
74327;2494;0,27
74328;2503;0,50
74329;2497;0,35
74330;2535;1,31
74331;2498;0,37
74332;2512;0,73
74333;2522;0,98
74334;2507;0,60
74335;2498;0,37
74336;2515;0,80
74337;2499;0,40
74338;2505;0,55
74339;2530;1,18
74340;2497;0,35
74341;2497;0,35
74342;2523;1,01
74343;2559;1,92
74344;2497;0,35
74345;2495;0,30
74346;2528;1,13
74347;2512;0,73
74348;2544;1,54
74349;2543;1,51
74350;2501;0,45
74351;2501;0,45
74352;2525;1,06
74353;2526;1,08
74354;2497;0,35
74355;2543;1,51
74356;2512;0,73
74357;2502;0,48
74358;2537;1,36
74359;2510;0,68
74360;2514;0,78
74361;2530;1,18
74362;2529;1,16
74363;2559;1,92
74364;2544;1,54
74365;2503;0,50
74366;2499;0,40
74367;2553;1,77
74368;2507;0,60
74369;2499;0,40
74370;2507;0,60
74371;2496;0,32
74372;2514;0,78
74373;2531;1,21
74374;2512;0,73
74375;2510;0,68
74376;2502;0,48
74377;2535;1,31
74378;2544;1,54
74379;2511;0,70
74380;2512;0,73
74381;2542;1,49
74382;2539;1,41
74383;2505;0,55
74384;2499;0,40
74385;2536;1,34
74386;2512;0,73
74387;2559;1,92
74388;2500;0,43
74389;2509;0,65
74390;2506;0,58
74391;2523;1,01
74392;2522;0,98
74393;2539;1,41
74394;2515;0,80
74395;2530;1,18
74396;2557;1,87
74397;2510;0,68
74398;2528;1,13
74399;2515;0,80
74400;2504;0,53
74401;2510;0,68
74402;2501;0,45
74403;2512;0,73
74404;2509;0,65
74405;2529;1,16
74406;2502;0,48
74407;2503;0,50
74408;2514;0,78
74409;2496;0,32
74410;2530;1,18
74411;2521;0,96
74412;2527;1,11
74413;2498;0,37
74414;2481;0,00
74415;2502;0,48
74416;2508;0,63
74417;2502;0,48
74418;2495;0,30
74419;2501;0,45
74420;2503;0,50
74421;2497;0,35
74422;2495;0,30
74423;2492;0,22
74424;2491;0,20
74425;2503;0,50
74426;2507;0,60
74427;2510;0,68
74428;2539;1,41
74429;2510;0,68
74430;2491;0,20
74431;2494;0,27
74432;2527;1,11
74433;2495;0,30
74434;2495;0,30
74435;2499;0,40
74436;2528;1,13
74437;2559;1,92
74438;2537;1,36
74439;2499;0,40
74440;2502;0,48
74441;2526;1,08
74442;2544;1,54
74443;2523;1,01
74444;2534;1,29
74445;2512;0,73
74446;2493;0,25
74447;2514;0,78
74448;2503;0,50
74449;2519;0,91
74450;2501;0,45
74451;2512;0,73
74452;2509;0,65
74453;2502;0,48
74454;2523;1,01
74455;2557;1,87
74456;2533;1,26
74457;2505;0,55
74458;2527;1,11
74459;2514;0,78
74460;2558;1,89
74461;2502;0,48
74462;2522;0,98
74463;2519;0,91
74464;2506;0,58
74465;2510;0,68
74466;2533;1,26
74467;2513;0,75
74468;2501;0,45
74469;2535;1,31
74470;2512;0,73
74471;2512;0,73
74472;2533;1,26
74473;2509;0,65
74474;2512;0,73
74475;2531;1,21
74476;2512;0,73
74477;2558;1,89
74478;2505;0,55
74479;2544;1,54
74480;2523;1,01
74481;2537;1,36
74482;2507;0,60
74483;2514;0,78
74484;2512;0,73
74485;2555;1,82
74486;2503;0,50
74487;2499;0,40
74488;2511;0,70
74489;2557;1,87
74490;2509;0,65
74491;2509;0,65
74492;2556;1,84
74493;2512;0,73
74494;2544;1,54
74495;2512;0,73
74496;2501;0,45
74497;2544;1,54
74498;2515;0,80
74499;2539;1,41
74500;2507;0,60
74501;2526;1,08
74502;2499;0,40
74503;2559;1,92
74504;2504;0,53
74505;2539;1,41
74506;2527;1,11
74507;2505;0,55
74508;2543;1,51
74509;2511;0,70
74510;2499;0,40
74511;2527;1,11
74512;2537;1,36
74513;2540;1,44
74514;2512;0,73
74515;2556;1,84
74516;2507;0,60
74517;2500;0,43
74518;2545;1,56
74519;2529;1,16
74520;2495;0,30
74521;2499;0,40
74522;2512;0,73
74523;2531;1,21
74524;2555;1,82
74525;2503;0,50
74526;2503;0,50
74527;2507;0,60
74528;2511;0,70
74529;2553;1,77
74530;2512;0,73
74531;2549;1,66
74532;2519;0,91
74533;2517;0,86
74534;2519;0,91
74535;2523;1,01
74536;2509;0,65
74537;2509;0,65
74538;2507;0,60
74539;2517;0,86
74540;2533;1,26
74541;2497;0,35
74542;2507;0,60
74543;2522;0,98
74544;2512;0,73
74545;2555;1,82
74546;2533;1,26
74547;2532;1,23
74548;2514;0,78
74549;2530;1,18
74550;2506;0,58
74551;2543;1,51
74552;2542;1,49
74553;2509;0,65
74554;2580;2,45
74555;2512;0,73
74556;2513;0,75
74557;2510;0,68
74558;2535;1,31
74559;2543;1,51
74560;2512;0,73
74561;2544;1,54
74562;2530;1,18
74563;2542;1,49
74564;2515;0,80
74565;2512;0,73
74566;2527;1,11
74567;2533;1,26
74568;2539;1,41
74569;2517;0,86
74570;2523;1,01
74571;2518;0,88
74572;2535;1,31
74573;2559;1,92
74574;2535;1,31
74575;2513;0,75
74576;2518;0,88
74577;2542;1,49
74578;2509;0,65
74579;2517;0,86
74580;2542;1,49
74581;2559;1,92
74582;2543;1,51
74583;2519;0,91
74584;2545;1,56
74585;2515;0,80
74586;2506;0,58
74587;2507;0,60
74588;2515;0,80
74589;2547;1,61
74590;2535;1,31
74591;2549;1,66
74592;2519;0,91
74593;2512;0,73
74594;2506;0,58
74595;2527;1,11
74596;2559;1,92
74597;2559;1,92
74598;2537;1,36
74599;2559;1,92
74600;2538;1,39
74601;2545;1,56
74602;2524;1,03
74603;2524;1,03
74604;2512;0,73
74605;2528;1,13
74606;2511;0,70
74607;2559;1,92
74608;2514;0,78
74609;2512;0,73
74610;2510;0,68
74611;2512;0,73
74612;2540;1,44
74613;2542;1,49
74614;2512;0,73
74615;2543;1,51
74616;2534;1,29
74617;2539;1,41
74618;2550;1,69
74619;2551;1,72
74620;2526;1,08
74621;2514;0,78
74622;2538;1,39
74623;2527;1,11
74624;2535;1,31
74625;2524;1,03
74626;2546;1,59
74627;2559;1,92
74628;2521;0,96
74629;2549;1,66
74630;2535;1,31
74631;2553;1,77
74632;2531;1,21
74633;2542;1,49
74634;2531;1,21
74635;2523;1,01
74636;2559;1,92
74637;2535;1,31
74638;2538;1,39
74639;2559;1,92
74640;2597;2,88
74641;2559;1,92
74642;2529;1,16
74643;2559;1,92
74644;2531;1,21
74645;2529;1,16
74646;2559;1,92
74647;2542;1,49
74648;2544;1,54
74649;2556;1,84
74650;2559;1,92
74651;2544;1,54
74652;2559;1,92
74653;2546;1,59
74654;2538;1,39
74655;2551;1,72
74656;2559;1,92
74657;2535;1,31
74658;2558;1,89
74659;2554;1,79
74660;2546;1,59
74661;2559;1,92
74662;2539;1,41
74663;2584;2,55
74664;2534;1,29
74665;2559;1,92
74666;2544;1,54
74667;2544;1,54
74668;2549;1,66
74669;2544;1,54
74670;2511;0,70
74671;2544;1,54
74672;2545;1,56
74673;2550;1,69
74674;2559;1,92
74675;2547;1,61
74676;2544;1,54
74677;2547;1,61
74678;2554;1,79
74679;2548;1,64
74680;2539;1,41
74681;2544;1,54
74682;2583;2,53
74683;2611;3,23
74684;2559;1,92
74685;2551;1,72
74686;2587;2,63
74687;2554;1,79
74688;2557;1,87
74689;2592;2,75
74690;2559;1,92
74691;2559;1,92
74692;2555;1,82
74693;2559;1,92
74694;2582;2,50
74695;2559;1,92
74696;2559;1,92
74697;2587;2,63
74698;2559;1,92
74699;2591;2,73
74700;2623;3,54
74701;2599;2,93
74702;2559;1,92
74703;2624;3,56
74704;2585;2,58
74705;2599;2,93
74706;2628;3,66
74707;2592;2,75
74708;2559;1,92
74709;2559;1,92
74710;2559;1,92
74711;2559;1,92
74712;2559;1,92
74713;2559;1,92
74714;2589;2,68
74715;2613;3,28
74716;2559;1,92
74717;2559;1,92
74718;2586;2,60
74719;2583;2,53
74720;2597;2,88
74721;2559;1,92
74722;2589;2,68
74723;2604;3,06
74724;2559;1,92
74725;2599;2,93
74726;2602;3,01
74727;2582;2,50
74728;2586;2,60
74729;2591;2,73
74730;2585;2,58
74731;2601;2,98
74732;2596;2,85
74733;2594;2,80
74734;2559;1,92
74735;2608;3,16
74736;2598;2,90
74737;2623;3,54
74738;2619;3,44
74739;2590;2,70
74740;2594;2,80
74741;2589;2,68
74742;2598;2,90
74743;2611;3,23
74744;2607;3,13
74745;2615;3,34
74746;2608;3,16
74747;2624;3,56
74748;2594;2,80
74749;2607;3,13
74750;2624;3,56
74751;2597;2,88
74752;2626;3,61
74753;2597;2,88
74754;2620;3,46
74755;2602;3,01
74756;2635;3,84
74757;2593;2,78
74758;2609;3,18
74759;2627;3,64
74760;2608;3,16
74761;2603;3,03
74762;2624;3,56
74763;2629;3,69
74764;2599;2,93
74765;2643;4,04
74766;2602;3,01
74767;2623;3,54
74768;2615;3,34
74769;2639;3,94
74770;2608;3,16
74771;2605;3,08
74772;2598;2,90
74773;2592;2,75
74774;2607;3,13
74775;2609;3,18
74776;2603;3,03
74777;2608;3,16
74778;2606;3,11
74779;2613;3,28
74780;2597;2,88
74781;2617;3,39
74782;2611;3,23
74783;2625;3,59
74784;2615;3,34
74785;2599;2,93
74786;2606;3,11
74787;2600;2,96
74788;2624;3,56
74789;2633;3,79
74790;2615;3,34
74791;2638;3,92
74792;2608;3,16
74793;2617;3,39
74794;2618;3,41
74795;2609;3,18
74796;2608;3,16
74797;2625;3,59
74798;2627;3,64
74799;2619;3,44
74800;2613;3,28
74801;2608;3,16
74802;2624;3,56
74803;2618;3,41
74804;2634;3,82
74805;2619;3,44
74806;2635;3,84
74807;2638;3,92
74808;2635;3,84
74809;2618;3,41
74810;2605;3,08
74811;2632;3,77
74812;2631;3,74
74813;2645;4,09
74814;2623;3,54
74815;2620;3,46
74816;2623;3,54
74817;2630;3,71
74818;2638;3,92
74819;2627;3,64
74820;2625;3,59
74821;2619;3,44
74822;2619;3,44
74823;2640;3,97
74824;2625;3,59
74825;2624;3,56
74826;2622;3,51
74827;2622;3,51
74828;2630;3,71
74829;2640;3,97
74830;2619;3,44
74831;2624;3,56
74832;2627;3,64
74833;2622;3,51
74834;2634;3,82
74835;2621;3,49
74836;2623;3,54
74837;2626;3,61
74838;2627;3,64
74839;2642;4,02
74840;2671;4,75
74841;2631;3,74
74842;2614;3,31
74843;2672;4,78
74844;2625;3,59
74845;2667;4,65
74846;2628;3,66
74847;2659;4,45
74848;2622;3,51
74849;2627;3,64
74850;2623;3,54
74851;2642;4,02
74852;2639;3,94
74853;2640;3,97
74854;2636;3,87
74855;2630;3,71
74856;2668;4,68
74857;2644;4,07
74858;2656;4,37
74859;2627;3,64
74860;2641;3,99
74861;2657;4,40
74862;2641;3,99
74863;2657;4,40
74864;2640;3,97
74865;2641;3,99
74866;2647;4,14
74867;2667;4,65
74868;2667;4,65
74869;2657;4,40
74870;2684;5,08
74871;2649;4,20
74872;2688;5,18
74873;2689;5,21
74874;2695;5,36
74875;2655;4,35
74876;2652;4,27
74877;2661;4,50
74878;2651;4,25
74879;2647;4,14
74880;2665;4,60
74881;2659;4,45
74882;2671;4,75
74883;2649;4,20
74884;2640;3,97
74885;2645;4,09
74886;2640;3,97
74887;2699;5,46
74888;2652;4,27
74889;2640;3,97
74890;2647;4,14
74891;2642;4,02
74892;2631;3,74
74893;2640;3,97
74894;2640;3,97
74895;2656;4,37
74896;2633;3,79
74897;2641;3,99
74898;2647;4,14
74899;2659;4,45
74900;2638;3,92
74901;2671;4,75
74902;2670;4,73
74903;2645;4,09
74904;2655;4,35
74905;2640;3,97
74906;2639;3,94
74907;2655;4,35
74908;2675;4,85
74909;2703;5,56
74910;2689;5,21
74911;2647;4,14
74912;2657;4,40
74913;2672;4,78
74914;2651;4,25
74915;2658;4,42
74916;2649;4,20
74917;2699;5,46
74918;2646;4,12
74919;2654;4,32
74920;2651;4,25
74921;2672;4,78
74922;2671;4,75
74923;2671;4,75
74924;2658;4,42
74925;2698;5,44
74926;2670;4,73
74927;2671;4,75
74928;2654;4,32
74929;2671;4,75
74930;2640;3,97
74931;2681;5,01
74932;2651;4,25
74933;2651;4,25
74934;2663;4,55
74935;2672;4,78
74936;2645;4,09
74937;2636;3,87
74938;2647;4,14
74939;2654;4,32
74940;2627;3,64
74941;2639;3,94
74942;2624;3,56
74943;2626;3,61
74944;2659;4,45
74945;2621;3,49
74946;2621;3,49
74947;2639;3,94
74948;2629;3,69
74949;2630;3,71
74950;2608;3,16
74951;2627;3,64
74952;2601;2,98
74953;2615;3,34
74954;2623;3,54
74955;2625;3,59
74956;2609;3,18
74957;2603;3,03
74958;2613;3,28
74959;2629;3,69
74960;2613;3,28
74961;2623;3,54
74962;2608;3,16
74963;2608;3,16
74964;2630;3,71
74965;2609;3,18
74966;2640;3,97
74967;2651;4,25
74968;2615;3,34
74969;2624;3,56
74970;2627;3,64
74971;2645;4,09
74972;2627;3,64
74973;2635;3,84
74974;2631;3,74
74975;2624;3,56
74976;2640;3,97
74977;2631;3,74
74978;2628;3,66
74979;2617;3,39
74980;2614;3,31
74981;2615;3,34
74982;2621;3,49
74983;2645;4,09
74984;2631;3,74
74985;2637;3,89
74986;2625;3,59
74987;2651;4,25
74988;2615;3,34
74989;2613;3,28
74990;2622;3,51
74991;2628;3,66
74992;2636;3,87
74993;2606;3,11
74994;2614;3,31
74995;2629;3,69
74996;2609;3,18
74997;2652;4,27
74998;2634;3,82
74999;2611;3,23
75000;2623;3,54
75001;2622;3,51
75002;2607;3,13
75003;2612;3,26
75004;2611;3,23
75005;2606;3,11
75006;2634;3,82
75007;2625;3,59
75008;2624;3,56
75009;2603;3,03
75010;2599;2,93
75011;2596;2,85
75012;2640;3,97
75013;2634;3,82
75014;2617;3,39
75015;2582;2,50
75016;2583;2,53
75017;2597;2,88
75018;2640;3,97
75019;2591;2,73
75020;2591;2,73
75021;2624;3,56
75022;2592;2,75
75023;2622;3,51
75024;2600;2,96
75025;2559;1,92
75026;2599;2,93
75027;2611;3,23
75028;2604;3,06
75029;2589;2,68
75030;2624;3,56
75031;2613;3,28
75032;2611;3,23
75033;2612;3,26
75034;2614;3,31
75035;2611;3,23
75036;2608;3,16
75037;2610;3,21
75038;2619;3,44
75039;2608;3,16
75040;2607;3,13
75041;2615;3,34
75042;2607;3,13
75043;2622;3,51
75044;2590;2,70
75045;2626;3,61
75046;2594;2,80
75047;2601;2,98
75048;2635;3,84
75049;2595;2,83
75050;2626;3,61
75051;2609;3,18
75052;2623;3,54
75053;2611;3,23
75054;2610;3,21
75055;2626;3,61
75056;2613;3,28
75057;2599;2,93
75058;2615;3,34
75059;2601;2,98
75060;2595;2,83
75061;2583;2,53
75062;2597;2,88
75063;2591;2,73
75064;2603;3,03
75065;2615;3,34
75066;2585;2,58
75067;2633;3,79
75068;2589;2,68
75069;2601;2,98
75070;2597;2,88
75071;2611;3,23
75072;2623;3,54
75073;2603;3,03
75074;2607;3,13
75075;2635;3,84
75076;2598;2,90
75077;2590;2,70
75078;2610;3,21
75079;2559;1,92
75080;2559;1,92
75081;2559;1,92
75082;2559;1,92
75083;2609;3,18
75084;2559;1,92
75085;2559;1,92
75086;2559;1,92
75087;2558;1,89
75088;2559;1,92
75089;2559;1,92
75090;2559;1,92
75091;2559;1,92
75092;2559;1,92
75093;2591;2,73
75094;2587;2,63
75095;2559;1,92
75096;2594;2,80
75097;2557;1,87
75098;2557;1,87
75099;2559;1,92
75100;2559;1,92
75101;2559;1,92
75102;2559;1,92
75103;2559;1,92
75104;2550;1,69
75105;2559;1,92
75106;2594;2,80
75107;2550;1,69
75108;2557;1,87
75109;2559;1,92
75110;2593;2,78
75111;2559;1,92
75112;2547;1,61
75113;2559;1,92
75114;2592;2,75
75115;2559;1,92
75116;2535;1,31
75117;2604;3,06
75118;2625;3,59
75119;2544;1,54
75120;2605;3,08
75121;2595;2,83
75122;2601;2,98
75123;2602;3,01
75124;2581;2,47
75125;2614;3,31
75126;2559;1,92
75127;2603;3,03
75128;2559;1,92
75129;2559;1,92
75130;2583;2,53
75131;2559;1,92
75132;2559;1,92
75133;2581;2,47
75134;2598;2,90
75135;2559;1,92
75136;2559;1,92
75137;2606;3,11
75138;2607;3,13
75139;2601;2,98
75140;2618;3,41
75141;2606;3,11
75142;2640;3,97
75143;2603;3,03
75144;2591;2,73
75145;2586;2,60
75146;2603;3,03
75147;2609;3,18
75148;2559;1,92
75149;2557;1,87
75150;2559;1,92
75151;2559;1,92
75152;2591;2,73
75153;2589;2,68
75154;2597;2,88
75155;2559;1,92
75156;2559;1,92
75157;2544;1,54
75158;2559;1,92
75159;2589;2,68
75160;2559;1,92
75161;2622;3,51
75162;2555;1,82
75163;2557;1,87
75164;2583;2,53
75165;2558;1,89
75166;2580;2,45
75167;2595;2,83
75168;2587;2,63
75169;2595;2,83
75170;2559;1,92
75171;2559;1,92
75172;2559;1,92
75173;2559;1,92
75174;2554;1,79
75175;2559;1,92
75176;2590;2,70
75177;2559;1,92
75178;2559;1,92
75179;2559;1,92
75180;2559;1,92
75181;2559;1,92
75182;2559;1,92
75183;2592;2,75
75184;2550;1,69
75185;2539;1,41
75186;2554;1,79
75187;2549;1,66
75188;2547;1,61
75189;2544;1,54
75190;2544;1,54
75191;2545;1,56
75192;2545;1,56
75193;2558;1,89
75194;2540;1,44
75195;2539;1,41
75196;2541;1,46
75197;2559;1,92
75198;2526;1,08
75199;2521;0,96
75200;2541;1,46
75201;2539;1,41
75202;2544;1,54
75203;2551;1,72
75204;2529;1,16
75205;2525;1,06
75206;2528;1,13
75207;2532;1,23
75208;2559;1,92
75209;2539;1,41
75210;2537;1,36
75211;2542;1,49
75212;2529;1,16
75213;2530;1,18
75214;2533;1,26
75215;2559;1,92
75216;2535;1,31
75217;2540;1,44
75218;2559;1,92
75219;2559;1,92
75220;2559;1,92
75221;2549;1,66
75222;2544;1,54
75223;2543;1,51
75224;2601;2,98
75225;2541;1,46
75226;2534;1,29
75227;2538;1,39
75228;2559;1,92
75229;2535;1,31
75230;2533;1,26
75231;2559;1,92
75232;2544;1,54
75233;2550;1,69
75234;2559;1,92
75235;2554;1,79
75236;2551;1,72
75237;2587;2,63
75238;2542;1,49
75239;2545;1,56
75240;2545;1,56
75241;2555;1,82
75242;2540;1,44
75243;2544;1,54
75244;2531;1,21
75245;2541;1,46
75246;2592;2,75
75247;2596;2,85
75248;2548;1,64
75249;2538;1,39
75250;2530;1,18
75251;2537;1,36
75252;2559;1,92
75253;2559;1,92
75254;2535;1,31
75255;2559;1,92
75256;2528;1,13
75257;2543;1,51
75258;2523;1,01
75259;2559;1,92
75260;2559;1,92
75261;2522;0,98
75262;2559;1,92
75263;2531;1,21
75264;2539;1,41
75265;2521;0,96
75266;2530;1,18
75267;2549;1,66
75268;2559;1,92
75269;2510;0,68
75270;2521;0,96
75271;2532;1,23
75272;2511;0,70
75273;2551;1,72
75274;2544;1,54
75275;2535;1,31
75276;2523;1,01
75277;2527;1,11
75278;2592;2,75
75279;2559;1,92
75280;2525;1,06
75281;2558;1,89
75282;2528;1,13
75283;2531;1,21
75284;2559;1,92
75285;2535;1,31
75286;2559;1,92
75287;2541;1,46
75288;2555;1,82
75289;2539;1,41
75290;2559;1,92
75291;2593;2,78
75292;2589;2,68
75293;2545;1,56
75294;2559;1,92
75295;2554;1,79
75296;2585;2,58
75297;2545;1,56
75298;2559;1,92
75299;2559;1,92
75300;2558;1,89
75301;2559;1,92
75302;2559;1,92
75303;2559;1,92
75304;2559;1,92
75305;2559;1,92
75306;2601;2,98
75307;2559;1,92
75308;2582;2,50
75309;2559;1,92
75310;2558;1,89
75311;2558;1,89
75312;2608;3,16
75313;2559;1,92
75314;2551;1,72
75315;2559;1,92
75316;2586;2,60
75317;2559;1,92
75318;2559;1,92
75319;2559;1,92
75320;2596;2,85
75321;2559;1,92
75322;2603;3,03
75323;2544;1,54
75324;2543;1,51
75325;2553;1,77
75326;2559;1,92
75327;2589;2,68
75328;2558;1,89
75329;2543;1,51
75330;2544;1,54
75331;2535;1,31
75332;2543;1,51
75333;2525;1,06
75334;2528;1,13
75335;2527;1,11
75336;2527;1,11
75337;2538;1,39
75338;2541;1,46
75339;2527;1,11
75340;2517;0,86
75341;2512;0,73
75342;2528;1,13
75343;2522;0,98
75344;2524;1,03
75345;2512;0,73
75346;2544;1,54
75347;2522;0,98
75348;2547;1,61
75349;2522;0,98
75350;2515;0,80
75351;2514;0,78
75352;2528;1,13
75353;2529;1,16
75354;2526;1,08
75355;2550;1,69
75356;2532;1,23
75357;2528;1,13
75358;2527;1,11
75359;2541;1,46
75360;2581;2,47
75361;2528;1,13
75362;2530;1,18
75363;2533;1,26
75364;2528;1,13
75365;2526;1,08
75366;2534;1,29
75367;2559;1,92
75368;2559;1,92
75369;2559;1,92
75370;2549;1,66
75371;2529;1,16
75372;2535;1,31
75373;2521;0,96
75374;2531;1,21
75375;2554;1,79
75376;2613;3,28
75377;2554;1,79
75378;2534;1,29
75379;2541;1,46
75380;2544;1,54
75381;2542;1,49
75382;2544;1,54
75383;2544;1,54
75384;2559;1,92
75385;2559;1,92
75386;2550;1,69
75387;2559;1,92
75388;2544;1,54
75389;2539;1,41
75390;2546;1,59
75391;2544;1,54
75392;2544;1,54
75393;2559;1,92
75394;2541;1,46
75395;2559;1,92
75396;2559;1,92
75397;2548;1,64
75398;2555;1,82
75399;2550;1,69
75400;2549;1,66
75401;2545;1,56
75402;2545;1,56
75403;2588;2,65
75404;2587;2,63
75405;2559;1,92
75406;2605;3,08
75407;2597;2,88
75408;2601;2,98
75409;2555;1,82
75410;2549;1,66
75411;2558;1,89
75412;2559;1,92
75413;2559;1,92
75414;2554;1,79
75415;2513;0,75
75416;2559;1,92
75417;2547;1,61
75418;2545;1,56
75419;2595;2,83
75420;2545;1,56
75421;2552;1,74
75422;2600;2,96
75423;2545;1,56
75424;2598;2,90
75425;2544;1,54
75426;2547;1,61
75427;2559;1,92
75428;2582;2,50
75429;2558;1,89
75430;2559;1,92
75431;2591;2,73
75432;2553;1,77
75433;2583;2,53
75434;2556;1,84
75435;2583;2,53
75436;2537;1,36
75437;2538;1,39
75438;2544;1,54
75439;2559;1,92
75440;2533;1,26
75441;2555;1,82
75442;2529;1,16
75443;2546;1,59
75444;2541;1,46
75445;2544;1,54
75446;2535;1,31
75447;2533;1,26
75448;2539;1,41
75449;2550;1,69
75450;2544;1,54
75451;2523;1,01
75452;2539;1,41
75453;2542;1,49
75454;2555;1,82
75455;2551;1,72
75456;2591;2,73
75457;2536;1,34
75458;2546;1,59
75459;2541;1,46
75460;2544;1,54
75461;2544;1,54
75462;2549;1,66
75463;2559;1,92
75464;2547;1,61
75465;2544;1,54
75466;2543;1,51
75467;2543;1,51
75468;2559;1,92
75469;2551;1,72
75470;2559;1,92
75471;2544;1,54
75472;2544;1,54
75473;2544;1,54
75474;2582;2,50
75475;2549;1,66
75476;2544;1,54
75477;2559;1,92
75478;2553;1,77
75479;2593;2,78
75480;2593;2,78
75481;2549;1,66
75482;2559;1,92
75483;2553;1,77
75484;2559;1,92
75485;2537;1,36
75486;2555;1,82
75487;2555;1,82
75488;2559;1,92
75489;2551;1,72
75490;2559;1,92
75491;2581;2,47
75492;2597;2,88
75493;2559;1,92
75494;2602;3,01
75495;2521;0,96
75496;2559;1,92
75497;2547;1,61
75498;2557;1,87
75499;2550;1,69
75500;2559;1,92
75501;2557;1,87
75502;2554;1,79
75503;2551;1,72
75504;2559;1,92
75505;2545;1,56
75506;2559;1,92
75507;2554;1,79
75508;2557;1,87
75509;2551;1,72
75510;2549;1,66
75511;2554;1,79
75512;2557;1,87
75513;2550;1,69
75514;2555;1,82
75515;2554;1,79
75516;2550;1,69
75517;2549;1,66
75518;2551;1,72
75519;2550;1,69
75520;2559;1,92
75521;2541;1,46
75522;2549;1,66
75523;2545;1,56
75524;2581;2,47
75525;2548;1,64
75526;2595;2,83
75527;2544;1,54
75528;2559;1,92
75529;2546;1,59
75530;2559;1,92
75531;2549;1,66
75532;2549;1,66
75533;2544;1,54
75534;2559;1,92
75535;2549;1,66
75536;2585;2,58
75537;2544;1,54
75538;2559;1,92
75539;2542;1,49
75540;2559;1,92
75541;2559;1,92
75542;2557;1,87
75543;2559;1,92
75544;2551;1,72
75545;2557;1,87
75546;2559;1,92
75547;2549;1,66
75548;2585;2,58
75549;2546;1,59
75550;2549;1,66
75551;2555;1,82
75552;2553;1,77
75553;2587;2,63
75554;2558;1,89
75555;2550;1,69
75556;2559;1,92
75557;2601;2,98
75558;2554;1,79
75559;2559;1,92
75560;2559;1,92
75561;2554;1,79
75562;2559;1,92
75563;2559;1,92
75564;2585;2,58
75565;2555;1,82
75566;2591;2,73
75567;2598;2,90
75568;2582;2,50
75569;2548;1,64
75570;2550;1,69
75571;2545;1,56
75572;2547;1,61
75573;2545;1,56
75574;2559;1,92
75575;2559;1,92
75576;2559;1,92
75577;2558;1,89
75578;2592;2,75
75579;2544;1,54
75580;2557;1,87
75581;2546;1,59
75582;2548;1,64
75583;2542;1,49
75584;2547;1,61
75585;2542;1,49
75586;2546;1,59
75587;2559;1,92
75588;2559;1,92
75589;2544;1,54
75590;2559;1,92
75591;2542;1,49
75592;2544;1,54
75593;2559;1,92
75594;2547;1,61
75595;2559;1,92
75596;2551;1,72
75597;2537;1,36
75598;2543;1,51
75599;2601;2,98
75600;2597;2,88
75601;2555;1,82
75602;2541;1,46
75603;2559;1,92
75604;2544;1,54
75605;2544;1,54
75606;2559;1,92
75607;2544;1,54
75608;2546;1,59
75609;2542;1,49
75610;2544;1,54
75611;2559;1,92
75612;2559;1,92
75613;2546;1,59
75614;2544;1,54
75615;2559;1,92
75616;2559;1,92
75617;2544;1,54
75618;2549;1,66
75619;2559;1,92
75620;2584;2,55
75621;2545;1,56
75622;2548;1,64
75623;2557;1,87
75624;2545;1,56
75625;2555;1,82
75626;2544;1,54
75627;2542;1,49
75628;2602;3,01
75629;2559;1,92
75630;2545;1,56
75631;2559;1,92
75632;2548;1,64
75633;2537;1,36
75634;2559;1,92
75635;2593;2,78
75636;2559;1,92
75637;2545;1,56
75638;2547;1,61
75639;2553;1,77
75640;2553;1,77
75641;2542;1,49
75642;2590;2,70
75643;2535;1,31
75644;2543;1,51
75645;2534;1,29
75646;2543;1,51
75647;2535;1,31
75648;2533;1,26
75649;2550;1,69
75650;2583;2,53
75651;2555;1,82
75652;2559;1,92
75653;2549;1,66
75654;2554;1,79
75655;2545;1,56
75656;2544;1,54
75657;2542;1,49
75658;2543;1,51
75659;2545;1,56
75660;2533;1,26
75661;2551;1,72
75662;2539;1,41
75663;2544;1,54
75664;2531;1,21
75665;2544;1,54
75666;2559;1,92
75667;2546;1,59
75668;2529;1,16
75669;2539;1,41
75670;2545;1,56
75671;2538;1,39
75672;2535;1,31
75673;2537;1,36
75674;2544;1,54
75675;2533;1,26
75676;2530;1,18
75677;2528;1,13
75678;2559;1,92
75679;2530;1,18
75680;2532;1,23
75681;2536;1,34
75682;2558;1,89
75683;2544;1,54
75684;2559;1,92
75685;2538;1,39
75686;2541;1,46
75687;2544;1,54
75688;2551;1,72
75689;2533;1,26
75690;2559;1,92
75691;2528;1,13
75692;2543;1,51
75693;2559;1,92
75694;2530;1,18
75695;2531;1,21
75696;2535;1,31
75697;2539;1,41
75698;2556;1,84
75699;2539;1,41
75700;2540;1,44
75701;2542;1,49
75702;2537;1,36
75703;2532;1,23
75704;2535;1,31
75705;2529;1,16
75706;2534;1,29
75707;2527;1,11
75708;2538;1,39
75709;2527;1,11
75710;2537;1,36
75711;2538;1,39
75712;2559;1,92
75713;2558;1,89
75714;2530;1,18
75715;2527;1,11
75716;2544;1,54
75717;2528;1,13
75718;2530;1,18
75719;2519;0,91
75720;2528;1,13
75721;2522;0,98
75722;2530;1,18
75723;2533;1,26
75724;2534;1,29
75725;2542;1,49
75726;2525;1,06
75727;2521;0,96
75728;2525;1,06
75729;2514;0,78
75730;2532;1,23
75731;2514;0,78
75732;2534;1,29
75733;2519;0,91
75734;2519;0,91
75735;2526;1,08
75736;2531;1,21
75737;2539;1,41
75738;2537;1,36
75739;2522;0,98
75740;2526;1,08
75741;2523;1,01
75742;2525;1,06
75743;2514;0,78
75744;2518;0,88
75745;2519;0,91
75746;2515;0,80
75747;2539;1,41
75748;2513;0,75
75749;2512;0,73
75750;2512;0,73
75751;2509;0,65
75752;2518;0,88
75753;2547;1,61
75754;2527;1,11
75755;2513;0,75
75756;2528;1,13
75757;2521;0,96
75758;2539;1,41
75759;2554;1,79
75760;2557;1,87
75761;2530;1,18
75762;2546;1,59
75763;2508;0,63
75764;2519;0,91
75765;2513;0,75
75766;2513;0,75
75767;2531;1,21
75768;2528;1,13
75769;2511;0,70
75770;2515;0,80
75771;2533;1,26
75772;2515;0,80
75773;2556;1,84
75774;2518;0,88
75775;2518;0,88
75776;2517;0,86
75777;2522;0,98
75778;2514;0,78
75779;2534;1,29
75780;2514;0,78
75781;2530;1,18
75782;2540;1,44
75783;2514;0,78
75784;2511;0,70
75785;2522;0,98
75786;2516;0,83
75787;2519;0,91
75788;2512;0,73
75789;2523;1,01
75790;2515;0,80
75791;2545;1,56
75792;2543;1,51
75793;2512;0,73
75794;2528;1,13
75795;2512;0,73
75796;2533;1,26
75797;2517;0,86
75798;2532;1,23
75799;2515;0,80
75800;2515;0,80
75801;2527;1,11
75802;2515;0,80
75803;2525;1,06
75804;2512;0,73
75805;2545;1,56
75806;2525;1,06
75807;2559;1,92
75808;2516;0,83
75809;2527;1,11
75810;2512;0,73
75811;2514;0,78
75812;2513;0,75
75813;2559;1,92
75814;2515;0,80
75815;2514;0,78
75816;2521;0,96
75817;2540;1,44
75818;2527;1,11
75819;2537;1,36
75820;2506;0,58
75821;2537;1,36
75822;2518;0,88
75823;2527;1,11
75824;2512;0,73
75825;2509;0,65
75826;2543;1,51
75827;2509;0,65
75828;2517;0,86
75829;2531;1,21
75830;2512;0,73
75831;2532;1,23
75832;2532;1,23
75833;2542;1,49
75834;2533;1,26
75835;2512;0,73
75836;2549;1,66
75837;2559;1,92
75838;2512;0,73
75839;2525;1,06
75840;2539;1,41
75841;2513;0,75
75842;2501;0,45
75843;2510;0,68
75844;2534;1,29
75845;2538;1,39
75846;2514;0,78
75847;2518;0,88
75848;2509;0,65
75849;2511;0,70
75850;2505;0,55
75851;2509;0,65
75852;2511;0,70
75853;2519;0,91
75854;2535;1,31
75855;2511;0,70
75856;2517;0,86
75857;2512;0,73
75858;2503;0,50
75859;2512;0,73
75860;2538;1,39
75861;2507;0,60
75862;2507;0,60
75863;2537;1,36
75864;2502;0,48
75865;2502;0,48
75866;2521;0,96
75867;2517;0,86
75868;2510;0,68
75869;2502;0,48
75870;2514;0,78
75871;2502;0,48
75872;2505;0,55
75873;2501;0,45
75874;2515;0,80
75875;2502;0,48
75876;2512;0,73
75877;2509;0,65
75878;2531;1,21
75879;2529;1,16
75880;2529;1,16
75881;2519;0,91
75882;2517;0,86
75883;2515;0,80
75884;2523;1,01
75885;2525;1,06
75886;2527;1,11
75887;2514;0,78
75888;2528;1,13
75889;2513;0,75
75890;2512;0,73
75891;2509;0,65
75892;2511;0,70
75893;2529;1,16
75894;2527;1,11
75895;2512;0,73
75896;2523;1,01
75897;2512;0,73
75898;2513;0,75
75899;2511;0,70
75900;2506;0,58
75901;2509;0,65
75902;2511;0,70
75903;2508;0,63
75904;2548;1,64
75905;2510;0,68
75906;2513;0,75
75907;2509;0,65
75908;2505;0,55
75909;2510;0,68
75910;2527;1,11
75911;2550;1,69
75912;2508;0,63
75913;2507;0,60
75914;2529;1,16
75915;2512;0,73
75916;2516;0,83
75917;2530;1,18
75918;2543;1,51
75919;2522;0,98
75920;2523;1,01
75921;2511;0,70
75922;2527;1,11
75923;2506;0,58
75924;2514;0,78
75925;2510;0,68
75926;2525;1,06
75927;2497;0,35
75928;2537;1,36
75929;2523;1,01
75930;2511;0,70
75931;2524;1,03
75932;2531;1,21
75933;2509;0,65
75934;2550;1,69
75935;2528;1,13
75936;2512;0,73
75937;2500;0,43
75938;2514;0,78
75939;2505;0,55
75940;2514;0,78
75941;2543;1,51
75942;2512;0,73
75943;2501;0,45
75944;2510;0,68
75945;2512;0,73
75946;2514;0,78
75947;2499;0,40
75948;2510;0,68
75949;2503;0,50
75950;2513;0,75
75951;2498;0,37
75952;2527;1,11
75953;2535;1,31
75954;2514;0,78
75955;2523;1,01
75956;2499;0,40
75957;2507;0,60
75958;2532;1,23
75959;2506;0,58
75960;2542;1,49
75961;2503;0,50
75962;2503;0,50
75963;2505;0,55
75964;2498;0,37
75965;2502;0,48
75966;2534;1,29
75967;2519;0,91
75968;2503;0,50
75969;2505;0,55
75970;2506;0,58
75971;2549;1,66
75972;2496;0,32
75973;2505;0,55
75974;2526;1,08
75975;2514;0,78
75976;2512;0,73
75977;2533;1,26
75978;2513;0,75
75979;2501;0,45
75980;2519;0,91
75981;2501;0,45
75982;2502;0,48
75983;2492;0,22
75984;2540;1,44
75985;2539;1,41
75986;2496;0,32
75987;2495;0,30
75988;2501;0,45
75989;2502;0,48
75990;2521;0,96
75991;2503;0,50
75992;2541;1,46
75993;2497;0,35
75994;2496;0,32
75995;2522;0,98
75996;2503;0,50
75997;2546;1,59
75998;2511;0,70
75999;2496;0,32
76000;2513;0,75
76001;2517;0,86
76002;2529;1,16
76003;2515;0,80
76004;2512;0,73
76005;2512;0,73
76006;2505;0,55
76007;2502;0,48
76008;2541;1,46
76009;2511;0,70
76010;2495;0,30
76011;2515;0,80
76012;2516;0,83
76013;2512;0,73
76014;2544;1,54
76015;2498;0,37
76016;2526;1,08
76017;2506;0,58
76018;2512;0,73
76019;2505;0,55
76020;2519;0,91
76021;2479;0,00
76022;2499;0,40
76023;2512;0,73
76024;2496;0,32
76025;2541;1,46
76026;2502;0,48
76027;2511;0,70
76028;2512;0,73
76029;2551;1,72
76030;2503;0,50
76031;2516;0,83
76032;2501;0,45
76033;2519;0,91
76034;2496;0,32
76035;2496;0,32
76036;2509;0,65
76037;2512;0,73
76038;2521;0,96
76039;2507;0,60
76040;2500;0,43
76041;2497;0,35
76042;2512;0,73
76043;2496;0,32
76044;2512;0,73
76045;2501;0,45
76046;2515;0,80
76047;2499;0,40
76048;2509;0,65
76049;2521;0,96
76050;2515;0,80
76051;2499;0,40
76052;2497;0,35
76053;2513;0,75
76054;2510;0,68
76055;2499;0,40
76056;2502;0,48
76057;2503;0,50
76058;2503;0,50
76059;2512;0,73
76060;2498;0,37
76061;2506;0,58
76062;2498;0,37
76063;2531;1,21
76064;2495;0,30
76065;2498;0,37
76066;2511;0,70
76067;2512;0,73
76068;2519;0,91
76069;2512;0,73
76070;2497;0,35
76071;2499;0,40
76072;2505;0,55
76073;2502;0,48
76074;2499;0,40
76075;2499;0,40
76076;2493;0,25
76077;2544;1,54
76078;2513;0,75
76079;2495;0,30
76080;2496;0,32
76081;2557;1,87
76082;2529;1,16
76083;2496;0,32
76084;2495;0,30
76085;2503;0,50
76086;2545;1,56
76087;2496;0,32
76088;2496;0,32
76089;2523;1,01
76090;2497;0,35
76091;2495;0,30
76092;2497;0,35
76093;2495;0,30
76094;2493;0,25
76095;2508;0,63
76096;2502;0,48
76097;2506;0,58
76098;2503;0,50
76099;2528;1,13
76100;2530;1,18
76101;2493;0,25
76102;2500;0,43
76103;2515;0,80
76104;2496;0,32
76105;2519;0,91
76106;2496;0,32
76107;2496;0,32
76108;2539;1,41
76109;2505;0,55
76110;2492;0,22
76111;2498;0,37
76112;2512;0,73
76113;2498;0,37
76114;2511;0,70
76115;2500;0,43
76116;2507;0,60
76117;2523;1,01
76118;2503;0,50
76119;2496;0,32
76120;2499;0,40
76121;2503;0,50
76122;2506;0,58
76123;2490;0,17
76124;2493;0,25
76125;2526;1,08
76126;2503;0,50
76127;2506;0,58
76128;2497;0,35
76129;2494;0,27
76130;2495;0,30
76131;2495;0,30
76132;2506;0,58
76133;2514;0,78
76134;2494;0,27
76135;2503;0,50
76136;2491;0,20
76137;2491;0,20
76138;2538;1,39
76139;2493;0,25
76140;2488;0,12
76141;2512;0,73
76142;2499;0,40
76143;2512;0,73
76144;2506;0,58
76145;2490;0,17
76146;2503;0,50
76147;2490;0,17
76148;2512;0,73
76149;2501;0,45
76150;2497;0,35
76151;2497;0,35
76152;2505;0,55
76153;2512;0,73
76154;2530;1,18
76155;2516;0,83
76156;2489;0,15
76157;2494;0,27
76158;2501;0,45
76159;2496;0,32
76160;2512;0,73
76161;2496;0,32
76162;2501;0,45
76163;2490;0,17
76164;2510;0,68
76165;2486;0,07
76166;2483;0,00
76167;2487;0,10
76168;2512;0,73
76169;2543;1,51
76170;2519;0,91
76171;2491;0,20
76172;2514;0,78
76173;2483;0,00
76174;2487;0,10
76175;2487;0,10
76176;2486;0,07
76177;2480;0,00
76178;2499;0,40
76179;2487;0,10
76180;2495;0,30
76181;2498;0,37
76182;2491;0,20
76183;2491;0,20
76184;2498;0,37
76185;2496;0,32
76186;2481;0,00
76187;2499;0,40
76188;2514;0,78
76189;2495;0,30
76190;2480;0,00
76191;2483;0,00
76192;2492;0,22
76193;2475;0,00
76194;2496;0,32
76195;2480;0,00
76196;2501;0,45
76197;2531;1,21
76198;2480;0,00
76199;2480;0,00
76200;2478;0,00
76201;2479;0,00
76202;2480;0,00
76203;2480;0,00
76204;2511;0,70
76205;2513;0,75
76206;2481;0,00
76207;2494;0,27
76208;2519;0,91
76209;2481;0,00
76210;2480;0,00
76211;2498;0,37
76212;2485;0,05
76213;2480;0,00
76214;2518;0,88
76215;2482;0,00
76216;2475;0,00
76217;2479;0,00
76218;2484;0,02
76219;2528;1,13
76220;2483;0,00
76221;2505;0,55
76222;2483;0,00
76223;2484;0,02
76224;2481;0,00
76225;2483;0,00
76226;2495;0,30
76227;2480;0,00
76228;2487;0,10
76229;2512;0,73
76230;2480;0,00
76231;2494;0,27
76232;2483;0,00
76233;2501;0,45
76234;2482;0,00
76235;2485;0,05
76236;2512;0,73
76237;2479;0,00
76238;2538;1,39
76239;2486;0,07
76240;2489;0,15
76241;2490;0,17
76242;2478;0,00
76243;2484;0,02
76244;2540;1,44
76245;2493;0,25
76246;2480;0,00
76247;2481;0,00
76248;2499;0,40
76249;2485;0,05
76250;2496;0,32
76251;2512;0,73
76252;2484;0,02
76253;2517;0,86
76254;2493;0,25
76255;2506;0,58
76256;2477;0,00
76257;2475;0,00
76258;2537;1,36
76259;2511;0,70
76260;2483;0,00
76261;2480;0,00
76262;2493;0,25
76263;2486;0,07
76264;2497;0,35
76265;2485;0,05
76266;2535;1,31
76267;2527;1,11
76268;2510;0,68
76269;2528;1,13
76270;2481;0,00
76271;2491;0,20
76272;2475;0,00
76273;2496;0,32
76274;2480;0,00
76275;2510;0,68
76276;2519;0,91
76277;2507;0,60
76278;2485;0,05
76279;2492;0,22
76280;2528;1,13
76281;2495;0,30
76282;2490;0,17
76283;2494;0,27
76284;2525;1,06
76285;2486;0,07
76286;2535;1,31
76287;2503;0,50
76288;2483;0,00
76289;2502;0,48
76290;2487;0,10
76291;2480;0,00
76292;2535;1,31
76293;2481;0,00
76294;2486;0,07
76295;2467;0,00
76296;2494;0,27
76297;2480;0,00
76298;2493;0,25
76299;2480;0,00
76300;2496;0,32
76301;2485;0,05
76302;2496;0,32
76303;2513;0,75
76304;2529;1,16
76305;2501;0,45
76306;2492;0,22
76307;2487;0,10
76308;2510;0,68
76309;2484;0,02
76310;2493;0,25
76311;2487;0,10
76312;2528;1,13
76313;2485;0,05
76314;2495;0,30
76315;2494;0,27
76316;2496;0,32
76317;2493;0,25
76318;2485;0,05
76319;2497;0,35
76320;2515;0,80
76321;2492;0,22
76322;2498;0,37
76323;2516;0,83
76324;2505;0,55
76325;2546;1,59
76326;2494;0,27
76327;2519;0,91
76328;2511;0,70
76329;2512;0,73
76330;2518;0,88
76331;2545;1,56
76332;2503;0,50
76333;2509;0,65
76334;2507;0,60
76335;2502;0,48
76336;2497;0,35
76337;2513;0,75
76338;2497;0,35
76339;2512;0,73
76340;2512;0,73
76341;2509;0,65
76342;2511;0,70
76343;2541;1,46
76344;2518;0,88
76345;2503;0,50
76346;2527;1,11
76347;2518;0,88
76348;2505;0,55
76349;2527;1,11
76350;2496;0,32
76351;2498;0,37
76352;2501;0,45
76353;2499;0,40
76354;2501;0,45
76355;2498;0,37
76356;2510;0,68
76357;2506;0,58
76358;2491;0,20
76359;2507;0,60
76360;2501;0,45
76361;2503;0,50
76362;2505;0,55
76363;2494;0,27
76364;2507;0,60
76365;2496;0,32
76366;2516;0,83
76367;2495;0,30
76368;2510;0,68
76369;2496;0,32
76370;2496;0,32
76371;2504;0,53
76372;2542;1,49
76373;2504;0,53
76374;2526;1,08
76375;2502;0,48
76376;2496;0,32
76377;2496;0,32
76378;2507;0,60
76379;2496;0,32
76380;2493;0,25
76381;2495;0,30
76382;2491;0,20
76383;2514;0,78
76384;2518;0,88
76385;2483;0,00
76386;2493;0,25
76387;2499;0,40
76388;2497;0,35
76389;2496;0,32
76390;2507;0,60
76391;2489;0,15
76392;2507;0,60
76393;2498;0,37
76394;2545;1,56
76395;2527;1,11
76396;2512;0,73
76397;2495;0,30
76398;2541;1,46
76399;2507;0,60
76400;2523;1,01
76401;2494;0,27
76402;2506;0,58
76403;2495;0,30
76404;2496;0,32
76405;2503;0,50
76406;2493;0,25
76407;2498;0,37
76408;2544;1,54
76409;2518;0,88
76410;2527;1,11
76411;2496;0,32
76412;2506;0,58
76413;2522;0,98
76414;2494;0,27
76415;2510;0,68
76416;2523;1,01
76417;2513;0,75
76418;2557;1,87
76419;2496;0,32
76420;2507;0,60
76421;2497;0,35
76422;2499;0,40
76423;2515;0,80
76424;2496;0,32
76425;2498;0,37
76426;2512;0,73
76427;2494;0,27
76428;2512;0,73
76429;2505;0,55
76430;2512;0,73
76431;2537;1,36
76432;2495;0,30
76433;2522;0,98
76434;2533;1,26
76435;2507;0,60
76436;2487;0,10
76437;2499;0,40
76438;2496;0,32
76439;2491;0,20
76440;2497;0,35
76441;2514;0,78
76442;2494;0,27
76443;2503;0,50
76444;2490;0,17
76445;2495;0,30
76446;2487;0,10
76447;2487;0,10
76448;2489;0,15
76449;2533;1,26
76450;2487;0,10
76451;2512;0,73
76452;2495;0,30
76453;2501;0,45
76454;2544;1,54
76455;2501;0,45
76456;2506;0,58
76457;2485;0,05
76458;2493;0,25
76459;2511;0,70
76460;2514;0,78
76461;2484;0,02
76462;2499;0,40
76463;2489;0,15
76464;2499;0,40
76465;2510;0,68
76466;2512;0,73
76467;2510;0,68
76468;2493;0,25
76469;2496;0,32
76470;2538;1,39
76471;2487;0,10
76472;2499;0,40
76473;2527;1,11
76474;2521;0,96
76475;2511;0,70
76476;2482;0,00
76477;2501;0,45
76478;2509;0,65
76479;2507;0,60
76480;2484;0,02
76481;2480;0,00
76482;2491;0,20
76483;2495;0,30
76484;2496;0,32
76485;2495;0,30
76486;2482;0,00
76487;2535;1,31
76488;2487;0,10
76489;2483;0,00
76490;2481;0,00
76491;2511;0,70
76492;2501;0,45
76493;2559;1,92
76494;2513;0,75
76495;2497;0,35
76496;2534;1,29
76497;2496;0,32
76498;2490;0,17
76499;2494;0,27
76500;2500;0,43
76501;2495;0,30
76502;2509;0,65
76503;2519;0,91
76504;2511;0,70
76505;2519;0,91
76506;2505;0,55
76507;2507;0,60
76508;2518;0,88
76509;2544;1,54
76510;2531;1,21
76511;2506;0,58
76512;2511;0,70
76513;2499;0,40
76514;2498;0,37
76515;2506;0,58
76516;2513;0,75
76517;2501;0,45
76518;2496;0,32
76519;2506;0,58
76520;2496;0,32
76521;2507;0,60
76522;2538;1,39
76523;2503;0,50
76524;2508;0,63
76525;2506;0,58
76526;2503;0,50
76527;2512;0,73
76528;2501;0,45
76529;2499;0,40
76530;2513;0,75
76531;2503;0,50
76532;2526;1,08
76533;2499;0,40
76534;2543;1,51
76535;2507;0,60
76536;2506;0,58
76537;2501;0,45
76538;2537;1,36
76539;2492;0,22
76540;2496;0,32
76541;2489;0,15
76542;2544;1,54
76543;2517;0,86
76544;2495;0,30
76545;2493;0,25
76546;2486;0,07
76547;2496;0,32
76548;2489;0,15
76549;2491;0,20
76550;2544;1,54
76551;2512;0,73
76552;2497;0,35
76553;2496;0,32
76554;2541;1,46
76555;2491;0,20
76556;2496;0,32
76557;2514;0,78
76558;2481;0,00
76559;2484;0,02
76560;2523;1,01
76561;2491;0,20
76562;2519;0,91
76563;2518;0,88
76564;2480;0,00
76565;2490;0,17
76566;2486;0,07
76567;2527;1,11
76568;2483;0,00
76569;2481;0,00
76570;2496;0,32
76571;2490;0,17
76572;2481;0,00
76573;2487;0,10
76574;2489;0,15
76575;2492;0,22
76576;2487;0,10
76577;2495;0,30
76578;2489;0,15
76579;2481;0,00
76580;2544;1,54
76581;2509;0,65
76582;2493;0,25
76583;2523;1,01
76584;2481;0,00
76585;2491;0,20
76586;2519;0,91
76587;2541;1,46
76588;2499;0,40
76589;2507;0,60
76590;2513;0,75
76591;2500;0,43
76592;2508;0,63
76593;2498;0,37
76594;2499;0,40
76595;2533;1,26
76596;2538;1,39
76597;2512;0,73
76598;2493;0,25
76599;2507;0,60
76600;2499;0,40
76601;2498;0,37
76602;2510;0,68
76603;2529;1,16
76604;2512;0,73
76605;2512;0,73
76606;2513;0,75
76607;2514;0,78
76608;2501;0,45
76609;2506;0,58
76610;2532;1,23
76611;2512;0,73
76612;2512;0,73
76613;2505;0,55
76614;2512;0,73
76615;2519;0,91
76616;2502;0,48
76617;2505;0,55
76618;2512;0,73
76619;2502;0,48
76620;2544;1,54
76621;2522;0,98
76622;2501;0,45
76623;2502;0,48
76624;2501;0,45
76625;2486;0,07
76626;2491;0,20
76627;2495;0,30
76628;2496;0,32
76629;2552;1,74
76630;2499;0,40
76631;2495;0,30
76632;2490;0,17
76633;2495;0,30
76634;2517;0,86
76635;2493;0,25
76636;2517;0,86
76637;2480;0,00
76638;2481;0,00
76639;2495;0,30
76640;2481;0,00
76641;2497;0,35
76642;2500;0,43
76643;2513;0,75
76644;2523;1,01
76645;2484;0,02
76646;2482;0,00
76647;2482;0,00
76648;2511;0,70
76649;2481;0,00
76650;2490;0,17
76651;2483;0,00
76652;2480;0,00
76653;2491;0,20
76654;2533;1,26
76655;2530;1,18
76656;2494;0,27
76657;2505;0,55
76658;2482;0,00
76659;2512;0,73
76660;2526;1,08
76661;2521;0,96
76662;2495;0,30
76663;2529;1,16
76664;2541;1,46
76665;2483;0,00
76666;2512;0,73
76667;2511;0,70
76668;2491;0,20
76669;2490;0,17
76670;2493;0,25
76671;2480;0,00
76672;2512;0,73
76673;2480;0,00
76674;2526;1,08
76675;2512;0,73
76676;2485;0,05
76677;2480;0,00
76678;2542;1,49
76679;2489;0,15
76680;2494;0,27
76681;2513;0,75
76682;2489;0,15
76683;2491;0,20
76684;2501;0,45
76685;2534;1,29
76686;2495;0,30
76687;2485;0,05
76688;2507;0,60
76689;2501;0,45
76690;2495;0,30
76691;2518;0,88
76692;2497;0,35
76693;2511;0,70
76694;2496;0,32
76695;2534;1,29
76696;2495;0,30
76697;2509;0,65
76698;2497;0,35
76699;2503;0,50
76700;2502;0,48
76701;2501;0,45
76702;2497;0,35
76703;2506;0,58
76704;2544;1,54
76705;2514;0,78
76706;2505;0,55
76707;2513;0,75
76708;2557;1,87
76709;2526;1,08
76710;2499;0,40
76711;2520;0,93
76712;2501;0,45
76713;2512;0,73
76714;2516;0,83
76715;2495;0,30
76716;2540;1,44
76717;2509;0,65
76718;2505;0,55
76719;2499;0,40
76720;2521;0,96
76721;2499;0,40
76722;2499;0,40
76723;2526;1,08
76724;2496;0,32
76725;2530;1,18
76726;2496;0,32
76727;2528;1,13
76728;2547;1,61
76729;2496;0,32
76730;2527;1,11
76731;2495;0,30
76732;2516;0,83
76733;2539;1,41
76734;2497;0,35
76735;2510;0,68
76736;2520;0,93
76737;2512;0,73
76738;2498;0,37
76739;2515;0,80
76740;2501;0,45
76741;2497;0,35
76742;2551;1,72
76743;2512;0,73
76744;2486;0,07
76745;2497;0,35
76746;2510;0,68
76747;2495;0,30
76748;2496;0,32
76749;2495;0,30
76750;2497;0,35
76751;2512;0,73
76752;2529;1,16
76753;2500;0,43
76754;2494;0,27
76755;2501;0,45
76756;2505;0,55
76757;2499;0,40
76758;2509;0,65
76759;2491;0,20
76760;2506;0,58
76761;2496;0,32
76762;2488;0,12
76763;2503;0,50
76764;2519;0,91
76765;2501;0,45
76766;2521;0,96
76767;2517;0,86
76768;2495;0,30
76769;2497;0,35
76770;2501;0,45
76771;2487;0,10
76772;2509;0,65
76773;2496;0,32
76774;2498;0,37
76775;2507;0,60
76776;2494;0,27
76777;2498;0,37
76778;2527;1,11
76779;2502;0,48
76780;2499;0,40
76781;2490;0,17
76782;2511;0,70
76783;2490;0,17
76784;2517;0,86
76785;2512;0,73
76786;2499;0,40
76787;2514;0,78
76788;2531;1,21
76789;2495;0,30
76790;2519;0,91
76791;2515;0,80
76792;2502;0,48
76793;2499;0,40
76794;2514;0,78
76795;2533;1,26
76796;2491;0,20
76797;2498;0,37
76798;2512;0,73
76799;2526;1,08
76800;2512;0,73
76801;2538;1,39
76802;2511;0,70
76803;2513;0,75
76804;2544;1,54
76805;2534;1,29
76806;2511;0,70
76807;2503;0,50
76808;2511;0,70
76809;2512;0,73
76810;2529;1,16
76811;2546;1,59
76812;2512;0,73
76813;2517;0,86
76814;2510;0,68
76815;2507;0,60
76816;2507;0,60
76817;2499;0,40
76818;2535;1,31
76819;2498;0,37
76820;2502;0,48
76821;2498;0,37
76822;2517;0,86
76823;2512;0,73
76824;2527;1,11
76825;2493;0,25
76826;2503;0,50
76827;2490;0,17
76828;2490;0,17
76829;2528;1,13
76830;2490;0,17
76831;2491;0,20
76832;2496;0,32
76833;2498;0,37
76834;2496;0,32
76835;2516;0,83
76836;2507;0,60
76837;2489;0,15
76838;2480;0,00
76839;2527;1,11
76840;2512;0,73
76841;2503;0,50
76842;2499;0,40
76843;2519;0,91
76844;2495;0,30
76845;2508;0,63
76846;2497;0,35
76847;2501;0,45
76848;2545;1,56
76849;2496;0,32
76850;2538;1,39
76851;2512;0,73
76852;2491;0,20
76853;2511;0,70
76854;2495;0,30
76855;2512;0,73
76856;2507;0,60
76857;2487;0,10
76858;2503;0,50
76859;2546;1,59
76860;2551;1,72
76861;2503;0,50
76862;2496;0,32
76863;2512;0,73
76864;2506;0,58
76865;2517;0,86
76866;2503;0,50
76867;2528;1,13
76868;2554;1,79
76869;2505;0,55
76870;2505;0,55
76871;2515;0,80
76872;2513;0,75
76873;2509;0,65
76874;2517;0,86
76875;2510;0,68
76876;2528;1,13
76877;2544;1,54
76878;2521;0,96
76879;2544;1,54
76880;2549;1,66
76881;2507;0,60
76882;2528;1,13
76883;2507;0,60
76884;2530;1,18
76885;2507;0,60
76886;2512;0,73
76887;2526;1,08
76888;2522;0,98
76889;2515;0,80
76890;2533;1,26
76891;2501;0,45
76892;2502;0,48
76893;2510;0,68
76894;2524;1,03
76895;2499;0,40
76896;2534;1,29
76897;2502;0,48
76898;2504;0,53
76899;2497;0,35
76900;2517;0,86
76901;2501;0,45
76902;2502;0,48
76903;2499;0,40
76904;2496;0,32
76905;2559;1,92
76906;2529;1,16
76907;2496;0,32
76908;2512;0,73
76909;2489;0,15
76910;2499;0,40
76911;2492;0,22
76912;2494;0,27
76913;2501;0,45
76914;2496;0,32
76915;2495;0,30
76916;2499;0,40
76917;2513;0,75
76918;2525;1,06
76919;2496;0,32
76920;2506;0,58
76921;2507;0,60
76922;2523;1,01
76923;2499;0,40
76924;2509;0,65
76925;2521;0,96
76926;2507;0,60
76927;2496;0,32
76928;2502;0,48
76929;2503;0,50
76930;2496;0,32
76931;2492;0,22
76932;2497;0,35
76933;2486;0,07
76934;2497;0,35
76935;2495;0,30
76936;2490;0,17
76937;2519;0,91
76938;2507;0,60
76939;2495;0,30
76940;2505;0,55
76941;2484;0,02
76942;2497;0,35
76943;2495;0,30
76944;2512;0,73
76945;2544;1,54
76946;2497;0,35
76947;2502;0,48
76948;2513;0,75
76949;2512;0,73
76950;2495;0,30
76951;2483;0,00
76952;2494;0,27
76953;2503;0,50
76954;2499;0,40
76955;2483;0,00
76956;2499;0,40
76957;2522;0,98
76958;2505;0,55
76959;2487;0,10
76960;2497;0,35
76961;2512;0,73
76962;2519;0,91
76963;2499;0,40
76964;2501;0,45
76965;2484;0,02
76966;2501;0,45
76967;2484;0,02
76968;2493;0,25
76969;2491;0,20
76970;2486;0,07
76971;2508;0,63
76972;2490;0,17
76973;2528;1,13
76974;2487;0,10
76975;2548;1,64
76976;2505;0,55
76977;2502;0,48
76978;2493;0,25
76979;2499;0,40
76980;2525;1,06
76981;2515;0,80
76982;2496;0,32
76983;2498;0,37
76984;2495;0,30
76985;2524;1,03
76986;2503;0,50
76987;2539;1,41
76988;2512;0,73
76989;2496;0,32
76990;2496;0,32
76991;2531;1,21
76992;2506;0,58
76993;2503;0,50
76994;2510;0,68
76995;2501;0,45
76996;2523;1,01
76997;2545;1,56
76998;2508;0,63
76999;2496;0,32
77000;2512;0,73
77001;2496;0,32
77002;2512;0,73
77003;2551;1,72
77004;2502;0,48
77005;2507;0,60
77006;2509;0,65
77007;2496;0,32
77008;2511;0,70
77009;2493;0,25
77010;2499;0,40
77011;2512;0,73
77012;2497;0,35
77013;2509;0,65
77014;2501;0,45
77015;2497;0,35
77016;2502;0,48
77017;2496;0,32
77018;2503;0,50
77019;2503;0,50
77020;2502;0,48
77021;2506;0,58
77022;2523;1,01
77023;2493;0,25
77024;2496;0,32
77025;2499;0,40
77026;2501;0,45
77027;2492;0,22
77028;2512;0,73
77029;2494;0,27
77030;2512;0,73
77031;2496;0,32
77032;2503;0,50
77033;2498;0,37
77034;2496;0,32
77035;2496;0,32
77036;2507;0,60
77037;2497;0,35
77038;2558;1,89
77039;2521;0,96
77040;2501;0,45
77041;2497;0,35
77042;2528;1,13
77043;2505;0,55
77044;2505;0,55
77045;2499;0,40
77046;2544;1,54
77047;2522;0,98
77048;2519;0,91
77049;2496;0,32
77050;2512;0,73
77051;2505;0,55
77052;2510;0,68
77053;2498;0,37
77054;2511;0,70
77055;2509;0,65
77056;2506;0,58
77057;2519;0,91
77058;2511;0,70
77059;2512;0,73
77060;2512;0,73
77061;2509;0,65
77062;2512;0,73
77063;2512;0,73
77064;2512;0,73
77065;2511;0,70
77066;2513;0,75
77067;2503;0,50
77068;2517;0,86
77069;2530;1,18
77070;2542;1,49
77071;2510;0,68
77072;2519;0,91
77073;2551;1,72
77074;2519;0,91
77075;2512;0,73
77076;2542;1,49
77077;2512;0,73
77078;2514;0,78
77079;2510;0,68
77080;2506;0,58
77081;2527;1,11
77082;2526;1,08
77083;2513;0,75
77084;2512;0,73
77085;2542;1,49
77086;2510;0,68
77087;2512;0,73
77088;2512;0,73
77089;2525;1,06
77090;2515;0,80
77091;2516;0,83
77092;2531;1,21
77093;2510;0,68
77094;2507;0,60
77095;2515;0,80
77096;2512;0,73
77097;2506;0,58
77098;2493;0,25
77099;2512;0,73
77100;2514;0,78
77101;2509;0,65
77102;2519;0,91
77103;2537;1,36
77104;2536;1,34
77105;2516;0,83
77106;2512;0,73
77107;2542;1,49
77108;2532;1,23
77109;2495;0,30
77110;2511;0,70
77111;2505;0,55
77112;2509;0,65
77113;2521;0,96
77114;2525;1,06
77115;2503;0,50
77116;2526;1,08
77117;2522;0,98
77118;2523;1,01
77119;2510;0,68
77120;2512;0,73
77121;2497;0,35
77122;2514;0,78
77123;2521;0,96
77124;2501;0,45
77125;2507;0,60
77126;2519;0,91
77127;2540;1,44
77128;2528;1,13
77129;2507;0,60
77130;2510;0,68
77131;2496;0,32
77132;2495;0,30
77133;2501;0,45
77134;2494;0,27
77135;2495;0,30
77136;2503;0,50
77137;2497;0,35
77138;2542;1,49
77139;2484;0,02
77140;2515;0,80
77141;2500;0,43
77142;2495;0,30
77143;2493;0,25
77144;2487;0,10
77145;2497;0,35
77146;2529;1,16
77147;2481;0,00
77148;2498;0,37
77149;2481;0,00
77150;2495;0,30
77151;2494;0,27
77152;2503;0,50
77153;2492;0,22
77154;2517;0,86
77155;2515;0,80
77156;2514;0,78
77157;2484;0,02
77158;2553;1,77
77159;2495;0,30
77160;2492;0,22
77161;2494;0,27
77162;2499;0,40
77163;2498;0,37
77164;2495;0,30
77165;2548;1,64
77166;2506;0,58
77167;2504;0,53
77168;2512;0,73
77169;2496;0,32
77170;2517;0,86
77171;2492;0,22
77172;2511;0,70
77173;2519;0,91
77174;2510;0,68
77175;2514;0,78
77176;2507;0,60
77177;2499;0,40
77178;2553;1,77
77179;2527;1,11
77180;2502;0,48
77181;2557;1,87
77182;2525;1,06
77183;2535;1,31
77184;2507;0,60
77185;2499;0,40
77186;2534;1,29
77187;2511;0,70
77188;2508;0,63
77189;2526;1,08
77190;2538;1,39
77191;2505;0,55
77192;2507;0,60
77193;2521;0,96
77194;2512;0,73
77195;2541;1,46
77196;2515;0,80
77197;2518;0,88
77198;2510;0,68
77199;2521;0,96
77200;2530;1,18
77201;2510;0,68
77202;2533;1,26
77203;2514;0,78
77204;2514;0,78
77205;2519;0,91
77206;2559;1,92
77207;2524;1,03
77208;2539;1,41
77209;2503;0,50
77210;2528;1,13
77211;2518;0,88
77212;2502;0,48
77213;2518;0,88
77214;2512;0,73
77215;2545;1,56
77216;2512;0,73
77217;2498;0,37
77218;2502;0,48
77219;2510;0,68
77220;2529;1,16
77221;2503;0,50
77222;2510;0,68
77223;2497;0,35
77224;2500;0,43
77225;2498;0,37
77226;2528;1,13
77227;2496;0,32
77228;2518;0,88
77229;2495;0,30
77230;2496;0,32
77231;2512;0,73
77232;2544;1,54
77233;2506;0,58
77234;2501;0,45
77235;2529;1,16
77236;2498;0,37
77237;2497;0,35
77238;2508;0,63
77239;2499;0,40
77240;2534;1,29
77241;2530;1,18
77242;2513;0,75
77243;2498;0,37
77244;2512;0,73
77245;2559;1,92
77246;2499;0,40
77247;2503;0,50
77248;2503;0,50
77249;2499;0,40
77250;2530;1,18
77251;2496;0,32
77252;2559;1,92
77253;2531;1,21
77254;2511;0,70
77255;2505;0,55
77256;2516;0,83
77257;2502;0,48
77258;2521;0,96
77259;2516;0,83
77260;2512;0,73
77261;2534;1,29
77262;2533;1,26
77263;2516;0,83
77264;2519;0,91
77265;2540;1,44
77266;2534;1,29
77267;2521;0,96
77268;2535;1,31
77269;2515;0,80
77270;2525;1,06
77271;2507;0,60
77272;2509;0,65
77273;2539;1,41
77274;2533;1,26
77275;2527;1,11
77276;2506;0,58
77277;2498;0,37
77278;2498;0,37
77279;2529;1,16
77280;2518;0,88
77281;2508;0,63
77282;2557;1,87
77283;2498;0,37
77284;2551;1,72
77285;2501;0,45
77286;2527;1,11
77287;2496;0,32
77288;2528;1,13
77289;2496;0,32
77290;2498;0,37
77291;2501;0,45
77292;2521;0,96
77293;2515;0,80
77294;2494;0,27
77295;2541;1,46
77296;2489;0,15
77297;2493;0,25
77298;2493;0,25
77299;2509;0,65
77300;2559;1,92
77301;2533;1,26
77302;2486;0,07
77303;2494;0,27
77304;2507;0,60
77305;2502;0,48
77306;2497;0,35
77307;2509;0,65
77308;2511;0,70
77309;2491;0,20
77310;2511;0,70
77311;2490;0,17
77312;2523;1,01
77313;2490;0,17
77314;2525;1,06
77315;2545;1,56
77316;2501;0,45
77317;2496;0,32
77318;2515;0,80
77319;2491;0,20
77320;2517;0,86
77321;2527;1,11
77322;2506;0,58
77323;2512;0,73
77324;2495;0,30
77325;2497;0,35
77326;2501;0,45
77327;2494;0,27
77328;2535;1,31
77329;2499;0,40
77330;2501;0,45
77331;2523;1,01
77332;2499;0,40
77333;2534;1,29
77334;2524;1,03
77335;2505;0,55
77336;2509;0,65
77337;2516;0,83
77338;2496;0,32
77339;2493;0,25
77340;2526;1,08
77341;2528;1,13
77342;2497;0,35
77343;2525;1,06
77344;2507;0,60
77345;2497;0,35
77346;2532;1,23
77347;2499;0,40
77348;2512;0,73
77349;2512;0,73
77350;2510;0,68
77351;2496;0,32
77352;2512;0,73
77353;2522;0,98
77354;2501;0,45
77355;2528;1,13
77356;2512;0,73
77357;2522;0,98
77358;2559;1,92
77359;2512;0,73
77360;2513;0,75
77361;2521;0,96
77362;2544;1,54
77363;2509;0,65
77364;2531;1,21
77365;2512;0,73
77366;2513;0,75
77367;2511;0,70
77368;2543;1,51
77369;2511;0,70
77370;2537;1,36
77371;2512;0,73
77372;2543;1,51
77373;2496;0,32
77374;2496;0,32
77375;2506;0,58
77376;2508;0,63
77377;2513;0,75
77378;2512;0,73
77379;2517;0,86
77380;2533;1,26
77381;2507;0,60
77382;2508;0,63
77383;2505;0,55
77384;2503;0,50
77385;2549;1,66
77386;2499;0,40
77387;2530;1,18
77388;2496;0,32
77389;2499;0,40
77390;2493;0,25
77391;2515;0,80
77392;2531;1,21
77393;2503;0,50
77394;2493;0,25
77395;2490;0,17
77396;2511;0,70
77397;2501;0,45
77398;2496;0,32
77399;2533;1,26
77400;2501;0,45
77401;2506;0,58
77402;2512;0,73
77403;2495;0,30
77404;2527;1,11
77405;2493;0,25
77406;2522;0,98
77407;2487;0,10
77408;2510;0,68
77409;2513;0,75
77410;2499;0,40
77411;2501;0,45
77412;2534;1,29
77413;2541;1,46
77414;2499;0,40
77415;2489;0,15
77416;2525;1,06
77417;2535;1,31
77418;2490;0,17
77419;2495;0,30
77420;2515;0,80
77421;2496;0,32
77422;2528;1,13
77423;2519;0,91
77424;2503;0,50
77425;2499;0,40
77426;2523;1,01
77427;2512;0,73
77428;2502;0,48
77429;2535;1,31
77430;2511;0,70
77431;2491;0,20
77432;2512;0,73
77433;2509;0,65
77434;2515;0,80
77435;2502;0,48
77436;2511;0,70
77437;2498;0,37
77438;2500;0,43
77439;2505;0,55
77440;2513;0,75
77441;2512;0,73
77442;2505;0,55
77443;2502;0,48
77444;2534;1,29
77445;2499;0,40
77446;2521;0,96
77447;2518;0,88
77448;2512;0,73
77449;2497;0,35
77450;2513;0,75
77451;2507;0,60
77452;2512;0,73
77453;2526;1,08
77454;2509;0,65
77455;2512;0,73
77456;2510;0,68
77457;2498;0,37
77458;2533;1,26
77459;2505;0,55
77460;2499;0,40
77461;2478;0,00
77462;2515;0,80
77463;2498;0,37
77464;2500;0,43
77465;2493;0,25
77466;2530;1,18
77467;2487;0,10
77468;2558;1,89
77469;2493;0,25
77470;2519;0,91
77471;2495;0,30
77472;2544;1,54
77473;2508;0,63
77474;2511;0,70
77475;2507;0,60
77476;2512;0,73
77477;2512;0,73
77478;2490;0,17
77479;2483;0,00
77480;2522;0,98
77481;2512;0,73
77482;2501;0,45
77483;2493;0,25
77484;2523;1,01
77485;2507;0,60
77486;2506;0,58
77487;2487;0,10
77488;2495;0,30
77489;2526;1,08
77490;2489;0,15
77491;2487;0,10
77492;2491;0,20
77493;2515;0,80
77494;2539;1,41
77495;2517;0,86
77496;2487;0,10
77497;2487;0,10
77498;2512;0,73
77499;2524;1,03
77500;2507;0,60
77501;2491;0,20
77502;2524;1,03
77503;2503;0,50
77504;2510;0,68
77505;2499;0,40
77506;2513;0,75
77507;2522;0,98
77508;2501;0,45
77509;2486;0,07
77510;2509;0,65
77511;2513;0,75
77512;2513;0,75
77513;2503;0,50
77514;2549;1,66
77515;2506;0,58
77516;2525;1,06
77517;2490;0,17
77518;2525;1,06
77519;2514;0,78
77520;2511;0,70
77521;2511;0,70
77522;2547;1,61
77523;2503;0,50
77524;2508;0,63
77525;2514;0,78
77526;2501;0,45
77527;2499;0,40
77528;2500;0,43
77529;2516;0,83
77530;2518;0,88
77531;2538;1,39
77532;2512;0,73
77533;2535;1,31
77534;2507;0,60
77535;2544;1,54
77536;2512;0,73
77537;2511;0,70
77538;2494;0,27
77539;2544;1,54
77540;2498;0,37
77541;2516;0,83
77542;2529;1,16
77543;2515;0,80
77544;2512;0,73
77545;2517;0,86
77546;2511;0,70
77547;2539;1,41
77548;2517;0,86
77549;2525;1,06
77550;2507;0,60
77551;2527;1,11
77552;2512;0,73
77553;2499;0,40
77554;2527;1,11
77555;2505;0,55
77556;2496;0,32
77557;2510;0,68
77558;2506;0,58
77559;2496;0,32
77560;2501;0,45
77561;2523;1,01
77562;2496;0,32
77563;2507;0,60
77564;2495;0,30
77565;2509;0,65
77566;2503;0,50
77567;2509;0,65
77568;2499;0,40
77569;2506;0,58
77570;2496;0,32
77571;2509;0,65
77572;2531;1,21
77573;2515;0,80
77574;2496;0,32
77575;2531;1,21
77576;2498;0,37
77577;2531;1,21
77578;2497;0,35
77579;2496;0,32
77580;2507;0,60
77581;2498;0,37
77582;2490;0,17
77583;2496;0,32
77584;2513;0,75
77585;2483;0,00
77586;2486;0,07
77587;2522;0,98
77588;2498;0,37
77589;2507;0,60
77590;2498;0,37
77591;2495;0,30
77592;2493;0,25
77593;2487;0,10
77594;2530;1,18
77595;2528;1,13
77596;2510;0,68
77597;2496;0,32
77598;2496;0,32
77599;2511;0,70
77600;2498;0,37
77601;2525;1,06
77602;2503;0,50
77603;2512;0,73
77604;2535;1,31
77605;2509;0,65
77606;2512;0,73
77607;2503;0,50
77608;2518;0,88
77609;2513;0,75
77610;2511;0,70
77611;2544;1,54
77612;2495;0,30
77613;2502;0,48
77614;2485;0,05
77615;2538;1,39
77616;2512;0,73
77617;2511;0,70
77618;2529;1,16
77619;2517;0,86
77620;2539;1,41
77621;2511;0,70
77622;2524;1,03
77623;2538;1,39
77624;2527;1,11
77625;2506;0,58
77626;2507;0,60
77627;2521;0,96
77628;2517;0,86
77629;2526;1,08
77630;2554;1,79
77631;2538;1,39
77632;2505;0,55
77633;2508;0,63
77634;2514;0,78
77635;2512;0,73
77636;2512;0,73
77637;2527;1,11
77638;2515;0,80
77639;2546;1,59
77640;2521;0,96
77641;2535;1,31
77642;2513;0,75
77643;2521;0,96
77644;2510;0,68
77645;2510;0,68
77646;2509;0,65
77647;2507;0,60
77648;2517;0,86
77649;2513;0,75
77650;2509;0,65
77651;2545;1,56
77652;2533;1,26
77653;2512;0,73
77654;2503;0,50
77655;2502;0,48
77656;2518;0,88
77657;2533;1,26
77658;2528;1,13
77659;2514;0,78
77660;2511;0,70
77661;2503;0,50
77662;2499;0,40
77663;2507;0,60
77664;2498;0,37
77665;2512;0,73
77666;2517;0,86
77667;2507;0,60
77668;2505;0,55
77669;2502;0,48
77670;2497;0,35
77671;2513;0,75
77672;2502;0,48
77673;2513;0,75
77674;2505;0,55
77675;2517;0,86
77676;2528;1,13
77677;2498;0,37
77678;2498;0,37
77679;2509;0,65
77680;2496;0,32
77681;2512;0,73
77682;2503;0,50
77683;2512;0,73
77684;2506;0,58
77685;2518;0,88
77686;2507;0,60
77687;2503;0,50
77688;2510;0,68
77689;2491;0,20
77690;2503;0,50
77691;2509;0,65
77692;2496;0,32
77693;2502;0,48
77694;2496;0,32
77695;2531;1,21
77696;2534;1,29
77697;2499;0,40
77698;2495;0,30
77699;2511;0,70
77700;2493;0,25
77701;2485;0,05
77702;2513;0,75
77703;2528;1,13
77704;2498;0,37
77705;2529;1,16
77706;2517;0,86
77707;2522;0,98
77708;2500;0,43
77709;2505;0,55
77710;2514;0,78
77711;2497;0,35
77712;2486;0,07
77713;2507;0,60
77714;2559;1,92
77715;2489;0,15
77716;2505;0,55
77717;2499;0,40
77718;2519;0,91
77719;2493;0,25
77720;2513;0,75
77721;2511;0,70
77722;2496;0,32
77723;2502;0,48
77724;2509;0,65
77725;2498;0,37
77726;2507;0,60
77727;2503;0,50
77728;2501;0,45
77729;2550;1,69
77730;2506;0,58
77731;2505;0,55
77732;2527;1,11
77733;2491;0,20
77734;2498;0,37
77735;2497;0,35
77736;2507;0,60
77737;2525;1,06
77738;2495;0,30
77739;2545;1,56
77740;2548;1,64
77741;2480;0,00
77742;2496;0,32
77743;2496;0,32
77744;2495;0,30
77745;2502;0,48
77746;2523;1,01
77747;2509;0,65
77748;2509;0,65
77749;2531;1,21
77750;2539;1,41
77751;2497;0,35
77752;2506;0,58
77753;2503;0,50
77754;2482;0,00
77755;2522;0,98
77756;2505;0,55
77757;2527;1,11
77758;2497;0,35
77759;2501;0,45
77760;2502;0,48
77761;2522;0,98
77762;2523;1,01
77763;2492;0,22
77764;2498;0,37
77765;2513;0,75
77766;2507;0,60
77767;2510;0,68
77768;2494;0,27
77769;2497;0,35
77770;2503;0,50
77771;2512;0,73
77772;2498;0,37
77773;2499;0,40
77774;2495;0,30
77775;2494;0,27
77776;2494;0,27
77777;2490;0,17
77778;2494;0,27
77779;2498;0,37
77780;2502;0,48
77781;2491;0,20
77782;2508;0,63
77783;2493;0,25
77784;2521;0,96
77785;2489;0,15
77786;2505;0,55
77787;2495;0,30
77788;2507;0,60
77789;2515;0,80
77790;2505;0,55
77791;2544;1,54
77792;2498;0,37
77793;2512;0,73
77794;2497;0,35
77795;2512;0,73
77796;2517;0,86
77797;2496;0,32
77798;2496;0,32
77799;2506;0,58
77800;2513;0,75
77801;2523;1,01
77802;2496;0,32
77803;2498;0,37
77804;2535;1,31
77805;2510;0,68
77806;2539;1,41
77807;2501;0,45
77808;2507;0,60
77809;2514;0,78
77810;2498;0,37
77811;2511;0,70
77812;2519;0,91
77813;2496;0,32
77814;2526;1,08
77815;2507;0,60
77816;2509;0,65
77817;2500;0,43
77818;2512;0,73
77819;2512;0,73
77820;2513;0,75
77821;2503;0,50
77822;2499;0,40
77823;2510;0,68
77824;2519;0,91
77825;2512;0,73
77826;2508;0,63
77827;2505;0,55
77828;2527;1,11
77829;2507;0,60
77830;2509;0,65
77831;2537;1,36
77832;2512;0,73
77833;2533;1,26
77834;2512;0,73
77835;2514;0,78
77836;2527;1,11
77837;2513;0,75
77838;2511;0,70
77839;2533;1,26
77840;2511;0,70
77841;2512;0,73
77842;2507;0,60
77843;2511;0,70
77844;2511;0,70
77845;2523;1,01
77846;2512;0,73
77847;2507;0,60
77848;2513;0,75
77849;2512;0,73
77850;2519;0,91
77851;2507;0,60
77852;2512;0,73
77853;2509;0,65
77854;2557;1,87
77855;2525;1,06
77856;2518;0,88
77857;2498;0,37
77858;2506;0,58
77859;2543;1,51
77860;2510;0,68
77861;2513;0,75
77862;2530;1,18
77863;2514;0,78
77864;2518;0,88
77865;2515;0,80
77866;2518;0,88
77867;2529;1,16
77868;2512;0,73
77869;2509;0,65
77870;2559;1,92
77871;2512;0,73
77872;2527;1,11
77873;2518;0,88
77874;2554;1,79
77875;2510;0,68
77876;2510;0,68
77877;2512;0,73
77878;2517;0,86
77879;2515;0,80
77880;2527;1,11
77881;2523;1,01
77882;2509;0,65
77883;2515;0,80
77884;2518;0,88
77885;2513;0,75
77886;2519;0,91
77887;2539;1,41
77888;2544;1,54
77889;2519;0,91
77890;2512;0,73
77891;2506;0,58
77892;2512;0,73
77893;2518;0,88
77894;2512;0,73
77895;2511;0,70
77896;2543;1,51
77897;2521;0,96
77898;2503;0,50
77899;2529;1,16
77900;2546;1,59
77901;2521;0,96
77902;2518;0,88
77903;2512;0,73
77904;2529;1,16
77905;2555;1,82
77906;2509;0,65
77907;2521;0,96
77908;2515;0,80
77909;2509;0,65
77910;2522;0,98
77911;2531;1,21
77912;2541;1,46
77913;2512;0,73
77914;2519;0,91
77915;2547;1,61
77916;2507;0,60
77917;2508;0,63
77918;2518;0,88
77919;2537;1,36
77920;2512;0,73
77921;2509;0,65
77922;2503;0,50
77923;2512;0,73
77924;2528;1,13
77925;2511;0,70
77926;2529;1,16
77927;2523;1,01
77928;2523;1,01
77929;2515;0,80
77930;2510;0,68
77931;2543;1,51
77932;2507;0,60
77933;2517;0,86
77934;2510;0,68
77935;2540;1,44
77936;2507;0,60
77937;2505;0,55
77938;2509;0,65
77939;2551;1,72
77940;2527;1,11
77941;2527;1,11
77942;2501;0,45
77943;2523;1,01
77944;2533;1,26
77945;2519;0,91
77946;2503;0,50
77947;2512;0,73
77948;2513;0,75
77949;2525;1,06
77950;2518;0,88
77951;2527;1,11
77952;2533;1,26
77953;2510;0,68
77954;2510;0,68
77955;2512;0,73
77956;2540;1,44
77957;2542;1,49
77958;2559;1,92
77959;2518;0,88
77960;2559;1,92
77961;2515;0,80
77962;2526;1,08
77963;2505;0,55
77964;2517;0,86
77965;2559;1,92
77966;2522;0,98
77967;2550;1,69
77968;2528;1,13
77969;2513;0,75
77970;2546;1,59
77971;2515;0,80
77972;2513;0,75
77973;2512;0,73
77974;2529;1,16
77975;2510;0,68
77976;2531;1,21
77977;2540;1,44
77978;2549;1,66
77979;2533;1,26
77980;2529;1,16
77981;2519;0,91
77982;2512;0,73
77983;2551;1,72
77984;2527;1,11
77985;2558;1,89
77986;2559;1,92
77987;2514;0,78
77988;2523;1,01
77989;2559;1,92
77990;2523;1,01
77991;2511;0,70
77992;2533;1,26
77993;2516;0,83
77994;2554;1,79
77995;2518;0,88
77996;2521;0,96
77997;2521;0,96
77998;2515;0,80
77999;2506;0,58
78000;2529;1,16
78001;2554;1,79
78002;2544;1,54
78003;2512;0,73
78004;2544;1,54
78005;2549;1,66
78006;2544;1,54
78007;2554;1,79
78008;2507;0,60
78009;2526;1,08
78010;2559;1,92
78011;2590;2,70
78012;2524;1,03
78013;2514;0,78
78014;2519;0,91
78015;2518;0,88
78016;2529;1,16
78017;2542;1,49
78018;2559;1,92
78019;2543;1,51
78020;2519;0,91
78021;2531;1,21
78022;2519;0,91
78023;2542;1,49
78024;2536;1,34
78025;2527;1,11
78026;2559;1,92
78027;2527;1,11
78028;2543;1,51
78029;2546;1,59
78030;2559;1,92
78031;2523;1,01
78032;2559;1,92
78033;2527;1,11
78034;2530;1,18
78035;2559;1,92
78036;2559;1,92
78037;2539;1,41
78038;2594;2,80
78039;2542;1,49
78040;2605;3,08
78041;2557;1,87
78042;2535;1,31
78043;2545;1,56
78044;2559;1,92
78045;2582;2,50
78046;2547;1,61
78047;2545;1,56
78048;2545;1,56
78049;2599;2,93
78050;2559;1,92
78051;2559;1,92
78052;2547;1,61
78053;2551;1,72
78054;2554;1,79
78055;2559;1,92
78056;2551;1,72
78057;2559;1,92
78058;2559;1,92
78059;2559;1,92
78060;2559;1,92
78061;2559;1,92
78062;2549;1,66
78063;2551;1,72
78064;2559;1,92
78065;2551;1,72
78066;2559;1,92
78067;2554;1,79
78068;2559;1,92
78069;2559;1,92
78070;2594;2,80
78071;2557;1,87
78072;2559;1,92
78073;2555;1,82
78074;2608;3,16
78075;2549;1,66
78076;2558;1,89
78077;2557;1,87
78078;2618;3,41
78079;2559;1,92
78080;2559;1,92
78081;2559;1,92
78082;2559;1,92
78083;2559;1,92
78084;2558;1,89
78085;2559;1,92
78086;2559;1,92
78087;2587;2,63
78088;2559;1,92
78089;2559;1,92
78090;2559;1,92
78091;2623;3,54
78092;2559;1,92
78093;2559;1,92
78094;2559;1,92
78095;2601;2,98
78096;2593;2,78
78097;2559;1,92
78098;2589;2,68
78099;2559;1,92
78100;2559;1,92
78101;2621;3,49
78102;2559;1,92
78103;2559;1,92
78104;2596;2,85
78105;2640;3,97
78106;2587;2,63
78107;2594;2,80
78108;2589;2,68
78109;2655;4,35
78110;2611;3,23
78111;2582;2,50
78112;2585;2,58
78113;2591;2,73
78114;2591;2,73
78115;2611;3,23
78116;2603;3,03
78117;2593;2,78
78118;2640;3,97
78119;2595;2,83
78120;2609;3,18
78121;2593;2,78
78122;2613;3,28
78123;2606;3,11
78124;2593;2,78
78125;2591;2,73
78126;2615;3,34
78127;2645;4,09
78128;2605;3,08
78129;2594;2,80
78130;2609;3,18
78131;2605;3,08
78132;2645;4,09
78133;2605;3,08
78134;2656;4,37
78135;2608;3,16
78136;2605;3,08
78137;2608;3,16
78138;2620;3,46
78139;2608;3,16
78140;2608;3,16
78141;2618;3,41
78142;2624;3,56
78143;2609;3,18
78144;2615;3,34
78145;2630;3,71
78146;2637;3,89
78147;2608;3,16
78148;2609;3,18
78149;2595;2,83
78150;2640;3,97
78151;2623;3,54
78152;2624;3,56
78153;2607;3,13
78154;2602;3,01
78155;2605;3,08
78156;2620;3,46
78157;2639;3,94
78158;2604;3,06
78159;2645;4,09
78160;2631;3,74
78161;2606;3,11
78162;2622;3,51
78163;2605;3,08
78164;2606;3,11
78165;2603;3,03
78166;2601;2,98
78167;2609;3,18
78168;2608;3,16
78169;2611;3,23
78170;2637;3,89
78171;2607;3,13
78172;2630;3,71
78173;2607;3,13
78174;2602;3,01
78175;2619;3,44
78176;2608;3,16
78177;2607;3,13
78178;2651;4,25
78179;2624;3,56
78180;2611;3,23
78181;2610;3,21
78182;2601;2,98
78183;2610;3,21
78184;2608;3,16
78185;2608;3,16
78186;2614;3,31
78187;2619;3,44
78188;2607;3,13
78189;2630;3,71
78190;2619;3,44
78191;2635;3,84
78192;2639;3,94
78193;2655;4,35
78194;2631;3,74
78195;2625;3,59
78196;2650;4,22
78197;2642;4,02
78198;2640;3,97
78199;2624;3,56
78200;2624;3,56
78201;2624;3,56
78202;2622;3,51
78203;2625;3,59
78204;2628;3,66
78205;2623;3,54
78206;2631;3,74
78207;2625;3,59
78208;2623;3,54
78209;2625;3,59
78210;2630;3,71
78211;2640;3,97
78212;2627;3,64
78213;2649;4,20
78214;2635;3,84
78215;2626;3,61
78216;2640;3,97
78217;2631;3,74
78218;2619;3,44
78219;2615;3,34
78220;2625;3,59
78221;2619;3,44
78222;2624;3,56
78223;2622;3,51
78224;2627;3,64
78225;2623;3,54
78226;2640;3,97
78227;2626;3,61
78228;2621;3,49
78229;2622;3,51
78230;2615;3,34
78231;2621;3,49
78232;2627;3,64
78233;2629;3,69
78234;2627;3,64
78235;2621;3,49
78236;2624;3,56
78237;2656;4,37
78238;2646;4,12
78239;2623;3,54
78240;2672;4,78
78241;2625;3,59
78242;2625;3,59
78243;2629;3,69
78244;2673;4,80
78245;2624;3,56
78246;2633;3,79
78247;2625;3,59
78248;2624;3,56
78249;2624;3,56
78250;2618;3,41
78251;2648;4,17
78252;2645;4,09
78253;2627;3,64
78254;2640;3,97
78255;2624;3,56
78256;2626;3,61
78257;2647;4,14
78258;2630;3,71
78259;2629;3,69
78260;2640;3,97
78261;2641;3,99
78262;2644;4,07
78263;2630;3,71
78264;2635;3,84
78265;2640;3,97
78266;2638;3,92
78267;2641;3,99
78268;2631;3,74
78269;2634;3,82
78270;2624;3,56
78271;2627;3,64
78272;2657;4,40
78273;2633;3,79
78274;2652;4,27
78275;2671;4,75
78276;2625;3,59
78277;2629;3,69
78278;2682;5,03
78279;2621;3,49
78280;2637;3,89
78281;2640;3,97
78282;2617;3,39
78283;2619;3,44
78284;2640;3,97
78285;2620;3,46
78286;2626;3,61
78287;2615;3,34
78288;2610;3,21
78289;2633;3,79
78290;2618;3,41
78291;2624;3,56
78292;2611;3,23
78293;2607;3,13
78294;2637;3,89
78295;2605;3,08
78296;2613;3,28
78297;2607;3,13
78298;2613;3,28
78299;2619;3,44
78300;2647;4,14
78301;2609;3,18
78302;2613;3,28
78303;2608;3,16
78304;2607;3,13
78305;2613;3,28
78306;2633;3,79
78307;2615;3,34
78308;2613;3,28
78309;2609;3,18
78310;2613;3,28
78311;2608;3,16
78312;2627;3,64
78313;2630;3,71
78314;2618;3,41
78315;2595;2,83
78316;2559;1,92
78317;2619;3,44
78318;2671;4,75
78319;2621;3,49
78320;2642;4,02
78321;2624;3,56
78322;2658;4,42
78323;2644;4,07
78324;2595;2,83
78325;2619;3,44
78326;2614;3,31
78327;2631;3,74
78328;2621;3,49
78329;2622;3,51
78330;2606;3,11
78331;2609;3,18
78332;2638;3,92
78333;2617;3,39
78334;2638;3,92
78335;2609;3,18
78336;2619;3,44
78337;2653;4,30
78338;2637;3,89
78339;2617;3,39
78340;2618;3,41
78341;2677;4,90
78342;2640;3,97
78343;2623;3,54
78344;2624;3,56
78345;2643;4,04
78346;2640;3,97
78347;2640;3,97
78348;2608;3,16
78349;2613;3,28
78350;2608;3,16
78351;2611;3,23
78352;2606;3,11
78353;2625;3,59
78354;2655;4,35
78355;2623;3,54
78356;2611;3,23
78357;2627;3,64
78358;2622;3,51
78359;2609;3,18
78360;2611;3,23
78361;2609;3,18
78362;2609;3,18
78363;2604;3,06
78364;2597;2,88
78365;2593;2,78
78366;2588;2,65
78367;2590;2,70
78368;2596;2,85
78369;2601;2,98
78370;2608;3,16
78371;2625;3,59
78372;2609;3,18
78373;2593;2,78
78374;2606;3,11
78375;2604;3,06
78376;2607;3,13
78377;2609;3,18
78378;2620;3,46
78379;2637;3,89
78380;2602;3,01
78381;2613;3,28
78382;2647;4,14
78383;2613;3,28
78384;2661;4,50
78385;2614;3,31
78386;2655;4,35
78387;2617;3,39
78388;2642;4,02
78389;2624;3,56
78390;2620;3,46
78391;2663;4,55
78392;2629;3,69
78393;2625;3,59
78394;2624;3,56
78395;2649;4,20
78396;2630;3,71
78397;2628;3,66
78398;2654;4,32
78399;2623;3,54
78400;2624;3,56
78401;2666;4,63
78402;2615;3,34
78403;2623;3,54
78404;2620;3,46
78405;2618;3,41
78406;2621;3,49
78407;2608;3,16
78408;2608;3,16
78409;2662;4,52
78410;2596;2,85
78411;2640;3,97
78412;2593;2,78
78413;2595;2,83
78414;2609;3,18
78415;2612;3,26
78416;2607;3,13
78417;2608;3,16
78418;2614;3,31
78419;2597;2,88
78420;2602;3,01
78421;2645;4,09
78422;2590;2,70
78423;2643;4,04
78424;2592;2,75
78425;2591;2,73
78426;2597;2,88
78427;2596;2,85
78428;2595;2,83
78429;2599;2,93
78430;2602;3,01
78431;2608;3,16
78432;2608;3,16
78433;2636;3,87
78434;2614;3,31
78435;2619;3,44
78436;2615;3,34
78437;2634;3,82
78438;2610;3,21
78439;2631;3,74
78440;2624;3,56
78441;2631;3,74
78442;2626;3,61
78443;2619;3,44
78444;2617;3,39
78445;2611;3,23
78446;2610;3,21
78447;2613;3,28
78448;2624;3,56
78449;2625;3,59
78450;2607;3,13
78451;2606;3,11
78452;2654;4,32
78453;2603;3,03
78454;2601;2,98
78455;2618;3,41
78456;2599;2,93
78457;2595;2,83
78458;2597;2,88
78459;2606;3,11
78460;2592;2,75
78461;2605;3,08
78462;2593;2,78
78463;2590;2,70
78464;2603;3,03
78465;2586;2,60
78466;2603;3,03
78467;2594;2,80
78468;2611;3,23
78469;2599;2,93
78470;2585;2,58
78471;2605;3,08
78472;2559;1,92
78473;2585;2,58
78474;2635;3,84
78475;2586;2,60
78476;2595;2,83
78477;2640;3,97
78478;2595;2,83
78479;2597;2,88
78480;2637;3,89
78481;2618;3,41
78482;2583;2,53
78483;2593;2,78
78484;2601;2,98
78485;2593;2,78
78486;2559;1,92
78487;2559;1,92
78488;2559;1,92
78489;2635;3,84
78490;2594;2,80
78491;2605;3,08
78492;2637;3,89
78493;2588;2,65
78494;2610;3,21
78495;2599;2,93
78496;2595;2,83
78497;2607;3,13
78498;2601;2,98
78499;2608;3,16
78500;2604;3,06
78501;2608;3,16
78502;2608;3,16
78503;2640;3,97
78504;2619;3,44
78505;2623;3,54
78506;2610;3,21
78507;2647;4,14
78508;2638;3,92
78509;2597;2,88
78510;2647;4,14
78511;2608;3,16
78512;2608;3,16
78513;2601;2,98
78514;2613;3,28
78515;2595;2,83
78516;2609;3,18
78517;2595;2,83
78518;2559;1,92
78519;2604;3,06
78520;2593;2,78
78521;2643;4,04
78522;2640;3,97
78523;2625;3,59
78524;2611;3,23
78525;2647;4,14
78526;2597;2,88
78527;2641;3,99
78528;2588;2,65
78529;2581;2,47
78530;2582;2,50
78531;2627;3,64
78532;2597;2,88
78533;2585;2,58
78534;2585;2,58
78535;2602;3,01
78536;2559;1,92
78537;2589;2,68
78538;2582;2,50
78539;2586;2,60
78540;2559;1,92
78541;2585;2,58
78542;2601;2,98
78543;2588;2,65
78544;2644;4,07
78545;2608;3,16
78546;2599;2,93
78547;2628;3,66
78548;2603;3,03
78549;2583;2,53
78550;2593;2,78
78551;2559;1,92
78552;2559;1,92
78553;2586;2,60
78554;2580;2,45
78555;2559;1,92
78556;2597;2,88
78557;2559;1,92
78558;2617;3,39
78559;2583;2,53
78560;2593;2,78
78561;2559;1,92
78562;2559;1,92
78563;2583;2,53
78564;2586;2,60
78565;2595;2,83
78566;2631;3,74
78567;2587;2,63
78568;2583;2,53
78569;2559;1,92
78570;2618;3,41
78571;2559;1,92
78572;2583;2,53
78573;2558;1,89
78574;2559;1,92
78575;2559;1,92
78576;2559;1,92
78577;2549;1,66
78578;2559;1,92
78579;2559;1,92
78580;2582;2,50
78581;2559;1,92
78582;2607;3,13
78583;2621;3,49
78584;2642;4,02
78585;2593;2,78
78586;2601;2,98
78587;2589;2,68
78588;2586;2,60
78589;2582;2,50
78590;2595;2,83
78591;2559;1,92
78592;2590;2,70
78593;2559;1,92
78594;2602;3,01
78595;2606;3,11
78596;2597;2,88
78597;2583;2,53
78598;2615;3,34
78599;2559;1,92
78600;2597;2,88
78601;2598;2,90
78602;2608;3,16
78603;2611;3,23
78604;2599;2,93
78605;2605;3,08
78606;2590;2,70
78607;2589;2,68
78608;2585;2,58
78609;2559;1,92
78610;2601;2,98
78611;2590;2,70
78612;2581;2,47
78613;2594;2,80
78614;2597;2,88
78615;2599;2,93
78616;2605;3,08
78617;2639;3,94
78618;2600;2,96
78619;2591;2,73
78620;2595;2,83
78621;2589;2,68
78622;2647;4,14
78623;2602;3,01
78624;2608;3,16
78625;2585;2,58
78626;2624;3,56
78627;2602;3,01
78628;2559;1,92
78629;2559;1,92
78630;2559;1,92
78631;2559;1,92
78632;2608;3,16
78633;2583;2,53
78634;2559;1,92
78635;2555;1,82
78636;2555;1,82
78637;2583;2,53
78638;2606;3,11
78639;2546;1,59
78640;2622;3,51
78641;2559;1,92
78642;2581;2,47
78643;2559;1,92
78644;2559;1,92
78645;2615;3,34
78646;2559;1,92
78647;2584;2,55
78648;2559;1,92
78649;2640;3,97
78650;2608;3,16
78651;2587;2,63
78652;2559;1,92
78653;2583;2,53
78654;2587;2,63
78655;2588;2,65
78656;2609;3,18
78657;2559;1,92
78658;2582;2,50
78659;2583;2,53
78660;2605;3,08
78661;2559;1,92
78662;2559;1,92
78663;2589;2,68
78664;2559;1,92
78665;2558;1,89
78666;2559;1,92
78667;2559;1,92
78668;2613;3,28
78669;2559;1,92
78670;2591;2,73
78671;2555;1,82
78672;2555;1,82
78673;2590;2,70
78674;2614;3,31
78675;2554;1,79
78676;2544;1,54
78677;2603;3,03
78678;2603;3,03
78679;2546;1,59
78680;2547;1,61
78681;2559;1,92
78682;2554;1,79
78683;2544;1,54
78684;2532;1,23
78685;2582;2,50
78686;2547;1,61
78687;2545;1,56
78688;2542;1,49
78689;2544;1,54
78690;2545;1,56
78691;2544;1,54
78692;2539;1,41
78693;2544;1,54
78694;2544;1,54
78695;2545;1,56
78696;2555;1,82
78697;2604;3,06
78698;2546;1,59
78699;2544;1,54
78700;2559;1,92
78701;2558;1,89
78702;2615;3,34
78703;2557;1,87
78704;2549;1,66
78705;2554;1,79
78706;2555;1,82
78707;2557;1,87
78708;2555;1,82
78709;2547;1,61
78710;2583;2,53
78711;2559;1,92
78712;2553;1,77
78713;2559;1,92
78714;2559;1,92
78715;2559;1,92
78716;2559;1,92
78717;2559;1,92
78718;2559;1,92
78719;2549;1,66
78720;2559;1,92
78721;2559;1,92
78722;2559;1,92
78723;2607;3,13
78724;2582;2,50
78725;2545;1,56
78726;2591;2,73
78727;2545;1,56
78728;2543;1,51
78729;2592;2,75
78730;2555;1,82
78731;2541;1,46
78732;2542;1,49
78733;2559;1,92
78734;2544;1,54
78735;2544;1,54
78736;2543;1,51
78737;2535;1,31
78738;2595;2,83
78739;2599;2,93
78740;2525;1,06
78741;2535;1,31
78742;2534;1,29
78743;2551;1,72
78744;2593;2,78
78745;2533;1,26
78746;2592;2,75
78747;2520;0,93
78748;2524;1,03
78749;2586;2,60
78750;2523;1,01
78751;2527;1,11
78752;2519;0,91
78753;2553;1,77
78754;2544;1,54
78755;2523;1,01
78756;2517;0,86
78757;2543;1,51
78758;2517;0,86
78759;2514;0,78
78760;2517;0,86
78761;2593;2,78
78762;2528;1,13
78763;2525;1,06
78764;2512;0,73
78765;2521;0,96
78766;2518;0,88
78767;2537;1,36
78768;2539;1,41
78769;2544;1,54
78770;2538;1,39
78771;2534;1,29
78772;2543;1,51
78773;2541;1,46
78774;2538;1,39
78775;2541;1,46
78776;2546;1,59
78777;2559;1,92
78778;2544;1,54
78779;2542;1,49
78780;2543;1,51
78781;2547;1,61
78782;2542;1,49
78783;2559;1,92
78784;2546;1,59
78785;2544;1,54
78786;2553;1,77
78787;2552;1,74
78788;2547;1,61
78789;2547;1,61
78790;2593;2,78
78791;2559;1,92
78792;2544;1,54
78793;2544;1,54
78794;2546;1,59
78795;2559;1,92
78796;2559;1,92
78797;2559;1,92
78798;2559;1,92
78799;2559;1,92
78800;2554;1,79
78801;2551;1,72
78802;2556;1,84
78803;2559;1,92
78804;2542;1,49
78805;2548;1,64
78806;2539;1,41
78807;2534;1,29
78808;2587;2,63
78809;2554;1,79
78810;2541;1,46
78811;2547;1,61
78812;2586;2,60
78813;2541;1,46
78814;2594;2,80
78815;2538;1,39
78816;2539;1,41
78817;2547;1,61
78818;2541;1,46
78819;2528;1,13
78820;2539;1,41
78821;2531;1,21
78822;2522;0,98
78823;2537;1,36
78824;2527;1,11
78825;2535;1,31
78826;2513;0,75
78827;2554;1,79
78828;2524;1,03
78829;2523;1,01
78830;2524;1,03
78831;2524;1,03
78832;2531;1,21
78833;2529;1,16
78834;2524;1,03
78835;2533;1,26
78836;2522;0,98
78837;2519;0,91
78838;2523;1,01
78839;2529;1,16
78840;2522;0,98
78841;2534;1,29
78842;2526;1,08
78843;2541;1,46
78844;2527;1,11
78845;2519;0,91
78846;2532;1,23
78847;2544;1,54
78848;2587;2,63
78849;2526;1,08
78850;2554;1,79
78851;2544;1,54
78852;2550;1,69
78853;2542;1,49
78854;2559;1,92
78855;2559;1,92
78856;2531;1,21
78857;2533;1,26
78858;2544;1,54
78859;2541;1,46
78860;2529;1,16
78861;2559;1,92
78862;2544;1,54
78863;2535;1,31
78864;2534;1,29
78865;2543;1,51
78866;2538;1,39
78867;2545;1,56
78868;2559;1,92
78869;2549;1,66
78870;2559;1,92
78871;2545;1,56
78872;2551;1,72
78873;2554;1,79
78874;2548;1,64
78875;2544;1,54
78876;2541;1,46
78877;2559;1,92
78878;2544;1,54
78879;2545;1,56
78880;2544;1,54
78881;2550;1,69
78882;2555;1,82
78883;2553;1,77
78884;2545;1,56
78885;2559;1,92
78886;2544;1,54
78887;2554;1,79
78888;2559;1,92
78889;2552;1,74
78890;2559;1,92
78891;2559;1,92
78892;2608;3,16
78893;2559;1,92
78894;2559;1,92
78895;2559;1,92
78896;2551;1,72
78897;2590;2,70
78898;2602;3,01
78899;2559;1,92
78900;2615;3,34
78901;2559;1,92
78902;2554;1,79
78903;2555;1,82
78904;2602;3,01
78905;2547;1,61
78906;2557;1,87
78907;2559;1,92
78908;2549;1,66
78909;2554;1,79
78910;2549;1,66
78911;2554;1,79
78912;2559;1,92
78913;2581;2,47
78914;2545;1,56
78915;2589;2,68
78916;2547;1,61
78917;2559;1,92
78918;2544;1,54
78919;2549;1,66
78920;2544;1,54
78921;2592;2,75
78922;2539;1,41
78923;2559;1,92
78924;2545;1,56
78925;2555;1,82
78926;2555;1,82
78927;2559;1,92
78928;2559;1,92
78929;2535;1,31
78930;2543;1,51
78931;2541;1,46
78932;2543;1,51
78933;2545;1,56
78934;2550;1,69
78935;2542;1,49
78936;2545;1,56
78937;2545;1,56
78938;2534;1,29
78939;2544;1,54
78940;2543;1,51
78941;2559;1,92
78942;2550;1,69
78943;2554;1,79
78944;2544;1,54
78945;2555;1,82
78946;2544;1,54
78947;2559;1,92
78948;2557;1,87
78949;2559;1,92
78950;2553;1,77
78951;2595;2,83
78952;2544;1,54
78953;2559;1,92
78954;2544;1,54
78955;2546;1,59
78956;2605;3,08
78957;2559;1,92
78958;2617;3,39
78959;2559;1,92
78960;2543;1,51
78961;2555;1,82
78962;2559;1,92
78963;2582;2,50
78964;2559;1,92
78965;2608;3,16
78966;2549;1,66
78967;2559;1,92
78968;2549;1,66
78969;2559;1,92
78970;2559;1,92
78971;2559;1,92
78972;2557;1,87
78973;2607;3,13
78974;2550;1,69
78975;2550;1,69
78976;2559;1,92
78977;2559;1,92
78978;2550;1,69
78979;2559;1,92
78980;2547;1,61
78981;2549;1,66
78982;2559;1,92
78983;2559;1,92
78984;2601;2,98
78985;2559;1,92
78986;2559;1,92
78987;2546;1,59
78988;2557;1,87
78989;2586;2,60
78990;2544;1,54
78991;2559;1,92
78992;2546;1,59
78993;2557;1,87
78994;2550;1,69
78995;2551;1,72
78996;2545;1,56
78997;2544;1,54
78998;2555;1,82
78999;2559;1,92
79000;2559;1,92
79001;2551;1,72
79002;2537;1,36
79003;2550;1,69
79004;2544;1,54
79005;2543;1,51
79006;2559;1,92
79007;2545;1,56
79008;2544;1,54
79009;2556;1,84
79010;2559;1,92
79011;2544;1,54
79012;2550;1,69
79013;2537;1,36
79014;2559;1,92
79015;2539;1,41
79016;2539;1,41
79017;2544;1,54
79018;2544;1,54
79019;2540;1,44
79020;2594;2,80
79021;2547;1,61
79022;2543;1,51
79023;2547;1,61
79024;2544;1,54
79025;2541;1,46
79026;2559;1,92
79027;2534;1,29
79028;2593;2,78
79029;2559;1,92
79030;2544;1,54
79031;2542;1,49
79032;2545;1,56
79033;2555;1,82
79034;2543;1,51
79035;2556;1,84
79036;2542;1,49
79037;2557;1,87
79038;2539;1,41
79039;2541;1,46
79040;2544;1,54
79041;2559;1,92
79042;2559;1,92
79043;2542;1,49
79044;2605;3,08
79045;2539;1,41
79046;2590;2,70
79047;2547;1,61
79048;2551;1,72
79049;2549;1,66
79050;2559;1,92
79051;2554;1,79
79052;2550;1,69
79053;2559;1,92
79054;2545;1,56
79055;2545;1,56
79056;2559;1,92
79057;2555;1,82
79058;2549;1,66
79059;2557;1,87
79060;2544;1,54
79061;2559;1,92
79062;2547;1,61
79063;2525;1,06
79064;2551;1,72
79065;2596;2,85
79066;2539;1,41
79067;2538;1,39
79068;2555;1,82
79069;2549;1,66
79070;2539;1,41
79071;2548;1,64
79072;2599;2,93
79073;2559;1,92
79074;2544;1,54
79075;2589;2,68
79076;2595;2,83
79077;2544;1,54
79078;2538;1,39
79079;2559;1,92
79080;2559;1,92
79081;2537;1,36
79082;2551;1,72
79083;2559;1,92
79084;2530;1,18
79085;2545;1,56
79086;2544;1,54
79087;2528;1,13
79088;2543;1,51
79089;2540;1,44
79090;2536;1,34
79091;2534;1,29
79092;2534;1,29
79093;2559;1,92
79094;2545;1,56
79095;2554;1,79
79096;2529;1,16
79097;2533;1,26
79098;2527;1,11
79099;2556;1,84
79100;2551;1,72
79101;2544;1,54
79102;2523;1,01
79103;2529;1,16
79104;2533;1,26
79105;2534;1,29
79106;2528;1,13
79107;2555;1,82
79108;2519;0,91
79109;2534;1,29
79110;2525;1,06
79111;2544;1,54
79112;2525;1,06
79113;2544;1,54
79114;2528;1,13
79115;2527;1,11
79116;2526;1,08
79117;2541;1,46
79118;2527;1,11
79119;2526;1,08
79120;2592;2,75
79121;2533;1,26
79122;2531;1,21
79123;2544;1,54
79124;2549;1,66
79125;2544;1,54
79126;2531;1,21
79127;2559;1,92
79128;2547;1,61
79129;2525;1,06
79130;2528;1,13
79131;2539;1,41
79132;2547;1,61
79133;2535;1,31
79134;2585;2,58
79135;2559;1,92
79136;2559;1,92
79137;2533;1,26
79138;2526;1,08
79139;2555;1,82
79140;2559;1,92
79141;2529;1,16
79142;2534;1,29
79143;2517;0,86
79144;2544;1,54
79145;2539;1,41
79146;2535;1,31
79147;2558;1,89
79148;2529;1,16
79149;2555;1,82
79150;2553;1,77
79151;2557;1,87
79152;2515;0,80
79153;2518;0,88
79154;2513;0,75
79155;2545;1,56
79156;2517;0,86
79157;2529;1,16
79158;2529;1,16
79159;2549;1,66
79160;2531;1,21
79161;2514;0,78
79162;2521;0,96
79163;2540;1,44
79164;2538;1,39
79165;2519;0,91
79166;2526;1,08
79167;2558;1,89
79168;2518;0,88
79169;2529;1,16
79170;2538;1,39
79171;2538;1,39
79172;2515;0,80
79173;2513;0,75
79174;2513;0,75
79175;2528;1,13
79176;2513;0,75
79177;2553;1,77
79178;2522;0,98
79179;2526;1,08
79180;2513;0,75
79181;2509;0,65
79182;2557;1,87
79183;2526;1,08
79184;2559;1,92
79185;2539;1,41
79186;2534;1,29
79187;2512;0,73
79188;2512;0,73
79189;2519;0,91
79190;2512;0,73
79191;2512;0,73
79192;2517;0,86
79193;2514;0,78
79194;2547;1,61
79195;2512;0,73
79196;2523;1,01
79197;2550;1,69
79198;2512;0,73
79199;2512;0,73
79200;2557;1,87
79201;2512;0,73
79202;2544;1,54
79203;2535;1,31
79204;2515;0,80
79205;2512;0,73
79206;2514;0,78
79207;2521;0,96
79208;2515;0,80
79209;2510;0,68
79210;2512;0,73
79211;2515;0,80
79212;2523;1,01
79213;2533;1,26
79214;2559;1,92
79215;2512;0,73
79216;2513;0,75
79217;2510;0,68
79218;2521;0,96
79219;2519;0,91
79220;2511;0,70
79221;2512;0,73
79222;2511;0,70
79223;2512;0,73
79224;2519;0,91
79225;2538;1,39
79226;2529;1,16
79227;2513;0,75
79228;2512;0,73
79229;2523;1,01
79230;2516;0,83
79231;2512;0,73
79232;2530;1,18
79233;2534;1,29
79234;2507;0,60
79235;2525;1,06
79236;2519;0,91
79237;2533;1,26
79238;2529;1,16
79239;2513;0,75
79240;2512;0,73
79241;2522;0,98
79242;2512;0,73
79243;2538;1,39
79244;2512;0,73
79245;2541;1,46
79246;2509;0,65
79247;2519;0,91
79248;2519;0,91
79249;2530;1,18
79250;2546;1,59
79251;2518;0,88
79252;2512;0,73
79253;2535;1,31
79254;2511;0,70
79255;2522;0,98
79256;2549;1,66
79257;2507;0,60
79258;2511;0,70
79259;2513;0,75
79260;2525;1,06
79261;2512;0,73
79262;2512;0,73
79263;2532;1,23
79264;2513;0,75
79265;2512;0,73
79266;2529;1,16
79267;2538;1,39
79268;2513;0,75
79269;2530;1,18
79270;2498;0,37
79271;2495;0,30
79272;2549;1,66
79273;2496;0,32
79274;2542;1,49
79275;2510;0,68
79276;2509;0,65
79277;2507;0,60
79278;2503;0,50
79279;2512;0,73
79280;2512;0,73
79281;2506;0,58
79282;2524;1,03
79283;2515;0,80
79284;2503;0,50
79285;2530;1,18
79286;2517;0,86
79287;2516;0,83
79288;2511;0,70
79289;2517;0,86
79290;2510;0,68
79291;2521;0,96
79292;2511;0,70
79293;2519;0,91
79294;2507;0,60
79295;2517;0,86
79296;2512;0,73
79297;2502;0,48
79298;2555;1,82
79299;2495;0,30
79300;2511;0,70
79301;2531;1,21
79302;2544;1,54
79303;2531;1,21
79304;2519;0,91
79305;2544;1,54
79306;2510;0,68
79307;2523;1,01
79308;2511;0,70
79309;2524;1,03
79310;2515;0,80
79311;2523;1,01
79312;2512;0,73
79313;2511;0,70
79314;2513;0,75
79315;2535;1,31
79316;2512;0,73
79317;2526;1,08
79318;2541;1,46
79319;2533;1,26
79320;2512;0,73
79321;2559;1,92
79322;2507;0,60
79323;2509;0,65
79324;2502;0,48
79325;2512;0,73
79326;2522;0,98
79327;2512;0,73
79328;2507;0,60
79329;2518;0,88
79330;2503;0,50
79331;2500;0,43
79332;2512;0,73
79333;2539;1,41
79334;2519;0,91
79335;2508;0,63
79336;2497;0,35
79337;2510;0,68
79338;2511;0,70
79339;2512;0,73
79340;2512;0,73
79341;2512;0,73
79342;2512;0,73
79343;2514;0,78
79344;2546;1,59
79345;2507;0,60
79346;2509;0,65
79347;2517;0,86
79348;2501;0,45
79349;2503;0,50
79350;2501;0,45
79351;2528;1,13
79352;2502;0,48
79353;2529;1,16
79354;2523;1,01
79355;2505;0,55
79356;2507;0,60
79357;2516;0,83
79358;2544;1,54
79359;2525;1,06
79360;2512;0,73
79361;2509;0,65
79362;2507;0,60
79363;2525;1,06
79364;2527;1,11
79365;2534;1,29
79366;2499;0,40
79367;2551;1,72
79368;2506;0,58
79369;2544;1,54
79370;2514;0,78
79371;2501;0,45
79372;2533;1,26
79373;2529;1,16
79374;2511;0,70
79375;2543;1,51
79376;2501;0,45
79377;2541;1,46
79378;2503;0,50
79379;2521;0,96
79380;2527;1,11
79381;2507;0,60
79382;2524;1,03
79383;2508;0,63
79384;2519;0,91
79385;2518;0,88
79386;2533;1,26
79387;2535;1,31
79388;2526;1,08
79389;2521;0,96
79390;2509;0,65
79391;2511;0,70
79392;2527;1,11
79393;2508;0,63
79394;2559;1,92
79395;2523;1,01
79396;2533;1,26
79397;2512;0,73
79398;2513;0,75
79399;2544;1,54
79400;2499;0,40
79401;2501;0,45
79402;2541;1,46
79403;2506;0,58
79404;2545;1,56
79405;2539;1,41
79406;2525;1,06
79407;2509;0,65
79408;2547;1,61
79409;2519;0,91
79410;2515;0,80
79411;2544;1,54
79412;2559;1,92
79413;2509;0,65
79414;2503;0,50
79415;2512;0,73
79416;2517;0,86
79417;2512;0,73
79418;2512;0,73
79419;2522;0,98
79420;2533;1,26
79421;2512;0,73
79422;2528;1,13
79423;2515;0,80
79424;2526;1,08
79425;2526;1,08
79426;2558;1,89
79427;2537;1,36
79428;2531;1,21
79429;2501;0,45
79430;2506;0,58
79431;2507;0,60
79432;2559;1,92
79433;2512;0,73
79434;2509;0,65
79435;2512;0,73
79436;2513;0,75
79437;2514;0,78
79438;2516;0,83
79439;2511;0,70
79440;2541;1,46
79441;2527;1,11
79442;2527;1,11
79443;2559;1,92
79444;2537;1,36
79445;2517;0,86
79446;2514;0,78
79447;2503;0,50
79448;2512;0,73
79449;2541;1,46
79450;2527;1,11
79451;2510;0,68
79452;2510;0,68
79453;2534;1,29
79454;2530;1,18
79455;2507;0,60
79456;2533;1,26
79457;2512;0,73
79458;2515;0,80
79459;2512;0,73
79460;2507;0,60
79461;2507;0,60
79462;2511;0,70
79463;2527;1,11
79464;2527;1,11
79465;2519;0,91
79466;2583;2,53
79467;2513;0,75
79468;2512;0,73
79469;2512;0,73
79470;2510;0,68
79471;2548;1,64
79472;2512;0,73
79473;2523;1,01
79474;2512;0,73
79475;2512;0,73
79476;2502;0,48
79477;2518;0,88
79478;2529;1,16
79479;2497;0,35
79480;2511;0,70
79481;2523;1,01
79482;2507;0,60
79483;2545;1,56
79484;2512;0,73
79485;2509;0,65
79486;2531;1,21
79487;2544;1,54
79488;2533;1,26
79489;2531;1,21
79490;2517;0,86
79491;2501;0,45
79492;2542;1,49
79493;2523;1,01
79494;2508;0,63
79495;2502;0,48
79496;2534;1,29
79497;2537;1,36
79498;2513;0,75
79499;2503;0,50
79500;2523;1,01
79501;2530;1,18
79502;2506;0,58
79503;2511;0,70
79504;2559;1,92
79505;2513;0,75
79506;2501;0,45
79507;2510;0,68
79508;2512;0,73
79509;2537;1,36
79510;2502;0,48
79511;2507;0,60
79512;2512;0,73
79513;2505;0,55
79514;2509;0,65
79515;2510;0,68
79516;2499;0,40
79517;2497;0,35
79518;2538;1,39
79519;2497;0,35
79520;2512;0,73
79521;2544;1,54
79522;2556;1,84
79523;2509;0,65
79524;2494;0,27
79525;2503;0,50
79526;2533;1,26
79527;2502;0,48
79528;2507;0,60
79529;2525;1,06
79530;2522;0,98
79531;2545;1,56
79532;2519;0,91
79533;2514;0,78
79534;2505;0,55
79535;2524;1,03
79536;2503;0,50
79537;2527;1,11
79538;2529;1,16
79539;2496;0,32
79540;2498;0,37
79541;2506;0,58
79542;2496;0,32
79543;2502;0,48
79544;2512;0,73
79545;2528;1,13
79546;2510;0,68
79547;2505;0,55
79548;2529;1,16
79549;2544;1,54
79550;2495;0,30
79551;2496;0,32
79552;2496;0,32
79553;2533;1,26
79554;2509;0,65
79555;2509;0,65
79556;2544;1,54
79557;2505;0,55
79558;2499;0,40
79559;2508;0,63
79560;2498;0,37
79561;2509;0,65
79562;2559;1,92
79563;2520;0,93
79564;2518;0,88
79565;2509;0,65
79566;2521;0,96
79567;2522;0,98
79568;2533;1,26
79569;2510;0,68
79570;2531;1,21
79571;2501;0,45
79572;2522;0,98
79573;2508;0,63
79574;2499;0,40
79575;2501;0,45
79576;2527;1,11
79577;2475;0,00
79578;2539;1,41
79579;2519;0,91
79580;2497;0,35
79581;2496;0,32
79582;2502;0,48
79583;2506;0,58
79584;2522;0,98
79585;2503;0,50
79586;2501;0,45
79587;2487;0,10
79588;2501;0,45
79589;2491;0,20
79590;2534;1,29
79591;2494;0,27
79592;2495;0,30
79593;2512;0,73
79594;2529;1,16
79595;2493;0,25
79596;2499;0,40
79597;2531;1,21
79598;2487;0,10
79599;2526;1,08
79600;2489;0,15
79601;2491;0,20
79602;2494;0,27
79603;2523;1,01
79604;2487;0,10
79605;2496;0,32
79606;2508;0,63
79607;2533;1,26
79608;2487;0,10
79609;2489;0,15
79610;2481;0,00
79611;2496;0,32
79612;2505;0,55
79613;2502;0,48
79614;2502;0,48
79615;2503;0,50
79616;2491;0,20
79617;2509;0,65
79618;2512;0,73
79619;2486;0,07
79620;2503;0,50
79621;2515;0,80
79622;2501;0,45
79623;2531;1,21
79624;2502;0,48
79625;2525;1,06
79626;2492;0,22
79627;2491;0,20
79628;2505;0,55
79629;2489;0,15
79630;2495;0,30
79631;2495;0,30
79632;2499;0,40
79633;2515;0,80
79634;2503;0,50
79635;2512;0,73
79636;2495;0,30
79637;2540;1,44
79638;2496;0,32
79639;2491;0,20
79640;2514;0,78
79641;2496;0,32
79642;2522;0,98
79643;2509;0,65
79644;2501;0,45
79645;2510;0,68
79646;2503;0,50
79647;2490;0,17
79648;2494;0,27
79649;2487;0,10
79650;2494;0,27
79651;2517;0,86
79652;2489;0,15
79653;2494;0,27
79654;2512;0,73
79655;2512;0,73
79656;2524;1,03
79657;2497;0,35
79658;2480;0,00
79659;2486;0,07
79660;2493;0,25
79661;2543;1,51
79662;2512;0,73
79663;2489;0,15
79664;2480;0,00
79665;2507;0,60
79666;2543;1,51
79667;2486;0,07
79668;2480;0,00
79669;2487;0,10
79670;2485;0,05
79671;2482;0,00
79672;2482;0,00
79673;2480;0,00
79674;2497;0,35
79675;2479;0,00
79676;2521;0,96
79677;2500;0,43
79678;2505;0,55
79679;2495;0,30
79680;2499;0,40
79681;2496;0,32
79682;2503;0,50
79683;2491;0,20
79684;2477;0,00
79685;2487;0,10
79686;2479;0,00
79687;2480;0,00
79688;2479;0,00
79689;2522;0,98
79690;2531;1,21
79691;2481;0,00
79692;2480;0,00
79693;2516;0,83
79694;2527;1,11
79695;2480;0,00
79696;2507;0,60
79697;2480;0,00
79698;2480;0,00
79699;2491;0,20
79700;2481;0,00
79701;2480;0,00
79702;2490;0,17
79703;2484;0,02
79704;2495;0,30
79705;2497;0,35
79706;2485;0,05
79707;2492;0,22
79708;2512;0,73
79709;2492;0,22
79710;2483;0,00
79711;2499;0,40
79712;2496;0,32
79713;2490;0,17
79714;2483;0,00
79715;2513;0,75
79716;2482;0,00
79717;2478;0,00
79718;2484;0,02
79719;2516;0,83
79720;2491;0,20
79721;2541;1,46
79722;2511;0,70
79723;2502;0,48
79724;2495;0,30
79725;2534;1,29
79726;2501;0,45
79727;2526;1,08
79728;2483;0,00
79729;2494;0,27
79730;2519;0,91
79731;2511;0,70
79732;2531;1,21
79733;2541;1,46
79734;2493;0,25
79735;2495;0,30
79736;2480;0,00
79737;2505;0,55
79738;2493;0,25
79739;2510;0,68
79740;2518;0,88
79741;2483;0,00
79742;2509;0,65
79743;2497;0,35
79744;2512;0,73
79745;2491;0,20
79746;2538;1,39
79747;2519;0,91
79748;2487;0,10
79749;2510;0,68
79750;2499;0,40
79751;2496;0,32
79752;2485;0,05
79753;2498;0,37
79754;2485;0,05
79755;2514;0,78
79756;2507;0,60
79757;2520;0,93
79758;2507;0,60
79759;2485;0,05
79760;2480;0,00
79761;2485;0,05
79762;2480;0,00
79763;2482;0,00
79764;2543;1,51
79765;2497;0,35
79766;2483;0,00
79767;2507;0,60
79768;2496;0,32
79769;2497;0,35
79770;2489;0,15
79771;2481;0,00
79772;2480;0,00
79773;2523;1,01
79774;2485;0,05
79775;2485;0,05
79776;2495;0,30
79777;2510;0,68
79778;2497;0,35
79779;2483;0,00
79780;2496;0,32
79781;2517;0,86
79782;2490;0,17
79783;2481;0,00
79784;2479;0,00
79785;2480;0,00
79786;2485;0,05
79787;2486;0,07
79788;2518;0,88
79789;2544;1,54
79790;2512;0,73
79791;2499;0,40
79792;2506;0,58
79793;2481;0,00
79794;2480;0,00
79795;2506;0,58
79796;2502;0,48
79797;2506;0,58
79798;2486;0,07
79799;2525;1,06
79800;2495;0,30
79801;2507;0,60
79802;2492;0,22
79803;2490;0,17
79804;2491;0,20
79805;2509;0,65
79806;2493;0,25
79807;2518;0,88
79808;2481;0,00
79809;2495;0,30
79810;2499;0,40
79811;2512;0,73
79812;2513;0,75
79813;2507;0,60
79814;2487;0,10
79815;2510;0,68
79816;2492;0,22
79817;2495;0,30
79818;2518;0,88
79819;2493;0,25
79820;2487;0,10
79821;2515;0,80
79822;2497;0,35
79823;2522;0,98
79824;2498;0,37
79825;2501;0,45
79826;2513;0,75
79827;2494;0,27
79828;2507;0,60
79829;2507;0,60
79830;2487;0,10
79831;2490;0,17
79832;2524;1,03
79833;2502;0,48
79834;2513;0,75
79835;2485;0,05
79836;2496;0,32
79837;2533;1,26
79838;2493;0,25
79839;2486;0,07
79840;2510;0,68
79841;2493;0,25
79842;2497;0,35
79843;2499;0,40
79844;2529;1,16
79845;2518;0,88
79846;2514;0,78
79847;2497;0,35
79848;2519;0,91
79849;2497;0,35
79850;2496;0,32
79851;2544;1,54
79852;2540;1,44
79853;2541;1,46
79854;2507;0,60
79855;2494;0,27
79856;2494;0,27
79857;2501;0,45
79858;2538;1,39
79859;2491;0,20
79860;2511;0,70
79861;2499;0,40
79862;2522;0,98
79863;2505;0,55
79864;2482;0,00
79865;2544;1,54
79866;2528;1,13
79867;2489;0,15
79868;2511;0,70
79869;2496;0,32
79870;2494;0,27
79871;2480;0,00
79872;2490;0,17
79873;2491;0,20
79874;2493;0,25
79875;2511;0,70
79876;2483;0,00
79877;2491;0,20
79878;2525;1,06
79879;2498;0,37
79880;2512;0,73
79881;2496;0,32
79882;2502;0,48
79883;2498;0,37
79884;2487;0,10
79885;2498;0,37
79886;2505;0,55
79887;2531;1,21
79888;2491;0,20
79889;2502;0,48
79890;2487;0,10
79891;2485;0,05
79892;2525;1,06
79893;2496;0,32
79894;2497;0,35
79895;2499;0,40
79896;2497;0,35
79897;2495;0,30
79898;2499;0,40
79899;2498;0,37
79900;2491;0,20
79901;2514;0,78
79902;2498;0,37
79903;2500;0,43
79904;2495;0,30
79905;2526;1,08
79906;2501;0,45
79907;2543;1,51
79908;2490;0,17
79909;2499;0,40
79910;2511;0,70
79911;2527;1,11
79912;2503;0,50
79913;2512;0,73
79914;2516;0,83
79915;2505;0,55
79916;2559;1,92
79917;2512;0,73
79918;2511;0,70
79919;2496;0,32
79920;2529;1,16
79921;2517;0,86
79922;2494;0,27
79923;2544;1,54
79924;2496;0,32
79925;2542;1,49
79926;2503;0,50
79927;2549;1,66
79928;2494;0,27
79929;2546;1,59
79930;2495;0,30
79931;2527;1,11
79932;2503;0,50
79933;2496;0,32
79934;2495;0,30
79935;2527;1,11
79936;2486;0,07
79937;2498;0,37
79938;2502;0,48
79939;2493;0,25
79940;2494;0,27
79941;2555;1,82
79942;2495;0,30
79943;2494;0,27
79944;2495;0,30
79945;2499;0,40
79946;2493;0,25
79947;2498;0,37
79948;2543;1,51
79949;2495;0,30
79950;2521;0,96
79951;2484;0,02
79952;2482;0,00
79953;2527;1,11
79954;2497;0,35
79955;2491;0,20
79956;2493;0,25
79957;2501;0,45
79958;2515;0,80
79959;2499;0,40
79960;2500;0,43
79961;2496;0,32
79962;2493;0,25
79963;2491;0,20
79964;2495;0,30
79965;2509;0,65
79966;2542;1,49
79967;2515;0,80
79968;2502;0,48
79969;2517;0,86
79970;2506;0,58
79971;2501;0,45
79972;2496;0,32
79973;2485;0,05
79974;2490;0,17
79975;2497;0,35
79976;2495;0,30
79977;2504;0,53
79978;2491;0,20
79979;2519;0,91
79980;2489;0,15
79981;2515;0,80
79982;2503;0,50
79983;2496;0,32
79984;2515;0,80
79985;2496;0,32
79986;2493;0,25
79987;2495;0,30
79988;2519;0,91
79989;2512;0,73
79990;2491;0,20
79991;2512;0,73
79992;2515;0,80
79993;2489;0,15
79994;2509;0,65
79995;2528;1,13
79996;2494;0,27
79997;2485;0,05
79998;2509;0,65
79999;2521;0,96
80000;2480;0,00
80001;2495;0,30
80002;2500;0,43
80003;2497;0,35
80004;2503;0,50
80005;2489;0,15
80006;2522;0,98
80007;2495;0,30
80008;2496;0,32
80009;2509;0,65
80010;2496;0,32
80011;2487;0,10
80012;2494;0,27
80013;2493;0,25
80014;2491;0,20
80015;2494;0,27
80016;2497;0,35
80017;2522;0,98
80018;2516;0,83
80019;2496;0,32
80020;2539;1,41
80021;2496;0,32
80022;2483;0,00
80023;2512;0,73
80024;2497;0,35
80025;2482;0,00
80026;2495;0,30
80027;2512;0,73
80028;2507;0,60
80029;2492;0,22
80030;2491;0,20
80031;2494;0,27
80032;2486;0,07
80033;2503;0,50
80034;2495;0,30
80035;2538;1,39
80036;2501;0,45
80037;2495;0,30
80038;2498;0,37
80039;2506;0,58
80040;2512;0,73
80041;2499;0,40
80042;2523;1,01
80043;2496;0,32
80044;2497;0,35
80045;2502;0,48
80046;2491;0,20
80047;2503;0,50
80048;2497;0,35
80049;2502;0,48
80050;2501;0,45
80051;2512;0,73
80052;2503;0,50
80053;2528;1,13
80054;2511;0,70
80055;2523;1,01
80056;2512;0,73
80057;2496;0,32
80058;2509;0,65
80059;2491;0,20
80060;2502;0,48
80061;2513;0,75
80062;2491;0,20
80063;2497;0,35
80064;2496;0,32
80065;2493;0,25
80066;2505;0,55
80067;2541;1,46
80068;2499;0,40
80069;2500;0,43
80070;2509;0,65
80071;2502;0,48
80072;2533;1,26
80073;2496;0,32
80074;2526;1,08
80075;2510;0,68
80076;2487;0,10
80077;2512;0,73
80078;2511;0,70
80079;2522;0,98
80080;2531;1,21
80081;2496;0,32
80082;2497;0,35
80083;2495;0,30
80084;2497;0,35
80085;2495;0,30
80086;2529;1,16
80087;2501;0,45
80088;2486;0,07
80089;2487;0,10
80090;2499;0,40
80091;2544;1,54
80092;2500;0,43
80093;2496;0,32
80094;2501;0,45
80095;2503;0,50
80096;2525;1,06
80097;2507;0,60
80098;2521;0,96
80099;2505;0,55
80100;2503;0,50
80101;2546;1,59
80102;2500;0,43
80103;2496;0,32
80104;2497;0,35
80105;2499;0,40
80106;2502;0,48
80107;2490;0,17
80108;2512;0,73
80109;2503;0,50
80110;2495;0,30
80111;2512;0,73
80112;2496;0,32
80113;2499;0,40
80114;2497;0,35
80115;2496;0,32
80116;2499;0,40
80117;2544;1,54
80118;2496;0,32
80119;2496;0,32
80120;2509;0,65
80121;2499;0,40
80122;2497;0,35
80123;2499;0,40
80124;2505;0,55
80125;2489;0,15
80126;2515;0,80
80127;2496;0,32
80128;2513;0,75
80129;2494;0,27
80130;2496;0,32
80131;2507;0,60
80132;2486;0,07
80133;2496;0,32
80134;2538;1,39
80135;2509;0,65
80136;2502;0,48
80137;2485;0,05
80138;2490;0,17
80139;2513;0,75
80140;2486;0,07
80141;2518;0,88
80142;2525;1,06
80143;2496;0,32
80144;2510;0,68
80145;2485;0,05
80146;2489;0,15
80147;2485;0,05
80148;2528;1,13
80149;2509;0,65
80150;2509;0,65
80151;2491;0,20
80152;2519;0,91
80153;2487;0,10
80154;2499;0,40
80155;2510;0,68
80156;2496;0,32
80157;2531;1,21
80158;2485;0,05
80159;2485;0,05
80160;2519;0,91
80161;2527;1,11
80162;2487;0,10
80163;2522;0,98
80164;2517;0,86
80165;2496;0,32
80166;2493;0,25
80167;2510;0,68
80168;2485;0,05
80169;2489;0,15
80170;2493;0,25
80171;2496;0,32
80172;2494;0,27
80173;2509;0,65
80174;2514;0,78
80175;2512;0,73
80176;2502;0,48
80177;2501;0,45
80178;2513;0,75
80179;2495;0,30
80180;2510;0,68
80181;2501;0,45
80182;2511;0,70
80183;2503;0,50
80184;2539;1,41
80185;2510;0,68
80186;2510;0,68
80187;2502;0,48
80188;2503;0,50
80189;2542;1,49
80190;2523;1,01
80191;2507;0,60
80192;2493;0,25
80193;2525;1,06
80194;2512;0,73
80195;2533;1,26
80196;2512;0,73
80197;2509;0,65
80198;2544;1,54
80199;2511;0,70
80200;2502;0,48
80201;2517;0,86
80202;2539;1,41
80203;2503;0,50
80204;2496;0,32
80205;2505;0,55
80206;2524;1,03
80207;2512;0,73
80208;2526;1,08
80209;2528;1,13
80210;2506;0,58
80211;2508;0,63
80212;2497;0,35
80213;2493;0,25
80214;2500;0,43
80215;2496;0,32
80216;2502;0,48
80217;2491;0,20
80218;2512;0,73
80219;2527;1,11
80220;2487;0,10
80221;2514;0,78
80222;2491;0,20
80223;2498;0,37
80224;2503;0,50
80225;2511;0,70
80226;2527;1,11
80227;2506;0,58
80228;2480;0,00
80229;2499;0,40
80230;2480;0,00
80231;2519;0,91
80232;2487;0,10
80233;2507;0,60
80234;2486;0,07
80235;2483;0,00
80236;2498;0,37
80237;2484;0,02
80238;2481;0,00
80239;2509;0,65
80240;2495;0,30
80241;2519;0,91
80242;2492;0,22
80243;2502;0,48
80244;2499;0,40
80245;2501;0,45
80246;2482;0,00
80247;2494;0,27
80248;2490;0,17
80249;2489;0,15
80250;2491;0,20
80251;2559;1,92
80252;2483;0,00
80253;2486;0,07
80254;2486;0,07
80255;2485;0,05
80256;2496;0,32
80257;2496;0,32
80258;2506;0,58
80259;2499;0,40
80260;2500;0,43
80261;2492;0,22
80262;2505;0,55
80263;2490;0,17
80264;2518;0,88
80265;2490;0,17
80266;2491;0,20
80267;2506;0,58
80268;2495;0,30
80269;2491;0,20
80270;2491;0,20
80271;2528;1,13
80272;2502;0,48
80273;2495;0,30
80274;2522;0,98
80275;2496;0,32
80276;2512;0,73
80277;2515;0,80
80278;2494;0,27
80279;2509;0,65
80280;2525;1,06
80281;2522;0,98
80282;2496;0,32
80283;2510;0,68
80284;2487;0,10
80285;2496;0,32
80286;2506;0,58
80287;2490;0,17
80288;2490;0,17
80289;2531;1,21
80290;2495;0,30
80291;2526;1,08
80292;2493;0,25
80293;2543;1,51
80294;2512;0,73
80295;2496;0,32
80296;2494;0,27
80297;2495;0,30
80298;2523;1,01
80299;2515;0,80
80300;2487;0,10
80301;2499;0,40
80302;2528;1,13
80303;2514;0,78
80304;2495;0,30
80305;2499;0,40
80306;2495;0,30
80307;2497;0,35
80308;2491;0,20
80309;2500;0,43
80310;2523;1,01
80311;2500;0,43
80312;2489;0,15
80313;2490;0,17
80314;2487;0,10
80315;2495;0,30
80316;2539;1,41
80317;2501;0,45
80318;2495;0,30
80319;2511;0,70
80320;2494;0,27
80321;2503;0,50
80322;2496;0,32
80323;2509;0,65
80324;2494;0,27
80325;2507;0,60
80326;2497;0,35
80327;2519;0,91
80328;2489;0,15
80329;2493;0,25
80330;2496;0,32
80331;2515;0,80
80332;2491;0,20
80333;2487;0,10
80334;2511;0,70
80335;2487;0,10
80336;2528;1,13
80337;2505;0,55
80338;2497;0,35
80339;2482;0,00
80340;2497;0,35
80341;2532;1,23
80342;2475;0,00
80343;2497;0,35
80344;2496;0,32
80345;2502;0,48
80346;2506;0,58
80347;2496;0,32
80348;2528;1,13
80349;2512;0,73
80350;2512;0,73
80351;2501;0,45
80352;2505;0,55
80353;2532;1,23
80354;2515;0,80
80355;2505;0,55
80356;2502;0,48
80357;2491;0,20
80358;2521;0,96
80359;2521;0,96
80360;2544;1,54
80361;2498;0,37
80362;2518;0,88
80363;2529;1,16
80364;2534;1,29
80365;2528;1,13
80366;2535;1,31
80367;2502;0,48
80368;2510;0,68
80369;2495;0,30
80370;2496;0,32
80371;2522;0,98
80372;2495;0,30
80373;2503;0,50
80374;2514;0,78
80375;2502;0,48
80376;2493;0,25
80377;2512;0,73
80378;2519;0,91
80379;2496;0,32
80380;2498;0,37
80381;2498;0,37
80382;2495;0,30
80383;2499;0,40
80384;2501;0,45
80385;2489;0,15
80386;2519;0,91
80387;2512;0,73
80388;2500;0,43
80389;2531;1,21
80390;2508;0,63
80391;2507;0,60
80392;2513;0,75
80393;2470;0,00
80394;2503;0,50
80395;2487;0,10
80396;2503;0,50
80397;2510;0,68
80398;2541;1,46
80399;2518;0,88
80400;2509;0,65
80401;2495;0,30
80402;2500;0,43
80403;2544;1,54
80404;2499;0,40
80405;2507;0,60
80406;2509;0,65
80407;2512;0,73
80408;2533;1,26
80409;2507;0,60
80410;2503;0,50
80411;2485;0,05
80412;2506;0,58
80413;2502;0,48
80414;2496;0,32
80415;2499;0,40
80416;2534;1,29
80417;2548;1,64
80418;2534;1,29
80419;2519;0,91
80420;2507;0,60
80421;2491;0,20
80422;2485;0,05
80423;2494;0,27
80424;2491;0,20
80425;2491;0,20
80426;2493;0,25
80427;2499;0,40
80428;2490;0,17
80429;2492;0,22
80430;2483;0,00
80431;2492;0,22
80432;2500;0,43
80433;2492;0,22
80434;2495;0,30
80435;2488;0,12
80436;2493;0,25
80437;2535;1,31
80438;2508;0,63
80439;2490;0,17
80440;2507;0,60
80441;2499;0,40
80442;2505;0,55
80443;2500;0,43
80444;2494;0,27
80445;2495;0,30
80446;2503;0,50
80447;2493;0,25
80448;2505;0,55
80449;2510;0,68
80450;2541;1,46
80451;2508;0,63
80452;2525;1,06
80453;2509;0,65
80454;2507;0,60
80455;2483;0,00
80456;2497;0,35
80457;2506;0,58
80458;2529;1,16
80459;2544;1,54
80460;2499;0,40
80461;2496;0,32
80462;2512;0,73
80463;2517;0,86
80464;2535;1,31
80465;2521;0,96
80466;2514;0,78
80467;2498;0,37
80468;2510;0,68
80469;2534;1,29
80470;2498;0,37
80471;2547;1,61
80472;2507;0,60
80473;2559;1,92
80474;2497;0,35
80475;2541;1,46
80476;2506;0,58
80477;2498;0,37
80478;2505;0,55
80479;2496;0,32
80480;2504;0,53
80481;2538;1,39
80482;2533;1,26
80483;2517;0,86
80484;2486;0,07
80485;2492;0,22
80486;2535;1,31
80487;2490;0,17
80488;2497;0,35
80489;2486;0,07
80490;2491;0,20
80491;2509;0,65
80492;2494;0,27
80493;2498;0,37
80494;2509;0,65
80495;2503;0,50
80496;2495;0,30
80497;2496;0,32
80498;2493;0,25
80499;2491;0,20
80500;2512;0,73
80501;2496;0,32
80502;2509;0,65
80503;2502;0,48
80504;2505;0,55
80505;2525;1,06
80506;2483;0,00
80507;2484;0,02
80508;2486;0,07
80509;2528;1,13
80510;2490;0,17
80511;2496;0,32
80512;2485;0,05
80513;2491;0,20
80514;2483;0,00
80515;2493;0,25
80516;2498;0,37
80517;2496;0,32
80518;2496;0,32
80519;2512;0,73
80520;2493;0,25
80521;2526;1,08
80522;2502;0,48
80523;2491;0,20
80524;2483;0,00
80525;2491;0,20
80526;2525;1,06
80527;2507;0,60
80528;2483;0,00
80529;2527;1,11
80530;2489;0,15
80531;2509;0,65
80532;2489;0,15
80533;2533;1,26
80534;2493;0,25
80535;2515;0,80
80536;2485;0,05
80537;2530;1,18
80538;2544;1,54
80539;2508;0,63
80540;2485;0,05
80541;2499;0,40
80542;2480;0,00
80543;2495;0,30
80544;2489;0,15
80545;2485;0,05
80546;2503;0,50
80547;2495;0,30
80548;2498;0,37
80549;2507;0,60
80550;2492;0,22
80551;2493;0,25
80552;2496;0,32
80553;2517;0,86
80554;2539;1,41
80555;2537;1,36
80556;2496;0,32
80557;2495;0,30
80558;2499;0,40
80559;2526;1,08
80560;2515;0,80
80561;2498;0,37
80562;2486;0,07
80563;2513;0,75
80564;2521;0,96
80565;2495;0,30
80566;2502;0,48
80567;2541;1,46
80568;2498;0,37
80569;2512;0,73
80570;2494;0,27
80571;2543;1,51
80572;2494;0,27
80573;2501;0,45
80574;2503;0,50
80575;2489;0,15
80576;2497;0,35
80577;2496;0,32
80578;2496;0,32
80579;2512;0,73
80580;2498;0,37
80581;2527;1,11
80582;2498;0,37
80583;2482;0,00
80584;2512;0,73
80585;2512;0,73
80586;2496;0,32
80587;2497;0,35
80588;2521;0,96
80589;2491;0,20
80590;2506;0,58
80591;2495;0,30
80592;2503;0,50
80593;2529;1,16
80594;2510;0,68
80595;2538;1,39
80596;2496;0,32
80597;2505;0,55
80598;2523;1,01
80599;2531;1,21
80600;2503;0,50
80601;2515;0,80
80602;2513;0,75
80603;2541;1,46
80604;2501;0,45
80605;2514;0,78
80606;2539;1,41
80607;2517;0,86
80608;2494;0,27
80609;2500;0,43
80610;2537;1,36
80611;2537;1,36
80612;2506;0,58
80613;2545;1,56
80614;2559;1,92
80615;2532;1,23
80616;2515;0,80
80617;2546;1,59
80618;2512;0,73
80619;2537;1,36
80620;2518;0,88
80621;2503;0,50
80622;2544;1,54
80623;2530;1,18
80624;2512;0,73
80625;2505;0,55
80626;2515;0,80
80627;2512;0,73
80628;2502;0,48
80629;2503;0,50
80630;2514;0,78
80631;2547;1,61
80632;2512;0,73
80633;2505;0,55
80634;2535;1,31
80635;2511;0,70
80636;2544;1,54
80637;2507;0,60
80638;2548;1,64
80639;2528;1,13
80640;2512;0,73
80641;2512;0,73
80642;2550;1,69
80643;2527;1,11
80644;2498;0,37
80645;2501;0,45
80646;2513;0,75
80647;2540;1,44
80648;2491;0,20
80649;2517;0,86
80650;2517;0,86
80651;2495;0,30
80652;2498;0,37
80653;2544;1,54
80654;2501;0,45
80655;2493;0,25
80656;2499;0,40
80657;2526;1,08
80658;2487;0,10
80659;2497;0,35
80660;2491;0,20
80661;2496;0,32
80662;2512;0,73
80663;2533;1,26
80664;2497;0,35
80665;2487;0,10
80666;2491;0,20
80667;2533;1,26
80668;2487;0,10
80669;2490;0,17
80670;2531;1,21
80671;2493;0,25
80672;2496;0,32
80673;2538;1,39
80674;2497;0,35
80675;2556;1,84
80676;2544;1,54
80677;2511;0,70
80678;2509;0,65
80679;2506;0,58
80680;2497;0,35
80681;2533;1,26
80682;2509;0,65
80683;2512;0,73
80684;2503;0,50
80685;2497;0,35
80686;2506;0,58
80687;2526;1,08
80688;2535;1,31
80689;2503;0,50
80690;2515;0,80
80691;2508;0,63
80692;2496;0,32
80693;2510;0,68
80694;2544;1,54
80695;2497;0,35
80696;2534;1,29
80697;2538;1,39
80698;2503;0,50
80699;2503;0,50
80700;2543;1,51
80701;2531;1,21
80702;2512;0,73
80703;2501;0,45
80704;2507;0,60
80705;2539;1,41
80706;2529;1,16
80707;2558;1,89
80708;2509;0,65
80709;2527;1,11
80710;2506;0,58
80711;2501;0,45
80712;2503;0,50
80713;2544;1,54
80714;2505;0,55
80715;2547;1,61
80716;2509;0,65
80717;2507;0,60
80718;2541;1,46
80719;2523;1,01
80720;2549;1,66
80721;2505;0,55
80722;2527;1,11
80723;2496;0,32
80724;2539;1,41
80725;2512;0,73
80726;2541;1,46
80727;2529;1,16
80728;2506;0,58
80729;2502;0,48
80730;2516;0,83
80731;2551;1,72
80732;2534;1,29
80733;2515;0,80
80734;2530;1,18
80735;2514;0,78
80736;2527;1,11
80737;2556;1,84
80738;2523;1,01
80739;2557;1,87
80740;2510;0,68
80741;2544;1,54
80742;2539;1,41
80743;2544;1,54
80744;2550;1,69
80745;2529;1,16
80746;2511;0,70
80747;2505;0,55
80748;2506;0,58
80749;2537;1,36
80750;2511;0,70
80751;2553;1,77
80752;2512;0,73
80753;2512;0,73
80754;2517;0,86
80755;2509;0,65
80756;2551;1,72
80757;2546;1,59
80758;2511;0,70
80759;2514;0,78
80760;2503;0,50
80761;2511;0,70
80762;2514;0,78
80763;2550;1,69
80764;2496;0,32
80765;2544;1,54
80766;2494;0,27
80767;2506;0,58
80768;2506;0,58
80769;2494;0,27
80770;2525;1,06
80771;2502;0,48
80772;2513;0,75
80773;2497;0,35
80774;2495;0,30
80775;2495;0,30
80776;2496;0,32
80777;2506;0,58
80778;2513;0,75
80779;2498;0,37
80780;2522;0,98
80781;2494;0,27
80782;2493;0,25
80783;2525;1,06
80784;2496;0,32
80785;2523;1,01
80786;2482;0,00
80787;2497;0,35
80788;2496;0,32
80789;2510;0,68
80790;2498;0,37
80791;2512;0,73
80792;2496;0,32
80793;2528;1,13
80794;2494;0,27
80795;2528;1,13
80796;2525;1,06
80797;2501;0,45
80798;2505;0,55
80799;2524;1,03
80800;2511;0,70
80801;2501;0,45
80802;2507;0,60
80803;2514;0,78
80804;2544;1,54
80805;2511;0,70
80806;2515;0,80
80807;2499;0,40
80808;2503;0,50
80809;2535;1,31
80810;2496;0,32
80811;2507;0,60
80812;2513;0,75
80813;2521;0,96
80814;2502;0,48
80815;2544;1,54
80816;2503;0,50
80817;2544;1,54
80818;2511;0,70
80819;2546;1,59
80820;2503;0,50
80821;2525;1,06
80822;2559;1,92
80823;2511;0,70
80824;2523;1,01
80825;2559;1,92
80826;2509;0,65
80827;2544;1,54
80828;2513;0,75
80829;2545;1,56
80830;2510;0,68
80831;2550;1,69
80832;2508;0,63
80833;2505;0,55
80834;2506;0,58
80835;2514;0,78
80836;2514;0,78
80837;2529;1,16
80838;2510;0,68
80839;2507;0,60
80840;2513;0,75
80841;2544;1,54
80842;2510;0,68
80843;2525;1,06
80844;2529;1,16
80845;2508;0,63
80846;2510;0,68
80847;2515;0,80
80848;2545;1,56
80849;2509;0,65
80850;2512;0,73
80851;2558;1,89
80852;2517;0,86
80853;2523;1,01
80854;2511;0,70
80855;2514;0,78
80856;2523;1,01
80857;2513;0,75
80858;2511;0,70
80859;2557;1,87
80860;2516;0,83
80861;2514;0,78
80862;2521;0,96
80863;2543;1,51
80864;2512;0,73
80865;2497;0,35
80866;2497;0,35
80867;2509;0,65
80868;2497;0,35
80869;2533;1,26
80870;2521;0,96
80871;2515;0,80
80872;2505;0,55
80873;2537;1,36
80874;2535;1,31
80875;2530;1,18
80876;2496;0,32
80877;2528;1,13
80878;2491;0,20
80879;2508;0,63
80880;2495;0,30
80881;2544;1,54
80882;2491;0,20
80883;2494;0,27
80884;2490;0,17
80885;2487;0,10
80886;2503;0,50
80887;2502;0,48
80888;2485;0,05
80889;2485;0,05
80890;2526;1,08
80891;2494;0,27
80892;2525;1,06
80893;2491;0,20
80894;2495;0,30
80895;2492;0,22
80896;2511;0,70
80897;2535;1,31
80898;2496;0,32
80899;2507;0,60
80900;2487;0,10
80901;2538;1,39
80902;2509;0,65
80903;2511;0,70
80904;2492;0,22
80905;2498;0,37
80906;2501;0,45
80907;2514;0,78
80908;2507;0,60
80909;2529;1,16
80910;2497;0,35
80911;2553;1,77
80912;2543;1,51
80913;2553;1,77
80914;2545;1,56
80915;2518;0,88
80916;2499;0,40
80917;2512;0,73
80918;2503;0,50
80919;2516;0,83
80920;2514;0,78
80921;2539;1,41
80922;2510;0,68
80923;2497;0,35
80924;2534;1,29
80925;2532;1,23
80926;2512;0,73
80927;2512;0,73
80928;2525;1,06
80929;2535;1,31
80930;2559;1,92
80931;2514;0,78
80932;2522;0,98
80933;2514;0,78
80934;2514;0,78
80935;2527;1,11
80936;2514;0,78
80937;2512;0,73
80938;2550;1,69
80939;2516;0,83
80940;2523;1,01
80941;2514;0,78
80942;2530;1,18
80943;2515;0,80
80944;2523;1,01
80945;2521;0,96
80946;2515;0,80
80947;2530;1,18
80948;2513;0,75
80949;2550;1,69
80950;2543;1,51
80951;2512;0,73
80952;2513;0,75
80953;2541;1,46
80954;2512;0,73
80955;2512;0,73
80956;2559;1,92
80957;2529;1,16
80958;2515;0,80
80959;2559;1,92
80960;2527;1,11
80961;2522;0,98
80962;2513;0,75
80963;2514;0,78
80964;2512;0,73
80965;2519;0,91
80966;2544;1,54
80967;2513;0,75
80968;2510;0,68
80969;2551;1,72
80970;2516;0,83
80971;2524;1,03
80972;2559;1,92
80973;2538;1,39
80974;2522;0,98
80975;2535;1,31
80976;2523;1,01
80977;2539;1,41
80978;2512;0,73
80979;2510;0,68
80980;2537;1,36
80981;2509;0,65
80982;2518;0,88
80983;2513;0,75
80984;2527;1,11
80985;2513;0,75
80986;2515;0,80
80987;2512;0,73
80988;2511;0,70
80989;2511;0,70
80990;2511;0,70
80991;2535;1,31
80992;2513;0,75
80993;2533;1,26
80994;2517;0,86
80995;2583;2,53
80996;2526;1,08
80997;2513;0,75
80998;2515;0,80
80999;2559;1,92
81000;2546;1,59
81001;2547;1,61
81002;2551;1,72
81003;2517;0,86
81004;2513;0,75
81005;2521;0,96
81006;2512;0,73
81007;2531;1,21
81008;2546;1,59
81009;2559;1,92
81010;2523;1,01
81011;2512;0,73
81012;2510;0,68
81013;2558;1,89
81014;2524;1,03
81015;2549;1,66
81016;2505;0,55
81017;2512;0,73
81018;2516;0,83
81019;2546;1,59
81020;2511;0,70
81021;2505;0,55
81022;2533;1,26
81023;2512;0,73
81024;2512;0,73
81025;2527;1,11
81026;2514;0,78
81027;2510;0,68
81028;2512;0,73
81029;2514;0,78
81030;2525;1,06
81031;2507;0,60
81032;2511;0,70
81033;2512;0,73
81034;2526;1,08
81035;2517;0,86
81036;2506;0,58
81037;2559;1,92
81038;2515;0,80
81039;2503;0,50
81040;2503;0,50
81041;2503;0,50
81042;2549;1,66
81043;2498;0,37
81044;2534;1,29
81045;2583;2,53
81046;2528;1,13
81047;2512;0,73
81048;2518;0,88
81049;2514;0,78
81050;2559;1,92
81051;2512;0,73
81052;2527;1,11
81053;2550;1,69
81054;2511;0,70
81055;2515;0,80
81056;2523;1,01
81057;2522;0,98
81058;2544;1,54
81059;2527;1,11
81060;2533;1,26
81061;2534;1,29
81062;2544;1,54
81063;2518;0,88
81064;2512;0,73
81065;2519;0,91
81066;2512;0,73
81067;2513;0,75
81068;2550;1,69
81069;2529;1,16
81070;2516;0,83
81071;2522;0,98
81072;2511;0,70
81073;2512;0,73
81074;2528;1,13
81075;2513;0,75
81076;2534;1,29
81077;2513;0,75
81078;2518;0,88
81079;2527;1,11
81080;2536;1,34
81081;2517;0,86
81082;2517;0,86
81083;2515;0,80
81084;2539;1,41
81085;2512;0,73
81086;2514;0,78
81087;2512;0,73
81088;2514;0,78
81089;2513;0,75
81090;2518;0,88
81091;2513;0,75
81092;2519;0,91
81093;2514;0,78
81094;2514;0,78
81095;2523;1,01
81096;2559;1,92
81097;2526;1,08
81098;2517;0,86
81099;2552;1,74
81100;2512;0,73
81101;2519;0,91
81102;2527;1,11
81103;2517;0,86
81104;2544;1,54
81105;2528;1,13
81106;2522;0,98
81107;2519;0,91
81108;2518;0,88
81109;2534;1,29
81110;2559;1,92
81111;2532;1,23
81112;2516;0,83
81113;2544;1,54
81114;2539;1,41
81115;2559;1,92
81116;2544;1,54
81117;2528;1,13
81118;2530;1,18
81119;2531;1,21
81120;2544;1,54
81121;2541;1,46
81122;2538;1,39
81123;2530;1,18
81124;2559;1,92
81125;2544;1,54
81126;2538;1,39
81127;2528;1,13
81128;2546;1,59
81129;2535;1,31
81130;2543;1,51
81131;2533;1,26
81132;2591;2,73
81133;2544;1,54
81134;2535;1,31
81135;2535;1,31
81136;2530;1,18
81137;2555;1,82
81138;2592;2,75
81139;2557;1,87
81140;2542;1,49
81141;2535;1,31
81142;2589;2,68
81143;2549;1,66
81144;2544;1,54
81145;2587;2,63
81146;2541;1,46
81147;2544;1,54
81148;2544;1,54
81149;2532;1,23
81150;2542;1,49
81151;2581;2,47
81152;2547;1,61
81153;2544;1,54
81154;2559;1,92
81155;2559;1,92
81156;2585;2,58
81157;2559;1,92
81158;2539;1,41
81159;2558;1,89
81160;2541;1,46
81161;2550;1,69
81162;2551;1,72
81163;2559;1,92
81164;2581;2,47
81165;2559;1,92
81166;2559;1,92
81167;2544;1,54
81168;2545;1,56
81169;2544;1,54
81170;2551;1,72
81171;2542;1,49
81172;2545;1,56
81173;2546;1,59
81174;2557;1,87
81175;2543;1,51
81176;2544;1,54
81177;2551;1,72
81178;2559;1,92
81179;2595;2,83
81180;2559;1,92
81181;2559;1,92
81182;2587;2,63
81183;2583;2,53
81184;2606;3,11
81185;2555;1,82
81186;2595;2,83
81187;2557;1,87
81188;2549;1,66
81189;2541;1,46
81190;2559;1,92
81191;2595;2,83
81192;2551;1,72
81193;2591;2,73
81194;2583;2,53
81195;2583;2,53
81196;2547;1,61
81197;2606;3,11
81198;2555;1,82
81199;2608;3,16
81200;2559;1,92
81201;2558;1,89
81202;2559;1,92
81203;2550;1,69
81204;2550;1,69
81205;2559;1,92
81206;2559;1,92
81207;2558;1,89
81208;2554;1,79
81209;2559;1,92
81210;2559;1,92
81211;2559;1,92
81212;2559;1,92
81213;2559;1,92
81214;2559;1,92
81215;2559;1,92
81216;2559;1,92
81217;2559;1,92
81218;2559;1,92
81219;2559;1,92
81220;2559;1,92
81221;2589;2,68
81222;2559;1,92
81223;2608;3,16
81224;2559;1,92
81225;2559;1,92
81226;2582;2,50
81227;2618;3,41
81228;2583;2,53
81229;2559;1,92
81230;2559;1,92
81231;2587;2,63
81232;2559;1,92
81233;2602;3,01
81234;2592;2,75
81235;2625;3,59
81236;2559;1,92
81237;2622;3,51
81238;2559;1,92
81239;2590;2,70
81240;2583;2,53
81241;2607;3,13
81242;2630;3,71
81243;2593;2,78
81244;2608;3,16
81245;2583;2,53
81246;2559;1,92
81247;2559;1,92
81248;2599;2,93
81249;2559;1,92
81250;2582;2,50
81251;2559;1,92
81252;2559;1,92
81253;2623;3,54
81254;2559;1,92
81255;2608;3,16
81256;2559;1,92
81257;2581;2,47
81258;2597;2,88
81259;2559;1,92
81260;2559;1,92
81261;2583;2,53
81262;2598;2,90
81263;2559;1,92
81264;2595;2,83
81265;2559;1,92
81266;2586;2,60
81267;2590;2,70
81268;2602;3,01
81269;2583;2,53
81270;2599;2,93
81271;2608;3,16
81272;2624;3,56
81273;2610;3,21
81274;2608;3,16
81275;2593;2,78
81276;2559;1,92
81277;2597;2,88
81278;2593;2,78
81279;2586;2,60
81280;2591;2,73
81281;2593;2,78
81282;2587;2,63
81283;2587;2,63
81284;2585;2,58
81285;2589;2,68
81286;2590;2,70
81287;2602;3,01
81288;2609;3,18
81289;2597;2,88
81290;2593;2,78
81291;2582;2,50
81292;2592;2,75
81293;2593;2,78
81294;2597;2,88
81295;2651;4,25
81296;2630;3,71
81297;2594;2,80
81298;2609;3,18
81299;2629;3,69
81300;2586;2,60
81301;2634;3,82
81302;2597;2,88
81303;2593;2,78
81304;2592;2,75
81305;2617;3,39
81306;2595;2,83
81307;2597;2,88
81308;2614;3,31
81309;2595;2,83
81310;2608;3,16
81311;2591;2,73
81312;2599;2,93
81313;2592;2,75
81314;2635;3,84
81315;2656;4,37
81316;2605;3,08
81317;2631;3,74
81318;2603;3,03
81319;2602;3,01
81320;2614;3,31
81321;2635;3,84
81322;2592;2,75
81323;2591;2,73
81324;2601;2,98
81325;2608;3,16
81326;2598;2,90
81327;2603;3,03
81328;2602;3,01
81329;2604;3,06
81330;2599;2,93
81331;2619;3,44
81332;2607;3,13
81333;2599;2,93
81334;2607;3,13
81335;2603;3,03
81336;2614;3,31
81337;2605;3,08
81338;2599;2,93
81339;2615;3,34
81340;2612;3,26
81341;2614;3,31
81342;2618;3,41
81343;2595;2,83
81344;2609;3,18
81345;2602;3,01
81346;2630;3,71
81347;2642;4,02
81348;2611;3,23
81349;2614;3,31
81350;2596;2,85
81351;2608;3,16
81352;2606;3,11
81353;2608;3,16
81354;2625;3,59
81355;2608;3,16
81356;2611;3,23
81357;2657;4,40
81358;2624;3,56
81359;2603;3,03
81360;2610;3,21
81361;2607;3,13
81362;2608;3,16
81363;2598;2,90
81364;2608;3,16
81365;2617;3,39
81366;2618;3,41
81367;2624;3,56
81368;2614;3,31
81369;2604;3,06
81370;2612;3,26
81371;2640;3,97
81372;2601;2,98
81373;2606;3,11
81374;2611;3,23
81375;2645;4,09
81376;2597;2,88
81377;2601;2,98
81378;2606;3,11
81379;2608;3,16
81380;2602;3,01
81381;2595;2,83
81382;2597;2,88
81383;2619;3,44
81384;2610;3,21
81385;2617;3,39
81386;2603;3,03
81387;2601;2,98
81388;2610;3,21
81389;2599;2,93
81390;2615;3,34
81391;2645;4,09
81392;2592;2,75
81393;2598;2,90
81394;2596;2,85
81395;2608;3,16
81396;2597;2,88
81397;2654;4,32
81398;2598;2,90
81399;2614;3,31
81400;2593;2,78
81401;2608;3,16
81402;2599;2,93
81403;2617;3,39
81404;2627;3,64
81405;2609;3,18
81406;2610;3,21
81407;2598;2,90
81408;2641;3,99
81409;2590;2,70
81410;2597;2,88
81411;2594;2,80
81412;2615;3,34
81413;2605;3,08
81414;2623;3,54
81415;2601;2,98
81416;2662;4,52
81417;2609;3,18
81418;2619;3,44
81419;2674;4,83
81420;2621;3,49
81421;2627;3,64
81422;2615;3,34
81423;2685;5,11
81424;2615;3,34
81425;2618;3,41
81426;2631;3,74
81427;2677;4,90
81428;2623;3,54
81429;2615;3,34
81430;2619;3,44
81431;2621;3,49
81432;2640;3,97
81433;2639;3,94
81434;2619;3,44
81435;2643;4,04
81436;2653;4,30
81437;2667;4,65
81438;2620;3,46
81439;2651;4,25
81440;2632;3,77
81441;2626;3,61
81442;2619;3,44
81443;2615;3,34
81444;2610;3,21
81445;2626;3,61
81446;2621;3,49
81447;2608;3,16
81448;2624;3,56
81449;2624;3,56
81450;2612;3,26
81451;2608;3,16
81452;2608;3,16
81453;2674;4,83
81454;2659;4,45
81455;2611;3,23
81456;2608;3,16
81457;2656;4,37
81458;2604;3,06
81459;2597;2,88
81460;2608;3,16
81461;2605;3,08
81462;2615;3,34
81463;2598;2,90
81464;2600;2,96
81465;2603;3,03
81466;2635;3,84
81467;2609;3,18
81468;2607;3,13
81469;2640;3,97
81470;2612;3,26
81471;2661;4,50
81472;2609;3,18
81473;2626;3,61
81474;2609;3,18
81475;2611;3,23
81476;2595;2,83
81477;2657;4,40
81478;2678;4,93
81479;2615;3,34
81480;2611;3,23
81481;2624;3,56
81482;2643;4,04
81483;2622;3,51
81484;2679;4,95
81485;2666;4,63
81486;2623;3,54
81487;2633;3,79
81488;2674;4,83
81489;2624;3,56
81490;2639;3,94
81491;2703;5,56
81492;2623;3,54
81493;2647;4,14
81494;2631;3,74
81495;2647;4,14
81496;2671;4,75
81497;2634;3,82
81498;2619;3,44
81499;2618;3,41
81500;2617;3,39
81501;2640;3,97
81502;2625;3,59
81503;2650;4,22
81504;2619;3,44
81505;2613;3,28
81506;2640;3,97
81507;2621;3,49
81508;2613;3,28
81509;2602;3,01
81510;2624;3,56
81511;2599;2,93
81512;2647;4,14
81513;2592;2,75
81514;2615;3,34
81515;2650;4,22
81516;2632;3,77
81517;2653;4,30
81518;2602;3,01
81519;2594;2,80
81520;2599;2,93
81521;2595;2,83
81522;2603;3,03
81523;2596;2,85
81524;2658;4,42
81525;2641;3,99
81526;2599;2,93
81527;2659;4,45
81528;2608;3,16
81529;2595;2,83
81530;2606;3,11
81531;2602;3,01
81532;2607;3,13
81533;2655;4,35
81534;2669;4,70
81535;2608;3,16
81536;2608;3,16
81537;2671;4,75
81538;2617;3,39
81539;2654;4,32
81540;2670;4,73
81541;2687;5,16
81542;2607;3,13
81543;2623;3,54
81544;2662;4,52
81545;2611;3,23
81546;2638;3,92
81547;2644;4,07
81548;2686;5,13
81549;2677;4,90
81550;2674;4,83
81551;2615;3,34
81552;2672;4,78
81553;2618;3,41
81554;2621;3,49
81555;2625;3,59
81556;2637;3,89
81557;2656;4,37
81558;2624;3,56
81559;2686;5,13
81560;2683;5,06
81561;2684;5,08
81562;2679;4,95
81563;2620;3,46
81564;2632;3,77
81565;2704;5,59
81566;2651;4,25
81567;2625;3,59
81568;2672;4,78
81569;2654;4,32
81570;2612;3,26
81571;2621;3,49
81572;2666;4,63
81573;2652;4,27
81574;2613;3,28
81575;2601;2,98
81576;2626;3,61
81577;2600;2,96
81578;2619;3,44
81579;2586;2,60
81580;2592;2,75
81581;2591;2,73
81582;2603;3,03
81583;2601;2,98
81584;2624;3,56
81585;2559;1,92
81586;2615;3,34
81587;2631;3,74
81588;2617;3,39
81589;2586;2,60
81590;2589;2,68
81591;2583;2,53
81592;2589;2,68
81593;2592;2,75
81594;2583;2,53
81595;2626;3,61
81596;2591;2,73
81597;2582;2,50
81598;2593;2,78
81599;2592;2,75
81600;2595;2,83
81601;2625;3,59
81602;2594;2,80
81603;2591;2,73
81604;2619;3,44
81605;2597;2,88
81606;2602;3,01
81607;2608;3,16
81608;2607;3,13
81609;2609;3,18
81610;2623;3,54
81611;2621;3,49
81612;2608;3,16
81613;2633;3,79
81614;2609;3,18
81615;2634;3,82
81616;2643;4,04
81617;2640;3,97
81618;2638;3,92
81619;2661;4,50
81620;2633;3,79
81621;2628;3,66
81622;2630;3,71
81623;2635;3,84
81624;2624;3,56
81625;2617;3,39
81626;2629;3,69
81627;2627;3,64
81628;2638;3,92
81629;2635;3,84
81630;2666;4,63
81631;2620;3,46
81632;2613;3,28
81633;2608;3,16
81634;2619;3,44
81635;2612;3,26
81636;2608;3,16
81637;2608;3,16
81638;2612;3,26
81639;2677;4,90
81640;2614;3,31
81641;2608;3,16
81642;2597;2,88
81643;2595;2,83
81644;2591;2,73
81645;2591;2,73
81646;2590;2,70
81647;2594;2,80
81648;2624;3,56
81649;2586;2,60
81650;2592;2,75
81651;2591;2,73
81652;2592;2,75
81653;2609;3,18
81654;2606;3,11
81655;2605;3,08
81656;2649;4,20
81657;2594;2,80
81658;2590;2,70
81659;2559;1,92
81660;2650;4,22
81661;2559;1,92
81662;2559;1,92
81663;2559;1,92
81664;2585;2,58
81665;2608;3,16
81666;2559;1,92
81667;2585;2,58
81668;2559;1,92
81669;2607;3,13
81670;2588;2,65
81671;2607;3,13
81672;2586;2,60
81673;2610;3,21
81674;2597;2,88
81675;2662;4,52
81676;2587;2,63
81677;2559;1,92
81678;2559;1,92
81679;2599;2,93
81680;2649;4,20
81681;2631;3,74
81682;2583;2,53
81683;2631;3,74
81684;2607;3,13
81685;2594;2,80
81686;2591;2,73
81687;2593;2,78
81688;2661;4,50
81689;2618;3,41
81690;2638;3,92
81691;2607;3,13
81692;2611;3,23
81693;2594;2,80
81694;2599;2,93
81695;2607;3,13
81696;2614;3,31
81697;2602;3,01
81698;2617;3,39
81699;2604;3,06
81700;2633;3,79
81701;2673;4,80
81702;2646;4,12
81703;2643;4,04
81704;2606;3,11
81705;2608;3,16
81706;2619;3,44
81707;2618;3,41
81708;2671;4,75
81709;2628;3,66
81710;2597;2,88
81711;2642;4,02
81712;2607;3,13
81713;2608;3,16
81714;2608;3,16
81715;2599;2,93
81716;2608;3,16
81717;2649;4,20
81718;2583;2,53
81719;2583;2,53
81720;2595;2,83
81721;2620;3,46
81722;2601;2,98
81723;2655;4,35
81724;2658;4,42
81725;2602;3,01
81726;2591;2,73
81727;2615;3,34
81728;2640;3,97
81729;2621;3,49
81730;2593;2,78
81731;2587;2,63
81732;2585;2,58
81733;2601;2,98
81734;2596;2,85
81735;2589;2,68
81736;2591;2,73
81737;2622;3,51
81738;2608;3,16
81739;2587;2,63
81740;2583;2,53
81741;2590;2,70
81742;2559;1,92
81743;2640;3,97
81744;2559;1,92
81745;2559;1,92
81746;2559;1,92
81747;2581;2,47
81748;2559;1,92
81749;2589;2,68
81750;2559;1,92
81751;2559;1,92
81752;2585;2,58
81753;2625;3,59
81754;2602;3,01
81755;2633;3,79
81756;2595;2,83
81757;2602;3,01
81758;2588;2,65
81759;2608;3,16
81760;2559;1,92
81761;2592;2,75
81762;2587;2,63
81763;2591;2,73
81764;2651;4,25
81765;2559;1,92
81766;2604;3,06
81767;2630;3,71
81768;2606;3,11
81769;2600;2,96
81770;2607;3,13
81771;2582;2,50
81772;2629;3,69
81773;2618;3,41
81774;2594;2,80
81775;2559;1,92
81776;2583;2,53
81777;2611;3,23
81778;2587;2,63
81779;2593;2,78
81780;2610;3,21
81781;2614;3,31
81782;2582;2,50
81783;2599;2,93
81784;2591;2,73
81785;2583;2,53
81786;2586;2,60
81787;2630;3,71
81788;2559;1,92
81789;2582;2,50
81790;2559;1,92
81791;2559;1,92
81792;2613;3,28
81793;2559;1,92
81794;2559;1,92
81795;2559;1,92
81796;2559;1,92
81797;2583;2,53
81798;2601;2,98
81799;2608;3,16
81800;2624;3,56
81801;2591;2,73
81802;2581;2,47
81803;2589;2,68
81804;2585;2,58
81805;2559;1,92
81806;2559;1,92
81807;2559;1,92
81808;2595;2,83
81809;2602;3,01
81810;2559;1,92
81811;2589;2,68
81812;2559;1,92
81813;2559;1,92
81814;2635;3,84
81815;2596;2,85
81816;2590;2,70
81817;2593;2,78
81818;2559;1,92
81819;2559;1,92
81820;2605;3,08
81821;2596;2,85
81822;2590;2,70
81823;2585;2,58
81824;2633;3,79
81825;2614;3,31
81826;2586;2,60
81827;2593;2,78
81828;2582;2,50
81829;2583;2,53
81830;2582;2,50
81831;2559;1,92
81832;2594;2,80
81833;2559;1,92
81834;2640;3,97
81835;2599;2,93
81836;2581;2,47
81837;2589;2,68
81838;2583;2,53
81839;2582;2,50
81840;2559;1,92
81841;2559;1,92
81842;2559;1,92
81843;2583;2,53
81844;2559;1,92
81845;2559;1,92
81846;2559;1,92
81847;2629;3,69
81848;2559;1,92
81849;2625;3,59
81850;2559;1,92
81851;2646;4,12
81852;2559;1,92
81853;2605;3,08
81854;2559;1,92
81855;2599;2,93
81856;2606;3,11
81857;2559;1,92
81858;2644;4,07
81859;2559;1,92
81860;2559;1,92
81861;2587;2,63
81862;2559;1,92
81863;2559;1,92
81864;2559;1,92
81865;2559;1,92
81866;2587;2,63
81867;2559;1,92
81868;2559;1,92
81869;2559;1,92
81870;2559;1,92
81871;2555;1,82
81872;2555;1,82
81873;2624;3,56
81874;2557;1,87
81875;2559;1,92
81876;2545;1,56
81877;2605;3,08
81878;2559;1,92
81879;2553;1,77
81880;2555;1,82
81881;2559;1,92
81882;2559;1,92
81883;2559;1,92
81884;2559;1,92
81885;2559;1,92
81886;2559;1,92
81887;2591;2,73
81888;2559;1,92
81889;2606;3,11
81890;2608;3,16
81891;2585;2,58
81892;2590;2,70
81893;2582;2,50
81894;2559;1,92
81895;2583;2,53
81896;2583;2,53
81897;2583;2,53
81898;2599;2,93
81899;2640;3,97
81900;2583;2,53
81901;2559;1,92
81902;2598;2,90
81903;2559;1,92
81904;2559;1,92
81905;2598;2,90
81906;2590;2,70
81907;2559;1,92
81908;2610;3,21
81909;2608;3,16
81910;2559;1,92
81911;2625;3,59
81912;2605;3,08
81913;2559;1,92
81914;2559;1,92
81915;2581;2,47
81916;2559;1,92
81917;2617;3,39
81918;2555;1,82
81919;2596;2,85
81920;2610;3,21
81921;2559;1,92
81922;2559;1,92
81923;2591;2,73
81924;2613;3,28
81925;2549;1,66
81926;2559;1,92
81927;2559;1,92
81928;2559;1,92
81929;2559;1,92
81930;2557;1,87
81931;2611;3,23
81932;2559;1,92
81933;2559;1,92
81934;2554;1,79
81935;2549;1,66
81936;2544;1,54
81937;2555;1,82
81938;2556;1,84
81939;2544;1,54
81940;2541;1,46
81941;2550;1,69
81942;2554;1,79
81943;2544;1,54
81944;2559;1,92
81945;2559;1,92
81946;2551;1,72
81947;2559;1,92
81948;2587;2,63
81949;2559;1,92
81950;2552;1,74
81951;2549;1,66
81952;2559;1,92
81953;2592;2,75
81954;2555;1,82
81955;2548;1,64
81956;2548;1,64
81957;2553;1,77
81958;2549;1,66
81959;2545;1,56
81960;2559;1,92
81961;2559;1,92
81962;2589;2,68
81963;2582;2,50
81964;2555;1,82
81965;2614;3,31
81966;2593;2,78
81967;2559;1,92
81968;2559;1,92
81969;2559;1,92
81970;2559;1,92
81971;2583;2,53
81972;2615;3,34
81973;2606;3,11
81974;2589;2,68
81975;2559;1,92
81976;2589;2,68
81977;2607;3,13
81978;2587;2,63
81979;2636;3,87
81980;2559;1,92
81981;2581;2,47
81982;2589;2,68
81983;2608;3,16
81984;2633;3,79
81985;2594;2,80
81986;2594;2,80
81987;2609;3,18
81988;2583;2,53
81989;2603;3,03
81990;2647;4,14
81991;2583;2,53
81992;2587;2,63
81993;2621;3,49
81994;2582;2,50
81995;2559;1,92
81996;2559;1,92
81997;2559;1,92
81998;2559;1,92
81999;2559;1,92
82000;2559;1,92
82001;2559;1,92
82002;2559;1,92
82003;2611;3,23
82004;2559;1,92
82005;2559;1,92
82006;2559;1,92
82007;2559;1,92
82008;2588;2,65
82009;2559;1,92
82010;2591;2,73
82011;2559;1,92
82012;2559;1,92
82013;2559;1,92
82014;2559;1,92
82015;2546;1,59
82016;2559;1,92
82017;2628;3,66
82018;2553;1,77
82019;2555;1,82
82020;2549;1,66
82021;2559;1,92
82022;2551;1,72
82023;2550;1,69
82024;2551;1,72
82025;2559;1,92
82026;2546;1,59
82027;2555;1,82
82028;2559;1,92
82029;2546;1,59
82030;2581;2,47
82031;2601;2,98
82032;2549;1,66
82033;2549;1,66
82034;2559;1,92
82035;2585;2,58
82036;2543;1,51
82037;2543;1,51
82038;2559;1,92
82039;2589;2,68
82040;2546;1,59
82041;2553;1,77
82042;2559;1,92
82043;2542;1,49
82044;2590;2,70
82045;2538;1,39
82046;2559;1,92
82047;2597;2,88
82048;2594;2,80
82049;2530;1,18
82050;2541;1,46
82051;2544;1,54
82052;2554;1,79
82053;2551;1,72
82054;2555;1,82
82055;2543;1,51
82056;2544;1,54
82057;2559;1,92
82058;2559;1,92
82059;2593;2,78
82060;2559;1,92
82061;2549;1,66
82062;2549;1,66
82063;2559;1,92
82064;2559;1,92
82065;2546;1,59
82066;2559;1,92
82067;2559;1,92
82068;2550;1,69
82069;2545;1,56
82070;2583;2,53
82071;2559;1,92
82072;2559;1,92
82073;2599;2,93
82074;2585;2,58
82075;2608;3,16
82076;2559;1,92
82077;2559;1,92
82078;2559;1,92
82079;2611;3,23
82080;2559;1,92
82081;2559;1,92
82082;2559;1,92
82083;2553;1,77
82084;2605;3,08
82085;2603;3,03
82086;2559;1,92
82087;2559;1,92
82088;2590;2,70
82089;2559;1,92
82090;2559;1,92
82091;2559;1,92
82092;2559;1,92
82093;2559;1,92
82094;2559;1,92
82095;2557;1,87
82096;2559;1,92
82097;2559;1,92
82098;2559;1,92
82099;2559;1,92
82100;2555;1,82
82101;2549;1,66
82102;2557;1,87
82103;2554;1,79
82104;2590;2,70
82105;2544;1,54
82106;2553;1,77
82107;2608;3,16
82108;2544;1,54
82109;2559;1,92
82110;2557;1,87
82111;2555;1,82
82112;2554;1,79
82113;2557;1,87
82114;2601;2,98
82115;2559;1,92
82116;2545;1,56
82117;2550;1,69
82118;2549;1,66
82119;2545;1,56
82120;2557;1,87
82121;2555;1,82
82122;2545;1,56
82123;2546;1,59
82124;2546;1,59
82125;2546;1,59
82126;2559;1,92
82127;2558;1,89
82128;2547;1,61
82129;2610;3,21
82130;2559;1,92
82131;2559;1,92
82132;2549;1,66
82133;2559;1,92
82134;2590;2,70
82135;2559;1,92
82136;2557;1,87
82137;2559;1,92
82138;2597;2,88
82139;2559;1,92
82140;2607;3,13
82141;2554;1,79
82142;2559;1,92
82143;2593;2,78
82144;2559;1,92
82145;2559;1,92
82146;2559;1,92
82147;2587;2,63
82148;2559;1,92
82149;2559;1,92
82150;2607;3,13
82151;2595;2,83
82152;2559;1,92
82153;2605;3,08
82154;2559;1,92
82155;2559;1,92
82156;2559;1,92
82157;2559;1,92
82158;2615;3,34
82159;2559;1,92
82160;2559;1,92
82161;2559;1,92
82162;2559;1,92
82163;2559;1,92
82164;2559;1,92
82165;2559;1,92
82166;2587;2,63
82167;2594;2,80
82168;2559;1,92
82169;2559;1,92
82170;2558;1,89
82171;2551;1,72
82172;2555;1,82
82173;2559;1,92
82174;2589;2,68
82175;2606;3,11
82176;2586;2,60
82177;2557;1,87
82178;2559;1,92
82179;2583;2,53
82180;2599;2,93
82181;2559;1,92
82182;2559;1,92
82183;2548;1,64
82184;2545;1,56
82185;2547;1,61
82186;2548;1,64
82187;2590;2,70
82188;2591;2,73
82189;2559;1,92
82190;2545;1,56
82191;2606;3,11
82192;2559;1,92
82193;2559;1,92
82194;2591;2,73
82195;2541;1,46
82196;2540;1,44
82197;2549;1,66
82198;2588;2,65
82199;2559;1,92
82200;2551;1,72
82201;2559;1,92
82202;2544;1,54
82203;2559;1,92
82204;2555;1,82
82205;2555;1,82
82206;2582;2,50
82207;2591;2,73
82208;2548;1,64
82209;2559;1,92
82210;2554;1,79
82211;2595;2,83
82212;2581;2,47
82213;2555;1,82
82214;2559;1,92
82215;2551;1,72
82216;2554;1,79
82217;2559;1,92
82218;2559;1,92
82219;2559;1,92
82220;2558;1,89
82221;2554;1,79
82222;2559;1,92
82223;2549;1,66
82224;2582;2,50
82225;2559;1,92
82226;2559;1,92
82227;2559;1,92
82228;2611;3,23
82229;2559;1,92
82230;2559;1,92
82231;2559;1,92
82232;2589;2,68
82233;2559;1,92
82234;2587;2,63
82235;2590;2,70
82236;2559;1,92
82237;2608;3,16
82238;2559;1,92
82239;2548;1,64
82240;2597;2,88
82241;2559;1,92
82242;2559;1,92
82243;2559;1,92
82244;2559;1,92
82245;2617;3,39
82246;2606;3,11
82247;2602;3,01
82248;2590;2,70
82249;2559;1,92
82250;2559;1,92
82251;2559;1,92
82252;2559;1,92
82253;2583;2,53
82254;2559;1,92
82255;2559;1,92
82256;2559;1,92
82257;2624;3,56
82258;2559;1,92
82259;2589;2,68
82260;2559;1,92
82261;2559;1,92
82262;2599;2,93
82263;2559;1,92
82264;2595;2,83
82265;2607;3,13
82266;2559;1,92
82267;2559;1,92
82268;2604;3,06
82269;2593;2,78
82270;2559;1,92
82271;2597;2,88
82272;2559;1,92
82273;2597;2,88
82274;2559;1,92
82275;2559;1,92
82276;2559;1,92
82277;2559;1,92
82278;2559;1,92
82279;2559;1,92
82280;2559;1,92
82281;2553;1,77
82282;2559;1,92
82283;2583;2,53
82284;2559;1,92
82285;2553;1,77
82286;2593;2,78
82287;2546;1,59
82288;2546;1,59
82289;2559;1,92
82290;2547;1,61
82291;2547;1,61
82292;2559;1,92
82293;2547;1,61
82294;2559;1,92
82295;2559;1,92
82296;2554;1,79
82297;2555;1,82
82298;2545;1,56
82299;2559;1,92
82300;2550;1,69
82301;2547;1,61
82302;2544;1,54
82303;2559;1,92
82304;2551;1,72
82305;2558;1,89
82306;2552;1,74
82307;2557;1,87
82308;2581;2,47
82309;2551;1,72
82310;2553;1,77
82311;2544;1,54
82312;2550;1,69
82313;2609;3,18
82314;2559;1,92
82315;2559;1,92
82316;2559;1,92
82317;2585;2,58
82318;2557;1,87
82319;2549;1,66
82320;2559;1,92
82321;2559;1,92
82322;2559;1,92
82323;2558;1,89
82324;2559;1,92
82325;2559;1,92
82326;2588;2,65
82327;2559;1,92
82328;2559;1,92
82329;2550;1,69
82330;2559;1,92
82331;2559;1,92
82332;2559;1,92
82333;2582;2,50
82334;2559;1,92
82335;2598;2,90
82336;2559;1,92
82337;2587;2,63
82338;2554;1,79
82339;2549;1,66
82340;2595;2,83
82341;2591;2,73
82342;2547;1,61
82343;2559;1,92
82344;2559;1,92
82345;2551;1,72
82346;2551;1,72
82347;2559;1,92
82348;2555;1,82
82349;2559;1,92
82350;2598;2,90
82351;2559;1,92
82352;2608;3,16
82353;2599;2,93
82354;2591;2,73
82355;2556;1,84
82356;2559;1,92
82357;2552;1,74
82358;2583;2,53
82359;2551;1,72
82360;2585;2,58
82361;2585;2,58
82362;2559;1,92
82363;2559;1,92
82364;2547;1,61
82365;2559;1,92
82366;2555;1,82
82367;2607;3,13
82368;2550;1,69
82369;2559;1,92
82370;2559;1,92
82371;2559;1,92
82372;2553;1,77
82373;2557;1,87
82374;2602;3,01
82375;2593;2,78
82376;2544;1,54
82377;2559;1,92
82378;2559;1,92
82379;2559;1,92
82380;2544;1,54
82381;2559;1,92
82382;2559;1,92
82383;2591;2,73
82384;2546;1,59
82385;2547;1,61
82386;2559;1,92
82387;2559;1,92
82388;2544;1,54
82389;2559;1,92
82390;2594;2,80
82391;2559;1,92
82392;2559;1,92
82393;2559;1,92
82394;2544;1,54
82395;2559;1,92
82396;2544;1,54
82397;2559;1,92
82398;2541;1,46
82399;2550;1,69
82400;2559;1,92
82401;2549;1,66
82402;2542;1,49
82403;2549;1,66
82404;2554;1,79
82405;2554;1,79
82406;2539;1,41
82407;2549;1,66
82408;2559;1,92
82409;2553;1,77
82410;2559;1,92
82411;2542;1,49
82412;2544;1,54
82413;2545;1,56
82414;2544;1,54
82415;2559;1,92
82416;2544;1,54
82417;2594;2,80
82418;2559;1,92
82419;2595;2,83
82420;2559;1,92
82421;2547;1,61
82422;2551;1,72
82423;2592;2,75
82424;2544;1,54
82425;2559;1,92
82426;2559;1,92
82427;2544;1,54
82428;2544;1,54
82429;2548;1,64
82430;2542;1,49
82431;2555;1,82
82432;2537;1,36
82433;2546;1,59
82434;2557;1,87
82435;2548;1,64
82436;2544;1,54
82437;2533;1,26
82438;2559;1,92
82439;2544;1,54
82440;2559;1,92
82441;2544;1,54
82442;2559;1,92
82443;2582;2,50
82444;2559;1,92
82445;2553;1,77
82446;2554;1,79
82447;2582;2,50
82448;2559;1,92
82449;2559;1,92
82450;2559;1,92
82451;2544;1,54
82452;2550;1,69
82453;2539;1,41
82454;2547;1,61
82455;2544;1,54
82456;2539;1,41
82457;2547;1,61
82458;2559;1,92
82459;2559;1,92
82460;2539;1,41
82461;2544;1,54
82462;2559;1,92
82463;2544;1,54
82464;2544;1,54
82465;2547;1,61
82466;2603;3,03
82467;2542;1,49
82468;2544;1,54
82469;2559;1,92
82470;2559;1,92
82471;2537;1,36
82472;2541;1,46
82473;2526;1,08
82474;2544;1,54
82475;2538;1,39
82476;2559;1,92
82477;2547;1,61
82478;2539;1,41
82479;2548;1,64
82480;2559;1,92
82481;2559;1,92
82482;2545;1,56
82483;2534;1,29
82484;2559;1,92
82485;2545;1,56
82486;2604;3,06
82487;2541;1,46
82488;2559;1,92
82489;2537;1,36
82490;2547;1,61
82491;2559;1,92
82492;2543;1,51
82493;2545;1,56
82494;2538;1,39
82495;2542;1,49
82496;2534;1,29
82497;2535;1,31
82498;2531;1,21
82499;2537;1,36
82500;2533;1,26
82501;2543;1,51
82502;2544;1,54
82503;2546;1,59
82504;2585;2,58
82505;2559;1,92
82506;2559;1,92
82507;2558;1,89
82508;2531;1,21
82509;2537;1,36
82510;2531;1,21
82511;2559;1,92
82512;2559;1,92
82513;2541;1,46
82514;2546;1,59
82515;2559;1,92
82516;2542;1,49
82517;2537;1,36
82518;2553;1,77
82519;2559;1,92
82520;2531;1,21
82521;2537;1,36
82522;2530;1,18
82523;2541;1,46
82524;2583;2,53
82525;2549;1,66
82526;2544;1,54
82527;2541;1,46
82528;2558;1,89
82529;2559;1,92
82530;2591;2,73
82531;2537;1,36
82532;2523;1,01
82533;2589;2,68
82534;2534;1,29
82535;2537;1,36
82536;2551;1,72
82537;2533;1,26
82538;2535;1,31
82539;2559;1,92
82540;2556;1,84
82541;2551;1,72
82542;2533;1,26
82543;2538;1,39
82544;2541;1,46
82545;2544;1,54
82546;2530;1,18
82547;2549;1,66
82548;2533;1,26
82549;2535;1,31
82550;2559;1,92
82551;2529;1,16
82552;2545;1,56
82553;2542;1,49
82554;2530;1,18
82555;2527;1,11
82556;2543;1,51
82557;2536;1,34
82558;2538;1,39
82559;2538;1,39
82560;2542;1,49
82561;2559;1,92
82562;2535;1,31
82563;2527;1,11
82564;2533;1,26
82565;2526;1,08
82566;2526;1,08
82567;2525;1,06
82568;2534;1,29
82569;2527;1,11
82570;2551;1,72
82571;2559;1,92
82572;2559;1,92
82573;2534;1,29
82574;2535;1,31
82575;2539;1,41
82576;2533;1,26
82577;2542;1,49
82578;2541;1,46
82579;2528;1,13
82580;2556;1,84
82581;2535;1,31
82582;2527;1,11
82583;2529;1,16
82584;2528;1,13
82585;2525;1,06
82586;2544;1,54
82587;2540;1,44
82588;2526;1,08
82589;2545;1,56
82590;2525;1,06
82591;2533;1,26
82592;2557;1,87
82593;2545;1,56
82594;2549;1,66
82595;2526;1,08
82596;2522;0,98
82597;2554;1,79
82598;2551;1,72
82599;2534;1,29
82600;2533;1,26
82601;2523;1,01
82602;2526;1,08
82603;2559;1,92
82604;2554;1,79
82605;2525;1,06
82606;2544;1,54
82607;2519;0,91
82608;2551;1,72
82609;2523;1,01
82610;2547;1,61
82611;2522;0,98
82612;2523;1,01
82613;2527;1,11
82614;2549;1,66
82615;2525;1,06
82616;2540;1,44
82617;2513;0,75
82618;2523;1,01
82619;2523;1,01
82620;2530;1,18
82621;2544;1,54
82622;2542;1,49
82623;2542;1,49
82624;2534;1,29
82625;2525;1,06
82626;2519;0,91
82627;2535;1,31
82628;2531;1,21
82629;2524;1,03
82630;2531;1,21
82631;2514;0,78
82632;2515;0,80
82633;2535;1,31
82634;2521;0,96
82635;2529;1,16
82636;2522;0,98
82637;2517;0,86
82638;2514;0,78
82639;2541;1,46
82640;2531;1,21
82641;2515;0,80
82642;2537;1,36
82643;2537;1,36
82644;2529;1,16
82645;2521;0,96
82646;2544;1,54
82647;2512;0,73
82648;2544;1,54
82649;2532;1,23
82650;2538;1,39
82651;2521;0,96
82652;2522;0,98
82653;2513;0,75
82654;2544;1,54
82655;2517;0,86
82656;2534;1,29
82657;2523;1,01
82658;2528;1,13
82659;2523;1,01
82660;2527;1,11
82661;2526;1,08
82662;2542;1,49
82663;2523;1,01
82664;2519;0,91
82665;2515;0,80
82666;2538;1,39
82667;2515;0,80
82668;2532;1,23
82669;2514;0,78
82670;2543;1,51
82671;2528;1,13
82672;2523;1,01
82673;2521;0,96
82674;2534;1,29
82675;2513;0,75
82676;2559;1,92
82677;2512;0,73
82678;2532;1,23
82679;2509;0,65
82680;2543;1,51
82681;2511;0,70
82682;2519;0,91
82683;2547;1,61
82684;2538;1,39
82685;2506;0,58
82686;2501;0,45
82687;2559;1,92
82688;2529;1,16
82689;2512;0,73
82690;2515;0,80
82691;2539;1,41
82692;2531;1,21
82693;2544;1,54
82694;2531;1,21
82695;2512;0,73
82696;2526;1,08
82697;2544;1,54
82698;2513;0,75
82699;2516;0,83
82700;2559;1,92
82701;2547;1,61
82702;2544;1,54
82703;2522;0,98
82704;2514;0,78
82705;2513;0,75
82706;2522;0,98
82707;2519;0,91
82708;2550;1,69
82709;2523;1,01
82710;2513;0,75
82711;2525;1,06
82712;2515;0,80
82713;2541;1,46
82714;2518;0,88
82715;2512;0,73
82716;2517;0,86
82717;2512;0,73
82718;2538;1,39
82719;2512;0,73
82720;2545;1,56
82721;2529;1,16
82722;2550;1,69
82723;2527;1,11
82724;2514;0,78
82725;2522;0,98
82726;2531;1,21
82727;2507;0,60
82728;2515;0,80
82729;2528;1,13
82730;2541;1,46
82731;2512;0,73
82732;2514;0,78
82733;2542;1,49
82734;2529;1,16
82735;2505;0,55
82736;2515;0,80
82737;2533;1,26
82738;2541;1,46
82739;2549;1,66
82740;2515;0,80
82741;2507;0,60
82742;2538;1,39
82743;2522;0,98
82744;2544;1,54
82745;2511;0,70
82746;2522;0,98
82747;2514;0,78
82748;2527;1,11
82749;2525;1,06
82750;2529;1,16
82751;2511;0,70
82752;2512;0,73
82753;2507;0,60
82754;2514;0,78
82755;2557;1,87
82756;2539;1,41
82757;2527;1,11
82758;2559;1,92
82759;2518;0,88
82760;2515;0,80
82761;2517;0,86
82762;2530;1,18
82763;2521;0,96
82764;2523;1,01
82765;2518;0,88
82766;2528;1,13
82767;2505;0,55
82768;2531;1,21
82769;2514;0,78
82770;2533;1,26
82771;2513;0,75
82772;2529;1,16
82773;2511;0,70
82774;2515;0,80
82775;2531;1,21
82776;2542;1,49
82777;2502;0,48
82778;2544;1,54
82779;2531;1,21
82780;2512;0,73
82781;2515;0,80
82782;2512;0,73
82783;2530;1,18
82784;2511;0,70
82785;2506;0,58
82786;2513;0,75
82787;2512;0,73
82788;2521;0,96
82789;2501;0,45
82790;2512;0,73
82791;2505;0,55
82792;2503;0,50
82793;2514;0,78
82794;2526;1,08
82795;2552;1,74
82796;2522;0,98
82797;2512;0,73
82798;2512;0,73
82799;2499;0,40
82800;2527;1,11
82801;2516;0,83
82802;2557;1,87
82803;2540;1,44
82804;2505;0,55
82805;2511;0,70
82806;2511;0,70
82807;2513;0,75
82808;2523;1,01
82809;2498;0,37
82810;2500;0,43
82811;2509;0,65
82812;2504;0,53
82813;2524;1,03
82814;2491;0,20
82815;2498;0,37
82816;2494;0,27
82817;2500;0,43
82818;2494;0,27
82819;2509;0,65
82820;2497;0,35
82821;2509;0,65
82822;2498;0,37
82823;2508;0,63
82824;2497;0,35
82825;2499;0,40
82826;2488;0,12
82827;2496;0,32
82828;2496;0,32
82829;2498;0,37
82830;2495;0,30
82831;2498;0,37
82832;2544;1,54
82833;2503;0,50
82834;2539;1,41
82835;2497;0,35
82836;2559;1,92
82837;2499;0,40
82838;2535;1,31
82839;2493;0,25
82840;2507;0,60
82841;2496;0,32
82842;2511;0,70
82843;2494;0,27
82844;2517;0,86
82845;2559;1,92
82846;2539;1,41
82847;2511;0,70
82848;2499;0,40
82849;2498;0,37
82850;2541;1,46
82851;2501;0,45
82852;2519;0,91
82853;2502;0,48
82854;2512;0,73
82855;2497;0,35
82856;2496;0,32
82857;2503;0,50
82858;2494;0,27
82859;2509;0,65
82860;2532;1,23
82861;2494;0,27
82862;2491;0,20
82863;2544;1,54
82864;2497;0,35
82865;2529;1,16
82866;2530;1,18
82867;2529;1,16
82868;2493;0,25
82869;2511;0,70
82870;2517;0,86
82871;2495;0,30
82872;2512;0,73
82873;2503;0,50
82874;2485;0,05
82875;2519;0,91
82876;2490;0,17
82877;2480;0,00
82878;2490;0,17
82879;2490;0,17
82880;2485;0,05
82881;2491;0,20
82882;2494;0,27
82883;2496;0,32
82884;2512;0,73
82885;2487;0,10
82886;2493;0,25
82887;2510;0,68
82888;2494;0,27
82889;2496;0,32
82890;2499;0,40
82891;2493;0,25
82892;2493;0,25
82893;2503;0,50
82894;2534;1,29
82895;2495;0,30
82896;2491;0,20
82897;2515;0,80
82898;2493;0,25
82899;2503;0,50
82900;2498;0,37
82901;2493;0,25
82902;2543;1,51
82903;2529;1,16
82904;2543;1,51
82905;2502;0,48
82906;2535;1,31
82907;2514;0,78
82908;2487;0,10
82909;2515;0,80
82910;2501;0,45
82911;2486;0,07
82912;2543;1,51
82913;2491;0,20
82914;2499;0,40
82915;2511;0,70
82916;2494;0,27
82917;2494;0,27
82918;2490;0,17
82919;2509;0,65
82920;2497;0,35
82921;2477;0,00
82922;2501;0,45
82923;2494;0,27
82924;2495;0,30
82925;2525;1,06
82926;2491;0,20
82927;2497;0,35
82928;2489;0,15
82929;2525;1,06
82930;2507;0,60
82931;2512;0,73
82932;2487;0,10
82933;2487;0,10
82934;2491;0,20
82935;2491;0,20
82936;2510;0,68
82937;2481;0,00
82938;2483;0,00
82939;2496;0,32
82940;2493;0,25
82941;2494;0,27
82942;2496;0,32
82943;2493;0,25
82944;2527;1,11
82945;2485;0,05
82946;2511;0,70
82947;2506;0,58
82948;2530;1,18
82949;2490;0,17
82950;2480;0,00
82951;2497;0,35
82952;2494;0,27
82953;2499;0,40
82954;2495;0,30
82955;2501;0,45
82956;2499;0,40
82957;2502;0,48
82958;2489;0,15
82959;2491;0,20
82960;2485;0,05
82961;2541;1,46
82962;2503;0,50
82963;2509;0,65
82964;2494;0,27
82965;2483;0,00
82966;2528;1,13
82967;2491;0,20
82968;2526;1,08
82969;2498;0,37
82970;2529;1,16
82971;2483;0,00
82972;2497;0,35
82973;2525;1,06
82974;2493;0,25
82975;2487;0,10
82976;2485;0,05
82977;2486;0,07
82978;2492;0,22
82979;2489;0,15
82980;2493;0,25
82981;2497;0,35
82982;2487;0,10
82983;2483;0,00
82984;2481;0,00
82985;2496;0,32
82986;2533;1,26
82987;2519;0,91
82988;2514;0,78
82989;2487;0,10
82990;2494;0,27
82991;2500;0,43
82992;2541;1,46
82993;2496;0,32
82994;2486;0,07
82995;2528;1,13
82996;2534;1,29
82997;2512;0,73
82998;2482;0,00
82999;2497;0,35
83000;2485;0,05
83001;2495;0,30
83002;2502;0,48
83003;2507;0,60
83004;2491;0,20
83005;2518;0,88
83006;2483;0,00
83007;2496;0,32
83008;2529;1,16
83009;2526;1,08
83010;2527;1,11
83011;2489;0,15
83012;2476;0,00
83013;2490;0,17
83014;2498;0,37
83015;2526;1,08
83016;2486;0,07
83017;2493;0,25
83018;2513;0,75
83019;2501;0,45
83020;2482;0,00
83021;2490;0,17
83022;2505;0,55
83023;2496;0,32
83024;2493;0,25
83025;2489;0,15
83026;2506;0,58
83027;2494;0,27
83028;2490;0,17
83029;2493;0,25
83030;2497;0,35
83031;2481;0,00
83032;2515;0,80
83033;2510;0,68
83034;2491;0,20
83035;2517;0,86
83036;2487;0,10
83037;2489;0,15
83038;2487;0,10
83039;2512;0,73
83040;2545;1,56
83041;2491;0,20
83042;2496;0,32
83043;2486;0,07
83044;2495;0,30
83045;2491;0,20
83046;2528;1,13
83047;2511;0,70
83048;2493;0,25
83049;2496;0,32
83050;2493;0,25
83051;2517;0,86
83052;2493;0,25
83053;2513;0,75
83054;2487;0,10
83055;2487;0,10
83056;2514;0,78
83057;2487;0,10
83058;2499;0,40
83059;2544;1,54
83060;2498;0,37
83061;2498;0,37
83062;2485;0,05
83063;2494;0,27
83064;2544;1,54
83065;2487;0,10
83066;2516;0,83
83067;2548;1,64
83068;2487;0,10
83069;2494;0,27
83070;2513;0,75
83071;2525;1,06
83072;2485;0,05
83073;2494;0,27
83074;2501;0,45
83075;2484;0,02
83076;2490;0,17
83077;2507;0,60
83078;2491;0,20
83079;2495;0,30
83080;2496;0,32
83081;2523;1,01
83082;2498;0,37
83083;2496;0,32
83084;2497;0,35
83085;2524;1,03
83086;2505;0,55
83087;2496;0,32
83088;2492;0,22
83089;2512;0,73
83090;2524;1,03
83091;2498;0,37
83092;2531;1,21
83093;2529;1,16
83094;2499;0,40
83095;2501;0,45
83096;2512;0,73
83097;2496;0,32
83098;2491;0,20
83099;2499;0,40
83100;2501;0,45
83101;2485;0,05
83102;2496;0,32
83103;2513;0,75
83104;2496;0,32
83105;2513;0,75
83106;2495;0,30
83107;2495;0,30
83108;2543;1,51
83109;2509;0,65
83110;2495;0,30
83111;2498;0,37
83112;2518;0,88
83113;2512;0,73
83114;2489;0,15
83115;2491;0,20
83116;2541;1,46
83117;2493;0,25
83118;2515;0,80
83119;2492;0,22
83120;2506;0,58
83121;2497;0,35
83122;2535;1,31
83123;2512;0,73
83124;2495;0,30
83125;2507;0,60
83126;2540;1,44
83127;2533;1,26
83128;2491;0,20
83129;2503;0,50
83130;2496;0,32
83131;2507;0,60
83132;2491;0,20
83133;2496;0,32
83134;2522;0,98
83135;2532;1,23
83136;2513;0,75
83137;2497;0,35
83138;2495;0,30
83139;2497;0,35
83140;2501;0,45
83141;2496;0,32
83142;2514;0,78
83143;2495;0,30
83144;2512;0,73
83145;2496;0,32
83146;2499;0,40
83147;2493;0,25
83148;2518;0,88
83149;2491;0,20
83150;2546;1,59
83151;2499;0,40
83152;2525;1,06
83153;2491;0,20
83154;2493;0,25
83155;2480;0,00
83156;2490;0,17
83157;2487;0,10
83158;2536;1,34
83159;2522;0,98
83160;2480;0,00
83161;2481;0,00
83162;2496;0,32
83163;2494;0,27
83164;2507;0,60
83165;2487;0,10
83166;2489;0,15
83167;2503;0,50
83168;2501;0,45
83169;2519;0,91
83170;2527;1,11
83171;2485;0,05
83172;2485;0,05
83173;2503;0,50
83174;2550;1,69
83175;2497;0,35
83176;2490;0,17
83177;2483;0,00
83178;2512;0,73
83179;2491;0,20
83180;2487;0,10
83181;2485;0,05
83182;2527;1,11
83183;2487;0,10
83184;2491;0,20
83185;2528;1,13
83186;2480;0,00
83187;2507;0,60
83188;2497;0,35
83189;2499;0,40
83190;2490;0,17
83191;2523;1,01
83192;2491;0,20
83193;2496;0,32
83194;2491;0,20
83195;2530;1,18
83196;2540;1,44
83197;2526;1,08
83198;2494;0,27
83199;2491;0,20
83200;2524;1,03
83201;2505;0,55
83202;2497;0,35
83203;2554;1,79
83204;2493;0,25
83205;2488;0,12
83206;2496;0,32
83207;2497;0,35
83208;2497;0,35
83209;2527;1,11
83210;2502;0,48
83211;2502;0,48
83212;2497;0,35
83213;2539;1,41
83214;2541;1,46
83215;2507;0,60
83216;2499;0,40
83217;2554;1,79
83218;2512;0,73
83219;2503;0,50
83220;2531;1,21
83221;2541;1,46
83222;2496;0,32
83223;2493;0,25
83224;2496;0,32
83225;2495;0,30
83226;2491;0,20
83227;2498;0,37
83228;2496;0,32
83229;2496;0,32
83230;2491;0,20
83231;2511;0,70
83232;2491;0,20
83233;2514;0,78
83234;2503;0,50
83235;2477;0,00
83236;2495;0,30
83237;2512;0,73
83238;2493;0,25
83239;2519;0,91
83240;2499;0,40
83241;2512;0,73
83242;2507;0,60
83243;2490;0,17
83244;2491;0,20
83245;2490;0,17
83246;2490;0,17
83247;2493;0,25
83248;2485;0,05
83249;2510;0,68
83250;2495;0,30
83251;2490;0,17
83252;2503;0,50
83253;2485;0,05
83254;2512;0,73
83255;2489;0,15
83256;2512;0,73
83257;2491;0,20
83258;2494;0,27
83259;2510;0,68
83260;2494;0,27
83261;2490;0,17
83262;2517;0,86
83263;2530;1,18
83264;2493;0,25
83265;2525;1,06
83266;2517;0,86
83267;2491;0,20
83268;2508;0,63
83269;2526;1,08
83270;2490;0,17
83271;2502;0,48
83272;2507;0,60
83273;2517;0,86
83274;2529;1,16
83275;2513;0,75
83276;2496;0,32
83277;2511;0,70
83278;2498;0,37
83279;2525;1,06
83280;2501;0,45
83281;2486;0,07
83282;2497;0,35
83283;2512;0,73
83284;2499;0,40
83285;2502;0,48
83286;2496;0,32
83287;2505;0,55
83288;2498;0,37
83289;2493;0,25
83290;2493;0,25
83291;2510;0,68
83292;2544;1,54
83293;2500;0,43
83294;2496;0,32
83295;2509;0,65
83296;2497;0,35
83297;2512;0,73
83298;2494;0,27
83299;2501;0,45
83300;2527;1,11
83301;2497;0,35
83302;2508;0,63
83303;2506;0,58
83304;2519;0,91
83305;2497;0,35
83306;2501;0,45
83307;2513;0,75
83308;2532;1,23
83309;2522;0,98
83310;2518;0,88
83311;2496;0,32
83312;2507;0,60
83313;2510;0,68
83314;2506;0,58
83315;2512;0,73
83316;2496;0,32
83317;2503;0,50
83318;2512;0,73
83319;2495;0,30
83320;2497;0,35
83321;2496;0,32
83322;2522;0,98
83323;2496;0,32
83324;2544;1,54
83325;2502;0,48
83326;2507;0,60
83327;2515;0,80
83328;2501;0,45
83329;2511;0,70
83330;2496;0,32
83331;2532;1,23
83332;2539;1,41
83333;2489;0,15
83334;2511;0,70
83335;2496;0,32
83336;2493;0,25
83337;2498;0,37
83338;2502;0,48
83339;2494;0,27
83340;2538;1,39
83341;2534;1,29
83342;2512;0,73
83343;2491;0,20
83344;2493;0,25
83345;2494;0,27
83346;2494;0,27
83347;2482;0,00
83348;2529;1,16
83349;2491;0,20
83350;2490;0,17
83351;2497;0,35
83352;2539;1,41
83353;2505;0,55
83354;2518;0,88
83355;2510;0,68
83356;2495;0,30
83357;2487;0,10
83358;2501;0,45
83359;2497;0,35
83360;2483;0,00
83361;2502;0,48
83362;2491;0,20
83363;2491;0,20
83364;2497;0,35
83365;2483;0,00
83366;2485;0,05
83367;2483;0,00
83368;2496;0,32
83369;2483;0,00
83370;2512;0,73
83371;2487;0,10
83372;2498;0,37
83373;2486;0,07
83374;2480;0,00
83375;2497;0,35
83376;2486;0,07
83377;2522;0,98
83378;2498;0,37
83379;2501;0,45
83380;2491;0,20
83381;2501;0,45
83382;2494;0,27
83383;2512;0,73
83384;2527;1,11
83385;2494;0,27
83386;2491;0,20
83387;2507;0,60
83388;2498;0,37
83389;2522;0,98
83390;2498;0,37
83391;2505;0,55
83392;2503;0,50
83393;2506;0,58
83394;2503;0,50
83395;2513;0,75
83396;2515;0,80
83397;2499;0,40
83398;2512;0,73
83399;2493;0,25
83400;2543;1,51
83401;2533;1,26
83402;2518;0,88
83403;2512;0,73
83404;2510;0,68
83405;2513;0,75
83406;2511;0,70
83407;2543;1,51
83408;2512;0,73
83409;2522;0,98
83410;2518;0,88
83411;2522;0,98
83412;2514;0,78
83413;2518;0,88
83414;2524;1,03
83415;2510;0,68
83416;2522;0,98
83417;2551;1,72
83418;2545;1,56
83419;2547;1,61
83420;2541;1,46
83421;2523;1,01
83422;2511;0,70
83423;2528;1,13
83424;2521;0,96
83425;2508;0,63
83426;2550;1,69
83427;2500;0,43
83428;2512;0,73
83429;2498;0,37
83430;2520;0,93
83431;2501;0,45
83432;2503;0,50
83433;2531;1,21
83434;2513;0,75
83435;2502;0,48
83436;2499;0,40
83437;2512;0,73
83438;2511;0,70
83439;2511;0,70
83440;2483;0,00
83441;2517;0,86
83442;2507;0,60
83443;2480;0,00
83444;2494;0,27
83445;2508;0,63
83446;2490;0,17
83447;2492;0,22
83448;2481;0,00
83449;2487;0,10
83450;2491;0,20
83451;2497;0,35
83452;2526;1,08
83453;2517;0,86
83454;2510;0,68
83455;2493;0,25
83456;2493;0,25
83457;2483;0,00
83458;2485;0,05
83459;2493;0,25
83460;2493;0,25
83461;2494;0,27
83462;2510;0,68
83463;2500;0,43
83464;2514;0,78
83465;2486;0,07
83466;2486;0,07
83467;2517;0,86
83468;2508;0,63
83469;2487;0,10
83470;2513;0,75
83471;2494;0,27
83472;2487;0,10
83473;2533;1,26
83474;2487;0,10
83475;2492;0,22
83476;2499;0,40
83477;2508;0,63
83478;2495;0,30
83479;2518;0,88
83480;2517;0,86
83481;2506;0,58
83482;2496;0,32
83483;2495;0,30
83484;2525;1,06
83485;2533;1,26
83486;2497;0,35
83487;2502;0,48
83488;2498;0,37
83489;2506;0,58
83490;2515;0,80
83491;2539;1,41
83492;2495;0,30
83493;2499;0,40
83494;2491;0,20
83495;2481;0,00
83496;2513;0,75
83497;2509;0,65
83498;2533;1,26
83499;2506;0,58
83500;2531;1,21
83501;2495;0,30
83502;2506;0,58
83503;2549;1,66
83504;2493;0,25
83505;2506;0,58
83506;2508;0,63
83507;2545;1,56
83508;2498;0,37
83509;2509;0,65
83510;2507;0,60
83511;2507;0,60
83512;2503;0,50
83513;2501;0,45
83514;2535;1,31
83515;2543;1,51
83516;2502;0,48
83517;2533;1,26
83518;2532;1,23
83519;2505;0,55
83520;2509;0,65
83521;2511;0,70
83522;2505;0,55
83523;2496;0,32
83524;2497;0,35
83525;2498;0,37
83526;2494;0,27
83527;2495;0,30
83528;2522;0,98
83529;2533;1,26
83530;2494;0,27
83531;2526;1,08
83532;2503;0,50
83533;2528;1,13
83534;2502;0,48
83535;2480;0,00
83536;2498;0,37
83537;2535;1,31
83538;2493;0,25
83539;2494;0,27
83540;2493;0,25
83541;2493;0,25
83542;2507;0,60
83543;2533;1,26
83544;2521;0,96
83545;2495;0,30
83546;2525;1,06
83547;2502;0,48
83548;2495;0,30
83549;2506;0,58
83550;2527;1,11
83551;2515;0,80
83552;2542;1,49
83553;2509;0,65
83554;2508;0,63
83555;2518;0,88
83556;2506;0,58
83557;2502;0,48
83558;2541;1,46
83559;2498;0,37
83560;2515;0,80
83561;2504;0,53
83562;2512;0,73
83563;2498;0,37
83564;2534;1,29
83565;2515;0,80
83566;2509;0,65
83567;2517;0,86
83568;2495;0,30
83569;2499;0,40
83570;2500;0,43
83571;2511;0,70
83572;2528;1,13
83573;2506;0,58
83574;2499;0,40
83575;2503;0,50
83576;2508;0,63
83577;2510;0,68
83578;2501;0,45
83579;2496;0,32
83580;2501;0,45
83581;2538;1,39
83582;2525;1,06
83583;2501;0,45
83584;2512;0,73
83585;2502;0,48
83586;2498;0,37
83587;2500;0,43
83588;2500;0,43
83589;2510;0,68
83590;2527;1,11
83591;2503;0,50
83592;2543;1,51
83593;2512;0,73
83594;2493;0,25
83595;2506;0,58
83596;2544;1,54
83597;2512;0,73
83598;2508;0,63
83599;2538;1,39
83600;2511;0,70
83601;2510;0,68
83602;2507;0,60
83603;2544;1,54
83604;2497;0,35
83605;2521;0,96
83606;2505;0,55
83607;2503;0,50
83608;2512;0,73
83609;2546;1,59
83610;2506;0,58
83611;2502;0,48
83612;2506;0,58
83613;2496;0,32
83614;2509;0,65
83615;2502;0,48
83616;2538;1,39
83617;2501;0,45
83618;2519;0,91
83619;2512;0,73
83620;2507;0,60
83621;2495;0,30
83622;2507;0,60
83623;2496;0,32
83624;2527;1,11
83625;2513;0,75
83626;2518;0,88
83627;2500;0,43
83628;2533;1,26
83629;2502;0,48
83630;2525;1,06
83631;2490;0,17
83632;2499;0,40
83633;2522;0,98
83634;2537;1,36
83635;2494;0,27
83636;2503;0,50
83637;2512;0,73
83638;2493;0,25
83639;2499;0,40
83640;2544;1,54
83641;2535;1,31
83642;2498;0,37
83643;2530;1,18
83644;2518;0,88
83645;2533;1,26
83646;2511;0,70
83647;2494;0,27
83648;2497;0,35
83649;2499;0,40
83650;2497;0,35
83651;2496;0,32
83652;2501;0,45
83653;2531;1,21
83654;2512;0,73
83655;2495;0,30
83656;2493;0,25
83657;2512;0,73
83658;2538;1,39
83659;2500;0,43
83660;2496;0,32
83661;2519;0,91
83662;2509;0,65
83663;2510;0,68
83664;2500;0,43
83665;2512;0,73
83666;2497;0,35
83667;2502;0,48
83668;2524;1,03
83669;2515;0,80
83670;2515;0,80
83671;2544;1,54
83672;2544;1,54
83673;2510;0,68
83674;2507;0,60
83675;2549;1,66
83676;2523;1,01
83677;2503;0,50
83678;2525;1,06
83679;2499;0,40
83680;2496;0,32
83681;2503;0,50
83682;2515;0,80
83683;2508;0,63
83684;2497;0,35
83685;2480;0,00
83686;2498;0,37
83687;2528;1,13
83688;2499;0,40
83689;2499;0,40
83690;2526;1,08
83691;2490;0,17
83692;2511;0,70
83693;2545;1,56
83694;2500;0,43
83695;2495;0,30
83696;2531;1,21
83697;2525;1,06
83698;2487;0,10
83699;2513;0,75
83700;2528;1,13
83701;2523;1,01
83702;2502;0,48
83703;2496;0,32
83704;2498;0,37
83705;2512;0,73
83706;2502;0,48
83707;2496;0,32
83708;2503;0,50
83709;2509;0,65
83710;2507;0,60
83711;2519;0,91
83712;2495;0,30
83713;2491;0,20
83714;2506;0,58
83715;2502;0,48
83716;2505;0,55
83717;2514;0,78
83718;2506;0,58
83719;2483;0,00
83720;2494;0,27
83721;2544;1,54
83722;2508;0,63
83723;2535;1,31
83724;2492;0,22
83725;2499;0,40
83726;2486;0,07
83727;2499;0,40
83728;2484;0,02
83729;2499;0,40
83730;2493;0,25
83731;2511;0,70
83732;2493;0,25
83733;2479;0,00
83734;2495;0,30
83735;2508;0,63
83736;2485;0,05
83737;2499;0,40
83738;2534;1,29
83739;2489;0,15
83740;2515;0,80
83741;2537;1,36
83742;2494;0,27
83743;2525;1,06
83744;2483;0,00
83745;2493;0,25
83746;2497;0,35
83747;2480;0,00
83748;2480;0,00
83749;2486;0,07
83750;2499;0,40
83751;2497;0,35
83752;2513;0,75
83753;2483;0,00
83754;2515;0,80
83755;2505;0,55
83756;2519;0,91
83757;2496;0,32
83758;2492;0,22
83759;2493;0,25
83760;2496;0,32
83761;2493;0,25
83762;2510;0,68
83763;2506;0,58
83764;2495;0,30
83765;2497;0,35
83766;2497;0,35
83767;2509;0,65
83768;2498;0,37
83769;2501;0,45
83770;2499;0,40
83771;2511;0,70
83772;2493;0,25
83773;2496;0,32
83774;2490;0,17
83775;2507;0,60
83776;2496;0,32
83777;2496;0,32
83778;2496;0,32
83779;2495;0,30
83780;2513;0,75
83781;2498;0,37
83782;2496;0,32
83783;2497;0,35
83784;2535;1,31
83785;2509;0,65
83786;2501;0,45
83787;2495;0,30
83788;2508;0,63
83789;2506;0,58
83790;2496;0,32
83791;2494;0,27
83792;2503;0,50
83793;2507;0,60
83794;2526;1,08
83795;2494;0,27
83796;2523;1,01
83797;2512;0,73
83798;2494;0,27
83799;2496;0,32
83800;2497;0,35
83801;2505;0,55
83802;2512;0,73
83803;2528;1,13
83804;2507;0,60
83805;2503;0,50
83806;2546;1,59
83807;2525;1,06
83808;2502;0,48
83809;2515;0,80
83810;2518;0,88
83811;2518;0,88
83812;2495;0,30
83813;2496;0,32
83814;2506;0,58
83815;2499;0,40
83816;2501;0,45
83817;2499;0,40
83818;2512;0,73
83819;2543;1,51
83820;2525;1,06
83821;2496;0,32
83822;2505;0,55
83823;2544;1,54
83824;2514;0,78
83825;2521;0,96
83826;2507;0,60
83827;2512;0,73
83828;2511;0,70
83829;2528;1,13
83830;2511;0,70
83831;2512;0,73
83832;2510;0,68
83833;2505;0,55
83834;2509;0,65
83835;2510;0,68
83836;2556;1,84
83837;2509;0,65
83838;2511;0,70
83839;2544;1,54
83840;2503;0,50
83841;2531;1,21
83842;2510;0,68
83843;2505;0,55
83844;2511;0,70
83845;2508;0,63
83846;2508;0,63
83847;2513;0,75
83848;2509;0,65
83849;2515;0,80
83850;2505;0,55
83851;2519;0,91
83852;2506;0,58
83853;2511;0,70
83854;2535;1,31
83855;2512;0,73
83856;2542;1,49
83857;2511;0,70
83858;2498;0,37
83859;2517;0,86
83860;2505;0,55
83861;2503;0,50
83862;2495;0,30
83863;2493;0,25
83864;2491;0,20
83865;2498;0,37
83866;2491;0,20
83867;2487;0,10
83868;2492;0,22
83869;2511;0,70
83870;2529;1,16
83871;2505;0,55
83872;2499;0,40
83873;2528;1,13
83874;2497;0,35
83875;2511;0,70
83876;2521;0,96
83877;2538;1,39
83878;2497;0,35
83879;2535;1,31
83880;2531;1,21
83881;2501;0,45
83882;2502;0,48
83883;2496;0,32
83884;2530;1,18
83885;2509;0,65
83886;2506;0,58
83887;2495;0,30
83888;2542;1,49
83889;2549;1,66
83890;2507;0,60
83891;2499;0,40
83892;2498;0,37
83893;2535;1,31
83894;2510;0,68
83895;2519;0,91
83896;2521;0,96
83897;2512;0,73
83898;2508;0,63
83899;2544;1,54
83900;2559;1,92
83901;2513;0,75
83902;2505;0,55
83903;2512;0,73
83904;2523;1,01
83905;2512;0,73
83906;2500;0,43
83907;2551;1,72
83908;2503;0,50
83909;2510;0,68
83910;2499;0,40
83911;2559;1,92
83912;2525;1,06
83913;2523;1,01
83914;2509;0,65
83915;2529;1,16
83916;2511;0,70
83917;2513;0,75
83918;2503;0,50
83919;2544;1,54
83920;2503;0,50
83921;2523;1,01
83922;2527;1,11
83923;2510;0,68
83924;2512;0,73
83925;2505;0,55
83926;2512;0,73
83927;2531;1,21
83928;2523;1,01
83929;2497;0,35
83930;2519;0,91
83931;2543;1,51
83932;2505;0,55
83933;2511;0,70
83934;2521;0,96
83935;2507;0,60
83936;2512;0,73
83937;2507;0,60
83938;2523;1,01
83939;2499;0,40
83940;2519;0,91
83941;2502;0,48
83942;2523;1,01
83943;2528;1,13
83944;2544;1,54
83945;2514;0,78
83946;2503;0,50
83947;2512;0,73
83948;2519;0,91
83949;2505;0,55
83950;2526;1,08
83951;2513;0,75
83952;2511;0,70
83953;2532;1,23
83954;2532;1,23
83955;2501;0,45
83956;2512;0,73
83957;2522;0,98
83958;2512;0,73
83959;2502;0,48
83960;2546;1,59
83961;2506;0,58
83962;2559;1,92
83963;2512;0,73
83964;2553;1,77
83965;2512;0,73
83966;2525;1,06
83967;2511;0,70
83968;2515;0,80
83969;2522;0,98
83970;2512;0,73
83971;2544;1,54
83972;2512;0,73
83973;2511;0,70
83974;2533;1,26
83975;2497;0,35
83976;2519;0,91
83977;2539;1,41
83978;2511;0,70
83979;2506;0,58
83980;2511;0,70
83981;2529;1,16
83982;2537;1,36
83983;2517;0,86
83984;2496;0,32
83985;2499;0,40
83986;2489;0,15
83987;2526;1,08
83988;2496;0,32
83989;2491;0,20
83990;2493;0,25
83991;2496;0,32
83992;2496;0,32
83993;2497;0,35
83994;2509;0,65
83995;2514;0,78
83996;2497;0,35
83997;2512;0,73
83998;2498;0,37
83999;2500;0,43
84000;2497;0,35
84001;2498;0,37
84002;2515;0,80
84003;2512;0,73
84004;2494;0,27
84005;2509;0,65
84006;2501;0,45
84007;2553;1,77
84008;2491;0,20
84009;2496;0,32
84010;2507;0,60
84011;2510;0,68
84012;2511;0,70
84013;2505;0,55
84014;2500;0,43
84015;2499;0,40
84016;2507;0,60
84017;2493;0,25
84018;2545;1,56
84019;2537;1,36
84020;2497;0,35
84021;2512;0,73
84022;2531;1,21
84023;2538;1,39
84024;2506;0,58
84025;2521;0,96
84026;2512;0,73
84027;2528;1,13
84028;2507;0,60
84029;2509;0,65
84030;2542;1,49
84031;2510;0,68
84032;2518;0,88
84033;2511;0,70
84034;2522;0,98
84035;2501;0,45
84036;2506;0,58
84037;2506;0,58
84038;2519;0,91
84039;2513;0,75
84040;2537;1,36
84041;2513;0,75
84042;2533;1,26
84043;2507;0,60
84044;2529;1,16
84045;2510;0,68
84046;2511;0,70
84047;2515;0,80
84048;2523;1,01
84049;2509;0,65
84050;2545;1,56
84051;2511;0,70
84052;2512;0,73
84053;2522;0,98
84054;2559;1,92
84055;2507;0,60
84056;2527;1,11
84057;2503;0,50
84058;2505;0,55
84059;2543;1,51
84060;2539;1,41
84061;2527;1,11
84062;2554;1,79
84063;2504;0,53
84064;2519;0,91
84065;2506;0,58
84066;2559;1,92
84067;2513;0,75
84068;2505;0,55
84069;2512;0,73
84070;2501;0,45
84071;2551;1,72
84072;2538;1,39
84073;2498;0,37
84074;2509;0,65
84075;2497;0,35
84076;2519;0,91
84077;2524;1,03
84078;2502;0,48
84079;2514;0,78
84080;2535;1,31
84081;2500;0,43
84082;2491;0,20
84083;2502;0,48
84084;2494;0,27
84085;2499;0,40
84086;2509;0,65
84087;2496;0,32
84088;2493;0,25
84089;2529;1,16
84090;2495;0,30
84091;2508;0,63
84092;2490;0,17
84093;2497;0,35
84094;2503;0,50
84095;2534;1,29
84096;2490;0,17
84097;2483;0,00
84098;2483;0,00
84099;2503;0,50
84100;2502;0,48
84101;2499;0,40
84102;2495;0,30
84103;2503;0,50
84104;2498;0,37
84105;2513;0,75
84106;2535;1,31
84107;2512;0,73
84108;2501;0,45
84109;2499;0,40
84110;2507;0,60
84111;2501;0,45
84112;2501;0,45
84113;2512;0,73
84114;2499;0,40
84115;2523;1,01
84116;2544;1,54
84117;2496;0,32
84118;2545;1,56
84119;2503;0,50
84120;2525;1,06
84121;2506;0,58
84122;2509;0,65
84123;2549;1,66
84124;2501;0,45
84125;2559;1,92
84126;2503;0,50
84127;2511;0,70
84128;2526;1,08
84129;2510;0,68
84130;2508;0,63
84131;2508;0,63
84132;2555;1,82
84133;2510;0,68
84134;2510;0,68
84135;2511;0,70
84136;2501;0,45
84137;2548;1,64
84138;2525;1,06
84139;2525;1,06
84140;2502;0,48
84141;2527;1,11
84142;2502;0,48
84143;2513;0,75
84144;2519;0,91
84145;2516;0,83
84146;2546;1,59
84147;2527;1,11
84148;2508;0,63
84149;2509;0,65
84150;2551;1,72
84151;2525;1,06
84152;2559;1,92
84153;2530;1,18
84154;2507;0,60
84155;2513;0,75
84156;2522;0,98
84157;2535;1,31
84158;2512;0,73
84159;2510;0,68
84160;2533;1,26
84161;2511;0,70
84162;2521;0,96
84163;2507;0,60
84164;2510;0,68
84165;2535;1,31
84166;2507;0,60
84167;2508;0,63
84168;2515;0,80
84169;2544;1,54
84170;2554;1,79
84171;2521;0,96
84172;2531;1,21
84173;2506;0,58
84174;2529;1,16
84175;2511;0,70
84176;2525;1,06
84177;2514;0,78
84178;2512;0,73
84179;2538;1,39
84180;2513;0,75
84181;2501;0,45
84182;2507;0,60
84183;2537;1,36
84184;2518;0,88
84185;2513;0,75
84186;2506;0,58
84187;2509;0,65
84188;2512;0,73
84189;2512;0,73
84190;2503;0,50
84191;2514;0,78
84192;2501;0,45
84193;2510;0,68
84194;2523;1,01
84195;2506;0,58
84196;2525;1,06
84197;2544;1,54
84198;2503;0,50
84199;2507;0,60
84200;2559;1,92
84201;2507;0,60
84202;2510;0,68
84203;2525;1,06
84204;2554;1,79
84205;2511;0,70
84206;2559;1,92
84207;2509;0,65
84208;2512;0,73
84209;2505;0,55
84210;2513;0,75
84211;2517;0,86
84212;2527;1,11
84213;2557;1,87
84214;2514;0,78
84215;2509;0,65
84216;2507;0,60
84217;2499;0,40
84218;2502;0,48
84219;2492;0,22
84220;2497;0,35
84221;2518;0,88
84222;2523;1,01
84223;2496;0,32
84224;2535;1,31
84225;2515;0,80
84226;2505;0,55
84227;2542;1,49
84228;2538;1,39
84229;2499;0,40
84230;2533;1,26
84231;2510;0,68
84232;2497;0,35
84233;2527;1,11
84234;2542;1,49
84235;2497;0,35
84236;2499;0,40
84237;2559;1,92
84238;2494;0,27
84239;2512;0,73
84240;2512;0,73
84241;2496;0,32
84242;2490;0,17
84243;2512;0,73
84244;2517;0,86
84245;2512;0,73
84246;2480;0,00
84247;2510;0,68
84248;2511;0,70
84249;2497;0,35
84250;2496;0,32
84251;2490;0,17
84252;2496;0,32
84253;2518;0,88
84254;2512;0,73
84255;2499;0,40
84256;2506;0,58
84257;2525;1,06
84258;2528;1,13
84259;2497;0,35
84260;2501;0,45
84261;2494;0,27
84262;2498;0,37
84263;2503;0,50
84264;2505;0,55
84265;2496;0,32
84266;2498;0,37
84267;2502;0,48
84268;2501;0,45
84269;2500;0,43
84270;2544;1,54
84271;2519;0,91
84272;2518;0,88
84273;2501;0,45
84274;2539;1,41
84275;2507;0,60
84276;2507;0,60
84277;2512;0,73
84278;2512;0,73
84279;2497;0,35
84280;2503;0,50
84281;2514;0,78
84282;2547;1,61
84283;2514;0,78
84284;2506;0,58
84285;2533;1,26
84286;2527;1,11
84287;2509;0,65
84288;2513;0,75
84289;2519;0,91
84290;2509;0,65
84291;2535;1,31
84292;2512;0,73
84293;2533;1,26
84294;2495;0,30
84295;2539;1,41
84296;2549;1,66
84297;2519;0,91
84298;2537;1,36
84299;2524;1,03
84300;2544;1,54
84301;2510;0,68
84302;2555;1,82
84303;2512;0,73
84304;2506;0,58
84305;2513;0,75
84306;2512;0,73
84307;2512;0,73
84308;2507;0,60
84309;2557;1,87
84310;2515;0,80
84311;2522;0,98
84312;2512;0,73
84313;2535;1,31
84314;2526;1,08
84315;2550;1,69
84316;2549;1,66
84317;2538;1,39
84318;2537;1,36
84319;2521;0,96
84320;2505;0,55
84321;2502;0,48
84322;2512;0,73
84323;2513;0,75
84324;2503;0,50
84325;2506;0,58
84326;2507;0,60
84327;2512;0,73
84328;2523;1,01
84329;2512;0,73
84330;2502;0,48
84331;2512;0,73
84332;2527;1,11
84333;2527;1,11
84334;2531;1,21
84335;2508;0,63
84336;2553;1,77
84337;2502;0,48
84338;2502;0,48
84339;2507;0,60
84340;2508;0,63
84341;2510;0,68
84342;2545;1,56
84343;2509;0,65
84344;2505;0,55
84345;2496;0,32
84346;2509;0,65
84347;2522;0,98
84348;2546;1,59
84349;2505;0,55
84350;2497;0,35
84351;2512;0,73
84352;2521;0,96
84353;2519;0,91
84354;2497;0,35
84355;2528;1,13
84356;2498;0,37
84357;2512;0,73
84358;2514;0,78
84359;2538;1,39
84360;2503;0,50
84361;2544;1,54
84362;2497;0,35
84363;2507;0,60
84364;2512;0,73
84365;2511;0,70
84366;2512;0,73
84367;2543;1,51
84368;2497;0,35
84369;2538;1,39
84370;2497;0,35
84371;2506;0,58
84372;2541;1,46
84373;2529;1,16
84374;2496;0,32
84375;2498;0,37
84376;2498;0,37
84377;2497;0,35
84378;2494;0,27
84379;2498;0,37
84380;2493;0,25
84381;2547;1,61
84382;2559;1,92
84383;2549;1,66
84384;2497;0,35
84385;2512;0,73
84386;2494;0,27
84387;2499;0,40
84388;2490;0,17
84389;2495;0,30
84390;2498;0,37
84391;2489;0,15
84392;2521;0,96
84393;2557;1,87
84394;2501;0,45
84395;2518;0,88
84396;2494;0,27
84397;2498;0,37
84398;2538;1,39
84399;2491;0,20
84400;2502;0,48
84401;2490;0,17
84402;2499;0,40
84403;2507;0,60
84404;2522;0,98
84405;2523;1,01
84406;2514;0,78
84407;2496;0,32
84408;2541;1,46
84409;2506;0,58
84410;2539;1,41
84411;2496;0,32
84412;2507;0,60
84413;2509;0,65
84414;2499;0,40
84415;2544;1,54
84416;2539;1,41
84417;2505;0,55
84418;2500;0,43
84419;2496;0,32
84420;2512;0,73
84421;2512;0,73
84422;2505;0,55
84423;2546;1,59
84424;2551;1,72
84425;2528;1,13
84426;2507;0,60
84427;2503;0,50
84428;2503;0,50
84429;2506;0,58
84430;2515;0,80
84431;2501;0,45
84432;2525;1,06
84433;2508;0,63
84434;2559;1,92
84435;2507;0,60
84436;2533;1,26
84437;2500;0,43
84438;2522;0,98
84439;2505;0,55
84440;2551;1,72
84441;2512;0,73
84442;2534;1,29
84443;2515;0,80
84444;2518;0,88
84445;2529;1,16
84446;2512;0,73
84447;2518;0,88
84448;2509;0,65
84449;2555;1,82
84450;2502;0,48
84451;2512;0,73
84452;2548;1,64
84453;2502;0,48
84454;2550;1,69
84455;2507;0,60
84456;2558;1,89
84457;2515;0,80
84458;2503;0,50
84459;2510;0,68
84460;2536;1,34
84461;2555;1,82
84462;2512;0,73
84463;2531;1,21
84464;2544;1,54
84465;2559;1,92
84466;2558;1,89
84467;2512;0,73
84468;2507;0,60
84469;2512;0,73
84470;2511;0,70
84471;2508;0,63
84472;2547;1,61
84473;2532;1,23
84474;2513;0,75
84475;2512;0,73
84476;2545;1,56
84477;2507;0,60
84478;2514;0,78
84479;2541;1,46
84480;2511;0,70
84481;2512;0,73
84482;2544;1,54
84483;2506;0,58
84484;2505;0,55
84485;2512;0,73
84486;2518;0,88
84487;2528;1,13
84488;2515;0,80
84489;2544;1,54
84490;2512;0,73
84491;2541;1,46
84492;2511;0,70
84493;2525;1,06
84494;2518;0,88
84495;2544;1,54
84496;2544;1,54
84497;2512;0,73
84498;2506;0,58
84499;2539;1,41
84500;2522;0,98
84501;2541;1,46
84502;2544;1,54
84503;2512;0,73
84504;2519;0,91
84505;2516;0,83
84506;2512;0,73
84507;2557;1,87
84508;2521;0,96
84509;2526;1,08
84510;2533;1,26
84511;2521;0,96
84512;2515;0,80
84513;2519;0,91
84514;2519;0,91
84515;2530;1,18
84516;2559;1,92
84517;2531;1,21
84518;2527;1,11
84519;2484;0,02
84520;2527;1,11
84521;2528;1,13
84522;2533;1,26
84523;2525;1,06
84524;2517;0,86
84525;2537;1,36
84526;2523;1,01
84527;2537;1,36
84528;2554;1,79
84529;2526;1,08
84530;2523;1,01
84531;2527;1,11
84532;2533;1,26
84533;2529;1,16
84534;2517;0,86
84535;2515;0,80
84536;2522;0,98
84537;2526;1,08
84538;2559;1,92
84539;2517;0,86
84540;2519;0,91
84541;2546;1,59
84542;2524;1,03
84543;2535;1,31
84544;2528;1,13
84545;2530;1,18
84546;2526;1,08
84547;2534;1,29
84548;2514;0,78
84549;2559;1,92
84550;2527;1,11
84551;2526;1,08
84552;2586;2,60
84553;2551;1,72
84554;2544;1,54
84555;2551;1,72
84556;2559;1,92
84557;2534;1,29
84558;2544;1,54
84559;2530;1,18
84560;2524;1,03
84561;2541;1,46
84562;2543;1,51
84563;2548;1,64
84564;2544;1,54
84565;2542;1,49
84566;2559;1,92
84567;2538;1,39
84568;2559;1,92
84569;2559;1,92
84570;2535;1,31
84571;2552;1,74
84572;2557;1,87
84573;2539;1,41
84574;2559;1,92
84575;2559;1,92
84576;2549;1,66
84577;2559;1,92
84578;2538;1,39
84579;2559;1,92
84580;2559;1,92
84581;2581;2,47
84582;2543;1,51
84583;2559;1,92
84584;2553;1,77
84585;2541;1,46
84586;2606;3,11
84587;2593;2,78
84588;2595;2,83
84589;2558;1,89
84590;2547;1,61
84591;2553;1,77
84592;2545;1,56
84593;2581;2,47
84594;2559;1,92
84595;2559;1,92
84596;2559;1,92
84597;2559;1,92
84598;2608;3,16
84599;2554;1,79
84600;2615;3,34
84601;2559;1,92
84602;2545;1,56
84603;2559;1,92
84604;2554;1,79
84605;2559;1,92
84606;2559;1,92
84607;2555;1,82
84608;2559;1,92
84609;2623;3,54
84610;2559;1,92
84611;2559;1,92
84612;2559;1,92
84613;2581;2,47
84614;2559;1,92
84615;2619;3,44
84616;2594;2,80
84617;2598;2,90
84618;2559;1,92
84619;2559;1,92
84620;2559;1,92
84621;2559;1,92
84622;2559;1,92
84623;2602;3,01
84624;2606;3,11
84625;2608;3,16
84626;2559;1,92
84627;2559;1,92
84628;2603;3,03
84629;2611;3,23
84630;2615;3,34
84631;2559;1,92
84632;2559;1,92
84633;2559;1,92
84634;2582;2,50
84635;2582;2,50
84636;2559;1,92
84637;2593;2,78
84638;2641;3,99
84639;2595;2,83
84640;2613;3,28
84641;2598;2,90
84642;2587;2,63
84643;2592;2,75
84644;2613;3,28
84645;2638;3,92
84646;2591;2,73
84647;2593;2,78
84648;2591;2,73
84649;2624;3,56
84650;2589;2,68
84651;2589;2,68
84652;2608;3,16
84653;2617;3,39
84654;2597;2,88
84655;2606;3,11
84656;2640;3,97
84657;2611;3,23
84658;2621;3,49
84659;2640;3,97
84660;2607;3,13
84661;2611;3,23
84662;2642;4,02
84663;2603;3,03
84664;2607;3,13
84665;2653;4,30
84666;2592;2,75
84667;2618;3,41
84668;2599;2,93
84669;2606;3,11
84670;2648;4,17
84671;2635;3,84
84672;2607;3,13
84673;2613;3,28
84674;2609;3,18
84675;2620;3,46
84676;2608;3,16
84677;2616;3,36
84678;2609;3,18
84679;2615;3,34
84680;2640;3,97
84681;2615;3,34
84682;2634;3,82
84683;2608;3,16
84684;2614;3,31
84685;2617;3,39
84686;2614;3,31
84687;2624;3,56
84688;2622;3,51
84689;2615;3,34
84690;2608;3,16
84691;2624;3,56
84692;2646;4,12
84693;2623;3,54
84694;2656;4,37
84695;2621;3,49
84696;2615;3,34
84697;2669;4,70
84698;2647;4,14
84699;2624;3,56
84700;2625;3,59
84701;2613;3,28
84702;2662;4,52
84703;2637;3,89
84704;2624;3,56
84705;2622;3,51
84706;2623;3,54
84707;2623;3,54
84708;2639;3,94
84709;2623;3,54
84710;2621;3,49
84711;2625;3,59
84712;2642;4,02
84713;2667;4,65
84714;2625;3,59
84715;2640;3,97
84716;2635;3,84
84717;2672;4,78
84718;2624;3,56
84719;2640;3,97
84720;2639;3,94
84721;2624;3,56
84722;2621;3,49
84723;2615;3,34
84724;2655;4,35
84725;2654;4,32
84726;2627;3,64
84727;2653;4,30
84728;2640;3,97
84729;2642;4,02
84730;2657;4,40
84731;2646;4,12
84732;2627;3,64
84733;2667;4,65
84734;2629;3,69
84735;2640;3,97
84736;2622;3,51
84737;2623;3,54
84738;2627;3,64
84739;2635;3,84
84740;2629;3,69
84741;2635;3,84
84742;2638;3,92
84743;2629;3,69
84744;2633;3,79
84745;2625;3,59
84746;2631;3,74
84747;2653;4,30
84748;2667;4,65
84749;2641;3,99
84750;2625;3,59
84751;2647;4,14
84752;2646;4,12
84753;2646;4,12
84754;2658;4,42
84755;2674;4,83
84756;2654;4,32
84757;2633;3,79
84758;2656;4,37
84759;2639;3,94
84760;2627;3,64
84761;2633;3,79
84762;2626;3,61
84763;2640;3,97
84764;2633;3,79
84765;2672;4,78
84766;2631;3,74
84767;2655;4,35
84768;2635;3,84
84769;2637;3,89
84770;2647;4,14
84771;2655;4,35
84772;2640;3,97
84773;2630;3,71
84774;2653;4,30
84775;2643;4,04
84776;2635;3,84
84777;2658;4,42
84778;2631;3,74
84779;2629;3,69
84780;2640;3,97
84781;2625;3,59
84782;2633;3,79
84783;2640;3,97
84784;2631;3,74
84785;2651;4,25
84786;2640;3,97
84787;2672;4,78
84788;2678;4,93
84789;2656;4,37
84790;2652;4,27
84791;2622;3,51
84792;2645;4,09
84793;2641;3,99
84794;2670;4,73
84795;2630;3,71
84796;2679;4,95
84797;2640;3,97
84798;2664;4,57
84799;2621;3,49
84800;2644;4,07
84801;2622;3,51
84802;2630;3,71
84803;2612;3,26
84804;2635;3,84
84805;2608;3,16
84806;2617;3,39
84807;2614;3,31
84808;2627;3,64
84809;2624;3,56
84810;2665;4,60
84811;2627;3,64
84812;2642;4,02
84813;2630;3,71
84814;2640;3,97
84815;2640;3,97
84816;2639;3,94
84817;2639;3,94
84818;2656;4,37
84819;2663;4,55
84820;2631;3,74
84821;2653;4,30
84822;2663;4,55
84823;2654;4,32
84824;2637;3,89
84825;2647;4,14
84826;2640;3,97
84827;2685;5,11
84828;2661;4,50
84829;2633;3,79
84830;2639;3,94
84831;2653;4,30
84832;2673;4,80
84833;2642;4,02
84834;2642;4,02
84835;2659;4,45
84836;2649;4,20
84837;2625;3,59
84838;2647;4,14
84839;2643;4,04
84840;2631;3,74
84841;2672;4,78
84842;2630;3,71
84843;2639;3,94
84844;2662;4,52
84845;2635;3,84
84846;2625;3,59
84847;2624;3,56
84848;2631;3,74
84849;2641;3,99
84850;2638;3,92
84851;2646;4,12
84852;2681;5,01
84853;2649;4,20
84854;2656;4,37
84855;2623;3,54
84856;2640;3,97
84857;2626;3,61
84858;2621;3,49
84859;2624;3,56
84860;2640;3,97
84861;2618;3,41
84862;2630;3,71
84863;2622;3,51
84864;2633;3,79
84865;2617;3,39
84866;2623;3,54
84867;2615;3,34
84868;2624;3,56
84869;2623;3,54
84870;2620;3,46
84871;2635;3,84
84872;2645;4,09
84873;2631;3,74
84874;2614;3,31
84875;2653;4,30
84876;2595;2,83
84877;2620;3,46
84878;2640;3,97
84879;2639;3,94
84880;2607;3,13
84881;2607;3,13
84882;2608;3,16
84883;2655;4,35
84884;2615;3,34
84885;2590;2,70
84886;2626;3,61
84887;2642;4,02
84888;2613;3,28
84889;2621;3,49
84890;2625;3,59
84891;2627;3,64
84892;2618;3,41
84893;2643;4,04
84894;2630;3,71
84895;2614;3,31
84896;2608;3,16
84897;2635;3,84
84898;2643;4,04
84899;2622;3,51
84900;2620;3,46
84901;2631;3,74
84902;2637;3,89
84903;2616;3,36
84904;2634;3,82
84905;2610;3,21
84906;2639;3,94
84907;2619;3,44
84908;2623;3,54
84909;2608;3,16
84910;2639;3,94
84911;2623;3,54
84912;2613;3,28
84913;2613;3,28
84914;2637;3,89
84915;2614;3,31
84916;2640;3,97
84917;2610;3,21
84918;2624;3,56
84919;2673;4,80
84920;2618;3,41
84921;2655;4,35
84922;2641;3,99
84923;2631;3,74
84924;2640;3,97
84925;2613;3,28
84926;2621;3,49
84927;2622;3,51
84928;2631;3,74
84929;2610;3,21
84930;2619;3,44
84931;2613;3,28
84932;2643;4,04
84933;2605;3,08
84934;2602;3,01
84935;2623;3,54
84936;2613;3,28
84937;2624;3,56
84938;2614;3,31
84939;2587;2,63
84940;2619;3,44
84941;2583;2,53
84942;2601;2,98
84943;2608;3,16
84944;2611;3,23
84945;2618;3,41
84946;2640;3,97
84947;2559;1,92
84948;2584;2,55
84949;2592;2,75
84950;2587;2,63
84951;2559;1,92
84952;2608;3,16
84953;2607;3,13
84954;2605;3,08
84955;2559;1,92
84956;2624;3,56
84957;2559;1,92
84958;2601;2,98
84959;2599;2,93
84960;2622;3,51
84961;2601;2,98
84962;2624;3,56
84963;2597;2,88
84964;2608;3,16
84965;2609;3,18
84966;2611;3,23
84967;2631;3,74
84968;2615;3,34
84969;2608;3,16
84970;2635;3,84
84971;2622;3,51
84972;2608;3,16
84973;2613;3,28
84974;2615;3,34
84975;2646;4,12
84976;2627;3,64
84977;2640;3,97
84978;2622;3,51
84979;2624;3,56
84980;2647;4,14
84981;2614;3,31
84982;2603;3,03
84983;2594;2,80
84984;2623;3,54
84985;2599;2,93
84986;2611;3,23
84987;2591;2,73
84988;2589;2,68
84989;2631;3,74
84990;2559;1,92
84991;2559;1,92
84992;2588;2,65
84993;2559;1,92
84994;2608;3,16
84995;2591;2,73
84996;2594;2,80
84997;2603;3,03
84998;2614;3,31
84999;2619;3,44
85000;2559;1,92
85001;2584;2,55
85002;2582;2,50
85003;2609;3,18
85004;2595;2,83
85005;2590;2,70
85006;2581;2,47
85007;2602;3,01
85008;2608;3,16
85009;2633;3,79
85010;2603;3,03
85011;2622;3,51
85012;2614;3,31
85013;2603;3,03
85014;2669;4,70
85015;2672;4,78
85016;2640;3,97
85017;2627;3,64
85018;2622;3,51
85019;2601;2,98
85020;2624;3,56
85021;2587;2,63
85022;2624;3,56
85023;2591;2,73
85024;2623;3,54
85025;2630;3,71
85026;2635;3,84
85027;2619;3,44
85028;2608;3,16
85029;2588;2,65
85030;2604;3,06
85031;2613;3,28
85032;2623;3,54
85033;2586;2,60
85034;2618;3,41
85035;2597;2,88
85036;2582;2,50
85037;2614;3,31
85038;2634;3,82
85039;2599;2,93
85040;2587;2,63
85041;2599;2,93
85042;2593;2,78
85043;2594;2,80
85044;2559;1,92
85045;2593;2,78
85046;2559;1,92
85047;2559;1,92
85048;2559;1,92
85049;2559;1,92
85050;2559;1,92
85051;2559;1,92
85052;2558;1,89
85053;2559;1,92
85054;2559;1,92
85055;2559;1,92
85056;2559;1,92
85057;2602;3,01
85058;2587;2,63
85059;2559;1,92
85060;2594;2,80
85061;2581;2,47
85062;2601;2,98
85063;2559;1,92
85064;2599;2,93
85065;2559;1,92
85066;2559;1,92
85067;2607;3,13
85068;2602;3,01
85069;2559;1,92
85070;2583;2,53
85071;2592;2,75
85072;2608;3,16
85073;2612;3,26
85074;2608;3,16
85075;2617;3,39
85076;2599;2,93
85077;2627;3,64
85078;2603;3,03
85079;2591;2,73
85080;2595;2,83
85081;2608;3,16
85082;2606;3,11
85083;2608;3,16
85084;2608;3,16
85085;2597;2,88
85086;2603;3,03
85087;2597;2,88
85088;2621;3,49
85089;2592;2,75
85090;2599;2,93
85091;2583;2,53
85092;2624;3,56
85093;2624;3,56
85094;2559;1,92
85095;2559;1,92
85096;2606;3,11
85097;2559;1,92
85098;2603;3,03
85099;2559;1,92
85100;2585;2,58
85101;2619;3,44
85102;2559;1,92
85103;2587;2,63
85104;2595;2,83
85105;2590;2,70
85106;2627;3,64
85107;2599;2,93
85108;2599;2,93
85109;2559;1,92
85110;2559;1,92
85111;2559;1,92
85112;2559;1,92
85113;2582;2,50
85114;2559;1,92
85115;2582;2,50
85116;2559;1,92
85117;2599;2,93
85118;2546;1,59
85119;2559;1,92
85120;2548;1,64
85121;2551;1,72
85122;2559;1,92
85123;2559;1,92
85124;2546;1,59
85125;2553;1,77
85126;2559;1,92
85127;2559;1,92
85128;2593;2,78
85129;2559;1,92
85130;2559;1,92
85131;2587;2,63
85132;2613;3,28
85133;2559;1,92
85134;2586;2,60
85135;2595;2,83
85136;2559;1,92
85137;2559;1,92
85138;2585;2,58
85139;2595;2,83
85140;2621;3,49
85141;2559;1,92
85142;2555;1,82
85143;2588;2,65
85144;2557;1,87
85145;2596;2,85
85146;2613;3,28
85147;2559;1,92
85148;2559;1,92
85149;2593;2,78
85150;2628;3,66
85151;2607;3,13
85152;2545;1,56
85153;2559;1,92
85154;2559;1,92
85155;2593;2,78
85156;2559;1,92
85157;2559;1,92
85158;2609;3,18
85159;2559;1,92
85160;2559;1,92
85161;2559;1,92
85162;2586;2,60
85163;2559;1,92
85164;2544;1,54
85165;2559;1,92
85166;2607;3,13
85167;2582;2,50
85168;2587;2,63
85169;2559;1,92
85170;2594;2,80
85171;2601;2,98
85172;2599;2,93
85173;2584;2,55
85174;2595;2,83
85175;2610;3,21
85176;2588;2,65
85177;2593;2,78
85178;2588;2,65
85179;2622;3,51
85180;2559;1,92
85181;2626;3,61
85182;2559;1,92
85183;2559;1,92
85184;2581;2,47
85185;2559;1,92
85186;2593;2,78
85187;2559;1,92
85188;2559;1,92
85189;2624;3,56
85190;2559;1,92
85191;2587;2,63
85192;2598;2,90
85193;2594;2,80
85194;2605;3,08
85195;2559;1,92
85196;2559;1,92
85197;2607;3,13
85198;2559;1,92
85199;2587;2,63
85200;2580;2,45
85201;2559;1,92
85202;2559;1,92
85203;2559;1,92
85204;2622;3,51
85205;2559;1,92
85206;2589;2,68
85207;2559;1,92
85208;2597;2,88
85209;2559;1,92
85210;2608;3,16
85211;2559;1,92
85212;2591;2,73
85213;2559;1,92
85214;2559;1,92
85215;2559;1,92
85216;2559;1,92
85217;2597;2,88
85218;2559;1,92
85219;2559;1,92
85220;2615;3,34
85221;2590;2,70
85222;2559;1,92
85223;2594;2,80
85224;2623;3,54
85225;2559;1,92
85226;2559;1,92
85227;2601;2,98
85228;2589;2,68
85229;2559;1,92
85230;2559;1,92
85231;2585;2,58
85232;2559;1,92
85233;2589;2,68
85234;2559;1,92
85235;2592;2,75
85236;2559;1,92
85237;2559;1,92
85238;2589;2,68
85239;2559;1,92
85240;2559;1,92
85241;2583;2,53
85242;2551;1,72
85243;2559;1,92
85244;2559;1,92
85245;2558;1,89
85246;2559;1,92
85247;2559;1,92
85248;2555;1,82
85249;2559;1,92
85250;2550;1,69
85251;2559;1,92
85252;2559;1,92
85253;2587;2,63
85254;2583;2,53
85255;2586;2,60
85256;2559;1,92
85257;2585;2,58
85258;2591;2,73
85259;2559;1,92
85260;2592;2,75
85261;2583;2,53
85262;2559;1,92
85263;2559;1,92
85264;2585;2,58
85265;2559;1,92
85266;2588;2,65
85267;2559;1,92
85268;2589;2,68
85269;2617;3,39
85270;2591;2,73
85271;2597;2,88
85272;2601;2,98
85273;2585;2,58
85274;2554;1,79
85275;2587;2,63
85276;2594;2,80
85277;2610;3,21
85278;2599;2,93
85279;2623;3,54
85280;2591;2,73
85281;2589;2,68
85282;2609;3,18
85283;2625;3,59
85284;2599;2,93
85285;2599;2,93
85286;2602;3,01
85287;2594;2,80
85288;2586;2,60
85289;2592;2,75
85290;2559;1,92
85291;2597;2,88
85292;2559;1,92
85293;2559;1,92
85294;2559;1,92
85295;2599;2,93
85296;2608;3,16
85297;2559;1,92
85298;2559;1,92
85299;2557;1,87
85300;2553;1,77
85301;2623;3,54
85302;2559;1,92
85303;2559;1,92
85304;2559;1,92
85305;2550;1,69
85306;2544;1,54
85307;2542;1,49
85308;2551;1,72
85309;2557;1,87
85310;2546;1,59
85311;2549;1,66
85312;2542;1,49
85313;2589;2,68
85314;2543;1,51
85315;2559;1,92
85316;2559;1,92
85317;2559;1,92
85318;2606;3,11
85319;2559;1,92
85320;2559;1,92
85321;2558;1,89
85322;2559;1,92
85323;2541;1,46
85324;2540;1,44
85325;2554;1,79
85326;2559;1,92
85327;2559;1,92
85328;2559;1,92
85329;2559;1,92
85330;2544;1,54
85331;2559;1,92
85332;2557;1,87
85333;2559;1,92
85334;2551;1,72
85335;2548;1,64
85336;2591;2,73
85337;2559;1,92
85338;2586;2,60
85339;2582;2,50
85340;2559;1,92
85341;2607;3,13
85342;2598;2,90
85343;2591;2,73
85344;2582;2,50
85345;2559;1,92
85346;2559;1,92
85347;2559;1,92
85348;2581;2,47
85349;2559;1,92
85350;2594;2,80
85351;2608;3,16
85352;2630;3,71
85353;2594;2,80
85354;2608;3,16
85355;2587;2,63
85356;2603;3,03
85357;2582;2,50
85358;2584;2,55
85359;2606;3,11
85360;2587;2,63
85361;2589;2,68
85362;2586;2,60
85363;2559;1,92
85364;2590;2,70
85365;2587;2,63
85366;2583;2,53
85367;2590;2,70
85368;2606;3,11
85369;2587;2,63
85370;2608;3,16
85371;2588;2,65
85372;2588;2,65
85373;2606;3,11
85374;2615;3,34
85375;2592;2,75
85376;2559;1,92
85377;2559;1,92
85378;2608;3,16
85379;2592;2,75
85380;2559;1,92
85381;2559;1,92
85382;2542;1,49
85383;2594;2,80
85384;2559;1,92
85385;2591;2,73
85386;2555;1,82
85387;2559;1,92
85388;2559;1,92
85389;2559;1,92
85390;2559;1,92
85391;2559;1,92
85392;2559;1,92
85393;2549;1,66
85394;2559;1,92
85395;2559;1,92
85396;2587;2,63
85397;2559;1,92
85398;2546;1,59
85399;2559;1,92
85400;2544;1,54
85401;2528;1,13
85402;2585;2,58
85403;2559;1,92
85404;2550;1,69
85405;2559;1,92
85406;2583;2,53
85407;2546;1,59
85408;2587;2,63
85409;2541;1,46
85410;2544;1,54
85411;2559;1,92
85412;2549;1,66
85413;2559;1,92
85414;2549;1,66
85415;2556;1,84
85416;2559;1,92
85417;2546;1,59
85418;2557;1,87
85419;2549;1,66
85420;2585;2,58
85421;2550;1,69
85422;2549;1,66
85423;2554;1,79
85424;2559;1,92
85425;2553;1,77
85426;2557;1,87
85427;2559;1,92
85428;2598;2,90
85429;2556;1,84
85430;2559;1,92
85431;2550;1,69
85432;2557;1,87
85433;2602;3,01
85434;2559;1,92
85435;2554;1,79
85436;2594;2,80
85437;2587;2,63
85438;2559;1,92
85439;2559;1,92
85440;2559;1,92
85441;2554;1,79
85442;2559;1,92
85443;2559;1,92
85444;2547;1,61
85445;2585;2,58
85446;2559;1,92
85447;2559;1,92
85448;2589;2,68
85449;2548;1,64
85450;2551;1,72
85451;2559;1,92
85452;2559;1,92
85453;2544;1,54
85454;2559;1,92
85455;2559;1,92
85456;2559;1,92
85457;2544;1,54
85458;2558;1,89
85459;2544;1,54
85460;2549;1,66
85461;2546;1,59
85462;2595;2,83
85463;2559;1,92
85464;2545;1,56
85465;2554;1,79
85466;2556;1,84
85467;2547;1,61
85468;2543;1,51
85469;2559;1,92
85470;2544;1,54
85471;2547;1,61
85472;2545;1,56
85473;2583;2,53
85474;2533;1,26
85475;2546;1,59
85476;2559;1,92
85477;2543;1,51
85478;2595;2,83
85479;2558;1,89
85480;2546;1,59
85481;2545;1,56
85482;2559;1,92
85483;2613;3,28
85484;2559;1,92
85485;2581;2,47
85486;2556;1,84
85487;2583;2,53
85488;2581;2,47
85489;2559;1,92
85490;2598;2,90
85491;2559;1,92
85492;2559;1,92
85493;2559;1,92
85494;2550;1,69
85495;2554;1,79
85496;2559;1,92
85497;2551;1,72
85498;2559;1,92
85499;2583;2,53
85500;2559;1,92
85501;2559;1,92
85502;2591;2,73
85503;2547;1,61
85504;2559;1,92
85505;2559;1,92
85506;2557;1,87
85507;2590;2,70
85508;2592;2,75
85509;2559;1,92
85510;2559;1,92
85511;2602;3,01
85512;2559;1,92
85513;2559;1,92
85514;2598;2,90
85515;2559;1,92
85516;2555;1,82
85517;2559;1,92
85518;2594;2,80
85519;2553;1,77
85520;2554;1,79
85521;2559;1,92
85522;2559;1,92
85523;2559;1,92
85524;2559;1,92
85525;2511;0,70
85526;2549;1,66
85527;2559;1,92
85528;2559;1,92
85529;2559;1,92
85530;2559;1,92
85531;2582;2,50
85532;2559;1,92
85533;2557;1,87
85534;2559;1,92
85535;2559;1,92
85536;2554;1,79
85537;2559;1,92
85538;2559;1,92
85539;2559;1,92
85540;2583;2,53
85541;2599;2,93
85542;2559;1,92
85543;2551;1,72
85544;2559;1,92
85545;2559;1,92
85546;2558;1,89
85547;2580;2,45
85548;2559;1,92
85549;2559;1,92
85550;2559;1,92
85551;2559;1,92
85552;2558;1,89
85553;2554;1,79
85554;2559;1,92
85555;2559;1,92
85556;2598;2,90
85557;2559;1,92
85558;2559;1,92
85559;2605;3,08
85560;2559;1,92
85561;2597;2,88
85562;2559;1,92
85563;2559;1,92
85564;2607;3,13
85565;2608;3,16
85566;2605;3,08
85567;2559;1,92
85568;2557;1,87
85569;2589;2,68
85570;2606;3,11
85571;2559;1,92
85572;2558;1,89
85573;2585;2,58
85574;2559;1,92
85575;2595;2,83
85576;2601;2,98
85577;2590;2,70
85578;2587;2,63
85579;2559;1,92
85580;2559;1,92
85581;2598;2,90
85582;2599;2,93
85583;2557;1,87
85584;2559;1,92
85585;2559;1,92
85586;2609;3,18
85587;2558;1,89
85588;2512;0,73
85589;2559;1,92
85590;2631;3,74
85591;2589;2,68
85592;2559;1,92
85593;2540;1,44
85594;2559;1,92
85595;2544;1,54
85596;2559;1,92
85597;2589;2,68
85598;2595;2,83
85599;2593;2,78
85600;2518;0,88
85601;2544;1,54
85602;2559;1,92
85603;2558;1,89
85604;2559;1,92
85605;2609;3,18
85606;2559;1,92
85607;2591;2,73
85608;2559;1,92
85609;2589;2,68
85610;2621;3,49
85611;2559;1,92
85612;2605;3,08
85613;2559;1,92
85614;2559;1,92
85615;2559;1,92
85616;2559;1,92
85617;2559;1,92
85618;2559;1,92
85619;2550;1,69
85620;2559;1,92
85621;2559;1,92
85622;2559;1,92
85623;2559;1,92
85624;2604;3,06
85625;2601;2,98
85626;2559;1,92
85627;2604;3,06
85628;2592;2,75
85629;2559;1,92
85630;2559;1,92
85631;2559;1,92
85632;2559;1,92
85633;2609;3,18
85634;2603;3,03
85635;2559;1,92
85636;2594;2,80
85637;2593;2,78
85638;2555;1,82
85639;2559;1,92
85640;2555;1,82
85641;2599;2,93
85642;2603;3,03
85643;2559;1,92
85644;2593;2,78
85645;2598;2,90
85646;2544;1,54
85647;2559;1,92
85648;2559;1,92
85649;2533;1,26
85650;2557;1,87
85651;2606;3,11
85652;2559;1,92
85653;2587;2,63
85654;2556;1,84
85655;2559;1,92
85656;2535;1,31
85657;2558;1,89
85658;2559;1,92
85659;2559;1,92
85660;2559;1,92
85661;2595;2,83
85662;2595;2,83
85663;2558;1,89
85664;2559;1,92
85665;2559;1,92
85666;2557;1,87
85667;2555;1,82
85668;2559;1,92
85669;2559;1,92
85670;2559;1,92
85671;2551;1,72
85672;2559;1,92
85673;2599;2,93
85674;2559;1,92
85675;2593;2,78
85676;2587;2,63
85677;2559;1,92
85678;2559;1,92
85679;2599;2,93
85680;2559;1,92
85681;2559;1,92
85682;2559;1,92
85683;2601;2,98
85684;2559;1,92
85685;2559;1,92
85686;2559;1,92
85687;2559;1,92
85688;2559;1,92
85689;2602;3,01
85690;2589;2,68
85691;2559;1,92
85692;2559;1,92
85693;2559;1,92
85694;2593;2,78
85695;2555;1,82
85696;2559;1,92
85697;2590;2,70
85698;2546;1,59
85699;2559;1,92
85700;2559;1,92
85701;2559;1,92
85702;2593;2,78
85703;2559;1,92
85704;2595;2,83
85705;2549;1,66
85706;2559;1,92
85707;2558;1,89
85708;2557;1,87
85709;2550;1,69
85710;2559;1,92
85711;2547;1,61
85712;2559;1,92
85713;2559;1,92
85714;2590;2,70
85715;2559;1,92
85716;2559;1,92
85717;2559;1,92
85718;2597;2,88
85719;2557;1,87
85720;2598;2,90
85721;2559;1,92
85722;2555;1,82
85723;2559;1,92
85724;2559;1,92
85725;2585;2,58
85726;2556;1,84
85727;2557;1,87
85728;2551;1,72
85729;2587;2,63
85730;2555;1,82
85731;2559;1,92
85732;2559;1,92
85733;2559;1,92
85734;2559;1,92
85735;2594;2,80
85736;2585;2,58
85737;2593;2,78
85738;2555;1,82
85739;2559;1,92
85740;2559;1,92
85741;2604;3,06
85742;2557;1,87
85743;2557;1,87
85744;2606;3,11
85745;2559;1,92
85746;2559;1,92
85747;2559;1,92
85748;2557;1,87
85749;2551;1,72
85750;2558;1,89
85751;2559;1,92
85752;2551;1,72
85753;2554;1,79
85754;2591;2,73
85755;2557;1,87
85756;2559;1,92
85757;2581;2,47
85758;2596;2,85
85759;2587;2,63
85760;2555;1,82
85761;2559;1,92
85762;2595;2,83
85763;2598;2,90
85764;2558;1,89
85765;2559;1,92
85766;2559;1,92
85767;2547;1,61
85768;2559;1,92
85769;2588;2,65
85770;2544;1,54
85771;2551;1,72
85772;2559;1,92
85773;2543;1,51
85774;2544;1,54
85775;2544;1,54
85776;2558;1,89
85777;2542;1,49
85778;2544;1,54
85779;2555;1,82
85780;2547;1,61
85781;2544;1,54
85782;2547;1,61
85783;2556;1,84
85784;2546;1,59
85785;2544;1,54
85786;2543;1,51
85787;2557;1,87
85788;2559;1,92
85789;2526;1,08
85790;2544;1,54
85791;2544;1,54
85792;2547;1,61
85793;2550;1,69
85794;2554;1,79
85795;2552;1,74
85796;2557;1,87
85797;2557;1,87
85798;2559;1,92
85799;2551;1,72
85800;2545;1,56
85801;2549;1,66
85802;2547;1,61
85803;2559;1,92
85804;2558;1,89
85805;2555;1,82
85806;2551;1,72
85807;2544;1,54
85808;2539;1,41
85809;2559;1,92
85810;2544;1,54
85811;2550;1,69
85812;2553;1,77
85813;2559;1,92
85814;2586;2,60
85815;2582;2,50
85816;2559;1,92
85817;2553;1,77
85818;2592;2,75
85819;2585;2,58
85820;2559;1,92
85821;2551;1,72
85822;2544;1,54
85823;2545;1,56
85824;2583;2,53
85825;2555;1,82
85826;2531;1,21
85827;2549;1,66
85828;2556;1,84
85829;2555;1,82
85830;2605;3,08
85831;2542;1,49
85832;2559;1,92
85833;2559;1,92
85834;2555;1,82
85835;2542;1,49
85836;2550;1,69
85837;2536;1,34
85838;2539;1,41
85839;2544;1,54
85840;2541;1,46
85841;2547;1,61
85842;2559;1,92
85843;2539;1,41
85844;2546;1,59
85845;2544;1,54
85846;2548;1,64
85847;2598;2,90
85848;2547;1,61
85849;2548;1,64
85850;2543;1,51
85851;2543;1,51
85852;2557;1,87
85853;2535;1,31
85854;2545;1,56
85855;2559;1,92
85856;2548;1,64
85857;2546;1,59
85858;2545;1,56
85859;2543;1,51
85860;2538;1,39
85861;2550;1,69
85862;2547;1,61
85863;2537;1,36
85864;2544;1,54
85865;2559;1,92
85866;2546;1,59
85867;2539;1,41
85868;2555;1,82
85869;2540;1,44
85870;2542;1,49
85871;2559;1,92
85872;2559;1,92
85873;2559;1,92
85874;2549;1,66
85875;2544;1,54
85876;2545;1,56
85877;2550;1,69
85878;2539;1,41
85879;2542;1,49
85880;2544;1,54
85881;2559;1,92
85882;2544;1,54
85883;2559;1,92
85884;2538;1,39
85885;2591;2,73
85886;2544;1,54
85887;2559;1,92
85888;2544;1,54
85889;2541;1,46
85890;2559;1,92
85891;2534;1,29
85892;2541;1,46
85893;2539;1,41
85894;2559;1,92
85895;2542;1,49
85896;2553;1,77
85897;2555;1,82
85898;2538;1,39
85899;2542;1,49
85900;2559;1,92
85901;2527;1,11
85902;2550;1,69
85903;2538;1,39
85904;2542;1,49
85905;2533;1,26
85906;2545;1,56
85907;2546;1,59
85908;2544;1,54
85909;2527;1,11
85910;2530;1,18
85911;2549;1,66
85912;2537;1,36
85913;2542;1,49
85914;2559;1,92
85915;2559;1,92
85916;2531;1,21
85917;2559;1,92
85918;2534;1,29
85919;2551;1,72
85920;2547;1,61
85921;2534;1,29
85922;2532;1,23
85923;2531;1,21
85924;2544;1,54
85925;2559;1,92
85926;2530;1,18
85927;2535;1,31
85928;2545;1,56
85929;2543;1,51
85930;2551;1,72
85931;2559;1,92
85932;2543;1,51
85933;2559;1,92
85934;2535;1,31
85935;2539;1,41
85936;2559;1,92
85937;2541;1,46
85938;2543;1,51
85939;2548;1,64
85940;2528;1,13
85941;2559;1,92
85942;2547;1,61
85943;2559;1,92
85944;2539;1,41
85945;2544;1,54
85946;2530;1,18
85947;2531;1,21
85948;2541;1,46
85949;2559;1,92
85950;2554;1,79
85951;2544;1,54
85952;2544;1,54
85953;2524;1,03
85954;2535;1,31
85955;2559;1,92
85956;2531;1,21
85957;2554;1,79
85958;2559;1,92
85959;2523;1,01
85960;2544;1,54
85961;2588;2,65
85962;2559;1,92
85963;2543;1,51
85964;2554;1,79
85965;2546;1,59
85966;2519;0,91
85967;2531;1,21
85968;2528;1,13
85969;2529;1,16
85970;2539;1,41
85971;2559;1,92
85972;2559;1,92
85973;2535;1,31
85974;2535;1,31
85975;2559;1,92
85976;2554;1,79
85977;2537;1,36
85978;2548;1,64
85979;2559;1,92
85980;2592;2,75
85981;2530;1,18
85982;2541;1,46
85983;2527;1,11
85984;2528;1,13
85985;2533;1,26
85986;2533;1,26
85987;2545;1,56
85988;2559;1,92
85989;2541;1,46
85990;2536;1,34
85991;2550;1,69
85992;2559;1,92
85993;2544;1,54
85994;2545;1,56
85995;2559;1,92
85996;2559;1,92
85997;2537;1,36
85998;2533;1,26
85999;2559;1,92
86000;2541;1,46
86001;2540;1,44
86002;2523;1,01
86003;2525;1,06
86004;2554;1,79
86005;2559;1,92
86006;2531;1,21
86007;2542;1,49
86008;2529;1,16
86009;2555;1,82
86010;2529;1,16
86011;2527;1,11
86012;2528;1,13
86013;2525;1,06
86014;2540;1,44
86015;2531;1,21
86016;2559;1,92
86017;2525;1,06
86018;2524;1,03
86019;2528;1,13
86020;2519;0,91
86021;2527;1,11
86022;2529;1,16
86023;2535;1,31
86024;2559;1,92
86025;2548;1,64
86026;2537;1,36
86027;2531;1,21
86028;2534;1,29
86029;2544;1,54
86030;2529;1,16
86031;2519;0,91
86032;2559;1,92
86033;2531;1,21
86034;2549;1,66
86035;2527;1,11
86036;2529;1,16
86037;2521;0,96
86038;2559;1,92
86039;2523;1,01
86040;2538;1,39
86041;2544;1,54
86042;2543;1,51
86043;2558;1,89
86044;2521;0,96
86045;2544;1,54
86046;2527;1,11
86047;2525;1,06
86048;2559;1,92
86049;2543;1,51
86050;2549;1,66
86051;2527;1,11
86052;2538;1,39
86053;2525;1,06
86054;2537;1,36
86055;2533;1,26
86056;2545;1,56
86057;2522;0,98
86058;2550;1,69
86059;2553;1,77
86060;2540;1,44
86061;2544;1,54
86062;2590;2,70
86063;2522;0,98
86064;2531;1,21
86065;2538;1,39
86066;2559;1,92
86067;2529;1,16
86068;2559;1,92
86069;2523;1,01
86070;2525;1,06
86071;2534;1,29
86072;2523;1,01
86073;2547;1,61
86074;2525;1,06
86075;2559;1,92
86076;2544;1,54
86077;2519;0,91
86078;2528;1,13
86079;2519;0,91
86080;2543;1,51
86081;2526;1,08
86082;2551;1,72
86083;2545;1,56
86084;2515;0,80
86085;2523;1,01
86086;2542;1,49
86087;2524;1,03
86088;2538;1,39
86089;2519;0,91
86090;2512;0,73
86091;2549;1,66
86092;2559;1,92
86093;2535;1,31
86094;2559;1,92
86095;2523;1,01
86096;2523;1,01
86097;2525;1,06
86098;2533;1,26
86099;2530;1,18
86100;2548;1,64
86101;2531;1,21
86102;2544;1,54
86103;2523;1,01
86104;2523;1,01
86105;2526;1,08
86106;2537;1,36
86107;2522;0,98
86108;2518;0,88
86109;2524;1,03
86110;2547;1,61
86111;2516;0,83
86112;2527;1,11
86113;2522;0,98
86114;2527;1,11
86115;2557;1,87
86116;2531;1,21
86117;2517;0,86
86118;2515;0,80
86119;2523;1,01
86120;2525;1,06
86121;2517;0,86
86122;2522;0,98
86123;2551;1,72
86124;2527;1,11
86125;2549;1,66
86126;2515;0,80
86127;2521;0,96
86128;2514;0,78
86129;2512;0,73
86130;2548;1,64
86131;2541;1,46
86132;2515;0,80
86133;2528;1,13
86134;2554;1,79
86135;2512;0,73
86136;2547;1,61
86137;2559;1,92
86138;2525;1,06
86139;2514;0,78
86140;2521;0,96
86141;2559;1,92
86142;2527;1,11
86143;2525;1,06
86144;2515;0,80
86145;2525;1,06
86146;2513;0,75
86147;2521;0,96
86148;2543;1,51
86149;2521;0,96
86150;2512;0,73
86151;2531;1,21
86152;2533;1,26
86153;2513;0,75
86154;2513;0,75
86155;2534;1,29
86156;2526;1,08
86157;2512;0,73
86158;2519;0,91
86159;2513;0,75
86160;2517;0,86
86161;2544;1,54
86162;2541;1,46
86163;2525;1,06
86164;2533;1,26
86165;2551;1,72
86166;2531;1,21
86167;2515;0,80
86168;2546;1,59
86169;2528;1,13
86170;2522;0,98
86171;2555;1,82
86172;2512;0,73
86173;2512;0,73
86174;2513;0,75
86175;2523;1,01
86176;2534;1,29
86177;2512;0,73
86178;2550;1,69
86179;2534;1,29
86180;2528;1,13
86181;2533;1,26
86182;2548;1,64
86183;2523;1,01
86184;2512;0,73
86185;2538;1,39
86186;2527;1,11
86187;2551;1,72
86188;2506;0,58
86189;2513;0,75
86190;2512;0,73
86191;2512;0,73
86192;2529;1,16
86193;2513;0,75
86194;2503;0,50
86195;2545;1,56
86196;2503;0,50
86197;2539;1,41
86198;2515;0,80
86199;2544;1,54
86200;2512;0,73
86201;2541;1,46
86202;2512;0,73
86203;2514;0,78
86204;2542;1,49
86205;2499;0,40
86206;2529;1,16
86207;2549;1,66
86208;2509;0,65
86209;2512;0,73
86210;2497;0,35
86211;2521;0,96
86212;2505;0,55
86213;2501;0,45
86214;2506;0,58
86215;2512;0,73
86216;2504;0,53
86217;2512;0,73
86218;2501;0,45
86219;2503;0,50
86220;2498;0,37
86221;2505;0,55
86222;2511;0,70
86223;2538;1,39
86224;2506;0,58
86225;2502;0,48
86226;2530;1,18
86227;2516;0,83
86228;2498;0,37
86229;2534;1,29
86230;2511;0,70
86231;2496;0,32
86232;2512;0,73
86233;2499;0,40
86234;2499;0,40
86235;2517;0,86
86236;2499;0,40
86237;2513;0,75
86238;2495;0,30
86239;2499;0,40
86240;2540;1,44
86241;2534;1,29
86242;2497;0,35
86243;2510;0,68
86244;2514;0,78
86245;2496;0,32
86246;2527;1,11
86247;2513;0,75
86248;2512;0,73
86249;2498;0,37
86250;2496;0,32
86251;2518;0,88
86252;2496;0,32
86253;2514;0,78
86254;2499;0,40
86255;2512;0,73
86256;2498;0,37
86257;2531;1,21
86258;2541;1,46
86259;2498;0,37
86260;2500;0,43
86261;2493;0,25
86262;2492;0,22
86263;2491;0,20
86264;2502;0,48
86265;2512;0,73
86266;2515;0,80
86267;2486;0,07
86268;2511;0,70
86269;2496;0,32
86270;2497;0,35
86271;2537;1,36
86272;2498;0,37
86273;2543;1,51
86274;2529;1,16
86275;2522;0,98
86276;2505;0,55
86277;2495;0,30
86278;2507;0,60
86279;2541;1,46
86280;2508;0,63
86281;2513;0,75
86282;2500;0,43
86283;2494;0,27
86284;2513;0,75
86285;2544;1,54
86286;2527;1,11
86287;2510;0,68
86288;2491;0,20
86289;2494;0,27
86290;2480;0,00
86291;2495;0,30
86292;2487;0,10
86293;2490;0,17
86294;2512;0,73
86295;2512;0,73
86296;2495;0,30
86297;2540;1,44
86298;2507;0,60
86299;2481;0,00
86300;2495;0,30
86301;2500;0,43
86302;2505;0,55
86303;2482;0,00
86304;2501;0,45
86305;2509;0,65
86306;2497;0,35
86307;2543;1,51
86308;2501;0,45
86309;2519;0,91
86310;2498;0,37
86311;2487;0,10
86312;2487;0,10
86313;2499;0,40
86314;2491;0,20
86315;2490;0,17
86316;2523;1,01
86317;2529;1,16
86318;2513;0,75
86319;2496;0,32
86320;2521;0,96
86321;2506;0,58
86322;2487;0,10
86323;2512;0,73
86324;2494;0,27
86325;2508;0,63
86326;2508;0,63
86327;2489;0,15
86328;2507;0,60
86329;2496;0,32
86330;2487;0,10
86331;2507;0,60
86332;2490;0,17
86333;2509;0,65
86334;2490;0,17
86335;2530;1,18
86336;2484;0,02
86337;2516;0,83
86338;2535;1,31
86339;2509;0,65
86340;2495;0,30
86341;2497;0,35
86342;2484;0,02
86343;2481;0,00
86344;2487;0,10
86345;2506;0,58
86346;2502;0,48
86347;2485;0,05
86348;2495;0,30
86349;2525;1,06
86350;2487;0,10
86351;2505;0,55
86352;2494;0,27
86353;2481;0,00
86354;2489;0,15
86355;2527;1,11
86356;2491;0,20
86357;2496;0,32
86358;2517;0,86
86359;2480;0,00
86360;2483;0,00
86361;2528;1,13
86362;2523;1,01
86363;2506;0,58
86364;2483;0,00
86365;2493;0,25
86366;2481;0,00
86367;2480;0,00
86368;2480;0,00
86369;2482;0,00
86370;2480;0,00
86371;2482;0,00
86372;2478;0,00
86373;2480;0,00
86374;2484;0,02
86375;2480;0,00
86376;2513;0,75
86377;2497;0,35
86378;2507;0,60
86379;2483;0,00
86380;2481;0,00
86381;2498;0,37
86382;2493;0,25
86383;2487;0,10
86384;2487;0,10
86385;2509;0,65
86386;2512;0,73
86387;2503;0,50
86388;2496;0,32
86389;2480;0,00
86390;2480;0,00
86391;2489;0,15
86392;2523;1,01
86393;2511;0,70
86394;2485;0,05
86395;2487;0,10
86396;2487;0,10
86397;2485;0,05
86398;2523;1,01
86399;2488;0,12
86400;2522;0,98
86401;2512;0,73
86402;2487;0,10
86403;2497;0,35
86404;2513;0,75
86405;2495;0,30
86406;2489;0,15
86407;2501;0,45
86408;2501;0,45
86409;2488;0,12
86410;2512;0,73
86411;2512;0,73
86412;2512;0,73
86413;2530;1,18
86414;2485;0,05
86415;2512;0,73
86416;2486;0,07
86417;2500;0,43
86418;2491;0,20
86419;2483;0,00
86420;2514;0,78
86421;2503;0,50
86422;2494;0,27
86423;2498;0,37
86424;2485;0,05
86425;2484;0,02
86426;2525;1,06
86427;2498;0,37
86428;2503;0,50
86429;2485;0,05
86430;2487;0,10
86431;2513;0,75
86432;2482;0,00
86433;2496;0,32
86434;2485;0,05
86435;2498;0,37
86436;2480;0,00
86437;2480;0,00
86438;2498;0,37
86439;2480;0,00
86440;2495;0,30
86441;2480;0,00
86442;2527;1,11
86443;2495;0,30
86444;2491;0,20
86445;2483;0,00
86446;2531;1,21
86447;2481;0,00
86448;2480;0,00
86449;2496;0,32
86450;2488;0,12
86451;2480;0,00
86452;2523;1,01
86453;2481;0,00
86454;2484;0,02
86455;2489;0,15
86456;2515;0,80
86457;2499;0,40
86458;2543;1,51
86459;2494;0,27
86460;2487;0,10
86461;2496;0,32
86462;2529;1,16
86463;2510;0,68
86464;2491;0,20
86465;2494;0,27
86466;2535;1,31
86467;2505;0,55
86468;2495;0,30
86469;2487;0,10
86470;2495;0,30
86471;2502;0,48
86472;2481;0,00
86473;2495;0,30
86474;2487;0,10
86475;2494;0,27
86476;2533;1,26
86477;2522;0,98
86478;2507;0,60
86479;2493;0,25
86480;2499;0,40
86481;2501;0,45
86482;2511;0,70
86483;2493;0,25
86484;2501;0,45
86485;2512;0,73
86486;2503;0,50
86487;2491;0,20
86488;2483;0,00
86489;2496;0,32
86490;2480;0,00
86491;2495;0,30
86492;2512;0,73
86493;2540;1,44
86494;2501;0,45
86495;2482;0,00
86496;2490;0,17
86497;2511;0,70
86498;2486;0,07
86499;2527;1,11
86500;2501;0,45
86501;2490;0,17
86502;2496;0,32
86503;2493;0,25
86504;2487;0,10
86505;2509;0,65
86506;2509;0,65
86507;2496;0,32
86508;2538;1,39
86509;2499;0,40
86510;2526;1,08
86511;2512;0,73
86512;2535;1,31
86513;2500;0,43
86514;2501;0,45
86515;2525;1,06
86516;2512;0,73
86517;2494;0,27
86518;2515;0,80
86519;2494;0,27
86520;2497;0,35
86521;2498;0,37
86522;2493;0,25
86523;2515;0,80
86524;2499;0,40
86525;2529;1,16
86526;2494;0,27
86527;2492;0,22
86528;2512;0,73
86529;2524;1,03
86530;2492;0,22
86531;2495;0,30
86532;2490;0,17
86533;2519;0,91
86534;2494;0,27
86535;2498;0,37
86536;2497;0,35
86537;2499;0,40
86538;2542;1,49
86539;2490;0,17
86540;2543;1,51
86541;2535;1,31
86542;2541;1,46
86543;2493;0,25
86544;2495;0,30
86545;2503;0,50
86546;2502;0,48
86547;2511;0,70
86548;2545;1,56
86549;2528;1,13
86550;2507;0,60
86551;2529;1,16
86552;2497;0,35
86553;2525;1,06
86554;2496;0,32
86555;2498;0,37
86556;2493;0,25
86557;2490;0,17
86558;2523;1,01
86559;2526;1,08
86560;2533;1,26
86561;2526;1,08
86562;2513;0,75
86563;2519;0,91
86564;2534;1,29
86565;2496;0,32
86566;2535;1,31
86567;2502;0,48
86568;2493;0,25
86569;2492;0,22
86570;2489;0,15
86571;2507;0,60
86572;2515;0,80
86573;2496;0,32
86574;2517;0,86
86575;2506;0,58
86576;2496;0,32
86577;2491;0,20
86578;2502;0,48
86579;2495;0,30
86580;2507;0,60
86581;2498;0,37
86582;2487;0,10
86583;2491;0,20
86584;2495;0,30
86585;2526;1,08
86586;2494;0,27
86587;2490;0,17
86588;2498;0,37
86589;2483;0,00
86590;2494;0,27
86591;2498;0,37
86592;2503;0,50
86593;2498;0,37
86594;2512;0,73
86595;2513;0,75
86596;2491;0,20
86597;2496;0,32
86598;2527;1,11
86599;2486;0,07
86600;2531;1,21
86601;2493;0,25
86602;2506;0,58
86603;2491;0,20
86604;2529;1,16
86605;2498;0,37
86606;2503;0,50
86607;2491;0,20
86608;2507;0,60
86609;2512;0,73
86610;2507;0,60
86611;2491;0,20
86612;2486;0,07
86613;2489;0,15
86614;2492;0,22
86615;2496;0,32
86616;2507;0,60
86617;2539;1,41
86618;2493;0,25
86619;2500;0,43
86620;2496;0,32
86621;2506;0,58
86622;2523;1,01
86623;2495;0,30
86624;2532;1,23
86625;2509;0,65
86626;2507;0,60
86627;2519;0,91
86628;2510;0,68
86629;2495;0,30
86630;2501;0,45
86631;2494;0,27
86632;2514;0,78
86633;2496;0,32
86634;2499;0,40
86635;2512;0,73
86636;2533;1,26
86637;2492;0,22
86638;2503;0,50
86639;2495;0,30
86640;2505;0,55
86641;2506;0,58
86642;2512;0,73
86643;2530;1,18
86644;2537;1,36
86645;2498;0,37
86646;2491;0,20
86647;2512;0,73
86648;2497;0,35
86649;2497;0,35
86650;2533;1,26
86651;2493;0,25
86652;2527;1,11
86653;2497;0,35
86654;2541;1,46
86655;2495;0,30
86656;2521;0,96
86657;2514;0,78
86658;2539;1,41
86659;2499;0,40
86660;2524;1,03
86661;2541;1,46
86662;2488;0,12
86663;2509;0,65
86664;2507;0,60
86665;2531;1,21
86666;2510;0,68
86667;2487;0,10
86668;2512;0,73
86669;2523;1,01
86670;2485;0,05
86671;2495;0,30
86672;2487;0,10
86673;2496;0,32
86674;2510;0,68
86675;2537;1,36
86676;2523;1,01
86677;2490;0,17
86678;2485;0,05
86679;2502;0,48
86680;2498;0,37
86681;2487;0,10
86682;2539;1,41
86683;2513;0,75
86684;2512;0,73
86685;2534;1,29
86686;2489;0,15
86687;2502;0,48
86688;2503;0,50
86689;2518;0,88
86690;2485;0,05
86691;2496;0,32
86692;2538;1,39
86693;2489;0,15
86694;2505;0,55
86695;2498;0,37
86696;2496;0,32
86697;2490;0,17
86698;2531;1,21
86699;2491;0,20
86700;2481;0,00
86701;2512;0,73
86702;2495;0,30
86703;2513;0,75
86704;2501;0,45
86705;2496;0,32
86706;2504;0,53
86707;2511;0,70
86708;2493;0,25
86709;2502;0,48
86710;2494;0,27
86711;2525;1,06
86712;2502;0,48
86713;2496;0,32
86714;2539;1,41
86715;2515;0,80
86716;2538;1,39
86717;2507;0,60
86718;2512;0,73
86719;2494;0,27
86720;2493;0,25
86721;2539;1,41
86722;2494;0,27
86723;2545;1,56
86724;2511;0,70
86725;2535;1,31
86726;2496;0,32
86727;2545;1,56
86728;2494;0,27
86729;2502;0,48
86730;2522;0,98
86731;2524;1,03
86732;2531;1,21
86733;2522;0,98
86734;2541;1,46
86735;2506;0,58
86736;2497;0,35
86737;2497;0,35
86738;2508;0,63
86739;2544;1,54
86740;2495;0,30
86741;2534;1,29
86742;2503;0,50
86743;2541;1,46
86744;2539;1,41
86745;2515;0,80
86746;2529;1,16
86747;2512;0,73
86748;2513;0,75
86749;2506;0,58
86750;2499;0,40
86751;2512;0,73
86752;2512;0,73
86753;2515;0,80
86754;2543;1,51
86755;2550;1,69
86756;2496;0,32
86757;2494;0,27
86758;2494;0,27
86759;2503;0,50
86760;2544;1,54
86761;2498;0,37
86762;2498;0,37
86763;2496;0,32
86764;2495;0,30
86765;2498;0,37
86766;2509;0,65
86767;2526;1,08
86768;2512;0,73
86769;2512;0,73
86770;2487;0,10
86771;2480;0,00
86772;2498;0,37
86773;2530;1,18
86774;2502;0,48
86775;2481;0,00
86776;2515;0,80
86777;2539;1,41
86778;2483;0,00
86779;2512;0,73
86780;2492;0,22
86781;2517;0,86
86782;2529;1,16
86783;2521;0,96
86784;2497;0,35
86785;2496;0,32
86786;2531;1,21
86787;2481;0,00
86788;2487;0,10
86789;2486;0,07
86790;2485;0,05
86791;2524;1,03
86792;2484;0,02
86793;2513;0,75
86794;2495;0,30
86795;2485;0,05
86796;2503;0,50
86797;2482;0,00
86798;2499;0,40
86799;2495;0,30
86800;2512;0,73
86801;2493;0,25
86802;2549;1,66
86803;2489;0,15
86804;2495;0,30
86805;2499;0,40
86806;2498;0,37
86807;2496;0,32
86808;2512;0,73
86809;2499;0,40
86810;2515;0,80
86811;2506;0,58
86812;2542;1,49
86813;2503;0,50
86814;2502;0,48
86815;2501;0,45
86816;2505;0,55
86817;2555;1,82
86818;2506;0,58
86819;2507;0,60
86820;2498;0,37
86821;2515;0,80
86822;2559;1,92
86823;2540;1,44
86824;2506;0,58
86825;2512;0,73
86826;2544;1,54
86827;2517;0,86
86828;2524;1,03
86829;2495;0,30
86830;2513;0,75
86831;2528;1,13
86832;2497;0,35
86833;2507;0,60
86834;2496;0,32
86835;2502;0,48
86836;2511;0,70
86837;2497;0,35
86838;2553;1,77
86839;2519;0,91
86840;2503;0,50
86841;2512;0,73
86842;2511;0,70
86843;2510;0,68
86844;2503;0,50
86845;2526;1,08
86846;2492;0,22
86847;2496;0,32
86848;2501;0,45
86849;2496;0,32
86850;2492;0,22
86851;2497;0,35
86852;2507;0,60
86853;2539;1,41
86854;2499;0,40
86855;2518;0,88
86856;2517;0,86
86857;2495;0,30
86858;2510;0,68
86859;2494;0,27
86860;2498;0,37
86861;2493;0,25
86862;2501;0,45
86863;2496;0,32
86864;2494;0,27
86865;2512;0,73
86866;2528;1,13
86867;2511;0,70
86868;2532;1,23
86869;2512;0,73
86870;2512;0,73
86871;2484;0,02
86872;2554;1,79
86873;2526;1,08
86874;2484;0,02
86875;2492;0,22
86876;2557;1,87
86877;2481;0,00
86878;2497;0,35
86879;2487;0,10
86880;2496;0,32
86881;2499;0,40
86882;2491;0,20
86883;2475;0,00
86884;2521;0,96
86885;2488;0,12
86886;2495;0,30
86887;2491;0,20
86888;2497;0,35
86889;2518;0,88
86890;2493;0,25
86891;2513;0,75
86892;2532;1,23
86893;2492;0,22
86894;2496;0,32
86895;2495;0,30
86896;2496;0,32
86897;2503;0,50
86898;2559;1,92
86899;2526;1,08
86900;2551;1,72
86901;2525;1,06
86902;2498;0,37
86903;2495;0,30
86904;2513;0,75
86905;2502;0,48
86906;2492;0,22
86907;2528;1,13
86908;2493;0,25
86909;2497;0,35
86910;2512;0,73
86911;2512;0,73
86912;2500;0,43
86913;2526;1,08
86914;2500;0,43
86915;2502;0,48
86916;2556;1,84
86917;2545;1,56
86918;2521;0,96
86919;2501;0,45
86920;2512;0,73
86921;2559;1,92
86922;2496;0,32
86923;2535;1,31
86924;2498;0,37
86925;2507;0,60
86926;2541;1,46
86927;2509;0,65
86928;2498;0,37
86929;2517;0,86
86930;2506;0,58
86931;2512;0,73
86932;2559;1,92
86933;2514;0,78
86934;2554;1,79
86935;2543;1,51
86936;2531;1,21
86937;2510;0,68
86938;2507;0,60
86939;2557;1,87
86940;2534;1,29
86941;2512;0,73
86942;2554;1,79
86943;2501;0,45
86944;2502;0,48
86945;2501;0,45
86946;2546;1,59
86947;2559;1,92
86948;2545;1,56
86949;2502;0,48
86950;2541;1,46
86951;2523;1,01
86952;2521;0,96
86953;2507;0,60
86954;2509;0,65
86955;2496;0,32
86956;2501;0,45
86957;2507;0,60
86958;2543;1,51
86959;2515;0,80
86960;2535;1,31
86961;2494;0,27
86962;2491;0,20
86963;2508;0,63
86964;2496;0,32
86965;2515;0,80
86966;2544;1,54
86967;2493;0,25
86968;2525;1,06
86969;2496;0,32
86970;2503;0,50
86971;2499;0,40
86972;2528;1,13
86973;2533;1,26
86974;2518;0,88
86975;2508;0,63
86976;2531;1,21
86977;2544;1,54
86978;2509;0,65
86979;2512;0,73
86980;2497;0,35
86981;2515;0,80
86982;2520;0,93
86983;2500;0,43
86984;2522;0,98
86985;2506;0,58
86986;2527;1,11
86987;2515;0,80
86988;2507;0,60
86989;2506;0,58
86990;2496;0,32
86991;2510;0,68
86992;2493;0,25
86993;2521;0,96
86994;2502;0,48
86995;2503;0,50
86996;2503;0,50
86997;2519;0,91
86998;2525;1,06
86999;2526;1,08
87000;2509;0,65
87001;2512;0,73
87002;2545;1,56
87003;2515;0,80
87004;2503;0,50
87005;2501;0,45
87006;2496;0,32
87007;2506;0,58
87008;2520;0,93
87009;2506;0,58
87010;2515;0,80
87011;2513;0,75
87012;2544;1,54
87013;2503;0,50
87014;2517;0,86
87015;2553;1,77
87016;2507;0,60
87017;2531;1,21
87018;2559;1,92
87019;2498;0,37
87020;2500;0,43
87021;2502;0,48
87022;2519;0,91
87023;2505;0,55
87024;2517;0,86
87025;2506;0,58
87026;2505;0,55
87027;2543;1,51
87028;2523;1,01
87029;2513;0,75
87030;2512;0,73
87031;2505;0,55
87032;2515;0,80
87033;2515;0,80
87034;2506;0,58
87035;2519;0,91
87036;2510;0,68
87037;2512;0,73
87038;2527;1,11
87039;2512;0,73
87040;2559;1,92
87041;2544;1,54
87042;2510;0,68
87043;2507;0,60
87044;2501;0,45
87045;2497;0,35
87046;2512;0,73
87047;2511;0,70
87048;2525;1,06
87049;2501;0,45
87050;2519;0,91
87051;2501;0,45
87052;2511;0,70
87053;2502;0,48
87054;2523;1,01
87055;2512;0,73
87056;2497;0,35
87057;2499;0,40
87058;2512;0,73
87059;2498;0,37
87060;2557;1,87
87061;2495;0,30
87062;2498;0,37
87063;2496;0,32
87064;2554;1,79
87065;2514;0,78
87066;2495;0,30
87067;2507;0,60
87068;2521;0,96
87069;2513;0,75
87070;2503;0,50
87071;2532;1,23
87072;2497;0,35
87073;2544;1,54
87074;2509;0,65
87075;2495;0,30
87076;2525;1,06
87077;2534;1,29
87078;2523;1,01
87079;2513;0,75
87080;2558;1,89
87081;2513;0,75
87082;2559;1,92
87083;2530;1,18
87084;2498;0,37
87085;2497;0,35
87086;2559;1,92
87087;2503;0,50
87088;2526;1,08
87089;2507;0,60
87090;2507;0,60
87091;2501;0,45
87092;2531;1,21
87093;2497;0,35
87094;2513;0,75
87095;2531;1,21
87096;2524;1,03
87097;2531;1,21
87098;2503;0,50
87099;2503;0,50
87100;2554;1,79
87101;2538;1,39
87102;2537;1,36
87103;2512;0,73
87104;2502;0,48
87105;2501;0,45
87106;2539;1,41
87107;2523;1,01
87108;2499;0,40
87109;2496;0,32
87110;2501;0,45
87111;2498;0,37
87112;2543;1,51
87113;2497;0,35
87114;2499;0,40
87115;2487;0,10
87116;2496;0,32
87117;2495;0,30
87118;2487;0,10
87119;2492;0,22
87120;2529;1,16
87121;2514;0,78
87122;2521;0,96
87123;2496;0,32
87124;2498;0,37
87125;2500;0,43
87126;2497;0,35
87127;2509;0,65
87128;2548;1,64
87129;2508;0,63
87130;2518;0,88
87131;2505;0,55
87132;2506;0,58
87133;2544;1,54
87134;2533;1,26
87135;2509;0,65
87136;2496;0,32
87137;2495;0,30
87138;2529;1,16
87139;2516;0,83
87140;2501;0,45
87141;2558;1,89
87142;2547;1,61
87143;2500;0,43
87144;2525;1,06
87145;2512;0,73
87146;2535;1,31
87147;2512;0,73
87148;2547;1,61
87149;2506;0,58
87150;2506;0,58
87151;2500;0,43
87152;2511;0,70
87153;2498;0,37
87154;2501;0,45
87155;2554;1,79
87156;2519;0,91
87157;2526;1,08
87158;2502;0,48
87159;2537;1,36
87160;2517;0,86
87161;2501;0,45
87162;2535;1,31
87163;2535;1,31
87164;2503;0,50
87165;2552;1,74
87166;2519;0,91
87167;2507;0,60
87168;2509;0,65
87169;2499;0,40
87170;2516;0,83
87171;2508;0,63
87172;2528;1,13
87173;2535;1,31
87174;2527;1,11
87175;2520;0,93
87176;2512;0,73
87177;2559;1,92
87178;2511;0,70
87179;2541;1,46
87180;2510;0,68
87181;2505;0,55
87182;2519;0,91
87183;2507;0,60
87184;2529;1,16
87185;2512;0,73
87186;2548;1,64
87187;2522;0,98
87188;2517;0,86
87189;2512;0,73
87190;2534;1,29
87191;2559;1,92
87192;2515;0,80
87193;2528;1,13
87194;2512;0,73
87195;2515;0,80
87196;2546;1,59
87197;2511;0,70
87198;2515;0,80
87199;2506;0,58
87200;2515;0,80
87201;2515;0,80
87202;2543;1,51
87203;2518;0,88
87204;2512;0,73
87205;2559;1,92
87206;2513;0,75
87207;2547;1,61
87208;2512;0,73
87209;2515;0,80
87210;2533;1,26
87211;2549;1,66
87212;2533;1,26
87213;2501;0,45
87214;2531;1,21
87215;2522;0,98
87216;2499;0,40
87217;2533;1,26
87218;2516;0,83
87219;2509;0,65
87220;2544;1,54
87221;2511;0,70
87222;2528;1,13
87223;2505;0,55
87224;2507;0,60
87225;2544;1,54
87226;2508;0,63
87227;2507;0,60
87228;2543;1,51
87229;2495;0,30
87230;2495;0,30
87231;2496;0,32
87232;2494;0,27
87233;2495;0,30
87234;2500;0,43
87235;2512;0,73
87236;2496;0,32
87237;2517;0,86
87238;2506;0,58
87239;2492;0,22
87240;2549;1,66
87241;2522;0,98
87242;2505;0,55
87243;2519;0,91
87244;2494;0,27
87245;2486;0,07
87246;2514;0,78
87247;2484;0,02
87248;2522;0,98
87249;2514;0,78
87250;2523;1,01
87251;2496;0,32
87252;2495;0,30
87253;2511;0,70
87254;2544;1,54
87255;2539;1,41
87256;2503;0,50
87257;2503;0,50
87258;2534;1,29
87259;2508;0,63
87260;2511;0,70
87261;2523;1,01
87262;2512;0,73
87263;2505;0,55
87264;2546;1,59
87265;2512;0,73
87266;2511;0,70
87267;2540;1,44
87268;2507;0,60
87269;2544;1,54
87270;2553;1,77
87271;2521;0,96
87272;2512;0,73
87273;2512;0,73
87274;2517;0,86
87275;2511;0,70
87276;2538;1,39
87277;2559;1,92
87278;2559;1,92
87279;2513;0,75
87280;2559;1,92
87281;2512;0,73
87282;2512;0,73
87283;2516;0,83
87284;2516;0,83
87285;2518;0,88
87286;2538;1,39
87287;2527;1,11
87288;2514;0,78
87289;2524;1,03
87290;2519;0,91
87291;2544;1,54
87292;2515;0,80
87293;2523;1,01
87294;2514;0,78
87295;2550;1,69
87296;2550;1,69
87297;2542;1,49
87298;2537;1,36
87299;2512;0,73
87300;2512;0,73
87301;2514;0,78
87302;2509;0,65
87303;2511;0,70
87304;2519;0,91
87305;2530;1,18
87306;2522;0,98
87307;2517;0,86
87308;2514;0,78
87309;2553;1,77
87310;2515;0,80
87311;2534;1,29
87312;2533;1,26
87313;2509;0,65
87314;2515;0,80
87315;2527;1,11
87316;2551;1,72
87317;2512;0,73
87318;2517;0,86
87319;2542;1,49
87320;2538;1,39
87321;2519;0,91
87322;2510;0,68
87323;2514;0,78
87324;2507;0,60
87325;2511;0,70
87326;2513;0,75
87327;2546;1,59
87328;2503;0,50
87329;2512;0,73
87330;2512;0,73
87331;2527;1,11
87332;2545;1,56
87333;2522;0,98
87334;2531;1,21
87335;2512;0,73
87336;2532;1,23
87337;2512;0,73
87338;2515;0,80
87339;2509;0,65
87340;2555;1,82
87341;2539;1,41
87342;2509;0,65
87343;2511;0,70
87344;2528;1,13
87345;2502;0,48
87346;2532;1,23
87347;2505;0,55
87348;2512;0,73
87349;2551;1,72
87350;2508;0,63
87351;2503;0,50
87352;2543;1,51
87353;2518;0,88
87354;2513;0,75
87355;2506;0,58
87356;2499;0,40
87357;2503;0,50
87358;2502;0,48
87359;2530;1,18
87360;2523;1,01
87361;2503;0,50
87362;2503;0,50
87363;2512;0,73
87364;2505;0,55
87365;2521;0,96
87366;2529;1,16
87367;2548;1,64
87368;2499;0,40
87369;2517;0,86
87370;2494;0,27
87371;2506;0,58
87372;2512;0,73
87373;2515;0,80
87374;2487;0,10
87375;2494;0,27
87376;2497;0,35
87377;2497;0,35
87378;2498;0,37
87379;2496;0,32
87380;2498;0,37
87381;2513;0,75
87382;2502;0,48
87383;2494;0,27
87384;2515;0,80
87385;2495;0,30
87386;2500;0,43
87387;2524;1,03
87388;2522;0,98
87389;2500;0,43
87390;2512;0,73
87391;2533;1,26
87392;2511;0,70
87393;2531;1,21
87394;2531;1,21
87395;2511;0,70
87396;2518;0,88
87397;2501;0,45
87398;2534;1,29
87399;2510;0,68
87400;2512;0,73
87401;2531;1,21
87402;2498;0,37
87403;2512;0,73
87404;2511;0,70
87405;2554;1,79
87406;2539;1,41
87407;2531;1,21
87408;2537;1,36
87409;2513;0,75
87410;2559;1,92
87411;2530;1,18
87412;2515;0,80
87413;2514;0,78
87414;2530;1,18
87415;2523;1,01
87416;2517;0,86
87417;2531;1,21
87418;2557;1,87
87419;2512;0,73
87420;2515;0,80
87421;2512;0,73
87422;2509;0,65
87423;2513;0,75
87424;2530;1,18
87425;2512;0,73
87426;2525;1,06
87427;2514;0,78
87428;2543;1,51
87429;2509;0,65
87430;2512;0,73
87431;2509;0,65
87432;2529;1,16
87433;2522;0,98
87434;2559;1,92
87435;2522;0,98
87436;2525;1,06
87437;2514;0,78
87438;2535;1,31
87439;2511;0,70
87440;2541;1,46
87441;2507;0,60
87442;2507;0,60
87443;2519;0,91
87444;2501;0,45
87445;2506;0,58
87446;2505;0,55
87447;2507;0,60
87448;2499;0,40
87449;2519;0,91
87450;2535;1,31
87451;2515;0,80
87452;2516;0,83
87453;2506;0,58
87454;2539;1,41
87455;2512;0,73
87456;2538;1,39
87457;2515;0,80
87458;2521;0,96
87459;2524;1,03
87460;2510;0,68
87461;2549;1,66
87462;2526;1,08
87463;2544;1,54
87464;2509;0,65
87465;2511;0,70
87466;2527;1,11
87467;2512;0,73
87468;2535;1,31
87469;2512;0,73
87470;2528;1,13
87471;2512;0,73
87472;2539;1,41
87473;2517;0,86
87474;2512;0,73
87475;2510;0,68
87476;2543;1,51
87477;2534;1,29
87478;2557;1,87
87479;2510;0,68
87480;2502;0,48
87481;2512;0,73
87482;2482;0,00
87483;2494;0,27
87484;2505;0,55
87485;2526;1,08
87486;2518;0,88
87487;2511;0,70
87488;2499;0,40
87489;2511;0,70
87490;2503;0,50
87491;2501;0,45
87492;2526;1,08
87493;2497;0,35
87494;2502;0,48
87495;2502;0,48
87496;2503;0,50
87497;2503;0,50
87498;2507;0,60
87499;2525;1,06
87500;2499;0,40
87501;2498;0,37
87502;2516;0,83
87503;2512;0,73
87504;2507;0,60
87505;2497;0,35
87506;2512;0,73
87507;2523;1,01
87508;2493;0,25
87509;2502;0,48
87510;2530;1,18
87511;2492;0,22
87512;2499;0,40
87513;2499;0,40
87514;2521;0,96
87515;2499;0,40
87516;2499;0,40
87517;2498;0,37
87518;2485;0,05
87519;2479;0,00
87520;2499;0,40
87521;2545;1,56
87522;2512;0,73
87523;2494;0,27
87524;2495;0,30
87525;2512;0,73
87526;2505;0,55
87527;2522;0,98
87528;2533;1,26
87529;2507;0,60
87530;2500;0,43
87531;2499;0,40
87532;2505;0,55
87533;2537;1,36
87534;2520;0,93
87535;2514;0,78
87536;2502;0,48
87537;2508;0,63
87538;2513;0,75
87539;2497;0,35
87540;2507;0,60
87541;2506;0,58
87542;2508;0,63
87543;2507;0,60
87544;2526;1,08
87545;2521;0,96
87546;2512;0,73
87547;2527;1,11
87548;2515;0,80
87549;2499;0,40
87550;2531;1,21
87551;2515;0,80
87552;2530;1,18
87553;2508;0,63
87554;2518;0,88
87555;2508;0,63
87556;2512;0,73
87557;2510;0,68
87558;2512;0,73
87559;2514;0,78
87560;2515;0,80
87561;2515;0,80
87562;2518;0,88
87563;2557;1,87
87564;2514;0,78
87565;2535;1,31
87566;2545;1,56
87567;2512;0,73
87568;2544;1,54
87569;2513;0,75
87570;2507;0,60
87571;2522;0,98
87572;2534;1,29
87573;2500;0,43
87574;2503;0,50
87575;2543;1,51
87576;2517;0,86
87577;2500;0,43
87578;2517;0,86
87579;2501;0,45
87580;2503;0,50
87581;2512;0,73
87582;2504;0,53
87583;2505;0,55
87584;2506;0,58
87585;2542;1,49
87586;2501;0,45
87587;2504;0,53
87588;2503;0,50
87589;2496;0,32
87590;2502;0,48
87591;2559;1,92
87592;2507;0,60
87593;2518;0,88
87594;2499;0,40
87595;2512;0,73
87596;2523;1,01
87597;2499;0,40
87598;2527;1,11
87599;2510;0,68
87600;2529;1,16
87601;2506;0,58
87602;2507;0,60
87603;2502;0,48
87604;2483;0,00
87605;2507;0,60
87606;2522;0,98
87607;2511;0,70
87608;2535;1,31
87609;2535;1,31
87610;2530;1,18
87611;2516;0,83
87612;2544;1,54
87613;2511;0,70
87614;2537;1,36
87615;2517;0,86
87616;2538;1,39
87617;2521;0,96
87618;2547;1,61
87619;2521;0,96
87620;2559;1,92
87621;2512;0,73
87622;2515;0,80
87623;2510;0,68
87624;2541;1,46
87625;2515;0,80
87626;2549;1,66
87627;2526;1,08
87628;2523;1,01
87629;2512;0,73
87630;2523;1,01
87631;2515;0,80
87632;2515;0,80
87633;2541;1,46
87634;2547;1,61
87635;2522;0,98
87636;2529;1,16
87637;2530;1,18
87638;2512;0,73
87639;2556;1,84
87640;2535;1,31
87641;2511;0,70
87642;2537;1,36
87643;2533;1,26
87644;2539;1,41
87645;2533;1,26
87646;2533;1,26
87647;2514;0,78
87648;2535;1,31
87649;2528;1,13
87650;2505;0,55
87651;2512;0,73
87652;2514;0,78
87653;2507;0,60
87654;2528;1,13
87655;2526;1,08
87656;2512;0,73
87657;2501;0,45
87658;2517;0,86
87659;2511;0,70
87660;2499;0,40
87661;2511;0,70
87662;2555;1,82
87663;2519;0,91
87664;2512;0,73
87665;2511;0,70
87666;2508;0,63
87667;2499;0,40
87668;2502;0,48
87669;2543;1,51
87670;2486;0,07
87671;2490;0,17
87672;2516;0,83
87673;2513;0,75
87674;2521;0,96
87675;2548;1,64
87676;2520;0,93
87677;2523;1,01
87678;2487;0,10
87679;2531;1,21
87680;2497;0,35
87681;2501;0,45
87682;2515;0,80
87683;2502;0,48
87684;2517;0,86
87685;2499;0,40
87686;2493;0,25
87687;2498;0,37
87688;2493;0,25
87689;2495;0,30
87690;2526;1,08
87691;2493;0,25
87692;2515;0,80
87693;2506;0,58
87694;2512;0,73
87695;2499;0,40
87696;2493;0,25
87697;2495;0,30
87698;2496;0,32
87699;2522;0,98
87700;2520;0,93
87701;2541;1,46
87702;2497;0,35
87703;2508;0,63
87704;2496;0,32
87705;2503;0,50
87706;2524;1,03
87707;2498;0,37
87708;2523;1,01
87709;2496;0,32
87710;2519;0,91
87711;2541;1,46
87712;2513;0,75
87713;2493;0,25
87714;2495;0,30
87715;2509;0,65
87716;2503;0,50
87717;2510;0,68
87718;2523;1,01
87719;2501;0,45
87720;2521;0,96
87721;2505;0,55
87722;2534;1,29
87723;2511;0,70
87724;2523;1,01
87725;2539;1,41
87726;2529;1,16
87727;2503;0,50
87728;2531;1,21
87729;2531;1,21
87730;2518;0,88
87731;2510;0,68
87732;2528;1,13
87733;2497;0,35
87734;2523;1,01
87735;2509;0,65
87736;2498;0,37
87737;2512;0,73
87738;2530;1,18
87739;2510;0,68
87740;2496;0,32
87741;2547;1,61
87742;2524;1,03
87743;2535;1,31
87744;2530;1,18
87745;2507;0,60
87746;2527;1,11
87747;2506;0,58
87748;2504;0,53
87749;2519;0,91
87750;2511;0,70
87751;2506;0,58
87752;2496;0,32
87753;2507;0,60
87754;2503;0,50
87755;2517;0,86
87756;2522;0,98
87757;2500;0,43
87758;2502;0,48
87759;2544;1,54
87760;2526;1,08
87761;2507;0,60
87762;2512;0,73
87763;2525;1,06
87764;2525;1,06
87765;2509;0,65
87766;2513;0,75
87767;2505;0,55
87768;2495;0,30
87769;2497;0,35
87770;2510;0,68
87771;2512;0,73
87772;2496;0,32
87773;2512;0,73
87774;2544;1,54
87775;2503;0,50
87776;2498;0,37
87777;2511;0,70
87778;2505;0,55
87779;2529;1,16
87780;2501;0,45
87781;2503;0,50
87782;2511;0,70
87783;2509;0,65
87784;2519;0,91
87785;2551;1,72
87786;2499;0,40
87787;2503;0,50
87788;2526;1,08
87789;2505;0,55
87790;2527;1,11
87791;2503;0,50
87792;2508;0,63
87793;2524;1,03
87794;2521;0,96
87795;2501;0,45
87796;2503;0,50
87797;2524;1,03
87798;2512;0,73
87799;2510;0,68
87800;2535;1,31
87801;2539;1,41
87802;2513;0,75
87803;2531;1,21
87804;2537;1,36
87805;2515;0,80
87806;2507;0,60
87807;2512;0,73
87808;2506;0,58
87809;2518;0,88
87810;2517;0,86
87811;2509;0,65
87812;2515;0,80
87813;2559;1,92
87814;2512;0,73
87815;2559;1,92
87816;2539;1,41
87817;2519;0,91
87818;2511;0,70
87819;2513;0,75
87820;2505;0,55
87821;2547;1,61
87822;2557;1,87
87823;2522;0,98
87824;2512;0,73
87825;2511;0,70
87826;2514;0,78
87827;2512;0,73
87828;2501;0,45
87829;2514;0,78
87830;2537;1,36
87831;2523;1,01
87832;2512;0,73
87833;2513;0,75
87834;2517;0,86
87835;2539;1,41
87836;2512;0,73
87837;2506;0,58
87838;2533;1,26
87839;2512;0,73
87840;2525;1,06
87841;2501;0,45
87842;2539;1,41
87843;2512;0,73
87844;2497;0,35
87845;2514;0,78
87846;2506;0,58
87847;2502;0,48
87848;2496;0,32
87849;2498;0,37
87850;2525;1,06
87851;2512;0,73
87852;2559;1,92
87853;2512;0,73
87854;2511;0,70
87855;2496;0,32
87856;2510;0,68
87857;2531;1,21
87858;2513;0,75
87859;2540;1,44
87860;2503;0,50
87861;2501;0,45
87862;2511;0,70
87863;2506;0,58
87864;2503;0,50
87865;2507;0,60
87866;2525;1,06
87867;2503;0,50
87868;2528;1,13
87869;2497;0,35
87870;2537;1,36
87871;2514;0,78
87872;2501;0,45
87873;2503;0,50
87874;2510;0,68
87875;2501;0,45
87876;2496;0,32
87877;2537;1,36
87878;2496;0,32
87879;2502;0,48
87880;2531;1,21
87881;2499;0,40
87882;2512;0,73
87883;2510;0,68
87884;2483;0,00
87885;2510;0,68
87886;2505;0,55
87887;2505;0,55
87888;2503;0,50
87889;2532;1,23
87890;2519;0,91
87891;2540;1,44
87892;2499;0,40
87893;2515;0,80
87894;2506;0,58
87895;2507;0,60
87896;2495;0,30
87897;2499;0,40
87898;2544;1,54
87899;2502;0,48
87900;2507;0,60
87901;2548;1,64
87902;2512;0,73
87903;2515;0,80
87904;2503;0,50
87905;2526;1,08
87906;2501;0,45
87907;2544;1,54
87908;2498;0,37
87909;2510;0,68
87910;2517;0,86
87911;2498;0,37
87912;2503;0,50
87913;2512;0,73
87914;2512;0,73
87915;2512;0,73
87916;2526;1,08
87917;2506;0,58
87918;2498;0,37
87919;2505;0,55
87920;2538;1,39
87921;2497;0,35
87922;2509;0,65
87923;2503;0,50
87924;2511;0,70
87925;2500;0,43
87926;2512;0,73
87927;2495;0,30
87928;2522;0,98
87929;2547;1,61
87930;2507;0,60
87931;2517;0,86
87932;2535;1,31
87933;2495;0,30
87934;2512;0,73
87935;2507;0,60
87936;2527;1,11
87937;2497;0,35
87938;2496;0,32
87939;2511;0,70
87940;2498;0,37
87941;2545;1,56
87942;2491;0,20
87943;2503;0,50
87944;2513;0,75
87945;2491;0,20
87946;2496;0,32
87947;2509;0,65
87948;2511;0,70
87949;2510;0,68
87950;2512;0,73
87951;2498;0,37
87952;2535;1,31
87953;2507;0,60
87954;2497;0,35
87955;2498;0,37
87956;2544;1,54
87957;2544;1,54
87958;2513;0,75
87959;2497;0,35
87960;2513;0,75
87961;2510;0,68
87962;2502;0,48
87963;2501;0,45
87964;2503;0,50
87965;2508;0,63
87966;2511;0,70
87967;2542;1,49
87968;2533;1,26
87969;2499;0,40
87970;2498;0,37
87971;2512;0,73
87972;2537;1,36
87973;2512;0,73
87974;2497;0,35
87975;2530;1,18
87976;2512;0,73
87977;2499;0,40
87978;2500;0,43
87979;2499;0,40
87980;2521;0,96
87981;2503;0,50
87982;2512;0,73
87983;2503;0,50
87984;2513;0,75
87985;2534;1,29
87986;2507;0,60
87987;2498;0,37
87988;2533;1,26
87989;2514;0,78
87990;2499;0,40
87991;2493;0,25
87992;2497;0,35
87993;2499;0,40
87994;2502;0,48
87995;2514;0,78
87996;2512;0,73
87997;2498;0,37
87998;2486;0,07
87999;2497;0,35
88000;2499;0,40
88001;2555;1,82
88002;2527;1,11
88003;2529;1,16
88004;2502;0,48
88005;2512;0,73
88006;2496;0,32
88007;2498;0,37
88008;2502;0,48
88009;2508;0,63
88010;2521;0,96
88011;2502;0,48
88012;2497;0,35
88013;2528;1,13
88014;2502;0,48
88015;2512;0,73
88016;2530;1,18
88017;2511;0,70
88018;2506;0,58
88019;2502;0,48
88020;2496;0,32
88021;2507;0,60
88022;2503;0,50
88023;2538;1,39
88024;2531;1,21
88025;2515;0,80
88026;2550;1,69
88027;2513;0,75
88028;2505;0,55
88029;2499;0,40
88030;2506;0,58
88031;2499;0,40
88032;2530;1,18
88033;2514;0,78
88034;2505;0,55
88035;2506;0,58
88036;2547;1,61
88037;2547;1,61
88038;2533;1,26
88039;2507;0,60
88040;2512;0,73
88041;2512;0,73
88042;2526;1,08
88043;2499;0,40
88044;2508;0,63
88045;2503;0,50
88046;2503;0,50
88047;2559;1,92
88048;2525;1,06
88049;2502;0,48
88050;2514;0,78
88051;2512;0,73
88052;2512;0,73
88053;2512;0,73
88054;2503;0,50
88055;2512;0,73
88056;2511;0,70
88057;2509;0,65
88058;2499;0,40
88059;2512;0,73
88060;2503;0,50
88061;2521;0,96
88062;2506;0,58
88063;2544;1,54
88064;2510;0,68
88065;2516;0,83
88066;2509;0,65
88067;2522;0,98
88068;2542;1,49
88069;2507;0,60
88070;2507;0,60
88071;2509;0,65
88072;2512;0,73
88073;2511;0,70
88074;2526;1,08
88075;2510;0,68
88076;2507;0,60
88077;2521;0,96
88078;2526;1,08
88079;2506;0,58
88080;2518;0,88
88081;2507;0,60
88082;2503;0,50
88083;2507;0,60
88084;2509;0,65
88085;2509;0,65
88086;2510;0,68
88087;2505;0,55
88088;2542;1,49
88089;2512;0,73
88090;2521;0,96
88091;2512;0,73
88092;2507;0,60
88093;2507;0,60
88094;2499;0,40
88095;2509;0,65
88096;2513;0,75
88097;2513;0,75
88098;2518;0,88
88099;2519;0,91
88100;2538;1,39
88101;2513;0,75
88102;2517;0,86
88103;2512;0,73
88104;2550;1,69
88105;2503;0,50
88106;2507;0,60
88107;2515;0,80
88108;2527;1,11
88109;2514;0,78
88110;2541;1,46
88111;2512;0,73
88112;2512;0,73
88113;2501;0,45
88114;2499;0,40
88115;2507;0,60
88116;2534;1,29
88117;2507;0,60
88118;2531;1,21
88119;2515;0,80
88120;2534;1,29
88121;2507;0,60
88122;2510;0,68
88123;2516;0,83
88124;2512;0,73
88125;2507;0,60
88126;2540;1,44
88127;2505;0,55
88128;2503;0,50
88129;2509;0,65
88130;2528;1,13
88131;2510;0,68
88132;2550;1,69
88133;2516;0,83
88134;2531;1,21
88135;2522;0,98
88136;2521;0,96
88137;2510;0,68
88138;2533;1,26
88139;2513;0,75
88140;2530;1,18
88141;2516;0,83
88142;2543;1,51
88143;2516;0,83
88144;2510;0,68
88145;2514;0,78
88146;2505;0,55
88147;2510;0,68
88148;2544;1,54
88149;2535;1,31
88150;2518;0,88
88151;2521;0,96
88152;2518;0,88
88153;2519;0,91
88154;2545;1,56
88155;2534;1,29
88156;2512;0,73
88157;2512;0,73
88158;2545;1,56
88159;2533;1,26
88160;2513;0,75
88161;2513;0,75
88162;2514;0,78
88163;2512;0,73
88164;2498;0,37
88165;2512;0,73
88166;2511;0,70
88167;2517;0,86
88168;2519;0,91
88169;2519;0,91
88170;2559;1,92
88171;2480;0,00
88172;2515;0,80
88173;2513;0,75
88174;2546;1,59
88175;2547;1,61
88176;2522;0,98
88177;2511;0,70
88178;2510;0,68
88179;2519;0,91
88180;2513;0,75
88181;2544;1,54
88182;2511;0,70
88183;2512;0,73
88184;2517;0,86
88185;2551;1,72
88186;2544;1,54
88187;2512;0,73
88188;2521;0,96
88189;2545;1,56
88190;2501;0,45
88191;2542;1,49
88192;2543;1,51
88193;2543;1,51
88194;2515;0,80
88195;2526;1,08
88196;2518;0,88
88197;2512;0,73
88198;2516;0,83
88199;2509;0,65
88200;2521;0,96
88201;2545;1,56
88202;2559;1,92
88203;2514;0,78
88204;2515;0,80
88205;2514;0,78
88206;2551;1,72
88207;2523;1,01
88208;2530;1,18
88209;2514;0,78
88210;2543;1,51
88211;2518;0,88
88212;2513;0,75
88213;2522;0,98
88214;2557;1,87
88215;2523;1,01
88216;2544;1,54
88217;2527;1,11
88218;2523;1,01
88219;2517;0,86
88220;2543;1,51
88221;2527;1,11
88222;2547;1,61
88223;2521;0,96
88224;2522;0,98
88225;2522;0,98
88226;2521;0,96
88227;2526;1,08
88228;2543;1,51
88229;2546;1,59
88230;2558;1,89
88231;2543;1,51
88232;2538;1,39
88233;2527;1,11
88234;2519;0,91
88235;2528;1,13
88236;2544;1,54
88237;2529;1,16
88238;2557;1,87
88239;2528;1,13
88240;2529;1,16
88241;2514;0,78
88242;2541;1,46
88243;2512;0,73
88244;2519;0,91
88245;2537;1,36
88246;2547;1,61
88247;2536;1,34
88248;2544;1,54
88249;2515;0,80
88250;2512;0,73
88251;2544;1,54
88252;2554;1,79
88253;2526;1,08
88254;2521;0,96
88255;2521;0,96
88256;2519;0,91
88257;2518;0,88
88258;2519;0,91
88259;2521;0,96
88260;2544;1,54
88261;2522;0,98
88262;2554;1,79
88263;2534;1,29
88264;2534;1,29
88265;2559;1,92
88266;2559;1,92
88267;2527;1,11
88268;2551;1,72
88269;2535;1,31
88270;2527;1,11
88271;2523;1,01
88272;2559;1,92
88273;2558;1,89
88274;2530;1,18
88275;2558;1,89
88276;2559;1,92
88277;2535;1,31
88278;2528;1,13
88279;2539;1,41
88280;2526;1,08
88281;2528;1,13
88282;2519;0,91
88283;2522;0,98
88284;2541;1,46
88285;2525;1,06
88286;2545;1,56
88287;2525;1,06
88288;2530;1,18
88289;2517;0,86
88290;2546;1,59
88291;2523;1,01
88292;2554;1,79
88293;2539;1,41
88294;2515;0,80
88295;2535;1,31
88296;2544;1,54
88297;2543;1,51
88298;2515;0,80
88299;2547;1,61
88300;2521;0,96
88301;2559;1,92
88302;2541;1,46
88303;2535;1,31
88304;2535;1,31
88305;2529;1,16
88306;2539;1,41
88307;2514;0,78
88308;2547;1,61
88309;2544;1,54
88310;2533;1,26
88311;2519;0,91
88312;2555;1,82
88313;2551;1,72
88314;2526;1,08
88315;2530;1,18
88316;2527;1,11
88317;2527;1,11
88318;2544;1,54
88319;2559;1,92
88320;2535;1,31
88321;2544;1,54
88322;2519;0,91
88323;2544;1,54
88324;2526;1,08
88325;2533;1,26
88326;2539;1,41
88327;2544;1,54
88328;2512;0,73
88329;2518;0,88
88330;2530;1,18
88331;2526;1,08
88332;2550;1,69
88333;2512;0,73
88334;2519;0,91
88335;2550;1,69
88336;2514;0,78
88337;2515;0,80
88338;2526;1,08
88339;2522;0,98
88340;2523;1,01
88341;2549;1,66
88342;2534;1,29
88343;2541;1,46
88344;2539;1,41
88345;2522;0,98
88346;2522;0,98
88347;2535;1,31
88348;2522;0,98
88349;2529;1,16
88350;2535;1,31
88351;2553;1,77
88352;2522;0,98
88353;2513;0,75
88354;2528;1,13
88355;2527;1,11
88356;2559;1,92
88357;2526;1,08
88358;2544;1,54
88359;2533;1,26
88360;2555;1,82
88361;2522;0,98
88362;2555;1,82
88363;2533;1,26
88364;2558;1,89
88365;2546;1,59
88366;2534;1,29
88367;2559;1,92
88368;2533;1,26
88369;2529;1,16
88370;2541;1,46
88371;2547;1,61
88372;2543;1,51
88373;2541;1,46
88374;2539;1,41
88375;2537;1,36
88376;2559;1,92
88377;2543;1,51
88378;2542;1,49
88379;2542;1,49
88380;2531;1,21
88381;2559;1,92
88382;2559;1,92
88383;2534;1,29
88384;2534;1,29
88385;2542;1,49
88386;2529;1,16
88387;2559;1,92
88388;2531;1,21
88389;2534;1,29
88390;2559;1,92
88391;2559;1,92
88392;2538;1,39
88393;2546;1,59
88394;2542;1,49
88395;2541;1,46
88396;2559;1,92
88397;2542;1,49
88398;2533;1,26
88399;2545;1,56
88400;2544;1,54
88401;2544;1,54
88402;2559;1,92
88403;2550;1,69
88404;2544;1,54
88405;2559;1,92
88406;2557;1,87
88407;2559;1,92
88408;2559;1,92
88409;2558;1,89
88410;2547;1,61
88411;2559;1,92
88412;2544;1,54
88413;2549;1,66
88414;2559;1,92
88415;2550;1,69
88416;2551;1,72
88417;2547;1,61
88418;2604;3,06
88419;2559;1,92
88420;2588;2,65
88421;2596;2,85
88422;2559;1,92
88423;2557;1,87
88424;2555;1,82
88425;2583;2,53
88426;2587;2,63
88427;2549;1,66
88428;2549;1,66
88429;2559;1,92
88430;2547;1,61
88431;2559;1,92
88432;2559;1,92
88433;2559;1,92
88434;2582;2,50
88435;2591;2,73
88436;2559;1,92
88437;2559;1,92
88438;2591;2,73
88439;2559;1,92
88440;2559;1,92
88441;2559;1,92
88442;2559;1,92
88443;2559;1,92
88444;2559;1,92
88445;2555;1,82
88446;2559;1,92
88447;2559;1,92
88448;2559;1,92
88449;2559;1,92
88450;2608;3,16
88451;2559;1,92
88452;2612;3,26
88453;2559;1,92
88454;2559;1,92
88455;2559;1,92
88456;2611;3,23
88457;2581;2,47
88458;2559;1,92
88459;2586;2,60
88460;2559;1,92
88461;2559;1,92
88462;2591;2,73
88463;2592;2,75
88464;2621;3,49
88465;2559;1,92
88466;2583;2,53
88467;2559;1,92
88468;2559;1,92
88469;2559;1,92
88470;2559;1,92
88471;2624;3,56
88472;2609;3,18
88473;2599;2,93
88474;2623;3,54
88475;2592;2,75
88476;2621;3,49
88477;2581;2,47
88478;2559;1,92
88479;2587;2,63
88480;2593;2,78
88481;2603;3,03
88482;2605;3,08
88483;2591;2,73
88484;2585;2,58
88485;2589;2,68
88486;2601;2,98
88487;2595;2,83
88488;2624;3,56
88489;2598;2,90
88490;2608;3,16
88491;2597;2,88
88492;2559;1,92
88493;2590;2,70
88494;2601;2,98
88495;2589;2,68
88496;2599;2,93
88497;2637;3,89
88498;2608;3,16
88499;2595;2,83
88500;2600;2,96
88501;2607;3,13
88502;2624;3,56
88503;2609;3,18
88504;2606;3,11
88505;2647;4,14
88506;2621;3,49
88507;2610;3,21
88508;2631;3,74
88509;2608;3,16
88510;2607;3,13
88511;2608;3,16
88512;2634;3,82
88513;2640;3,97
88514;2631;3,74
88515;2620;3,46
88516;2623;3,54
88517;2608;3,16
88518;2611;3,23
88519;2599;2,93
88520;2607;3,13
88521;2598;2,90
88522;2641;3,99
88523;2614;3,31
88524;2603;3,03
88525;2602;3,01
88526;2609;3,18
88527;2618;3,41
88528;2612;3,26
88529;2607;3,13
88530;2628;3,66
88531;2611;3,23
88532;2638;3,92
88533;2608;3,16
88534;2627;3,64
88535;2611;3,23
88536;2645;4,09
88537;2642;4,02
88538;2614;3,31
88539;2608;3,16
88540;2605;3,08
88541;2617;3,39
88542;2642;4,02
88543;2617;3,39
88544;2617;3,39
88545;2642;4,02
88546;2622;3,51
88547;2627;3,64
88548;2608;3,16
88549;2615;3,34
88550;2625;3,59
88551;2615;3,34
88552;2649;4,20
88553;2638;3,92
88554;2613;3,28
88555;2625;3,59
88556;2615;3,34
88557;2622;3,51
88558;2618;3,41
88559;2615;3,34
88560;2627;3,64
88561;2618;3,41
88562;2624;3,56
88563;2626;3,61
88564;2619;3,44
88565;2611;3,23
88566;2615;3,34
88567;2608;3,16
88568;2615;3,34
88569;2615;3,34
88570;2614;3,31
88571;2623;3,54
88572;2610;3,21
88573;2623;3,54
88574;2640;3,97
88575;2615;3,34
88576;2621;3,49
88577;2619;3,44
88578;2614;3,31
88579;2650;4,22
88580;2624;3,56
88581;2620;3,46
88582;2613;3,28
88583;2647;4,14
88584;2650;4,22
88585;2624;3,56
88586;2619;3,44
88587;2617;3,39
88588;2656;4,37
88589;2559;1,92
88590;2643;4,04
88591;2642;4,02
88592;2626;3,61
88593;2614;3,31
88594;2640;3,97
88595;2613;3,28
88596;2650;4,22
88597;2614;3,31
88598;2629;3,69
88599;2622;3,51
88600;2621;3,49
88601;2619;3,44
88602;2654;4,32
88603;2678;4,93
88604;2653;4,30
88605;2624;3,56
88606;2618;3,41
88607;2624;3,56
88608;2651;4,25
88609;2658;4,42
88610;2624;3,56
88611;2629;3,69
88612;2623;3,54
88613;2624;3,56
88614;2623;3,54
88615;2665;4,60
88616;2641;3,99
88617;2622;3,51
88618;2634;3,82
88619;2622;3,51
88620;2623;3,54
88621;2639;3,94
88622;2627;3,64
88623;2624;3,56
88624;2623;3,54
88625;2627;3,64
88626;2635;3,84
88627;2635;3,84
88628;2627;3,64
88629;2677;4,90
88630;2606;3,11
88631;2641;3,99
88632;2646;4,12
88633;2627;3,64
88634;2624;3,56
88635;2659;4,45
88636;2626;3,61
88637;2623;3,54
88638;2623;3,54
88639;2667;4,65
88640;2653;4,30
88641;2631;3,74
88642;2656;4,37
88643;2639;3,94
88644;2626;3,61
88645;2631;3,74
88646;2635;3,84
88647;2624;3,56
88648;2650;4,22
88649;2624;3,56
88650;2631;3,74
88651;2611;3,23
88652;2618;3,41
88653;2632;3,77
88654;2638;3,92
88655;2667;4,65
88656;2620;3,46
88657;2644;4,07
88658;2651;4,25
88659;2646;4,12
88660;2623;3,54
88661;2640;3,97
88662;2630;3,71
88663;2644;4,07
88664;2656;4,37
88665;2623;3,54
88666;2663;4,55
88667;2621;3,49
88668;2662;4,52
88669;2655;4,35
88670;2631;3,74
88671;2664;4,57
88672;2651;4,25
88673;2639;3,94
88674;2624;3,56
88675;2640;3,97
88676;2630;3,71
88677;2627;3,64
88678;2643;4,04
88679;2625;3,59
88680;2636;3,87
88681;2639;3,94
88682;2624;3,56
88683;2669;4,70
88684;2623;3,54
88685;2627;3,64
88686;2661;4,50
88687;2631;3,74
88688;2613;3,28
88689;2627;3,64
88690;2633;3,79
88691;2655;4,35
88692;2661;4,50
88693;2636;3,87
88694;2663;4,55
88695;2633;3,79
88696;2669;4,70
88697;2638;3,92
88698;2657;4,40
88699;2662;4,52
88700;2632;3,77
88701;2625;3,59
88702;2634;3,82
88703;2627;3,64
88704;2640;3,97
88705;2630;3,71
88706;2674;4,83
88707;2641;3,99
88708;2689;5,21
88709;2636;3,87
88710;2626;3,61
88711;2640;3,97
88712;2636;3,87
88713;2635;3,84
88714;2641;3,99
88715;2631;3,74
88716;2640;3,97
88717;2624;3,56
88718;2643;4,04
88719;2649;4,20
88720;2629;3,69
88721;2672;4,78
88722;2641;3,99
88723;2639;3,94
88724;2665;4,60
88725;2645;4,09
88726;2640;3,97
88727;2628;3,66
88728;2669;4,70
88729;2638;3,92
88730;2621;3,49
88731;2656;4,37
88732;2635;3,84
88733;2645;4,09
88734;2657;4,40
88735;2625;3,59
88736;2623;3,54
88737;2624;3,56
88738;2662;4,52
88739;2649;4,20
88740;2661;4,50
88741;2629;3,69
88742;2645;4,09
88743;2637;3,89
88744;2676;4,88
88745;2631;3,74
88746;2640;3,97
88747;2640;3,97
88748;2663;4,55
88749;2673;4,80
88750;2671;4,75
88751;2641;3,99
88752;2646;4,12
88753;2633;3,79
88754;2635;3,84
88755;2634;3,82
88756;2633;3,79
88757;2642;4,02
88758;2637;3,89
88759;2637;3,89
88760;2661;4,50
88761;2625;3,59
88762;2655;4,35
88763;2631;3,74
88764;2621;3,49
88765;2625;3,59
88766;2653;4,30
88767;2633;3,79
88768;2652;4,27
88769;2626;3,61
88770;2694;5,33
88771;2625;3,59
88772;2643;4,04
88773;2633;3,79
88774;2626;3,61
88775;2624;3,56
88776;2634;3,82
88777;2627;3,64
88778;2661;4,50
88779;2624;3,56
88780;2619;3,44
88781;2595;2,83
88782;2621;3,49
88783;2631;3,74
88784;2630;3,71
88785;2625;3,59
88786;2624;3,56
88787;2624;3,56
88788;2624;3,56
88789;2639;3,94
88790;2652;4,27
88791;2624;3,56
88792;2657;4,40
88793;2623;3,54
88794;2645;4,09
88795;2625;3,59
88796;2640;3,97
88797;2633;3,79
88798;2637;3,89
88799;2618;3,41
88800;2657;4,40
88801;2622;3,51
88802;2611;3,23
88803;2614;3,31
88804;2653;4,30
88805;2616;3,36
88806;2611;3,23
88807;2611;3,23
88808;2615;3,34
88809;2618;3,41
88810;2615;3,34
88811;2619;3,44
88812;2624;3,56
88813;2623;3,54
88814;2642;4,02
88815;2638;3,92
88816;2640;3,97
88817;2623;3,54
88818;2621;3,49
88819;2638;3,92
88820;2617;3,39
88821;2627;3,64
88822;2634;3,82
88823;2630;3,71
88824;2658;4,42
88825;2641;3,99
88826;2655;4,35
88827;2623;3,54
88828;2608;3,16
88829;2624;3,56
88830;2631;3,74
88831;2615;3,34
88832;2624;3,56
88833;2624;3,56
88834;2625;3,59
88835;2624;3,56
88836;2627;3,64
88837;2627;3,64
88838;2626;3,61
88839;2615;3,34
88840;2647;4,14
88841;2659;4,45
88842;2617;3,39
88843;2612;3,26
88844;2627;3,64
88845;2625;3,59
88846;2639;3,94
88847;2630;3,71
88848;2670;4,73
88849;2630;3,71
88850;2619;3,44
88851;2608;3,16
88852;2613;3,28
88853;2614;3,31
88854;2629;3,69
88855;2609;3,18
88856;2607;3,13
88857;2617;3,39
88858;2621;3,49
88859;2607;3,13
88860;2608;3,16
88861;2594;2,80
88862;2597;2,88
88863;2591;2,73
88864;2595;2,83
88865;2614;3,31
88866;2627;3,64
88867;2604;3,06
88868;2607;3,13
88869;2590;2,70
88870;2599;2,93
88871;2597;2,88
88872;2593;2,78
88873;2592;2,75
88874;2591;2,73
88875;2592;2,75
88876;2624;3,56
88877;2597;2,88
88878;2586;2,60
88879;2583;2,53
88880;2608;3,16
88881;2587;2,63
88882;2617;3,39
88883;2589;2,68
88884;2595;2,83
88885;2608;3,16
88886;2615;3,34
88887;2618;3,41
88888;2635;3,84
88889;2618;3,41
88890;2611;3,23
88891;2624;3,56
88892;2615;3,34
88893;2624;3,56
88894;2614;3,31
88895;2611;3,23
88896;2656;4,37
88897;2654;4,32
88898;2627;3,64
88899;2623;3,54
88900;2624;3,56
88901;2608;3,16
88902;2609;3,18
88903;2608;3,16
88904;2608;3,16
88905;2609;3,18
88906;2588;2,65
88907;2594;2,80
88908;2607;3,13
88909;2590;2,70
88910;2637;3,89
88911;2586;2,60
88912;2592;2,75
88913;2583;2,53
88914;2603;3,03
88915;2595;2,83
88916;2599;2,93
88917;2601;2,98
88918;2602;3,01
88919;2593;2,78
88920;2587;2,63
88921;2582;2,50
88922;2609;3,18
88923;2559;1,92
88924;2559;1,92
88925;2591;2,73
88926;2586;2,60
88927;2585;2,58
88928;2603;3,03
88929;2599;2,93
88930;2603;3,03
88931;2605;3,08
88932;2640;3,97
88933;2617;3,39
88934;2649;4,20
88935;2607;3,13
88936;2640;3,97
88937;2608;3,16
88938;2601;2,98
88939;2605;3,08
88940;2608;3,16
88941;2608;3,16
88942;2656;4,37
88943;2603;3,03
88944;2613;3,28
88945;2608;3,16
88946;2605;3,08
88947;2607;3,13
88948;2598;2,90
88949;2596;2,85
88950;2615;3,34
88951;2609;3,18
88952;2620;3,46
88953;2606;3,11
88954;2598;2,90
88955;2588;2,65
88956;2624;3,56
88957;2587;2,63
88958;2591;2,73
88959;2559;1,92
88960;2624;3,56
88961;2559;1,92
88962;2608;3,16
88963;2559;1,92
88964;2559;1,92
88965;2555;1,82
88966;2582;2,50
88967;2559;1,92
88968;2559;1,92
88969;2559;1,92
88970;2559;1,92
88971;2559;1,92
88972;2559;1,92
88973;2559;1,92
88974;2559;1,92
88975;2591;2,73
88976;2614;3,31
88977;2559;1,92
88978;2559;1,92
88979;2559;1,92
88980;2559;1,92
88981;2559;1,92
88982;2559;1,92
88983;2559;1,92
88984;2610;3,21
88985;2559;1,92
88986;2559;1,92
88987;2559;1,92
88988;2623;3,54
88989;2595;2,83
88990;2603;3,03
88991;2619;3,44
88992;2614;3,31
88993;2596;2,85
88994;2608;3,16
88995;2618;3,41
88996;2613;3,28
88997;2601;2,98
88998;2629;3,69
88999;2608;3,16
89000;2613;3,28
89001;2608;3,16
89002;2608;3,16
89003;2598;2,90
89004;2608;3,16
89005;2601;2,98
89006;2621;3,49
89007;2603;3,03
89008;2639;3,94
89009;2587;2,63
89010;2608;3,16
89011;2587;2,63
89012;2610;3,21
89013;2559;1,92
89014;2615;3,34
89015;2581;2,47
89016;2593;2,78
89017;2591;2,73
89018;2606;3,11
89019;2595;2,83
89020;2583;2,53
89021;2581;2,47
89022;2559;1,92
89023;2586;2,60
89024;2587;2,63
89025;2559;1,92
89026;2603;3,03
89027;2559;1,92
89028;2559;1,92
89029;2559;1,92
89030;2596;2,85
89031;2558;1,89
89032;2599;2,93
89033;2559;1,92
89034;2551;1,72
89035;2559;1,92
89036;2597;2,88
89037;2558;1,89
89038;2558;1,89
89039;2559;1,92
89040;2581;2,47
89041;2559;1,92
89042;2589;2,68
89043;2559;1,92
89044;2582;2,50
89045;2559;1,92
89046;2589;2,68
89047;2629;3,69
89048;2559;1,92
89049;2559;1,92
89050;2559;1,92
89051;2559;1,92
89052;2598;2,90
89053;2559;1,92
89054;2551;1,72
89055;2554;1,79
89056;2559;1,92
89057;2557;1,87
89058;2559;1,92
89059;2557;1,87
89060;2559;1,92
89061;2559;1,92
89062;2607;3,13
89063;2559;1,92
89064;2559;1,92
89065;2559;1,92
89066;2590;2,70
89067;2559;1,92
89068;2610;3,21
89069;2559;1,92
89070;2595;2,83
89071;2559;1,92
89072;2592;2,75
89073;2547;1,61
89074;2559;1,92
89075;2556;1,84
89076;2606;3,11
89077;2546;1,59
89078;2552;1,74
89079;2559;1,92
89080;2608;3,16
89081;2559;1,92
89082;2559;1,92
89083;2559;1,92
89084;2559;1,92
89085;2559;1,92
89086;2559;1,92
89087;2559;1,92
89088;2583;2,53
89089;2559;1,92
89090;2602;3,01
89091;2559;1,92
89092;2559;1,92
89093;2590;2,70
89094;2559;1,92
89095;2583;2,53
89096;2559;1,92
89097;2559;1,92
89098;2602;3,01
89099;2559;1,92
89100;2559;1,92
89101;2559;1,92
89102;2608;3,16
89103;2594;2,80
89104;2598;2,90
89105;2597;2,88
89106;2608;3,16
89107;2583;2,53
89108;2559;1,92
89109;2559;1,92
89110;2608;3,16
89111;2559;1,92
89112;2615;3,34
89113;2559;1,92
89114;2559;1,92
89115;2559;1,92
89116;2559;1,92
89117;2582;2,50
89118;2629;3,69
89119;2559;1,92
89120;2615;3,34
89121;2559;1,92
89122;2559;1,92
89123;2559;1,92
89124;2559;1,92
89125;2559;1,92
89126;2559;1,92
89127;2559;1,92
89128;2559;1,92
89129;2559;1,92
89130;2557;1,87
89131;2559;1,92
89132;2559;1,92
89133;2559;1,92
89134;2613;3,28
89135;2559;1,92
89136;2559;1,92
89137;2557;1,87
89138;2597;2,88
89139;2557;1,87
89140;2546;1,59
89141;2546;1,59
89142;2602;3,01
89143;2549;1,66
89144;2544;1,54
89145;2544;1,54
89146;2555;1,82
89147;2539;1,41
89148;2549;1,66
89149;2545;1,56
89150;2559;1,92
89151;2539;1,41
89152;2559;1,92
89153;2558;1,89
89154;2557;1,87
89155;2555;1,82
89156;2551;1,72
89157;2557;1,87
89158;2555;1,82
89159;2557;1,87
89160;2559;1,92
89161;2559;1,92
89162;2599;2,93
89163;2559;1,92
89164;2608;3,16
89165;2557;1,87
89166;2559;1,92
89167;2557;1,87
89168;2559;1,92
89169;2559;1,92
89170;2612;3,26
89171;2559;1,92
89172;2583;2,53
89173;2559;1,92
89174;2582;2,50
89175;2559;1,92
89176;2591;2,73
89177;2559;1,92
89178;2559;1,92
89179;2631;3,74
89180;2559;1,92
89181;2559;1,92
89182;2559;1,92
89183;2559;1,92
89184;2559;1,92
89185;2559;1,92
89186;2559;1,92
89187;2559;1,92
89188;2559;1,92
89189;2559;1,92
89190;2602;3,01
89191;2559;1,92
89192;2594;2,80
89193;2559;1,92
89194;2607;3,13
89195;2559;1,92
89196;2551;1,72
89197;2549;1,66
89198;2591;2,73
89199;2557;1,87
89200;2547;1,61
89201;2546;1,59
89202;2551;1,72
89203;2544;1,54
89204;2542;1,49
89205;2548;1,64
89206;2599;2,93
89207;2549;1,66
89208;2559;1,92
89209;2545;1,56
89210;2559;1,92
89211;2541;1,46
89212;2547;1,61
89213;2543;1,51
89214;2546;1,59
89215;2559;1,92
89216;2544;1,54
89217;2541;1,46
89218;2559;1,92
89219;2550;1,69
89220;2554;1,79
89221;2549;1,66
89222;2550;1,69
89223;2559;1,92
89224;2554;1,79
89225;2549;1,66
89226;2591;2,73
89227;2545;1,56
89228;2544;1,54
89229;2556;1,84
89230;2557;1,87
89231;2559;1,92
89232;2559;1,92
89233;2607;3,13
89234;2558;1,89
89235;2557;1,87
89236;2558;1,89
89237;2557;1,87
89238;2551;1,72
89239;2559;1,92
89240;2554;1,79
89241;2559;1,92
89242;2593;2,78
89243;2557;1,87
89244;2558;1,89
89245;2559;1,92
89246;2553;1,77
89247;2549;1,66
89248;2557;1,87
89249;2554;1,79
89250;2551;1,72
89251;2559;1,92
89252;2598;2,90
89253;2559;1,92
89254;2612;3,26
89255;2592;2,75
89256;2555;1,82
89257;2547;1,61
89258;2559;1,92
89259;2607;3,13
89260;2559;1,92
89261;2595;2,83
89262;2559;1,92
89263;2559;1,92
89264;2557;1,87
89265;2559;1,92
89266;2559;1,92
89267;2557;1,87
89268;2549;1,66
89269;2547;1,61
89270;2555;1,82
89271;2554;1,79
89272;2559;1,92
89273;2545;1,56
89274;2599;2,93
89275;2553;1,77
89276;2604;3,06
89277;2555;1,82
89278;2556;1,84
89279;2550;1,69
89280;2544;1,54
89281;2559;1,92
89282;2559;1,92
89283;2559;1,92
89284;2555;1,82
89285;2585;2,58
89286;2559;1,92
89287;2583;2,53
89288;2548;1,64
89289;2553;1,77
89290;2554;1,79
89291;2555;1,82
89292;2556;1,84
89293;2559;1,92
89294;2544;1,54
89295;2559;1,92
89296;2559;1,92
89297;2603;3,03
89298;2555;1,82
89299;2551;1,72
89300;2589;2,68
89301;2547;1,61
89302;2549;1,66
89303;2559;1,92
89304;2599;2,93
89305;2548;1,64
89306;2539;1,41
89307;2546;1,59
89308;2543;1,51
89309;2602;3,01
89310;2559;1,92
89311;2544;1,54
89312;2544;1,54
89313;2548;1,64
89314;2601;2,98
89315;2544;1,54
89316;2608;3,16
89317;2544;1,54
89318;2543;1,51
89319;2533;1,26
89320;2544;1,54
89321;2559;1,92
89322;2559;1,92
89323;2544;1,54
89324;2582;2,50
89325;2535;1,31
89326;2539;1,41
89327;2529;1,16
89328;2541;1,46
89329;2547;1,61
89330;2547;1,61
89331;2539;1,41
89332;2537;1,36
89333;2538;1,39
89334;2537;1,36
89335;2541;1,46
89336;2545;1,56
89337;2541;1,46
89338;2529;1,16
89339;2507;0,60
89340;2535;1,31
89341;2559;1,92
89342;2533;1,26
89343;2541;1,46
89344;2534;1,29
89345;2549;1,66
89346;2544;1,54
89347;2598;2,90
89348;2543;1,51
89349;2559;1,92
89350;2543;1,51
89351;2544;1,54
89352;2544;1,54
89353;2546;1,59
89354;2559;1,92
89355;2559;1,92
89356;2546;1,59
89357;2551;1,72
89358;2559;1,92
89359;2558;1,89
89360;2551;1,72
89361;2608;3,16
89362;2551;1,72
89363;2593;2,78
89364;2559;1,92
89365;2555;1,82
89366;2596;2,85
89367;2555;1,82
89368;2551;1,72
89369;2553;1,77
89370;2555;1,82
89371;2549;1,66
89372;2559;1,92
89373;2556;1,84
89374;2546;1,59
89375;2559;1,92
89376;2557;1,87
89377;2559;1,92
89378;2559;1,92
89379;2607;3,13
89380;2559;1,92
89381;2550;1,69
89382;2599;2,93
89383;2547;1,61
89384;2546;1,59
89385;2589;2,68
89386;2608;3,16
89387;2559;1,92
89388;2544;1,54
89389;2589;2,68
89390;2559;1,92
89391;2538;1,39
89392;2544;1,54
89393;2535;1,31
89394;2587;2,63
89395;2539;1,41
89396;2542;1,49
89397;2545;1,56
89398;2533;1,26
89399;2541;1,46
89400;2598;2,90
89401;2594;2,80
89402;2544;1,54
89403;2593;2,78
89404;2544;1,54
89405;2537;1,36
89406;2543;1,51
89407;2593;2,78
89408;2544;1,54
89409;2544;1,54
89410;2558;1,89
89411;2559;1,92
89412;2549;1,66
89413;2538;1,39
89414;2589;2,68
89415;2543;1,51
89416;2541;1,46
89417;2603;3,03
89418;2542;1,49
89419;2544;1,54
89420;2592;2,75
89421;2559;1,92
89422;2604;3,06
89423;2550;1,69
89424;2585;2,58
89425;2554;1,79
89426;2547;1,61
89427;2547;1,61
89428;2608;3,16
89429;2544;1,54
89430;2555;1,82
89431;2546;1,59
89432;2555;1,82
89433;2559;1,92
89434;2548;1,64
89435;2606;3,11
89436;2551;1,72
89437;2606;3,11
89438;2608;3,16
89439;2548;1,64
89440;2593;2,78
89441;2611;3,23
89442;2559;1,92
89443;2559;1,92
89444;2547;1,61
89445;2591;2,73
89446;2615;3,34
89447;2556;1,84
89448;2559;1,92
89449;2559;1,92
89450;2559;1,92
89451;2559;1,92
89452;2594;2,80
89453;2559;1,92
89454;2551;1,72
89455;2545;1,56
89456;2559;1,92
89457;2582;2,50
89458;2550;1,69
89459;2557;1,87
89460;2559;1,92
89461;2559;1,92
89462;2559;1,92
89463;2602;3,01
89464;2615;3,34
89465;2599;2,93
89466;2612;3,26
89467;2613;3,28
89468;2555;1,82
89469;2559;1,92
89470;2608;3,16
89471;2550;1,69
89472;2559;1,92
89473;2551;1,72
89474;2559;1,92
89475;2559;1,92
89476;2602;3,01
89477;2550;1,69
89478;2545;1,56
89479;2555;1,82
89480;2557;1,87
89481;2553;1,77
89482;2559;1,92
89483;2555;1,82
89484;2615;3,34
89485;2559;1,92
89486;2549;1,66
89487;2554;1,79
89488;2559;1,92
89489;2557;1,87
89490;2559;1,92
89491;2550;1,69
89492;2559;1,92
89493;2550;1,69
89494;2559;1,92
89495;2594;2,80
89496;2590;2,70
89497;2559;1,92
89498;2551;1,72
89499;2549;1,66
89500;2601;2,98
89501;2602;3,01
89502;2553;1,77
89503;2551;1,72
89504;2608;3,16
89505;2587;2,63
89506;2559;1,92
89507;2555;1,82
89508;2546;1,59
89509;2546;1,59
89510;2545;1,56
89511;2546;1,59
89512;2550;1,69
89513;2551;1,72
89514;2555;1,82
89515;2583;2,53
89516;2551;1,72
89517;2558;1,89
89518;2553;1,77
89519;2545;1,56
89520;2549;1,66
89521;2559;1,92
89522;2554;1,79
89523;2595;2,83
89524;2582;2,50
89525;2559;1,92
89526;2550;1,69
89527;2598;2,90
89528;2611;3,23
89529;2559;1,92
89530;2555;1,82
89531;2599;2,93
89532;2590;2,70
89533;2546;1,59
89534;2554;1,79
89535;2553;1,77
89536;2558;1,89
89537;2548;1,64
89538;2595;2,83
89539;2555;1,82
89540;2546;1,59
89541;2549;1,66
89542;2543;1,51
89543;2596;2,85
89544;2559;1,92
89545;2559;1,92
89546;2559;1,92
89547;2586;2,60
89548;2542;1,49
89549;2593;2,78
89550;2544;1,54
89551;2538;1,39
89552;2584;2,55
89553;2557;1,87
89554;2557;1,87
89555;2602;3,01
89556;2545;1,56
89557;2558;1,89
89558;2537;1,36
89559;2550;1,69
89560;2535;1,31
89561;2542;1,49
89562;2559;1,92
89563;2542;1,49
89564;2582;2,50
89565;2589;2,68
89566;2557;1,87
89567;2559;1,92
89568;2540;1,44
89569;2559;1,92
89570;2541;1,46
89571;2547;1,61
89572;2534;1,29
89573;2534;1,29
89574;2538;1,39
89575;2587;2,63
89576;2538;1,39
89577;2559;1,92
89578;2531;1,21
89579;2534;1,29
89580;2547;1,61
89581;2586;2,60
89582;2537;1,36
89583;2533;1,26
89584;2544;1,54
89585;2535;1,31
89586;2539;1,41
89587;2586;2,60
89588;2532;1,23
89589;2533;1,26
89590;2594;2,80
89591;2540;1,44
89592;2551;1,72
89593;2544;1,54
89594;2582;2,50
89595;2535;1,31
89596;2531;1,21
89597;2538;1,39
89598;2532;1,23
89599;2543;1,51
89600;2559;1,92
89601;2534;1,29
89602;2581;2,47
89603;2538;1,39
89604;2593;2,78
89605;2542;1,49
89606;2533;1,26
89607;2533;1,26
89608;2530;1,18
89609;2559;1,92
89610;2594;2,80
89611;2590;2,70
89612;2559;1,92
89613;2559;1,92
89614;2592;2,75
89615;2554;1,79
89616;2559;1,92
89617;2538;1,39
89618;2544;1,54
89619;2534;1,29
89620;2541;1,46
89621;2591;2,73
89622;2559;1,92
89623;2551;1,72
89624;2542;1,49
89625;2538;1,39
89626;2535;1,31
89627;2534;1,29
89628;2531;1,21
89629;2534;1,29
89630;2603;3,03
89631;2538;1,39
89632;2527;1,11
89633;2539;1,41
89634;2529;1,16
89635;2533;1,26
89636;2539;1,41
89637;2527;1,11
89638;2582;2,50
89639;2542;1,49
89640;2591;2,73
89641;2544;1,54
89642;2527;1,11
89643;2529;1,16
89644;2539;1,41
89645;2534;1,29
89646;2533;1,26
89647;2541;1,46
89648;2559;1,92
89649;2544;1,54
89650;2555;1,82
89651;2539;1,41
89652;2551;1,72
89653;2537;1,36
89654;2541;1,46
89655;2558;1,89
89656;2537;1,36
89657;2530;1,18
89658;2558;1,89
89659;2547;1,61
89660;2524;1,03
89661;2531;1,21
89662;2531;1,21
89663;2544;1,54
89664;2529;1,16
89665;2559;1,92
89666;2528;1,13
89667;2555;1,82
89668;2533;1,26
89669;2538;1,39
89670;2544;1,54
89671;2531;1,21
89672;2559;1,92
89673;2536;1,34
89674;2542;1,49
89675;2531;1,21
89676;2530;1,18
89677;2531;1,21
89678;2530;1,18
89679;2559;1,92
89680;2519;0,91
89681;2524;1,03
89682;2529;1,16
89683;2521;0,96
89684;2544;1,54
89685;2523;1,01
89686;2535;1,31
89687;2544;1,54
89688;2535;1,31
89689;2525;1,06
89690;2527;1,11
89691;2543;1,51
89692;2533;1,26
89693;2534;1,29
89694;2543;1,51
89695;2535;1,31
89696;2529;1,16
89697;2545;1,56
89698;2525;1,06
89699;2526;1,08
89700;2544;1,54
89701;2537;1,36
89702;2525;1,06
89703;2539;1,41
89704;2526;1,08
89705;2529;1,16
89706;2533;1,26
89707;2527;1,11
89708;2527;1,11
89709;2527;1,11
89710;2535;1,31
89711;2527;1,11
89712;2519;0,91
89713;2522;0,98
89714;2547;1,61
89715;2529;1,16
89716;2528;1,13
89717;2541;1,46
89718;2521;0,96
89719;2529;1,16
89720;2533;1,26
89721;2527;1,11
89722;2525;1,06
89723;2523;1,01
89724;2507;0,60
89725;2530;1,18
89726;2547;1,61
89727;2529;1,16
89728;2528;1,13
89729;2551;1,72
89730;2529;1,16
89731;2544;1,54
89732;2527;1,11
89733;2527;1,11
89734;2559;1,92
89735;2540;1,44
89736;2533;1,26
89737;2523;1,01
89738;2546;1,59
89739;2548;1,64
89740;2535;1,31
89741;2544;1,54
89742;2531;1,21
89743;2531;1,21
89744;2525;1,06
89745;2531;1,21
89746;2528;1,13
89747;2523;1,01
89748;2531;1,21
89749;2547;1,61
89750;2534;1,29
89751;2538;1,39
89752;2541;1,46
89753;2526;1,08
89754;2542;1,49
89755;2532;1,23
89756;2528;1,13
89757;2534;1,29
89758;2528;1,13
89759;2534;1,29
89760;2534;1,29
89761;2519;0,91
89762;2529;1,16
89763;2528;1,13
89764;2525;1,06
89765;2531;1,21
89766;2531;1,21
89767;2527;1,11
89768;2527;1,11
89769;2542;1,49
89770;2525;1,06
89771;2534;1,29
89772;2559;1,92
89773;2539;1,41
89774;2524;1,03
89775;2529;1,16
89776;2549;1,66
89777;2525;1,06
89778;2521;0,96
89779;2523;1,01
89780;2530;1,18
89781;2528;1,13
89782;2539;1,41
89783;2523;1,01
89784;2531;1,21
89785;2530;1,18
89786;2525;1,06
89787;2523;1,01
89788;2527;1,11
89789;2530;1,18
89790;2522;0,98
89791;2544;1,54
89792;2549;1,66
89793;2538;1,39
89794;2544;1,54
89795;2526;1,08
89796;2519;0,91
89797;2537;1,36
89798;2541;1,46
89799;2533;1,26
89800;2526;1,08
89801;2549;1,66
89802;2532;1,23
89803;2531;1,21
89804;2559;1,92
89805;2526;1,08
89806;2549;1,66
89807;2541;1,46
89808;2543;1,51
89809;2527;1,11
89810;2535;1,31
89811;2530;1,18
89812;2527;1,11
89813;2542;1,49
89814;2532;1,23
89815;2550;1,69
89816;2549;1,66
89817;2507;0,60
89818;2527;1,11
89819;2541;1,46
89820;2531;1,21
89821;2537;1,36
89822;2533;1,26
89823;2522;0,98
89824;2537;1,36
89825;2544;1,54
89826;2531;1,21
89827;2541;1,46
89828;2559;1,92
89829;2528;1,13
89830;2531;1,21
89831;2527;1,11
89832;2549;1,66
89833;2530;1,18
89834;2544;1,54
89835;2533;1,26
89836;2523;1,01
89837;2535;1,31
89838;2531;1,21
89839;2536;1,34
89840;2523;1,01
89841;2550;1,69
89842;2525;1,06
89843;2533;1,26
89844;2523;1,01
89845;2544;1,54
89846;2527;1,11
89847;2538;1,39
89848;2535;1,31
89849;2529;1,16
89850;2522;0,98
89851;2539;1,41
89852;2529;1,16
89853;2533;1,26
89854;2523;1,01
89855;2532;1,23
89856;2542;1,49
89857;2527;1,11
89858;2529;1,16
89859;2542;1,49
89860;2527;1,11
89861;2539;1,41
89862;2551;1,72
89863;2527;1,11
89864;2559;1,92
89865;2551;1,72
89866;2528;1,13
89867;2527;1,11
89868;2526;1,08
89869;2549;1,66
89870;2545;1,56
89871;2530;1,18
89872;2553;1,77
89873;2541;1,46
89874;2525;1,06
89875;2541;1,46
89876;2531;1,21
89877;2543;1,51
89878;2542;1,49
89879;2530;1,18
89880;2531;1,21
89881;2535;1,31
89882;2531;1,21
89883;2537;1,36
89884;2527;1,11
89885;2528;1,13
89886;2547;1,61
89887;2545;1,56
89888;2538;1,39
89889;2529;1,16
89890;2531;1,21
89891;2530;1,18
89892;2544;1,54
89893;2530;1,18
89894;2539;1,41
89895;2538;1,39
89896;2559;1,92
89897;2558;1,89
89898;2530;1,18
89899;2547;1,61
89900;2531;1,21
89901;2537;1,36
89902;2538;1,39
89903;2531;1,21
89904;2531;1,21
89905;2544;1,54
89906;2544;1,54
89907;2527;1,11
89908;2535;1,31
89909;2547;1,61
89910;2527;1,11
89911;2544;1,54
89912;2535;1,31
89913;2537;1,36
89914;2559;1,92
89915;2533;1,26
89916;2545;1,56
89917;2527;1,11
89918;2547;1,61
89919;2543;1,51
89920;2530;1,18
89921;2535;1,31
89922;2533;1,26
89923;2545;1,56
89924;2530;1,18
89925;2541;1,46
89926;2544;1,54
89927;2529;1,16
89928;2526;1,08
89929;2528;1,13
89930;2544;1,54
89931;2544;1,54
89932;2535;1,31
89933;2545;1,56
89934;2544;1,54
89935;2544;1,54
89936;2539;1,41
89937;2538;1,39
89938;2530;1,18
89939;2529;1,16
89940;2546;1,59
89941;2546;1,59
89942;2544;1,54
89943;2525;1,06
89944;2493;0,25
89945;2524;1,03
89946;2557;1,87
89947;2530;1,18
89948;2551;1,72
89949;2527;1,11
89950;2531;1,21
89951;2530;1,18
89952;2528;1,13
89953;2531;1,21
89954;2553;1,77
89955;2545;1,56
89956;2545;1,56
89957;2542;1,49
89958;2544;1,54
89959;2555;1,82
89960;2533;1,26
89961;2541;1,46
89962;2543;1,51
89963;2537;1,36
89964;2547;1,61
89965;2554;1,79
89966;2523;1,01
89967;2531;1,21
89968;2543;1,51
89969;2539;1,41
89970;2529;1,16
89971;2529;1,16
89972;2527;1,11
89973;2533;1,26
89974;2558;1,89
89975;2526;1,08
89976;2537;1,36
89977;2535;1,31
89978;2526;1,08
89979;2535;1,31
89980;2531;1,21
89981;2533;1,26
89982;2545;1,56
89983;2543;1,51
89984;2537;1,36
89985;2544;1,54
89986;2544;1,54
89987;2530;1,18
89988;2544;1,54
89989;2526;1,08
89990;2559;1,92
89991;2527;1,11
89992;2541;1,46
89993;2530;1,18
89994;2527;1,11
89995;2527;1,11
89996;2541;1,46
89997;2529;1,16
89998;2517;0,86
89999;2521;0,96
90000;2551;1,72
90001;2522;0,98
90002;2526;1,08
90003;2524;1,03
90004;2533;1,26
90005;2523;1,01
90006;2541;1,46
90007;2525;1,06
90008;2534;1,29
90009;2549;1,66
90010;2527;1,11
90011;2527;1,11
90012;2523;1,01
90013;2512;0,73
90014;2523;1,01
90015;2523;1,01
90016;2522;0,98
90017;2519;0,91
90018;2523;1,01
90019;2527;1,11
90020;2543;1,51
90021;2525;1,06
90022;2535;1,31
90023;2524;1,03
90024;2522;0,98
90025;2548;1,64
90026;2528;1,13
90027;2537;1,36
90028;2549;1,66
90029;2525;1,06
90030;2546;1,59
90031;2535;1,31
90032;2523;1,01
90033;2522;0,98
90034;2514;0,78
90035;2546;1,59
90036;2525;1,06
90037;2526;1,08
90038;2525;1,06
90039;2537;1,36
90040;2538;1,39
90041;2515;0,80
90042;2529;1,16
90043;2527;1,11
90044;2550;1,69
90045;2517;0,86
90046;2528;1,13
90047;2522;0,98
90048;2558;1,89
90049;2523;1,01
90050;2527;1,11
90051;2518;0,88
90052;2542;1,49
90053;2519;0,91
90054;2515;0,80
90055;2543;1,51
90056;2519;0,91
90057;2541;1,46
90058;2517;0,86
90059;2543;1,51
90060;2533;1,26
90061;2530;1,18
90062;2534;1,29
90063;2542;1,49
90064;2530;1,18
90065;2531;1,21
90066;2544;1,54
90067;2523;1,01
90068;2530;1,18
90069;2527;1,11
90070;2540;1,44
90071;2524;1,03
90072;2519;0,91
90073;2519;0,91
90074;2517;0,86
90075;2523;1,01
90076;2549;1,66
90077;2522;0,98
90078;2527;1,11
90079;2530;1,18
90080;2531;1,21
90081;2522;0,98
90082;2527;1,11
90083;2509;0,65
90084;2549;1,66
90085;2542;1,49
90086;2521;0,96
90087;2519;0,91
90088;2544;1,54
90089;2527;1,11
90090;2523;1,01
90091;2514;0,78
90092;2522;0,98
90093;2539;1,41
90094;2523;1,01
90095;2517;0,86
90096;2523;1,01
90097;2533;1,26
90098;2514;0,78
90099;2519;0,91
90100;2518;0,88
90101;2515;0,80
90102;2519;0,91
90103;2532;1,23
90104;2514;0,78
90105;2542;1,49
90106;2530;1,18
90107;2531;1,21
90108;2514;0,78
90109;2544;1,54
90110;2544;1,54
90111;2522;0,98
90112;2527;1,11
90113;2548;1,64
90114;2523;1,01
90115;2542;1,49
90116;2537;1,36
90117;2538;1,39
90118;2512;0,73
90119;2542;1,49
90120;2523;1,01
90121;2523;1,01
90122;2542;1,49
90123;2523;1,01
90124;2523;1,01
90125;2522;0,98
90126;2525;1,06
90127;2512;0,73
90128;2514;0,78
90129;2519;0,91
90130;2513;0,75
90131;2512;0,73
90132;2544;1,54
90133;2512;0,73
90134;2512;0,73
90135;2514;0,78
90136;2518;0,88
90137;2525;1,06
90138;2539;1,41
90139;2531;1,21
90140;2507;0,60
90141;2512;0,73
90142;2527;1,11
90143;2522;0,98
90144;2509;0,65
90145;2512;0,73
90146;2515;0,80
90147;2518;0,88
90148;2524;1,03
90149;2519;0,91
90150;2509;0,65
90151;2511;0,70
90152;2518;0,88
90153;2512;0,73
90154;2530;1,18
90155;2543;1,51
90156;2531;1,21
90157;2519;0,91
90158;2527;1,11
90159;2531;1,21
90160;2514;0,78
90161;2515;0,80
90162;2530;1,18
90163;2507;0,60
90164;2509;0,65
90165;2512;0,73
90166;2535;1,31
90167;2501;0,45
90168;2549;1,66
90169;2512;0,73
90170;2538;1,39
90171;2531;1,21
90172;2544;1,54
90173;2503;0,50
90174;2524;1,03
90175;2544;1,54
90176;2518;0,88
90177;2519;0,91
90178;2536;1,34
90179;2514;0,78
90180;2512;0,73
90181;2532;1,23
90182;2511;0,70
90183;2516;0,83
90184;2521;0,96
90185;2513;0,75
90186;2531;1,21
90187;2512;0,73
90188;2510;0,68
90189;2507;0,60
90190;2512;0,73
90191;2513;0,75
90192;2514;0,78
90193;2531;1,21
90194;2517;0,86
90195;2513;0,75
90196;2512;0,73
90197;2547;1,61
90198;2507;0,60
90199;2509;0,65
90200;2534;1,29
90201;2534;1,29
90202;2519;0,91
90203;2519;0,91
90204;2512;0,73
90205;2525;1,06
90206;2519;0,91
90207;2514;0,78
90208;2511;0,70
90209;2507;0,60
90210;2507;0,60
90211;2517;0,86
90212;2514;0,78
90213;2518;0,88
90214;2531;1,21
90215;2527;1,11
90216;2533;1,26
90217;2523;1,01
90218;2510;0,68
90219;2512;0,73
90220;2522;0,98
90221;2509;0,65
90222;2510;0,68
90223;2510;0,68
90224;2499;0,40
90225;2510;0,68
90226;2515;0,80
90227;2517;0,86
90228;2509;0,65
90229;2503;0,50
90230;2512;0,73
90231;2512;0,73
90232;2512;0,73
90233;2510;0,68
90234;2523;1,01
90235;2512;0,73
90236;2535;1,31
90237;2541;1,46
90238;2524;1,03
90239;2512;0,73
90240;2505;0,55
90241;2502;0,48
90242;2509;0,65
90243;2506;0,58
90244;2499;0,40
90245;2509;0,65
90246;2507;0,60
90247;2509;0,65
90248;2517;0,86
90249;2515;0,80
90250;2512;0,73
90251;2508;0,63
90252;2506;0,58
90253;2506;0,58
90254;2517;0,86
90255;2507;0,60
90256;2519;0,91
90257;2512;0,73
90258;2523;1,01
90259;2503;0,50
90260;2515;0,80
90261;2515;0,80
90262;2512;0,73
90263;2539;1,41
90264;2511;0,70
90265;2505;0,55
90266;2509;0,65
90267;2502;0,48
90268;2507;0,60
90269;2522;0,98
90270;2510;0,68
90271;2512;0,73
90272;2510;0,68
90273;2513;0,75
90274;2521;0,96
90275;2512;0,73
90276;2505;0,55
90277;2510;0,68
90278;2511;0,70
90279;2508;0,63
90280;2509;0,65
90281;2511;0,70
90282;2526;1,08
90283;2506;0,58
90284;2515;0,80
90285;2512;0,73
90286;2503;0,50
90287;2512;0,73
90288;2506;0,58
90289;2509;0,65
90290;2522;0,98
90291;2499;0,40
90292;2502;0,48
90293;2530;1,18
90294;2514;0,78
90295;2512;0,73
90296;2513;0,75
90297;2507;0,60
90298;2510;0,68
90299;2512;0,73
90300;2511;0,70
90301;2513;0,75
90302;2513;0,75
90303;2499;0,40
90304;2502;0,48
90305;2512;0,73
90306;2509;0,65
90307;2511;0,70
90308;2501;0,45
90309;2512;0,73
90310;2507;0,60
90311;2509;0,65
90312;2512;0,73
90313;2507;0,60
90314;2512;0,73
90315;2501;0,45
90316;2512;0,73
90317;2506;0,58
90318;2510;0,68
90319;2533;1,26
90320;2506;0,58
90321;2506;0,58
90322;2511;0,70
90323;2513;0,75
90324;2533;1,26
90325;2497;0,35
90326;2503;0,50
90327;2517;0,86
90328;2512;0,73
90329;2503;0,50
90330;2503;0,50
90331;2496;0,32
90332;2502;0,48
90333;2512;0,73
90334;2503;0,50
90335;2512;0,73
90336;2497;0,35
90337;2531;1,21
90338;2491;0,20
90339;2512;0,73
90340;2515;0,80
90341;2511;0,70
90342;2531;1,21
90343;2503;0,50
90344;2531;1,21
90345;2515;0,80
90346;2510;0,68
90347;2533;1,26
90348;2503;0,50
90349;2512;0,73
90350;2499;0,40
90351;2519;0,91
90352;2512;0,73
90353;2499;0,40
90354;2523;1,01
90355;2505;0,55
90356;2512;0,73
90357;2507;0,60
90358;2507;0,60
90359;2521;0,96
90360;2501;0,45
90361;2503;0,50
90362;2506;0,58
90363;2501;0,45
90364;2501;0,45
90365;2511;0,70
90366;2502;0,48
90367;2535;1,31
90368;2505;0,55
90369;2541;1,46
90370;2510;0,68
90371;2497;0,35
90372;2512;0,73
90373;2503;0,50
90374;2510;0,68
90375;2518;0,88
90376;2529;1,16
90377;2499;0,40
90378;2509;0,65
90379;2519;0,91
90380;2505;0,55
90381;2527;1,11
90382;2506;0,58
90383;2507;0,60
90384;2512;0,73
90385;2501;0,45
90386;2507;0,60
90387;2512;0,73
90388;2526;1,08
90389;2509;0,65
90390;2504;0,53
90391;2528;1,13
90392;2515;0,80
90393;2506;0,58
90394;2509;0,65
90395;2507;0,60
90396;2507;0,60
90397;2522;0,98
90398;2539;1,41
90399;2512;0,73
90400;2511;0,70
90401;2512;0,73
90402;2507;0,60
90403;2521;0,96
90404;2510;0,68
90405;2511;0,70
90406;2507;0,60
90407;2503;0,50
90408;2507;0,60
90409;2512;0,73
90410;2509;0,65
90411;2527;1,11
90412;2507;0,60
90413;2506;0,58
90414;2501;0,45
90415;2518;0,88
90416;2512;0,73
90417;2507;0,60
90418;2502;0,48
90419;2528;1,13
90420;2502;0,48
90421;2512;0,73
90422;2511;0,70
90423;2517;0,86
90424;2515;0,80
90425;2506;0,58
90426;2531;1,21
90427;2512;0,73
90428;2504;0,53
90429;2512;0,73
90430;2509;0,65
90431;2505;0,55
90432;2498;0,37
90433;2503;0,50
90434;2507;0,60
90435;2509;0,65
90436;2510;0,68
90437;2507;0,60
90438;2512;0,73
90439;2512;0,73
90440;2540;1,44
90441;2489;0,15
90442;2544;1,54
90443;2507;0,60
90444;2527;1,11
90445;2511;0,70
90446;2507;0,60
90447;2517;0,86
90448;2514;0,78
90449;2508;0,63
90450;2526;1,08
90451;2501;0,45
90452;2519;0,91
90453;2507;0,60
90454;2521;0,96
90455;2506;0,58
90456;2526;1,08
90457;2514;0,78
90458;2516;0,83
90459;2523;1,01
90460;2527;1,11
90461;2512;0,73
90462;2512;0,73
90463;2509;0,65
90464;2512;0,73
90465;2506;0,58
90466;2516;0,83
90467;2527;1,11
90468;2519;0,91
90469;2511;0,70
90470;2509;0,65
90471;2503;0,50
90472;2518;0,88
90473;2511;0,70
90474;2521;0,96
90475;2508;0,63
90476;2506;0,58
90477;2515;0,80
90478;2521;0,96
90479;2539;1,41
90480;2512;0,73
90481;2513;0,75
90482;2531;1,21
90483;2512;0,73
90484;2512;0,73
90485;2517;0,86
90486;2514;0,78
90487;2512;0,73
90488;2513;0,75
90489;2529;1,16
90490;2512;0,73
90491;2514;0,78
90492;2508;0,63
90493;2509;0,65
90494;2511;0,70
90495;2512;0,73
90496;2527;1,11
90497;2511;0,70
90498;2510;0,68
90499;2512;0,73
90500;2544;1,54
90501;2517;0,86
90502;2537;1,36
90503;2524;1,03
90504;2507;0,60
90505;2524;1,03
90506;2517;0,86
90507;2518;0,88
90508;2510;0,68
90509;2512;0,73
90510;2537;1,36
90511;2511;0,70
90512;2506;0,58
90513;2507;0,60
90514;2512;0,73
90515;2512;0,73
90516;2513;0,75
90517;2502;0,48
90518;2515;0,80
90519;2512;0,73
90520;2503;0,50
90521;2514;0,78
90522;2513;0,75
90523;2513;0,75
90524;2502;0,48
90525;2501;0,45
90526;2514;0,78
90527;2512;0,73
90528;2519;0,91
90529;2518;0,88
90530;2506;0,58
90531;2531;1,21
90532;2512;0,73
90533;2525;1,06
90534;2512;0,73
90535;2511;0,70
90536;2505;0,55
90537;2525;1,06
90538;2536;1,34
90539;2505;0,55
90540;2533;1,26
90541;2516;0,83
90542;2512;0,73
90543;2521;0,96
90544;2523;1,01
90545;2522;0,98
90546;2510;0,68
90547;2509;0,65
90548;2517;0,86
90549;2517;0,86
90550;2512;0,73
90551;2511;0,70
90552;2527;1,11
90553;2509;0,65
90554;2508;0,63
90555;2511;0,70
90556;2495;0,30
90557;2512;0,73
90558;2503;0,50
90559;2503;0,50
90560;2525;1,06
90561;2500;0,43
90562;2525;1,06
90563;2537;1,36
90564;2506;0,58
90565;2544;1,54
90566;2508;0,63
90567;2510;0,68
90568;2510;0,68
90569;2521;0,96
90570;2517;0,86
90571;2506;0,58
90572;2517;0,86
90573;2533;1,26
90574;2511;0,70
90575;2497;0,35
90576;2519;0,91
90577;2505;0,55
90578;2496;0,32
90579;2533;1,26
90580;2503;0,50
90581;2525;1,06
90582;2501;0,45
90583;2505;0,55
90584;2499;0,40
90585;2537;1,36
90586;2507;0,60
90587;2528;1,13
90588;2526;1,08
90589;2514;0,78
90590;2511;0,70
90591;2522;0,98
90592;2495;0,30
90593;2529;1,16
90594;2498;0,37
90595;2505;0,55
90596;2535;1,31
90597;2502;0,48
90598;2507;0,60
90599;2496;0,32
90600;2510;0,68
90601;2480;0,00
90602;2498;0,37
90603;2519;0,91
90604;2499;0,40
90605;2496;0,32
90606;2501;0,45
90607;2515;0,80
90608;2519;0,91
90609;2497;0,35
90610;2496;0,32
90611;2512;0,73
90612;2499;0,40
90613;2502;0,48
90614;2505;0,55
90615;2508;0,63
90616;2509;0,65
90617;2526;1,08
90618;2526;1,08
90619;2515;0,80
90620;2498;0,37
90621;2501;0,45
90622;2508;0,63
90623;2509;0,65
90624;2501;0,45
90625;2524;1,03
90626;2523;1,01
90627;2509;0,65
90628;2502;0,48
90629;2519;0,91
90630;2510;0,68
90631;2506;0,58
90632;2505;0,55
90633;2503;0,50
90634;2506;0,58
90635;2499;0,40
90636;2511;0,70
90637;2519;0,91
90638;2501;0,45
90639;2505;0,55
90640;2519;0,91
90641;2532;1,23
90642;2507;0,60
90643;2528;1,13
90644;2505;0,55
90645;2499;0,40
90646;2495;0,30
90647;2517;0,86
90648;2498;0,37
90649;2501;0,45
90650;2508;0,63
90651;2515;0,80
90652;2503;0,50
90653;2497;0,35
90654;2505;0,55
90655;2498;0,37
90656;2505;0,55
90657;2500;0,43
90658;2515;0,80
90659;2498;0,37
90660;2511;0,70
90661;2507;0,60
90662;2501;0,45
90663;2512;0,73
90664;2498;0,37
90665;2517;0,86
90666;2524;1,03
90667;2498;0,37
90668;2496;0,32
90669;2507;0,60
90670;2519;0,91
90671;2503;0,50
90672;2502;0,48
90673;2499;0,40
90674;2506;0,58
90675;2523;1,01
90676;2501;0,45
90677;2512;0,73
90678;2503;0,50
90679;2496;0,32
90680;2505;0,55
90681;2499;0,40
90682;2529;1,16
90683;2505;0,55
90684;2499;0,40
90685;2498;0,37
90686;2507;0,60
90687;2528;1,13
90688;2519;0,91
90689;2510;0,68
90690;2512;0,73
90691;2503;0,50
90692;2506;0,58
90693;2512;0,73
90694;2530;1,18
90695;2503;0,50
90696;2519;0,91
90697;2496;0,32
90698;2493;0,25
90699;2497;0,35
90700;2496;0,32
90701;2526;1,08
90702;2507;0,60
90703;2502;0,48
90704;2525;1,06
90705;2515;0,80
90706;2504;0,53
90707;2512;0,73
90708;2521;0,96
90709;2494;0,27
90710;2512;0,73
90711;2505;0,55
90712;2496;0,32
90713;2513;0,75
90714;2503;0,50
90715;2502;0,48
90716;2503;0,50
90717;2503;0,50
90718;2490;0,17
90719;2496;0,32
90720;2532;1,23
90721;2521;0,96
90722;2512;0,73
90723;2503;0,50
90724;2523;1,01
90725;2507;0,60
90726;2522;0,98
90727;2506;0,58
90728;2501;0,45
90729;2501;0,45
90730;2506;0,58
90731;2512;0,73
90732;2503;0,50
90733;2506;0,58
90734;2494;0,27
90735;2503;0,50
90736;2502;0,48
90737;2520;0,93
90738;2513;0,75
90739;2506;0,58
90740;2494;0,27
90741;2512;0,73
90742;2496;0,32
90743;2521;0,96
90744;2471;0,00
90745;2497;0,35
90746;2505;0,55
90747;2511;0,70
90748;2501;0,45
90749;2530;1,18
90750;2510;0,68
90751;2532;1,23
90752;2497;0,35
90753;2498;0,37
90754;2512;0,73
90755;2512;0,73
90756;2497;0,35
90757;2511;0,70
90758;2506;0,58
90759;2503;0,50
90760;2523;1,01
90761;2529;1,16
90762;2544;1,54
90763;2505;0,55
90764;2526;1,08
90765;2505;0,55
90766;2512;0,73
90767;2512;0,73
90768;2500;0,43
90769;2512;0,73
90770;2511;0,70
90771;2510;0,68
90772;2507;0,60
90773;2512;0,73
90774;2500;0,43
90775;2507;0,60
90776;2514;0,78
90777;2512;0,73
90778;2509;0,65
90779;2502;0,48
90780;2505;0,55
90781;2511;0,70
90782;2491;0,20
90783;2511;0,70
90784;2525;1,06
90785;2507;0,60
90786;2522;0,98
90787;2496;0,32
90788;2496;0,32
90789;2517;0,86
90790;2498;0,37
90791;2507;0,60
90792;2515;0,80
90793;2512;0,73
90794;2504;0,53
90795;2512;0,73
90796;2519;0,91
90797;2529;1,16
90798;2501;0,45
90799;2499;0,40
90800;2503;0,50
90801;2507;0,60
90802;2515;0,80
90803;2501;0,45
90804;2531;1,21
90805;2501;0,45
90806;2505;0,55
90807;2501;0,45
90808;2502;0,48
90809;2526;1,08
90810;2502;0,48
90811;2513;0,75
90812;2521;0,96
90813;2528;1,13
90814;2508;0,63
90815;2507;0,60
90816;2522;0,98
90817;2501;0,45
90818;2512;0,73
90819;2503;0,50
90820;2518;0,88
90821;2505;0,55
90822;2536;1,34
90823;2502;0,48
90824;2510;0,68
90825;2502;0,48
90826;2499;0,40
90827;2527;1,11
90828;2510;0,68
90829;2512;0,73
90830;2539;1,41
90831;2505;0,55
90832;2528;1,13
90833;2496;0,32
90834;2509;0,65
90835;2511;0,70
90836;2507;0,60
90837;2512;0,73
90838;2531;1,21
90839;2503;0,50
90840;2503;0,50
90841;2522;0,98
90842;2512;0,73
90843;2525;1,06
90844;2511;0,70
90845;2513;0,75
90846;2510;0,68
90847;2507;0,60
90848;2524;1,03
90849;2506;0,58
90850;2506;0,58
90851;2502;0,48
90852;2517;0,86
90853;2496;0,32
90854;2513;0,75
90855;2507;0,60
90856;2514;0,78
90857;2521;0,96
90858;2527;1,11
90859;2515;0,80
90860;2521;0,96
90861;2499;0,40
90862;2506;0,58
90863;2502;0,48
90864;2496;0,32
90865;2496;0,32
90866;2511;0,70
90867;2512;0,73
90868;2510;0,68
90869;2503;0,50
90870;2511;0,70
90871;2507;0,60
90872;2513;0,75
90873;2497;0,35
90874;2502;0,48
90875;2505;0,55
90876;2497;0,35
90877;2507;0,60
90878;2541;1,46
90879;2506;0,58
90880;2503;0,50
90881;2509;0,65
90882;2513;0,75
90883;2501;0,45
90884;2541;1,46
90885;2527;1,11
90886;2503;0,50
90887;2507;0,60
90888;2505;0,55
90889;2521;0,96
90890;2503;0,50
90891;2522;0,98
90892;2505;0,55
90893;2519;0,91
90894;2514;0,78
90895;2501;0,45
90896;2497;0,35
90897;2503;0,50
90898;2528;1,13
90899;2510;0,68
90900;2503;0,50
90901;2497;0,35
90902;2506;0,58
90903;2517;0,86
90904;2514;0,78
90905;2501;0,45
90906;2521;0,96
90907;2518;0,88
90908;2511;0,70
90909;2503;0,50
90910;2511;0,70
90911;2498;0,37
90912;2506;0,58
90913;2509;0,65
90914;2500;0,43
90915;2498;0,37
90916;2498;0,37
90917;2497;0,35
90918;2530;1,18
90919;2502;0,48
90920;2504;0,53
90921;2527;1,11
90922;2489;0,15
90923;2498;0,37
90924;2513;0,75
90925;2495;0,30
90926;2499;0,40
90927;2499;0,40
90928;2502;0,48
90929;2527;1,11
90930;2498;0,37
90931;2497;0,35
90932;2523;1,01
90933;2507;0,60
90934;2499;0,40
90935;2497;0,35
90936;2518;0,88
90937;2512;0,73
90938;2531;1,21
90939;2511;0,70
90940;2497;0,35
90941;2528;1,13
90942;2495;0,30
90943;2502;0,48
90944;2519;0,91
90945;2499;0,40
90946;2496;0,32
90947;2494;0,27
90948;2498;0,37
90949;2500;0,43
90950;2497;0,35
90951;2507;0,60
90952;2493;0,25
90953;2515;0,80
90954;2495;0,30
90955;2499;0,40
90956;2513;0,75
90957;2502;0,48
90958;2493;0,25
90959;2531;1,21
90960;2493;0,25
90961;2509;0,65
90962;2495;0,30
90963;2495;0,30
90964;2515;0,80
90965;2495;0,30
90966;2496;0,32
90967;2507;0,60
90968;2500;0,43
90969;2491;0,20
90970;2512;0,73
90971;2504;0,53
90972;2496;0,32
90973;2491;0,20
90974;2505;0,55
90975;2509;0,65
90976;2517;0,86
90977;2506;0,58
90978;2517;0,86
90979;2502;0,48
90980;2493;0,25
90981;2517;0,86
90982;2496;0,32
90983;2495;0,30
90984;2512;0,73
90985;2491;0,20
90986;2495;0,30
90987;2512;0,73
90988;2525;1,06
90989;2499;0,40
90990;2494;0,27
90991;2490;0,17
90992;2502;0,48
90993;2514;0,78
90994;2506;0,58
90995;2503;0,50
90996;2507;0,60
90997;2503;0,50
90998;2502;0,48
90999;2498;0,37
91000;2520;0,93
91001;2512;0,73
91002;2496;0,32
91003;2503;0,50
91004;2495;0,30
91005;2498;0,37
91006;2512;0,73
91007;2518;0,88
91008;2516;0,83
91009;2496;0,32
91010;2499;0,40
91011;2496;0,32
91012;2498;0,37
91013;2517;0,86
91014;2495;0,30
91015;2512;0,73
91016;2507;0,60
91017;2502;0,48
91018;2518;0,88
91019;2496;0,32
91020;2494;0,27
91021;2507;0,60
91022;2511;0,70
91023;2508;0,63
91024;2517;0,86
91025;2503;0,50
91026;2509;0,65
91027;2515;0,80
91028;2506;0,58
91029;2497;0,35
91030;2502;0,48
91031;2521;0,96
91032;2489;0,15
91033;2491;0,20
91034;2510;0,68
91035;2491;0,20
91036;2482;0,00
91037;2523;1,01
91038;2512;0,73
91039;2498;0,37
91040;2494;0,27
91041;2496;0,32
91042;2512;0,73
91043;2499;0,40
91044;2493;0,25
91045;2487;0,10
91046;2485;0,05
91047;2481;0,00
91048;2486;0,07
91049;2512;0,73
91050;2495;0,30
91051;2495;0,30
91052;2499;0,40
91053;2480;0,00
91054;2501;0,45
91055;2503;0,50
91056;2512;0,73
91057;2485;0,05
91058;2507;0,60
91059;2503;0,50
91060;2493;0,25
91061;2507;0,60
91062;2487;0,10
91063;2512;0,73
91064;2514;0,78
91065;2496;0,32
91066;2526;1,08
91067;2493;0,25
91068;2507;0,60
91069;2510;0,68
91070;2494;0,27
91071;2491;0,20
91072;2490;0,17
91073;2496;0,32
91074;2499;0,40
91075;2512;0,73
91076;2497;0,35
91077;2497;0,35
91078;2489;0,15
91079;2498;0,37
91080;2501;0,45
91081;2495;0,30
91082;2486;0,07
91083;2508;0,63
91084;2491;0,20
91085;2491;0,20
91086;2516;0,83
91087;2487;0,10
91088;2491;0,20
91089;2480;0,00
91090;2492;0,22
91091;2487;0,10
91092;2512;0,73
91093;2490;0,17
91094;2489;0,15
91095;2485;0,05
91096;2498;0,37
91097;2491;0,20
91098;2485;0,05
91099;2496;0,32
91100;2498;0,37
91101;2499;0,40
91102;2483;0,00
91103;2493;0,25
91104;2487;0,10
91105;2528;1,13
91106;2493;0,25
91107;2489;0,15
91108;2490;0,17
91109;2493;0,25
91110;2506;0,58
91111;2528;1,13
91112;2492;0,22
91113;2492;0,22
91114;2480;0,00
91115;2483;0,00
91116;2496;0,32
91117;2482;0,00
91118;2483;0,00
91119;2491;0,20
91120;2483;0,00
91121;2498;0,37
91122;2484;0,02
91123;2507;0,60
91124;2486;0,07
91125;2481;0,00
91126;2502;0,48
91127;2481;0,00
91128;2476;0,00
91129;2500;0,43
91130;2477;0,00
91131;2497;0,35
91132;2479;0,00
91133;2498;0,37
91134;2480;0,00
91135;2512;0,73
91136;2484;0,02
91137;2483;0,00
91138;2480;0,00
91139;2492;0,22
91140;2504;0,53
91141;2483;0,00
91142;2478;0,00
91143;2494;0,27
91144;2481;0,00
91145;2493;0,25
91146;2480;0,00
91147;2479;0,00
91148;2501;0,45
91149;2483;0,00
91150;2466;0,00
91151;2481;0,00
91152;2507;0,60
91153;2489;0,15
91154;2507;0,60
91155;2512;0,73
91156;2474;0,00
91157;2509;0,65
91158;2495;0,30
91159;2479;0,00
91160;2481;0,00
91161;2507;0,60
91162;2495;0,30
91163;2482;0,00
91164;2494;0,27
91165;2485;0,05
91166;2482;0,00
91167;2483;0,00
91168;2478;0,00
91169;2512;0,73
91170;2485;0,05
91171;2483;0,00
91172;2483;0,00
91173;2485;0,05
91174;2483;0,00
91175;2480;0,00
91176;2480;0,00
91177;2486;0,07
91178;2493;0,25
91179;2478;0,00
91180;2480;0,00
91181;2476;0,00
91182;2510;0,68
91183;2497;0,35
91184;2482;0,00
91185;2491;0,20
91186;2479;0,00
91187;2512;0,73
91188;2482;0,00
91189;2503;0,50
91190;2487;0,10
91191;2484;0,02
91192;2507;0,60
91193;2484;0,02
91194;2485;0,05
91195;2493;0,25
91196;2480;0,00
91197;2481;0,00
91198;2488;0,12
91199;2486;0,07
91200;2479;0,00
91201;2482;0,00
91202;2485;0,05
91203;2511;0,70
91204;2487;0,10
91205;2483;0,00
91206;2489;0,15
91207;2482;0,00
91208;2482;0,00
91209;2481;0,00
91210;2480;0,00
91211;2482;0,00
91212;2483;0,00
91213;2480;0,00
91214;2480;0,00
91215;2493;0,25
91216;2481;0,00
91217;2480;0,00
91218;2473;0,00
91219;2490;0,17
91220;2481;0,00
91221;2481;0,00
91222;2484;0,02
91223;2482;0,00
91224;2480;0,00
91225;2477;0,00
91226;2480;0,00
91227;2489;0,15
91228;2484;0,02
91229;2480;0,00
91230;2481;0,00
91231;2480;0,00
91232;2483;0,00
91233;2482;0,00
91234;2509;0,65
91235;2495;0,30
91236;2485;0,05
91237;2491;0,20
91238;2506;0,58
91239;2483;0,00
91240;2481;0,00
91241;2480;0,00
91242;2491;0,20
91243;2483;0,00
91244;2497;0,35
91245;2482;0,00
91246;2479;0,00
91247;2495;0,30
91248;2484;0,02
91249;2481;0,00
91250;2485;0,05
91251;2491;0,20
91252;2475;0,00
91253;2487;0,10
91254;2493;0,25
91255;2487;0,10
91256;2482;0,00
91257;2481;0,00
91258;2489;0,15
91259;2503;0,50
91260;2486;0,07
91261;2496;0,32
91262;2505;0,55
91263;2511;0,70
91264;2485;0,05
91265;2486;0,07
91266;2491;0,20
91267;2495;0,30
91268;2491;0,20
91269;2491;0,20
91270;2480;0,00
91271;2483;0,00
91272;2487;0,10
91273;2499;0,40
91274;2494;0,27
91275;2486;0,07
91276;2503;0,50
91277;2498;0,37
91278;2491;0,20
91279;2490;0,17
91280;2498;0,37
91281;2512;0,73
91282;2487;0,10
91283;2487;0,10
91284;2490;0,17
91285;2485;0,05
91286;2507;0,60
91287;2490;0,17
91288;2493;0,25
91289;2515;0,80
91290;2497;0,35
91291;2496;0,32
91292;2510;0,68
91293;2504;0,53
91294;2497;0,35
91295;2512;0,73
91296;2496;0,32
91297;2500;0,43
91298;2493;0,25
91299;2518;0,88
91300;2501;0,45
91301;2512;0,73
91302;2492;0,22
91303;2496;0,32
91304;2507;0,60
91305;2514;0,78
91306;2505;0,55
91307;2491;0,20
91308;2512;0,73
91309;2491;0,20
91310;2503;0,50
91311;2509;0,65
91312;2492;0,22
91313;2492;0,22
91314;2525;1,06
91315;2494;0,27
91316;2490;0,17
91317;2490;0,17
91318;2508;0,63
91319;2512;0,73
91320;2496;0,32
91321;2495;0,30
91322;2498;0,37
91323;2510;0,68
91324;2493;0,25
91325;2497;0,35
91326;2503;0,50
91327;2499;0,40
91328;2496;0,32
91329;2495;0,30
91330;2491;0,20
91331;2496;0,32
91332;2519;0,91
91333;2494;0,27
91334;2514;0,78
91335;2500;0,43
91336;2512;0,73
91337;2487;0,10
91338;2496;0,32
91339;2486;0,07
91340;2494;0,27
91341;2493;0,25
91342;2515;0,80
91343;2496;0,32
91344;2512;0,73
91345;2493;0,25
91346;2491;0,20
91347;2503;0,50
91348;2512;0,73
91349;2489;0,15
91350;2490;0,17
91351;2496;0,32
91352;2495;0,30
91353;2493;0,25
91354;2509;0,65
91355;2501;0,45
91356;2515;0,80
91357;2498;0,37
91358;2503;0,50
91359;2499;0,40
91360;2489;0,15
91361;2487;0,10
91362;2486;0,07
91363;2485;0,05
91364;2500;0,43
91365;2494;0,27
91366;2495;0,30
91367;2502;0,48
91368;2484;0,02
91369;2485;0,05
91370;2498;0,37
91371;2490;0,17
91372;2496;0,32
91373;2491;0,20
91374;2495;0,30
91375;2497;0,35
91376;2485;0,05
91377;2492;0,22
91378;2503;0,50
91379;2491;0,20
91380;2490;0,17
91381;2485;0,05
91382;2489;0,15
91383;2494;0,27
91384;2481;0,00
91385;2482;0,00
91386;2490;0,17
91387;2489;0,15
91388;2498;0,37
91389;2482;0,00
91390;2483;0,00
91391;2515;0,80
91392;2487;0,10
91393;2508;0,63
91394;2480;0,00
91395;2487;0,10
91396;2492;0,22
91397;2512;0,73
91398;2515;0,80
91399;2496;0,32
91400;2484;0,02
91401;2510;0,68
91402;2497;0,35
91403;2491;0,20
91404;2510;0,68
91405;2487;0,10
91406;2497;0,35
91407;2502;0,48
91408;2507;0,60
91409;2500;0,43
91410;2492;0,22
91411;2493;0,25
91412;2491;0,20
91413;2487;0,10
91414;2485;0,05
91415;2501;0,45
91416;2495;0,30
91417;2518;0,88
91418;2496;0,32
91419;2507;0,60
91420;2487;0,10
91421;2491;0,20
91422;2487;0,10
91423;2496;0,32
91424;2499;0,40
91425;2491;0,20
91426;2485;0,05
91427;2496;0,32
91428;2487;0,10
91429;2495;0,30
91430;2482;0,00
91431;2479;0,00
91432;2491;0,20
91433;2491;0,20
91434;2491;0,20
91435;2493;0,25
91436;2494;0,27
91437;2511;0,70
91438;2484;0,02
91439;2481;0,00
91440;2489;0,15
91441;2512;0,73
91442;2485;0,05
91443;2483;0,00
91444;2491;0,20
91445;2492;0,22
91446;2494;0,27
91447;2506;0,58
91448;2483;0,00
91449;2493;0,25
91450;2479;0,00
91451;2499;0,40
91452;2501;0,45
91453;2504;0,53
91454;2494;0,27
91455;2487;0,10
91456;2459;0,00
91457;2492;0,22
91458;2481;0,00
91459;2489;0,15
91460;2495;0,30
91461;2487;0,10
91462;2491;0,20
91463;2490;0,17
91464;2477;0,00
91465;2485;0,05
91466;2497;0,35
91467;2480;0,00
91468;2496;0,32
91469;2494;0,27
91470;2492;0,22
91471;2516;0,83
91472;2489;0,15
91473;2485;0,05
91474;2486;0,07
91475;2485;0,05
91476;2494;0,27
91477;2487;0,10
91478;2489;0,15
91479;2486;0,07
91480;2495;0,30
91481;2505;0,55
91482;2493;0,25
91483;2495;0,30
91484;2498;0,37
91485;2523;1,01
91486;2519;0,91
91487;2497;0,35
91488;2496;0,32
91489;2493;0,25
91490;2513;0,75
91491;2518;0,88
91492;2507;0,60
91493;2512;0,73
91494;2499;0,40
91495;2512;0,73
91496;2525;1,06
91497;2512;0,73
91498;2506;0,58
91499;2526;1,08
91500;2538;1,39
91501;2511;0,70
91502;2508;0,63
91503;2515;0,80
91504;2526;1,08
91505;2534;1,29
91506;2505;0,55
91507;2529;1,16
91508;2506;0,58
91509;2507;0,60
91510;2511;0,70
91511;2527;1,11
91512;2518;0,88
91513;2518;0,88
91514;2522;0,98
91515;2517;0,86
91516;2514;0,78
91517;2512;0,73
91518;2537;1,36
91519;2526;1,08
91520;2503;0,50
91521;2503;0,50
91522;2510;0,68
91523;2527;1,11
91524;2511;0,70
91525;2506;0,58
91526;2518;0,88
91527;2528;1,13
91528;2500;0,43
91529;2499;0,40
91530;2519;0,91
91531;2502;0,48
91532;2519;0,91
91533;2525;1,06
91534;2503;0,50
91535;2518;0,88
91536;2505;0,55
91537;2507;0,60
91538;2486;0,07
91539;2499;0,40
91540;2513;0,75
91541;2499;0,40
91542;2500;0,43
91543;2494;0,27
91544;2491;0,20
91545;2480;0,00
91546;2512;0,73
91547;2502;0,48
91548;2498;0,37
91549;2507;0,60
91550;2505;0,55
91551;2503;0,50
91552;2499;0,40
91553;2497;0,35
91554;2494;0,27
91555;2514;0,78
91556;2501;0,45
91557;2495;0,30
91558;2505;0,55
91559;2512;0,73
91560;2495;0,30
91561;2507;0,60
91562;2509;0,65
91563;2508;0,63
91564;2514;0,78
91565;2510;0,68
91566;2526;1,08
91567;2510;0,68
91568;2511;0,70
91569;2535;1,31
91570;2536;1,34
91571;2517;0,86
91572;2507;0,60
91573;2512;0,73
91574;2525;1,06
91575;2512;0,73
91576;2539;1,41
91577;2506;0,58
91578;2519;0,91
91579;2525;1,06
91580;2518;0,88
91581;2501;0,45
91582;2524;1,03
91583;2526;1,08
91584;2522;0,98
91585;2512;0,73
91586;2532;1,23
91587;2523;1,01
91588;2512;0,73
91589;2522;0,98
91590;2535;1,31
91591;2515;0,80
91592;2516;0,83
91593;2525;1,06
91594;2510;0,68
91595;2534;1,29
91596;2512;0,73
91597;2533;1,26
91598;2510;0,68
91599;2525;1,06
91600;2540;1,44
91601;2526;1,08
91602;2529;1,16
91603;2514;0,78
91604;2540;1,44
91605;2511;0,70
91606;2511;0,70
91607;2514;0,78
91608;2507;0,60
91609;2507;0,60
91610;2543;1,51
91611;2514;0,78
91612;2507;0,60
91613;2498;0,37
91614;2517;0,86
91615;2518;0,88
91616;2507;0,60
91617;2506;0,58
91618;2535;1,31
91619;2505;0,55
91620;2500;0,43
91621;2503;0,50
91622;2521;0,96
91623;2511;0,70
91624;2507;0,60
91625;2500;0,43
91626;2502;0,48
91627;2505;0,55
91628;2508;0,63
91629;2501;0,45
91630;2502;0,48
91631;2510;0,68
91632;2502;0,48
91633;2500;0,43
91634;2505;0,55
91635;2482;0,00
91636;2495;0,30
91637;2499;0,40
91638;2503;0,50
91639;2502;0,48
91640;2498;0,37
91641;2496;0,32
91642;2501;0,45
91643;2505;0,55
91644;2523;1,01
91645;2538;1,39
91646;2519;0,91
91647;2521;0,96
91648;2505;0,55
91649;2533;1,26
91650;2511;0,70
91651;2534;1,29
91652;2519;0,91
91653;2498;0,37
91654;2519;0,91
91655;2503;0,50
91656;2523;1,01
91657;2522;0,98
91658;2506;0,58
91659;2511;0,70
91660;2522;0,98
91661;2509;0,65
91662;2519;0,91
91663;2523;1,01
91664;2517;0,86
91665;2511;0,70
91666;2512;0,73
91667;2512;0,73
91668;2545;1,56
91669;2513;0,75
91670;2533;1,26
91671;2528;1,13
91672;2528;1,13
91673;2525;1,06
91674;2523;1,01
91675;2527;1,11
91676;2539;1,41
91677;2517;0,86
91678;2514;0,78
91679;2517;0,86
91680;2512;0,73
91681;2519;0,91
91682;2533;1,26
91683;2512;0,73
91684;2521;0,96
91685;2534;1,29
91686;2512;0,73
91687;2523;1,01
91688;2544;1,54
91689;2518;0,88
91690;2528;1,13
91691;2512;0,73
91692;2513;0,75
91693;2515;0,80
91694;2524;1,03
91695;2512;0,73
91696;2512;0,73
91697;2512;0,73
91698;2510;0,68
91699;2528;1,13
91700;2548;1,64
91701;2512;0,73
91702;2511;0,70
91703;2510;0,68
91704;2522;0,98
91705;2509;0,65
91706;2510;0,68
91707;2522;0,98
91708;2514;0,78
91709;2519;0,91
91710;2533;1,26
91711;2512;0,73
91712;2513;0,75
91713;2526;1,08
91714;2512;0,73
91715;2527;1,11
91716;2512;0,73
91717;2510;0,68
91718;2523;1,01
91719;2502;0,48
91720;2515;0,80
91721;2542;1,49
91722;2508;0,63
91723;2515;0,80
91724;2512;0,73
91725;2511;0,70
91726;2523;1,01
91727;2509;0,65
91728;2514;0,78
91729;2509;0,65
91730;2531;1,21
91731;2533;1,26
91732;2533;1,26
91733;2496;0,32
91734;2511;0,70
91735;2511;0,70
91736;2525;1,06
91737;2510;0,68
91738;2522;0,98
91739;2535;1,31
91740;2507;0,60
91741;2510;0,68
91742;2509;0,65
91743;2509;0,65
91744;2512;0,73
91745;2512;0,73
91746;2509;0,65
91747;2522;0,98
91748;2506;0,58
91749;2533;1,26
91750;2517;0,86
91751;2512;0,73
91752;2518;0,88
91753;2535;1,31
91754;2517;0,86
91755;2506;0,58
91756;2512;0,73
91757;2511;0,70
91758;2523;1,01
91759;2529;1,16
91760;2512;0,73
91761;2510;0,68
91762;2544;1,54
91763;2513;0,75
91764;2529;1,16
91765;2529;1,16
91766;2515;0,80
91767;2544;1,54
91768;2514;0,78
91769;2516;0,83
91770;2518;0,88
91771;2514;0,78
91772;2518;0,88
91773;2527;1,11
91774;2543;1,51
91775;2522;0,98
91776;2519;0,91
91777;2517;0,86
91778;2525;1,06
91779;2539;1,41
91780;2521;0,96
91781;2543;1,51
91782;2544;1,54
91783;2523;1,01
91784;2518;0,88
91785;2547;1,61
91786;2537;1,36
91787;2518;0,88
91788;2529;1,16
91789;2528;1,13
91790;2519;0,91
91791;2555;1,82
91792;2522;0,98
91793;2514;0,78
91794;2544;1,54
91795;2503;0,50
91796;2538;1,39
91797;2530;1,18
91798;2517;0,86
91799;2542;1,49
91800;2519;0,91
91801;2509;0,65
91802;2514;0,78
91803;2506;0,58
91804;2528;1,13
91805;2528;1,13
91806;2506;0,58
91807;2544;1,54
91808;2544;1,54
91809;2506;0,58
91810;2502;0,48
91811;2523;1,01
91812;2506;0,58
91813;2529;1,16
91814;2505;0,55
91815;2534;1,29
91816;2513;0,75
91817;2535;1,31
91818;2507;0,60
91819;2525;1,06
91820;2509;0,65
91821;2511;0,70
91822;2506;0,58
91823;2502;0,48
91824;2519;0,91
91825;2515;0,80
91826;2516;0,83
91827;2522;0,98
91828;2515;0,80
91829;2507;0,60
91830;2507;0,60
91831;2523;1,01
91832;2510;0,68
91833;2517;0,86
91834;2511;0,70
91835;2521;0,96
91836;2527;1,11
91837;2511;0,70
91838;2517;0,86
91839;2521;0,96
91840;2530;1,18
91841;2518;0,88
91842;2513;0,75
91843;2513;0,75
91844;2525;1,06
91845;2539;1,41
91846;2514;0,78
91847;2523;1,01
91848;2525;1,06
91849;2518;0,88
91850;2513;0,75
91851;2542;1,49
91852;2530;1,18
91853;2510;0,68
91854;2558;1,89
91855;2517;0,86
91856;2512;0,73
91857;2541;1,46
91858;2521;0,96
91859;2543;1,51
91860;2524;1,03
91861;2514;0,78
91862;2527;1,11
91863;2543;1,51
91864;2523;1,01
91865;2519;0,91
91866;2551;1,72
91867;2526;1,08
91868;2535;1,31
91869;2517;0,86
91870;2518;0,88
91871;2517;0,86
91872;2512;0,73
91873;2513;0,75
91874;2522;0,98
91875;2529;1,16
91876;2529;1,16
91877;2512;0,73
91878;2512;0,73
91879;2513;0,75
91880;2528;1,13
91881;2517;0,86
91882;2517;0,86
91883;2528;1,13
91884;2517;0,86
91885;2514;0,78
91886;2512;0,73
91887;2559;1,92
91888;2519;0,91
91889;2514;0,78
91890;2514;0,78
91891;2535;1,31
91892;2512;0,73
91893;2522;0,98
91894;2512;0,73
91895;2510;0,68
91896;2507;0,60
91897;2512;0,73
91898;2546;1,59
91899;2512;0,73
91900;2502;0,48
91901;2512;0,73
91902;2513;0,75
91903;2551;1,72
91904;2511;0,70
91905;2519;0,91
91906;2544;1,54
91907;2545;1,56
91908;2509;0,65
91909;2513;0,75
91910;2499;0,40
91911;2526;1,08
91912;2539;1,41
91913;2512;0,73
91914;2510;0,68
91915;2559;1,92
91916;2531;1,21
91917;2497;0,35
91918;2531;1,21
91919;2511;0,70
91920;2517;0,86
91921;2511;0,70
91922;2527;1,11
91923;2503;0,50
91924;2511;0,70
91925;2512;0,73
91926;2559;1,92
91927;2511;0,70
91928;2531;1,21
91929;2513;0,75
91930;2524;1,03
91931;2512;0,73
91932;2514;0,78
91933;2545;1,56
91934;2531;1,21
91935;2511;0,70
91936;2509;0,65
91937;2512;0,73
91938;2534;1,29
91939;2525;1,06
91940;2531;1,21
91941;2518;0,88
91942;2516;0,83
91943;2522;0,98
91944;2527;1,11
91945;2526;1,08
91946;2534;1,29
91947;2520;0,93
91948;2540;1,44
91949;2531;1,21
91950;2526;1,08
91951;2513;0,75
91952;2538;1,39
91953;2527;1,11
91954;2544;1,54
91955;2519;0,91
91956;2521;0,96
91957;2519;0,91
91958;2513;0,75
91959;2535;1,31
91960;2519;0,91
91961;2559;1,92
91962;2528;1,13
91963;2528;1,13
91964;2547;1,61
91965;2528;1,13
91966;2525;1,06
91967;2528;1,13
91968;2557;1,87
91969;2530;1,18
91970;2513;0,75
91971;2515;0,80
91972;2519;0,91
91973;2525;1,06
91974;2522;0,98
91975;2530;1,18
91976;2519;0,91
91977;2527;1,11
91978;2544;1,54
91979;2544;1,54
91980;2515;0,80
91981;2515;0,80
91982;2528;1,13
91983;2517;0,86
91984;2521;0,96
91985;2519;0,91
91986;2531;1,21
91987;2512;0,73
91988;2522;0,98
91989;2513;0,75
91990;2521;0,96
91991;2515;0,80
91992;2512;0,73
91993;2519;0,91
91994;2533;1,26
91995;2523;1,01
91996;2540;1,44
91997;2559;1,92
91998;2512;0,73
91999;2514;0,78
92000;2525;1,06
92001;2529;1,16
92002;2522;0,98
92003;2515;0,80
92004;2519;0,91
92005;2515;0,80
92006;2525;1,06
92007;2542;1,49
92008;2512;0,73
92009;2523;1,01
92010;2531;1,21
92011;2522;0,98
92012;2515;0,80
92013;2511;0,70
92014;2514;0,78
92015;2512;0,73
92016;2523;1,01
92017;2512;0,73
92018;2518;0,88
92019;2513;0,75
92020;2539;1,41
92021;2509;0,65
92022;2533;1,26
92023;2513;0,75
92024;2517;0,86
92025;2521;0,96
92026;2512;0,73
92027;2511;0,70
92028;2543;1,51
92029;2521;0,96
92030;2510;0,68
92031;2531;1,21
92032;2505;0,55
92033;2534;1,29
92034;2510;0,68
92035;2503;0,50
92036;2516;0,83
92037;2505;0,55
92038;2515;0,80
92039;2510;0,68
92040;2559;1,92
92041;2518;0,88
92042;2509;0,65
92043;2513;0,75
92044;2509;0,65
92045;2535;1,31
92046;2513;0,75
92047;2512;0,73
92048;2503;0,50
92049;2518;0,88
92050;2534;1,29
92051;2499;0,40
92052;2512;0,73
92053;2502;0,48
92054;2510;0,68
92055;2557;1,87
92056;2509;0,65
92057;2512;0,73
92058;2517;0,86
92059;2512;0,73
92060;2559;1,92
92061;2503;0,50
92062;2519;0,91
92063;2559;1,92
92064;2515;0,80
92065;2509;0,65
92066;2558;1,89
92067;2514;0,78
92068;2507;0,60
92069;2559;1,92
92070;2509;0,65
92071;2519;0,91
92072;2512;0,73
92073;2512;0,73
92074;2559;1,92
92075;2513;0,75
92076;2534;1,29
92077;2525;1,06
92078;2518;0,88
92079;2532;1,23
92080;2507;0,60
92081;2515;0,80
92082;2551;1,72
92083;2511;0,70
92084;2557;1,87
92085;2506;0,58
92086;2508;0,63
92087;2507;0,60
92088;2510;0,68
92089;2512;0,73
92090;2529;1,16
92091;2519;0,91
92092;2509;0,65
92093;2510;0,68
92094;2512;0,73
92095;2501;0,45
92096;2506;0,58
92097;2543;1,51
92098;2522;0,98
92099;2525;1,06
92100;2523;1,01
92101;2557;1,87
92102;2506;0,58
92103;2501;0,45
92104;2512;0,73
92105;2531;1,21
92106;2505;0,55
92107;2511;0,70
92108;2539;1,41
92109;2512;0,73
92110;2499;0,40
92111;2506;0,58
92112;2509;0,65
92113;2559;1,92
92114;2510;0,68
92115;2507;0,60
92116;2514;0,78
92117;2522;0,98
92118;2517;0,86
92119;2512;0,73
92120;2509;0,65
92121;2517;0,86
92122;2533;1,26
92123;2502;0,48
92124;2518;0,88
92125;2507;0,60
92126;2510;0,68
92127;2511;0,70
92128;2512;0,73
92129;2509;0,65
92130;2512;0,73
92131;2507;0,60
92132;2515;0,80
92133;2544;1,54
92134;2512;0,73
92135;2507;0,60
92136;2534;1,29
92137;2533;1,26
92138;2515;0,80
92139;2519;0,91
92140;2559;1,92
92141;2526;1,08
92142;2512;0,73
92143;2509;0,65
92144;2524;1,03
92145;2507;0,60
92146;2517;0,86
92147;2512;0,73
92148;2511;0,70
92149;2543;1,51
92150;2503;0,50
92151;2544;1,54
92152;2530;1,18
92153;2497;0,35
92154;2559;1,92
92155;2511;0,70
92156;2515;0,80
92157;2526;1,08
92158;2559;1,92
92159;2559;1,92
92160;2509;0,65
92161;2525;1,06
92162;2506;0,58
92163;2530;1,18
92164;2533;1,26
92165;2509;0,65
92166;2512;0,73
92167;2527;1,11
92168;2513;0,75
92169;2519;0,91
92170;2508;0,63
92171;2500;0,43
92172;2526;1,08
92173;2532;1,23
92174;2550;1,69
92175;2531;1,21
92176;2528;1,13
92177;2512;0,73
92178;2545;1,56
92179;2549;1,66
92180;2533;1,26
92181;2537;1,36
92182;2517;0,86
92183;2523;1,01
92184;2549;1,66
92185;2526;1,08
92186;2516;0,83
92187;2527;1,11
92188;2528;1,13
92189;2512;0,73
92190;2539;1,41
92191;2529;1,16
92192;2518;0,88
92193;2512;0,73
92194;2518;0,88
92195;2515;0,80
92196;2530;1,18
92197;2513;0,75
92198;2527;1,11
92199;2514;0,78
92200;2559;1,92
92201;2519;0,91
92202;2521;0,96
92203;2514;0,78
92204;2514;0,78
92205;2527;1,11
92206;2559;1,92
92207;2547;1,61
92208;2516;0,83
92209;2513;0,75
92210;2559;1,92
92211;2509;0,65
92212;2529;1,16
92213;2544;1,54
92214;2512;0,73
92215;2515;0,80
92216;2518;0,88
92217;2530;1,18
92218;2517;0,86
92219;2521;0,96
92220;2512;0,73
92221;2538;1,39
92222;2511;0,70
92223;2518;0,88
92224;2512;0,73
92225;2543;1,51
92226;2517;0,86
92227;2512;0,73
92228;2558;1,89
92229;2534;1,29
92230;2559;1,92
92231;2529;1,16
92232;2512;0,73
92233;2512;0,73
92234;2512;0,73
92235;2506;0,58
92236;2501;0,45
92237;2547;1,61
92238;2534;1,29
92239;2517;0,86
92240;2512;0,73
92241;2513;0,75
92242;2510;0,68
92243;2510;0,68
92244;2511;0,70
92245;2512;0,73
92246;2514;0,78
92247;2543;1,51
92248;2527;1,11
92249;2529;1,16
92250;2515;0,80
92251;2535;1,31
92252;2513;0,75
92253;2545;1,56
92254;2512;0,73
92255;2511;0,70
92256;2510;0,68
92257;2534;1,29
92258;2518;0,88
92259;2559;1,92
92260;2558;1,89
92261;2512;0,73
92262;2523;1,01
92263;2512;0,73
92264;2543;1,51
92265;2559;1,92
92266;2524;1,03
92267;2518;0,88
92268;2513;0,75
92269;2527;1,11
92270;2527;1,11
92271;2519;0,91
92272;2512;0,73
92273;2554;1,79
92274;2557;1,87
92275;2515;0,80
92276;2555;1,82
92277;2512;0,73
92278;2545;1,56
92279;2530;1,18
92280;2499;0,40
92281;2519;0,91
92282;2510;0,68
92283;2508;0,63
92284;2511;0,70
92285;2512;0,73
92286;2526;1,08
92287;2559;1,92
92288;2512;0,73
92289;2503;0,50
92290;2505;0,55
92291;2551;1,72
92292;2543;1,51
92293;2510;0,68
92294;2512;0,73
92295;2512;0,73
92296;2529;1,16
92297;2512;0,73
92298;2512;0,73
92299;2550;1,69
92300;2505;0,55
92301;2551;1,72
92302;2515;0,80
92303;2523;1,01
92304;2511;0,70
92305;2512;0,73
92306;2499;0,40
92307;2519;0,91
92308;2506;0,58
92309;2544;1,54
92310;2524;1,03
92311;2503;0,50
92312;2522;0,98
92313;2508;0,63
92314;2511;0,70
92315;2511;0,70
92316;2513;0,75
92317;2506;0,58
92318;2517;0,86
92319;2515;0,80
92320;2508;0,63
92321;2512;0,73
92322;2512;0,73
92323;2507;0,60
92324;2504;0,53
92325;2547;1,61
92326;2529;1,16
92327;2509;0,65
92328;2559;1,92
92329;2516;0,83
92330;2512;0,73
92331;2525;1,06
92332;2525;1,06
92333;2522;0,98
92334;2518;0,88
92335;2557;1,87
92336;2509;0,65
92337;2517;0,86
92338;2512;0,73
92339;2533;1,26
92340;2512;0,73
92341;2515;0,80
92342;2515;0,80
92343;2515;0,80
92344;2531;1,21
92345;2509;0,65
92346;2529;1,16
92347;2521;0,96
92348;2526;1,08
92349;2512;0,73
92350;2512;0,73
92351;2526;1,08
92352;2512;0,73
92353;2535;1,31
92354;2511;0,70
92355;2518;0,88
92356;2497;0,35
92357;2505;0,55
92358;2495;0,30
92359;2512;0,73
92360;2511;0,70
92361;2517;0,86
92362;2511;0,70
92363;2511;0,70
92364;2518;0,88
92365;2515;0,80
92366;2503;0,50
92367;2507;0,60
92368;2513;0,75
92369;2503;0,50
92370;2506;0,58
92371;2505;0,55
92372;2509;0,65
92373;2512;0,73
92374;2539;1,41
92375;2511;0,70
92376;2523;1,01
92377;2525;1,06
92378;2523;1,01
92379;2506;0,58
92380;2515;0,80
92381;2509;0,65
92382;2511;0,70
92383;2510;0,68
92384;2512;0,73
92385;2541;1,46
92386;2559;1,92
92387;2507;0,60
92388;2559;1,92
92389;2530;1,18
92390;2559;1,92
92391;2512;0,73
92392;2513;0,75
92393;2507;0,60
92394;2539;1,41
92395;2539;1,41
92396;2542;1,49
92397;2559;1,92
92398;2512;0,73
92399;2514;0,78
92400;2538;1,39
92401;2559;1,92
92402;2587;2,63
92403;2513;0,75
92404;2516;0,83
92405;2511;0,70
92406;2547;1,61
92407;2515;0,80
92408;2544;1,54
92409;2527;1,11
92410;2525;1,06
92411;2542;1,49
92412;2525;1,06
92413;2531;1,21
92414;2537;1,36
92415;2515;0,80
92416;2516;0,83
92417;2559;1,92
92418;2511;0,70
92419;2559;1,92
92420;2526;1,08
92421;2513;0,75
92422;2526;1,08
92423;2512;0,73
92424;2512;0,73
92425;2535;1,31
92426;2511;0,70
92427;2520;0,93
92428;2525;1,06
92429;2531;1,21
92430;2538;1,39
92431;2531;1,21
92432;2511;0,70
92433;2510;0,68
92434;2523;1,01
92435;2546;1,59
92436;2537;1,36
92437;2530;1,18
92438;2555;1,82
92439;2555;1,82
92440;2546;1,59
92441;2533;1,26
92442;2554;1,79
92443;2518;0,88
92444;2513;0,75
92445;2512;0,73
92446;2550;1,69
92447;2516;0,83
92448;2535;1,31
92449;2515;0,80
92450;2542;1,49
92451;2553;1,77
92452;2526;1,08
92453;2559;1,92
92454;2513;0,75
92455;2514;0,78
92456;2559;1,92
92457;2559;1,92
92458;2539;1,41
92459;2541;1,46
92460;2540;1,44
92461;2551;1,72
92462;2530;1,18
92463;2540;1,44
92464;2581;2,47
92465;2513;0,75
92466;2545;1,56
92467;2548;1,64
92468;2517;0,86
92469;2518;0,88
92470;2544;1,54
92471;2526;1,08
92472;2515;0,80
92473;2535;1,31
92474;2559;1,92
92475;2545;1,56
92476;2530;1,18
92477;2555;1,82
92478;2519;0,91
92479;2522;0,98
92480;2526;1,08
92481;2529;1,16
92482;2519;0,91
92483;2529;1,16
92484;2529;1,16
92485;2524;1,03
92486;2544;1,54
92487;2535;1,31
92488;2525;1,06
92489;2517;0,86
92490;2546;1,59
92491;2541;1,46
92492;2529;1,16
92493;2517;0,86
92494;2542;1,49
92495;2542;1,49
92496;2520;0,93
92497;2559;1,92
92498;2539;1,41
92499;2538;1,39
92500;2521;0,96
92501;2533;1,26
92502;2541;1,46
92503;2535;1,31
92504;2529;1,16
92505;2526;1,08
92506;2533;1,26
92507;2525;1,06
92508;2547;1,61
92509;2543;1,51
92510;2535;1,31
92511;2581;2,47
92512;2544;1,54
92513;2559;1,92
92514;2525;1,06
92515;2544;1,54
92516;2595;2,83
92517;2543;1,51
92518;2535;1,31
92519;2537;1,36
92520;2523;1,01
92521;2527;1,11
92522;2545;1,56
92523;2530;1,18
92524;2559;1,92
92525;2544;1,54
92526;2555;1,82
92527;2521;0,96
92528;2522;0,98
92529;2530;1,18
92530;2535;1,31
92531;2559;1,92
92532;2539;1,41
92533;2530;1,18
92534;2530;1,18
92535;2558;1,89
92536;2556;1,84
92537;2524;1,03
92538;2524;1,03
92539;2529;1,16
92540;2535;1,31
92541;2547;1,61
92542;2527;1,11
92543;2541;1,46
92544;2544;1,54
92545;2520;0,93
92546;2581;2,47
92547;2527;1,11
92548;2522;0,98
92549;2532;1,23
92550;2544;1,54
92551;2527;1,11
92552;2531;1,21
92553;2537;1,36
92554;2545;1,56
92555;2543;1,51
92556;2586;2,60
92557;2532;1,23
92558;2542;1,49
92559;2523;1,01
92560;2538;1,39
92561;2517;0,86
92562;2559;1,92
92563;2529;1,16
92564;2554;1,79
92565;2546;1,59
92566;2542;1,49
92567;2544;1,54
92568;2535;1,31
92569;2549;1,66
92570;2535;1,31
92571;2555;1,82
92572;2582;2,50
92573;2547;1,61
92574;2528;1,13
92575;2557;1,87
92576;2582;2,50
92577;2535;1,31
92578;2544;1,54
92579;2545;1,56
92580;2559;1,92
92581;2529;1,16
92582;2532;1,23
92583;2524;1,03
92584;2559;1,92
92585;2532;1,23
92586;2532;1,23
92587;2559;1,92
92588;2559;1,92
92589;2559;1,92
92590;2546;1,59
92591;2531;1,21
92592;2527;1,11
92593;2549;1,66
92594;2531;1,21
92595;2526;1,08
92596;2543;1,51
92597;2529;1,16
92598;2548;1,64
92599;2559;1,92
92600;2559;1,92
92601;2535;1,31
92602;2528;1,13
92603;2581;2,47
92604;2550;1,69
92605;2554;1,79
92606;2559;1,92
92607;2529;1,16
92608;2521;0,96
92609;2527;1,11
92610;2527;1,11
92611;2523;1,01
92612;2523;1,01
92613;2537;1,36
92614;2530;1,18
92615;2559;1,92
92616;2531;1,21
92617;2523;1,01
92618;2535;1,31
92619;2529;1,16
92620;2533;1,26
92621;2544;1,54
92622;2543;1,51
92623;2544;1,54
92624;2530;1,18
92625;2525;1,06
92626;2559;1,92
92627;2528;1,13
92628;2544;1,54
92629;2541;1,46
92630;2523;1,01
92631;2541;1,46
92632;2529;1,16
92633;2554;1,79
92634;2544;1,54
92635;2531;1,21
92636;2523;1,01
92637;2546;1,59
92638;2543;1,51
92639;2544;1,54
92640;2515;0,80
92641;2527;1,11
92642;2559;1,92
92643;2527;1,11
92644;2537;1,36
92645;2529;1,16
92646;2539;1,41
92647;2521;0,96
92648;2531;1,21
92649;2533;1,26
92650;2559;1,92
92651;2514;0,78
92652;2559;1,92
92653;2541;1,46
92654;2544;1,54
92655;2530;1,18
92656;2538;1,39
92657;2526;1,08
92658;2538;1,39
92659;2529;1,16
92660;2543;1,51
92661;2549;1,66
92662;2530;1,18
92663;2555;1,82
92664;2537;1,36
92665;2557;1,87
92666;2530;1,18
92667;2559;1,92
92668;2538;1,39
92669;2543;1,51
92670;2544;1,54
92671;2535;1,31
92672;2529;1,16
92673;2535;1,31
92674;2553;1,77
92675;2533;1,26
92676;2538;1,39
92677;2533;1,26
92678;2527;1,11
92679;2531;1,21
92680;2542;1,49
92681;2535;1,31
92682;2549;1,66
92683;2531;1,21
92684;2559;1,92
92685;2550;1,69
92686;2544;1,54
92687;2530;1,18
92688;2543;1,51
92689;2544;1,54
92690;2543;1,51
92691;2535;1,31
92692;2527;1,11
92693;2535;1,31
92694;2544;1,54
92695;2547;1,61
92696;2541;1,46
92697;2544;1,54
92698;2526;1,08
92699;2522;0,98
92700;2541;1,46
92701;2534;1,29
92702;2521;0,96
92703;2526;1,08
92704;2554;1,79
92705;2524;1,03
92706;2535;1,31
92707;2540;1,44
92708;2526;1,08
92709;2526;1,08
92710;2551;1,72
92711;2538;1,39
92712;2534;1,29
92713;2519;0,91
92714;2524;1,03
92715;2549;1,66
92716;2506;0,58
92717;2543;1,51
92718;2518;0,88
92719;2533;1,26
92720;2523;1,01
92721;2539;1,41
92722;2543;1,51
92723;2531;1,21
92724;2530;1,18
92725;2530;1,18
92726;2525;1,06
92727;2539;1,41
92728;2522;0,98
92729;2528;1,13
92730;2544;1,54
92731;2546;1,59
92732;2535;1,31
92733;2543;1,51
92734;2539;1,41
92735;2538;1,39
92736;2528;1,13
92737;2525;1,06
92738;2544;1,54
92739;2529;1,16
92740;2526;1,08
92741;2523;1,01
92742;2522;0,98
92743;2534;1,29
92744;2519;0,91
92745;2528;1,13
92746;2527;1,11
92747;2539;1,41
92748;2534;1,29
92749;2557;1,87
92750;2531;1,21
92751;2525;1,06
92752;2532;1,23
92753;2532;1,23
92754;2526;1,08
92755;2532;1,23
92756;2546;1,59
92757;2528;1,13
92758;2540;1,44
92759;2518;0,88
92760;2530;1,18
92761;2517;0,86
92762;2531;1,21
92763;2529;1,16
92764;2544;1,54
92765;2545;1,56
92766;2523;1,01
92767;2507;0,60
92768;2525;1,06
92769;2526;1,08
92770;2531;1,21
92771;2512;0,73
92772;2528;1,13
92773;2542;1,49
92774;2515;0,80
92775;2541;1,46
92776;2512;0,73
92777;2524;1,03
92778;2535;1,31
92779;2517;0,86
92780;2531;1,21
92781;2526;1,08
92782;2521;0,96
92783;2514;0,78
92784;2554;1,79
92785;2515;0,80
92786;2533;1,26
92787;2535;1,31
92788;2528;1,13
92789;2523;1,01
92790;2522;0,98
92791;2533;1,26
92792;2519;0,91
92793;2519;0,91
92794;2523;1,01
92795;2549;1,66
92796;2515;0,80
92797;2531;1,21
92798;2534;1,29
92799;2544;1,54
92800;2528;1,13
92801;2543;1,51
92802;2521;0,96
92803;2546;1,59
92804;2523;1,01
92805;2513;0,75
92806;2530;1,18
92807;2537;1,36
92808;2534;1,29
92809;2534;1,29
92810;2528;1,13
92811;2530;1,18
92812;2534;1,29
92813;2522;0,98
92814;2527;1,11
92815;2530;1,18
92816;2516;0,83
92817;2524;1,03
92818;2528;1,13
92819;2523;1,01
92820;2524;1,03
92821;2543;1,51
92822;2531;1,21
92823;2549;1,66
92824;2554;1,79
92825;2528;1,13
92826;2526;1,08
92827;2514;0,78
92828;2518;0,88
92829;2538;1,39
92830;2529;1,16
92831;2526;1,08
92832;2530;1,18
92833;2527;1,11
92834;2531;1,21
92835;2521;0,96
92836;2518;0,88
92837;2530;1,18
92838;2521;0,96
92839;2541;1,46
92840;2521;0,96
92841;2526;1,08
92842;2521;0,96
92843;2550;1,69
92844;2523;1,01
92845;2544;1,54
92846;2524;1,03
92847;2544;1,54
92848;2546;1,59
92849;2527;1,11
92850;2521;0,96
92851;2513;0,75
92852;2533;1,26
92853;2521;0,96
92854;2513;0,75
92855;2544;1,54
92856;2529;1,16
92857;2519;0,91
92858;2521;0,96
92859;2519;0,91
92860;2554;1,79
92861;2528;1,13
92862;2523;1,01
92863;2519;0,91
92864;2524;1,03
92865;2527;1,11
92866;2521;0,96
92867;2522;0,98
92868;2528;1,13
92869;2550;1,69
92870;2521;0,96
92871;2525;1,06
92872;2537;1,36
92873;2496;0,32
92874;2518;0,88
92875;2530;1,18
92876;2530;1,18
92877;2529;1,16
92878;2527;1,11
92879;2531;1,21
92880;2529;1,16
92881;2537;1,36
92882;2527;1,11
92883;2525;1,06
92884;2537;1,36
92885;2528;1,13
92886;2543;1,51
92887;2528;1,13
92888;2533;1,26
92889;2557;1,87
92890;2530;1,18
92891;2523;1,01
92892;2534;1,29
92893;2525;1,06
92894;2512;0,73
92895;2527;1,11
92896;2533;1,26
92897;2544;1,54
92898;2529;1,16
92899;2540;1,44
92900;2543;1,51
92901;2531;1,21
92902;2527;1,11
92903;2531;1,21
92904;2533;1,26
92905;2545;1,56
92906;2528;1,13
92907;2529;1,16
92908;2525;1,06
92909;2526;1,08
92910;2529;1,16
92911;2527;1,11
92912;2530;1,18
92913;2544;1,54
92914;2529;1,16
92915;2549;1,66
92916;2523;1,01
92917;2528;1,13
92918;2559;1,92
92919;2535;1,31
92920;2539;1,41
92921;2551;1,72
92922;2527;1,11
92923;2525;1,06
92924;2527;1,11
92925;2540;1,44
92926;2523;1,01
92927;2527;1,11
92928;2532;1,23
92929;2525;1,06
92930;2523;1,01
92931;2557;1,87
92932;2542;1,49
92933;2527;1,11
92934;2543;1,51
92935;2542;1,49
92936;2535;1,31
92937;2551;1,72
92938;2530;1,18
92939;2543;1,51
92940;2538;1,39
92941;2533;1,26
92942;2557;1,87
92943;2534;1,29
92944;2554;1,79
92945;2533;1,26
92946;2526;1,08
92947;2524;1,03
92948;2535;1,31
92949;2521;0,96
92950;2532;1,23
92951;2542;1,49
92952;2534;1,29
92953;2537;1,36
92954;2543;1,51
92955;2546;1,59
92956;2524;1,03
92957;2539;1,41
92958;2527;1,11
92959;2526;1,08
92960;2530;1,18
92961;2537;1,36
92962;2523;1,01
92963;2542;1,49
92964;2545;1,56
92965;2529;1,16
92966;2528;1,13
92967;2534;1,29
92968;2544;1,54
92969;2530;1,18
92970;2527;1,11
92971;2544;1,54
92972;2544;1,54
92973;2531;1,21
92974;2559;1,92
92975;2532;1,23
92976;2530;1,18
92977;2537;1,36
92978;2530;1,18
92979;2549;1,66
92980;2559;1,92
92981;2537;1,36
92982;2522;0,98
92983;2544;1,54
92984;2527;1,11
92985;2559;1,92
92986;2529;1,16
92987;2539;1,41
92988;2544;1,54
92989;2537;1,36
92990;2527;1,11
92991;2541;1,46
92992;2553;1,77
92993;2534;1,29
92994;2525;1,06
92995;2543;1,51
92996;2526;1,08
92997;2554;1,79
92998;2530;1,18
92999;2551;1,72
93000;2528;1,13
93001;2523;1,01
93002;2529;1,16
93003;2527;1,11
93004;2516;0,83
93005;2527;1,11
93006;2542;1,49
93007;2547;1,61
93008;2533;1,26
93009;2543;1,51
93010;2523;1,01
93011;2527;1,11
93012;2548;1,64
93013;2530;1,18
93014;2543;1,51
93015;2521;0,96
93016;2538;1,39
93017;2535;1,31
93018;2531;1,21
93019;2524;1,03
93020;2535;1,31
93021;2521;0,96
93022;2544;1,54
93023;2529;1,16
93024;2529;1,16
93025;2532;1,23
93026;2530;1,18
93027;2548;1,64
93028;2539;1,41
93029;2557;1,87
93030;2559;1,92
93031;2549;1,66
93032;2533;1,26
93033;2534;1,29
93034;2539;1,41
93035;2544;1,54
93036;2541;1,46
93037;2531;1,21
93038;2529;1,16
93039;2531;1,21
93040;2541;1,46
93041;2532;1,23
93042;2529;1,16
93043;2544;1,54
93044;2531;1,21
93045;2528;1,13
93046;2559;1,92
93047;2537;1,36
93048;2538;1,39
93049;2550;1,69
93050;2531;1,21
93051;2537;1,36
93052;2546;1,59
93053;2532;1,23
93054;2544;1,54
93055;2533;1,26
93056;2539;1,41
93057;2545;1,56
93058;2544;1,54
93059;2535;1,31
93060;2523;1,01
93061;2550;1,69
93062;2546;1,59
93063;2534;1,29
93064;2547;1,61
93065;2533;1,26
93066;2527;1,11
93067;2534;1,29
93068;2544;1,54
93069;2544;1,54
93070;2541;1,46
93071;2535;1,31
93072;2546;1,59
93073;2535;1,31
93074;2537;1,36
93075;2544;1,54
93076;2533;1,26
93077;2531;1,21
93078;2531;1,21
93079;2528;1,13
93080;2559;1,92
93081;2530;1,18
93082;2559;1,92
93083;2525;1,06
93084;2530;1,18
93085;2547;1,61
93086;2530;1,18
93087;2534;1,29
93088;2540;1,44
93089;2533;1,26
93090;2530;1,18
93091;2541;1,46
93092;2530;1,18
93093;2546;1,59
93094;2531;1,21
93095;2544;1,54
93096;2532;1,23
93097;2539;1,41
93098;2543;1,51
93099;2529;1,16
93100;2537;1,36
93101;2533;1,26
93102;2538;1,39
93103;2545;1,56
93104;2544;1,54
93105;2533;1,26
93106;2550;1,69
93107;2531;1,21
93108;2535;1,31
93109;2531;1,21
93110;2534;1,29
93111;2528;1,13
93112;2528;1,13
93113;2529;1,16
93114;2542;1,49
93115;2540;1,44
93116;2549;1,66
93117;2559;1,92
93118;2529;1,16
93119;2535;1,31
93120;2535;1,31
93121;2533;1,26
93122;2533;1,26
93123;2557;1,87
93124;2527;1,11
93125;2542;1,49
93126;2544;1,54
93127;2531;1,21
93128;2529;1,16
93129;2526;1,08
93130;2533;1,26
93131;2522;0,98
93132;2557;1,87
93133;2549;1,66
93134;2523;1,01
93135;2526;1,08
93136;2533;1,26
93137;2517;0,86
93138;2517;0,86
93139;2524;1,03
93140;2529;1,16
93141;2521;0,96
93142;2537;1,36
93143;2545;1,56
93144;2544;1,54
93145;2527;1,11
93146;2524;1,03
93147;2518;0,88
93148;2545;1,56
93149;2531;1,21
93150;2528;1,13
93151;2544;1,54
93152;2531;1,21
93153;2531;1,21
93154;2557;1,87
93155;2535;1,31
93156;2537;1,36
93157;2541;1,46
93158;2531;1,21
93159;2527;1,11
93160;2532;1,23
93161;2528;1,13
93162;2531;1,21
93163;2555;1,82
93164;2527;1,11
93165;2531;1,21
93166;2544;1,54
93167;2529;1,16
93168;2538;1,39
93169;2533;1,26
93170;2559;1,92
93171;2529;1,16
93172;2544;1,54
93173;2545;1,56
93174;2531;1,21
93175;2535;1,31
93176;2539;1,41
93177;2534;1,29
93178;2526;1,08
93179;2546;1,59
93180;2547;1,61
93181;2527;1,11
93182;2550;1,69
93183;2559;1,92
93184;2529;1,16
93185;2534;1,29
93186;2530;1,18
93187;2541;1,46
93188;2541;1,46
93189;2535;1,31
93190;2523;1,01
93191;2537;1,36
93192;2528;1,13
93193;2539;1,41
93194;2535;1,31
93195;2555;1,82
93196;2531;1,21
93197;2544;1,54
93198;2544;1,54
93199;2539;1,41
93200;2519;0,91
93201;2541;1,46
93202;2524;1,03
93203;2559;1,92
93204;2535;1,31
93205;2528;1,13
93206;2544;1,54
93207;2525;1,06
93208;2533;1,26
93209;2545;1,56
93210;2528;1,13
93211;2535;1,31
93212;2530;1,18
93213;2529;1,16
93214;2543;1,51
93215;2525;1,06
93216;2525;1,06
93217;2533;1,26
93218;2539;1,41
93219;2544;1,54
93220;2527;1,11
93221;2553;1,77
93222;2539;1,41
93223;2529;1,16
93224;2535;1,31
93225;2544;1,54
93226;2535;1,31
93227;2527;1,11
93228;2547;1,61
93229;2526;1,08
93230;2523;1,01
93231;2530;1,18
93232;2544;1,54
93233;2530;1,18
93234;2541;1,46
93235;2527;1,11
93236;2545;1,56
93237;2531;1,21
93238;2531;1,21
93239;2529;1,16
93240;2559;1,92
93241;2533;1,26
93242;2534;1,29
93243;2530;1,18
93244;2522;0,98
93245;2539;1,41
93246;2528;1,13
93247;2529;1,16
93248;2559;1,92
93249;2523;1,01
93250;2542;1,49
93251;2543;1,51
93252;2545;1,56
93253;2535;1,31
93254;2532;1,23
93255;2555;1,82
93256;2530;1,18
93257;2532;1,23
93258;2529;1,16
93259;2528;1,13
93260;2537;1,36
93261;2539;1,41
93262;2530;1,18
93263;2550;1,69
93264;2542;1,49
93265;2542;1,49
93266;2544;1,54
93267;2539;1,41
93268;2531;1,21
93269;2545;1,56
93270;2538;1,39
93271;2559;1,92
93272;2544;1,54
93273;2539;1,41
93274;2555;1,82
93275;2527;1,11
93276;2539;1,41
93277;2539;1,41
93278;2534;1,29
93279;2529;1,16
93280;2530;1,18
93281;2533;1,26
93282;2544;1,54
93283;2559;1,92
93284;2535;1,31
93285;2528;1,13
93286;2531;1,21
93287;2556;1,84
93288;2531;1,21
93289;2534;1,29
93290;2542;1,49
93291;2545;1,56
93292;2536;1,34
93293;2543;1,51
93294;2537;1,36
93295;2525;1,06
93296;2552;1,74
93297;2559;1,92
93298;2528;1,13
93299;2544;1,54
93300;2554;1,79
93301;2531;1,21
93302;2547;1,61
93303;2528;1,13
93304;2546;1,59
93305;2539;1,41
93306;2529;1,16
93307;2525;1,06
93308;2541;1,46
93309;2533;1,26
93310;2535;1,31
93311;2530;1,18
93312;2532;1,23
93313;2529;1,16
93314;2522;0,98
93315;2543;1,51
93316;2533;1,26
93317;2526;1,08
93318;2526;1,08
93319;2535;1,31
93320;2528;1,13
93321;2531;1,21
93322;2529;1,16
93323;2533;1,26
93324;2543;1,51
93325;2527;1,11
93326;2540;1,44
93327;2530;1,18
93328;2527;1,11
93329;2526;1,08
93330;2541;1,46
93331;2526;1,08
93332;2547;1,61
93333;2530;1,18
93334;2533;1,26
93335;2526;1,08
93336;2532;1,23
93337;2535;1,31
93338;2557;1,87
93339;2533;1,26
93340;2530;1,18
93341;2541;1,46
93342;2531;1,21
93343;2537;1,36
93344;2550;1,69
93345;2535;1,31
93346;2555;1,82
93347;2531;1,21
93348;2548;1,64
93349;2539;1,41
93350;2530;1,18
93351;2551;1,72
93352;2559;1,92
93353;2542;1,49
93354;2529;1,16
93355;2539;1,41
93356;2541;1,46
93357;2527;1,11
93358;2554;1,79
93359;2544;1,54
93360;2544;1,54
93361;2531;1,21
93362;2533;1,26
93363;2523;1,01
93364;2525;1,06
93365;2539;1,41
93366;2546;1,59
93367;2535;1,31
93368;2544;1,54
93369;2527;1,11
93370;2559;1,92
93371;2541;1,46
93372;2524;1,03
93373;2551;1,72
93374;2537;1,36
93375;2531;1,21
93376;2523;1,01
93377;2525;1,06
93378;2526;1,08
93379;2535;1,31
93380;2525;1,06
93381;2533;1,26
93382;2559;1,92
93383;2525;1,06
93384;2517;0,86
93385;2533;1,26
93386;2544;1,54
93387;2523;1,01
93388;2528;1,13
93389;2538;1,39
93390;2541;1,46
93391;2541;1,46
93392;2527;1,11
93393;2526;1,08
93394;2546;1,59
93395;2530;1,18
93396;2532;1,23
93397;2531;1,21
93398;2527;1,11
93399;2532;1,23
93400;2557;1,87
93401;2543;1,51
93402;2538;1,39
93403;2535;1,31
93404;2545;1,56
93405;2534;1,29
93406;2534;1,29
93407;2539;1,41
93408;2526;1,08
93409;2533;1,26
93410;2527;1,11
93411;2543;1,51
93412;2538;1,39
93413;2559;1,92
93414;2532;1,23
93415;2527;1,11
93416;2533;1,26
93417;2527;1,11
93418;2549;1,66
93419;2534;1,29
93420;2527;1,11
93421;2557;1,87
93422;2530;1,18
93423;2544;1,54
93424;2527;1,11
93425;2511;0,70
93426;2533;1,26
93427;2551;1,72
93428;2559;1,92
93429;2525;1,06
93430;2528;1,13
93431;2527;1,11
93432;2525;1,06
93433;2525;1,06
93434;2543;1,51
93435;2524;1,03
93436;2522;0,98
93437;2535;1,31
93438;2537;1,36
93439;2529;1,16
93440;2543;1,51
93441;2534;1,29
93442;2582;2,50
93443;2534;1,29
93444;2522;0,98
93445;2544;1,54
93446;2523;1,01
93447;2529;1,16
93448;2539;1,41
93449;2544;1,54
93450;2523;1,01
93451;2526;1,08
93452;2541;1,46
93453;2530;1,18
93454;2540;1,44
93455;2539;1,41
93456;2538;1,39
93457;2556;1,84
93458;2521;0,96
93459;2559;1,92
93460;2542;1,49
93461;2535;1,31
93462;2521;0,96
93463;2541;1,46
93464;2547;1,61
93465;2535;1,31
93466;2538;1,39
93467;2535;1,31
93468;2526;1,08
93469;2539;1,41
93470;2550;1,69
93471;2537;1,36
93472;2521;0,96
93473;2525;1,06
93474;2543;1,51
93475;2531;1,21
93476;2548;1,64
93477;2530;1,18
93478;2527;1,11
93479;2549;1,66
93480;2550;1,69
93481;2528;1,13
93482;2527;1,11
93483;2544;1,54
93484;2527;1,11
93485;2544;1,54
93486;2522;0,98
93487;2531;1,21
93488;2523;1,01
93489;2530;1,18
93490;2544;1,54
93491;2538;1,39
93492;2517;0,86
93493;2526;1,08
93494;2529;1,16
93495;2519;0,91
93496;2519;0,91
93497;2531;1,21
93498;2530;1,18
93499;2539;1,41
93500;2526;1,08
93501;2527;1,11
93502;2515;0,80
93503;2531;1,21
93504;2544;1,54
93505;2527;1,11
93506;2531;1,21
93507;2537;1,36
93508;2543;1,51
93509;2531;1,21
93510;2515;0,80
93511;2522;0,98
93512;2531;1,21
93513;2544;1,54
93514;2527;1,11
93515;2521;0,96
93516;2527;1,11
93517;2538;1,39
93518;2524;1,03
93519;2546;1,59
93520;2527;1,11
93521;2541;1,46
93522;2525;1,06
93523;2530;1,18
93524;2523;1,01
93525;2527;1,11
93526;2525;1,06
93527;2528;1,13
93528;2555;1,82
93529;2522;0,98
93530;2522;0,98
93531;2533;1,26
93532;2528;1,13
93533;2534;1,29
93534;2543;1,51
93535;2545;1,56
93536;2539;1,41
93537;2529;1,16
93538;2534;1,29
93539;2549;1,66
93540;2525;1,06
93541;2528;1,13
93542;2525;1,06
93543;2547;1,61
93544;2526;1,08
93545;2527;1,11
93546;2537;1,36
93547;2526;1,08
93548;2549;1,66
93549;2525;1,06
93550;2559;1,92
93551;2518;0,88
93552;2549;1,66
93553;2559;1,92
93554;2523;1,01
93555;2558;1,89
93556;2526;1,08
93557;2559;1,92
93558;2523;1,01
93559;2523;1,01
93560;2523;1,01
93561;2545;1,56
93562;2523;1,01
93563;2522;0,98
93564;2528;1,13
93565;2544;1,54
93566;2527;1,11
93567;2527;1,11
93568;2533;1,26
93569;2518;0,88
93570;2538;1,39
93571;2550;1,69
93572;2527;1,11
93573;2525;1,06
93574;2521;0,96
93575;2542;1,49
93576;2518;0,88
93577;2525;1,06
93578;2535;1,31
93579;2533;1,26
93580;2524;1,03
93581;2519;0,91
93582;2526;1,08
93583;2515;0,80
93584;2526;1,08
93585;2535;1,31
93586;2515;0,80
93587;2525;1,06
93588;2522;0,98
93589;2547;1,61
93590;2530;1,18
93591;2517;0,86
93592;2535;1,31
93593;2518;0,88
93594;2529;1,16
93595;2558;1,89
93596;2515;0,80
93597;2543;1,51
93598;2541;1,46
93599;2556;1,84
93600;2553;1,77
93601;2525;1,06
93602;2538;1,39
93603;2518;0,88
93604;2529;1,16
93605;2541;1,46
93606;2514;0,78
93607;2519;0,91
93608;2520;0,93
93609;2513;0,75
93610;2523;1,01
93611;2519;0,91
93612;2544;1,54
93613;2515;0,80
93614;2521;0,96
93615;2535;1,31
93616;2547;1,61
93617;2544;1,54
93618;2518;0,88
93619;2528;1,13
93620;2526;1,08
93621;2522;0,98
93622;2539;1,41
93623;2523;1,01
93624;2531;1,21
93625;2523;1,01
93626;2515;0,80
93627;2518;0,88
93628;2521;0,96
93629;2541;1,46
93630;2532;1,23
93631;2555;1,82
93632;2544;1,54
93633;2517;0,86
93634;2526;1,08
93635;2524;1,03
93636;2523;1,01
93637;2527;1,11
93638;2523;1,01
93639;2549;1,66
93640;2549;1,66
93641;2516;0,83
93642;2514;0,78
93643;2539;1,41
93644;2535;1,31
93645;2513;0,75
93646;2518;0,88
93647;2523;1,01
93648;2547;1,61
93649;2516;0,83
93650;2521;0,96
93651;2514;0,78
93652;2517;0,86
93653;2512;0,73
93654;2521;0,96
93655;2519;0,91
93656;2533;1,26
93657;2514;0,78
93658;2519;0,91
93659;2514;0,78
93660;2526;1,08
93661;2523;1,01
93662;2513;0,75
93663;2511;0,70
93664;2514;0,78
93665;2519;0,91
93666;2515;0,80
93667;2509;0,65
93668;2511;0,70
93669;2519;0,91
93670;2538;1,39
93671;2528;1,13
93672;2511;0,70
93673;2512;0,73
93674;2515;0,80
93675;2544;1,54
93676;2521;0,96
93677;2512;0,73
93678;2519;0,91
93679;2507;0,60
93680;2524;1,03
93681;2515;0,80
93682;2517;0,86
93683;2514;0,78
93684;2530;1,18
93685;2523;1,01
93686;2521;0,96
93687;2511;0,70
93688;2548;1,64
93689;2512;0,73
93690;2517;0,86
93691;2512;0,73
93692;2527;1,11
93693;2533;1,26
93694;2509;0,65
93695;2515;0,80
93696;2512;0,73
93697;2530;1,18
93698;2521;0,96
93699;2513;0,75
93700;2502;0,48
93701;2515;0,80
93702;2512;0,73
93703;2508;0,63
93704;2534;1,29
93705;2514;0,78
93706;2543;1,51
93707;2515;0,80
93708;2509;0,65
93709;2523;1,01
93710;2510;0,68
93711;2512;0,73
93712;2516;0,83
93713;2515;0,80
93714;2515;0,80
93715;2512;0,73
93716;2532;1,23
93717;2514;0,78
93718;2518;0,88
93719;2512;0,73
93720;2519;0,91
93721;2527;1,11
93722;2512;0,73
93723;2513;0,75
93724;2512;0,73
93725;2516;0,83
93726;2523;1,01
93727;2515;0,80
93728;2535;1,31
93729;2516;0,83
93730;2533;1,26
93731;2523;1,01
93732;2528;1,13
93733;2527;1,11
93734;2513;0,75
93735;2515;0,80
93736;2559;1,92
93737;2521;0,96
93738;2533;1,26
93739;2514;0,78
93740;2515;0,80
93741;2522;0,98
93742;2522;0,98
93743;2518;0,88
93744;2544;1,54
93745;2509;0,65
93746;2513;0,75
93747;2512;0,73
93748;2538;1,39
93749;2507;0,60
93750;2524;1,03
93751;2514;0,78
93752;2528;1,13
93753;2522;0,98
93754;2510;0,68
93755;2521;0,96
93756;2513;0,75
93757;2526;1,08
93758;2511;0,70
93759;2514;0,78
93760;2510;0,68
93761;2518;0,88
93762;2503;0,50
93763;2519;0,91
93764;2514;0,78
93765;2534;1,29
93766;2519;0,91
93767;2512;0,73
93768;2517;0,86
93769;2512;0,73
93770;2501;0,45
93771;2512;0,73
93772;2519;0,91
93773;2546;1,59
93774;2518;0,88
93775;2513;0,75
93776;2513;0,75
93777;2525;1,06
93778;2503;0,50
93779;2511;0,70
93780;2509;0,65
93781;2525;1,06
93782;2501;0,45
93783;2512;0,73
93784;2512;0,73
93785;2505;0,55
93786;2512;0,73
93787;2512;0,73
93788;2521;0,96
93789;2517;0,86
93790;2509;0,65
93791;2526;1,08
93792;2516;0,83
93793;2503;0,50
93794;2512;0,73
93795;2511;0,70
93796;2518;0,88
93797;2512;0,73
93798;2511;0,70
93799;2519;0,91
93800;2513;0,75
93801;2511;0,70
93802;2527;1,11
93803;2519;0,91
93804;2502;0,48
93805;2518;0,88
93806;2501;0,45
93807;2531;1,21
93808;2508;0,63
93809;2543;1,51
93810;2510;0,68
93811;2513;0,75
93812;2521;0,96
93813;2512;0,73
93814;2510;0,68
93815;2535;1,31
93816;2513;0,75
93817;2507;0,60
93818;2506;0,58
93819;2512;0,73
93820;2512;0,73
93821;2496;0,32
93822;2519;0,91
93823;2506;0,58
93824;2511;0,70
93825;2500;0,43
93826;2507;0,60
93827;2505;0,55
93828;2512;0,73
93829;2510;0,68
93830;2509;0,65
93831;2512;0,73
93832;2503;0,50
93833;2513;0,75
93834;2512;0,73
93835;2518;0,88
93836;2501;0,45
93837;2510;0,68
93838;2505;0,55
93839;2505;0,55
93840;2523;1,01
93841;2511;0,70
93842;2541;1,46
93843;2508;0,63
93844;2496;0,32
93845;2510;0,68
93846;2497;0,35
93847;2496;0,32
93848;2511;0,70
93849;2501;0,45
93850;2503;0,50
93851;2515;0,80
93852;2515;0,80
93853;2497;0,35
93854;2502;0,48
93855;2515;0,80
93856;2501;0,45
93857;2503;0,50
93858;2512;0,73
93859;2523;1,01
93860;2512;0,73
93861;2530;1,18
93862;2501;0,45
93863;2511;0,70
93864;2498;0,37
93865;2515;0,80
93866;2538;1,39
93867;2497;0,35
93868;2509;0,65
93869;2515;0,80
93870;2511;0,70
93871;2507;0,60
93872;2523;1,01
93873;2501;0,45
93874;2506;0,58
93875;2512;0,73
93876;2516;0,83
93877;2518;0,88
93878;2512;0,73
93879;2513;0,75
93880;2499;0,40
93881;2507;0,60
93882;2505;0,55
93883;2517;0,86
93884;2510;0,68
93885;2529;1,16
93886;2499;0,40
93887;2503;0,50
93888;2511;0,70
93889;2511;0,70
93890;2496;0,32
93891;2501;0,45
93892;2512;0,73
93893;2509;0,65
93894;2523;1,01
93895;2496;0,32
93896;2496;0,32
93897;2518;0,88
93898;2501;0,45
93899;2501;0,45
93900;2502;0,48
93901;2525;1,06
93902;2499;0,40
93903;2497;0,35
93904;2499;0,40
93905;2496;0,32
93906;2530;1,18
93907;2512;0,73
93908;2527;1,11
93909;2529;1,16
93910;2507;0,60
93911;2531;1,21
93912;2493;0,25
93913;2509;0,65
93914;2501;0,45
93915;2505;0,55
93916;2495;0,30
93917;2525;1,06
93918;2494;0,27
93919;2495;0,30
93920;2503;0,50
93921;2503;0,50
93922;2509;0,65
93923;2497;0,35
93924;2515;0,80
93925;2496;0,32
93926;2495;0,30
93927;2496;0,32
93928;2507;0,60
93929;2489;0,15
93930;2535;1,31
93931;2525;1,06
93932;2493;0,25
93933;2494;0,27
93934;2519;0,91
93935;2523;1,01
93936;2492;0,22
93937;2493;0,25
93938;2511;0,70
93939;2494;0,27
93940;2506;0,58
93941;2494;0,27
93942;2496;0,32
93943;2503;0,50
93944;2498;0,37
93945;2501;0,45
93946;2497;0,35
93947;2499;0,40
93948;2496;0,32
93949;2505;0,55
93950;2499;0,40
93951;2501;0,45
93952;2493;0,25
93953;2510;0,68
93954;2514;0,78
93955;2496;0,32
93956;2523;1,01
93957;2496;0,32
93958;2503;0,50
93959;2512;0,73
93960;2500;0,43
93961;2496;0,32
93962;2487;0,10
93963;2491;0,20
93964;2501;0,45
93965;2496;0,32
93966;2504;0,53
93967;2494;0,27
93968;2485;0,05
93969;2483;0,00
93970;2500;0,43
93971;2496;0,32
93972;2498;0,37
93973;2490;0,17
93974;2513;0,75
93975;2494;0,27
93976;2487;0,10
93977;2497;0,35
93978;2522;0,98
93979;2483;0,00
93980;2494;0,27
93981;2502;0,48
93982;2496;0,32
93983;2486;0,07
93984;2499;0,40
93985;2487;0,10
93986;2491;0,20
93987;2496;0,32
93988;2491;0,20
93989;2495;0,30
93990;2509;0,65
93991;2501;0,45
93992;2498;0,37
93993;2511;0,70
93994;2513;0,75
93995;2518;0,88
93996;2499;0,40
93997;2511;0,70
93998;2489;0,15
93999;2490;0,17
94000;2501;0,45
94001;2505;0,55
94002;2485;0,05
94003;2497;0,35
94004;2494;0,27
94005;2482;0,00
94006;2489;0,15
94007;2497;0,35
94008;2485;0,05
94009;2485;0,05
94010;2496;0,32
94011;2510;0,68
94012;2517;0,86
94013;2503;0,50
94014;2517;0,86
94015;2490;0,17
94016;2506;0,58
94017;2493;0,25
94018;2505;0,55
94019;2503;0,50
94020;2518;0,88
94021;2507;0,60
94022;2522;0,98
94023;2515;0,80
94024;2503;0,50
94025;2494;0,27
94026;2489;0,15
94027;2490;0,17
94028;2507;0,60
94029;2497;0,35
94030;2492;0,22
94031;2490;0,17
94032;2493;0,25
94033;2487;0,10
94034;2515;0,80
94035;2491;0,20
94036;2481;0,00
94037;2511;0,70
94038;2493;0,25
94039;2485;0,05
94040;2482;0,00
94041;2495;0,30
94042;2505;0,55
94043;2495;0,30
94044;2491;0,20
94045;2519;0,91
94046;2480;0,00
94047;2493;0,25
94048;2489;0,15
94049;2509;0,65
94050;2496;0,32
94051;2496;0,32
94052;2491;0,20
94053;2487;0,10
94054;2502;0,48
94055;2494;0,27
94056;2483;0,00
94057;2487;0,10
94058;2486;0,07
94059;2500;0,43
94060;2503;0,50
94061;2484;0,02
94062;2492;0,22
94063;2491;0,20
94064;2508;0,63
94065;2491;0,20
94066;2512;0,73
94067;2480;0,00
94068;2480;0,00
94069;2482;0,00
94070;2490;0,17
94071;2494;0,27
94072;2487;0,10
94073;2491;0,20
94074;2496;0,32
94075;2485;0,05
94076;2497;0,35
94077;2501;0,45
94078;2484;0,02
94079;2487;0,10
94080;2485;0,05
94081;2496;0,32
94082;2495;0,30
94083;2481;0,00
94084;2491;0,20
94085;2479;0,00
94086;2483;0,00
94087;2485;0,05
94088;2496;0,32
94089;2482;0,00
94090;2512;0,73
94091;2480;0,00
94092;2511;0,70
94093;2483;0,00
94094;2494;0,27
94095;2517;0,86
94096;2483;0,00
94097;2494;0,27
94098;2482;0,00
94099;2494;0,27
94100;2516;0,83
94101;2483;0,00
94102;2512;0,73
94103;2512;0,73
94104;2493;0,25
94105;2503;0,50
94106;2482;0,00
94107;2499;0,40
94108;2510;0,68
94109;2489;0,15
94110;2488;0,12
94111;2508;0,63
94112;2483;0,00
94113;2512;0,73
94114;2487;0,10
94115;2511;0,70
94116;2480;0,00
94117;2483;0,00
94118;2488;0,12
94119;2491;0,20
94120;2489;0,15
94121;2498;0,37
94122;2497;0,35
94123;2483;0,00
94124;2501;0,45
94125;2495;0,30
94126;2485;0,05
94127;2505;0,55
94128;2487;0,10
94129;2495;0,30
94130;2490;0,17
94131;2490;0,17
94132;2495;0,30
94133;2496;0,32
94134;2501;0,45
94135;2501;0,45
94136;2490;0,17
94137;2488;0,12
94138;2491;0,20
94139;2503;0,50
94140;2498;0,37
94141;2494;0,27
94142;2482;0,00
94143;2501;0,45
94144;2496;0,32
94145;2519;0,91
94146;2501;0,45
94147;2514;0,78
94148;2493;0,25
94149;2490;0,17
94150;2491;0,20
94151;2491;0,20
94152;2522;0,98
94153;2494;0,27
94154;2491;0,20
94155;2505;0,55
94156;2487;0,10
94157;2493;0,25
94158;2486;0,07
94159;2505;0,55
94160;2499;0,40
94161;2495;0,30
94162;2491;0,20
94163;2495;0,30
94164;2496;0,32
94165;2496;0,32
94166;2487;0,10
94167;2510;0,68
94168;2490;0,17
94169;2496;0,32
94170;2495;0,30
94171;2496;0,32
94172;2495;0,30
94173;2489;0,15
94174;2511;0,70
94175;2497;0,35
94176;2512;0,73
94177;2508;0,63
94178;2499;0,40
94179;2489;0,15
94180;2487;0,10
94181;2494;0,27
94182;2512;0,73
94183;2499;0,40
94184;2493;0,25
94185;2495;0,30
94186;2493;0,25
94187;2512;0,73
94188;2515;0,80
94189;2521;0,96
94190;2500;0,43
94191;2496;0,32
94192;2492;0,22
94193;2496;0,32
94194;2497;0,35
94195;2492;0,22
94196;2496;0,32
94197;2491;0,20
94198;2522;0,98
94199;2501;0,45
94200;2501;0,45
94201;2494;0,27
94202;2510;0,68
94203;2513;0,75
94204;2496;0,32
94205;2507;0,60
94206;2507;0,60
94207;2495;0,30
94208;2495;0,30
94209;2501;0,45
94210;2499;0,40
94211;2506;0,58
94212;2501;0,45
94213;2501;0,45
94214;2509;0,65
94215;2518;0,88
94216;2495;0,30
94217;2496;0,32
94218;2501;0,45
94219;2497;0,35
94220;2512;0,73
94221;2508;0,63
94222;2500;0,43
94223;2502;0,48
94224;2499;0,40
94225;2512;0,73
94226;2494;0,27
94227;2505;0,55
94228;2535;1,31
94229;2495;0,30
94230;2498;0,37
94231;2501;0,45
94232;2515;0,80
94233;2507;0,60
94234;2498;0,37
94235;2519;0,91
94236;2490;0,17
94237;2526;1,08
94238;2495;0,30
94239;2494;0,27
94240;2502;0,48
94241;2491;0,20
94242;2527;1,11
94243;2497;0,35
94244;2490;0,17
94245;2489;0,15
94246;2486;0,07
94247;2515;0,80
94248;2517;0,86
94249;2481;0,00
94250;2494;0,27
94251;2498;0,37
94252;2499;0,40
94253;2497;0,35
94254;2499;0,40
94255;2490;0,17
94256;2506;0,58
94257;2480;0,00
94258;2507;0,60
94259;2498;0,37
94260;2483;0,00
94261;2509;0,65
94262;2486;0,07
94263;2485;0,05
94264;2480;0,00
94265;2487;0,10
94266;2512;0,73
94267;2487;0,10
94268;2475;0,00
94269;2484;0,02
94270;2480;0,00
94271;2480;0,00
94272;2479;0,00
94273;2475;0,00
94274;2483;0,00
94275;2495;0,30
94276;2479;0,00
94277;2483;0,00
94278;2510;0,68
94279;2501;0,45
94280;2480;0,00
94281;2503;0,50
94282;2480;0,00
94283;2466;0,00
94284;2480;0,00
94285;2502;0,48
94286;2481;0,00
94287;2486;0,07
94288;2508;0,63
94289;2495;0,30
94290;2480;0,00
94291;2481;0,00
94292;2510;0,68
94293;2496;0,32
94294;2494;0,27
94295;2482;0,00
94296;2512;0,73
94297;2503;0,50
94298;2524;1,03
94299;2487;0,10
94300;2490;0,17
94301;2499;0,40
94302;2519;0,91
94303;2496;0,32
94304;2517;0,86
94305;2485;0,05
94306;2512;0,73
94307;2502;0,48
94308;2499;0,40
94309;2500;0,43
94310;2517;0,86
94311;2498;0,37
94312;2527;1,11
94313;2512;0,73
94314;2497;0,35
94315;2510;0,68
94316;2506;0,58
94317;2511;0,70
94318;2523;1,01
94319;2499;0,40
94320;2512;0,73
94321;2507;0,60
94322;2531;1,21
94323;2501;0,45
94324;2529;1,16
94325;2526;1,08
94326;2527;1,11
94327;2522;0,98
94328;2526;1,08
94329;2516;0,83
94330;2531;1,21
94331;2517;0,86
94332;2525;1,06
94333;2537;1,36
94334;2539;1,41
94335;2519;0,91
94336;2525;1,06
94337;2535;1,31
94338;2523;1,01
94339;2525;1,06
94340;2512;0,73
94341;2513;0,75
94342;2528;1,13
94343;2499;0,40
94344;2503;0,50
94345;2496;0,32
94346;2511;0,70
94347;2501;0,45
94348;2525;1,06
94349;2527;1,11
94350;2512;0,73
94351;2498;0,37
94352;2510;0,68
94353;2496;0,32
94354;2533;1,26
94355;2503;0,50
94356;2516;0,83
94357;2499;0,40
94358;2526;1,08
94359;2533;1,26
94360;2496;0,32
94361;2547;1,61
94362;2521;0,96
94363;2501;0,45
94364;2512;0,73
94365;2499;0,40
94366;2496;0,32
94367;2494;0,27
94368;2503;0,50
94369;2532;1,23
94370;2497;0,35
94371;2507;0,60
94372;2509;0,65
94373;2514;0,78
94374;2499;0,40
94375;2503;0,50
94376;2497;0,35
94377;2504;0,53
94378;2530;1,18
94379;2506;0,58
94380;2512;0,73
94381;2502;0,48
94382;2497;0,35
94383;2507;0,60
94384;2507;0,60
94385;2510;0,68
94386;2543;1,51
94387;2507;0,60
94388;2510;0,68
94389;2521;0,96
94390;2498;0,37
94391;2501;0,45
94392;2507;0,60
94393;2503;0,50
94394;2514;0,78
94395;2507;0,60
94396;2511;0,70
94397;2502;0,48
94398;2512;0,73
94399;2507;0,60
94400;2526;1,08
94401;2502;0,48
94402;2502;0,48
94403;2496;0,32
94404;2507;0,60
94405;2522;0,98
94406;2493;0,25
94407;2523;1,01
94408;2496;0,32
94409;2521;0,96
94410;2509;0,65
94411;2495;0,30
94412;2512;0,73
94413;2506;0,58
94414;2501;0,45
94415;2498;0,37
94416;2503;0,50
94417;2502;0,48
94418;2523;1,01
94419;2494;0,27
94420;2486;0,07
94421;2512;0,73
94422;2507;0,60
94423;2517;0,86
94424;2492;0,22
94425;2515;0,80
94426;2496;0,32
94427;2522;0,98
94428;2533;1,26
94429;2513;0,75
94430;2481;0,00
94431;2487;0,10
94432;2493;0,25
94433;2487;0,10
94434;2532;1,23
94435;2491;0,20
94436;2496;0,32
94437;2495;0,30
94438;2495;0,30
94439;2511;0,70
94440;2485;0,05
94441;2496;0,32
94442;2485;0,05
94443;2490;0,17
94444;2491;0,20
94445;2496;0,32
94446;2512;0,73
94447;2513;0,75
94448;2501;0,45
94449;2527;1,11
94450;2535;1,31
94451;2496;0,32
94452;2490;0,17
94453;2559;1,92
94454;2494;0,27
94455;2496;0,32
94456;2491;0,20
94457;2491;0,20
94458;2517;0,86
94459;2498;0,37
94460;2496;0,32
94461;2496;0,32
94462;2523;1,01
94463;2498;0,37
94464;2512;0,73
94465;2505;0,55
94466;2510;0,68
94467;2521;0,96
94468;2499;0,40
94469;2542;1,49
94470;2509;0,65
94471;2506;0,58
94472;2549;1,66
94473;2512;0,73
94474;2534;1,29
94475;2512;0,73
94476;2545;1,56
94477;2555;1,82
94478;2499;0,40
94479;2521;0,96
94480;2511;0,70
94481;2551;1,72
94482;2518;0,88
94483;2515;0,80
94484;2512;0,73
94485;2508;0,63
94486;2528;1,13
94487;2512;0,73
94488;2512;0,73
94489;2528;1,13
94490;2524;1,03
94491;2512;0,73
94492;2510;0,68
94493;2519;0,91
94494;2518;0,88
94495;2512;0,73
94496;2507;0,60
94497;2559;1,92
94498;2514;0,78
94499;2506;0,58
94500;2529;1,16
94501;2529;1,16
94502;2501;0,45
94503;2550;1,69
94504;2503;0,50
94505;2511;0,70
94506;2521;0,96
94507;2517;0,86
94508;2514;0,78
94509;2512;0,73
94510;2515;0,80
94511;2511;0,70
94512;2551;1,72
94513;2528;1,13
94514;2509;0,65
94515;2559;1,92
94516;2512;0,73
94517;2509;0,65
94518;2557;1,87
94519;2559;1,92
94520;2512;0,73
94521;2523;1,01
94522;2550;1,69
94523;2508;0,63
94524;2511;0,70
94525;2519;0,91
94526;2503;0,50
94527;2557;1,87
94528;2510;0,68
94529;2515;0,80
94530;2533;1,26
94531;2519;0,91
94532;2516;0,83
94533;2523;1,01
94534;2496;0,32
94535;2547;1,61
94536;2504;0,53
94537;2551;1,72
94538;2503;0,50
94539;2521;0,96
94540;2517;0,86
94541;2497;0,35
94542;2511;0,70
94543;2546;1,59
94544;2553;1,77
94545;2496;0,32
94546;2491;0,20
94547;2498;0,37
94548;2512;0,73
94549;2525;1,06
94550;2529;1,16
94551;2498;0,37
94552;2496;0,32
94553;2492;0,22
94554;2491;0,20
94555;2538;1,39
94556;2500;0,43
94557;2537;1,36
94558;2496;0,32
94559;2496;0,32
94560;2496;0,32
94561;2539;1,41
94562;2509;0,65
94563;2496;0,32
94564;2528;1,13
94565;2543;1,51
94566;2530;1,18
94567;2512;0,73
94568;2525;1,06
94569;2505;0,55
94570;2514;0,78
