Tempo(ms);ADC_Bruto;Forca(kg)
999;681;0,22
1000;679;0,02
1001;679;0,02
1002;679;0,02
1003;677;0,00
1004;678;0,00
1005;679;0,02
1006;679;0,02
1007;679;0,02
1008;678;0,00
1009;677;0,00
1010;678;0,00
1011;682;0,32
1012;677;0,00
1013;678;0,00
1014;679;0,02
1015;679;0,02
1016;681;0,22
1017;678;0,00
1018;678;0,00
1019;680;0,12
1020;679;0,02
1022;678;0,00
1024;679;0,02
1025;682;0,32
1026;681;0,22
1028;683;0,42
1029;681;0,22
1030;678;0,00
1031;680;0,12
1032;680;0,12
1034;678;0,00
1035;677;0,00
1036;680;0,12
1037;677;0,00
1039;678;0,00
1040;681;0,22
1041;681;0,22
1042;679;0,02
1044;678;0,00
1045;678;0,00
1046;679;0,02
1047;679;0,02
1049;682;0,32
1050;685;0,62
1051;679;0,02
1052;678;0,00
1054;680;0,12
1055;678;0,00
1056;679;0,02
1057;679;0,02
1059;679;0,02
1060;681;0,22
1061;680;0,12
1062;680;0,12
1064;677;0,00
1065;682;0,32
1067;678;0,00
1068;680;0,12
1070;678;0,00
1071;680;0,12
1072;678;0,00
1073;681;0,22
1075;678;0,00
1076;687;0,82
1077;679;0,02
1078;678;0,00
1080;678;0,00
1081;687;0,82
1082;679;0,02
1083;682;0,32
1085;680;0,12
1086;678;0,00
1087;680;0,12
1088;683;0,42
1090;679;0,02
1091;679;0,02
1092;678;0,00
1093;681;0,22
1095;683;0,42
1096;678;0,00
1097;678;0,00
1098;679;0,02
1099;679;0,02
1101;677;0,00
1102;679;0,02
1103;679;0,02
1104;679;0,02
1106;682;0,32
1107;678;0,00
1108;679;0,02
1110;677;0,00
1112;678;0,00
1113;685;0,62
1114;684;0,52
1115;679;0,02
1117;679;0,02
1118;679;0,02
1119;682;0,32
1120;679;0,02
1122;680;0,12
1123;683;0,42
1124;683;0,42
1125;678;0,00
1127;677;0,00
1128;680;0,12
1129;684;0,52
1130;679;0,02
1132;678;0,00
1133;689;1,02
1134;678;0,00
1135;683;0,42
1137;681;0,22
1138;678;0,00
1139;677;0,00
1140;682;0,32
1142;678;0,00
1143;687;0,82
1144;679;0,02
1145;681;0,22
1147;678;0,00
1148;679;0,02
1149;679;0,02
1150;681;0,22
1153;676;0,00
1154;680;0,12
1155;677;0,00
1156;683;0,42
1158;678;0,00
1159;684;0,52
1160;678;0,00
1161;680;0,12
1163;678;0,00
1164;678;0,00
1165;682;0,32
1166;677;0,00
1167;679;0,02
1169;679;0,02
1170;682;0,32
1171;679;0,02
1172;680;0,12
1174;678;0,00
1175;678;0,00
1176;687;0,82
1177;678;0,00
1179;680;0,12
1180;681;0,22
1181;682;0,32
1182;678;0,00
1184;678;0,00
1185;678;0,00
1186;679;0,02
1187;679;0,02
1189;679;0,02
1190;679;0,02
1191;678;0,00
1192;681;0,22
1195;679;0,02
1196;681;0,22
1197;678;0,00
1198;677;0,00
1200;681;0,22
1201;682;0,32
1202;679;0,02
1203;679;0,02
1205;678;0,00
1206;678;0,00
1207;681;0,22
1208;679;0,02
1210;682;0,32
1211;680;0,12
1212;679;0,02
1213;678;0,00
1215;678;0,00
1216;677;0,00
1217;677;0,00
1218;678;0,00
1220;679;0,02
1221;677;0,00
1222;680;0,12
1223;681;0,22
1225;677;0,00
1226;680;0,12
1227;678;0,00
1228;679;0,02
1229;678;0,00
1231;678;0,00
1232;678;0,00
1233;681;0,22
1234;678;0,00
1236;682;0,32
1238;686;0,72
1239;681;0,22
1240;681;0,22
1242;682;0,32
1243;679;0,02
1244;678;0,00
1245;678;0,00
1247;679;0,02
1248;681;0,22
1249;679;0,02
1250;677;0,00
1252;678;0,00
1253;680;0,12
1254;680;0,12
1255;679;0,02
1257;680;0,12
1258;678;0,00
1259;678;0,00
1260;685;0,62
1262;678;0,00
1263;679;0,02
1264;680;0,12
1265;680;0,12
1267;679;0,02
1268;681;0,22
1269;681;0,22
1270;679;0,02
1272;679;0,02
1273;677;0,00
1274;680;0,12
1275;680;0,12
1277;682;0,32
1278;677;0,00
1280;678;0,00
1281;682;0,32
1283;679;0,02
1284;677;0,00
1285;678;0,00
1286;678;0,00
1288;678;0,00
1289;679;0,02
1290;680;0,12
1291;684;0,52
1293;677;0,00
1294;681;0,22
1295;679;0,02
1296;683;0,42
1297;678;0,00
1299;685;0,62
1300;679;0,02
1301;679;0,02
1302;684;0,52
1304;677;0,00
1305;678;0,00
1306;680;0,12
1307;678;0,00
1309;679;0,02
1310;676;0,00
1311;678;0,00
1312;680;0,12
1314;679;0,02
1315;679;0,02
1316;683;0,42
1317;680;0,12
1319;679;0,02
1320;687;0,82
1321;681;0,22
1323;682;0,32
1325;684;0,52
1326;679;0,02
1327;681;0,22
1328;688;0,92
1330;677;0,00
1331;682;0,32
1332;678;0,00
1333;685;0,62
1335;679;0,02
1336;680;0,12
1337;678;0,00
1338;688;0,92
1340;680;0,12
1341;679;0,02
1342;680;0,12
1343;683;0,42
1345;677;0,00
1346;677;0,00
1347;678;0,00
1348;685;0,62
1350;679;0,02
1351;678;0,00
1352;678;0,00
1353;678;0,00
1355;681;0,22
1356;682;0,32
1357;685;0,62
1358;681;0,22
1360;679;0,02
1361;676;0,00
1362;678;0,00
1363;679;0,02
1364;678;0,00
1367;678;0,00
1368;679;0,02
1369;682;0,32
1370;685;0,62
1372;681;0,22
1373;678;0,00
1374;679;0,02
1375;680;0,12
1377;680;0,12
1378;678;0,00
1379;681;0,22
1380;684;0,52
1382;678;0,00
1383;677;0,00
1384;683;0,42
1385;680;0,12
1387;679;0,02
1388;677;0,00
1389;679;0,02
1390;683;0,42
1392;677;0,00
1393;680;0,12
1394;680;0,12
1395;680;0,12
1397;677;0,00
1398;678;0,00
1399;681;0,22
1400;684;0,52
1402;679;0,02
1403;680;0,12
1404;678;0,00
1405;680;0,12
1408;678;0,00
1409;682;0,32
1410;684;0,52
1411;678;0,00
1413;678;0,00
1414;677;0,00
1415;678;0,00
1416;679;0,02
1418;682;0,32
1419;678;0,00
1420;677;0,00
1421;680;0,12
1423;685;0,62
1424;677;0,00
1425;682;0,32
1426;679;0,02
1427;678;0,00
1429;682;0,32
1430;678;0,00
1431;678;0,00
1432;682;0,32
1434;681;0,22
1435;680;0,12
1436;679;0,02
1437;679;0,02
1439;686;0,72
1440;678;0,00
1441;678;0,00
1442;685;0,62
1444;679;0,02
1445;684;0,52
1446;679;0,02
1447;677;0,00
1449;686;0,72
1451;678;0,00
1452;677;0,00
1453;680;0,12
1455;677;0,00
1456;678;0,00
1457;677;0,00
1458;679;0,02
1460;679;0,02
1461;678;0,00
1462;680;0,12
1463;678;0,00
1465;678;0,00
1466;684;0,52
1467;677;0,00
1468;678;0,00
1470;679;0,02
1471;678;0,00
1472;681;0,22
1473;682;0,32
1475;679;0,02
1476;684;0,52
1477;677;0,00
1478;682;0,32
1480;682;0,32
1481;684;0,52
1482;687;0,82
1483;680;0,12
1485;678;0,00
1486;683;0,42
1487;677;0,00
1488;679;0,02
1489;685;0,62
1491;682;0,32
1492;678;0,00
1494;678;0,00
1495;680;0,12
1497;678;0,00
1498;682;0,32
1499;678;0,00
1500;679;0,02
1502;682;0,32
1503;678;0,00
1504;677;0,00
1505;681;0,22
1507;686;0,72
1508;680;0,12
1509;678;0,00
1510;679;0,02
1512;678;0,00
1513;679;0,02
1514;679;0,02
1515;681;0,22
1517;682;0,32
1518;684;0,52
1519;677;0,00
1520;680;0,12
1522;681;0,22
1523;677;0,00
1524;684;0,52
1525;678;0,00
1527;681;0,22
1528;677;0,00
1529;677;0,00
1530;681;0,22
1532;685;0,62
1533;679;0,02
1534;678;0,00
1536;677;0,00
1538;684;0,52
1539;678;0,00
1540;683;0,42
1541;678;0,00
1543;683;0,42
1544;678;0,00
1545;677;0,00
1546;677;0,00
1548;677;0,00
1549;682;0,32
1550;687;0,82
1551;679;0,02
1553;685;0,62
1554;680;0,12
1555;677;0,00
1556;678;0,00
1557;677;0,00
1559;678;0,00
1560;677;0,00
1561;682;0,32
1562;678;0,00
1564;677;0,00
1565;687;0,82
1566;682;0,32
1567;677;0,00
1569;680;0,12
1570;679;0,02
1571;685;0,62
1572;684;0,52
1574;678;0,00
1575;678;0,00
1576;679;0,02
1577;685;0,62
1580;681;0,22
1581;679;0,02
1582;677;0,00
1583;683;0,42
1585;686;0,72
1586;685;0,62
1587;680;0,12
1588;683;0,42
1590;680;0,12
1591;686;0,72
1592;676;0,00
1593;678;0,00
1595;677;0,00
1596;678;0,00
1597;685;0,62
1598;679;0,02
1600;682;0,32
1601;678;0,00
1602;680;0,12
1603;679;0,02
1605;677;0,00
1606;678;0,00
1607;678;0,00
1608;678;0,00
1610;678;0,00
1611;678;0,00
1612;678;0,00
1613;677;0,00
1615;678;0,00
1616;682;0,32
1617;685;0,62
1618;677;0,00
1620;679;0,02
1622;678;0,00
1623;681;0,22
1624;677;0,00
1625;678;0,00
1627;682;0,32
1628;679;0,02
1629;677;0,00
1630;679;0,02
1632;680;0,12
1633;678;0,00
1634;683;0,42
1635;679;0,02
1637;681;0,22
1638;684;0,52
1639;681;0,22
1640;684;0,52
1642;681;0,22
1643;678;0,00
1644;677;0,00
1645;679;0,02
1647;680;0,12
1648;677;0,00
1649;677;0,00
1650;680;0,12
1652;681;0,22
1653;679;0,02
1654;677;0,00
1655;681;0,22
1657;679;0,02
1658;685;0,62
1659;680;0,12
1660;678;0,00
1662;679;0,02
1664;679;0,02
1665;679;0,02
1666;685;0,62
1668;681;0,22
1669;677;0,00
1670;681;0,22
1671;684;0,52
1673;683;0,42
1674;683;0,42
1675;679;0,02
1676;680;0,12
1678;679;0,02
1679;680;0,12
1680;680;0,12
1681;680;0,12
1683;678;0,00
1684;678;0,00
1685;682;0,32
1686;678;0,00
1687;682;0,32
1689;679;0,02
1690;679;0,02
1691;680;0,12
1692;685;0,62
1694;678;0,00
1695;679;0,02
1696;677;0,00
1697;687;0,82
1699;680;0,12
1700;677;0,00
1701;680;0,12
1702;682;0,32
1704;683;0,42
1705;681;0,22
1707;678;0,00
1708;679;0,02
1710;679;0,02
1711;679;0,02
1712;681;0,22
1713;680;0,12
1715;678;0,00
1716;678;0,00
1717;676;0,00
1718;685;0,62
1720;680;0,12
1721;682;0,32
1722;680;0,12
1723;680;0,12
1725;681;0,22
1726;679;0,02
1727;683;0,42
1728;677;0,00
1730;680;0,12
1731;679;0,02
1732;676;0,00
1733;682;0,32
1735;679;0,02
1736;679;0,02
1737;677;0,00
1738;677;0,00
1740;679;0,02
1741;681;0,22
1742;678;0,00
1743;682;0,32
1745;678;0,00
1746;679;0,02
1747;679;0,02
1748;679;0,02
1751;679;0,02
1752;677;0,00
1753;678;0,00
1754;680;0,12
1755;678;0,00
1757;677;0,00
1758;677;0,00
1759;682;0,32
1760;677;0,00
1762;681;0,22
1763;678;0,00
1764;683;0,42
1765;678;0,00
1767;678;0,00
1768;678;0,00
1769;677;0,00
1770;680;0,12
1772;680;0,12
1773;679;0,02
1774;679;0,02
1775;678;0,00
1777;679;0,02
1778;679;0,02
1779;683;0,42
1780;678;0,00
1782;684;0,52
1783;678;0,00
1784;683;0,42
1785;687;0,82
1787;679;0,02
1788;683;0,42
1789;679;0,02
1790;678;0,00
1793;682;0,32
1794;677;0,00
1795;679;0,02
1796;683;0,42
1798;677;0,00
1799;678;0,00
1800;679;0,02
1801;677;0,00
1803;682;0,32
1804;681;0,22
1805;678;0,00
1806;681;0,22
1808;677;0,00
1809;682;0,32
1810;678;0,00
1811;679;0,02
1813;678;0,00
1814;677;0,00
1815;680;0,12
1816;679;0,02
1817;678;0,00
1819;680;0,12
1820;678;0,00
1821;679;0,02
1822;679;0,02
1824;679;0,02
1825;682;0,32
1826;678;0,00
1827;680;0,12
1829;683;0,42
1830;677;0,00
1831;678;0,00
1832;678;0,00
1835;679;0,02
1836;684;0,52
1837;681;0,22
1838;676;0,00
1840;680;0,12
1841;678;0,00
1842;677;0,00
1843;683;0,42
1845;685;0,62
1846;677;0,00
1847;682;0,32
1848;678;0,00
1850;678;0,00
1851;677;0,00
1852;680;0,12
1853;678;0,00
1855;685;0,62
1856;686;0,72
1857;682;0,32
1858;679;0,02
1860;679;0,02
1861;677;0,00
1862;684;0,52
1863;679;0,02
1865;678;0,00
1866;679;0,02
1867;679;0,02
1868;679;0,02
1870;679;0,02
1871;680;0,12
1872;678;0,00
1873;677;0,00
1875;679;0,02
1876;682;0,32
1878;679;0,02
1879;679;0,02
1881;682;0,32
1882;685;0,62
1883;684;0,52
1884;678;0,00
1885;679;0,02
1887;679;0,02
1888;682;0,32
1889;683;0,42
1890;677;0,00
1892;679;0,02
1893;678;0,00
1894;680;0,12
1895;682;0,32
1897;683;0,42
1898;679;0,02
1899;685;0,62
1900;680;0,12
1902;678;0,00
1903;681;0,22
1904;678;0,00
1905;678;0,00
1907;679;0,02
1908;677;0,00
1909;678;0,00
1910;683;0,42
1912;680;0,12
1913;681;0,22
1914;677;0,00
1915;681;0,22
1917;679;0,02
1918;685;0,62
1920;678;0,00
1921;678;0,00
1923;678;0,00
1924;686;0,72
1925;678;0,00
1926;679;0,02
1928;677;0,00
1929;679;0,02
1930;679;0,02
1931;677;0,00
1933;680;0,12
1934;680;0,12
1935;678;0,00
1936;677;0,00
1938;677;0,00
1939;685;0,62
1940;682;0,32
1941;679;0,02
1943;683;0,42
1944;678;0,00
1945;679;0,02
1946;678;0,00
1947;683;0,42
1949;687;0,82
1950;683;0,42
1951;677;0,00
1952;683;0,42
1954;683;0,42
1955;679;0,02
1956;678;0,00
1957;683;0,42
1959;681;0,22
1960;676;0,00
1961;681;0,22
1963;679;0,02
1965;679;0,02
1966;677;0,00
1967;681;0,22
1968;686;0,72
1970;685;0,62
1971;682;0,32
1972;683;0,42
1973;678;0,00
1975;679;0,02
1976;678;0,00
1977;679;0,02
1978;678;0,00
1980;680;0,12
1981;682;0,32
1982;680;0,12
1983;685;0,62
1985;677;0,00
1986;680;0,12
1987;685;0,62
1988;686;0,72
1990;681;0,22
1991;677;0,00
1992;678;0,00
1993;677;0,00
1995;681;0,22
1996;679;0,02
1997;680;0,12
1998;678;0,00
2000;678;0,00
2001;685;0,62
2002;678;0,00
2003;679;0,02
2006;678;0,00
2007;678;0,00
2008;681;0,22
2009;678;0,00
2011;678;0,00
2012;678;0,00
2013;678;0,00
2014;685;0,62
2015;678;0,00
2017;680;0,12
2018;683;0,42
2019;678;0,00
2020;684;0,52
2022;679;0,02
2023;680;0,12
2024;684;0,52
2025;678;0,00
2027;685;0,62
2028;678;0,00
2029;680;0,12
2030;679;0,02
2032;677;0,00
2033;677;0,00
2034;677;0,00
2035;678;0,00
2037;681;0,22
2038;677;0,00
2039;680;0,12
2040;681;0,22
2042;677;0,00
2043;679;0,02
2044;678;0,00
2045;681;0,22
2048;678;0,00
2049;681;0,22
2050;689;1,02
2051;677;0,00
2053;678;0,00
2054;680;0,12
2055;678;0,00
2056;685;0,62
2058;679;0,02
2059;682;0,32
2060;680;0,12
2061;681;0,22
2063;681;0,22
2064;681;0,22
2065;681;0,22
2066;677;0,00
2068;679;0,02
2069;677;0,00
2070;677;0,00
2071;679;0,02
2073;679;0,02
2074;680;0,12
2075;681;0,22
2076;679;0,02
2078;678;0,00
2079;678;0,00
2080;676;0,00
2081;679;0,02
2082;678;0,00
2084;678;0,00
2085;678;0,00
2086;678;0,00
2087;679;0,02
2089;680;0,12
2091;682;0,32
2092;680;0,12
2093;678;0,00
2095;679;0,02
2096;681;0,22
2097;684;0,52
2098;679;0,02
2100;681;0,22
2101;684;0,52
2102;680;0,12
2103;686;0,72
2105;678;0,00
2106;685;0,62
2107;684;0,52
2108;678;0,00
2110;677;0,00
2111;677;0,00
2112;678;0,00
2113;686;0,72
2115;679;0,02
2116;679;0,02
2117;678;0,00
2118;679;0,02
2120;677;0,00
2121;681;0,22
2122;678;0,00
2123;676;0,00
2125;679;0,02
2126;677;0,00
2127;677;0,00
2128;677;0,00
2130;685;0,62
2131;677;0,00
2132;680;0,12
2134;679;0,02
2136;680;0,12
2137;676;0,00
2138;680;0,12
2139;678;0,00
2141;682;0,32
2142;679;0,02
2143;682;0,32
2144;678;0,00
2145;680;0,12
2147;678;0,00
2148;679;0,02
2149;679;0,02
2150;678;0,00
2152;681;0,22
2153;680;0,12
2154;679;0,02
2155;676;0,00
2157;679;0,02
2158;679;0,02
2159;682;0,32
2160;679;0,02
2162;680;0,12
2163;682;0,32
2164;685;0,62
2165;679;0,02
2167;680;0,12
2168;679;0,02
2169;678;0,00
2170;677;0,00
2172;681;0,22
2173;678;0,00
2174;677;0,00
2176;677;0,00
2178;682;0,32
2179;678;0,00
2180;679;0,02
2181;683;0,42
2183;678;0,00
2184;680;0,12
2185;680;0,12
2186;678;0,00
2188;677;0,00
2189;680;0,12
2190;678;0,00
2191;679;0,02
2193;680;0,12
2194;679;0,02
2195;678;0,00
2196;678;0,00
2198;678;0,00
2199;679;0,02
2200;681;0,22
2201;682;0,32
2203;677;0,00
2204;679;0,02
2205;681;0,22
2206;681;0,22
2207;684;0,52
2209;679;0,02
2210;685;0,62
2211;679;0,02
2212;679;0,02
2214;679;0,02
2215;678;0,00
2216;689;1,02
2217;678;0,00
2220;678;0,00
2221;683;0,42
2222;678;0,00
2223;680;0,12
2225;679;0,02
2226;682;0,32
2227;681;0,22
2228;679;0,02
2230;682;0,32
2231;683;0,42
2232;680;0,12
2233;683;0,42
2235;685;0,62
2236;680;0,12
2237;681;0,22
2238;678;0,00
2240;677;0,00
2241;683;0,42
2242;679;0,02
2243;678;0,00
2245;677;0,00
2246;678;0,00
2247;681;0,22
2248;682;0,32
2250;683;0,42
2251;678;0,00
2252;685;0,62
2253;678;0,00
2255;681;0,22
2256;679;0,02
2257;680;0,12
2258;680;0,12
2260;678;0,00
2262;678;0,00
2263;677;0,00
2264;678;0,00
2266;679;0,02
2267;678;0,00
2268;684;0,52
2269;686;0,72
2271;677;0,00
2272;683;0,42
2273;679;0,02
2274;685;0,62
2275;682;0,32
2277;678;0,00
2278;681;0,22
2279;678;0,00
2280;678;0,00
2282;678;0,00
2283;678;0,00
2284;678;0,00
2285;686;0,72
2287;683;0,42
2288;679;0,02
2289;678;0,00
2290;679;0,02
2292;676;0,00
2293;680;0,12
2294;678;0,00
2295;680;0,12
2297;678;0,00
2298;684;0,52
2299;687;0,82
2300;683;0,42
2302;678;0,00
2304;682;0,32
2305;679;0,02
2306;678;0,00
2308;680;0,12
2309;683;0,42
2310;681;0,22
2311;680;0,12
2313;679;0,02
2314;678;0,00
2315;688;0,92
2316;682;0,32
2318;678;0,00
2319;677;0,00
2320;681;0,22
2321;678;0,00
2323;677;0,00
2324;678;0,00
2325;679;0,02
2326;677;0,00
2328;678;0,00
2329;678;0,00
2330;678;0,00
2331;680;0,12
2333;676;0,00
2334;683;0,42
2335;681;0,22
2336;680;0,12
2337;680;0,12
2339;684;0,52
2340;680;0,12
2341;683;0,42
2342;679;0,02
2344;677;0,00
2345;681;0,22
2347;679;0,02
2348;687;0,82
2350;678;0,00
2351;678;0,00
2352;679;0,02
2353;679;0,02
2355;683;0,42
2356;679;0,02
2357;678;0,00
2358;677;0,00
2360;677;0,00
2361;685;0,62
2362;683;0,42
2363;684;0,52
2365;678;0,00
2366;686;0,72
2367;680;0,12
2368;679;0,02
2370;677;0,00
2371;678;0,00
2372;679;0,02
2373;679;0,02
2375;681;0,22
2376;680;0,12
2377;680;0,12
2378;678;0,00
2380;684;0,52
2381;678;0,00
2382;678;0,00
2383;678;0,00
2385;681;0,22
2386;676;0,00
2387;676;0,00
2388;680;0,12
2391;683;0,42
2392;679;0,02
2393;680;0,12
2394;686;0,72
2396;678;0,00
2397;677;0,00
2398;681;0,22
2399;681;0,22
2401;680;0,12
2402;678;0,00
2403;679;0,02
2404;679;0,02
2405;678;0,00
2407;682;0,32
2408;677;0,00
2409;678;0,00
2410;685;0,62
2412;677;0,00
2413;678;0,00
2414;679;0,02
2415;680;0,12
2417;679;0,02
2418;678;0,00
2419;689;1,02
2420;684;0,52
2422;678;0,00
2423;680;0,12
2424;678;0,00
2425;679;0,02
2427;679;0,02
2428;678;0,00
2429;677;0,00
2430;679;0,02
2433;679;0,02
2434;685;0,62
2435;680;0,12
2436;688;0,92
2438;678;0,00
2439;680;0,12
2440;677;0,00
2441;685;0,62
2443;683;0,42
2444;678;0,00
2445;679;0,02
2446;678;0,00
2448;678;0,00
2449;687;0,82
2450;677;0,00
2451;681;0,22
2453;678;0,00
2454;679;0,02
2455;680;0,12
2456;685;0,62
2458;679;0,02
2459;678;0,00
2460;676;0,00
2461;679;0,02
2463;679;0,02
2464;676;0,00
2465;683;0,42
2466;679;0,02
2468;685;0,62
2469;678;0,00
2470;680;0,12
2471;683;0,42
2472;682;0,32
2475;680;0,12
2476;684;0,52
2477;680;0,12
2478;684;0,52
2480;677;0,00
2481;679;0,02
2482;686;0,72
2483;678;0,00
2485;681;0,22
2486;680;0,12
2487;681;0,22
2488;685;0,62
2490;680;0,12
2491;680;0,12
2492;678;0,00
2493;681;0,22
2495;680;0,12
2496;679;0,02
2497;679;0,02
2498;680;0,12
2500;678;0,00
2501;679;0,02
2502;681;0,22
2503;677;0,00
2505;678;0,00
2506;678;0,00
2507;684;0,52
2508;678;0,00
2510;679;0,02
2511;684;0,52
2512;683;0,42
2513;679;0,02
2515;679;0,02
2516;685;0,62
2518;688;0,92
2519;685;0,62
2521;677;0,00
2522;679;0,02
2523;684;0,52
2524;686;0,72
2526;678;0,00
2527;681;0,22
2528;679;0,02
2529;678;0,00
2531;677;0,00
2532;679;0,02
2533;678;0,00
2534;680;0,12
2535;680;0,12
2537;679;0,02
2538;679;0,02
2539;678;0,00
2540;683;0,42
2542;678;0,00
2543;684;0,52
2544;679;0,02
2545;678;0,00
2547;677;0,00
2548;679;0,02
2549;683;0,42
2550;681;0,22
2552;684;0,52
2553;683;0,42
2554;680;0,12
2555;683;0,42
2557;679;0,02
2558;679;0,02
2560;677;0,00
2561;677;0,00
2563;678;0,00
2564;678;0,00
2565;678;0,00
2566;682;0,32
2568;678;0,00
2569;681;0,22
2570;682;0,32
2571;678;0,00
2573;678;0,00
2574;678;0,00
2575;677;0,00
2576;679;0,02
2578;679;0,02
2579;681;0,22
2580;679;0,02
2581;677;0,00
2583;681;0,22
2584;678;0,00
2585;681;0,22
2586;678;0,00
2588;678;0,00
2589;681;0,22
2590;681;0,22
2591;678;0,00
2593;678;0,00
2594;684;0,52
2595;681;0,22
2596;678;0,00
2598;678;0,00
2599;679;0,02
2600;679;0,02
2601;679;0,02
2603;679;0,02
2605;679;0,02
2606;677;0,00
2607;681;0,22
2608;679;0,02
2610;682;0,32
2611;683;0,42
2612;682;0,32
2613;680;0,12
2615;682;0,32
2616;677;0,00
2617;679;0,02
2618;684;0,52
2620;677;0,00
2621;683;0,42
2622;678;0,00
2623;678;0,00
2625;679;0,02
2626;686;0,72
2627;680;0,12
2628;686;0,72
2630;682;0,32
2631;679;0,02
2632;680;0,12
2633;677;0,00
2635;679;0,02
2636;679;0,02
2637;677;0,00
2638;679;0,02
2640;679;0,02
2641;679;0,02
2642;677;0,00
2643;679;0,02
2646;684;0,52
2647;678;0,00
2648;685;0,62
2649;678;0,00
2651;678;0,00
2652;676;0,00
2653;677;0,00
2654;677;0,00
2656;678;0,00
2657;677;0,00
2658;679;0,02
2659;680;0,12
2661;680;0,12
2662;681;0,22
2663;685;0,62
2664;681;0,22
2666;679;0,02
2667;689;1,02
2668;679;0,02
2669;678;0,00
2670;681;0,22
2672;678;0,00
2673;687;0,82
2674;677;0,00
2675;679;0,02
2677;678;0,00
2678;677;0,00
2679;677;0,00
2680;676;0,00
2682;685;0,62
2683;678;0,00
2684;686;0,72
2685;678;0,00
2688;682;0,32
2689;678;0,00
2690;683;0,42
2691;677;0,00
2693;678;0,00
2694;678;0,00
2695;678;0,00
2696;676;0,00
2698;681;0,22
2699;678;0,00
2700;687;0,82
2701;678;0,00
2703;678;0,00
2704;678;0,00
2705;679;0,02
2706;678;0,00
2708;679;0,02
2709;681;0,22
2710;677;0,00
2711;679;0,02
2713;678;0,00
2714;679;0,02
2715;677;0,00
2716;677;0,00
2718;678;0,00
2719;680;0,12
2720;678;0,00
2721;684;0,52
2723;679;0,02
2724;684;0,52
2725;684;0,52
2726;680;0,12
2728;685;0,62
2729;678;0,00
2731;679;0,02
2732;679;0,02
2733;684;0,52
2735;677;0,00
2736;684;0,52
2737;687;0,82
2738;679;0,02
2740;685;0,62
2741;677;0,00
2742;678;0,00
2743;678;0,00
2745;683;0,42
2746;678;0,00
2747;678;0,00
2748;678;0,00
2750;679;0,02
2751;679;0,02
2752;678;0,00
2753;682;0,32
2755;683;0,42
2756;679;0,02
2757;681;0,22
2758;679;0,02
2760;681;0,22
2761;680;0,12
2762;682;0,32
2763;679;0,02
2765;682;0,32
2766;678;0,00
2767;683;0,42
2768;683;0,42
2770;681;0,22
2771;678;0,00
2772;678;0,00
2774;677;0,00
2776;678;0,00
2777;676;0,00
2778;683;0,42
2779;678;0,00
2781;680;0,12
2782;679;0,02
2783;676;0,00
2784;677;0,00
2786;683;0,42
2787;679;0,02
2788;676;0,00
2789;679;0,02
2791;677;0,00
2792;680;0,12
2793;678;0,00
2794;677;0,00
2795;681;0,22
2797;679;0,02
2798;679;0,02
2799;679;0,02
2800;680;0,12
2802;680;0,12
2803;677;0,00
2804;678;0,00
2805;678;0,00
2807;677;0,00
2808;678;0,00
2809;678;0,00
2810;680;0,12
2812;680;0,12
2813;683;0,42
2814;677;0,00
2816;678;0,00
2818;680;0,12
2819;678;0,00
2820;678;0,00
2821;677;0,00
2823;684;0,52
2824;678;0,00
2825;684;0,52
2826;677;0,00
2828;679;0,02
2829;683;0,42
2830;678;0,00
2831;678;0,00
2833;680;0,12
2834;682;0,32
2835;681;0,22
2836;678;0,00
2838;679;0,02
2839;679;0,02
2840;679;0,02
2841;678;0,00
2843;681;0,22
2844;681;0,22
2845;677;0,00
2846;678;0,00
2848;677;0,00
2849;681;0,22
2850;683;0,42
2851;680;0,12
2853;677;0,00
2854;679;0,02
2855;677;0,00
2856;683;0,42
2859;684;0,52
2860;681;0,22
2861;678;0,00
2862;681;0,22
2863;678;0,00
2865;681;0,22
2866;680;0,12
2867;681;0,22
2868;678;0,00
2870;678;0,00
2871;680;0,12
2872;681;0,22
2873;679;0,02
2875;677;0,00
2876;682;0,32
2877;679;0,02
2878;676;0,00
2880;678;0,00
2881;678;0,00
2882;679;0,02
2883;678;0,00
2885;677;0,00
2886;684;0,52
2887;678;0,00
2888;680;0,12
2890;684;0,52
2891;678;0,00
2892;679;0,02
2893;678;0,00
2895;678;0,00
2896;678;0,00
2897;682;0,32
2898;684;0,52
2900;677;0,00
2902;678;0,00
2903;678;0,00
2904;681;0,22
2906;677;0,00
2907;680;0,12
2908;685;0,62
2909;682;0,32
2911;678;0,00
2912;679;0,02
2913;679;0,02
2914;680;0,12
2916;680;0,12
2917;678;0,00
2918;678;0,00
2919;677;0,00
2921;677;0,00
2922;679;0,02
2923;686;0,72
2924;680;0,12
2925;680;0,12
2927;676;0,00
2928;678;0,00
2929;677;0,00
2930;679;0,02
2932;679;0,02
2933;680;0,12
2934;685;0,62
2935;679;0,02
2937;678;0,00
2938;682;0,32
2939;684;0,52
2940;678;0,00
2942;681;0,22
2944;678;0,00
2945;677;0,00
2946;682;0,32
2948;677;0,00
2949;678;0,00
2950;679;0,02
2951;677;0,00
2953;678;0,00
2954;681;0,22
2955;678;0,00
2956;679;0,02
2958;678;0,00
2959;679;0,02
2960;678;0,00
2961;682;0,32
2963;685;0,62
2964;683;0,42
2965;677;0,00
2966;678;0,00
2968;679;0,02
2969;678;0,00
2970;681;0,22
2971;678;0,00
2973;677;0,00
2974;683;0,42
2975;678;0,00
2976;684;0,52
2978;679;0,02
2979;678;0,00
2980;679;0,02
2981;678;0,00
2983;678;0,00
2984;678;0,00
2985;684;0,52
2987;682;0,32
2989;684;0,52
2990;683;0,42
2991;677;0,00
2992;676;0,00
2993;683;0,42
2995;678;0,00
2996;677;0,00
2997;684;0,52
2998;682;0,32
3000;679;0,02
3001;684;0,52
3002;678;0,00
3003;679;0,02
3005;681;0,22
3006;677;0,00
3007;677;0,00
3008;680;0,12
3010;678;0,00
3011;677;0,00
3012;681;0,22
3013;679;0,02
3015;679;0,02
3016;678;0,00
3017;678;0,00
3018;679;0,02
3020;679;0,02
3021;684;0,52
3022;677;0,00
3023;677;0,00
3025;679;0,02
3026;679;0,02
3027;682;0,32
3028;677;0,00
3031;677;0,00
3032;681;0,22
3033;685;0,62
3034;683;0,42
3036;680;0,12
3037;679;0,02
3038;677;0,00
3039;682;0,32
3041;679;0,02
3042;679;0,02
3043;681;0,22
3044;684;0,52
3046;678;0,00
3047;688;0,92
3048;686;0,72
3049;679;0,02
3051;679;0,02
3052;677;0,00
3053;680;0,12
3054;677;0,00
3056;677;0,00
3057;679;0,02
3058;677;0,00
3059;688;0,92
3060;679;0,02
3062;680;0,12
3063;677;0,00
3064;680;0,12
3065;678;0,00
3067;682;0,32
3068;679;0,02
3069;677;0,00
3070;681;0,22
3073;679;0,02
3074;676;0,00
3075;678;0,00
3076;678;0,00
3078;680;0,12
3079;683;0,42
3080;679;0,02
3081;679;0,02
3083;682;0,32
3084;681;0,22
3085;684;0,52
3086;681;0,22
3088;678;0,00
3089;678;0,00
3090;682;0,32
3091;681;0,22
3093;677;0,00
3094;680;0,12
3095;677;0,00
3096;678;0,00
3098;680;0,12
3099;687;0,82
3100;682;0,32
3101;677;0,00
3103;678;0,00
3104;679;0,02
3105;678;0,00
3106;678;0,00
3108;680;0,12
3109;684;0,52
3110;678;0,00
3111;678;0,00
3113;678;0,00
3115;678;0,00
3116;678;0,00
3117;683;0,42
3119;679;0,02
3120;677;0,00
3121;678;0,00
3122;683;0,42
3123;678;0,00
3125;678;0,00
3126;679;0,02
3127;686;0,72
3128;677;0,00
3130;682;0,32
3131;678;0,00
3132;683;0,42
3133;682;0,32
3135;676;0,00
3136;679;0,02
3137;677;0,00
3138;679;0,02
3140;678;0,00
3141;682;0,32
3142;681;0,22
3143;682;0,32
3145;679;0,02
3146;679;0,02
3147;682;0,32
3148;679;0,02
3150;680;0,12
3151;685;0,62
3152;686;0,72
3153;677;0,00
3155;681;0,22
3156;678;0,00
3158;678;0,00
3159;677;0,00
3161;677;0,00
3162;678;0,00
3163;679;0,02
3164;678;0,00
3166;680;0,12
3167;678;0,00
3168;686;0,72
3169;677;0,00
3171;682;0,32
3172;683;0,42
3173;680;0,12
3174;686;0,72
3176;677;0,00
3177;682;0,32
3178;678;0,00
3179;678;0,00
3181;682;0,32
3182;679;0,02
3183;682;0,32
3184;678;0,00
3186;683;0,42
3187;679;0,02
3188;686;0,72
3189;679;0,02
3190;680;0,12
3192;678;0,00
3193;683;0,42
3194;680;0,12
3195;678;0,00
3197;677;0,00
3198;678;0,00
3200;680;0,12
3201;679;0,02
3203;684;0,52
3204;678;0,00
3205;679;0,02
3206;685;0,62
3208;679;0,02
3209;680;0,12
3210;684;0,52
3211;680;0,12
3213;681;0,22
3214;678;0,00
3215;680;0,12
3216;676;0,00
3218;680;0,12
3219;688;0,92
3220;679;0,02
3221;680;0,12
3223;680;0,12
3224;677;0,00
3225;678;0,00
3226;684;0,52
3228;679;0,02
3229;682;0,32
3230;684;0,52
3231;679;0,02
3233;678;0,00
3234;679;0,02
3235;679;0,02
3236;679;0,02
3238;679;0,02
3239;683;0,42
3240;678;0,00
3241;684;0,52
3244;678;0,00
3245;680;0,12
3246;682;0,32
3247;685;0,62
3249;679;0,02
3250;678;0,00
3251;678;0,00
3252;677;0,00
3253;685;0,62
3255;679;0,02
3256;679;0,02
3257;679;0,02
3258;679;0,02
3260;678;0,00
3261;678;0,00
3262;678;0,00
3263;680;0,12
3265;679;0,02
3266;679;0,02
3267;676;0,00
3268;678;0,00
3270;679;0,02
3271;679;0,02
3272;681;0,22
3273;678;0,00
3275;681;0,22
3276;685;0,62
3277;683;0,42
3278;678;0,00
3280;677;0,00
3281;680;0,12
3282;676;0,00
3283;679;0,02
3286;683;0,42
3287;678;0,00
3288;681;0,22
3289;680;0,12
3291;679;0,02
3292;679;0,02
3293;678;0,00
3294;681;0,22
3296;686;0,72
3297;677;0,00
3298;677;0,00
3299;677;0,00
3301;684;0,52
3302;683;0,42
3303;679;0,02
3304;683;0,42
3306;677;0,00
3307;679;0,02
3308;678;0,00
3309;683;0,42
3311;678;0,00
3312;679;0,02
3313;678;0,00
3314;679;0,02
3316;678;0,00
3317;678;0,00
3318;678;0,00
3319;677;0,00
3320;679;0,02
3322;678;0,00
3323;678;0,00
3324;678;0,00
3325;677;0,00
3328;678;0,00
3329;676;0,00
3330;678;0,00
3331;678;0,00
3333;677;0,00
3334;677;0,00
3335;678;0,00
3336;678;0,00
3338;677;0,00
3339;677;0,00
3340;678;0,00
3341;680;0,12
3343;677;0,00
3344;679;0,02
3345;677;0,00
3346;678;0,00
3348;676;0,00
3349;680;0,12
3350;681;0,22
3351;679;0,02
3353;679;0,02
3354;677;0,00
3355;681;0,22
3356;680;0,12
3358;680;0,12
3359;676;0,00
3360;681;0,22
3361;678;0,00
3363;680;0,12
3364;679;0,02
3365;682;0,32
3366;678;0,00
3368;680;0,12
3369;678;0,00
3371;679;0,02
3372;679;0,02
3374;678;0,00
3375;678;0,00
3376;680;0,12
3377;680;0,12
3379;679;0,02
3380;678;0,00
3381;678;0,00
3382;676;0,00
3384;677;0,00
3385;677;0,00
3386;678;0,00
3387;678;0,00
3388;678;0,00
3390;677;0,00
3391;678;0,00
3392;681;0,22
3393;678;0,00
3395;678;0,00
3396;677;0,00
3397;681;0,22
3398;677;0,00
3400;677;0,00
3401;677;0,00
3402;679;0,02
3403;679;0,02
3405;676;0,00
3406;678;0,00
3407;679;0,02
3408;677;0,00
3410;679;0,02
3411;677;0,00
3412;678;0,00
3414;678;0,00
3416;678;0,00
3417;678;0,00
3418;676;0,00
3419;677;0,00
3421;679;0,02
3422;678;0,00
3423;677;0,00
3424;678;0,00
3426;678;0,00
3427;678;0,00
3428;677;0,00
3429;678;0,00
3431;679;0,02
3432;678;0,00
3433;677;0,00
3434;678;0,00
3436;679;0,02
3437;677;0,00
3438;677;0,00
3439;678;0,00
3441;680;0,12
3442;676;0,00
3443;679;0,02
3444;676;0,00
3446;680;0,12
3447;682;0,32
3448;678;0,00
3449;678;0,00
3450;679;0,02
3452;678;0,00
3453;677;0,00
3454;679;0,02
3456;679;0,02
3458;678;0,00
3459;677;0,00
3460;677;0,00
3461;680;0,12
3463;678;0,00
3464;677;0,00
3465;677;0,00
3466;677;0,00
3468;678;0,00
3469;678;0,00
3470;678;0,00
3471;680;0,12
3473;679;0,02
3474;678;0,00
3475;677;0,00
3476;678;0,00
3478;678;0,00
3479;680;0,12
3480;677;0,00
3481;677;0,00
3483;677;0,00
3484;681;0,22
3485;679;0,02
3486;679;0,02
3488;678;0,00
3489;677;0,00
3490;683;0,42
3491;677;0,00
3493;689;1,02
3494;685;0,62
3495;679;0,02
3496;680;0,12
3499;683;0,42
3500;679;0,02
3501;688;0,92
3502;679;0,02
3504;685;0,62
3505;681;0,22
3506;677;0,00
3507;676;0,00
3509;685;0,62
3510;683;0,42
3511;677;0,00
3512;679;0,02
3513;687;0,82
3515;677;0,00
3516;683;0,42
3517;677;0,00
3518;678;0,00
3520;677;0,00
3521;678;0,00
3522;685;0,62
3523;680;0,12
3525;679;0,02
3526;681;0,22
3527;679;0,02
3528;679;0,02
3530;677;0,00
3531;677;0,00
3532;683;0,42
3533;679;0,02
3535;681;0,22
3536;679;0,02
3537;678;0,00
3538;685;0,62
3540;682;0,32
3542;678;0,00
3543;682;0,32
3544;685;0,62
3546;683;0,42
3547;677;0,00
3548;680;0,12
3549;679;0,02
3551;679;0,02
3552;680;0,12
3553;686;0,72
3554;681;0,22
3556;680;0,12
3557;677;0,00
3558;678;0,00
3559;684;0,52
3561;677;0,00
3562;689;1,02
3563;678;0,00
3564;680;0,12
3566;679;0,02
3567;678;0,00
3568;678;0,00
3569;681;0,22
3571;678;0,00
3572;679;0,02
3573;681;0,22
3574;679;0,02
3576;684;0,52
3577;677;0,00
3578;676;0,00
3579;680;0,12
3580;681;0,22
3582;682;0,32
3584;680;0,12
3585;679;0,02
3586;678;0,00
3588;681;0,22
3589;678;0,00
3590;679;0,02
3591;687;0,82
3593;679;0,02
3594;680;0,12
3595;676;0,00
3596;680;0,12
3598;680;0,12
3599;678;0,00
3600;678;0,00
3601;681;0,22
3603;680;0,12
3604;679;0,02
3605;678;0,00
3606;687;0,82
3608;687;0,82
3609;680;0,12
3610;678;0,00
3611;679;0,02
3613;678;0,00
3614;679;0,02
3615;679;0,02
3616;681;0,22
3618;678;0,00
3619;677;0,00
3620;682;0,32
3621;677;0,00
3623;679;0,02
3624;678;0,00
3625;682;0,32
3627;681;0,22
3629;679;0,02
3630;678;0,00
3631;680;0,12
3632;678;0,00
3634;680;0,12
3635;678;0,00
3636;686;0,72
3637;681;0,22
3639;681;0,22
3640;679;0,02
3641;685;0,62
3642;677;0,00
3643;681;0,22
3645;678;0,00
3646;680;0,12
3647;686;0,72
3648;680;0,12
3650;678;0,00
3651;677;0,00
3652;679;0,02
3653;678;0,00
3655;685;0,62
3656;677;0,00
3657;679;0,02
3658;680;0,12
3660;682;0,32
3661;679;0,02
3662;678;0,00
3663;679;0,02
3665;682;0,32
3666;679;0,02
3667;678;0,00
3668;679;0,02
3671;687;0,82
3672;679;0,02
3673;678;0,00
3674;678;0,00
3676;679;0,02
3677;677;0,00
3678;681;0,22
3679;679;0,02
3681;679;0,02
3682;679;0,02
3683;677;0,00
3684;679;0,02
3686;680;0,12
3687;681;0,22
3688;681;0,22
3689;677;0,00
3691;683;0,42
3692;678;0,00
3693;679;0,02
3694;679;0,02
3696;679;0,02
3697;681;0,22
3698;679;0,02
3699;681;0,22
3701;678;0,00
3702;677;0,00
3703;684;0,52
3704;682;0,32
3706;682;0,32
3707;678;0,00
3708;678;0,00
3709;686;0,72
3710;679;0,02
3713;679;0,02
3714;677;0,00
3715;676;0,00
3716;677;0,00
3718;687;0,82
3719;678;0,00
3720;678;0,00
3721;679;0,02
3723;680;0,12
3724;679;0,02
3725;678;0,00
3726;679;0,02
3728;684;0,52
3729;679;0,02
3730;679;0,02
3731;676;0,00
3733;680;0,12
3734;685;0,62
3735;678;0,00
3736;679;0,02
3738;679;0,02
3739;680;0,12
3740;678;0,00
3741;679;0,02
3743;678;0,00
3744;677;0,00
3745;678;0,00
3746;678;0,00
3748;682;0,32
3749;679;0,02
3750;679;0,02
3751;684;0,52
3753;679;0,02
3755;682;0,32
3756;677;0,00
3757;678;0,00
3759;679;0,02
3760;678;0,00
3761;684;0,52
3762;679;0,02
3764;682;0,32
3765;681;0,22
3766;677;0,00
3767;681;0,22
3769;678;0,00
3770;678;0,00
3771;679;0,02
3772;678;0,00
3774;680;0,12
3775;684;0,52
3776;678;0,00
3777;678;0,00
3778;676;0,00
3780;679;0,02
3781;679;0,02
3782;678;0,00
3783;680;0,12
3785;680;0,12
3786;680;0,12
3787;677;0,00
3788;680;0,12
3790;682;0,32
3791;678;0,00
3792;679;0,02
3793;678;0,00
3795;690;1,12
3796;677;0,00
3798;677;0,00
3799;679;0,02
3801;679;0,02
3802;678;0,00
3803;680;0,12
3804;680;0,12
3806;678;0,00
3807;678;0,00
3808;685;0,62
3809;679;0,02
3811;687;0,82
3812;678;0,00
3813;686;0,72
3814;679;0,02
3816;686;0,72
3817;679;0,02
3818;679;0,02
3819;676;0,00
3821;679;0,02
3822;682;0,32
3823;680;0,12
3824;677;0,00
3826;677;0,00
3827;679;0,02
3828;678;0,00
3829;684;0,52
3831;680;0,12
3832;684;0,52
3833;677;0,00
3834;685;0,62
3836;680;0,12
3837;678;0,00
3838;677;0,00
3840;680;0,12
3841;683;0,42
3843;679;0,02
3844;678;0,00
3845;681;0,22
3846;679;0,02
3848;678;0,00
3849;684;0,52
3850;681;0,22
3851;677;0,00
3853;681;0,22
3854;680;0,12
3855;678;0,00
3856;681;0,22
3858;677;0,00
3859;678;0,00
3860;677;0,00
3861;685;0,62
3863;685;0,62
3864;685;0,62
3865;678;0,00
3866;682;0,32
3868;683;0,42
3869;678;0,00
3870;685;0,62
3871;679;0,02
3873;679;0,02
3874;676;0,00
3875;679;0,02
3876;677;0,00
3878;677;0,00
3879;688;0,92
3880;677;0,00
3881;679;0,02
3884;677;0,00
3885;677;0,00
3886;679;0,02
3887;679;0,02
3889;679;0,02
3890;680;0,12
3891;679;0,02
3892;677;0,00
3894;680;0,12
3895;679;0,02
3896;680;0,12
3897;683;0,42
3899;685;0,62
3900;682;0,32
3901;679;0,02
3902;677;0,00
3904;678;0,00
3905;687;0,82
3906;678;0,00
3907;686;0,72
3908;678;0,00
3910;681;0,22
3911;678;0,00
3912;686;0,72
3913;678;0,00
3915;686;0,72
3916;676;0,00
3917;680;0,12
3918;678;0,00
3920;677;0,00
3921;678;0,00
3922;682;0,32
3923;678;0,00
3926;679;0,02
3927;680;0,12
3928;679;0,02
3929;689;1,02
3931;678;0,00
3932;684;0,52
3933;678;0,00
3934;678;0,00
3936;682;0,32
3937;680;0,12
3938;679;0,02
3939;682;0,32
3941;678;0,00
3942;678;0,00
3943;681;0,22
3944;679;0,02
3946;679;0,02
3947;678;0,00
3948;677;0,00
3949;680;0,12
3951;686;0,72
3952;679;0,02
3953;678;0,00
3954;682;0,32
3956;678;0,00
3957;678;0,00
3958;687;0,82
3959;683;0,42
3961;685;0,62
3962;678;0,00
3963;685;0,62
3964;677;0,00
3966;683;0,42
3968;678;0,00
3969;680;0,12
3970;685;0,62
3972;679;0,02
3973;683;0,42
3974;678;0,00
3975;678;0,00
3976;685;0,62
3978;687;0,82
3979;677;0,00
3980;678;0,00
3981;679;0,02
3983;680;0,12
3984;681;0,22
3985;685;0,62
3986;678;0,00
3988;679;0,02
3989;679;0,02
3990;679;0,02
3991;682;0,32
3993;678;0,00
3994;678;0,00
3995;683;0,42
3996;677;0,00
3998;685;0,62
3999;684;0,52
4000;680;0,12
4001;682;0,32
4003;677;0,00
4004;683;0,42
4005;678;0,00
4006;679;0,02
4008;678;0,00
4009;682;0,32
4011;681;0,22
4012;677;0,00
4014;680;0,12
4015;683;0,42
4016;677;0,00
4017;683;0,42
4019;678;0,00
4020;685;0,62
4021;686;0,72
4022;678;0,00
4024;680;0,12
4025;677;0,00
4026;681;0,22
4027;678;0,00
4029;678;0,00
4030;680;0,12
4031;678;0,00
4032;687;0,82
4034;679;0,02
4035;680;0,12
4036;683;0,42
4037;677;0,00
4038;685;0,62
4040;680;0,12
4041;678;0,00
4042;678;0,00
4043;683;0,42
4045;680;0,12
4046;679;0,02
4047;678;0,00
4048;682;0,32
4050;678;0,00
4051;679;0,02
4052;677;0,00
4054;687;0,82
4056;677;0,00
4057;681;0,22
4058;680;0,12
4059;680;0,12
4061;678;0,00
4062;679;0,02
4063;677;0,00
4064;685;0,62
4066;677;0,00
4067;677;0,00
4068;678;0,00
4069;676;0,00
4071;679;0,02
4072;685;0,62
4073;678;0,00
4074;679;0,02
4076;679;0,02
4077;679;0,02
4078;677;0,00
4079;684;0,52
4081;680;0,12
4082;681;0,22
4083;677;0,00
4084;684;0,52
4086;685;0,62
4087;679;0,02
4088;682;0,32
4089;684;0,52
4091;679;0,02
4092;677;0,00
4093;678;0,00
4094;679;0,02
4097;681;0,22
4098;680;0,12
4099;680;0,12
4100;678;0,00
4102;677;0,00
4103;679;0,02
4104;684;0,52
4105;678;0,00
4106;679;0,02
4108;677;0,00
4109;679;0,02
4110;678;0,00
4111;679;0,02
4113;681;0,22
4114;679;0,02
4115;683;0,42
4116;681;0,22
4118;678;0,00
4119;685;0,62
4120;688;0,92
4121;681;0,22
4123;682;0,32
4124;685;0,62
4125;681;0,22
4126;680;0,12
4128;677;0,00
4129;683;0,42
4130;678;0,00
4131;681;0,22
4133;677;0,00
4134;678;0,00
4135;678;0,00
4136;679;0,02
4139;679;0,02
4140;687;0,82
4141;682;0,32
4142;677;0,00
4144;678;0,00
4145;681;0,22
4146;678;0,00
4147;678;0,00
4149;679;0,02
4150;684;0,52
4151;677;0,00
4152;678;0,00
4154;681;0,22
4155;679;0,02
4156;677;0,00
4157;679;0,02
4159;678;0,00
4160;684;0,52
4161;680;0,12
4162;678;0,00
4164;678;0,00
4165;677;0,00
4166;677;0,00
4167;685;0,62
4168;678;0,00
4170;679;0,02
4171;679;0,02
4172;678;0,00
4173;678;0,00
4175;680;0,12
4176;678;0,00
4177;678;0,00
4178;677;0,00
4180;679;0,02
4182;681;0,22
4183;680;0,12
4184;683;0,42
4186;686;0,72
4187;683;0,42
4188;677;0,00
4189;687;0,82
4191;678;0,00
4192;680;0,12
4193;677;0,00
4194;677;0,00
4196;681;0,22
4197;676;0,00
4198;677;0,00
4199;678;0,00
4201;679;0,02
4202;678;0,00
4203;683;0,42
4204;683;0,42
4206;678;0,00
4207;679;0,02
4208;681;0,22
4209;681;0,22
4211;682;0,32
4212;678;0,00
4213;680;0,12
4214;679;0,02
4216;677;0,00
4217;678;0,00
4218;679;0,02
4219;679;0,02
4221;680;0,12
4222;678;0,00
4224;680;0,12
4225;678;0,00
4227;678;0,00
4228;679;0,02
4229;683;0,42
4230;683;0,42
4232;679;0,02
4233;680;0,12
4234;678;0,00
4235;680;0,12
4236;679;0,02
4238;678;0,00
4239;679;0,02
4240;678;0,00
4241;681;0,22
4243;684;0,52
4244;678;0,00
4245;679;0,02
4246;678;0,00
4248;678;0,00
4249;679;0,02
4250;679;0,02
4251;677;0,00
4253;688;0,92
4254;678;0,00
4255;679;0,02
4256;686;0,72
4258;677;0,00
4259;682;0,32
4260;681;0,22
4261;684;0,52
4263;680;0,12
4264;685;0,62
4265;677;0,00
4267;678;0,00
4269;678;0,00
4270;677;0,00
4271;682;0,32
4272;679;0,02
4274;678;0,00
4275;677;0,00
4276;680;0,12
4277;681;0,22
4279;678;0,00
4280;678;0,00
4281;679;0,02
4282;685;0,62
4284;679;0,02
4285;679;0,02
4286;682;0,32
4287;678;0,00
4289;677;0,00
4290;680;0,12
4291;682;0,32
4292;678;0,00
4294;684;0,52
4295;680;0,12
4296;681;0,22
4297;679;0,02
4298;679;0,02
4300;677;0,00
4301;677;0,00
4302;686;0,72
4303;679;0,02
4305;682;0,32
4306;678;0,00
4307;677;0,00
4308;678;0,00
4311;679;0,02
4312;687;0,82
4313;679;0,02
4314;681;0,22
4316;680;0,12
4317;679;0,02
4318;679;0,02
4319;678;0,00
4321;680;0,12
4322;681;0,22
4323;679;0,02
4324;677;0,00
4326;678;0,00
4327;682;0,32
4328;683;0,42
4329;676;0,00
4331;679;0,02
4332;684;0,52
4333;691;1,22
4334;677;0,00
4336;679;0,02
4337;677;0,00
4338;678;0,00
4339;681;0,22
4341;679;0,02
4342;677;0,00
4343;679;0,02
4344;689;1,02
4346;683;0,42
4347;679;0,02
4348;682;0,32
4349;678;0,00
4352;685;0,62
4353;679;0,02
4354;678;0,00
4355;685;0,62
4357;679;0,02
4358;678;0,00
4359;678;0,00
4360;680;0,12
4362;679;0,02
4363;679;0,02
4364;681;0,22
4365;679;0,02
4366;677;0,00
4368;687;0,82
4369;678;0,00
4370;687;0,82
4371;677;0,00
4373;682;0,32
4374;677;0,00
4375;684;0,52
4376;685;0,62
4378;678;0,00
4379;684;0,52
4380;678;0,00
4381;679;0,02
4383;678;0,00
4384;678;0,00
4385;685;0,62
4386;676;0,00
4388;678;0,00
4389;681;0,22
4390;679;0,02
4391;679;0,02
4393;679;0,02
4395;678;0,00
4396;688;0,92
4397;679;0,02
4399;679;0,02
4400;678;0,00
4401;684;0,52
4402;681;0,22
4404;678;0,00
4405;678;0,00
4406;677;0,00
4407;680;0,12
4409;678;0,00
4410;687;0,82
4411;683;0,42
4412;678;0,00
4414;679;0,02
4415;679;0,02
4416;677;0,00
4417;679;0,02
4419;677;0,00
4420;679;0,02
4421;678;0,00
4422;685;0,62
4424;680;0,12
4425;678;0,00
4426;680;0,12
4427;677;0,00
4428;682;0,32
4430;678;0,00
4431;680;0,12
4432;677;0,00
4433;682;0,32
4435;680;0,12
4436;677;0,00
4438;680;0,12
4439;679;0,02
4441;679;0,02
4442;683;0,42
4443;679;0,02
4444;677;0,00
4446;677;0,00
4447;677;0,00
4448;679;0,02
4449;682;0,32
4451;679;0,02
4452;678;0,00
4453;678;0,00
4454;682;0,32
4456;679;0,02
4457;677;0,00
4458;682;0,32
4459;687;0,82
4461;686;0,72
4462;681;0,22
4463;678;0,00
4464;676;0,00
4466;678;0,00
4467;678;0,00
4468;685;0,62
4469;680;0,12
4471;678;0,00
4472;681;0,22
4473;679;0,02
4474;686;0,72
4476;677;0,00
4477;678;0,00
4478;679;0,02
4480;679;0,02
4482;681;0,22
4483;679;0,02
4484;678;0,00
4485;681;0,22
4487;680;0,12
4488;678;0,00
4489;683;0,42
4490;685;0,62
4492;679;0,02
4493;681;0,22
4494;680;0,12
4495;679;0,02
4496;679;0,02
4498;680;0,12
4499;682;0,32
4500;687;0,82
4501;684;0,52
4503;680;0,12
4504;681;0,22
4505;678;0,00
4506;680;0,12
4508;681;0,22
4509;677;0,00
4510;679;0,02
4511;679;0,02
4513;679;0,02
4514;686;0,72
4515;682;0,32
4516;682;0,32
4518;681;0,22
4519;677;0,00
4520;686;0,72
4521;677;0,00
4524;679;0,02
4525;680;0,12
4526;679;0,02
4527;682;0,32
4529;680;0,12
4530;683;0,42
4531;677;0,00
4532;680;0,12
4534;685;0,62
4535;680;0,12
4536;682;0,32
4537;679;0,02
4539;680;0,12
4540;682;0,32
4541;683;0,42
4542;686;0,72
4544;681;0,22
4545;681;0,22
4546;678;0,00
4547;677;0,00
4549;677;0,00
4550;677;0,00
4551;678;0,00
4552;679;0,02
4554;678;0,00
4555;681;0,22
4556;679;0,02
4557;678;0,00
4559;677;0,00
4560;679;0,02
4561;679;0,02
4562;680;0,12
4563;678;0,00
4566;679;0,02
4567;686;0,72
4568;677;0,00
4569;683;0,42
4571;677;0,00
4572;677;0,00
4573;681;0,22
4574;679;0,02
4576;677;0,00
4577;679;0,02
4578;676;0,00
4579;681;0,22
4581;679;0,02
4582;679;0,02
4583;678;0,00
4584;688;0,92
4586;678;0,00
4587;685;0,62
4588;679;0,02
4589;679;0,02
4591;678;0,00
4592;676;0,00
4593;683;0,42
4594;679;0,02
4596;679;0,02
4597;688;0,92
4598;677;0,00
4599;684;0,52
4601;680;0,12
4602;678;0,00
4603;683;0,42
4604;681;0,22
4606;680;0,12
4608;683;0,42
4609;680;0,12
4610;681;0,22
4612;681;0,22
4613;680;0,12
4614;679;0,02
4615;678;0,00
4617;680;0,12
4618;680;0,12
4619;679;0,02
4620;679;0,02
4622;681;0,22
4623;682;0,32
4624;679;0,02
4625;678;0,00
4626;681;0,22
4628;679;0,02
4629;679;0,02
4630;676;0,00
4631;682;0,32
4633;679;0,02
4634;679;0,02
4635;677;0,00
4636;676;0,00
4638;681;0,22
4639;681;0,22
4640;685;0,62
4641;685;0,62
4643;681;0,22
4644;682;0,32
4645;677;0,00
4646;680;0,12
4648;685;0,62
4649;677;0,00
4651;683;0,42
4652;678;0,00
4654;677;0,00
4655;679;0,02
4656;677;0,00
4657;677;0,00
4659;677;0,00
4660;679;0,02
4661;682;0,32
4662;682;0,32
4664;678;0,00
4665;677;0,00
4666;676;0,00
4667;684;0,52
4669;682;0,32
4670;679;0,02
4671;687;0,82
4672;680;0,12
4674;680;0,12
4675;679;0,02
4676;679;0,02
4677;678;0,00
4679;682;0,32
4680;679;0,02
4681;678;0,00
4682;677;0,00
4684;682;0,32
4685;678;0,00
4686;678;0,00
4687;678;0,00
4689;678;0,00
4690;678;0,00
4691;680;0,12
4692;686;0,72
4694;678;0,00
4696;677;0,00
4697;679;0,02
4698;687;0,82
4699;680;0,12
4701;683;0,42
4702;679;0,02
4703;679;0,02
4704;684;0,52
4706;683;0,42
4707;685;0,62
4708;681;0,22
4709;682;0,32
4711;677;0,00
4712;678;0,00
4713;679;0,02
4714;686;0,72
4716;677;0,00
4717;685;0,62
4718;679;0,02
4719;677;0,00
4721;681;0,22
4722;680;0,12
4723;688;0,92
4724;677;0,00
4726;678;0,00
4727;678;0,00
4728;677;0,00
4729;681;0,22
4731;682;0,32
4732;677;0,00
4733;681;0,22
4734;678;0,00
4737;687;0,82
4738;682;0,32
4739;679;0,02
4740;682;0,32
4742;677;0,00
4743;680;0,12
4744;679;0,02
4745;679;0,02
4747;679;0,02
4748;683;0,42
4749;678;0,00
4750;685;0,62
4752;679;0,02
4753;679;0,02
4754;683;0,42
4755;680;0,12
4756;679;0,02
4758;687;0,82
4759;680;0,12
4760;678;0,00
4761;679;0,02
4763;680;0,12
4764;679;0,02
4765;679;0,02
4766;686;0,72
4768;682;0,32
4769;678;0,00
4770;680;0,12
4771;679;0,02
4773;682;0,32
4774;685;0,62
4775;679;0,02
4776;679;0,02
4779;686;0,72
4780;684;0,52
4781;678;0,00
4782;682;0,32
4784;678;0,00
4785;683;0,42
4786;678;0,00
4787;687;0,82
4789;679;0,02
4790;678;0,00
4791;680;0,12
4792;676;0,00
4794;687;0,82
4795;685;0,62
4796;677;0,00
4797;678;0,00
4799;683;0,42
4800;679;0,02
4801;677;0,00
4802;684;0,52
4804;684;0,52
4805;680;0,12
4806;679;0,02
4807;683;0,42
4809;679;0,02
4810;679;0,02
4811;684;0,52
4812;680;0,12
4814;678;0,00
4815;677;0,00
4816;678;0,00
4817;679;0,02
4819;679;0,02
4820;679;0,02
4822;682;0,32
4823;682;0,32
4824;676;0,00
4826;679;0,02
4827;678;0,00
4828;678;0,00
4829;680;0,12
4831;680;0,12
4832;679;0,02
4833;677;0,00
4834;679;0,02
4836;683;0,42
4837;677;0,00
4838;682;0,32
4839;688;0,92
4841;683;0,42
4842;679;0,02
4843;678;0,00
4844;679;0,02
4846;678;0,00
4847;677;0,00
4848;677;0,00
4849;677;0,00
4851;678;0,00
4852;682;0,32
4853;679;0,02
4854;678;0,00
4856;682;0,32
4857;678;0,00
4858;677;0,00
4859;681;0,22
4861;680;0,12
4862;680;0,12
4864;677;0,00
4865;677;0,00
4867;686;0,72
4868;680;0,12
4869;677;0,00
4870;678;0,00
4872;679;0,02
4873;679;0,02
4874;677;0,00
4875;687;0,82
4877;678;0,00
4878;679;0,02
4879;678;0,00
4880;679;0,02
4882;682;0,32
4883;678;0,00
4884;678;0,00
4885;680;0,12
4886;678;0,00
4888;680;0,12
4889;678;0,00
4890;687;0,82
4891;679;0,02
4893;681;0,22
4894;684;0,52
4895;681;0,22
4896;678;0,00
4898;678;0,00
4899;682;0,32
4900;683;0,42
4901;678;0,00
4903;680;0,12
4904;683;0,42
4905;676;0,00
4907;679;0,02
4909;679;0,02
4910;677;0,00
4911;681;0,22
4912;680;0,12
4914;680;0,12
4915;680;0,12
4916;679;0,02
4917;677;0,00
4919;679;0,02
4920;678;0,00
4921;678;0,00
4922;679;0,02
4924;678;0,00
4925;682;0,32
4926;679;0,02
4927;678;0,00
4929;678;0,00
4930;682;0,32
4931;679;0,02
4932;686;0,72
4934;687;0,82
4935;678;0,00
4936;681;0,22
4937;678;0,00
4939;679;0,02
4940;680;0,12
4941;683;0,42
4942;678;0,00
4944;680;0,12
4945;676;0,00
4946;684;0,52
4947;679;0,02
4950;677;0,00
4951;684;0,52
4952;678;0,00
4953;678;0,00
4954;680;0,12
4956;677;0,00
4957;681;0,22
4958;680;0,12
4959;678;0,00
4961;693;1,43
4962;682;0,32
4963;680;0,12
4964;680;0,12
4966;679;0,02
4967;681;0,22
4968;684;0,52
4969;677;0,00
4971;677;0,00
4972;676;0,00
4973;678;0,00
4974;682;0,32
4976;679;0,02
4977;678;0,00
4978;679;0,02
4979;680;0,12
4981;681;0,22
4982;677;0,00
4983;681;0,22
4984;683;0,42
4986;680;0,12
4987;679;0,02
4988;677;0,00
4989;682;0,32
4992;678;0,00
4993;683;0,42
4994;682;0,32
4995;679;0,02
4997;679;0,02
4998;678;0,00
4999;682;0,32
5000;682;0,32
5002;676;0,00
5003;680;0,12
5004;686;0,72
5005;684;0,52
5007;678;0,00
5008;677;0,00
5009;677;0,00
5010;680;0,12
5012;679;0,02
5013;677;0,00
5014;678;0,00
5015;679;0,02
5016;677;0,00
5018;679;0,02
5019;680;0,12
5020;678;0,00
5021;678;0,00
5023;678;0,00
5024;678;0,00
5025;678;0,00
5026;687;0,82
5028;678;0,00
5029;679;0,02
5030;679;0,02
5031;679;0,02
5033;678;0,00
5035;678;0,00
5036;677;0,00
5037;689;1,02
5039;680;0,12
5040;679;0,02
5041;678;0,00
5042;677;0,00
5044;679;0,02
5045;678;0,00
5046;680;0,12
5047;688;0,92
5049;680;0,12
5050;680;0,12
5051;682;0,32
5052;678;0,00
5054;679;0,02
5055;680;0,12
5056;682;0,32
5057;679;0,02
5059;681;0,22
5060;685;0,62
5061;679;0,02
5062;680;0,12
5064;676;0,00
5065;688;0,92
5066;680;0,12
5067;679;0,02
5069;681;0,22
5070;678;0,00
5071;679;0,02
5072;680;0,12
5074;677;0,00
5075;677;0,00
5076;678;0,00
5078;685;0,62
5080;684;0,52
5081;681;0,22
5082;678;0,00
5083;677;0,00
5084;678;0,00
5086;678;0,00
5087;678;0,00
5088;681;0,22
5089;678;0,00
5091;677;0,00
5092;678;0,00
5093;679;0,02
5094;677;0,00
5096;682;0,32
5097;685;0,62
5098;679;0,02
5099;680;0,12
5101;677;0,00
5102;683;0,42
5103;682;0,32
5104;682;0,32
5106;677;0,00
5107;681;0,22
5108;680;0,12
5109;680;0,12
5111;676;0,00
5112;678;0,00
5113;683;0,42
5114;677;0,00
5116;679;0,02
5117;681;0,22
5118;679;0,02
5120;683;0,42
5122;679;0,02
5123;679;0,02
5124;682;0,32
5125;683;0,42
5127;680;0,12
5128;683;0,42
5129;679;0,02
5130;681;0,22
5132;687;0,82
5133;681;0,22
5134;677;0,00
5135;679;0,02
5137;686;0,72
5138;677;0,00
5139;679;0,02
5140;686;0,72
5142;685;0,62
5143;683;0,42
5144;684;0,52
5145;680;0,12
5146;678;0,00
5148;679;0,02
5149;680;0,12
5150;685;0,62
5151;678;0,00
5153;679;0,02
5154;679;0,02
5155;680;0,12
5156;677;0,00
5158;678;0,00
5159;679;0,02
5160;686;0,72
5161;679;0,02
5164;678;0,00
5165;678;0,00
5166;678;0,00
5167;680;0,12
5169;680;0,12
5170;679;0,02
5171;682;0,32
5172;680;0,12
5174;678;0,00
5175;677;0,00
5176;679;0,02
5177;679;0,02
5179;677;0,00
5180;679;0,02
5181;688;0,92
5182;679;0,02
5184;682;0,32
5185;678;0,00
5186;680;0,12
5187;677;0,00
5189;680;0,12
5190;678;0,00
5191;678;0,00
5192;679;0,02
5194;678;0,00
5195;684;0,52
5196;678;0,00
5197;683;0,42
5199;686;0,72
5200;684;0,52
5201;685;0,62
5202;677;0,00
5204;678;0,00
5206;680;0,12
5207;684;0,52
5208;678;0,00
5210;678;0,00
5211;676;0,00
5212;682;0,32
5213;679;0,02
5214;679;0,02
5216;678;0,00
5217;686;0,72
5218;681;0,22
5219;677;0,00
5221;677;0,00
5222;678;0,00
5223;678;0,00
5224;677;0,00
5226;681;0,22
5227;681;0,22
5228;684;0,52
5229;682;0,32
5231;678;0,00
5232;687;0,82
5233;679;0,02
5234;683;0,42
5236;682;0,32
5237;680;0,12
5238;679;0,02
5239;678;0,00
5241;678;0,00
5242;678;0,00
5243;685;0,62
5244;678;0,00
5246;680;0,12
5248;682;0,32
5249;678;0,00
5250;688;0,92
5252;679;0,02
5253;678;0,00
5254;681;0,22
5255;681;0,22
5257;677;0,00
5258;676;0,00
5259;684;0,52
5260;682;0,32
5262;682;0,32
5263;678;0,00
5264;681;0,22
5265;679;0,02
5267;680;0,12
5268;677;0,00
5269;682;0,32
5270;686;0,72
5272;677;0,00
5273;680;0,12
5274;679;0,02
5275;678;0,00
5276;682;0,32
5278;678;0,00
5279;680;0,12
5280;684;0,52
5281;677;0,00
5283;678;0,00
5284;677;0,00
5285;679;0,02
5286;678;0,00
5288;680;0,12
5289;678;0,00
5291;687;0,82
5292;679;0,02
5294;678;0,00
5295;678;0,00
5296;679;0,02
5297;679;0,02
5299;678;0,00
5300;687;0,82
5301;683;0,42
5302;677;0,00
5304;681;0,22
5305;681;0,22
5306;685;0,62
5307;679;0,02
5309;677;0,00
5310;683;0,42
5311;681;0,22
5312;680;0,12
5314;687;0,82
5315;677;0,00
5316;686;0,72
5317;683;0,42
5319;678;0,00
5320;681;0,22
5321;679;0,02
5322;682;0,32
5324;679;0,02
5325;686;0,72
5326;680;0,12
5327;682;0,32
5329;690;1,12
5330;677;0,00
5331;679;0,02
5332;683;0,42
5335;684;0,52
5336;679;0,02
5337;679;0,02
5338;680;0,12
5340;680;0,12
5341;679;0,02
5342;679;0,02
5343;680;0,12
5344;682;0,32
5346;682;0,32
5347;677;0,00
5348;676;0,00
5349;677;0,00
5351;681;0,22
5352;680;0,12
5353;677;0,00
5354;682;0,32
5356;676;0,00
5357;679;0,02
5358;676;0,00
5359;678;0,00
5361;687;0,82
5362;679;0,02
5363;678;0,00
5364;679;0,02
5366;679;0,02
5367;677;0,00
5368;682;0,32
5369;677;0,00
5371;681;0,22
5372;680;0,12
5373;678;0,00
5374;678;0,00
5377;678;0,00
5378;677;0,00
5379;680;0,12
5380;684;0,52
5382;683;0,42
5383;680;0,12
5384;678;0,00
5385;677;0,00
5387;679;0,02
5388;677;0,00
5389;679;0,02
5390;680;0,12
5392;680;0,12
5393;684;0,52
5394;679;0,02
5395;681;0,22
5397;682;0,32
5398;680;0,12
5399;678;0,00
5400;678;0,00
5402;683;0,42
5403;679;0,02
5404;677;0,00
5405;681;0,22
5406;680;0,12
5408;679;0,02
5409;687;0,82
5410;684;0,52
5411;677;0,00
5413;680;0,12
5414;678;0,00
5415;679;0,02
5416;679;0,02
5419;677;0,00
5420;678;0,00
5421;683;0,42
5422;678;0,00
5424;678;0,00
5425;678;0,00
5426;678;0,00
5427;678;0,00
5429;677;0,00
5430;682;0,32
5431;678;0,00
5432;679;0,02
5434;686;0,72
5435;685;0,62
5436;679;0,02
5437;678;0,00
5439;677;0,00
5440;678;0,00
5441;677;0,00
5442;680;0,12
5444;679;0,02
5445;677;0,00
5446;681;0,22
5447;683;0,42
5449;678;0,00
5450;681;0,22
5451;677;0,00
5452;678;0,00
5454;678;0,00
5455;679;0,02
5456;679;0,02
5457;678;0,00
5459;681;0,22
5460;678;0,00
5462;677;0,00
5463;678;0,00
5465;683;0,42
5466;681;0,22
5467;679;0,02
5468;677;0,00
5470;680;0,12
5471;678;0,00
5472;684;0,52
5473;686;0,72
5474;685;0,62
5476;682;0,32
5477;678;0,00
5478;684;0,52
5479;677;0,00
5481;679;0,02
5482;686;0,72
5483;682;0,32
5484;685;0,62
5486;679;0,02
5487;682;0,32
5488;678;0,00
5489;684;0,52
5491;678;0,00
5492;676;0,00
5493;685;0,62
5494;679;0,02
5496;681;0,22
5497;680;0,12
5498;679;0,02
5499;678;0,00
5501;679;0,02
5502;682;0,32
5504;681;0,22
5505;684;0,52
5507;680;0,12
5508;683;0,42
5509;678;0,00
5510;688;0,92
5512;684;0,52
5513;683;0,42
5514;681;0,22
5515;683;0,42
5517;678;0,00
5518;676;0,00
5519;678;0,00
5520;680;0,12
5522;679;0,02
5523;679;0,02
5524;678;0,00
5525;678;0,00
5527;679;0,02
5528;685;0,62
5529;688;0,92
5530;678;0,00
5532;681;0,22
5533;678;0,00
5534;680;0,12
5535;680;0,12
5536;681;0,22
5538;678;0,00
5539;687;0,82
5540;678;0,00
5541;682;0,32
5543;680;0,12
5544;680;0,12
5545;677;0,00
5547;679;0,02
5549;678;0,00
5550;683;0,42
5551;680;0,12
5552;678;0,00
5554;684;0,52
5555;679;0,02
5556;678;0,00
5557;684;0,52
5559;678;0,00
5560;679;0,02
5561;686;0,72
5562;680;0,12
5564;678;0,00
5565;678;0,00
5566;685;0,62
5567;677;0,00
5569;677;0,00
5570;683;0,42
5571;677;0,00
5572;678;0,00
5574;680;0,12
5575;686;0,72
5576;677;0,00
5577;686;0,72
5579;685;0,62
5580;684;0,52
5581;679;0,02
5582;677;0,00
5584;684;0,52
5585;680;0,12
5586;680;0,12
5587;678;0,00
5590;683;0,42
5591;679;0,02
5592;678;0,00
5593;676;0,00
5595;683;0,42
5596;679;0,02
5597;678;0,00
5598;685;0,62
5600;680;0,12
5601;679;0,02
5602;681;0,22
5603;682;0,32
5604;682;0,32
5606;678;0,00
5607;682;0,32
5608;685;0,62
5609;680;0,12
5611;679;0,02
5612;679;0,02
5613;683;0,42
5614;678;0,00
5616;677;0,00
5617;679;0,02
5618;679;0,02
5619;683;0,42
5621;682;0,32
5622;681;0,22
5623;684;0,52
5624;678;0,00
5626;684;0,52
5627;679;0,02
5628;678;0,00
5629;679;0,02
5632;676;0,00
5633;678;0,00
5634;680;0,12
5635;684;0,52
5637;679;0,02
5638;677;0,00
5639;679;0,02
5640;680;0,12
5642;687;0,82
5643;677;0,00
5644;678;0,00
5645;681;0,22
5647;678;0,00
5648;679;0,02
5649;690;1,12
5650;679;0,02
5652;679;0,02
5653;679;0,02
5654;679;0,02
5655;684;0,52
5657;680;0,12
5658;680;0,12
5659;680;0,12
5660;676;0,00
5662;676;0,00
5663;678;0,00
5664;680;0,12
5665;677;0,00
5667;682;0,32
5668;682;0,32
5669;677;0,00
5670;677;0,00
5671;677;0,00
5673;682;0,32
5675;680;0,12
5676;677;0,00
5677;679;0,02
5679;679;0,02
5680;679;0,02
5681;677;0,00
5682;678;0,00
5684;678;0,00
5685;678;0,00
5686;678;0,00
5687;680;0,12
5689;682;0,32
5690;679;0,02
5691;685;0,62
5692;679;0,02
5694;678;0,00
5695;680;0,12
5696;678;0,00
5697;682;0,32
5699;678;0,00
5700;684;0,52
5701;676;0,00
5702;681;0,22
5704;681;0,22
5705;678;0,00
5706;686;0,72
5707;683;0,42
5709;684;0,52
5710;678;0,00
5711;677;0,00
5712;680;0,12
5714;678;0,00
5715;679;0,02
5716;679;0,02
5718;678;0,00
5720;682;0,32
5721;679;0,02
5722;677;0,00
5723;680;0,12
5725;687;0,82
5726;687;0,82
5727;677;0,00
5728;678;0,00
5730;678;0,00
5731;685;0,62
5732;689;1,02
5733;678;0,00
5734;677;0,00
5736;686;0,72
5737;679;0,02
5738;675;0,00
5739;687;0,82
5741;678;0,00
5742;677;0,00
5743;684;0,52
5744;682;0,32
5746;676;0,00
5747;678;0,00
5748;678;0,00
5749;681;0,22
5751;678;0,00
5752;677;0,00
5753;677;0,00
5754;681;0,22
5756;679;0,02
5757;679;0,02
5758;682;0,32
5760;677;0,00
5762;680;0,12
5763;677;0,00
5764;678;0,00
5765;676;0,00
5767;682;0,32
5768;677;0,00
5769;678;0,00
5770;676;0,00
5772;677;0,00
5773;676;0,00
5774;677;0,00
5775;677;0,00
5777;678;0,00
5778;679;0,02
5779;677;0,00
5780;678;0,00
5782;678;0,00
5783;677;0,00
5784;680;0,12
5785;679;0,02
5787;678;0,00
5788;677;0,00
5789;680;0,12
5790;680;0,12
5792;677;0,00
5793;679;0,02
5794;683;0,42
5795;682;0,32
5797;678;0,00
5798;681;0,22
5799;677;0,00
5800;687;0,82
5801;681;0,22
5804;677;0,00
5805;680;0,12
5806;679;0,02
5807;680;0,12
5809;678;0,00
5810;684;0,52
5811;685;0,62
5812;682;0,32
5814;679;0,02
5815;677;0,00
5816;679;0,02
5817;677;0,00
5819;687;0,82
5820;686;0,72
5821;677;0,00
5822;680;0,12
5824;678;0,00
5825;677;0,00
5826;682;0,32
5827;682;0,32
5829;686;0,72
5830;681;0,22
5831;684;0,52
5832;679;0,02
5834;686;0,72
5835;678;0,00
5836;679;0,02
5837;678;0,00
5839;680;0,12
5840;681;0,22
5841;678;0,00
5842;680;0,12
5844;679;0,02
5846;681;0,22
5847;679;0,02
5848;685;0,62
5850;687;0,82
5851;678;0,00
5852;682;0,32
5853;685;0,62
5855;678;0,00
5856;680;0,12
5857;680;0,12
5858;678;0,00
5860;680;0,12
5861;679;0,02
5862;678;0,00
5863;678;0,00
5865;679;0,02
5866;679;0,02
5867;676;0,00
5868;681;0,22
5869;678;0,00
5871;686;0,72
5872;687;0,82
5873;677;0,00
5874;679;0,02
5876;686;0,72
5877;685;0,62
5878;677;0,00
5879;679;0,02
5881;676;0,00
5882;678;0,00
5883;678;0,00
5884;678;0,00
5886;677;0,00
5888;680;0,12
5889;680;0,12
5890;678;0,00
5892;676;0,00
5893;677;0,00
5894;679;0,02
5895;679;0,02
5897;683;0,42
5898;679;0,02
5899;677;0,00
5900;677;0,00
5902;679;0,02
5903;678;0,00
5904;677;0,00
5905;681;0,22
5907;678;0,00
5908;678;0,00
5909;678;0,00
5910;677;0,00
5912;685;0,62
5913;680;0,12
5914;677;0,00
5915;684;0,52
5917;676;0,00
5918;683;0,42
5919;677;0,00
5920;684;0,52
5922;686;0,72
5923;680;0,12
5924;679;0,02
5925;681;0,22
5927;682;0,32
5928;677;0,00
5929;680;0,12
5931;678;0,00
5932;681;0,22
5934;684;0,52
5935;677;0,00
5936;679;0,02
5937;686;0,72
5939;677;0,00
5940;679;0,02
5941;680;0,12
5942;677;0,00
5944;680;0,12
5945;678;0,00
5946;681;0,22
5947;681;0,22
5949;679;0,02
5950;678;0,00
5951;677;0,00
5952;678;0,00
5954;677;0,00
5955;679;0,02
5956;677;0,00
5957;678;0,00
5959;679;0,02
5960;681;0,22
5961;679;0,02
5962;682;0,32
5964;678;0,00
5965;682;0,32
5966;679;0,02
5967;678;0,00
5969;678;0,00
5970;679;0,02
5971;677;0,00
5972;679;0,02
5975;678;0,00
5976;679;0,02
5977;679;0,02
5978;678;0,00
5980;677;0,00
5981;679;0,02
5982;679;0,02
5983;677;0,00
5985;688;0,92
5986;680;0,12
5987;677;0,00
5988;682;0,32
5990;687;0,82
5991;683;0,42
5992;685;0,62
5993;677;0,00
5994;680;0,12
5996;680;0,12
5997;680;0,12
5998;679;0,02
5999;683;0,42
6001;678;0,00
6002;680;0,12
6003;677;0,00
6004;679;0,02
6006;678;0,00
6007;678;0,00
6008;678;0,00
6009;681;0,22
6011;681;0,22
6012;679;0,02
6013;682;0,32
6014;677;0,00
6017;680;0,12
6018;678;0,00
6019;683;0,42
6020;676;0,00
6022;678;0,00
6023;682;0,32
6024;685;0,62
6025;678;0,00
6027;680;0,12
6028;678;0,00
6029;686;0,72
6030;678;0,00
6032;676;0,00
6033;682;0,32
6034;685;0,62
6035;679;0,02
6037;677;0,00
6038;685;0,62
6039;677;0,00
6040;678;0,00
6042;685;0,62
6043;679;0,02
6044;679;0,02
6045;679;0,02
6047;677;0,00
6048;680;0,12
6049;678;0,00
6050;678;0,00
6052;679;0,02
6053;680;0,12
6054;677;0,00
6055;677;0,00
6057;684;0,52
6059;685;0,62
6060;681;0,22
6061;678;0,00
6062;681;0,22
6064;683;0,42
6065;691;1,22
6066;678;0,00
6067;677;0,00
6069;687;0,82
6070;679;0,02
6071;684;0,52
6072;680;0,12
6074;686;0,72
6075;683;0,42
6076;682;0,32
6077;678;0,00
6079;677;0,00
6080;685;0,62
6081;680;0,12
6082;678;0,00
6084;679;0,02
6085;677;0,00
6086;679;0,02
6087;677;0,00
6089;678;0,00
6090;683;0,42
6091;678;0,00
6092;682;0,32
6094;678;0,00
6095;681;0,22
6096;678;0,00
6097;678;0,00
6099;680;0,12
6100;677;0,00
6102;679;0,02
6103;677;0,00
6105;681;0,22
6106;678;0,00
6107;681;0,22
6108;686;0,72
6110;679;0,02
6111;677;0,00
6112;680;0,12
6113;678;0,00
6115;681;0,22
6116;684;0,52
6117;688;0,92
6118;678;0,00
6120;678;0,00
6121;679;0,02
6122;679;0,02
6123;678;0,00
6124;681;0,22
6126;683;0,42
6127;682;0,32
6128;679;0,02
6129;682;0,32
6131;678;0,00
6132;682;0,32
6133;681;0,22
6134;678;0,00
6136;678;0,00
6137;678;0,00
6138;678;0,00
6139;679;0,02
6141;678;0,00
6142;682;0,32
6144;680;0,12
6145;678;0,00
6147;679;0,02
6148;678;0,00
6149;680;0,12
6150;679;0,02
6152;678;0,00
6153;682;0,32
6154;685;0,62
6155;678;0,00
6157;677;0,00
6158;688;0,92
6159;681;0,22
6160;677;0,00
6162;681;0,22
6163;677;0,00
6164;677;0,00
6165;676;0,00
6167;679;0,02
6168;679;0,02
6169;678;0,00
6170;680;0,12
6172;680;0,12
6173;679;0,02
6174;679;0,02
6175;679;0,02
6177;678;0,00
6178;679;0,02
6179;682;0,32
6180;679;0,02
6182;679;0,02
6183;677;0,00
6184;680;0,12
6185;686;0,72
6188;678;0,00
6189;677;0,00
6190;683;0,42
6191;684;0,52
6192;678;0,00
6194;681;0,22
6195;678;0,00
6196;683;0,42
6197;677;0,00
6199;679;0,02
6200;685;0,62
6201;677;0,00
6202;680;0,12
6204;678;0,00
6205;682;0,32
6206;678;0,00
6207;679;0,02
6209;679;0,02
6210;678;0,00
6211;679;0,02
6212;685;0,62
6214;684;0,52
6215;677;0,00
6216;683;0,42
6217;678;0,00
6219;678;0,00
6220;680;0,12
6221;679;0,02
6222;680;0,12
6224;676;0,00
6225;680;0,12
6226;678;0,00
6227;678;0,00
6230;677;0,00
6231;680;0,12
6232;673;0,00
6233;678;0,00
6235;680;0,12
6236;682;0,32
6237;678;0,00
6238;682;0,32
6240;679;0,02
6241;681;0,22
6242;680;0,12
6243;684;0,52
6245;680;0,12
6246;677;0,00
6247;691;1,22
6248;679;0,02
6250;685;0,62
6251;679;0,02
6252;677;0,00
6253;680;0,12
6255;677;0,00
6256;676;0,00
6257;678;0,00
6258;681;0,22
6259;678;0,00
6261;687;0,82
6262;683;0,42
6263;690;1,12
6264;678;0,00
6266;679;0,02
6267;682;0,32
6268;678;0,00
6269;677;0,00
6272;684;0,52
6273;677;0,00
6274;678;0,00
6275;678;0,00
6277;679;0,02
6278;684;0,52
6279;678;0,00
6280;678;0,00
6282;679;0,02
6283;683;0,42
6284;681;0,22
6285;679;0,02
6287;682;0,32
6288;677;0,00
6289;687;0,82
6290;678;0,00
6292;677;0,00
6293;678;0,00
6294;680;0,12
6295;678;0,00
6297;679;0,02
6298;677;0,00
6299;682;0,32
6300;680;0,12
6302;677;0,00
6303;680;0,12
6304;678;0,00
6305;681;0,22
6307;678;0,00
6308;678;0,00
6309;682;0,32
6310;679;0,02
6312;680;0,12
6313;681;0,22
6315;679;0,02
6316;677;0,00
6318;679;0,02
6319;685;0,62
6320;677;0,00
6321;678;0,00
6322;678;0,00
6324;679;0,02
6325;679;0,02
6326;682;0,32
6327;681;0,22
6329;677;0,00
6330;678;0,00
6331;677;0,00
6332;684;0,52
6334;681;0,22
6335;677;0,00
6336;682;0,32
6337;678;0,00
6339;680;0,12
6340;678;0,00
6341;682;0,32
6342;680;0,12
6344;686;0,72
6345;679;0,02
6346;679;0,02
6347;681;0,22
6349;680;0,12
6350;684;0,52
6351;688;0,92
6352;680;0,12
6354;680;0,12
6355;678;0,00
6356;677;0,00
6358;677;0,00
6360;681;0,22
6361;677;0,00
6362;677;0,00
6363;678;0,00
6365;681;0,22
6366;684;0,52
6367;679;0,02
6368;679;0,02
6370;678;0,00
6371;685;0,62
6372;678;0,00
6373;679;0,02
6375;678;0,00
6376;678;0,00
6377;683;0,42
6378;678;0,00
6380;678;0,00
6381;679;0,02
6382;683;0,42
6383;684;0,52
6385;680;0,12
6386;678;0,00
6387;681;0,22
6388;680;0,12
6389;682;0,32
6391;679;0,02
6392;677;0,00
6393;677;0,00
6394;678;0,00
6396;682;0,32
6397;678;0,00
6398;684;0,52
6400;679;0,02
6402;676;0,00
6403;687;0,82
6404;680;0,12
6405;682;0,32
6407;677;0,00
6408;681;0,22
6409;678;0,00
6410;684;0,52
6412;681;0,22
6413;680;0,12
6414;681;0,22
6415;683;0,42
6417;678;0,00
6418;679;0,02
6419;678;0,00
6420;676;0,00
6422;684;0,52
6423;679;0,02
6424;678;0,00
6425;679;0,02
6427;680;0,12
6428;684;0,52
6429;680;0,12
6430;685;0,62
6432;679;0,02
6433;677;0,00
6434;678;0,00
6435;684;0,52
6437;679;0,02
6438;681;0,22
6439;685;0,62
6440;683;0,42
6443;677;0,00
6444;678;0,00
6445;687;0,82
6446;680;0,12
6448;682;0,32
6449;679;0,02
6450;680;0,12
6451;685;0,62
6453;678;0,00
6454;679;0,02
6455;682;0,32
6456;687;0,82
6457;678;0,00
6459;677;0,00
6460;679;0,02
6461;678;0,00
6462;677;0,00
6464;678;0,00
6465;677;0,00
6466;682;0,32
6467;677;0,00
6469;685;0,62
6470;679;0,02
6471;687;0,82
6472;681;0,22
6474;678;0,00
6475;679;0,02
6476;679;0,02
6477;685;0,62
6479;679;0,02
6480;679;0,02
6481;683;0,42
6482;682;0,32
6484;678;0,00
6486;678;0,00
6487;677;0,00
6488;680;0,12
6490;681;0,22
6491;679;0,02
6492;680;0,12
6493;680;0,12
6495;678;0,00
6496;678;0,00
6497;678;0,00
6498;677;0,00
6500;679;0,02
6501;679;0,02
6502;678;0,00
6503;679;0,02
6505;678;0,00
6506;678;0,00
6507;682;0,32
6508;686;0,72
6510;683;0,42
6511;684;0,52
6512;682;0,32
6513;677;0,00
6515;684;0,52
6516;679;0,02
6517;679;0,02
6518;678;0,00
6519;677;0,00
6521;677;0,00
6522;679;0,02
6523;677;0,00
6524;678;0,00
6526;683;0,42
6528;681;0,22
6529;677;0,00
6530;679;0,02
6532;681;0,22
6533;680;0,12
6534;679;0,02
6535;680;0,12
6537;680;0,12
6538;678;0,00
6539;682;0,32
6540;678;0,00
6542;678;0,00
6543;678;0,00
6544;678;0,00
6545;683;0,42
6547;685;0,62
6548;679;0,02
6549;677;0,00
6550;679;0,02
6552;682;0,32
6553;679;0,02
6554;678;0,00
6555;684;0,52
6557;680;0,12
6558;685;0,62
6559;679;0,02
6560;678;0,00
6562;688;0,92
6563;684;0,52
6564;679;0,02
6565;679;0,02
6567;686;0,72
6568;679;0,02
6569;677;0,00
6571;677;0,00
6573;682;0,32
6574;684;0,52
6575;680;0,12
6576;679;0,02
6578;680;0,12
6579;678;0,00
6580;677;0,00
6581;682;0,32
6582;683;0,42
6584;679;0,02
6585;681;0,22
6586;677;0,00
6587;679;0,02
6589;679;0,02
6590;683;0,42
6591;682;0,32
6592;681;0,22
6594;685;0,62
6595;680;0,12
6596;679;0,02
6597;681;0,22
6599;679;0,02
6600;679;0,02
6601;678;0,00
6602;677;0,00
6604;685;0,62
6605;683;0,42
6606;678;0,00
6607;677;0,00
6609;686;0,72
6610;677;0,00
6611;679;0,02
6612;680;0,12
6615;681;0,22
6616;687;0,82
6617;678;0,00
6618;679;0,02
6620;677;0,00
6621;687;0,82
6622;678;0,00
6623;677;0,00
6625;678;0,00
6626;678;0,00
6627;680;0,12
6628;677;0,00
6630;678;0,00
6631;678;0,00
6632;678;0,00
6633;677;0,00
6635;677;0,00
6636;678;0,00
6637;680;0,12
6638;685;0,62
6640;681;0,22
6641;680;0,12
6642;678;0,00
6643;682;0,32
6645;681;0,22
6646;686;0,72
6647;680;0,12
6648;683;0,42
6649;680;0,12
6651;683;0,42
6652;679;0,02
6653;678;0,00
6654;680;0,12
6657;690;1,12
6658;691;1,22
6659;684;0,52
6660;682;0,32
6662;684;0,52
6663;684;0,52
6664;684;0,52
6665;680;0,12
6667;679;0,02
6668;680;0,12
6669;680;0,12
6670;678;0,00
6672;680;0,12
6673;679;0,02
6674;679;0,02
6675;678;0,00
6677;680;0,12
6678;679;0,02
6679;678;0,00
6680;681;0,22
6682;681;0,22
6683;687;0,82
6684;682;0,32
6685;684;0,52
6687;678;0,00
6688;679;0,02
6689;685;0,62
6690;678;0,00
6692;680;0,12
6693;684;0,52
6694;680;0,12
6695;680;0,12
6697;683;0,42
6699;680;0,12
6700;681;0,22
6701;679;0,02
6703;684;0,52
6704;676;0,00
6705;677;0,00
6706;677;0,00
6708;683;0,42
6709;679;0,02
6710;677;0,00
6711;676;0,00
6713;679;0,02
6714;681;0,22
6715;678;0,00
6716;681;0,22
6717;680;0,12
6719;679;0,02
6720;682;0,32
6721;678;0,00
6722;680;0,12
6724;677;0,00
6725;678;0,00
6726;679;0,02
6727;677;0,00
6729;678;0,00
6730;681;0,22
6731;678;0,00
6732;679;0,02
6734;678;0,00
6735;679;0,02
6736;679;0,02
6737;677;0,00
6739;678;0,00
6740;678;0,00
6742;679;0,02
6743;679;0,02
6745;680;0,12
6746;678;0,00
6747;677;0,00
6748;678;0,00
6750;681;0,22
6751;679;0,02
6752;682;0,32
6753;681;0,22
6755;679;0,02
6756;677;0,00
6757;678;0,00
6758;682;0,32
6760;683;0,42
6761;678;0,00
6762;677;0,00
6763;679;0,02
6765;687;0,82
6766;684;0,52
6767;680;0,12
6768;676;0,00
6770;681;0,22
6771;680;0,12
6772;688;0,92
6773;676;0,00
6775;681;0,22
6776;678;0,00
6777;679;0,02
6778;677;0,00
6779;676;0,00
6781;676;0,00
6782;686;0,72
6784;677;0,00
6785;680;0,12
6787;679;0,02
6788;680;0,12
6789;679;0,02
6790;680;0,12
6792;678;0,00
6793;679;0,02
6794;678;0,00
6795;678;0,00
6797;677;0,00
6798;676;0,00
6799;686;0,72
6800;678;0,00
6802;682;0,32
6803;676;0,00
6804;677;0,00
6805;678;0,00
6807;679;0,02
6808;681;0,22
6809;686;0,72
6810;677;0,00
6812;677;0,00
6813;685;0,62
6814;678;0,00
6815;678;0,00
6817;679;0,02
6818;680;0,12
6819;679;0,02
6820;676;0,00
6822;678;0,00
6823;679;0,02
6824;681;0,22
6825;678;0,00
6828;678;0,00
6829;678;0,00
6830;679;0,02
6831;680;0,12
6833;683;0,42
6834;678;0,00
6835;679;0,02
6836;686;0,72
6838;683;0,42
6839;677;0,00
6840;679;0,02
6841;682;0,32
6843;678;0,00
6844;678;0,00
6845;679;0,02
6846;682;0,32
6847;683;0,42
6849;681;0,22
6850;680;0,12
6851;679;0,02
6852;677;0,00
6854;685;0,62
6855;679;0,02
6856;680;0,12
6857;681;0,22
6859;680;0,12
6860;679;0,02
6861;681;0,22
6862;689;1,02
6864;679;0,02
6865;680;0,12
6866;682;0,32
6867;685;0,62
6870;688;0,92
6871;682;0,32
6872;681;0,22
6873;679;0,02
6875;693;1,43
6876;679;0,02
6877;681;0,22
6878;678;0,00
6880;680;0,12
6881;678;0,00
6882;681;0,22
6883;678;0,00
6885;677;0,00
6886;679;0,02
6887;677;0,00
6888;679;0,02
6890;679;0,02
6891;683;0,42
6892;684;0,52
6893;678;0,00
6895;683;0,42
6896;681;0,22
6897;680;0,12
6898;683;0,42
6900;681;0,22
6901;681;0,22
6902;680;0,12
6903;682;0,32
6905;679;0,02
6906;683;0,42
6907;688;0,92
6908;678;0,00
6909;680;0,12
6912;679;0,02
6913;678;0,00
6914;679;0,02
6915;678;0,00
6917;679;0,02
6918;680;0,12
6919;679;0,02
6920;679;0,02
6922;679;0,02
6923;677;0,00
6924;679;0,02
6925;680;0,12
6927;678;0,00
6928;678;0,00
6929;677;0,00
6930;680;0,12
6932;678;0,00
6933;680;0,12
6934;688;0,92
6935;678;0,00
6937;679;0,02
6938;679;0,02
6939;681;0,22
6940;678;0,00
6942;680;0,12
6943;678;0,00
6944;678;0,00
6945;678;0,00
6947;677;0,00
6948;679;0,02
6949;677;0,00
6950;681;0,22
6952;679;0,02
6953;685;0,62
6955;678;0,00
6956;678;0,00
6958;679;0,02
6959;681;0,22
6960;682;0,32
6961;680;0,12
6963;680;0,12
6964;678;0,00
6965;680;0,12
6966;677;0,00
6968;679;0,02
6969;681;0,22
6970;687;0,82
6971;680;0,12
6973;680;0,12
6974;679;0,02
6975;680;0,12
6976;687;0,82
6977;678;0,00
6979;678;0,00
6980;691;1,22
6981;679;0,02
6982;683;0,42
6984;680;0,12
6985;682;0,32
6986;683;0,42
6987;680;0,12
6989;678;0,00
6990;682;0,32
6991;679;0,02
6992;680;0,12
6994;679;0,02
6995;681;0,22
6996;680;0,12
6998;681;0,22
7000;680;0,12
7001;679;0,02
7002;682;0,32
7003;680;0,12
7005;678;0,00
7006;681;0,22
7007;680;0,12
7008;682;0,32
7010;685;0,62
7011;683;0,42
7012;681;0,22
7013;681;0,22
7015;688;0,92
7016;681;0,22
7017;685;0,62
7018;686;0,72
7020;680;0,12
7021;685;0,62
7022;687;0,82
7023;681;0,22
7025;678;0,00
7026;680;0,12
7027;681;0,22
7028;678;0,00
7030;680;0,12
7031;680;0,12
7032;687;0,82
7033;681;0,22
7035;681;0,22
7036;681;0,22
7037;679;0,02
7038;683;0,42
7040;686;0,72
7042;686;0,72
7043;682;0,32
7044;678;0,00
7045;684;0,52
7047;682;0,32
7048;681;0,22
7049;681;0,22
7050;680;0,12
7052;682;0,32
7053;684;0,52
7054;680;0,12
7055;685;0,62
7057;684;0,52
7058;683;0,42
7059;689;1,02
7060;681;0,22
7062;683;0,42
7063;682;0,32
7064;682;0,32
7065;683;0,42
7067;683;0,42
7068;683;0,42
7069;681;0,22
7070;683;0,42
7072;684;0,52
7073;683;0,42
7074;683;0,42
7075;685;0,62
7077;685;0,62
7078;684;0,52
7079;684;0,52
7080;685;0,62
7083;683;0,42
7084;683;0,42
7085;684;0,52
7086;685;0,62
7088;684;0,52
7089;684;0,52
7090;686;0,72
7091;684;0,52
7093;684;0,52
7094;686;0,72
7095;689;1,02
7096;686;0,72
7098;686;0,72
7099;684;0,52
7100;688;0,92
7101;683;0,42
7103;687;0,82
7104;684;0,52
7105;684;0,52
7106;683;0,42
7107;685;0,62
7109;693;1,43
7110;686;0,72
7111;683;0,42
7112;685;0,62
7114;685;0,62
7115;684;0,52
7116;685;0,62
7117;691;1,22
7119;683;0,42
7120;683;0,42
7121;685;0,62
7122;686;0,72
7124;681;0,22
7126;681;0,22
7127;682;0,32
7128;681;0,22
7130;681;0,22
7131;683;0,42
7132;682;0,32
7133;682;0,32
7135;683;0,42
7136;683;0,42
7137;688;0,92
7138;683;0,42
7140;686;0,72
7141;680;0,12
7142;685;0,62
7143;685;0,62
7145;681;0,22
7146;691;1,22
7147;681;0,22
7148;683;0,42
7150;684;0,52
7151;682;0,32
7152;684;0,52
7153;684;0,52
7155;685;0,62
7156;682;0,32
7157;684;0,52
7158;684;0,52
7160;687;0,82
7161;685;0,62
7162;682;0,32
7163;684;0,52
7165;684;0,52
7166;682;0,32
7168;682;0,32
7169;684;0,52
7170;684;0,52
7172;683;0,42
7173;683;0,42
7174;685;0,62
7175;683;0,42
7177;688;0,92
7178;690;1,12
7179;684;0,52
7180;684;0,52
7182;682;0,32
7183;685;0,62
7184;686;0,72
7185;684;0,52
7187;683;0,42
7188;684;0,52
7189;691;1,22
7190;684;0,52
7192;688;0,92
7193;685;0,62
7194;684;0,52
7195;686;0,72
7197;685;0,62
7198;683;0,42
7199;686;0,72
7200;682;0,32
7202;688;0,92
7203;688;0,92
7204;691;1,22
7205;688;0,92
7207;685;0,62
7208;686;0,72
7209;682;0,32
7211;685;0,62
7213;688;0,92
7214;689;1,02
7215;684;0,52
7216;684;0,52
7218;682;0,32
7219;689;1,02
7220;691;1,22
7221;683;0,42
7223;683;0,42
7224;690;1,12
7225;691;1,22
7226;692;1,32
7228;683;0,42
7229;683;0,42
7230;686;0,72
7231;686;0,72
7233;689;1,02
7234;685;0,62
7235;691;1,22
7236;686;0,72
7237;688;0,92
7239;687;0,82
7240;686;0,72
7241;685;0,62
7242;686;0,72
7244;685;0,62
7245;686;0,72
7246;687;0,82
7247;689;1,02
7249;687;0,82
7250;688;0,92
7251;687;0,82
7252;686;0,72
7255;688;0,92
7256;687;0,82
7257;689;1,02
7258;688;0,92
7260;688;0,92
7261;687;0,82
7262;689;1,02
7263;692;1,32
7265;694;1,53
7266;689;1,02
7267;689;1,02
7268;689;1,02
7270;688;0,92
7271;690;1,12
7272;690;1,12
7273;690;1,12
7275;691;1,22
7276;694;1,53
7277;690;1,12
7278;688;0,92
7280;690;1,12
7281;694;1,53
7282;691;1,22
7283;692;1,32
7285;691;1,22
7286;690;1,12
7287;692;1,32
7288;694;1,53
7290;694;1,53
7291;696;1,73
7292;693;1,43
7293;693;1,43
7296;693;1,43
7297;692;1,32
7298;694;1,53
7299;698;1,93
7300;692;1,32
7302;693;1,43
7303;692;1,32
7304;692;1,32
7305;691;1,22
7307;693;1,43
7308;694;1,53
7309;698;1,93
7310;692;1,32
7312;696;1,73
7313;696;1,73
7314;692;1,32
7315;692;1,32
7317;698;1,93
7318;695;1,63
7319;692;1,32
7320;697;1,83
7322;695;1,63
7323;696;1,73
7324;697;1,83
7325;695;1,63
7327;693;1,43
7328;696;1,73
7329;695;1,63
7330;694;1,53
7332;699;2,03
7333;695;1,63
7334;696;1,73
7335;699;2,03
7337;697;1,83
7339;697;1,83
7340;698;1,93
7341;698;1,93
7343;697;1,83
7344;697;1,83
7345;696;1,73
7346;697;1,83
7348;696;1,73
7349;699;2,03
7350;699;2,03
7351;698;1,93
7353;698;1,93
7354;700;2,13
7355;699;2,03
7356;699;2,03
7358;703;2,43
7359;699;2,03
7360;699;2,03
7361;700;2,13
7363;700;2,13
7364;703;2,43
7365;699;2,03
7366;699;2,03
7367;701;2,23
7369;701;2,23
7370;701;2,23
7371;701;2,23
7372;702;2,33
7374;698;1,93
7375;699;2,03
7376;700;2,13
7377;701;2,23
7379;700;2,13
7380;701;2,23
7382;703;2,43
7383;701;2,23
7385;701;2,23
7386;701;2,23
7387;703;2,43
7388;703;2,43
7390;702;2,33
7391;699;2,03
7392;702;2,33
7393;703;2,43
7395;701;2,23
7396;701;2,23
7397;701;2,23
7398;698;1,93
7400;701;2,23
7401;700;2,13
7402;701;2,23
7403;702;2,33
7405;700;2,13
7406;700;2,13
7407;699;2,03
7408;703;2,43
7410;702;2,33
7411;701;2,23
7412;703;2,43
7413;701;2,23
7415;700;2,13
7416;699;2,03
7417;703;2,43
7418;701;2,23
7420;702;2,33
7421;701;2,23
7422;701;2,23
7424;701;2,23
7426;702;2,33
7427;702;2,33
7428;701;2,23
7429;703;2,43
7430;700;2,13
7432;703;2,43
7433;703;2,43
7434;702;2,33
7435;700;2,13
7437;701;2,23
7438;701;2,23
7439;702;2,33
7440;701;2,23
7442;702;2,33
7443;702;2,33
7444;700;2,13
7445;702;2,33
7447;702;2,33
7448;701;2,23
7449;701;2,23
7450;702;2,33
7452;705;2,63
7453;705;2,63
7454;701;2,23
7455;702;2,33
7457;702;2,33
7458;703;2,43
7459;702;2,33
7460;701;2,23
7462;702;2,33
7463;701;2,23
7464;704;2,53
7465;705;2,63
7468;702;2,33
7469;703;2,43
7470;700;2,13
7471;701;2,23
7473;702;2,33
7474;702;2,33
7475;701;2,23
7476;702;2,33
7478;701;2,23
7479;699;2,03
7480;701;2,23
7481;702;2,33
7483;701;2,23
7484;705;2,63
7485;700;2,13
7486;701;2,23
7488;701;2,23
7489;701;2,23
7490;702;2,33
7491;701;2,23
7492;701;2,23
7494;701;2,23
7495;700;2,13
7496;702;2,33
7497;701;2,23
7499;700;2,13
7500;706;2,73
7501;702;2,33
7502;700;2,13
7504;702;2,33
7505;705;2,63
7506;701;2,23
7507;703;2,43
7510;701;2,23
7511;702;2,33
7512;701;2,23
7513;701;2,23
7515;704;2,53
7516;703;2,43
7517;703;2,43
7518;703;2,43
7520;702;2,33
7521;701;2,23
7522;701;2,23
7523;701;2,23
7525;704;2,53
7526;701;2,23
7527;703;2,43
7528;703;2,43
7530;702;2,33
7531;703;2,43
7532;705;2,63
7533;708;2,94
7535;701;2,23
7536;702;2,33
7537;705;2,63
7538;703;2,43
7540;702;2,33
7541;703;2,43
7542;703;2,43
7543;702;2,33
7545;703;2,43
7546;702;2,33
7547;702;2,33
7548;702;2,33
7550;703;2,43
7552;702;2,33
7553;703;2,43
7554;702;2,33
7556;701;2,23
7557;703;2,43
7558;705;2,63
7559;703;2,43
7560;704;2,53
7562;701;2,23
7563;703;2,43
7564;705;2,63
7565;704;2,53
7567;703;2,43
7568;702;2,33
7569;706;2,73
7570;704;2,53
7572;705;2,63
7573;702;2,33
7574;703;2,43
7575;706;2,73
7577;707;2,83
7578;703;2,43
7579;703;2,43
7580;704;2,53
7582;704;2,53
7583;703;2,43
7584;704;2,53
7585;706;2,73
7587;704;2,53
7588;706;2,73
7589;705;2,63
7590;705;2,63
7592;706;2,73
7593;704;2,53
7595;710;3,14
7596;705;2,63
7598;705;2,63
7599;709;3,04
7600;708;2,94
7601;706;2,73
7603;707;2,83
7604;707;2,83
7605;711;3,24
7606;705;2,63
7608;710;3,14
7609;708;2,94
7610;708;2,94
7611;710;3,14
7613;710;3,14
7614;709;3,04
7615;707;2,83
7616;707;2,83
7618;709;3,04
7619;709;3,04
7620;712;3,34
7621;709;3,04
7623;709;3,04
7624;710;3,14
7625;709;3,04
7626;715;3,64
7627;709;3,04
7629;710;3,14
7630;712;3,34
7631;709;3,04
7632;709;3,04
7634;709;3,04
7635;710;3,14
7636;717;3,84
7638;715;3,64
7640;711;3,24
7641;709;3,04
7642;710;3,14
7643;710;3,14
7645;710;3,14
7646;710;3,14
7647;709;3,04
7648;711;3,24
7650;711;3,24
7651;710;3,14
7652;709;3,04
7653;714;3,54
7655;712;3,34
7656;713;3,44
7657;711;3,24
7658;711;3,24
7660;710;3,14
7661;714;3,54
7662;711;3,24
7663;713;3,44
7665;713;3,44
7666;711;3,24
7667;714;3,54
7668;712;3,34
7670;711;3,24
7671;711;3,24
7672;715;3,64
7673;714;3,54
7675;714;3,54
7676;718;3,94
7677;713;3,44
7678;711;3,24
7681;713;3,44
7682;712;3,34
7683;713;3,44
7684;713;3,44
7686;713;3,44
7687;712;3,34
7688;712;3,34
7689;715;3,64
7691;714;3,54
7692;713;3,44
7693;713;3,44
7694;713;3,44
7695;712;3,34
7697;716;3,74
7698;715;3,64
7699;712;3,34
7700;716;3,74
7702;717;3,84
7703;714;3,54
7704;711;3,24
7705;714;3,54
7707;715;3,64
7708;714;3,54
7709;713;3,44
7710;711;3,24
7712;714;3,54
7713;713;3,44
7714;715;3,64
7715;716;3,74
7717;715;3,64
7718;714;3,54
7719;713;3,44
7720;715;3,64
7723;716;3,74
7724;713;3,44
7725;715;3,64
7726;716;3,74
7728;715;3,64
7729;715;3,64
7730;715;3,64
7731;713;3,44
7733;719;4,04
7734;715;3,64
7735;714;3,54
7736;714;3,54
7738;715;3,64
7739;719;4,04
7740;721;4,24
7741;720;4,14
7743;726;4,75
7744;718;3,94
7745;719;4,04
7746;720;4,14
7748;722;4,34
7749;724;4,55
7750;723;4,45
7751;724;4,55
7753;726;4,75
7754;726;4,75
7755;730;5,15
7756;727;4,85
7757;728;4,95
7759;729;5,05
7760;729;5,05
7761;734;5,55
7762;734;5,55
7764;732;5,35
7766;733;5,45
7767;733;5,45
7768;737;5,85
7770;737;5,85
7771;737;5,85
7772;734;5,55
7773;736;5,75
7775;734;5,55
7776;733;5,45
7777;733;5,45
7778;734;5,55
7780;733;5,45
7781;735;5,65
7782;733;5,45
7783;731;5,25
7785;731;5,25
7786;728;4,95
7787;731;5,25
7788;730;5,15
7790;729;5,05
7791;727;4,85
7792;727;4,85
7793;726;4,75
7795;725;4,65
7796;726;4,75
7797;725;4,65
7798;727;4,85
7800;726;4,75
7801;732;5,35
7802;727;4,85
7803;728;4,95
7805;726;4,75
7806;727;4,85
7808;725;4,65
7809;724;4,55
7811;726;4,75
7812;727;4,85
7813;728;4,95
7814;729;5,05
7816;724;4,55
7817;726;4,75
7818;726;4,75
7819;726;4,75
7821;728;4,95
7822;727;4,85
7823;733;5,45
7824;727;4,85
7825;730;5,15
7827;729;5,05
7828;732;5,35
7829;729;5,05
7830;730;5,15
7832;732;5,35
7833;729;5,05
7834;729;5,05
7835;729;5,05
7837;732;5,35
7838;732;5,35
7839;731;5,25
7840;728;4,95
7842;729;5,05
7843;731;5,25
7844;731;5,25
7845;730;5,15
7847;735;5,65
7848;729;5,05
7849;730;5,15
7851;731;5,25
7853;731;5,25
7854;732;5,35
7855;730;5,15
7856;730;5,15
7858;730;5,15
7859;729;5,05
7860;729;5,05
7861;729;5,05
7863;734;5,55
7864;728;4,95
7865;732;5,35
7866;730;5,15
7868;735;5,65
7869;729;5,05
7870;730;5,15
7871;731;5,25
7873;729;5,05
7874;730;5,15
7875;730;5,15
7876;732;5,35
7878;735;5,65
7879;732;5,35
7880;732;5,35
7881;733;5,45
7883;730;5,15
7884;733;5,45
7885;733;5,45
7886;734;5,55
7887;732;5,35
7889;733;5,45
7890;733;5,45
7891;740;6,16
7892;733;5,45
7895;736;5,75
7896;732;5,35
7897;733;5,45
7898;732;5,35
7900;737;5,85
7901;735;5,65
7902;737;5,85
7903;734;5,55
7905;736;5,75
7906;733;5,45
7907;735;5,65
7908;735;5,65
7910;738;5,96
7911;734;5,55
7912;735;5,65
7913;738;5,96
7915;735;5,65
7916;735;5,65
7917;745;6,66
7918;735;5,65
7920;735;5,65
7921;736;5,75
7922;734;5,55
7923;737;5,85
7925;736;5,75
7926;743;6,46
7927;742;6,36
7928;735;5,65
7930;736;5,75
7931;734;5,55
7932;738;5,96
7933;740;6,16
7936;742;6,36
7937;736;5,75
7938;735;5,65
7939;737;5,85
7941;737;5,85
7942;736;5,75
7943;742;6,36
7944;736;5,75
7946;739;6,06
7947;738;5,96
7948;744;6,56
7949;736;5,75
7951;738;5,96
7952;750;7,16
7953;738;5,96
7954;738;5,96
7955;744;6,56
7957;738;5,96
7958;741;6,26
7959;738;5,96
7960;739;6,06
7962;744;6,56
7963;739;6,06
7964;740;6,16
7965;741;6,26
7967;746;6,76
7968;744;6,56
7969;737;5,85
7970;740;6,16
7972;740;6,16
7973;739;6,06
7974;741;6,26
7975;742;6,36
7977;743;6,46
7979;741;6,26
7980;741;6,26
7981;743;6,46
7983;742;6,36
7984;742;6,36
7985;740;6,16
7986;741;6,26
7988;740;6,16
7989;742;6,36
7990;741;6,26
7991;741;6,26
7993;740;6,16
7994;740;6,16
7995;743;6,46
7996;742;6,36
7998;742;6,36
7999;741;6,26
8000;744;6,56
8001;742;6,36
8003;741;6,26
8004;740;6,16
8005;742;6,36
8006;742;6,36
8008;741;6,26
8009;740;6,16
8010;740;6,16
8011;742;6,36
8013;743;6,46
8014;740;6,16
8015;742;6,36
8016;744;6,56
8017;743;6,46
8019;744;6,56
8020;741;6,26
8022;742;6,36
8023;743;6,46
8025;742;6,36
8026;741;6,26
8027;742;6,36
8028;742;6,36
8030;743;6,46
8031;742;6,36
8032;742;6,36
8033;743;6,46
8035;742;6,36
8036;743;6,46
8037;745;6,66
8038;743;6,46
8040;745;6,66
8041;744;6,56
8042;746;6,76
8043;744;6,56
8045;742;6,36
8046;744;6,56
8047;745;6,66
8048;744;6,56
8050;745;6,66
8051;745;6,66
8052;744;6,56
8053;745;6,66
8055;745;6,66
8056;748;6,96
8057;746;6,76
8058;748;6,96
8060;748;6,96
8061;746;6,76
8062;746;6,76
8064;748;6,96
8066;745;6,66
8067;747;6,86
8068;746;6,76
8069;746;6,76
8071;749;7,06
8072;746;6,76
8073;748;6,96
8074;747;6,86
8076;748;6,96
8077;747;6,86
8078;748;6,96
8079;748;6,96
8080;748;6,96
8082;747;6,86
8083;746;6,76
8084;748;6,96
8085;747;6,86
8087;749;7,06
8088;747;6,86
8089;746;6,76
8090;747;6,86
8092;747;6,86
8093;750;7,16
8094;746;6,76
8095;746;6,76
8097;747;6,86
8098;747;6,86
8099;746;6,76
8100;745;6,66
8102;746;6,76
8103;747;6,86
8104;750;7,16
8105;745;6,66
8108;745;6,66
8109;744;6,56
8110;745;6,66
8111;745;6,66
8113;747;6,86
8114;747;6,86
8115;743;6,46
8116;748;6,96
8118;746;6,76
8119;748;6,96
8120;747;6,86
8121;747;6,86
8123;753;7,47
8124;746;6,76
8125;746;6,76
8126;749;7,06
8128;748;6,96
8129;746;6,76
8130;747;6,86
8131;748;6,96
8133;748;6,96
8134;746;6,76
8135;749;7,06
8136;748;6,96
8138;747;6,86
8139;748;6,96
8140;747;6,86
8141;750;7,16
8143;748;6,96
8144;748;6,96
8145;749;7,06
8146;751;7,26
8147;754;7,57
8150;750;7,16
8151;747;6,86
8152;748;6,96
8153;749;7,06
8155;748;6,96
8156;749;7,06
8157;747;6,86
8158;746;6,76
8160;748;6,96
8161;758;7,97
8162;748;6,96
8163;749;7,06
8165;748;6,96
8166;748;6,96
8167;754;7,57
8168;748;6,96
8170;745;6,66
8171;747;6,86
8172;747;6,86
8173;753;7,47
8175;747;6,86
8176;751;7,26
8177;747;6,86
8178;743;6,46
8180;745;6,66
8181;743;6,46
8182;750;7,16
8183;746;6,76
8185;743;6,46
8186;745;6,66
8187;746;6,76
8188;745;6,66
8190;744;6,56
8192;745;6,66
8193;749;7,06
8194;749;7,06
8196;745;6,66
8197;749;7,06
8198;752;7,36
8199;747;6,86
8201;755;7,67
8202;747;6,86
8203;747;6,86
8204;747;6,86
8206;747;6,86
8207;747;6,86
8208;750;7,16
8209;747;6,86
8211;748;6,96
8212;751;7,26
8213;751;7,26
8214;748;6,96
8215;746;6,76
8217;753;7,47
8218;745;6,66
8219;745;6,66
8220;750;7,16
8222;744;6,56
8223;746;6,76
8224;743;6,46
8225;743;6,46
8227;746;6,76
8228;746;6,76
8229;746;6,76
8230;743;6,46
8232;744;6,56
8233;742;6,36
8235;742;6,36
8236;748;6,96
8238;746;6,76
8239;746;6,76
8240;745;6,66
8241;746;6,76
8243;743;6,46
8244;743;6,46
8245;745;6,66
8246;744;6,56
8248;747;6,86
8249;747;6,86
8250;746;6,76
8251;744;6,56
8253;748;6,96
8254;744;6,56
8255;746;6,76
8256;745;6,66
8258;751;7,26
8259;753;7,47
8260;745;6,66
8261;749;7,06
8263;743;6,46
8264;747;6,86
8265;754;7,57
8266;747;6,86
8268;747;6,86
8269;746;6,76
8270;747;6,86
8271;747;6,86
8273;751;7,26
8274;746;6,76
8275;750;7,16
8276;746;6,76
8278;751;7,26
8280;747;6,86
8281;746;6,76
8282;747;6,86
8283;747;6,86
8285;746;6,76
8286;746;6,76
8287;744;6,56
8288;745;6,66
8290;747;6,86
8291;745;6,66
8292;753;7,47
8293;746;6,76
8295;749;7,06
8296;748;6,96
8297;747;6,86
8298;743;6,46
8300;747;6,86
8301;746;6,76
8302;745;6,66
8303;742;6,36
8305;743;6,46
8306;741;6,26
8307;748;6,96
8308;740;6,16
8310;742;6,36
8311;743;6,46
8312;742;6,36
8313;742;6,36
8315;740;6,16
8316;745;6,66
8317;740;6,16
8318;742;6,36
8321;742;6,36
8322;739;6,06
8323;740;6,16
8324;740;6,16
8326;742;6,36
8327;741;6,26
8328;742;6,36
8329;741;6,26
8331;740;6,16
8332;747;6,86
8333;747;6,86
8334;742;6,36
8336;744;6,56
8337;747;6,86
8338;744;6,56
8339;743;6,46
8341;744;6,56
8342;745;6,66
8343;746;6,76
8344;750;7,16
8345;742;6,36
8347;743;6,46
8348;751;7,26
8349;741;6,26
8350;742;6,36
8352;740;6,16
8353;741;6,26
8354;739;6,06
8355;742;6,36
8357;740;6,16
8358;743;6,46
8359;744;6,56
8360;742;6,36
8363;740;6,16
8364;744;6,56
8365;739;6,06
8366;740;6,16
8368;742;6,36
8369;740;6,16
8370;739;6,06
8371;739;6,06
8373;739;6,06
8374;739;6,06
8375;736;5,75
8376;738;5,96
8378;736;5,75
8379;736;5,75
8380;736;5,75
8381;735;5,65
8383;746;6,76
8384;744;6,56
8385;739;6,06
8386;745;6,66
8388;739;6,06
8389;742;6,36
8390;739;6,06
8391;742;6,36
8393;739;6,06
8394;740;6,16
8395;739;6,06
8396;746;6,76
8398;740;6,16
8399;742;6,36
8400;747;6,86
8401;745;6,66
8403;743;6,46
8404;742;6,36
8406;742;6,36
8407;743;6,46
8409;748;6,96
8410;743;6,46
8411;743;6,46
8412;748;6,96
8413;750;7,16
8415;743;6,46
8416;743;6,46
8417;738;5,96
8418;739;6,06
8420;740;6,16
8421;739;6,06
8422;741;6,26
8423;744;6,56
8425;743;6,46
8426;742;6,36
8427;741;6,26
8428;743;6,46
8430;737;5,85
8431;741;6,26
8432;739;6,06
8433;740;6,16
8435;739;6,06
8436;740;6,16
8437;743;6,46
8438;739;6,06
8440;740;6,16
8441;739;6,06
8442;737;5,85
8443;744;6,56
8445;743;6,46
8446;743;6,46
8448;746;6,76
8449;744;6,56
8451;744;6,56
8452;740;6,16
8453;741;6,26
8454;743;6,46
8456;742;6,36
8457;746;6,76
8458;745;6,66
8459;743;6,46
8461;744;6,56
8462;742;6,36
8463;747;6,86
8464;746;6,76
8466;747;6,86
8467;741;6,26
8468;746;6,76
8469;736;5,75
8471;745;6,66
8472;737;5,85
8473;737;5,85
8474;737;5,85
8475;736;5,75
8477;733;5,45
8478;733;5,45
8479;732;5,35
8480;731;5,25
8482;732;5,35
8483;733;5,45
8484;733;5,45
8485;732;5,35
8487;736;5,75
8488;738;5,96
8489;738;5,96
8491;740;6,16
8493;740;6,16
8494;739;6,06
8495;739;6,06
8496;741;6,26
8498;741;6,26
8499;744;6,56
8500;752;7,36
8501;751;7,26
8503;743;6,46
8504;744;6,56
8505;747;6,86
8506;745;6,66
8508;742;6,36
8509;743;6,46
8510;743;6,46
8511;749;7,06
8513;744;6,56
8514;740;6,16
8515;740;6,16
8516;740;6,16
8518;742;6,36
8519;744;6,56
8520;738;5,96
8521;735;5,65
8523;736;5,75
8524;736;5,75
8525;744;6,56
8526;737;5,85
8528;736;5,75
8529;736;5,75
8530;740;6,16
8531;739;6,06
8534;735;5,65
8535;737;5,85
8536;735;5,65
8537;738;5,96
8539;738;5,96
8540;738;5,96
8541;741;6,26
8542;742;6,36
8543;739;6,06
8545;744;6,56
8546;740;6,16
8547;739;6,06
8548;740;6,16
8550;740;6,16
8551;741;6,26
8552;747;6,86
8553;743;6,46
8555;743;6,46
8556;740;6,16
8557;739;6,06
8558;740;6,16
8560;738;5,96
8561;737;5,85
8562;736;5,75
8563;737;5,85
8565;734;5,55
8566;740;6,16
8567;740;6,16
8568;737;5,85
8570;740;6,16
8571;737;5,85
8572;736;5,75
8573;738;5,96
8576;736;5,75
8577;735;5,65
8578;737;5,85
8579;736;5,75
8581;734;5,55
8582;740;6,16
8583;735;5,65
8584;735;5,65
8586;732;5,35
8587;731;5,25
8588;734;5,55
8589;733;5,45
8591;737;5,85
8592;733;5,45
8593;735;5,65
8594;738;5,96
8596;737;5,85
8597;735;5,65
8598;737;5,85
8599;736;5,75
8601;735;5,65
8602;735;5,65
8603;736;5,75
8604;737;5,85
8605;734;5,55
8607;737;5,85
8608;737;5,85
8609;731;5,25
8610;738;5,96
8612;735;5,65
8613;736;5,75
8614;738;5,96
8615;740;6,16
8617;737;5,85
8619;738;5,96
8620;735;5,65
8621;738;5,96
8623;739;6,06
8624;735;5,65
8625;740;6,16
8626;743;6,46
8628;744;6,56
8629;733;5,45
8630;741;6,26
8631;731;5,25
8633;732;5,35
8634;735;5,65
8635;733;5,45
8636;732;5,35
8638;733;5,45
8639;731;5,25
8640;733;5,45
8641;729;5,05
8643;729;5,05
8644;731;5,25
8645;732;5,35
8646;733;5,45
8648;733;5,45
8649;739;6,06
8650;729;5,05
8651;729;5,05
8653;731;5,25
8654;731;5,25
8655;735;5,65
8656;736;5,75
8658;735;5,65
8659;733;5,45
8660;730;5,15
8662;730;5,15
8664;737;5,85
8665;732;5,35
8666;732;5,35
8667;735;5,65
8669;735;5,65
8670;734;5,55
8671;731;5,25
8672;731;5,25
8673;730;5,15
8675;731;5,25
8676;734;5,55
8677;731;5,25
8678;731;5,25
8680;737;5,85
8681;730;5,15
8682;734;5,55
8683;735;5,65
8685;734;5,55
8686;737;5,85
8687;732;5,35
8688;730;5,15
8690;734;5,55
8691;733;5,45
8692;730;5,15
8693;733;5,45
8695;730;5,15
8696;729;5,05
8697;731;5,25
8698;730;5,15
8700;729;5,05
8701;746;6,76
8702;731;5,25
8704;729;5,05
8706;728;4,95
8707;727;4,85
8708;729;5,05
8709;727;4,85
8711;728;4,95
8712;728;4,95
8713;727;4,85
8714;730;5,15
8716;729;5,05
8717;724;4,55
8718;726;4,75
8719;726;4,75
8721;725;4,65
8722;725;4,65
8723;727;4,85
8724;727;4,85
8726;730;5,15
8727;727;4,85
8728;728;4,95
8729;727;4,85
8731;727;4,85
8732;729;5,05
8733;727;4,85
8734;731;5,25
8735;727;4,85
8737;731;5,25
8738;731;5,25
8739;733;5,45
8740;731;5,25
8742;731;5,25
8743;732;5,35
8744;730;5,15
8745;732;5,35
8748;730;5,15
8749;734;5,55
8750;733;5,45
8751;733;5,45
8753;732;5,35
8754;733;5,45
8755;731;5,25
8756;730;5,15
8758;728;4,95
8759;727;4,85
8760;729;5,05
8761;728;4,95
8763;729;5,05
8764;727;4,85
8765;725;4,65
8766;723;4,45
8768;723;4,45
8769;725;4,65
8770;723;4,45
8771;722;4,34
8773;720;4,14
8774;719;4,04
8775;719;4,04
8776;719;4,04
8778;723;4,45
8779;721;4,24
8780;722;4,34
8781;723;4,45
8783;721;4,24
8784;722;4,34
8785;721;4,24
8786;723;4,45
8788;721;4,24
8790;723;4,45
8791;726;4,75
8792;727;4,85
8794;726;4,75
8795;727;4,85
8796;725;4,65
8797;724;4,55
8799;726;4,75
8800;727;4,85
8801;729;5,05
8802;726;4,75
8803;731;5,25
8805;731;5,25
8806;730;5,15
8807;728;4,95
8808;730;5,15
8810;733;5,45
8811;730;5,15
8812;727;4,85
8813;728;4,95
8815;727;4,85
8816;729;5,05
8817;726;4,75
8818;726;4,75
8820;725;4,65
8821;725;4,65
8822;727;4,85
8823;726;4,75
8825;724;4,55
8826;723;4,45
8827;727;4,85
8828;723;4,45
8830;727;4,85
8832;725;4,65
8833;723;4,45
8834;723;4,45
8836;721;4,24
8837;723;4,45
8838;722;4,34
8839;727;4,85
8841;723;4,45
8842;720;4,14
8843;722;4,34
8844;720;4,14
8846;723;4,45
8847;720;4,14
8848;721;4,24
8849;721;4,24
8851;720;4,14
8852;720;4,14
8853;724;4,55
8854;721;4,24
8856;725;4,65
8857;722;4,34
8858;721;4,24
8859;719;4,04
8861;719;4,04
8862;723;4,45
8863;721;4,24
8864;727;4,85
8865;722;4,34
8867;722;4,34
8868;723;4,45
8869;721;4,24
8870;721;4,24
8872;721;4,24
8873;724;4,55
8875;721;4,24
8876;720;4,14
8878;720;4,14
8879;721;4,24
8880;721;4,24
8881;726;4,75
8883;721;4,24
8884;718;3,94
8885;719;4,04
8886;720;4,14
8888;725;4,65
8889;720;4,14
8890;728;4,95
8891;731;5,25
8893;721;4,24
8894;723;4,45
8895;725;4,65
8896;724;4,55
8898;723;4,45
8899;725;4,65
8900;724;4,55
8901;722;4,34
8903;724;4,55
8904;723;4,45
8905;725;4,65
8906;728;4,95
8908;731;5,25
8909;724;4,55
8910;726;4,75
8911;725;4,65
8913;725;4,65
8914;729;5,05
8915;726;4,75
8916;724;4,55
8919;725;4,65
8920;723;4,45
8921;723;4,45
8922;724;4,55
8924;722;4,34
8925;724;4,55
8926;721;4,24
8927;726;4,75
8929;721;4,24
8930;720;4,14
8931;720;4,14
8932;721;4,24
8933;721;4,24
8935;721;4,24
8936;725;4,65
8937;725;4,65
8938;721;4,24
8940;723;4,45
8941;721;4,24
8942;721;4,24
8943;729;5,05
8945;724;4,55
8946;724;4,55
8947;723;4,45
8948;724;4,55
8950;723;4,45
8951;728;4,95
8952;724;4,55
8953;726;4,75
8955;727;4,85
8956;723;4,45
8957;727;4,85
8958;726;4,75
8961;731;5,25
8962;727;4,85
8963;724;4,55
8964;726;4,75
8966;725;4,65
8967;725;4,65
8968;726;4,75
8969;724;4,55
8971;725;4,65
8972;725;4,65
8973;726;4,75
8974;725;4,65
8976;726;4,75
8977;729;5,05
8978;725;4,65
8979;727;4,85
8981;726;4,75
8982;726;4,75
8983;726;4,75
8984;726;4,75
8986;726;4,75
8987;729;5,05
8988;725;4,65
8989;728;4,95
8991;727;4,85
8992;725;4,65
8993;729;5,05
8994;726;4,75
8996;727;4,85
8997;726;4,75
8998;724;4,55
8999;727;4,85
9000;726;4,75
9003;727;4,85
9004;728;4,95
9005;726;4,75
9006;725;4,65
9008;727;4,85
9009;727;4,85
9010;725;4,65
9011;728;4,95
9013;730;5,15
9014;727;4,85
9015;726;4,75
9016;726;4,75
9018;726;4,75
9019;728;4,95
9020;727;4,85
9021;727;4,85
9023;728;4,95
9024;728;4,95
9025;725;4,65
9026;726;4,75
9028;726;4,75
9029;728;4,95
9030;729;5,05
9031;725;4,65
9033;727;4,85
9034;726;4,75
9035;727;4,85
9036;725;4,65
9038;725;4,65
9039;725;4,65
9040;724;4,55
9041;728;4,95
9043;725;4,65
9044;726;4,75
9046;726;4,75
9047;725;4,65
9049;729;5,05
9050;725;4,65
9051;728;4,95
9052;725;4,65
9054;726;4,75
9055;726;4,75
9056;726;4,75
9057;726;4,75
9059;726;4,75
9060;731;5,25
9061;727;4,85
9062;732;5,35
9063;726;4,75
9065;726;4,75
9066;728;4,95
9067;730;5,15
9068;730;5,15
9070;728;4,95
9071;728;4,95
9072;728;4,95
9073;728;4,95
9075;728;4,95
9076;735;5,65
9077;730;5,15
9078;728;4,95
9080;731;5,25
9081;728;4,95
9082;733;5,45
9083;727;4,85
9085;729;5,05
9086;732;5,35
9088;728;4,95
9089;730;5,15
9091;728;4,95
9092;727;4,85
9093;732;5,35
9094;730;5,15
9096;728;4,95
9097;730;5,15
9098;733;5,45
9099;729;5,05
9101;728;4,95
9102;728;4,95
9103;735;5,65
9104;729;5,05
9106;728;4,95
9107;728;4,95
9108;727;4,85
9109;733;5,45
9111;727;4,85
9112;730;5,15
9113;727;4,85
9114;728;4,95
9116;729;5,05
9117;729;5,05
9118;727;4,85
9119;727;4,85
9121;729;5,05
9122;729;5,05
9123;728;4,95
9124;728;4,95
9126;728;4,95
9127;733;5,45
9128;729;5,05
9129;728;4,95
9131;727;4,85
9133;731;5,25
9134;732;5,35
9135;728;4,95
9136;728;4,95
9138;731;5,25
9139;726;4,75
9140;727;4,85
9141;727;4,85
9143;726;4,75
9144;728;4,95
9145;732;5,35
9146;727;4,85
9148;730;5,15
9149;726;4,75
9150;727;4,85
9151;728;4,95
9153;728;4,95
9154;727;4,85
9155;726;4,75
9156;727;4,85
9158;728;4,95
9159;726;4,75
9160;727;4,85
9161;726;4,75
9163;727;4,85
9164;727;4,85
9165;725;4,65
9166;726;4,75
9168;726;4,75
9169;726;4,75
9170;727;4,85
9171;729;5,05
9174;727;4,85
9175;726;4,75
9176;727;4,85
9177;727;4,85
9179;727;4,85
9180;732;5,35
9181;727;4,85
9182;729;5,05
9184;727;4,85
9185;729;5,05
9186;729;5,05
9187;727;4,85
9189;729;5,05
9190;728;4,95
9191;729;5,05
9192;735;5,65
9193;728;4,95
9195;730;5,15
9196;732;5,35
9197;735;5,65
9198;728;4,95
9200;731;5,25
9201;730;5,15
9202;728;4,95
9203;727;4,85
9205;730;5,15
9206;729;5,05
9207;729;5,05
9208;730;5,15
9210;730;5,15
9211;730;5,15
9212;731;5,25
9213;731;5,25
9216;730;5,15
9217;730;5,15
9218;730;5,15
9219;730;5,15
9221;730;5,15
9222;730;5,15
9223;728;4,95
9224;728;4,95
9226;729;5,05
9227;730;5,15
9228;728;4,95
9229;728;4,95
9231;729;5,05
9232;728;4,95
9233;730;5,15
9234;729;5,05
9236;732;5,35
9237;728;4,95
9238;728;4,95
9239;727;4,85
9241;725;4,65
9242;726;4,75
9243;725;4,65
9244;726;4,75
9246;728;4,95
9247;725;4,65
9248;727;4,85
9249;726;4,75
9251;727;4,85
9252;725;4,65
9253;727;4,85
9254;725;4,65
9256;725;4,65
9257;726;4,75
9259;726;4,75
9260;729;5,05
9261;728;4,95
9263;730;5,15
9264;728;4,95
9265;730;5,15
9266;729;5,05
9268;729;5,05
9269;730;5,15
9270;728;4,95
9271;731;5,25
9273;728;4,95
9274;728;4,95
9275;729;5,05
9276;730;5,15
9278;728;4,95
9279;728;4,95
9280;731;5,25
9281;733;5,45
9283;729;5,05
9284;728;4,95
9285;731;5,25
9286;728;4,95
9288;729;5,05
9289;729;5,05
9290;728;4,95
9291;728;4,95
9293;729;5,05
9294;728;4,95
9295;727;4,85
9296;730;5,15
9298;728;4,95
9299;728;4,95
9300;730;5,15
9302;728;4,95
9304;726;4,75
9305;727;4,85
9306;726;4,75
9307;729;5,05
9309;731;5,25
9310;730;5,15
9311;726;4,75
9312;729;5,05
9314;730;5,15
9315;726;4,75
9316;726;4,75
9317;728;4,95
9319;727;4,85
9320;725;4,65
9321;727;4,85
9322;728;4,95
9323;726;4,75
9325;726;4,75
9326;726;4,75
9327;731;5,25
9328;730;5,15
9330;727;4,85
9331;728;4,95
9332;728;4,95
9333;727;4,85
9335;727;4,85
9336;728;4,95
9337;726;4,75
9338;727;4,85
9340;729;5,05
9341;726;4,75
9342;732;5,35
9344;728;4,95
9346;728;4,95
9347;728;4,95
9348;728;4,95
9349;729;5,05
9351;728;4,95
9352;727;4,85
9353;727;4,85
9354;731;5,25
9356;727;4,85
9357;726;4,75
9358;727;4,85
9359;730;5,15
9361;727;4,85
9362;726;4,75
9363;727;4,85
9364;729;5,05
9366;726;4,75
9367;726;4,75
9368;727;4,85
9369;725;4,65
9371;727;4,85
9372;729;5,05
9373;728;4,95
9374;727;4,85
9376;727;4,85
9377;724;4,55
9378;726;4,75
9379;727;4,85
9381;727;4,85
9382;729;5,05
9383;724;4,55
9384;726;4,75
9385;729;5,05
9388;724;4,55
9389;727;4,85
9390;724;4,55
9391;725;4,65
9393;724;4,55
9394;723;4,45
9395;727;4,85
9396;724;4,55
9398;731;5,25
9399;729;5,05
9400;724;4,55
9401;728;4,95
9403;727;4,85
9404;726;4,75
9405;726;4,75
9406;729;5,05
9408;726;4,75
9409;727;4,85
9410;729;5,05
9411;727;4,85
9413;731;5,25
9414;729;5,05
9415;726;4,75
9416;731;5,25
9418;727;4,85
9419;725;4,65
9420;731;5,25
9421;727;4,85
9423;725;4,65
9424;726;4,75
9425;724;4,55
9426;726;4,75
9428;724;4,55
9430;727;4,85
9431;727;4,85
9432;727;4,85
9434;726;4,75
9435;725;4,65
9436;727;4,85
9437;725;4,65
9439;723;4,45
9440;724;4,55
9441;723;4,45
9442;724;4,55
9444;725;4,65
9445;723;4,45
9446;724;4,55
9447;727;4,85
9449;724;4,55
9450;725;4,65
9451;722;4,34
9452;722;4,34
9453;722;4,34
9455;726;4,75
9456;722;4,34
9457;725;4,65
9458;727;4,85
9460;721;4,24
9461;723;4,45
9462;722;4,34
9463;722;4,34
9465;720;4,14
9466;721;4,24
9467;725;4,65
9468;723;4,45
9470;724;4,55
9472;722;4,34
9473;719;4,04
9474;722;4,34
9476;724;4,55
9477;720;4,14
9478;720;4,14
9479;720;4,14
9481;723;4,45
9482;722;4,34
9483;720;4,14
9484;720;4,14
9486;720;4,14
9487;720;4,14
9488;720;4,14
9489;719;4,04
9491;719;4,04
9492;720;4,14
9493;720;4,14
9494;720;4,14
9496;724;4,55
9497;720;4,14
9498;720;4,14
9499;721;4,24
9501;720;4,14
9502;725;4,65
9503;718;3,94
9504;720;4,14
9506;719;4,04
9507;718;3,94
9508;721;4,24
9509;719;4,04
9511;720;4,14
9512;721;4,24
9513;718;3,94
9515;720;4,14
9517;719;4,04
9518;719;4,04
9519;718;3,94
9520;719;4,04
9521;719;4,04
9523;720;4,14
9524;719;4,04
9525;720;4,14
9526;718;3,94
9528;717;3,84
9529;716;3,74
9530;717;3,84
9531;718;3,94
9533;718;3,94
9534;721;4,24
9535;719;4,04
9536;716;3,74
9538;719;4,04
9539;718;3,94
9540;717;3,84
9541;723;4,45
9543;716;3,74
9544;717;3,84
9545;717;3,84
9546;717;3,84
9548;717;3,84
9549;718;3,94
9550;717;3,84
9551;717;3,84
9553;717;3,84
9554;715;3,64
9555;716;3,74
9556;714;3,54
9559;717;3,84
9560;716;3,74
9561;715;3,64
9562;717;3,84
9564;714;3,54
9565;717;3,84
9566;717;3,84
9567;718;3,94
9569;715;3,64
9570;716;3,74
9571;717;3,84
9572;713;3,44
9574;722;4,34
9575;715;3,64
9576;715;3,64
9577;715;3,64
9579;714;3,54
9580;719;4,04
9581;715;3,64
9582;717;3,84
9584;714;3,54
9585;713;3,44
9586;712;3,34
9587;713;3,44
9588;714;3,54
9590;713;3,44
9591;713;3,44
9592;711;3,24
9593;713;3,44
9595;714;3,54
9596;712;3,34
9597;711;3,24
9598;714;3,54
9601;713;3,44
9602;712;3,34
9603;718;3,94
9604;713;3,44
9606;711;3,24
9607;712;3,34
9608;712;3,34
9609;716;3,74
9611;711;3,24
9612;715;3,64
9613;714;3,54
9614;714;3,54
9616;716;3,74
9617;711;3,24
9618;711;3,24
9619;712;3,34
9621;712;3,34
9622;718;3,94
9623;713;3,44
9624;712;3,34
9626;713;3,44
9627;712;3,34
9628;713;3,44
9629;713;3,44
9631;710;3,14
9632;711;3,24
9633;712;3,34
9634;712;3,34
9636;711;3,24
9637;714;3,54
9638;716;3,74
9639;711;3,24
9641;711;3,24
9643;712;3,34
9644;711;3,24
9645;712;3,34
9647;715;3,64
9648;720;4,14
9649;713;3,44
9650;715;3,64
9651;710;3,14
9653;713;3,44
9654;711;3,24
9655;716;3,74
9656;715;3,64
9658;712;3,34
9659;715;3,64
9660;714;3,54
9661;712;3,34
9663;710;3,14
9664;713;3,44
9665;710;3,14
9666;710;3,14
9668;711;3,24
9669;713;3,44
9670;715;3,64
9671;713;3,44
9673;717;3,84
9674;710;3,14
9675;710;3,14
9676;708;2,94
9678;708;2,94
9679;711;3,24
9680;713;3,44
9681;715;3,64
9683;708;2,94
9684;710;3,14
9686;715;3,64
9687;710;3,14
9689;711;3,24
9690;709;3,04
9691;708;2,94
9692;712;3,34
9694;711;3,24
9695;709;3,04
9696;707;2,83
9697;707;2,83
9699;708;2,94
9700;710;3,14
9701;708;2,94
9702;709;3,04
9704;715;3,64
9705;708;2,94
9706;710;3,14
9707;709;3,04
9709;713;3,44
9710;712;3,34
9711;718;3,94
9712;713;3,44
9714;713;3,44
9715;710;3,14
9716;711;3,24
9717;712;3,34
9718;709;3,04
9720;711;3,24
9721;714;3,54
9722;713;3,44
9723;710;3,14
9725;712;3,34
9726;710;3,14
9728;711;3,24
9729;710;3,14
9731;711;3,24
9732;711;3,24
9733;710;3,14
9734;712;3,34
9736;710;3,14
9737;714;3,54
9738;709;3,04
9739;712;3,34
9741;715;3,64
9742;710;3,14
9743;711;3,24
9744;715;3,64
9746;711;3,24
9747;709;3,04
9748;714;3,54
9749;715;3,64
9751;715;3,64
9752;716;3,74
9753;711;3,24
9754;709;3,04
9756;714;3,54
9757;709;3,04
9758;712;3,34
9759;707;2,83
9761;712;3,34
9762;708;2,94
9763;711;3,24
9764;710;3,14
9766;708;2,94
9767;708;2,94
9768;712;3,34
9769;708;2,94
9772;706;2,73
9773;707;2,83
9774;706;2,73
9775;707;2,83
9777;710;3,14
9778;707;2,83
9779;711;3,24
9780;706;2,73
9781;707;2,83
9783;707;2,83
9784;705;2,63
9785;707;2,83
9786;707;2,83
9788;708;2,94
9789;706;2,73
9790;706;2,73
9791;707;2,83
9793;708;2,94
9794;707;2,83
9795;709;3,04
9796;710;3,14
9798;707;2,83
9799;704;2,53
9800;705;2,63
9801;705;2,63
9803;708;2,94
9804;706;2,73
9805;707;2,83
9806;706;2,73
9808;707;2,83
9809;704;2,53
9810;705;2,63
9811;706;2,73
9814;707;2,83
9815;711;3,24
9816;706;2,73
9817;706;2,73
9819;708;2,94
9820;706;2,73
9821;706;2,73
9822;705;2,63
9824;707;2,83
9825;705;2,63
9826;706;2,73
9827;710;3,14
9829;711;3,24
9830;707;2,83
9831;705;2,63
9832;707;2,83
9834;706;2,73
9835;713;3,44
9836;705;2,63
9837;710;3,14
9839;713;3,44
9840;706;2,73
9841;707;2,83
9842;705;2,63
9844;707;2,83
9845;710;3,14
9846;707;2,83
9847;708;2,94
9848;706;2,73
9850;708;2,94
9851;709;3,04
9852;711;3,24
9853;709;3,04
9856;706;2,73
9857;709;3,04
9858;708;2,94
9859;708;2,94
9861;707;2,83
9862;707;2,83
9863;709;3,04
9864;708;2,94
9866;713;3,44
9867;710;3,14
9868;709;3,04
9869;711;3,24
9871;713;3,44
9872;707;2,83
9873;712;3,34
9874;708;2,94
9876;709;3,04
9877;709;3,04
9878;710;3,14
9879;707;2,83
9881;708;2,94
9882;707;2,83
9883;707;2,83
9884;710;3,14
9886;711;3,24
9887;707;2,83
9888;707;2,83
9889;713;3,44
9891;708;2,94
9892;708;2,94
9893;706;2,73
9894;707;2,83
9896;715;3,64
9897;708;2,94
9899;705;2,63
9900;708;2,94
9902;708;2,94
9903;709;3,04
9904;706;2,73
9905;705;2,63
9907;705;2,63
9908;708;2,94
9909;706;2,73
9910;711;3,24
9911;708;2,94
9913;707;2,83
9914;706;2,73
9915;706;2,73
9916;706;2,73
9918;706;2,73
9919;707;2,83
9920;705;2,63
9921;705;2,63
9923;707;2,83
9924;707;2,83
9925;706;2,73
9926;707;2,83
9928;708;2,94
9929;706;2,73
9930;708;2,94
9931;708;2,94
9933;707;2,83
9934;713;3,44
9935;707;2,83
9936;705;2,63
9938;706;2,73
9939;710;3,14
9940;707;2,83
9942;707;2,83
9944;707;2,83
9945;704;2,53
9946;707;2,83
9947;704;2,53
9949;705;2,63
9950;705;2,63
9951;707;2,83
9952;705;2,63
9954;707;2,83
9955;708;2,94
9956;707;2,83
9957;708;2,94
9959;706;2,73
9960;706;2,73
9961;714;3,54
9962;711;3,24
9964;706;2,73
9965;708;2,94
9966;706;2,73
9967;713;3,44
9969;706;2,73
9970;707;2,83
9971;707;2,83
9972;705;2,63
9974;705;2,63
9975;706;2,73
9976;706;2,73
9977;711;3,24
9978;705;2,63
9980;708;2,94
9981;706;2,73
9982;706;2,73
9984;708;2,94
9986;705;2,63
9987;708;2,94
9988;707;2,83
9989;707;2,83
9991;707;2,83
9992;706;2,73
9993;706;2,73
9994;709;3,04
9996;713;3,44
9997;706;2,73
9998;707;2,83
9999;705;2,63
10001;707;2,83
10002;705;2,63
10003;708;2,94
10005;705;2,63
10006;705;2,63
10007;705;2,63
10009;705;2,63
10010;704;2,53
10011;708;2,94
10013;705;2,63
10014;704;2,53
10015;704;2,53
10017;704;2,53
10018;703;2,43
10019;706;2,73
10021;703;2,43
10022;704;2,53
10023;703;2,43
10025;707;2,83
10027;705;2,63
10028;703;2,43
10030;704;2,53
10031;703;2,43
10032;705;2,63
10034;705;2,63
10035;706;2,73
10036;709;3,04
10038;704;2,53
10039;705;2,63
10040;709;3,04
10041;707;2,83
10043;708;2,94
10044;705;2,63
10045;706;2,73
10047;706;2,73
10048;708;2,94
10049;707;2,83
10051;709;3,04
10052;708;2,94
10053;710;3,14
10055;708;2,94
10056;708;2,94
10057;710;3,14
10059;713;3,44
10060;709;3,04
10061;711;3,24
10063;708;2,94
10064;709;3,04
10065;711;3,24
10067;713;3,44
10068;707;2,83
10070;709;3,04
10072;709;3,04
10073;709;3,04
10074;716;3,74
10076;708;2,94
10077;715;3,64
10078;709;3,04
10080;706;2,73
10081;707;2,83
10082;709;3,04
10084;707;2,83
10085;711;3,24
10086;708;2,94
10088;707;2,83
10089;708;2,94
10090;707;2,83
10092;706;2,73
10093;706;2,73
10094;706;2,73
10096;710;3,14
10097;709;3,04
10098;710;3,14
10100;707;2,83
10101;717;3,84
10102;707;2,83
10104;708;2,94
10105;711;3,24
10106;710;3,14
10108;713;3,44
10109;708;2,94
10110;706;2,73
10113;712;3,34
10114;709;3,04
10115;710;3,14
10117;711;3,24
10118;710;3,14
10119;707;2,83
10121;707;2,83
10122;710;3,14
10123;714;3,54
10125;707;2,83
10126;709;3,04
10127;711;3,24
10128;714;3,54
10130;710;3,14
10131;710;3,14
10132;709;3,04
10134;712;3,34
10135;709;3,04
10136;712;3,34
10138;712;3,34
10139;711;3,24
10140;711;3,24
10142;710;3,14
10143;711;3,24
10144;711;3,24
10146;710;3,14
10147;711;3,24
10148;710;3,14
10150;709;3,04
10151;709;3,04
10152;715;3,64
10155;710;3,14
10156;711;3,24
10157;714;3,54
10159;709;3,04
10160;709;3,04
10161;709;3,04
10163;709;3,04
10164;707;2,83
10165;708;2,94
10167;709;3,04
10168;710;3,14
10169;711;3,24
10171;708;2,94
10172;710;3,14
10173;708;2,94
10175;708;2,94
10176;707;2,83
10177;712;3,34
10179;709;3,04
10180;709;3,04
10181;714;3,54
10183;708;2,94
10184;709;3,04
10185;709;3,04
10187;708;2,94
10188;708;2,94
10189;715;3,64
10191;709;3,04
10192;708;2,94
10193;709;3,04
10195;712;3,34
10196;715;3,64
10198;711;3,24
10200;709;3,04
10201;713;3,44
10202;712;3,34
10204;709;3,04
10205;711;3,24
10206;709;3,04
10208;712;3,34
10209;712;3,34
10210;710;3,14
10212;711;3,24
10213;712;3,34
10214;710;3,14
10215;712;3,34
10217;708;2,94
10218;713;3,44
10219;712;3,34
10221;711;3,24
10222;709;3,04
10223;713;3,44
10225;712;3,34
10226;710;3,14
10227;711;3,24
10229;714;3,54
10230;710;3,14
10231;711;3,24
10233;708;2,94
10234;711;3,24
10235;711;3,24
10237;709;3,04
10238;712;3,34
10240;709;3,04
10242;710;3,14
10243;707;2,83
10244;708;2,94
10246;708;2,94
10247;707;2,83
10248;711;3,24
10250;708;2,94
10251;708;2,94
10252;709;3,04
10254;709;3,04
10255;708;2,94
10256;708;2,94
10258;708;2,94
10259;712;3,34
10260;709;3,04
10262;708;2,94
10263;709;3,04
10264;708;2,94
10266;710;3,14
10267;712;3,34
10268;713;3,44
10270;710;3,14
10271;714;3,54
10272;711;3,24
10274;713;3,44
10275;714;3,54
10276;712;3,34
10278;712;3,34
10279;711;3,24
10280;710;3,14
10283;711;3,24
10284;717;3,84
10285;710;3,14
10287;711;3,24
10288;712;3,34
10289;713;3,44
10291;710;3,14
10292;710;3,14
10293;711;3,24
10295;709;3,04
10296;710;3,14
10297;709;3,04
10299;710;3,14
10300;712;3,34
10301;709;3,04
10302;706;2,73
10304;708;2,94
10305;707;2,83
10306;709;3,04
10308;707;2,83
10309;709;3,04
10310;707;2,83
10312;708;2,94
10313;710;3,14
10314;712;3,34
10316;712;3,34
10317;706;2,73
10318;706;2,73
10320;707;2,83
10321;705;2,63
10322;706;2,73
10324;709;3,04
10326;707;2,83
10327;706;2,73
10329;710;3,14
10330;707;2,83
10331;707;2,83
10333;708;2,94
10334;707;2,83
10335;711;3,24
10337;708;2,94
10338;708;2,94
10339;710;3,14
10341;711;3,24
10342;709;3,04
10343;710;3,14
10345;709;3,04
10346;710;3,14
10347;708;2,94
10349;709;3,04
10350;713;3,44
10351;711;3,24
10353;709;3,04
10354;710;3,14
10355;712;3,34
10357;711;3,24
10358;709;3,04
10359;712;3,34
10361;711;3,24
10362;709;3,04
10363;709;3,04
10365;709;3,04
10366;710;3,14
10368;707;2,83
10370;708;2,94
10371;708;2,94
10372;708;2,94
10374;707;2,83
10375;705;2,63
10376;706;2,73
10378;707;2,83
10379;705;2,63
10380;705;2,63
10382;708;2,94
10383;703;2,43
10384;705;2,63
10386;705;2,63
10387;703;2,43
10388;705;2,63
10389;703;2,43
10391;704;2,53
10392;703;2,43
10393;704;2,53
10395;704;2,53
10396;704;2,53
10397;705;2,63
10399;704;2,53
10400;707;2,83
10401;707;2,83
10403;707;2,83
10404;706;2,73
10405;709;3,04
10407;708;2,94
10408;709;3,04
10409;709;3,04
10412;711;3,24
10413;711;3,24
10414;709;3,04
10416;709;3,04
10417;710;3,14
10418;712;3,34
10420;710;3,14
10421;714;3,54
10422;712;3,34
10424;711;3,24
10425;711;3,24
10426;711;3,24
10428;710;3,14
10429;711;3,24
10430;711;3,24
10432;710;3,14
10433;709;3,04
10434;711;3,24
10436;709;3,04
10437;711;3,24
10438;707;2,83
10440;706;2,73
10441;707;2,83
10442;708;2,94
10444;708;2,94
10445;709;3,04
10446;706;2,73
10448;704;2,53
10449;706;2,73
10450;705;2,63
10452;703;2,43
10454;703;2,43
10455;703;2,43
10457;704;2,53
10458;704;2,53
10459;704;2,53
10461;703;2,43
10462;701;2,23
10463;705;2,63
10465;701;2,23
10466;703;2,43
10467;707;2,83
10469;704;2,53
10470;705;2,63
10471;704;2,53
10473;705;2,63
10474;704;2,53
10475;705;2,63
10476;706;2,73
10478;707;2,83
10479;710;3,14
10480;708;2,94
10482;708;2,94
10483;711;3,24
10484;708;2,94
10486;710;3,14
10487;709;3,04
10488;710;3,14
10490;713;3,44
10491;711;3,24
10492;712;3,34
10494;711;3,24
10496;716;3,74
10497;713;3,44
10499;717;3,84
10500;715;3,64
10501;715;3,64
10503;713;3,44
10504;713;3,44
10505;712;3,34
10507;714;3,54
10508;712;3,34
10509;712;3,34
10511;711;3,24
10512;712;3,34
10513;710;3,14
10515;711;3,24
10516;710;3,14
10517;708;2,94
10519;708;2,94
10520;710;3,14
10521;707;2,83
10523;706;2,73
10524;703;2,43
10525;704;2,53
10527;708;2,94
10528;707;2,83
10529;704;2,53
10531;708;2,94
10532;704;2,53
10533;704;2,53
10535;706;2,73
10536;705;2,63
10537;706;2,73
10540;706;2,73
10541;704;2,53
10542;705;2,63
10544;709;3,04
10545;706;2,73
10546;706;2,73
10548;707;2,83
10549;707;2,83
10550;707;2,83
10552;709;3,04
10553;709;3,04
10554;709;3,04
10556;709;3,04
10557;711;3,24
10558;708;2,94
10560;709;3,04
10561;711;3,24
10562;710;3,14
10563;714;3,54
10565;711;3,24
10566;710;3,14
10567;711;3,24
10569;711;3,24
10570;709;3,04
10571;711;3,24
10573;713;3,44
10574;709;3,04
10575;711;3,24
10577;710;3,14
10578;709;3,04
10579;710;3,14
10582;710;3,14
10583;710;3,14
10584;709;3,04
10586;708;2,94
10587;709;3,04
10588;709;3,04
10590;709;3,04
10591;708;2,94
10592;710;3,14
10594;708;2,94
10595;708;2,94
10596;707;2,83
10598;708;2,94
10599;705;2,63
10600;712;3,34
10602;707;2,83
10603;707;2,83
10604;707;2,83
10606;710;3,14
10607;710;3,14
10608;710;3,14
10610;709;3,04
10611;709;3,04
10612;710;3,14
10614;708;2,94
10615;711;3,24
10616;711;3,24
10618;711;3,24
10619;710;3,14
10620;710;3,14
10622;710;3,14
10624;707;2,83
10625;709;3,04
10627;710;3,14
10628;710;3,14
10629;710;3,14
10631;712;3,34
10632;709;3,04
10633;709;3,04
10635;709;3,04
10636;709;3,04
10637;707;2,83
10639;711;3,24
10640;707;2,83
10641;710;3,14
10643;711;3,24
10644;707;2,83
10645;709;3,04
10647;708;2,94
10648;709;3,04
10649;708;2,94
10650;707;2,83
10652;709;3,04
10653;710;3,14
10654;712;3,34
10656;708;2,94
10657;709;3,04
10658;710;3,14
10660;710;3,14
10661;709;3,04
10662;711;3,24
10664;709;3,04
10665;709;3,04
10667;710;3,14
10669;709;3,04
10670;709;3,04
10671;712;3,34
10673;710;3,14
10674;711;3,24
10675;712;3,34
10677;708;2,94
10678;710;3,14
10679;708;2,94
10681;708;2,94
10682;708;2,94
10683;709;3,04
10685;706;2,73
10686;708;2,94
10687;708;2,94
10689;706;2,73
10690;708;2,94
10691;710;3,14
10693;706;2,73
10694;707;2,83
10695;707;2,83
10697;707;2,83
10698;707;2,83
10699;707;2,83
10701;707;2,83
10702;706;2,73
10703;709;3,04
10705;708;2,94
10706;710;3,14
10707;707;2,83
10710;708;2,94
10711;711;3,24
10712;709;3,04
10714;709;3,04
10715;709;3,04
10716;709;3,04
10718;711;3,24
10719;711;3,24
10720;712;3,34
10722;711;3,24
10723;711;3,24
10724;711;3,24
10726;711;3,24
10727;712;3,34
10728;712;3,34
10730;713;3,44
10731;711;3,24
10732;712;3,34
10734;714;3,54
10735;714;3,54
10736;711;3,24
10737;712;3,34
10739;714;3,54
10740;712;3,34
10741;710;3,14
10743;714;3,54
10744;711;3,24
10745;709;3,04
10747;711;3,24
10748;707;2,83
10749;710;3,14
10752;707;2,83
10753;711;3,24
10754;705;2,63
10756;709;3,04
10757;709;3,04
10758;706;2,73
10760;709;3,04
10761;708;2,94
10762;705;2,63
10764;704;2,53
10765;706;2,73
10766;705;2,63
10768;708;2,94
10769;709;3,04
10770;706;2,73
10772;708;2,94
10773;707;2,83
10774;709;3,04
10776;707;2,83
10777;708;2,94
10778;708;2,94
10780;707;2,83
10781;708;2,94
10782;709;3,04
10784;710;3,14
10785;710;3,14
10786;713;3,44
10788;716;3,74
10789;709;3,04
10790;711;3,24
10792;718;3,94
10793;712;3,34
10795;713;3,44
10797;709;3,04
10798;716;3,74
10799;710;3,14
10801;711;3,24
10802;716;3,74
10803;714;3,54
10805;711;3,24
10806;710;3,14
10807;710;3,14
10809;712;3,34
10810;713;3,44
10811;709;3,04
10813;709;3,04
10814;709;3,04
10815;711;3,24
10817;707;2,83
10818;710;3,14
10819;707;2,83
10821;708;2,94
10822;713;3,44
10823;709;3,04
10824;708;2,94
10826;707;2,83
10827;710;3,14
10828;711;3,24
10830;709;3,04
10831;707;2,83
10832;709;3,04
10834;706;2,73
10835;709;3,04
10836;709;3,04
10839;709;3,04
10840;711;3,24
10841;707;2,83
10843;708;2,94
10844;707;2,83
10845;706;2,73
10847;709;3,04
10848;712;3,34
10849;709;3,04
10851;714;3,54
10852;707;2,83
10853;709;3,04
10855;714;3,54
10856;709;3,04
10857;711;3,24
10859;708;2,94
10860;709;3,04
10861;710;3,14
10863;709;3,04
10864;708;2,94
10865;708;2,94
10867;709;3,04
10868;712;3,34
10869;717;3,84
10871;709;3,04
10872;710;3,14
10873;709;3,04
10875;707;2,83
10876;708;2,94
10877;708;2,94
10880;712;3,34
10881;707;2,83
10882;707;2,83
10884;707;2,83
10885;709;3,04
10886;707;2,83
10888;711;3,24
10889;705;2,63
10890;705;2,63
10892;706;2,73
10893;706;2,73
10894;705;2,63
10896;706;2,73
10897;706;2,73
10898;707;2,83
10900;709;3,04
10901;707;2,83
10902;709;3,04
10904;707;2,83
10905;708;2,94
10906;715;3,64
10908;710;3,14
10909;710;3,14
10910;711;3,24
10911;712;3,34
10913;714;3,54
10914;711;3,24
10915;712;3,34
10917;712;3,34
10918;714;3,54
10919;714;3,54
10921;716;3,74
10923;713;3,44
10924;713;3,44
10926;716;3,74
10927;714;3,54
10928;711;3,24
10930;714;3,54
10931;711;3,24
10932;713;3,44
10934;711;3,24
10935;710;3,14
10936;709;3,04
10938;712;3,34
10939;717;3,84
10940;715;3,64
10942;712;3,34
10943;710;3,14
10944;708;2,94
10946;708;2,94
10947;709;3,04
10948;709;3,04
10950;707;2,83
10951;712;3,34
10952;709;3,04
10954;708;2,94
10955;708;2,94
10956;709;3,04
10958;711;3,24
10959;709;3,04
10960;709;3,04
10962;710;3,14
10963;710;3,14
10964;714;3,54
10967;713;3,44
10968;711;3,24
10969;712;3,34
10971;711;3,24
10972;711;3,24
10973;712;3,34
10975;713;3,44
10976;713;3,44
10977;712;3,34
10979;712;3,34
10980;713;3,44
10981;715;3,64
10983;714;3,54
10984;713;3,44
10985;716;3,74
10987;711;3,24
10988;711;3,24
10989;717;3,84
10991;710;3,14
10992;714;3,54
10993;714;3,54
10995;715;3,64
10996;712;3,34
10997;715;3,64
10998;711;3,24
11000;710;3,14
11001;709;3,04
11002;714;3,54
11004;712;3,34
11005;715;3,64
11006;716;3,74
11009;709;3,04
11010;709;3,04
11011;711;3,24
11013;710;3,14
11014;711;3,24
11015;710;3,14
11017;709;3,04
11018;712;3,34
11019;711;3,24
11021;710;3,14
11022;710;3,14
11023;711;3,24
11025;708;2,94
11026;711;3,24
11027;708;2,94
11029;709;3,04
11030;715;3,64
11031;709;3,04
11033;709;3,04
11034;711;3,24
11035;709;3,04
11037;710;3,14
11038;714;3,54
11039;709;3,04
11041;709;3,04
11042;709;3,04
11043;714;3,54
11045;709;3,04
11046;715;3,64
11047;712;3,34
11049;711;3,24
11051;712;3,34
11052;710;3,14
11054;710;3,14
11055;712;3,34
11056;711;3,24
11058;710;3,14
11059;717;3,84
11060;715;3,64
11062;714;3,54
11063;715;3,64
11064;711;3,24
11066;711;3,24
11067;711;3,24
11068;712;3,34
11070;713;3,44
11071;711;3,24
11072;711;3,24
11074;716;3,74
11075;710;3,14
11076;712;3,34
11078;709;3,04
11079;708;2,94
11080;713;3,44
11082;712;3,34
11083;710;3,14
11084;711;3,24
11085;715;3,64
11087;711;3,24
11088;711;3,24
11089;714;3,54
11091;711;3,24
11092;714;3,54
11094;711;3,24
11096;713;3,44
11097;710;3,14
11098;709;3,04
11100;718;3,94
11101;711;3,24
11102;711;3,24
11104;716;3,74
11105;709;3,04
11106;713;3,44
11108;716;3,74
11109;713;3,44
11110;712;3,34
11112;712;3,34
11113;710;3,14
11114;709;3,04
11116;711;3,24
11117;714;3,54
11118;711;3,24
11120;712;3,34
11121;711;3,24
11122;710;3,14
11124;711;3,24
11125;711;3,24
11126;717;3,84
11128;711;3,24
11129;710;3,14
11130;711;3,24
11132;716;3,74
11133;711;3,24
11134;712;3,34
11137;716;3,74
11138;711;3,24
11139;710;3,14
11141;710;3,14
11142;709;3,04
11143;710;3,14
11145;712;3,34
11146;710;3,14
11147;711;3,24
11149;714;3,54
11150;709;3,04
11151;709;3,04
11153;713;3,44
11154;708;2,94
11155;712;3,34
11157;718;3,94
11158;710;3,14
11159;715;3,64
11161;708;2,94
11162;711;3,24
11163;711;3,24
11165;709;3,04
11166;711;3,24
11167;710;3,14
11169;709;3,04
11170;710;3,14
11171;710;3,14
11172;714;3,54
11174;708;2,94
11175;713;3,44
11176;715;3,64
11179;711;3,24
11180;716;3,74
11181;713;3,44
11183;712;3,34
11184;711;3,24
11185;712;3,34
11187;712;3,34
11188;713;3,44
11189;711;3,24
11191;714;3,54
11192;712;3,34
11193;710;3,14
11195;712;3,34
11196;712;3,34
11197;710;3,14
11199;711;3,24
11200;718;3,94
11201;712;3,34
11203;711;3,24
11204;712;3,34
11205;716;3,74
11207;713;3,44
11208;714;3,54
11209;711;3,24
11211;711;3,24
11212;714;3,54
11213;716;3,74
11215;712;3,34
11216;711;3,24
11217;716;3,74
11219;713;3,44
11220;714;3,54
11222;711;3,24
11224;711;3,24
11225;710;3,14
11226;715;3,64
11228;710;3,14
11229;711;3,24
11230;712;3,34
11232;712;3,34
11233;712;3,34
11234;711;3,24
11236;711;3,24
11237;711;3,24
11238;716;3,74
11240;713;3,44
11241;712;3,34
11242;711;3,24
11244;712;3,34
11245;714;3,54
11246;717;3,84
11248;711;3,24
11249;715;3,64
11250;713;3,44
11252;712;3,34
11253;713;3,44
11254;717;3,84
11256;711;3,24
11257;710;3,14
11258;716;3,74
11259;712;3,34
11261;715;3,64
11262;711;3,24
11264;715;3,64
11266;711;3,24
11267;711;3,24
11268;714;3,54
11270;714;3,54
11271;712;3,34
11272;713;3,44
11274;712;3,34
11275;711;3,24
11276;710;3,14
11278;709;3,04
11279;711;3,24
11280;709;3,04
11282;710;3,14
11283;710;3,14
11284;710;3,14
11286;709;3,04
11287;708;2,94
11288;709;3,04
11290;711;3,24
11291;711;3,24
11292;713;3,44
11294;712;3,34
11295;712;3,34
11296;711;3,24
11298;708;2,94
11299;716;3,74
11300;711;3,24
11302;712;3,34
11303;709;3,04
11304;713;3,44
11307;710;3,14
11308;711;3,24
11309;709;3,04
11311;715;3,64
11312;714;3,54
11313;712;3,34
11315;714;3,54
11316;716;3,74
11317;711;3,24
11319;709;3,04
11320;711;3,24
11321;710;3,14
11323;712;3,34
11324;711;3,24
11325;712;3,34
11327;711;3,24
11328;709;3,04
11329;710;3,14
11331;713;3,44
11332;710;3,14
11333;714;3,54
11335;715;3,64
11336;709;3,04
11337;710;3,14
11339;712;3,34
11340;718;3,94
11341;710;3,14
11343;711;3,24
11344;710;3,14
11345;709;3,04
11346;711;3,24
11348;708;2,94
11350;709;3,04
11351;711;3,24
11353;709;3,04
11354;709;3,04
11355;709;3,04
11357;708;2,94
11358;714;3,54
11359;712;3,34
11361;708;2,94
11362;708;2,94
11363;710;3,14
11365;709;3,04
11366;708;2,94
11367;709;3,04
11369;708;2,94
11370;710;3,14
11371;711;3,24
11373;709;3,04
11374;713;3,44
11375;713;3,44
11377;709;3,04
11378;710;3,14
11379;714;3,54
11381;716;3,74
11382;715;3,64
11383;713;3,44
11385;716;3,74
11386;712;3,34
11387;711;3,24
11389;714;3,54
11390;712;3,34
11392;711;3,24
11394;712;3,34
11395;710;3,14
11396;711;3,24
11398;716;3,74
11399;714;3,54
11400;716;3,74
11402;715;3,64
11403;714;3,54
11404;711;3,24
11406;713;3,44
11407;713;3,44
11408;711;3,24
11410;710;3,14
11411;711;3,24
11412;711;3,24
11414;715;3,64
11415;710;3,14
11416;710;3,14
11418;710;3,14
11419;713;3,44
11420;712;3,34
11422;714;3,54
11423;709;3,04
11424;709;3,04
11426;714;3,54
11427;709;3,04
11428;710;3,14
11430;710;3,14
11431;712;3,34
11432;709;3,04
11433;709;3,04
11436;710;3,14
11437;711;3,24
11438;710;3,14
11440;709;3,04
11441;712;3,34
11442;709;3,04
11444;713;3,44
11445;713;3,44
11446;713;3,44
11448;710;3,14
11449;714;3,54
11450;711;3,24
11452;712;3,34
11453;711;3,24
11454;710;3,14
11456;710;3,14
11457;711;3,24
11458;713;3,44
11460;712;3,34
11461;711;3,24
11462;714;3,54
11464;711;3,24
11465;710;3,14
11466;711;3,24
11468;711;3,24
11469;713;3,44
11470;709;3,04
11472;714;3,54
11473;709;3,04
11474;709;3,04
11476;710;3,14
11478;713;3,44
11479;708;2,94
11481;709;3,04
11482;712;3,34
11483;709;3,04
11485;708;2,94
11486;712;3,34
11487;714;3,54
11489;709;3,04
11490;709;3,04
11491;713;3,44
11493;709;3,04
11494;709;3,04
11495;708;2,94
11497;707;2,83
11498;708;2,94
11499;709;3,04
11501;708;2,94
11502;712;3,34
11503;707;2,83
11505;709;3,04
11506;710;3,14
11507;709;3,04
11509;709;3,04
11510;709;3,04
11511;710;3,14
11513;708;2,94
11514;710;3,14
11515;707;2,83
11517;709;3,04
11518;708;2,94
11520;713;3,44
11521;709;3,04
11523;710;3,14
11524;715;3,64
11525;713;3,44
11527;709;3,04
11528;710;3,14
11529;709;3,04
11531;712;3,34
11532;709;3,04
11533;709;3,04
11535;709;3,04
11536;709;3,04
11537;708;2,94
11539;710;3,14
11540;709;3,04
11541;712;3,34
11543;709;3,04
11544;709;3,04
11545;709;3,04
11547;708;2,94
11548;710;3,14
11549;709;3,04
11551;709;3,04
11552;710;3,14
11553;708;2,94
11555;709;3,04
11556;709;3,04
11557;709;3,04
11559;708;2,94
11560;710;3,14
11561;709;3,04
11564;709;3,04
11565;708;2,94
11566;711;3,24
11568;709;3,04
11569;712;3,34
11570;708;2,94
11572;707;2,83
11573;709;3,04
11574;709;3,04
11576;709;3,04
11577;711;3,24
11578;709;3,04
11580;710;3,14
11581;708;2,94
11582;708;2,94
11584;709;3,04
11585;708;2,94
11586;711;3,24
11588;707;2,83
11589;712;3,34
11590;710;3,14
11592;709;3,04
11593;709;3,04
11594;708;2,94
11596;709;3,04
11597;709;3,04
11598;708;2,94
11600;708;2,94
11601;712;3,34
11602;708;2,94
11604;709;3,04
11606;709;3,04
11607;710;3,14
11608;709;3,04
11610;708;2,94
11611;707;2,83
11612;711;3,24
11614;708;2,94
11615;706;2,73
11616;710;3,14
11618;707;2,83
11619;709;3,04
11620;707;2,83
11622;708;2,94
11623;708;2,94
11624;710;3,14
11626;708;2,94
11627;709;3,04
11628;709;3,04
11630;710;3,14
11631;709;3,04
11632;708;2,94
11634;708;2,94
11635;710;3,14
11636;710;3,14
11638;709;3,04
11639;710;3,14
11640;709;3,04
11642;710;3,14
11643;709;3,04
11644;709;3,04
11646;712;3,34
11648;709;3,04
11649;710;3,14
11651;709;3,04
11652;710;3,14
11653;709;3,04
11655;707;2,83
11656;708;2,94
11657;710;3,14
11659;710;3,14
11660;709;3,04
11661;709;3,04
11663;712;3,34
11664;708;2,94
11665;711;3,24
11667;707;2,83
11668;708;2,94
11669;708;2,94
11671;707;2,83
11672;709;3,04
11673;708;2,94
11675;711;3,24
11676;710;3,14
11677;710;3,14
11679;711;3,24
11680;709;3,04
11681;710;3,14
11683;708;2,94
11684;710;3,14
11685;711;3,24
11687;711;3,24
11688;711;3,24
11689;710;3,14
11692;712;3,34
11693;708;2,94
11694;708;2,94
11695;709;3,04
11697;710;3,14
11698;711;3,24
11699;710;3,14
11701;710;3,14
11702;709;3,04
11703;711;3,24
11705;708;2,94
11706;709;3,04
11707;712;3,34
11709;708;2,94
11710;709;3,04
11711;709;3,04
11713;709;3,04
11714;708;2,94
11715;711;3,24
11717;708;2,94
11718;709;3,04
11719;710;3,14
11721;708;2,94
11722;708;2,94
11723;708;2,94
11725;707;2,83
11726;705;2,63
11727;709;3,04
11729;705;2,63
11730;706;2,73
11731;708;2,94
11734;708;2,94
11735;703;2,43
11736;705;2,63
11738;707;2,83
11739;705;2,63
11740;706;2,73
11742;705;2,63
11743;707;2,83
11744;707;2,83
11746;707;2,83
11747;706;2,73
11748;709;3,04
11750;708;2,94
11751;710;3,14
11752;707;2,83
11754;709;3,04
11755;709;3,04
11756;711;3,24
11758;708;2,94
11759;710;3,14
11760;710;3,14
11762;710;3,14
11763;711;3,24
11764;712;3,34
11766;712;3,34
11767;711;3,24
11768;716;3,74
11770;713;3,44
11771;713;3,44
11772;712;3,34
11774;713;3,44
11776;713;3,44
11777;714;3,54
11779;713;3,44
11780;715;3,64
11781;710;3,14
11782;709;3,04
11784;709;3,04
11785;708;2,94
11786;708;2,94
11788;711;3,24
11789;710;3,14
11790;708;2,94
11792;707;2,83
11793;708;2,94
11794;707;2,83
11796;706;2,73
11797;709;3,04
11798;707;2,83
11800;708;2,94
11801;707;2,83
11802;707;2,83
11804;706;2,73
11805;709;3,04
11806;704;2,53
11808;703;2,43
11809;705;2,63
11810;703;2,43
11812;704;2,53
11813;699;2,03
11814;698;1,93
11816;702;2,33
11817;701;2,23
11819;697;1,83
11821;695;1,63
11822;697;1,83
11823;695;1,63
11825;697;1,83
11826;696;1,73
11827;694;1,53
11829;694;1,53
11830;692;1,32
11831;693;1,43
11833;692;1,32
11834;696;1,73
11835;692;1,32
11837;692;1,32
11838;691;1,22
11839;692;1,32
11841;691;1,22
11842;691;1,22
11843;692;1,32
11845;695;1,63
11846;694;1,53
11847;692;1,32
11849;694;1,53
11850;696;1,73
11851;696;1,73
11853;698;1,93
11854;695;1,63
11855;696;1,73
11857;698;1,93
11858;696;1,73
11859;697;1,83
11862;699;2,03
11863;698;1,93
11864;699;2,03
11866;701;2,23
11867;700;2,13
11868;700;2,13
11869;701;2,23
11871;702;2,33
11872;702;2,33
11873;702;2,33
11875;703;2,43
11876;701;2,23
11877;701;2,23
11879;700;2,13
11880;701;2,23
11881;702;2,33
11883;704;2,53
11884;701;2,23
11885;699;2,03
11887;701;2,23
11888;700;2,13
11889;701;2,23
11891;700;2,13
11892;699;2,03
11893;697;1,83
11895;699;2,03
11896;699;2,03
11897;699;2,03
11899;698;1,93
11900;698;1,93
11901;698;1,93
11904;700;2,13
11905;699;2,03
11906;700;2,13
11908;699;2,03
11909;701;2,23
11910;700;2,13
11912;702;2,33
11913;700;2,13
11914;701;2,23
11916;700;2,13
11917;700;2,13
11918;702;2,33
11920;702;2,33
11921;703;2,43
11922;701;2,23
11924;703;2,43
11925;703;2,43
11926;704;2,53
11928;703;2,43
11929;703;2,43
11930;703;2,43
11932;706;2,73
11933;704;2,53
11934;704;2,53
11936;705;2,63
11937;704;2,53
11938;705;2,63
11940;707;2,83
11941;705;2,63
11942;704;2,53
11944;706;2,73
11945;706;2,73
11947;703;2,43
11949;706;2,73
11950;704;2,53
11951;706;2,73
11953;704;2,53
11954;705;2,63
11955;703;2,43
11956;703;2,43
11958;703;2,43
11959;705;2,63
11960;705;2,63
11962;703;2,43
11963;705;2,63
11964;707;2,83
11966;704;2,53
11967;705;2,63
11968;706;2,73
11970;704;2,53
11971;705;2,63
11972;711;3,24
11974;709;3,04
11975;709;3,04
11976;708;2,94
11978;710;3,14
11979;714;3,54
11980;717;3,84
11982;714;3,54
11983;716;3,74
11984;716;3,74
11986;721;4,24
11987;720;4,14
11988;722;4,34
11991;721;4,24
11992;722;4,34
11993;727;4,85
11995;725;4,65
11996;725;4,65
11997;727;4,85
11999;728;4,95
12000;728;4,95
12001;730;5,15
12003;728;4,95
12004;728;4,95
12005;729;5,05
12007;728;4,95
12008;727;4,85
12009;726;4,75
12011;725;4,65
12012;726;4,75
12013;724;4,55
12015;724;4,55
12016;722;4,34
12017;725;4,65
12019;721;4,24
12020;723;4,45
12021;725;4,65
12023;722;4,34
12024;719;4,04
12025;722;4,34
12027;717;3,84
12028;719;4,04
12029;718;3,94
12032;716;3,74
12033;715;3,64
12034;721;4,24
12036;715;3,64
12037;714;3,54
12038;717;3,84
12040;718;3,94
12041;716;3,74
12042;717;3,84
12043;715;3,64
12045;718;3,94
12046;717;3,84
12047;716;3,74
12049;721;4,24
12050;719;4,04
12051;720;4,14
12053;718;3,94
12054;718;3,94
12055;720;4,14
12057;718;3,94
12058;723;4,45
12059;720;4,14
12061;719;4,04
12062;723;4,45
12063;723;4,45
12065;723;4,45
12066;723;4,45
12067;723;4,45
12069;723;4,45
12070;722;4,34
12071;723;4,45
12073;723;4,45
12075;725;4,65
12076;723;4,45
12078;723;4,45
12079;724;4,55
12080;725;4,65
12082;723;4,45
12083;727;4,85
12084;726;4,75
12086;723;4,45
12087;723;4,45
12088;724;4,55
12090;724;4,55
12091;729;5,05
12092;724;4,55
12094;722;4,34
12095;723;4,45
12096;723;4,45
12098;723;4,45
12099;722;4,34
12100;722;4,34
12102;722;4,34
12103;726;4,75
12104;725;4,65
12106;725;4,65
12107;727;4,85
12108;724;4,55
12110;726;4,75
12111;725;4,65
12112;723;4,45
12114;727;4,85
12115;724;4,55
12116;724;4,55
12119;730;5,15
12120;730;5,15
12121;730;5,15
12123;728;4,95
12124;727;4,85
12125;729;5,05
12127;728;4,95
12128;732;5,35
12129;727;4,85
12130;728;4,95
12132;732;5,35
12133;729;5,05
12134;730;5,15
12136;729;5,05
12137;731;5,25
12138;732;5,35
12140;730;5,15
12141;731;5,25
12142;730;5,15
12144;732;5,35
12145;734;5,55
12146;733;5,45
12148;732;5,35
12149;733;5,45
12150;735;5,65
12152;735;5,65
12153;733;5,45
12154;732;5,35
12156;734;5,55
12157;732;5,35
12158;735;5,65
12161;735;5,65
12162;735;5,65
12163;736;5,75
12165;734;5,55
12166;734;5,55
12167;734;5,55
12169;734;5,55
12170;735;5,65
12171;736;5,75
12173;735;5,65
12174;735;5,65
12175;737;5,85
12177;738;5,96
12178;736;5,75
12179;735;5,65
12181;737;5,85
12182;739;6,06
12183;737;5,85
12185;737;5,85
12186;738;5,96
12187;739;6,06
12189;740;6,16
12190;737;5,85
12191;738;5,96
12193;740;6,16
12194;741;6,26
12195;743;6,46
12197;740;6,16
12198;740;6,16
12199;740;6,16
12201;743;6,46
12203;742;6,36
12204;742;6,36
12206;741;6,26
12207;743;6,46
12208;742;6,36
12210;746;6,76
12211;743;6,46
12212;744;6,56
12214;742;6,36
12215;746;6,76
12216;743;6,46
12217;743;6,46
12219;743;6,46
12220;747;6,86
12221;743;6,46
12223;744;6,56
12224;744;6,56
12225;746;6,76
12227;745;6,66
12228;745;6,66
12229;750;7,16
12231;745;6,66
12232;745;6,66
12233;744;6,56
12235;745;6,66
12236;746;6,76
12237;745;6,66
12239;746;6,76
12240;746;6,76
12241;748;6,96
12243;748;6,96
12244;747;6,86
12246;747;6,86
12248;742;6,36
12249;745;6,66
12250;746;6,76
12252;745;6,66
12253;745;6,66
12254;745;6,66
12256;745;6,66
12257;745;6,66
12258;746;6,76
12260;748;6,96
12261;749;7,06
12262;747;6,86
12264;745;6,66
12265;746;6,76
12266;745;6,66
12268;745;6,66
12269;745;6,66
12270;746;6,76
12272;747;6,86
12273;746;6,76
12274;747;6,86
12276;747;6,86
12277;749;7,06
12278;746;6,76
12280;749;7,06
12281;747;6,86
12282;746;6,76
12284;746;6,76
12285;749;7,06
12286;747;6,86
12289;748;6,96
12290;749;7,06
12291;747;6,86
12293;747;6,86
12294;747;6,86
12295;748;6,96
12297;747;6,86
12298;747;6,86
12299;751;7,26
12301;746;6,76
12302;748;6,96
12303;747;6,86
12304;749;7,06
12306;750;7,16
12307;751;7,26
12308;749;7,06
12310;750;7,16
12311;749;7,06
12312;753;7,47
12314;750;7,16
12315;754;7,57
12316;750;7,16
12318;747;6,86
12319;749;7,06
12320;749;7,06
12322;753;7,47
12323;751;7,26
12324;748;6,96
12326;749;7,06
12327;754;7,57
12328;751;7,26
12331;749;7,06
12332;749;7,06
12333;749;7,06
12335;748;6,96
12336;748;6,96
12337;747;6,86
12339;747;6,86
12340;746;6,76
12341;747;6,86
12343;746;6,76
12344;748;6,96
12345;745;6,66
12347;745;6,66
12348;746;6,76
12349;746;6,76
12351;747;6,86
12352;746;6,76
12353;746;6,76
12355;751;7,26
12356;751;7,26
12357;750;7,16
12359;751;7,26
12360;751;7,26
12361;751;7,26
12363;751;7,26
12364;756;7,77
12365;752;7,36
12367;751;7,26
12368;754;7,57
12369;751;7,26
12371;754;7,57
12372;754;7,57
12374;753;7,47
12376;749;7,06
12377;751;7,26
12378;753;7,47
12380;751;7,26
12381;751;7,26
12382;751;7,26
12384;751;7,26
12385;749;7,06
12386;749;7,06
12388;754;7,57
12389;749;7,06
12390;748;6,96
12391;751;7,26
12393;749;7,06
12394;750;7,16
12395;748;6,96
12397;756;7,77
12398;756;7,77
12399;750;7,16
12401;749;7,06
12402;749;7,06
12403;749;7,06
12405;753;7,47
12406;751;7,26
12407;749;7,06
12409;753;7,47
12410;750;7,16
12411;749;7,06
12413;749;7,06
12414;748;6,96
12416;748;6,96
12418;748;6,96
12419;748;6,96
12420;750;7,16
12422;749;7,06
12423;749;7,06
12424;751;7,26
12426;750;7,16
12427;750;7,16
12428;749;7,06
12430;749;7,06
12431;749;7,06
12432;748;6,96
12434;749;7,06
12435;749;7,06
12436;745;6,66
12438;745;6,66
12439;746;6,76
12440;750;7,16
12442;745;6,66
12443;748;6,96
12444;747;6,86
12446;743;6,46
12447;742;6,36
12448;742;6,36
12450;742;6,36
12451;741;6,26
12452;746;6,76
12454;746;6,76
12455;740;6,16
12456;741;6,26
12459;743;6,46
12460;741;6,26
12461;740;6,16
12463;744;6,56
12464;739;6,06
12465;745;6,66
12467;744;6,56
12468;743;6,46
12469;748;6,96
12471;743;6,46
12472;746;6,76
12473;745;6,66
12475;747;6,86
12476;749;7,06
12477;746;6,76
12478;747;6,86
12480;748;6,96
12481;749;7,06
12482;747;6,86
12484;748;6,96
12485;750;7,16
12486;750;7,16
12488;759;8,07
12489;751;7,26
12490;750;7,16
12492;748;6,96
12493;748;6,96
12494;747;6,86
12496;751;7,26
12497;754;7,57
12498;747;6,86
12500;746;6,76
12502;741;6,26
12503;742;6,36
12505;742;6,36
12506;745;6,66
12507;739;6,06
12509;740;6,16
12510;740;6,16
12511;740;6,16
12513;736;5,75
12514;738;5,96
12515;737;5,85
12517;741;6,26
12518;737;5,85
12519;739;6,06
12521;739;6,06
12522;741;6,26
12523;740;6,16
12525;740;6,16
12526;739;6,06
12527;740;6,16
12529;736;5,75
12530;738;5,96
12531;739;6,06
12533;737;5,85
12534;740;6,16
12535;741;6,26
12537;740;6,16
12538;741;6,26
12539;741;6,26
12541;741;6,26
12542;744;6,56
12544;745;6,66
12546;743;6,46
12547;743;6,46
12548;744;6,56
12550;746;6,76
12551;745;6,66
12552;745;6,66
12554;745;6,66
12555;748;6,96
12556;747;6,86
12558;747;6,86
12559;746;6,76
12560;748;6,96
12562;748;6,96
12563;745;6,66
12564;746;6,76
12565;747;6,86
12567;747;6,86
12568;747;6,86
12569;744;6,56
12571;745;6,66
12572;740;6,16
12573;737;5,85
12575;738;5,96
12576;735;5,65
12577;738;5,96
12579;735;5,65
12580;733;5,45
12581;732;5,35
12583;731;5,25
12584;734;5,55
12585;730;5,15
12588;737;5,85
12589;736;5,75
12590;736;5,75
12592;734;5,55
12593;735;5,65
12594;734;5,55
12596;735;5,65
12597;742;6,36
12598;740;6,16
12600;738;5,96
12601;745;6,66
12602;743;6,46
12604;742;6,36
12605;744;6,56
12606;742;6,36
12608;743;6,46
12609;739;6,06
12610;740;6,16
12612;739;6,06
12613;742;6,36
12614;739;6,06
12616;740;6,16
12617;745;6,66
12618;739;6,06
12620;739;6,06
12621;741;6,26
12622;740;6,16
12624;741;6,26
12625;739;6,06
12626;741;6,26
12628;742;6,36
12630;742;6,36
12631;742;6,36
12633;743;6,46
12634;743;6,46
12635;739;6,06
12637;739;6,06
12638;738;5,96
12639;740;6,16
12641;737;5,85
12642;738;5,96
12643;739;6,06
12645;740;6,16
12646;740;6,16
12647;740;6,16
12649;732;5,35
12650;735;5,65
12651;734;5,55
12652;734;5,55
12654;736;5,75
12655;738;5,96
12656;734;5,55
12658;735;5,65
12659;733;5,45
12660;733;5,45
12662;732;5,35
12663;730;5,15
12664;733;5,45
12666;735;5,65
12667;730;5,15
12668;731;5,25
12670;737;5,85
12672;732;5,35
12673;736;5,75
12675;733;5,45
12676;734;5,55
12677;738;5,96
12679;731;5,25
12680;734;5,55
12681;734;5,55
12683;732;5,35
12684;734;5,55
12685;733;5,45
12687;733;5,45
12688;737;5,85
12689;738;5,96
12691;739;6,06
12692;736;5,75
12693;734;5,55
12695;738;5,96
12696;734;5,55
12697;736;5,75
12699;735;5,65
12700;733;5,45
12701;732;5,35
12703;731;5,25
12704;731;5,25
12705;729;5,05
12707;731;5,25
12708;730;5,15
12709;728;4,95
12711;728;4,95
12712;726;4,75
12713;727;4,85
12716;726;4,75
12717;726;4,75
12718;727;4,85
12720;725;4,65
12721;723;4,45
12722;724;4,55
12724;723;4,45
12725;728;4,95
12726;727;4,85
12728;728;4,95
12729;728;4,95
12730;727;4,85
12732;731;5,25
12733;726;4,75
12734;731;5,25
12736;728;4,95
12737;729;5,05
12738;729;5,05
12739;731;5,25
12741;731;5,25
12742;732;5,35
12743;734;5,55
12745;738;5,96
12746;735;5,65
12747;738;5,96
12749;735;5,65
12750;735;5,65
12751;736;5,75
12753;732;5,35
12754;732;5,35
12755;734;5,55
12758;737;5,85
12759;732;5,35
12760;728;4,95
12762;731;5,25
12763;739;6,06
12764;730;5,15
12766;730;5,15
12767;729;5,05
12768;728;4,95
12770;728;4,95
12771;727;4,85
12772;726;4,75
12774;724;4,55
12775;722;4,34
12776;723;4,45
12778;723;4,45
12779;725;4,65
12780;727;4,85
12782;726;4,75
12783;725;4,65
12784;724;4,55
12786;723;4,45
12787;726;4,75
12788;727;4,85
12790;726;4,75
12791;728;4,95
12792;730;5,15
12794;728;4,95
12795;727;4,85
12796;730;5,15
12798;728;4,95
12800;729;5,05
12801;734;5,55
12803;729;5,05
12804;728;4,95
12805;728;4,95
12807;726;4,75
12808;725;4,65
12809;727;4,85
12811;726;4,75
12812;725;4,65
12813;729;5,05
12815;723;4,45
12816;723;4,45
12817;724;4,55
12819;725;4,65
12820;722;4,34
12821;725;4,65
12823;723;4,45
12824;722;4,34
12825;725;4,65
12826;721;4,24
12828;724;4,55
12829;724;4,55
12830;723;4,45
12832;725;4,65
12833;729;5,05
12834;725;4,65
12836;725;4,65
12837;725;4,65
12838;725;4,65
12840;728;4,95
12841;724;4,55
12843;726;4,75
12845;727;4,85
12846;724;4,55
12847;724;4,55
12849;723;4,45
12850;722;4,34
12851;723;4,45
12853;721;4,24
12854;720;4,14
12855;720;4,14
12857;724;4,55
12858;720;4,14
12859;721;4,24
12861;717;3,84
12862;719;4,04
12863;716;3,74
12865;716;3,74
12866;715;3,64
12867;716;3,74
12869;716;3,74
12870;716;3,74
12871;715;3,64
12873;716;3,74
12874;716;3,74
12875;715;3,64
12877;717;3,84
12878;719;4,04
12879;714;3,54
12881;716;3,74
12882;715;3,64
12883;715;3,64
12886;716;3,74
12887;713;3,44
12888;715;3,64
12890;712;3,34
12891;713;3,44
12892;716;3,74
12894;715;3,64
12895;716;3,74
12896;720;4,14
12898;714;3,54
12899;717;3,84
12900;726;4,75
12902;719;4,04
12903;719;4,04
12904;720;4,14
12906;720;4,14
12907;723;4,45
12908;721;4,24
12910;720;4,14
12911;723;4,45
12912;724;4,55
12913;722;4,34
12915;725;4,65
12916;722;4,34
12917;721;4,24
12919;724;4,55
12920;718;3,94
12921;718;3,94
12923;717;3,84
12924;718;3,94
12925;717;3,84
12928;716;3,74
12929;716;3,74
12930;717;3,84
12932;715;3,64
12933;715;3,64
12934;714;3,54
12936;714;3,54
12937;716;3,74
12938;713;3,44
12940;714;3,54
12941;712;3,34
12942;713;3,44
12944;711;3,24
12945;712;3,34
12946;714;3,54
12948;716;3,74
12949;710;3,14
12950;712;3,34
12952;714;3,54
12953;711;3,24
12954;713;3,44
12956;715;3,64
12957;711;3,24
12958;713;3,44
12960;715;3,64
12961;714;3,54
12962;713;3,44
12964;715;3,64
12965;717;3,84
12966;717;3,84
12968;721;4,24
12969;719;4,04
12971;721;4,24
12973;720;4,14
12974;721;4,24
12975;721;4,24
12977;723;4,45
12978;722;4,34
12979;725;4,65
12981;725;4,65
12982;724;4,55
12983;722;4,34
12985;725;4,65
12986;722;4,34
12987;721;4,24
12989;726;4,75
12990;722;4,34
12991;721;4,24
12993;720;4,14
12994;720;4,14
12995;721;4,24
12997;722;4,34
12998;718;3,94
12999;719;4,04
13000;717;3,84
13002;719;4,04
13003;718;3,94
13004;716;3,74
13006;716;3,74
13007;718;3,94
13008;716;3,74
13010;714;3,54
13011;713;3,44
13012;714;3,54
13015;717;3,84
13016;718;3,94
13017;717;3,84
13019;713;3,44
13020;716;3,74
13021;713;3,44
13023;715;3,64
13024;721;4,24
13025;715;3,64
13027;720;4,14
13028;716;3,74
13029;717;3,84
13031;718;3,94
13032;717;3,84
13033;717;3,84
13035;719;4,04
13036;720;4,14
13037;719;4,04
13039;720;4,14
13040;721;4,24
13041;724;4,55
13043;723;4,45
13044;723;4,45
13045;724;4,55
13047;723;4,45
13048;723;4,45
13049;724;4,55
13051;724;4,55
13052;723;4,45
13053;724;4,55
13056;723;4,45
13057;723;4,45
13058;723;4,45
13060;724;4,55
13061;722;4,34
13062;722;4,34
13064;723;4,45
13065;721;4,24
13066;723;4,45
13068;722;4,34
13069;722;4,34
13070;722;4,34
13072;722;4,34
13073;725;4,65
13074;724;4,55
13076;723;4,45
13077;721;4,24
13078;722;4,34
13080;726;4,75
13081;721;4,24
13082;727;4,85
13084;719;4,04
13085;721;4,24
13086;720;4,14
13087;720;4,14
13089;719;4,04
13090;719;4,04
13091;722;4,34
13093;723;4,45
13094;719;4,04
13095;721;4,24
13097;721;4,24
13099;720;4,14
13100;722;4,34
13102;729;5,05
13103;726;4,75
13104;722;4,34
13106;722;4,34
13107;729;5,05
13108;723;4,45
13110;723;4,45
13111;728;4,95
13112;730;5,15
13114;724;4,55
13115;727;4,85
13116;729;5,05
13118;725;4,65
13119;726;4,75
13120;725;4,65
13122;732;5,35
13123;726;4,75
13124;726;4,75
13126;728;4,95
13127;728;4,95
13128;726;4,75
13130;733;5,45
13131;729;5,05
13132;728;4,95
13134;725;4,65
13135;731;5,25
13136;726;4,75
13138;727;4,85
13139;725;4,65
13140;725;4,65
13143;725;4,65
13144;728;4,95
13145;724;4,55
13147;725;4,65
13148;726;4,75
13149;725;4,65
13151;723;4,45
13152;723;4,45
13153;722;4,34
13155;721;4,24
13156;726;4,75
13157;726;4,75
13159;721;4,24
13160;726;4,75
13161;720;4,14
13163;721;4,24
13164;725;4,65
13165;721;4,24
13167;722;4,34
13168;721;4,24
13169;720;4,14
13171;724;4,55
13172;723;4,45
13173;722;4,34
13174;721;4,24
13176;721;4,24
13177;720;4,14
13178;722;4,34
13180;723;4,45
13181;721;4,24
13182;721;4,24
13185;724;4,55
13186;722;4,34
13187;723;4,45
13189;722;4,34
13190;723;4,45
13191;729;5,05
13193;722;4,34
13194;725;4,65
13195;722;4,34
13197;723;4,45
13198;722;4,34
13199;725;4,65
13201;728;4,95
13202;722;4,34
13203;721;4,24
13205;724;4,55
13206;721;4,24
13207;722;4,34
13209;726;4,75
13210;722;4,34
13211;722;4,34
13213;720;4,14
13214;722;4,34
13215;721;4,24
13217;720;4,14
13218;719;4,04
13219;723;4,45
13221;719;4,04
13222;721;4,24
13223;721;4,24
13225;719;4,04
13227;722;4,34
13228;717;3,84
13230;721;4,24
13231;719;4,04
13232;717;3,84
13234;719;4,04
13235;716;3,74
13236;717;3,84
13238;717;3,84
13239;715;3,64
13240;717;3,84
13242;719;4,04
13243;716;3,74
13244;716;3,74
13246;718;3,94
13247;725;4,65
13248;717;3,84
13250;719;4,04
13251;716;3,74
13252;716;3,74
13254;717;3,84
13255;717;3,84
13256;721;4,24
13258;720;4,14
13259;718;3,94
13260;723;4,45
13261;717;3,84
13263;718;3,94
13264;720;4,14
13265;717;3,84
13267;720;4,14
13268;720;4,14
13270;722;4,34
13272;719;4,04
13273;718;3,94
13274;721;4,24
13276;720;4,14
13277;719;4,04
13278;723;4,45
13280;721;4,24
13281;718;3,94
13282;719;4,04
13284;717;3,84
13285;719;4,04
13286;717;3,84
13288;719;4,04
13289;718;3,94
13290;718;3,94
13292;719;4,04
13293;720;4,14
13294;721;4,24
13296;719;4,04
13297;717;3,84
13298;719;4,04
13300;716;3,74
13301;718;3,94
13302;724;4,55
13304;718;3,94
13305;721;4,24
13306;718;3,94
13308;718;3,94
13309;717;3,84
13310;716;3,74
13313;716;3,74
13314;717;3,84
13315;717;3,84
13317;717;3,84
13318;717;3,84
13319;716;3,74
13321;718;3,94
13322;716;3,74
13323;719;4,04
13325;716;3,74
13326;717;3,84
13327;718;3,94
13329;717;3,84
13330;717;3,84
13331;716;3,74
13333;716;3,74
13334;718;3,94
13335;719;4,04
13337;717;3,84
13338;717;3,84
13339;720;4,14
13341;718;3,94
13342;719;4,04
13343;717;3,84
13345;717;3,84
13346;720;4,14
13347;719;4,04
13348;718;3,94
13350;722;4,34
13351;719;4,04
13352;717;3,84
13355;718;3,94
13356;717;3,84
13357;717;3,84
13359;721;4,24
13360;719;4,04
13361;717;3,84
13363;718;3,94
13364;718;3,94
13365;717;3,84
13367;719;4,04
13368;719;4,04
13369;717;3,84
13371;719;4,04
13372;720;4,14
13373;717;3,84
13375;718;3,94
13376;719;4,04
13377;715;3,64
13379;716;3,74
13380;719;4,04
13381;717;3,84
13383;714;3,54
13384;715;3,64
13385;715;3,64
13387;715;3,64
13388;714;3,54
13389;714;3,54
13391;717;3,84
13392;716;3,74
13393;717;3,84
13395;716;3,74
13396;716;3,74
13398;717;3,84
13400;715;3,64
13401;719;4,04
13402;715;3,64
13404;716;3,74
13405;716;3,74
13406;717;3,84
13408;718;3,94
13409;718;3,94
13410;717;3,84
13412;718;3,94
13413;718;3,94
13414;720;4,14
13416;718;3,94
13417;718;3,94
13418;717;3,84
13420;720;4,14
13421;719;4,04
13422;717;3,84
13424;717;3,84
13425;718;3,94
13426;717;3,84
13428;718;3,94
13429;718;3,94
13430;718;3,94
13432;718;3,94
13433;719;4,04
13434;719;4,04
13435;717;3,84
13437;718;3,94
13438;717;3,84
13440;717;3,84
13442;718;3,94
13443;717;3,84
13444;717;3,84
13446;718;3,94
13447;718;3,94
13448;717;3,84
13450;718;3,94
13451;718;3,94
13452;717;3,84
13454;717;3,84
13455;717;3,84
13456;716;3,74
13458;717;3,84
13459;716;3,74
13460;717;3,84
13462;719;4,04
13463;716;3,74
13464;715;3,64
13466;715;3,64
13467;717;3,84
13468;716;3,74
13470;719;4,04
13471;717;3,84
13472;716;3,74
13474;717;3,84
13475;718;3,94
13476;715;3,64
13478;718;3,94
13479;716;3,74
13480;715;3,64
13483;716;3,74
13484;715;3,64
13485;716;3,74
13487;716;3,74
13488;718;3,94
13489;716;3,74
13491;716;3,74
13492;716;3,74
13493;715;3,64
13495;715;3,64
13496;716;3,74
13497;720;4,14
13499;717;3,84
13500;716;3,74
13501;718;3,94
13503;719;4,04
13504;717;3,84
13505;719;4,04
13507;716;3,74
13508;716;3,74
13509;716;3,74
13511;717;3,84
13512;717;3,84
13513;717;3,84
13515;717;3,84
13516;719;4,04
13517;716;3,74
13519;715;3,64
13520;717;3,84
13521;717;3,84
13522;716;3,74
13524;716;3,74
13526;718;3,94
13527;715;3,64
13529;716;3,74
13530;715;3,64
13531;715;3,64
13533;716;3,74
13534;716;3,74
13535;715;3,64
13537;716;3,74
13538;717;3,84
13539;716;3,74
13541;713;3,44
13542;716;3,74
13543;715;3,64
13545;714;3,54
13546;720;4,14
13547;714;3,54
13549;718;3,94
13550;715;3,64
13551;714;3,54
13553;716;3,74
13554;715;3,64
13555;715;3,64
13557;715;3,64
13558;717;3,84
13559;715;3,64
13561;715;3,64
13562;715;3,64
13563;719;4,04
13565;715;3,64
13566;716;3,74
13568;716;3,74
13570;714;3,54
13571;716;3,74
13572;719;4,04
13574;717;3,84
13575;714;3,54
13576;715;3,64
13578;716;3,74
13579;716;3,74
13580;715;3,64
13582;716;3,74
13583;715;3,64
13584;716;3,74
13586;715;3,64
13587;716;3,74
13588;717;3,84
13590;716;3,74
13591;717;3,84
13592;717;3,84
13594;715;3,64
13595;716;3,74
13596;714;3,54
13598;714;3,54
13599;717;3,84
13600;717;3,84
13602;716;3,74
13603;714;3,54
13604;714;3,54
13606;715;3,64
13607;716;3,74
13608;714;3,54
13609;714;3,54
13612;714;3,54
13613;716;3,74
13614;713;3,44
13616;715;3,64
13617;715;3,64
13618;715;3,64
13620;715;3,64
13621;716;3,74
13622;714;3,54
13624;717;3,84
13625;715;3,64
13626;715;3,64
13628;717;3,84
13629;716;3,74
13630;714;3,54
13632;716;3,74
13633;716;3,74
13634;715;3,64
13636;717;3,84
13637;715;3,64
13638;716;3,74
13640;717;3,84
13641;717;3,84
13642;715;3,64
13644;717;3,84
13645;717;3,84
13646;713;3,44
13648;713;3,44
13649;714;3,54
13650;715;3,64
13652;714;3,54
13654;714;3,54
13655;716;3,74
13657;717;3,84
13658;713;3,44
13659;716;3,74
13661;715;3,64
13662;715;3,64
13663;714;3,54
13665;713;3,44
13666;716;3,74
13667;714;3,54
13669;714;3,54
13670;714;3,54
13671;715;3,64
13673;715;3,64
13674;715;3,64
13675;714;3,54
13677;713;3,44
13678;713;3,44
13679;714;3,54
13681;714;3,54
13682;713;3,44
13683;714;3,54
13685;713;3,44
13686;713;3,44
13687;714;3,54
13689;713;3,44
13690;711;3,24
13691;713;3,44
13693;714;3,54
13694;715;3,64
13696;713;3,44
13697;713;3,44
13699;715;3,64
13700;713;3,44
13701;714;3,54
13703;715;3,64
13704;712;3,34
13705;717;3,84
13707;711;3,24
13708;714;3,54
13709;712;3,34
13711;713;3,44
13712;712;3,34
13713;717;3,84
13715;714;3,54
13716;713;3,44
13717;713;3,44
13719;712;3,34
13720;715;3,64
13721;714;3,54
13723;713;3,44
13724;715;3,64
13725;715;3,64
13727;716;3,74
13728;713;3,44
13729;714;3,54
13731;712;3,34
13732;714;3,54
13733;714;3,54
13735;714;3,54
13736;714;3,54
13737;714;3,54
13740;714;3,54
13741;715;3,64
13742;712;3,34
13744;715;3,64
13745;714;3,54
13746;713;3,44
13748;713;3,44
13749;714;3,54
13750;713;3,44
13752;711;3,24
13753;713;3,44
13754;715;3,64
13756;715;3,64
13757;715;3,64
13758;713;3,44
13760;711;3,24
13761;714;3,54
13762;712;3,34
13764;710;3,14
13765;713;3,44
13766;712;3,34
13768;715;3,64
13769;710;3,14
13770;713;3,44
13772;712;3,34
13773;712;3,34
13774;711;3,24
13776;711;3,24
13777;714;3,54
13778;713;3,44
13780;711;3,24
13782;711;3,24
13783;710;3,14
13784;710;3,14
13786;712;3,34
13787;712;3,34
13788;713;3,44
13790;711;3,24
13791;711;3,24
13792;712;3,34
13794;711;3,24
13795;711;3,24
13796;714;3,54
13798;712;3,34
13799;713;3,44
13800;713;3,44
13802;711;3,24
13803;713;3,44
13804;712;3,34
13806;713;3,44
13807;713;3,44
13808;714;3,54
13810;711;3,24
13811;712;3,34
13812;711;3,24
13814;711;3,24
13815;714;3,54
13816;714;3,54
13818;711;3,24
13819;712;3,34
13820;715;3,64
13822;712;3,34
13824;710;3,14
13825;715;3,64
13827;711;3,24
13828;711;3,24
13829;713;3,44
13831;710;3,14
13832;713;3,44
13833;711;3,24
13835;711;3,24
13836;712;3,34
13837;709;3,04
13839;709;3,04
13840;711;3,24
13841;710;3,14
13843;712;3,34
13844;711;3,24
13845;710;3,14
13847;712;3,34
13848;711;3,24
13849;711;3,24
13851;711;3,24
13852;713;3,44
13853;709;3,04
13855;710;3,14
13856;710;3,14
13857;710;3,14
13859;709;3,04
13860;711;3,24
13861;710;3,14
13863;709;3,04
13864;709;3,04
13865;713;3,44
13868;709;3,04
13869;709;3,04
13870;711;3,24
13871;709;3,04
13873;709;3,04
13874;711;3,24
13875;709;3,04
13877;708;2,94
13878;709;3,04
13879;710;3,14
13881;711;3,24
13882;709;3,04
13883;709;3,04
13885;709;3,04
13886;708;2,94
13887;711;3,24
13889;708;2,94
13890;709;3,04
13891;709;3,04
13893;710;3,14
13894;712;3,34
13895;710;3,14
13897;710;3,14
13898;708;2,94
13899;708;2,94
13901;708;2,94
13902;708;2,94
13903;709;3,04
13905;711;3,24
13906;711;3,24
13907;709;3,04
13910;705;2,63
13911;708;2,94
13912;708;2,94
13914;710;3,14
13915;711;3,24
13916;708;2,94
13918;707;2,83
13919;711;3,24
13920;708;2,94
13922;707;2,83
13923;705;2,63
13924;710;3,14
13926;707;2,83
13927;709;3,04
13928;708;2,94
13930;708;2,94
13931;708;2,94
13932;708;2,94
13934;714;3,54
13935;708;2,94
13936;709;3,04
13938;710;3,14
13939;707;2,83
13940;707;2,83
13942;707;2,83
13943;709;3,04
13944;709;3,04
13946;707;2,83
13947;709;3,04
13948;708;2,94
13950;710;3,14
13952;709;3,04
13953;712;3,34
13955;708;2,94
13956;708;2,94
13957;709;3,04
13958;710;3,14
13960;712;3,34
13961;709;3,04
13962;709;3,04
13964;709;3,04
13965;709;3,04
13966;709;3,04
13968;709;3,04
13969;712;3,34
13970;709;3,04
13972;709;3,04
13973;711;3,24
13974;710;3,14
13976;711;3,24
13977;707;2,83
13978;707;2,83
13980;711;3,24
13981;712;3,34
13982;705;2,63
13984;706;2,73
13985;710;3,14
13986;706;2,73
13988;707;2,83
13989;708;2,94
13990;705;2,63
13992;706;2,73
13993;709;3,04
13995;707;2,83
13997;705;2,63
13998;705;2,63
13999;706;2,73
14001;707;2,83
14002;705;2,63
14003;711;3,24
14005;706;2,73
14006;708;2,94
14007;706;2,73
14009;708;2,94
14010;711;3,24
14011;713;3,44
14013;705;2,63
14014;711;3,24
14015;709;3,04
14017;708;2,94
14018;707;2,83
14019;706;2,73
14021;708;2,94
14022;707;2,83
14023;711;3,24
14025;705;2,63
14026;706;2,73
14027;709;3,04
14029;713;3,44
14030;710;3,14
14031;709;3,04
14033;711;3,24
14034;708;2,94
14035;710;3,14
14038;710;3,14
14039;707;2,83
14040;707;2,83
14042;710;3,14
14043;708;2,94
14044;710;3,14
14045;707;2,83
14047;708;2,94
14048;710;3,14
14049;709;3,04
14051;707;2,83
14052;707;2,83
14053;705;2,63
14055;706;2,73
14056;707;2,83
14057;708;2,94
14059;705;2,63
14060;708;2,94
14061;707;2,83
14063;704;2,53
14064;706;2,73
14065;703;2,43
14067;705;2,63
14068;703;2,43
14069;705;2,63
14071;706;2,73
14072;703;2,43
14073;709;3,04
14075;703;2,43
14076;702;2,33
14077;704;2,53
14080;703;2,43
14081;707;2,83
14082;704;2,53
14084;703;2,43
14085;704;2,53
14086;704;2,53
14088;703;2,43
14089;703;2,43
14090;704;2,53
14092;704;2,53
14093;703;2,43
14094;704;2,53
14096;705;2,63
14097;703;2,43
14098;705;2,63
14100;705;2,63
14101;705;2,63
14102;706;2,73
14104;706;2,73
14105;703;2,43
14106;711;3,24
14108;707;2,83
14109;706;2,73
14110;705;2,63
14112;705;2,63
14113;707;2,83
14114;706;2,73
14116;705;2,63
14117;707;2,83
14118;706;2,73
14120;705;2,63
14121;708;2,94
14123;706;2,73
14125;704;2,53
14126;708;2,94
14127;707;2,83
14129;708;2,94
14130;706;2,73
14131;708;2,94
14132;707;2,83
14134;710;3,14
14135;711;3,24
14136;708;2,94
14138;709;3,04
14139;707;2,83
14140;709;3,04
14142;709;3,04
14143;712;3,34
14144;709;3,04
14146;711;3,24
14147;711;3,24
14148;707;2,83
14150;707;2,83
14151;708;2,94
14152;708;2,94
14154;708;2,94
14155;709;3,04
14156;712;3,34
14158;705;2,63
14159;709;3,04
14160;711;3,24
14162;705;2,63
14163;710;3,14
14164;706;2,73
14167;706;2,73
14168;709;3,04
14169;705;2,63
14171;706;2,73
14172;712;3,34
14173;708;2,94
14175;705;2,63
14176;705;2,63
14177;707;2,83
14179;703;2,43
14180;705;2,63
14181;710;3,14
14183;706;2,73
14184;711;3,24
14185;708;2,94
14187;706;2,73
14188;707;2,83
14189;707;2,83
14191;705;2,63
14192;709;3,04
14193;704;2,53
14195;705;2,63
14196;709;3,04
14197;706;2,73
14199;704;2,53
14200;707;2,83
14201;706;2,73
14203;705;2,63
14204;712;3,34
14205;704;2,53
14208;707;2,83
14209;704;2,53
14210;706;2,73
14212;705;2,63
14213;705;2,63
14214;705;2,63
14216;705;2,63
14217;707;2,83
14218;705;2,63
14219;704;2,53
14221;703;2,43
14222;706;2,73
14223;703;2,43
14225;706;2,73
14226;706;2,73
14227;704;2,53
14229;705;2,63
14230;707;2,83
14231;706;2,73
14233;708;2,94
14234;711;3,24
14235;706;2,73
14237;712;3,34
14238;705;2,63
14239;706;2,73
14241;709;3,04
14242;706;2,73
14243;711;3,24
14245;705;2,63
14246;705;2,63
14247;710;3,14
14249;709;3,04
14251;703;2,43
14252;703;2,43
14254;703;2,43
14255;704;2,53
14256;703;2,43
14258;709;3,04
14259;703;2,43
14260;705;2,63
14262;702;2,33
14263;701;2,23
14264;701;2,23
14266;704;2,53
14267;703;2,43
14268;702;2,33
14270;702;2,33
14271;705;2,63
14272;705;2,63
14274;702;2,33
14275;703;2,43
14276;703;2,43
14278;703;2,43
14279;703;2,43
14280;702;2,33
14282;703;2,43
14283;705;2,63
14284;704;2,53
14286;706;2,73
14287;705;2,63
14288;703;2,43
14290;703;2,43
14291;706;2,73
14292;706;2,73
14295;706;2,73
14296;706;2,73
14297;706;2,73
14299;706;2,73
14300;709;3,04
14301;708;2,94
14303;707;2,83
14304;709;3,04
14305;712;3,34
14306;709;3,04
14308;707;2,83
14309;708;2,94
14310;710;3,14
14312;709;3,04
14313;710;3,14
14314;708;2,94
14316;711;3,24
14317;707;2,83
14318;709;3,04
14320;706;2,73
14321;707;2,83
14322;709;3,04
14324;707;2,83
14325;707;2,83
14326;710;3,14
14328;706;2,73
14329;705;2,63
14330;711;3,24
14332;705;2,63
14333;705;2,63
14334;706;2,73
14337;705;2,63
14338;711;3,24
14339;706;2,73
14341;707;2,83
14342;705;2,63
14343;707;2,83
14345;705;2,63
14346;705;2,63
14347;705;2,63
14349;706;2,73
14350;712;3,34
14351;710;3,14
14353;707;2,83
14354;711;3,24
14355;707;2,83
14357;706;2,73
14358;706;2,73
14359;709;3,04
14361;708;2,94
14362;707;2,83
14363;709;3,04
14365;709;3,04
14366;708;2,94
14367;709;3,04
14369;708;2,94
14370;710;3,14
14371;708;2,94
14373;713;3,44
14374;711;3,24
14375;713;3,44
14377;710;3,14
14379;710;3,14
14380;710;3,14
14382;712;3,34
14383;709;3,04
14384;707;2,83
14386;708;2,94
14387;709;3,04
14388;708;2,94
14390;710;3,14
14391;708;2,94
14392;710;3,14
14393;709;3,04
14395;712;3,34
14396;708;2,94
14397;709;3,04
14399;709;3,04
14400;707;2,83
14401;706;2,73
14403;705;2,63
14404;706;2,73
14405;709;3,04
14407;709;3,04
14408;707;2,83
14409;708;2,94
14411;702;2,33
14412;711;3,24
14413;707;2,83
14415;707;2,83
14416;707;2,83
14417;705;2,63
14419;707;2,83
14420;712;3,34
14422;708;2,94
14424;706;2,73
14425;709;3,04
14426;710;3,14
14428;710;3,14
14429;708;2,94
14430;710;3,14
14432;708;2,94
14433;709;3,04
14434;711;3,24
14436;713;3,44
14437;709;3,04
14438;709;3,04
14440;710;3,14
14441;709;3,04
14442;708;2,94
14444;707;2,83
14445;707;2,83
14446;709;3,04
14448;712;3,34
14449;710;3,14
14450;709;3,04
14452;710;3,14
14453;709;3,04
14454;708;2,94
14456;709;3,04
14457;710;3,14
14458;708;2,94
14460;713;3,44
14461;710;3,14
14462;709;3,04
14465;709;3,04
14466;710;3,14
14467;712;3,34
14469;711;3,24
14470;709;3,04
14471;708;2,94
14473;709;3,04
14474;708;2,94
14475;709;3,04
14477;711;3,24
14478;711;3,24
14479;710;3,14
14480;709;3,04
14482;711;3,24
14483;709;3,04
14484;708;2,94
14486;708;2,94
14487;709;3,04
14488;709;3,04
14490;708;2,94
14491;709;3,04
14492;708;2,94
14494;708;2,94
14495;708;2,94
14496;711;3,24
14498;708;2,94
14499;708;2,94
14500;710;3,14
14502;708;2,94
14503;707;2,83
14504;710;3,14
14507;707;2,83
14508;708;2,94
14509;707;2,83
14511;708;2,94
14512;708;2,94
14513;708;2,94
14515;708;2,94
14516;707;2,83
14517;709;3,04
14519;709;3,04
14520;706;2,73
14521;707;2,83
14523;709;3,04
14524;710;3,14
14525;710;3,14
14527;708;2,94
14528;709;3,04
14529;710;3,14
14531;709;3,04
14532;712;3,34
14533;711;3,24
14535;713;3,44
14536;709;3,04
14537;713;3,44
14539;709;3,04
14540;710;3,14
14541;713;3,44
14543;710;3,14
14544;710;3,14
14545;710;3,14
14547;710;3,14
14548;709;3,04
14550;708;2,94
14552;707;2,83
14553;707;2,83
14554;708;2,94
14556;706;2,73
14557;704;2,53
14558;707;2,83
14560;709;3,04
14561;705;2,63
14562;707;2,83
14564;709;3,04
14565;706;2,73
14566;705;2,63
14567;705;2,63
14569;705;2,63
14570;705;2,63
14571;707;2,83
14573;706;2,73
14574;708;2,94
14575;707;2,83
14577;708;2,94
14578;710;3,14
14579;707;2,83
14581;708;2,94
14582;706;2,73
14583;708;2,94
14585;707;2,83
14586;710;3,14
14587;708;2,94
14589;709;3,04
14590;709;3,04
14592;708;2,94
14594;707;2,83
14595;708;2,94
14596;709;3,04
14598;710;3,14
14599;709;3,04
14600;709;3,04
14602;709;3,04
14603;710;3,14
14604;709;3,04
14606;707;2,83
14607;709;3,04
14608;706;2,73
14610;705;2,63
14611;705;2,63
14612;705;2,63
14614;706;2,73
14615;705;2,63
14616;705;2,63
14618;704;2,53
14619;704;2,53
14620;704;2,53
14622;702;2,33
14623;703;2,43
14624;706;2,73
14626;702;2,33
14627;704;2,53
14628;707;2,83
14630;707;2,83
14631;708;2,94
14632;707;2,83
14635;708;2,94
14636;708;2,94
14637;707;2,83
14639;711;3,24
14640;710;3,14
14641;709;3,04
14643;711;3,24
14644;710;3,14
14645;714;3,54
14647;712;3,34
14648;713;3,44
14649;714;3,54
14651;713;3,44
14652;716;3,74
14653;715;3,64
14654;713;3,44
14656;713;3,44
14657;714;3,54
14658;713;3,44
14660;714;3,54
14661;714;3,54
14662;714;3,54
14664;713;3,44
14665;715;3,64
14666;712;3,34
14668;710;3,14
14669;712;3,34
14670;709;3,04
14672;709;3,04
14673;708;2,94
14674;709;3,04
14676;708;2,94
14678;707;2,83
14679;708;2,94
14681;706;2,73
14682;706;2,73
14683;705;2,63
14685;707;2,83
14686;708;2,94
14687;705;2,63
14689;707;2,83
14690;706;2,73
14691;703;2,43
14693;705;2,63
14694;705;2,63
14695;708;2,94
14697;708;2,94
14698;711;3,24
14699;706;2,73
14701;708;2,94
14702;708;2,94
14703;708;2,94
14705;709;3,04
14706;708;2,94
14707;714;3,54
14709;713;3,44
14710;711;3,24
14711;711;3,24
14713;709;3,04
14714;712;3,34
14715;713;3,44
14717;715;3,64
14718;716;3,74
14720;713;3,44
14722;713;3,44
14723;714;3,54
14724;714;3,54
14726;715;3,64
14727;719;4,04
14728;718;3,94
14730;717;3,84
14731;716;3,74
14732;718;3,94
14734;718;3,94
14735;715;3,64
14736;717;3,84
14738;714;3,54
14739;716;3,74
14740;713;3,44
14741;713;3,44
14743;712;3,34
14744;711;3,24
14745;711;3,24
14747;711;3,24
14748;710;3,14
14749;709;3,04
14751;711;3,24
14752;708;2,94
14753;710;3,14
14755;713;3,44
14756;709;3,04
14757;710;3,14
14759;706;2,73
14760;706;2,73
14761;716;3,74
14764;710;3,14
14765;711;3,24
14766;711;3,24
14768;710;3,14
14769;708;2,94
14770;711;3,24
14772;717;3,84
14773;708;2,94
14774;711;3,24
14776;714;3,54
14777;712;3,34
14778;712;3,34
14780;716;3,74
14781;713;3,44
14782;714;3,54
14784;714;3,54
14785;716;3,74
14786;717;3,84
14788;714;3,54
14789;716;3,74
14790;717;3,84
14792;716;3,74
14793;714;3,54
14794;712;3,34
14796;716;3,74
14797;713;3,44
14798;717;3,84
14800;714;3,54
14801;715;3,64
14802;712;3,34
14804;712;3,34
14806;710;3,14
14807;713;3,44
14809;708;2,94
14810;710;3,14
14811;709;3,04
14813;716;3,74
14814;708;2,94
14815;715;3,64
14817;707;2,83
14818;709;3,04
14819;711;3,24
14821;709;3,04
14822;708;2,94
14823;711;3,24
14825;710;3,14
14826;713;3,44
14827;710;3,14
14828;713;3,44
14830;713;3,44
14831;719;4,04
14832;711;3,24
14834;713;3,44
14835;718;3,94
14836;715;3,64
14838;714;3,54
14839;716;3,74
14840;717;3,84
14842;717;3,84
14843;717;3,84
14844;714;3,54
14846;716;3,74
14848;716;3,74
14849;714;3,54
14851;715;3,64
14852;716;3,74
14853;718;3,94
14855;714;3,54
14856;717;3,84
14857;714;3,54
14859;714;3,54
14860;715;3,64
14861;714;3,54
14863;712;3,34
14864;710;3,14
14865;712;3,34
14867;711;3,24
14868;712;3,34
14869;714;3,54
14871;710;3,14
14872;716;3,74
14873;715;3,64
14875;711;3,24
14876;714;3,54
14877;713;3,44
14879;706;2,73
14880;711;3,24
14881;713;3,44
14883;710;3,14
14884;711;3,24
14885;713;3,44
14887;708;2,94
14888;709;3,04
14889;708;2,94
14892;710;3,14
14893;709;3,04
14894;713;3,44
14896;709;3,04
14897;711;3,24
14898;713;3,44
14900;713;3,44
14901;711;3,24
14902;718;3,94
14904;713;3,44
14905;713;3,44
14906;717;3,84
14908;714;3,54
14909;713;3,44
14910;716;3,74
14912;713;3,44
14913;716;3,74
14914;715;3,64
14915;714;3,54
14917;715;3,64
14918;719;4,04
14919;713;3,44
14921;714;3,54
14922;717;3,84
14923;715;3,64
14925;715;3,64
14926;713;3,44
14927;712;3,34
14929;713;3,44
14930;712;3,34
14931;712;3,34
14934;711;3,24
14935;714;3,54
14936;712;3,34
14938;712;3,34
14939;716;3,74
14940;714;3,54
14942;710;3,14
14943;712;3,34
14944;711;3,24
14946;709;3,04
14947;716;3,74
14948;712;3,34
14950;710;3,14
14951;715;3,64
14952;711;3,24
14954;716;3,74
14955;713;3,44
14956;709;3,04
14958;715;3,64
14959;712;3,34
14960;710;3,14
14962;710;3,14
14963;712;3,34
14964;714;3,54
14966;710;3,14
14967;711;3,24
14968;711;3,24
14970;712;3,34
14971;712;3,34
14972;710;3,14
14974;712;3,34
14976;711;3,24
14977;712;3,34
14979;711;3,24
14980;711;3,24
14981;713;3,44
14983;711;3,24
14984;714;3,54
14985;711;3,24
14987;715;3,64
14988;711;3,24
14989;712;3,34
14991;714;3,54
14992;716;3,74
14993;712;3,34
14995;714;3,54
14996;712;3,34
14997;712;3,34
14999;716;3,74
15000;715;3,64
15001;709;3,04
15002;714;3,54
15004;710;3,14
15005;708;2,94
15006;718;3,94
15008;714;3,54
15009;713;3,44
15010;710;3,14
15012;709;3,04
15013;709;3,04
15014;711;3,24
15016;709;3,04
15017;708;2,94
15019;709;3,04
15021;713;3,44
15022;712;3,34
15023;709;3,04
15025;715;3,64
15026;709;3,04
15027;713;3,44
15029;709;3,04
15030;710;3,14
15031;712;3,34
15033;709;3,04
15034;712;3,34
15035;714;3,54
15037;716;3,74
15038;711;3,24
15039;715;3,64
15041;712;3,34
15042;714;3,54
15043;713;3,44
15045;716;3,74
15046;717;3,84
15047;713;3,44
15049;718;3,94
15050;716;3,74
15051;716;3,74
15053;715;3,64
15054;713;3,44
15055;713;3,44
15057;712;3,34
15058;712;3,34
15059;717;3,84
15062;714;3,54
15063;713;3,44
15064;717;3,84
15066;715;3,64
15067;711;3,24
15068;712;3,34
15070;710;3,14
15071;710;3,14
15072;709;3,04
15074;710;3,14
15075;709;3,04
15076;709;3,04
15078;710;3,14
15079;709;3,04
15080;711;3,24
15082;712;3,34
15083;707;2,83
15084;711;3,24
15086;708;2,94
15087;708;2,94
15088;709;3,04
15089;708;2,94
15091;709;3,04
15092;709;3,04
15093;713;3,44
15095;710;3,14
15096;711;3,24
15097;711;3,24
15099;710;3,14
15100;711;3,24
15101;714;3,54
15104;710;3,14
15105;715;3,64
15106;714;3,54
15108;712;3,34
15109;711;3,24
15110;716;3,74
15112;714;3,54
15113;713;3,44
15114;714;3,54
15116;713;3,44
15117;715;3,64
15118;712;3,34
15120;711;3,24
15121;713;3,44
15122;712;3,34
15124;711;3,24
15125;711;3,24
15126;715;3,64
15128;710;3,14
15129;711;3,24
15130;711;3,24
15132;711;3,24
15133;713;3,44
15134;715;3,64
15136;712;3,34
15137;713;3,44
15138;712;3,34
15140;710;3,14
15141;710;3,14
15142;710;3,14
15144;711;3,24
15145;710;3,14
15147;712;3,34
15149;710;3,14
15150;709;3,04
15151;713;3,44
15153;709;3,04
15154;712;3,34
15155;710;3,14
15157;710;3,14
15158;714;3,54
15159;709;3,04
15161;710;3,14
15162;708;2,94
15163;712;3,34
15165;710;3,14
15166;708;2,94
15167;711;3,24
15169;709;3,04
15170;708;2,94
15171;708;2,94
15173;708;2,94
15174;711;3,24
15175;711;3,24
15176;711;3,24
15178;709;3,04
15179;709;3,04
15180;710;3,14
15182;709;3,04
15183;709;3,04
15184;709;3,04
15186;708;2,94
15187;711;3,24
15188;709;3,04
15191;709;3,04
15192;711;3,24
15193;708;2,94
15195;711;3,24
15196;709;3,04
15197;710;3,14
15199;708;2,94
15200;710;3,14
15201;712;3,34
15203;709;3,04
15204;713;3,44
15205;711;3,24
15207;713;3,44
15208;709;3,04
15209;709;3,04
15211;710;3,14
15212;709;3,04
15213;712;3,34
15215;710;3,14
15216;710;3,14
15217;713;3,44
15219;709;3,04
15220;713;3,44
15221;709;3,04
15223;709;3,04
15224;711;3,24
15225;711;3,24
15227;710;3,14
15228;711;3,24
15229;709;3,04
15232;711;3,24
15233;711;3,24
15234;715;3,64
15236;712;3,34
15237;710;3,14
15238;710;3,14
15240;710;3,14
15241;716;3,74
15242;712;3,34
15244;710;3,14
15245;710;3,14
15246;712;3,34
15248;710;3,14
15249;710;3,14
15250;708;2,94
15252;715;3,64
15253;711;3,24
15254;709;3,04
15256;715;3,64
15257;709;3,04
15258;711;3,24
15260;709;3,04
15261;714;3,54
15262;714;3,54
15263;708;2,94
15265;710;3,14
15266;709;3,04
15267;710;3,14
15269;715;3,64
15270;713;3,44
15271;715;3,64
15273;709;3,04
15275;710;3,14
15276;709;3,04
15278;710;3,14
15279;709;3,04
15280;711;3,24
15282;710;3,14
15283;709;3,04
15284;713;3,44
15286;714;3,54
15287;710;3,14
15288;714;3,54
15290;715;3,64
15291;709;3,04
15292;714;3,54
15294;709;3,04
15295;710;3,14
15296;711;3,24
15298;711;3,24
15299;710;3,14
15300;711;3,24
15302;710;3,14
15303;712;3,34
15304;710;3,14
15306;712;3,34
15307;709;3,04
15308;710;3,14
15310;708;2,94
15311;709;3,04
15312;710;3,14
15314;713;3,44
15315;709;3,04
15316;708;2,94
15319;711;3,24
15320;708;2,94
15321;708;2,94
15323;710;3,14
15324;710;3,14
15325;711;3,24
15327;710;3,14
15328;709;3,04
15329;711;3,24
15331;710;3,14
15332;709;3,04
15333;709;3,04
15335;710;3,14
15336;709;3,04
15337;711;3,24
15339;710;3,14
15340;709;3,04
15341;709;3,04
15343;712;3,34
15344;710;3,14
15345;710;3,14
15347;713;3,44
15348;710;3,14
15349;709;3,04
15350;709;3,04
15352;709;3,04
15353;709;3,04
15354;712;3,34
15356;709;3,04
15357;711;3,24
15358;712;3,34
15361;711;3,24
15362;709;3,04
15363;711;3,24
15365;708;2,94
15366;707;2,83
15367;710;3,14
15369;708;2,94
15370;711;3,24
15371;708;2,94
15373;707;2,83
15374;708;2,94
15375;708;2,94
15377;708;2,94
15378;707;2,83
15379;709;3,04
15381;709;3,04
15382;707;2,83
15383;706;2,73
15385;708;2,94
15386;708;2,94
15387;707;2,83
15389;707;2,83
15390;708;2,94
15391;708;2,94
15393;707;2,83
15394;709;3,04
15395;711;3,24
15397;708;2,94
15398;706;2,73
15399;708;2,94
15401;709;3,04
15403;708;2,94
15404;708;2,94
15406;707;2,83
15407;707;2,83
15408;711;3,24
15410;710;3,14
15411;708;2,94
15412;709;3,04
15414;709;3,04
15415;711;3,24
15416;708;2,94
15418;708;2,94
15419;709;3,04
15420;709;3,04
15422;707;2,83
15423;709;3,04
15424;711;3,24
15426;710;3,14
15427;708;2,94
15428;708;2,94
15430;708;2,94
15431;709;3,04
15432;709;3,04
15434;709;3,04
15435;708;2,94
15436;711;3,24
15437;708;2,94
15439;708;2,94
15440;708;2,94
15441;708;2,94
15443;711;3,24
15444;709;3,04
15446;710;3,14
15448;708;2,94
15449;707;2,83
15450;707;2,83
15452;709;3,04
15453;709;3,04
15454;707;2,83
15456;711;3,24
15457;710;3,14
15458;708;2,94
15460;710;3,14
15461;706;2,73
15462;708;2,94
15464;708;2,94
15465;708;2,94
15466;709;3,04
15468;712;3,34
15469;708;2,94
15470;708;2,94
15472;709;3,04
15473;708;2,94
15474;708;2,94
15476;708;2,94
15477;708;2,94
15478;708;2,94
15480;708;2,94
15481;711;3,24
15482;709;3,04
15484;709;3,04
15485;710;3,14
15486;708;2,94
15489;709;3,04
15490;707;2,83
15491;708;2,94
15493;711;3,24
15494;708;2,94
15495;708;2,94
15497;709;3,04
15498;709;3,04
15499;709;3,04
15501;708;2,94
15502;709;3,04
15503;706;2,73
15505;708;2,94
15506;708;2,94
15507;706;2,73
15509;706;2,73
15510;706;2,73
15511;707;2,83
15513;707;2,83
15514;707;2,83
15515;708;2,94
15517;708;2,94
15518;706;2,73
15519;706;2,73
15521;707;2,83
15522;710;3,14
15523;710;3,14
15524;708;2,94
15526;707;2,83
15527;708;2,94
15528;709;3,04
15531;707;2,83
15532;708;2,94
15533;708;2,94
15535;707;2,83
15536;710;3,14
15537;710;3,14
15539;709;3,04
15540;711;3,24
15541;710;3,14
15543;710;3,14
15544;708;2,94
15545;708;2,94
15547;709;3,04
15548;712;3,34
15549;711;3,24
15551;710;3,14
15552;707;2,83
15553;709;3,04
15555;710;3,14
15556;708;2,94
15557;712;3,34
15559;709;3,04
15560;710;3,14
15561;708;2,94
15563;711;3,24
15564;712;3,34
15565;709;3,04
15567;713;3,44
15568;709;3,04
15569;712;3,34
15571;711;3,24
15572;710;3,14
15574;711;3,24
15576;711;3,24
15577;709;3,04
15578;709;3,04
15580;713;3,44
15581;711;3,24
15582;710;3,14
15584;709;3,04
15585;712;3,34
15586;711;3,24
15588;711;3,24
15589;709;3,04
15590;711;3,24
15592;709;3,04
15593;710;3,14
15594;708;2,94
15596;710;3,14
15597;709;3,04
15598;708;2,94
15600;709;3,04
15601;707;2,83
15602;708;2,94
15604;710;3,14
15605;710;3,14
15606;709;3,04
15608;707;2,83
15609;710;3,14
15610;709;3,04
15611;709;3,04
15613;707;2,83
15614;708;2,94
15616;711;3,24
15618;708;2,94
15619;711;3,24
15620;708;2,94
15622;708;2,94
15623;709;3,04
15624;711;3,24
15626;709;3,04
15627;709;3,04
15628;709;3,04
15630;708;2,94
15631;708;2,94
15632;710;3,14
15634;710;3,14
15635;708;2,94
15636;708;2,94
15638;708;2,94
15639;710;3,14
15640;711;3,24
15642;709;3,04
15643;708;2,94
15644;708;2,94
15646;708;2,94
15647;709;3,04
15648;709;3,04
15650;711;3,24
15651;709;3,04
15652;709;3,04
15654;708;2,94
15655;710;3,14
15656;708;2,94
15659;707;2,83
15660;710;3,14
15661;710;3,14
15663;709;3,04
15664;710;3,14
15665;710;3,14
15667;708;2,94
15668;710;3,14
15669;709;3,04
15671;709;3,04
15672;711;3,24
15673;709;3,04
15675;709;3,04
15676;708;2,94
15677;710;3,14
15679;709;3,04
15680;707;2,83
15681;710;3,14
15683;706;2,73
15684;711;3,24
15685;708;2,94
15687;710;3,14
15688;709;3,04
15689;711;3,24
15691;708;2,94
15692;710;3,14
15693;708;2,94
15695;710;3,14
15696;711;3,24
15697;709;3,04
15698;709;3,04
15700;708;2,94
15702;709;3,04
15703;710;3,14
15705;711;3,24
15706;714;3,54
15707;709;3,04
15709;710;3,14
15710;712;3,34
15711;710;3,14
15713;714;3,54
15714;709;3,04
15715;712;3,34
15717;712;3,34
15718;710;3,14
15719;711;3,24
15721;709;3,04
15722;710;3,14
15723;709;3,04
15725;711;3,24
15726;709;3,04
15727;711;3,24
15729;710;3,14
15730;711;3,24
15731;709;3,04
15733;708;2,94
15734;708;2,94
15735;709;3,04
15737;711;3,24
15738;709;3,04
15739;710;3,14
15741;709;3,04
15742;708;2,94
15744;706;2,73
15746;709;3,04
15747;710;3,14
15748;709;3,04
15750;713;3,44
15751;710;3,14
15752;709;3,04
15754;716;3,74
15755;714;3,54
15756;709;3,04
15758;710;3,14
15759;712;3,34
15760;714;3,54
15762;711;3,24
15763;711;3,24
15764;710;3,14
15766;710;3,14
15767;712;3,34
15768;711;3,24
15770;710;3,14
15771;714;3,54
15772;711;3,24
15774;712;3,34
15775;711;3,24
15776;712;3,34
15778;712;3,34
15779;715;3,64
15780;714;3,54
15782;712;3,34
15783;713;3,44
15784;711;3,24
15785;712;3,34
15788;712;3,34
15789;711;3,24
15790;711;3,24
15792;712;3,34
15793;712;3,34
15794;709;3,04
15796;712;3,34
15797;710;3,14
15798;711;3,24
15800;714;3,54
15801;713;3,44
15802;711;3,24
15804;713;3,44
15805;710;3,14
15806;709;3,04
15808;712;3,34
15809;709;3,04
15810;710;3,14
15812;708;2,94
15813;712;3,34
15814;713;3,44
15816;709;3,04
15817;710;3,14
15818;710;3,14
15820;711;3,24
15821;710;3,14
15822;710;3,14
15824;710;3,14
15825;711;3,24
15826;713;3,44
15828;710;3,14
15830;711;3,24
15831;711;3,24
15833;709;3,04
15834;712;3,34
15835;713;3,44
15837;713;3,44
15838;710;3,14
15839;716;3,74
15841;711;3,24
15842;711;3,24
15843;712;3,34
15845;711;3,24
15846;712;3,34
15847;713;3,44
15849;714;3,54
15850;712;3,34
15851;714;3,54
15853;712;3,34
15854;711;3,24
15855;711;3,24
15857;713;3,44
15858;713;3,44
15859;713;3,44
15861;712;3,34
15862;714;3,54
15863;711;3,24
15865;716;3,74
15866;714;3,54
15867;711;3,24
15869;714;3,54
15870;713;3,44
15872;710;3,14
15873;712;3,34
15875;712;3,34
15876;713;3,44
15877;712;3,34
15879;711;3,24
15880;712;3,34
15881;714;3,54
15883;714;3,54
15884;710;3,14
15885;714;3,54
15887;713;3,44
15888;713;3,44
15889;712;3,34
15891;712;3,34
15892;712;3,34
15893;711;3,24
15895;713;3,44
15896;714;3,54
15897;711;3,24
15899;713;3,44
15900;713;3,44
15901;713;3,44
15903;714;3,54
15904;712;3,34
15905;713;3,44
15907;713;3,44
15908;711;3,24
15909;713;3,44
15911;712;3,34
15912;713;3,44
15913;717;3,84
15916;713;3,44
15917;715;3,64
15918;717;3,84
15920;713;3,44
15921;715;3,64
15922;712;3,34
15924;711;3,24
15925;715;3,64
15926;714;3,54
15928;713;3,44
15929;713;3,44
15930;718;3,94
15932;712;3,34
15933;711;3,24
15934;712;3,34
15936;715;3,64
15937;712;3,34
15938;723;4,45
15940;713;3,44
15941;717;3,84
15942;713;3,44
15944;712;3,34
15945;712;3,34
15946;716;3,74
15948;716;3,74
15949;714;3,54
15950;713;3,44
15952;714;3,54
15953;715;3,64
15954;718;3,94
15956;716;3,74
15958;713;3,44
15959;712;3,34
15960;715;3,64
15962;714;3,54
15963;715;3,64
15964;713;3,44
15966;717;3,84
15967;713;3,44
15968;714;3,54
15970;714;3,54
15971;713;3,44
15972;712;3,34
15974;716;3,74
15975;719;4,04
15976;713;3,44
15978;714;3,54
15979;712;3,34
15980;716;3,74
15982;717;3,84
15983;714;3,54
15984;714;3,54
15986;713;3,44
15987;715;3,64
15988;713;3,44
15990;714;3,54
15991;714;3,54
15992;714;3,54
15994;717;3,84
15995;713;3,44
15996;714;3,54
15998;713;3,44
16000;715;3,64
16001;716;3,74
16003;715;3,64
16004;714;3,54
16005;711;3,24
16007;714;3,54
16008;713;3,44
16009;713;3,44
16011;714;3,54
16012;717;3,84
16013;714;3,54
16015;717;3,84
16016;712;3,34
16017;715;3,64
16019;717;3,84
16020;713;3,44
16021;715;3,64
16023;717;3,84
16024;714;3,54
16025;714;3,54
16027;715;3,64
16028;717;3,84
16029;714;3,54
16031;713;3,44
16032;714;3,54
16033;714;3,54
16035;714;3,54
16036;716;3,74
16037;715;3,64
16039;718;3,94
16040;716;3,74
16041;714;3,54
16044;715;3,64
16045;714;3,54
16046;715;3,64
16047;715;3,64
16049;715;3,64
16050;716;3,74
16051;715;3,64
16053;717;3,84
16054;714;3,54
16055;715;3,64
16057;716;3,74
16058;716;3,74
16059;715;3,64
16061;714;3,54
16062;715;3,64
16063;717;3,84
16065;715;3,64
16066;716;3,74
16067;716;3,74
16069;715;3,64
16070;716;3,74
16071;717;3,84
16073;714;3,54
16074;715;3,64
16075;716;3,74
16077;716;3,74
16078;715;3,64
16079;715;3,64
16081;715;3,64
16082;715;3,64
16083;718;3,94
16086;718;3,94
16087;717;3,84
16088;716;3,74
16090;716;3,74
16091;714;3,54
16092;715;3,64
16094;716;3,74
16095;716;3,74
16096;717;3,84
16098;715;3,64
16099;717;3,84
16100;716;3,74
16102;717;3,84
16103;716;3,74
16104;716;3,74
16106;721;4,24
16107;714;3,54
16108;716;3,74
16110;716;3,74
16111;715;3,64
16112;719;4,04
16114;717;3,84
16115;719;4,04
16116;716;3,74
16118;719;4,04
16119;717;3,84
16120;718;3,94
16122;715;3,64
16123;718;3,94
16124;716;3,74
16126;716;3,74
16128;716;3,74
16129;715;3,64
16131;718;3,94
16132;715;3,64
16133;721;4,24
16134;720;4,14
16136;718;3,94
16137;717;3,84
16138;716;3,74
16140;716;3,74
16141;717;3,84
16142;716;3,74
16144;718;3,94
16145;717;3,84
16146;717;3,84
16148;717;3,84
16149;716;3,74
16150;715;3,64
16152;717;3,84
16153;716;3,74
16154;717;3,84
16156;716;3,74
16157;716;3,74
16158;719;4,04
16160;717;3,84
16161;720;4,14
16162;717;3,84
16164;719;4,04
16165;717;3,84
16166;718;3,94
16168;718;3,94
16169;719;4,04
16171;719;4,04
16173;719;4,04
16174;719;4,04
16175;720;4,14
16177;718;3,94
16178;719;4,04
16179;722;4,34
16181;720;4,14
16182;723;4,45
16183;722;4,34
16185;719;4,04
16186;719;4,04
16187;719;4,04
16189;718;3,94
16190;721;4,24
16191;719;4,04
16193;718;3,94
16194;720;4,14
16195;720;4,14
16197;721;4,24
16198;722;4,34
16199;719;4,04
16201;721;4,24
16202;720;4,14
16203;722;4,34
16205;721;4,24
16206;722;4,34
16207;722;4,34
16209;722;4,34
16210;720;4,14
16211;721;4,24
16214;721;4,24
16215;723;4,45
16216;721;4,24
16218;723;4,45
16219;723;4,45
16220;721;4,24
16221;723;4,45
16223;723;4,45
16224;724;4,55
16225;722;4,34
16227;723;4,45
16228;726;4,75
16229;724;4,55
16231;724;4,55
16232;725;4,65
16233;723;4,45
16235;725;4,65
16236;724;4,55
16237;724;4,55
16239;725;4,65
16240;728;4,95
16241;725;4,65
16243;726;4,75
16244;728;4,95
16245;726;4,75
16247;727;4,85
16248;727;4,85
16249;727;4,85
16251;726;4,75
16252;725;4,65
16253;727;4,85
16256;729;5,05
16257;728;4,95
16258;727;4,85
16260;729;5,05
16261;729;5,05
16262;729;5,05
16264;729;5,05
16265;731;5,25
16266;729;5,05
16268;731;5,25
16269;729;5,05
16270;730;5,15
16272;733;5,45
16273;735;5,65
16274;731;5,25
16276;731;5,25
16277;731;5,25
16278;731;5,25
16280;734;5,55
16281;734;5,55
16282;735;5,65
16284;732;5,35
16285;733;5,45
16286;733;5,45
16288;735;5,65
16289;732;5,35
16290;735;5,65
16292;735;5,65
16293;734;5,55
16294;735;5,65
16296;736;5,75
16297;735;5,65
16299;735;5,65
16301;737;5,85
16302;740;6,16
16303;735;5,65
16305;739;6,06
16306;737;5,85
16307;737;5,85
16308;742;6,36
16310;739;6,06
16311;740;6,16
16312;739;6,06
16314;739;6,06
16315;739;6,06
16316;740;6,16
16318;740;6,16
16319;741;6,26
16320;742;6,36
16322;743;6,46
16323;742;6,36
16324;740;6,16
16326;743;6,46
16327;741;6,26
16328;745;6,66
16330;742;6,36
16331;742;6,36
16332;743;6,46
16334;743;6,46
16335;745;6,66
16336;745;6,66
16338;744;6,56
16339;744;6,56
16340;745;6,66
16343;745;6,66
16344;745;6,66
16345;746;6,76
16347;747;6,86
16348;745;6,66
16349;745;6,66
16351;746;6,76
16352;747;6,86
16353;748;6,96
16355;747;6,86
16356;749;7,06
16357;749;7,06
16359;745;6,66
16360;746;6,76
16361;745;6,66
16363;745;6,66
16364;745;6,66
16365;747;6,86
16367;745;6,66
16368;746;6,76
16369;746;6,76
16371;746;6,76
16372;745;6,66
16373;746;6,76
16375;747;6,86
16376;745;6,66
16377;745;6,66
16379;745;6,66
16380;745;6,66
16381;745;6,66
16384;743;6,46
16385;747;6,86
16386;743;6,46
16388;746;6,76
16389;743;6,46
16390;744;6,56
16392;748;6,96
16393;744;6,56
16394;745;6,66
16395;747;6,86
16397;746;6,76
16398;749;7,06
16399;749;7,06
16401;749;7,06
16402;749;7,06
16403;749;7,06
16405;748;6,96
16406;753;7,47
16407;750;7,16
16409;750;7,16
16410;750;7,16
16411;752;7,36
16413;751;7,26
16414;755;7,67
16415;756;7,77
16417;750;7,16
16418;751;7,26
16419;750;7,16
16421;750;7,16
16422;751;7,26
16423;749;7,06
16425;747;6,86
16427;749;7,06
16428;751;7,26
16430;749;7,06
16431;749;7,06
16432;752;7,36
16434;749;7,06
16435;748;6,96
16436;751;7,26
16438;751;7,26
16439;748;6,96
16440;752;7,36
16442;748;6,96
16443;750;7,16
16444;748;6,96
16446;749;7,06
16447;751;7,26
16448;750;7,16
16450;748;6,96
16451;749;7,06
16452;750;7,16
16454;749;7,06
16455;748;6,96
16456;749;7,06
16458;750;7,16
16459;749;7,06
16460;748;6,96
16462;750;7,16
16463;757;7,87
16464;752;7,36
16466;748;6,96
16467;753;7,47
16468;750;7,16
16471;748;6,96
16472;750;7,16
16473;752;7,36
16475;750;7,16
16476;749;7,06
16477;748;6,96
16479;748;6,96
16480;747;6,86
16481;747;6,86
16482;748;6,96
16484;750;7,16
16485;748;6,96
16486;748;6,96
16488;750;7,16
16489;748;6,96
16490;745;6,66
16492;747;6,86
16493;748;6,96
16494;750;7,16
16496;749;7,06
16497;749;7,06
16498;746;6,76
16500;744;6,56
16501;745;6,66
16502;743;6,46
16504;745;6,66
16505;744;6,56
16506;743;6,46
16508;743;6,46
16509;743;6,46
16510;742;6,36
16513;743;6,46
16514;750;7,16
16515;742;6,36
16517;747;6,86
16518;745;6,66
16519;743;6,46
16521;746;6,76
16522;744;6,56
16523;746;6,76
16525;744;6,56
16526;743;6,46
16527;744;6,56
16529;745;6,66
16530;745;6,66
16531;745;6,66
16533;746;6,76
16534;748;6,96
16535;748;6,96
16537;748;6,96
16538;748;6,96
16539;752;7,36
16541;746;6,76
16542;748;6,96
16543;748;6,96
16545;748;6,96
16546;745;6,66
16547;748;6,96
16549;748;6,96
16550;751;7,26
16551;750;7,16
16553;744;6,56
16555;748;6,96
16556;746;6,76
16558;746;6,76
16559;751;7,26
16560;742;6,36
16562;746;6,76
16563;741;6,26
16564;742;6,36
16566;746;6,76
16567;740;6,16
16568;739;6,06
16569;743;6,46
16571;742;6,36
16572;743;6,46
16573;737;5,85
16575;739;6,06
16576;740;6,16
16577;735;5,65
16579;740;6,16
16580;735;5,65
16581;735;5,65
16583;737;5,85
16584;735;5,65
16585;738;5,96
16587;737;5,85
16588;738;5,96
16589;742;6,36
16591;743;6,46
16592;740;6,16
16593;741;6,26
16595;745;6,66
16596;738;5,96
16598;740;6,16
16600;740;6,16
16601;739;6,06
16602;746;6,76
16604;740;6,16
16605;741;6,26
16606;744;6,56
16608;750;7,16
16609;741;6,26
16610;745;6,66
16612;741;6,26
16613;743;6,46
16614;738;5,96
16616;739;6,06
16617;744;6,56
16618;740;6,16
16620;743;6,46
16621;739;6,06
16622;738;5,96
16624;742;6,36
16625;741;6,26
16626;738;5,96
16628;739;6,06
16629;737;5,85
16630;738;5,96
16632;741;6,26
16633;737;5,85
16634;740;6,16
16636;745;6,66
16637;738;5,96
16638;741;6,26
16641;737;5,85
16642;736;5,75
16643;740;6,16
16645;744;6,56
16646;739;6,06
16647;737;5,85
16649;736;5,75
16650;736;5,75
16651;736;5,75
16653;735;5,65
16654;736;5,75
16655;737;5,85
16656;731;5,25
16658;731;5,25
16659;733;5,45
16660;729;5,05
16662;734;5,55
16663;736;5,75
16664;730;5,15
16666;730;5,15
16667;731;5,25
16668;734;5,55
16670;736;5,75
16671;735;5,65
16672;737;5,85
16674;739;6,06
16675;737;5,85
16676;737;5,85
16678;737;5,85
16679;738;5,96
16680;741;6,26
16683;742;6,36
16684;745;6,66
16685;742;6,36
16687;746;6,76
16688;745;6,66
16689;739;6,06
16691;739;6,06
16692;741;6,26
16693;737;5,85
16695;737;5,85
16696;736;5,75
16697;740;6,16
16699;734;5,55
16700;738;5,96
16701;736;5,75
16703;736;5,75
16704;733;5,45
16705;740;6,16
16707;733;5,45
16708;734;5,55
16709;732;5,35
16711;738;5,96
16712;731;5,25
16713;735;5,65
16715;734;5,55
16716;733;5,45
16717;735;5,65
16719;744;6,56
16720;736;5,75
16721;734;5,55
16723;735;5,65
16724;737;5,85
16726;741;6,26
16728;739;6,06
16729;737;5,85
16730;741;6,26
16732;742;6,36
16733;740;6,16
16734;737;5,85
16736;736;5,75
16737;736;5,75
16738;734;5,55
16740;739;6,06
16741;743;6,46
16742;739;6,06
16743;738;5,96
16745;734;5,55
16746;735;5,65
16747;733;5,45
16749;734;5,55
16750;733;5,45
16751;733;5,45
16753;734;5,55
16754;734;5,55
16755;732;5,35
16757;737;5,85
16758;733;5,45
16759;731;5,25
16761;732;5,35
16762;734;5,55
16763;734;5,55
16765;735;5,65
16766;740;6,16
16768;737;5,85
16770;735;5,65
16771;733;5,45
16772;738;5,96
16774;737;5,85
16775;741;6,26
16776;735;5,65
16778;733;5,45
16779;733;5,45
16780;735;5,65
16782;736;5,75
16783;731;5,25
16784;732;5,35
16786;731;5,25
16787;735;5,65
16788;733;5,45
16790;733;5,45
16791;737;5,85
16792;734;5,55
16794;732;5,35
16795;739;6,06
16796;732;5,35
16798;735;5,65
16799;734;5,55
16800;730;5,15
16802;734;5,55
16803;733;5,45
16804;729;5,05
16806;732;5,35
16807;729;5,05
16808;728;4,95
16811;730;5,15
16812;733;5,45
16813;727;4,85
16815;725;4,65
16816;726;4,75
16817;728;4,95
16819;727;4,85
16820;729;5,05
16821;728;4,95
16823;728;4,95
16824;730;5,15
16825;726;4,75
16827;729;5,05
16828;730;5,15
16829;731;5,25
16830;736;5,75
16832;731;5,25
16833;731;5,25
16834;732;5,35
16836;733;5,45
16837;732;5,35
16838;734;5,55
16840;737;5,85
16841;730;5,15
16842;733;5,45
16844;728;4,95
16845;732;5,35
16846;735;5,65
16848;735;5,65
16849;734;5,55
16850;733;5,45
16852;732;5,35
16854;736;5,75
16855;735;5,65
16857;732;5,35
16858;732;5,35
16859;733;5,45
16861;732;5,35
16862;730;5,15
16863;739;6,06
16865;729;5,05
16866;729;5,05
16867;729;5,05
16869;728;4,95
16870;726;4,75
16871;728;4,95
16873;728;4,95
16874;728;4,95
16875;730;5,15
16877;733;5,45
16878;726;4,75
16879;727;4,85
16881;728;4,95
16882;729;5,05
16883;733;5,45
16885;727;4,85
16886;729;5,05
16887;726;4,75
16889;726;4,75
16890;727;4,85
16891;728;4,95
16893;729;5,05
16894;730;5,15
16896;732;5,35
16898;732;5,35
16899;732;5,35
16900;731;5,25
16902;729;5,05
16903;730;5,15
16904;730;5,15
16906;733;5,45
16907;735;5,65
16908;733;5,45
16910;737;5,85
16911;733;5,45
16912;730;5,15
16914;734;5,55
16915;732;5,35
16916;732;5,35
16917;739;6,06
16919;732;5,35
16920;733;5,45
16921;735;5,65
16923;731;5,25
16924;731;5,25
16925;730;5,15
16927;727;4,85
16928;727;4,85
16929;727;4,85
16931;725;4,65
16932;723;4,45
16933;725;4,65
16935;724;4,55
16936;724;4,55
16937;725;4,65
16940;722;4,34
16941;724;4,55
16942;723;4,45
16944;724;4,55
16945;725;4,65
16946;724;4,55
16948;726;4,75
16949;725;4,65
16950;727;4,85
16952;727;4,85
16953;727;4,85
16954;729;5,05
16956;727;4,85
16957;729;5,05
16958;733;5,45
16960;731;5,25
16961;730;5,15
16962;731;5,25
16964;734;5,55
16965;732;5,35
16966;735;5,65
16968;731;5,25
16969;733;5,45
16970;732;5,35
16972;731;5,25
16973;732;5,35
16974;732;5,35
16976;729;5,05
16977;729;5,05
16978;730;5,15
16980;728;4,95
16982;729;5,05
16983;726;4,75
16985;724;4,55
16986;724;4,55
16987;725;4,65
16989;725;4,65
16990;724;4,55
16991;722;4,34
16993;722;4,34
16994;723;4,45
16995;723;4,45
16997;720;4,14
16998;721;4,24
16999;723;4,45
17001;721;4,24
17002;720;4,14
17003;720;4,14
17004;721;4,24
17006;719;4,04
17007;723;4,45
17008;721;4,24
17010;721;4,24
17011;718;3,94
17012;721;4,24
17014;720;4,14
17015;720;4,14
17016;722;4,34
17018;723;4,45
17019;724;4,55
17020;721;4,24
17022;724;4,55
17024;721;4,24
17025;721;4,24
17027;722;4,34
17028;722;4,34
17029;722;4,34
17031;723;4,45
17032;720;4,14
17033;722;4,34
17035;727;4,85
17036;727;4,85
17037;725;4,65
17039;725;4,65
17040;726;4,75
17041;725;4,65
17043;726;4,75
17044;726;4,75
17045;725;4,65
17047;728;4,95
17048;728;4,95
17049;725;4,65
17051;725;4,65
17052;724;4,55
17053;727;4,85
17055;725;4,65
17056;724;4,55
17057;722;4,34
17059;721;4,24
17060;722;4,34
17061;722;4,34
17063;722;4,34
17064;723;4,45
17065;720;4,14
17068;721;4,24
17069;720;4,14
17070;719;4,04
17072;720;4,14
17073;722;4,34
17074;718;3,94
17076;718;3,94
17077;718;3,94
17078;718;3,94
17080;719;4,04
17081;718;3,94
17082;719;4,04
17084;719;4,04
17085;718;3,94
17086;719;4,04
17088;720;4,14
17089;720;4,14
17090;723;4,45
17091;721;4,24
17093;722;4,34
17094;721;4,24
17095;721;4,24
17097;723;4,45
17098;721;4,24
17099;724;4,55
17101;725;4,65
17102;724;4,55
17103;724;4,55
17105;723;4,45
17106;726;4,75
17107;725;4,65
17110;726;4,75
17111;726;4,75
17112;725;4,65
17114;727;4,85
17115;725;4,65
17116;727;4,85
17118;725;4,65
17119;725;4,65
17120;728;4,95
17122;727;4,85
17123;726;4,75
17124;727;4,85
17126;730;5,15
17127;724;4,55
17128;725;4,65
17130;726;4,75
17131;724;4,55
17132;726;4,75
17134;727;4,85
17135;723;4,45
17136;723;4,45
17138;723;4,45
17139;722;4,34
17140;724;4,55
17142;727;4,85
17143;722;4,34
17144;723;4,45
17146;721;4,24
17147;721;4,24
17148;721;4,24
17150;721;4,24
17152;720;4,14
17153;721;4,24
17155;723;4,45
17156;720;4,14
17157;721;4,24
17159;724;4,55
17160;724;4,55
17161;722;4,34
17163;722;4,34
17164;722;4,34
17165;723;4,45
17167;724;4,55
17168;724;4,55
17169;722;4,34
17171;726;4,75
17172;724;4,55
17173;726;4,75
17175;726;4,75
17176;725;4,65
17177;726;4,75
17178;730;5,15
17180;725;4,65
17181;726;4,75
17182;731;5,25
17184;725;4,65
17185;726;4,75
17186;732;5,35
17188;728;4,95
17189;725;4,65
17190;725;4,65
17192;724;4,55
17193;723;4,45
17195;724;4,55
17197;723;4,45
17198;725;4,65
17199;723;4,45
17201;724;4,55
17202;723;4,45
17203;724;4,55
17205;722;4,34
17206;720;4,14
17207;725;4,65
17209;721;4,24
17210;721;4,24
17211;721;4,24
17213;722;4,34
17214;722;4,34
17215;719;4,04
17217;721;4,24
17218;724;4,55
17219;719;4,04
17221;723;4,45
17222;720;4,14
17223;723;4,45
17225;721;4,24
17226;721;4,24
17227;720;4,14
17229;723;4,45
17230;722;4,34
17231;726;4,75
17233;722;4,34
17234;721;4,24
17235;722;4,34
17238;723;4,45
17239;723;4,45
17240;725;4,65
17242;723;4,45
17243;721;4,24
17244;721;4,24
17246;723;4,45
17247;723;4,45
17248;723;4,45
17250;726;4,75
17251;724;4,55
17252;725;4,65
17254;724;4,55
17255;724;4,55
17256;724;4,55
17258;727;4,85
17259;728;4,95
17260;724;4,55
17262;725;4,65
17263;724;4,55
17264;724;4,55
17265;724;4,55
17267;727;4,85
17268;726;4,75
17269;724;4,55
17271;727;4,85
17272;724;4,55
17273;725;4,65
17275;726;4,75
17276;725;4,65
17277;725;4,65
17280;725;4,65
17281;724;4,55
17282;725;4,65
17284;724;4,55
17285;725;4,65
17286;724;4,55
17288;724;4,55
17289;726;4,75
17290;723;4,45
17292;724;4,55
17293;724;4,55
17294;724;4,55
17296;724;4,55
17297;723;4,45
17298;724;4,55
17300;724;4,55
17301;724;4,55
17302;724;4,55
17304;725;4,65
17305;726;4,75
17306;724;4,55
17308;724;4,55
17309;722;4,34
17310;724;4,55
17312;724;4,55
17313;725;4,65
17314;726;4,75
17316;726;4,75
17317;725;4,65
17318;726;4,75
17320;725;4,65
17321;725;4,65
17323;726;4,75
17325;726;4,75
17326;725;4,65
17327;724;4,55
17329;726;4,75
17330;728;4,95
17331;726;4,75
17333;726;4,75
17334;725;4,65
17335;725;4,65
17337;724;4,55
17338;725;4,65
17339;726;4,75
17341;725;4,65
17342;726;4,75
17343;726;4,75
17345;727;4,85
17346;727;4,85
17347;724;4,55
17349;724;4,55
17350;724;4,55
17351;723;4,45
17352;722;4,34
17354;723;4,45
17355;725;4,65
17356;724;4,55
17358;724;4,55
17359;725;4,65
17360;722;4,34
17362;725;4,65
17363;723;4,45
17364;724;4,55
17367;721;4,24
17368;722;4,34
17369;722;4,34
17371;723;4,45
17372;724;4,55
17373;722;4,34
17375;722;4,34
17376;721;4,24
17377;722;4,34
17379;722;4,34
17380;722;4,34
17381;721;4,24
17383;723;4,45
17384;722;4,34
17385;721;4,24
17387;721;4,24
17388;722;4,34
17389;725;4,65
17391;721;4,24
17392;722;4,34
17393;723;4,45
17395;722;4,34
17396;721;4,24
17397;721;4,24
17399;720;4,14
17400;722;4,34
17401;721;4,24
17403;721;4,24
17404;721;4,24
17405;722;4,34
17408;720;4,14
17409;721;4,24
17410;723;4,45
17412;721;4,24
17413;724;4,55
17414;721;4,24
17416;722;4,34
17417;721;4,24
17418;725;4,65
17420;723;4,45
17421;719;4,04
17422;720;4,14
17424;725;4,65
17425;720;4,14
17426;722;4,34
17428;718;3,94
17429;718;3,94
17430;722;4,34
17432;721;4,24
17433;717;3,84
17434;719;4,04
17436;724;4,55
17437;719;4,04
17438;719;4,04
17439;718;3,94
17441;721;4,24
17442;721;4,24
17443;720;4,14
17445;718;3,94
17446;720;4,14
17447;721;4,24
17449;719;4,04
17451;716;3,74
17452;722;4,34
17454;718;3,94
17455;717;3,84
17456;718;3,94
17458;717;3,84
17459;719;4,04
17460;719;4,04
17462;720;4,14
17463;717;3,84
17464;720;4,14
17466;717;3,84
17467;718;3,94
17468;717;3,84
17470;716;3,74
17471;717;3,84
17472;722;4,34
17474;716;3,74
17475;717;3,84
17476;722;4,34
17478;719;4,04
17479;717;3,84
17480;726;4,75
17482;717;3,84
17483;721;4,24
17484;716;3,74
17486;721;4,24
17487;717;3,84
17488;719;4,04
17490;722;4,34
17491;720;4,14
17492;720;4,14
17495;720;4,14
17496;720;4,14
17497;718;3,94
17499;718;3,94
17500;720;4,14
17501;720;4,14
17503;722;4,34
17504;719;4,04
17505;723;4,45
17507;719;4,04
17508;720;4,14
17509;722;4,34
17511;720;4,14
17512;719;4,04
17513;719;4,04
17515;719;4,04
17516;722;4,34
17517;718;3,94
17519;717;3,84
17520;724;4,55
17521;717;3,84
17523;717;3,84
17524;717;3,84
17525;716;3,74
17526;720;4,14
17528;716;3,74
17529;720;4,14
17530;717;3,84
17532;718;3,94
17533;718;3,94
17534;718;3,94
17537;717;3,84
17538;718;3,94
17539;716;3,74
17541;717;3,84
17542;718;3,94
17543;716;3,74
17545;718;3,94
17546;718;3,94
17547;717;3,84
17549;717;3,84
17550;721;4,24
17551;718;3,94
17553;723;4,45
17554;717;3,84
17555;716;3,74
17557;718;3,94
17558;720;4,14
17559;719;4,04
17561;718;3,94
17562;717;3,84
17563;720;4,14
17565;719;4,04
17566;722;4,34
17567;719;4,04
17569;717;3,84
17570;719;4,04
17571;717;3,84
17573;717;3,84
17574;720;4,14
17575;717;3,84
17577;718;3,94
17579;724;4,55
17580;720;4,14
17582;716;3,74
17583;719;4,04
17584;718;3,94
17586;718;3,94
17587;723;4,45
17588;723;4,45
17590;716;3,74
17591;717;3,84
17592;717;3,84
17594;718;3,94
17595;721;4,24
17596;716;3,74
17598;720;4,14
17599;717;3,84
17600;717;3,84
17602;718;3,94
17603;719;4,04
17604;716;3,74
17606;719;4,04
17607;716;3,74
17608;721;4,24
17610;718;3,94
17611;715;3,64
17612;716;3,74
17613;716;3,74
17615;721;4,24
17616;720;4,14
17617;718;3,94
17619;721;4,24
17620;717;3,84
17622;716;3,74
17624;721;4,24
17625;721;4,24
17626;719;4,04
17628;718;3,94
17629;719;4,04
17630;718;3,94
17632;722;4,34
17633;722;4,34
17634;718;3,94
17636;720;4,14
17637;718;3,94
17638;720;4,14
17640;719;4,04
17641;717;3,84
17642;718;3,94
17644;719;4,04
17645;722;4,34
17646;720;4,14
17648;722;4,34
17649;719;4,04
17650;720;4,14
17652;719;4,04
17653;721;4,24
17654;721;4,24
17656;719;4,04
17657;721;4,24
17658;719;4,04
17660;721;4,24
17661;718;3,94
17662;717;3,84
17665;722;4,34
17666;717;3,84
17667;716;3,74
17669;720;4,14
17670;720;4,14
17671;717;3,84
17673;716;3,74
17674;719;4,04
17675;722;4,34
17677;720;4,14
17678;718;3,94
17679;717;3,84
17681;720;4,14
17682;717;3,84
17683;715;3,64
17685;717;3,84
17686;717;3,84
17687;715;3,64
17689;715;3,64
17690;718;3,94
17691;717;3,84
17693;716;3,74
17694;715;3,64
17695;715;3,64
17697;715;3,64
17698;718;3,94
17699;716;3,74
17700;715;3,64
17702;717;3,84
17703;716;3,74
17704;715;3,64
17707;718;3,94
17708;716;3,74
17709;723;4,45
17711;720;4,14
17712;714;3,54
17713;719;4,04
17715;716;3,74
17716;717;3,84
17717;716;3,74
17719;715;3,64
17720;719;4,04
17721;716;3,74
17723;716;3,74
17724;714;3,54
17725;715;3,64
17727;715;3,64
17728;718;3,94
17729;716;3,74
17731;719;4,04
17732;718;3,94
17733;716;3,74
17735;718;3,94
17736;714;3,54
17737;716;3,74
17739;716;3,74
17740;716;3,74
17741;716;3,74
17743;714;3,54
17744;716;3,74
17745;719;4,04
17747;716;3,74
17748;715;3,64
17750;717;3,84
17752;715;3,64
17753;716;3,74
17754;716;3,74
17756;715;3,64
17757;716;3,74
17758;715;3,64
17760;714;3,54
17761;719;4,04
17762;714;3,54
17764;716;3,74
17765;716;3,74
17766;720;4,14
17768;715;3,64
17769;714;3,54
17770;718;3,94
17772;717;3,84
17773;715;3,64
17774;716;3,74
17776;716;3,74
17777;716;3,74
17778;714;3,54
17780;717;3,84
17781;714;3,54
17782;720;4,14
17784;719;4,04
17785;714;3,54
17786;717;3,84
17787;717;3,84
17789;715;3,64
17790;715;3,64
17792;717;3,84
17794;715;3,64
17795;718;3,94
17796;715;3,64
17798;715;3,64
17799;715;3,64
17800;714;3,54
17802;715;3,64
17803;716;3,74
17804;713;3,44
17806;714;3,54
17807;715;3,64
17808;716;3,74
17810;715;3,64
17811;716;3,74
17812;715;3,64
17814;713;3,44
17815;715;3,64
17816;714;3,54
17818;713;3,44
17819;713;3,44
17820;714;3,54
17822;711;3,24
17823;716;3,74
17824;712;3,34
17826;715;3,64
17827;714;3,54
17828;714;3,54
17830;713;3,44
17831;713;3,44
17832;714;3,54
17835;713;3,44
17836;715;3,64
17837;714;3,54
17839;713;3,44
17840;713;3,44
17841;713;3,44
17843;713;3,44
17844;714;3,54
17845;713;3,44
17847;712;3,34
17848;714;3,54
17849;714;3,54
17851;714;3,54
17852;713;3,44
17853;713;3,44
17855;712;3,34
17856;713;3,44
17857;714;3,54
17859;717;3,84
17860;712;3,34
17861;713;3,44
17863;713;3,44
17864;716;3,74
17865;712;3,34
17867;714;3,54
17868;712;3,34
17869;713;3,44
17871;712;3,34
17872;713;3,44
17873;714;3,54
17874;712;3,34
17876;713;3,44
17878;712;3,34
17879;715;3,64
17881;715;3,64
17882;711;3,24
17883;712;3,34
17885;717;3,84
17886;711;3,24
17887;713;3,44
17889;712;3,34
17890;711;3,24
17891;711;3,24
17893;713;3,44
17894;713;3,44
17895;713;3,44
17897;712;3,34
17898;712;3,34
17899;714;3,54
17901;712;3,34
17902;712;3,34
17903;713;3,44
17905;711;3,24
17906;713;3,44
17907;712;3,34
17909;715;3,64
17910;710;3,14
17911;710;3,14
17913;716;3,74
17914;711;3,24
17915;712;3,34
17917;712;3,34
17918;712;3,34
17920;712;3,34
17922;713;3,44
17923;715;3,64
17924;711;3,24
17926;711;3,24
17927;711;3,24
17928;712;3,34
17930;714;3,54
17931;712;3,34
17932;714;3,54
17934;712;3,34
17935;712;3,34
17936;710;3,14
17938;712;3,34
17939;713;3,44
17940;711;3,24
17942;711;3,24
17943;712;3,34
17944;710;3,14
17946;710;3,14
17947;711;3,24
17948;710;3,14
17950;712;3,34
17951;711;3,24
17952;712;3,34
17954;710;3,14
17955;709;3,04
17956;711;3,24
17958;711;3,24
17959;708;2,94
17960;710;3,14
17961;710;3,14
17964;708;2,94
17965;708;2,94
17966;711;3,24
17968;708;2,94
17969;711;3,24
17970;712;3,34
17972;710;3,14
17973;709;3,04
17974;708;2,94
17976;709;3,04
17977;711;3,24
17978;711;3,24
17980;709;3,04
17981;709;3,04
17982;713;3,44
17984;712;3,34
17985;709;3,04
17986;709;3,04
17988;709;3,04
17989;710;3,14
17990;711;3,24
17992;709;3,04
17993;710;3,14
17994;714;3,54
17996;711;3,24
17997;712;3,34
17998;711;3,24
18000;710;3,14
18001;710;3,14
18002;710;3,14
18004;712;3,34
18006;710;3,14
18007;710;3,14
18009;712;3,34
18010;710;3,14
18011;710;3,14
18013;711;3,24
18014;712;3,34
18015;710;3,14
18017;712;3,34
18018;710;3,14
18019;711;3,24
18021;709;3,04
18022;709;3,04
18023;710;3,14
18025;711;3,24
18026;709;3,04
18027;709;3,04
18029;709;3,04
18030;710;3,14
18031;710;3,14
18033;708;2,94
18034;708;2,94
18035;709;3,04
18037;709;3,04
18038;710;3,14
18039;709;3,04
18041;712;3,34
18042;708;2,94
18043;712;3,34
18045;709;3,04
18046;710;3,14
18048;709;3,04
18049;708;2,94
18051;711;3,24
18052;712;3,34
18053;709;3,04
18055;711;3,24
18056;709;3,04
18057;708;2,94
18059;707;2,83
18060;712;3,34
18061;709;3,04
18063;708;2,94
18064;709;3,04
18065;710;3,14
18067;710;3,14
18068;708;2,94
18069;709;3,04
18071;709;3,04
18072;708;2,94
18073;708;2,94
18075;708;2,94
18076;711;3,24
18077;709;3,04
18079;712;3,34
18080;708;2,94
18081;710;3,14
18083;708;2,94
18084;711;3,24
18085;710;3,14
18087;710;3,14
18088;710;3,14
18089;712;3,34
18092;708;2,94
18093;707;2,83
18094;709;3,04
18096;707;2,83
18097;713;3,44
18098;708;2,94
18100;708;2,94
18101;709;3,04
18102;709;3,04
18104;709;3,04
18105;708;2,94
18106;710;3,14
18108;710;3,14
18109;709;3,04
18110;709;3,04
18112;709;3,04
18113;707;2,83
18114;710;3,14
18116;710;3,14
18117;708;2,94
18118;711;3,24
18120;710;3,14
18121;707;2,83
18122;707;2,83
18124;710;3,14
18125;708;2,94
18126;709;3,04
18128;709;3,04
18129;711;3,24
18130;707;2,83
18132;709;3,04
18134;708;2,94
18135;708;2,94
18136;712;3,34
18138;710;3,14
18139;707;2,83
18140;710;3,14
18142;710;3,14
18143;709;3,04
18144;710;3,14
18146;708;2,94
18147;709;3,04
18148;708;2,94
18150;712;3,34
18151;709;3,04
18152;708;2,94
18154;708;2,94
18155;709;3,04
18156;710;3,14
18158;710;3,14
18159;708;2,94
18160;709;3,04
18162;710;3,14
18163;707;2,83
18164;710;3,14
18166;708;2,94
18167;709;3,04
18168;709;3,04
18170;713;3,44
18171;711;3,24
18172;710;3,14
18174;709;3,04
18176;709;3,04
18177;708;2,94
18179;714;3,54
18180;713;3,44
18181;709;3,04
18183;712;3,34
18184;711;3,24
18185;713;3,44
18187;710;3,14
18188;710;3,14
18189;712;3,34
18191;709;3,04
18192;708;2,94
18193;709;3,04
18195;708;2,94
18196;710;3,14
18197;709;3,04
18199;710;3,14
18200;707;2,83
18201;709;3,04
18203;709;3,04
18204;711;3,24
18205;708;2,94
18207;708;2,94
18208;709;3,04
18209;707;2,83
18211;708;2,94
18212;708;2,94
18213;709;3,04
18215;709;3,04
18216;707;2,83
18217;709;3,04
18220;711;3,24
18221;708;2,94
18222;708;2,94
18223;709;3,04
18225;706;2,73
18226;709;3,04
18227;706;2,73
18229;707;2,83
18230;711;3,24
18231;711;3,24
18233;705;2,63
18234;706;2,73
18235;709;3,04
18237;709;3,04
18238;710;3,14
18239;709;3,04
18241;706;2,73
18242;706;2,73
18243;712;3,34
18245;706;2,73
18246;706;2,73
18247;709;3,04
18249;711;3,24
18250;707;2,83
18251;708;2,94
18253;707;2,83
18254;709;3,04
18255;706;2,73
18257;707;2,83
18258;708;2,94
18259;707;2,83
18262;706;2,73
18263;706;2,73
18264;708;2,94
18266;706;2,73
18267;708;2,94
18268;708;2,94
18270;709;3,04
18271;707;2,83
18272;708;2,94
18274;707;2,83
18275;707;2,83
18276;711;3,24
18278;712;3,34
18279;706;2,73
18280;707;2,83
18282;708;2,94
18283;715;3,64
18284;712;3,34
18286;707;2,83
18287;708;2,94
18288;711;3,24
18290;709;3,04
18291;707;2,83
18292;709;3,04
18294;713;3,44
18295;709;3,04
18296;712;3,34
18298;708;2,94
18299;709;3,04
18300;710;3,14
18302;709;3,04
18304;711;3,24
18305;709;3,04
18307;707;2,83
18308;709;3,04
18309;710;3,14
18310;707;2,83
18312;711;3,24
18313;712;3,34
18314;709;3,04
18316;713;3,44
18317;709;3,04
18318;709;3,04
18320;708;2,94
18321;709;3,04
18322;711;3,24
18324;710;3,14
18325;713;3,44
18326;708;2,94
18328;709;3,04
18329;713;3,44
18330;714;3,54
18332;709;3,04
18333;708;2,94
18334;709;3,04
18336;709;3,04
18337;708;2,94
18338;708;2,94
18340;708;2,94
18341;712;3,34
18342;709;3,04
18344;710;3,14
18345;707;2,83
18347;708;2,94
18349;710;3,14
18350;707;2,83
18351;708;2,94
18353;712;3,34
18354;708;2,94
18355;711;3,24
18357;710;3,14
18358;708;2,94
18359;706;2,73
18361;709;3,04
18362;708;2,94
18363;708;2,94
18365;709;3,04
18366;710;3,14
18367;708;2,94
18369;714;3,54
18370;708;2,94
18371;708;2,94
18373;708;2,94
18374;710;3,14
18375;707;2,83
18377;708;2,94
18378;709;3,04
18379;709;3,04
18381;708;2,94
18382;710;3,14
18383;709;3,04
18385;711;3,24
18386;707;2,83
18387;710;3,14
18390;709;3,04
18391;707;2,83
18392;707;2,83
18394;708;2,94
18395;711;3,24
18396;709;3,04
18397;709;3,04
18399;709;3,04
18400;710;3,14
18401;711;3,24
18403;709;3,04
18404;710;3,14
18405;709;3,04
18407;711;3,24
18408;709;3,04
18409;708;2,94
18411;712;3,34
18412;709;3,04
18413;708;2,94
18415;711;3,24
18416;708;2,94
18417;708;2,94
18419;708;2,94
18420;708;2,94
18421;709;3,04
18423;710;3,14
18424;707;2,83
18425;709;3,04
18427;709;3,04
18428;709;3,04
18429;708;2,94
18432;709;3,04
18433;707;2,83
18434;707;2,83
18436;707;2,83
18437;707;2,83
18438;708;2,94
18440;708;2,94
18441;706;2,73
18442;707;2,83
18444;707;2,83
18445;707;2,83
18446;709;3,04
18448;705;2,63
18449;707;2,83
18450;706;2,73
18452;707;2,83
18453;706;2,73
18454;708;2,94
18456;708;2,94
18457;706;2,73
18458;707;2,83
18460;707;2,83
18461;708;2,94
18462;711;3,24
18464;709;3,04
18465;708;2,94
18466;709;3,04
18468;709;3,04
18469;711;3,24
18470;708;2,94
18472;707;2,83
18473;708;2,94
18475;707;2,83
18477;709;3,04
18478;706;2,73
18479;709;3,04
18481;709;3,04
18482;707;2,83
18483;707;2,83
18484;707;2,83
18486;708;2,94
18487;707;2,83
18488;706;2,73
18490;705;2,63
18491;705;2,63
18492;711;3,24
18494;706;2,73
18495;709;3,04
18496;707;2,83
18498;705;2,63
18499;706;2,73
18500;708;2,94
18502;704;2,53
18503;705;2,63
18504;705;2,63
18506;710;3,14
18507;707;2,83
18508;707;2,83
18510;707;2,83
18511;711;3,24
18512;707;2,83
18514;705;2,63
18515;707;2,83
18516;711;3,24
18519;710;3,14
18520;710;3,14
18521;708;2,94
18523;707;2,83
18524;713;3,44
18525;709;3,04
18527;708;2,94
18528;710;3,14
18529;708;2,94
18531;706;2,73
18532;707;2,83
18533;710;3,14
18535;706;2,73
18536;706;2,73
18537;707;2,83
18539;709;3,04
18540;708;2,94
18541;708;2,94
18543;707;2,83
18544;705;2,63
18545;709;3,04
18547;705;2,63
18548;708;2,94
18549;707;2,83
18551;706;2,73
18552;710;3,14
18553;705;2,63
18555;707;2,83
18556;708;2,94
18557;706;2,73
18560;705;2,63
18561;710;3,14
18562;706;2,73
18564;705;2,63
18565;705;2,63
18566;708;2,94
18568;707;2,83
18569;707;2,83
18570;709;3,04
18571;706;2,73
18573;708;2,94
18574;708;2,94
18575;705;2,63
18577;707;2,83
18578;709;3,04
18579;709;3,04
18581;708;2,94
18582;706;2,73
18583;705;2,63
18585;706;2,73
18586;709;3,04
18587;705;2,63
18589;708;2,94
18590;709;3,04
18591;705;2,63
18593;707;2,83
18594;709;3,04
18595;707;2,83
18597;708;2,94
18598;709;3,04
18599;706;2,73
18601;707;2,83
18603;706;2,73
18604;709;3,04
18606;708;2,94
18607;709;3,04
18608;707;2,83
18610;710;3,14
18611;707;2,83
18612;708;2,94
18614;707;2,83
18615;707;2,83
18616;708;2,94
18618;710;3,14
18619;711;3,24
18620;709;3,04
18622;707;2,83
18623;710;3,14
18624;706;2,73
18626;710;3,14
18627;709;3,04
18628;706;2,73
18630;709;3,04
18631;707;2,83
18632;710;3,14
18634;708;2,94
18635;709;3,04
18636;709;3,04
18638;707;2,83
18639;709;3,04
18640;708;2,94
18642;707;2,83
18643;707;2,83
18644;707;2,83
18647;707;2,83
18648;708;2,94
18649;708;2,94
18651;708;2,94
18652;710;3,14
18653;707;2,83
18655;708;2,94
18656;708;2,94
18657;710;3,14
18658;707;2,83
18660;710;3,14
18661;708;2,94
18662;708;2,94
18664;708;2,94
18665;707;2,83
18666;711;3,24
18668;709;3,04
18669;708;2,94
18670;707;2,83
18672;708;2,94
18673;708;2,94
18674;708;2,94
18676;708;2,94
18677;707;2,83
18678;710;3,14
18680;706;2,73
18681;705;2,63
18682;709;3,04
18684;708;2,94
18685;707;2,83
18686;708;2,94
18689;709;3,04
18690;708;2,94
18691;705;2,63
18693;709;3,04
18694;703;2,43
18695;707;2,83
18697;706;2,73
18698;706;2,73
18699;708;2,94
18701;709;3,04
18702;708;2,94
18703;706;2,73
18705;707;2,83
18706;707;2,83
18707;706;2,73
18709;710;3,14
18710;709;3,04
18711;709;3,04
18713;709;3,04
18714;708;2,94
18715;711;3,24
18717;709;3,04
18718;708;2,94
18719;709;3,04
18721;710;3,14
18722;709;3,04
18723;709;3,04
18725;711;3,24
18726;709;3,04
18727;709;3,04
18729;709;3,04
18731;711;3,24
18732;711;3,24
18734;712;3,34
18735;708;2,94
18736;708;2,94
18738;708;2,94
18739;707;2,83
18740;707;2,83
18742;710;3,14
18743;712;3,34
18744;712;3,34
18745;707;2,83
18747;708;2,94
18748;706;2,73
18749;708;2,94
18751;706;2,73
18752;707;2,83
18753;708;2,94
18755;706;2,73
18756;706;2,73
18757;707;2,83
18759;705;2,63
18760;706;2,73
18761;703;2,43
18763;704;2,53
18764;704;2,53
18765;706;2,73
18767;705;2,63
18768;705;2,63
18769;707;2,83
18771;707;2,83
18772;708;2,94
18774;708;2,94
18776;707;2,83
18777;710;3,14
18778;708;2,94
18780;709;3,04
18781;708;2,94
18782;709;3,04
18784;711;3,24
18785;712;3,34
18786;710;3,14
18788;712;3,34
18789;713;3,44
18790;711;3,24
18792;711;3,24
18793;711;3,24
18794;715;3,64
18796;709;3,04
18797;712;3,34
18798;709;3,04
18800;709;3,04
18801;711;3,24
18802;710;3,14
18804;710;3,14
18805;709;3,04
18806;709;3,04
18808;707;2,83
18809;708;2,94
18810;705;2,63
18812;705;2,63
18813;705;2,63
18814;704;2,53
18817;703;2,43
18818;706;2,73
18819;706;2,73
18821;705;2,63
18822;705;2,63
18823;704;2,53
18825;703;2,43
18826;706;2,73
18827;703;2,43
18829;704;2,53
18830;703;2,43
18831;706;2,73
18832;705;2,63
18834;706;2,73
18835;703;2,43
18836;707;2,83
18838;706;2,73
18839;709;3,04
18840;708;2,94
18842;706;2,73
18843;709;3,04
18844;708;2,94
18846;710;3,14
18847;709;3,04
18848;709;3,04
18850;708;2,94
18851;709;3,04
18852;712;3,34
18854;711;3,24
18855;714;3,54
18856;712;3,34
18859;714;3,54
18860;710;3,14
18861;712;3,34
18863;711;3,24
18864;711;3,24
18865;712;3,34
18867;712;3,34
18868;714;3,54
18869;712;3,34
18871;712;3,34
18872;710;3,14
18873;709;3,04
18875;711;3,24
18876;708;2,94
18877;707;2,83
18879;708;2,94
18880;707;2,83
18881;707;2,83
18883;705;2,63
18884;706;2,73
18885;707;2,83
18887;707;2,83
18888;709;3,04
18889;704;2,53
18891;703;2,43
18892;706;2,73
18893;702;2,33
18895;703;2,43
18896;707;2,83
18897;705;2,63
18899;706;2,73
18900;705;2,63
18902;706;2,73
18904;704;2,53
18905;707;2,83
18906;705;2,63
18908;706;2,73
18909;710;3,14
18910;707;2,83
18912;705;2,63
18913;709;3,04
18914;708;2,94
18916;709;3,04
18917;711;3,24
18918;711;3,24
18919;710;3,14
18921;714;3,54
18922;711;3,24
18923;713;3,44
18925;713;3,44
18926;713;3,44
18927;714;3,54
18929;712;3,34
18930;712;3,34
18931;711;3,24
18933;713;3,44
18934;711;3,24
18935;712;3,34
18937;713;3,44
18938;712;3,34
18939;709;3,04
18941;709;3,04
18942;707;2,83
18944;709;3,04
18946;709;3,04
18947;706;2,73
18948;706;2,73
18950;704;2,53
18951;705;2,63
18952;708;2,94
18954;706;2,73
18955;705;2,63
18956;704;2,53
18958;704;2,53
18959;704;2,53
18960;705;2,63
18962;704;2,53
18963;704;2,53
18964;706;2,73
18966;703;2,43
18967;701;2,23
18968;705;2,63
18970;704;2,53
18971;704;2,53
18972;704;2,53
18974;703;2,43
18975;703;2,43
18976;704;2,53
18978;706;2,73
18979;707;2,83
18980;707;2,83
18982;707;2,83
18983;709;3,04
18984;708;2,94
18987;708;2,94
18988;711;3,24
18989;711;3,24
18991;712;3,34
18992;712;3,34
18993;712;3,34
18995;716;3,74
18996;713;3,44
18997;713;3,44
18999;717;3,84
19000;716;3,74
19001;714;3,54
19003;716;3,74
19004;716;3,74
19005;715;3,64
19006;713;3,44
19008;713;3,44
19009;713;3,44
19010;713;3,44
19012;712;3,34
19013;710;3,14
19014;714;3,54
19016;710;3,14
19017;710;3,14
19018;708;2,94
19020;709;3,04
19021;709;3,04
19022;707;2,83
19024;707;2,83
19025;705;2,63
19026;705;2,63
19028;704;2,53
19030;705;2,63
19031;706;2,73
19033;704;2,53
19034;705;2,63
19035;705;2,63
19037;705;2,63
19038;704;2,53
19039;704;2,53
19041;706;2,73
19042;708;2,94
19043;707;2,83
19045;707;2,83
19046;707;2,83
19047;709;3,04
19049;706;2,73
19050;709;3,04
19051;711;3,24
19053;709;3,04
19054;711;3,24
19055;709;3,04
19057;711;3,24
19058;710;3,14
19059;711;3,24
19061;710;3,14
19062;711;3,24
19063;711;3,24
19065;713;3,44
19066;713;3,44
19067;716;3,74
19069;712;3,34
19070;713;3,44
19072;713;3,44
19074;713;3,44
19075;713;3,44
19076;715;3,64
19078;712;3,34
19079;711;3,24
19080;714;3,54
19082;710;3,14
19083;710;3,14
19084;711;3,24
19086;710;3,14
19087;710;3,14
19088;711;3,24
19090;709;3,04
19091;713;3,44
19092;708;2,94
19093;708;2,94
19095;710;3,14
19096;710;3,14
19097;708;2,94
19099;709;3,04
19100;710;3,14
19101;709;3,04
19103;707;2,83
19104;711;3,24
19105;709;3,04
19107;710;3,14
19108;708;2,94
19109;709;3,04
19111;710;3,14
19112;708;2,94
19113;708;2,94
19116;713;3,44
19117;708;2,94
19118;709;3,04
19120;711;3,24
19121;712;3,34
19122;708;2,94
19124;710;3,14
19125;710;3,14
19126;710;3,14
19128;710;3,14
19129;710;3,14
19130;708;2,94
19132;713;3,44
19133;711;3,24
19134;710;3,14
19136;710;3,14
19137;712;3,34
19138;710;3,14
19140;709;3,04
19141;712;3,34
19142;709;3,04
19144;709;3,04
19145;710;3,14
19146;709;3,04
19148;712;3,34
19149;713;3,44
19150;711;3,24
19152;711;3,24
19153;710;3,14
19154;712;3,34
19156;709;3,04
19158;710;3,14
19159;710;3,14
19161;710;3,14
19162;717;3,84
19163;709;3,04
19165;709;3,04
19166;710;3,14
19167;711;3,24
19169;711;3,24
19170;709;3,04
19171;712;3,34
19173;710;3,14
19174;711;3,24
19175;708;2,94
19177;709;3,04
19178;710;3,14
19179;709;3,04
19180;708;2,94
19182;710;3,14
19183;712;3,34
19184;712;3,34
19186;707;2,83
19187;711;3,24
19188;707;2,83
19190;707;2,83
19191;708;2,94
19192;710;3,14
19194;712;3,34
19195;708;2,94
19196;706;2,73
19198;706;2,73
19200;709;3,04
19201;711;3,24
19203;710;3,14
19204;708;2,94
19205;708;2,94
19207;709;3,04
19208;708;2,94
19209;708;2,94
19211;709;3,04
19212;710;3,14
19213;709;3,04
19215;709;3,04
19216;710;3,14
19217;712;3,34
19219;710;3,14
19220;711;3,24
19221;712;3,34
19223;710;3,14
19224;713;3,44
19225;714;3,54
19227;713;3,44
19228;711;3,24
19229;713;3,44
19231;718;3,94
19232;716;3,74
19233;720;4,14
19235;712;3,34
19236;712;3,34
19237;712;3,34
19239;714;3,54
19240;711;3,24
19241;713;3,44
19244;718;3,94
19245;714;3,54
19246;710;3,14
19248;711;3,24
19249;709;3,04
19250;708;2,94
19252;709;3,04
19253;710;3,14
19254;708;2,94
19256;708;2,94
19257;710;3,14
19258;707;2,83
19260;709;3,04
19261;706;2,73
19262;708;2,94
19264;707;2,83
19265;710;3,14
19266;714;3,54
19267;712;3,34
19269;708;2,94
19270;709;3,04
19271;710;3,14
19273;713;3,44
19274;710;3,14
19275;710;3,14
19277;709;3,04
19278;711;3,24
19279;711;3,24
19281;709;3,04
19282;714;3,54
19283;709;3,04
19286;714;3,54
19287;711;3,24
19288;711;3,24
19290;709;3,04
19291;709;3,04
19292;710;3,14
19294;711;3,24
19295;712;3,34
19296;710;3,14
19298;712;3,34
19299;715;3,64
19300;714;3,54
19302;712;3,34
19303;710;3,14
19304;710;3,14
19306;710;3,14
19307;710;3,14
19308;714;3,54
19310;710;3,14
19311;715;3,64
19312;714;3,54
19314;709;3,04
19315;711;3,24
19316;713;3,44
19318;708;2,94
19319;709;3,04
19320;708;2,94
19322;711;3,24
19323;709;3,04
19324;709;3,04
19326;710;3,14
19328;710;3,14
19329;709;3,04
19331;709;3,04
19332;709;3,04
19333;708;2,94
19335;710;3,14
19336;711;3,24
19337;712;3,34
19339;710;3,14
19340;710;3,14
19341;712;3,34
19343;711;3,24
19344;713;3,44
19345;710;3,14
19347;713;3,44
19348;712;3,34
19349;713;3,44
19351;713;3,44
19352;711;3,24
19353;713;3,44
19354;713;3,44
19356;718;3,94
19357;712;3,34
19358;712;3,34
19360;711;3,24
19361;716;3,74
19362;709;3,04
19364;710;3,14
19365;711;3,24
19366;710;3,14
19368;710;3,14
19369;709;3,04
19371;709;3,04
19373;710;3,14
19374;710;3,14
19375;711;3,24
19377;710;3,14
19378;713;3,44
19379;710;3,14
19381;709;3,04
19382;711;3,24
19383;710;3,14
19385;709;3,04
19386;707;2,83
19387;710;3,14
19389;708;2,94
19390;708;2,94
19391;711;3,24
19393;709;3,04
19394;709;3,04
19395;709;3,04
19397;710;3,14
19398;711;3,24
19399;709;3,04
19401;709;3,04
19402;712;3,34
19403;711;3,24
19405;712;3,34
19406;709;3,04
19407;709;3,04
19409;710;3,14
19410;714;3,54
19411;709;3,04
19414;710;3,14
19415;710;3,14
19416;708;2,94
19418;707;2,83
19419;708;2,94
19420;709;3,04
19422;709;3,04
19423;709;3,04
19424;709;3,04
19426;712;3,34
19427;710;3,14
19428;710;3,14
19430;712;3,34
19431;712;3,34
19432;711;3,24
19434;713;3,44
19435;712;3,34
19436;711;3,24
19438;712;3,34
19439;712;3,34
19440;713;3,44
19441;714;3,54
19443;713;3,44
19444;714;3,54
19445;716;3,74
19447;714;3,54
19448;714;3,54
19449;712;3,34
19451;713;3,44
19452;711;3,24
19453;711;3,24
19456;710;3,14
19457;711;3,24
19458;712;3,34
19460;710;3,14
19461;708;2,94
19462;710;3,14
19464;709;3,04
19465;707;2,83
19466;712;3,34
19468;709;3,04
19469;709;3,04
19470;709;3,04
19472;709;3,04
19473;708;2,94
19474;706;2,73
19476;710;3,14
19477;708;2,94
19478;707;2,83
19480;707;2,83
19481;708;2,94
19482;707;2,83
19484;707;2,83
19485;707;2,83
19486;708;2,94
19488;707;2,83
19489;708;2,94
19490;710;3,14
19492;710;3,14
19493;709;3,04
19494;710;3,14
19496;710;3,14
19497;710;3,14
19499;711;3,24
19501;713;3,44
19502;711;3,24
19503;713;3,44
19505;711;3,24
19506;711;3,24
19507;711;3,24
19509;711;3,24
19510;711;3,24
19511;712;3,34
19513;713;3,44
19514;711;3,24
19515;712;3,34
19517;711;3,24
19518;711;3,24
19519;712;3,34
19521;712;3,34
19522;712;3,34
19523;712;3,34
19525;713;3,44
19526;711;3,24
19527;710;3,14
19528;711;3,24
19530;711;3,24
19531;712;3,34
19532;711;3,24
19534;710;3,14
19535;711;3,24
19536;711;3,24
19538;710;3,14
19539;708;2,94
19540;708;2,94
19543;710;3,14
19544;709;3,04
19545;709;3,04
19547;708;2,94
19548;707;2,83
19549;708;2,94
19551;709;3,04
19552;708;2,94
19553;708;2,94
19555;708;2,94
19556;708;2,94
19557;709;3,04
19559;711;3,24
19560;710;3,14
19561;712;3,34
19563;709;3,04
19564;710;3,14
19565;713;3,44
19567;709;3,04
19568;711;3,24
19569;714;3,54
19571;710;3,14
19572;709;3,04
19573;713;3,44
19575;711;3,24
19576;710;3,14
19577;715;3,64
19579;710;3,14
19580;710;3,14
19581;709;3,04
19584;709;3,04
19585;713;3,44
19586;708;2,94
19588;710;3,14
19589;708;2,94
19590;709;3,04
19592;710;3,14
19593;711;3,24
19594;708;2,94
19596;709;3,04
19597;708;2,94
19598;711;3,24
19600;708;2,94
19601;708;2,94
19602;708;2,94
19604;706;2,73
19605;708;2,94
19606;710;3,14
19608;707;2,83
19609;707;2,83
19610;706;2,73
19612;706;2,73
19613;707;2,83
19614;712;3,34
19615;708;2,94
19617;708;2,94
19618;707;2,83
19619;709;3,04
19621;708;2,94
19622;708;2,94
19623;708;2,94
19625;709;3,04
19627;710;3,14
19628;709;3,04
19630;710;3,14
19631;708;2,94
19632;709;3,04
19634;712;3,34
19635;710;3,14
19636;709;3,04
19638;710;3,14
19639;708;2,94
19640;711;3,24
19642;708;2,94
19643;709;3,04
19644;709;3,04
19646;709;3,04
19647;709;3,04
19648;711;3,24
19650;711;3,24
19651;711;3,24
19652;709;3,04
19654;708;2,94
19655;709;3,04
19656;707;2,83
19658;708;2,94
19659;707;2,83
19660;708;2,94
19662;706;2,73
19663;708;2,94
19664;710;3,14
19666;707;2,83
19667;707;2,83
19668;706;2,73
19671;708;2,94
19672;709;3,04
19673;707;2,83
19675;706;2,73
19676;707;2,83
19677;707;2,83
19679;707;2,83
19680;709;3,04
19681;706;2,73
19683;708;2,94
19684;709;3,04
19685;708;2,94
19687;707;2,83
19688;709;3,04
19689;711;3,24
19691;707;2,83
19692;709;3,04
19693;707;2,83
19695;707;2,83
19696;709;3,04
19697;708;2,94
19699;709;3,04
19700;708;2,94
19701;708;2,94
19702;708;2,94
19704;709;3,04
19705;706;2,73
19706;707;2,83
19708;708;2,94
19709;709;3,04
19710;709;3,04
19713;707;2,83
19714;706;2,73
19715;706;2,73
19717;708;2,94
19718;707;2,83
19719;707;2,83
19721;706;2,73
19722;708;2,94
19723;707;2,83
19725;706;2,73
19726;709;3,04
19727;707;2,83
19729;707;2,83
19730;706;2,73
19731;707;2,83
19733;707;2,83
19734;707;2,83
19735;709;3,04
19737;707;2,83
19738;707;2,83
19739;707;2,83
19741;708;2,94
19742;707;2,83
19743;708;2,94
19745;709;3,04
19746;707;2,83
19747;706;2,73
19749;707;2,83
19750;706;2,73
19751;706;2,73
19753;709;3,04
19755;706;2,73
19756;706;2,73
19758;706;2,73
19759;705;2,63
19760;707;2,83
19762;706;2,73
19763;704;2,53
19764;704;2,53
19766;709;3,04
19767;705;2,63
19768;708;2,94
19770;706;2,73
19771;705;2,63
19772;705;2,63
19774;706;2,73
19775;706;2,73
19776;706;2,73
19778;705;2,63
19779;706;2,73
19780;707;2,83
19782;708;2,94
19783;706;2,73
19784;710;3,14
19786;707;2,83
19787;705;2,63
19788;707;2,83
19789;706;2,73
19791;705;2,63
19792;708;2,94
19793;710;3,14
19795;707;2,83
19796;708;2,94
19798;706;2,73
19800;706;2,73
19801;710;3,14
19802;708;2,94
19804;706;2,73
19805;706;2,73
19806;708;2,94
19808;707;2,83
19809;705;2,63
19810;707;2,83
19812;706;2,73
19813;706;2,73
19814;706;2,73
19816;708;2,94
19817;709;3,04
19818;709;3,04
19820;705;2,63
19821;706;2,73
19822;706;2,73
19824;706;2,73
19825;706;2,73
19826;706;2,73
19828;705;2,63
19829;707;2,83
19830;707;2,83
19832;708;2,94
19833;705;2,63
19834;708;2,94
19836;706;2,73
19837;709;3,04
19838;710;3,14
19841;708;2,94
19842;707;2,83
19843;710;3,14
19845;709;3,04
19846;712;3,34
19847;711;3,24
19849;713;3,44
19850;712;3,34
19851;713;3,44
19853;712;3,34
19854;710;3,14
19855;713;3,44
19857;715;3,64
19858;711;3,24
19859;713;3,44
19861;710;3,14
19862;713;3,44
19863;712;3,34
19865;711;3,24
19866;711;3,24
19867;711;3,24
19869;710;3,14
19870;711;3,24
19871;709;3,04
19873;709;3,04
19874;709;3,04
19875;708;2,94
19876;708;2,94
19878;706;2,73
19879;709;3,04
19880;708;2,94
19883;706;2,73
19884;707;2,83
19885;706;2,73
19887;706;2,73
19888;709;3,04
19889;706;2,73
19891;706;2,73
19892;708;2,94
19893;707;2,83
19895;707;2,83
19896;707;2,83
19897;706;2,73
19899;709;3,04
19900;710;3,14
19901;710;3,14
19903;710;3,14
19904;707;2,83
19905;708;2,94
19907;708;2,94
19908;708;2,94
19909;707;2,83
19911;710;3,14
19912;712;3,34
19913;709;3,04
19915;708;2,94
19916;708;2,94
19917;711;3,24
19919;713;3,44
19920;709;3,04
19921;710;3,14
19923;708;2,94
19924;709;3,04
19926;710;3,14
19928;711;3,24
19929;712;3,34
19930;709;3,04
19932;710;3,14
19933;709;3,04
19934;712;3,34
19936;712;3,34
19937;709;3,04
19938;709;3,04
19940;710;3,14
19941;711;3,24
19942;710;3,14
19944;710;3,14
19945;711;3,24
19946;710;3,14
19948;710;3,14
19949;712;3,34
19950;710;3,14
19952;715;3,64
19953;709;3,04
19954;710;3,14
19956;709;3,04
19957;710;3,14
19958;709;3,04
19960;709;3,04
19961;709;3,04
19962;711;3,24
19963;708;2,94
19965;710;3,14
19966;710;3,14
19968;711;3,24
19970;712;3,34
19971;709;3,04
19972;709;3,04
19974;709;3,04
19975;711;3,24
19976;709;3,04
19978;710;3,14
19979;710;3,14
19980;711;3,24
19982;709;3,04
19983;710;3,14
19984;712;3,34
19986;710;3,14
19987;711;3,24
19988;711;3,24
19990;712;3,34
19991;711;3,24
19992;712;3,34
19994;710;3,14
19995;712;3,34
19996;712;3,34
19998;711;3,24
19999;713;3,44
20000;714;3,54
20002;712;3,34
20003;713;3,44
20004;712;3,34
20006;712;3,34
20007;710;3,14
20008;712;3,34
20011;713;3,44
20012;712;3,34
20013;712;3,34
20015;711;3,24
20016;711;3,24
20017;709;3,04
20019;711;3,24
20020;712;3,34
20021;710;3,14
20023;710;3,14
20024;713;3,44
20025;710;3,14
20027;711;3,24
20028;708;2,94
20029;711;3,24
20031;710;3,14
20032;708;2,94
20033;708;2,94
20035;708;2,94
20036;710;3,14
20037;710;3,14
20039;709;3,04
20040;708;2,94
20041;711;3,24
20043;711;3,24
20044;708;2,94
20045;709;3,04
20047;713;3,44
20048;709;3,04
20049;709;3,04
20050;711;3,24
20052;708;2,94
20054;713;3,44
20055;711;3,24
20057;710;3,14
20058;711;3,24
20059;714;3,54
20061;712;3,34
20062;711;3,24
20063;712;3,34
20065;711;3,24
20066;713;3,44
20067;715;3,64
20069;711;3,24
20070;714;3,54
20071;712;3,34
20073;714;3,54
20074;711;3,24
20075;713;3,44
20077;712;3,34
20078;712;3,34
20079;716;3,74
20081;711;3,24
20082;713;3,44
20083;711;3,24
20085;712;3,34
20086;716;3,74
20087;711;3,24
20089;710;3,14
20090;710;3,14
20091;711;3,24
20093;712;3,34
20094;708;2,94
20096;711;3,24
20098;708;2,94
20099;710;3,14
20100;711;3,24
20102;710;3,14
20103;708;2,94
20104;712;3,34
20106;709;3,04
20107;712;3,34
20108;708;2,94
20110;709;3,04
20111;713;3,44
20112;712;3,34
20114;709;3,04
20115;711;3,24
20116;713;3,44
20118;711;3,24
20119;710;3,14
20120;711;3,24
20122;711;3,24
20123;713;3,44
20124;711;3,24
20126;713;3,44
20127;712;3,34
20128;713;3,44
20130;712;3,34
20131;714;3,54
20132;716;3,74
20134;714;3,54
20135;717;3,84
20136;716;3,74
20137;714;3,54
20140;714;3,54
20141;714;3,54
20142;715;3,64
20144;713;3,44
20145;713;3,44
20146;714;3,54
20148;713;3,44
20149;716;3,74
20150;713;3,44
20152;712;3,34
20153;712;3,34
20154;712;3,34
20156;715;3,64
20157;712;3,34
20158;711;3,24
20160;712;3,34
20161;712;3,34
20162;712;3,34
20164;711;3,24
20165;711;3,24
20166;710;3,14
20168;711;3,24
20169;711;3,24
20170;710;3,14
20172;710;3,14
20173;711;3,24
20174;711;3,24
20176;711;3,24
20177;710;3,14
20178;711;3,24
20180;711;3,24
20182;711;3,24
20183;709;3,04
20185;711;3,24
20186;714;3,54
20187;710;3,14
20189;711;3,24
20190;710;3,14
20191;714;3,54
20193;709;3,04
20194;707;2,83
20195;708;2,94
20197;710;3,14
20198;709;3,04
20199;709;3,04
20201;708;2,94
20202;708;2,94
20203;709;3,04
20205;708;2,94
20206;707;2,83
20207;708;2,94
20209;708;2,94
20210;709;3,04
20211;708;2,94
20213;710;3,14
20214;711;3,24
20215;711;3,24
20217;712;3,34
20218;711;3,24
20219;713;3,44
20221;714;3,54
20222;715;3,64
20224;713;3,44
20225;712;3,34
20227;716;3,74
20228;714;3,54
20229;715;3,64
20231;714;3,54
20232;714;3,54
20233;716;3,74
20235;715;3,64
20236;715;3,64
20237;716;3,74
20239;714;3,54
20240;716;3,74
20241;713;3,44
20243;714;3,54
20244;713;3,44
20245;712;3,34
20247;716;3,74
20248;709;3,04
20249;711;3,24
20251;710;3,14
20252;710;3,14
20253;710;3,14
20255;709;3,04
20256;708;2,94
20257;707;2,83
20259;708;2,94
20260;708;2,94
20261;707;2,83
20263;708;2,94
20264;707;2,83
20265;705;2,63
20268;708;2,94
20269;706;2,73
20270;708;2,94
20272;708;2,94
20273;706;2,73
20274;708;2,94
20276;710;3,14
20277;708;2,94
20278;710;3,14
20280;708;2,94
20281;709;3,04
20282;708;2,94
20284;708;2,94
20285;709;3,04
20286;707;2,83
20288;705;2,63
20289;705;2,63
20290;707;2,83
20292;702;2,33
20293;703;2,43
20294;700;2,13
20296;700;2,13
20297;699;2,03
20298;700;2,13
20300;698;1,93
20301;697;1,83
20302;698;1,93
20304;696;1,73
20305;695;1,63
20306;695;1,63
20308;694;1,53
20310;693;1,43
20311;696;1,73
20312;693;1,43
20314;692;1,32
20315;692;1,32
20316;694;1,53
20318;692;1,32
20319;692;1,32
20320;695;1,63
20322;692;1,32
20323;697;1,83
20324;694;1,53
20326;693;1,43
20327;694;1,53
20328;694;1,53
20330;696;1,73
20331;699;2,03
20332;697;1,83
20334;699;2,03
20335;702;2,33
20336;700;2,13
20338;700;2,13
20339;701;2,23
20340;701;2,23
20342;703;2,43
20343;703;2,43
20344;704;2,53
20346;704;2,53
20347;707;2,83
20348;708;2,94
20350;704;2,53
20352;706;2,73
20353;710;3,14
20355;707;2,83
20356;708;2,94
20357;709;3,04
20359;712;3,34
20360;709;3,04
20361;710;3,14
20363;711;3,24
20364;712;3,34
20365;713;3,44
20367;712;3,34
20368;716;3,74
20369;712;3,34
20371;714;3,54
20372;714;3,54
20373;716;3,74
20375;717;3,84
20376;717;3,84
20377;716;3,74
20379;716;3,74
20380;715;3,64
20381;715;3,64
20383;715;3,64
20384;715;3,64
20385;715;3,64
20387;716;3,74
20388;718;3,94
20389;717;3,84
20391;717;3,84
20392;717;3,84
20393;719;4,04
20396;717;3,84
20397;717;3,84
20398;718;3,94
20399;717;3,84
20401;720;4,14
20402;719;4,04
20403;720;4,14
20405;724;4,55
20406;723;4,45
20407;720;4,14
20409;722;4,34
20410;720;4,14
20411;720;4,14
20413;722;4,34
20414;725;4,65
20415;722;4,34
20417;722;4,34
20418;722;4,34
20419;721;4,24
20421;724;4,55
20422;724;4,55
20423;724;4,55
20425;726;4,75
20426;726;4,75
20427;727;4,85
20429;725;4,65
20430;725;4,65
20431;726;4,75
20433;725;4,65
20434;725;4,65
20435;726;4,75
20438;729;5,05
20439;725;4,65
20440;725;4,65
20442;724;4,55
20443;728;4,95
20444;728;4,95
20446;727;4,85
20447;728;4,95
20448;725;4,65
20450;727;4,85
20451;729;5,05
20452;726;4,75
20454;727;4,85
20455;725;4,65
20456;725;4,65
20458;727;4,85
20459;726;4,75
20460;724;4,55
20462;723;4,45
20463;729;5,05
20464;728;4,95
20466;725;4,65
20467;728;4,95
20468;727;4,85
20470;730;5,15
20471;727;4,85
20472;731;5,25
20474;728;4,95
20475;729;5,05
20476;728;4,95
20478;730;5,15
20480;731;5,25
20481;730;5,15
20483;732;5,35
20484;731;5,25
20485;731;5,25
20486;732;5,35
20488;735;5,65
20489;732;5,35
20490;734;5,55
20492;736;5,75
20493;733;5,45
20494;733;5,45
20496;734;5,55
20497;735;5,65
20498;735;5,65
20500;738;5,96
20501;735;5,65
20502;738;5,96
20504;739;6,06
20505;737;5,85
20506;741;6,26
20508;740;6,16
20509;738;5,96
20510;736;5,75
20512;737;5,85
20513;739;6,06
20514;738;5,96
20516;739;6,06
20517;739;6,06
20518;738;5,96
20520;738;5,96
20521;737;5,85
20523;741;6,26
20525;741;6,26
20526;741;6,26
20527;740;6,16
20529;741;6,26
20530;738;5,96
20531;739;6,06
20533;739;6,06
20534;740;6,16
20535;742;6,36
20537;741;6,26
20538;740;6,16
20539;740;6,16
20541;742;6,36
20542;740;6,16
20543;742;6,36
20545;742;6,36
20546;742;6,36
20547;741;6,26
20549;741;6,26
20550;742;6,36
20551;743;6,46
20553;743;6,46
20554;745;6,66
20555;744;6,56
20557;744;6,56
20558;744;6,56
20559;743;6,46
20561;746;6,76
20562;744;6,56
20563;743;6,46
20566;747;6,86
20567;743;6,46
20568;745;6,66
20570;746;6,76
20571;744;6,56
20572;746;6,76
20573;744;6,56
20575;745;6,66
20576;748;6,96
20577;746;6,76
20579;745;6,66
20580;747;6,86
20581;748;6,96
20583;746;6,76
20584;747;6,86
20585;747;6,86
20587;746;6,76
20588;748;6,96
20589;746;6,76
20591;748;6,96
20592;746;6,76
20593;748;6,96
20595;746;6,76
20596;746;6,76
20597;748;6,96
20599;747;6,86
20600;748;6,96
20601;749;7,06
20603;746;6,76
20604;746;6,76
20605;748;6,96
20608;747;6,86
20609;748;6,96
20610;750;7,16
20612;749;7,06
20613;748;6,96
20614;751;7,26
20616;751;7,26
20617;749;7,06
20618;750;7,16
20620;748;6,96
20621;751;7,26
20622;749;7,06
20624;752;7,36
20625;747;6,86
20626;748;6,96
20628;749;7,06
20629;748;6,96
20630;751;7,26
20632;749;7,06
20633;746;6,76
20634;750;7,16
20636;751;7,26
20637;749;7,06
20638;748;6,96
20640;747;6,86
20641;745;6,66
20642;750;7,16
20644;747;6,86
20645;746;6,76
20646;750;7,16
20648;747;6,86
20649;748;6,96
20651;747;6,86
20653;746;6,76
20654;745;6,66
20655;749;7,06
20657;745;6,66
20658;744;6,56
20659;743;6,46
20660;743;6,46
20662;745;6,66
20663;745;6,66
20664;746;6,76
20666;746;6,76
20667;747;6,86
20668;747;6,86
20670;748;6,96
20671;750;7,16
20672;750;7,16
20674;750;7,16
20675;755;7,67
20676;752;7,36
20678;750;7,16
20679;754;7,57
20680;752;7,36
20682;753;7,47
20683;752;7,36
20684;756;7,77
20686;748;6,96
20687;749;7,06
20688;750;7,16
20690;754;7,57
20691;748;6,96
20692;748;6,96
20695;747;6,86
20696;746;6,76
20697;745;6,66
20699;744;6,56
20700;743;6,46
20701;746;6,76
20703;744;6,56
20704;747;6,86
20705;747;6,86
20707;746;6,76
20708;742;6,36
20709;744;6,56
20711;753;7,47
20712;745;6,66
20713;743;6,46
20715;744;6,56
20716;746;6,76
20717;745;6,66
20719;744;6,56
20720;746;6,76
20721;746;6,76
20723;745;6,66
20724;747;6,86
20725;746;6,76
20727;748;6,96
20728;754;7,57
20729;751;7,26
20731;748;6,96
20732;751;7,26
20733;747;6,86
20736;748;6,96
20737;747;6,86
20738;749;7,06
20740;749;7,06
20741;755;7,67
20742;751;7,26
20744;750;7,16
20745;750;7,16
20746;752;7,36
20747;750;7,16
20749;749;7,06
20750;748;6,96
20751;749;7,06
20753;746;6,76
20754;745;6,66
20755;745;6,66
20757;745;6,66
20758;749;7,06
20759;742;6,36
20761;748;6,96
20762;744;6,56
20763;742;6,36
20765;740;6,16
20766;744;6,56
20767;737;5,85
20769;741;6,26
20770;739;6,06
20771;740;6,16
20773;743;6,46
20774;738;5,96
20775;740;6,16
20777;741;6,26
20779;740;6,16
20780;738;5,96
20782;738;5,96
20783;741;6,26
20784;740;6,16
20786;741;6,26
20787;740;6,16
20788;743;6,46
20790;744;6,56
20791;746;6,76
20792;745;6,66
20794;744;6,56
20795;746;6,76
20796;746;6,76
20798;743;6,46
20799;746;6,76
20800;748;6,96
20802;749;7,06
20803;745;6,66
20804;746;6,76
20806;746;6,76
20807;747;6,86
20808;744;6,56
20810;746;6,76
20811;744;6,56
20812;743;6,46
20814;745;6,66
20815;744;6,56
20816;744;6,56
20818;745;6,66
20819;743;6,46
20820;744;6,56
20823;743;6,46
20824;739;6,06
20825;739;6,06
20827;740;6,16
20828;739;6,06
20829;741;6,26
20831;736;5,75
20832;735;5,65
20833;737;5,85
20834;742;6,36
20836;737;5,85
20837;743;6,46
20838;738;5,96
20840;736;5,75
20841;738;5,96
20842;738;5,96
20844;741;6,26
20845;741;6,26
20846;740;6,16
20848;737;5,85
20849;736;5,75
20850;738;5,96
20852;740;6,16
20853;741;6,26
20854;741;6,26
20856;740;6,16
20857;741;6,26
20858;743;6,46
20860;743;6,46
20861;743;6,46
20862;745;6,66
20865;740;6,16
20866;741;6,26
20867;745;6,66
20869;741;6,26
20870;745;6,66
20871;741;6,26
20873;745;6,66
20874;741;6,26
20875;741;6,26
20877;740;6,16
20878;741;6,26
20879;744;6,56
20881;739;6,06
20882;740;6,16
20883;740;6,16
20885;738;5,96
20886;740;6,16
20887;739;6,06
20889;740;6,16
20890;741;6,26
20891;739;6,06
20893;739;6,06
20894;739;6,06
20895;737;5,85
20897;743;6,46
20898;738;5,96
20899;737;5,85
20901;736;5,75
20902;743;6,46
20903;738;5,96
20905;736;5,75
20907;738;5,96
20908;733;5,45
20910;732;5,35
20911;731;5,25
20912;735;5,65
20914;733;5,45
20915;731;5,25
20916;733;5,45
20918;734;5,55
20919;738;5,96
20920;734;5,55
20921;738;5,96
20923;737;5,85
20924;739;6,06
20925;737;5,85
20927;738;5,96
20928;739;6,06
20929;741;6,26
20931;742;6,36
20932;741;6,26
20933;745;6,66
20935;748;6,96
20936;744;6,56
20937;744;6,56
20939;743;6,46
20940;742;6,36
20941;742;6,36
20943;742;6,36
20944;739;6,06
20945;739;6,06
20947;738;5,96
20948;737;5,85
20950;737;5,85
20952;738;5,96
20953;736;5,75
20954;734;5,55
20956;738;5,96
20957;736;5,75
20958;737;5,85
20960;736;5,75
20961;739;6,06
20962;735;5,65
20964;735;5,65
20965;740;6,16
20966;743;6,46
20968;737;5,85
20969;741;6,26
20970;738;5,96
20972;738;5,96
20973;741;6,26
20974;743;6,46
20976;740;6,16
20977;745;6,66
20978;740;6,16
20980;742;6,36
20981;742;6,36
20982;739;6,06
20984;739;6,06
20985;737;5,85
20986;740;6,16
20988;741;6,26
20989;739;6,06
20990;739;6,06
20993;738;5,96
20994;739;6,06
20995;742;6,36
20997;740;6,16
20998;735;5,65
20999;736;5,75
21001;738;5,96
21002;734;5,55
21003;738;5,96
21005;740;6,16
21006;738;5,96
21007;734;5,55
21008;741;6,26
21010;737;5,85
21011;735;5,65
21012;733;5,45
21014;738;5,96
21015;736;5,75
21016;735;5,65
21018;735;5,65
21019;735;5,65
21020;736;5,75
21022;734;5,55
21023;733;5,45
21024;734;5,55
21026;733;5,45
21027;730;5,15
21028;730;5,15
21030;731;5,25
21031;732;5,35
21032;735;5,65
21035;732;5,35
21036;733;5,45
21037;733;5,45
21039;737;5,85
21040;734;5,55
21041;736;5,75
21043;734;5,55
21044;733;5,45
21045;734;5,55
21047;731;5,25
21048;734;5,55
21049;732;5,35
21051;732;5,35
21052;731;5,25
21053;731;5,25
21055;731;5,25
21056;728;4,95
21057;729;5,05
21059;727;4,85
21060;727;4,85
21061;730;5,15
21063;730;5,15
21064;728;4,95
21065;729;5,05
21067;731;5,25
21068;731;5,25
21069;731;5,25
21071;730;5,15
21072;725;4,65
21073;730;5,15
21075;732;5,35
21076;730;5,15
21078;731;5,25
21080;733;5,45
21081;730;5,15
21082;730;5,15
21084;730;5,15
21085;732;5,35
21086;732;5,35
21088;733;5,45
21089;733;5,45
21090;735;5,65
21092;741;6,26
21093;735;5,65
21094;734;5,55
21095;735;5,65
21097;731;5,25
21098;734;5,55
21099;733;5,45
21101;731;5,25
21102;730;5,15
21103;733;5,45
21105;729;5,05
21106;729;5,05
21107;728;4,95
21109;729;5,05
21110;730;5,15
21111;735;5,65
21113;727;4,85
21114;727;4,85
21115;732;5,35
21117;729;5,05
21118;736;5,75
21120;729;5,05
21122;728;4,95
21123;725;4,65
21124;724;4,55
21126;725;4,65
21127;733;5,45
21128;731;5,25
21130;726;4,75
21131;727;4,85
21132;731;5,25
21134;732;5,35
21135;730;5,15
21136;729;5,05
21138;726;4,75
21139;728;4,95
21140;731;5,25
21142;731;5,25
21143;732;5,35
21144;736;5,75
21146;736;5,75
21147;733;5,45
21148;733;5,45
21150;735;5,65
21151;735;5,65
21152;733;5,45
21154;731;5,25
21155;731;5,25
21156;732;5,35
21158;730;5,15
21159;731;5,25
21160;727;4,85
21163;728;4,95
21164;727;4,85
21165;726;4,75
21167;724;4,55
21168;724;4,55
21169;724;4,55
21171;725;4,65
21172;726;4,75
21173;726;4,75
21175;725;4,65
21176;727;4,85
21177;729;5,05
21179;726;4,75
21180;721;4,24
21181;729;5,05
21182;724;4,55
21184;730;5,15
21185;732;5,35
21186;730;5,15
21188;729;5,05
21189;727;4,85
21190;728;4,95
21192;727;4,85
21193;733;5,45
21194;728;4,95
21196;729;5,05
21197;729;5,05
21198;728;4,95
21200;729;5,05
21201;730;5,15
21202;727;4,85
21204;728;4,95
21206;727;4,85
21207;724;4,55
21209;726;4,75
21210;726;4,75
21211;724;4,55
21213;724;4,55
21214;727;4,85
21215;722;4,34
21217;724;4,55
21218;722;4,34
21219;725;4,65
21221;722;4,34
21222;726;4,75
21223;721;4,24
21225;721;4,24
21226;723;4,45
21227;720;4,14
21229;722;4,34
21230;723;4,45
21231;719;4,04
21233;720;4,14
21234;719;4,04
21235;717;3,84
21237;718;3,94
21238;719;4,04
21239;716;3,74
21241;721;4,24
21242;719;4,04
21243;719;4,04
21245;719;4,04
21246;721;4,24
21248;717;3,84
21250;717;3,84
21251;717;3,84
21252;720;4,14
21254;720;4,14
21255;724;4,55
21256;722;4,34
21258;720;4,14
21259;722;4,34
21260;724;4,55
21262;724;4,55
21263;728;4,95
21264;726;4,75
21266;726;4,75
21267;730;5,15
21268;726;4,75
21269;729;5,05
21271;727;4,85
21272;725;4,65
21273;724;4,55
21275;725;4,65
21276;723;4,45
21277;727;4,85
21279;723;4,45
21280;722;4,34
21281;722;4,34
21283;723;4,45
21284;721;4,24
21285;719;4,04
21287;718;3,94
21288;719;4,04
21289;716;3,74
21292;716;3,74
21293;717;3,84
21294;716;3,74
21296;715;3,64
21297;716;3,74
21298;716;3,74
21300;715;3,64
21301;714;3,54
21302;714;3,54
21304;714;3,54
21305;715;3,64
21306;715;3,64
21308;717;3,84
21309;714;3,54
21310;715;3,64
21312;717;3,84
21313;717;3,84
21314;720;4,14
21316;721;4,24
21317;720;4,14
21318;722;4,34
21320;723;4,45
21321;722;4,34
21322;722;4,34
21324;726;4,75
21325;724;4,55
21326;724;4,55
21328;727;4,85
21329;727;4,85
21330;724;4,55
21332;727;4,85
21334;724;4,55
21335;724;4,55
21337;726;4,75
21338;725;4,65
21339;724;4,55
21341;726;4,75
21342;723;4,45
21343;722;4,34
21345;725;4,65
21346;723;4,45
21347;720;4,14
21349;721;4,24
21350;722;4,34
21351;719;4,04
21353;721;4,24
21354;721;4,24
21355;719;4,04
21356;721;4,24
21358;716;3,74
21359;716;3,74
21360;717;3,84
21362;716;3,74
21363;719;4,04
21364;723;4,45
21366;719;4,04
21367;718;3,94
21368;716;3,74
21370;718;3,94
21371;718;3,94
21372;718;3,94
21374;718;3,94
21376;725;4,65
21377;721;4,24
21379;724;4,55
21380;726;4,75
21381;722;4,34
21383;720;4,14
21384;726;4,75
21385;724;4,55
21387;722;4,34
21388;722;4,34
21389;726;4,75
21391;722;4,34
21392;723;4,45
21393;725;4,65
21395;723;4,45
21396;724;4,55
21397;724;4,55
21399;729;5,05
21400;724;4,55
21401;728;4,95
21403;722;4,34
21404;729;5,05
21405;721;4,24
21407;723;4,45
21408;725;4,65
21409;722;4,34
21411;722;4,34
21412;724;4,55
21413;726;4,75
21415;721;4,24
21416;720;4,14
21417;720;4,14
21420;720;4,14
21421;722;4,34
21422;725;4,65
21424;722;4,34
21425;722;4,34
21426;723;4,45
21428;721;4,24
21429;720;4,14
21430;723;4,45
21432;721;4,24
21433;719;4,04
21434;721;4,24
21436;718;3,94
21437;718;3,94
21438;722;4,34
21440;719;4,04
21441;719;4,04
21442;723;4,45
21443;720;4,14
21445;722;4,34
21446;719;4,04
21447;720;4,14
21449;722;4,34
21450;722;4,34
21451;721;4,24
21453;722;4,34
21454;725;4,65
21455;723;4,45
21457;727;4,85
21458;721;4,24
21459;723;4,45
21462;724;4,55
21463;724;4,55
21464;723;4,45
21466;724;4,55
21467;724;4,55
21468;726;4,75
21470;724;4,55
21471;727;4,85
21472;724;4,55
21474;722;4,34
21475;722;4,34
21476;724;4,55
21478;723;4,45
21479;728;4,95
21480;724;4,55
21482;722;4,34
21483;724;4,55
21484;720;4,14
21486;723;4,45
21487;727;4,85
21488;723;4,45
21490;722;4,34
21491;721;4,24
21492;721;4,24
21494;723;4,45
21495;724;4,55
21496;722;4,34
21498;723;4,45
21499;719;4,04
21500;721;4,24
21502;722;4,34
21504;722;4,34
21505;721;4,24
21507;720;4,14
21508;725;4,65
21509;723;4,45
21511;719;4,04
21512;725;4,65
21513;721;4,24
21515;721;4,24
21516;725;4,65
21517;720;4,14
21519;722;4,34
21520;721;4,24
21521;721;4,24
21523;721;4,24
21524;723;4,45
21525;722;4,34
21527;722;4,34
21528;723;4,45
21529;721;4,24
21530;722;4,34
21532;723;4,45
21533;720;4,14
21534;720;4,14
21536;721;4,24
21537;721;4,24
21538;720;4,14
21540;720;4,14
21541;720;4,14
21542;720;4,14
21544;718;3,94
21545;722;4,34
21547;718;3,94
21549;720;4,14
21550;717;3,84
21551;720;4,14
21553;720;4,14
21554;720;4,14
21555;718;3,94
21557;718;3,94
21558;718;3,94
21559;719;4,04
21561;722;4,34
21562;719;4,04
21563;719;4,04
21565;718;3,94
21566;718;3,94
21567;720;4,14
21569;717;3,84
21570;718;3,94
21571;719;4,04
21573;721;4,24
21574;717;3,84
21575;718;3,94
21577;718;3,94
21578;720;4,14
21579;717;3,84
21581;718;3,94
21582;719;4,04
21583;721;4,24
21585;717;3,84
21586;716;3,74
21587;717;3,84
21590;720;4,14
21591;717;3,84
21592;718;3,94
21594;716;3,74
21595;719;4,04
21596;718;3,94
21598;718;3,94
21599;715;3,64
21600;717;3,84
21602;717;3,84
21603;717;3,84
21604;716;3,74
21606;716;3,74
21607;714;3,54
21608;715;3,64
21610;716;3,74
21611;715;3,64
21612;715;3,64
21614;716;3,74
21615;714;3,54
21616;713;3,44
21617;715;3,64
21619;714;3,54
21620;715;3,64
21621;713;3,44
21623;714;3,54
21624;716;3,74
21625;713;3,44
21627;712;3,34
21628;714;3,54
21629;715;3,64
21632;715;3,64
21633;715;3,64
21634;714;3,54
21636;713;3,44
21637;715;3,64
21638;713;3,44
21640;715;3,64
21641;712;3,34
21642;714;3,54
21644;714;3,54
21645;714;3,54
21646;713;3,44
21648;715;3,64
21649;714;3,54
21650;715;3,64
21652;714;3,54
21653;713;3,44
21654;716;3,74
21656;716;3,74
21657;715;3,64
21658;713;3,44
21660;713;3,44
21661;714;3,54
21662;714;3,54
21664;713;3,44
21665;712;3,34
21666;713;3,44
21668;714;3,54
21669;714;3,54
21670;714;3,54
21672;712;3,34
21673;715;3,64
21675;715;3,64
21677;713;3,44
21678;718;3,94
21679;713;3,44
21681;713;3,44
21682;712;3,34
21683;712;3,34
21685;713;3,44
21686;712;3,34
21687;712;3,34
21689;713;3,44
21690;712;3,34
21691;716;3,74
21693;712;3,34
21694;712;3,34
21695;711;3,24
21697;711;3,24
21698;712;3,34
21699;713;3,44
21701;710;3,14
21702;712;3,34
21703;713;3,44
21704;711;3,24
21706;712;3,34
21707;711;3,24
21708;711;3,24
21710;713;3,44
21711;712;3,34
21712;710;3,14
21714;711;3,24
21715;713;3,44
21716;711;3,24
21719;710;3,14
21720;713;3,44
21721;710;3,14
21723;709;3,04
21724;710;3,14
21725;711;3,24
21727;710;3,14
21728;710;3,14
21729;709;3,04
21731;711;3,24
21732;711;3,24
21733;713;3,44
21735;710;3,14
21736;713;3,44
21737;710;3,14
21739;710;3,14
21740;710;3,14
21741;711;3,24
21743;710;3,14
21744;710;3,14
21745;711;3,24
21747;712;3,34
21748;710;3,14
21749;709;3,04
21751;708;2,94
21752;710;3,14
21753;709;3,04
21755;710;3,14
21756;712;3,34
21757;709;3,04
21760;709;3,04
21761;710;3,14
21762;709;3,04
21764;709;3,04
21765;708;2,94
21766;708;2,94
21768;708;2,94
21769;709;3,04
21770;707;2,83
21772;708;2,94
21773;707;2,83
21774;708;2,94
21776;707;2,83
21777;708;2,94
21778;708;2,94
21780;704;2,53
21781;707;2,83
21782;706;2,73
21784;707;2,83
21785;706;2,73
21786;707;2,83
21788;705;2,63
21789;705;2,63
21790;706;2,73
21791;706;2,73
21793;705;2,63
21794;708;2,94
21795;707;2,83
21797;708;2,94
21798;704;2,53
21799;706;2,73
21801;707;2,83
21803;707;2,83
21804;704;2,53
21806;709;3,04
21807;708;2,94
21808;705;2,63
21810;705;2,63
21811;707;2,83
21812;706;2,73
21814;707;2,83
21815;706;2,73
21816;711;3,24
21818;707;2,83
21819;707;2,83
21820;707;2,83
21822;707;2,83
21823;708;2,94
21824;706;2,73
21826;708;2,94
21827;707;2,83
21828;708;2,94
21830;705;2,63
21831;710;3,14
21832;712;3,34
21834;707;2,83
21835;710;3,14
21836;709;3,04
21838;710;3,14
21839;708;2,94
21840;707;2,83
21842;708;2,94
21843;707;2,83
21844;708;2,94
21847;706;2,73
21848;708;2,94
21849;706;2,73
21851;708;2,94
21852;708;2,94
21853;707;2,83
21855;710;3,14
21856;707;2,83
21857;708;2,94
21859;707;2,83
21860;708;2,94
21861;708;2,94
21863;707;2,83
21864;707;2,83
21865;707;2,83
21867;707;2,83
21868;706;2,73
21869;710;3,14
21871;707;2,83
21872;708;2,94
21873;708;2,94
21875;708;2,94
21876;706;2,73
21877;706;2,73
21878;708;2,94
21880;704;2,53
21881;705;2,63
21882;709;3,04
21884;707;2,83
21885;708;2,94
21886;708;2,94
21889;707;2,83
21890;707;2,83
21891;705;2,63
21893;707;2,83
21894;707;2,83
21895;706;2,73
21897;708;2,94
21898;706;2,73
21899;705;2,63
21901;706;2,73
21902;706;2,73
21903;705;2,63
21905;706;2,73
21906;709;3,04
21907;707;2,83
21909;706;2,73
21910;708;2,94
21911;708;2,94
21913;707;2,83
21914;706;2,73
21915;706;2,73
21917;709;3,04
21918;706;2,73
21919;706;2,73
21921;709;3,04
21922;707;2,83
21923;708;2,94
21925;707;2,83
21926;707;2,83
21927;706;2,73
21929;709;3,04
21931;708;2,94
21932;710;3,14
21934;711;3,24
21935;709;3,04
21936;708;2,94
21938;707;2,83
21939;707;2,83
21940;709;3,04
21942;707;2,83
21943;707;2,83
21944;714;3,54
21946;709;3,04
21947;707;2,83
21948;709;3,04
21950;707;2,83
21951;708;2,94
21952;712;3,34
21954;712;3,34
21955;709;3,04
21956;706;2,73
21958;712;3,34
21959;715;3,64
21960;707;2,83
21962;712;3,34
21963;709;3,04
21964;711;3,24
21965;707;2,83
21967;708;2,94
21968;712;3,34
21969;709;3,04
21971;708;2,94
21972;710;3,14
21974;712;3,34
21976;707;2,83
21977;712;3,34
21978;707;2,83
21980;710;3,14
21981;707;2,83
21982;706;2,73
21984;707;2,83
21985;706;2,73
21986;706;2,73
21988;709;3,04
21989;708;2,94
21990;706;2,73
21992;706;2,73
21993;709;3,04
21994;709;3,04
21996;706;2,73
21997;712;3,34
21998;711;3,24
22000;709;3,04
22001;708;2,94
22002;709;3,04
22004;708;2,94
22005;711;3,24
22006;708;2,94
22008;708;2,94
22009;710;3,14
22010;709;3,04
22012;711;3,24
22013;713;3,44
22014;708;2,94
22017;709;3,04
22018;710;3,14
22019;709;3,04
22021;709;3,04
22022;713;3,44
22023;708;2,94
22025;711;3,24
22026;715;3,64
22027;708;2,94
22029;709;3,04
22030;709;3,04
22031;707;2,83
22033;711;3,24
22034;708;2,94
22035;707;2,83
22037;706;2,73
22038;711;3,24
22039;707;2,83
22041;706;2,73
22042;705;2,63
22043;708;2,94
22045;706;2,73
22046;709;3,04
22047;706;2,73
22049;705;2,63
22050;706;2,73
22051;707;2,83
22052;708;2,94
22054;706;2,73
22055;706;2,73
22056;704;2,53
22059;705;2,63
22060;704;2,53
22061;708;2,94
22063;713;3,44
22064;707;2,83
22065;707;2,83
22067;710;3,14
22068;711;3,24
22069;706;2,73
22071;710;3,14
22072;707;2,83
22073;708;2,94
22075;708;2,94
22076;708;2,94
22077;706;2,73
22079;712;3,34
22080;709;3,04
22081;713;3,44
22083;710;3,14
22084;708;2,94
22085;710;3,14
22087;707;2,83
22088;707;2,83
22089;707;2,83
22091;709;3,04
22092;706;2,73
22093;706;2,73
22095;709;3,04
22096;707;2,83
22097;708;2,94
22099;706;2,73
22100;706;2,73
22102;711;3,24
22104;708;2,94
22105;710;3,14
22106;708;2,94
22108;706;2,73
22109;706;2,73
22110;706;2,73
22112;707;2,83
22113;705;2,63
22114;706;2,73
22116;706;2,73
22117;705;2,63
22118;704;2,53
22120;703;2,43
22121;705;2,63
22122;704;2,53
22124;705;2,63
22125;704;2,53
22126;703;2,43
22128;704;2,53
22129;704;2,53
22130;703;2,43
22132;706;2,73
22133;703;2,43
22134;705;2,63
22136;706;2,73
22137;705;2,63
22138;706;2,73
22139;705;2,63
22141;703;2,43
22142;706;2,73
22144;708;2,94
22146;706;2,73
22147;709;3,04
22148;708;2,94
22150;707;2,83
22151;708;2,94
22152;709;3,04
22154;708;2,94
22155;708;2,94
22156;709;3,04
22158;710;3,14
22159;711;3,24
22160;710;3,14
22162;709;3,04
22163;710;3,14
22164;711;3,24
22166;711;3,24
22167;713;3,44
22168;710;3,14
22170;711;3,24
22171;711;3,24
22172;714;3,54
22174;713;3,44
22175;711;3,24
22176;712;3,34
22178;712;3,34
22179;712;3,34
22180;712;3,34
22182;711;3,24
22183;709;3,04
22184;709;3,04
22187;710;3,14
22188;710;3,14
22189;708;2,94
22191;707;2,83
22192;708;2,94
22193;710;3,14
22195;708;2,94
22196;707;2,83
22197;706;2,73
22199;705;2,63
22200;707;2,83
22201;707;2,83
22203;707;2,83
22204;706;2,73
22205;707;2,83
22207;706;2,73
22208;706;2,73
22209;706;2,73
22211;707;2,83
22212;706;2,73
22213;710;3,14
22215;707;2,83
22216;708;2,94
22217;706;2,73
22219;706;2,73
22220;707;2,83
22221;707;2,83
22223;707;2,83
22224;706;2,73
22225;706;2,73
22226;707;2,83
22228;707;2,83
22230;709;3,04
22231;708;2,94
22233;709;3,04
22234;708;2,94
22235;708;2,94
22237;709;3,04
22238;709;3,04
22239;708;2,94
22241;710;3,14
22242;709;3,04
22243;707;2,83
22245;711;3,24
22246;709;3,04
22247;706;2,73
22249;709;3,04
22250;708;2,94
22251;707;2,83
22253;708;2,94
22254;707;2,83
22255;706;2,73
22257;708;2,94
22258;708;2,94
22259;708;2,94
22261;707;2,83
22262;709;3,04
22263;707;2,83
22265;706;2,73
22266;707;2,83
22267;705;2,63
22269;706;2,73
22270;708;2,94
22272;706;2,73
22274;705;2,63
22275;704;2,53
22276;705;2,63
22278;706;2,73
22279;704;2,53
22280;706;2,73
22282;704;2,53
22283;706;2,73
22284;704;2,53
22286;706;2,73
22287;705;2,63
22288;705;2,63
22290;706;2,73
22291;706;2,73
22292;707;2,83
22294;707;2,83
22295;707;2,83
22296;706;2,73
22298;706;2,73
22299;708;2,94
22300;708;2,94
22302;707;2,83
22303;708;2,94
22304;706;2,73
22306;707;2,83
22307;708;2,94
22308;706;2,73
22310;707;2,83
22311;709;3,04
22312;708;2,94
22313;707;2,83
22316;708;2,94
22317;707;2,83
22318;707;2,83
22320;708;2,94
22321;707;2,83
22322;706;2,73
22324;709;3,04
22325;709;3,04
22326;704;2,53
22328;705;2,63
22329;704;2,53
22330;704;2,53
22332;706;2,73
22333;705;2,63
22334;706;2,73
22336;702;2,33
22337;706;2,73
22338;706;2,73
22340;707;2,83
22341;706;2,73
22342;706;2,73
22344;702;2,33
22345;705;2,63
22346;704;2,53
22348;704;2,53
22349;703;2,43
22350;703;2,43
22352;705;2,63
22353;706;2,73
22354;705;2,63
22356;707;2,83
22358;707;2,83
22359;705;2,63
22361;709;3,04
22362;709;3,04
22363;708;2,94
22365;708;2,94
22366;708;2,94
22367;709;3,04
22369;712;3,34
22370;709;3,04
22371;711;3,24
22373;711;3,24
22374;709;3,04
22375;711;3,24
22377;710;3,14
22378;710;3,14
22379;711;3,24
22381;710;3,14
22382;707;2,83
22383;710;3,14
22385;708;2,94
22386;708;2,94
22387;708;2,94
22389;706;2,73
22390;707;2,83
22391;706;2,73
22393;706;2,73
22394;705;2,63
22395;708;2,94
22397;706;2,73
22398;706;2,73
22400;704;2,53
22401;705;2,63
22403;703;2,43
22404;704;2,53
22405;705;2,63
22407;703;2,43
22408;703;2,43
22409;704;2,53
22411;705;2,63
22412;704;2,53
22413;705;2,63
22415;705;2,63
22416;703;2,43
22417;705;2,63
22419;704;2,53
22420;704;2,53
22421;704;2,53
22423;705;2,63
22424;708;2,94
22425;706;2,73
22427;707;2,83
22428;706;2,73
22429;706;2,73
22431;708;2,94
22432;709;3,04
22433;710;3,14
22435;710;3,14
22436;711;3,24
22437;709;3,04
22439;709;3,04
22440;711;3,24
22441;709;3,04
22444;711;3,24
22445;709;3,04
22446;710;3,14
22448;708;2,94
22449;711;3,24
22450;709;3,04
22452;707;2,83
22453;709;3,04
22454;709;3,04
22456;707;2,83
22457;708;2,94
22458;707;2,83
22460;706;2,73
22461;706;2,73
22462;704;2,53
22464;706;2,73
22465;705;2,63
22466;706;2,73
22468;705;2,63
22469;707;2,83
22470;705;2,63
22472;703;2,43
22473;706;2,73
22474;706;2,73
22476;706;2,73
22477;704;2,53
22478;707;2,83
22480;704;2,53
22481;705;2,63
22482;708;2,94
22484;706;2,73
22486;708;2,94
22487;707;2,83
22488;706;2,73
22490;708;2,94
22491;711;3,24
22492;710;3,14
22494;710;3,14
22495;709;3,04
22496;707;2,83
22498;710;3,14
22499;710;3,14
22500;710;3,14
22502;710;3,14
22503;710;3,14
22504;708;2,94
22506;708;2,94
22507;709;3,04
22508;707;2,83
22510;707;2,83
22511;706;2,73
22512;708;2,94
22514;706;2,73
22515;705;2,63
22516;706;2,73
22518;704;2,53
22519;705;2,63
22520;703;2,43
22522;706;2,73
22523;706;2,73
22524;701;2,23
22526;703;2,43
22528;704;2,53
22529;702;2,33
22531;701;2,23
22532;702;2,33
22533;703;2,43
22535;704;2,53
22536;707;2,83
22537;704;2,53
22539;705;2,63
22540;706;2,73
22541;705;2,63
22543;707;2,83
22544;709;3,04
22545;710;3,14
22547;710;3,14
22548;712;3,34
22549;711;3,24
22551;713;3,44
22552;714;3,54
22553;713;3,44
22555;713;3,44
22556;714;3,54
22557;714;3,54
22559;714;3,54
22560;715;3,64
22561;712;3,34
22563;716;3,74
22564;712;3,34
22565;711;3,24
22567;714;3,54
22568;712;3,34
22569;712;3,34
22572;710;3,14
22573;711;3,24
22574;711;3,24
22575;711;3,24
22577;708;2,94
22578;708;2,94
22579;708;2,94
22581;708;2,94
22582;705;2,63
22583;707;2,83
22585;706;2,73
22586;706;2,73
22587;705;2,63
22589;707;2,83
22590;704;2,53
22591;703;2,43
22593;704;2,53
22594;702;2,33
22595;703;2,43
22597;703;2,43
22598;702;2,33
22599;703;2,43
22601;702;2,33
22602;702;2,33
22603;705;2,63
22605;704;2,53
22606;703;2,43
22607;705;2,63
22609;705;2,63
22610;706;2,73
22611;707;2,83
22614;708;2,94
22615;705;2,63
22616;706;2,73
22618;707;2,83
22619;709;3,04
22620;711;3,24
22622;711;3,24
22623;710;3,14
22624;711;3,24
22626;713;3,44
22627;711;3,24
22628;713;3,44
22630;713;3,44
22631;715;3,64
22632;714;3,54
22634;715;3,64
22635;716;3,74
22636;714;3,54
22638;717;3,84
22639;715;3,64
22640;713;3,44
22642;714;3,54
22643;713;3,44
22644;713;3,44
22646;712;3,34
22647;711;3,24
22648;711;3,24
22650;709;3,04
22651;709;3,04
22652;708;2,94
22654;709;3,04
22656;707;2,83
22657;708;2,94
22659;707;2,83
22660;707;2,83
22661;706;2,73
22662;708;2,94
22664;707;2,83
22665;705;2,63
22666;709;3,04
22668;705;2,63
22669;704;2,53
22670;706;2,73
22672;706;2,73
22673;705;2,63
22674;709;3,04
22676;706;2,73
22677;710;3,14
22678;706;2,73
22680;709;3,04
22681;709;3,04
22682;708;2,94
22684;710;3,14
22685;708;2,94
22686;712;3,34
22688;710;3,14
22689;711;3,24
22690;713;3,44
22692;711;3,24
22693;714;3,54
22694;713;3,44
22696;713;3,44
22697;713;3,44
22699;715;3,64
22701;711;3,24
22702;711;3,24
22703;712;3,34
22705;710;3,14
22706;711;3,24
22707;709;3,04
22709;711;3,24
22710;707;2,83
22711;709;3,04
22713;710;3,14
22714;708;2,94
22715;711;3,24
22717;708;2,94
22718;707;2,83
22719;708;2,94
22721;707;2,83
22722;707;2,83
22723;707;2,83
22725;707;2,83
22726;706;2,73
22727;706;2,73
22729;708;2,94
22730;707;2,83
22731;708;2,94
22733;707;2,83
22734;707;2,83
22735;708;2,94
22737;708;2,94
22738;710;3,14
22739;711;3,24
22742;708;2,94
22743;710;3,14
22744;710;3,14
22746;711;3,24
22747;710;3,14
22748;712;3,34
22749;712;3,34
22751;711;3,24
22752;712;3,34
22753;712;3,34
22755;711;3,24
22756;712;3,34
22757;712;3,34
22759;711;3,24
22760;712;3,34
22761;711;3,24
22763;712;3,34
22764;712;3,34
22765;709;3,04
22767;711;3,24
22768;710;3,14
22769;709;3,04
22771;711;3,24
22772;708;2,94
22773;708;2,94
22775;708;2,94
22776;710;3,14
22777;706;2,73
22779;707;2,83
22780;706;2,73
22781;707;2,83
22784;707;2,83
22785;707;2,83
22786;706;2,73
22788;709;3,04
22789;709;3,04
22790;707;2,83
22792;707;2,83
22793;708;2,94
22794;707;2,83
22796;708;2,94
22797;707;2,83
22798;708;2,94
22800;713;3,44
22801;710;3,14
22802;708;2,94
22804;709;3,04
22805;710;3,14
22806;710;3,14
22808;711;3,24
22809;711;3,24
22810;711;3,24
22812;709;3,04
22813;715;3,64
22814;713;3,44
22816;712;3,34
22817;711;3,24
22818;712;3,34
22820;713;3,44
22821;712;3,34
22822;714;3,54
22824;711;3,24
22825;711;3,24
22827;714;3,54
22829;713;3,44
22830;711;3,24
22831;713;3,44
22833;712;3,34
22834;714;3,54
22835;711;3,24
22836;710;3,14
22838;709;3,04
22839;708;2,94
22840;709;3,04
22842;711;3,24
22843;709;3,04
22844;711;3,24
22846;708;2,94
22847;709;3,04
22848;711;3,24
22850;708;2,94
22851;708;2,94
22852;707;2,83
22854;707;2,83
22855;709;3,04
22856;708;2,94
22858;707;2,83
22859;710;3,14
22860;710;3,14
22862;709;3,04
22863;709;3,04
22864;708;2,94
22866;711;3,24
22867;709;3,04
22868;708;2,94
22871;710;3,14
22872;710;3,14
22873;710;3,14
22875;711;3,24
22876;710;3,14
22877;710;3,14
22879;710;3,14
22880;708;2,94
22881;708;2,94
22883;714;3,54
22884;710;3,14
22885;711;3,24
22887;710;3,14
22888;710;3,14
22889;714;3,54
22891;710;3,14
22892;712;3,34
22893;710;3,14
22895;714;3,54
22896;713;3,44
22897;714;3,54
22899;716;3,74
22900;713;3,44
22901;711;3,24
22903;713;3,44
22904;712;3,34
22905;715;3,64
22907;713;3,44
22908;711;3,24
22909;712;3,34
22912;710;3,14
22913;712;3,34
22914;711;3,24
22916;713;3,44
22917;712;3,34
22918;710;3,14
22920;710;3,14
22921;710;3,14
22922;710;3,14
22923;708;2,94
22925;709;3,04
22926;709;3,04
22927;709;3,04
22929;708;2,94
22930;708;2,94
22931;710;3,14
22933;710;3,14
22934;709;3,04
22935;710;3,14
22937;710;3,14
22938;713;3,44
22939;709;3,04
22941;710;3,14
22942;709;3,04
22943;710;3,14
22945;710;3,14
22946;710;3,14
22947;712;3,34
22949;709;3,04
22950;711;3,24
22951;715;3,64
22953;713;3,44
22955;711;3,24
22956;714;3,54
22958;712;3,34
22959;713;3,44
22960;717;3,84
22962;713;3,44
22963;712;3,34
22964;713;3,44
22966;712;3,34
22967;712;3,34
22968;711;3,24
22970;711;3,24
22971;711;3,24
22972;711;3,24
22974;711;3,24
22975;712;3,34
22976;711;3,24
22978;710;3,14
22979;709;3,04
22980;712;3,34
22982;711;3,24
22983;710;3,14
22984;708;2,94
22986;710;3,14
22987;710;3,14
22988;711;3,24
22990;711;3,24
22991;709;3,04
22992;708;2,94
22994;710;3,14
22995;709;3,04
22996;710;3,14
22999;709;3,04
23000;708;2,94
23001;710;3,14
23003;709;3,04
23004;707;2,83
23005;708;2,94
23007;708;2,94
23008;710;3,14
23009;710;3,14
23010;710;3,14
23012;709;3,04
23013;710;3,14
23014;711;3,24
23016;710;3,14
23017;709;3,04
23018;709;3,04
23020;709;3,04
23021;708;2,94
23022;709;3,04
23024;710;3,14
23025;709;3,04
23026;710;3,14
23028;712;3,34
23029;714;3,54
23030;712;3,34
23032;712;3,34
23033;711;3,24
23034;712;3,34
23036;714;3,54
23037;713;3,44
23038;714;3,54
23041;711;3,24
23042;712;3,34
23043;711;3,24
23045;714;3,54
23046;714;3,54
23047;712;3,34
23049;712;3,34
23050;716;3,74
23051;711;3,24
23053;713;3,44
23054;713;3,44
23055;713;3,44
23057;715;3,64
23058;710;3,14
23059;712;3,34
23061;711;3,24
23062;713;3,44
23063;713;3,44
23065;713;3,44
23066;713;3,44
23067;710;3,14
23069;712;3,34
23070;713;3,44
23071;711;3,24
23073;710;3,14
23074;712;3,34
23075;710;3,14
23077;709;3,04
23078;711;3,24
23079;711;3,24
23081;711;3,24
23083;709;3,04
23084;710;3,14
23086;711;3,24
23087;709;3,04
23088;710;3,14
23090;710;3,14
23091;709;3,04
23092;710;3,14
23094;709;3,04
23095;709;3,04
23096;710;3,14
23097;710;3,14
23099;712;3,34
23100;710;3,14
23101;712;3,34
23103;712;3,34
23104;711;3,24
23105;714;3,54
23107;714;3,54
23108;712;3,34
23109;714;3,54
23111;712;3,34
23112;711;3,24
23113;713;3,44
23115;716;3,74
23116;713;3,44
23117;712;3,34
23119;711;3,24
23120;712;3,34
23121;712;3,34
23123;714;3,54
23124;713;3,44
23126;711;3,24
23128;711;3,24
23129;711;3,24
23130;711;3,24
23132;711;3,24
23133;710;3,14
23134;710;3,14
23136;710;3,14
23137;710;3,14
23138;711;3,24
23140;711;3,24
23141;710;3,14
23142;710;3,14
23144;711;3,24
23145;710;3,14
23146;711;3,24
23148;713;3,44
23149;711;3,24
23150;711;3,24
23152;710;3,14
23153;709;3,04
23154;710;3,14
23156;713;3,44
23157;712;3,34
23158;711;3,24
23160;713;3,44
23161;713;3,44
23162;710;3,14
23164;712;3,34
23165;712;3,34
23166;711;3,24
23169;714;3,54
23170;712;3,34
23171;711;3,24
23173;712;3,34
23174;714;3,54
23175;713;3,44
23177;714;3,54
23178;713;3,44
23179;714;3,54
23181;712;3,34
23182;711;3,24
23183;712;3,34
23184;712;3,34
23186;711;3,24
23187;711;3,24
23188;712;3,34
23190;714;3,54
23191;711;3,24
23192;711;3,24
23194;712;3,34
23195;711;3,24
23196;712;3,34
23198;711;3,24
23199;711;3,24
23200;712;3,34
23202;709;3,04
23203;710;3,14
23204;713;3,44
23206;710;3,14
23207;711;3,24
23208;709;3,04
23211;709;3,04
23212;711;3,24
23213;710;3,14
23215;711;3,24
23216;709;3,04
23217;713;3,44
23219;710;3,14
23220;711;3,24
23221;710;3,14
23223;711;3,24
23224;711;3,24
23225;712;3,34
23227;712;3,34
23228;712;3,34
23229;713;3,44
23231;713;3,44
23232;713;3,44
23233;716;3,74
23235;715;3,64
23236;716;3,74
23237;715;3,64
23239;714;3,54
23240;716;3,74
23241;716;3,74
23243;715;3,64
23244;717;3,84
23245;716;3,74
23247;717;3,84
23248;716;3,74
23249;716;3,74
23251;713;3,44
23252;714;3,54
23254;713;3,44
23256;712;3,34
23257;716;3,74
23258;711;3,24
23260;712;3,34
23261;713;3,44
23262;710;3,14
23264;712;3,34
23265;712;3,34
23266;714;3,54
23268;711;3,24
23269;711;3,24
23270;711;3,24
23271;711;3,24
23273;714;3,54
23274;714;3,54
23275;710;3,14
23277;710;3,14
23278;711;3,24
23279;714;3,54
23281;711;3,24
23282;712;3,34
23283;711;3,24
23285;712;3,34
23286;711;3,24
23287;711;3,24
23289;710;3,14
23290;713;3,44
23291;711;3,24
23293;712;3,34
23294;712;3,34
23296;711;3,24
23298;712;3,34
23299;712;3,34
23300;712;3,34
23302;714;3,54
23303;712;3,34
23304;711;3,24
23306;713;3,44
23307;711;3,24
23308;711;3,24
23310;713;3,44
23311;714;3,54
23312;711;3,24
23314;712;3,34
23315;712;3,34
23316;712;3,34
23318;712;3,34
23319;715;3,64
23320;712;3,34
23322;710;3,14
23323;716;3,74
23324;710;3,14
23326;711;3,24
23327;713;3,44
23328;714;3,54
23330;711;3,24
23331;710;3,14
23332;711;3,24
23334;712;3,34
23335;714;3,54
23336;710;3,14
23339;712;3,34
23340;712;3,34
23341;711;3,24
23343;711;3,24
23344;710;3,14
23345;710;3,14
23347;712;3,34
23348;712;3,34
23349;712;3,34
23351;710;3,14
23352;714;3,54
23353;711;3,24
23355;712;3,34
23356;714;3,54
23357;711;3,24
23358;712;3,34
23360;714;3,54
23361;711;3,24
23362;710;3,14
23364;713;3,44
23365;712;3,34
23366;712;3,34
23368;711;3,24
23369;711;3,24
23370;714;3,54
23372;710;3,14
23373;713;3,44
23374;712;3,34
23376;712;3,34
23377;712;3,34
23378;713;3,44
23380;710;3,14
23382;712;3,34
23383;711;3,24
23385;714;3,54
23386;711;3,24
23387;711;3,24
23389;711;3,24
23390;711;3,24
23391;710;3,14
23393;712;3,34
23394;711;3,24
23395;710;3,14
23397;710;3,14
23398;712;3,34
23399;710;3,14
23401;711;3,24
23402;710;3,14
23403;710;3,14
23405;711;3,24
23406;711;3,24
23407;711;3,24
23409;710;3,14
23410;710;3,14
23411;710;3,14
23413;712;3,34
23414;711;3,24
23415;712;3,34
23417;710;3,14
23418;712;3,34
23419;710;3,14
23421;712;3,34
23422;712;3,34
23424;711;3,24
23426;711;3,24
23427;711;3,24
23428;713;3,44
23430;712;3,34
23431;710;3,14
23432;712;3,34
23434;710;3,14
23435;710;3,14
23436;711;3,24
23438;714;3,54
23439;712;3,34
23440;713;3,44
23442;713;3,44
23443;710;3,14
23444;711;3,24
23445;713;3,44
23447;710;3,14
23448;710;3,14
23449;711;3,24
23451;710;3,14
23452;712;3,34
23453;710;3,14
23455;712;3,34
23456;714;3,54
23457;711;3,24
23459;710;3,14
23460;710;3,14
23461;713;3,44
23463;711;3,24
23464;711;3,24
23465;711;3,24
23468;710;3,14
23469;712;3,34
23470;711;3,24
23472;710;3,14
23473;712;3,34
23474;712;3,34
23476;711;3,24
23477;711;3,24
23478;711;3,24
23480;710;3,14
23481;711;3,24
23482;713;3,44
23484;710;3,14
23485;711;3,24
23486;710;3,14
23488;711;3,24
23489;712;3,34
23490;713;3,44
23492;710;3,14
23493;710;3,14
23494;710;3,14
23496;710;3,14
23497;709;3,04
23498;708;2,94
23500;709;3,04
23501;710;3,14
23502;709;3,04
23504;710;3,14
23505;710;3,14
23506;708;2,94
23508;709;3,04
23510;709;3,04
23511;709;3,04
23513;709;3,04
23514;709;3,04
23515;708;2,94
23517;709;3,04
23518;711;3,24
23519;711;3,24
23521;709;3,04
23522;708;2,94
23523;709;3,04
23525;709;3,04
23526;708;2,94
23527;709;3,04
23529;708;2,94
23530;709;3,04
23531;708;2,94
23532;707;2,83
23534;710;3,14
23535;707;2,83
23536;707;2,83
23538;708;2,94
23539;708;2,94
23540;709;3,04
23542;708;2,94
23543;708;2,94
23544;708;2,94
23546;709;3,04
23547;709;3,04
23548;710;3,14
23550;710;3,14
23552;711;3,24
23553;708;2,94
23555;709;3,04
23556;708;2,94
23557;708;2,94
23559;708;2,94
23560;709;3,04
23561;708;2,94
23563;709;3,04
23564;709;3,04
23565;708;2,94
23567;708;2,94
23568;711;3,24
23569;708;2,94
23571;709;3,04
23572;709;3,04
23573;709;3,04
23575;709;3,04
23576;711;3,24
23577;709;3,04
23579;710;3,14
23580;710;3,14
23581;708;2,94
23583;709;3,04
23584;710;3,14
23585;709;3,04
23587;707;2,83
23588;709;3,04
23589;709;3,04
23591;709;3,04
23592;708;2,94
23593;708;2,94
23596;708;2,94
23597;708;2,94
23598;708;2,94
23600;710;3,14
23601;710;3,14
23602;708;2,94
23604;707;2,83
23605;709;3,04
23606;708;2,94
23608;710;3,14
23609;709;3,04
23610;709;3,04
23612;709;3,04
23613;707;2,83
23614;707;2,83
23616;709;3,04
23617;710;3,14
23618;707;2,83
23619;707;2,83
23621;706;2,73
23622;707;2,83
23623;707;2,83
23625;707;2,83
23626;708;2,94
23627;707;2,83
23629;706;2,73
23630;707;2,83
23631;707;2,83
23633;708;2,94
23634;708;2,94
23635;708;2,94
23638;707;2,83
23639;708;2,94
23640;708;2,94
23642;709;3,04
23643;708;2,94
23644;707;2,83
23646;707;2,83
23647;707;2,83
23648;707;2,83
23650;709;3,04
23651;708;2,94
23652;707;2,83
23654;709;3,04
23655;707;2,83
23656;707;2,83
23658;708;2,94
23659;707;2,83
23660;709;3,04
23662;709;3,04
23663;711;3,24
23664;708;2,94
23666;708;2,94
23667;707;2,83
23668;706;2,73
23670;708;2,94
23671;708;2,94
23672;709;3,04
23674;711;3,24
23675;709;3,04
23676;708;2,94
23678;708;2,94
23680;708;2,94
23681;709;3,04
23683;708;2,94
23684;709;3,04
23685;710;3,14
23687;711;3,24
23688;708;2,94
23689;708;2,94
23691;708;2,94
23692;707;2,83
23693;708;2,94
23695;708;2,94
23696;708;2,94
23697;709;3,04
23699;708;2,94
23700;707;2,83
23701;709;3,04
23703;710;3,14
23704;709;3,04
23705;709;3,04
23706;710;3,14
23708;709;3,04
23709;710;3,14
23710;708;2,94
23712;707;2,83
23713;707;2,83
23714;711;3,24
23716;707;2,83
23717;709;3,04
23718;709;3,04
23720;707;2,83
23721;712;3,34
23723;708;2,94
23725;708;2,94
23726;710;3,14
23727;710;3,14
23729;709;3,04
23730;710;3,14
23731;710;3,14
23733;708;2,94
23734;709;3,04
23735;710;3,14
23737;709;3,04
23738;709;3,04
23739;710;3,14
23741;708;2,94
23742;709;3,04
23743;709;3,04
23745;708;2,94
23746;710;3,14
23747;708;2,94
23749;708;2,94
23750;710;3,14
23751;709;3,04
23753;708;2,94
23754;709;3,04
23755;708;2,94
23757;709;3,04
23758;708;2,94
23759;708;2,94
23761;708;2,94
23762;710;3,14
23763;708;2,94
23766;709;3,04
23767;710;3,14
23768;710;3,14
23770;709;3,04
23771;710;3,14
23772;711;3,24
23774;708;2,94
23775;713;3,44
23776;711;3,24
23778;710;3,14
23779;711;3,24
23780;712;3,34
23782;711;3,24
23783;710;3,14
23784;712;3,34
23786;710;3,14
23787;710;3,14
23788;712;3,34
23790;711;3,24
23791;711;3,24
23792;711;3,24
23793;711;3,24
23795;712;3,34
23796;713;3,44
23797;709;3,04
23799;711;3,24
23800;709;3,04
23801;710;3,14
23803;709;3,04
23804;711;3,24
23805;709;3,04
23808;712;3,34
23809;710;3,14
23810;709;3,04
23812;709;3,04
23813;710;3,14
23814;709;3,04
23816;710;3,14
23817;709;3,04
23818;708;2,94
23820;709;3,04
23821;710;3,14
23822;709;3,04
23824;709;3,04
23825;710;3,14
23826;707;2,83
23828;709;3,04
23829;707;2,83
23830;709;3,04
23832;709;3,04
23833;709;3,04
23834;707;2,83
23836;707;2,83
23837;707;2,83
23838;707;2,83
23840;708;2,94
23841;706;2,73
23842;706;2,73
23844;709;3,04
23845;707;2,83
23846;707;2,83
23848;707;2,83
23849;707;2,83
23851;708;2,94
23853;709;3,04
23854;709;3,04
23855;709;3,04
23857;709;3,04
23858;710;3,14
23859;711;3,24
23861;710;3,14
23862;711;3,24
23863;710;3,14
23865;711;3,24
23866;712;3,34
23867;711;3,24
23869;712;3,34
23870;712;3,34
23871;711;3,24
23873;712;3,34
23874;712;3,34
23875;711;3,24
23877;711;3,24
23878;712;3,34
23879;712;3,34
23880;712;3,34
23882;713;3,44
23883;711;3,24
23884;711;3,24
23886;714;3,54
23887;711;3,24
23888;710;3,14
23890;712;3,34
23891;710;3,14
23892;710;3,14
23895;711;3,24
23896;708;2,94
23897;709;3,04
23899;708;2,94
23900;707;2,83
23901;706;2,73
23903;707;2,83
23904;707;2,83
23905;709;3,04
23907;707;2,83
23908;705;2,63
23909;706;2,73
23911;707;2,83
23912;706;2,73
23913;707;2,83
23915;707;2,83
23916;705;2,63
23917;706;2,73
23919;707;2,83
23920;705;2,63
23921;706;2,73
23923;706;2,73
23924;705;2,63
23925;705;2,63
23927;705;2,63
23928;704;2,53
23929;705;2,63
23931;704;2,53
23932;704;2,53
23933;706;2,73
23936;706;2,73
23937;704;2,53
23938;706;2,73
23940;705;2,63
23941;703;2,43
23942;706;2,73
23944;703;2,43
23945;701;2,23
23946;701;2,23
23948;702;2,33
23949;701;2,23
23950;700;2,13
23952;699;2,03
23953;696;1,73
23954;699;2,03
23956;696;1,73
23957;695;1,63
23958;695;1,63
23960;696;1,73
23961;693;1,43
23962;695;1,63
23964;696;1,73
23965;692;1,32
23966;693;1,43
23967;690;1,12
23969;691;1,22
23970;691;1,22
23971;691;1,22
23973;691;1,22
23974;691;1,22
23975;693;1,43
23977;691;1,22
23979;691;1,22
23980;692;1,32
23982;691;1,22
23983;692;1,32
23984;694;1,53
23986;694;1,53
23987;693;1,43
23988;697;1,83
23990;695;1,63
23991;695;1,63
23992;697;1,83
23994;696;1,73
23995;697;1,83
23996;699;2,03
23998;699;2,03
23999;699;2,03
24000;700;2,13
24002;699;2,03
24003;701;2,23
24004;700;2,13
24006;701;2,23
24007;702;2,33
24008;703;2,43
24010;702;2,33
24011;705;2,63
24012;703;2,43
24014;703;2,43
24015;705;2,63
24016;704;2,53
24018;704;2,53
24019;706;2,73
24020;706;2,73
24023;703;2,43
24024;706;2,73
24025;707;2,83
24027;706;2,73
24028;707;2,83
24029;707;2,83
24031;706;2,73
24032;707;2,83
24033;707;2,83
24035;708;2,94
24036;707;2,83
24037;706;2,73
24039;707;2,83
24040;706;2,73
24041;706;2,73
24043;708;2,94
24044;706;2,73
24045;707;2,83
24047;706;2,73
24048;706;2,73
24049;707;2,83
24051;707;2,83
24052;706;2,73
24053;707;2,83
24054;706;2,73
24056;706;2,73
24057;705;2,63
24058;706;2,73
24060;707;2,83
24061;707;2,83
24062;707;2,83
24065;707;2,83
24066;707;2,83
24067;705;2,63
24069;706;2,73
24070;705;2,63
24071;706;2,73
24073;706;2,73
24074;705;2,63
24075;704;2,53
24077;705;2,63
24078;705;2,63
24079;705;2,63
24081;705;2,63
24082;704;2,53
24083;703;2,43
24085;703;2,43
24086;704;2,53
24087;701;2,23
24089;703;2,43
24090;705;2,63
24091;702;2,33
24093;703;2,43
24094;701;2,23
24095;700;2,13
24097;700;2,13
24098;700;2,13
24099;699;2,03
24101;699;2,03
24102;699;2,03
24103;700;2,13
24105;698;1,93
24107;700;2,13
24108;697;1,83
24110;699;2,03
24111;696;1,73
24112;696;1,73
24114;697;1,83
24115;697;1,83
24116;695;1,63
24118;696;1,73
24119;697;1,83
24120;695;1,63
24122;695;1,63
24123;695;1,63
24124;696;1,73
24126;695;1,63
24127;694;1,53
24128;693;1,43
24130;693;1,43
24131;695;1,63
24132;693;1,43
24134;693;1,43
24135;692;1,32
24136;693;1,43
24138;693;1,43
24139;692;1,32
24140;691;1,22
24141;691;1,22
24143;692;1,32
24144;689;1,02
24145;691;1,22
24147;690;1,12
24148;690;1,12
24150;689;1,02
24152;689;1,02
24153;689;1,02
24154;691;1,22
24156;691;1,22
24157;688;0,92
24158;689;1,02
24160;689;1,02
24161;687;0,82
24162;690;1,12
24164;690;1,12
24165;690;1,12
24166;689;1,02
24168;686;0,72
24169;686;0,72
24170;687;0,82
24172;691;1,22
24173;687;0,82
24174;688;0,92
24176;688;0,92
24177;687;0,82
24178;686;0,72
24180;685;0,62
24181;686;0,72
24182;687;0,82
24184;690;1,12
24185;686;0,72
24186;687;0,82
24188;690;1,12
24189;686;0,72
24190;688;0,92
24193;689;1,02
24194;689;1,02
24195;687;0,82
24197;689;1,02
24198;687;0,82
24199;689;1,02
24201;686;0,72
24202;687;0,82
24203;687;0,82
24205;686;0,72
24206;687;0,82
24207;687;0,82
24209;690;1,12
24210;685;0,62
24211;688;0,92
24213;687;0,82
24214;687;0,82
24215;687;0,82
24217;688;0,92
24218;686;0,72
24219;687;0,82
24221;688;0,92
24222;687;0,82
24223;686;0,72
24225;683;0,42
24226;685;0,62
24227;685;0,62
24228;686;0,72
24230;687;0,82
24231;686;0,72
24232;688;0,92
24235;686;0,72
24236;687;0,82
24237;686;0,72
24239;683;0,42
24240;685;0,62
24241;686;0,72
24243;686;0,72
24244;685;0,62
24245;685;0,62
24247;685;0,62
24248;685;0,62
24249;686;0,72
24251;684;0,52
24252;684;0,52
24253;685;0,62
24255;685;0,62
24256;684;0,52
24257;687;0,82
24259;685;0,62
24260;686;0,72
24261;686;0,72
24263;686;0,72
24264;684;0,52
24265;685;0,62
24267;684;0,52
24268;684;0,52
24269;685;0,62
24271;685;0,62
24272;685;0,62
24273;686;0,72
24275;686;0,72
24276;687;0,82
24278;688;0,92
24280;685;0,62
24281;684;0,52
24282;684;0,52
24284;684;0,52
24285;686;0,72
24286;684;0,52
24288;685;0,62
24289;687;0,82
24290;686;0,72
24292;686;0,72
24293;685;0,62
24294;688;0,92
24296;684;0,52
24297;684;0,52
24298;685;0,62
24300;683;0,42
24301;684;0,52
24302;684;0,52
24304;685;0,62
24305;685;0,62
24306;683;0,42
24308;684;0,52
24309;683;0,42
24310;685;0,62
24312;684;0,52
24313;683;0,42
24314;682;0,32
24316;682;0,32
24317;683;0,42
24318;686;0,72
24320;684;0,52
24322;683;0,42
24323;684;0,52
24324;682;0,32
24326;683;0,42
24327;684;0,52
24328;683;0,42
24330;683;0,42
24331;684;0,52
24332;686;0,72
24334;683;0,42
24335;683;0,42
24336;683;0,42
24338;682;0,32
24339;682;0,32
24340;682;0,32
24342;682;0,32
24343;682;0,32
24344;681;0,22
24346;682;0,32
24347;680;0,12
24348;678;0,00
24350;683;0,42
24351;681;0,22
24352;679;0,02
24354;680;0,12
24355;679;0,02
24356;678;0,00
24358;677;0,00
24359;678;0,00
24360;678;0,00
24363;678;0,00
24364;678;0,00
24365;677;0,00
24367;677;0,00
24368;677;0,00
24369;675;0,00
24371;677;0,00
24372;675;0,00
24373;675;0,00
24375;674;0,00
24376;675;0,00
24377;675;0,00
24379;676;0,00
24380;676;0,00
24381;674;0,00
24383;676;0,00
24384;674;0,00
24385;673;0,00
24387;673;0,00
24388;675;0,00
24389;674;0,00
24391;674;0,00
24392;675;0,00
24393;674;0,00
24395;673;0,00
24396;676;0,00
24397;675;0,00
24399;672;0,00
24400;675;0,00
24401;672;0,00
24403;673;0,00
24404;673;0,00
24406;675;0,00
24407;673;0,00
24409;675;0,00
24410;673;0,00
24411;673;0,00
24413;674;0,00
24414;673;0,00
24415;676;0,00
24417;674;0,00
24418;676;0,00
24419;674;0,00
24421;674;0,00
24422;674;0,00
24423;674;0,00
24425;675;0,00
24426;676;0,00
24427;676;0,00
24429;675;0,00
24430;674;0,00
24431;674;0,00
24433;676;0,00
24434;674;0,00
24435;675;0,00
24437;676;0,00
24438;676;0,00
24439;676;0,00
24441;674;0,00
24442;677;0,00
24443;677;0,00
24445;681;0,22
24446;676;0,00
24448;676;0,00
24450;679;0,02
24451;676;0,00
24452;678;0,00
24454;676;0,00
24455;677;0,00
24456;679;0,02
24458;679;0,02
24459;678;0,00
24460;680;0,12
24462;679;0,02
24463;677;0,00
24464;678;0,00
24466;680;0,12
24467;678;0,00
24468;678;0,00
24470;678;0,00
24471;682;0,32
24472;680;0,12
24474;679;0,02
24475;679;0,02
24476;680;0,12
24478;679;0,02
24479;680;0,12
24480;682;0,32
24482;681;0,22
24483;678;0,00
24484;680;0,12
24486;682;0,32
24487;681;0,22
24488;681;0,22
24489;682;0,32
24492;679;0,02
24493;682;0,32
24494;682;0,32
24496;681;0,22
24497;681;0,22
