Tempo(ms);ADC_Bruto;Forca(kg)
999;678;0,00
1000;681;0,22
1001;677;0,00
1002;676;0,00
1003;677;0,00
1004;682;0,32
1005;685;0,62
1006;680;0,12
1007;677;0,00
1008;677;0,00
1009;678;0,00
1010;678;0,00
1011;679;0,02
1012;678;0,00
1013;677;0,00
1014;677;0,00
1015;681;0,22
1016;678;0,00
1017;679;0,02
1018;678;0,00
1019;678;0,00
1020;681;0,22
1022;677;0,00
1024;677;0,00
1025;678;0,00
1026;683;0,42
1028;678;0,00
1029;679;0,02
1030;678;0,00
1031;679;0,02
1033;678;0,00
1034;677;0,00
1035;678;0,00
1036;682;0,32
1037;677;0,00
1039;677;0,00
1040;679;0,02
1041;678;0,00
1042;678;0,00
1044;680;0,12
1045;678;0,00
1046;677;0,00
1047;679;0,02
1049;678;0,00
1050;680;0,12
1051;679;0,02
1052;678;0,00
1054;679;0,02
1055;678;0,00
1056;678;0,00
1057;678;0,00
1059;681;0,22
1060;677;0,00
1061;677;0,00
1062;677;0,00
1064;680;0,12
1065;680;0,12
1067;677;0,00
1068;678;0,00
1070;677;0,00
1071;676;0,00
1072;676;0,00
1073;681;0,22
1075;678;0,00
1076;680;0,12
1077;683;0,42
1078;678;0,00
1080;678;0,00
1081;678;0,00
1082;679;0,02
1083;679;0,02
1085;678;0,00
1086;678;0,00
1087;680;0,12
1088;681;0,22
1090;678;0,00
1091;678;0,00
1092;677;0,00
1093;677;0,00
1095;681;0,22
1096;678;0,00
1097;679;0,02
1098;679;0,02
1100;677;0,00
1101;681;0,22
1102;680;0,12
1103;678;0,00
1104;677;0,00
1106;680;0,12
1107;681;0,22
1108;679;0,02
1110;679;0,02
1112;681;0,22
1113;678;0,00
1114;679;0,02
1115;678;0,00
1117;680;0,12
1118;676;0,00
1119;678;0,00
1120;677;0,00
1122;677;0,00
1123;678;0,00
1124;682;0,32
1125;680;0,12
1127;676;0,00
1128;678;0,00
1129;678;0,00
1130;680;0,12
1132;679;0,02
1133;677;0,00
1134;678;0,00
1135;679;0,02
1137;678;0,00
1138;679;0,02
1139;677;0,00
1140;679;0,02
1142;678;0,00
1143;679;0,02
1144;677;0,00
1145;678;0,00
1147;678;0,00
1148;678;0,00
1149;677;0,00
1150;681;0,22
1153;678;0,00
1154;679;0,02
1155;678;0,00
1156;679;0,02
1158;678;0,00
1159;676;0,00
1160;683;0,42
1161;677;0,00
1163;679;0,02
1164;678;0,00
1165;678;0,00
1166;676;0,00
1167;679;0,02
1169;679;0,02
1170;682;0,32
1171;678;0,00
1172;678;0,00
1174;676;0,00
1175;678;0,00
1176;679;0,02
1177;678;0,00
1179;678;0,00
1180;679;0,02
1181;678;0,00
1182;681;0,22
1184;678;0,00
1185;678;0,00
1186;679;0,02
1187;676;0,00
1189;682;0,32
1190;678;0,00
1191;677;0,00
1192;678;0,00
1195;677;0,00
1196;678;0,00
1197;678;0,00
1198;678;0,00
1200;681;0,22
1201;678;0,00
1202;681;0,22
1203;677;0,00
1205;679;0,02
1206;678;0,00
1207;682;0,32
1208;678;0,00
1210;677;0,00
1211;679;0,02
1212;679;0,02
1213;679;0,02
1215;683;0,42
1216;679;0,02
1217;678;0,00
1218;680;0,12
1220;678;0,00
1221;679;0,02
1222;677;0,00
1223;682;0,32
1225;683;0,42
1226;679;0,02
1227;678;0,00
1228;676;0,00
1230;678;0,00
1231;676;0,00
1232;679;0,02
1233;677;0,00
1234;679;0,02
1236;677;0,00
1238;677;0,00
1239;679;0,02
1240;676;0,00
1242;677;0,00
1243;677;0,00
1244;678;0,00
1245;679;0,02
1247;680;0,12
1248;678;0,00
1249;677;0,00
1250;679;0,02
1252;680;0,12
1253;676;0,00
1254;678;0,00
1255;679;0,02
1257;679;0,02
1258;678;0,00
1259;678;0,00
1260;678;0,00
1262;678;0,00
1263;675;0,00
1264;677;0,00
1265;678;0,00
1267;677;0,00
1268;678;0,00
1269;678;0,00
1270;678;0,00
1272;678;0,00
1273;678;0,00
1274;680;0,12
1275;679;0,02
1277;678;0,00
1278;677;0,00
1280;678;0,00
1281;678;0,00
1283;680;0,12
1284;679;0,02
1285;678;0,00
1286;678;0,00
1288;678;0,00
1289;681;0,22
1290;679;0,02
1291;677;0,00
1293;679;0,02
1294;680;0,12
1295;678;0,00
1296;679;0,02
1297;680;0,12
1299;680;0,12
1300;679;0,02
1301;677;0,00
1302;677;0,00
1304;679;0,02
1305;679;0,02
1306;678;0,00
1307;678;0,00
1309;678;0,00
1310;678;0,00
1311;679;0,02
1312;681;0,22
1314;680;0,12
1315;680;0,12
1316;679;0,02
1317;683;0,42
1319;678;0,00
1320;679;0,02
1321;677;0,00
1323;680;0,12
1325;678;0,00
1326;679;0,02
1327;677;0,00
1328;683;0,42
1330;680;0,12
1331;677;0,00
1332;676;0,00
1333;677;0,00
1335;677;0,00
1336;677;0,00
1337;679;0,02
1338;677;0,00
1340;679;0,02
1341;679;0,02
1342;679;0,02
1343;679;0,02
1345;680;0,12
1346;679;0,02
1347;678;0,00
1348;679;0,02
1350;679;0,02
1351;678;0,00
1352;679;0,02
1353;678;0,00
1355;679;0,02
1356;678;0,00
1357;679;0,02
1358;677;0,00
1359;682;0,32
1361;679;0,02
1362;678;0,00
1363;682;0,32
1364;679;0,02
1367;678;0,00
1368;678;0,00
1369;679;0,02
1370;680;0,12
1372;682;0,32
1373;679;0,02
1374;677;0,00
1375;678;0,00
1377;679;0,02
1378;680;0,12
1379;676;0,00
1380;678;0,00
1382;678;0,00
1383;678;0,00
1384;683;0,42
1385;678;0,00
1387;682;0,32
1388;678;0,00
1389;677;0,00
1390;678;0,00
1392;678;0,00
1393;682;0,32
1394;679;0,02
1395;679;0,02
1397;678;0,00
1398;678;0,00
1399;677;0,00
1400;678;0,00
1402;682;0,32
1403;678;0,00
1404;679;0,02
1405;679;0,02
1408;678;0,00
1409;679;0,02
1410;682;0,32
1411;678;0,00
1413;678;0,00
1414;679;0,02
1415;678;0,00
1416;678;0,00
1418;678;0,00
1419;679;0,02
1420;681;0,22
1421;680;0,12
1423;683;0,42
1424;680;0,12
1425;679;0,02
1426;679;0,02
1427;679;0,02
1429;679;0,02
1430;679;0,02
1431;677;0,00
1432;678;0,00
1434;679;0,02
1435;679;0,02
1436;683;0,42
1437;682;0,32
1439;679;0,02
1440;678;0,00
1441;681;0,22
1442;678;0,00
1444;678;0,00
1445;679;0,02
1446;680;0,12
1447;679;0,02
1449;680;0,12
1451;677;0,00
1452;678;0,00
1453;678;0,00
1455;677;0,00
1456;683;0,42
1457;680;0,12
1458;678;0,00
1460;679;0,02
1461;678;0,00
1462;679;0,02
1463;678;0,00
1465;680;0,12
1466;678;0,00
1467;678;0,00
1468;680;0,12
1470;678;0,00
1471;680;0,12
1472;679;0,02
1473;679;0,02
1475;681;0,22
1476;679;0,02
1477;678;0,00
1478;679;0,02
1480;679;0,02
1481;677;0,00
1482;678;0,00
1483;678;0,00
1485;678;0,00
1486;677;0,00
1487;678;0,00
1488;678;0,00
1490;678;0,00
1491;677;0,00
1492;678;0,00
1494;680;0,12
1495;680;0,12
1497;678;0,00
1498;678;0,00
1499;681;0,22
1500;678;0,00
1502;678;0,00
1503;676;0,00
1504;678;0,00
1505;677;0,00
1507;678;0,00
1508;678;0,00
1509;683;0,42
1510;680;0,12
1512;678;0,00
1513;679;0,02
1514;678;0,00
1515;677;0,00
1517;679;0,02
1518;678;0,00
1519;679;0,02
1520;678;0,00
1522;679;0,02
1523;679;0,02
1524;680;0,12
1525;679;0,02
1527;683;0,42
1528;681;0,22
1529;678;0,00
1530;679;0,02
1532;680;0,12
1533;678;0,00
1534;677;0,00
1536;676;0,00
1538;676;0,00
1539;680;0,12
1540;678;0,00
1541;678;0,00
1543;681;0,22
1544;681;0,22
1545;679;0,02
1546;679;0,02
1548;679;0,02
1549;677;0,00
1550;681;0,22
1551;679;0,02
1553;678;0,00
1554;678;0,00
1555;679;0,02
1556;677;0,00
1557;677;0,00
1559;679;0,02
1560;680;0,12
1561;676;0,00
1562;679;0,02
1564;678;0,00
1565;677;0,00
1566;677;0,00
1567;677;0,00
1569;681;0,22
1570;678;0,00
1571;677;0,00
1572;679;0,02
1574;680;0,12
1575;680;0,12
1576;677;0,00
1577;677;0,00
1580;684;0,52
1581;679;0,02
1582;679;0,02
1583;680;0,12
1585;682;0,32
1586;676;0,00
1587;679;0,02
1588;678;0,00
1590;683;0,42
1591;682;0,32
1592;679;0,02
1593;679;0,02
1595;677;0,00
1596;681;0,22
1597;678;0,00
1598;680;0,12
1600;681;0,22
1601;677;0,00
1602;677;0,00
1603;679;0,02
1605;679;0,02
1606;678;0,00
1607;680;0,12
1608;677;0,00
1610;679;0,02
1611;677;0,00
1612;680;0,12
1613;682;0,32
1615;680;0,12
1616;680;0,12
1617;680;0,12
1618;677;0,00
1620;679;0,02
1622;680;0,12
1623;678;0,00
1624;677;0,00
1625;677;0,00
1627;679;0,02
1628;677;0,00
1629;678;0,00
1630;678;0,00
1632;681;0,22
1633;683;0,42
1634;678;0,00
1635;677;0,00
1637;679;0,02
1638;679;0,02
1639;677;0,00
1640;677;0,00
1642;679;0,02
1643;678;0,00
1644;678;0,00
1645;681;0,22
1647;679;0,02
1648;677;0,00
1649;678;0,00
1650;679;0,02
1652;678;0,00
1653;678;0,00
1654;680;0,12
1655;676;0,00
1657;677;0,00
1658;679;0,02
1659;678;0,00
1660;677;0,00
1662;683;0,42
1664;678;0,00
1665;681;0,22
1666;678;0,00
1668;679;0,02
1669;679;0,02
1670;679;0,02
1671;676;0,00
1673;678;0,00
1674;679;0,02
1675;679;0,02
1676;678;0,00
1678;683;0,42
1679;677;0,00
1680;681;0,22
1681;678;0,00
1683;681;0,22
1684;680;0,12
1685;677;0,00
1686;678;0,00
1687;677;0,00
1689;679;0,02
1690;681;0,22
1691;679;0,02
1692;680;0,12
1694;677;0,00
1695;682;0,32
1696;678;0,00
1697;681;0,22
1699;677;0,00
1700;678;0,00
1701;678;0,00
1702;678;0,00
1704;682;0,32
1705;678;0,00
1707;678;0,00
1708;683;0,42
1710;678;0,00
1711;677;0,00
1712;679;0,02
1713;677;0,00
1715;676;0,00
1716;679;0,02
1717;680;0,12
1718;681;0,22
1720;679;0,02
1721;679;0,02
1722;680;0,12
1723;678;0,00
1725;679;0,02
1726;678;0,00
1727;678;0,00
1728;678;0,00
1730;679;0,02
1731;680;0,12
1732;678;0,00
1733;681;0,22
1735;679;0,02
1736;681;0,22
1737;678;0,00
1738;678;0,00
1740;678;0,00
1741;678;0,00
1742;678;0,00
1743;683;0,42
1745;676;0,00
1746;677;0,00
1747;677;0,00
1748;677;0,00
1751;679;0,02
1752;679;0,02
1753;676;0,00
1754;677;0,00
1755;678;0,00
1757;679;0,02
1758;678;0,00
1759;684;0,52
1760;681;0,22
1762;679;0,02
1763;680;0,12
1764;679;0,02
1765;677;0,00
1767;677;0,00
1768;679;0,02
1769;679;0,02
1770;680;0,12
1772;679;0,02
1773;678;0,00
1774;678;0,00
1775;681;0,22
1777;678;0,00
1778;680;0,12
1779;678;0,00
1780;682;0,32
1782;678;0,00
1783;682;0,32
1784;678;0,00
1785;678;0,00
1787;677;0,00
1788;681;0,22
1789;677;0,00
1790;679;0,02
1793;679;0,02
1794;681;0,22
1795;677;0,00
1796;678;0,00
1798;680;0,12
1799;680;0,12
1800;678;0,00
1801;677;0,00
1803;683;0,42
1804;677;0,00
1805;678;0,00
1806;679;0,02
1808;681;0,22
1809;678;0,00
1810;679;0,02
1811;678;0,00
1813;676;0,00
1814;677;0,00
1815;677;0,00
1816;681;0,22
1818;678;0,00
1819;679;0,02
1820;680;0,12
1821;677;0,00
1822;678;0,00
1824;678;0,00
1825;678;0,00
1826;678;0,00
1827;678;0,00
1829;681;0,22
1830;677;0,00
1831;678;0,00
1832;679;0,02
1835;682;0,32
1836;678;0,00
1837;679;0,02
1838;679;0,02
1840;680;0,12
1841;681;0,22
1842;679;0,02
1843;680;0,12
1845;682;0,32
1846;679;0,02
1847;682;0,32
1848;678;0,00
1850;677;0,00
1851;678;0,00
1852;678;0,00
1853;678;0,00
1855;678;0,00
1856;677;0,00
1857;678;0,00
1858;678;0,00
1860;683;0,42
1861;679;0,02
1862;678;0,00
1863;678;0,00
1865;681;0,22
1866;679;0,02
1867;680;0,12
1868;679;0,02
1870;676;0,00
1871;677;0,00
1872;677;0,00
1873;678;0,00
1875;681;0,22
1876;678;0,00
1878;679;0,02
1879;678;0,00
1881;677;0,00
1882;678;0,00
1883;679;0,02
1884;677;0,00
1885;681;0,22
1887;679;0,02
1888;679;0,02
1889;680;0,12
1890;678;0,00
1892;682;0,32
1893;681;0,22
1894;682;0,32
1895;678;0,00
1897;679;0,02
1898;684;0,52
1899;678;0,00
1900;677;0,00
1902;678;0,00
1903;680;0,12
1904;679;0,02
1905;679;0,02
1907;679;0,02
1908;678;0,00
1909;678;0,00
1910;679;0,02
1912;682;0,32
1913;679;0,02
1914;677;0,00
1915;679;0,02
1917;678;0,00
1918;678;0,00
1920;678;0,00
1921;678;0,00
1923;677;0,00
1924;681;0,22
1925;680;0,12
1926;677;0,00
1928;678;0,00
1929;680;0,12
1930;678;0,00
1931;679;0,02
1933;679;0,02
1934;679;0,02
1935;680;0,12
1936;676;0,00
1938;681;0,22
1939;677;0,00
1940;680;0,12
1941;678;0,00
1943;677;0,00
1944;680;0,12
1945;683;0,42
1946;681;0,22
1948;678;0,00
1949;678;0,00
1950;682;0,32
1951;678;0,00
1952;680;0,12
1954;678;0,00
1955;678;0,00
1956;678;0,00
1957;677;0,00
1959;679;0,02
1960;679;0,02
1961;677;0,00
1963;678;0,00
1965;677;0,00
1966;681;0,22
1967;679;0,02
1968;677;0,00
1970;679;0,02
1971;678;0,00
1972;676;0,00
1973;678;0,00
1975;678;0,00
1976;681;0,22
1977;678;0,00
1978;678;0,00
1980;680;0,12
1981;681;0,22
1982;678;0,00
1983;677;0,00
1985;678;0,00
1986;677;0,00
1987;680;0,12
1988;679;0,02
1990;679;0,02
1991;679;0,02
1992;678;0,00
1993;679;0,02
1995;677;0,00
1996;678;0,00
1997;679;0,02
1998;681;0,22
2000;678;0,00
2001;679;0,02
2002;680;0,12
2003;683;0,42
2006;682;0,32
2007;682;0,32
2008;679;0,02
2009;677;0,00
2011;679;0,02
2012;678;0,00
2013;682;0,32
2014;678;0,00
2015;684;0,52
2017;679;0,02
2018;677;0,00
2019;677;0,00
2020;678;0,00
2022;682;0,32
2023;679;0,02
2024;678;0,00
2025;677;0,00
2027;678;0,00
2028;682;0,32
2029;678;0,00
2030;676;0,00
2032;678;0,00
2033;680;0,12
2034;681;0,22
2035;676;0,00
2037;684;0,52
2038;683;0,42
2039;679;0,02
2040;680;0,12
2042;678;0,00
2043;679;0,02
2044;677;0,00
2045;679;0,02
2048;679;0,02
2049;679;0,02
2050;682;0,32
2051;680;0,12
2053;679;0,02
2054;681;0,22
2055;678;0,00
2056;679;0,02
2058;679;0,02
2059;677;0,00
2060;679;0,02
2061;678;0,00
2063;680;0,12
2064;682;0,32
2065;679;0,02
2066;677;0,00
2068;678;0,00
2069;678;0,00
2070;679;0,02
2071;679;0,02
2073;683;0,42
2074;678;0,00
2075;677;0,00
2076;679;0,02
2078;679;0,02
2079;678;0,00
2080;678;0,00
2081;681;0,22
2082;678;0,00
2084;679;0,02
2085;679;0,02
2086;679;0,02
2087;677;0,00
2089;677;0,00
2091;677;0,00
2092;680;0,12
2093;679;0,02
2095;681;0,22
2096;678;0,00
2097;680;0,12
2098;677;0,00
2100;678;0,00
2101;677;0,00
2102;681;0,22
2103;676;0,00
2105;677;0,00
2106;677;0,00
2107;678;0,00
2108;678;0,00
2110;678;0,00
2111;678;0,00
2112;677;0,00
2113;682;0,32
2115;676;0,00
2116;678;0,00
2117;679;0,02
2118;677;0,00
2120;678;0,00
2121;682;0,32
2122;678;0,00
2123;678;0,00
2125;679;0,02
2126;678;0,00
2127;676;0,00
2128;678;0,00
2130;678;0,00
2131;678;0,00
2132;680;0,12
2134;683;0,42
2136;678;0,00
2137;680;0,12
2138;678;0,00
2139;679;0,02
2141;678;0,00
2142;679;0,02
2143;677;0,00
2144;680;0,12
2145;679;0,02
2147;679;0,02
2148;676;0,00
2149;679;0,02
2150;682;0,32
2152;679;0,02
2153;677;0,00
2154;682;0,32
2155;680;0,12
2157;677;0,00
2158;678;0,00
2159;679;0,02
2160;679;0,02
2162;678;0,00
2163;677;0,00
2164;679;0,02
2165;679;0,02
2167;678;0,00
2168;678;0,00
2169;681;0,22
2170;680;0,12
2172;677;0,00
2173;680;0,12
2174;678;0,00
2176;678;0,00
2178;678;0,00
2179;679;0,02
2180;678;0,00
2181;678;0,00
2183;678;0,00
2184;677;0,00
2185;678;0,00
2186;680;0,12
2188;679;0,02
2189;681;0,22
2190;678;0,00
2191;681;0,22
2193;677;0,00
2194;678;0,00
2195;678;0,00
2196;678;0,00
2198;679;0,02
2199;680;0,12
2200;679;0,02
2201;678;0,00
2203;677;0,00
2204;678;0,00
2205;678;0,00
2206;679;0,02
2208;678;0,00
2209;678;0,00
2210;679;0,02
2211;677;0,00
2212;680;0,12
2214;678;0,00
2215;682;0,32
2216;681;0,22
2217;679;0,02
2220;679;0,02
2221;679;0,02
2222;676;0,00
2223;678;0,00
2225;678;0,00
2226;681;0,22
2227;679;0,02
2228;680;0,12
2230;678;0,00
2231;679;0,02
2232;678;0,00
2233;678;0,00
2235;678;0,00
2236;676;0,00
2237;679;0,02
2238;676;0,00
2240;679;0,02
2241;680;0,12
2242;681;0,22
2243;679;0,02
2245;681;0,22
2246;677;0,00
2247;678;0,00
2248;678;0,00
2250;679;0,02
2251;678;0,00
2252;681;0,22
2253;677;0,00
2255;678;0,00
2256;679;0,02
2257;679;0,02
2258;687;0,82
2260;677;0,00
2262;681;0,22
2263;679;0,02
2264;677;0,00
2266;679;0,02
2267;677;0,00
2268;679;0,02
2269;677;0,00
2271;678;0,00
2272;680;0,12
2273;679;0,02
2274;678;0,00
2275;678;0,00
2277;679;0,02
2278;683;0,42
2279;679;0,02
2280;681;0,22
2282;679;0,02
2283;677;0,00
2284;678;0,00
2285;677;0,00
2287;678;0,00
2288;678;0,00
2289;678;0,00
2290;678;0,00
2292;678;0,00
2293;679;0,02
2294;678;0,00
2295;678;0,00
2297;679;0,02
2298;680;0,12
2299;675;0,00
2300;677;0,00
2302;677;0,00
2304;679;0,02
2305;680;0,12
2306;680;0,12
2308;684;0,52
2309;678;0,00
2310;678;0,00
2311;679;0,02
2313;680;0,12
2314;678;0,00
2315;678;0,00
2316;682;0,32
2318;677;0,00
2319;680;0,12
2320;677;0,00
2321;679;0,02
2323;678;0,00
2324;682;0,32
2325;679;0,02
2326;676;0,00
2328;679;0,02
2329;682;0,32
2330;677;0,00
2331;678;0,00
2333;679;0,02
2334;677;0,00
2335;676;0,00
2336;678;0,00
2338;678;0,00
2339;681;0,22
2340;677;0,00
2341;679;0,02
2342;677;0,00
2344;679;0,02
2345;678;0,00
2347;679;0,02
2348;682;0,32
2350;679;0,02
2351;679;0,02
2352;682;0,32
2353;679;0,02
2355;680;0,12
2356;680;0,12
2357;679;0,02
2358;678;0,00
2360;679;0,02
2361;680;0,12
2362;678;0,00
2363;683;0,42
2365;680;0,12
2366;679;0,02
2367;681;0,22
2368;681;0,22
2370;676;0,00
2371;682;0,32
2372;678;0,00
2373;679;0,02
2375;680;0,12
2376;678;0,00
2377;682;0,32
2378;679;0,02
2380;678;0,00
2381;678;0,00
2382;682;0,32
2383;677;0,00
2385;678;0,00
2386;678;0,00
2387;681;0,22
2388;678;0,00
2391;677;0,00
2392;677;0,00
2393;677;0,00
2394;680;0,12
2396;677;0,00
2397;681;0,22
2398;678;0,00
2399;684;0,52
2401;678;0,00
2402;683;0,42
2403;677;0,00
2404;678;0,00
2405;677;0,00
2407;678;0,00
2408;680;0,12
2409;680;0,12
2410;682;0,32
2412;677;0,00
2413;677;0,00
2414;679;0,02
2415;679;0,02
2417;681;0,22
2418;680;0,12
2419;678;0,00
2420;681;0,22
2422;678;0,00
2423;677;0,00
2424;678;0,00
2425;678;0,00
2427;681;0,22
2428;678;0,00
2429;677;0,00
2430;679;0,02
2433;677;0,00
2434;680;0,12
2435;678;0,00
2436;676;0,00
2438;677;0,00
2439;677;0,00
2440;682;0,32
2441;678;0,00
2443;687;0,82
2444;678;0,00
2445;676;0,00
2446;679;0,02
2448;678;0,00
2449;682;0,32
2450;678;0,00
2451;680;0,12
2453;678;0,00
2454;677;0,00
2455;677;0,00
2456;678;0,00
2458;677;0,00
2459;680;0,12
2460;682;0,32
2461;678;0,00
2463;679;0,02
2464;680;0,12
2465;679;0,02
2466;679;0,02
2468;684;0,52
2469;679;0,02
2470;677;0,00
2471;679;0,02
2472;678;0,00
2475;679;0,02
2476;678;0,00
2477;677;0,00
2478;679;0,02
2480;679;0,02
2481;678;0,00
2482;678;0,00
2483;678;0,00
2485;684;0,52
2486;678;0,00
2487;683;0,42
2488;678;0,00
2490;680;0,12
2491;679;0,02
2492;677;0,00
2493;678;0,00
2495;679;0,02
2496;679;0,02
2497;681;0,22
2498;680;0,12
2500;679;0,02
2501;678;0,00
2502;677;0,00
2503;679;0,02
2505;678;0,00
2506;679;0,02
2507;678;0,00
2508;676;0,00
2510;684;0,52
2511;678;0,00
2512;678;0,00
2513;677;0,00
2515;683;0,42
2516;678;0,00
2518;677;0,00
2519;678;0,00
2521;679;0,02
2522;677;0,00
2523;680;0,12
2524;679;0,02
2526;677;0,00
2527;681;0,22
2528;678;0,00
2529;677;0,00
2531;678;0,00
2532;679;0,02
2533;678;0,00
2534;678;0,00
2535;681;0,22
2537;681;0,22
2538;680;0,12
2539;679;0,02
2540;676;0,00
2542;677;0,00
2543;679;0,02
2544;676;0,00
2545;679;0,02
2547;678;0,00
2548;679;0,02
2549;676;0,00
2550;678;0,00
2552;678;0,00
2553;677;0,00
2554;679;0,02
2555;678;0,00
2557;684;0,52
2558;679;0,02
2560;678;0,00
2561;678;0,00
2563;683;0,42
2564;681;0,22
2565;679;0,02
2566;679;0,02
2568;677;0,00
2569;678;0,00
2570;677;0,00
2571;679;0,02
2573;682;0,32
2574;678;0,00
2575;678;0,00
2576;679;0,02
2578;679;0,02
2579;678;0,00
2580;677;0,00
2581;678;0,00
2583;679;0,02
2584;678;0,00
2585;678;0,00
2586;680;0,12
2588;679;0,02
2589;676;0,00
2590;676;0,00
2591;680;0,12
2593;682;0,32
2594;677;0,00
2595;679;0,02
2596;679;0,02
2598;679;0,02
2599;678;0,00
2600;677;0,00
2601;678;0,00
2603;678;0,00
2605;679;0,02
2606;679;0,02
2607;680;0,12
2608;677;0,00
2610;682;0,32
2611;679;0,02
2612;678;0,00
2613;676;0,00
2615;678;0,00
2616;680;0,12
2617;680;0,12
2618;677;0,00
2620;680;0,12
2621;679;0,02
2622;678;0,00
2623;678;0,00
2625;677;0,00
2626;679;0,02
2627;678;0,00
2628;679;0,02
2630;677;0,00
2631;679;0,02
2632;677;0,00
2633;678;0,00
2635;677;0,00
2636;677;0,00
2637;682;0,32
2638;676;0,00
2640;679;0,02
2641;678;0,00
2642;682;0,32
2643;677;0,00
2646;677;0,00
2647;680;0,12
2648;678;0,00
2649;677;0,00
2651;679;0,02
2652;677;0,00
2653;677;0,00
2654;677;0,00
2656;679;0,02
2657;678;0,00
2658;678;0,00
2659;678;0,00
2661;680;0,12
2662;683;0,42
2663;678;0,00
2664;677;0,00
2666;678;0,00
2667;679;0,02
2668;682;0,32
2669;678;0,00
2670;678;0,00
2672;679;0,02
2673;677;0,00
2674;679;0,02
2675;677;0,00
2677;679;0,02
2678;679;0,02
2679;678;0,00
2680;676;0,00
2682;677;0,00
2683;678;0,00
2684;677;0,00
2685;678;0,00
2688;681;0,22
2689;679;0,02
2690;678;0,00
2691;677;0,00
2693;679;0,02
2694;678;0,00
2695;676;0,00
2696;679;0,02
2698;677;0,00
2699;678;0,00
2700;678;0,00
2701;679;0,02
2703;679;0,02
2704;679;0,02
2705;679;0,02
2706;679;0,02
2708;677;0,00
2709;680;0,12
2710;677;0,00
2711;679;0,02
2713;679;0,02
2714;681;0,22
2715;678;0,00
2716;678;0,00
2718;678;0,00
2719;680;0,12
2720;678;0,00
2721;678;0,00
2723;676;0,00
2724;676;0,00
2725;678;0,00
2726;678;0,00
2728;679;0,02
2729;679;0,02
2731;678;0,00
2732;679;0,02
2733;680;0,12
2735;678;0,00
2736;676;0,00
2737;679;0,02
2738;678;0,00
2740;677;0,00
2741;676;0,00
2742;677;0,00
2743;681;0,22
2745;678;0,00
2746;679;0,02
2747;681;0,22
2748;679;0,02
2750;680;0,12
2751;682;0,32
2752;681;0,22
2753;680;0,12
2755;679;0,02
2756;678;0,00
2757;678;0,00
2758;677;0,00
2760;680;0,12
2761;680;0,12
2762;680;0,12
2763;677;0,00
2765;679;0,02
2766;677;0,00
2767;678;0,00
2768;679;0,02
2770;681;0,22
2771;680;0,12
2772;682;0,32
2774;678;0,00
2776;678;0,00
2777;681;0,22
2778;679;0,02
2779;683;0,42
2781;679;0,02
2782;681;0,22
2783;678;0,00
2784;684;0,52
2786;679;0,02
2787;679;0,02
2788;681;0,22
2789;681;0,22
2791;678;0,00
2792;678;0,00
2793;678;0,00
2794;681;0,22
2796;677;0,00
2797;678;0,00
2798;678;0,00
2799;677;0,00
2800;676;0,00
2802;683;0,42
2803;678;0,00
2804;679;0,02
2805;677;0,00
2807;677;0,00
2808;680;0,12
2809;684;0,52
2810;677;0,00
2812;679;0,02
2813;680;0,12
2814;679;0,02
2816;680;0,12
2818;682;0,32
2819;676;0,00
2820;683;0,42
2821;679;0,02
2823;677;0,00
2824;678;0,00
2825;679;0,02
2826;678;0,00
2828;679;0,02
2829;682;0,32
2830;676;0,00
2831;677;0,00
2833;678;0,00
2834;680;0,12
2835;678;0,00
2836;680;0,12
2838;676;0,00
2839;678;0,00
2840;677;0,00
2841;679;0,02
2843;679;0,02
2844;680;0,12
2845;679;0,02
2846;677;0,00
2848;680;0,12
2849;681;0,22
2850;678;0,00
2851;679;0,02
2853;679;0,02
2854;677;0,00
2855;679;0,02
2856;681;0,22
2859;682;0,32
2860;678;0,00
2861;677;0,00
2862;677;0,00
2863;678;0,00
2865;681;0,22
2866;678;0,00
2867;678;0,00
2868;678;0,00
2870;684;0,52
2871;682;0,32
2872;677;0,00
2873;677;0,00
2875;682;0,32
2876;679;0,02
2877;681;0,22
2878;679;0,02
2880;683;0,42
2881;678;0,00
2882;680;0,12
2883;678;0,00
2885;677;0,00
2886;685;0,62
2887;683;0,42
2888;679;0,02
2890;677;0,00
2891;679;0,02
2892;683;0,42
2893;677;0,00
2895;676;0,00
2896;679;0,02
2897;678;0,00
2898;681;0,22
2900;678;0,00
2902;677;0,00
2903;677;0,00
2904;679;0,02
2906;682;0,32
2907;678;0,00
2908;677;0,00
2909;678;0,00
2911;678;0,00
2912;677;0,00
2913;679;0,02
2914;677;0,00
2916;678;0,00
2917;679;0,02
2918;679;0,02
2919;682;0,32
2921;679;0,02
2922;683;0,42
2923;680;0,12
2924;683;0,42
2926;679;0,02
2927;677;0,00
2928;677;0,00
2929;678;0,00
2930;680;0,12
2932;680;0,12
2933;679;0,02
2934;680;0,12
2935;678;0,00
2937;679;0,02
2938;678;0,00
2939;680;0,12
2940;680;0,12
2942;677;0,00
2944;679;0,02
2945;680;0,12
2946;683;0,42
2948;678;0,00
2949;678;0,00
2950;677;0,00
2951;678;0,00
2953;679;0,02
2954;680;0,12
2955;679;0,02
2956;678;0,00
2958;683;0,42
2959;676;0,00
2960;676;0,00
2961;680;0,12
2963;679;0,02
2964;682;0,32
2965;679;0,02
2966;678;0,00
2968;677;0,00
2969;678;0,00
2970;679;0,02
2971;677;0,00
2973;678;0,00
2974;677;0,00
2975;679;0,02
2976;678;0,00
2978;683;0,42
2979;680;0,12
2980;677;0,00
2981;680;0,12
2983;677;0,00
2984;679;0,02
2985;679;0,02
2987;681;0,22
2989;680;0,12
2990;678;0,00
2991;683;0,42
2992;677;0,00
2993;677;0,00
2995;682;0,32
2996;677;0,00
2997;676;0,00
2998;677;0,00
3000;679;0,02
3001;677;0,00
3002;678;0,00
3003;678;0,00
3005;682;0,32
3006;678;0,00
3007;677;0,00
3008;677;0,00
3010;678;0,00
3011;679;0,02
3012;678;0,00
3013;679;0,02
3015;680;0,12
3016;677;0,00
3017;679;0,02
3018;682;0,32
3020;677;0,00
3021;678;0,00
3022;680;0,12
3023;677;0,00
3025;680;0,12
3026;678;0,00
3027;677;0,00
3028;679;0,02
3031;677;0,00
3032;676;0,00
3033;679;0,02
3034;679;0,02
3036;678;0,00
3037;678;0,00
3038;677;0,00
3039;679;0,02
3041;679;0,02
3042;678;0,00
3043;678;0,00
3044;680;0,12
3046;681;0,22
3047;678;0,00
3048;678;0,00
3049;678;0,00
3051;681;0,22
3052;678;0,00
3053;681;0,22
3054;679;0,02
3056;679;0,02
3057;678;0,00
3058;679;0,02
3059;679;0,02
3060;676;0,00
3062;677;0,00
3063;676;0,00
3064;680;0,12
3065;678;0,00
3067;678;0,00
3068;679;0,02
3069;678;0,00
3070;680;0,12
3073;678;0,00
3074;678;0,00
3075;683;0,42
3076;678;0,00
3078;677;0,00
3079;682;0,32
3080;678;0,00
3081;680;0,12
3083;679;0,02
3084;679;0,02
3085;679;0,02
3086;680;0,12
3088;677;0,00
3089;678;0,00
3090;679;0,02
3091;677;0,00
3093;678;0,00
3094;677;0,00
3095;678;0,00
3096;680;0,12
3098;678;0,00
3099;682;0,32
3100;678;0,00
3101;683;0,42
3103;681;0,22
3104;677;0,00
3105;679;0,02
3106;679;0,02
3108;681;0,22
3109;679;0,02
3110;682;0,32
3111;681;0,22
3113;679;0,02
3115;678;0,00
3116;682;0,32
3117;678;0,00
3119;678;0,00
3120;678;0,00
3121;682;0,32
3122;677;0,00
3124;677;0,00
3125;678;0,00
3126;678;0,00
3127;679;0,02
3128;682;0,32
3130;678;0,00
3131;677;0,00
3132;679;0,02
3133;677;0,00
3135;682;0,32
3136;678;0,00
3137;683;0,42
3138;678;0,00
3140;678;0,00
3141;677;0,00
3142;679;0,02
3143;678;0,00
3145;677;0,00
3146;679;0,02
3147;684;0,52
3148;677;0,00
3150;682;0,32
3151;679;0,02
3152;679;0,02
3153;678;0,00
3155;678;0,00
3156;679;0,02
3158;678;0,00
3159;676;0,00
3161;677;0,00
3162;677;0,00
3163;678;0,00
3164;679;0,02
3166;678;0,00
3167;677;0,00
3168;677;0,00
3169;678;0,00
3171;679;0,02
3172;678;0,00
3173;677;0,00
3174;678;0,00
3176;676;0,00
3177;676;0,00
3178;678;0,00
3179;678;0,00
3181;678;0,00
3182;678;0,00
3183;678;0,00
3184;678;0,00
3186;677;0,00
3187;679;0,02
3188;678;0,00
3189;678;0,00
3190;677;0,00
3192;679;0,02
3193;678;0,00
3194;678;0,00
3195;677;0,00
3197;678;0,00
3198;676;0,00
3200;678;0,00
3201;678;0,00
3203;679;0,02
3204;677;0,00
3205;677;0,00
3206;679;0,02
3208;678;0,00
3209;677;0,00
3210;679;0,02
3211;679;0,02
3213;676;0,00
3214;676;0,00
3215;678;0,00
3216;678;0,00
3218;679;0,02
3219;677;0,00
3220;677;0,00
3221;677;0,00
3223;677;0,00
3224;676;0,00
3225;680;0,12
3226;679;0,02
3228;679;0,02
3229;681;0,22
3230;681;0,22
3231;683;0,42
3233;676;0,00
3234;678;0,00
3235;678;0,00
3236;681;0,22
3238;679;0,02
3239;680;0,12
3240;676;0,00
3241;677;0,00
3244;678;0,00
3245;679;0,02
3246;677;0,00
3247;682;0,32
3249;684;0,52
3250;677;0,00
3251;676;0,00
3252;678;0,00
3254;678;0,00
3255;678;0,00
3256;678;0,00
3257;678;0,00
3258;678;0,00
3260;677;0,00
3261;677;0,00
3262;680;0,12
3263;678;0,00
3265;678;0,00
3266;681;0,22
3267;679;0,02
3268;683;0,42
3270;678;0,00
3271;678;0,00
3272;677;0,00
3273;684;0,52
3275;680;0,12
3276;678;0,00
3277;678;0,00
3278;677;0,00
3280;680;0,12
3281;677;0,00
3282;680;0,12
3283;683;0,42
3286;679;0,02
3287;678;0,00
3288;681;0,22
3289;679;0,02
3291;678;0,00
3292;678;0,00
3293;678;0,00
3294;678;0,00
3296;677;0,00
3297;682;0,32
3298;679;0,02
3299;679;0,02
3301;681;0,22
3302;679;0,02
3303;678;0,00
3304;679;0,02
3306;678;0,00
3307;676;0,00
3308;682;0,32
3309;679;0,02
3311;678;0,00
3312;680;0,12
3313;677;0,00
3314;677;0,00
3316;677;0,00
3317;677;0,00
3318;678;0,00
3319;677;0,00
3320;679;0,02
3322;678;0,00
3323;677;0,00
3324;683;0,42
3325;678;0,00
3328;678;0,00
3329;679;0,02
3330;679;0,02
3331;677;0,00
3333;679;0,02
3334;680;0,12
3335;677;0,00
3336;682;0,32
3338;681;0,22
3339;681;0,22
3340;679;0,02
3341;676;0,00
3343;679;0,02
3344;682;0,32
3345;677;0,00
3346;680;0,12
3348;678;0,00
3349;677;0,00
3350;677;0,00
3351;678;0,00
3353;678;0,00
3354;679;0,02
3355;676;0,00
3356;681;0,22
3358;682;0,32
3359;678;0,00
3360;679;0,02
3361;682;0,32
3363;679;0,02
3364;680;0,12
3365;682;0,32
3366;677;0,00
3368;678;0,00
3369;681;0,22
3371;677;0,00
3372;683;0,42
3374;678;0,00
3375;680;0,12
3376;678;0,00
3377;677;0,00
3379;679;0,02
3380;678;0,00
3381;680;0,12
3382;681;0,22
3383;681;0,22
3385;678;0,00
3386;678;0,00
3387;677;0,00
3388;682;0,32
3390;677;0,00
3391;681;0,22
3392;678;0,00
3393;678;0,00
3395;677;0,00
3396;678;0,00
3397;681;0,22
3398;679;0,02
3400;683;0,42
3401;679;0,02
3402;678;0,00
3403;678;0,00
3405;680;0,12
3406;677;0,00
3407;679;0,02
3408;679;0,02
3410;678;0,00
3411;677;0,00
3412;677;0,00
3414;679;0,02
3416;679;0,02
3417;679;0,02
3418;677;0,00
3419;681;0,22
3421;679;0,02
3422;678;0,00
3423;679;0,02
3424;678;0,00
3426;679;0,02
3427;677;0,00
3428;678;0,00
3429;676;0,00
3431;677;0,00
3432;678;0,00
3433;682;0,32
3434;680;0,12
3436;679;0,02
3437;678;0,00
3438;677;0,00
3439;678;0,00
3441;679;0,02
3442;680;0,12
3443;678;0,00
3444;680;0,12
3446;678;0,00
3447;679;0,02
3448;678;0,00
3449;678;0,00
3450;683;0,42
3452;680;0,12
3453;679;0,02
3454;681;0,22
3456;677;0,00
3458;679;0,02
3459;677;0,00
3460;679;0,02
3461;679;0,02
3463;683;0,42
3464;679;0,02
3465;677;0,00
3466;678;0,00
3468;677;0,00
3469;676;0,00
3470;677;0,00
3471;678;0,00
3473;677;0,00
3474;677;0,00
3475;680;0,12
3476;683;0,42
3478;678;0,00
3479;678;0,00
3480;679;0,02
3481;677;0,00
3483;683;0,42
3484;678;0,00
3485;679;0,02
3486;678;0,00
3488;679;0,02
3489;678;0,00
3490;677;0,00
3491;677;0,00
3493;679;0,02
3494;680;0,12
3495;677;0,00
3496;678;0,00
3499;679;0,02
3500;680;0,12
3501;682;0,32
3502;683;0,42
3504;678;0,00
3505;681;0,22
3506;678;0,00
3507;677;0,00
3509;678;0,00
3510;677;0,00
3511;681;0,22
3512;679;0,02
3514;678;0,00
3515;680;0,12
3516;678;0,00
3517;678;0,00
3518;678;0,00
3520;676;0,00
3521;678;0,00
3522;677;0,00
3523;679;0,02
3525;678;0,00
3526;680;0,12
3527;677;0,00
3528;678;0,00
3530;680;0,12
3531;678;0,00
3532;677;0,00
3533;680;0,12
3535;677;0,00
3536;680;0,12
3537;679;0,02
3538;678;0,00
3540;679;0,02
3542;679;0,02
3543;679;0,02
3544;678;0,00
3546;680;0,12
3547;682;0,32
3548;678;0,00
3549;678;0,00
3551;682;0,32
3552;683;0,42
3553;681;0,22
3554;677;0,00
3556;678;0,00
3557;682;0,32
3558;676;0,00
3559;680;0,12
3561;676;0,00
3562;678;0,00
3563;677;0,00
3564;677;0,00
3566;679;0,02
3567;685;0,62
3568;677;0,00
3569;678;0,00
3571;677;0,00
3572;683;0,42
3573;677;0,00
3574;676;0,00
3576;681;0,22
3577;678;0,00
3578;679;0,02
3579;678;0,00
3580;681;0,22
3582;678;0,00
3584;676;0,00
3585;677;0,00
3586;677;0,00
3588;679;0,02
3589;681;0,22
3590;679;0,02
3591;682;0,32
3593;678;0,00
3594;679;0,02
3595;677;0,00
3596;679;0,02
3598;678;0,00
3599;680;0,12
3600;679;0,02
3601;677;0,00
3603;677;0,00
3604;677;0,00
3605;680;0,12
3606;678;0,00
3608;681;0,22
3609;679;0,02
3610;680;0,12
3611;679;0,02
3613;677;0,00
3614;680;0,12
3615;677;0,00
3616;677;0,00
3618;679;0,02
3619;679;0,02
3620;678;0,00
3621;676;0,00
3623;678;0,00
3624;679;0,02
3625;678;0,00
3627;677;0,00
3629;683;0,42
3630;679;0,02
3631;679;0,02
3632;678;0,00
3634;678;0,00
3635;683;0,42
3636;679;0,02
3637;679;0,02
3639;677;0,00
3640;677;0,00
3641;680;0,12
3642;676;0,00
3644;680;0,12
3645;678;0,00
3646;681;0,22
3647;679;0,02
3648;678;0,00
3650;679;0,02
3651;678;0,00
3652;679;0,02
3653;680;0,12
3655;681;0,22
3656;679;0,02
3657;680;0,12
3658;677;0,00
3660;678;0,00
3661;679;0,02
3662;677;0,00
3663;679;0,02
3665;680;0,12
3666;683;0,42
3667;678;0,00
3668;678;0,00
3671;678;0,00
3672;678;0,00
3673;678;0,00
3674;678;0,00
3676;682;0,32
3677;678;0,00
3678;679;0,02
3679;682;0,32
3681;676;0,00
3682;677;0,00
3683;677;0,00
3684;680;0,12
3686;677;0,00
3687;677;0,00
3688;677;0,00
3689;679;0,02
3691;678;0,00
3692;679;0,02
3693;681;0,22
3694;679;0,02
3696;678;0,00
3697;679;0,02
3698;678;0,00
3699;677;0,00
3701;682;0,32
3702;676;0,00
3703;682;0,32
3704;678;0,00
3706;677;0,00
3707;677;0,00
3708;680;0,12
3709;678;0,00
3710;678;0,00
3713;681;0,22
3714;679;0,02
3715;679;0,02
3716;678;0,00
3718;677;0,00
3719;679;0,02
3720;677;0,00
3721;677;0,00
3723;677;0,00
3724;679;0,02
3725;678;0,00
3726;679;0,02
3728;680;0,12
3729;678;0,00
3730;677;0,00
3731;677;0,00
3733;678;0,00
3734;678;0,00
3735;680;0,12
3736;682;0,32
3738;683;0,42
3739;676;0,00
3740;680;0,12
3741;679;0,02
3743;678;0,00
3744;679;0,02
3745;682;0,32
3746;677;0,00
3748;676;0,00
3749;678;0,00
3750;679;0,02
3751;678;0,00
3753;679;0,02
3755;682;0,32
3756;677;0,00
3757;678;0,00
3759;679;0,02
3760;678;0,00
3761;681;0,22
3762;682;0,32
3764;678;0,00
3765;684;0,52
3766;680;0,12
3767;677;0,00
3769;680;0,12
3770;677;0,00
3771;679;0,02
3772;681;0,22
3774;677;0,00
3775;682;0,32
3776;682;0,32
3777;680;0,12
3778;677;0,00
3780;680;0,12
3781;678;0,00
3782;677;0,00
3783;682;0,32
3785;677;0,00
3786;678;0,00
3787;677;0,00
3788;678;0,00
3790;678;0,00
3791;680;0,12
3792;680;0,12
3793;680;0,12
3795;676;0,00
3796;683;0,42
3798;683;0,42
3799;677;0,00
3801;681;0,22
3802;678;0,00
3803;680;0,12
3804;677;0,00
3806;677;0,00
3807;676;0,00
3808;679;0,02
3809;678;0,00
3811;677;0,00
3812;678;0,00
3813;681;0,22
3814;678;0,00
3816;680;0,12
3817;677;0,00
3818;677;0,00
3819;677;0,00
3821;678;0,00
3822;682;0,32
3823;678;0,00
3824;678;0,00
3826;681;0,22
3827;679;0,02
3828;685;0,62
3829;682;0,32
3831;677;0,00
3832;681;0,22
3833;684;0,52
3834;678;0,00
3836;677;0,00
3837;677;0,00
3838;680;0,12
3840;677;0,00
3842;679;0,02
3843;678;0,00
3844;680;0,12
3845;677;0,00
3846;677;0,00
3848;678;0,00
3849;679;0,02
3850;679;0,02
3851;677;0,00
3853;678;0,00
3854;680;0,12
3855;681;0,22
3856;679;0,02
3858;681;0,22
3859;682;0,32
3860;678;0,00
3861;677;0,00
3863;684;0,52
3864;677;0,00
3865;678;0,00
3866;679;0,02
3868;677;0,00
3869;680;0,12
3870;679;0,02
3871;679;0,02
3873;678;0,00
3874;677;0,00
3875;681;0,22
3876;678;0,00
3878;679;0,02
3879;682;0,32
3880;678;0,00
3881;681;0,22
3884;678;0,00
3885;677;0,00
3886;679;0,02
3887;677;0,00
3889;679;0,02
3890;678;0,00
3891;683;0,42
3892;679;0,02
3894;680;0,12
3895;677;0,00
3896;678;0,00
3897;681;0,22
3899;677;0,00
3900;677;0,00
3901;678;0,00
3902;677;0,00
3904;679;0,02
3905;678;0,00
3906;678;0,00
3907;677;0,00
3908;677;0,00
3910;677;0,00
3911;681;0,22
3912;683;0,42
3913;679;0,02
3915;678;0,00
3916;679;0,02
3917;677;0,00
3918;676;0,00
3920;677;0,00
3921;677;0,00
3922;681;0,22
3923;681;0,22
3926;677;0,00
3927;678;0,00
3928;677;0,00
3929;685;0,62
3931;677;0,00
3932;676;0,00
3933;678;0,00
3934;679;0,02
3936;679;0,02
3937;678;0,00
3938;682;0,32
3939;678;0,00
3941;677;0,00
3942;680;0,12
3943;679;0,02
3944;678;0,00
3946;679;0,02
3947;678;0,00
3948;678;0,00
3949;680;0,12
3951;681;0,22
3952;679;0,02
3953;677;0,00
3954;681;0,22
3956;679;0,02
3957;680;0,12
3958;677;0,00
3959;679;0,02
3961;677;0,00
3962;679;0,02
3963;682;0,32
3964;680;0,12
3966;677;0,00
3968;682;0,32
3969;678;0,00
3970;679;0,02
3971;682;0,32
3973;677;0,00
3974;679;0,02
3975;678;0,00
3976;681;0,22
3978;678;0,00
3979;679;0,02
3980;679;0,02
3981;677;0,00
3983;680;0,12
3984;680;0,12
3985;678;0,00
3986;678;0,00
3988;683;0,42
3989;677;0,00
3990;677;0,00
3991;678;0,00
3993;678;0,00
3994;679;0,02
3995;678;0,00
3996;681;0,22
3998;677;0,00
3999;679;0,02
4000;678;0,00
4001;679;0,02
4003;680;0,12
4004;677;0,00
4005;679;0,02
4006;678;0,00
4008;679;0,02
4009;677;0,00
4011;679;0,02
4012;677;0,00
4014;679;0,02
4015;678;0,00
4016;678;0,00
4017;678;0,00
4019;679;0,02
4020;677;0,00
4021;679;0,02
4022;682;0,32
4024;679;0,02
4025;678;0,00
4026;678;0,00
4027;677;0,00
4029;679;0,02
4030;678;0,00
4031;678;0,00
4032;678;0,00
4034;678;0,00
4035;678;0,00
4036;677;0,00
4037;683;0,42
4038;677;0,00
4040;682;0,32
4041;680;0,12
4042;678;0,00
4043;679;0,02
4045;678;0,00
4046;677;0,00
4047;678;0,00
4048;679;0,02
4050;676;0,00
4051;686;0,72
4052;680;0,12
4054;678;0,00
4056;679;0,02
4057;678;0,00
4058;678;0,00
4059;678;0,00
4061;679;0,02
4062;680;0,12
4063;677;0,00
4064;679;0,02
4066;677;0,00
4067;677;0,00
4068;679;0,02
4069;682;0,32
4071;677;0,00
4072;677;0,00
4073;678;0,00
4074;683;0,42
4076;679;0,02
4077;676;0,00
4078;679;0,02
4079;677;0,00
4081;682;0,32
4082;682;0,32
4083;678;0,00
4084;679;0,02
4086;678;0,00
4087;680;0,12
4088;679;0,02
4089;680;0,12
4091;679;0,02
4092;677;0,00
4093;678;0,00
4094;678;0,00
4097;678;0,00
4098;678;0,00
4099;679;0,02
4100;679;0,02
4101;682;0,32
4103;677;0,00
4104;679;0,02
4105;677;0,00
4106;678;0,00
4108;677;0,00
4109;678;0,00
4110;679;0,02
4111;677;0,00
4113;677;0,00
4114;681;0,22
4115;679;0,02
4116;682;0,32
4118;676;0,00
4119;682;0,32
4120;679;0,02
4121;679;0,02
4123;679;0,02
4124;679;0,02
4125;677;0,00
4126;678;0,00
4128;678;0,00
4129;679;0,02
4130;679;0,02
4131;678;0,00
4133;683;0,42
4134;679;0,02
4135;679;0,02
4136;678;0,00
4139;678;0,00
4140;680;0,12
4141;676;0,00
4142;677;0,00
4144;678;0,00
4145;679;0,02
4146;678;0,00
4147;678;0,00
4149;680;0,12
4150;676;0,00
4151;680;0,12
4152;680;0,12
4154;679;0,02
4155;684;0,52
4156;678;0,00
4157;679;0,02
4159;678;0,00
4160;679;0,02
4161;677;0,00
4162;679;0,02
4164;679;0,02
4165;678;0,00
4166;679;0,02
4167;677;0,00
4168;678;0,00
4170;679;0,02
4171;677;0,00
4172;686;0,72
4173;678;0,00
4175;680;0,12
4176;680;0,12
4177;678;0,00
4178;679;0,02
4180;679;0,02
4182;677;0,00
4183;677;0,00
4184;678;0,00
4186;677;0,00
4187;676;0,00
4188;679;0,02
4189;678;0,00
4191;680;0,12
4192;679;0,02
4193;677;0,00
4194;679;0,02
4196;677;0,00
4197;678;0,00
4198;680;0,12
4199;679;0,02
4201;679;0,02
4202;678;0,00
4203;683;0,42
4204;680;0,12
4206;680;0,12
4207;680;0,12
4208;677;0,00
4209;679;0,02
4211;678;0,00
4212;677;0,00
4213;679;0,02
4214;678;0,00
4216;681;0,22
4217;678;0,00
4218;680;0,12
4219;680;0,12
4221;682;0,32
4222;676;0,00
4224;679;0,02
4225;678;0,00
4227;685;0,62
4228;682;0,32
4229;678;0,00
4230;676;0,00
4232;680;0,12
4233;678;0,00
4234;676;0,00
4235;678;0,00
4236;679;0,02
4238;678;0,00
4239;678;0,00
4240;681;0,22
4241;680;0,12
4243;680;0,12
4244;677;0,00
4245;677;0,00
4246;684;0,52
4248;679;0,02
4249;678;0,00
4250;678;0,00
4251;679;0,02
4253;678;0,00
4254;676;0,00
4255;682;0,32
4256;677;0,00
4258;680;0,12
4259;679;0,02
4260;683;0,42
4261;679;0,02
4263;678;0,00
4264;678;0,00
4265;679;0,02
4267;677;0,00
4269;678;0,00
4270;679;0,02
4271;682;0,32
4272;682;0,32
4274;679;0,02
4275;678;0,00
4276;678;0,00
4277;684;0,52
4279;681;0,22
4280;679;0,02
4281;678;0,00
4282;684;0,52
4284;678;0,00
4285;680;0,12
4286;678;0,00
4287;680;0,12
4289;679;0,02
4290;678;0,00
4291;679;0,02
4292;684;0,52
4294;677;0,00
4295;680;0,12
4296;679;0,02
4297;683;0,42
4298;677;0,00
4300;677;0,00
4301;678;0,00
4302;678;0,00
4303;678;0,00
4305;679;0,02
4306;676;0,00
4307;678;0,00
4308;679;0,02
4311;680;0,12
4312;678;0,00
4313;678;0,00
4314;678;0,00
4316;678;0,00
4317;681;0,22
4318;678;0,00
4319;680;0,12
4321;684;0,52
4322;681;0,22
4323;682;0,32
4324;683;0,42
4326;678;0,00
4327;676;0,00
4328;679;0,02
4329;678;0,00
4331;677;0,00
4332;679;0,02
4333;678;0,00
4334;679;0,02
4336;678;0,00
4337;679;0,02
4338;677;0,00
4339;682;0,32
4341;677;0,00
4342;681;0,22
4343;679;0,02
4344;678;0,00
4346;677;0,00
4347;681;0,22
4348;679;0,02
4349;678;0,00
4352;676;0,00
4353;677;0,00
4354;679;0,02
4355;679;0,02
4357;681;0,22
4358;677;0,00
4359;675;0,00
4360;680;0,12
4362;678;0,00
4363;678;0,00
4364;678;0,00
4365;677;0,00
4366;681;0,22
4368;679;0,02
4369;677;0,00
4370;676;0,00
4371;680;0,12
4373;679;0,02
4374;681;0,22
4375;678;0,00
4376;679;0,02
4378;677;0,00
4379;678;0,00
4380;678;0,00
4381;684;0,52
4383;679;0,02
4384;680;0,12
4385;682;0,32
4386;678;0,00
4388;677;0,00
4389;678;0,00
4390;677;0,00
4391;678;0,00
4393;683;0,42
4395;678;0,00
4396;679;0,02
4397;680;0,12
4399;677;0,00
4400;679;0,02
4401;679;0,02
4402;678;0,00
4404;677;0,00
4405;680;0,12
4406;678;0,00
4407;681;0,22
4409;679;0,02
4410;678;0,00
4411;681;0,22
4412;682;0,32
4414;679;0,02
4415;677;0,00
4416;679;0,02
4417;679;0,02
4419;685;0,62
4420;677;0,00
4421;678;0,00
4422;677;0,00
4424;679;0,02
4425;685;0,62
4426;681;0,22
4427;677;0,00
4429;678;0,00
4430;679;0,02
4431;678;0,00
4432;678;0,00
4433;685;0,62
4435;679;0,02
4436;679;0,02
4438;678;0,00
4439;678;0,00
4441;679;0,02
4442;683;0,42
4443;677;0,00
4444;683;0,42
4446;679;0,02
4447;678;0,00
4448;680;0,12
4449;679;0,02
4451;681;0,22
4452;678;0,00
4453;679;0,02
4454;678;0,00
4456;681;0,22
4457;678;0,00
4458;679;0,02
4459;678;0,00
4461;682;0,32
4462;678;0,00
4463;678;0,00
4464;677;0,00
4466;681;0,22
4467;679;0,02
4468;678;0,00
4469;678;0,00
4471;682;0,32
4472;683;0,42
4473;679;0,02
4474;679;0,02
4476;678;0,00
4477;681;0,22
4478;680;0,12
4480;678;0,00
4482;679;0,02
4483;681;0,22
4484;678;0,00
4485;681;0,22
4487;678;0,00
4488;678;0,00
4489;678;0,00
4490;679;0,02
4492;678;0,00
4493;682;0,32
4494;679;0,02
4495;677;0,00
4496;679;0,02
4498;681;0,22
4499;678;0,00
4500;682;0,32
4501;680;0,12
4503;678;0,00
4504;677;0,00
4505;678;0,00
4506;679;0,02
4508;679;0,02
4509;677;0,00
4510;677;0,00
4511;681;0,22
4513;679;0,02
4514;678;0,00
4515;679;0,02
4516;679;0,02
4518;680;0,12
4519;682;0,32
4520;678;0,00
4521;679;0,02
4524;677;0,00
4525;677;0,00
4526;677;0,00
4527;677;0,00
4529;680;0,12
4530;679;0,02
4531;679;0,02
4532;678;0,00
4534;678;0,00
4535;682;0,32
4536;677;0,00
4537;681;0,22
4539;678;0,00
4540;678;0,00
4541;678;0,00
4542;677;0,00
4544;683;0,42
4545;678;0,00
4546;678;0,00
4547;681;0,22
4549;678;0,00
4550;678;0,00
4551;681;0,22
4552;677;0,00
4554;678;0,00
4555;677;0,00
4556;678;0,00
4557;680;0,12
4559;679;0,02
4560;677;0,00
4561;680;0,12
4562;678;0,00
4563;680;0,12
4566;679;0,02
4567;680;0,12
4568;678;0,00
4569;679;0,02
4571;678;0,00
4572;677;0,00
4573;679;0,02
4574;681;0,22
4576;680;0,12
4577;681;0,22
4578;681;0,22
4579;678;0,00
4581;677;0,00
4582;681;0,22
4583;678;0,00
4584;682;0,32
4586;677;0,00
4587;682;0,32
4588;683;0,42
4589;677;0,00
4591;678;0,00
4592;678;0,00
4593;676;0,00
4594;678;0,00
4596;678;0,00
4597;677;0,00
4598;678;0,00
4599;678;0,00
4601;683;0,42
4602;678;0,00
4603;677;0,00
4604;679;0,02
4606;679;0,02
4608;681;0,22
4609;679;0,02
4610;679;0,02
4612;678;0,00
4613;678;0,00
4614;678;0,00
4615;678;0,00
4617;680;0,12
4618;678;0,00
4619;678;0,00
4620;677;0,00
4622;677;0,00
4623;679;0,02
4624;679;0,02
4625;676;0,00
4626;676;0,00
4628;679;0,02
4629;683;0,42
4630;677;0,00
4631;678;0,00
4633;681;0,22
4634;678;0,00
4635;677;0,00
4636;678;0,00
4638;681;0,22
4639;681;0,22
4640;678;0,00
4641;682;0,32
4643;681;0,22
4644;684;0,52
4645;679;0,02
4646;678;0,00
4648;679;0,02
4649;679;0,02
4651;683;0,42
4652;679;0,02
4654;679;0,02
4655;678;0,00
4656;678;0,00
4657;683;0,42
4659;677;0,00
4660;677;0,00
4661;679;0,02
4662;678;0,00
4664;677;0,00
4665;678;0,00
4666;678;0,00
4667;677;0,00
4669;677;0,00
4670;677;0,00
4671;676;0,00
4672;678;0,00
4674;681;0,22
4675;677;0,00
4676;679;0,02
4677;677;0,00
4679;678;0,00
4680;678;0,00
4681;678;0,00
4682;678;0,00
4684;678;0,00
4685;681;0,22
4686;681;0,22
4687;677;0,00
4689;678;0,00
4690;681;0,22
4691;679;0,02
4692;679;0,02
4694;679;0,02
4696;680;0,12
4697;682;0,32
4698;679;0,02
4699;680;0,12
4701;678;0,00
4702;680;0,12
4703;679;0,02
4704;680;0,12
4706;678;0,00
4707;677;0,00
4708;681;0,22
4709;679;0,02
4711;681;0,22
4712;682;0,32
4713;677;0,00
4714;681;0,22
4716;678;0,00
4717;680;0,12
4718;678;0,00
4719;680;0,12
4721;678;0,00
4722;680;0,12
4723;682;0,32
4724;679;0,02
4726;681;0,22
4727;683;0,42
4728;679;0,02
4729;679;0,02
4731;677;0,00
4732;677;0,00
4733;679;0,02
4734;679;0,02
4737;679;0,02
4738;684;0,52
4739;681;0,22
4740;680;0,12
4742;680;0,12
4743;679;0,02
4744;678;0,00
4745;677;0,00
4747;678;0,00
4748;679;0,02
4749;678;0,00
4750;678;0,00
4752;678;0,00
4753;679;0,02
4754;679;0,02
4755;678;0,00
4756;679;0,02
4758;678;0,00
4759;677;0,00
4760;678;0,00
4761;678;0,00
4763;677;0,00
4764;682;0,32
4765;679;0,02
4766;679;0,02
4768;677;0,00
4769;684;0,52
4770;677;0,00
4771;678;0,00
4773;678;0,00
4774;677;0,00
4775;679;0,02
4776;677;0,00
4779;682;0,32
4780;678;0,00
4781;677;0,00
4782;684;0,52
4784;678;0,00
4785;677;0,00
4786;678;0,00
4787;678;0,00
4789;678;0,00
4790;680;0,12
4791;679;0,02
4792;678;0,00
4794;679;0,02
4795;683;0,42
4796;675;0,00
4797;676;0,00
4799;678;0,00
4800;686;0,72
4801;682;0,32
4802;682;0,32
4804;682;0,32
4805;678;0,00
4806;679;0,02
4807;681;0,22
4809;678;0,00
4810;678;0,00
4811;677;0,00
4812;679;0,02
4814;680;0,12
4815;680;0,12
4816;680;0,12
4817;682;0,32
4819;678;0,00
4820;677;0,00
4822;679;0,02
4823;679;0,02
4824;680;0,12
4826;677;0,00
4827;680;0,12
4828;681;0,22
4829;681;0,22
4831;677;0,00
4832;682;0,32
4833;681;0,22
4834;678;0,00
4836;678;0,00
4837;680;0,12
4838;680;0,12
4839;682;0,32
4841;677;0,00
4842;680;0,12
4843;679;0,02
4844;680;0,12
4846;677;0,00
4847;677;0,00
4848;680;0,12
4849;678;0,00
4851;678;0,00
4852;678;0,00
4853;681;0,22
4854;677;0,00
4856;678;0,00
4857;678;0,00
4858;678;0,00
4859;677;0,00
4861;678;0,00
4862;677;0,00
4864;678;0,00
4865;681;0,22
4867;678;0,00
4868;677;0,00
4869;677;0,00
4870;677;0,00
4872;679;0,02
4873;677;0,00
4874;678;0,00
4875;680;0,12
4877;677;0,00
4878;678;0,00
4879;679;0,02
4880;679;0,02
4882;678;0,00
4883;678;0,00
4884;680;0,12
4885;679;0,02
4886;677;0,00
4888;679;0,02
4889;678;0,00
4890;677;0,00
4891;678;0,00
4893;679;0,02
4894;677;0,00
4895;679;0,02
4896;679;0,02
4898;679;0,02
4899;677;0,00
4900;679;0,02
4901;677;0,00
4903;679;0,02
4904;677;0,00
4905;679;0,02
4907;680;0,12
4909;684;0,52
4910;677;0,00
4911;679;0,02
4912;682;0,32
4914;677;0,00
4915;677;0,00
4916;679;0,02
4917;678;0,00
4919;679;0,02
4920;678;0,00
4921;680;0,12
4922;679;0,02
4924;678;0,00
4925;678;0,00
4926;678;0,00
4927;680;0,12
4929;679;0,02
4930;681;0,22
4931;679;0,02
4932;680;0,12
4934;677;0,00
4935;681;0,22
4936;681;0,22
4937;678;0,00
4939;681;0,22
4940;678;0,00
4941;677;0,00
4942;682;0,32
4944;682;0,32
4945;677;0,00
4946;679;0,02
4947;679;0,02
4950;680;0,12
4951;680;0,12
4952;684;0,52
4953;680;0,12
4954;679;0,02
4956;679;0,02
4957;679;0,02
4958;678;0,00
4959;680;0,12
4961;679;0,02
4962;679;0,02
4963;680;0,12
4964;678;0,00
4966;680;0,12
4967;679;0,02
4968;678;0,00
4969;679;0,02
4971;679;0,02
4972;678;0,00
4973;679;0,02
4974;679;0,02
4976;679;0,02
4977;678;0,00
4978;682;0,32
4979;685;0,62
4981;680;0,12
4982;682;0,32
4983;680;0,12
4984;679;0,02
4986;678;0,00
4987;677;0,00
4988;678;0,00
4989;684;0,52
4992;679;0,02
4993;682;0,32
4994;680;0,12
4995;679;0,02
4997;683;0,42
4998;680;0,12
4999;679;0,02
5000;682;0,32
5002;679;0,02
5003;681;0,22
5004;683;0,42
5005;681;0,22
5007;677;0,00
5008;680;0,12
5009;679;0,02
5010;679;0,02
5012;683;0,42
5013;679;0,02
5014;679;0,02
5015;681;0,22
5016;678;0,00
5018;678;0,00
5019;683;0,42
5020;678;0,00
5021;679;0,02
5023;678;0,00
5024;683;0,42
5025;679;0,02
5026;680;0,12
5028;679;0,02
5029;679;0,02
5030;685;0,62
5031;678;0,00
5033;678;0,00
5035;680;0,12
5036;679;0,02
5037;679;0,02
5039;678;0,00
5040;678;0,00
5041;680;0,12
5042;679;0,02
5044;679;0,02
5045;684;0,52
5046;679;0,02
5047;684;0,52
5049;678;0,00
5050;678;0,00
5051;684;0,52
5052;677;0,00
5054;680;0,12
5055;681;0,22
5056;683;0,42
5057;683;0,42
5059;678;0,00
5060;679;0,02
5061;679;0,02
5062;683;0,42
5064;678;0,00
5065;683;0,42
5066;679;0,02
5067;681;0,22
5069;680;0,12
5070;679;0,02
5071;677;0,00
5072;679;0,02
5074;679;0,02
5075;681;0,22
5076;678;0,00
5078;681;0,22
5080;679;0,02
5081;679;0,02
5082;678;0,00
5083;680;0,12
5084;679;0,02
5086;683;0,42
5087;681;0,22
5088;678;0,00
5089;685;0,62
5091;678;0,00
5092;679;0,02
5093;680;0,12
5094;679;0,02
5096;679;0,02
5097;681;0,22
5098;678;0,00
5099;678;0,00
5101;682;0,32
5102;677;0,00
5103;682;0,32
5104;680;0,12
5106;679;0,02
5107;680;0,12
5108;679;0,02
5109;678;0,00
5111;678;0,00
5112;679;0,02
5113;680;0,12
5114;680;0,12
5116;680;0,12
5117;683;0,42
5118;679;0,02
5120;681;0,22
5122;677;0,00
5123;679;0,02
5124;682;0,32
5125;684;0,52
5127;679;0,02
5128;680;0,12
5129;679;0,02
5130;681;0,22
5132;677;0,00
5133;679;0,02
5134;679;0,02
5135;682;0,32
5137;677;0,00
5138;678;0,00
5139;679;0,02
5140;683;0,42
5142;680;0,12
5143;679;0,02
5144;678;0,00
5145;684;0,52
5146;680;0,12
5148;681;0,22
5149;682;0,32
5150;680;0,12
5151;678;0,00
5153;682;0,32
5154;678;0,00
5155;680;0,12
5156;681;0,22
5158;678;0,00
5159;677;0,00
5160;683;0,42
5161;681;0,22
5164;677;0,00
5165;679;0,02
5166;677;0,00
5167;682;0,32
5169;682;0,32
5170;685;0,62
5171;680;0,12
5172;678;0,00
5174;679;0,02
5175;678;0,00
5176;680;0,12
5177;679;0,02
5179;679;0,02
5180;678;0,00
5181;680;0,12
5182;681;0,22
5184;680;0,12
5185;679;0,02
5186;676;0,00
5187;680;0,12
5189;677;0,00
5190;677;0,00
5191;682;0,32
5192;680;0,12
5194;679;0,02
5195;679;0,02
5196;680;0,12
5197;682;0,32
5199;680;0,12
5200;683;0,42
5201;680;0,12
5202;680;0,12
5204;680;0,12
5206;682;0,32
5207;681;0,22
5208;680;0,12
5210;680;0,12
5211;679;0,02
5212;681;0,22
5213;681;0,22
5214;680;0,12
5216;686;0,72
5217;679;0,02
5218;682;0,32
5219;682;0,32
5221;680;0,12
5222;685;0,62
5223;680;0,12
5224;681;0,22
5226;679;0,02
5227;681;0,22
5228;680;0,12
5229;680;0,12
5231;682;0,32
5232;683;0,42
5233;682;0,32
5234;681;0,22
5236;683;0,42
5237;683;0,42
5238;680;0,12
5239;686;0,72
5241;681;0,22
5242;681;0,22
5243;680;0,12
5244;682;0,32
5246;683;0,42
5248;683;0,42
5249;683;0,42
5250;685;0,62
5252;687;0,82
5253;680;0,12
5254;683;0,42
5255;682;0,32
5257;685;0,62
5258;685;0,62
5259;682;0,32
5260;681;0,22
5262;686;0,72
5263;684;0,52
5264;682;0,32
5265;682;0,32
5267;690;1,12
5268;684;0,52
5269;681;0,22
5270;683;0,42
5272;684;0,52
5273;686;0,72
5274;683;0,42
5275;683;0,42
5276;684;0,52
5278;684;0,52
5279;684;0,52
5280;684;0,52
5281;683;0,42
5283;683;0,42
5284;686;0,72
5285;684;0,52
5286;683;0,42
5288;688;0,92
5289;685;0,62
5291;682;0,32
5292;688;0,92
5294;687;0,82
5295;685;0,62
5296;686;0,72
5297;684;0,52
5299;685;0,62
5300;685;0,62
5301;685;0,62
5302;685;0,62
5304;686;0,72
5305;686;0,72
5306;690;1,12
5307;686;0,72
5309;690;1,12
5310;687;0,82
5311;687;0,82
5312;690;1,12
5314;689;1,02
5315;688;0,92
5316;686;0,72
5317;685;0,62
5319;687;0,82
5320;687;0,82
5321;686;0,72
5322;689;1,02
5324;689;1,02
5325;686;0,72
5326;685;0,62
5327;688;0,92
5329;687;0,82
5330;690;1,12
5331;687;0,82
5332;687;0,82
5335;688;0,92
5336;688;0,92
5337;687;0,82
5338;686;0,72
5340;686;0,72
5341;687;0,82
5342;690;1,12
5343;687;0,82
5344;688;0,92
5346;686;0,72
5347;688;0,92
5348;687;0,82
5349;686;0,72
5351;692;1,32
5352;689;1,02
5353;685;0,62
5354;689;1,02
5356;687;0,82
5357;686;0,72
5358;686;0,72
5359;686;0,72
5361;687;0,82
5362;686;0,72
5363;688;0,92
5364;687;0,82
5366;684;0,52
5367;690;1,12
5368;687;0,82
5369;689;1,02
5371;686;0,72
5372;685;0,62
5373;688;0,92
5374;688;0,92
5377;693;1,43
5378;690;1,12
5379;685;0,62
5380;687;0,82
5382;685;0,62
5383;687;0,82
5384;685;0,62
5385;685;0,62
5387;686;0,72
5388;690;1,12
5389;685;0,62
5390;685;0,62
5392;684;0,52
5393;686;0,72
5394;685;0,62
5395;684;0,52
5397;687;0,82
5398;685;0,62
5399;686;0,72
5400;689;1,02
5402;690;1,12
5403;689;1,02
5404;683;0,42
5405;686;0,72
5406;684;0,52
5408;683;0,42
5409;686;0,72
5410;690;1,12
5411;684;0,52
5413;682;0,32
5414;682;0,32
5415;683;0,42
5416;683;0,42
5419;685;0,62
5420;684;0,52
5421;684;0,52
5422;684;0,52
5424;683;0,42
5425;682;0,32
5426;683;0,42
5427;681;0,22
5429;686;0,72
5430;683;0,42
5431;682;0,32
5432;682;0,32
5434;685;0,62
5435;683;0,42
5436;683;0,42
5437;684;0,52
5439;682;0,32
5440;686;0,72
5441;683;0,42
5442;683;0,42
5444;684;0,52
5445;682;0,32
5446;684;0,52
5447;682;0,32
5449;685;0,62
5450;684;0,52
5451;682;0,32
5452;683;0,42
5454;682;0,32
5455;682;0,32
5456;684;0,52
5457;683;0,42
5459;686;0,72
5460;685;0,62
5462;683;0,42
5463;684;0,52
5465;682;0,32
5466;685;0,62
5467;684;0,52
5468;683;0,42
5470;682;0,32
5471;683;0,42
5472;684;0,52
5473;687;0,82
5474;686;0,72
5476;685;0,62
5477;685;0,62
5478;684;0,52
5479;684;0,52
5481;686;0,72
5482;683;0,42
5483;686;0,72
5484;689;1,02
5486;689;1,02
5487;684;0,52
5488;685;0,62
5489;683;0,42
5491;684;0,52
5492;686;0,72
5493;685;0,62
5494;683;0,42
5496;682;0,32
5497;685;0,62
5498;686;0,72
5499;682;0,32
5501;683;0,42
5502;684;0,52
5504;684;0,52
5505;685;0,62
5507;685;0,62
5508;682;0,32
5509;682;0,32
5510;690;1,12
5512;685;0,62
5513;686;0,72
5514;687;0,82
5515;684;0,52
5517;684;0,52
5518;686;0,72
5519;688;0,92
5520;687;0,82
5522;686;0,72
5523;685;0,62
5524;689;1,02
5525;688;0,92
5527;685;0,62
5528;691;1,22
5529;687;0,82
5530;687;0,82
5532;687;0,82
5533;688;0,92
5534;687;0,82
5535;690;1,12
5537;689;1,02
5538;689;1,02
5539;691;1,22
5540;691;1,22
5541;691;1,22
5543;695;1,63
5544;695;1,63
5545;690;1,12
5547;693;1,43
5549;691;1,22
5550;690;1,12
5551;691;1,22
5552;695;1,63
5554;692;1,32
5555;692;1,32
5556;693;1,43
5557;692;1,32
5559;692;1,32
5560;696;1,73
5561;692;1,32
5562;692;1,32
5564;694;1,53
5565;693;1,43
5566;693;1,43
5567;692;1,32
5569;695;1,63
5570;692;1,32
5571;692;1,32
5572;692;1,32
5574;691;1,22
5575;694;1,53
5576;691;1,22
5577;691;1,22
5579;693;1,43
5580;690;1,12
5581;690;1,12
5582;691;1,22
5584;693;1,43
5585;691;1,22
5586;690;1,12
5587;690;1,12
5590;689;1,02
5591;691;1,22
5592;689;1,02
5593;690;1,12
5595;696;1,73
5596;691;1,22
5597;692;1,32
5598;691;1,22
5600;697;1,83
5601;692;1,32
5602;692;1,32
5603;693;1,43
5604;693;1,43
5606;696;1,73
5607;695;1,63
5608;698;1,93
5609;696;1,73
5611;696;1,73
5612;697;1,83
5613;695;1,63
5614;698;1,93
5616;696;1,73
5617;696;1,73
5618;696;1,73
5619;697;1,83
5621;697;1,83
5622;699;2,03
5623;698;1,93
5624;698;1,93
5626;698;1,93
5627;696;1,73
5628;698;1,93
5629;702;2,33
5632;699;2,03
5633;700;2,13
5634;697;1,83
5635;699;2,03
5637;697;1,83
5638;699;2,03
5639;699;2,03
5640;701;2,23
5642;701;2,23
5643;699;2,03
5644;701;2,23
5645;699;2,03
5647;699;2,03
5648;699;2,03
5649;699;2,03
5650;697;1,83
5652;697;1,83
5653;698;1,93
5654;697;1,83
5655;699;2,03
5657;697;1,83
5658;697;1,83
5659;697;1,83
5660;697;1,83
5662;695;1,63
5663;696;1,73
5664;696;1,73
5665;697;1,83
5667;699;2,03
5668;702;2,33
5669;698;1,93
5670;695;1,63
5671;696;1,73
5673;700;2,13
5675;694;1,53
5676;694;1,53
5677;696;1,73
5679;695;1,63
5680;697;1,83
5681;695;1,63
5682;695;1,63
5684;701;2,23
5685;698;1,93
5686;695;1,63
5687;698;1,93
5689;697;1,83
5690;695;1,63
5691;696;1,73
5692;700;2,13
5694;697;1,83
5695;696;1,73
5696;696;1,73
5697;697;1,83
5699;698;1,93
5700;698;1,93
5701;702;2,33
5702;696;1,73
5704;696;1,73
5705;698;1,93
5706;697;1,83
5707;700;2,13
5709;698;1,93
5710;697;1,83
5711;697;1,83
5712;700;2,13
5714;701;2,23
5715;697;1,83
5716;702;2,33
5718;698;1,93
5720;701;2,23
5721;700;2,13
5722;701;2,23
5723;699;2,03
5725;700;2,13
5726;706;2,73
5727;700;2,13
5728;708;2,94
5730;703;2,43
5731;703;2,43
5732;702;2,33
5733;703;2,43
5734;702;2,33
5736;702;2,33
5737;701;2,23
5738;703;2,43
5739;700;2,13
5741;701;2,23
5742;704;2,53
5743;702;2,33
5744;703;2,43
5746;703;2,43
5747;702;2,33
5748;702;2,33
5749;702;2,33
5751;704;2,53
5752;707;2,83
5753;707;2,83
5754;705;2,63
5756;707;2,83
5757;707;2,83
5758;707;2,83
5760;707;2,83
5762;705;2,63
5763;703;2,43
5764;709;3,04
5765;705;2,63
5767;708;2,94
5768;705;2,63
5769;707;2,83
5770;706;2,73
5772;704;2,53
5773;707;2,83
5774;706;2,73
5775;702;2,33
5777;705;2,63
5778;703;2,43
5779;704;2,53
5780;706;2,73
5782;703;2,43
5783;707;2,83
5784;705;2,63
5785;704;2,53
5787;703;2,43
5788;704;2,53
5789;703;2,43
5790;704;2,53
5792;704;2,53
5793;703;2,43
5794;705;2,63
5795;704;2,53
5797;704;2,53
5798;707;2,83
5799;702;2,33
5800;704;2,53
5801;705;2,63
5804;703;2,43
5805;706;2,73
5806;710;3,14
5807;709;3,04
5809;712;3,34
5810;707;2,83
5811;708;2,94
5812;706;2,73
5814;705;2,63
5815;707;2,83
5816;706;2,73
5817;706;2,73
5819;707;2,83
5820;708;2,94
5821;710;3,14
5822;707;2,83
5824;714;3,54
5825;708;2,94
5826;706;2,73
5827;708;2,94
5829;709;3,04
5830;707;2,83
5831;709;3,04
5832;708;2,94
5834;712;3,34
5835;709;3,04
5836;708;2,94
5837;707;2,83
5839;708;2,94
5840;709;3,04
5841;709;3,04
5842;713;3,44
5844;709;3,04
5846;710;3,14
5847;709;3,04
5848;710;3,14
5850;711;3,24
5851;709;3,04
5852;712;3,34
5853;711;3,24
5855;710;3,14
5856;710;3,14
5857;708;2,94
5858;710;3,14
5860;708;2,94
5861;709;3,04
5862;711;3,24
5863;710;3,14
5864;711;3,24
5866;709;3,04
5867;710;3,14
5868;709;3,04
5869;711;3,24
5871;712;3,34
5872;710;3,14
5873;710;3,14
5874;715;3,64
5876;713;3,44
5877;715;3,64
5878;711;3,24
5879;712;3,34
5881;712;3,34
5882;711;3,24
5883;711;3,24
5884;712;3,34
5886;711;3,24
5888;711;3,24
5889;710;3,14
5890;712;3,34
5892;712;3,34
5893;712;3,34
5894;715;3,64
5895;711;3,24
5897;713;3,44
5898;715;3,64
5899;711;3,24
5900;712;3,34
5902;711;3,24
5903;711;3,24
5904;712;3,34
5905;712;3,34
5907;711;3,24
5908;711;3,24
5909;714;3,54
5910;714;3,54
5912;713;3,44
5913;712;3,34
5914;712;3,34
5915;712;3,34
5917;713;3,44
5918;713;3,44
5919;713;3,44
5920;713;3,44
5922;713;3,44
5923;714;3,54
5924;719;4,04
5925;715;3,64
5927;714;3,54
5928;715;3,64
5929;715;3,64
5931;714;3,54
5932;716;3,74
5934;716;3,74
5935;714;3,54
5936;714;3,54
5937;716;3,74
5939;715;3,64
5940;715;3,64
5941;716;3,74
5942;717;3,84
5944;715;3,64
5945;715;3,64
5946;716;3,74
5947;716;3,74
5949;714;3,54
5950;716;3,74
5951;716;3,74
5952;719;4,04
5954;721;4,24
5955;718;3,94
5956;716;3,74
5957;717;3,84
5959;715;3,64
5960;719;4,04
5961;718;3,94
5962;716;3,74
5964;717;3,84
5965;714;3,54
5966;714;3,54
5967;716;3,74
5969;717;3,84
5970;715;3,64
5971;715;3,64
5972;716;3,74
5975;716;3,74
5976;718;3,94
5977;715;3,64
5978;716;3,74
5980;716;3,74
5981;714;3,54
5982;717;3,84
5983;714;3,54
5985;715;3,64
5986;717;3,84
5987;714;3,54
5988;715;3,64
5990;717;3,84
5991;715;3,64
5992;713;3,44
5993;716;3,74
5994;716;3,74
5996;714;3,54
5997;716;3,74
5998;715;3,64
5999;715;3,64
6001;716;3,74
6002;714;3,54
6003;713;3,44
6004;715;3,64
6006;715;3,64
6007;715;3,64
6008;715;3,64
6009;718;3,94
6011;716;3,74
6012;716;3,74
6013;716;3,74
6014;717;3,84
6017;715;3,64
6018;716;3,74
6019;717;3,84
6020;716;3,74
6022;718;3,94
6023;717;3,84
6024;716;3,74
6025;717;3,84
6027;720;4,14
6028;718;3,94
6029;719;4,04
6030;719;4,04
6032;717;3,84
6033;717;3,84
6034;718;3,94
6035;717;3,84
6037;721;4,24
6038;718;3,94
6039;718;3,94
6040;719;4,04
6042;717;3,84
6043;720;4,14
6044;719;4,04
6045;717;3,84
6047;719;4,04
6048;716;3,74
6049;717;3,84
6050;717;3,84
6052;719;4,04
6053;717;3,84
6054;716;3,74
6055;716;3,74
6056;718;3,94
6059;718;3,94
6060;716;3,74
6061;718;3,94
6062;715;3,64
6064;715;3,64
6065;715;3,64
6066;718;3,94
6067;718;3,94
6069;716;3,74
6070;719;4,04
6071;718;3,94
6072;715;3,64
6074;718;3,94
6075;715;3,64
6076;715;3,64
6077;716;3,74
6079;714;3,54
6080;715;3,64
6081;716;3,74
6082;714;3,54
6084;715;3,64
6085;713;3,44
6086;717;3,84
6087;716;3,74
6089;715;3,64
6090;714;3,54
6091;713;3,44
6092;721;4,24
6094;714;3,54
6095;714;3,54
6096;717;3,84
6097;716;3,74
6099;718;3,94
6100;714;3,54
6102;716;3,74
6103;715;3,64
6105;715;3,64
6106;717;3,84
6107;716;3,74
6108;715;3,64
6110;714;3,54
6111;714;3,54
6112;714;3,54
6113;715;3,64
6115;713;3,44
6116;715;3,64
6117;721;4,24
6118;715;3,64
6120;715;3,64
6121;715;3,64
6122;715;3,64
6123;713;3,44
6124;716;3,74
6126;713;3,44
6127;712;3,34
6128;714;3,54
6129;718;3,94
6131;716;3,74
6132;711;3,24
6133;713;3,44
6134;711;3,24
6136;710;3,14
6137;712;3,34
6138;713;3,44
6139;715;3,64
6141;714;3,54
6142;710;3,14
6144;711;3,24
6145;711;3,24
6147;710;3,14
6148;716;3,74
6149;716;3,74
6150;713;3,44
6152;714;3,54
6153;709;3,04
6154;709;3,04
6155;709;3,04
6157;710;3,14
6158;707;2,83
6159;707;2,83
6160;707;2,83
6162;706;2,73
6163;711;3,24
6164;711;3,24
6165;709;3,04
6167;709;3,04
6168;708;2,94
6169;714;3,54
6170;711;3,24
6172;715;3,64
6173;711;3,24
6174;711;3,24
6175;711;3,24
6177;713;3,44
6178;712;3,34
6179;713;3,44
6180;713;3,44
6182;717;3,84
6183;718;3,94
6184;715;3,64
6185;713;3,44
6188;717;3,84
6189;714;3,54
6190;716;3,74
6191;718;3,94
6192;714;3,54
6194;713;3,44
6195;713;3,44
6196;713;3,44
6197;716;3,74
6199;715;3,64
6200;712;3,34
6201;713;3,44
6202;712;3,34
6204;714;3,54
6205;711;3,24
6206;709;3,04
6207;710;3,14
6209;709;3,04
6210;709;3,04
6211;712;3,34
6212;710;3,14
6214;708;2,94
6215;709;3,04
6216;711;3,24
6217;711;3,24
6219;710;3,14
6220;709;3,04
6221;710;3,14
6222;709;3,04
6224;709;3,04
6225;708;2,94
6226;710;3,14
6227;708;2,94
6230;706;2,73
6231;708;2,94
6232;707;2,83
6233;707;2,83
6235;709;3,04
6236;708;2,94
6237;708;2,94
6238;708;2,94
6240;708;2,94
6241;708;2,94
6242;709;3,04
6243;709;3,04
6245;710;3,14
6246;709;3,04
6247;708;2,94
6248;708;2,94
6250;705;2,63
6251;709;3,04
6252;712;3,34
6253;709;3,04
6255;705;2,63
6256;705;2,63
6257;705;2,63
6258;706;2,73
6259;709;3,04
6261;707;2,83
6262;709;3,04
6263;706;2,73
6264;709;3,04
6266;708;2,94
6267;707;2,83
6268;710;3,14
6269;708;2,94
6272;708;2,94
6273;709;3,04
6274;707;2,83
6275;708;2,94
6277;712;3,34
6278;710;3,14
6279;707;2,83
6280;709;3,04
6282;707;2,83
6283;708;2,94
6284;709;3,04
6285;709;3,04
6287;707;2,83
6288;707;2,83
6289;711;3,24
6290;710;3,14
6292;710;3,14
6293;709;3,04
6294;706;2,73
6295;712;3,34
6297;708;2,94
6298;706;2,73
6299;711;3,24
6300;707;2,83
6302;708;2,94
6303;706;2,73
6304;706;2,73
6305;706;2,73
6307;707;2,83
6308;706;2,73
6309;706;2,73
6310;708;2,94
6312;707;2,83
6313;706;2,73
6315;706;2,73
6316;708;2,94
6318;706;2,73
6319;706;2,73
6320;712;3,34
6321;705;2,63
6322;705;2,63
6324;707;2,83
6325;709;3,04
6326;705;2,63
6327;710;3,14
6329;707;2,83
6330;707;2,83
6331;708;2,94
6332;706;2,73
6334;707;2,83
6335;707;2,83
6336;705;2,63
6337;706;2,73
6339;704;2,53
6340;705;2,63
6341;707;2,83
6342;708;2,94
6344;705;2,63
6345;708;2,94
6346;708;2,94
6347;709;3,04
6349;708;2,94
6350;710;3,14
6351;707;2,83
6352;712;3,34
6354;707;2,83
6355;712;3,34
6356;715;3,64
6358;708;2,94
6360;707;2,83
6361;708;2,94
6362;712;3,34
6363;708;2,94
6365;709;3,04
6366;707;2,83
6367;713;3,44
6368;707;2,83
6370;706;2,73
6371;707;2,83
6372;705;2,63
6373;711;3,24
6375;707;2,83
6376;704;2,53
6377;704;2,53
6378;705;2,63
6380;704;2,53
6381;704;2,53
6382;705;2,63
6383;706;2,73
6385;702;2,33
6386;703;2,43
6387;704;2,53
6388;704;2,53
6389;706;2,73
6391;705;2,63
6392;704;2,53
6393;707;2,83
6394;706;2,73
6396;712;3,34
6397;706;2,73
6398;707;2,83
6400;707;2,83
6402;708;2,94
6403;708;2,94
6404;706;2,73
6405;710;3,14
6407;711;3,24
6408;708;2,94
6409;707;2,83
6410;709;3,04
6412;710;3,14
6413;709;3,04
6414;709;3,04
6415;712;3,34
6417;709;3,04
6418;710;3,14
6419;709;3,04
6420;709;3,04
6422;712;3,34
6423;708;2,94
6424;710;3,14
6425;710;3,14
6427;711;3,24
6428;710;3,14
6429;711;3,24
6430;711;3,24
6432;710;3,14
6433;710;3,14
6434;710;3,14
6435;709;3,04
6437;710;3,14
6438;708;2,94
6439;709;3,04
6440;707;2,83
6443;708;2,94
6444;707;2,83
6445;712;3,34
6446;708;2,94
6448;710;3,14
6449;706;2,73
6450;706;2,73
6451;708;2,94
6452;710;3,14
6454;705;2,63
6455;710;3,14
6456;709;3,04
6457;704;2,53
6459;707;2,83
6460;710;3,14
6461;706;2,73
6462;705;2,63
6464;705;2,63
6465;705;2,63
6466;706;2,73
6467;709;3,04
6469;706;2,73
6470;706;2,73
6471;709;3,04
6472;706;2,73
6474;706;2,73
6475;708;2,94
6476;707;2,83
6477;709;3,04
6479;708;2,94
6480;706;2,73
6481;706;2,73
6482;710;3,14
6484;707;2,83
6486;708;2,94
6487;708;2,94
6488;708;2,94
6490;710;3,14
6491;710;3,14
6492;710;3,14
6493;713;3,44
6495;709;3,04
6496;710;3,14
6497;710;3,14
6498;711;3,24
6500;710;3,14
6501;708;2,94
6502;712;3,34
6503;709;3,04
6505;711;3,24
6506;711;3,24
6507;713;3,44
6508;713;3,44
6510;711;3,24
6511;710;3,14
6512;711;3,24
6513;709;3,04
6515;713;3,44
6516;709;3,04
6517;712;3,34
6518;707;2,83
6519;708;2,94
6521;710;3,14
6522;708;2,94
6523;710;3,14
6524;706;2,73
6526;708;2,94
6528;708;2,94
6529;708;2,94
6530;710;3,14
6532;709;3,04
6533;709;3,04
6534;708;2,94
6535;708;2,94
6537;711;3,24
6538;710;3,14
6539;709;3,04
6540;710;3,14
6542;712;3,34
6543;712;3,34
6544;710;3,14
6545;710;3,14
6547;709;3,04
6548;709;3,04
6549;709;3,04
6550;710;3,14
6552;710;3,14
6553;710;3,14
6554;710;3,14
6555;710;3,14
6557;710;3,14
6558;710;3,14
6559;711;3,24
6560;711;3,24
6562;711;3,24
6563;711;3,24
6564;710;3,14
6565;709;3,04
6567;708;2,94
6568;708;2,94
6569;708;2,94
6571;706;2,73
6573;710;3,14
6574;707;2,83
6575;706;2,73
6576;707;2,83
6578;704;2,53
6579;706;2,73
6580;707;2,83
6581;708;2,94
6582;706;2,73
6584;705;2,63
6585;706;2,73
6586;706;2,73
6587;707;2,83
6589;715;3,64
6590;711;3,24
6591;710;3,14
6592;712;3,34
6594;711;3,24
6595;712;3,34
6596;713;3,44
6597;712;3,34
6599;714;3,54
6600;713;3,44
6601;713;3,44
6602;714;3,54
6604;714;3,54
6605;714;3,54
6606;715;3,64
6607;715;3,64
6609;716;3,74
6610;715;3,64
6611;713;3,44
6612;714;3,54
6615;716;3,74
6616;714;3,54
6617;714;3,54
6618;712;3,34
6620;715;3,64
6621;714;3,54
6622;711;3,24
6623;711;3,24
6625;712;3,34
6626;710;3,14
6627;711;3,24
6628;710;3,14
6630;709;3,04
6631;708;2,94
6632;708;2,94
6633;708;2,94
6635;707;2,83
6636;708;2,94
6637;709;3,04
6638;707;2,83
6640;710;3,14
6641;710;3,14
6642;708;2,94
6643;706;2,73
6645;706;2,73
6646;710;3,14
6647;708;2,94
6648;709;3,04
6649;706;2,73
6651;707;2,83
6652;707;2,83
6653;710;3,14
6654;709;3,04
6657;708;2,94
6658;709;3,04
6659;708;2,94
6660;708;2,94
6662;710;3,14
6663;713;3,44
6664;711;3,24
6665;713;3,44
6667;710;3,14
6668;714;3,54
6669;710;3,14
6670;713;3,44
6672;713;3,44
6673;713;3,44
6674;713;3,44
6675;712;3,34
6677;713;3,44
6678;713;3,44
6679;713;3,44
6680;714;3,54
6682;712;3,34
6683;719;4,04
6684;712;3,34
6685;713;3,44
6687;714;3,54
6688;712;3,34
6689;712;3,34
6690;714;3,54
6692;713;3,44
6693;711;3,24
6694;710;3,14
6695;710;3,14
6697;714;3,54
6699;709;3,04
6700;710;3,14
6701;711;3,24
6703;709;3,04
6704;711;3,24
6705;710;3,14
6706;709;3,04
6708;709;3,04
6709;710;3,14
6710;707;2,83
6711;708;2,94
6712;709;3,04
6714;714;3,54
6715;707;2,83
6716;710;3,14
6717;708;2,94
6719;708;2,94
6720;709;3,04
6721;708;2,94
6722;710;3,14
6724;709;3,04
6725;710;3,14
6726;711;3,24
6727;712;3,34
6729;710;3,14
6730;713;3,44
6731;708;2,94
6732;709;3,04
6734;713;3,44
6735;709;3,04
6736;709;3,04
6737;709;3,04
6739;711;3,24
6740;712;3,34
6742;711;3,24
6743;715;3,64
6745;711;3,24
6746;714;3,54
6747;712;3,34
6748;716;3,74
6750;713;3,44
6751;714;3,54
6752;711;3,24
6753;710;3,14
6755;710;3,14
6756;712;3,34
6757;710;3,14
6758;711;3,24
6760;710;3,14
6761;709;3,04
6762;708;2,94
6763;707;2,83
6765;705;2,63
6766;709;3,04
6767;710;3,14
6768;705;2,63
6770;707;2,83
6771;705;2,63
6772;707;2,83
6773;704;2,53
6775;707;2,83
6776;707;2,83
6777;707;2,83
6778;707;2,83
6779;709;3,04
6781;705;2,63
6782;708;2,94
6784;707;2,83
6785;705;2,63
6787;706;2,73
6788;706;2,73
6789;706;2,73
6790;705;2,63
6792;709;3,04
6793;706;2,73
6794;707;2,83
6795;707;2,83
6797;706;2,73
6798;707;2,83
6799;708;2,94
6800;706;2,73
6802;707;2,83
6803;708;2,94
6804;711;3,24
6805;707;2,83
6807;706;2,73
6808;705;2,63
6809;707;2,83
6810;709;3,04
6812;706;2,73
6813;706;2,73
6814;708;2,94
6815;712;3,34
6817;707;2,83
6818;703;2,43
6819;709;3,04
6820;705;2,63
6822;710;3,14
6823;705;2,63
6824;707;2,83
6825;708;2,94
6828;707;2,83
6829;709;3,04
6830;706;2,73
6831;708;2,94
6833;706;2,73
6834;707;2,83
6835;707;2,83
6836;706;2,73
6838;707;2,83
6839;707;2,83
6840;706;2,73
6841;707;2,83
6843;706;2,73
6844;707;2,83
6845;708;2,94
6846;706;2,73
6847;708;2,94
6849;709;3,04
6850;709;3,04
6851;709;3,04
6852;705;2,63
6854;707;2,83
6855;707;2,83
6856;706;2,73
6857;710;3,14
6859;706;2,73
6860;708;2,94
6861;707;2,83
6862;706;2,73
6864;705;2,63
6865;705;2,63
6866;706;2,73
6867;706;2,73
6870;704;2,53
6871;705;2,63
6872;706;2,73
6873;706;2,73
6875;708;2,94
6876;705;2,63
6877;702;2,33
6878;706;2,73
6880;708;2,94
6881;703;2,43
6882;704;2,53
6883;706;2,73
6885;709;3,04
6886;707;2,83
6887;706;2,73
6888;705;2,63
6890;707;2,83
6891;705;2,63
6892;709;3,04
6893;707;2,83
6895;705;2,63
6896;707;2,83
6897;707;2,83
6898;706;2,73
6900;705;2,63
6901;704;2,53
6902;707;2,83
6903;705;2,63
6905;705;2,63
6906;705;2,63
6907;706;2,73
6908;707;2,83
6909;706;2,73
6912;705;2,63
6913;704;2,53
6914;707;2,83
6915;707;2,83
6917;702;2,33
6918;704;2,53
6919;705;2,63
6920;709;3,04
6922;705;2,63
6923;704;2,53
6924;706;2,73
6925;704;2,53
6927;705;2,63
6928;706;2,73
6929;706;2,73
6930;707;2,83
6932;704;2,53
6933;706;2,73
6934;707;2,83
6935;708;2,94
6937;707;2,83
6938;708;2,94
6939;711;3,24
6940;709;3,04
6942;708;2,94
6943;711;3,24
6944;708;2,94
6945;712;3,34
6947;708;2,94
6948;709;3,04
6949;708;2,94
6950;708;2,94
6952;708;2,94
6953;709;3,04
6955;709;3,04
6956;708;2,94
6958;708;2,94
6959;707;2,83
6960;707;2,83
6961;705;2,63
6963;705;2,63
6964;705;2,63
6965;703;2,43
6966;704;2,53
6968;705;2,63
6969;703;2,43
6970;706;2,73
6971;703;2,43
6973;704;2,53
6974;700;2,13
6975;702;2,33
6976;702;2,33
6977;702;2,33
6979;705;2,63
6980;701;2,23
6981;700;2,13
6982;702;2,33
6984;702;2,33
6985;702;2,33
6986;703;2,43
6987;702;2,33
6989;704;2,53
6990;703;2,43
6991;704;2,53
6992;703;2,43
6994;705;2,63
6995;704;2,53
6996;705;2,63
6998;707;2,83
7000;707;2,83
7001;708;2,94
7002;710;3,14
7003;709;3,04
7005;707;2,83
7006;711;3,24
7007;709;3,04
7008;710;3,14
7010;712;3,34
7011;715;3,64
7012;711;3,24
7013;711;3,24
7015;712;3,34
7016;712;3,34
7017;712;3,34
7018;711;3,24
7020;712;3,34
7021;711;3,24
7022;712;3,34
7023;713;3,44
7025;708;2,94
7026;710;3,14
7027;709;3,04
7028;707;2,83
7030;708;2,94
7031;707;2,83
7032;707;2,83
7033;706;2,73
7035;706;2,73
7036;705;2,63
7037;706;2,73
7038;704;2,53
7040;705;2,63
7042;704;2,53
7043;704;2,53
7044;706;2,73
7045;705;2,63
7047;702;2,33
7048;702;2,33
7049;704;2,53
7050;702;2,33
7052;702;2,33
7053;704;2,53
7054;704;2,53
7055;703;2,43
7057;701;2,23
7058;703;2,43
7059;702;2,33
7060;700;2,13
7062;700;2,13
7063;702;2,33
7064;700;2,13
7065;700;2,13
7067;700;2,13
7068;699;2,03
7069;700;2,13
7070;702;2,33
7072;701;2,23
7073;701;2,23
7074;703;2,43
7075;702;2,33
7077;702;2,33
7078;703;2,43
7079;703;2,43
7080;703;2,43
7083;704;2,53
7084;703;2,43
7085;702;2,33
7086;704;2,53
7088;703;2,43
7089;707;2,83
7090;704;2,53
7091;703;2,43
7093;704;2,53
7094;704;2,53
7095;707;2,83
7096;704;2,53
7098;706;2,73
7099;703;2,43
7100;701;2,23
7101;706;2,73
7103;703;2,43
7104;704;2,53
7105;707;2,83
7106;705;2,63
7107;705;2,63
7109;705;2,63
7110;704;2,53
7111;706;2,73
7112;706;2,73
7114;703;2,43
7115;706;2,73
7116;705;2,63
7117;705;2,63
7119;706;2,73
7120;705;2,63
7121;703;2,43
7122;703;2,43
7124;706;2,73
7126;703;2,43
7127;705;2,63
7128;704;2,53
7130;702;2,33
7131;702;2,33
7132;703;2,43
7133;702;2,33
7135;701;2,23
7136;701;2,23
7137;702;2,33
7138;701;2,23
7140;700;2,13
7141;700;2,13
7142;702;2,33
7143;701;2,23
7145;700;2,13
7146;701;2,23
7147;703;2,43
7148;701;2,23
7150;701;2,23
7151;700;2,13
7152;700;2,13
7153;701;2,23
7155;702;2,33
7156;701;2,23
7157;701;2,23
7158;701;2,23
7160;702;2,33
7161;702;2,33
7162;701;2,23
7163;703;2,43
7165;702;2,33
7166;702;2,33
7168;701;2,23
7169;705;2,63
7170;703;2,43
7172;701;2,23
7173;702;2,33
7174;705;2,63
7175;707;2,83
7177;701;2,23
7178;704;2,53
7179;702;2,33
7180;700;2,13
7182;701;2,23
7183;701;2,23
7184;705;2,63
7185;700;2,13
7187;700;2,13
7188;702;2,33
7189;702;2,33
7190;701;2,23
7192;701;2,23
7193;703;2,43
7194;701;2,23
7195;702;2,33
7197;701;2,23
7198;701;2,23
7199;703;2,43
7200;702;2,33
7202;702;2,33
7203;702;2,33
7204;703;2,43
7205;702;2,33
7207;703;2,43
7208;702;2,33
7209;706;2,73
7211;702;2,33
7213;704;2,53
7214;702;2,33
7215;703;2,43
7216;703;2,43
7218;703;2,43
7219;703;2,43
7220;702;2,33
7221;707;2,83
7223;702;2,33
7224;703;2,43
7225;702;2,33
7226;706;2,73
7228;702;2,33
7229;702;2,33
7230;701;2,23
7231;705;2,63
7233;703;2,43
7234;704;2,53
7235;703;2,43
7236;701;2,23
7237;701;2,23
7239;701;2,23
7240;701;2,23
7241;701;2,23
7242;703;2,43
7244;702;2,33
7245;701;2,23
7246;702;2,33
7247;703;2,43
7249;702;2,33
7250;702;2,33
7251;702;2,33
7252;700;2,13
7255;705;2,63
7256;702;2,33
7257;703;2,43
7258;706;2,73
7260;702;2,33
7261;703;2,43
7262;701;2,23
7263;701;2,23
7265;700;2,13
7266;702;2,33
7267;701;2,23
7268;702;2,33
7270;702;2,33
7271;700;2,13
7272;703;2,43
7273;700;2,13
7275;703;2,43
7276;700;2,13
7277;699;2,03
7278;700;2,13
7280;700;2,13
7281;701;2,23
7282;701;2,23
7283;700;2,13
7285;701;2,23
7286;701;2,23
7287;700;2,13
7288;700;2,13
7290;701;2,23
7291;701;2,23
7292;701;2,23
7293;704;2,53
7296;700;2,13
7297;703;2,43
7298;702;2,33
7299;703;2,43
7300;702;2,33
7302;702;2,33
7303;703;2,43
7304;701;2,23
7305;703;2,43
7307;706;2,73
7308;702;2,33
7309;702;2,33
7310;703;2,43
7312;705;2,63
7313;703;2,43
7314;702;2,33
7315;705;2,63
7317;702;2,33
7318;702;2,33
7319;703;2,43
7320;703;2,43
7322;701;2,23
7323;703;2,43
7324;703;2,43
7325;702;2,33
7327;701;2,23
7328;704;2,53
7329;702;2,33
7330;701;2,23
7332;699;2,03
7333;699;2,03
7334;700;2,13
7335;699;2,03
7337;697;1,83
7339;700;2,13
7340;701;2,23
7341;697;1,83
7343;699;2,03
7344;699;2,03
7345;699;2,03
7346;699;2,03
7348;699;2,03
7349;698;1,93
7350;699;2,03
7351;698;1,93
7353;697;1,83
7354;696;1,73
7355;700;2,13
7356;696;1,73
7358;696;1,73
7359;697;1,83
7360;698;1,93
7361;699;2,03
7363;698;1,93
7364;696;1,73
7365;696;1,73
7366;697;1,83
7367;697;1,83
7369;697;1,83
7370;698;1,93
7371;697;1,83
7372;702;2,33
7374;697;1,83
7375;699;2,03
7376;699;2,03
7377;699;2,03
7379;698;1,93
7380;697;1,83
7382;698;1,93
7383;699;2,03
7385;700;2,13
7386;699;2,03
7387;700;2,13
7388;701;2,23
7390;703;2,43
7391;698;1,93
7392;700;2,13
7393;701;2,23
7395;698;1,93
7396;701;2,23
7397;700;2,13
7398;700;2,13
7400;700;2,13
7401;700;2,13
7402;700;2,13
7403;705;2,63
7405;700;2,13
7406;703;2,43
7407;701;2,23
7408;700;2,13
7410;702;2,33
7411;701;2,23
7412;699;2,03
7413;699;2,03
7415;701;2,23
7416;704;2,53
7417;700;2,13
7418;699;2,03
7420;699;2,03
7421;703;2,43
7422;698;1,93
7424;701;2,23
7426;698;1,93
7427;700;2,13
7428;702;2,33
7429;702;2,33
7430;699;2,03
7432;700;2,13
7433;700;2,13
7434;697;1,83
7435;698;1,93
7437;697;1,83
7438;697;1,83
7439;703;2,43
7440;702;2,33
7442;698;1,93
7443;698;1,93
7444;698;1,93
7445;698;1,93
7447;701;2,23
7448;696;1,73
7449;700;2,13
7450;698;1,93
7452;699;2,03
7453;700;2,13
7454;698;1,93
7455;701;2,23
7457;698;1,93
7458;702;2,33
7459;699;2,03
7460;699;2,03
7462;699;2,03
7463;699;2,03
7464;702;2,33
7465;704;2,53
7468;701;2,23
7469;699;2,03
7470;700;2,13
7471;699;2,03
7473;699;2,03
7474;699;2,03
7475;699;2,03
7476;701;2,23
7478;703;2,43
7479;702;2,33
7480;702;2,33
7481;700;2,13
7483;699;2,03
7484;700;2,13
7485;698;1,93
7486;698;1,93
7488;700;2,13
7489;702;2,33
7490;702;2,33
7491;698;1,93
7493;697;1,83
7494;700;2,13
7495;698;1,93
7496;697;1,83
7497;697;1,83
7499;696;1,73
7500;697;1,83
7501;696;1,73
7502;700;2,13
7504;695;1,63
7505;696;1,73
7506;698;1,93
7507;697;1,83
7510;697;1,83
7511;696;1,73
7512;701;2,23
7513;697;1,83
7515;696;1,73
7516;697;1,83
7517;697;1,83
7518;695;1,63
7520;696;1,73
7521;695;1,63
7522;696;1,73
7523;699;2,03
7525;697;1,83
7526;697;1,83
7527;695;1,63
7528;696;1,73
7530;696;1,73
7531;701;2,23
7532;701;2,23
7533;697;1,83
7535;695;1,63
7536;694;1,53
7537;698;1,93
7538;697;1,83
7540;695;1,63
7541;695;1,63
7542;695;1,63
7543;697;1,83
7545;696;1,73
7546;697;1,83
7547;696;1,73
7548;695;1,63
7550;695;1,63
7552;698;1,93
7553;694;1,53
7554;696;1,73
7556;696;1,73
7557;697;1,83
7558;697;1,83
7559;694;1,53
7561;694;1,53
7562;695;1,63
7563;697;1,83
7564;694;1,53
7565;694;1,53
7567;695;1,63
7568;698;1,93
7569;696;1,73
7570;695;1,63
7572;695;1,63
7573;695;1,63
7574;694;1,53
7575;693;1,43
7577;697;1,83
7578;696;1,73
7579;692;1,32
7580;694;1,53
7582;693;1,43
7583;694;1,53
7584;693;1,43
7585;694;1,53
7587;693;1,43
7588;694;1,53
7589;692;1,32
7590;694;1,53
7592;693;1,43
7593;694;1,53
7595;693;1,43
7596;692;1,32
7598;693;1,43
7599;692;1,32
7600;693;1,43
7601;697;1,83
7603;696;1,73
7604;692;1,32
7605;691;1,22
7606;692;1,32
7608;696;1,73
7609;692;1,32
7610;693;1,43
7611;693;1,43
7613;692;1,32
7614;694;1,53
7615;692;1,32
7616;693;1,43
7618;693;1,43
7619;693;1,43
7620;693;1,43
7621;691;1,22
7623;693;1,43
7624;697;1,83
7625;693;1,43
7626;694;1,53
7627;692;1,32
7629;693;1,43
7630;693;1,43
7631;692;1,32
7632;693;1,43
7634;694;1,53
7635;692;1,32
7636;691;1,22
7638;695;1,63
7640;693;1,43
7641;693;1,43
7642;695;1,63
7643;692;1,32
7645;696;1,73
7646;693;1,43
7647;693;1,43
7648;692;1,32
7650;692;1,32
7651;692;1,32
7652;693;1,43
7653;691;1,22
7655;693;1,43
7656;691;1,22
7657;701;2,23
7658;694;1,53
7660;692;1,32
7661;692;1,32
7662;692;1,32
7663;692;1,32
7665;696;1,73
7666;693;1,43
7667;692;1,32
7668;693;1,43
7670;697;1,83
7671;695;1,63
7672;694;1,53
7673;693;1,43
7675;693;1,43
7676;697;1,83
7677;694;1,53
7678;692;1,32
7681;692;1,32
7682;692;1,32
7683;692;1,32
7684;692;1,32
7686;692;1,32
7687;696;1,73
7688;692;1,32
7689;699;2,03
7691;693;1,43
7692;691;1,22
7693;693;1,43
7694;694;1,53
7695;692;1,32
7697;697;1,83
7698;691;1,22
7699;691;1,22
7700;692;1,32
7702;692;1,32
7703;693;1,43
7704;693;1,43
7705;693;1,43
7707;696;1,73
7708;693;1,43
7709;691;1,22
7710;693;1,43
7712;695;1,63
7713;692;1,32
7714;692;1,32
7715;693;1,43
7717;695;1,63
7718;692;1,32
7719;693;1,43
7720;692;1,32
7723;695;1,63
7724;693;1,43
7725;693;1,43
7726;692;1,32
7728;691;1,22
7729;691;1,22
7730;692;1,32
7731;693;1,43
7733;692;1,32
7734;693;1,43
7735;692;1,32
7736;690;1,12
7738;693;1,43
7739;692;1,32
7740;691;1,22
7741;694;1,53
7743;691;1,22
7744;695;1,63
7745;693;1,43
7746;692;1,32
7748;691;1,22
7749;691;1,22
7750;692;1,32
7751;690;1,12
7753;696;1,73
7754;691;1,22
7755;692;1,32
7756;691;1,22
7757;691;1,22
7759;690;1,12
7760;692;1,32
7761;690;1,12
7762;694;1,53
7764;691;1,22
7766;690;1,12
7767;691;1,22
7768;691;1,22
7770;689;1,02
7771;695;1,63
7772;690;1,12
7773;692;1,32
7775;697;1,83
7776;690;1,12
7777;691;1,22
7778;692;1,32
7780;693;1,43
7781;689;1,02
7782;690;1,12
7783;691;1,22
7785;691;1,22
7786;695;1,63
7787;690;1,12
7788;691;1,22
7790;690;1,12
7791;694;1,53
7792;691;1,22
7793;693;1,43
7795;689;1,02
7796;689;1,02
7797;691;1,22
7798;698;1,93
7800;690;1,12
7801;692;1,32
7802;689;1,02
7803;690;1,12
7805;690;1,12
7806;690;1,12
7808;693;1,43
7809;689;1,02
7811;691;1,22
7812;689;1,02
7813;689;1,02
7814;690;1,12
7816;691;1,22
7817;690;1,12
7818;693;1,43
7819;689;1,02
7821;694;1,53
7822;691;1,22
7823;692;1,32
7824;696;1,73
7825;691;1,22
7827;691;1,22
7828;695;1,63
7829;690;1,12
7830;689;1,02
7832;690;1,12
7833;697;1,83
7834;690;1,12
7835;690;1,12
7837;690;1,12
7838;693;1,43
7839;693;1,43
7840;690;1,12
7842;690;1,12
7843;695;1,63
7844;689;1,02
7845;697;1,83
7847;691;1,22
7848;690;1,12
7849;690;1,12
7851;692;1,32
7853;690;1,12
7854;690;1,12
7855;689;1,02
7856;689;1,02
7858;696;1,73
7859;690;1,12
7860;689;1,02
7861;691;1,22
7863;689;1,02
7864;688;0,92
7865;690;1,12
7866;692;1,32
7868;693;1,43
7869;692;1,32
7870;689;1,02
7871;690;1,12
7873;688;0,92
7874;687;0,82
7875;694;1,53
7876;688;0,92
7878;689;1,02
7879;689;1,02
7880;690;1,12
7881;690;1,12
7883;690;1,12
7884;687;0,82
7885;693;1,43
7886;691;1,22
7887;694;1,53
7889;688;0,92
7890;688;0,92
7891;693;1,43
7892;688;0,92
7895;687;0,82
7896;689;1,02
7897;691;1,22
7898;686;0,72
7900;690;1,12
7901;689;1,02
7902;687;0,82
7903;688;0,92
7905;686;0,72
7906;694;1,53
7907;689;1,02
7908;688;0,92
7910;689;1,02
7911;689;1,02
7912;687;0,82
7913;688;0,92
7915;686;0,72
7916;687;0,82
7917;689;1,02
7918;688;0,92
7920;689;1,02
7921;690;1,12
7922;689;1,02
7923;687;0,82
7925;690;1,12
7926;689;1,02
7927;689;1,02
7928;691;1,22
7930;689;1,02
7931;688;0,92
7932;690;1,12
7933;688;0,92
7936;688;0,92
7937;688;0,92
7938;688;0,92
7939;690;1,12
7941;689;1,02
7942;688;0,92
7943;689;1,02
7944;687;0,82
7946;687;0,82
7947;687;0,82
7948;690;1,12
7949;687;0,82
7951;688;0,92
7952;689;1,02
7953;691;1,22
7954;690;1,12
7955;693;1,43
7957;688;0,92
7958;689;1,02
7959;687;0,82
7960;688;0,92
7962;688;0,92
7963;687;0,82
7964;687;0,82
7965;689;1,02
7967;687;0,82
7968;687;0,82
7969;688;0,92
7970;689;1,02
7972;688;0,92
7973;690;1,12
7974;686;0,72
7975;689;1,02
7977;687;0,82
7979;689;1,02
7980;687;0,82
7981;687;0,82
7983;687;0,82
7984;687;0,82
7985;689;1,02
7986;692;1,32
7988;687;0,82
7989;689;1,02
7990;688;0,92
7991;687;0,82
7993;688;0,92
7994;691;1,22
7995;692;1,32
7996;692;1,32
7998;688;0,92
7999;689;1,02
8000;693;1,43
8001;687;0,82
8003;688;0,92
8004;695;1,63
8005;686;0,72
8006;689;1,02
8008;687;0,82
8009;687;0,82
8010;688;0,92
8011;689;1,02
8013;687;0,82
8014;688;0,92
8015;691;1,22
8016;688;0,92
8017;692;1,32
8019;687;0,82
8020;687;0,82
8022;693;1,43
8023;687;0,82
8025;687;0,82
8026;690;1,12
8027;688;0,92
8028;688;0,92
8030;689;1,02
8031;688;0,92
8032;691;1,22
8033;689;1,02
8035;688;0,92
8036;687;0,82
8037;690;1,12
8038;688;0,92
8040;688;0,92
8041;688;0,92
8042;692;1,32
8043;690;1,12
8045;687;0,82
8046;688;0,92
8047;686;0,72
8048;691;1,22
8050;686;0,72
8051;687;0,82
8052;687;0,82
8053;685;0,62
8055;688;0,92
8056;689;1,02
8057;687;0,82
8058;685;0,62
8060;688;0,92
8061;685;0,62
8062;684;0,52
8064;686;0,72
8066;685;0,62
8067;687;0,82
8068;686;0,72
8069;687;0,82
8071;686;0,72
8072;686;0,72
8073;685;0,62
8074;687;0,82
8076;684;0,52
8077;687;0,82
8078;686;0,72
8079;685;0,62
8081;688;0,92
8082;686;0,72
8083;685;0,62
8084;687;0,82
8085;687;0,82
8087;687;0,82
8088;688;0,92
8089;688;0,92
8090;690;1,12
8092;688;0,92
8093;691;1,22
8094;688;0,92
8095;688;0,92
8097;689;1,02
8098;687;0,82
8099;686;0,72
8100;687;0,82
8102;685;0,62
8103;688;0,92
8104;689;1,02
8105;687;0,82
8108;690;1,12
8109;690;1,12
8110;688;0,92
8111;690;1,12
8113;687;0,82
8114;685;0,62
8115;688;0,92
8116;685;0,62
8118;690;1,12
8119;689;1,02
8120;687;0,82
8121;690;1,12
8123;685;0,62
8124;688;0,92
8125;688;0,92
8126;687;0,82
8128;687;0,82
8129;688;0,92
8130;687;0,82
8131;688;0,92
8133;688;0,92
8134;689;1,02
8135;689;1,02
8136;690;1,12
8138;688;0,92
8139;686;0,72
8140;687;0,82
8141;689;1,02
8143;690;1,12
8144;689;1,02
8145;687;0,82
8146;688;0,92
8148;688;0,92
8150;689;1,02
8151;690;1,12
8152;687;0,82
8153;688;0,92
8155;687;0,82
8156;687;0,82
8157;688;0,92
8158;690;1,12
8160;690;1,12
8161;687;0,82
8162;689;1,02
8163;689;1,02
8165;689;1,02
8166;692;1,32
8167;689;1,02
8168;688;0,92
8170;690;1,12
8171;690;1,12
8172;688;0,92
8173;688;0,92
8175;689;1,02
8176;692;1,32
8177;689;1,02
8178;689;1,02
8180;690;1,12
8181;694;1,53
8182;690;1,12
8183;692;1,32
8185;688;0,92
8186;687;0,82
8187;687;0,82
8188;691;1,22
8190;687;0,82
8192;689;1,02
8193;689;1,02
8194;688;0,92
8196;689;1,02
8197;694;1,53
8198;691;1,22
8199;687;0,82
8201;689;1,02
8202;687;0,82
8203;687;0,82
8204;694;1,53
8206;688;0,92
8207;687;0,82
8208;689;1,02
8209;691;1,22
8211;694;1,53
8212;693;1,43
8213;689;1,02
8214;690;1,12
8215;687;0,82
8217;691;1,22
8218;687;0,82
8219;687;0,82
8220;689;1,02
8222;687;0,82
8223;687;0,82
8224;686;0,72
8225;691;1,22
8227;687;0,82
8228;688;0,92
8229;688;0,92
8230;686;0,72
8232;687;0,82
8233;686;0,72
8235;688;0,92
8236;687;0,82
8238;687;0,82
8239;687;0,82
8240;690;1,12
8241;688;0,92
8243;687;0,82
8244;686;0,72
8245;687;0,82
8246;688;0,92
8248;687;0,82
8249;689;1,02
8250;687;0,82
8251;688;0,92
8253;692;1,32
8254;693;1,43
8255;686;0,72
8256;690;1,12
8258;688;0,92
8259;687;0,82
8260;688;0,92
8261;688;0,92
8263;686;0,72
8264;689;1,02
8265;690;1,12
8266;692;1,32
8268;688;0,92
8269;688;0,92
8270;687;0,82
8271;686;0,72
8273;685;0,62
8274;687;0,82
8275;686;0,72
8276;687;0,82
8279;685;0,62
8280;687;0,82
8281;686;0,72
8282;686;0,72
8283;687;0,82
8285;685;0,62
8286;686;0,72
8287;692;1,32
8288;690;1,12
8290;685;0,62
8291;685;0,62
8292;686;0,72
8293;685;0,62
8295;687;0,82
8296;686;0,72
8297;685;0,62
8298;684;0,52
8300;686;0,72
8301;685;0,62
8302;686;0,72
8303;688;0,92
8305;692;1,32
8306;686;0,72
8307;685;0,62
8308;685;0,62
8310;691;1,22
8311;686;0,72
8312;684;0,52
8313;687;0,82
8315;686;0,72
8316;687;0,82
8317;692;1,32
8318;685;0,62
8321;691;1,22
8322;686;0,72
8323;686;0,72
8324;685;0,62
8326;686;0,72
8327;687;0,82
8328;689;1,02
8329;688;0,92
8331;691;1,22
8332;686;0,72
8333;688;0,92
8334;687;0,82
8336;685;0,62
8337;686;0,72
8338;687;0,82
8339;687;0,82
8341;687;0,82
8342;688;0,92
8343;689;1,02
8344;688;0,92
8345;689;1,02
8347;689;1,02
8348;688;0,92
8349;688;0,92
8350;690;1,12
8352;687;0,82
8353;688;0,92
8354;686;0,72
8355;687;0,82
8357;688;0,92
8358;690;1,12
8359;687;0,82
8360;692;1,32
8363;687;0,82
8364;686;0,72
8365;687;0,82
8366;689;1,02
8368;687;0,82
8369;692;1,32
8370;689;1,02
8371;686;0,72
8373;689;1,02
8374;687;0,82
8375;691;1,22
8376;687;0,82
8378;687;0,82
8379;687;0,82
8380;688;0,92
8381;690;1,12
8383;689;1,02
8384;687;0,82
8385;687;0,82
8386;686;0,72
8388;689;1,02
8389;688;0,92
8390;687;0,82
8391;693;1,43
8393;687;0,82
8394;687;0,82
8395;688;0,92
8396;690;1,12
8398;686;0,72
8399;690;1,12
8400;688;0,92
8401;687;0,82
8403;689;1,02
8404;687;0,82
8406;689;1,02
8407;692;1,32
8409;689;1,02
8410;688;0,92
8411;694;1,53
8412;690;1,12
8413;689;1,02
8415;688;0,92
8416;687;0,82
8417;688;0,92
8418;689;1,02
8420;689;1,02
8421;687;0,82
8422;688;0,92
8423;691;1,22
8425;687;0,82
8426;688;0,92
8427;687;0,82
8428;688;0,92
8430;688;0,92
8431;688;0,92
8432;687;0,82
8433;687;0,82
8435;687;0,82
8436;687;0,82
8437;686;0,72
8438;689;1,02
8440;690;1,12
8441;689;1,02
8442;688;0,92
8443;689;1,02
8445;688;0,92
8446;688;0,92
8448;691;1,22
8449;689;1,02
8451;689;1,02
8452;687;0,82
8453;688;0,92
8454;688;0,92
8456;688;0,92
8457;688;0,92
8458;690;1,12
8459;687;0,82
8461;688;0,92
8462;689;1,02
8463;688;0,92
8464;688;0,92
8466;687;0,82
8467;687;0,82
8468;687;0,82
8469;690;1,12
8471;688;0,92
8472;687;0,82
8473;687;0,82
8474;691;1,22
8475;691;1,22
8477;687;0,82
8478;687;0,82
8479;689;1,02
8480;689;1,02
8482;687;0,82
8483;691;1,22
8484;688;0,92
8485;688;0,92
8487;688;0,92
8488;688;0,92
8489;686;0,72
8491;687;0,82
8493;686;0,72
8494;687;0,82
8495;686;0,72
8496;686;0,72
8498;687;0,82
8499;688;0,92
8500;686;0,72
8501;686;0,72
8503;690;1,12
8504;689;1,02
8505;686;0,72
8506;689;1,02
8508;688;0,92
8509;689;1,02
8510;687;0,82
8511;691;1,22
8513;688;0,92
8514;690;1,12
8515;688;0,92
8516;691;1,22
8518;693;1,43
8519;690;1,12
8520;689;1,02
8521;688;0,92
8523;690;1,12
8524;688;0,92
8525;694;1,53
8526;687;0,82
8528;689;1,02
8529;687;0,82
8530;688;0,92
8531;687;0,82
8534;691;1,22
8535;690;1,12
8536;688;0,92
8537;689;1,02
8539;687;0,82
8540;690;1,12
8541;687;0,82
8542;687;0,82
8543;688;0,92
8545;689;1,02
8546;689;1,02
8547;689;1,02
8548;687;0,82
8550;688;0,92
8551;686;0,72
8552;688;0,92
8553;691;1,22
8555;691;1,22
8556;691;1,22
8557;689;1,02
8558;688;0,92
8560;689;1,02
8561;687;0,82
8562;686;0,72
8563;686;0,72
8565;688;0,92
8566;686;0,72
8567;690;1,12
8568;697;1,83
8570;687;0,82
8571;690;1,12
8572;687;0,82
8573;688;0,92
8576;689;1,02
8577;686;0,72
8578;691;1,22
8579;687;0,82
8581;687;0,82
8582;686;0,72
8583;687;0,82
8584;686;0,72
8586;687;0,82
8587;688;0,92
8588;687;0,82
8589;691;1,22
8591;692;1,32
8592;689;1,02
8593;688;0,92
8594;688;0,92
8596;687;0,82
8597;688;0,92
8598;693;1,43
8599;689;1,02
8601;689;1,02
8602;688;0,92
8603;688;0,92
8604;689;1,02
8605;689;1,02
8607;688;0,92
8608;688;0,92
8609;689;1,02
8610;688;0,92
8612;691;1,22
8613;689;1,02
8614;687;0,82
8615;689;1,02
8617;689;1,02
8619;695;1,63
8620;688;0,92
8621;689;1,02
8623;687;0,82
8624;689;1,02
8625;692;1,32
8626;689;1,02
8628;696;1,73
8629;687;0,82
8630;695;1,63
8631;688;0,92
8633;688;0,92
8634;688;0,92
8635;689;1,02
8636;686;0,72
8638;690;1,12
8639;687;0,82
8640;687;0,82
8641;693;1,43
8643;688;0,92
8644;686;0,72
8645;688;0,92
8646;687;0,82
8648;685;0,62
8649;688;0,92
8650;688;0,92
8651;686;0,72
8653;688;0,92
8654;690;1,12
8655;686;0,72
8656;686;0,72
8658;685;0,62
8659;687;0,82
8660;690;1,12
8662;685;0,62
8664;689;1,02
8665;685;0,62
8666;688;0,92
8667;685;0,62
8669;687;0,82
8670;686;0,72
8671;689;1,02
8672;686;0,72
8673;692;1,32
8675;687;0,82
8676;687;0,82
8677;687;0,82
8678;688;0,92
8680;688;0,92
8681;689;1,02
8682;692;1,32
8683;694;1,53
8685;689;1,02
8686;695;1,63
8687;688;0,92
8688;689;1,02
8690;690;1,12
8691;691;1,22
8692;691;1,22
8693;695;1,63
8695;690;1,12
8696;691;1,22
8697;692;1,32
8698;688;0,92
8700;689;1,02
8701;691;1,22
8702;689;1,02
8704;690;1,12
8706;688;0,92
8707;691;1,22
8708;691;1,22
8709;688;0,92
8711;687;0,82
8712;690;1,12
8713;693;1,43
8714;688;0,92
8716;690;1,12
8717;693;1,43
8718;688;0,92
8719;687;0,82
8721;692;1,32
8722;693;1,43
8723;688;0,92
8724;687;0,82
8726;692;1,32
8727;688;0,92
8728;687;0,82
8729;691;1,22
8731;687;0,82
8732;685;0,62
8733;685;0,62
8734;686;0,72
8735;686;0,72
8737;686;0,72
8738;687;0,82
8739;687;0,82
8740;685;0,62
8742;689;1,02
8743;686;0,72
8744;686;0,72
8745;688;0,92
8748;690;1,12
8749;686;0,72
8750;685;0,62
8751;691;1,22
8753;686;0,72
8754;692;1,32
8755;689;1,02
8756;687;0,82
8758;687;0,82
8759;692;1,32
8760;693;1,43
8761;689;1,02
8763;692;1,32
8764;689;1,02
8765;690;1,12
8766;691;1,22
8768;688;0,92
8769;689;1,02
8770;690;1,12
8771;688;0,92
8773;689;1,02
8774;688;0,92
8775;693;1,43
8776;691;1,22
8778;689;1,02
8779;688;0,92
8780;689;1,02
8781;689;1,02
8783;690;1,12
8784;691;1,22
8785;692;1,32
8786;691;1,22
8788;689;1,02
8790;690;1,12
8791;689;1,02
8792;687;0,82
8794;688;0,92
8795;692;1,32
8796;688;0,92
8797;687;0,82
8799;691;1,22
8800;687;0,82
8801;689;1,02
8802;686;0,72
8803;687;0,82
8805;684;0,52
8806;690;1,12
8807;687;0,82
8808;687;0,82
8810;686;0,72
8811;687;0,82
8812;690;1,12
8813;685;0,62
8815;686;0,72
8816;686;0,72
8817;691;1,22
8818;685;0,62
8820;685;0,62
8821;687;0,82
8822;685;0,62
8823;686;0,72
8825;691;1,22
8826;686;0,72
8827;689;1,02
8828;687;0,82
8830;686;0,72
8832;686;0,72
8833;688;0,92
8834;688;0,92
8836;693;1,43
8837;688;0,92
8838;690;1,12
8839;689;1,02
8841;687;0,82
8842;687;0,82
8843;688;0,92
8844;687;0,82
8846;686;0,72
8847;687;0,82
8848;696;1,73
8849;688;0,92
8851;687;0,82
8852;692;1,32
8853;689;1,02
8854;693;1,43
8856;692;1,32
8857;692;1,32
8858;691;1,22
8859;691;1,22
8861;690;1,12
8862;691;1,22
8863;689;1,02
8864;692;1,32
8866;689;1,02
8867;688;0,92
8868;692;1,32
8869;693;1,43
8870;690;1,12
8872;690;1,12
8873;695;1,63
8875;691;1,22
8876;688;0,92
8878;690;1,12
8879;688;0,92
8880;692;1,32
8881;689;1,02
8883;689;1,02
8884;687;0,82
8885;690;1,12
8886;688;0,92
8888;692;1,32
8889;689;1,02
8890;690;1,12
8891;688;0,92
8893;687;0,82
8894;691;1,22
8895;687;0,82
8896;686;0,72
8898;687;0,82
8899;687;0,82
8900;688;0,92
8901;689;1,02
8903;687;0,82
8904;694;1,53
8905;688;0,92
8906;689;1,02
8908;686;0,72
8909;686;0,72
8910;687;0,82
8911;685;0,62
8913;691;1,22
8914;689;1,02
8915;688;0,92
8916;690;1,12
8919;685;0,62
8920;689;1,02
8921;687;0,82
8922;685;0,62
8924;694;1,53
8925;690;1,12
8926;689;1,02
8927;687;0,82
8929;687;0,82
8930;687;0,82
8931;690;1,12
8932;687;0,82
8933;689;1,02
8935;687;0,82
8936;689;1,02
8937;686;0,72
8938;689;1,02
8940;689;1,02
8941;690;1,12
8942;690;1,12
8943;688;0,92
8945;688;0,92
8946;689;1,02
8947;693;1,43
8948;690;1,12
8950;690;1,12
8951;691;1,22
8952;687;0,82
8953;699;2,03
8955;687;0,82
8956;692;1,32
8957;689;1,02
8958;690;1,12
8961;691;1,22
8962;692;1,32
8963;689;1,02
8964;693;1,43
8966;693;1,43
8967;689;1,02
8968;692;1,32
8969;695;1,63
8971;690;1,12
8972;690;1,12
8973;696;1,73
8974;690;1,12
8976;690;1,12
8977;694;1,53
8978;689;1,02
8979;688;0,92
8981;688;0,92
8982;689;1,02
8983;688;0,92
8984;690;1,12
8986;686;0,72
8987;692;1,32
8988;686;0,72
8989;687;0,82
8991;687;0,82
8992;686;0,72
8993;686;0,72
8994;685;0,62
8996;687;0,82
8997;687;0,82
8998;685;0,62
8999;685;0,62
9000;685;0,62
9003;685;0,62
9004;693;1,43
9005;685;0,62
9006;687;0,82
9008;684;0,52
9009;685;0,62
9010;687;0,82
9011;687;0,82
9013;687;0,82
9014;686;0,72
9015;690;1,12
9016;686;0,72
9018;687;0,82
9019;687;0,82
9020;687;0,82
9021;687;0,82
9023;687;0,82
9024;694;1,53
9025;689;1,02
9026;687;0,82
9028;690;1,12
9029;689;1,02
9030;688;0,92
9031;689;1,02
9033;691;1,22
9034;691;1,22
9035;690;1,12
9036;692;1,32
9038;696;1,73
9039;690;1,12
9040;693;1,43
9041;692;1,32
9043;695;1,63
9044;692;1,32
9046;694;1,53
9047;697;1,83
9049;694;1,53
9050;698;1,93
9051;697;1,83
9052;693;1,43
9054;693;1,43
9055;691;1,22
9056;691;1,22
9057;691;1,22
9059;692;1,32
9060;693;1,43
9061;691;1,22
9062;689;1,02
9063;689;1,02
9065;692;1,32
9066;690;1,12
9067;689;1,02
9068;689;1,02
9070;689;1,02
9071;693;1,43
9072;689;1,02
9073;688;0,92
9075;687;0,82
9076;686;0,72
9077;691;1,22
9078;690;1,12
9080;688;0,92
9081;685;0,62
9082;690;1,12
9083;685;0,62
9085;687;0,82
9086;684;0,52
9088;685;0,62
9089;686;0,72
9091;687;0,82
9092;686;0,72
9093;690;1,12
9094;686;0,72
9096;687;0,82
9097;686;0,72
9098;685;0,62
9099;687;0,82
9101;686;0,72
9102;688;0,92
9103;688;0,92
9104;689;1,02
9106;687;0,82
9107;689;1,02
9108;697;1,83
9109;690;1,12
9111;689;1,02
9112;690;1,12
9113;689;1,02
9114;691;1,22
9116;693;1,43
9117;691;1,22
9118;689;1,02
9119;690;1,12
9121;694;1,53
9122;692;1,32
9123;691;1,22
9124;691;1,22
9126;693;1,43
9127;691;1,22
9128;692;1,32
9129;692;1,32
9131;691;1,22
9133;691;1,22
9134;693;1,43
9135;689;1,02
9136;694;1,53
9138;693;1,43
9139;690;1,12
9140;690;1,12
9141;689;1,02
9143;688;0,92
9144;690;1,12
9145;688;0,92
9146;690;1,12
9148;688;0,92
9149;689;1,02
9150;687;0,82
9151;688;0,92
9153;687;0,82
9154;690;1,12
9155;687;0,82
9156;690;1,12
9158;685;0,62
9159;687;0,82
9160;687;0,82
9161;687;0,82
9163;688;0,92
9164;688;0,92
9165;690;1,12
9166;689;1,02
9168;688;0,92
9169;691;1,22
9170;687;0,82
9171;687;0,82
9174;687;0,82
9175;688;0,92
9176;687;0,82
9177;687;0,82
9179;687;0,82
9180;686;0,72
9181;687;0,82
9182;694;1,53
9184;687;0,82
9185;688;0,92
9186;687;0,82
9187;691;1,22
9189;689;1,02
9190;690;1,12
9191;688;0,92
9192;691;1,22
9193;692;1,32
9195;688;0,92
9196;694;1,53
9197;689;1,02
9198;688;0,92
9200;691;1,22
9201;689;1,02
9202;691;1,22
9203;691;1,22
9205;690;1,12
9206;692;1,32
9207;689;1,02
9208;689;1,02
9210;694;1,53
9211;689;1,02
9212;691;1,22
9213;691;1,22
9216;690;1,12
9217;690;1,12
9218;691;1,22
9219;691;1,22
9221;694;1,53
9222;690;1,12
9223;690;1,12
9224;697;1,83
9226;695;1,63
9227;690;1,12
9228;692;1,32
9229;690;1,12
9231;691;1,22
9232;690;1,12
9233;691;1,22
9234;691;1,22
9236;692;1,32
9237;690;1,12
9238;692;1,32
9239;696;1,73
9241;693;1,43
9242;690;1,12
9243;689;1,02
9244;691;1,22
9246;690;1,12
9247;694;1,53
9248;689;1,02
9249;691;1,22
9251;688;0,92
9252;687;0,82
9253;692;1,32
9254;689;1,02
9256;688;0,92
9257;690;1,12
9259;692;1,32
9260;692;1,32
9261;688;0,92
9263;689;1,02
9264;689;1,02
9265;689;1,02
9266;689;1,02
9268;687;0,82
9269;688;0,92
9270;689;1,02
9271;688;0,92
9273;688;0,92
9274;693;1,43
9275;687;0,82
9276;688;0,92
9278;687;0,82
9279;688;0,92
9280;694;1,53
9281;692;1,32
9283;690;1,12
9284;691;1,22
9285;688;0,92
9286;695;1,63
9288;688;0,92
9289;687;0,82
9290;687;0,82
9291;687;0,82
9293;686;0,72
9294;688;0,92
9295;686;0,72
9296;690;1,12
9298;694;1,53
9299;688;0,92
9300;688;0,92
9302;687;0,82
9304;687;0,82
9305;687;0,82
9306;690;1,12
9307;689;1,02
9309;690;1,12
9310;694;1,53
9311;691;1,22
9312;693;1,43
9314;690;1,12
9315;689;1,02
9316;689;1,02
9317;690;1,12
9319;690;1,12
9320;689;1,02
9321;693;1,43
9322;690;1,12
9323;692;1,32
9325;692;1,32
9326;691;1,22
9327;688;0,92
9328;691;1,22
9330;692;1,32
9331;697;1,83
9332;690;1,12
9333;692;1,32
9335;690;1,12
9336;690;1,12
9337;690;1,12
9338;690;1,12
9340;690;1,12
9341;690;1,12
9342;691;1,22
9344;694;1,53
9346;688;0,92
9347;695;1,63
9348;689;1,02
9349;693;1,43
9351;690;1,12
9352;690;1,12
9353;690;1,12
9354;690;1,12
9356;691;1,22
9357;687;0,82
9358;688;0,92
9359;688;0,92
9361;687;0,82
9362;688;0,92
9363;687;0,82
9364;690;1,12
9366;693;1,43
9367;687;0,82
9368;687;0,82
9369;690;1,12
9371;692;1,32
9372;687;0,82
9373;689;1,02
9374;689;1,02
9376;689;1,02
9377;690;1,12
9378;692;1,32
9379;689;1,02
9381;690;1,12
9382;691;1,22
9383;689;1,02
9384;691;1,22
9387;690;1,12
9388;692;1,32
9389;690;1,12
9390;692;1,32
9391;694;1,53
9393;694;1,53
9394;691;1,22
9395;692;1,32
9396;689;1,02
9398;691;1,22
9399;690;1,12
9400;689;1,02
9401;688;0,92
9403;690;1,12
9404;688;0,92
9405;691;1,22
9406;690;1,12
9408;689;1,02
9409;690;1,12
9410;690;1,12
9411;692;1,32
9413;690;1,12
9414;693;1,43
9415;692;1,32
9416;690;1,12
9418;688;0,92
9419;690;1,12
9420;690;1,12
9421;689;1,02
9423;688;0,92
9424;689;1,02
9425;688;0,92
9426;689;1,02
9428;691;1,22
9430;688;0,92
9431;689;1,02
9432;687;0,82
9434;690;1,12
9435;686;0,72
9436;697;1,83
9437;689;1,02
9439;687;0,82
9440;691;1,22
9441;686;0,72
9442;687;0,82
9444;687;0,82
9445;690;1,12
9446;689;1,02
9447;689;1,02
9449;691;1,22
9450;687;0,82
9451;688;0,92
9452;692;1,32
9454;689;1,02
9455;686;0,72
9456;686;0,72
9457;687;0,82
9458;690;1,12
9460;688;0,92
9461;692;1,32
9462;696;1,73
9463;685;0,62
9465;687;0,82
9466;686;0,72
9467;690;1,12
9468;688;0,92
9470;689;1,02
9472;690;1,12
9473;686;0,72
9474;687;0,82
9476;687;0,82
9477;691;1,22
9478;688;0,92
9479;688;0,92
9481;688;0,92
9482;687;0,82
9483;690;1,12
9484;693;1,43
9486;690;1,12
9487;694;1,53
9488;691;1,22
9489;692;1,32
9491;691;1,22
9492;689;1,02
9493;690;1,12
9494;689;1,02
9496;695;1,63
9497;690;1,12
9498;692;1,32
9499;691;1,22
9501;692;1,32
9502;695;1,63
9503;691;1,22
9504;690;1,12
9506;690;1,12
9507;693;1,43
9508;691;1,22
9509;697;1,83
9511;693;1,43
9512;690;1,12
9513;691;1,22
9515;691;1,22
9517;690;1,12
9518;690;1,12
9519;690;1,12
9520;690;1,12
9521;690;1,12
9523;690;1,12
9524;695;1,63
9525;694;1,53
9526;687;0,82
9528;689;1,02
9529;686;0,72
9530;695;1,63
9531;691;1,22
9533;689;1,02
9534;688;0,92
9535;687;0,82
9536;686;0,72
9538;688;0,92
9539;687;0,82
9540;687;0,82
9541;687;0,82
9543;687;0,82
9544;689;1,02
9545;686;0,72
9546;688;0,92
9548;687;0,82
9549;690;1,12
9550;687;0,82
9551;687;0,82
9553;687;0,82
9554;688;0,92
9555;688;0,92
9556;688;0,92
9559;691;1,22
9560;690;1,12
9561;688;0,92
9562;690;1,12
9564;690;1,12
9565;690;1,12
9566;695;1,63
9567;692;1,32
9569;690;1,12
9570;690;1,12
9571;693;1,43
9572;692;1,32
9574;692;1,32
9575;694;1,53
9576;694;1,53
9577;692;1,32
9579;691;1,22
9580;693;1,43
9581;695;1,63
9582;692;1,32
9584;692;1,32
9585;691;1,22
9586;693;1,43
9587;691;1,22
9588;689;1,02
9590;692;1,32
9591;691;1,22
9592;690;1,12
9593;689;1,02
9595;691;1,22
9596;691;1,22
9597;689;1,02
9598;688;0,92
9601;691;1,22
9602;691;1,22
9603;689;1,02
9604;688;0,92
9606;691;1,22
9607;687;0,82
9608;689;1,02
9609;687;0,82
9611;692;1,32
9612;688;0,92
9613;687;0,82
9614;689;1,02
9616;690;1,12
9617;692;1,32
9618;685;0,62
9619;687;0,82
9621;686;0,72
9622;686;0,72
9623;686;0,72
9624;688;0,92
9626;687;0,82
9627;687;0,82
9628;687;0,82
9629;687;0,82
9631;689;1,02
9632;688;0,92
9633;687;0,82
9634;687;0,82
9636;690;1,12
9637;692;1,32
9638;687;0,82
9639;689;1,02
9641;686;0,72
9643;693;1,43
9644;689;1,02
9645;691;1,22
9647;687;0,82
9648;691;1,22
9649;691;1,22
9650;688;0,92
9651;688;0,92
9653;689;1,02
9654;688;0,92
9655;689;1,02
9656;690;1,12
9658;692;1,32
9659;688;0,92
9660;691;1,22
9661;688;0,92
9663;688;0,92
9664;688;0,92
9665;690;1,12
9666;690;1,12
9668;690;1,12
9669;690;1,12
9670;688;0,92
9671;691;1,22
9673;690;1,12
9674;688;0,92
9675;688;0,92
9676;689;1,02
9678;689;1,02
9679;694;1,53
9680;688;0,92
9681;688;0,92
9683;692;1,32
9684;691;1,22
9686;689;1,02
9687;688;0,92
9689;686;0,72
9690;689;1,02
9691;689;1,02
9692;688;0,92
9694;689;1,02
9695;686;0,72
9696;688;0,92
9697;688;0,92
9699;689;1,02
9700;690;1,12
9701;693;1,43
9702;690;1,12
9704;691;1,22
9705;691;1,22
9706;693;1,43
9707;689;1,02
9709;689;1,02
9710;687;0,82
9711;688;0,92
9712;689;1,02
9714;688;0,92
9715;690;1,12
9716;689;1,02
9717;691;1,22
9718;692;1,32
9720;692;1,32
9721;695;1,63
9722;690;1,12
9723;691;1,22
9725;691;1,22
9726;689;1,02
9728;690;1,12
9729;691;1,22
9731;690;1,12
9732;691;1,22
9733;691;1,22
9734;690;1,12
9736;694;1,53
9737;692;1,32
9738;692;1,32
9739;691;1,22
9741;690;1,12
9742;693;1,43
9743;692;1,32
9744;690;1,12
9746;689;1,02
9747;692;1,32
9748;690;1,12
9749;693;1,43
9751;689;1,02
9752;690;1,12
9753;689;1,02
9754;689;1,02
9756;688;0,92
9757;689;1,02
9758;688;0,92
9759;691;1,22
9761;690;1,12
9762;688;0,92
9763;687;0,82
9764;687;0,82
9766;690;1,12
9767;691;1,22
9768;686;0,72
9769;688;0,92
9772;685;0,62
9773;686;0,72
9774;685;0,62
9775;686;0,72
9777;693;1,43
9778;685;0,62
9779;685;0,62
9780;687;0,82
9781;687;0,82
9783;687;0,82
9784;686;0,72
9785;687;0,82
9786;686;0,72
9788;688;0,92
9789;686;0,72
9790;686;0,72
9791;693;1,43
9793;689;1,02
9794;686;0,72
9795;687;0,82
9796;689;1,02
9798;686;0,72
9799;685;0,62
9800;686;0,72
9801;692;1,32
9803;689;1,02
9804;687;0,82
9805;689;1,02
9806;686;0,72
9808;687;0,82
9809;687;0,82
9810;688;0,92
9811;689;1,02
9814;690;1,12
9815;686;0,72
9816;691;1,22
9817;687;0,82
9819;687;0,82
9820;688;0,92
9821;687;0,82
9822;689;1,02
9824;688;0,92
9825;688;0,92
9826;688;0,92
9827;688;0,92
9829;689;1,02
9830;688;0,92
9831;688;0,92
9832;688;0,92
9834;689;1,02
9835;689;1,02
9836;689;1,02
9837;690;1,12
9839;688;0,92
9840;690;1,12
9841;690;1,12
9842;689;1,02
9844;690;1,12
9845;689;1,02
9846;688;0,92
9847;690;1,12
9848;691;1,22
9850;689;1,02
9851;688;0,92
9852;689;1,02
9853;693;1,43
9856;690;1,12
9857;690;1,12
9858;688;0,92
9859;689;1,02
9861;689;1,02
9862;692;1,32
9863;689;1,02
9864;690;1,12
9866;689;1,02
9867;690;1,12
9868;688;0,92
9869;688;0,92
9871;688;0,92
9872;691;1,22
9873;690;1,12
9874;688;0,92
9876;689;1,02
9877;691;1,22
9878;691;1,22
9879;689;1,02
9881;690;1,12
9882;689;1,02
9883;689;1,02
9884;691;1,22
9886;691;1,22
9887;689;1,02
9888;690;1,12
9889;689;1,02
9891;688;0,92
9892;689;1,02
9893;687;0,82
9894;691;1,22
9896;689;1,02
9897;689;1,02
9899;689;1,02
9900;691;1,22
9902;689;1,02
9903;689;1,02
9904;693;1,43
9905;692;1,32
9907;691;1,22
9908;690;1,12
9909;690;1,12
9910;692;1,32
9911;688;0,92
9913;688;0,92
9914;694;1,53
9915;688;0,92
9916;689;1,02
9918;693;1,43
9919;690;1,12
9920;689;1,02
9921;689;1,02
9923;689;1,02
9924;689;1,02
9925;689;1,02
9926;690;1,12
9928;692;1,32
9929;691;1,22
9930;688;0,92
9931;688;0,92
9933;686;0,72
9934;688;0,92
9935;688;0,92
9936;688;0,92
9938;689;1,02
9939;688;0,92
9940;694;1,53
9942;688;0,92
9944;687;0,82
9945;689;1,02
9946;690;1,12
9947;686;0,72
9949;686;0,72
9950;689;1,02
9951;690;1,12
9952;688;0,92
9954;686;0,72
9955;685;0,62
9956;686;0,72
9957;689;1,02
9959;688;0,92
9960;687;0,82
9961;689;1,02
9962;689;1,02
9964;687;0,82
9965;688;0,92
9966;689;1,02
9967;688;0,92
9969;692;1,32
9970;689;1,02
9971;691;1,22
9972;690;1,12
9974;687;0,82
9975;692;1,32
9976;688;0,92
9977;687;0,82
9978;688;0,92
9980;688;0,92
9981;688;0,92
9982;688;0,92
9984;688;0,92
9986;689;1,02
9987;689;1,02
9988;690;1,12
9989;691;1,22
9991;688;0,92
9992;692;1,32
9993;689;1,02
9994;696;1,73
9996;689;1,02
9997;689;1,02
9998;691;1,22
9999;690;1,12
10001;691;1,22
10002;688;0,92
10003;692;1,32
10005;689;1,02
10006;693;1,43
10007;688;0,92
10009;691;1,22
10010;689;1,02
10011;690;1,12
10013;690;1,12
10014;690;1,12
10015;690;1,12
10017;688;0,92
10018;688;0,92
10019;689;1,02
10021;690;1,12
10022;693;1,43
10023;691;1,22
10025;688;0,92
10027;689;1,02
10028;687;0,82
10030;689;1,02
10031;693;1,43
10032;690;1,12
10034;691;1,22
10035;689;1,02
10036;688;0,92
10038;688;0,92
10039;688;0,92
10040;688;0,92
10041;690;1,12
10043;690;1,12
10044;688;0,92
10045;689;1,02
10047;688;0,92
10048;688;0,92
10049;691;1,22
10051;692;1,32
10052;688;0,92
10053;689;1,02
10055;693;1,43
10056;689;1,02
10057;689;1,02
10059;690;1,12
10060;692;1,32
10061;689;1,02
10063;690;1,12
10064;689;1,02
10065;690;1,12
10067;689;1,02
10068;690;1,12
10070;694;1,53
10072;690;1,12
10073;691;1,22
10074;689;1,02
10076;690;1,12
10077;690;1,12
10078;689;1,02
10080;693;1,43
10081;691;1,22
10082;690;1,12
10084;692;1,32
10085;693;1,43
10086;690;1,12
10088;690;1,12
10089;694;1,53
10090;693;1,43
10092;690;1,12
10093;692;1,32
10094;692;1,32
10096;695;1,63
10097;692;1,32
10098;696;1,73
10100;691;1,22
10101;690;1,12
10102;695;1,63
10104;692;1,32
10105;691;1,22
10106;691;1,22
10108;690;1,12
10109;691;1,22
10110;691;1,22
10113;691;1,22
10114;691;1,22
10115;691;1,22
10117;692;1,32
10118;691;1,22
10119;690;1,12
10121;692;1,32
10122;690;1,12
10123;690;1,12
10125;690;1,12
10126;693;1,43
10127;690;1,12
10128;690;1,12
10130;690;1,12
10131;692;1,32
10132;693;1,43
10134;690;1,12
10135;691;1,22
10136;691;1,22
10138;692;1,32
10139;692;1,32
10140;690;1,12
10142;692;1,32
10143;690;1,12
10144;690;1,12
10146;691;1,22
10147;695;1,63
10148;689;1,02
10150;692;1,32
10151;691;1,22
10152;692;1,32
10155;690;1,12
10156;694;1,53
10157;691;1,22
10159;691;1,22
10160;696;1,73
10161;690;1,12
10163;695;1,63
10164;691;1,22
10165;692;1,32
10167;692;1,32
10168;691;1,22
10169;693;1,43
10171;691;1,22
10172;692;1,32
10173;690;1,12
10175;690;1,12
10176;695;1,63
10177;696;1,73
10179;692;1,32
10180;691;1,22
10181;693;1,43
10183;691;1,22
10184;695;1,63
10185;692;1,32
10187;691;1,22
10188;692;1,32
10189;697;1,83
10191;693;1,43
10192;691;1,22
10193;693;1,43
10195;692;1,32
10196;694;1,53
10198;694;1,53
10200;693;1,43
10201;693;1,43
10202;691;1,22
10204;694;1,53
10205;692;1,32
10206;694;1,53
10208;695;1,63
10209;694;1,53
10210;695;1,63
10212;696;1,73
10213;696;1,73
10214;697;1,83
10215;692;1,32
10217;693;1,43
10218;697;1,83
10219;692;1,32
10221;694;1,53
10222;693;1,43
10223;693;1,43
10225;695;1,63
10226;695;1,63
10227;695;1,63
10229;694;1,53
10230;692;1,32
10231;693;1,43
10233;693;1,43
10234;691;1,22
10235;691;1,22
10237;695;1,63
10238;693;1,43
10240;696;1,73
10242;693;1,43
10243;692;1,32
10244;693;1,43
10246;691;1,22
10247;694;1,53
10248;691;1,22
10250;692;1,32
10251;691;1,22
10252;691;1,22
10254;692;1,32
10255;691;1,22
10256;692;1,32
10258;698;1,93
10259;692;1,32
10260;688;0,92
10262;692;1,32
10263;692;1,32
10264;690;1,12
10266;690;1,12
10267;691;1,22
10268;693;1,43
10270;689;1,02
10271;691;1,22
10272;693;1,43
10274;691;1,22
10275;691;1,22
10276;691;1,22
10278;692;1,32
10279;695;1,63
10280;694;1,53
10283;692;1,32
10284;693;1,43
10285;693;1,43
10287;696;1,73
10288;698;1,93
10289;698;1,93
10291;692;1,32
10292;693;1,43
10293;694;1,53
10295;698;1,93
10296;695;1,63
10297;694;1,53
10299;693;1,43
10300;694;1,53
10301;694;1,53
10302;692;1,32
10304;695;1,63
10305;694;1,53
10306;694;1,53
10308;695;1,63
10309;695;1,63
10310;696;1,73
10312;694;1,53
10313;697;1,83
10314;700;2,13
10316;693;1,43
10317;696;1,73
10318;695;1,63
10320;697;1,83
10321;697;1,83
10322;695;1,63
10324;698;1,93
10326;695;1,63
10327;694;1,53
10329;694;1,53
10330;694;1,53
10331;694;1,53
10333;694;1,53
10334;697;1,83
10335;694;1,53
10337;695;1,63
10338;695;1,63
10339;695;1,63
10341;695;1,63
10342;693;1,43
10343;695;1,63
10345;698;1,93
10346;693;1,43
10347;695;1,63
10349;693;1,43
10350;694;1,53
10351;696;1,73
10353;696;1,73
10354;695;1,63
10355;700;2,13
10357;695;1,63
10358;695;1,63
10359;693;1,43
10361;696;1,73
10362;698;1,93
10363;693;1,43
10365;696;1,73
10366;697;1,83
10368;695;1,63
10370;696;1,73
10371;695;1,63
10372;694;1,53
10374;695;1,63
10375;695;1,63
10376;696;1,73
10378;696;1,73
10379;696;1,73
10380;697;1,83
10382;696;1,73
10383;697;1,83
10384;699;2,03
10386;696;1,73
10387;696;1,73
10388;700;2,13
10389;697;1,83
10391;697;1,83
10392;696;1,73
10393;697;1,83
10395;697;1,83
10396;695;1,63
10397;695;1,63
10399;701;2,23
10400;697;1,83
10401;697;1,83
10403;697;1,83
10404;697;1,83
10405;700;2,13
10407;699;2,03
10408;703;2,43
10409;695;1,63
10412;697;1,83
10413;700;2,13
10414;698;1,93
10416;699;2,03
10417;699;2,03
10418;698;1,93
10420;699;2,03
10421;699;2,03
10422;703;2,43
10424;699;2,03
10425;701;2,23
10426;699;2,03
10428;698;1,93
10429;699;2,03
10430;704;2,53
10432;699;2,03
10433;702;2,33
10434;701;2,23
10436;699;2,03
10437;699;2,03
10438;701;2,23
10440;700;2,13
10441;705;2,63
10442;700;2,13
10444;701;2,23
10445;705;2,63
10446;702;2,33
10448;699;2,03
10449;706;2,73
10450;700;2,13
10452;706;2,73
10454;704;2,53
10455;703;2,43
10457;700;2,13
10458;702;2,33
10459;701;2,23
10461;703;2,43
10462;703;2,43
10463;702;2,33
10465;703;2,43
10466;701;2,23
10467;704;2,53
10469;701;2,23
10470;704;2,53
10471;703;2,43
10473;703;2,43
10474;703;2,43
10475;708;2,94
10476;702;2,33
10478;703;2,43
10479;703;2,43
10480;701;2,23
10482;703;2,43
10483;702;2,33
10484;703;2,43
10486;702;2,33
10487;705;2,63
10488;703;2,43
10490;709;3,04
10491;705;2,63
10492;705;2,63
10494;705;2,63
10496;705;2,63
10497;710;3,14
10499;703;2,43
10500;706;2,73
10501;705;2,63
10503;704;2,53
10504;707;2,83
10505;705;2,63
10507;706;2,73
10508;705;2,63
10509;705;2,63
10511;707;2,83
10512;704;2,53
10513;706;2,73
10515;708;2,94
10516;709;3,04
10517;705;2,63
10519;706;2,73
10520;707;2,83
10521;708;2,94
10523;709;3,04
10524;708;2,94
10525;707;2,83
10527;710;3,14
10528;706;2,73
10529;709;3,04
10531;707;2,83
10532;709;3,04
10533;708;2,94
10535;709;3,04
10536;708;2,94
10537;708;2,94
10540;705;2,63
10541;709;3,04
10542;706;2,73
10544;707;2,83
10545;705;2,63
10546;708;2,94
10548;708;2,94
10549;707;2,83
10550;709;3,04
10552;708;2,94
10553;709;3,04
10554;706;2,73
10556;708;2,94
10557;708;2,94
10558;708;2,94
10560;708;2,94
10561;708;2,94
10562;708;2,94
10563;708;2,94
10565;709;3,04
10566;708;2,94
10567;709;3,04
10569;708;2,94
10570;708;2,94
10571;710;3,14
10573;710;3,14
10574;709;3,04
10575;708;2,94
10577;709;3,04
10578;708;2,94
10579;710;3,14
10582;712;3,34
10583;709;3,04
10584;709;3,04
10586;710;3,14
10587;709;3,04
10588;710;3,14
10590;712;3,34
10591;712;3,34
10592;711;3,24
10594;712;3,34
10595;710;3,14
10596;713;3,44
10598;713;3,44
10599;712;3,34
10600;712;3,34
10602;713;3,44
10603;713;3,44
10604;713;3,44
10606;713;3,44
10607;714;3,54
10608;713;3,44
10610;712;3,34
10611;714;3,54
10612;714;3,54
10614;713;3,44
10615;713;3,44
10616;714;3,54
10618;713;3,44
10619;714;3,54
10620;714;3,54
10622;716;3,74
10624;715;3,64
10625;714;3,54
10627;715;3,64
10628;714;3,54
10629;715;3,64
10631;716;3,74
10632;716;3,74
10633;714;3,54
10635;716;3,74
10636;716;3,74
10637;715;3,64
10639;715;3,64
10640;716;3,74
10641;715;3,64
10643;716;3,74
10644;716;3,74
10645;715;3,64
10647;712;3,34
10648;716;3,74
10649;716;3,74
10650;712;3,34
10652;715;3,64
10653;715;3,64
10654;714;3,54
10656;714;3,54
10657;712;3,34
10658;713;3,44
10660;712;3,34
10661;713;3,44
10662;714;3,54
10664;712;3,34
10665;713;3,44
10667;712;3,34
10669;711;3,24
10670;712;3,34
10671;711;3,24
10673;712;3,34
10674;711;3,24
10675;711;3,24
10677;710;3,14
10678;712;3,34
10679;713;3,44
10681;712;3,34
10682;712;3,34
10683;712;3,34
10685;710;3,14
10686;712;3,34
10687;712;3,34
10689;711;3,24
10690;712;3,34
10691;711;3,24
10693;712;3,34
10694;712;3,34
10695;713;3,44
10697;715;3,64
10698;712;3,34
10699;713;3,44
10701;712;3,34
10702;713;3,44
10703;714;3,54
10705;715;3,64
10706;712;3,34
10707;713;3,44
10710;714;3,54
10711;713;3,44
10712;713;3,44
10714;712;3,34
10715;715;3,64
10716;713;3,44
10718;714;3,54
10719;714;3,54
10720;714;3,54
10722;712;3,34
10723;714;3,54
10724;713;3,44
10726;714;3,54
10727;713;3,44
10728;716;3,74
10730;716;3,74
10731;713;3,44
10732;714;3,54
10734;715;3,64
10735;714;3,54
10736;712;3,34
10737;712;3,34
10739;715;3,64
10740;714;3,54
10741;713;3,44
10743;714;3,54
10744;716;3,74
10745;713;3,44
10747;713;3,44
10748;712;3,34
10749;718;3,94
10752;715;3,64
10753;715;3,64
10754;717;3,84
10756;715;3,64
10757;718;3,94
10758;716;3,74
10760;716;3,74
10761;715;3,64
10762;714;3,54
10764;721;4,24
10765;719;4,04
10766;716;3,74
10768;718;3,94
10769;714;3,54
10770;720;4,14
10772;714;3,54
10773;714;3,54
10774;716;3,74
10776;714;3,54
10777;713;3,44
10778;712;3,34
10780;713;3,44
10781;713;3,44
10782;713;3,44
10784;711;3,24
10785;713;3,44
10786;710;3,14
10788;709;3,04
10789;713;3,44
10790;714;3,54
10792;710;3,14
10793;709;3,04
10795;710;3,14
10797;712;3,34
10798;711;3,24
10799;710;3,14
10801;711;3,24
10802;715;3,64
10803;711;3,24
10805;711;3,24
10806;712;3,34
10807;710;3,14
10809;713;3,44
10810;713;3,44
10811;713;3,44
10813;714;3,54
10814;712;3,34
10815;710;3,14
10817;714;3,54
10818;712;3,34
10819;716;3,74
10821;714;3,54
10822;716;3,74
10823;711;3,24
10824;712;3,34
10826;714;3,54
10827;715;3,64
10828;716;3,74
10830;715;3,64
10831;717;3,84
10832;715;3,64
10834;722;4,34
10835;716;3,74
10836;715;3,64
10839;720;4,14
10840;717;3,84
10841;718;3,94
10843;718;3,94
10844;719;4,04
10845;715;3,64
10847;715;3,64
10848;715;3,64
10849;718;3,94
10851;716;3,74
10852;716;3,74
10853;715;3,64
10855;719;4,04
10856;713;3,44
10857;714;3,54
10859;711;3,24
10860;713;3,44
10861;711;3,24
10863;710;3,14
10864;711;3,24
10865;711;3,24
10867;710;3,14
10868;714;3,54
10869;715;3,64
10871;710;3,14
10872;709;3,04
10873;708;2,94
10875;708;2,94
10876;712;3,34
10877;711;3,24
10880;713;3,44
10881;711;3,24
10882;716;3,74
10884;713;3,44
10885;712;3,34
10886;710;3,14
10888;710;3,14
10889;710;3,14
10890;710;3,14
10892;713;3,44
10893;713;3,44
10894;712;3,34
10896;720;4,14
10897;716;3,74
10898;713;3,44
10900;713;3,44
10901;714;3,54
10902;714;3,54
10904;712;3,34
10905;713;3,44
10906;714;3,54
10908;715;3,64
10909;711;3,24
10910;715;3,64
10911;717;3,84
10913;715;3,64
10914;715;3,64
10915;714;3,54
10917;710;3,14
10918;713;3,44
10919;714;3,54
10921;713;3,44
10923;713;3,44
10924;709;3,04
10926;712;3,34
10927;718;3,94
10928;712;3,34
10930;710;3,14
10931;712;3,34
10932;710;3,14
10934;711;3,24
10935;711;3,24
10936;712;3,34
10938;710;3,14
10939;716;3,74
10940;710;3,14
10942;710;3,14
10943;714;3,54
10944;709;3,04
10946;709;3,04
10947;711;3,24
10948;717;3,84
10950;709;3,04
10951;712;3,34
10952;716;3,74
10954;713;3,44
10955;713;3,44
10956;712;3,34
10958;711;3,24
10959;711;3,24
10960;714;3,54
10962;710;3,14
10963;708;2,94
10964;710;3,14
10967;709;3,04
10968;709;3,04
10969;715;3,64
10971;715;3,64
10972;711;3,24
10973;712;3,34
10975;713;3,44
10976;713;3,44
10977;716;3,74
10979;713;3,44
10980;712;3,34
10981;714;3,54
10983;715;3,64
10984;714;3,54
10985;713;3,44
10987;714;3,54
10988;714;3,54
10989;716;3,74
10991;713;3,44
10992;716;3,74
10993;714;3,54
10995;715;3,64
10996;717;3,84
10997;715;3,64
10998;714;3,54
11000;713;3,44
11001;716;3,74
11002;716;3,74
11004;716;3,74
11005;716;3,74
11006;715;3,64
11009;718;3,94
11010;719;4,04
11011;712;3,34
11013;718;3,94
11014;712;3,34
11015;708;2,94
11017;713;3,44
11018;710;3,14
11019;712;3,34
11021;709;3,04
11022;706;2,73
11023;706;2,73
11025;704;2,53
11026;705;2,63
11027;705;2,63
11029;705;2,63
11030;706;2,73
11031;705;2,63
11033;706;2,73
11034;705;2,63
11035;706;2,73
11037;708;2,94
11038;710;3,14
11039;704;2,53
11041;707;2,83
11042;713;3,44
11043;708;2,94
11045;711;3,24
11046;716;3,74
11047;711;3,24
11049;712;3,34
11051;709;3,04
11052;710;3,14
11054;709;3,04
11055;709;3,04
11056;709;3,04
11058;718;3,94
11059;714;3,54
11060;715;3,64
11062;712;3,34
11063;708;2,94
11064;711;3,24
11066;717;3,84
11067;715;3,64
11068;717;3,84
11070;710;3,14
11071;710;3,14
11072;709;3,04
11074;709;3,04
11075;710;3,14
11076;710;3,14
11078;711;3,24
11079;710;3,14
11080;711;3,24
11082;710;3,14
11083;714;3,54
11084;712;3,34
11085;713;3,44
11087;711;3,24
11088;711;3,24
11089;711;3,24
11091;712;3,34
11092;711;3,24
11094;715;3,64
11096;710;3,14
11097;709;3,04
11098;709;3,04
11100;709;3,04
11101;705;2,63
11102;706;2,73
11104;706;2,73
11105;709;3,04
11106;707;2,83
11108;710;3,14
11109;705;2,63
11110;707;2,83
11112;706;2,73
11113;706;2,73
11114;703;2,43
11116;710;3,14
11117;704;2,53
11118;703;2,43
11120;707;2,83
11121;704;2,53
11122;705;2,63
11124;706;2,73
11125;708;2,94
11126;702;2,33
11128;705;2,63
11129;705;2,63
11130;708;2,94
11132;710;3,14
11133;707;2,83
11134;709;3,04
11137;709;3,04
11138;705;2,63
11139;705;2,63
11141;706;2,73
11142;703;2,43
11143;705;2,63
11145;706;2,73
11146;704;2,53
11147;702;2,33
11149;703;2,43
11150;703;2,43
11151;704;2,53
11153;700;2,13
11154;703;2,43
11155;706;2,73
11157;707;2,83
11158;710;3,14
11159;705;2,63
11161;704;2,53
11162;708;2,94
11163;704;2,53
11165;705;2,63
11166;702;2,33
11167;703;2,43
11169;703;2,43
11170;704;2,53
11171;704;2,53
11172;706;2,73
11174;703;2,43
11175;707;2,83
11176;704;2,53
11179;701;2,23
11180;702;2,33
11181;704;2,53
11183;700;2,13
11184;699;2,03
11185;699;2,03
11187;698;1,93
11188;700;2,13
11189;699;2,03
11191;699;2,03
11192;701;2,23
11193;703;2,43
11195;700;2,13
11196;700;2,13
11197;705;2,63
11199;703;2,43
11200;700;2,13
11201;701;2,23
11203;703;2,43
11204;700;2,13
11205;706;2,73
11207;706;2,73
11208;700;2,13
11209;703;2,43
11211;701;2,23
11212;707;2,83
11213;703;2,43
11215;704;2,53
11216;707;2,83
11217;706;2,73
11219;708;2,94
11220;709;3,04
11222;709;3,04
11224;705;2,63
11225;706;2,73
11226;705;2,63
11228;705;2,63
11229;705;2,63
11230;704;2,53
11232;705;2,63
11233;706;2,73
11234;705;2,63
11236;705;2,63
11237;703;2,43
11238;703;2,43
11240;705;2,63
11241;703;2,43
11242;703;2,43
11244;704;2,53
11245;701;2,23
11246;704;2,53
11248;702;2,33
11249;703;2,43
11250;705;2,63
11252;700;2,13
11253;701;2,23
11254;699;2,03
11256;700;2,13
11257;699;2,03
11258;700;2,13
11259;700;2,13
11261;700;2,13
11262;701;2,23
11264;700;2,13
11266;701;2,23
11267;700;2,13
11268;701;2,23
11270;701;2,23
11271;701;2,23
11272;702;2,33
11274;700;2,13
11275;700;2,13
11276;699;2,03
11278;702;2,33
11279;699;2,03
11280;698;1,93
11282;700;2,13
11283;703;2,43
11284;702;2,33
11286;704;2,53
11287;709;3,04
11288;703;2,43
11290;705;2,63
11291;710;3,14
11292;706;2,73
11294;705;2,63
11295;705;2,63
11296;705;2,63
11298;703;2,43
11299;704;2,53
11300;704;2,53
11302;704;2,53
11303;708;2,94
11304;703;2,43
11307;708;2,94
11308;704;2,53
11309;706;2,73
11311;706;2,73
11312;703;2,43
11313;704;2,53
11315;701;2,23
11316;703;2,43
11317;700;2,13
11319;701;2,23
11320;698;1,93
11321;699;2,03
11323;700;2,13
11324;704;2,53
11325;700;2,13
11327;701;2,23
11328;701;2,23
11329;702;2,33
11331;702;2,33
11332;703;2,43
11333;705;2,63
11335;703;2,43
11336;704;2,53
11337;702;2,33
11339;702;2,33
11340;702;2,33
11341;704;2,53
11343;708;2,94
11344;704;2,53
11345;704;2,53
11346;703;2,43
11348;703;2,43
11350;703;2,43
11351;705;2,63
11353;706;2,73
11354;704;2,53
11355;705;2,63
11357;705;2,63
11358;706;2,73
11359;705;2,63
11361;708;2,94
11362;705;2,63
11363;703;2,43
11365;706;2,73
11366;704;2,53
11367;707;2,83
11369;706;2,73
11370;707;2,83
11371;705;2,63
11373;706;2,73
11374;702;2,33
11375;700;2,13
11377;700;2,13
11378;702;2,33
11379;705;2,63
11381;704;2,53
11382;700;2,13
11383;705;2,63
11385;703;2,43
11386;699;2,03
11387;700;2,13
11389;700;2,13
11390;699;2,03
11392;702;2,33
11394;703;2,43
11395;702;2,33
11396;700;2,13
11398;700;2,13
11399;704;2,53
11400;698;1,93
11402;702;2,33
11403;703;2,43
11404;700;2,13
11406;698;1,93
11407;701;2,23
11408;702;2,33
11410;699;2,03
11411;699;2,03
11412;701;2,23
11414;700;2,13
11415;698;1,93
11416;699;2,03
11418;700;2,13
11419;701;2,23
11420;702;2,33
11422;698;1,93
11423;699;2,03
11424;703;2,43
11426;699;2,03
11427;700;2,13
11428;700;2,13
11430;700;2,13
11431;698;1,93
11432;700;2,13
11433;703;2,43
11436;702;2,33
11437;703;2,43
11438;703;2,43
11440;705;2,63
11441;702;2,33
11442;702;2,33
11444;702;2,33
11445;704;2,53
11446;703;2,43
11448;702;2,33
11449;706;2,73
11450;706;2,73
11452;704;2,53
11453;704;2,53
11454;706;2,73
11456;703;2,43
11457;705;2,63
11458;705;2,63
11460;702;2,33
11461;702;2,33
11462;706;2,73
11464;703;2,43
11465;702;2,33
11466;706;2,73
11468;701;2,23
11469;702;2,33
11470;702;2,33
11472;703;2,43
11473;702;2,33
11474;701;2,23
11476;700;2,13
11478;700;2,13
11479;701;2,23
11481;702;2,33
11482;701;2,23
11483;700;2,13
11485;701;2,23
11486;702;2,33
11487;701;2,23
11489;701;2,23
11490;699;2,03
11491;702;2,33
11493;700;2,13
11494;699;2,03
11495;699;2,03
11497;699;2,03
11498;698;1,93
11499;698;1,93
11501;699;2,03
11502;695;1,63
11503;698;1,93
11505;699;2,03
11506;698;1,93
11507;703;2,43
11509;697;1,83
11510;701;2,23
11511;699;2,03
11513;697;1,83
11514;697;1,83
11515;698;1,93
11517;696;1,73
11518;701;2,23
11520;698;1,93
11521;697;1,83
11523;700;2,13
11524;702;2,33
11525;697;1,83
11527;697;1,83
11528;700;2,13
11529;699;2,03
11531;698;1,93
11532;698;1,93
11533;698;1,93
11535;700;2,13
11536;696;1,73
11537;696;1,73
11539;696;1,73
11540;695;1,63
11541;697;1,83
11543;695;1,63
11544;697;1,83
11545;696;1,73
11547;696;1,73
11548;696;1,73
11549;696;1,73
11551;698;1,93
11552;694;1,53
11553;698;1,93
11555;695;1,63
11556;694;1,53
11557;694;1,53
11559;694;1,53
11560;699;2,03
11561;695;1,63
11564;695;1,63
11565;693;1,43
11566;692;1,32
11568;693;1,43
11569;694;1,53
11570;692;1,32
11572;693;1,43
11573;693;1,43
11574;693;1,43
11576;694;1,53
11577;694;1,53
11578;694;1,53
11580;693;1,43
11581;694;1,53
11582;694;1,53
11584;694;1,53
11585;698;1,93
11586;695;1,63
11588;696;1,73
11589;695;1,63
11590;696;1,73
11592;697;1,83
11593;696;1,73
11594;694;1,53
11596;695;1,63
11597;699;2,03
11598;696;1,73
11600;697;1,83
11601;701;2,23
11602;696;1,73
11604;698;1,93
11606;698;1,93
11607;699;2,03
11608;701;2,23
11610;700;2,13
11611;700;2,13
11612;701;2,23
11614;700;2,13
11615;702;2,33
11616;702;2,33
11618;703;2,43
11619;701;2,23
11620;702;2,33
11622;700;2,13
11623;701;2,23
11624;700;2,13
11626;700;2,13
11627;701;2,23
11628;703;2,43
11630;702;2,33
11631;703;2,43
11632;703;2,43
11634;701;2,23
11635;702;2,33
11636;703;2,43
11638;703;2,43
11639;703;2,43
11640;702;2,33
11642;701;2,23
11643;704;2,53
11644;700;2,13
11646;702;2,33
11648;702;2,33
11649;701;2,23
11651;703;2,43
11652;701;2,23
11653;701;2,23
11655;701;2,23
11656;702;2,33
11657;702;2,33
11659;703;2,43
11660;701;2,23
11661;702;2,33
11663;701;2,23
11664;701;2,23
11665;702;2,33
11667;701;2,23
11668;699;2,03
11669;700;2,13
11671;700;2,13
11672;702;2,33
11673;701;2,23
11675;702;2,33
11676;701;2,23
11677;702;2,33
11679;700;2,13
11680;701;2,23
11681;701;2,23
11683;700;2,13
11684;701;2,23
11685;699;2,03
11687;701;2,23
11688;700;2,13
11689;702;2,33
11692;701;2,23
11693;701;2,23
11694;701;2,23
11695;700;2,13
11697;701;2,23
11698;703;2,43
11699;703;2,43
11701;701;2,23
11702;702;2,33
11703;701;2,23
11705;700;2,13
11706;701;2,23
11707;700;2,13
11709;701;2,23
11710;699;2,03
11711;699;2,03
11713;698;1,93
11714;700;2,13
11715;699;2,03
11717;699;2,03
11718;699;2,03
11719;700;2,13
11721;699;2,03
11722;700;2,13
11723;697;1,83
11725;698;1,93
11726;697;1,83
11727;698;1,93
11729;700;2,13
11730;697;1,83
11731;697;1,83
11734;699;2,03
11735;697;1,83
11736;697;1,83
11738;698;1,93
11739;698;1,93
11740;697;1,83
11742;698;1,93
11743;697;1,83
11744;698;1,93
11746;697;1,83
11747;698;1,93
11748;699;2,03
11750;699;2,03
11751;698;1,93
11752;697;1,83
11754;699;2,03
11755;700;2,13
11756;697;1,83
11758;699;2,03
11759;700;2,13
11760;701;2,23
11762;701;2,23
11763;699;2,03
11764;701;2,23
11766;699;2,03
11767;699;2,03
11768;698;1,93
11770;698;1,93
11771;697;1,83
11772;701;2,23
11774;698;1,93
11776;699;2,03
11777;699;2,03
11779;697;1,83
11780;697;1,83
11781;696;1,73
11782;697;1,83
11784;699;2,03
11785;701;2,23
11786;698;1,93
11788;699;2,03
11789;698;1,93
11790;699;2,03
11792;696;1,73
11793;696;1,73
11794;700;2,13
11796;696;1,73
11797;697;1,83
11798;697;1,83
11800;698;1,93
11801;696;1,73
11802;698;1,93
11804;695;1,63
11805;695;1,63
11806;696;1,73
11808;695;1,63
11809;697;1,83
11810;698;1,93
11812;695;1,63
11813;695;1,63
11814;698;1,93
11816;695;1,63
11817;695;1,63
11819;694;1,53
11821;695;1,63
11822;696;1,73
11823;696;1,73
11825;697;1,83
11826;695;1,63
11827;695;1,63
11829;697;1,83
11830;694;1,53
11831;697;1,83
11833;696;1,73
11834;695;1,63
11835;697;1,83
11837;696;1,73
11838;700;2,13
11839;694;1,53
11841;696;1,73
11842;695;1,63
11843;699;2,03
11845;697;1,83
11846;695;1,63
11847;697;1,83
11849;696;1,73
11850;695;1,63
11851;695;1,63
11853;696;1,73
11854;699;2,03
11855;697;1,83
11857;695;1,63
11858;696;1,73
11859;695;1,63
11862;695;1,63
11863;693;1,43
11864;695;1,63
11866;697;1,83
11867;696;1,73
11868;694;1,53
11869;694;1,53
11871;696;1,73
11872;694;1,53
11873;695;1,63
11875;694;1,53
11876;697;1,83
11877;693;1,43
11879;697;1,83
11880;694;1,53
11881;699;2,03
11883;694;1,53
11884;694;1,53
11885;692;1,32
11887;696;1,73
11888;697;1,83
11889;693;1,43
11891;694;1,53
11892;694;1,53
11893;694;1,53
11895;694;1,53
11896;698;1,93
11897;695;1,63
11899;693;1,43
11900;693;1,43
11901;696;1,73
11904;693;1,43
11905;692;1,32
11906;693;1,43
11908;692;1,32
11909;692;1,32
11910;692;1,32
11912;694;1,53
11913;693;1,43
11914;692;1,32
11916;695;1,63
11917;692;1,32
11918;694;1,53
11920;690;1,12
11921;693;1,43
11922;695;1,63
11924;691;1,22
11925;694;1,53
11926;693;1,43
11928;693;1,43
11929;691;1,22
11930;691;1,22
11932;693;1,43
11933;691;1,22
11934;692;1,32
11936;691;1,22
11937;691;1,22
11938;692;1,32
11940;692;1,32
11941;693;1,43
11942;691;1,22
11944;692;1,32
11945;689;1,02
11947;694;1,53
11949;690;1,12
11950;691;1,22
11951;691;1,22
11953;690;1,12
11954;691;1,22
11955;692;1,32
11956;693;1,43
11958;693;1,43
11959;691;1,22
11960;695;1,63
11962;691;1,22
11963;691;1,22
11964;692;1,32
11966;692;1,32
11967;691;1,22
11968;691;1,22
11970;695;1,63
11971;691;1,22
11972;692;1,32
11974;691;1,22
11975;693;1,43
11976;691;1,22
11978;694;1,53
11979;693;1,43
11980;692;1,32
11982;692;1,32
11983;696;1,73
11984;696;1,73
11986;693;1,43
11987;693;1,43
11988;692;1,32
11991;691;1,22
11992;693;1,43
11993;694;1,53
11995;692;1,32
11996;692;1,32
11997;692;1,32
11999;692;1,32
12000;694;1,53
12001;691;1,22
12003;694;1,53
12004;691;1,22
12005;696;1,73
12007;694;1,53
12008;693;1,43
12009;693;1,43
12011;693;1,43
12012;691;1,22
12013;694;1,53
12015;693;1,43
12016;693;1,43
12017;692;1,32
12019;691;1,22
12020;693;1,43
12021;692;1,32
12023;692;1,32
12024;691;1,22
12025;690;1,12
12027;690;1,12
12028;692;1,32
12029;692;1,32
12032;691;1,22
12033;691;1,22
12034;697;1,83
12036;690;1,12
12037;694;1,53
12038;693;1,43
12040;691;1,22
12041;694;1,53
12042;690;1,12
12043;692;1,32
12045;690;1,12
12046;692;1,32
12047;691;1,22
12049;690;1,12
12050;691;1,22
12051;691;1,22
12053;691;1,22
12054;692;1,32
12055;693;1,43
12057;693;1,43
12058;692;1,32
12059;691;1,22
12061;691;1,22
12062;698;1,93
12063;695;1,63
12065;690;1,12
12066;691;1,22
12067;690;1,12
12069;691;1,22
12070;693;1,43
12071;693;1,43
12073;692;1,32
12075;690;1,12
12076;691;1,22
12078;690;1,12
12079;693;1,43
12080;691;1,22
12082;690;1,12
12083;695;1,63
12084;691;1,22
12086;691;1,22
12087;692;1,32
12088;691;1,22
12090;694;1,53
12091;690;1,12
12092;692;1,32
12094;691;1,22
12095;690;1,12
12096;690;1,12
12098;691;1,22
12099;693;1,43
12100;692;1,32
12102;692;1,32
12103;693;1,43
12104;690;1,12
12106;690;1,12
12107;692;1,32
12108;692;1,32
12110;691;1,22
12111;693;1,43
12112;690;1,12
12114;689;1,02
12115;689;1,02
12116;694;1,53
12119;690;1,12
12120;689;1,02
12121;689;1,02
12123;689;1,02
12124;689;1,02
12125;690;1,12
12127;693;1,43
12128;689;1,02
12129;690;1,12
12130;689;1,02
12132;691;1,22
12133;693;1,43
12134;693;1,43
12136;690;1,12
12137;692;1,32
12138;689;1,02
12140;689;1,02
12141;689;1,02
12142;691;1,22
12144;691;1,22
12145;692;1,32
12146;689;1,02
12148;689;1,02
12149;690;1,12
12150;692;1,32
12152;689;1,02
12153;689;1,02
12154;694;1,53
12156;689;1,02
12157;689;1,02
12158;693;1,43
12161;691;1,22
12162;689;1,02
12163;689;1,02
12165;688;0,92
12166;690;1,12
12167;690;1,12
12169;692;1,32
12170;690;1,12
12171;690;1,12
12173;695;1,63
12174;689;1,02
12175;690;1,12
12177;688;0,92
12178;688;0,92
12179;690;1,12
12181;691;1,22
12182;689;1,02
12183;689;1,02
12185;692;1,32
12186;690;1,12
12187;687;0,82
12189;689;1,02
12190;689;1,02
12191;688;0,92
12193;689;1,02
12194;689;1,02
12195;689;1,02
12197;689;1,02
12198;691;1,22
12199;688;0,92
12201;692;1,32
12203;688;0,92
12204;686;0,72
12206;687;0,82
12207;686;0,72
12208;691;1,22
12210;687;0,82
12211;687;0,82
12212;687;0,82
12214;687;0,82
12215;688;0,92
12216;688;0,92
12217;686;0,72
12219;686;0,72
12220;686;0,72
12221;688;0,92
12223;688;0,92
12224;686;0,72
12225;687;0,82
12227;685;0,62
12228;687;0,82
12229;691;1,22
12231;686;0,72
12232;691;1,22
12233;687;0,82
12235;685;0,62
12236;687;0,82
12237;687;0,82
12239;687;0,82
12240;689;1,02
12241;686;0,72
12243;686;0,72
12244;690;1,12
12246;686;0,72
12248;688;0,92
12249;686;0,72
12250;685;0,62
12252;691;1,22
12253;689;1,02
12254;685;0,62
12256;690;1,12
12257;691;1,22
12258;689;1,02
12260;685;0,62
12261;686;0,72
12262;686;0,72
12264;685;0,62
12265;687;0,82
12266;686;0,72
12268;685;0,62
12269;687;0,82
12270;688;0,92
12272;686;0,72
12273;688;0,92
12274;687;0,82
12276;685;0,62
12277;684;0,52
12278;691;1,22
12280;686;0,72
12281;691;1,22
12282;685;0,62
12284;685;0,62
12285;686;0,72
12286;684;0,52
12289;685;0,62
12290;686;0,72
12291;686;0,72
12293;685;0,62
12294;687;0,82
12295;689;1,02
12297;689;1,02
12298;684;0,52
12299;687;0,82
12301;687;0,82
12302;686;0,72
12303;685;0,62
12304;686;0,72
12306;690;1,12
12307;686;0,72
12308;684;0,52
12310;687;0,82
12311;687;0,82
12312;689;1,02
12314;686;0,72
12315;687;0,82
12316;686;0,72
12318;688;0,92
12319;687;0,82
12320;686;0,72
12322;688;0,92
12323;686;0,72
12324;689;1,02
12326;687;0,82
12327;689;1,02
12328;689;1,02
12331;686;0,72
12332;691;1,22
12333;690;1,12
12335;689;1,02
12336;693;1,43
12337;687;0,82
12339;687;0,82
12340;689;1,02
12341;691;1,22
12343;694;1,53
12344;689;1,02
12345;691;1,22
12347;692;1,32
12348;689;1,02
12349;687;0,82
12351;693;1,43
12352;692;1,32
12353;687;0,82
12355;688;0,92
12356;687;0,82
12357;687;0,82
12359;690;1,12
12360;692;1,32
12361;688;0,92
12363;686;0,72
12364;686;0,72
12365;687;0,82
12367;687;0,82
12368;691;1,22
12369;689;1,02
12371;687;0,82
12372;686;0,72
12374;688;0,92
12376;688;0,92
12377;687;0,82
12378;685;0,62
12380;686;0,72
12381;684;0,52
12382;687;0,82
12384;685;0,62
12385;684;0,52
12386;691;1,22
12388;687;0,82
12389;690;1,12
12390;685;0,62
12391;685;0,62
12393;689;1,02
12394;684;0,52
12395;686;0,72
12397;686;0,72
12398;685;0,62
12399;688;0,92
12401;685;0,62
12402;685;0,62
12403;684;0,52
12405;685;0,62
12406;685;0,62
12407;685;0,62
12409;684;0,52
12410;685;0,62
12411;685;0,62
12413;686;0,72
12414;685;0,62
12416;687;0,82
12418;689;1,02
12419;687;0,82
12420;687;0,82
12422;687;0,82
12423;686;0,72
12424;691;1,22
12426;687;0,82
12427;687;0,82
12428;688;0,92
12430;687;0,82
12431;687;0,82
12432;687;0,82
12434;690;1,12
12435;686;0,72
12436;688;0,92
12438;687;0,82
12439;687;0,82
12440;685;0,62
12442;686;0,72
12443;686;0,72
12444;686;0,72
12446;686;0,72
12447;688;0,92
12448;686;0,72
12450;686;0,72
12451;687;0,82
12452;690;1,12
12454;686;0,72
12455;684;0,52
12456;686;0,72
12459;685;0,62
12460;685;0,62
12461;687;0,82
12463;687;0,82
12464;687;0,82
12465;685;0,62
12467;685;0,62
12468;685;0,62
12469;690;1,12
12471;684;0,52
12472;685;0,62
12473;685;0,62
12475;685;0,62
12476;686;0,72
12477;691;1,22
12478;686;0,72
12480;690;1,12
12481;685;0,62
12482;686;0,72
12484;686;0,72
12485;686;0,72
12486;690;1,12
12488;685;0,62
12489;683;0,42
12490;686;0,72
12492;684;0,52
12493;683;0,42
12494;684;0,52
12496;684;0,52
12497;684;0,52
12498;683;0,42
12500;684;0,52
12502;685;0,62
12503;685;0,62
12505;687;0,82
12506;685;0,62
12507;687;0,82
12509;689;1,02
12510;684;0,52
12511;686;0,72
12513;687;0,82
12514;685;0,62
12515;687;0,82
12517;685;0,62
12518;685;0,62
12519;688;0,92
12521;684;0,52
12522;686;0,72
12523;686;0,72
12525;686;0,72
12526;686;0,72
12527;684;0,52
12529;685;0,62
12530;687;0,82
12531;685;0,62
12533;687;0,82
12534;686;0,72
12535;688;0,92
12537;685;0,62
12538;685;0,62
12539;686;0,72
12541;685;0,62
12542;685;0,62
12544;684;0,52
12546;686;0,72
12547;685;0,62
12548;685;0,62
12550;686;0,72
12551;687;0,82
12552;686;0,72
12554;685;0,62
12555;686;0,72
12556;687;0,82
12558;687;0,82
12559;687;0,82
12560;686;0,72
12562;686;0,72
12563;686;0,72
12564;687;0,82
12565;685;0,62
12567;685;0,62
12568;687;0,82
12569;686;0,72
12571;686;0,72
12572;686;0,72
12573;686;0,72
12575;687;0,82
12576;685;0,62
12577;686;0,72
12579;687;0,82
12580;686;0,72
12581;686;0,72
12583;686;0,72
12584;687;0,82
12585;686;0,72
12588;686;0,72
12589;687;0,82
12590;688;0,92
12592;691;1,22
12593;687;0,82
12594;687;0,82
12596;688;0,92
12597;688;0,92
12598;690;1,12
12600;690;1,12
12601;687;0,82
12602;689;1,02
12604;690;1,12
12605;687;0,82
12606;686;0,72
12608;688;0,92
12609;693;1,43
12610;686;0,72
12612;688;0,92
12613;688;0,92
12614;688;0,92
12616;687;0,82
12617;686;0,72
12618;689;1,02
12620;688;0,92
12621;688;0,92
12622;688;0,92
12624;694;1,53
12625;687;0,82
12626;687;0,82
12628;689;1,02
12630;687;0,82
12631;690;1,12
12633;687;0,82
12634;688;0,92
12635;686;0,72
12637;687;0,82
12638;686;0,72
12639;687;0,82
12641;686;0,72
12642;686;0,72
12643;687;0,82
12645;686;0,72
12646;688;0,92
12647;693;1,43
12649;687;0,82
12650;687;0,82
12651;686;0,72
12652;687;0,82
12654;691;1,22
12655;686;0,72
12656;687;0,82
12658;691;1,22
12659;687;0,82
12660;687;0,82
12662;687;0,82
12663;688;0,92
12664;687;0,82
12666;688;0,92
12667;686;0,72
12668;686;0,72
12670;691;1,22
12672;689;1,02
12673;686;0,72
12675;689;1,02
12676;688;0,92
12677;688;0,92
12679;687;0,82
12680;688;0,92
12681;687;0,82
12683;690;1,12
12684;690;1,12
12685;689;1,02
12687;692;1,32
12688;687;0,82
12689;686;0,72
12691;687;0,82
12692;685;0,62
12693;687;0,82
12695;687;0,82
12696;688;0,92
12697;692;1,32
12699;691;1,22
12700;689;1,02
12701;692;1,32
12703;692;1,32
12704;692;1,32
12705;689;1,02
12707;689;1,02
12708;694;1,53
12709;687;0,82
12711;686;0,72
12712;688;0,92
12713;685;0,62
12716;687;0,82
12717;687;0,82
12718;685;0,62
12720;687;0,82
12721;689;1,02
12722;687;0,82
12724;692;1,32
12725;687;0,82
12726;687;0,82
12728;688;0,92
12729;687;0,82
12730;688;0,92
12732;688;0,92
12733;685;0,62
12734;688;0,92
12736;685;0,62
12737;688;0,92
12738;685;0,62
12739;685;0,62
12741;685;0,62
12742;686;0,72
12743;686;0,72
12745;685;0,62
12746;686;0,72
12747;686;0,72
12749;687;0,82
12750;687;0,82
12751;688;0,92
12753;690;1,12
12754;686;0,72
12755;685;0,62
12758;687;0,82
12759;689;1,02
12760;689;1,02
12762;688;0,92
12763;689;1,02
12764;688;0,92
12766;688;0,92
12767;689;1,02
12768;690;1,12
12770;690;1,12
12771;690;1,12
12772;690;1,12
12774;688;0,92
12775;692;1,32
12776;692;1,32
12778;688;0,92
12779;687;0,82
12780;689;1,02
12782;687;0,82
12783;689;1,02
12784;689;1,02
12786;690;1,12
12787;691;1,22
12788;688;0,92
12790;688;0,92
12791;689;1,02
12792;687;0,82
12794;687;0,82
12795;687;0,82
12796;688;0,92
12798;688;0,92
12800;687;0,82
12801;686;0,72
12803;686;0,72
12804;685;0,62
12805;686;0,72
12807;686;0,72
12808;687;0,82
12809;686;0,72
12811;684;0,52
12812;685;0,62
12813;686;0,72
12815;688;0,92
12816;684;0,52
12817;686;0,72
12819;685;0,62
12820;685;0,62
12821;685;0,62
12823;690;1,12
12824;686;0,72
12825;686;0,72
12826;686;0,72
12828;687;0,82
12829;686;0,72
12830;687;0,82
12832;686;0,72
12833;687;0,82
12834;687;0,82
12836;686;0,72
12837;687;0,82
12838;689;1,02
12840;687;0,82
12841;688;0,92
12843;687;0,82
12845;689;1,02
12846;688;0,92
12847;688;0,92
12849;689;1,02
12850;690;1,12
12851;689;1,02
12853;689;1,02
12854;688;0,92
12855;687;0,82
12857;687;0,82
12858;689;1,02
12859;688;0,92
12861;689;1,02
12862;692;1,32
12863;689;1,02
12865;690;1,12
12866;691;1,22
12867;688;0,92
12869;687;0,82
12870;690;1,12
12871;687;0,82
12873;687;0,82
12874;687;0,82
12875;688;0,92
12877;693;1,43
12878;688;0,92
12879;688;0,92
12881;690;1,12
12882;686;0,72
12883;687;0,82
12886;687;0,82
12887;688;0,92
12888;687;0,82
12890;686;0,72
12891;687;0,82
12892;687;0,82
12894;687;0,82
12895;687;0,82
12896;687;0,82
12898;687;0,82
12899;691;1,22
12900;685;0,62
12902;684;0,52
12903;690;1,12
12904;686;0,72
12906;688;0,92
12907;688;0,92
12908;687;0,82
12910;687;0,82
12911;685;0,62
12912;687;0,82
12913;688;0,92
12915;687;0,82
12916;690;1,12
12917;689;1,02
12919;686;0,72
12920;687;0,82
12921;691;1,22
12923;687;0,82
12924;684;0,52
12925;691;1,22
12928;686;0,72
12929;686;0,72
12930;686;0,72
12932;686;0,72
12933;685;0,62
12934;687;0,82
12936;686;0,72
12937;686;0,72
12938;684;0,52
12940;686;0,72
12941;686;0,72
12942;687;0,82
12944;686;0,72
12945;686;0,72
12946;692;1,32
12948;692;1,32
12949;688;0,92
12950;687;0,82
12952;686;0,72
12953;687;0,82
12954;686;0,72
12956;688;0,92
12957;688;0,92
12958;689;1,02
12960;687;0,82
12961;686;0,72
12962;688;0,92
12964;687;0,82
12965;689;1,02
12966;689;1,02
12968;689;1,02
12969;688;0,92
12971;689;1,02
12973;687;0,82
12974;691;1,22
12975;690;1,12
12977;689;1,02
12978;689;1,02
12979;688;0,92
12981;689;1,02
12982;693;1,43
12983;688;0,92
12985;688;0,92
12986;689;1,02
12987;689;1,02
12989;691;1,22
12990;689;1,02
12991;689;1,02
12993;688;0,92
12994;688;0,92
12995;690;1,12
12997;689;1,02
12998;689;1,02
12999;690;1,12
13000;690;1,12
13002;689;1,02
13003;689;1,02
13004;690;1,12
13006;688;0,92
13007;687;0,82
13008;687;0,82
13010;687;0,82
13011;686;0,72
13012;687;0,82
13015;687;0,82
13016;686;0,72
13017;687;0,82
13019;687;0,82
13020;688;0,92
13021;688;0,92
13023;686;0,72
13024;687;0,82
13025;687;0,82
13027;686;0,72
13028;686;0,72
13029;687;0,82
13031;686;0,72
13032;687;0,82
13033;686;0,72
13035;688;0,92
13036;689;1,02
13037;689;1,02
13039;688;0,92
13040;687;0,82
13041;689;1,02
13043;689;1,02
13044;687;0,82
13045;691;1,22
13047;688;0,92
13048;688;0,92
13049;689;1,02
13051;691;1,22
13052;690;1,12
13053;691;1,22
13056;690;1,12
13057;691;1,22
13058;690;1,12
13060;690;1,12
13061;691;1,22
13062;690;1,12
13064;688;0,92
13065;691;1,22
13066;690;1,12
13068;689;1,02
13069;690;1,12
13070;689;1,02
13072;688;0,92
13073;690;1,12
13074;690;1,12
13076;686;0,72
13077;690;1,12
13078;686;0,72
13080;687;0,82
13081;689;1,02
13082;686;0,72
13084;685;0,62
13085;686;0,72
13086;687;0,82
13087;685;0,62
13089;685;0,62
13090;688;0,92
13091;686;0,72
13093;687;0,82
13094;684;0,52
13095;685;0,62
13097;686;0,72
13099;687;0,82
13100;684;0,52
13102;687;0,82
13103;684;0,52
13104;686;0,72
13106;688;0,92
13107;687;0,82
13108;686;0,72
13110;687;0,82
13111;688;0,92
13112;688;0,92
13114;688;0,92
13115;690;1,12
13116;689;1,02
13118;689;1,02
13119;689;1,02
13120;692;1,32
13122;690;1,12
13123;690;1,12
13124;691;1,22
13126;691;1,22
13127;691;1,22
13128;690;1,12
13130;691;1,22
13131;692;1,32
13132;690;1,12
13134;690;1,12
13135;691;1,22
13136;689;1,02
13138;689;1,02
13139;691;1,22
13140;689;1,02
13143;689;1,02
13144;689;1,02
13145;687;0,82
13147;690;1,12
13148;687;0,82
13149;688;0,92
13151;686;0,72
13152;689;1,02
13153;688;0,92
13155;687;0,82
13156;686;0,72
13157;686;0,72
13159;686;0,72
13160;688;0,92
13161;686;0,72
13163;687;0,82
13164;687;0,82
13165;686;0,72
13167;689;1,02
13168;685;0,62
13169;687;0,82
13171;686;0,72
13172;689;1,02
13173;686;0,72
13174;687;0,82
13176;687;0,82
13177;688;0,92
13178;687;0,82
13180;688;0,92
13181;688;0,92
13182;688;0,92
13185;689;1,02
13186;689;1,02
13187;689;1,02
13189;687;0,82
13190;688;0,92
13191;688;0,92
13193;687;0,82
13194;688;0,92
13195;690;1,12
13197;690;1,12
13198;687;0,82
13199;688;0,92
13201;689;1,02
13202;689;1,02
13203;688;0,92
13205;690;1,12
13206;689;1,02
13207;688;0,92
13209;690;1,12
13210;688;0,92
13211;688;0,92
13213;688;0,92
13214;689;1,02
13215;689;1,02
13217;689;1,02
13218;687;0,82
13219;686;0,72
13221;688;0,92
13222;687;0,82
13223;687;0,82
13225;687;0,82
13227;688;0,92
13228;687;0,82
13230;688;0,92
13231;688;0,92
13232;686;0,72
13234;686;0,72
13235;687;0,82
13236;688;0,92
13238;689;1,02
13239;687;0,82
13240;687;0,82
13242;690;1,12
13243;687;0,82
13244;688;0,92
13246;686;0,72
13247;689;1,02
13248;686;0,72
13250;687;0,82
13251;687;0,82
13252;688;0,92
13254;685;0,62
13255;688;0,92
13256;687;0,82
13258;689;1,02
13259;689;1,02
13260;690;1,12
13261;687;0,82
13263;691;1,22
13264;689;1,02
13265;690;1,12
13267;688;0,92
13268;689;1,02
13270;691;1,22
13272;691;1,22
13273;690;1,12
13274;690;1,12
13276;688;0,92
13277;689;1,02
13278;690;1,12
13280;689;1,02
13281;689;1,02
13282;691;1,22
13284;689;1,02
13285;689;1,02
13286;690;1,12
13288;689;1,02
13289;690;1,12
13290;689;1,02
13292;689;1,02
13293;688;0,92
13294;689;1,02
13296;690;1,12
13297;686;0,72
13298;692;1,32
13300;688;0,92
13301;687;0,82
13302;686;0,72
13304;691;1,22
13305;688;0,92
13306;689;1,02
13308;689;1,02
13309;688;0,92
13310;687;0,82
13313;690;1,12
13314;686;0,72
13315;690;1,12
13317;687;0,82
13318;687;0,82
13319;686;0,72
13321;685;0,62
13322;689;1,02
13323;686;0,72
13325;688;0,92
13326;685;0,62
13327;691;1,22
13329;685;0,62
13330;687;0,82
13331;686;0,72
13333;686;0,72
13334;685;0,62
13335;684;0,52
13337;684;0,52
13338;686;0,72
13339;687;0,82
13341;687;0,82
13342;686;0,72
13343;688;0,92
13345;688;0,92
13346;687;0,82
13347;689;1,02
13348;688;0,92
13350;688;0,92
13351;690;1,12
13352;689;1,02
13355;690;1,12
13356;691;1,22
13357;688;0,92
13359;691;1,22
13360;689;1,02
13361;689;1,02
13363;692;1,32
13364;689;1,02
13365;690;1,12
13367;689;1,02
13368;692;1,32
13369;691;1,22
13371;691;1,22
13372;691;1,22
13373;689;1,02
13375;695;1,63
13376;690;1,12
13377;691;1,22
13379;689;1,02
13380;696;1,73
13381;690;1,12
13383;688;0,92
13384;694;1,53
13385;689;1,02
13387;689;1,02
13388;693;1,43
13389;688;0,92
13391;688;0,92
13392;691;1,22
13393;690;1,12
13395;688;0,92
13396;691;1,22
13398;686;0,72
13400;685;0,62
13401;686;0,72
13402;687;0,82
13404;688;0,92
13405;691;1,22
13406;692;1,32
13408;691;1,22
13409;686;0,72
13410;686;0,72
13412;685;0,62
13413;684;0,52
13414;687;0,82
13416;686;0,72
13417;686;0,72
13418;686;0,72
13420;686;0,72
13421;688;0,92
13422;687;0,82
13424;688;0,92
13425;690;1,12
13426;692;1,32
13428;689;1,02
13429;690;1,12
13430;688;0,92
13432;688;0,92
13433;689;1,02
13434;687;0,82
13435;688;0,92
13437;690;1,12
13438;689;1,02
13440;693;1,43
13442;692;1,32
13443;688;0,92
13444;690;1,12
13446;689;1,02
13447;690;1,12
13448;689;1,02
13450;688;0,92
13451;690;1,12
13452;689;1,02
13454;688;0,92
13455;688;0,92
13456;690;1,12
13458;689;1,02
13459;688;0,92
13460;686;0,72
13462;688;0,92
13463;686;0,72
13464;687;0,82
13466;687;0,82
13467;687;0,82
13468;686;0,72
13470;686;0,72
13471;685;0,62
13472;686;0,72
13474;690;1,12
13475;688;0,92
13476;689;1,02
13478;686;0,72
13479;686;0,72
13480;687;0,82
13483;687;0,82
13484;687;0,82
13485;686;0,72
13487;687;0,82
13488;687;0,82
13489;687;0,82
13491;687;0,82
13492;688;0,92
13493;688;0,92
13495;689;1,02
13496;690;1,12
13497;688;0,92
13499;689;1,02
13500;689;1,02
13501;693;1,43
13503;690;1,12
13504;689;1,02
13505;689;1,02
13507;690;1,12
13508;689;1,02
13509;690;1,12
13511;693;1,43
13512;689;1,02
13513;690;1,12
13515;689;1,02
13516;692;1,32
13517;690;1,12
13519;690;1,12
13520;692;1,32
13521;691;1,22
13522;690;1,12
13524;689;1,02
13526;690;1,12
13527;691;1,22
13529;690;1,12
13530;691;1,22
13531;692;1,32
13533;689;1,02
13534;690;1,12
13535;691;1,22
13537;689;1,02
13538;690;1,12
13539;689;1,02
13541;689;1,02
13542;688;0,92
13543;691;1,22
13545;689;1,02
13546;689;1,02
13547;689;1,02
13549;692;1,32
13550;691;1,22
13551;688;0,92
13553;690;1,12
13554;689;1,02
13555;690;1,12
13557;689;1,02
13558;688;0,92
13559;686;0,72
13561;688;0,92
13562;688;0,92
13563;687;0,82
13565;686;0,72
13566;688;0,92
13568;689;1,02
13570;688;0,92
13571;688;0,92
13572;688;0,92
13574;688;0,92
13575;688;0,92
13576;691;1,22
13578;687;0,82
13579;689;1,02
13580;687;0,82
13582;687;0,82
13583;691;1,22
13584;690;1,12
13586;687;0,82
13587;689;1,02
13588;688;0,92
13590;690;1,12
13591;689;1,02
13592;689;1,02
13594;689;1,02
13595;688;0,92
13596;690;1,12
13598;690;1,12
13599;690;1,12
13600;695;1,63
13602;690;1,12
13603;689;1,02
13604;688;0,92
13606;690;1,12
13607;688;0,92
13608;691;1,22
13609;688;0,92
13612;689;1,02
13613;688;0,92
13614;688;0,92
13616;687;0,82
13617;691;1,22
13618;690;1,12
13620;690;1,12
13621;688;0,92
13622;691;1,22
13624;690;1,12
13625;688;0,92
13626;689;1,02
13628;688;0,92
13629;691;1,22
13630;688;0,92
13632;688;0,92
13633;688;0,92
13634;688;0,92
13636;687;0,82
13637;690;1,12
13638;692;1,32
13640;693;1,43
13641;690;1,12
13642;691;1,22
13644;689;1,02
13645;695;1,63
13646;691;1,22
13648;692;1,32
13649;693;1,43
13650;689;1,02
13652;690;1,12
13654;692;1,32
13655;690;1,12
13657;690;1,12
13658;690;1,12
13659;689;1,02
13661;694;1,53
13662;690;1,12
13663;690;1,12
13665;695;1,63
13666;692;1,32
13667;691;1,22
13669;690;1,12
13670;695;1,63
13671;694;1,53
13673;694;1,53
13674;691;1,22
13675;692;1,32
13677;691;1,22
13678;691;1,22
13679;695;1,63
13681;692;1,32
13682;694;1,53
13683;692;1,32
13685;692;1,32
13686;692;1,32
13687;692;1,32
13689;692;1,32
13690;691;1,22
13691;690;1,12
13693;691;1,22
13694;692;1,32
13696;689;1,02
13697;689;1,02
13699;689;1,02
13700;692;1,32
13701;689;1,02
13703;694;1,53
13704;689;1,02
13705;691;1,22
13707;689;1,02
13708;688;0,92
13709;693;1,43
13711;690;1,12
13712;690;1,12
13713;692;1,32
13715;686;0,72
13716;688;0,92
13717;689;1,02
13719;688;0,92
13720;688;0,92
13721;686;0,72
13723;691;1,22
13724;686;0,72
13725;687;0,82
13727;688;0,92
13728;686;0,72
13729;688;0,92
13731;687;0,82
13732;688;0,92
13733;688;0,92
13735;686;0,72
13736;687;0,82
13737;692;1,32
13740;690;1,12
13741;690;1,12
13742;688;0,92
13744;689;1,02
13745;690;1,12
13746;689;1,02
13748;687;0,82
13749;695;1,63
13750;693;1,43
13752;692;1,32
13753;688;0,92
13754;689;1,02
13756;689;1,02
13757;687;0,82
13758;690;1,12
13760;689;1,02
13761;691;1,22
13762;691;1,22
13764;689;1,02
13765;692;1,32
13766;691;1,22
13768;689;1,02
13769;688;0,92
13770;689;1,02
13772;690;1,12
13773;690;1,12
13774;691;1,22
13776;691;1,22
13777;689;1,02
13778;689;1,02
13780;688;0,92
13782;690;1,12
13783;690;1,12
13784;690;1,12
13786;690;1,12
13787;690;1,12
13788;690;1,12
13790;690;1,12
13791;690;1,12
13792;690;1,12
13794;688;0,92
13795;692;1,32
13796;689;1,02
13798;691;1,22
13799;688;0,92
13800;690;1,12
13802;690;1,12
13803;688;0,92
13804;691;1,22
13806;689;1,02
13807;692;1,32
13808;690;1,12
13810;691;1,22
13811;691;1,22
13812;689;1,02
13814;690;1,12
13815;691;1,22
13816;690;1,12
13818;691;1,22
13819;692;1,32
13820;691;1,22
13822;688;0,92
13824;689;1,02
13825;689;1,02
13827;691;1,22
13828;692;1,32
13829;690;1,12
13831;689;1,02
13832;691;1,22
13833;692;1,32
13835;692;1,32
13836;692;1,32
13837;693;1,43
13839;690;1,12
13840;690;1,12
13841;692;1,32
13843;689;1,02
13844;690;1,12
13845;690;1,12
13847;689;1,02
13848;690;1,12
13849;691;1,22
13851;691;1,22
13852;689;1,02
13853;690;1,12
13855;689;1,02
13856;690;1,12
13857;689;1,02
13859;687;0,82
13860;689;1,02
13861;692;1,32
13863;688;0,92
13864;687;0,82
13865;689;1,02
13868;691;1,22
13869;689;1,02
13870;691;1,22
13871;689;1,02
13873;690;1,12
13874;688;0,92
13875;687;0,82
13877;691;1,22
13878;689;1,02
13879;687;0,82
13881;690;1,12
13882;688;0,92
13883;687;0,82
13885;687;0,82
13886;690;1,12
13887;688;0,92
13889;688;0,92
13890;690;1,12
13891;688;0,92
13893;688;0,92
13894;687;0,82
13895;688;0,92
13897;689;1,02
13898;686;0,72
13899;687;0,82
13901;689;1,02
13902;689;1,02
13903;688;0,92
13905;688;0,92
13906;689;1,02
13907;687;0,82
13910;689;1,02
13911;689;1,02
13912;688;0,92
13914;690;1,12
13915;688;0,92
13916;691;1,22
13918;689;1,02
13919;689;1,02
13920;689;1,02
13922;690;1,12
13923;691;1,22
13924;691;1,22
13926;690;1,12
13927;690;1,12
13928;689;1,02
13930;688;0,92
13931;691;1,22
13932;689;1,02
13934;690;1,12
13935;689;1,02
13936;689;1,02
13938;690;1,12
13939;689;1,02
13940;690;1,12
13942;690;1,12
13943;692;1,32
13944;691;1,22
13946;690;1,12
13947;689;1,02
13948;691;1,22
13950;692;1,32
13952;691;1,22
13953;691;1,22
13955;693;1,43
13956;690;1,12
13957;691;1,22
13958;695;1,63
13960;690;1,12
13961;689;1,02
13962;693;1,43
13964;695;1,63
13965;690;1,12
13966;690;1,12
13968;695;1,63
13969;694;1,53
13970;687;0,82
13972;692;1,32
13973;688;0,92
13974;692;1,32
13976;689;1,02
13977;691;1,22
13978;691;1,22
13980;690;1,12
13981;687;0,82
13982;689;1,02
13984;690;1,12
13985;688;0,92
13986;688;0,92
13988;690;1,12
13989;689;1,02
13990;691;1,22
13992;689;1,02
13993;688;0,92
13995;690;1,12
13997;689;1,02
13998;689;1,02
13999;688;0,92
14001;688;0,92
14002;690;1,12
14003;689;1,02
14005;689;1,02
14006;689;1,02
14007;689;1,02
14009;692;1,32
14010;690;1,12
14011;691;1,22
14013;690;1,12
14014;689;1,02
14015;691;1,22
14017;690;1,12
14018;691;1,22
14019;691;1,22
14021;693;1,43
14022;690;1,12
14023;690;1,12
14025;691;1,22
14026;691;1,22
14027;691;1,22
14029;690;1,12
14030;693;1,43
14031;691;1,22
14033;694;1,53
14034;691;1,22
14035;692;1,32
14038;692;1,32
14039;693;1,43
14040;691;1,22
14042;691;1,22
14043;691;1,22
14044;694;1,53
14045;691;1,22
14047;692;1,32
14048;692;1,32
14049;690;1,12
14051;690;1,12
14052;691;1,22
14053;693;1,43
14055;692;1,32
14056;692;1,32
14057;689;1,02
14059;691;1,22
14060;691;1,22
14061;691;1,22
14063;691;1,22
14064;693;1,43
14065;691;1,22
14067;691;1,22
14068;693;1,43
14069;689;1,02
14071;689;1,02
14072;689;1,02
14073;691;1,22
14075;691;1,22
14076;690;1,12
14077;691;1,22
14080;690;1,12
14081;692;1,32
14082;691;1,22
14084;692;1,32
14085;690;1,12
14086;691;1,22
14088;690;1,12
14089;690;1,12
14090;689;1,02
14092;691;1,22
14093;690;1,12
14094;693;1,43
14096;692;1,32
14097;692;1,32
14098;691;1,22
14100;691;1,22
14101;691;1,22
14102;694;1,53
14104;691;1,22
14105;695;1,63
14106;694;1,53
14108;692;1,32
14109;693;1,43
14110;692;1,32
14112;692;1,32
14113;692;1,32
14114;692;1,32
14116;692;1,32
14117;693;1,43
14118;692;1,32
14120;693;1,43
14121;693;1,43
14123;693;1,43
14125;693;1,43
14126;691;1,22
14127;692;1,32
14129;691;1,22
14130;693;1,43
14131;692;1,32
14132;693;1,43
14134;693;1,43
14135;694;1,53
14136;692;1,32
14138;694;1,53
14139;693;1,43
14140;693;1,43
14142;694;1,53
14143;695;1,63
14144;694;1,53
14146;695;1,63
14147;694;1,53
14148;695;1,63
14150;692;1,32
14151;696;1,73
14152;693;1,43
14154;694;1,53
14155;693;1,43
14156;694;1,53
14158;693;1,43
14159;694;1,53
14160;694;1,53
14162;695;1,63
14163;693;1,43
14164;694;1,53
14167;693;1,43
14168;692;1,32
14169;694;1,53
14171;695;1,63
14172;695;1,63
14173;692;1,32
14175;694;1,53
14176;695;1,63
14177;692;1,32
14179;693;1,43
14180;696;1,73
14181;694;1,53
14183;694;1,53
14184;693;1,43
14185;697;1,83
14187;693;1,43
14188;695;1,63
14189;693;1,43
14191;693;1,43
14192;693;1,43
14193;692;1,32
14195;695;1,63
14196;698;1,93
14197;696;1,73
14199;698;1,93
14200;694;1,53
14201;695;1,63
14203;696;1,73
14204;697;1,83
14205;693;1,43
14208;694;1,53
14209;694;1,53
14210;694;1,53
14212;695;1,63
14213;697;1,83
14214;694;1,53
14216;696;1,73
14217;696;1,73
14218;694;1,53
14219;697;1,83
14221;698;1,93
14222;696;1,73
14223;696;1,73
14225;694;1,53
14226;697;1,83
14227;698;1,93
14229;697;1,83
14230;702;2,33
14231;696;1,73
14233;700;2,13
14234;696;1,73
14235;695;1,63
14237;697;1,83
14238;697;1,83
14239;699;2,03
14241;697;1,83
14242;697;1,83
14243;697;1,83
14245;698;1,93
14246;696;1,73
14247;697;1,83
14249;696;1,73
14251;699;2,03
14252;699;2,03
14254;699;2,03
14255;697;1,83
14256;697;1,83
14258;700;2,13
14259;698;1,93
14260;698;1,93
14262;699;2,03
14263;699;2,03
14264;699;2,03
14266;702;2,33
14267;703;2,43
14268;698;1,93
14270;699;2,03
14271;699;2,03
14272;701;2,23
14274;702;2,33
14275;700;2,13
14276;699;2,03
14278;699;2,03
14279;701;2,23
14280;700;2,13
14282;698;1,93
14283;701;2,23
14284;702;2,33
14286;702;2,33
14287;701;2,23
14288;704;2,53
14290;701;2,23
14291;704;2,53
14292;700;2,13
14295;702;2,33
14296;700;2,13
14297;701;2,23
14299;704;2,53
14300;701;2,23
14301;704;2,53
14303;706;2,73
14304;702;2,33
14305;703;2,43
14306;702;2,33
14308;703;2,43
14309;704;2,53
14310;705;2,63
14312;703;2,43
14313;703;2,43
14314;704;2,53
14316;703;2,43
14317;704;2,53
14318;704;2,53
14320;704;2,53
14321;705;2,63
14322;706;2,73
14324;703;2,43
14325;706;2,73
14326;704;2,53
14328;705;2,63
14329;706;2,73
14330;708;2,94
14332;706;2,73
14333;706;2,73
14334;706;2,73
14337;707;2,83
14338;706;2,73
14339;707;2,83
14341;707;2,83
14342;708;2,94
14343;707;2,83
14345;708;2,94
14346;708;2,94
14347;707;2,83
14349;707;2,83
14350;707;2,83
14351;708;2,94
14353;706;2,73
14354;707;2,83
14355;707;2,83
14357;707;2,83
14358;706;2,73
14359;709;3,04
14361;706;2,73
14362;712;3,34
14363;710;3,14
14365;708;2,94
14366;709;3,04
14367;707;2,83
14369;711;3,24
14370;712;3,34
14371;710;3,14
14373;709;3,04
14374;709;3,04
14375;708;2,94
14377;712;3,34
14379;711;3,24
14380;709;3,04
14382;709;3,04
14383;711;3,24
14384;711;3,24
14386;709;3,04
14387;710;3,14
14388;709;3,04
14390;711;3,24
14391;711;3,24
14392;710;3,14
14393;712;3,34
14395;710;3,14
14396;712;3,34
14397;711;3,24
14399;711;3,24
14400;710;3,14
14401;712;3,34
14403;710;3,14
14404;713;3,44
14405;712;3,34
14407;710;3,14
14408;712;3,34
14409;711;3,24
14411;714;3,54
14412;712;3,34
14413;711;3,24
14415;712;3,34
14416;712;3,34
14417;713;3,44
14419;713;3,44
14420;712;3,34
14422;714;3,54
14424;713;3,44
14425;711;3,24
14426;713;3,44
14428;716;3,74
14429;711;3,24
14430;711;3,24
14432;712;3,34
14433;710;3,14
14434;712;3,34
14436;712;3,34
14437;711;3,24
14438;710;3,14
14440;711;3,24
14441;709;3,04
14442;709;3,04
14444;708;2,94
14445;711;3,24
14446;709;3,04
14448;710;3,14
14449;710;3,14
14450;711;3,24
14452;710;3,14
14453;711;3,24
14454;715;3,64
14456;711;3,24
14457;713;3,44
14458;714;3,54
14460;716;3,74
14461;714;3,54
14462;715;3,64
14465;716;3,74
14466;718;3,94
14467;714;3,54
14469;716;3,74
14470;720;4,14
14471;714;3,54
14473;714;3,54
14474;713;3,44
14475;714;3,54
14477;715;3,64
14478;721;4,24
14479;715;3,64
14480;713;3,44
14482;713;3,44
14483;712;3,34
14484;715;3,64
14486;712;3,34
14487;713;3,44
14488;713;3,44
14490;712;3,34
14491;712;3,34
14492;715;3,64
14494;713;3,44
14495;713;3,44
14496;712;3,34
14498;712;3,34
14499;712;3,34
14500;712;3,34
14502;713;3,44
14503;714;3,54
14504;714;3,54
14507;718;3,94
14508;714;3,54
14509;713;3,44
14511;712;3,34
14512;714;3,54
14513;713;3,44
14515;713;3,44
14516;714;3,54
14517;716;3,74
14519;719;4,04
14520;712;3,34
14521;716;3,74
14523;714;3,54
14524;719;4,04
14525;713;3,44
14527;720;4,14
14528;715;3,64
14529;716;3,74
14531;720;4,14
14532;715;3,64
14533;715;3,64
14535;714;3,54
14536;716;3,74
14537;714;3,54
14539;714;3,54
14540;715;3,64
14541;715;3,64
14543;713;3,44
14544;712;3,34
14545;713;3,44
14547;717;3,84
14548;713;3,44
14550;714;3,54
14552;714;3,54
14553;712;3,34
14554;714;3,54
14556;712;3,34
14557;711;3,24
14558;712;3,34
14560;711;3,24
14561;712;3,34
14562;713;3,44
14564;711;3,24
14565;713;3,44
14566;711;3,24
14567;718;3,94
14569;711;3,24
14570;711;3,24
14571;711;3,24
14573;710;3,14
14574;710;3,14
14575;714;3,54
14577;710;3,14
14578;708;2,94
14579;712;3,34
14581;709;3,04
14582;709;3,04
14583;709;3,04
14585;713;3,44
14586;711;3,24
14587;716;3,74
14589;710;3,14
14590;711;3,24
14592;709;3,04
14594;711;3,24
14595;710;3,14
14596;713;3,44
14598;715;3,64
14599;709;3,04
14600;710;3,14
14602;709;3,04
14603;711;3,24
14604;716;3,74
14606;714;3,54
14607;714;3,54
14608;712;3,34
14610;709;3,04
14611;710;3,14
14612;710;3,14
14614;713;3,44
14615;713;3,44
14616;711;3,24
14618;717;3,84
14619;714;3,54
14620;715;3,64
14622;715;3,64
14623;712;3,34
14624;712;3,34
14626;717;3,84
14627;713;3,44
14628;715;3,64
14630;710;3,14
14631;711;3,24
14632;712;3,34
14635;711;3,24
14636;709;3,04
14637;709;3,04
14639;708;2,94
14640;708;2,94
14641;712;3,34
14643;713;3,44
14644;710;3,14
14645;708;2,94
14647;711;3,24
14648;709;3,04
14649;708;2,94
14651;709;3,04
14652;708;2,94
14653;707;2,83
14654;708;2,94
14656;709;3,04
14657;709;3,04
14658;710;3,14
14660;707;2,83
14661;709;3,04
14662;708;2,94
14664;709;3,04
14665;714;3,54
14666;709;3,04
14668;708;2,94
14669;709;3,04
14670;706;2,73
14672;708;2,94
14673;713;3,44
14674;706;2,73
14676;708;2,94
14678;707;2,83
14679;708;2,94
14681;709;3,04
14682;712;3,34
14683;710;3,14
14685;709;3,04
14686;709;3,04
14687;710;3,14
14689;711;3,24
14690;710;3,14
14691;709;3,04
14693;710;3,14
14694;710;3,14
14695;709;3,04
14697;710;3,14
14698;709;3,04
14699;707;2,83
14701;710;3,14
14702;712;3,34
14703;705;2,63
14705;707;2,83
14706;706;2,73
14707;708;2,94
14709;707;2,83
14710;707;2,83
14711;711;3,24
14713;716;3,74
14714;711;3,24
14715;709;3,04
14717;707;2,83
14718;710;3,14
14720;707;2,83
14722;708;2,94
14723;713;3,44
14724;713;3,44
14726;712;3,34
14727;711;3,24
14728;709;3,04
14730;712;3,34
14731;708;2,94
14732;706;2,73
14734;710;3,14
14735;709;3,04
14736;708;2,94
14738;711;3,24
14739;712;3,34
14740;711;3,24
14741;713;3,44
14743;711;3,24
14744;712;3,34
14745;709;3,04
14747;714;3,54
14748;711;3,24
14749;711;3,24
14751;711;3,24
14752;709;3,04
14753;711;3,24
14755;714;3,54
14756;711;3,24
14757;710;3,14
14759;710;3,14
14760;711;3,24
14761;706;2,73
14764;709;3,04
14765;705;2,63
14766;703;2,43
14768;710;3,14
14769;707;2,83
14770;705;2,63
14772;705;2,63
14773;702;2,33
14774;705;2,63
14776;703;2,43
14777;701;2,23
14778;704;2,53
14780;703;2,43
14781;709;3,04
14782;710;3,14
14784;706;2,73
14785;708;2,94
14786;705;2,63
14788;706;2,73
14789;706;2,73
14790;706;2,73
14792;709;3,04
14793;715;3,64
14794;712;3,34
14796;716;3,74
14797;714;3,54
14798;711;3,24
14800;712;3,34
14801;713;3,44
14802;714;3,54
14804;717;3,84
14806;711;3,24
14807;713;3,44
14809;713;3,44
14810;711;3,24
14811;712;3,34
14813;714;3,54
14814;710;3,14
14815;717;3,84
14817;708;2,94
14818;710;3,14
14819;708;2,94
14821;709;3,04
14822;709;3,04
14823;709;3,04
14825;709;3,04
14826;711;3,24
14827;706;2,73
14828;713;3,44
14830;710;3,14
14831;708;2,94
14832;711;3,24
14834;706;2,73
14835;707;2,83
14836;708;2,94
14838;706;2,73
14839;707;2,83
14840;706;2,73
14842;711;3,24
14843;706;2,73
14844;705;2,63
14846;705;2,63
14848;706;2,73
14849;709;3,04
14851;705;2,63
14852;709;3,04
14853;713;3,44
14855;707;2,83
14856;712;3,34
14857;711;3,24
14859;708;2,94
14860;711;3,24
14861;707;2,83
14863;706;2,73
14864;708;2,94
14865;706;2,73
14867;707;2,83
14868;708;2,94
14869;711;3,24
14871;709;3,04
14872;708;2,94
14873;709;3,04
14875;710;3,14
14876;709;3,04
14877;708;2,94
14879;709;3,04
14880;710;3,14
14881;709;3,04
14883;707;2,83
14884;711;3,24
14885;713;3,44
14887;708;2,94
14888;706;2,73
14889;707;2,83
14892;707;2,83
14893;707;2,83
14894;712;3,34
14896;708;2,94
14897;711;3,24
14898;708;2,94
14900;713;3,44
14901;710;3,14
14902;708;2,94
14904;705;2,63
14905;709;3,04
14906;712;3,34
14908;707;2,83
14909;711;3,24
14910;706;2,73
14912;707;2,83
14913;705;2,63
14914;707;2,83
14915;705;2,63
14917;705;2,63
14918;704;2,53
14919;705;2,63
14921;704;2,53
14922;706;2,73
14923;704;2,53
14925;705;2,63
14926;705;2,63
14927;707;2,83
14929;708;2,94
14930;706;2,73
14931;708;2,94
14934;706;2,73
14935;711;3,24
14936;706;2,73
14938;709;3,04
14939;710;3,14
14940;706;2,73
14942;712;3,34
14943;711;3,24
14944;708;2,94
14946;705;2,63
14947;706;2,73
14948;705;2,63
14950;706;2,73
14951;704;2,53
14952;707;2,83
14954;713;3,44
14955;705;2,63
14956;705;2,63
14958;704;2,53
14959;704;2,53
14960;704;2,53
14962;704;2,53
14963;707;2,83
14964;707;2,83
14966;703;2,43
14967;704;2,53
14968;703;2,43
14970;703;2,43
14971;703;2,43
14972;702;2,33
14974;703;2,43
14976;703;2,43
14977;705;2,63
14979;705;2,63
14980;705;2,63
14981;703;2,43
14983;708;2,94
14984;710;3,14
14985;703;2,43
14987;706;2,73
14988;704;2,53
14989;702;2,33
14991;704;2,53
14992;708;2,94
14993;708;2,94
14995;705;2,63
14996;703;2,43
14997;710;3,14
14999;705;2,63
15000;710;3,14
15001;706;2,73
15002;708;2,94
15004;707;2,83
15005;709;3,04
15006;705;2,63
15008;706;2,73
15009;709;3,04
15010;706;2,73
15012;705;2,63
15013;706;2,73
15014;708;2,94
15016;706;2,73
15017;706;2,73
15019;707;2,83
15021;709;3,04
15022;704;2,53
15023;708;2,94
15025;703;2,43
15026;708;2,94
15027;708;2,94
15029;707;2,83
15030;703;2,43
15031;706;2,73
15033;706;2,73
15034;708;2,94
15035;709;3,04
15037;704;2,53
15038;707;2,83
15039;704;2,53
15041;703;2,43
15042;705;2,63
15043;703;2,43
15045;701;2,23
15046;702;2,33
15047;705;2,63
15049;701;2,23
15050;702;2,33
15051;702;2,33
15053;707;2,83
15054;704;2,53
15055;705;2,63
15057;706;2,73
15058;704;2,53
15059;707;2,83
15062;707;2,83
15063;704;2,53
15064;708;2,94
15066;706;2,73
15067;707;2,83
15068;714;3,54
15070;708;2,94
15071;708;2,94
15072;707;2,83
15074;708;2,94
15075;707;2,83
15076;708;2,94
15078;709;3,04
15079;708;2,94
15080;709;3,04
15082;709;3,04
15083;706;2,73
15084;706;2,73
15086;705;2,63
15087;707;2,83
15088;709;3,04
15089;704;2,53
15091;704;2,53
15092;704;2,53
15093;706;2,73
15095;707;2,83
15096;703;2,43
15097;709;3,04
15099;707;2,83
15100;702;2,33
15101;702;2,33
15104;702;2,33
15105;705;2,63
15106;700;2,13
15108;701;2,23
15109;702;2,33
15110;702;2,33
15112;702;2,33
15113;702;2,33
15114;701;2,23
15116;704;2,53
15117;703;2,43
15118;701;2,23
15120;705;2,63
15121;706;2,73
15122;709;3,04
15124;704;2,53
15125;704;2,53
15126;705;2,63
15128;704;2,53
15129;707;2,83
15130;707;2,83
15132;706;2,73
15133;707;2,83
15134;705;2,63
15136;709;3,04
15137;707;2,83
15138;705;2,63
15140;708;2,94
15141;706;2,73
15142;704;2,53
15144;706;2,73
15145;705;2,63
15147;705;2,63
15149;704;2,53
15150;703;2,43
15151;705;2,63
15153;704;2,53
15154;704;2,53
15155;704;2,53
15157;702;2,33
15158;703;2,43
15159;705;2,63
15161;705;2,63
15162;701;2,23
15163;702;2,33
15165;701;2,23
15166;700;2,13
15167;698;1,93
15169;700;2,13
15170;701;2,23
15171;702;2,33
15173;701;2,23
15174;699;2,03
15175;698;1,93
15176;700;2,13
15178;699;2,03
15179;698;1,93
15180;701;2,23
15182;697;1,83
15183;697;1,83
15184;697;1,83
15186;698;1,93
15187;698;1,93
15188;700;2,13
15191;697;1,83
15192;697;1,83
15193;697;1,83
15195;700;2,13
15196;697;1,83
15197;697;1,83
15199;698;1,93
15200;698;1,93
15201;700;2,13
15203;699;2,03
15204;701;2,23
15205;705;2,63
15207;698;1,93
15208;698;1,93
15209;695;1,63
15211;695;1,63
15212;698;1,93
15213;701;2,23
15215;700;2,13
15216;706;2,73
15217;703;2,43
15219;702;2,33
15220;703;2,43
15221;703;2,43
15223;703;2,43
15224;704;2,53
15225;703;2,43
15227;707;2,83
15228;705;2,63
15229;706;2,73
15232;705;2,63
15233;706;2,73
15234;705;2,63
15236;704;2,53
15237;704;2,53
15238;701;2,23
15240;701;2,23
15241;704;2,53
15242;702;2,33
15244;700;2,13
15245;700;2,13
15246;702;2,33
15248;701;2,23
15249;701;2,23
15250;700;2,13
15252;701;2,23
15253;699;2,03
15254;698;1,93
15256;699;2,03
15257;702;2,33
15258;698;1,93
15260;699;2,03
15261;701;2,23
15262;698;1,93
15263;700;2,13
15265;699;2,03
15266;697;1,83
15267;696;1,73
15269;697;1,83
15270;695;1,63
15271;697;1,83
15273;698;1,93
15275;695;1,63
15276;696;1,73
15278;698;1,93
15279;695;1,63
15280;694;1,53
15282;699;2,03
15283;699;2,03
15284;695;1,63
15286;695;1,63
15287;699;2,03
15288;697;1,83
15290;697;1,83
15291;695;1,63
15292;697;1,83
15294;696;1,73
15295;699;2,03
15296;697;1,83
15298;700;2,13
15299;701;2,23
15300;702;2,33
15302;701;2,23
15303;702;2,33
15304;704;2,53
15306;701;2,23
15307;701;2,23
15308;701;2,23
15310;706;2,73
15311;704;2,53
15312;701;2,23
15314;706;2,73
15315;705;2,63
15316;707;2,83
15319;703;2,43
15320;704;2,53
15321;704;2,53
15323;702;2,33
15324;702;2,33
15325;700;2,13
15327;699;2,03
15328;700;2,13
15329;699;2,03
15331;700;2,13
15332;699;2,03
15333;699;2,03
15335;700;2,13
15336;699;2,03
15337;699;2,03
15339;699;2,03
15340;698;1,93
15341;700;2,13
15343;697;1,83
15344;696;1,73
15345;697;1,83
15347;697;1,83
15348;697;1,83
15349;695;1,63
15350;697;1,83
15352;698;1,93
15353;697;1,83
15354;697;1,83
15356;695;1,63
15357;701;2,23
15358;698;1,93
15361;700;2,13
15362;697;1,83
15363;696;1,73
15365;695;1,63
15366;695;1,63
15367;698;1,93
15369;701;2,23
15370;697;1,83
15371;698;1,93
15373;698;1,93
15374;699;2,03
15375;697;1,83
15377;700;2,13
15378;700;2,13
15379;700;2,13
15381;702;2,33
15382;699;2,03
15383;705;2,63
15385;702;2,33
15386;703;2,43
15387;699;2,03
15389;699;2,03
15390;701;2,23
15391;700;2,13
15393;701;2,23
15394;703;2,43
15395;703;2,43
15397;701;2,23
15398;706;2,73
15399;703;2,43
15401;702;2,33
15403;702;2,33
15404;704;2,53
15406;703;2,43
15407;704;2,53
15408;705;2,63
15410;702;2,33
15411;703;2,43
15412;702;2,33
15414;701;2,23
15415;701;2,23
15416;701;2,23
15418;701;2,23
15419;701;2,23
15420;700;2,13
15422;703;2,43
15423;700;2,13
15424;700;2,13
15426;700;2,13
15427;699;2,03
15428;700;2,13
15430;699;2,03
15431;699;2,03
15432;700;2,13
15434;700;2,13
15435;698;1,93
15436;701;2,23
15437;700;2,13
15439;701;2,23
15440;698;1,93
15441;700;2,13
15443;699;2,03
15444;702;2,33
15446;700;2,13
15448;698;1,93
15449;700;2,13
15450;699;2,03
15452;700;2,13
15453;699;2,03
15454;703;2,43
15456;698;1,93
15457;699;2,03
15458;700;2,13
15460;699;2,03
15461;700;2,13
15462;700;2,13
15464;700;2,13
15465;704;2,53
15466;701;2,23
15468;707;2,83
15469;700;2,13
15470;700;2,13
15472;700;2,13
15473;701;2,23
15474;701;2,23
15476;701;2,23
15477;705;2,63
15478;702;2,33
15480;703;2,43
15481;704;2,53
15482;701;2,23
15484;701;2,23
15485;705;2,63
15486;701;2,23
15489;701;2,23
15490;700;2,13
15491;700;2,13
15493;700;2,13
15494;705;2,63
15495;705;2,63
15497;702;2,33
15498;700;2,13
15499;700;2,13
15501;702;2,33
15502;704;2,53
15503;699;2,03
15505;699;2,03
15506;706;2,73
15507;703;2,43
15509;703;2,43
15510;700;2,13
15511;699;2,03
15513;699;2,03
15514;700;2,13
15515;698;1,93
15517;697;1,83
15518;698;1,93
15519;698;1,93
15521;700;2,13
15522;699;2,03
15523;698;1,93
15524;703;2,43
15526;703;2,43
15527;698;1,93
15528;701;2,23
15531;700;2,13
15532;699;2,03
15533;701;2,23
15535;700;2,13
15536;702;2,33
15537;699;2,03
15539;699;2,03
15540;700;2,13
15541;699;2,03
15543;699;2,03
15544;699;2,03
15545;699;2,03
15547;699;2,03
15548;702;2,33
15549;700;2,13
15551;702;2,33
15552;702;2,33
15553;702;2,33
15555;702;2,33
15556;702;2,33
15557;703;2,43
15559;702;2,33
15560;697;1,83
15561;700;2,13
15563;698;1,93
15564;699;2,03
15565;698;1,93
15567;700;2,13
15568;697;1,83
15569;699;2,03
15571;696;1,73
15572;698;1,93
15574;697;1,83
15576;697;1,83
15577;697;1,83
15578;697;1,83
15580;697;1,83
15581;698;1,93
15582;696;1,73
15584;697;1,83
15585;696;1,73
15586;698;1,93
15588;696;1,73
15589;697;1,83
15590;697;1,83
15592;697;1,83
15593;695;1,63
15594;698;1,93
15596;695;1,63
15597;696;1,73
15598;695;1,63
15600;695;1,63
15601;697;1,83
15602;693;1,43
15604;699;2,03
15605;697;1,83
15606;698;1,93
15608;697;1,83
15609;697;1,83
15610;697;1,83
15611;695;1,63
15613;697;1,83
15614;695;1,63
15616;696;1,73
15618;699;2,03
15619;699;2,03
15620;695;1,63
15622;695;1,63
15623;697;1,83
15624;697;1,83
15626;694;1,53
15627;696;1,73
15628;695;1,63
15630;695;1,63
15631;695;1,63
15632;695;1,63
15634;695;1,63
15635;695;1,63
15636;696;1,73
15638;695;1,63
15639;695;1,63
15640;693;1,43
15642;696;1,73
15643;693;1,43
15644;694;1,53
15646;696;1,73
15647;694;1,53
15648;697;1,83
15650;694;1,53
15651;694;1,53
15652;694;1,53
15654;694;1,53
15655;694;1,53
15656;695;1,63
15659;694;1,53
15660;694;1,53
15661;693;1,43
15663;693;1,43
15664;694;1,53
15665;693;1,43
15667;693;1,43
15668;695;1,63
15669;694;1,53
15671;693;1,43
15672;696;1,73
15673;698;1,93
15675;694;1,53
15676;695;1,63
15677;694;1,53
15679;693;1,43
15680;695;1,63
15681;694;1,53
15683;694;1,53
15684;695;1,63
15685;696;1,73
15687;696;1,73
15688;694;1,53
15689;693;1,43
15691;693;1,43
15692;693;1,43
15693;694;1,53
15695;693;1,43
15696;694;1,53
15697;696;1,73
15698;694;1,53
15700;694;1,53
15702;695;1,63
15703;694;1,53
15705;694;1,53
15706;694;1,53
15707;693;1,43
15709;698;1,93
15710;693;1,43
15711;696;1,73
15713;693;1,43
15714;693;1,43
15715;694;1,53
15717;697;1,83
15718;693;1,43
15719;695;1,63
15721;695;1,63
15722;694;1,53
15723;693;1,43
15725;693;1,43
15726;695;1,63
15727;692;1,32
15729;697;1,83
15730;693;1,43
15731;693;1,43
15733;694;1,53
15734;694;1,53
15735;693;1,43
15737;692;1,32
15738;694;1,53
15739;692;1,32
15741;697;1,83
15742;693;1,43
15744;692;1,32
15746;693;1,43
15747;693;1,43
15748;693;1,43
15750;693;1,43
15751;695;1,63
15752;692;1,32
15754;695;1,63
15755;694;1,53
15756;695;1,63
15758;697;1,83
15759;692;1,32
15760;695;1,63
15762;693;1,43
15763;695;1,63
15764;693;1,43
15766;694;1,53
15767;692;1,32
15768;692;1,32
15770;693;1,43
15771;694;1,53
15772;693;1,43
15774;695;1,63
15775;693;1,43
15776;694;1,53
15778;695;1,63
15779;695;1,63
15780;692;1,32
15782;694;1,53
15783;693;1,43
15784;694;1,53
15785;693;1,43
15788;693;1,43
15789;692;1,32
15790;693;1,43
15792;693;1,43
15793;694;1,53
15794;693;1,43
15796;694;1,53
15797;693;1,43
15798;692;1,32
15800;692;1,32
15801;692;1,32
15802;693;1,43
15804;694;1,53
15805;692;1,32
15806;693;1,43
15808;692;1,32
15809;694;1,53
15810;691;1,22
15812;693;1,43
15813;691;1,22
15814;691;1,22
15816;693;1,43
15817;691;1,22
15818;691;1,22
15820;693;1,43
15821;693;1,43
15822;692;1,32
15824;693;1,43
15825;693;1,43
15826;691;1,22
15828;694;1,53
15830;692;1,32
15831;694;1,53
15833;692;1,32
15834;693;1,43
15835;691;1,22
15837;691;1,22
15838;692;1,32
15839;693;1,43
15841;694;1,53
15842;691;1,22
15843;692;1,32
15845;691;1,22
15846;692;1,32
15847;693;1,43
15849;693;1,43
15850;692;1,32
15851;692;1,32
15853;693;1,43
15854;692;1,32
15855;692;1,32
15857;693;1,43
15858;693;1,43
15859;692;1,32
15861;690;1,12
15862;692;1,32
15863;692;1,32
15865;693;1,43
15866;691;1,22
15867;693;1,43
15869;696;1,73
15870;692;1,32
15872;693;1,43
15873;695;1,63
15875;692;1,32
15876;691;1,22
15877;693;1,43
15879;693;1,43
15880;693;1,43
15881;693;1,43
15883;693;1,43
15884;693;1,43
15885;691;1,22
15887;693;1,43
15888;693;1,43
15889;693;1,43
15891;691;1,22
15892;692;1,32
15893;695;1,63
15895;693;1,43
15896;695;1,63
15897;693;1,43
15899;694;1,53
15900;692;1,32
15901;692;1,32
15903;692;1,32
15904;694;1,53
15905;692;1,32
15907;693;1,43
15908;692;1,32
15909;692;1,32
15911;694;1,53
15912;693;1,43
15913;693;1,43
15916;693;1,43
15917;691;1,22
15918;692;1,32
15920;692;1,32
15921;692;1,32
15922;693;1,43
15924;692;1,32
15925;697;1,83
15926;692;1,32
15928;694;1,53
