Tempo(ms);ADC_Bruto;Forca(kg)
322250;2467;0,00
322251;2492;0,31
322252;2512;0,82
322253;2551;1,81
322254;2455;0,00
322255;2481;0,04
322256;2510;0,77
322257;2478;0,00
322258;2559;2,01
322259;2610;3,30
322260;2512;0,82
322261;2505;0,64
322262;2480;0,01
322263;2475;0,00
322264;2510;0,77
322265;2503;0,59
322266;2597;2,97
322278;2496;0,41
322279;2509;0,74
322280;2543;1,60
322281;2499;0,49
322282;2485;0,14
322283;2495;0,39
322284;2541;1,55
322285;2512;0,82
322286;2479;0,00
322287;2511;0,79
322288;2495;0,39
322289;2539;1,50
322290;2496;0,41
322291;2485;0,14
322292;2494;0,36
322293;2517;0,95
322294;2496;0,41
322295;2496;0,41
322296;2498;0,47
322307;2495;0,39
322308;2559;2,01
322309;2481;0,04
322310;2478;0,00
322311;2467;0,00
322312;2605;3,17
322313;2473;0,00
322314;2472;0,00
322315;2480;0,01
322316;2581;2,57
322317;2469;0,00
322318;2530;1,28
322319;2483;0,09
322320;2559;2,01
322321;2467;0,00
322322;2626;3,70
322323;2551;1,81
322324;2527;1,20
322335;2559;2,01
322336;2501;0,54
322337;2479;0,00
322338;2506;0,67
322339;2513;0,85
322340;2531;1,30
322341;2493;0,34
322342;2522;1,07
322343;2478;0,00
322344;2538;1,48
322345;2480;0,01
322346;2448;0,00
322347;2514;0,87
322348;2490;0,26
322349;2512;0,82
322350;2533;1,35
322351;2474;0,00
322352;2512;0,82
322353;2478;0,00
322364;2559;2,01
322365;2479;0,00
322366;2521;1,05
322367;2487;0,19
322368;2467;0,00
322369;2487;0,19
322370;2489;0,24
322371;2525;1,15
322372;2512;0,82
322373;2485;0,14
322374;2533;1,35
322375;2512;0,82
322376;2476;0,00
322377;2499;0,49
322378;2475;0,00
322379;2480;0,01
322380;2537;1,45
322381;2528;1,22
322392;2483;0,09
322393;2526;1,17
322394;2476;0,00
322395;2476;0,00
322396;2688;5,27
322397;2499;0,49
322398;2544;1,63
322399;2473;0,00
322400;2470;0,00
322401;2495;0,39
322402;2503;0,59
322403;2465;0,00
322404;2469;0,00
322405;2475;0,00
322406;2501;0,54
322407;2480;0,01
322408;2477;0,00
322409;2480;0,01
322410;2489;0,24
322422;2480;0,01
322423;2474;0,00
322424;2480;0,01
322425;2474;0,00
322426;2486;0,16
322427;2538;1,48
322428;2480;0,01
322429;2494;0,36
322430;2500;0,52
322431;2482;0,06
322432;2496;0,41
322433;2480;0,01
322434;2487;0,19
322435;2478;0,00
322436;2481;0,04
322437;2480;0,01
322438;2479;0,00
322439;2478;0,00
322450;2466;0,00
322451;2482;0,06
322452;2495;0,39
322453;2479;0,00
322454;2481;0,04
322455;2557;1,96
322456;2473;0,00
322457;2480;0,01
322458;2478;0,00
322459;2596;2,95
322460;2496;0,41
322461;2529;1,25
322462;2471;0,00
322463;2477;0,00
322464;2491;0,29
322465;2513;0,85
322466;2493;0,34
322467;2526;1,17
322468;2495;0,39
322479;2629;3,78
322480;2526;1,17
322481;2480;0,01
322482;2463;0,00
322483;2467;0,00
322484;2499;0,49
322485;2467;0,00
322486;2479;0,00
322487;2533;1,35
322488;2476;0,00
322489;2479;0,00
322490;2470;0,00
322491;2511;0,79
322492;2491;0,29
322493;2474;0,00
322494;2493;0,34
322495;2500;0,52
322496;2549;1,76
322507;2480;0,01
322508;2506;0,67
322509;2482;0,06
322510;2558;1,98
322511;2480;0,01
322512;2493;0,34
322513;2478;0,00
322514;2478;0,00
322515;2582;2,59
322516;2502;0,57
322517;2511;0,79
322518;2491;0,29
322519;2486;0,16
322520;2537;1,45
322521;2486;0,16
322522;2473;0,00
322523;2480;0,01
322524;2507;0,69
322525;2482;0,06
322537;2516;0,92
322538;2593;2,87
322539;2509;0,74
322540;2558;1,98
322541;2503;0,59
322542;2499;0,49
322543;2522;1,07
322544;2506;0,67
322545;2559;2,01
322546;2559;2,01
322547;2525;1,15
322548;2519;1,00
322549;2515;0,90
322550;2559;2,01
322551;2522;1,07
322552;2487;0,19
322553;2499;0,49
322554;2505;0,64
322565;2486;0,16
322566;2477;0,00
322567;2474;0,00
322568;2480;0,01
322569;2512;0,82
322570;2485;0,14
322571;2527;1,20
322572;2495;0,39
322573;2477;0,00
322574;2477;0,00
322575;2523;1,10
322576;2471;0,00
322577;2470;0,00
322578;2480;0,01
322579;2512;0,82
322580;2510;0,77
322581;2478;0,00
322582;2474;0,00
322583;2467;0,00
322594;2559;2,01
322595;2480;0,01
322596;2533;1,35
322597;2559;2,01
322598;2475;0,00
322599;2480;0,01
322600;2471;0,00
322601;2544;1,63
322602;2559;2,01
322603;2464;0,00
322604;2595;2,92
322605;2476;0,00
322606;2479;0,00
322607;2506;0,67
322608;2493;0,34
322609;2479;0,00
322610;2489;0,24
322611;2483;0,09
322622;2483;0,09
322623;2479;0,00
322624;2476;0,00
322625;2480;0,01
322626;2487;0,19
322627;2469;0,00
322628;2512;0,82
322629;2477;0,00
322630;2468;0,00
322631;2493;0,34
322632;2512;0,82
322633;2501;0,54
322634;2547;1,71
322635;2477;0,00
322636;2480;0,01
322637;2510;0,77
322638;2517;0,95
322639;2512;0,82
322640;2501;0,54
322651;2542;1,58
322652;2482;0,06
322653;2489;0,24
322654;2471;0,00
322655;2525;1,15
322656;2523;1,10
322657;2473;0,00
322658;2495;0,39
322659;2474;0,00
322660;2478;0,00
322661;2595;2,92
322662;2485;0,14
322663;2468;0,00
322664;2513;0,85
322665;2478;0,00
322666;2480;0,01
322667;2484;0,11
322668;2523;1,10
322680;2531;1,30
322681;2507;0,69
322682;2533;1,35
322683;2559;2,01
322684;2517;0,95
322685;2530;1,28
322686;2478;0,00
322687;2533;1,35
322688;2547;1,71
322689;2480;0,01
322690;2528;1,22
322691;2519;1,00
322692;2518;0,97
322693;2546;1,68
322694;2559;2,01
322695;2635;3,93
322696;2542;1,58
322697;2559;2,01
322698;2518;0,97
322709;2555;1,91
322710;2480;0,01
322711;2511;0,79
322712;2478;0,00
322713;2497;0,44
322714;2559;2,01
322715;2477;0,00
322716;2500;0,52
322717;2559;2,01
322718;2467;0,00
322719;2475;0,00
322720;2483;0,09
322721;2487;0,19
322722;2516;0,92
322723;2550;1,78
322724;2477;0,00
322725;2523;1,10
322726;2468;0,00
322737;2559;2,01
322738;2522;1,07
322739;2473;0,00
322740;2474;0,00
322741;2479;0,00
322742;2517;0,95
322743;2501;0,54
322744;2479;0,00
322745;2514;0,87
322746;2480;0,01
322747;2541;1,55
322748;2480;0,01
322749;2496;0,41
322750;2509;0,74
322751;2496;0,41
322752;2515;0,90
322753;2480;0,01
322754;2474;0,00
322755;2491;0,29
322766;2481;0,04
322767;2474;0,00
322768;2480;0,01
322769;2482;0,06
322770;2492;0,31
322771;2479;0,00
322772;2489;0,24
322773;2559;2,01
322774;2486;0,16
322775;2481;0,04
322776;2489;0,24
322777;2476;0,00
322778;2505;0,64
322779;2543;1,60
322780;2630;3,81
322781;2477;0,00
322782;2474;0,00
322783;2519;1,00
322795;2464;0,00
322796;2462;0,00
322797;2465;0,00
322798;2462;0,00
322799;2460;0,00
322800;2463;0,00
322801;2460;0,00
322802;2460;0,00
322803;2466;0,00
322804;2462;0,00
322805;2462;0,00
322806;2471;0,00
322807;2467;0,00
322808;2459;0,00
322809;2460;0,00
322810;2463;0,00
322811;2461;0,00
322812;2460;0,00
322813;2460;0,00
322824;2586;2,69
322825;2477;0,00
322826;2486;0,16
322827;2471;0,00
322828;2474;0,00
322829;2517;0,95
322830;2475;0,00
322831;2487;0,19
322832;2489;0,24
322833;2515;0,90
322834;2595;2,92
322835;2480;0,01
322836;2480;0,01
322837;2511;0,79
322838;2485;0,14
322839;2480;0,01
322840;2477;0,00
322841;2515;0,90
322852;2491;0,29
322853;2480;0,01
322854;2474;0,00
322855;2592;2,84
322856;2495;0,39
322857;2510;0,77
322858;2551;1,81
322859;2618;3,50
322860;2470;0,00
322861;2543;1,60
322862;2507;0,69
322863;2519;1,00
322864;2493;0,34
322865;2559;2,01
322866;2496;0,41
322867;2492;0,31
322868;2471;0,00
322869;2487;0,19
322870;2522;1,07
322881;2482;0,06
322882;2496;0,41
322883;2476;0,00
322884;2534;1,38
322885;2505;0,64
322886;2507;0,69
322887;2482;0,06
322888;2473;0,00
322889;2559;2,01
322890;2478;0,00
322891;2499;0,49
322892;2512;0,82
322893;2481;0,04
322894;2543;1,60
322895;2503;0,59
322896;2533;1,35
322897;2477;0,00
322898;2475;0,00
322909;2479;0,00
322910;2487;0,19
322911;2470;0,00
322912;2474;0,00
322913;2505;0,64
322914;2540;1,53
322915;2485;0,14
322916;2479;0,00
322917;2480;0,01
322918;2476;0,00
322919;2486;0,16
322920;2534;1,38
322921;2521;1,05
322922;2512;0,82
322923;2557;1,96
322924;2559;2,01
322925;2477;0,00
322926;2474;0,00
322927;2490;0,26
322939;2604;3,15
322940;2514;0,87
322941;2609;3,27
322942;2470;0,00
322943;2523;1,10
322944;2512;0,82
322945;2512;0,82
322946;2527;1,20
322947;2493;0,34
322948;2513;0,85
322949;2640;4,06
322950;2533;1,35
322951;2559;2,01
322952;2463;0,00
322953;2653;4,39
322954;2511;0,79
322955;2514;0,87
322956;2511;0,79
322967;2595;2,92
322968;2487;0,19
322969;2467;0,00
322970;2487;0,19
322971;2480;0,01
322972;2478;0,00
322973;2541;1,55
322974;2465;0,00
322975;2503;0,59
322976;2474;0,00
322977;2512;0,82
322978;2469;0,00
322979;2469;0,00
322980;2480;0,01
322981;2480;0,01
322982;2474;0,00
322983;2544;1,63
322984;2608;3,25
322985;2510;0,77
322996;2480;0,01
322997;2479;0,00
322998;2502;0,57
322999;2480;0,01
323000;2478;0,00
323001;2621;3,58
323002;2480;0,01
323003;2483;0,09
323004;2543;1,60
323005;2482;0,06
323006;2489;0,24
323007;2479;0,00
323008;2480;0,01
323009;2480;0,01
323010;2475;0,00
323011;2478;0,00
323012;2480;0,01
323013;2495;0,39
323024;2475;0,00
323025;2482;0,06
323026;2581;2,57
323027;2478;0,00
323028;2514;0,87
323029;2514;0,87
323030;2479;0,00
323031;2507;0,69
323032;2480;0,01
323033;2480;0,01
323034;2559;2,01
323035;2475;0,00
323036;2481;0,04
323037;2496;0,41
323038;2496;0,41
323039;2515;0,90
323040;2559;2,01
323041;2479;0,00
323042;2608;3,25
323054;2465;0,00
323055;2461;0,00
323056;2465;0,00
323057;2455;0,00
323058;2463;0,00
323059;2463;0,00
323060;2458;0,00
323061;2461;0,00
323062;2466;0,00
323063;2462;0,00
323064;2469;0,00
323065;2459;0,00
323066;2457;0,00
323067;2464;0,00
323068;2458;0,00
323069;2463;0,00
323070;2461;0,00
323071;2469;0,00
323082;2538;1,48
323083;2610;3,30
323084;2473;0,00
323085;2473;0,00
323086;2533;1,35
323087;2475;0,00
323088;2558;1,98
323089;2470;0,00
323090;2466;0,00
323091;2483;0,09
323092;2512;0,82
323093;2559;2,01
323094;2477;0,00
323095;2477;0,00
323096;2513;0,85
323097;2542;1,58
323098;2645;4,19
323099;2480;0,01
323100;2512;0,82
323111;2512;0,82
323112;2480;0,01
323113;2493;0,34
323114;2514;0,87
323115;2514;0,87
323116;2487;0,19
323117;2480;0,01
323118;2480;0,01
323119;2486;0,16
323120;2500;0,52
323121;2522;1,07
323122;2509;0,74
323123;2533;1,35
323124;2497;0,44
323125;2512;0,82
323126;2555;1,91
323127;2588;2,74
323128;2474;0,00
323139;2493;0,34
323140;2475;0,00
323141;2487;0,19
323142;2615;3,43
323143;2490;0,26
323144;2589;2,77
323145;2540;1,53
323146;2474;0,00
323147;2473;0,00
323148;2467;0,00
323149;2512;0,82
323150;2544;1,63
323151;2478;0,00
323152;2482;0,06
323153;2496;0,41
323154;2476;0,00
323155;2469;0,00
323156;2483;0,09
323157;2503;0,59
323168;2544;1,63
323169;2559;2,01
323170;2511;0,79
323171;2470;0,00
323172;2470;0,00
323173;2590;2,79
323174;2477;0,00
323175;2495;0,39
323176;2487;0,19
323177;2523;1,10
323178;2495;0,39
323179;2546;1,68
323180;2481;0,04
323181;2515;0,90
323182;2527;1,20
323183;2519;1,00
323184;2485;0,14
323185;2547;1,71
323197;2500;0,52
323198;2544;1,63
323199;2508;0,72
323200;2483;0,09
323201;2546;1,68
323202;2529;1,25
323203;2490;0,26
323204;2501;0,54
323205;2480;0,01
323206;2496;0,41
323207;2517;0,95
323208;2478;0,00
323209;2498;0,47
323210;2482;0,06
323211;2480;0,01
323212;2485;0,14
323213;2470;0,00
323214;2503;0,59
323215;2488;0,21
323226;2471;0,00
323227;2607;3,22
323228;2487;0,19
323229;2487;0,19
323230;2519;1,00
323231;2473;0,00
323232;2496;0,41
323233;2486;0,16
323234;2559;2,01
323235;2480;0,01
323236;2471;0,00
323237;2474;0,00
323238;2480;0,01
323239;2475;0,00
323240;2471;0,00
323241;2473;0,00
323242;2518;0,97
323243;2485;0,14
323254;2478;0,00
323255;2537;1,45
323256;2469;0,00
323257;2609;3,27
323258;2478;0,00
323259;2475;0,00
323260;2521;1,05
323261;2469;0,00
323262;2480;0,01
323263;2511;0,79
323264;2513;0,85
323265;2475;0,00
323266;2485;0,14
323267;2480;0,01
323268;2587;2,72
323269;2546;1,68
323270;2473;0,00
323271;2475;0,00
323272;2527;1,20
323283;2506;0,67
323284;2620;3,55
323285;2522;1,07
323286;2479;0,00
323287;2471;0,00
323288;2475;0,00
323289;2513;0,85
323290;2480;0,01
323291;2475;0,00
323292;2512;0,82
323293;2467;0,00
323294;2487;0,19
323295;2477;0,00
323296;2559;2,01
323297;2475;0,00
323298;2505;0,64
323299;2505;0,64
323300;2471;0,00
323312;2465;0,00
323313;2471;0,00
323314;2471;0,00
323315;2469;0,00
323316;2467;0,00
323317;2466;0,00
323318;2471;0,00
323319;2463;0,00
323320;2466;0,00
323321;2466;0,00
323322;2467;0,00
323323;2473;0,00
323324;2463;0,00
323325;2463;0,00
323326;2467;0,00
323327;2461;0,00
323328;2464;0,00
323329;2470;0,00
323330;2469;0,00
323341;2609;3,27
323342;2607;3,22
323343;2478;0,00
323344;2490;0,26
323345;2559;2,01
323346;2513;0,85
323347;2559;2,01
323348;2478;0,00
323349;2480;0,01
323350;2622;3,60
323351;2595;2,92
323352;2471;0,00
323353;2477;0,00
323354;2485;0,14
323355;2539;1,50
323356;2559;2,01
323357;2481;0,04
323358;2546;1,68
323369;2471;0,00
323370;2480;0,01
323371;2473;0,00
323372;2479;0,00
323373;2517;0,95
323374;2474;0,00
323375;2605;3,17
323376;2483;0,09
323377;2499;0,49
323378;2559;2,01
323379;2624;3,65
323380;2526;1,17
323381;2481;0,04
323382;2672;4,87
323383;2523;1,10
323384;2535;1,40
323385;2546;1,68
323386;2488;0,21
323387;2480;0,01
323398;2523;1,10
323399;2480;0,01
323400;2493;0,34
323401;2487;0,19
323402;2477;0,00
323403;2495;0,39
323404;2473;0,00
323405;2627;3,73
323406;2555;1,91
323407;2498;0,47
323408;2467;0,00
323409;2475;0,00
323410;2593;2,87
323411;2510;0,77
323412;2481;0,04
323413;2471;0,00
323414;2480;0,01
323415;2480;0,01
323426;2532;1,33
323427;2522;1,07
323428;2523;1,10
323429;2595;2,92
323430;2512;0,82
323431;2470;0,00
323432;2465;0,00
323433;2480;0,01
323434;2496;0,41
323435;2479;0,00
323436;2607;3,22
323437;2502;0,57
323438;2479;0,00
323439;2479;0,00
323440;2474;0,00
323441;2477;0,00
323442;2471;0,00
323443;2480;0,01
323444;2487;0,19
323456;2506;0,67
323457;2502;0,57
323458;2501;0,54
323459;2470;0,00
323460;2501;0,54
323461;2485;0,14
323462;2480;0,01
323463;2518;0,97
323464;2495;0,39
323465;2511;0,79
323466;2559;2,01
323467;2501;0,54
323468;2501;0,54
323469;2477;0,00
323470;2495;0,39
323471;2515;0,90
323472;2594;2,89
323473;2496;0,41
323484;2514;0,87
323485;2503;0,59
323486;2479;0,00
323487;2473;0,00
323488;2505;0,64
323489;2481;0,04
323490;2509;0,74
323491;2581;2,57
323492;2559;2,01
323493;2508;0,72
323494;2499;0,49
323495;2509;0,74
323496;2480;0,01
323497;2471;0,00
323498;2498;0,47
323499;2479;0,00
323500;2512;0,82
323501;2559;2,01
323502;2511;0,79
323513;2512;0,82
323514;2480;0,01
323515;2480;0,01
323516;2477;0,00
323517;2479;0,00
323518;2474;0,00
323519;2471;0,00
323520;2545;1,65
323521;2515;0,90
323522;2525;1,15
323523;2559;2,01
323524;2530;1,28
323525;2480;0,01
323526;2478;0,00
323527;2517;0,95
323528;2609;3,27
323529;2509;0,74
323530;2544;1,63
323541;2513;0,85
323542;2516;0,92
323543;2480;0,01
323544;2512;0,82
323545;2599;3,02
323546;2515;0,90
323547;2496;0,41
323548;2471;0,00
323549;2477;0,00
323550;2481;0,04
323551;2486;0,16
323552;2625;3,68
323553;2493;0,34
323554;2559;2,01
323555;2499;0,49
323556;2474;0,00
323557;2480;0,01
323558;2480;0,01
323559;2498;0,47
323571;2469;0,00
323572;2470;0,00
323573;2473;0,00
323574;2469;0,00
323575;2466;0,00
323576;2464;0,00
323577;2465;0,00
323578;2465;0,00
323579;2461;0,00
323580;2461;0,00
323581;2469;0,00
323582;2470;0,00
323583;2470;0,00
323584;2467;0,00
323585;2461;0,00
323586;2461;0,00
323587;2467;0,00
323588;2469;0,00
323599;2534;1,38
323600;2480;0,01
323601;2467;0,00
323602;2618;3,50
323603;2502;0,57
323604;2499;0,49
323605;2493;0,34
323606;2475;0,00
323607;2476;0,00
323608;2507;0,69
323609;2554;1,88
323610;2475;0,00
323611;2467;0,00
323612;2471;0,00
323613;2512;0,82
323614;2609;3,27
323615;2474;0,00
323616;2512;0,82
323617;2496;0,41
323628;2485;0,14
323629;2529;1,25
323630;2509;0,74
323631;2549;1,76
323632;2492;0,31
323633;2497;0,44
323634;2479;0,00
323635;2474;0,00
323636;2479;0,00
323637;2530;1,28
323638;2480;0,01
323639;2554;1,88
323640;2490;0,26
323641;2529;1,25
323642;2490;0,26
323643;2527;1,20
323644;2522;1,07
323645;2511;0,79
323656;2559;2,01
323657;2540;1,53
323658;2467;0,00
323659;2501;0,54
323660;2512;0,82
323661;2595;2,92
323662;2535;1,40
323663;2480;0,01
323664;2478;0,00
323665;2525;1,15
323666;2483;0,09
323667;2483;0,09
323668;2473;0,00
323669;2532;1,33
323670;2496;0,41
323671;2477;0,00
323672;2559;2,01
323673;2471;0,00
323674;2480;0,01
323685;2539;1,50
323686;2506;0,67
323687;2480;0,01
323688;2493;0,34
323689;2512;0,82
323690;2475;0,00
323691;2470;0,00
323692;2558;1,98
323693;2490;0,26
323694;2477;0,00
323695;2474;0,00
323696;2510;0,77
323697;2512;0,82
323698;2495;0,39
323699;2470;0,00
323700;2467;0,00
323701;2477;0,00
323702;2542;1,58
323714;2480;0,01
323715;2472;0,00
323716;2487;0,19
323717;2477;0,00
323718;2519;1,00
323719;2475;0,00
323720;2485;0,14
323721;2480;0,01
323722;2478;0,00
323723;2483;0,09
323724;2480;0,01
323725;2480;0,01
323726;2475;0,00
323727;2477;0,00
323728;2480;0,01
323729;2479;0,00
323730;2479;0,00
323731;2480;0,01
323732;2478;0,00
323743;2475;0,00
323744;2493;0,34
323745;2480;0,01
323746;2481;0,04
323747;2470;0,00
323748;2535;1,40
323749;2482;0,06
323750;2475;0,00
323751;2525;1,15
323752;2479;0,00
323753;2480;0,01
323754;2480;0,01
323755;2491;0,29
323756;2545;1,65
323757;2477;0,00
323758;2527;1,20
323759;2544;1,63
323760;2490;0,26
323771;2474;0,00
323772;2475;0,00
323773;2608;3,25
323774;2591;2,82
323775;2496;0,41
323776;2559;2,01
323777;2494;0,36
323778;2473;0,00
323779;2476;0,00
323780;2482;0,06
323781;2555;1,91
323782;2470;0,00
323783;2507;0,69
323784;2481;0,04
323785;2479;0,00
323786;2529;1,25
323787;2475;0,00
323788;2487;0,19
323789;2482;0,06
323800;2496;0,41
323801;2480;0,01
323802;2493;0,34
323803;2479;0,00
323804;2524;1,12
323805;2602;3,10
323806;2498;0,47
323807;2532;1,33
323808;2534;1,38
323809;2512;0,82
323810;2480;0,01
323811;2479;0,00
323812;2497;0,44
323813;2479;0,00
323814;2474;0,00
323815;2597;2,97
323816;2511;0,79
323817;2475;0,00
323829;2467;0,00
323830;2466;0,00
323831;2466;0,00
323832;2467;0,00
323833;2469;0,00
323834;2480;0,01
323835;2475;0,00
323836;2465;0,00
323837;2471;0,00
323838;2475;0,00
323839;2470;0,00
323840;2467;0,00
323841;2466;0,00
323842;2469;0,00
323843;2479;0,00
323844;2465;0,00
323845;2471;0,00
323846;2469;0,00
323847;2470;0,00
323858;2613;3,38
323859;2485;0,14
323860;2527;1,20
323861;2534;1,38
323862;2523;1,10
323863;2559;2,01
323864;2477;0,00
323865;2519;1,00
323866;2512;0,82
323867;2507;0,69
323868;2587;2,72
323869;2479;0,00
323870;2507;0,69
323871;2513;0,85
323872;2470;0,00
323873;2633;3,88
323874;2497;0,44
323875;2497;0,44
323886;2551;1,81
323887;2476;0,00
323888;2485;0,14
323889;2480;0,01
323890;2557;1,96
323891;2496;0,41
323892;2473;0,00
323893;2586;2,69
323894;2534;1,38
323895;2489;0,24
323896;2502;0,57
323897;2559;2,01
323898;2480;0,01
323899;2528;1,22
323900;2533;1,35
323901;2559;2,01
323902;2642;4,11
323903;2490;0,26
323904;2496;0,41
323915;2493;0,34
323916;2478;0,00
323917;2479;0,00
323918;2480;0,01
323919;2511;0,79
323920;2621;3,58
323921;2481;0,04
323922;2477;0,00
323923;2477;0,00
323924;2477;0,00
323925;2647;4,24
323926;2494;0,36
323927;2476;0,00
323928;2499;0,49
323929;2497;0,44
323930;2523;1,10
323931;2559;2,01
323932;2541;1,55
323943;2481;0,04
323944;2499;0,49
323945;2465;0,00
323946;2483;0,09
323947;2544;1,63
323948;2512;0,82
323949;2474;0,00
323950;2516;0,92
323951;2514;0,87
323952;2537;1,45
323953;2544;1,63
323954;2559;2,01
323955;2471;0,00
323956;2514;0,87
323957;2495;0,39
323958;2514;0,87
323959;2470;0,00
323960;2523;1,10
323961;2479;0,00
323973;2487;0,19
323974;2477;0,00
323975;2480;0,01
323976;2483;0,09
323977;2478;0,00
323978;2479;0,00
323979;2471;0,00
323980;2482;0,06
323981;2483;0,09
323982;2480;0,01
323983;2480;0,01
323984;2498;0,47
323985;2482;0,06
323986;2480;0,01
323987;2480;0,01
323988;2487;0,19
323989;2483;0,09
323990;2480;0,01
324001;2505;0,64
324002;2503;0,59
324003;2475;0,00
324004;2485;0,14
324005;2544;1,63
324006;2484;0,11
324007;2479;0,00
324008;2479;0,00
324009;2485;0,14
324010;2481;0,04
324011;2526;1,17
324012;2491;0,29
324013;2478;0,00
324014;2486;0,16
324015;2471;0,00
324016;2503;0,59
324017;2559;2,01
324018;2469;0,00
324019;2486;0,16
324030;2485;0,14
324031;2505;0,64
324032;2480;0,01
324033;2514;0,87
324034;2469;0,00
324035;2624;3,65
324036;2480;0,01
324037;2542;1,58
324038;2513;0,85
324039;2526;1,17
324040;2507;0,69
324041;2478;0,00
324042;2479;0,00
324043;2545;1,65
324044;2468;0,00
324045;2639;4,03
324046;2480;0,01
324047;2555;1,91
324058;2512;0,82
324059;2523;1,10
324060;2498;0,47
324061;2491;0,29
324062;2519;1,00
324063;2491;0,29
324064;2522;1,07
324065;2519;1,00
324066;2479;0,00
324067;2513;0,85
324068;2503;0,59
324069;2476;0,00
324070;2497;0,44
324071;2495;0,39
324072;2483;0,09
324073;2542;1,58
324074;2549;1,76
324075;2484;0,11
324076;2661;4,59
324088;2469;0,00
324089;2473;0,00
324090;2473;0,00
324091;2467;0,00
324092;2469;0,00
324093;2474;0,00
324094;2466;0,00
324095;2469;0,00
324096;2473;0,00
324097;2475;0,00
324098;2471;0,00
324099;2475;0,00
324100;2473;0,00
324101;2468;0,00
324102;2470;0,00
324103;2473;0,00
324104;2469;0,00
324105;2474;0,00
324116;2495;0,39
324117;2479;0,00
324118;2474;0,00
324119;2483;0,09
324120;2519;1,00
324121;2498;0,47
324122;2512;0,82
324123;2480;0,01
324124;2480;0,01
324125;2481;0,04
324126;2497;0,44
324127;2526;1,17
324128;2471;0,00
324129;2471;0,00
324130;2542;1,58
324131;2495;0,39
324132;2535;1,40
324133;2479;0,00
324134;2479;0,00
324145;2473;0,00
324146;2493;0,34
324147;2507;0,69
324148;2478;0,00
324149;2512;0,82
324150;2470;0,00
324151;2480;0,01
324152;2485;0,14
324153;2512;0,82
324154;2480;0,01
324155;2501;0,54
324156;2586;2,69
324157;2479;0,00
324158;2477;0,00
324159;2478;0,00
324160;2540;1,53
324161;2477;0,00
324162;2479;0,00
324173;2470;0,00
324174;2474;0,00
324175;2478;0,00
324176;2555;1,91
324177;2480;0,01
324178;2503;0,59
324179;2522;1,07
324180;2491;0,29
324181;2491;0,29
324182;2475;0,00
324183;2507;0,69
324184;2482;0,06
324185;2470;0,00
324186;2485;0,14
324187;2501;0,54
324188;2522;1,07
324189;2486;0,16
324190;2501;0,54
324191;2503;0,59
324202;2599;3,02
324203;2558;1,98
324204;2469;0,00
324205;2480;0,01
324206;2481;0,04
324207;2475;0,00
324208;2495;0,39
324209;2541;1,55
324210;2479;0,00
324211;2477;0,00
324212;2520;1,02
324213;2483;0,09
324214;2499;0,49
324215;2490;0,26
324216;2516;0,92
324217;2601;3,07
324218;2545;1,65
324219;2493;0,34
324231;2508;0,72
324232;2512;0,82
324233;2495;0,39
324234;2511;0,79
324235;2517;0,95
324236;2485;0,14
324237;2503;0,59
324238;2498;0,47
324239;2507;0,69
324240;2519;1,00
324241;2498;0,47
324242;2515;0,90
324243;2497;0,44
324244;2480;0,01
324245;2544;1,63
324246;2481;0,04
324247;2493;0,34
324248;2487;0,19
324249;2480;0,01
324260;2479;0,00
324261;2489;0,24
324262;2517;0,95
324263;2480;0,01
324264;2525;1,15
324265;2491;0,29
324266;2497;0,44
324267;2480;0,01
324268;2480;0,01
324269;2511;0,79
324270;2480;0,01
324271;2483;0,09
324272;2485;0,14
324273;2529;1,25
324274;2475;0,00
324275;2606;3,20
324276;2484;0,11
324277;2513;0,85
324288;2480;0,01
324289;2477;0,00
324290;2471;0,00
324291;2497;0,44
324292;2495;0,39
324293;2475;0,00
324294;2496;0,41
324295;2559;2,01
324296;2480;0,01
324297;2559;2,01
324298;2469;0,00
324299;2667;4,74
324300;2485;0,14
324301;2506;0,67
324302;2519;1,00
324303;2509;0,74
324304;2479;0,00
324305;2477;0,00
324306;2507;0,69
324317;2477;0,00
324318;2480;0,01
324319;2479;0,00
324320;2512;0,82
324321;2470;0,00
324322;2486;0,16
324323;2474;0,00
324324;2497;0,44
324325;2514;0,87
324326;2485;0,14
324327;2559;2,01
324328;2470;0,00
324329;2497;0,44
324330;2471;0,00
324331;2477;0,00
324332;2480;0,01
324333;2468;0,00
324334;2497;0,44
324346;2482;0,06
324347;2483;0,09
324348;2473;0,00
324349;2480;0,01
324350;2477;0,00
324351;2499;0,49
324352;2491;0,29
324353;2489;0,24
324354;2477;0,00
324355;2466;0,00
324356;2470;0,00
324357;2491;0,29
324358;2470;0,00
324359;2475;0,00
324360;2471;0,00
324361;2537;1,45
324362;2476;0,00
324363;2477;0,00
324364;2468;0,00
324375;2484;0,11
324376;2529;1,25
324377;2491;0,29
324378;2483;0,09
324379;2470;0,00
324380;2559;2,01
324381;2482;0,06
324382;2483;0,09
324383;2496;0,41
324384;2497;0,44
324385;2483;0,09
324386;2475;0,00
324387;2483;0,09
324388;2529;1,25
324389;2474;0,00
324390;2479;0,00
324391;2475;0,00
324392;2493;0,34
324403;2559;2,01
324404;2489;0,24
324405;2559;2,01
324406;2494;0,36
324407;2559;2,01
324408;2543;1,60
324409;2541;1,55
324410;2543;1,60
324411;2478;0,00
324412;2497;0,44
324413;2559;2,01
324414;2542;1,58
324415;2490;0,26
324416;2473;0,00
324417;2592;2,84
324418;2559;2,01
324419;2605;3,17
324420;2581;2,57
324421;2541;1,55
324432;2474;0,00
324433;2479;0,00
324434;2476;0,00
324435;2496;0,41
324436;2463;0,00
324437;2477;0,00
324438;2484;0,11
324439;2559;2,01
324440;2510;0,77
324441;2521;1,05
324442;2605;3,17
324443;2512;0,82
324444;2487;0,19
324445;2535;1,40
324446;2473;0,00
324447;2611;3,32
324448;2497;0,44
324449;2546;1,68
324460;2543;1,60
324461;2519;1,00
324462;2487;0,19
324463;2559;2,01
324464;2608;3,25
324465;2490;0,26
324466;2473;0,00
324467;2544;1,63
324468;2483;0,09
324469;2487;0,19
324470;2591;2,82
324471;2475;0,00
324472;2501;0,54
324473;2485;0,14
324474;2491;0,29
324475;2535;1,40
324476;2468;0,00
324477;2473;0,00
324478;2491;0,29
324490;2490;0,26
324491;2522;1,07
324492;2470;0,00
324493;2480;0,01
324494;2481;0,04
324495;2483;0,09
324496;2466;0,00
324497;2495;0,39
324498;2467;0,00
324499;2544;1,63
324500;2480;0,01
324501;2469;0,00
324502;2486;0,16
324503;2483;0,09
324504;2480;0,01
324505;2478;0,00
324506;2495;0,39
324507;2479;0,00
324518;2494;0,36
324519;2491;0,29
324520;2465;0,00
324521;2473;0,00
324522;2512;0,82
324523;2543;1,60
324524;2480;0,01
324525;2469;0,00
324526;2479;0,00
324527;2510;0,77
324528;2559;2,01
324529;2480;0,01
324530;2475;0,00
324531;2488;0,21
324532;2556;1,93
324533;2511;0,79
324534;2471;0,00
324535;2477;0,00
324536;2497;0,44
324547;2503;0,59
324548;2475;0,00
324549;2487;0,19
324550;2544;1,63
324551;2513;0,85
324552;2490;0,26
324553;2480;0,01
324554;2489;0,24
324555;2559;2,01
324556;2473;0,00
324557;2479;0,00
324558;2494;0,36
324559;2506;0,67
324560;2466;0,00
324561;2502;0,57
324562;2480;0,01
324563;2489;0,24
324564;2526;1,17
324575;2480;0,01
324576;2516;0,92
324577;2475;0,00
324578;2535;1,40
324579;2490;0,26
324580;2517;0,95
324581;2481;0,04
324582;2471;0,00
324583;2525;1,15
324584;2508;0,72
324585;2503;0,59
324586;2559;2,01
324587;2479;0,00
324588;2532;1,33
324589;2491;0,29
324590;2516;0,92
324591;2475;0,00
324592;2501;0,54
324593;2510;0,77
324605;2477;0,00
324606;2510;0,77
324607;2473;0,00
324608;2496;0,41
324609;2507;0,69
324610;2478;0,00
324611;2469;0,00
324612;2475;0,00
324613;2483;0,09
324614;2497;0,44
324615;2476;0,00
324616;2470;0,00
324617;2506;0,67
324618;2469;0,00
324619;2473;0,00
324620;2473;0,00
324621;2475;0,00
324622;2474;0,00
324633;2480;0,01
324634;2480;0,01
324635;2515;0,90
324636;2592;2,84
324637;2478;0,00
324638;2481;0,04
324639;2479;0,00
324640;2528;1,22
324641;2523;1,10
324642;2491;0,29
324643;2534;1,38
324644;2523;1,10
324645;2559;2,01
324646;2530;1,28
324647;2475;0,00
324648;2559;2,01
324649;2538;1,48
324650;2480;0,01
324651;2545;1,65
324662;2519;1,00
324663;2488;0,21
324664;2525;1,15
324665;2515;0,90
324666;2584;2,64
324667;2477;0,00
324668;2518;0,97
324669;2641;4,08
324670;2480;0,01
324671;2478;0,00
324672;2479;0,00
324673;2481;0,04
324674;2485;0,14
324675;2483;0,09
324676;2527;1,20
324677;2477;0,00
324678;2470;0,00
324679;2516;0,92
324690;2533;1,35
324691;2480;0,01
324692;2477;0,00
324693;2559;2,01
324694;2484;0,11
324695;2475;0,00
324696;2484;0,11
324697;2471;0,00
324698;2482;0,06
324699;2483;0,09
324700;2490;0,26
324701;2507;0,69
324702;2484;0,11
324703;2478;0,00
324704;2475;0,00
324705;2538;1,48
324706;2519;1,00
324707;2479;0,00
324708;2483;0,09
324719;2483;0,09
324720;2624;3,65
324721;2478;0,00
324722;2553;1,86
324723;2559;2,01
324724;2606;3,20
324725;2480;0,01
324726;2521;1,05
324727;2480;0,01
324728;2539;1,50
324729;2474;0,00
324730;2486;0,16
324731;2485;0,14
324732;2494;0,36
324733;2523;1,10
324734;2478;0,00
324735;2480;0,01
324736;2507;0,69
324748;2582;2,59
324749;2499;0,49
324750;2483;0,09
324751;2581;2,57
324752;2530;1,28
324753;2533;1,35
324754;2559;2,01
324755;2498;0,47
324756;2588;2,74
324757;2625;3,68
324758;2520;1,02
324759;2517;0,95
324760;2507;0,69
324761;2526;1,17
324762;2517;0,95
324763;2528;1,22
324764;2559;2,01
324765;2496;0,41
324766;2506;0,67
324777;2559;2,01
324778;2482;0,06
324779;2508;0,72
324780;2523;1,10
324781;2477;0,00
324782;2555;1,91
324783;2475;0,00
324784;2480;0,01
324785;2480;0,01
324786;2476;0,00
324787;2582;2,59
324788;2475;0,00
324789;2502;0,57
324790;2590;2,79
324791;2475;0,00
324792;2608;3,25
324793;2475;0,00
324794;2502;0,57
324805;2535;1,40
324806;2559;2,01
324807;2485;0,14
324808;2475;0,00
324809;2559;2,01
324810;2521;1,05
324811;2525;1,15
324812;2469;0,00
324813;2499;0,49
324814;2528;1,22
324815;2487;0,19
324816;2549;1,76
324817;2511;0,79
324818;2479;0,00
324819;2477;0,00
324820;2479;0,00
324821;2545;1,65
324822;2476;0,00
324823;2511;0,79
324834;2518;0,97
324835;2557;1,96
324836;2481;0,04
324837;2482;0,06
324838;2477;0,00
324839;2480;0,01
324840;2559;2,01
324841;2612;3,35
324842;2497;0,44
324843;2559;2,01
324844;2598;3,00
324845;2587;2,72
324846;2513;0,85
324847;2528;1,22
324848;2593;2,87
324849;2539;1,50
324850;2481;0,04
324851;2522;1,07
324863;2490;0,26
324864;2611;3,32
324865;2475;0,00
324866;2503;0,59
324867;2479;0,00
324868;2478;0,00
324869;2480;0,01
324870;2480;0,01
324871;2493;0,34
324872;2588;2,74
324873;2499;0,49
324874;2622;3,60
324875;2477;0,00
324876;2594;2,89
324877;2512;0,82
324878;2477;0,00
324879;2559;2,01
324880;2559;2,01
324881;2514;0,87
324892;2474;0,00
324893;2477;0,00
324894;2482;0,06
324895;2533;1,35
324896;2503;0,59
324897;2481;0,04
324898;2480;0,01
324899;2479;0,00
324900;2482;0,06
324901;2479;0,00
324902;2481;0,04
324903;2479;0,00
324904;2486;0,16
324905;2475;0,00
324906;2480;0,01
324907;2477;0,00
324908;2586;2,69
324909;2496;0,41
324920;2508;0,72
324921;2542;1,58
324922;2507;0,69
324923;2534;1,38
324924;2477;0,00
324925;2480;0,01
324926;2482;0,06
324927;2507;0,69
324928;2487;0,19
324929;2477;0,00
324930;2614;3,40
324931;2486;0,16
324932;2475;0,00
324933;2482;0,06
324934;2480;0,01
324935;2624;3,65
324936;2474;0,00
324937;2550;1,78
324938;2477;0,00
324949;2519;1,00
324950;2471;0,00
324951;2496;0,41
324952;2484;0,11
324953;2479;0,00
324954;2480;0,01
324955;2483;0,09
324956;2485;0,14
324957;2496;0,41
324958;2473;0,00
324959;2481;0,04
324960;2587;2,72
324961;2510;0,77
324962;2544;1,63
324963;2535;1,40
324964;2480;0,01
324965;2482;0,06
324966;2498;0,47
324977;2480;0,01
324978;2522;1,07
324979;2478;0,00
324980;2514;0,87
324981;2500;0,52
324982;2479;0,00
324983;2480;0,01
324984;2471;0,00
324985;2503;0,59
324986;2524;1,12
324987;2480;0,01
324988;2468;0,00
324989;2553;1,86
324990;2480;0,01
324991;2500;0,52
324992;2634;3,91
324993;2485;0,14
324994;2545;1,65
324995;2474;0,00
325007;2586;2,69
325008;2478;0,00
325009;2554;1,88
325010;2559;2,01
325011;2559;2,01
325012;2585;2,67
325013;2531;1,30
325014;2522;1,07
325015;2539;1,50
325016;2510;0,77
325017;2477;0,00
325018;2542;1,58
325019;2591;2,82
325020;2555;1,91
325021;2548;1,73
325022;2535;1,40
325023;2588;2,74
325024;2559;2,01
325035;2618;3,50
325036;2529;1,25
325037;2559;2,01
325038;2471;0,00
325039;2475;0,00
325040;2499;0,49
325041;2481;0,04
325042;2480;0,01
325043;2529;1,25
325044;2475;0,00
325045;2623;3,63
325046;2515;0,90
325047;2517;0,95
325048;2475;0,00
325049;2511;0,79
325050;2481;0,04
325051;2558;1,98
325052;2498;0,47
325053;2485;0,14
325064;2479;0,00
325065;2489;0,24
325066;2471;0,00
325067;2494;0,36
325068;2642;4,11
325069;2480;0,01
325070;2490;0,26
325071;2509;0,74
325072;2583;2,62
325073;2480;0,01
325074;2481;0,04
325075;2480;0,01
325076;2559;2,01
325077;2515;0,90
325078;2471;0,00
325079;2480;0,01
325080;2512;0,82
325081;2480;0,01
325092;2518;0,97
325093;2480;0,01
325094;2496;0,41
325095;2481;0,04
325096;2480;0,01
325097;2501;0,54
325098;2499;0,49
325099;2475;0,00
325100;2491;0,29
325101;2512;0,82
325102;2476;0,00
325103;2496;0,41
325104;2515;0,90
325105;2479;0,00
325106;2627;3,73
325107;2513;0,85
325108;2525;1,15
325109;2485;0,14
325110;2475;0,00
325121;2547;1,71
325122;2478;0,00
325123;2524;1,12
325124;2480;0,01
325125;2506;0,67
325126;2483;0,09
325127;2511;0,79
325128;2479;0,00
325129;2490;0,26
325130;2602;3,10
325131;2480;0,01
325132;2480;0,01
325133;2496;0,41
325134;2512;0,82
325135;2501;0,54
325136;2471;0,00
325137;2480;0,01
325138;2496;0,41
325150;2516;0,92
325151;2545;1,65
325152;2623;3,63
325153;2551;1,81
325154;2479;0,00
325155;2544;1,63
325156;2481;0,04
325157;2477;0,00
325158;2559;2,01
325159;2490;0,26
325160;2635;3,93
325161;2482;0,06
325162;2480;0,01
325163;2543;1,60
325164;2559;2,01
325165;2551;1,81
325166;2559;2,01
325167;2475;0,00
325168;2581;2,57
325179;2559;2,01
325180;2486;0,16
325181;2479;0,00
325182;2481;0,04
325183;2468;0,00
325184;2531;1,30
325185;2486;0,16
325186;2559;2,01
325187;2470;0,00
325188;2492;0,31
325189;2521;1,05
325190;2481;0,04
325191;2527;1,20
325192;2489;0,24
325193;2617;3,48
325194;2492;0,31
325195;2470;0,00
325196;2484;0,11
325207;2526;1,17
325208;2520;1,02
325209;2476;0,00
325210;2491;0,29
325211;2479;0,00
325212;2497;0,44
325213;2589;2,77
325214;2480;0,01
325215;2499;0,49
325216;2478;0,00
325217;2497;0,44
325218;2528;1,22
325219;2481;0,04
325220;2480;0,01
325221;2480;0,01
325222;2503;0,59
325223;2493;0,34
325224;2475;0,00
325225;2481;0,04
325236;2481;0,04
325237;2484;0,11
325238;2486;0,16
325239;2484;0,11
325240;2585;2,67
325241;2544;1,63
325242;2602;3,10
325243;2457;0,00
325244;2495;0,39
325245;2507;0,69
325246;2485;0,14
325247;2497;0,44
325248;2485;0,14
325249;2484;0,11
325250;2470;0,00
325251;2554;1,88
325252;2496;0,41
325253;2487;0,19
325265;2481;0,04
325266;2480;0,01
325267;2477;0,00
325268;2512;0,82
325269;2509;0,74
325270;2498;0,47
325271;2513;0,85
325272;2495;0,39
325273;2517;0,95
325274;2487;0,19
325275;2490;0,26
325276;2507;0,69
325277;2559;2,01
325278;2482;0,06
325279;2486;0,16
325280;2485;0,14
325281;2492;0,31
325282;2481;0,04
325283;2495;0,39
325294;2468;0,00
325295;2471;0,00
325296;2511;0,79
325297;2480;0,01
325298;2471;0,00
325299;2474;0,00
325300;2556;1,93
325301;2476;0,00
325302;2476;0,00
325303;2468;0,00
325304;2469;0,00
325305;2544;1,63
325306;2485;0,14
325307;2480;0,01
325308;2468;0,00
325309;2466;0,00
325310;2503;0,59
325311;2479;0,00
325322;2498;0,47
325323;2474;0,00
325324;2510;0,77
325325;2478;0,00
325326;2470;0,00
325327;2467;0,00
325328;2471;0,00
325329;2478;0,00
325330;2540;1,53
325331;2506;0,67
325332;2469;0,00
325333;2476;0,00
325334;2530;1,28
325335;2544;1,63
325336;2551;1,81
325337;2538;1,48
325338;2462;0,00
325339;2531;1,30
325340;2534;1,38
325351;2559;2,01
325352;2477;0,00
325353;2514;0,87
325354;2483;0,09
325355;2499;0,49
325356;2479;0,00
325357;2475;0,00
325358;2498;0,47
325359;2510;0,77
325360;2514;0,87
325361;2551;1,81
325362;2480;0,01
325363;2477;0,00
325364;2490;0,26
325365;2518;0,97
325366;2475;0,00
325367;2473;0,00
325368;2469;0,00
325379;2466;0,00
325380;2470;0,00
325381;2553;1,86
325382;2480;0,01
325383;2506;0,67
325384;2470;0,00
325385;2495;0,39
325386;2472;0,00
325387;2511;0,79
325388;2507;0,69
325389;2538;1,48
325390;2471;0,00
325391;2473;0,00
325392;2471;0,00
325393;2479;0,00
325394;2530;1,28
325395;2476;0,00
325396;2465;0,00
325397;2474;0,00
325409;2496;0,41
325410;2495;0,39
325411;2481;0,04
325412;2511;0,79
325413;2509;0,74
325414;2512;0,82
325415;2479;0,00
325416;2480;0,01
325417;2475;0,00
325418;2480;0,01
325419;2473;0,00
325420;2511;0,79
325421;2483;0,09
325422;2512;0,82
325423;2506;0,67
325424;2503;0,59
325425;2508;0,72
325426;2511;0,79
325437;2478;0,00
325438;2480;0,01
325439;2497;0,44
325440;2471;0,00
325441;2515;0,90
325442;2512;0,82
325443;2477;0,00
325444;2530;1,28
325445;2493;0,34
325446;2553;1,86
325447;2512;0,82
325448;2525;1,15
325449;2540;1,53
325450;2506;0,67
325451;2505;0,64
325452;2518;0,97
325453;2480;0,01
325454;2477;0,00
325455;2523;1,10
325466;2476;0,00
325467;2465;0,00
325468;2511;0,79
325469;2479;0,00
325470;2484;0,11
325471;2508;0,72
325472;2493;0,34
325473;2463;0,00
325474;2489;0,24
325475;2480;0,01
325476;2559;2,01
325477;2465;0,00
325478;2490;0,26
325479;2475;0,00
325480;2539;1,50
325481;2542;1,58
325482;2469;0,00
325483;2477;0,00
325494;2499;0,49
325495;2470;0,00
325496;2501;0,54
325497;2476;0,00
325498;2477;0,00
325499;2485;0,14
325500;2477;0,00
325501;2475;0,00
325502;2479;0,00
325503;2466;0,00
325504;2481;0,04
325505;2487;0,19
325506;2477;0,00
325507;2551;1,81
325508;2512;0,82
325509;2474;0,00
325510;2474;0,00
325511;2498;0,47
325512;2480;0,01
325524;2525;1,15
325525;2514;0,87
325526;2554;1,88
325527;2481;0,04
325528;2485;0,14
325529;2527;1,20
325530;2480;0,01
325531;2485;0,14
325532;2524;1,12
325533;2484;0,11
325534;2512;0,82
325535;2481;0,04
325536;2526;1,17
325537;2533;1,35
325538;2485;0,14
325539;2483;0,09
325540;2483;0,09
325541;2475;0,00
325552;2469;0,00
325553;2486;0,16
325554;2518;0,97
325555;2481;0,04
325556;2474;0,00
325557;2502;0,57
325558;2486;0,16
325559;2499;0,49
325560;2494;0,36
325561;2473;0,00
325562;2469;0,00
325563;2507;0,69
325564;2479;0,00
325565;2475;0,00
325566;2470;0,00
325567;2479;0,00
325568;2477;0,00
325569;2479;0,00
325570;2496;0,41
325581;2545;1,65
325582;2519;1,00
325583;2474;0,00
325584;2474;0,00
325585;2470;0,00
325586;2487;0,19
325587;2497;0,44
325588;2524;1,12
325589;2510;0,77
325590;2467;0,00
325591;2556;1,93
325592;2477;0,00
325593;2507;0,69
325594;2477;0,00
325595;2482;0,06
325596;2465;0,00
325597;2481;0,04
325598;2483;0,09
325609;2480;0,01
325610;2467;0,00
325611;2469;0,00
325612;2493;0,34
325613;2508;0,72
325614;2474;0,00
325615;2465;0,00
325616;2480;0,01
325617;2512;0,82
325618;2471;0,00
325619;2471;0,00
325620;2475;0,00
325621;2467;0,00
325622;2503;0,59
325623;2480;0,01
325624;2476;0,00
325625;2522;1,07
325626;2516;0,92
325627;2512;0,82
325638;2559;2,01
325639;2477;0,00
325640;2510;0,77
325641;2482;0,06
325642;2512;0,82
325643;2479;0,00
325644;2475;0,00
325645;2477;0,00
325646;2482;0,06
325647;2545;1,65
325648;2474;0,00
325649;2474;0,00
325650;2479;0,00
325651;2473;0,00
325652;2470;0,00
325653;2468;0,00
325654;2513;0,85
325655;2518;0,97
325667;2521;1,05
325668;2477;0,00
325669;2487;0,19
325670;2559;2,01
325671;2535;1,40
325672;2544;1,63
325673;2487;0,19
325674;2493;0,34
325675;2477;0,00
325676;2529;1,25
325677;2478;0,00
325678;2495;0,39
325679;2497;0,44
325680;2496;0,41
325681;2481;0,04
325682;2559;2,01
325683;2494;0,36
325684;2495;0,39
325685;2523;1,10
325696;2510;0,77
325697;2483;0,09
325698;2475;0,00
325699;2555;1,91
325700;2479;0,00
325701;2490;0,26
325702;2555;1,91
325703;2465;0,00
325704;2475;0,00
325705;2485;0,14
325706;2559;2,01
325707;2468;0,00
325708;2513;0,85
325709;2512;0,82
325710;2539;1,50
325711;2471;0,00
325712;2474;0,00
325713;2482;0,06
325724;2465;0,00
325725;2499;0,49
325726;2475;0,00
325727;2559;2,01
325728;2495;0,39
325729;2469;0,00
325730;2474;0,00
325731;2497;0,44
325732;2463;0,00
325733;2477;0,00
325734;2496;0,41
325735;2469;0,00
325736;2589;2,77
325737;2469;0,00
325738;2463;0,00
325739;2499;0,49
325740;2473;0,00
325741;2480;0,01
325742;2470;0,00
325753;2477;0,00
325754;2471;0,00
325755;2478;0,00
325756;2481;0,04
325757;2478;0,00
325758;2589;2,77
325759;2478;0,00
325760;2515;0,90
325761;2487;0,19
325762;2467;0,00
325763;2544;1,63
325764;2475;0,00
325765;2481;0,04
325766;2478;0,00
325767;2475;0,00
325768;2475;0,00
325769;2474;0,00
325770;2470;0,00
325782;2469;0,00
325783;2480;0,01
325784;2479;0,00
325785;2467;0,00
325786;2463;0,00
325787;2473;0,00
325788;2480;0,01
325789;2475;0,00
325790;2479;0,00
325791;2453;0,00
325792;2480;0,01
325793;2475;0,00
325794;2467;0,00
325795;2463;0,00
325796;2467;0,00
325797;2474;0,00
325798;2497;0,44
325799;2479;0,00
325800;2467;0,00
325811;2469;0,00
325812;2496;0,41
325813;2480;0,01
325814;2478;0,00
325815;2503;0,59
325816;2512;0,82
325817;2521;1,05
325818;2482;0,06
325819;2475;0,00
325820;2482;0,06
325821;2519;1,00
325822;2508;0,72
325823;2470;0,00
325824;2466;0,00
325825;2470;0,00
325826;2485;0,14
325827;2478;0,00
325828;2467;0,00
325839;2477;0,00
325840;2469;0,00
325841;2494;0,36
325842;2475;0,00
325843;2474;0,00
325844;2485;0,14
325845;2480;0,01
325846;2475;0,00
325847;2473;0,00
325848;2474;0,00
325849;2517;0,95
325850;2533;1,35
325851;2466;0,00
325852;2471;0,00
325853;2465;0,00
325854;2503;0,59
325855;2540;1,53
325856;2476;0,00
325857;2479;0,00
325868;2475;0,00
325869;2479;0,00
325870;2465;0,00
325871;2478;0,00
325872;2475;0,00
325873;2474;0,00
325874;2470;0,00
325875;2483;0,09
325876;2474;0,00
325877;2545;1,65
325878;2465;0,00
325879;2496;0,41
325880;2487;0,19
325881;2471;0,00
325882;2478;0,00
325883;2478;0,00
325884;2474;0,00
325885;2483;0,09
325896;2477;0,00
325897;2475;0,00
325898;2471;0,00
325899;2479;0,00
325900;2506;0,67
325901;2506;0,67
325902;2512;0,82
325903;2480;0,01
325904;2480;0,01
325905;2480;0,01
325906;2469;0,00
325907;2467;0,00
325908;2477;0,00
325909;2471;0,00
325910;2495;0,39
325911;2466;0,00
325912;2483;0,09
325913;2483;0,09
325914;2465;0,00
325926;2559;2,01
325927;2503;0,59
325928;2540;1,53
325929;2496;0,41
325930;2498;0,47
325931;2523;1,10
325932;2501;0,54
325933;2498;0,47
325934;2503;0,59
325935;2502;0,57
325936;2588;2,74
325937;2502;0,57
325938;2503;0,59
325939;2500;0,52
325940;2499;0,49
325941;2502;0,57
325942;2496;0,41
325943;2499;0,49
325954;2483;0,09
325955;2467;0,00
325956;2471;0,00
325957;2475;0,00
325958;2482;0,06
325959;2473;0,00
325960;2516;0,92
325961;2480;0,01
325962;2474;0,00
325963;2479;0,00
325964;2474;0,00
325965;2499;0,49
325966;2491;0,29
325967;2542;1,58
325968;2496;0,41
325969;2469;0,00
325970;2480;0,01
325971;2529;1,25
325972;2469;0,00
325983;2477;0,00
325984;2501;0,54
325985;2478;0,00
325986;2513;0,85
325987;2496;0,41
325988;2475;0,00
325989;2467;0,00
325990;2478;0,00
325991;2511;0,79
325992;2480;0,01
325993;2470;0,00
325994;2514;0,87
325995;2464;0,00
325996;2512;0,82
325997;2517;0,95
325998;2466;0,00
325999;2481;0,04
326000;2486;0,16
326011;2481;0,04
326012;2493;0,34
326013;2479;0,00
326014;2492;0,31
326015;2496;0,41
326016;2525;1,15
326017;2477;0,00
326018;2480;0,01
326019;2471;0,00
326020;2496;0,41
326021;2481;0,04
326022;2523;1,10
326023;2496;0,41
326024;2485;0,14
326025;2477;0,00
326026;2480;0,01
326027;2508;0,72
326028;2480;0,01
326029;2489;0,24
326041;2461;0,00
326042;2463;0,00
326043;2464;0,00
326044;2469;0,00
326045;2475;0,00
326046;2464;0,00
326047;2466;0,00
326048;2470;0,00
326049;2468;0,00
326050;2469;0,00
326051;2462;0,00
326052;2468;0,00
326053;2467;0,00
326054;2471;0,00
326055;2469;0,00
326056;2463;0,00
326057;2464;0,00
326058;2470;0,00
326069;2475;0,00
326070;2513;0,85
326071;2487;0,19
326072;2471;0,00
326073;2510;0,77
326074;2512;0,82
326075;2512;0,82
326076;2473;0,00
326077;2468;0,00
326078;2509;0,74
326079;2514;0,87
326080;2470;0,00
326081;2479;0,00
326082;2555;1,91
326083;2478;0,00
326084;2581;2,57
326085;2510;0,77
326086;2473;0,00
326087;2471;0,00
326098;2507;0,69
326099;2470;0,00
326100;2505;0,64
326101;2479;0,00
326102;2510;0,77
326103;2521;1,05
326104;2481;0,04
326105;2494;0,36
326106;2467;0,00
326107;2506;0,67
326108;2586;2,69
326109;2503;0,59
326110;2473;0,00
326111;2475;0,00
326112;2491;0,29
326113;2474;0,00
326114;2480;0,01
326115;2489;0,24
326126;2487;0,19
326127;2470;0,00
326128;2477;0,00
326129;2480;0,01
326130;2559;2,01
326131;2481;0,04
326132;2515;0,90
326133;2480;0,01
326134;2480;0,01
326135;2493;0,34
326136;2479;0,00
326137;2482;0,06
326138;2475;0,00
326139;2480;0,01
326140;2477;0,00
326141;2483;0,09
326142;2493;0,34
326143;2473;0,00
326144;2478;0,00
326155;2475;0,00
326156;2481;0,04
326157;2481;0,04
326158;2469;0,00
326159;2471;0,00
326160;2587;2,72
326161;2477;0,00
326162;2529;1,25
326163;2473;0,00
326164;2475;0,00
326165;2608;3,25
326166;2481;0,04
326167;2496;0,41
326168;2503;0,59
326169;2480;0,01
326170;2511;0,79
326171;2480;0,01
326172;2483;0,09
326184;2481;0,04
326185;2496;0,41
326186;2480;0,01
326187;2495;0,39
326188;2483;0,09
326189;2480;0,01
326190;2477;0,00
326191;2496;0,41
326192;2480;0,01
326193;2477;0,00
326194;2473;0,00
326195;2483;0,09
326196;2480;0,01
326197;2480;0,01
326198;2479;0,00
326199;2478;0,00
326200;2481;0,04
326201;2496;0,41
326202;2481;0,04
326213;2469;0,00
326214;2538;1,48
326215;2475;0,00
326216;2542;1,58
326217;2470;0,00
326218;2466;0,00
326219;2473;0,00
326220;2477;0,00
326221;2470;0,00
326222;2491;0,29
326223;2476;0,00
326224;2471;0,00
326225;2555;1,91
326226;2467;0,00
326227;2509;0,74
326228;2470;0,00
326229;2510;0,77
326230;2470;0,00
326241;2480;0,01
326242;2501;0,54
326243;2530;1,28
326244;2475;0,00
326245;2496;0,41
326246;2517;0,95
326247;2479;0,00
326248;2534;1,38
326249;2485;0,14
326250;2512;0,82
326251;2463;0,00
326252;2480;0,01
326253;2480;0,01
326254;2471;0,00
326255;2478;0,00
326256;2468;0,00
326257;2469;0,00
326258;2479;0,00
326259;2480;0,01
326270;2507;0,69
326271;2503;0,59
326272;2511;0,79
326273;2485;0,14
326274;2480;0,01
326275;2473;0,00
326276;2481;0,04
326277;2485;0,14
326278;2484;0,11
326279;2507;0,69
326280;2474;0,00
326281;2476;0,00
326282;2544;1,63
326283;2473;0,00
326284;2474;0,00
326285;2478;0,00
326286;2465;0,00
326287;2496;0,41
326299;2467;0,00
326300;2463;0,00
326301;2470;0,00
326302;2462;0,00
326303;2462;0,00
326304;2461;0,00
326305;2468;0,00
326306;2470;0,00
326307;2460;0,00
326308;2462;0,00
326309;2462;0,00
326310;2467;0,00
326311;2465;0,00
326312;2467;0,00
326313;2461;0,00
326314;2467;0,00
326315;2465;0,00
326316;2461;0,00
326317;2459;0,00
326328;2586;2,69
326329;2477;0,00
326330;2477;0,00
326331;2471;0,00
326332;2503;0,59
326333;2587;2,72
326334;2466;0,00
326335;2467;0,00
326336;2497;0,44
326337;2528;1,22
326338;2515;0,90
326339;2471;0,00
326340;2469;0,00
326341;2503;0,59
326342;2512;0,82
326343;2475;0,00
326344;2465;0,00
326345;2475;0,00
326356;2513;0,85
326357;2470;0,00
326358;2525;1,15
326359;2532;1,33
326360;2505;0,64
326361;2471;0,00
326362;2491;0,29
326363;2469;0,00
326364;2480;0,01
326365;2481;0,04
326366;2490;0,26
326367;2510;0,77
326368;2471;0,00
326369;2510;0,77
326370;2480;0,01
326371;2539;1,50
326372;2470;0,00
326373;2470;0,00
326374;2535;1,40
326385;2480;0,01
326386;2474;0,00
326387;2509;0,74
326388;2478;0,00
326389;2477;0,00
326390;2481;0,04
326391;2496;0,41
326392;2526;1,17
326393;2469;0,00
326394;2505;0,64
326395;2474;0,00
326396;2471;0,00
326397;2473;0,00
326398;2530;1,28
326399;2471;0,00
326400;2506;0,67
326401;2471;0,00
326402;2477;0,00
326413;2496;0,41
326414;2470;0,00
326415;2470;0,00
326416;2544;1,63
326417;2475;0,00
326418;2539;1,50
326419;2478;0,00
326420;2470;0,00
326421;2478;0,00
326422;2502;0,57
326423;2480;0,01
326424;2519;1,00
326425;2471;0,00
326426;2469;0,00
326427;2470;0,00
326428;2512;0,82
326429;2507;0,69
326430;2473;0,00
326431;2480;0,01
326443;2480;0,01
326444;2481;0,04
326445;2482;0,06
326446;2486;0,16
326447;2480;0,01
326448;2480;0,01
326449;2500;0,52
326450;2487;0,19
326451;2475;0,00
326452;2486;0,16
326453;2496;0,41
326454;2485;0,14
326455;2493;0,34
326456;2480;0,01
326457;2485;0,14
326458;2480;0,01
326459;2480;0,01
326460;2480;0,01
326471;2486;0,16
326472;2480;0,01
326473;2474;0,00
326474;2471;0,00
326475;2473;0,00
326476;2493;0,34
326477;2540;1,53
326478;2499;0,49
326479;2476;0,00
326480;2479;0,00
326481;2465;0,00
326482;2481;0,04
326483;2513;0,85
326484;2471;0,00
326485;2486;0,16
326486;2484;0,11
326487;2470;0,00
326488;2474;0,00
326489;2469;0,00
326500;2523;1,10
326501;2462;0,00
326502;2513;0,85
326503;2509;0,74
326504;2466;0,00
326505;2476;0,00
326506;2474;0,00
326507;2502;0,57
326508;2482;0,06
326509;2480;0,01
326510;2480;0,01
326511;2480;0,01
326512;2511;0,79
326513;2492;0,31
326514;2502;0,57
326515;2479;0,00
326516;2471;0,00
326517;2517;0,95
326528;2475;0,00
326529;2482;0,06
326530;2496;0,41
326531;2511;0,79
326532;2491;0,29
326533;2482;0,06
326534;2464;0,00
326535;2489;0,24
326536;2540;1,53
326537;2492;0,31
326538;2529;1,25
326539;2489;0,24
326540;2483;0,09
326541;2482;0,06
326542;2544;1,63
326543;2489;0,24
326544;2480;0,01
326545;2475;0,00
326546;2476;0,00
326558;2467;0,00
326559;2467;0,00
326560;2470;0,00
326561;2459;0,00
326562;2469;0,00
326563;2474;0,00
326564;2465;0,00
326565;2461;0,00
326566;2461;0,00
326567;2470;0,00
326568;2466;0,00
326569;2459;0,00
326570;2462;0,00
326571;2464;0,00
326572;2461;0,00
326573;2464;0,00
326574;2467;0,00
326575;2467;0,00
326586;2491;0,29
326587;2480;0,01
326588;2467;0,00
326589;2475;0,00
326590;2482;0,06
326591;2515;0,90
326592;2475;0,00
326593;2482;0,06
326594;2507;0,69
326595;2483;0,09
326596;2499;0,49
326597;2470;0,00
326598;2480;0,01
326599;2480;0,01
326600;2497;0,44
326601;2512;0,82
326602;2475;0,00
326603;2480;0,01
326604;2481;0,04
326615;2551;1,81
326616;2477;0,00
326617;2515;0,90
326618;2480;0,01
326619;2480;0,01
326620;2547;1,71
326621;2480;0,01
326622;2475;0,00
326623;2480;0,01
326624;2472;0,00
326625;2559;2,01
326626;2487;0,19
326627;2471;0,00
326628;2483;0,09
326629;2475;0,00
326630;2467;0,00
326631;2480;0,01
326632;2559;2,01
326643;2507;0,69
326644;2510;0,77
326645;2480;0,01
326646;2473;0,00
326647;2535;1,40
326648;2475;0,00
326649;2517;0,95
326650;2491;0,29
326651;2475;0,00
326652;2474;0,00
326653;2510;0,77
326654;2511;0,79
326655;2473;0,00
326656;2470;0,00
326657;2512;0,82
326658;2532;1,33
326659;2477;0,00
326660;2497;0,44
326661;2496;0,41
326672;2514;0,87
326673;2480;0,01
326674;2559;2,01
326675;2475;0,00
326676;2465;0,00
326677;2480;0,01
326678;2483;0,09
326679;2499;0,49
326680;2538;1,48
326681;2471;0,00
326682;2491;0,29
326683;2480;0,01
326684;2492;0,31
326685;2530;1,28
326686;2477;0,00
326687;2521;1,05
326688;2477;0,00
326689;2511;0,79
326701;2475;0,00
326702;2475;0,00
326703;2471;0,00
326704;2475;0,00
326705;2476;0,00
326706;2476;0,00
326707;2482;0,06
326708;2483;0,09
326709;2467;0,00
326710;2474;0,00
326711;2480;0,01
326712;2477;0,00
326713;2536;1,43
326714;2475;0,00
326715;2477;0,00
326716;2516;0,92
326717;2477;0,00
326718;2479;0,00
326719;2490;0,26
326730;2480;0,01
326731;2473;0,00
326732;2485;0,14
326733;2473;0,00
326734;2502;0,57
326735;2485;0,14
326736;2480;0,01
326737;2535;1,40
326738;2478;0,00
326739;2480;0,01
326740;2501;0,54
326741;2532;1,33
326742;2479;0,00
326743;2468;0,00
326744;2478;0,00
326745;2595;2,92
326746;2473;0,00
326747;2559;2,01
326758;2479;0,00
326759;2482;0,06
326760;2527;1,20
326761;2479;0,00
326762;2498;0,47
326763;2495;0,39
326764;2485;0,14
326765;2471;0,00
326766;2473;0,00
326767;2518;0,97
326768;2521;1,05
326769;2493;0,34
326770;2480;0,01
326771;2477;0,00
326772;2485;0,14
326773;2524;1,12
326774;2463;0,00
326775;2480;0,01
326776;2471;0,00
326787;2487;0,19
326788;2468;0,00
326789;2480;0,01
326790;2528;1,22
326791;2474;0,00
326792;2525;1,15
326793;2479;0,00
326794;2542;1,58
326795;2544;1,63
326796;2470;0,00
326797;2491;0,29
326798;2516;0,92
326799;2473;0,00
326800;2486;0,16
326801;2483;0,09
326802;2512;0,82
326803;2486;0,16
326804;2527;1,20
326816;2473;0,00
326817;2466;0,00
326818;2469;0,00
326819;2478;0,00
326820;2473;0,00
326821;2475;0,00
326822;2473;0,00
326823;2465;0,00
326824;2470;0,00
326825;2469;0,00
326826;2469;0,00
326827;2471;0,00
326828;2470;0,00
326829;2471;0,00
326830;2474;0,00
326831;2471;0,00
326832;2480;0,01
326833;2477;0,00
326834;2473;0,00
326845;2559;2,01
326846;2470;0,00
326847;2478;0,00
326848;2470;0,00
326849;2474;0,00
326850;2474;0,00
326851;2471;0,00
326852;2480;0,01
326853;2481;0,04
326854;2470;0,00
326855;2475;0,00
326856;2480;0,01
326857;2479;0,00
326858;2484;0,11
326859;2477;0,00
326860;2474;0,00
326861;2491;0,29
326862;2529;1,25
326873;2525;1,15
326874;2470;0,00
326875;2477;0,00
326876;2497;0,44
326877;2480;0,01
326878;2518;0,97
326879;2528;1,22
326880;2518;0,97
326881;2481;0,04
326882;2487;0,19
326883;2509;0,74
326884;2497;0,44
326885;2489;0,24
326886;2500;0,52
326887;2523;1,10
326888;2474;0,00
326889;2535;1,40
326890;2480;0,01
326891;2512;0,82
326902;2480;0,01
326903;2471;0,00
326904;2479;0,00
326905;2481;0,04
326906;2474;0,00
326907;2471;0,00
326908;2465;0,00
326909;2495;0,39
326910;2496;0,41
326911;2475;0,00
326912;2475;0,00
326913;2473;0,00
326914;2471;0,00
326915;2512;0,82
326916;2538;1,48
326917;2475;0,00
326918;2478;0,00
326919;2467;0,00
326930;2492;0,31
326931;2471;0,00
326932;2523;1,10
326933;2487;0,19
326934;2512;0,82
326935;2505;0,64
326936;2479;0,00
326937;2480;0,01
326938;2467;0,00
326939;2483;0,09
326940;2494;0,36
326941;2476;0,00
326942;2470;0,00
326943;2512;0,82
326944;2501;0,54
326945;2505;0,64
326946;2507;0,69
326947;2475;0,00
326948;2473;0,00
326960;2478;0,00
326961;2476;0,00
326962;2477;0,00
326963;2480;0,01
326964;2480;0,01
326965;2482;0,06
326966;2477;0,00
326967;2473;0,00
326968;2486;0,16
326969;2480;0,01
326970;2476;0,00
326971;2476;0,00
326972;2480;0,01
326973;2480;0,01
326974;2480;0,01
326975;2487;0,19
326976;2480;0,01
326977;2471;0,00
326988;2471;0,00
326989;2551;1,81
326990;2466;0,00
326991;2465;0,00
326992;2480;0,01
326993;2495;0,39
326994;2497;0,44
326995;2474;0,00
326996;2479;0,00
326997;2480;0,01
326998;2481;0,04
326999;2464;0,00
327000;2480;0,01
327001;2471;0,00
327002;2507;0,69
327003;2490;0,26
327004;2479;0,00
327005;2550;1,78
327006;2487;0,19
327017;2480;0,01
327018;2559;2,01
327019;2481;0,04
327020;2476;0,00
327021;2505;0,64
327022;2475;0,00
327023;2543;1,60
327024;2475;0,00
327025;2480;0,01
327026;2488;0,21
327027;2549;1,76
327028;2480;0,01
327029;2483;0,09
327030;2497;0,44
327031;2475;0,00
327032;2480;0,01
327033;2482;0,06
327034;2495;0,39
327045;2471;0,00
327046;2473;0,00
327047;2473;0,00
327048;2478;0,00
327049;2512;0,82
327050;2485;0,14
327051;2480;0,01
327052;2481;0,04
327053;2475;0,00
327054;2473;0,00
327055;2533;1,35
327056;2477;0,00
327057;2480;0,01
327058;2474;0,00
327059;2523;1,10
327060;2480;0,01
327061;2477;0,00
327062;2474;0,00
327063;2480;0,01
327075;2469;0,00
327076;2470;0,00
327077;2474;0,00
327078;2474;0,00
327079;2474;0,00
327080;2475;0,00
327081;2471;0,00
327082;2469;0,00
327083;2475;0,00
327084;2477;0,00
327085;2473;0,00
327086;2471;0,00
327087;2470;0,00
327088;2469;0,00
327089;2477;0,00
327090;2471;0,00
327091;2473;0,00
327092;2470;0,00
327103;2480;0,01
327104;2470;0,00
327105;2479;0,00
327106;2472;0,00
327107;2480;0,01
327108;2481;0,04
327109;2470;0,00
327110;2475;0,00
327111;2479;0,00
327112;2468;0,00
327113;2480;0,01
327114;2471;0,00
327115;2471;0,00
327116;2474;0,00
327117;2480;0,01
327118;2478;0,00
327119;2491;0,29
327120;2475;0,00
327121;2481;0,04
327132;2470;0,00
327133;2494;0,36
327134;2470;0,00
327135;2477;0,00
327136;2480;0,01
327137;2476;0,00
327138;2511;0,79
327139;2472;0,00
327140;2480;0,01
327141;2471;0,00
327142;2472;0,00
327143;2480;0,01
327144;2523;1,10
327145;2495;0,39
327146;2527;1,20
327147;2469;0,00
327148;2481;0,04
327149;2496;0,41
327160;2489;0,24
327161;2479;0,00
327162;2479;0,00
327163;2481;0,04
327164;2478;0,00
327165;2479;0,00
327166;2475;0,00
327167;2475;0,00
327168;2463;0,00
327169;2506;0,67
327170;2490;0,26
327171;2535;1,40
327172;2480;0,01
327173;2529;1,25
327174;2480;0,01
327175;2525;1,15
327176;2469;0,00
327177;2473;0,00
327178;2512;0,82
327189;2469;0,00
327190;2532;1,33
327191;2474;0,00
327192;2505;0,64
327193;2470;0,00
327194;2601;3,07
327195;2480;0,01
327196;2490;0,26
327197;2478;0,00
327198;2477;0,00
327199;2503;0,59
327200;2478;0,00
327201;2483;0,09
327202;2499;0,49
327203;2477;0,00
327204;2466;0,00
327205;2497;0,44
327206;2474;0,00
327218;2477;0,00
327219;2531;1,30
327220;2475;0,00
327221;2475;0,00
327222;2489;0,24
327223;2476;0,00
327224;2538;1,48
327225;2478;0,00
327226;2477;0,00
327227;2534;1,38
327228;2533;1,35
327229;2528;1,22
327230;2475;0,00
327231;2530;1,28
327232;2479;0,00
327233;2535;1,40
327234;2506;0,67
327235;2473;0,00
327236;2479;0,00
327247;2471;0,00
327248;2471;0,00
327249;2495;0,39
327250;2493;0,34
327251;2471;0,00
327252;2522;1,07
327253;2474;0,00
327254;2478;0,00
327255;2484;0,11
327256;2512;0,82
327257;2622;3,60
327258;2468;0,00
327259;2480;0,01
327260;2475;0,00
327261;2477;0,00
327262;2484;0,11
327263;2470;0,00
327264;2473;0,00
327275;2503;0,59
327276;2506;0,67
327277;2479;0,00
327278;2499;0,49
327279;2513;0,85
327280;2543;1,60
327281;2477;0,00
327282;2477;0,00
327283;2471;0,00
327284;2482;0,06
327285;2547;1,71
327286;2513;0,85
327287;2514;0,87
327288;2486;0,16
327289;2480;0,01
327290;2517;0,95
327291;2477;0,00
327292;2480;0,01
327293;2478;0,00
327304;2496;0,41
327305;2512;0,82
327306;2480;0,01
327307;2473;0,00
327308;2487;0,19
327309;2547;1,71
327310;2468;0,00
327311;2486;0,16
327312;2481;0,04
327313;2478;0,00
327314;2485;0,14
327315;2475;0,00
327316;2524;1,12
327317;2527;1,20
327318;2483;0,09
327319;2480;0,01
327320;2477;0,00
327321;2493;0,34
327333;2477;0,00
327334;2465;0,00
327335;2471;0,00
327336;2470;0,00
327337;2470;0,00
327338;2471;0,00
327339;2467;0,00
327340;2480;0,01
327341;2480;0,01
327342;2480;0,01
327343;2467;0,00
327344;2478;0,00
327345;2473;0,00
327346;2468;0,00
327347;2470;0,00
327348;2473;0,00
327349;2482;0,06
327350;2475;0,00
327351;2474;0,00
327362;2473;0,00
327363;2525;1,15
327364;2490;0,26
327365;2480;0,01
327366;2477;0,00
327367;2476;0,00
327368;2479;0,00
327369;2490;0,26
327370;2483;0,09
327371;2475;0,00
327372;2606;3,20
327373;2480;0,01
327374;2492;0,31
327375;2478;0,00
327376;2477;0,00
327377;2478;0,00
327378;2479;0,00
327379;2487;0,19
327390;2509;0,74
327391;2477;0,00
327392;2529;1,25
327393;2503;0,59
327394;2491;0,29
327395;2479;0,00
327396;2478;0,00
327397;2471;0,00
327398;2519;1,00
327399;2495;0,39
327400;2497;0,44
327401;2472;0,00
327402;2531;1,30
327403;2559;2,01
327404;2495;0,39
327405;2473;0,00
327406;2528;1,22
327407;2487;0,19
327408;2483;0,09
327419;2545;1,65
327420;2481;0,04
327421;2474;0,00
327422;2487;0,19
327423;2506;0,67
327424;2474;0,00
327425;2529;1,25
327426;2480;0,01
327427;2475;0,00
327428;2475;0,00
327429;2559;2,01
327430;2473;0,00
327431;2491;0,29
327432;2471;0,00
327433;2557;1,96
327434;2466;0,00
327435;2493;0,34
327436;2473;0,00
327447;2497;0,44
327448;2491;0,29
327449;2474;0,00
327450;2527;1,20
327451;2480;0,01
327452;2518;0,97
327453;2479;0,00
327454;2491;0,29
327455;2505;0,64
327456;2491;0,29
327457;2515;0,90
327458;2554;1,88
327459;2512;0,82
327460;2478;0,00
327461;2480;0,01
327462;2468;0,00
327463;2466;0,00
327464;2482;0,06
327465;2471;0,00
327477;2477;0,00
327478;2544;1,63
327479;2528;1,22
327480;2536;1,43
327481;2467;0,00
327482;2483;0,09
327483;2538;1,48
327484;2539;1,50
327485;2543;1,60
327486;2535;1,40
327487;2479;0,00
327488;2538;1,48
327489;2475;0,00
327490;2471;0,00
327491;2485;0,14
327492;2523;1,10
327493;2518;0,97
327494;2535;1,40
327505;2517;0,95
327506;2474;0,00
327507;2497;0,44
327508;2481;0,04
327509;2512;0,82
327510;2510;0,77
327511;2471;0,00
327512;2477;0,00
327513;2533;1,35
327514;2478;0,00
327515;2512;0,82
327516;2534;1,38
327517;2467;0,00
327518;2537;1,45
327519;2476;0,00
327520;2528;1,22
327521;2474;0,00
327522;2496;0,41
327523;2503;0,59
327534;2477;0,00
327535;2480;0,01
327536;2471;0,00
327537;2471;0,00
327538;2477;0,00
327539;2468;0,00
327540;2475;0,00
327541;2511;0,79
327542;2486;0,16
327543;2492;0,31
327544;2475;0,00
327545;2510;0,77
327546;2480;0,01
327547;2490;0,26
327548;2480;0,01
327549;2508;0,72
327550;2474;0,00
327551;2485;0,14
327562;2487;0,19
327563;2483;0,09
327564;2480;0,01
327565;2477;0,00
327566;2487;0,19
327567;2478;0,00
327568;2475;0,00
327569;2485;0,14
327570;2475;0,00
327571;2496;0,41
327572;2473;0,00
327573;2510;0,77
327574;2512;0,82
327575;2487;0,19
327576;2485;0,14
327577;2509;0,74
327578;2475;0,00
327579;2475;0,00
327580;2539;1,50
327592;2479;0,00
327593;2467;0,00
327594;2482;0,06
327595;2474;0,00
327596;2477;0,00
327597;2476;0,00
327598;2486;0,16
327599;2482;0,06
327600;2474;0,00
327601;2495;0,39
327602;2474;0,00
327603;2478;0,00
327604;2486;0,16
327605;2467;0,00
327606;2491;0,29
327607;2470;0,00
327608;2485;0,14
327609;2486;0,16
327620;2518;0,97
327621;2474;0,00
327622;2477;0,00
327623;2559;2,01
327624;2466;0,00
327625;2516;0,92
327626;2472;0,00
327627;2517;0,95
327628;2559;2,01
327629;2477;0,00
327630;2496;0,41
327631;2479;0,00
327632;2479;0,00
327633;2471;0,00
327634;2466;0,00
327635;2485;0,14
327636;2523;1,10
327637;2475;0,00
327638;2512;0,82
327649;2479;0,00
327650;2507;0,69
327651;2480;0,01
327652;2478;0,00
327653;2549;1,76
327654;2511;0,79
327655;2480;0,01
327656;2528;1,22
327657;2463;0,00
327658;2468;0,00
327659;2479;0,00
327660;2485;0,14
327661;2482;0,06
327662;2541;1,55
327663;2496;0,41
327664;2529;1,25
327665;2479;0,00
327666;2493;0,34
327677;2466;0,00
327678;2499;0,49
327679;2478;0,00
327680;2475;0,00
327681;2471;0,00
327682;2479;0,00
327683;2485;0,14
327684;2495;0,39
327685;2474;0,00
327686;2471;0,00
327687;2477;0,00
327688;2483;0,09
327689;2481;0,04
327690;2490;0,26
327691;2480;0,01
327692;2476;0,00
327693;2486;0,16
327694;2485;0,14
327695;2467;0,00
327706;2481;0,04
327707;2511;0,79
327708;2512;0,82
327709;2475;0,00
327710;2475;0,00
327711;2470;0,00
327712;2469;0,00
327713;2482;0,06
327714;2478;0,00
327715;2478;0,00
327716;2470;0,00
327717;2475;0,00
327718;2475;0,00
327719;2534;1,38
327720;2482;0,06
327721;2477;0,00
327722;2473;0,00
327723;2493;0,34
327735;2490;0,26
327736;2485;0,14
327737;2493;0,34
327738;2493;0,34
327739;2487;0,19
327740;2490;0,26
327741;2488;0,21
327742;2536;1,43
327743;2541;1,55
327744;2478;0,00
327745;2512;0,82
327746;2494;0,36
327747;2490;0,26
327748;2474;0,00
327749;2494;0,36
327750;2486;0,16
327751;2489;0,24
327752;2477;0,00
327753;2494;0,36
327764;2541;1,55
327765;2479;0,00
327766;2485;0,14
327767;2490;0,26
327768;2477;0,00
327769;2480;0,01
327770;2474;0,00
327771;2481;0,04
327772;2479;0,00
327773;2480;0,01
327774;2613;3,38
327775;2471;0,00
327776;2545;1,65
327777;2490;0,26
327778;2475;0,00
327779;2467;0,00
327780;2498;0,47
327781;2467;0,00
327792;2512;0,82
327793;2481;0,04
327794;2529;1,25
327795;2512;0,82
327796;2517;0,95
327797;2483;0,09
327798;2529;1,25
327799;2475;0,00
327800;2479;0,00
327801;2466;0,00
327802;2474;0,00
327803;2471;0,00
327804;2469;0,00
327805;2480;0,01
327806;2499;0,49
327807;2501;0,54
327808;2485;0,14
327809;2514;0,87
327810;2490;0,26
327821;2518;0,97
327822;2480;0,01
327823;2473;0,00
327824;2480;0,01
327825;2479;0,00
327826;2498;0,47
327827;2496;0,41
327828;2467;0,00
327829;2482;0,06
327830;2475;0,00
327831;2480;0,01
327832;2551;1,81
327833;2482;0,06
327834;2493;0,34
327835;2469;0,00
327836;2474;0,00
327837;2478;0,00
327838;2548;1,73
327850;2497;0,44
327851;2468;0,00
327852;2465;0,00
327853;2471;0,00
327854;2478;0,00
327855;2478;0,00
327856;2474;0,00
327857;2501;0,54
327858;2463;0,00
327859;2484;0,11
327860;2477;0,00
327861;2471;0,00
327862;2471;0,00
327863;2479;0,00
327864;2481;0,04
327865;2546;1,68
327866;2478;0,00
327867;2480;0,01
327868;2480;0,01
327879;2559;2,01
327880;2475;0,00
327881;2475;0,00
327882;2544;1,63
327883;2480;0,01
327884;2529;1,25
327885;2477;0,00
327886;2480;0,01
327887;2477;0,00
327888;2489;0,24
327889;2546;1,68
327890;2544;1,63
327891;2479;0,00
327892;2512;0,82
327893;2499;0,49
327894;2505;0,64
327895;2473;0,00
327896;2481;0,04
327907;2478;0,00
327908;2557;1,96
327909;2469;0,00
327910;2477;0,00
327911;2471;0,00
327912;2493;0,34
327913;2539;1,50
327914;2467;0,00
327915;2476;0,00
327916;2470;0,00
327917;2480;0,01
327918;2486;0,16
327919;2517;0,95
327920;2476;0,00
327921;2547;1,71
327922;2496;0,41
327923;2475;0,00
327924;2463;0,00
327925;2480;0,01
327936;2491;0,29
327937;2495;0,39
327938;2478;0,00
327939;2475;0,00
327940;2471;0,00
327941;2473;0,00
327942;2474;0,00
327943;2468;0,00
327944;2475;0,00
327945;2474;0,00
327946;2559;2,01
327947;2482;0,06
327948;2469;0,00
327949;2467;0,00
327950;2466;0,00
327951;2475;0,00
327952;2495;0,39
327953;2471;0,00
327964;2475;0,00
327965;2505;0,64
327966;2485;0,14
327967;2506;0,67
327968;2470;0,00
327969;2496;0,41
327970;2507;0,69
327971;2496;0,41
327972;2480;0,01
327973;2505;0,64
327974;2539;1,50
327975;2531;1,30
327976;2470;0,00
327977;2482;0,06
327978;2467;0,00
327979;2511;0,79
327980;2481;0,04
327981;2483;0,09
327982;2485;0,14
327994;2477;0,00
327995;2535;1,40
327996;2532;1,33
327997;2503;0,59
327998;2500;0,52
327999;2474;0,00
328000;2495;0,39
328001;2497;0,44
328002;2496;0,41
328003;2501;0,54
328004;2501;0,54
328005;2543;1,60
328006;2506;0,67
328007;2486;0,16
328008;2544;1,63
328009;2505;0,64
328010;2537;1,45
328011;2537;1,45
328022;2484;0,11
328023;2475;0,00
328024;2471;0,00
328025;2480;0,01
328026;2496;0,41
328027;2465;0,00
328028;2501;0,54
328029;2475;0,00
328030;2475;0,00
328031;2491;0,29
328032;2512;0,82
328033;2530;1,28
328034;2473;0,00
328035;2480;0,01
328036;2478;0,00
328037;2463;0,00
328038;2473;0,00
328039;2467;0,00
328040;2484;0,11
328051;2473;0,00
328052;2550;1,78
328053;2477;0,00
328054;2470;0,00
328055;2475;0,00
328056;2479;0,00
328057;2486;0,16
328058;2476;0,00
328059;2491;0,29
328060;2488;0,21
328061;2474;0,00
328062;2533;1,35
328063;2467;0,00
328064;2470;0,00
328065;2473;0,00
328066;2466;0,00
328067;2486;0,16
328068;2497;0,44
328079;2497;0,44
328080;2489;0,24
328081;2481;0,04
328082;2477;0,00
328083;2505;0,64
328084;2492;0,31
328085;2503;0,59
328086;2478;0,00
328087;2559;2,01
328088;2505;0,64
328089;2502;0,57
328090;2490;0,26
328091;2510;0,77
328092;2475;0,00
328093;2471;0,00
328094;2473;0,00
328095;2479;0,00
328096;2477;0,00
328097;2482;0,06
328109;2559;2,01
328110;2531;1,30
328111;2475;0,00
328112;2522;1,07
328113;2471;0,00
328114;2469;0,00
328115;2480;0,01
328116;2479;0,00
328117;2544;1,63
328118;2478;0,00
328119;2498;0,47
328120;2476;0,00
328121;2475;0,00
328122;2477;0,00
328123;2480;0,01
328124;2480;0,01
328125;2474;0,00
328126;2493;0,34
328137;2485;0,14
328138;2486;0,16
328139;2479;0,00
328140;2492;0,31
328141;2495;0,39
328142;2551;1,81
328143;2490;0,26
328144;2471;0,00
328145;2493;0,34
328146;2475;0,00
328147;2499;0,49
328148;2494;0,36
328149;2480;0,01
328150;2493;0,34
328151;2502;0,57
328152;2481;0,04
328153;2486;0,16
328154;2474;0,00
328155;2512;0,82
328166;2502;0,57
328167;2486;0,16
328168;2471;0,00
328169;2477;0,00
328170;2555;1,91
328171;2512;0,82
328172;2508;0,72
328173;2471;0,00
328174;2529;1,25
328175;2515;0,90
328176;2473;0,00
328177;2479;0,00
328178;2475;0,00
328179;2525;1,15
328180;2542;1,58
328181;2480;0,01
328182;2471;0,00
328183;2498;0,47
328194;2465;0,00
328195;2486;0,16
328196;2474;0,00
328197;2559;2,01
328198;2493;0,34
328199;2515;0,90
328200;2484;0,11
328201;2475;0,00
328202;2477;0,00
328203;2485;0,14
328204;2497;0,44
328205;2465;0,00
328206;2480;0,01
328207;2480;0,01
328208;2480;0,01
328209;2479;0,00
328210;2559;2,01
328211;2474;0,00
328212;2486;0,16
328223;2531;1,30
328224;2481;0,04
328225;2480;0,01
328226;2469;0,00
328227;2481;0,04
328228;2517;0,95
328229;2486;0,16
328230;2512;0,82
328231;2496;0,41
328232;2510;0,77
328233;2515;0,90
328234;2469;0,00
328235;2496;0,41
328236;2480;0,01
328237;2476;0,00
328238;2480;0,01
328239;2475;0,00
328240;2479;0,00
328252;2475;0,00
328253;2471;0,00
328254;2480;0,01
328255;2480;0,01
328256;2464;0,00
328257;2475;0,00
328258;2480;0,01
328259;2491;0,29
328260;2480;0,01
328261;2482;0,06
328262;2478;0,00
328263;2467;0,00
328264;2478;0,00
328265;2493;0,34
328266;2479;0,00
328267;2481;0,04
328268;2480;0,01
328269;2477;0,00
328270;2480;0,01
328281;2477;0,00
328282;2521;1,05
328283;2483;0,09
328284;2480;0,01
328285;2480;0,01
328286;2475;0,00
328287;2485;0,14
328288;2480;0,01
328289;2475;0,00
328290;2467;0,00
328291;2471;0,00
328292;2483;0,09
328293;2495;0,39
328294;2465;0,00
328295;2505;0,64
328296;2502;0,57
328297;2493;0,34
328298;2483;0,09
328309;2471;0,00
328310;2486;0,16
328311;2473;0,00
328312;2479;0,00
328313;2475;0,00
328314;2509;0,74
328315;2477;0,00
328316;2480;0,01
328317;2507;0,69
328318;2489;0,24
328319;2471;0,00
328320;2480;0,01
328321;2480;0,01
328322;2474;0,00
328323;2503;0,59
328324;2514;0,87
328325;2478;0,00
328326;2480;0,01
328327;2471;0,00
328338;2489;0,24
328339;2475;0,00
328340;2474;0,00
328341;2484;0,11
328342;2480;0,01
328343;2491;0,29
328344;2473;0,00
328345;2493;0,34
328346;2469;0,00
328347;2475;0,00
328348;2470;0,00
328349;2480;0,01
328350;2478;0,00
328351;2481;0,04
328352;2498;0,47
328353;2469;0,00
328354;2517;0,95
328355;2535;1,40
328366;2482;0,06
328367;2512;0,82
328368;2473;0,00
328369;2480;0,01
328370;2509;0,74
328371;2544;1,63
328372;2477;0,00
328373;2469;0,00
328374;2533;1,35
328375;2477;0,00
328376;2475;0,00
328377;2473;0,00
328378;2475;0,00
328379;2512;0,82
328380;2500;0,52
328381;2544;1,63
328382;2477;0,00
328383;2480;0,01
328384;2475;0,00
328396;2465;0,00
328397;2498;0,47
328398;2511;0,79
328399;2496;0,41
328400;2496;0,41
328401;2542;1,58
328402;2501;0,54
328403;2506;0,67
328404;2498;0,47
328405;2497;0,44
328406;2585;2,67
328407;2498;0,47
328408;2505;0,64
328409;2499;0,49
328410;2482;0,06
328411;2559;2,01
328412;2497;0,44
328413;2480;0,01
328424;2481;0,04
328425;2481;0,04
328426;2467;0,00
328427;2486;0,16
328428;2517;0,95
328429;2474;0,00
328430;2486;0,16
328431;2477;0,00
328432;2480;0,01
328433;2487;0,19
328434;2474;0,00
328435;2474;0,00
328436;2498;0,47
328437;2487;0,19
328438;2475;0,00
328439;2480;0,01
328440;2496;0,41
328441;2480;0,01
328442;2473;0,00
328453;2481;0,04
328454;2482;0,06
328455;2559;2,01
328456;2471;0,00
328457;2500;0,52
328458;2471;0,00
328459;2477;0,00
328460;2471;0,00
328461;2477;0,00
328462;2476;0,00
328463;2608;3,25
328464;2471;0,00
328465;2473;0,00
328466;2468;0,00
328467;2480;0,01
328468;2480;0,01
328469;2470;0,00
328470;2512;0,82
328481;2496;0,41
328482;2539;1,50
328483;2478;0,00
328484;2474;0,00
328485;2478;0,00
328486;2512;0,82
328487;2482;0,06
328488;2475;0,00
328489;2487;0,19
328490;2478;0,00
328491;2478;0,00
328492;2473;0,00
328493;2481;0,04
328494;2470;0,00
328495;2505;0,64
328496;2539;1,50
328497;2480;0,01
328498;2474;0,00
328499;2484;0,11
328511;2479;0,00
328512;2480;0,01
328513;2517;0,95
328514;2475;0,00
328515;2481;0,04
328516;2489;0,24
328517;2477;0,00
328518;2477;0,00
328519;2475;0,00
328520;2473;0,00
328521;2479;0,00
328522;2476;0,00
328523;2471;0,00
328524;2480;0,01
328525;2480;0,01
328526;2477;0,00
328527;2476;0,00
328528;2480;0,01
328539;2486;0,16
328540;2470;0,00
328541;2473;0,00
328542;2559;2,01
328543;2471;0,00
328544;2478;0,00
328545;2527;1,20
328546;2476;0,00
328547;2467;0,00
328548;2470;0,00
328549;2522;1,07
328550;2480;0,01
328551;2480;0,01
328552;2477;0,00
328553;2480;0,01
328554;2530;1,28
328555;2534;1,38
328556;2469;0,00
328557;2479;0,00
328568;2559;2,01
328569;2503;0,59
328570;2482;0,06
328571;2471;0,00
328572;2479;0,00
328573;2479;0,00
328574;2480;0,01
328575;2483;0,09
328576;2492;0,31
328577;2479;0,00
328578;2477;0,00
328579;2476;0,00
328580;2529;1,25
328581;2475;0,00
328582;2475;0,00
328583;2480;0,01
328584;2480;0,01
328585;2511;0,79
328596;2475;0,00
328597;2496;0,41
328598;2494;0,36
328599;2559;2,01
328600;2487;0,19
328601;2477;0,00
328602;2503;0,59
328603;2475;0,00
328604;2529;1,25
328605;2505;0,64
328606;2491;0,29
328607;2539;1,50
328608;2511;0,79
328609;2480;0,01
328610;2479;0,00
328611;2474;0,00
328612;2537;1,45
328613;2478;0,00
328614;2506;0,67
328625;2538;1,48
328626;2472;0,00
328627;2473;0,00
328628;2484;0,11
328629;2474;0,00
328630;2531;1,30
328631;2472;0,00
328632;2475;0,00
328633;2485;0,14
328634;2478;0,00
328635;2503;0,59
328636;2486;0,16
328637;2479;0,00
328638;2477;0,00
328639;2586;2,69
328640;2470;0,00
328641;2471;0,00
328642;2470;0,00
328654;2512;0,82
328655;2487;0,19
328656;2481;0,04
328657;2485;0,14
328658;2482;0,06
328659;2474;0,00
328660;2485;0,14
328661;2516;0,92
328662;2475;0,00
328663;2490;0,26
328664;2512;0,82
328665;2483;0,09
328666;2485;0,14
328667;2469;0,00
328668;2499;0,49
328669;2507;0,69
328670;2486;0,16
328671;2497;0,44
328672;2510;0,77
328683;2477;0,00
328684;2486;0,16
328685;2509;0,74
328686;2483;0,09
328687;2528;1,22
328688;2477;0,00
328689;2477;0,00
328690;2469;0,00
328691;2510;0,77
328692;2490;0,26
328693;2469;0,00
328694;2476;0,00
328695;2477;0,00
328696;2480;0,01
328697;2469;0,00
328698;2480;0,01
328699;2477;0,00
328700;2475;0,00
328711;2480;0,01
328712;2499;0,49
328713;2470;0,00
328714;2493;0,34
328715;2483;0,09
328716;2515;0,90
328717;2474;0,00
328718;2480;0,01
328719;2491;0,29
328720;2507;0,69
328721;2512;0,82
328722;2468;0,00
328723;2477;0,00
328724;2480;0,01
328725;2526;1,17
328726;2544;1,63
328727;2480;0,01
328728;2471;0,00
328729;2475;0,00
328740;2475;0,00
328741;2526;1,17
328742;2480;0,01
328743;2533;1,35
328744;2465;0,00
328745;2496;0,41
328746;2496;0,41
328747;2480;0,01
328748;2469;0,00
328749;2480;0,01
328750;2471;0,00
328751;2485;0,14
328752;2482;0,06
328753;2473;0,00
328754;2474;0,00
328755;2476;0,00
328756;2478;0,00
328757;2490;0,26
328769;2547;1,71
328770;2487;0,19
328771;2559;2,01
328772;2559;2,01
328773;2559;2,01
328774;2533;1,35
328775;2559;2,01
328776;2559;2,01
328777;2559;2,01
328778;2559;2,01
328779;2559;2,01
328780;2544;1,63
328781;2489;0,24
328782;2552;1,83
328783;2559;2,01
328784;2559;2,01
328785;2535;1,40
328786;2557;1,96
328787;2516;0,92
328798;2559;2,01
328799;2480;0,01
328800;2480;0,01
328801;2474;0,00
328802;2471;0,00
328803;2559;2,01
328804;2478;0,00
328805;2480;0,01
328806;2480;0,01
328807;2473;0,00
328808;2477;0,00
328809;2471;0,00
328810;2480;0,01
328811;2526;1,17
328812;2508;0,72
328813;2467;0,00
328814;2475;0,00
328815;2469;0,00
328826;2469;0,00
328827;2479;0,00
328828;2528;1,22
328829;2480;0,01
328830;2471;0,00
328831;2480;0,01
328832;2478;0,00
328833;2480;0,01
328834;2485;0,14
328835;2512;0,82
328836;2491;0,29
328837;2480;0,01
328838;2476;0,00
328839;2473;0,00
328840;2480;0,01
328841;2518;0,97
328842;2523;1,10
328843;2487;0,19
328844;2477;0,00
328855;2525;1,15
328856;2517;0,95
328857;2481;0,04
328858;2471;0,00
328859;2467;0,00
328860;2473;0,00
328861;2553;1,86
328862;2474;0,00
328863;2472;0,00
328864;2470;0,00
328865;2538;1,48
328866;2475;0,00
328867;2499;0,49
328868;2475;0,00
328869;2478;0,00
328870;2495;0,39
328871;2480;0,01
328872;2471;0,00
328883;2496;0,41
328884;2480;0,01
328885;2470;0,00
328886;2477;0,00
328887;2477;0,00
328888;2471;0,00
328889;2480;0,01
328890;2478;0,00
328891;2513;0,85
328892;2490;0,26
328893;2503;0,59
328894;2502;0,57
328895;2480;0,01
328896;2469;0,00
328897;2480;0,01
328898;2537;1,45
328899;2479;0,00
328900;2474;0,00
328901;2483;0,09
328913;2468;0,00
328914;2539;1,50
328915;2501;0,54
328916;2487;0,19
328917;2522;1,07
328918;2605;3,17
328919;2497;0,44
328920;2490;0,26
328921;2493;0,34
328922;2494;0,36
328923;2580;2,54
328924;2490;0,26
328925;2494;0,36
328926;2480;0,01
328927;2515;0,90
328928;2489;0,24
328929;2477;0,00
328930;2551;1,81
328941;2471;0,00
328942;2474;0,00
328943;2538;1,48
328944;2475;0,00
328945;2554;1,88
328946;2494;0,36
328947;2467;0,00
328948;2507;0,69
328949;2503;0,59
328950;2513;0,85
328951;2475;0,00
328952;2538;1,48
328953;2473;0,00
328954;2469;0,00
328955;2478;0,00
328956;2477;0,00
328957;2538;1,48
328958;2495;0,39
328959;2468;0,00
328970;2469;0,00
328971;2474;0,00
328972;2479;0,00
328973;2474;0,00
328974;2467;0,00
328975;2467;0,00
328976;2529;1,25
328977;2469;0,00
328978;2485;0,14
328979;2469;0,00
328980;2474;0,00
328981;2502;0,57
328982;2475;0,00
328983;2512;0,82
328984;2467;0,00
328985;2506;0,67
328986;2489;0,24
328987;2474;0,00
328998;2502;0,57
328999;2511;0,79
329000;2478;0,00
329001;2477;0,00
329002;2482;0,06
329003;2480;0,01
329004;2485;0,14
329005;2477;0,00
329006;2469;0,00
329007;2475;0,00
329008;2468;0,00
329009;2480;0,01
329010;2496;0,41
329011;2481;0,04
329012;2491;0,29
329013;2544;1,63
329014;2480;0,01
329015;2490;0,26
329016;2469;0,00
329028;2502;0,57
329029;2508;0,72
329030;2481;0,04
329031;2501;0,54
329032;2503;0,59
329033;2466;0,00
329034;2510;0,77
329035;2503;0,59
329036;2501;0,54
329037;2508;0,72
329038;2493;0,34
329039;2474;0,00
329040;2507;0,69
329041;2505;0,64
329042;2483;0,09
329043;2496;0,41
329044;2486;0,16
329045;2484;0,11
329056;2493;0,34
329057;2493;0,34
329058;2529;1,25
329059;2471;0,00
329060;2492;0,31
329061;2476;0,00
329062;2491;0,29
329063;2477;0,00
329064;2559;2,01
329065;2499;0,49
329066;2478;0,00
329067;2507;0,69
329068;2470;0,00
329069;2469;0,00
329070;2498;0,47
329071;2480;0,01
329072;2527;1,20
329073;2480;0,01
329074;2489;0,24
329085;2493;0,34
329086;2475;0,00
329087;2471;0,00
329088;2479;0,00
329089;2470;0,00
329090;2529;1,25
329091;2478;0,00
329092;2463;0,00
329093;2485;0,14
329094;2475;0,00
329095;2480;0,01
329096;2483;0,09
329097;2501;0,54
329098;2481;0,04
329099;2475;0,00
329100;2479;0,00
329101;2480;0,01
329102;2476;0,00
329113;2480;0,01
329114;2480;0,01
329115;2474;0,00
329116;2523;1,10
329117;2470;0,00
329118;2478;0,00
329119;2471;0,00
329120;2461;0,00
329121;2469;0,00
329122;2490;0,26
329123;2529;1,25
329124;2474;0,00
329125;2475;0,00
329126;2515;0,90
329127;2480;0,01
329128;2480;0,01
329129;2473;0,00
329130;2472;0,00
329131;2489;0,24
329142;2503;0,59
329143;2525;1,15
329144;2480;0,01
329145;2547;1,71
329146;2531;1,30
329147;2479;0,00
329148;2486;0,16
329149;2495;0,39
329150;2515;0,90
329151;2477;0,00
329152;2483;0,09
329153;2467;0,00
329154;2501;0,54
329155;2483;0,09
329156;2476;0,00
329157;2483;0,09
329158;2486;0,16
329159;2480;0,01
329171;2480;0,01
329172;2479;0,00
329173;2476;0,00
329174;2487;0,19
329175;2476;0,00
329176;2477;0,00
329177;2480;0,01
329178;2478;0,00
329179;2479;0,00
329180;2478;0,00
329181;2486;0,16
329182;2468;0,00
329183;2500;0,52
329184;2491;0,29
329185;2491;0,29
329186;2479;0,00
329187;2471;0,00
329188;2481;0,04
329189;2479;0,00
329200;2471;0,00
329201;2475;0,00
329202;2471;0,00
329203;2478;0,00
329204;2471;0,00
329205;2482;0,06
329206;2478;0,00
329207;2499;0,49
329208;2487;0,19
329209;2518;0,97
329210;2491;0,29
329211;2481;0,04
329212;2523;1,10
329213;2478;0,00
329214;2519;1,00
329215;2481;0,04
329216;2496;0,41
329217;2467;0,00
329228;2495;0,39
329229;2473;0,00
329230;2480;0,01
329231;2495;0,39
329232;2491;0,29
329233;2486;0,16
329234;2511;0,79
329235;2474;0,00
329236;2481;0,04
329237;2476;0,00
329238;2503;0,59
329239;2497;0,44
329240;2471;0,00
329241;2477;0,00
329242;2473;0,00
329243;2528;1,22
329244;2477;0,00
329245;2473;0,00
329246;2480;0,01
329257;2559;2,01
329258;2480;0,01
329259;2486;0,16
329260;2514;0,87
329261;2477;0,00
329262;2473;0,00
329263;2480;0,01
329264;2511;0,79
329265;2478;0,00
329266;2474;0,00
329267;2487;0,19
329268;2465;0,00
329269;2510;0,77
329270;2519;1,00
329271;2478;0,00
329272;2480;0,01
329273;2491;0,29
329274;2487;0,19
329286;2467;0,00
329287;2467;0,00
329288;2461;0,00
329289;2469;0,00
329290;2465;0,00
329291;2460;0,00
329292;2468;0,00
329293;2473;0,00
329294;2467;0,00
329295;2463;0,00
329296;2473;0,00
329297;2468;0,00
329298;2465;0,00
329299;2463;0,00
329300;2473;0,00
329301;2463;0,00
329302;2467;0,00
329303;2466;0,00
329304;2466;0,00
329315;2478;0,00
329316;2475;0,00
329317;2480;0,01
329318;2496;0,41
329319;2489;0,24
329320;2537;1,45
329321;2478;0,00
329322;2469;0,00
329323;2491;0,29
329324;2477;0,00
329325;2478;0,00
329326;2470;0,00
329327;2476;0,00
329328;2486;0,16
329329;2480;0,01
329330;2559;2,01
329331;2480;0,01
329332;2548;1,73
329343;2490;0,26
329344;2467;0,00
329345;2471;0,00
329346;2475;0,00
329347;2480;0,01
329348;2477;0,00
329349;2477;0,00
329350;2480;0,01
329351;2489;0,24
329352;2479;0,00
329353;2549;1,76
329354;2473;0,00
329355;2482;0,06
329356;2478;0,00
329357;2526;1,17
329358;2480;0,01
329359;2481;0,04
329360;2471;0,00
329361;2557;1,96
329372;2480;0,01
329373;2505;0,64
329374;2496;0,41
329375;2475;0,00
329376;2499;0,49
329377;2544;1,63
329378;2471;0,00
329379;2470;0,00
329380;2519;1,00
329381;2474;0,00
329382;2493;0,34
329383;2470;0,00
329384;2479;0,00
329385;2480;0,01
329386;2480;0,01
329387;2471;0,00
329388;2477;0,00
329389;2476;0,00
329400;2495;0,39
329401;2467;0,00
329402;2496;0,41
329403;2500;0,52
329404;2493;0,34
329405;2481;0,04
329406;2478;0,00
329407;2480;0,01
329408;2493;0,34
329409;2477;0,00
329410;2477;0,00
329411;2502;0,57
329412;2480;0,01
329413;2477;0,00
329414;2481;0,04
329415;2517;0,95
329416;2471;0,00
329417;2482;0,06
329418;2499;0,49
329430;2475;0,00
329431;2467;0,00
329432;2476;0,00
329433;2483;0,09
329434;2494;0,36
329435;2486;0,16
329436;2519;1,00
329437;2481;0,04
329438;2478;0,00
329439;2484;0,11
329440;2482;0,06
329441;2469;0,00
329442;2484;0,11
329443;2480;0,01
329444;2473;0,00
329445;2485;0,14
329446;2475;0,00
329447;2480;0,01
329458;2479;0,00
329459;2525;1,15
329460;2480;0,01
329461;2487;0,19
329462;2480;0,01
329463;2469;0,00
329464;2475;0,00
329465;2478;0,00
329466;2478;0,00
329467;2479;0,00
329468;2471;0,00
329469;2479;0,00
329470;2513;0,85
329471;2475;0,00
329472;2467;0,00
329473;2480;0,01
329474;2470;0,00
329475;2480;0,01
329476;2473;0,00
329487;2533;1,35
329488;2544;1,63
329489;2506;0,67
329490;2480;0,01
329491;2483;0,09
329492;2478;0,00
329493;2523;1,10
329494;2533;1,35
329495;2544;1,63
329496;2477;0,00
329497;2559;2,01
329498;2522;1,07
329499;2513;0,85
329500;2480;0,01
329501;2477;0,00
329502;2477;0,00
329503;2557;1,96
329504;2470;0,00
329515;2480;0,01
329516;2479;0,00
329517;2480;0,01
329518;2485;0,14
329519;2475;0,00
329520;2480;0,01
329521;2473;0,00
329522;2474;0,00
329523;2474;0,00
329524;2475;0,00
329525;2482;0,06
329526;2478;0,00
329527;2480;0,01
329528;2480;0,01
329529;2471;0,00
329530;2509;0,74
329531;2530;1,28
329532;2468;0,00
329533;2517;0,95
329545;2463;0,00
329546;2468;0,00
329547;2471;0,00
329548;2459;0,00
329549;2465;0,00
329550;2467;0,00
329551;2474;0,00
329552;2463;0,00
329553;2468;0,00
329554;2471;0,00
329555;2462;0,00
329556;2469;0,00
329557;2467;0,00
329558;2467;0,00
329559;2461;0,00
329560;2464;0,00
329561;2478;0,00
329562;2471;0,00
329573;2495;0,39
329574;2497;0,44
329575;2480;0,01
329576;2475;0,00
329577;2480;0,01
329578;2495;0,39
329579;2466;0,00
329580;2482;0,06
329581;2475;0,00
329582;2489;0,24
329583;2496;0,41
329584;2477;0,00
329585;2480;0,01
329586;2519;1,00
329587;2477;0,00
329588;2476;0,00
329589;2471;0,00
329590;2478;0,00
329591;2480;0,01
329602;2480;0,01
329603;2473;0,00
329604;2527;1,20
329605;2491;0,29
329606;2480;0,01
329607;2522;1,07
329608;2472;0,00
329609;2499;0,49
329610;2511;0,79
329611;2470;0,00
329612;2470;0,00
329613;2473;0,00
329614;2512;0,82
329615;2512;0,82
329616;2534;1,38
329617;2521;1,05
329618;2479;0,00
329619;2480;0,01
329630;2479;0,00
329631;2494;0,36
329632;2473;0,00
329633;2475;0,00
329634;2514;0,87
329635;2470;0,00
329636;2480;0,01
329637;2479;0,00
329638;2465;0,00
329639;2517;0,95
329640;2480;0,01
329641;2470;0,00
329642;2442;0,00
329643;2513;0,85
329644;2471;0,00
329645;2537;1,45
329646;2473;0,00
329647;2475;0,00
329648;2483;0,09
329659;2603;3,12
329660;2559;2,01
329661;2482;0,06
329662;2535;1,40
329663;2499;0,49
329664;2557;1,96
329665;2467;0,00
329666;2473;0,00
329667;2474;0,00
329668;2472;0,00
329669;2476;0,00
329670;2479;0,00
329671;2510;0,77
329672;2478;0,00
329673;2480;0,01
329674;2474;0,00
329675;2523;1,10
329676;2496;0,41
329688;2480;0,01
329689;2490;0,26
329690;2480;0,01
329691;2481;0,04
329692;2480;0,01
329693;2514;0,87
329694;2470;0,00
329695;2543;1,60
329696;2544;1,63
329697;2471;0,00
329698;2523;1,10
329699;2513;0,85
329700;2528;1,22
329701;2477;0,00
329702;2480;0,01
329703;2480;0,01
329704;2544;1,63
329705;2512;0,82
329706;2555;1,91
329717;2483;0,09
329718;2471;0,00
329719;2480;0,01
329720;2475;0,00
329721;2472;0,00
329722;2476;0,00
329723;2473;0,00
329724;2470;0,00
329725;2542;1,58
329726;2482;0,06
329727;2485;0,14
329728;2480;0,01
329729;2490;0,26
329730;2468;0,00
329731;2510;0,77
329732;2475;0,00
329733;2477;0,00
329734;2480;0,01
329745;2493;0,34
329746;2474;0,00
329747;2475;0,00
329748;2519;1,00
329749;2489;0,24
329750;2506;0,67
329751;2515;0,90
329752;2480;0,01
329753;2502;0,57
329754;2467;0,00
329755;2490;0,26
329756;2512;0,82
329757;2477;0,00
329758;2480;0,01
329759;2470;0,00
329760;2481;0,04
329761;2474;0,00
329762;2483;0,09
329763;2478;0,00
329774;2557;1,96
329775;2470;0,00
329776;2482;0,06
329777;2477;0,00
329778;2526;1,17
329779;2479;0,00
329780;2482;0,06
329781;2480;0,01
329782;2478;0,00
329783;2485;0,14
329784;2468;0,00
329785;2475;0,00
329786;2521;1,05
329787;2497;0,44
329788;2475;0,00
329789;2494;0,36
329790;2473;0,00
329791;2513;0,85
329803;2473;0,00
329804;2475;0,00
329805;2467;0,00
329806;2476;0,00
329807;2469;0,00
329808;2470;0,00
329809;2475;0,00
329810;2476;0,00
329811;2473;0,00
329812;2467;0,00
329813;2471;0,00
329814;2473;0,00
329815;2471;0,00
329816;2467;0,00
329817;2475;0,00
329818;2465;0,00
329819;2464;0,00
329820;2469;0,00
329821;2470;0,00
329832;2481;0,04
329833;2512;0,82
329834;2487;0,19
329835;2497;0,44
329836;2502;0,57
329837;2526;1,17
329838;2519;1,00
329839;2480;0,01
329840;2496;0,41
329841;2480;0,01
329842;2480;0,01
329843;2477;0,00
329844;2483;0,09
329845;2483;0,09
329846;2554;1,88
329847;2480;0,01
329848;2483;0,09
329849;2486;0,16
329860;2502;0,57
329861;2521;1,05
329862;2475;0,00
329863;2477;0,00
329864;2478;0,00
329865;2531;1,30
329866;2479;0,00
329867;2491;0,29
329868;2519;1,00
329869;2532;1,33
329870;2473;0,00
329871;2476;0,00
329872;2484;0,11
329873;2476;0,00
329874;2503;0,59
329875;2487;0,19
329876;2478;0,00
329877;2482;0,06
329878;2480;0,01
329889;2467;0,00
329890;2480;0,01
329891;2479;0,00
329892;2515;0,90
329893;2505;0,64
329894;2482;0,06
329895;2478;0,00
329896;2480;0,01
329897;2479;0,00
329898;2477;0,00
329899;2503;0,59
329900;2512;0,82
329901;2500;0,52
329902;2475;0,00
329903;2506;0,67
329904;2598;3,00
329905;2479;0,00
329906;2480;0,01
329917;2480;0,01
329918;2475;0,00
329919;2485;0,14
329920;2547;1,71
329921;2530;1,28
329922;2476;0,00
329923;2519;1,00
329924;2480;0,01
329925;2470;0,00
329926;2547;1,71
329927;2475;0,00
329928;2476;0,00
329929;2481;0,04
329930;2487;0,19
329931;2477;0,00
329932;2491;0,29
329933;2521;1,05
329934;2500;0,52
329935;2474;0,00
329947;2493;0,34
329948;2477;0,00
329949;2483;0,09
329950;2480;0,01
329951;2545;1,65
329952;2482;0,06
329953;2479;0,00
329954;2543;1,60
329955;2482;0,06
329956;2480;0,01
329957;2559;2,01
329958;2537;1,45
329959;2512;0,82
329960;2555;1,91
329961;2555;1,91
329962;2559;2,01
329963;2543;1,60
329964;2480;0,01
329975;2470;0,00
329976;2487;0,19
329977;2471;0,00
329978;2474;0,00
329979;2483;0,09
329980;2544;1,63
329981;2479;0,00
329982;2469;0,00
329983;2510;0,77
329984;2486;0,16
329985;2512;0,82
329986;2479;0,00
329987;2477;0,00
329988;2495;0,39
329989;2501;0,54
329990;2582;2,59
329991;2469;0,00
329992;2481;0,04
329993;2523;1,10
330004;2480;0,01
330005;2479;0,00
330006;2486;0,16
330007;2471;0,00
330008;2535;1,40
330009;2559;2,01
330010;2480;0,01
330011;2522;1,07
330012;2484;0,11
330013;2471;0,00
330014;2480;0,01
330015;2544;1,63
330016;2488;0,21
330017;2481;0,04
330018;2474;0,00
330019;2478;0,00
330020;2478;0,00
330021;2553;1,86
330032;2467;0,00
330033;2539;1,50
330034;2559;2,01
330035;2559;2,01
330036;2496;0,41
330037;2537;1,45
330038;2475;0,00
330039;2479;0,00
330040;2479;0,00
330041;2471;0,00
330042;2508;0,72
330043;2479;0,00
330044;2485;0,14
330045;2479;0,00
330046;2480;0,01
330047;2471;0,00
330048;2513;0,85
330049;2479;0,00
330050;2477;0,00
330062;2470;0,00
330063;2471;0,00
330064;2473;0,00
330065;2478;0,00
330066;2479;0,00
330067;2468;0,00
330068;2473;0,00
330069;2464;0,00
330070;2475;0,00
330071;2466;0,00
330072;2469;0,00
330073;2477;0,00
330074;2468;0,00
330075;2470;0,00
330076;2469;0,00
330077;2466;0,00
330078;2477;0,00
330079;2473;0,00
330090;2480;0,01
330091;2479;0,00
330092;2512;0,82
330093;2508;0,72
330094;2479;0,00
330095;2539;1,50
330096;2476;0,00
330097;2478;0,00
330098;2489;0,24
330099;2476;0,00
330100;2485;0,14
330101;2480;0,01
330102;2479;0,00
330103;2480;0,01
330104;2477;0,00
330105;2510;0,77
330106;2483;0,09
330107;2483;0,09
330108;2480;0,01
330119;2475;0,00
330120;2523;1,10
330121;2487;0,19
330122;2493;0,34
330123;2502;0,57
330124;2480;0,01
330125;2495;0,39
330126;2482;0,06
330127;2528;1,22
330128;2490;0,26
330129;2489;0,24
330130;2545;1,65
330131;2487;0,19
330132;2478;0,00
330133;2471;0,00
330134;2477;0,00
330135;2491;0,29
330136;2483;0,09
330147;2474;0,00
330148;2526;1,17
330149;2475;0,00
330150;2475;0,00
330151;2477;0,00
330152;2470;0,00
330153;2523;1,10
330154;2467;0,00
330155;2490;0,26
330156;2474;0,00
330157;2500;0,52
330158;2473;0,00
330159;2480;0,01
330160;2528;1,22
330161;2531;1,30
330162;2517;0,95
330163;2478;0,00
330164;2496;0,41
330165;2477;0,00
330176;2588;2,74
330177;2479;0,00
330178;2480;0,01
330179;2465;0,00
330180;2537;1,45
330181;2524;1,12
330182;2469;0,00
330183;2511;0,79
330184;2477;0,00
330185;2468;0,00
330186;2475;0,00
330187;2480;0,01
330188;2477;0,00
330189;2480;0,01
330190;2483;0,09
330191;2480;0,01
330192;2509;0,74
330193;2480;0,01
330205;2502;0,57
330206;2511;0,79
330207;2507;0,69
330208;2500;0,52
330209;2525;1,15
330210;2471;0,00
330211;2506;0,67
330212;2475;0,00
330213;2547;1,71
330214;2506;0,67
330215;2508;0,72
330216;2496;0,41
330217;2502;0,57
330218;2512;0,82
330219;2501;0,54
330220;2515;0,90
330221;2502;0,57
330222;2511;0,79
330223;2558;1,98
330234;2518;0,97
330235;2471;0,00
330236;2493;0,34
330237;2490;0,26
330238;2544;1,63
330239;2559;2,01
330240;2474;0,00
330241;2470;0,00
330242;2471;0,00
330243;2474;0,00
330244;2476;0,00
330245;2477;0,00
330246;2472;0,00
330247;2500;0,52
330248;2475;0,00
330249;2474;0,00
330250;2517;0,95
330251;2505;0,64
330262;2512;0,82
330263;2496;0,41
330264;2471;0,00
330265;2473;0,00
330266;2473;0,00
330267;2477;0,00
330268;2477;0,00
330269;2521;1,05
330270;2474;0,00
330271;2483;0,09
330272;2528;1,22
330273;2501;0,54
330274;2479;0,00
330275;2470;0,00
330276;2473;0,00
330277;2513;0,85
330278;2469;0,00
330279;2474;0,00
330280;2478;0,00
330291;2467;0,00
330292;2480;0,01
330293;2487;0,19
330294;2508;0,72
330295;2512;0,82
330296;2587;2,72
330297;2479;0,00
330298;2478;0,00
330299;2535;1,40
330300;2519;1,00
330301;2512;0,82
330302;2486;0,16
330303;2471;0,00
330304;2491;0,29
330305;2475;0,00
330306;2480;0,01
330307;2487;0,19
330308;2480;0,01
330320;2474;0,00
330321;2486;0,16
330322;2474;0,00
330323;2469;0,00
330324;2480;0,01
330325;2480;0,01
330326;2471;0,00
330327;2475;0,00
330328;2475;0,00
330329;2475;0,00
330330;2480;0,01
330331;2477;0,00
330332;2474;0,00
330333;2480;0,01
330334;2475;0,00
330335;2480;0,01
330336;2480;0,01
330337;2480;0,01
330338;2480;0,01
330349;2535;1,40
330350;2477;0,00
330351;2478;0,00
330352;2481;0,04
330353;2480;0,01
330354;2480;0,01
330355;2469;0,00
330356;2483;0,09
330357;2474;0,00
330358;2477;0,00
330359;2480;0,01
330360;2483;0,09
330361;2521;1,05
330362;2532;1,33
330363;2485;0,14
330364;2485;0,14
330365;2463;0,00
330366;2496;0,41
330377;2511;0,79
330378;2519;1,00
330379;2524;1,12
330380;2491;0,29
330381;2559;2,01
330382;2480;0,01
330383;2485;0,14
330384;2559;2,01
330385;2646;4,21
330386;2523;1,10
330387;2527;1,20
330388;2485;0,14
330389;2487;0,19
330390;2539;1,50
330391;2489;0,24
330392;2522;1,07
330393;2544;1,63
330394;2507;0,69
330395;2533;1,35
330406;2559;2,01
330407;2559;2,01
330408;2527;1,20
330409;2483;0,09
330410;2477;0,00
330411;2482;0,06
330412;2512;0,82
330413;2484;0,11
330414;2535;1,40
330415;2529;1,25
330416;2523;1,10
330417;2512;0,82
330418;2491;0,29
330419;2480;0,01
330420;2528;1,22
330421;2480;0,01
330422;2487;0,19
330423;2546;1,68
330434;2558;1,98
330435;2539;1,50
330436;2531;1,30
330437;2524;1,12
330438;2512;0,82
330439;2544;1,63
330440;2487;0,19
330441;2482;0,06
330442;2489;0,24
330443;2526;1,17
330444;2480;0,01
330445;2559;2,01
330446;2480;0,01
330447;2480;0,01
330448;2531;1,30
330449;2525;1,15
330450;2601;3,07
330451;2547;1,71
330452;2512;0,82
330464;2497;0,44
330465;2559;2,01
330466;2546;1,68
330467;2511;0,79
330468;2529;1,25
330469;2519;1,00
330470;2554;1,88
330471;2513;0,85
330472;2554;1,88
330473;2499;0,49
330474;2530;1,28
330475;2559;2,01
330476;2541;1,55
330477;2528;1,22
330478;2629;3,78
330479;2558;1,98
330480;2541;1,55
330481;2544;1,63
330492;2506;0,67
330493;2494;0,36
330494;2487;0,19
330495;2640;4,06
330496;2495;0,39
330497;2496;0,41
330498;2485;0,14
330499;2484;0,11
330500;2494;0,36
330501;2483;0,09
330502;2559;2,01
330503;2608;3,25
330504;2479;0,00
330505;2629;3,78
330506;2480;0,01
330507;2512;0,82
330508;2595;2,92
330509;2559;2,01
330510;2487;0,19
330521;2486;0,16
330522;2493;0,34
330523;2522;1,07
330524;2559;2,01
330525;2544;1,63
330526;2481;0,04
330527;2491;0,29
330528;2497;0,44
330529;2496;0,41
330530;2483;0,09
330531;2539;1,50
330532;2483;0,09
330533;2491;0,29
330534;2493;0,34
330535;2478;0,00
330536;2623;3,63
330537;2498;0,47
330538;2592;2,84
330549;2509;0,74
330550;2585;2,67
330551;2517;0,95
330552;2617;3,48
330553;2507;0,69
330554;2483;0,09
330555;2481;0,04
330556;2485;0,14
330557;2480;0,01
330558;2480;0,01
330559;2480;0,01
330560;2525;1,15
330561;2551;1,81
330562;2529;1,25
330563;2480;0,01
330564;2519;1,00
330565;2640;4,06
330566;2480;0,01
330567;2496;0,41
330579;2474;0,00
330580;2481;0,04
330581;2501;0,54
330582;2475;0,00
330583;2472;0,00
330584;2471;0,00
330585;2480;0,01
330586;2481;0,04
330587;2476;0,00
330588;2480;0,01
330589;2480;0,01
330590;2493;0,34
330591;2480;0,01
330592;2479;0,00
330593;2480;0,01
330594;2480;0,01
330595;2483;0,09
330596;2479;0,00
330607;2534;1,38
330608;2473;0,00
330609;2543;1,60
330610;2608;3,25
330611;2482;0,06
330612;2550;1,78
330613;2534;1,38
330614;2627;3,73
330615;2538;1,48
330616;2480;0,01
330617;2508;0,72
330618;2544;1,63
330619;2498;0,47
330620;2533;1,35
330621;2551;1,81
330622;2535;1,40
330623;2623;3,63
330624;2479;0,00
330625;2518;0,97
330636;2628;3,76
330637;2523;1,10
330638;2498;0,47
330639;2502;0,57
330640;2480;0,01
330641;2549;1,76
330642;2496;0,41
330643;2486;0,16
330644;2501;0,54
330645;2480;0,01
330646;2543;1,60
330647;2559;2,01
330648;2480;0,01
330649;2499;0,49
330650;2638;4,01
330651;2480;0,01
330652;2535;1,40
330653;2509;0,74
330664;2496;0,41
330665;2496;0,41
330666;2503;0,59
330667;2478;0,00
330668;2496;0,41
330669;2633;3,88
330670;2480;0,01
330671;2544;1,63
330672;2479;0,00
330673;2480;0,01
330674;2522;1,07
330675;2589;2,77
330676;2481;0,04
330677;2480;0,01
330678;2525;1,15
330679;2525;1,15
330680;2485;0,14
330681;2483;0,09
330682;2493;0,34
330693;2480;0,01
330694;2485;0,14
330695;2515;0,90
330696;2509;0,74
330697;2559;2,01
330698;2586;2,69
330699;2550;1,78
330700;2490;0,26
330701;2559;2,01
330702;2486;0,16
330703;2493;0,34
330704;2607;3,22
330705;2686;5,22
330706;2505;0,64
330707;2491;0,29
330708;2482;0,06
330709;2559;2,01
330710;2503;0,59
330722;2483;0,09
330723;2495;0,39
330724;2495;0,39
330725;2546;1,68
330726;2494;0,36
330727;2507;0,69
330728;2548;1,73
330729;2481;0,04
330730;2505;0,64
330731;2489;0,24
330732;2496;0,41
330733;2499;0,49
330734;2533;1,35
330735;2498;0,47
330736;2503;0,59
330737;2497;0,44
330738;2512;0,82
330739;2503;0,59
330740;2495;0,39
330751;2480;0,01
330752;2480;0,01
330753;2487;0,19
330754;2501;0,54
330755;2470;0,00
330756;2495;0,39
330757;2473;0,00
330758;2501;0,54
330759;2487;0,19
330760;2478;0,00
330761;2655;4,44
330762;2480;0,01
330763;2517;0,95
330764;2493;0,34
330765;2493;0,34
330766;2527;1,20
330767;2483;0,09
330768;2551;1,81
330779;2510;0,77
330780;2511;0,79
330781;2597;2,97
330782;2674;4,92
330783;2487;0,19
330784;2496;0,41
330785;2549;1,76
330786;2541;1,55
330787;2598;3,00
330788;2532;1,33
330789;2554;1,88
330790;2503;0,59
330791;2482;0,06
330792;2477;0,00
330793;2519;1,00
330794;2499;0,49
330795;2490;0,26
330796;2482;0,06
330797;2559;2,01
330808;2607;3,22
330809;2486;0,16
330810;2478;0,00
330811;2493;0,34
330812;2492;0,31
330813;2489;0,24
330814;2489;0,24
330815;2487;0,19
330816;2478;0,00
330817;2559;2,01
330818;2556;1,93
330819;2586;2,69
330820;2482;0,06
330821;2597;2,97
330822;2485;0,14
330823;2478;0,00
330824;2544;1,63
330825;2559;2,01
330837;2557;1,96
330838;2518;0,97
330839;2487;0,19
330840;2483;0,09
330841;2479;0,00
330842;2487;0,19
330843;2528;1,22
330844;2480;0,01
330845;2522;1,07
330846;2484;0,11
330847;2486;0,16
330848;2473;0,00
330849;2507;0,69
330850;2480;0,01
330851;2547;1,71
330852;2512;0,82
330853;2507;0,69
330854;2532;1,33
330855;2671;4,84
330866;2625;3,68
330867;2490;0,26
330868;2475;0,00
330869;2559;2,01
330870;2557;1,96
330871;2626;3,70
330872;2505;0,64
330873;2559;2,01
330874;2539;1,50
330875;2513;0,85
330876;2480;0,01
330877;2483;0,09
330878;2544;1,63
330879;2514;0,87
330880;2496;0,41
330881;2482;0,06
330882;2486;0,16
330883;2532;1,33
330894;2480;0,01
330895;2481;0,04
330896;2586;2,69
330897;2480;0,01
330898;2496;0,41
330899;2505;0,64
330900;2509;0,74
330901;2479;0,00
330902;2613;3,38
330903;2587;2,72
330904;2491;0,29
330905;2495;0,39
330906;2500;0,52
330907;2539;1,50
330908;2478;0,00
330909;2626;3,70
330910;2559;2,01
330911;2559;2,01
330912;2480;0,01
330923;2517;0,95
330924;2483;0,09
330925;2502;0,57
330926;2514;0,87
330927;2518;0,97
330928;2603;3,12
330929;2485;0,14
330930;2480;0,01
330931;2497;0,44
330932;2543;1,60
330933;2506;0,67
330934;2503;0,59
330935;2519;1,00
330936;2559;2,01
330937;2480;0,01
330938;2480;0,01
330939;2528;1,22
330940;2544;1,63
330951;2486;0,16
330952;2480;0,01
330953;2486;0,16
330954;2483;0,09
330955;2673;4,89
330956;2546;1,68
330957;2535;1,40
330958;2490;0,26
330959;2480;0,01
330960;2559;2,01
330961;2487;0,19
330962;2477;0,00
330963;2506;0,67
330964;2491;0,29
330965;2496;0,41
330966;2480;0,01
330967;2480;0,01
330968;2480;0,01
330969;2478;0,00
330981;2496;0,41
330982;2492;0,31
330983;2491;0,29
330984;2490;0,26
330985;2559;2,01
330986;2480;0,01
330987;2496;0,41
330988;2480;0,01
330989;2498;0,47
330990;2493;0,34
330991;2554;1,88
330992;2507;0,69
330993;2498;0,47
330994;2555;1,91
330995;2500;0,52
330996;2497;0,44
330997;2511;0,79
330998;2506;0,67
331009;2499;0,49
331010;2481;0,04
331011;2512;0,82
331012;2477;0,00
331013;2512;0,82
331014;2496;0,41
331015;2487;0,19
331016;2488;0,21
331017;2559;2,01
331018;2496;0,41
331019;2496;0,41
331020;2500;0,52
331021;2482;0,06
331022;2503;0,59
331023;2478;0,00
331024;2511;0,79
331025;2554;1,88
331026;2486;0,16
331027;2501;0,54
331038;2505;0,64
331039;2487;0,19
331040;2481;0,04
331041;2515;0,90
331042;2475;0,00
331043;2481;0,04
331044;2483;0,09
331045;2499;0,49
331046;2503;0,59
331047;2594;2,89
331048;2610;3,30
331049;2481;0,04
331050;2589;2,77
331051;2547;1,71
331052;2544;1,63
331053;2544;1,63
331054;2490;0,26
331055;2506;0,67
331066;2486;0,16
331067;2491;0,29
331068;2495;0,39
331069;2489;0,24
331070;2512;0,82
331071;2549;1,76
331072;2499;0,49
331073;2559;2,01
331074;2608;3,25
331075;2498;0,47
331076;2507;0,69
331077;2487;0,19
331078;2480;0,01
331079;2486;0,16
331080;2511;0,79
331081;2512;0,82
331082;2481;0,04
331083;2513;0,85
331084;2559;2,01
331096;2613;3,38
331097;2491;0,29
331098;2509;0,74
331099;2507;0,69
331100;2559;2,01
331101;2623;3,63
331102;2549;1,76
331103;2487;0,19
331104;2482;0,06
331105;2584;2,64
331106;2480;0,01
331107;2480;0,01
331108;2704;5,68
331109;2559;2,01
331110;2480;0,01
331111;2485;0,14
331112;2550;1,78
331113;2493;0,34
331124;2491;0,29
331125;2497;0,44
331126;2477;0,00
331127;2497;0,44
331128;2515;0,90
331129;2522;1,07
331130;2494;0,36
331131;2480;0,01
331132;2512;0,82
331133;2536;1,43
331134;2514;0,87
331135;2500;0,52
331136;2479;0,00
331137;2502;0,57
331138;2514;0,87
331139;2522;1,07
331140;2491;0,29
331141;2494;0,36
331142;2525;1,15
331153;2544;1,63
331154;2473;0,00
331155;2491;0,29
331156;2483;0,09
331157;2482;0,06
331158;2559;2,01
331159;2496;0,41
331160;2527;1,20
331161;2623;3,63
331162;2559;2,01
331163;2624;3,65
331164;2486;0,16
331165;2547;1,71
331166;2500;0,52
331167;2480;0,01
331168;2477;0,00
331169;2591;2,82
331170;2481;0,04
331181;2497;0,44
331182;2495;0,39
331183;2476;0,00
331184;2502;0,57
331185;2546;1,68
331186;2659;4,54
331187;2479;0,00
331188;2487;0,19
331189;2483;0,09
331190;2503;0,59
331191;2506;0,67
331192;2480;0,01
331193;2475;0,00
331194;2494;0,36
331195;2480;0,01
331196;2495;0,39
331197;2480;0,01
331198;2534;1,38
331199;2500;0,52
331210;2477;0,00
331211;2477;0,00
331212;2544;1,63
331213;2503;0,59
331214;2482;0,06
331215;2605;3,17
331216;2489;0,24
331217;2498;0,47
331218;2515;0,90
331219;2607;3,22
331220;2483;0,09
331221;2494;0,36
331222;2495;0,39
331223;2509;0,74
331224;2475;0,00
331225;2482;0,06
331226;2503;0,59
331227;2478;0,00
331239;2487;0,19
331240;2479;0,00
331241;2483;0,09
331242;2480;0,01
331243;2482;0,06
331244;2482;0,06
331245;2485;0,14
331246;2480;0,01
331247;2478;0,00
331248;2481;0,04
331249;2481;0,04
331250;2480;0,01
331251;2480;0,01
331252;2481;0,04
331253;2490;0,26
331254;2480;0,01
331255;2480;0,01
331256;2489;0,24
331257;2494;0,36
331268;2509;0,74
331269;2537;1,45
331270;2485;0,14
331271;2512;0,82
331272;2483;0,09
331273;2482;0,06
331274;2486;0,16
331275;2489;0,24
331276;2519;1,00
331277;2481;0,04
331278;2485;0,14
331279;2506;0,67
331280;2487;0,19
331281;2498;0,47
331282;2493;0,34
331283;2494;0,36
331284;2487;0,19
331285;2512;0,82
331296;2487;0,19
331297;2486;0,16
331298;2598;3,00
331299;2479;0,00
331300;2499;0,49
331301;2522;1,07
331302;2480;0,01
331303;2531;1,30
331304;2514;0,87
331305;2512;0,82
331306;2589;2,77
331307;2553;1,86
331308;2487;0,19
331309;2507;0,69
331310;2585;2,67
331311;2515;0,90
331312;2512;0,82
331313;2637;3,98
331314;2489;0,24
331325;2480;0,01
331326;2521;1,05
331327;2505;0,64
331328;2514;0,87
331329;2539;1,50
331330;2480;0,01
331331;2484;0,11
331332;2507;0,69
331333;2484;0,11
331334;2512;0,82
331335;2638;4,01
331336;2480;0,01
331337;2492;0,31
331338;2553;1,86
331339;2483;0,09
331340;2499;0,49
331341;2493;0,34
331342;2497;0,44
331354;2512;0,82
331355;2496;0,41
331356;2542;1,58
331357;2478;0,00
331358;2603;3,12
331359;2491;0,29
331360;2496;0,41
331361;2501;0,54
331362;2487;0,19
331363;2483;0,09
331364;2499;0,49
331365;2485;0,14
331366;2480;0,01
331367;2481;0,04
331368;2545;1,65
331369;2555;1,91
331370;2498;0,47
331371;2544;1,63
331372;2483;0,09
331383;2556;1,93
331384;2510;0,77
331385;2482;0,06
331386;2493;0,34
331387;2497;0,44
331388;2555;1,91
331389;2494;0,36
331390;2542;1,58
331391;2496;0,41
331392;2522;1,07
331393;2500;0,52
331394;2519;1,00
331395;2497;0,44
331396;2640;4,06
331397;2483;0,09
331398;2496;0,41
331399;2559;2,01
331400;2483;0,09
331411;2491;0,29
331412;2518;0,97
331413;2496;0,41
331414;2491;0,29
331415;2610;3,30
331416;2495;0,39
331417;2483;0,09
331418;2603;3,12
331419;2480;0,01
331420;2480;0,01
331421;2594;2,89
331422;2490;0,26
331423;2485;0,14
331424;2485;0,14
331425;2553;1,86
331426;2526;1,17
331427;2549;1,76
331428;2527;1,20
331429;2511;0,79
331440;2615;3,43
331441;2503;0,59
331442;2523;1,10
331443;2510;0,77
331444;2497;0,44
331445;2509;0,74
331446;2489;0,24
331447;2505;0,64
331448;2674;4,92
331449;2511;0,79
331450;2490;0,26
331451;2484;0,11
331452;2496;0,41
331453;2496;0,41
331454;2653;4,39
331455;2543;1,60
331456;2559;2,01
331457;2487;0,19
331468;2483;0,09
331469;2542;1,58
331470;2505;0,64
331471;2554;1,88
331472;2512;0,82
331473;2480;0,01
331474;2480;0,01
331475;2481;0,04
331476;2495;0,39
331477;2486;0,16
331478;2659;4,54
331479;2650;4,31
331480;2487;0,19
331481;2558;1,98
331482;2511;0,79
331483;2538;1,48
331484;2483;0,09
331485;2517;0,95
331486;2487;0,19
331498;2492;0,31
331499;2490;0,26
331500;2486;0,16
331501;2497;0,44
331502;2491;0,29
331503;2543;1,60
331504;2487;0,19
331505;2485;0,14
331506;2491;0,29
331507;2495;0,39
331508;2493;0,34
331509;2489;0,24
331510;2484;0,11
331511;2495;0,39
331512;2491;0,29
331513;2493;0,34
331514;2487;0,19
331515;2494;0,36
331526;2608;3,25
331527;2545;1,65
331528;2482;0,06
331529;2485;0,14
331530;2511;0,79
331531;2531;1,30
331532;2535;1,40
331533;2481;0,04
331534;2487;0,19
331535;2480;0,01
331536;2544;1,63
331537;2559;2,01
331538;2555;1,91
331539;2486;0,16
331540;2641;4,08
331541;2643;4,13
331542;2491;0,29
331543;2482;0,06
331544;2501;0,54
331555;2480;0,01
331556;2495;0,39
331557;2497;0,44
331558;2528;1,22
331559;2490;0,26
331560;2511;0,79
331561;2502;0,57
331562;2499;0,49
331563;2476;0,00
331564;2485;0,14
331565;2484;0,11
331566;2495;0,39
331567;2525;1,15
331568;2503;0,59
331569;2506;0,67
331570;2485;0,14
331571;2480;0,01
331572;2544;1,63
331583;2528;1,22
331584;2484;0,11
331585;2506;0,67
331586;2559;2,01
331587;2493;0,34
331588;2502;0,57
331589;2497;0,44
331590;2480;0,01
331591;2518;0,97
331592;2507;0,69
331593;2480;0,01
331594;2512;0,82
331595;2495;0,39
331596;2507;0,69
331597;2487;0,19
331598;2646;4,21
331599;2491;0,29
331600;2508;0,72
331601;2480;0,01
331613;2480;0,01
331614;2487;0,19
331615;2527;1,20
331616;2481;0,04
331617;2581;2,57
331618;2479;0,00
331619;2485;0,14
331620;2490;0,26
331621;2498;0,47
331622;2633;3,88
331623;2518;0,97
331624;2483;0,09
331625;2505;0,64
331626;2525;1,15
331627;2479;0,00
331628;2624;3,65
331629;2489;0,24
331630;2547;1,71
331641;2495;0,39
331642;2482;0,06
331643;2528;1,22
331644;2483;0,09
331645;2482;0,06
331646;2505;0,64
331647;2519;1,00
331648;2538;1,48
331649;2507;0,69
331650;2499;0,49
331651;2515;0,90
331652;2482;0,06
331653;2482;0,06
331654;2485;0,14
331655;2480;0,01
331656;2525;1,15
331657;2482;0,06
331658;2481;0,04
331659;2481;0,04
331670;2489;0,24
331671;2476;0,00
331672;2480;0,01
331673;2512;0,82
331674;2469;0,00
331675;2483;0,09
331676;2485;0,14
331677;2529;1,25
331678;2495;0,39
331679;2483;0,09
331680;2463;0,00
331681;2490;0,26
331682;2559;2,01
331683;2479;0,00
331684;2486;0,16
331685;2518;0,97
331686;2482;0,06
331687;2513;0,85
331698;2512;0,82
331699;2491;0,29
331700;2483;0,09
331701;2496;0,41
331702;2512;0,82
331703;2480;0,01
331704;2485;0,14
331705;2482;0,06
331706;2493;0,34
331707;2539;1,50
331708;2511;0,79
331709;2489;0,24
331710;2526;1,17
331711;2599;3,02
331712;2497;0,44
331713;2541;1,55
331714;2478;0,00
331715;2487;0,19
331716;2512;0,82
331727;2527;1,20
331728;2480;0,01
331729;2486;0,16
331730;2512;0,82
331731;2538;1,48
331732;2483;0,09
331733;2482;0,06
331734;2480;0,01
331735;2530;1,28
331736;2479;0,00
331737;2475;0,00
331738;2505;0,64
331739;2496;0,41
331740;2523;1,10
331741;2478;0,00
331742;2525;1,15
331743;2490;0,26
331744;2482;0,06
331756;2512;0,82
331757;2583;2,62
331758;2559;2,01
331759;2555;1,91
331760;2594;2,89
331761;2603;3,12
331762;2640;4,06
331763;2559;2,01
331764;2559;2,01
331765;2530;1,28
331766;2515;0,90
331767;2559;2,01
331768;2559;2,01
331769;2522;1,07
331770;2551;1,81
331771;2521;1,05
331772;2543;1,60
331773;2592;2,84
331774;2519;1,00
331785;2623;3,63
331786;2497;0,44
331787;2493;0,34
331788;2498;0,47
331789;2549;1,76
331790;2627;3,73
331791;2507;0,69
331792;2491;0,29
331793;2544;1,63
331794;2546;1,68
331795;2643;4,13
331796;2491;0,29
331797;2496;0,41
331798;2531;1,30
331799;2508;0,72
331800;2649;4,29
331801;2491;0,29
331802;2499;0,49
331813;2642;4,11
331814;2535;1,40
331815;2546;1,68
331816;2627;3,73
331817;2521;1,05
331818;2509;0,74
331819;2512;0,82
331820;2497;0,44
331821;2527;1,20
331822;2559;2,01
331823;2548;1,73
331824;2503;0,59
331825;2663;4,64
331826;2512;0,82
331827;2528;1,22
331828;2499;0,49
331829;2517;0,95
331830;2504;0,62
331831;2531;1,30
331842;2517;0,95
331843;2538;1,48
331844;2512;0,82
331845;2528;1,22
331846;2501;0,54
331847;2509;0,74
331848;2509;0,74
331849;2501;0,54
331850;2525;1,15
331851;2513;0,85
331852;2512;0,82
331853;2497;0,44
331854;2559;2,01
331855;2512;0,82
331856;2502;0,57
331857;2517;0,95
331858;2510;0,77
331859;2543;1,60
331870;2598;3,00
331871;2559;2,01
331872;2503;0,59
331873;2606;3,20
331874;2514;0,87
331875;2559;2,01
331876;2654;4,41
331877;2505;0,64
331878;2602;3,10
331879;2506;0,67
331880;2512;0,82
331881;2518;0,97
331882;2507;0,69
331883;2507;0,69
331884;2533;1,35
331885;2537;1,45
331886;2511;0,79
331887;2505;0,64
331888;2514;0,87
331900;2519;1,00
331901;2523;1,10
331902;2525;1,15
331903;2522;1,07
331904;2525;1,15
331905;2527;1,20
331906;2531;1,30
331907;2559;2,01
331908;2515;0,90
331909;2514;0,87
331910;2531;1,30
331911;2523;1,10
331912;2557;1,96
331913;2533;1,35
331914;2523;1,10
331915;2523;1,10
331916;2534;1,38
331917;2505;0,64
331928;2526;1,17
331929;2529;1,25
331930;2558;1,98
331931;2640;4,06
331932;2526;1,17
331933;2533;1,35
331934;2523;1,10
331935;2518;0,97
331936;2670;4,82
331937;2530;1,28
331938;2550;1,78
331939;2512;0,82
331940;2519;1,00
331941;2529;1,25
331942;2592;2,84
331943;2514;0,87
331944;2513;0,85
331945;2593;2,87
331946;2530;1,28
331957;2559;2,01
331958;2510;0,77
331959;2512;0,82
331960;2527;1,20
331961;2519;1,00
331962;2547;1,71
331963;2545;1,65
331964;2532;1,33
331965;2512;0,82
331966;2539;1,50
331967;2640;4,06
331968;2534;1,38
331969;2554;1,88
331970;2557;1,96
331971;2595;2,92
331972;2513;0,85
331973;2527;1,20
331974;2538;1,48
331985;2559;2,01
331986;2545;1,65
331987;2515;0,90
331988;2512;0,82
331989;2512;0,82
331990;2535;1,40
331991;2544;1,63
331992;2547;1,71
331993;2554;1,88
331994;2520;1,02
331995;2533;1,35
331996;2512;0,82
331997;2544;1,63
331998;2559;2,01
331999;2518;0,97
332000;2534;1,38
332001;2559;2,01
332002;2507;0,69
332003;2559;2,01
332015;2559;2,01
332016;2546;1,68
332017;2559;2,01
332018;2559;2,01
332019;2559;2,01
332020;2597;2,97
332021;2559;2,01
332022;2553;1,86
332023;2529;1,25
332024;2559;2,01
332025;2584;2,64
332026;2545;1,65
332027;2528;1,22
332028;2559;2,01
332029;2559;2,01
332030;2559;2,01
332031;2559;2,01
332032;2559;2,01
332043;2558;1,98
332044;2513;0,85
332045;2512;0,82
332046;2523;1,10
332047;2537;1,45
332048;2559;2,01
332049;2542;1,58
332050;2513;0,85
332051;2523;1,10
332052;2527;1,20
332053;2558;1,98
332054;2523;1,10
332055;2535;1,40
332056;2537;1,45
332057;2541;1,55
332058;2624;3,65
332059;2522;1,07
332060;2530;1,28
332061;2533;1,35
332072;2523;1,10
332073;2547;1,71
332074;2527;1,20
332075;2551;1,81
332076;2529;1,25
332077;2543;1,60
332078;2522;1,07
332079;2556;1,93
332080;2528;1,22
332081;2608;3,25
332082;2541;1,55
332083;2518;0,97
332084;2519;1,00
332085;2531;1,30
332086;2519;1,00
332087;2519;1,00
332088;2544;1,63
332089;2583;2,62
332100;2523;1,10
332101;2523;1,10
332102;2518;0,97
332103;2521;1,05
332104;2541;1,55
332105;2550;1,78
332106;2525;1,15
332107;2559;2,01
332108;2519;1,00
332109;2527;1,20
332110;2529;1,25
332111;2526;1,17
332112;2544;1,63
332113;2531;1,30
332114;2538;1,48
332115;2544;1,63
332116;2531;1,30
332117;2539;1,50
332118;2526;1,17
332129;2583;2,62
332130;2598;3,00
332131;2547;1,71
332132;2542;1,58
332133;2539;1,50
332134;2551;1,81
332135;2550;1,78
332136;2533;1,35
332137;2611;3,32
332138;2542;1,58
332139;2549;1,76
332140;2559;2,01
332141;2554;1,88
332142;2554;1,88
332143;2546;1,68
332144;2559;2,01
332145;2557;1,96
332146;2559;2,01
332158;2558;1,98
332159;2640;4,06
332160;2559;2,01
332161;2559;2,01
332162;2559;2,01
332163;2559;2,01
332164;2559;2,01
332165;2559;2,01
332166;2559;2,01
332167;2559;2,01
332168;2663;4,64
332169;2559;2,01
332170;2559;2,01
332171;2559;2,01
332172;2559;2,01
332173;2581;2,57
332174;2559;2,01
332175;2559;2,01
332176;2559;2,01
332187;2657;4,49
332188;2595;2,92
332189;2602;3,10
332190;2607;3,22
332191;2590;2,79
332192;2662;4,62
332193;2649;4,29
332194;2601;3,07
332195;2624;3,65
332196;2595;2,92
332197;2597;2,97
332198;2589;2,77
332199;2603;3,12
332200;2615;3,43
332201;2606;3,20
332202;2603;3,12
332203;2607;3,22
332204;2623;3,63
332215;2639;4,03
332216;2624;3,65
332217;2607;3,22
332218;2621;3,58
332219;2615;3,43
332220;2609;3,27
332221;2599;3,02
332222;2606;3,20
332223;2603;3,12
332224;2607;3,22
332225;2639;4,03
332226;2629;3,78
332227;2611;3,32
332228;2608;3,25
332229;2615;3,43
332230;2608;3,25
332231;2598;3,00
332232;2597;2,97
332233;2645;4,19
332244;2613;3,38
332245;2608;3,25
332246;2608;3,25
332247;2608;3,25
332248;2640;4,06
332249;2624;3,65
332250;2613;3,38
332251;2608;3,25
332252;2622;3,60
332253;2612;3,35
332254;2614;3,40
332255;2658;4,51
332256;2618;3,50
332257;2621;3,58
332258;2623;3,63
332259;2615;3,43
332260;2654;4,41
332261;2675;4,94
332273;2611;3,32
332274;2609;3,27
332275;2619;3,53
332276;2615;3,43
332277;2620;3,55
332278;2615;3,43
332279;2618;3,50
332280;2623;3,63
332281;2608;3,25
332282;2618;3,50
332283;2614;3,40
332284;2618;3,50
332285;2626;3,70
332286;2624;3,65
332287;2622;3,60
332288;2623;3,63
332289;2620;3,55
332290;2620;3,55
332291;2615;3,43
332302;2662;4,62
332303;2628;3,76
332304;2629;3,78
332305;2633;3,88
332306;2677;4,99
332307;2649;4,29
332308;2628;3,76
332309;2640;4,06
332310;2639;4,03
332311;2634;3,91
332312;2634;3,91
332313;2639;4,03
332314;2637;3,98
332315;2640;4,06
332316;2639;4,03
332317;2640;4,06
332318;2640;4,06
332319;2640;4,06
332330;2689;5,30
332331;2650;4,31
332332;2631;3,83
332333;2710;5,83
332334;2637;3,98
332335;2642;4,11
332336;2666;4,72
332337;2639;4,03
332338;2640;4,06
332339;2646;4,21
332340;2655;4,44
332341;2658;4,51
332342;2634;3,91
332343;2639;4,03
332344;2640;4,06
332345;2651;4,34
332346;2638;4,01
332347;2634;3,91
332348;2626;3,70
332359;2657;4,49
332360;2645;4,19
332361;2667;4,74
332362;2679;5,05
332363;2704;5,68
332364;2694;5,43
332365;2672;4,87
332366;2659;4,54
332367;2678;5,02
332368;2655;4,44
332369;2659;4,54
332370;2757;7,02
332371;2682;5,12
332372;2693;5,40
332373;2688;5,27
332374;2738;6,54
332375;2719;6,06
332376;2689;5,30
332387;2717;6,01
332388;2757;7,02
332389;2711;5,86
332390;2762;7,15
332391;2727;6,26
332392;2721;6,11
332393;2726;6,23
332394;2765;7,22
332395;2719;6,06
332396;2715;5,96
332397;2704;5,68
332398;2729;6,31
332399;2692;5,37
332400;2705;5,70
332401;2692;5,37
332402;2699;5,55
332403;2697;5,50
332404;2736;6,49
332405;2687;5,25
332417;2688;5,27
332418;2675;4,94
332419;2723;6,16
332420;2703;5,65
332421;2703;5,65
332422;2768;7,30
332423;2677;4,99
332424;2687;5,25
332425;2741;6,61
332426;2695;5,45
332427;2697;5,50
332428;2718;6,03
332429;2701;5,60
332430;2702;5,63
332431;2716;5,98
332432;2704;5,68
332433;2703;5,65
332434;2700;5,58
332445;2713;5,91
332446;2717;6,01
332447;2733;6,41
332448;2717;6,01
332449;2714;5,93
332450;2723;6,16
332451;2710;5,83
332452;2719;6,06
332453;2711;5,86
332454;2773;7,42
332455;2751;6,87
332456;2714;5,93
332457;2750;6,84
332458;2709;5,80
332459;2727;6,26
332460;2747;6,77
332461;2719;6,06
332462;2710;5,83
332463;2751;6,87
332474;2737;6,51
332475;2711;5,86
332476;2717;6,01
332477;2715;5,96
332478;2751;6,87
332479;2795;7,98
332480;2732;6,39
332481;2725;6,21
332482;2721;6,11
332483;2720;6,08
332484;2721;6,11
332485;2721;6,11
332486;2766;7,25
332487;2790;7,85
332488;2769;7,32
332489;2737;6,51
332490;2734;6,44
332491;2761;7,12
332502;2750;6,84
332503;2770;7,35
332504;2747;6,77
332505;2814;8,46
332506;2739;6,56
332507;2773;7,42
332508;2759;7,07
332509;2750;6,84
332510;2752;6,89
332511;2753;6,92
332512;2779;7,58
332513;2745;6,72
332514;2778;7,55
332515;2743;6,66
332516;2744;6,69
332517;2751;6,87
332518;2785;7,73
332519;2779;7,58
332520;2752;6,89
332532;2739;6,56
332533;2738;6,54
332534;2740;6,59
332535;2741;6,61
332536;2740;6,59
332537;2749;6,82
332538;2746;6,74
332539;2743;6,66
332540;2748;6,79
332541;2748;6,79
332542;2745;6,72
332543;2749;6,82
332544;2752;6,89
332545;2743;6,66
332546;2753;6,92
332547;2752;6,89
332548;2754;6,94
332549;2752;6,89
332560;2797;8,03
332561;2779;7,58
332562;2771;7,37
332563;2777;7,53
332564;2769;7,32
332565;2771;7,37
332566;2795;7,98
332567;2783;7,68
332568;2770;7,35
332569;2788;7,80
332570;2785;7,73
332571;2782;7,65
332572;2765;7,22
332573;2785;7,73
332574;2797;8,03
332575;2759;7,07
332576;2763;7,17
332577;2801;8,13
332578;2768;7,30
332589;2768;7,30
332590;2771;7,37
332591;2784;7,70
332592;2827;8,79
332593;2773;7,42
332594;2780;7,60
332595;2768;7,30
332596;2791;7,88
332597;2773;7,42
332598;2773;7,42
332599;2771;7,37
332600;2775;7,47
332601;2791;7,88
332602;2790;7,85
332603;2778;7,55
332604;2793;7,93
332605;2832;8,92
332606;2796;8,01
332617;2781;7,63
332618;2791;7,88
332619;2781;7,63
332620;2786;7,75
332621;2771;7,37
332622;2832;8,92
332623;2767;7,27
332624;2805;8,23
332625;2775;7,47
332626;2766;7,25
332627;2781;7,63
332628;2789;7,83
332629;2761;7,12
332630;2764;7,20
332631;2775;7,47
332632;2772;7,40
332633;2767;7,27
332634;2767;7,27
332635;2767;7,27
332646;2810;8,36
332647;2769;7,32
332648;2763;7,17
332649;2759;7,07
332650;2768;7,30
332651;2820;8,61
332652;2784;7,70
332653;2800;8,11
332654;2771;7,37
332655;2765;7,22
332656;2804;8,21
332657;2768;7,30
332658;2786;7,75
332659;2855;9,50
332660;2782;7,65
332661;2768;7,30
332662;2775;7,47
332663;2787;7,78
332675;2845;9,25
332676;2832;8,92
332677;2758;7,04
332678;2845;9,25
332679;2838;9,07
332680;2838;9,07
332681;2842;9,17
332682;2825;8,74
332683;2797;8,03
332684;2800;8,11
332685;2775;7,47
332686;2814;8,46
332687;2831;8,89
332688;2890;10,38
332689;2828;8,82
332690;2791;7,88
332691;2794;7,96
332692;2820;8,61
332703;2800;8,11
332704;2762;7,15
332705;2835;8,99
332706;2753;6,92
332707;2805;8,23
332708;2755;6,97
332709;2749;6,82
332710;2791;7,88
332711;2868;9,83
332712;2761;7,12
332713;2755;6,97
332714;2768;7,30
332715;2801;8,13
332716;2751;6,87
332717;2768;7,30
332718;2795;7,98
332719;2785;7,73
332720;2751;6,87
332721;2784;7,70
332732;2759;7,07
332733;2751;6,87
332734;2737;6,51
332735;2748;6,79
332736;2731;6,36
332737;2757;7,02
332738;2864;9,73
332739;2800;8,11
332740;2736;6,49
332741;2731;6,36
332742;2749;6,82
332743;2736;6,49
332744;2801;8,13
332745;2751;6,87
332746;2727;6,26
332747;2815;8,49
332748;2851;9,40
332749;2732;6,39
332760;2803;8,18
332761;2799;8,08
332762;2758;7,04
332763;2762;7,15
332764;2747;6,77
332765;2766;7,25
332766;2835;8,99
332767;2734;6,44
332768;2800;8,11
332769;2736;6,49
332770;2777;7,53
332771;2751;6,87
332772;2910;10,89
332773;2795;7,98
332774;2731;6,36
332775;2731;6,36
332776;2746;6,74
332777;2710;5,83
332778;2736;6,49
332790;2721;6,11
332791;2753;6,92
332792;2726;6,23
332793;2715;5,96
332794;2726;6,23
332795;2723;6,16
332796;2778;7,55
332797;2708;5,78
332798;2755;6,97
332799;2723;6,16
332800;2720;6,08
332801;2720;6,08
332802;2747;6,77
332803;2704;5,68
332804;2759;7,07
332805;2719;6,06
332806;2710;5,83
332807;2715;5,96
332818;2778;7,55
332819;2704;5,68
332820;2691;5,35
332821;2693;5,40
332822;2802;8,16
332823;2721;6,11
332824;2736;6,49
332825;2711;5,86
332826;2808;8,31
332827;2709;5,80
332828;2831;8,89
332829;2719;6,06
332830;2830;8,87
332831;2757;7,02
332832;2722;6,13
332833;2796;8,01
332834;2751;6,87
332835;2738;6,54
332836;2733;6,41
332847;2756;6,99
332848;2736;6,49
332849;2793;7,93
332850;2730;6,34
332851;2722;6,13
332852;2759;7,07
332853;2736;6,49
332854;2720;6,08
332855;2813;8,44
332856;2790;7,85
332857;2711;5,86
332858;2765;7,22
332859;2720;6,08
332860;2745;6,72
332861;2787;7,78
332862;2789;7,83
332863;2707;5,75
332864;2736;6,49
332875;2728;6,29
332876;2823;8,69
332877;2704;5,68
332878;2714;5,93
332879;2753;6,92
332880;2704;5,68
332881;2723;6,16
332882;2736;6,49
332883;2736;6,49
332884;2718;6,03
332885;2715;5,96
332886;2714;5,93
332887;2740;6,59
332888;2790;7,85
332889;2704;5,68
332890;2711;5,86
332891;2741;6,61
332892;2715;5,96
332893;2713;5,91
332904;2743;6,66
332905;2773;7,42
332906;2736;6,49
332907;2773;7,42
332908;2734;6,44
332909;2747;6,77
332910;2768;7,30
332911;2813;8,44
332912;2775;7,47
332913;2733;6,41
332914;2783;7,68
332915;2729;6,31
332916;2738;6,54
332917;2777;7,53
332918;2726;6,23
332919;2725;6,21
332920;2714;5,93
332921;2713;5,91
332933;2793;7,93
332934;2736;6,49
332935;2736;6,49
332936;2735;6,46
332937;2727;6,26
332938;2720;6,08
332939;2719;6,06
332940;2731;6,36
332941;2721;6,11
332942;2736;6,49
332943;2732;6,39
332944;2725;6,21
332945;2700;5,58
332946;2737;6,51
332947;2746;6,74
332948;2765;7,22
332949;2766;7,25
332950;2807;8,28
332951;2736;6,49
332962;2768;7,30
332963;2730;6,34
332964;2753;6,92
332965;2725;6,21
332966;2730;6,34
332967;2729;6,31
332968;2727;6,26
332969;2733;6,41
332970;2745;6,72
332971;2721;6,11
332972;2761;7,12
332973;2777;7,53
332974;2726;6,23
332975;2723;6,16
332976;2851;9,40
332977;2727;6,26
332978;2725;6,21
332979;2727;6,26
332990;2798;8,06
332991;2719;6,06
332992;2768;7,30
332993;2736;6,49
332994;2767;7,27
332995;2741;6,61
332996;2736;6,49
332997;2727;6,26
332998;2753;6,92
332999;2738;6,54
333000;2736;6,49
333001;2735;6,46
333002;2746;6,74
333003;2735;6,46
333004;2753;6,92
333005;2735;6,46
333006;2731;6,36
333007;2851;9,40
333008;2744;6,69
333019;2752;6,89
333020;2855;9,50
333021;2757;7,02
333022;2756;6,99
333023;2768;7,30
333024;2764;7,20
333025;2743;6,66
333026;2751;6,87
333027;2777;7,53
333028;2855;9,50
333029;2752;6,89
333030;2779;7,58
333031;2760;7,10
333032;2759;7,07
333033;2775;7,47
333034;2751;6,87
333035;2753;6,92
333036;2861;9,65
333048;2741;6,61
333049;2784;7,70
333050;2809;8,34
333051;2727;6,26
333052;2785;7,73
333053;2771;7,37
333054;2725;6,21
333055;2735;6,46
333056;2719;6,06
333057;2781;7,63
333058;2722;6,13
333059;2754;6,94
333060;2759;7,07
333061;2836;9,02
333062;2718;6,03
333063;2768;7,30
333064;2708;5,78
333065;2793;7,93
333066;2722;6,13
333077;2733;6,41
333078;2726;6,23
333079;2761;7,12
333080;2747;6,77
333081;2755;6,97
333082;2736;6,49
333083;2734;6,44
333084;2739;6,56
333085;2756;6,99
333086;2765;7,22
333087;2767;7,27
333088;2749;6,82
333089;2779;7,58
333090;2765;7,22
333091;2772;7,40
333092;2751;6,87
333093;2768;7,30
333094;2751;6,87
333105;2736;6,49
333106;2737;6,51
333107;2759;7,07
333108;2798;8,06
333109;2753;6,92
333110;2731;6,36
333111;2743;6,66
333112;2731;6,36
333113;2755;6,97
333114;2765;7,22
333115;2715;5,96
333116;2736;6,49
333117;2741;6,61
333118;2742;6,64
333119;2720;6,08
333120;2800;8,11
333121;2715;5,96
333122;2738;6,54
333123;2805;8,23
333134;2758;7,04
333135;2719;6,06
333136;2710;5,83
333137;2714;5,93
333138;2725;6,21
333139;2765;7,22
333140;2775;7,47
333141;2721;6,11
333142;2738;6,54
333143;2735;6,46
333144;2759;7,07
333145;2720;6,08
333146;2798;8,06
333147;2741;6,61
333148;2846;9,27
333149;2721;6,11
333150;2774;7,45
333151;2765;7,22
333162;2741;6,61
333163;2751;6,87
333164;2779;7,58
333165;2751;6,87
333166;2742;6,64
333167;2800;8,11
333168;2746;6,74
333169;2763;7,17
333170;2735;6,46
333171;2723;6,16
333172;2720;6,08
333173;2733;6,41
333174;2731;6,36
333175;2725;6,21
333176;2769;7,32
333177;2736;6,49
333178;2755;6,97
333179;2786;7,75
333180;2704;5,68
333192;2786;7,75
333193;2765;7,22
333194;2791;7,88
333195;2731;6,36
333196;2699;5,55
333197;2774;7,45
333198;2775;7,47
333199;2725;6,21
333200;2691;5,35
333201;2777;7,53
333202;2756;6,99
333203;2793;7,93
333204;2704;5,68
333205;2733;6,41
333206;2705;5,70
333207;2738;6,54
333208;2768;7,30
333209;2745;6,72
333220;2709;5,80
333221;2732;6,39
333222;2762;7,15
333223;2723;6,16
333224;2763;7,17
333225;2723;6,16
333226;2714;5,93
333227;2793;7,93
333228;2849;9,35
333229;2714;5,93
333230;2717;6,01
333231;2736;6,49
333232;2752;6,89
333233;2726;6,23
333234;2724;6,18
333235;2743;6,66
333236;2716;5,98
333237;2784;7,70
333238;2777;7,53
333249;2741;6,61
333250;2699;5,55
333251;2718;6,03
333252;2722;6,13
333253;2735;6,46
333254;2729;6,31
333255;2687;5,25
333256;2704;5,68
333257;2775;7,47
333258;2730;6,34
333259;2734;6,44
333260;2704;5,68
333261;2703;5,65
333262;2835;8,99
333263;2701;5,60
333264;2698;5,53
333265;2703;5,65
333266;2714;5,93
333277;2797;8,03
333278;2704;5,68
333279;2758;7,04
333280;2705;5,70
333281;2705;5,70
333282;2772;7,40
333283;2698;5,53
333284;2735;6,46
333285;2743;6,66
333286;2789;7,83
333287;2704;5,68
333288;2732;6,39
333289;2709;5,80
333290;2795;7,98
333291;2699;5,55
333292;2701;5,60
333293;2710;5,83
333294;2739;6,56
333295;2704;5,68
333307;2716;5,98
333308;2768;7,30
333309;2704;5,68
333310;2733;6,41
333311;2706;5,73
333312;2719;6,06
333313;2695;5,45
333314;2702;5,63
333315;2765;7,22
333316;2698;5,53
333317;2669;4,79
333318;2689;5,30
333319;2697;5,50
333320;2704;5,68
333321;2741;6,61
333322;2696;5,48
333323;2740;6,59
333324;2698;5,53
333335;2726;6,23
333336;2787;7,78
333337;2729;6,31
333338;2699;5,55
333339;2739;6,56
333340;2695;5,45
333341;2753;6,92
333342;2704;5,68
333343;2736;6,49
333344;2680;5,07
333345;2691;5,35
333346;2691;5,35
333347;2739;6,56
333348;2729;6,31
333349;2691;5,35
333350;2752;6,89
333351;2737;6,51
333352;2743;6,66
333353;2736;6,49
333364;2736;6,49
333365;2717;6,01
333366;2677;4,99
333367;2683;5,15
333368;2683;5,15
333369;2679;5,05
333370;2718;6,03
333371;2689;5,30
333372;2735;6,46
333373;2704;5,68
333374;2687;5,25
333375;2708;5,78
333376;2683;5,15
333377;2704;5,68
333378;2704;5,68
333379;2686;5,22
333380;2704;5,68
333381;2759;7,07
333392;2682;5,12
333393;2687;5,25
333394;2692;5,37
333395;2683;5,15
333396;2684;5,17
333397;2682;5,12
333398;2679;5,05
333399;2731;6,36
333400;2679;5,05
333401;2675;4,94
333402;2690;5,32
333403;2738;6,54
333404;2698;5,53
333405;2678;5,02
333406;2685;5,20
333407;2689;5,30
333408;2673;4,89
333409;2823;8,69
333410;2685;5,20
333421;2723;6,16
333422;2679;5,05
333423;2761;7,12
333424;2686;5,22
333425;2711;5,86
333426;2695;5,45
333427;2727;6,26
333428;2685;5,20
333429;2688;5,27
333430;2751;6,87
333431;2679;5,05
333432;2687;5,25
333433;2684;5,17
333434;2717;6,01
333435;2756;6,99
333436;2689;5,30
333437;2688;5,27
333438;2704;5,68
333450;2691;5,35
333451;2697;5,50
333452;2693;5,40
333453;2697;5,50
333454;2701;5,60
333455;2695;5,45
333456;2689;5,30
333457;2692;5,37
333458;2682;5,12
333459;2697;5,50
333460;2705;5,70
333461;2685;5,20
333462;2688;5,27
333463;2682;5,12
333464;2694;5,43
333465;2689;5,30
333466;2695;5,45
333467;2701;5,60
333468;2688;5,27
333479;2701;5,60
333480;2675;4,94
333481;2681;5,10
333482;2727;6,26
333483;2696;5,48
333484;2715;5,96
333485;2725;6,21
333486;2679;5,05
333487;2721;6,11
333488;2741;6,61
333489;2729;6,31
333490;2689;5,30
333491;2759;7,07
333492;2705;5,70
333493;2735;6,46
333494;2690;5,32
333495;2685;5,20
333496;2690;5,32
333507;2688;5,27
333508;2720;6,08
333509;2701;5,60
333510;2721;6,11
333511;2700;5,58
333512;2698;5,53
333513;2739;6,56
333514;2731;6,36
333515;2704;5,68
333516;2693;5,40
333517;2719;6,06
333518;2701;5,60
333519;2745;6,72
333520;2701;5,60
333521;2709;5,80
333522;2699;5,55
333523;2731;6,36
333524;2750;6,84
333525;2714;5,93
333536;2722;6,13
333537;2699;5,55
333538;2707;5,75
333539;2704;5,68
333540;2767;7,27
333541;2704;5,68
333542;2687;5,25
333543;2704;5,68
333544;2703;5,65
333545;2720;6,08
333546;2736;6,49
333547;2703;5,65
333548;2736;6,49
333549;2694;5,43
333550;2702;5,63
333551;2790;7,85
333552;2694;5,43
333553;2720;6,08
333565;2736;6,49
333566;2694;5,43
333567;2743;6,66
333568;2703;5,65
333569;2701;5,60
333570;2701;5,60
333571;2753;6,92
333572;2735;6,46
333573;2699;5,55
333574;2703;5,65
333575;2733;6,41
333576;2704;5,68
333577;2715;5,96
333578;2767;7,27
333579;2703;5,65
333580;2720;6,08
333581;2699;5,55
333582;2703;5,65
333583;2690;5,32
333594;2816;8,51
333595;2818;8,56
333596;2704;5,68
333597;2705;5,70
333598;2759;7,07
333599;2807;8,28
333600;2800;8,11
333601;2834;8,97
333602;2785;7,73
333603;2704;5,68
333604;2752;6,89
333605;2698;5,53
333606;2709;5,80
333607;2812;8,41
333608;2704;5,68
333609;2786;7,75
333610;2709;5,80
333611;2771;7,37
333622;2706;5,73
333623;2705;5,70
333624;2758;7,04
333625;2752;6,89
333626;2690;5,32
333627;2720;6,08
333628;2771;7,37
333629;2736;6,49
333630;2687;5,25
333631;2701;5,60
333632;2771;7,37
333633;2732;6,39
333634;2701;5,60
333635;2721;6,11
333636;2769;7,32
333637;2689;5,30
333638;2689;5,30
333639;2710;5,83
333640;2730;6,34
333651;2697;5,50
333652;2676;4,97
333653;2761;7,12
333654;2736;6,49
333655;2708;5,78
333656;2670;4,82
333657;2698;5,53
333658;2694;5,43
333659;2673;4,89
333660;2670;4,82
333661;2699;5,55
333662;2741;6,61
333663;2669;4,79
333664;2695;5,45
333665;2703;5,65
333666;2694;5,43
333667;2703;5,65
333668;2667;4,74
333679;2666;4,72
333680;2669;4,79
333681;2663;4,64
333682;2686;5,22
333683;2667;4,74
333684;2669;4,79
333685;2692;5,37
333686;2672;4,87
333687;2660;4,56
333688;2644;4,16
333689;2671;4,84
333690;2720;6,08
333691;2671;4,84
333692;2641;4,08
333693;2751;6,87
333694;2678;5,02
333695;2671;4,84
333696;2651;4,34
333697;2663;4,64
333709;2653;4,39
333710;2683;5,15
333711;2727;6,26
333712;2672;4,87
333713;2659;4,54
333714;2693;5,40
333715;2691;5,35
333716;2756;6,99
333717;2687;5,25
333718;2713;5,91
333719;2672;4,87
333720;2738;6,54
333721;2682;5,12
333722;2683;5,15
333723;2685;5,20
333724;2707;5,75
333725;2693;5,40
333726;2704;5,68
333737;2661;4,59
333738;2656;4,46
333739;2666;4,72
333740;2729;6,31
333741;2615;3,43
333742;2662;4,62
333743;2684;5,17
333744;2675;4,94
333745;2662;4,62
333746;2653;4,39
333747;2657;4,49
333748;2664;4,67
333749;2746;6,74
333750;2726;6,23
333751;2654;4,41
333752;2660;4,56
333753;2677;4,99
333754;2733;6,41
333755;2650;4,31
333766;2674;4,92
333767;2685;5,20
333768;2655;4,44
333769;2674;4,92
333770;2665;4,69
333771;2643;4,13
333772;2650;4,31
333773;2651;4,34
333774;2642;4,11
333775;2694;5,43
333776;2679;5,05
333777;2699;5,55
333778;2674;4,92
333779;2695;5,45
333780;2695;5,45
333781;2640;4,06
333782;2689;5,30
333783;2651;4,34
333794;2709;5,80
333795;2720;6,08
333796;2720;6,08
333797;2686;5,22
333798;2694;5,43
333799;2666;4,72
333800;2655;4,44
333801;2714;5,93
333802;2673;4,89
333803;2645;4,19
333804;2640;4,06
333805;2646;4,21
333806;2645;4,19
333807;2720;6,08
333808;2656;4,46
333809;2650;4,31
333810;2654;4,41
333811;2642;4,11
333812;2645;4,19
333823;2674;4,92
333824;2640;4,06
333825;2640;4,06
333826;2652;4,36
333827;2645;4,19
333828;2672;4,87
333829;2653;4,39
333830;2663;4,64
333831;2689;5,30
333832;2671;4,84
333833;2645;4,19
333834;2640;4,06
333835;2642;4,11
333836;2722;6,13
333837;2640;4,06
333838;2645;4,19
333839;2635;3,93
333840;2627;3,73
333852;2635;3,93
333853;2626;3,70
333854;2638;4,01
333855;2625;3,68
333856;2624;3,65
333857;2631;3,83
333858;2627;3,73
333859;2633;3,88
333860;2629;3,78
333861;2624;3,65
333862;2629;3,78
333863;2629;3,78
333864;2663;4,64
333865;2633;3,88
333866;2636;3,96
333867;2624;3,65
333868;2627;3,73
333869;2655;4,44
333870;2615;3,43
333881;2615;3,43
333882;2631;3,83
333883;2719;6,06
333884;2624;3,65
333885;2605;3,17
333886;2639;4,03
333887;2646;4,21
333888;2621;3,58
333889;2624;3,65
333890;2614;3,40
333891;2685;5,20
333892;2615;3,43
333893;2611;3,32
333894;2615;3,43
333895;2618;3,50
333896;2695;5,45
333897;2621;3,58
333898;2634;3,91
333909;2702;5,63
333910;2629;3,78
333911;2622;3,60
333912;2624;3,65
333913;2607;3,22
333914;2608;3,25
333915;2614;3,40
333916;2646;4,21
333917;2608;3,25
333918;2610;3,30
333919;2605;3,17
333920;2639;4,03
333921;2669;4,79
333922;2611;3,32
333923;2601;3,07
333924;2599;3,02
333925;2638;4,01
333926;2646;4,21
333927;2606;3,20
333938;2626;3,70
333939;2624;3,65
333940;2601;3,07
333941;2603;3,12
333942;2641;4,08
333943;2608;3,25
333944;2613;3,38
333945;2673;4,89
333946;2667;4,74
333947;2668;4,77
333948;2672;4,87
333949;2621;3,58
333950;2623;3,63
333951;2663;4,64
333952;2623;3,63
333953;2634;3,91
333954;2611;3,32
333955;2608;3,25
333967;2669;4,79
333968;2672;4,87
333969;2630;3,81
333970;2624;3,65
333971;2659;4,54
333972;2664;4,67
333973;2629;3,78
333974;2663;4,64
333975;2658;4,51
333976;2629;3,78
333977;2663;4,64
333978;2663;4,64
333979;2637;3,98
333980;2667;4,74
333981;2661;4,59
333982;2658;4,51
333983;2681;5,10
333984;2637;3,98
333985;2655;4,44
333996;2602;3,10
333997;2598;3,00
333998;2595;2,92
333999;2611;3,32
334000;2615;3,43
334001;2599;3,02
334002;2596;2,95
334003;2602;3,10
334004;2598;3,00
334005;2611;3,32
334006;2609;3,27
334007;2596;2,95
334008;2602;3,10
334009;2624;3,65
334010;2597;2,97
334011;2598;3,00
334012;2606;3,20
334013;2598;3,00
334024;2595;2,92
334025;2639;4,03
334026;2607;3,22
334027;2607;3,22
334028;2606;3,20
334029;2602;3,10
334030;2608;3,25
334031;2599;3,02
334032;2671;4,84
334033;2617;3,48
334034;2619;3,53
334035;2675;4,94
334036;2607;3,22
334037;2611;3,32
334038;2621;3,58
334039;2604;3,15
334040;2647;4,24
334041;2687;5,25
334042;2607;3,22
334053;2651;4,34
334054;2598;3,00
334055;2611;3,32
334056;2595;2,92
334057;2614;3,40
334058;2603;3,12
334059;2642;4,11
334060;2640;4,06
334061;2615;3,43
334062;2655;4,44
334063;2595;2,92
334064;2599;3,02
334065;2598;3,00
334066;2624;3,65
334067;2738;6,54
334068;2628;3,76
334069;2598;3,00
334070;2601;3,07
334081;2591;2,82
334082;2649;4,29
334083;2614;3,40
334084;2624;3,65
334085;2602;3,10
334086;2627;3,73
334087;2614;3,40
334088;2629;3,78
334089;2656;4,46
334090;2597;2,97
334091;2653;4,39
334092;2621;3,58
334093;2615;3,43
334094;2607;3,22
334095;2605;3,17
334096;2642;4,11
334097;2628;3,76
334098;2607;3,22
334099;2606;3,20
334111;2688;5,27
334112;2629;3,78
334113;2613;3,38
334114;2625;3,68
334115;2677;4,99
334116;2690;5,32
334117;2619;3,53
334118;2610;3,30
334119;2608;3,25
334120;2646;4,21
334121;2673;4,89
334122;2634;3,91
334123;2613;3,38
334124;2681;5,10
334125;2669;4,79
334126;2663;4,64
334127;2637;3,98
334128;2603;3,12
334139;2583;2,62
334140;2589;2,77
334141;2589;2,77
334142;2559;2,01
334143;2586;2,69
334144;2613;3,38
334145;2588;2,74
334146;2642;4,11
334147;2592;2,84
334148;2582;2,59
334149;2618;3,50
334150;2595;2,92
334151;2624;3,65
334152;2639;4,03
334153;2626;3,70
334154;2594;2,89
334155;2594;2,89
334156;2608;3,25
334157;2583;2,62
334168;2586;2,69
334169;2559;2,01
334170;2656;4,46
334171;2598;3,00
334172;2613;3,38
334173;2559;2,01
334174;2591;2,82
334175;2602;3,10
334176;2598;3,00
334177;2601;3,07
334178;2655;4,44
334179;2559;2,01
334180;2590;2,79
334181;2607;3,22
334182;2642;4,11
334183;2590;2,79
334184;2597;2,97
334185;2611;3,32
334196;2629;3,78
334197;2634;3,91
334198;2595;2,92
334199;2619;3,53
334200;2595;2,92
334201;2669;4,79
334202;2610;3,30
334203;2601;3,07
334204;2655;4,44
334205;2637;3,98
334206;2603;3,12
334207;2593;2,87
334208;2629;3,78
334209;2653;4,39
334210;2590;2,79
334211;2634;3,91
334212;2587;2,72
334213;2695;5,45
334214;2559;2,01
334226;2557;1,96
334227;2552;1,83
334228;2557;1,96
334229;2558;1,98
334230;2555;1,91
334231;2551;1,81
334232;2559;2,01
334233;2554;1,88
334234;2559;2,01
334235;2559;2,01
334236;2559;2,01
334237;2559;2,01
334238;2559;2,01
334239;2559;2,01
334240;2558;1,98
334241;2559;2,01
334242;2559;2,01
334243;2559;2,01
334254;2593;2,87
334255;2611;3,32
334256;2618;3,50
334257;2654;4,41
334258;2595;2,92
334259;2605;3,17
334260;2615;3,43
334261;2603;3,12
334262;2606;3,20
334263;2608;3,25
334264;2613;3,38
334265;2646;4,21
334266;2607;3,22
334267;2607;3,22
334268;2606;3,20
334269;2631;3,83
334270;2640;4,06
334271;2671;4,84
334272;2608;3,25
334283;2642;4,11
334284;2665;4,69
334285;2615;3,43
334286;2617;3,48
334287;2602;3,10
334288;2621;3,58
334289;2603;3,12
334290;2601;3,07
334291;2641;4,08
334292;2607;3,22
334293;2624;3,65
334294;2682;5,12
334295;2609;3,27
334296;2585;2,67
334297;2675;4,94
334298;2606;3,20
334299;2593;2,87
334300;2659;4,54
334311;2620;3,55
334312;2581;2,57
334313;2631;3,83
334314;2657;4,49
334315;2583;2,62
334316;2597;2,97
334317;2587;2,72
334318;2651;4,34
334319;2601;3,07
334320;2647;4,24
334321;2615;3,43
334322;2606;3,20
334323;2619;3,53
334324;2601;3,07
334325;2626;3,70
334326;2605;3,17
334327;2602;3,10
334328;2681;5,10
334329;2608;3,25
334340;2671;4,84
334341;2730;6,34
334342;2624;3,65
334343;2622;3,60
334344;2624;3,65
334345;2677;4,99
334346;2631;3,83
334347;2613;3,38
334348;2637;3,98
334349;2687;5,25
334350;2618;3,50
334351;2610;3,30
334352;2611;3,32
334353;2659;4,54
334354;2619;3,53
334355;2627;3,73
334356;2608;3,25
334357;2613;3,38
334369;2624;3,65
334370;2597;2,97
334371;2594;2,89
334372;2590;2,79
334373;2593;2,87
334374;2608;3,25
334375;2589;2,77
334376;2594;2,89
334377;2592;2,84
334378;2593;2,87
334379;2641;4,08
334380;2595;2,92
334381;2597;2,97
334382;2595;2,92
334383;2590;2,79
334384;2559;2,01
334385;2599;3,02
334386;2758;7,04
334387;2590;2,79
334398;2603;3,12
334399;2609;3,27
334400;2603;3,12
334401;2736;6,49
334402;2736;6,49
334403;2608;3,25
334404;2660;4,56
334405;2619;3,53
334406;2635;3,93
334407;2640;4,06
334408;2615;3,43
334409;2619;3,53
334410;2633;3,88
334411;2634;3,91
334412;2663;4,64
334413;2625;3,68
334414;2668;4,77
334415;2625;3,68
334426;2726;6,23
334427;2651;4,34
334428;2651;4,34
334429;2637;3,98
334430;2617;3,48
334431;2609;3,27
334432;2626;3,70
334433;2618;3,50
334434;2613;3,38
334435;2623;3,63
334436;2606;3,20
334437;2635;3,93
334438;2656;4,46
334439;2610;3,30
334440;2646;4,21
334441;2608;3,25
334442;2640;4,06
334443;2723;6,16
334444;2672;4,87
334455;2610;3,30
334456;2605;3,17
334457;2601;3,07
334458;2614;3,40
334459;2640;4,06
334460;2639;4,03
334461;2601;3,07
334462;2683;5,15
334463;2611;3,32
334464;2652;4,36
334465;2606;3,20
334466;2613;3,38
334467;2677;4,99
334468;2627;3,73
334469;2623;3,63
334470;2652;4,36
334471;2688;5,27
334472;2624;3,65
334484;2634;3,91
334485;2638;4,01
334486;2637;3,98
334487;2635;3,93
334488;2635;3,93
334489;2629;3,78
334490;2629;3,78
334491;2632;3,86
334492;2633;3,88
334493;2627;3,73
334494;2635;3,93
334495;2628;3,76
334496;2624;3,65
334497;2624;3,65
334498;2624;3,65
334499;2618;3,50
334500;2623;3,63
334501;2616;3,45
334502;2618;3,50
334513;2614;3,40
334514;2663;4,64
334515;2727;6,26
334516;2603;3,12
334517;2607;3,22
334518;2670;4,82
334519;2595;2,92
334520;2704;5,68
334521;2605;3,17
334522;2608;3,25
334523;2667;4,74
334524;2588;2,74
334525;2598;3,00
334526;2614;3,40
334527;2598;3,00
334528;2630;3,81
334529;2606;3,20
334530;2599;3,02
334541;2656;4,46
334542;2666;4,72
334543;2647;4,24
334544;2633;3,88
334545;2620;3,55
334546;2715;5,96
334547;2625;3,68
334548;2672;4,87
334549;2676;4,97
334550;2638;4,01
334551;2649;4,29
334552;2676;4,97
334553;2739;6,56
334554;2719;6,06
334555;2626;3,70
334556;2729;6,31
334557;2709;5,80
334558;2669;4,79
334559;2629;3,78
334570;2615;3,43
334571;2647;4,24
334572;2609;3,27
334573;2610;3,30
334574;2639;4,03
334575;2623;3,63
334576;2614;3,40
334577;2672;4,87
334578;2638;4,01
334579;2600;3,05
334580;2641;4,08
334581;2608;3,25
334582;2609;3,27
334583;2607;3,22
334584;2693;5,40
334585;2625;3,68
334586;2593;2,87
334587;2609;3,27
334598;2629;3,78
334599;2624;3,65
334600;2608;3,25
334601;2633;3,88
334602;2608;3,25
334603;2639;4,03
334604;2609;3,27
334605;2637;3,98
334606;2618;3,50
334607;2659;4,54
334608;2634;3,91
334609;2704;5,68
334610;2661;4,59
334611;2627;3,73
334612;2628;3,76
334613;2650;4,31
334614;2624;3,65
334615;2639;4,03
334616;2625;3,68
334628;2640;4,06
334629;2655;4,44
334630;2643;4,13
334631;2654;4,41
334632;2673;4,89
334633;2654;4,41
334634;2640;4,06
334635;2640;4,06
334636;2689;5,30
334637;2640;4,06
334638;2639;4,03
334639;2626;3,70
334640;2640;4,06
334641;2640;4,06
334642;2639;4,03
334643;2605;3,17
334644;2630;3,81
334645;2639;4,03
334656;2613;3,38
334657;2619;3,53
334658;2611;3,32
334659;2658;4,51
334660;2640;4,06
334661;2608;3,25
334662;2624;3,65
334663;2620;3,55
334664;2605;3,17
334665;2627;3,73
334666;2613;3,38
334667;2627;3,73
334668;2624;3,65
334669;2661;4,59
334670;2630;3,81
334671;2634;3,91
334672;2629;3,78
334673;2662;4,62
334674;2640;4,06
334685;2629;3,78
334686;2626;3,70
334687;2629;3,78
334688;2623;3,63
334689;2627;3,73
334690;2640;4,06
334691;2625;3,68
334692;2637;3,98
334693;2671;4,84
334694;2691;5,35
334695;2631;3,83
334696;2672;4,87
334697;2620;3,55
334698;2613;3,38
334699;2640;4,06
334700;2647;4,24
334701;2637;3,98
334702;2607;3,22
334713;2645;4,19
334714;2629;3,78
334715;2608;3,25
334716;2656;4,46
334717;2601;3,07
334718;2614;3,40
334719;2668;4,77
334720;2637;3,98
334721;2645;4,19
334722;2609;3,27
334723;2651;4,34
334724;2658;4,51
334725;2715;5,96
334726;2603;3,12
334727;2695;5,45
334728;2634;3,91
334729;2652;4,36
334730;2658;4,51
334731;2619;3,53
334743;2625;3,68
334744;2622;3,60
334745;2624;3,65
334746;2622;3,60
334747;2625;3,68
334748;2622;3,60
334749;2623;3,63
334750;2619;3,53
334751;2626;3,70
334752;2618;3,50
334753;2617;3,48
334754;2622;3,60
334755;2622;3,60
334756;2612;3,35
334757;2613;3,38
334758;2609;3,27
334759;2606;3,20
334760;2619;3,53
334771;2682;5,12
334772;2619;3,53
334773;2626;3,70
334774;2608;3,25
334775;2610;3,30
334776;2621;3,58
334777;2620;3,55
334778;2625;3,68
334779;2601;3,07
334780;2613;3,38
334781;2615;3,43
334782;2610;3,30
334783;2640;4,06
334784;2607;3,22
334785;2610;3,30
334786;2619;3,53
334787;2608;3,25
334788;2608;3,25
334789;2619;3,53
334800;2657;4,49
334801;2622;3,60
334802;2625;3,68
334803;2650;4,31
334804;2624;3,65
334805;2643;4,13
334806;2666;4,72
334807;2630;3,81
334808;2639;4,03
334809;2640;4,06
334810;2639;4,03
334811;2629;3,78
334812;2633;3,88
334813;2625;3,68
334814;2725;6,21
334815;2624;3,65
334816;2633;3,88
334817;2629;3,78
334828;2618;3,50
334829;2650;4,31
334830;2704;5,68
334831;2621;3,58
334832;2610;3,30
334833;2616;3,45
334834;2692;5,37
334835;2638;4,01
334836;2683;5,15
334837;2711;5,86
334838;2620;3,55
334839;2647;4,24
334840;2727;6,26
334841;2613;3,38
334842;2610;3,30
334843;2623;3,63
334844;2613;3,38
334845;2627;3,73
334846;2643;4,13
334857;2681;5,10
334858;2619;3,53
334859;2624;3,65
334860;2630;3,81
334861;2668;4,77
334862;2721;6,11
334863;2639;4,03
334864;2631;3,83
334865;2627;3,73
334866;2647;4,24
334867;2623;3,63
334868;2625;3,68
334869;2630;3,81
334870;2677;4,99
334871;2640;4,06
334872;2663;4,64
334873;2615;3,43
334874;2633;3,88
334886;2654;4,41
334887;2624;3,65
334888;2687;5,25
334889;2736;6,49
334890;2638;4,01
334891;2683;5,15
334892;2639;4,03
334893;2686;5,22
334894;2670;4,82
334895;2659;4,54
334896;2673;4,89
334897;2637;3,98
334898;2660;4,56
334899;2636;3,96
334900;2627;3,73
334901;2621;3,58
334902;2640;4,06
334903;2748;6,79
334904;2630;3,81
334915;2640;4,06
334916;2677;4,99
334917;2714;5,93
334918;2615;3,43
334919;2638;4,01
334920;2645;4,19
334921;2605;3,17
334922;2623;3,63
334923;2643;4,13
334924;2630;3,81
334925;2609;3,27
334926;2614;3,40
334927;2608;3,25
334928;2647;4,24
334929;2608;3,25
334930;2684;5,17
334931;2621;3,58
334932;2658;4,51
334943;2674;4,92
334944;2627;3,73
334945;2641;4,08
334946;2631;3,83
334947;2628;3,76
334948;2633;3,88
334949;2639;4,03
334950;2625;3,68
334951;2656;4,46
334952;2634;3,91
334953;2624;3,65
334954;2638;4,01
334955;2637;3,98
334956;2683;5,15
334957;2653;4,39
334958;2641;4,08
334959;2649;4,29
334960;2768;7,30
334961;2636;3,96
334972;2640;4,06
334973;2626;3,70
334974;2637;3,98
334975;2638;4,01
334976;2666;4,72
334977;2705;5,70
334978;2625;3,68
334979;2622;3,60
334980;2654;4,41
334981;2621;3,58
334982;2666;4,72
334983;2622;3,60
334984;2619;3,53
334985;2619;3,53
334986;2611;3,32
334987;2614;3,40
334988;2639;4,03
334989;2624;3,65
335001;2607;3,22
335002;2605;3,17
335003;2608;3,25
335004;2608;3,25
335005;2619;3,53
335006;2607;3,22
335007;2614;3,40
335008;2618;3,50
335009;2618;3,50
335010;2624;3,65
335011;2618;3,50
335012;2623;3,63
335013;2624;3,65
335014;2620;3,55
335015;2624;3,65
335016;2626;3,70
335017;2624;3,65
335018;2629;3,78
335019;2631;3,83
335030;2670;4,82
335031;2633;3,88
335032;2736;6,49
335033;2640;4,06
335034;2645;4,19
335035;2640;4,06
335036;2629;3,78
335037;2630;3,81
335038;2627;3,73
335039;2672;4,87
335040;2645;4,19
335041;2624;3,65
335042;2621;3,58
335043;2640;4,06
335044;2672;4,87
335045;2685;5,20
335046;2619;3,53
335047;2615;3,43
335058;2666;4,72
335059;2613;3,38
335060;2625;3,68
335061;2646;4,21
335062;2615;3,43
335063;2627;3,73
335064;2641;4,08
335065;2640;4,06
335066;2675;4,94
335067;2673;4,89
335068;2640;4,06
335069;2646;4,21
335070;2672;4,87
335071;2645;4,19
335072;2638;4,01
335073;2642;4,11
335074;2640;4,06
335075;2638;4,01
335076;2645;4,19
335087;2656;4,46
335088;2675;4,94
335089;2653;4,39
335090;2656;4,46
335091;2675;4,94
335092;2671;4,84
335093;2633;3,88
335094;2706;5,73
335095;2695;5,45
335096;2741;6,61
335097;2659;4,54
335098;2639;4,03
335099;2635;3,93
335100;2716;5,98
335101;2656;4,46
335102;2640;4,06
335103;2630;3,81
335104;2629;3,78
335115;2627;3,73
335116;2726;6,23
335117;2634;3,91
335118;2615;3,43
335119;2624;3,65
335120;2701;5,60
335121;2736;6,49
335122;2623;3,63
335123;2619;3,53
335124;2625;3,68
335125;2621;3,58
335126;2625;3,68
335127;2665;4,69
335128;2643;4,13
335129;2627;3,73
335130;2643;4,13
335131;2631;3,83
335132;2660;4,56
335133;2617;3,48
335145;2637;3,98
335146;2669;4,79
335147;2640;4,06
335148;2636;3,96
335149;2631;3,83
335150;2636;3,96
335151;2633;3,88
335152;2634;3,91
335153;2630;3,81
335154;2637;3,98
335155;2633;3,88
335156;2635;3,93
335157;2634;3,91
335158;2672;4,87
335159;2697;5,50
335160;2640;4,06
335161;2634;3,91
335162;2625;3,68
335173;2625;3,68
335174;2627;3,73
335175;2635;3,93
335176;2622;3,60
335177;2650;4,31
335178;2622;3,60
335179;2629;3,78
335180;2634;3,91
335181;2657;4,49
335182;2622;3,60
335183;2655;4,44
335184;2640;4,06
335185;2725;6,21
335186;2624;3,65
335187;2621;3,58
335188;2663;4,64
335189;2641;4,08
335190;2682;5,12
335191;2629;3,78
335202;2630;3,81
335203;2623;3,63
335204;2672;4,87
335205;2638;4,01
335206;2654;4,41
335207;2651;4,34
335208;2663;4,64
335209;2737;6,51
335210;2717;6,01
335211;2677;4,99
335212;2649;4,29
335213;2631;3,83
335214;2687;5,25
335215;2694;5,43
335216;2630;3,81
335217;2686;5,22
335218;2640;4,06
335219;2630;3,81
335230;2743;6,66
335231;2629;3,78
335232;2642;4,11
335233;2630;3,81
335234;2627;3,73
335235;2624;3,65
335236;2688;5,27
335237;2677;4,99
335238;2626;3,70
335239;2704;5,68
335240;2636;3,96
335241;2649;4,29
335242;2691;5,35
335243;2631;3,83
335244;2637;3,98
335245;2675;4,94
335246;2668;4,77
335247;2637;3,98
335248;2630;3,81
335260;2627;3,73
335261;2632;3,86
335262;2630;3,81
335263;2636;3,96
335264;2637;3,98
335265;2631;3,83
335266;2643;4,13
335267;2638;4,01
335268;2634;3,91
335269;2640;4,06
335270;2643;4,13
335271;2630;3,81
335272;2639;4,03
335273;2635;3,93
335274;2639;4,03
335275;2639;4,03
335276;2640;4,06
335277;2643;4,13
335288;2651;4,34
335289;2670;4,82
335290;2656;4,46
335291;2681;5,10
335292;2650;4,31
335293;2653;4,39
335294;2673;4,89
335295;2646;4,21
335296;2669;4,79
335297;2650;4,31
335298;2651;4,34
335299;2675;4,94
335300;2657;4,49
335301;2653;4,39
335302;2669;4,79
335303;2665;4,69
335304;2697;5,50
335305;2670;4,82
335306;2652;4,36
335317;2685;5,20
335318;2674;4,92
335319;2735;6,46
335320;2688;5,27
335321;2703;5,65
335322;2676;4,97
335323;2674;4,92
335324;2686;5,22
335325;2700;5,58
335326;2733;6,41
335327;2681;5,10
335328;2689;5,30
335329;2702;5,63
335330;2746;6,74
335331;2789;7,83
335332;2728;6,29
335333;2695;5,45
335334;2701;5,60
335345;2754;6,94
335346;2739;6,56
335347;2769;7,32
335348;2738;6,54
335349;2717;6,01
335350;2711;5,86
335351;2736;6,49
335352;2727;6,26
335353;2739;6,56
335354;2724;6,18
335355;2763;7,17
335356;2757;7,02
335357;2751;6,87
335358;2736;6,49
335359;2733;6,41
335360;2827;8,79
335361;2763;7,17
335362;2732;6,39
335363;2767;7,27
335374;2767;7,27
335375;2787;7,78
335376;2747;6,77
335377;2758;7,04
335378;2777;7,53
335379;2761;7,12
335380;2857;9,55
335381;2749;6,82
335382;2752;6,89
335383;2808;8,31
335384;2749;6,82
335385;2763;7,17
335386;2751;6,87
335387;2768;7,30
335388;2829;8,84
335389;2839;9,09
335390;2833;8,94
335391;2759;7,07
335403;2814;8,46
335404;2796;8,01
335405;2785;7,73
335406;2816;8,51
335407;2768;7,30
335408;2791;7,88
335409;2768;7,30
335410;2817;8,54
335411;2775;7,47
335412;2809;8,34
335413;2822;8,66
335414;2811;8,39
335415;2800;8,11
335416;2799;8,08
335417;2882;10,18
335418;2818;8,56
335419;2783;7,68
335420;2834;8,97
335421;2813;8,44
335432;2768;7,30
335433;2781;7,63
335434;2781;7,63
335435;2784;7,70
335436;2774;7,45
335437;2779;7,58
335438;2791;7,88
335439;2779;7,58
335440;2803;8,18
335441;2793;7,93
335442;2800;8,11
335443;2771;7,37
335444;2800;8,11
335445;2781;7,63
335446;2797;8,03
335447;2791;7,88
335448;2768;7,30
335449;2781;7,63
335460;2836;9,02
335461;2853;9,45
335462;2761;7,12
335463;2803;8,18
335464;2769;7,32
335465;2768;7,30
335466;2793;7,93
335467;2766;7,25
335468;2790;7,85
335469;2784;7,70
335470;2767;7,27
335471;2823;8,69
335472;2777;7,53
335473;2783;7,68
335474;2790;7,85
335475;2894;10,49
335476;2785;7,73
335477;2762;7,15
335488;2767;7,27
335489;2832;8,92
335490;2774;7,45
335491;2787;7,78
335492;2800;8,11
335493;2765;7,22
335494;2780;7,60
335495;2854;9,47
335496;2768;7,30
335497;2757;7,02
335498;2759;7,07
335499;2880;10,13
335500;2785;7,73
335501;2811;8,39
335502;2800;8,11
335503;2752;6,89
335504;2761;7,12
335505;2746;6,74
335506;2747;6,77
335518;2751;6,87
335519;2741;6,61
335520;2755;6,97
335521;2749;6,82
335522;2769;7,32
335523;2743;6,66
335524;2743;6,66
335525;2742;6,64
335526;2765;7,22
335527;2759;7,07
335528;2811;8,39
335529;2742;6,64
335530;2757;7,02
335531;2815;8,49
335532;2749;6,82
335533;2787;7,78
335534;2746;6,74
335535;2761;7,12
335546;2739;6,56
335547;2740;6,59
335548;2749;6,82
335549;2778;7,55
335550;2736;6,49
335551;2735;6,46
335552;2759;7,07
335553;2739;6,56
335554;2771;7,37
335555;2733;6,41
335556;2719;6,06
335557;2740;6,59
335558;2721;6,11
335559;2732;6,39
335560;2753;6,92
335561;2727;6,26
335562;2751;6,87
335563;2730;6,34
335564;2733;6,41
335575;2720;6,08
335576;2731;6,36
335577;2846;9,27
335578;2753;6,92
335579;2758;7,04
335580;2769;7,32
335581;2756;6,99
335582;2800;8,11
335583;2743;6,66
335584;2741;6,61
335585;2731;6,36
335586;2737;6,51
335587;2735;6,46
335588;2752;6,89
335589;2749;6,82
335590;2743;6,66
335591;2747;6,77
335592;2768;7,30
335603;2811;8,39
335604;2736;6,49
335605;2766;7,25
335606;2762;7,15
335607;2755;6,97
335608;2736;6,49
335609;2762;7,15
335610;2746;6,74
335611;2727;6,26
335612;2727;6,26
335613;2736;6,49
335614;2737;6,51
335615;2734;6,44
335616;2736;6,49
335617;2734;6,44
335618;2733;6,41
335619;2749;6,82
335620;2779;7,58
335621;2736;6,49
335632;2739;6,56
335633;2731;6,36
335634;2734;6,44
335635;2733;6,41
335636;2725;6,21
335637;2747;6,77
335638;2720;6,08
335639;2725;6,21
335640;2741;6,61
335641;2739;6,56
335642;2722;6,13
335643;2714;5,93
335644;2735;6,46
335645;2730;6,34
335646;2768;7,30
335647;2707;5,75
335648;2714;5,93
335649;2719;6,06
335661;2718;6,03
335662;2757;7,02
335663;2768;7,30
335664;2749;6,82
335665;2736;6,49
335666;2755;6,97
335667;2710;5,83
335668;2754;6,94
335669;2767;7,27
335670;2787;7,78
335671;2750;6,84
335672;2727;6,26
335673;2704;5,68
335674;2752;6,89
335675;2761;7,12
335676;2711;5,86
335677;2749;6,82
335678;2757;7,02
335679;2755;6,97
335690;2797;8,03
335691;2816;8,51
335692;2720;6,08
335693;2727;6,26
335694;2743;6,66
335695;2711;5,86
335696;2746;6,74
335697;2742;6,64
335698;2758;7,04
335699;2766;7,25
335700;2800;8,11
335701;2704;5,68
335702;2705;5,70
335703;2707;5,75
335704;2768;7,30
335705;2704;5,68
335706;2715;5,96
335707;2719;6,06
335718;2713;5,91
335719;2720;6,08
335720;2731;6,36
335721;2765;7,22
335722;2750;6,84
335723;2712;5,88
335724;2749;6,82
335725;2752;6,89
335726;2713;5,91
335727;2718;6,03
335728;2751;6,87
335729;2722;6,13
335730;2733;6,41
335731;2770;7,35
335732;2701;5,60
335733;2730;6,34
335734;2727;6,26
335735;2739;6,56
335736;2706;5,73
335747;2694;5,43
335748;2704;5,68
335749;2691;5,35
335750;2693;5,40
335751;2696;5,48
335752;2701;5,60
335753;2687;5,25
335754;2682;5,12
335755;2693;5,40
335756;2709;5,80
335757;2746;6,74
335758;2734;6,44
335759;2710;5,83
335760;2754;6,94
335761;2734;6,44
335762;2806;8,26
335763;2702;5,63
335764;2705;5,70
335776;2814;8,46
335777;2719;6,06
335778;2722;6,13
335779;2722;6,13
335780;2816;8,51
335781;2800;8,11
335782;2713;5,91
335783;2752;6,89
335784;2759;7,07
335785;2720;6,08
335786;2759;7,07
335787;2765;7,22
335788;2768;7,30
335789;2704;5,68
335790;2704;5,68
335791;2708;5,78
335792;2714;5,93
335793;2777;7,53
335794;2705;5,70
335805;2690;5,32
335806;2678;5,02
335807;2689;5,30
335808;2701;5,60
335809;2707;5,75
335810;2701;5,60
335811;2690;5,32
335812;2697;5,50
335813;2705;5,70
335814;2706;5,73
335815;2687;5,25
335816;2688;5,27
335817;2682;5,12
335818;2718;6,03
335819;2699;5,55
335820;2689;5,30
335821;2693;5,40
335822;2695;5,45
335833;2709;5,80
335834;2705;5,70
335835;2778;7,55
335836;2735;6,46
335837;2722;6,13
335838;2785;7,73
335839;2716;5,98
335840;2743;6,66
335841;2721;6,11
335842;2719;6,06
335843;2725;6,21
335844;2712;5,88
335845;2734;6,44
335846;2715;5,96
335847;2721;6,11
335848;2749;6,82
335849;2758;7,04
335850;2724;6,18
335851;2721;6,11
335862;2757;7,02
335863;2695;5,45
335864;2702;5,63
335865;2692;5,37
335866;2722;6,13
335867;2695;5,45
335868;2691;5,35
335869;2770;7,35
335870;2742;6,64
335871;2731;6,36
335872;2687;5,25
335873;2704;5,68
335874;2738;6,54
335875;2704;5,68
335876;2688;5,27
335877;2761;7,12
335878;2707;5,75
335879;2702;5,63
335890;2688;5,27
335891;2701;5,60
335892;2736;6,49
335893;2719;6,06
335894;2703;5,65
335895;2694;5,43
335896;2699;5,55
335897;2734;6,44
335898;2798;8,06
335899;2736;6,49
335900;2710;5,83
335901;2749;6,82
335902;2790;7,85
335903;2765;7,22
335904;2735;6,46
335905;2705;5,70
335906;2720;6,08
335907;2754;6,94
335908;2776;7,50
335920;2713;5,91
335921;2706;5,73
335922;2704;5,68
335923;2701;5,60
335924;2687;5,25
335925;2698;5,53
335926;2736;6,49
335927;2741;6,61
335928;2686;5,22
335929;2727;6,26
335930;2714;5,93
335931;2689;5,30
335932;2710;5,83
335933;2707;5,75
335934;2709;5,80
335935;2701;5,60
335936;2698;5,53
335937;2704;5,68
335948;2757;7,02
335949;2708;5,78
335950;2749;6,82
335951;2694;5,43
335952;2723;6,16
335953;2702;5,63
335954;2760;7,10
335955;2731;6,36
335956;2721;6,11
335957;2699;5,55
335958;2752;6,89
335959;2730;6,34
335960;2703;5,65
335961;2697;5,50
335962;2733;6,41
335963;2722;6,13
335964;2734;6,44
335965;2721;6,11
335966;2806;8,26
335977;2748;6,79
335978;2691;5,35
335979;2797;8,03
335980;2715;5,96
335981;2736;6,49
335982;2816;8,51
335983;2704;5,68
335984;2704;5,68
335985;2736;6,49
335986;2704;5,68
335987;2714;5,93
335988;2709;5,80
335989;2709;5,80
335990;2715;5,96
335991;2723;6,16
335992;2723;6,16
335993;2708;5,78
335994;2715;5,96
336005;2832;8,92
336006;2704;5,68
336007;2756;6,99
336008;2707;5,75
336009;2701;5,60
336010;2736;6,49
336011;2698;5,53
336012;2699;5,55
336013;2831;8,89
336014;2699;5,55
336015;2701;5,60
336016;2706;5,73
336017;2695;5,45
336018;2716;5,98
336019;2716;5,98
336020;2717;6,01
336021;2758;7,04
336022;2768;7,30
336023;2709;5,80
336035;2710;5,83
336036;2706;5,73
336037;2705;5,70
336038;2714;5,93
336039;2767;7,27
336040;2736;6,49
336041;2783;7,68
336042;2704;5,68
336043;2710;5,83
336044;2747;6,77
336045;2718;6,03
336046;2694;5,43
336047;2714;5,93
336048;2745;6,72
336049;2783;7,68
336050;2752;6,89
336051;2714;5,93
336052;2739;6,56
336063;2778;7,55
336064;2735;6,46
336065;2731;6,36
336066;2731;6,36
336067;2723;6,16
336068;2789;7,83
336069;2736;6,49
336070;2768;7,30
336071;2722;6,13
336072;2704;5,68
336073;2711;5,86
336074;2729;6,31
336075;2727;6,26
336076;2739;6,56
336077;2719;6,06
336078;2731;6,36
336079;2729;6,31
336080;2762;7,15
336081;2738;6,54
336092;2701;5,60
336093;2704;5,68
336094;2718;6,03
336095;2737;6,51
336096;2762;7,15
336097;2749;6,82
336098;2699;5,55
336099;2702;5,63
336100;2801;8,13
336101;2726;6,23
336102;2707;5,75
336103;2704;5,68
336104;2739;6,56
336105;2799;8,08
336106;2769;7,32
336107;2691;5,35
336108;2709;5,80
336109;2737;6,51
336120;2695;5,45
336121;2722;6,13
336122;2731;6,36
336123;2703;5,65
336124;2691;5,35
336125;2689;5,30
336126;2698;5,53
336127;2717;6,01
336128;2688;5,27
336129;2689;5,30
336130;2727;6,26
336131;2695;5,45
336132;2768;7,30
336133;2759;7,07
336134;2724;6,18
336135;2703;5,65
336136;2784;7,70
336137;2716;5,98
336138;2755;6,97
336149;2693;5,40
336150;2800;8,11
336151;2695;5,45
336152;2703;5,65
336153;2722;6,13
336154;2731;6,36
336155;2699;5,55
336156;2695;5,45
336157;2703;5,65
336158;2741;6,61
336159;2695;5,45
336160;2704;5,68
336161;2695;5,45
336162;2734;6,44
336163;2744;6,69
336164;2693;5,40
336165;2703;5,65
336166;2704;5,68
336178;2704;5,68
336179;2701;5,60
336180;2701;5,60
336181;2706;5,73
336182;2704;5,68
336183;2697;5,50
336184;2700;5,58
336185;2713;5,91
336186;2699;5,55
336187;2704;5,68
336188;2704;5,68
336189;2731;6,36
336190;2733;6,41
336191;2739;6,56
336192;2699;5,55
336193;2704;5,68
336194;2706;5,73
336195;2738;6,54
336196;2704;5,68
336207;2719;6,06
336208;2704;5,68
336209;2687;5,25
336210;2689;5,30
336211;2704;5,68
336212;2692;5,37
336213;2731;6,36
336214;2690;5,32
336215;2709;5,80
336216;2757;7,02
336217;2689;5,30
336218;2698;5,53
336219;2691;5,35
336220;2685;5,20
336221;2779;7,58
336222;2697;5,50
336223;2694;5,43
336224;2690;5,32
336235;2813;8,44
336236;2701;5,60
336237;2731;6,36
336238;2735;6,46
336239;2704;5,68
336240;2805;8,23
336241;2699;5,55
336242;2790;7,85
336243;2688;5,27
336244;2706;5,73
336245;2738;6,54
336246;2706;5,73
336247;2732;6,39
336248;2687;5,25
336249;2687;5,25
336250;2698;5,53
336251;2687;5,25
336252;2811;8,39
336253;2735;6,46
336264;2713;5,91
336265;2726;6,23
336266;2704;5,68
336267;2721;6,11
336268;2681;5,10
336269;2718;6,03
336270;2704;5,68
336271;2684;5,17
336272;2734;6,44
336273;2785;7,73
336274;2708;5,78
336275;2685;5,20
336276;2679;5,05
336277;2753;6,92
336278;2711;5,86
336279;2707;5,75
336280;2677;4,99
336281;2688;5,27
336293;2671;4,84
336294;2683;5,15
336295;2715;5,96
336296;2683;5,15
336297;2667;4,74
336298;2669;4,79
336299;2731;6,36
336300;2670;4,82
336301;2736;6,49
336302;2660;4,56
336303;2669;4,79
336304;2672;4,87
336305;2685;5,20
336306;2702;5,63
336307;2658;4,51
336308;2666;4,72
336309;2657;4,49
336310;2751;6,87
336311;2737;6,51
336322;2659;4,54
336323;2654;4,41
336324;2656;4,46
336325;2653;4,39
336326;2671;4,84
336327;2655;4,44
336328;2699;5,55
336329;2644;4,16
336330;2667;4,74
336331;2729;6,31
336332;2672;4,87
336333;2654;4,41
336334;2656;4,46
336335;2655;4,44
336336;2666;4,72
336337;2655;4,44
336338;2659;4,54
336339;2662;4,62
336350;2646;4,21
336351;2663;4,64
336352;2672;4,87
336353;2659;4,54
336354;2658;4,51
336355;2665;4,69
336356;2707;5,75
336357;2687;5,25
336358;2665;4,69
336359;2677;4,99
336360;2671;4,84
336361;2669;4,79
336362;2723;6,16
336363;2673;4,89
336364;2665;4,69
336365;2672;4,87
336366;2683;5,15
336367;2709;5,80
336368;2733;6,41
336379;2673;4,89
336380;2667;4,74
336381;2768;7,30
336382;2677;4,99
336383;2736;6,49
336384;2704;5,68
336385;2672;4,87
336386;2673;4,89
336387;2681;5,10
336388;2673;4,89
336389;2717;6,01
336390;2672;4,87
336391;2669;4,79
336392;2699;5,55
336393;2751;6,87
336394;2679;5,05
336395;2683;5,15
336396;2694;5,43
336407;2663;4,64
336408;2674;4,92
336409;2784;7,70
336410;2690;5,32
336411;2718;6,03
336412;2711;5,86
336413;2677;4,99
336414;2679;5,05
336415;2676;4,97
336416;2717;6,01
336417;2671;4,84
336418;2673;4,89
336419;2685;5,20
336420;2707;5,75
336421;2667;4,74
336422;2690;5,32
336423;2750;6,84
336424;2689;5,30
336425;2668;4,77
336437;2736;6,49
336438;2704;5,68
336439;2705;5,70
336440;2695;5,45
336441;2707;5,75
336442;2774;7,45
336443;2717;6,01
336444;2705;5,70
336445;2701;5,60
336446;2696;5,48
336447;2769;7,32
336448;2736;6,49
336449;2704;5,68
336450;2703;5,65
336451;2721;6,11
336452;2704;5,68
336453;2704;5,68
336454;2703;5,65
336465;2657;4,49
336466;2672;4,87
336467;2736;6,49
336468;2661;4,59
336469;2708;5,78
336470;2665;4,69
336471;2667;4,74
336472;2675;4,94
336473;2631;3,83
336474;2664;4,67
336475;2675;4,94
336476;2669;4,79
336477;2662;4,62
336478;2662;4,62
336479;2671;4,84
336480;2667;4,74
336481;2658;4,51
336482;2702;5,63
336483;2702;5,63
336494;2688;5,27
336495;2649;4,29
336496;2667;4,74
336497;2654;4,41
336498;2647;4,24
336499;2673;4,89
336500;2646;4,21
336501;2646;4,21
336502;2644;4,16
336503;2706;5,73
336504;2641;4,08
336505;2653;4,39
336506;2716;5,98
336507;2662;4,62
336508;2736;6,49
336509;2657;4,49
336510;2683;5,15
336511;2649;4,29
336522;2704;5,68
336523;2634;3,91
336524;2714;5,93
336525;2684;5,17
336526;2639;4,03
336527;2672;4,87
336528;2640;4,06
336529;2641;4,08
336530;2690;5,32
336531;2642;4,11
336532;2644;4,16
336533;2657;4,49
336534;2693;5,40
336535;2672;4,87
336536;2647;4,24
336537;2641;4,08
336538;2645;4,19
336539;2669;4,79
336540;2640;4,06
336551;2679;5,05
336552;2713;5,91
336553;2640;4,06
336554;2645;4,19
336555;2637;3,98
336556;2678;5,02
336557;2630;3,81
336558;2640;4,06
336559;2647;4,24
336560;2638;4,01
336561;2654;4,41
336562;2637;3,98
336563;2695;5,45
336564;2631;3,83
336565;2660;4,56
336566;2639;4,03
336567;2646;4,21
336568;2656;4,46
336580;2621;3,58
336581;2639;4,03
336582;2677;4,99
336583;2666;4,72
336584;2633;3,88
336585;2630;3,81
336586;2649;4,29
336587;2630;3,81
336588;2695;5,45
336589;2646;4,21
336590;2669;4,79
336591;2630;3,81
336592;2661;4,59
336593;2635;3,93
336594;2717;6,01
336595;2627;3,73
336596;2654;4,41
336597;2655;4,44
336598;2709;5,80
336609;2634;3,91
336610;2627;3,73
336611;2731;6,36
336612;2640;4,06
336613;2630;3,81
336614;2655;4,44
336615;2615;3,43
336616;2729;6,31
336617;2625;3,68
336618;2647;4,24
336619;2674;4,92
336620;2626;3,70
336621;2631;3,83
336622;2653;4,39
336623;2697;5,50
336624;2629;3,78
336625;2626;3,70
336626;2654;4,41
336637;2677;4,99
336638;2719;6,06
336639;2628;3,76
336640;2621;3,58
336641;2615;3,43
336642;2619;3,53
336643;2647;4,24
336644;2699;5,55
336645;2614;3,40
336646;2608;3,25
336647;2623;3,63
336648;2611;3,32
336649;2619;3,53
336650;2613;3,38
336651;2623;3,63
336652;2622;3,60
336653;2652;4,36
336654;2673;4,89
336655;2608;3,25
336666;2625;3,68
336667;2605;3,17
336668;2615;3,43
336669;2608;3,25
336670;2630;3,81
336671;2621;3,58
336672;2626;3,70
336673;2601;3,07
336674;2640;4,06
336675;2598;3,00
336676;2634;3,91
336677;2610;3,30
336678;2611;3,32
336679;2641;4,08
336680;2649;4,29
336681;2639;4,03
336682;2612;3,35
336683;2608;3,25
336695;2626;3,70
336696;2625;3,68
336697;2624;3,65
336698;2618;3,50
336699;2628;3,76
336700;2626;3,70
336701;2624;3,65
336702;2624;3,65
336703;2624;3,65
336704;2629;3,78
336705;2622;3,60
336706;2624;3,65
336707;2621;3,58
336708;2619;3,53
336709;2619;3,53
336710;2621;3,58
336711;2623;3,63
336712;2608;3,25
336713;2618;3,50
336724;2629;3,78
336725;2591;2,82
336726;2606;3,20
336727;2604;3,15
336728;2608;3,25
336729;2623;3,63
336730;2591;2,82
336731;2623;3,63
336732;2593;2,87
336733;2606;3,20
336734;2591;2,82
336735;2609;3,27
336736;2590;2,79
336737;2587;2,72
336738;2608;3,25
336739;2592;2,84
336740;2607;3,22
336741;2591;2,82
336752;2607;3,22
336753;2630;3,81
336754;2629;3,78
336755;2594;2,89
336756;2598;3,00
336757;2597;2,97
336758;2603;3,12
336759;2608;3,25
336760;2593;2,87
336761;2594;2,89
336762;2608;3,25
336763;2599;3,02
336764;2634;3,91
336765;2614;3,40
336766;2609;3,27
336767;2591;2,82
336768;2580;2,54
336769;2664;4,67
336770;2663;4,64
336781;2610;3,30
336782;2607;3,22
336783;2597;2,97
336784;2624;3,65
336785;2634;3,91
336786;2603;3,12
336787;2585;2,67
336788;2595;2,92
336789;2608;3,25
336790;2649;4,29
336791;2672;4,87
336792;2605;3,17
336793;2589;2,77
336794;2594;2,89
336795;2650;4,31
336796;2613;3,38
336797;2607;3,22
336798;2598;3,00
336809;2625;3,68
336810;2592;2,84
336811;2593;2,87
336812;2621;3,58
336813;2587;2,72
336814;2606;3,20
336815;2591;2,82
336816;2612;3,35
336817;2592;2,84
336818;2599;3,02
336819;2587;2,72
336820;2623;3,63
336821;2619;3,53
336822;2624;3,65
336823;2596;2,95
336824;2608;3,25
336825;2595;2,92
336826;2649;4,29
336827;2602;3,10
336839;2604;3,15
336840;2608;3,25
336841;2620;3,55
336842;2639;4,03
336843;2638;4,01
336844;2640;4,06
336845;2625;3,68
336846;2604;3,15
336847;2635;3,93
336848;2639;4,03
336849;2617;3,48
336850;2605;3,17
336851;2621;3,58
336852;2629;3,78
336853;2596;2,95
336854;2603;3,12
336855;2627;3,73
336856;2610;3,30
336867;2593;2,87
336868;2595;2,92
336869;2607;3,22
336870;2587;2,72
336871;2608;3,25
336872;2674;4,92
336873;2559;2,01
336874;2608;3,25
336875;2583;2,62
336876;2581;2,57
336877;2608;3,25
336878;2586;2,69
336879;2646;4,21
336880;2605;3,17
336881;2587;2,72
336882;2592;2,84
336883;2589;2,77
336884;2582;2,59
336885;2593;2,87
336896;2640;4,06
336897;2688;5,27
336898;2594;2,89
336899;2637;3,98
336900;2615;3,43
336901;2618;3,50
336902;2591;2,82
336903;2602;3,10
336904;2659;4,54
336905;2602;3,10
336906;2637;3,98
336907;2621;3,58
336908;2607;3,22
336909;2598;3,00
336910;2624;3,65
336911;2603;3,12
336912;2608;3,25
336913;2615;3,43
336924;2607;3,22
336925;2602;3,10
336926;2660;4,56
336927;2650;4,31
336928;2599;3,02
336929;2705;5,70
336930;2594;2,89
336931;2597;2,97
336932;2689;5,30
336933;2595;2,92
336934;2598;3,00
336935;2637;3,98
336936;2595;2,92
336937;2640;4,06
336938;2598;3,00
336939;2588;2,74
336940;2702;5,63
336941;2674;4,92
336942;2595;2,92
336954;2589;2,77
336955;2589;2,77
336956;2592;2,84
336957;2596;2,95
336958;2599;3,02
336959;2597;2,97
336960;2598;3,00
336961;2593;2,87
336962;2601;3,07
336963;2597;2,97
336964;2599;3,02
336965;2602;3,10
336966;2597;2,97
336967;2597;2,97
336968;2598;3,00
336969;2595;2,92
336970;2602;3,10
336971;2603;3,12
336982;2608;3,25
336983;2614;3,40
336984;2621;3,58
336985;2652;4,36
336986;2628;3,76
336987;2624;3,65
336988;2640;4,06
336989;2626;3,70
336990;2610;3,30
336991;2604;3,15
336992;2624;3,65
336993;2604;3,15
336994;2643;4,13
336995;2653;4,39
336996;2618;3,50
336997;2627;3,73
336998;2669;4,79
336999;2634;3,91
337000;2661;4,59
337011;2608;3,25
337012;2655;4,44
337013;2608;3,25
337014;2704;5,68
337015;2683;5,15
337016;2611;3,32
337017;2606;3,20
337018;2609;3,27
337019;2606;3,20
337020;2635;3,93
337021;2633;3,88
337022;2621;3,58
337023;2704;5,68
337024;2646;4,21
337025;2640;4,06
337026;2672;4,87
337027;2605;3,17
337028;2689;5,30
337039;2607;3,22
337040;2609;3,27
337041;2621;3,58
337042;2627;3,73
337043;2594;2,89
337044;2608;3,25
337045;2623;3,63
337046;2624;3,65
337047;2590;2,79
337048;2615;3,43
337049;2595;2,92
337050;2624;3,65
337051;2608;3,25
337052;2608;3,25
337053;2589;2,77
337054;2606;3,20
337055;2618;3,50
337056;2619;3,53
337057;2607;3,22
337068;2603;3,12
337069;2608;3,25
337070;2613;3,38
337071;2615;3,43
337072;2618;3,50
337073;2662;4,62
337074;2601;3,07
337075;2602;3,10
337076;2620;3,55
337077;2615;3,43
337078;2614;3,40
337079;2621;3,58
337080;2627;3,73
337081;2618;3,50
337082;2619;3,53
337083;2633;3,88
337084;2609;3,27
337085;2614;3,40
337097;2640;4,06
337098;2624;3,65
337099;2643;4,13
337100;2645;4,19
337101;2650;4,31
337102;2638;4,01
337103;2621;3,58
337104;2636;3,96
337105;2610;3,30
337106;2622;3,60
337107;2624;3,65
337108;2635;3,93
337109;2613;3,38
337110;2640;4,06
337111;2611;3,32
337112;2611;3,32
337113;2610;3,30
337114;2635;3,93
337115;2599;3,02
337126;2614;3,40
337127;2624;3,65
337128;2607;3,22
337129;2608;3,25
337130;2629;3,78
337131;2671;4,84
337132;2598;3,00
337133;2607;3,22
337134;2608;3,25
337135;2629;3,78
337136;2688;5,27
337137;2631;3,83
337138;2619;3,53
337139;2624;3,65
337140;2657;4,49
337141;2615;3,43
337142;2609;3,27
337143;2646;4,21
337154;2673;4,89
337155;2659;4,54
337156;2649;4,29
337157;2631;3,83
337158;2626;3,70
337159;2643;4,13
337160;2643;4,13
337161;2653;4,39
337162;2635;3,93
337163;2666;4,72
337164;2655;4,44
337165;2656;4,46
337166;2670;4,82
337167;2633;3,88
337168;2624;3,65
337169;2657;4,49
337170;2629;3,78
337171;2698;5,53
337172;2624;3,65
337183;2663;4,64
337184;2621;3,58
337185;2640;4,06
337186;2605;3,17
337187;2619;3,53
337188;2646;4,21
337189;2610;3,30
337190;2621;3,58
337191;2617;3,48
337192;2623;3,63
337193;2608;3,25
337194;2605;3,17
337195;2601;3,07
337196;2655;4,44
337197;2611;3,32
337198;2611;3,32
337199;2619;3,53
337200;2683;5,15
337212;2613;3,38
337213;2610;3,30
337214;2618;3,50
337215;2608;3,25
337216;2615;3,43
337217;2611;3,32
337218;2608;3,25
337219;2613;3,38
337220;2611;3,32
337221;2612;3,35
337222;2614;3,40
337223;2621;3,58
337224;2623;3,63
337225;2617;3,48
337226;2623;3,63
337227;2621;3,58
337228;2617;3,48
337229;2621;3,58
337230;2624;3,65
337241;2623;3,63
337242;2624;3,65
337243;2698;5,53
337244;2623;3,63
337245;2640;4,06
337246;2669;4,79
337247;2621;3,58
337248;2611;3,32
337249;2627;3,73
337250;2653;4,39
337251;2621;3,58
337252;2624;3,65
337253;2694;5,43
337254;2629;3,78
337255;2638;4,01
337256;2615;3,43
337257;2717;6,01
337258;2640;4,06
337269;2618;3,50
337270;2622;3,60
337271;2620;3,55
337272;2614;3,40
337273;2609;3,27
337274;2624;3,65
337275;2709;5,80
337276;2630;3,81
337277;2611;3,32
337278;2614;3,40
337279;2662;4,62
337280;2624;3,65
337281;2711;5,86
337282;2708;5,78
337283;2636;3,96
337284;2641;4,08
337285;2629;3,78
337286;2691;5,35
337287;2613;3,38
337298;2623;3,63
337299;2631;3,83
337300;2617;3,48
337301;2624;3,65
337302;2611;3,32
337303;2610;3,30
337304;2618;3,50
337305;2624;3,65
337306;2610;3,30
337307;2676;4,97
337308;2629;3,78
337309;2609;3,27
337310;2640;4,06
337311;2657;4,49
337312;2631;3,83
337313;2608;3,25
337314;2627;3,73
337315;2614;3,40
337326;2691;5,35
337327;2603;3,12
337328;2624;3,65
337329;2665;4,69
337330;2597;2,97
337331;2608;3,25
337332;2669;4,79
337333;2655;4,44
337334;2612;3,35
337335;2624;3,65
337336;2646;4,21
337337;2612;3,35
337338;2605;3,17
337339;2608;3,25
337340;2605;3,17
337341;2682;5,12
337342;2608;3,25
337343;2633;3,88
337344;2622;3,60
337356;2678;5,02
337357;2661;4,59
337358;2669;4,79
337359;2659;4,54
337360;2688;5,27
337361;2650;4,31
337362;2698;5,53
337363;2666;4,72
337364;2745;6,72
337365;2630;3,81
337366;2651;4,34
337367;2609;3,27
337368;2645;4,19
337369;2671;4,84
337370;2672;4,87
337371;2616;3,45
337372;2658;4,51
337373;2651;4,34
337384;2659;4,54
337385;2603;3,12
337386;2613;3,38
337387;2694;5,43
337388;2606;3,20
337389;2597;2,97
337390;2641;4,08
337391;2609;3,27
337392;2613;3,38
337393;2604;3,15
337394;2603;3,12
337395;2609;3,27
337396;2605;3,17
337397;2609;3,27
337398;2670;4,82
337399;2623;3,63
337400;2595;2,92
337401;2608;3,25
337402;2634;3,91
337413;2619;3,53
337414;2650;4,31
337415;2608;3,25
337416;2644;4,16
337417;2688;5,27
337418;2618;3,50
337419;2649;4,29
337420;2624;3,65
337421;2630;3,81
337422;2641;4,08
337423;2618;3,50
337424;2654;4,41
337425;2622;3,60
337426;2627;3,73
337427;2640;4,06
337428;2624;3,65
337429;2613;3,38
337430;2627;3,73
337441;2638;4,01
337442;2620;3,55
337443;2719;6,06
337444;2623;3,63
337445;2611;3,32
337446;2602;3,10
337447;2684;5,17
337448;2617;3,48
337449;2595;2,92
337450;2675;4,94
337451;2642;4,11
337452;2594;2,89
337453;2610;3,30
337454;2597;2,97
337455;2609;3,27
337456;2599;3,02
337457;2597;2,97
337458;2602;3,10
337459;2690;5,32
337471;2559;2,01
337472;2589;2,77
337473;2585;2,67
337474;2559;2,01
337475;2594;2,89
337476;2595;2,92
337477;2589;2,77
337478;2582;2,59
337479;2595;2,92
337480;2590;2,79
337481;2595;2,92
337482;2599;3,02
337483;2603;3,12
337484;2592;2,84
337485;2607;3,22
337486;2608;3,25
337487;2602;3,10
337488;2607;3,22
337499;2721;6,11
337500;2640;4,06
337501;2689;5,30
337502;2624;3,65
337503;2624;3,65
337504;2659;4,54
337505;2638;4,01
337506;2620;3,55
337507;2627;3,73
337508;2613;3,38
337509;2621;3,58
337510;2659;4,54
337511;2619;3,53
337512;2623;3,63
337513;2639;4,03
337514;2621;3,58
337515;2621;3,58
337516;2646;4,21
337517;2607;3,22
337528;2620;3,55
337529;2595;2,92
337530;2694;5,43
337531;2634;3,91
337532;2603;3,12
337533;2605;3,17
337534;2608;3,25
337535;2704;5,68
337536;2603;3,12
337537;2617;3,48
337538;2665;4,69
337539;2611;3,32
337540;2607;3,22
337541;2706;5,73
337542;2703;5,65
337543;2615;3,43
337544;2628;3,76
337545;2625;3,68
337556;2649;4,29
337557;2638;4,01
337558;2658;4,51
337559;2627;3,73
337560;2622;3,60
337561;2651;4,34
337562;2628;3,76
337563;2630;3,81
337564;2666;4,72
337565;2628;3,76
337566;2628;3,76
337567;2626;3,70
337568;2638;4,01
337569;2619;3,53
337570;2624;3,65
337571;2623;3,63
337572;2621;3,58
337573;2618;3,50
337574;2631;3,83
337585;2608;3,25
337586;2601;3,07
337587;2622;3,60
337588;2608;3,25
337589;2615;3,43
337590;2606;3,20
337591;2676;4,97
337592;2688;5,27
337593;2617;3,48
337594;2640;4,06
337595;2624;3,65
337596;2624;3,65
337597;2623;3,63
337598;2638;4,01
337599;2625;3,68
337600;2659;4,54
337601;2611;3,32
337602;2631;3,83
337614;2631;3,83
337615;2654;4,41
337616;2629;3,78
337617;2627;3,73
337618;2627;3,73
337619;2627;3,73
337620;2630;3,81
337621;2631;3,83
337622;2672;4,87
337623;2624;3,65
337624;2623;3,63
337625;2638;4,01
337626;2636;3,96
337627;2626;3,70
337628;2628;3,76
337629;2639;4,03
337630;2638;4,01
337631;2633;3,88
337632;2639;4,03
337643;2624;3,65
337644;2624;3,65
337645;2634;3,91
337646;2624;3,65
337647;2625;3,68
337648;2617;3,48
337649;2614;3,40
337650;2613;3,38
337651;2613;3,38
337652;2619;3,53
337653;2609;3,27
337654;2607;3,22
337655;2610;3,30
337656;2660;4,56
337657;2670;4,82
337658;2607;3,22
337659;2608;3,25
337660;2637;3,98
337671;2608;3,25
337672;2599;3,02
337673;2613;3,38
337674;2603;3,12
337675;2675;4,94
337676;2667;4,74
337677;2626;3,70
337678;2652;4,36
337679;2646;4,21
337680;2661;4,59
337681;2611;3,32
337682;2646;4,21
337683;2613;3,38
337684;2642;4,11
337685;2605;3,17
337686;2609;3,27
337687;2618;3,50
337688;2715;5,96
337689;2619;3,53
337700;2641;4,08
337701;2650;4,31
337702;2665;4,69
337703;2642;4,11
337704;2679;5,05
337705;2679;5,05
337706;2637;3,98
337707;2688;5,27
337708;2667;4,74
337709;2658;4,51
337710;2699;5,55
337711;2642;4,11
337712;2645;4,19
337713;2672;4,87
337714;2640;4,06
337715;2661;4,59
337716;2624;3,65
337717;2627;3,73
337729;2595;2,92
337730;2597;2,97
337731;2608;3,25
337732;2593;2,87
337733;2593;2,87
337734;2605;3,17
337735;2599;3,02
337736;2601;3,07
337737;2601;3,07
337738;2592;2,84
337739;2598;3,00
337740;2599;3,02
337741;2599;3,02
337742;2598;3,00
337743;2599;3,02
337744;2607;3,22
337745;2601;3,07
337746;2611;3,32
337747;2603;3,12
337758;2675;4,94
337759;2624;3,65
337760;2642;4,11
337761;2634;3,91
337762;2647;4,24
337763;2714;5,93
337764;2630;3,81
337765;2759;7,07
337766;2640;4,06
337767;2671;4,84
337768;2703;5,65
337769;2630;3,81
337770;2640;4,06
337771;2688;5,27
337772;2685;5,20
337773;2630;3,81
337774;2637;3,98
337775;2641;4,08
337786;2618;3,50
337787;2621;3,58
337788;2640;4,06
337789;2684;5,17
337790;2620;3,55
337791;2614;3,40
337792;2631;3,83
337793;2677;4,99
337794;2609;3,27
337795;2624;3,65
337796;2608;3,25
337797;2624;3,65
337798;2626;3,70
337799;2630;3,81
337800;2625;3,68
337801;2640;4,06
337802;2642;4,11
337803;2614;3,40
337804;2690;5,32
337815;2640;4,06
337816;2624;3,65
337817;2642;4,11
337818;2623;3,63
337819;2714;5,93
337820;2627;3,73
337821;2619;3,53
337822;2701;5,60
337823;2651;4,34
337824;2637;3,98
337825;2624;3,65
337826;2624;3,65
337827;2631;3,83
337828;2629;3,78
337829;2621;3,58
337830;2647;4,24
337831;2634;3,91
337832;2645;4,19
337843;2624;3,65
337844;2625;3,68
337845;2640;4,06
337846;2624;3,65
337847;2640;4,06
337848;2613;3,38
337849;2621;3,58
337850;2618;3,50
337851;2619;3,53
337852;2623;3,63
337853;2618;3,50
337854;2624;3,65
337855;2618;3,50
337856;2731;6,36
337857;2654;4,41
337858;2628;3,76
337859;2677;4,99
337860;2615;3,43
337861;2611;3,32
337873;2619;3,53
337874;2608;3,25
337875;2613;3,38
337876;2621;3,58
337877;2624;3,65
337878;2645;4,19
337879;2620;3,55
337880;2624;3,65
337881;2630;3,81
337882;2627;3,73
337883;2650;4,31
337884;2623;3,63
337885;2624;3,65
337886;2656;4,46
337887;2638;4,01
337888;2641;4,08
337889;2639;4,03
337890;2672;4,87
337901;2640;4,06
337902;2613;3,38
337903;2671;4,84
337904;2633;3,88
337905;2639;4,03
337906;2642;4,11
337907;2642;4,11
337908;2700;5,58
337909;2640;4,06
337910;2634;3,91
337911;2637;3,98
337912;2642;4,11
337913;2664;4,67
337914;2641;4,08
337915;2625;3,68
337916;2665;4,69
337917;2690;5,32
337918;2639;4,03
337919;2631;3,83
337930;2672;4,87
337931;2607;3,22
337932;2617;3,48
337933;2631;3,83
337934;2638;4,01
337935;2608;3,25
337936;2614;3,40
337937;2608;3,25
337938;2608;3,25
337939;2609;3,27
337940;2625;3,68
337941;2606;3,20
337942;2608;3,25
337943;2640;4,06
337944;2678;5,02
337945;2612;3,35
337946;2611;3,32
337947;2623;3,63
337958;2715;5,96
337959;2621;3,58
337960;2656;4,46
337961;2621;3,58
337962;2622;3,60
337963;2634;3,91
337964;2685;5,20
337965;2643;4,13
337966;2672;4,87
337967;2631;3,83
337968;2625;3,68
337969;2709;5,80
337970;2685;5,20
337971;2627;3,73
337972;2626;3,70
337973;2624;3,65
337974;2630;3,81
337975;2635;3,93
337976;2634;3,91
337988;2611;3,32
337989;2621;3,58
337990;2618;3,50
337991;2618;3,50
337992;2613;3,38
337993;2614;3,40
337994;2619;3,53
337995;2621;3,58
337996;2608;3,25
337997;2620;3,55
337998;2608;3,25
337999;2611;3,32
338000;2609;3,27
338001;2611;3,32
338002;2610;3,30
338003;2611;3,32
338004;2611;3,32
338005;2618;3,50
338016;2629;3,78
338017;2625;3,68
338018;2661;4,59
338019;2641;4,08
338020;2630;3,81
338021;2633;3,88
338022;2634;3,91
338023;2654;4,41
338024;2637;3,98
338025;2656;4,46
338026;2640;4,06
338027;2625;3,68
338028;2635;3,93
338029;2638;4,01
338030;2635;3,93
338031;2642;4,11
338032;2635;3,93
338033;2707;5,75
338034;2645;4,19
338045;2695;5,45
338046;2637;3,98
338047;2640;4,06
338048;2695;5,45
338049;2685;5,20
338050;2711;5,86
338051;2658;4,51
338052;2656;4,46
338053;2641;4,08
338054;2672;4,87
338055;2659;4,54
338056;2651;4,34
338057;2653;4,39
338058;2691;5,35
338059;2684;5,17
338060;2654;4,41
338061;2650;4,31
338062;2691;5,35
338073;2679;5,05
338074;2670;4,82
338075;2697;5,50
338076;2661;4,59
338077;2658;4,51
338078;2662;4,62
338079;2669;4,79
338080;2679;5,05
338081;2679;5,05
338082;2663;4,64
338083;2685;5,20
338084;2748;6,79
338085;2706;5,73
338086;2736;6,49
338087;2672;4,87
338088;2675;4,94
338089;2767;7,27
338090;2664;4,67
338091;2687;5,25
338102;2735;6,46
338103;2688;5,27
338104;2698;5,53
338105;2704;5,68
338106;2690;5,32
338107;2698;5,53
338108;2687;5,25
338109;2687;5,25
338110;2715;5,96
338111;2757;7,02
338112;2689;5,30
338113;2688;5,27
338114;2723;6,16
338115;2751;6,87
338116;2711;5,86
338117;2699;5,55
338118;2704;5,68
338119;2713;5,91
338131;2821;8,64
338132;2847;9,30
338133;2738;6,54
338134;2832;8,92
338135;2745;6,72
338136;2777;7,53
338137;2814;8,46
338138;2819;8,59
338139;2725;6,21
338140;2737;6,51
338141;2827;8,79
338142;2835;8,99
338143;2722;6,13
338144;2797;8,03
338145;2747;6,77
338146;2791;7,88
338147;2794;7,96
338148;2734;6,44
338149;2756;6,99
338160;2736;6,49
338161;2742;6,64
338162;2761;7,12
338163;2773;7,42
338164;2749;6,82
338165;2801;8,13
338166;2743;6,66
338167;2755;6,97
338168;2796;8,01
338169;2790;7,85
338170;2762;7,15
338171;2765;7,22
338172;2786;7,75
338173;2782;7,65
338174;2810;8,36
338175;2822;8,66
338176;2759;7,07
338177;2762;7,15
338188;2777;7,53
338189;2798;8,06
338190;2800;8,11
338191;2775;7,47
338192;2768;7,30
338193;2787;7,78
338194;2758;7,04
338195;2774;7,45
338196;2801;8,13
338197;2771;7,37
338198;2800;8,11
338199;2769;7,32
338200;2767;7,27
338201;2775;7,47
338202;2774;7,45
338203;2783;7,68
338204;2818;8,56
338205;2817;8,54
338206;2773;7,42
338217;2800;8,11
338218;2767;7,27
338219;2827;8,79
338220;2768;7,30
338221;2787;7,78
338222;2762;7,15
338223;2789;7,83
338224;2816;8,51
338225;2767;7,27
338226;2811;8,39
338227;2773;7,42
338228;2768;7,30
338229;2769;7,32
338230;2815;8,49
338231;2774;7,45
338232;2785;7,73
338233;2769;7,32
338234;2837;9,04
338246;2794;7,96
338247;2785;7,73
338248;2784;7,70
338249;2795;7,98
338250;2779;7,58
338251;2782;7,65
338252;2785;7,73
338253;2798;8,06
338254;2789;7,83
338255;2781;7,63
338256;2778;7,55
338257;2770;7,35
338258;2775;7,47
338259;2779;7,58
338260;2778;7,55
338261;2774;7,45
338262;2772;7,40
338263;2800;8,11
338264;2780;7,60
338275;2773;7,42
338276;2837;9,04
338277;2791;7,88
338278;2774;7,45
338279;2791;7,88
338280;2818;8,56
338281;2770;7,35
338282;2800;8,11
338283;2793;7,93
338284;2829;8,84
338285;2831;8,89
338286;2782;7,65
338287;2794;7,96
338288;2800;8,11
338289;2832;8,92
338290;2790;7,85
338291;2800;8,11
338292;2823;8,69
338303;2772;7,40
338304;2795;7,98
338305;2805;8,23
338306;2799;8,08
338307;2817;8,54
338308;2810;8,36
338309;2768;7,30
338310;2752;6,89
338311;2740;6,59
338312;2758;7,04
338313;2762;7,15
338314;2797;8,03
338315;2782;7,65
338316;2816;8,51
338317;2785;7,73
338318;2834;8,97
338319;2771;7,37
338320;2759;7,07
338321;2787;7,78
338332;2847;9,30
338333;2792;7,90
338334;2880;10,13
338335;2785;7,73
338336;2782;7,65
338337;2833;8,94
338338;2784;7,70
338339;2812;8,41
338340;2782;7,65
338341;2805;8,23
338342;2779;7,58
338343;2787;7,78
338344;2811;8,39
338345;2818;8,56
338346;2867;9,80
338347;2793;7,93
338348;2783;7,68
338349;2779;7,58
338360;2786;7,75
338361;2857;9,55
338362;2768;7,30
338363;2755;6,97
338364;2759;7,07
338365;2762;7,15
338366;2742;6,64
338367;2734;6,44
338368;2831;8,89
338369;2738;6,54
338370;2782;7,65
338371;2749;6,82
338372;2736;6,49
338373;2738;6,54
338374;2725;6,21
338375;2749;6,82
338376;2808;8,31
338377;2771;7,37
338378;2731;6,36
338390;2735;6,46
338391;2746;6,74
338392;2753;6,92
338393;2767;7,27
338394;2748;6,79
338395;2751;6,87
338396;2759;7,07
338397;2755;6,97
338398;2758;7,04
338399;2748;6,79
338400;2777;7,53
338401;2752;6,89
338402;2761;7,12
338403;2743;6,66
338404;2786;7,75
338405;2727;6,26
338406;2707;5,75
338407;2753;6,92
338418;2755;6,97
338419;2743;6,66
338420;2835;8,99
338421;2836;9,02
338422;2800;8,11
338423;2741;6,61
338424;2834;8,97
338425;2721;6,11
338426;2731;6,36
338427;2709;5,80
338428;2755;6,97
338429;2723;6,16
338430;2715;5,96
338431;2722;6,13
338432;2751;6,87
338433;2754;6,94
338434;2722;6,13
338435;2723;6,16
338436;2749;6,82
338447;2802;8,16
338448;2719;6,06
338449;2725;6,21
338450;2754;6,94
338451;2768;7,30
338452;2763;7,17
338453;2727;6,26
338454;2736;6,49
338455;2714;5,93
338456;2714;5,93
338457;2714;5,93
338458;2725;6,21
338459;2722;6,13
338460;2719;6,06
338461;2715;5,96
338462;2822;8,66
338463;2765;7,22
338464;2718;6,03
338475;2817;8,54
338476;2706;5,73
338477;2704;5,68
338478;2767;7,27
338479;2773;7,42
338480;2749;6,82
338481;2711;5,86
338482;2704;5,68
338483;2723;6,16
338484;2718;6,03
338485;2738;6,54
338486;2750;6,84
338487;2694;5,43
338488;2694;5,43
338489;2766;7,25
338490;2713;5,91
338491;2717;6,01
338492;2704;5,68
338493;2715;5,96
338505;2695;5,45
338506;2688;5,27
338507;2688;5,27
338508;2695;5,45
338509;2693;5,40
338510;2689;5,30
338511;2702;5,63
338512;2705;5,70
338513;2700;5,58
338514;2697;5,50
338515;2699;5,55
338516;2693;5,40
338517;2704;5,68
338518;2696;5,48
338519;2701;5,60
338520;2699;5,55
338521;2698;5,53
338522;2702;5,63
338533;2720;6,08
338534;2707;5,75
338535;2783;7,68
338536;2715;5,96
338537;2707;5,75
338538;2739;6,56
338539;2701;5,60
338540;2704;5,68
338541;2721;6,11
338542;2718;6,03
338543;2727;6,26
338544;2693;5,40
338545;2688;5,27
338546;2687;5,25
338547;2693;5,40
338548;2688;5,27
338549;2697;5,50
338550;2688;5,27
338551;2703;5,65
338562;2736;6,49
338563;2735;6,46
338564;2705;5,70
338565;2751;6,87
338566;2749;6,82
338567;2705;5,70
338568;2718;6,03
338569;2815;8,49
338570;2723;6,16
338571;2775;7,47
338572;2715;5,96
338573;2736;6,49
338574;2721;6,11
338575;2713;5,91
338576;2721;6,11
338577;2764;7,20
338578;2725;6,21
338579;2761;7,12
338590;2737;6,51
338591;2731;6,36
338592;2713;5,91
338593;2803;8,18
338594;2749;6,82
338595;2739;6,56
338596;2729;6,31
338597;2703;5,65
338598;2709;5,80
338599;2773;7,42
338600;2703;5,65
338601;2787;7,78
338602;2703;5,65
338603;2751;6,87
338604;2687;5,25
338605;2688;5,27
338606;2689;5,30
338607;2674;4,92
338608;2685;5,20
338619;2683;5,15
338620;2683;5,15
338621;2683;5,15
338622;2689;5,30
338623;2768;7,30
338624;2679;5,05
338625;2757;7,02
338626;2698;5,53
338627;2698;5,53
338628;2710;5,83
338629;2699;5,55
338630;2694;5,43
338631;2721;6,11
338632;2702;5,63
338633;2695;5,45
338634;2743;6,66
338635;2743;6,66
338636;2725;6,21
338648;2711;5,86
338649;2751;6,87
338650;2746;6,74
338651;2736;6,49
338652;2800;8,11
338653;2718;6,03
338654;2792;7,90
338655;2800;8,11
338656;2829;8,84
338657;2748;6,79
338658;2827;8,79
338659;2711;5,86
338660;2715;5,96
338661;2812;8,41
338662;2848;9,32
338663;2848;9,32
338664;2720;6,08
338665;2864;9,73
338666;2717;6,01
338677;2723;6,16
338678;2710;5,83
338679;2737;6,51
338680;2707;5,75
338681;2697;5,50
338682;2688;5,27
338683;2684;5,17
338684;2710;5,83
338685;2740;6,59
338686;2779;7,58
338687;2689;5,30
338688;2704;5,68
338689;2685;5,20
338690;2724;6,18
338691;2736;6,49
338692;2739;6,56
338693;2683;5,15
338694;2694;5,43
338705;2717;6,01
338706;2746;6,74
338707;2703;5,65
338708;2683;5,15
338709;2692;5,37
338710;2720;6,08
338711;2732;6,39
338712;2686;5,22
338713;2783;7,68
338714;2752;6,89
338715;2703;5,65
338716;2714;5,93
338717;2693;5,40
338718;2791;7,88
338719;2730;6,34
338720;2699;5,55
338721;2695;5,45
338722;2693;5,40
338723;2762;7,15
338734;2723;6,16
338735;2739;6,56
338736;2693;5,40
338737;2719;6,06
338738;2713;5,91
338739;2749;6,82
338740;2731;6,36
338741;2704;5,68
338742;2703;5,65
338743;2698;5,53
338744;2700;5,58
338745;2773;7,42
338746;2702;5,63
338747;2695;5,45
338748;2706;5,73
338749;2693;5,40
338750;2736;6,49
338751;2692;5,37
338763;2689;5,30
338764;2674;4,92
338765;2672;4,87
338766;2673;4,89
338767;2669;4,79
338768;2672;4,87
338769;2673;4,89
338770;2681;5,10
338771;2672;4,87
338772;2669;4,79
338773;2708;5,78
338774;2674;4,92
338775;2680;5,07
338776;2679;5,05
338777;2689;5,30
338778;2688;5,27
338779;2683;5,15
338780;2672;4,87
338781;2686;5,22
338792;2719;6,06
338793;2688;5,27
338794;2678;5,02
338795;2683;5,15
338796;2725;6,21
338797;2687;5,25
338798;2674;4,92
338799;2678;5,02
338800;2687;5,25
338801;2673;4,89
338802;2771;7,37
338803;2687;5,25
338804;2687;5,25
338805;2686;5,22
338806;2669;4,79
338807;2682;5,12
338808;2672;4,87
338809;2689;5,30
338820;2727;6,26
338821;2730;6,34
338822;2699;5,55
338823;2704;5,68
338824;2718;6,03
338825;2699;5,55
338826;2672;4,87
338827;2711;5,86
338828;2693;5,40
338829;2701;5,60
338830;2765;7,22
338831;2720;6,08
338832;2701;5,60
338833;2707;5,75
338834;2723;6,16
338835;2690;5,32
338836;2703;5,65
338837;2677;4,99
338838;2714;5,93
338849;2689;5,30
338850;2755;6,97
338851;2752;6,89
338852;2721;6,11
338853;2704;5,68
338854;2711;5,86
338855;2704;5,68
338856;2700;5,58
338857;2698;5,53
338858;2686;5,22
338859;2801;8,13
338860;2706;5,73
338861;2711;5,86
338862;2690;5,32
338863;2681;5,10
338864;2726;6,23
338865;2697;5,50
338866;2701;5,60
338877;2729;6,31
338878;2677;4,99
338879;2759;7,07
338880;2679;5,05
338881;2688;5,27
338882;2701;5,60
338883;2685;5,20
338884;2681;5,10
338885;2683;5,15
338886;2736;6,49
338887;2704;5,68
338888;2686;5,22
338889;2688;5,27
338890;2679;5,05
338891;2719;6,06
338892;2726;6,23
338893;2678;5,02
338894;2677;4,99
338895;2693;5,40
338907;2723;6,16
338908;2687;5,25
338909;2704;5,68
338910;2736;6,49
338911;2723;6,16
338912;2734;6,44
338913;2755;6,97
338914;2685;5,20
338915;2779;7,58
338916;2681;5,10
338917;2749;6,82
338918;2759;7,07
338919;2752;6,89
338920;2755;6,97
338921;2704;5,68
338922;2756;6,99
338923;2717;6,01
338924;2701;5,60
338935;2685;5,20
338936;2719;6,06
338937;2685;5,20
338938;2686;5,22
338939;2685;5,20
338940;2740;6,59
338941;2727;6,26
338942;2695;5,45
338943;2729;6,31
338944;2687;5,25
338945;2785;7,73
338946;2682;5,12
338947;2690;5,32
338948;2694;5,43
338949;2729;6,31
338950;2797;8,03
338951;2678;5,02
338952;2683;5,15
338953;2723;6,16
338964;2687;5,25
338965;2749;6,82
338966;2677;4,99
338967;2704;5,68
338968;2745;6,72
338969;2741;6,61
338970;2688;5,27
338971;2688;5,27
338972;2711;5,86
338973;2687;5,25
338974;2678;5,02
338975;2693;5,40
338976;2697;5,50
338977;2679;5,05
338978;2709;5,80
338979;2679;5,05
338980;2691;5,35
338981;2693;5,40
338992;2688;5,27
338993;2688;5,27
338994;2688;5,27
338995;2688;5,27
338996;2694;5,43
338997;2693;5,40
338998;2681;5,10
338999;2704;5,68
339000;2726;6,23
339001;2683;5,15
339002;2704;5,68
339003;2682;5,12
339004;2683;5,15
339005;2695;5,45
339006;2711;5,86
339007;2706;5,73
339008;2691;5,35
339009;2685;5,20
339010;2682;5,12
339022;2677;4,99
339023;2672;4,87
339024;2681;5,10
339025;2690;5,32
339026;2671;4,84
339027;2675;4,94
339028;2671;4,84
339029;2661;4,59
339030;2687;5,25
339031;2673;4,89
339032;2671;4,84
339033;2688;5,27
339034;2661;4,59
339035;2673;4,89
339036;2667;4,74
339037;2679;5,05
339038;2666;4,72
339039;2662;4,62
339050;2737;6,51
339051;2733;6,41
339052;2667;4,74
339053;2746;6,74
339054;2672;4,87
339055;2733;6,41
339056;2688;5,27
339057;2686;5,22
339058;2723;6,16
339059;2678;5,02
339060;2738;6,54
339061;2669;4,79
339062;2779;7,58
339063;2736;6,49
339064;2661;4,59
339065;2723;6,16
339066;2697;5,50
339067;2665;4,69
339068;2736;6,49
339079;2708;5,78
339080;2672;4,87
339081;2681;5,10
339082;2661;4,59
339083;2711;5,86
339084;2672;4,87
339085;2768;7,30
339086;2669;4,79
339087;2667;4,74
339088;2708;5,78
339089;2750;6,84
339090;2704;5,68
339091;2688;5,27
339092;2692;5,37
339093;2677;4,99
339094;2686;5,22
339095;2726;6,23
339096;2688;5,27
339107;2671;4,84
339108;2673;4,89
339109;2661;4,59
339110;2670;4,82
339111;2692;5,37
339112;2704;5,68
339113;2685;5,20
339114;2660;4,56
339115;2670;4,82
339116;2693;5,40
339117;2730;6,34
339118;2661;4,59
339119;2663;4,64
339120;2681;5,10
339121;2667;4,74
339122;2675;4,94
339123;2669;4,79
339124;2691;5,35
339125;2684;5,17
339136;2667;4,74
339137;2736;6,49
339138;2661;4,59
339139;2702;5,63
339140;2690;5,32
339141;2704;5,68
339142;2686;5,22
339143;2665;4,69
339144;2691;5,35
339145;2702;5,63
339146;2759;7,07
339147;2729;6,31
339148;2685;5,20
339149;2679;5,05
339150;2733;6,41
339151;2662;4,62
339152;2671;4,84
339153;2677;4,99
339165;2693;5,40
339166;2694;5,43
339167;2672;4,87
339168;2738;6,54
339169;2667;4,74
339170;2705;5,70
339171;2703;5,65
339172;2697;5,50
339173;2658;4,51
339174;2665;4,69
339175;2683;5,15
339176;2689;5,30
339177;2695;5,45
339178;2658;4,51
339179;2683;5,15
339180;2646;4,21
339181;2675;4,94
339182;2695;5,45
339183;2682;5,12
339194;2725;6,21
339195;2655;4,44
339196;2659;4,54
339197;2736;6,49
339198;2645;4,19
339199;2645;4,19
339200;2672;4,87
339201;2661;4,59
339202;2656;4,46
339203;2685;5,20
339204;2651;4,34
339205;2710;5,83
339206;2663;4,64
339207;2654;4,41
339208;2642;4,11
339209;2657;4,49
339210;2656;4,46
339211;2688;5,27
339222;2651;4,34
339223;2689;5,30
339224;2641;4,08
339225;2640;4,06
339226;2647;4,24
339227;2658;4,51
339228;2640;4,06
339229;2640;4,06
339230;2645;4,19
339231;2711;5,86
339232;2641;4,08
339233;2639;4,03
339234;2640;4,06
339235;2642;4,11
339236;2657;4,49
339237;2640;4,06
339238;2647;4,24
339239;2641;4,08
339240;2653;4,39
339251;2741;6,61
339252;2636;3,96
339253;2634;3,91
339254;2732;6,39
339255;2642;4,11
339256;2733;6,41
339257;2640;4,06
339258;2637;3,98
339259;2694;5,43
339260;2672;4,87
339261;2656;4,46
339262;2646;4,21
339263;2646;4,21
339264;2717;6,01
339265;2627;3,73
339266;2629;3,78
339267;2635;3,93
339268;2637;3,98
339280;2646;4,21
339281;2729;6,31
339282;2704;5,68
339283;2641;4,08
339284;2655;4,44
339285;2640;4,06
339286;2639;4,03
339287;2646;4,21
339288;2663;4,64
339289;2647;4,24
339290;2637;3,98
339291;2630;3,81
339292;2629;3,78
339293;2710;5,83
339294;2663;4,64
339295;2679;5,05
339296;2753;6,92
339297;2661;4,59
339298;2627;3,73
339309;2643;4,13
339310;2713;5,91
339311;2639;4,03
339312;2634;3,91
339313;2713;5,91
339314;2689;5,30
339315;2666;4,72
339316;2615;3,43
339317;2622;3,60
339318;2672;4,87
339319;2638;4,01
339320;2678;5,02
339321;2627;3,73
339322;2672;4,87
339323;2663;4,64
339324;2617;3,48
339325;2640;4,06
339326;2639;4,03
339337;2627;3,73
339338;2635;3,93
339339;2704;5,68
339340;2625;3,68
339341;2666;4,72
339342;2623;3,63
339343;2629;3,78
339344;2625;3,68
339345;2624;3,65
339346;2674;4,92
339347;2624;3,65
339348;2634;3,91
339349;2650;4,31
339350;2630;3,81
339351;2632;3,86
339352;2659;4,54
339353;2639;4,03
339354;2637;3,98
339355;2623;3,63
339366;2615;3,43
339367;2623;3,63
339368;2625;3,68
339369;2640;4,06
339370;2610;3,30
339371;2695;5,45
339372;2631;3,83
339373;2704;5,68
339374;2655;4,44
339375;2691;5,35
339376;2620;3,55
339377;2608;3,25
339378;2640;4,06
339379;2596;2,95
339380;2603;3,12
339381;2624;3,65
339382;2656;4,46
339383;2624;3,65
339394;2610;3,30
339395;2608;3,25
339396;2603;3,12
339397;2665;4,69
339398;2618;3,50
339399;2627;3,73
339400;2596;2,95
339401;2598;3,00
339402;2679;5,05
339403;2608;3,25
339404;2602;3,10
339405;2599;3,02
339406;2605;3,17
339407;2625;3,68
339408;2615;3,43
339409;2597;2,97
339410;2604;3,15
339411;2635;3,93
339412;2604;3,15
339424;2646;4,21
339425;2634;3,91
339426;2614;3,40
339427;2711;5,86
339428;2727;6,26
339429;2711;5,86
339430;2625;3,68
339431;2641;4,08
339432;2624;3,65
339433;2624;3,65
339434;2645;4,19
339435;2635;3,93
339436;2698;5,53
339437;2674;4,92
339438;2640;4,06
339439;2626;3,70
339440;2637;3,98
339441;2618;3,50
339452;2608;3,25
339453;2631;3,83
339454;2595;2,92
339455;2634;3,91
339456;2605;3,17
339457;2629;3,78
339458;2591;2,82
339459;2593;2,87
339460;2589;2,77
339461;2608;3,25
339462;2587;2,72
339463;2703;5,65
339464;2591;2,82
339465;2630;3,81
339466;2626;3,70
339467;2701;5,60
339468;2593;2,87
339469;2625;3,68
339470;2602;3,10
339481;2708;5,78
339482;2597;2,97
339483;2608;3,25
339484;2602;3,10
339485;2599;3,02
339486;2693;5,40
339487;2605;3,17
339488;2613;3,38
339489;2608;3,25
339490;2601;3,07
339491;2639;4,03
339492;2659;4,54
339493;2619;3,53
339494;2638;4,01
339495;2608;3,25
339496;2609;3,27
339497;2677;4,99
339498;2640;4,06
339509;2610;3,30
339510;2689;5,30
339511;2615;3,43
339512;2608;3,25
339513;2625;3,68
339514;2649;4,29
339515;2605;3,17
339516;2588;2,74
339517;2606;3,20
339518;2607;3,22
339519;2627;3,73
339520;2588;2,74
339521;2615;3,43
339522;2586;2,69
339523;2627;3,73
339524;2621;3,58
339525;2559;2,01
339526;2559;2,01
339527;2593;2,87
339539;2692;5,37
339540;2559;2,01
339541;2581;2,57
339542;2656;4,46
339543;2559;2,01
339544;2681;5,10
339545;2641;4,08
339546;2559;2,01
339547;2593;2,87
339548;2641;4,08
339549;2559;2,01
339550;2582;2,59
339551;2604;3,15
339552;2599;3,02
339553;2677;4,99
339554;2587;2,72
339555;2634;3,91
339556;2593;2,87
339567;2593;2,87
339568;2617;3,48
339569;2665;4,69
339570;2672;4,87
339571;2605;3,17
339572;2672;4,87
339573;2691;5,35
339574;2591;2,82
339575;2707;5,75
339576;2622;3,60
339577;2587;2,72
339578;2631;3,83
339579;2602;3,10
339580;2624;3,65
339581;2605;3,17
339582;2598;3,00
339583;2599;3,02
339584;2603;3,12
339585;2675;4,94
339596;2621;3,58
339597;2585;2,67
339598;2587;2,72
339599;2559;2,01
339600;2583;2,62
339601;2559;2,01
339602;2673;4,89
339603;2609;3,27
339604;2559;2,01
339605;2646;4,21
339606;2597;2,97
339607;2608;3,25
339608;2609;3,27
339609;2559;2,01
339610;2559;2,01
339611;2658;4,51
339612;2620;3,55
339613;2606;3,20
339624;2634;3,91
339625;2613;3,38
339626;2608;3,25
339627;2585;2,67
339628;2622;3,60
339629;2662;4,62
339630;2589;2,77
339631;2583;2,62
339632;2608;3,25
339633;2633;3,88
339634;2633;3,88
339635;2595;2,92
339636;2602;3,10
339637;2611;3,32
339638;2658;4,51
339639;2655;4,44
339640;2618;3,50
339641;2605;3,17
339642;2603;3,12
339653;2608;3,25
339654;2614;3,40
339655;2613;3,38
339656;2623;3,63
339657;2685;5,20
339658;2661;4,59
339659;2620;3,55
339660;2627;3,73
339661;2679;5,05
339662;2630;3,81
339663;2631;3,83
339664;2612;3,35
339665;2643;4,13
339666;2609;3,27
339667;2597;2,97
339668;2603;3,12
339669;2614;3,40
339670;2626;3,70
339682;2586;2,69
339683;2617;3,48
339684;2591;2,82
339685;2608;3,25
339686;2598;3,00
339687;2611;3,32
339688;2618;3,50
339689;2593;2,87
339690;2591;2,82
339691;2592;2,84
339692;2559;2,01
339693;2594;2,89
339694;2585;2,67
339695;2614;3,40
339696;2596;2,95
339697;2587;2,72
339698;2590;2,79
339699;2592;2,84
339700;2593;2,87
339711;2734;6,44
339712;2591;2,82
339713;2615;3,43
339714;2604;3,15
339715;2645;4,19
339716;2596;2,95
339717;2609;3,27
339718;2630;3,81
339719;2659;4,54
339720;2608;3,25
339721;2738;6,54
339722;2688;5,27
339723;2629;3,78
339724;2618;3,50
339725;2643;4,13
339726;2619;3,53
339727;2615;3,43
339728;2674;4,92
339739;2656;4,46
339740;2613;3,38
339741;2634;3,91
339742;2639;4,03
339743;2629;3,78
339744;2672;4,87
339745;2610;3,30
339746;2604;3,15
339747;2615;3,43
339748;2621;3,58
339749;2606;3,20
339750;2618;3,50
339751;2637;3,98
339752;2608;3,25
339753;2609;3,27
339754;2675;4,94
339755;2640;4,06
339756;2603;3,12
339757;2661;4,59
339768;2689;5,30
339769;2597;2,97
339770;2592;2,84
339771;2653;4,39
339772;2608;3,25
339773;2623;3,63
339774;2597;2,97
339775;2605;3,17
339776;2606;3,20
339777;2599;3,02
339778;2607;3,22
339779;2617;3,48
339780;2685;5,20
339781;2607;3,22
339782;2601;3,07
339783;2615;3,43
339784;2672;4,87
339785;2687;5,25
339797;2626;3,70
339798;2624;3,65
339799;2621;3,58
339800;2633;3,88
339801;2624;3,65
339802;2633;3,88
339803;2640;4,06
339804;2622;3,60
339805;2630;3,81
339806;2637;3,98
339807;2647;4,24
339808;2682;5,12
339809;2624;3,65
339810;2634;3,91
339811;2631;3,83
339812;2617;3,48
339813;2624;3,65
339814;2608;3,25
339815;2639;4,03
339826;2716;5,98
339827;2603;3,12
339828;2599;3,02
339829;2597;2,97
339830;2638;4,01
339831;2597;2,97
339832;2647;4,24
339833;2629;3,78
339834;2671;4,84
339835;2630;3,81
339836;2719;6,06
339837;2640;4,06
339838;2597;2,97
339839;2635;3,93
339840;2602;3,10
339841;2701;5,60
339842;2637;3,98
339843;2608;3,25
339854;2646;4,21
339855;2685;5,20
339856;2618;3,50
339857;2673;4,89
339858;2633;3,88
339859;2631;3,83
339860;2635;3,93
339861;2619;3,53
339862;2623;3,63
339863;2626;3,70
339864;2628;3,76
339865;2626;3,70
339866;2627;3,73
339867;2647;4,24
339868;2640;4,06
339869;2696;5,48
339870;2647;4,24
339871;2637;3,98
339872;2659;4,54
339883;2634;3,91
339884;2685;5,20
339885;2624;3,65
339886;2624;3,65
339887;2609;3,27
339888;2618;3,50
339889;2627;3,73
339890;2705;5,70
339891;2672;4,87
339892;2615;3,43
339893;2613;3,38
339894;2613;3,38
339895;2624;3,65
339896;2656;4,46
339897;2620;3,55
339898;2603;3,12
339899;2592;2,84
339900;2615;3,43
339911;2639;4,03
339912;2625;3,68
339913;2581;2,57
339914;2720;6,08
339915;2618;3,50
339916;2587;2,72
339917;2593;2,87
339918;2611;3,32
339919;2608;3,25
339920;2665;4,69
339921;2646;4,21
339922;2597;2,97
339923;2605;3,17
339924;2622;3,60
339925;2597;2,97
339926;2598;3,00
339927;2615;3,43
339928;2647;4,24
339929;2619;3,53
339941;2624;3,65
339942;2626;3,70
339943;2631;3,83
339944;2638;4,01
339945;2649;4,29
339946;2631;3,83
339947;2629;3,78
339948;2640;4,06
339949;2629;3,78
339950;2653;4,39
339951;2627;3,73
339952;2627;3,73
339953;2634;3,91
339954;2627;3,73
339955;2654;4,41
339956;2637;3,98
339957;2639;4,03
339958;2662;4,62
339969;2639;4,03
339970;2662;4,62
339971;2626;3,70
339972;2674;4,92
339973;2610;3,30
339974;2614;3,40
339975;2743;6,66
339976;2665;4,69
339977;2619;3,53
339978;2637;3,98
339979;2627;3,73
339980;2640;4,06
339981;2608;3,25
339982;2624;3,65
339983;2605;3,17
339984;2635;3,93
339985;2599;3,02
339986;2608;3,25
339987;2608;3,25
339998;2645;4,19
339999;2656;4,46
340000;2611;3,32
340001;2609;3,27
340002;2647;4,24
340003;2608;3,25
340004;2672;4,87
340005;2714;5,93
340006;2621;3,58
340007;2683;5,15
340008;2621;3,58
340009;2720;6,08
340010;2624;3,65
340011;2693;5,40
340012;2631;3,83
340013;2640;4,06
340014;2639;4,03
340015;2666;4,72
340026;2648;4,26
340027;2640;4,06
340028;2736;6,49
340029;2688;5,27
340030;2695;5,45
340031;2651;4,34
340032;2752;6,89
340033;2639;4,03
340034;2640;4,06
340035;2640;4,06
340036;2685;5,20
340037;2651;4,34
340038;2629;3,78
340039;2631;3,83
340040;2647;4,24
340041;2625;3,68
340042;2630;3,81
340043;2665;4,69
340044;2640;4,06
340056;2661;4,59
340057;2633;3,88
340058;2594;2,89
340059;2645;4,19
340060;2688;5,27
340061;2604;3,15
340062;2643;4,13
340063;2605;3,17
340064;2596;2,95
340065;2594;2,89
340066;2607;3,22
340067;2629;3,78
340068;2608;3,25
340069;2650;4,31
340070;2602;3,10
340071;2622;3,60
340072;2614;3,40
340073;2669;4,79
340084;2643;4,13
340085;2643;4,13
340086;2671;4,84
340087;2659;4,54
340088;2629;3,78
340089;2672;4,87
340090;2655;4,44
340091;2649;4,29
340092;2638;4,01
340093;2662;4,62
340094;2672;4,87
340095;2665;4,69
340096;2641;4,08
340097;2659;4,54
340098;2647;4,24
340099;2639;4,03
340100;2640;4,06
340101;2694;5,43
340102;2645;4,19
340113;2623;3,63
340114;2658;4,51
340115;2620;3,55
340116;2624;3,65
340117;2622;3,60
340118;2615;3,43
340119;2617;3,48
340120;2637;3,98
340121;2650;4,31
340122;2646;4,21
340123;2667;4,74
340124;2608;3,25
340125;2617;3,48
340126;2656;4,46
340127;2619;3,53
340128;2619;3,53
340129;2609;3,27
340130;2614;3,40
340141;2629;3,78
340142;2641;4,08
340143;2619;3,53
340144;2625;3,68
340145;2683;5,15
340146;2671;4,84
340147;2653;4,39
340148;2624;3,65
340149;2634;3,91
340150;2622;3,60
340151;2624;3,65
340152;2660;4,56
340153;2618;3,50
340154;2645;4,19
340155;2630;3,81
340156;2618;3,50
340157;2622;3,60
340158;2626;3,70
340159;2633;3,88
340170;2635;3,93
340171;2640;4,06
340172;2633;3,88
340173;2643;4,13
340174;2662;4,62
340175;2623;3,63
340176;2623;3,63
340177;2703;5,65
340178;2640;4,06
340179;2674;4,92
340180;2627;3,73
340181;2643;4,13
340182;2675;4,94
340183;2645;4,19
340184;2659;4,54
340185;2746;6,74
340186;2643;4,13
340187;2699;5,55
340199;2637;3,98
340200;2642;4,11
340201;2643;4,13
340202;2640;4,06
340203;2643;4,13
340204;2643;4,13
340205;2635;3,93
340206;2639;4,03
340207;2638;4,01
340208;2638;4,01
340209;2640;4,06
340210;2643;4,13
340211;2643;4,13
340212;2643;4,13
340213;2646;4,21
340214;2646;4,21
340215;2646;4,21
340216;2640;4,06
340217;2645;4,19
340228;2722;6,13
340229;2738;6,54
340230;2628;3,76
340231;2672;4,87
340232;2651;4,34
340233;2624;3,65
340234;2755;6,97
340235;2630;3,81
340236;2633;3,88
340237;2650;4,31
340238;2757;7,02
340239;2647;4,24
340240;2645;4,19
340241;2625;3,68
340242;2637;3,98
340243;2624;3,65
340244;2639;4,03
340245;2624;3,65
340256;2670;4,82
340257;2614;3,40
340258;2615;3,43
340259;2623;3,63
340260;2622;3,60
340261;2640;4,06
340262;2615;3,43
340263;2659;4,54
340264;2619;3,53
340265;2647;4,24
340266;2658;4,51
340267;2624;3,65
340268;2697;5,50
340269;2625;3,68
340270;2627;3,73
340271;2627;3,73
340272;2641;4,08
340273;2624;3,65
340274;2642;4,11
340285;2642;4,11
340286;2649;4,29
340287;2639;4,03
340288;2656;4,46
340289;2630;3,81
340290;2631;3,83
340291;2637;3,98
340292;2643;4,13
340293;2671;4,84
340294;2631;3,83
340295;2642;4,11
340296;2686;5,22
340297;2670;4,82
340298;2660;4,56
340299;2631;3,83
340300;2634;3,91
340301;2651;4,34
340302;2640;4,06
340313;2633;3,88
340314;2637;3,98
340315;2662;4,62
340316;2631;3,83
340317;2659;4,54
340318;2636;3,96
340319;2704;5,68
340320;2653;4,39
340321;2618;3,50
340322;2638;4,01
340323;2687;5,25
340324;2654;4,41
340325;2710;5,83
340326;2737;6,51
340327;2624;3,65
340328;2627;3,73
340329;2624;3,65
340330;2626;3,70
340331;2638;4,01
340343;2672;4,87
340344;2645;4,19
340345;2680;5,07
340346;2651;4,34
340347;2670;4,82
340348;2683;5,15
340349;2658;4,51
340350;2647;4,24
340351;2655;4,44
340352;2663;4,64
340353;2647;4,24
340354;2669;4,79
340355;2656;4,46
340356;2678;5,02
340357;2663;4,64
340358;2655;4,44
340359;2668;4,77
340360;2640;4,06
340371;2635;3,93
340372;2624;3,65
340373;2624;3,65
340374;2640;4,06
340375;2646;4,21
340376;2619;3,53
340377;2642;4,11
340378;2622;3,60
340379;2618;3,50
340380;2657;4,49
340381;2645;4,19
340382;2651;4,34
340383;2622;3,60
340384;2609;3,27
340385;2671;4,84
340386;2611;3,32
340387;2619;3,53
340388;2615;3,43
340389;2610;3,30
340400;2617;3,48
340401;2634;3,91
340402;2630;3,81
340403;2658;4,51
340404;2618;3,50
340405;2699;5,55
340406;2633;3,88
340407;2651;4,34
340408;2625;3,68
340409;2630;3,81
340410;2637;3,98
340411;2645;4,19
340412;2635;3,93
340413;2630;3,81
340414;2651;4,34
340415;2637;3,98
340416;2672;4,87
340417;2640;4,06
340428;2678;5,02
340429;2707;5,75
340430;2646;4,21
340431;2677;4,99
340432;2697;5,50
340433;2719;6,06
340434;2644;4,16
340435;2675;4,94
340436;2681;5,10
340437;2627;3,73
340438;2624;3,65
340439;2697;5,50
340440;2624;3,65
340441;2646;4,21
340442;2673;4,89
340443;2735;6,46
340444;2645;4,19
340445;2613;3,38
340446;2643;4,13
340458;2651;4,34
340459;2650;4,31
340460;2642;4,11
340461;2647;4,24
340462;2640;4,06
340463;2644;4,16
340464;2640;4,06
340465;2640;4,06
340466;2649;4,29
340467;2650;4,31
340468;2639;4,03
340469;2649;4,29
340470;2653;4,39
340471;2642;4,11
340472;2645;4,19
340473;2658;4,51
340474;2651;4,34
340475;2651;4,34
340486;2640;4,06
340487;2668;4,77
340488;2707;5,75
340489;2743;6,66
340490;2672;4,87
340491;2673;4,89
340492;2631;3,83
340493;2625;3,68
340494;2640;4,06
340495;2672;4,87
340496;2739;6,56
340497;2667;4,74
340498;2623;3,63
340499;2630;3,81
340500;2674;4,92
340501;2656;4,46
340502;2640;4,06
340503;2619;3,53
340504;2647;4,24
340515;2624;3,65
340516;2615;3,43
340517;2617;3,48
340518;2656;4,46
340519;2646;4,21
340520;2727;6,26
340521;2640;4,06
340522;2624;3,65
340523;2640;4,06
340524;2629;3,78
340525;2621;3,58
340526;2624;3,65
340527;2619;3,53
340528;2711;5,86
340529;2621;3,58
340530;2625;3,68
340531;2623;3,63
340532;2723;6,16
340543;2642;4,11
340544;2626;3,70
340545;2623;3,63
340546;2649;4,29
340547;2624;3,65
340548;2636;3,96
340549;2623;3,63
340550;2619;3,53
340551;2676;4,97
340552;2637;3,98
340553;2641;4,08
340554;2626;3,70
340555;2623;3,63
340556;2640;4,06
340557;2622;3,60
340558;2678;5,02
340559;2610;3,30
340560;2621;3,58
340561;2628;3,76
340572;2745;6,72
340573;2610;3,30
340574;2617;3,48
340575;2635;3,93
340576;2623;3,63
340577;2638;4,01
340578;2623;3,63
340579;2634;3,91
340580;2611;3,32
340581;2676;4,97
340582;2619;3,53
340583;2623;3,63
340584;2635;3,93
340585;2656;4,46
340586;2626;3,70
340587;2633;3,88
340588;2657;4,49
340589;2646;4,21
340601;2617;3,48
340602;2638;4,01
340603;2609;3,27
340604;2612;3,35
340605;2609;3,27
340606;2639;4,03
340607;2640;4,06
340608;2637;3,98
340609;2625;3,68
340610;2624;3,65
340611;2640;4,06
340612;2621;3,58
340613;2618;3,50
340614;2611;3,32
340615;2640;4,06
340616;2623;3,63
340617;2625;3,68
340618;2624;3,65
340619;2619;3,53
340630;2622;3,60
340631;2703;5,65
340632;2647;4,24
340633;2624;3,65
340634;2623;3,63
340635;2623;3,63
340636;2646;4,21
340637;2650;4,31
340638;2657;4,49
340639;2621;3,58
340640;2643;4,13
340641;2621;3,58
340642;2630;3,81
340643;2670;4,82
340644;2703;5,65
340645;2637;3,98
340646;2681;5,10
340647;2622;3,60
340658;2621;3,58
340659;2694;5,43
340660;2637;3,98
340661;2626;3,70
340662;2658;4,51
340663;2634;3,91
340664;2747;6,77
340665;2629;3,78
340666;2621;3,58
340667;2652;4,36
340668;2614;3,40
340669;2644;4,16
340670;2655;4,44
340671;2621;3,58
340672;2633;3,88
340673;2657;4,49
340674;2639;4,03
340675;2626;3,70
340676;2640;4,06
340687;2658;4,51
340688;2624;3,65
340689;2639;4,03
340690;2635;3,93
340691;2629;3,78
340692;2643;4,13
340693;2671;4,84
340694;2704;5,68
340695;2640;4,06
340696;2640;4,06
340697;2634;3,91
340698;2689;5,30
340699;2626;3,70
340700;2650;4,31
340701;2623;3,63
340702;2618;3,50
340703;2667;4,74
340704;2635;3,93
340716;2618;3,50
340717;2624;3,65
340718;2624;3,65
340719;2618;3,50
340720;2624;3,65
340721;2625;3,68
340722;2625;3,68
340723;2626;3,70
340724;2627;3,73
340725;2623;3,63
340726;2625;3,68
340727;2627;3,73
340728;2626;3,70
340729;2627;3,73
340730;2625;3,68
340731;2637;3,98
340732;2626;3,70
340733;2625;3,68
340734;2624;3,65
340745;2751;6,87
340746;2642;4,11
340747;2643;4,13
340748;2678;5,02
340749;2642;4,11
340750;2757;7,02
340751;2689;5,30
340752;2642;4,11
340753;2672;4,87
340754;2682;5,12
340755;2769;7,32
340756;2654;4,41
340757;2657;4,49
340758;2691;5,35
340759;2643;4,13
340760;2645;4,19
340761;2657;4,49
340762;2721;6,11
340773;2673;4,89
340774;2653;4,39
340775;2718;6,03
340776;2683;5,15
340777;2674;4,92
340778;2704;5,68
340779;2703;5,65
340780;2659;4,54
340781;2653;4,39
340782;2675;4,94
340783;2671;4,84
340784;2659;4,54
340785;2671;4,84
340786;2718;6,03
340787;2669;4,79
340788;2703;5,65
340789;2668;4,77
340790;2688;5,27
340791;2670;4,82
340802;2688;5,27
340803;2683;5,15
340804;2697;5,50
340805;2711;5,86
340806;2699;5,55
340807;2729;6,31
340808;2702;5,63
340809;2704;5,68
340810;2741;6,61
340811;2710;5,83
340812;2710;5,83
340813;2707;5,75
340814;2803;8,18
340815;2723;6,16
340816;2713;5,91
340817;2827;8,79
340818;2722;6,13
340819;2800;8,11
340830;2772;7,40
340831;2796;8,01
340832;2736;6,49
340833;2746;6,74
340834;2765;7,22
340835;2799;8,08
340836;2779;7,58
340837;2753;6,92
340838;2743;6,66
340839;2773;7,42
340840;2757;7,02
340841;2753;6,92
340842;2752;6,89
340843;2753;6,92
340844;2768;7,30
340845;2862;9,68
340846;2753;6,92
340847;2752;6,89
340848;2785;7,73
340860;2765;7,22
340861;2759;7,07
340862;2767;7,27
340863;2771;7,37
340864;2771;7,37
340865;2769;7,32
340866;2790;7,85
340867;2786;7,75
340868;2766;7,25
340869;2773;7,42
340870;2771;7,37
340871;2799;8,08
340872;2781;7,63
340873;2778;7,55
340874;2791;7,88
340875;2778;7,55
340876;2781;7,63
340877;2832;8,92
340888;2787;7,78
340889;2860;9,63
340890;2785;7,73
340891;2893;10,46
340892;2778;7,55
340893;2801;8,13
340894;2783;7,68
340895;2786;7,75
340896;2791;7,88
340897;2791;7,88
340898;2809;8,34
340899;2800;8,11
340900;2837;9,04
340901;2778;7,55
340902;2816;8,51
340903;2809;8,34
340904;2786;7,75
340905;2774;7,45
340916;2775;7,47
340917;2787;7,78
340918;2823;8,69
340919;2806;8,26
340920;2785;7,73
340921;2793;7,93
340922;2799;8,08
340923;2813;8,44
340924;2794;7,96
340925;2789;7,83
340926;2768;7,30
340927;2785;7,73
340928;2795;7,98
340929;2827;8,79
340930;2775;7,47
340931;2791;7,88
340932;2779;7,58
340933;2774;7,45
340934;2905;10,76
340945;2827;8,79
340946;2793;7,93
340947;2799;8,08
340948;2771;7,37
340949;2819;8,59
340950;2846;9,27
340951;2779;7,58
340952;2794;7,96
340953;2800;8,11
340954;2836;9,02
340955;2785;7,73
340956;2777;7,53
340957;2773;7,42
340958;2807;8,28
340959;2765;7,22
340960;2768;7,30
340961;2768;7,30
340962;2786;7,75
340974;2741;6,61
340975;2752;6,89
340976;2753;6,92
340977;2736;6,49
340978;2734;6,44
340979;2750;6,84
340980;2736;6,49
340981;2801;8,13
340982;2741;6,61
340983;2754;6,94
340984;2749;6,82
340985;2751;6,87
340986;2760;7,10
340987;2746;6,74
340988;2750;6,84
340989;2749;6,82
340990;2768;7,30
340991;2752;6,89
340992;2761;7,12
341003;2767;7,27
341004;2740;6,59
341005;2849;9,35
341006;2763;7,17
341007;2784;7,70
341008;2800;8,11
341009;2742;6,64
341010;2782;7,65
341011;2778;7,55
341012;2847;9,30
341013;2775;7,47
341014;2747;6,77
341015;2775;7,47
341016;2830;8,87
341017;2747;6,77
341018;2752;6,89
341019;2757;7,02
341020;2779;7,58
341031;2738;6,54
341032;2867;9,80
341033;2867;9,80
341034;2752;6,89
341035;2859;9,60
341036;2761;7,12
341037;2789;7,83
341038;2765;7,22
341039;2751;6,87
341040;2751;6,87
341041;2794;7,96
341042;2768;7,30
341043;2752;6,89
341044;2770;7,35
341045;2736;6,49
341046;2792;7,90
341047;2761;7,12
341048;2784;7,70
341049;2751;6,87
341060;2773;7,42
341061;2857;9,55
341062;2774;7,45
341063;2730;6,34
341064;2791;7,88
341065;2736;6,49
341066;2747;6,77
341067;2747;6,77
341068;2766;7,25
341069;2794;7,96
341070;2761;7,12
341071;2773;7,42
341072;2747;6,77
341073;2741;6,61
341074;2803;8,18
341075;2762;7,15
341076;2762;7,15
341077;2737;6,51
341088;2736;6,49
341089;2719;6,06
341090;2733;6,41
341091;2738;6,54
341092;2723;6,16
341093;2723;6,16
341094;2705;5,70
341095;2716;5,98
341096;2811;8,39
341097;2718;6,03
341098;2809;8,34
341099;2734;6,44
341100;2795;7,98
341101;2727;6,26
341102;2723;6,16
341103;2733;6,41
341104;2718;6,03
341105;2768;7,30
341106;2727;6,26
341118;2743;6,66
341119;2826;8,77
341120;2750;6,84
341121;2751;6,87
341122;2750;6,84
341123;2751;6,87
341124;2736;6,49
341125;2747;6,77
341126;2755;6,97
341127;2800;8,11
341128;2743;6,66
341129;2748;6,79
341130;2749;6,82
341131;2740;6,59
341132;2737;6,51
341133;2736;6,49
341134;2734;6,44
341135;2735;6,46
341146;2713;5,91
341147;2720;6,08
341148;2747;6,77
341149;2738;6,54
341150;2706;5,73
341151;2714;5,93
341152;2747;6,77
341153;2784;7,70
341154;2754;6,94
341155;2749;6,82
341156;2727;6,26
341157;2704;5,68
341158;2777;7,53
341159;2715;5,96
341160;2730;6,34
341161;2736;6,49
341162;2738;6,54
341163;2799;8,08
341164;2746;6,74
341175;2705;5,70
341176;2695;5,45
341177;2778;7,55
341178;2725;6,21
341179;2735;6,46
341180;2705;5,70
341181;2710;5,83
341182;2714;5,93
341183;2719;6,06
341184;2743;6,66
341185;2727;6,26
341186;2763;7,17
341187;2734;6,44
341188;2723;6,16
341189;2783;7,68
341190;2710;5,83
341191;2723;6,16
341192;2735;6,46
341203;2720;6,08
341204;2739;6,56
341205;2726;6,23
341206;2727;6,26
341207;2833;8,94
341208;2727;6,26
341209;2795;7,98
341210;2800;8,11
341211;2747;6,77
341212;2703;5,65
341213;2732;6,39
341214;2711;5,86
341215;2722;6,13
341216;2714;5,93
341217;2746;6,74
341218;2742;6,64
341219;2818;8,56
341220;2771;7,37
341221;2714;5,93
341233;2725;6,21
341234;2787;7,78
341235;2710;5,83
341236;2759;7,07
341237;2706;5,73
341238;2695;5,45
341239;2699;5,55
341240;2709;5,80
341241;2751;6,87
341242;2743;6,66
341243;2738;6,54
341244;2693;5,40
341245;2695;5,45
341246;2777;7,53
341247;2705;5,70
341248;2775;7,47
341249;2705;5,70
341250;2698;5,53
341261;2718;6,03
341262;2720;6,08
341263;2743;6,66
341264;2726;6,23
341265;2768;7,30
341266;2727;6,26
341267;2765;7,22
341268;2720;6,08
341269;2732;6,39
341270;2733;6,41
341271;2726;6,23
341272;2725;6,21
341273;2723;6,16
341274;2756;6,99
341275;2734;6,44
341276;2719;6,06
341277;2714;5,93
341278;2717;6,01
341279;2715;5,96
341290;2703;5,65
341291;2696;5,48
341292;2689;5,30
341293;2688;5,27
341294;2688;5,27
341295;2704;5,68
341296;2709;5,80
341297;2725;6,21
341298;2691;5,35
341299;2704;5,68
341300;2764;7,20
341301;2679;5,05
341302;2681;5,10
341303;2779;7,58
341304;2752;6,89
341305;2683;5,15
341306;2687;5,25
341307;2787;7,78
341318;2704;5,68
341319;2705;5,70
341320;2736;6,49
341321;2708;5,78
341322;2841;9,14
341323;2719;6,06
341324;2733;6,41
341325;2767;7,27
341326;2704;5,68
341327;2736;6,49
341328;2733;6,41
341329;2791;7,88
341330;2729;6,31
341331;2794;7,96
341332;2725;6,21
341333;2743;6,66
341334;2786;7,75
341335;2765;7,22
341336;2778;7,55
341347;2786;7,75
341348;2704;5,68
341349;2718;6,03
341350;2714;5,93
341351;2704;5,68
341352;2687;5,25
341353;2698;5,53
341354;2762;7,15
341355;2776;7,50
341356;2711;5,86
341357;2784;7,70
341358;2691;5,35
341359;2701;5,60
341360;2779;7,58
341361;2714;5,93
341362;2703;5,65
341363;2706;5,73
341364;2693;5,40
341376;2761;7,12
341377;2767;7,27
341378;2710;5,83
341379;2752;6,89
341380;2757;7,02
341381;2687;5,25
341382;2699;5,55
341383;2694;5,43
341384;2748;6,79
341385;2755;6,97
341386;2754;6,94
341387;2750;6,84
341388;2772;7,40
341389;2768;7,30
341390;2746;6,74
341391;2751;6,87
341392;2768;7,30
341393;2747;6,77
341394;2749;6,82
341405;2743;6,66
341406;2762;7,15
341407;2759;7,07
341408;2783;7,68
341409;2722;6,13
341410;2731;6,36
341411;2713;5,91
341412;2729;6,31
341413;2734;6,44
341414;2767;7,27
341415;2718;6,03
341416;2704;5,68
341417;2704;5,68
341418;2711;5,86
341419;2704;5,68
341420;2704;5,68
341421;2704;5,68
341422;2725;6,21
341433;2796;8,01
341434;2699;5,55
341435;2701;5,60
341436;2704;5,68
341437;2725;6,21
341438;2704;5,68
341439;2704;5,68
341440;2729;6,31
341441;2751;6,87
341442;2703;5,65
341443;2715;5,96
341444;2705;5,70
341445;2693;5,40
341446;2725;6,21
341447;2705;5,70
341448;2729;6,31
341449;2709;5,80
341450;2753;6,92
341451;2703;5,65
341462;2720;6,08
341463;2752;6,89
341464;2707;5,75
341465;2709;5,80
341466;2718;6,03
341467;2720;6,08
341468;2706;5,73
341469;2704;5,68
341470;2734;6,44
341471;2720;6,08
341472;2716;5,98
341473;2715;5,96
341474;2703;5,65
341475;2731;6,36
341476;2738;6,54
341477;2774;7,45
341478;2704;5,68
341479;2743;6,66
341491;2675;4,94
341492;2755;6,97
341493;2706;5,73
341494;2726;6,23
341495;2699;5,55
341496;2686;5,22
341497;2704;5,68
341498;2743;6,66
341499;2731;6,36
341500;2688;5,27
341501;2703;5,65
341502;2691;5,35
341503;2691;5,35
341504;2780;7,60
341505;2736;6,49
341506;2693;5,40
341507;2700;5,58
341508;2687;5,25
341509;2682;5,12
341520;2700;5,58
341521;2687;5,25
341522;2704;5,68
341523;2703;5,65
341524;2725;6,21
341525;2701;5,60
341526;2687;5,25
341527;2737;6,51
341528;2697;5,50
341529;2721;6,11
341530;2707;5,75
341531;2701;5,60
341532;2713;5,91
341533;2718;6,03
341534;2731;6,36
341535;2707;5,75
341536;2707;5,75
341537;2713;5,91
341548;2803;8,18
341549;2691;5,35
341550;2694;5,43
341551;2701;5,60
341552;2719;6,06
341553;2706;5,73
341554;2715;5,96
341555;2704;5,68
341556;2687;5,25
341557;2698;5,53
341558;2701;5,60
341559;2698;5,53
341560;2682;5,12
341561;2683;5,15
341562;2675;4,94
341563;2687;5,25
341564;2704;5,68
341565;2698;5,53
341566;2670;4,82
341577;2726;6,23
341578;2727;6,26
341579;2693;5,40
341580;2694;5,43
341581;2704;5,68
341582;2693;5,40
341583;2697;5,50
341584;2699;5,55
341585;2699;5,55
341586;2726;6,23
341587;2786;7,75
341588;2717;6,01
341589;2702;5,63
341590;2851;9,40
341591;2786;7,75
341592;2704;5,68
341593;2710;5,83
341594;2718;6,03
341605;2690;5,32
341606;2706;5,73
341607;2735;6,46
341608;2709;5,80
341609;2702;5,63
341610;2791;7,88
341611;2722;6,13
341612;2722;6,13
341613;2692;5,37
341614;2695;5,45
341615;2703;5,65
341616;2688;5,27
341617;2704;5,68
341618;2737;6,51
341619;2719;6,06
341620;2695;5,45
341621;2691;5,35
341622;2691;5,35
341623;2686;5,22
341635;2696;5,48
341636;2687;5,25
341637;2687;5,25
341638;2683;5,15
341639;2685;5,20
341640;2688;5,27
341641;2730;6,34
341642;2686;5,22
341643;2702;5,63
341644;2683;5,15
341645;2689;5,30
341646;2687;5,25
341647;2688;5,27
341648;2685;5,20
341649;2674;4,92
341650;2681;5,10
341651;2685;5,20
341652;2679;5,05
341663;2685;5,20
341664;2695;5,45
341665;2699;5,55
341666;2683;5,15
341667;2713;5,91
341668;2691;5,35
341669;2687;5,25
341670;2717;6,01
341671;2685;5,20
341672;2687;5,25
341673;2686;5,22
341674;2677;4,99
341675;2715;5,96
341676;2682;5,12
341677;2723;6,16
341678;2687;5,25
341679;2679;5,05
341680;2678;5,02
341681;2687;5,25
341692;2698;5,53
341693;2688;5,27
341694;2711;5,86
341695;2688;5,27
341696;2742;6,64
341697;2755;6,97
341698;2689;5,30
341699;2795;7,98
341700;2681;5,10
341701;2694;5,43
341702;2697;5,50
341703;2689;5,30
341704;2693;5,40
341705;2688;5,27
341706;2777;7,53
341707;2789;7,83
341708;2694;5,43
341709;2693;5,40
341720;2694;5,43
341721;2690;5,32
341722;2705;5,70
341723;2705;5,70
341724;2700;5,58
341725;2736;6,49
341726;2697;5,50
341727;2717;6,01
341728;2704;5,68
341729;2689;5,30
341730;2690;5,32
341731;2700;5,58
341732;2694;5,43
341733;2692;5,37
341734;2739;6,56
341735;2693;5,40
341736;2713;5,91
341737;2706;5,73
341738;2694;5,43
341750;2694;5,43
341751;2695;5,45
341752;2695;5,45
341753;2703;5,65
341754;2711;5,86
341755;2750;6,84
341756;2702;5,63
341757;2699;5,55
341758;2703;5,65
341759;2768;7,30
341760;2704;5,68
341761;2709;5,80
341762;2697;5,50
341763;2714;5,93
341764;2767;7,27
341765;2726;6,23
341766;2707;5,75
341767;2698;5,53
341778;2791;7,88
341779;2706;5,73
341780;2711;5,86
341781;2775;7,47
341782;2797;8,03
341783;2799;8,08
341784;2704;5,68
341785;2765;7,22
341786;2685;5,20
341787;2695;5,45
341788;2800;8,11
341789;2781;7,63
341790;2769;7,32
341791;2758;7,04
341792;2704;5,68
341793;2768;7,30
341794;2701;5,60
341795;2689;5,30
341796;2727;6,26
341807;2709;5,80
341808;2702;5,63
341809;2777;7,53
341810;2753;6,92
341811;2705;5,70
341812;2771;7,37
341813;2727;6,26
341814;2689;5,30
341815;2719;6,06
341816;2706;5,73
341817;2704;5,68
341818;2798;8,06
341819;2692;5,37
341820;2705;5,70
341821;2714;5,93
341822;2698;5,53
341823;2757;7,02
341824;2729;6,31
341835;2686;5,22
341836;2687;5,25
341837;2702;5,63
341838;2675;4,94
341839;2679;5,05
341840;2672;4,87
341841;2693;5,40
341842;2722;6,13
341843;2688;5,27
341844;2689;5,30
341845;2732;6,39
341846;2717;6,01
341847;2688;5,27
341848;2716;5,98
341849;2684;5,17
341850;2690;5,32
341851;2685;5,20
341852;2706;5,73
341853;2677;4,99
341864;2687;5,25
341865;2683;5,15
341866;2670;4,82
341867;2672;4,87
341868;2682;5,12
341869;2714;5,93
341870;2665;4,69
341871;2672;4,87
341872;2677;4,99
341873;2671;4,84
341874;2702;5,63
341875;2704;5,68
341876;2673;4,89
341877;2673;4,89
341878;2698;5,53
341879;2687;5,25
341880;2662;4,62
341881;2682;5,12
341893;2683;5,15
341894;2682;5,12
341895;2685;5,20
341896;2720;6,08
341897;2689;5,30
341898;2721;6,11
341899;2685;5,20
341900;2695;5,45
341901;2725;6,21
341902;2672;4,87
341903;2687;5,25
341904;2674;4,92
341905;2673;4,89
341906;2679;5,05
341907;2672;4,87
341908;2705;5,70
341909;2677;4,99
341910;2677;4,99
341911;2678;5,02
341922;2684;5,17
341923;2657;4,49
341924;2658;4,51
341925;2655;4,44
341926;2686;5,22
341927;2691;5,35
341928;2660;4,56
341929;2661;4,59
341930;2668;4,77
341931;2688;5,27
341932;2708;5,78
341933;2669;4,79
341934;2675;4,94
341935;2677;4,99
341936;2768;7,30
341937;2716;5,98
341938;2646;4,21
341939;2662;4,62
341950;2657;4,49
341951;2685;5,20
341952;2675;4,94
341953;2661;4,59
341954;2650;4,31
341955;2642;4,11
341956;2645;4,19
341957;2647;4,24
341958;2659;4,54
341959;2678;5,02
341960;2644;4,16
341961;2719;6,06
341962;2750;6,84
341963;2646;4,21
341964;2675;4,94
341965;2647;4,24
341966;2640;4,06
341967;2687;5,25
341968;2720;6,08
341979;2641;4,08
341980;2640;4,06
341981;2647;4,24
341982;2672;4,87
341983;2643;4,13
341984;2657;4,49
341985;2718;6,03
341986;2659;4,54
341987;2642;4,11
341988;2672;4,87
341989;2655;4,44
341990;2634;3,91
341991;2650;4,31
341992;2705;5,70
341993;2693;5,40
341994;2656;4,46
341995;2640;4,06
341996;2739;6,56
342008;2649;4,29
342009;2678;5,02
342010;2633;3,88
342011;2644;4,16
342012;2654;4,41
342013;2635;3,93
342014;2634;3,91
342015;2687;5,25
342016;2695;5,45
342017;2622;3,60
342018;2635;3,93
342019;2642;4,11
342020;2646;4,21
342021;2625;3,68
342022;2640;4,06
342023;2636;3,96
342024;2672;4,87
342025;2662;4,62
342026;2622;3,60
342037;2620;3,55
342038;2619;3,53
342039;2650;4,31
342040;2617;3,48
342041;2617;3,48
342042;2615;3,43
342043;2652;4,36
342044;2612;3,35
342045;2619;3,53
342046;2640;4,06
342047;2625;3,68
342048;2619;3,53
342049;2608;3,25
342050;2627;3,73
342051;2623;3,63
342052;2623;3,63
342053;2616;3,45
342054;2625;3,68
342065;2637;3,98
342066;2655;4,44
342067;2613;3,38
342068;2608;3,25
342069;2615;3,43
342070;2625;3,68
342071;2651;4,34
342072;2622;3,60
342073;2625;3,68
342074;2611;3,32
342075;2608;3,25
342076;2624;3,65
342077;2626;3,70
342078;2696;5,48
342079;2608;3,25
342080;2623;3,63
342081;2609;3,27
342082;2607;3,22
342083;2651;4,34
342094;2625;3,68
342095;2693;5,40
342096;2703;5,65
342097;2607;3,22
342098;2629;3,78
342099;2598;3,00
342100;2609;3,27
342101;2602;3,10
342102;2621;3,58
342103;2674;4,92
342104;2637;3,98
342105;2592;2,84
342106;2607;3,22
342107;2631;3,83
342108;2618;3,50
342109;2605;3,17
342110;2608;3,25
342111;2603;3,12
342122;2603;3,12
342123;2682;5,12
342124;2675;4,94
342125;2607;3,22
342126;2611;3,32
342127;2610;3,30
342128;2611;3,32
342129;2659;4,54
342130;2608;3,25
342131;2642;4,11
342132;2612;3,35
342133;2667;4,74
342134;2701;5,60
342135;2627;3,73
342136;2615;3,43
342137;2624;3,65
342138;2615;3,43
342139;2689;5,30
342140;2635;3,93
342152;2672;4,87
342153;2674;4,92
342154;2679;5,05
342155;2670;4,82
342156;2688;5,27
342157;2665;4,69
342158;2670;4,82
342159;2693;5,40
342160;2681;5,10
342161;2673;4,89
342162;2672;4,87
342163;2674;4,92
342164;2676;4,97
342165;2667;4,74
342166;2672;4,87
342167;2645;4,19
342168;2650;4,31
342169;2652;4,36
342180;2588;2,74
342181;2607;3,22
342182;2612;3,35
342183;2605;3,17
342184;2645;4,19
342185;2595;2,92
342186;2623;3,63
342187;2688;5,27
342188;2593;2,87
342189;2591;2,82
342190;2606;3,20
342191;2590;2,79
342192;2671;4,84
342193;2598;3,00
342194;2606;3,20
342195;2601;3,07
342196;2615;3,43
342197;2665;4,69
342198;2603;3,12
342209;2610;3,30
342210;2605;3,17
342211;2626;3,70
342212;2670;4,82
342213;2635;3,93
342214;2672;4,87
342215;2722;6,13
342216;2658;4,51
342217;2639;4,03
342218;2614;3,40
342219;2640;4,06
342220;2598;3,00
342221;2606;3,20
342222;2640;4,06
342223;2650;4,31
342224;2605;3,17
342225;2603;3,12
342226;2608;3,25
342237;2585;2,67
342238;2591;2,82
342239;2597;2,97
342240;2640;4,06
342241;2609;3,27
342242;2595;2,92
342243;2581;2,57
342244;2608;3,25
342245;2588;2,74
342246;2559;2,01
342247;2599;3,02
342248;2592;2,84
342249;2637;3,98
342250;2590;2,79
342251;2559;2,01
342252;2587;2,72
342253;2559;2,01
342254;2638;4,01
342255;2559;2,01
342267;2659;4,54
342268;2587;2,72
342269;2609;3,27
342270;2668;4,77
342271;2598;3,00
342272;2594;2,89
342273;2602;3,10
342274;2596;2,95
342275;2603;3,12
342276;2635;3,93
342277;2593;2,87
342278;2592;2,84
342279;2593;2,87
342280;2610;3,30
342281;2606;3,20
342282;2595;2,92
342283;2590;2,79
342284;2605;3,17
342295;2607;3,22
342296;2607;3,22
342297;2599;3,02
342298;2610;3,30
342299;2647;4,24
342300;2601;3,07
342301;2605;3,17
342302;2589;2,77
342303;2598;3,00
342304;2634;3,91
342305;2600;3,05
342306;2598;3,00
342307;2659;4,54
342308;2608;3,25
342309;2589;2,77
342310;2599;3,02
342311;2607;3,22
342312;2652;4,36
342313;2597;2,97
342324;2583;2,62
342325;2592;2,84
342326;2731;6,36
342327;2591;2,82
342328;2611;3,32
342329;2590;2,79
342330;2587;2,72
342331;2667;4,74
342332;2582;2,59
342333;2590;2,79
342334;2623;3,63
342335;2621;3,58
342336;2593;2,87
342337;2613;3,38
342338;2627;3,73
342339;2602;3,10
342340;2606;3,20
342341;2607;3,22
342352;2619;3,53
342353;2625;3,68
342354;2641;4,08
342355;2678;5,02
342356;2615;3,43
342357;2610;3,30
342358;2639;4,03
342359;2622;3,60
342360;2610;3,30
342361;2667;4,74
342362;2611;3,32
342363;2639;4,03
342364;2617;3,48
342365;2658;4,51
342366;2611;3,32
342367;2635;3,93
342368;2627;3,73
342369;2614;3,40
342370;2607;3,22
342381;2602;3,10
342382;2635;3,93
342383;2614;3,40
342384;2612;3,35
342385;2605;3,17
342386;2625;3,68
342387;2622;3,60
342388;2605;3,17
342389;2609;3,27
342390;2613;3,38
342391;2635;3,93
342392;2593;2,87
342393;2619;3,53
342394;2604;3,15
342395;2597;2,97
342396;2592;2,84
342397;2594;2,89
342398;2609;3,27
342410;2592;2,84
342411;2594;2,89
342412;2588;2,74
342413;2559;2,01
342414;2592;2,84
342415;2592;2,84
342416;2592;2,84
342417;2591;2,82
342418;2587;2,72
342419;2599;3,02
342420;2594;2,89
342421;2595;2,92
342422;2594;2,89
342423;2599;3,02
342424;2603;3,12
342425;2605;3,17
342426;2604;3,15
342427;2605;3,17
342428;2607;3,22
342439;2633;3,88
342440;2613;3,38
342441;2606;3,20
342442;2718;6,03
342443;2659;4,54
342444;2615;3,43
342445;2661;4,59
342446;2722;6,13
342447;2618;3,50
342448;2637;3,98
342449;2610;3,30
342450;2607;3,22
342451;2623;3,63
342452;2741;6,61
342453;2672;4,87
342454;2607;3,22
342455;2637;3,98
342456;2678;5,02
342467;2614;3,40
342468;2606;3,20
342469;2646;4,21
342470;2603;3,12
342471;2661;4,59
342472;2603;3,12
342473;2628;3,76
342474;2617;3,48
342475;2639;4,03
342476;2603;3,12
342477;2601;3,07
342478;2619;3,53
342479;2598;3,00
342480;2598;3,00
342481;2638;4,01
342482;2637;3,98
342483;2607;3,22
342484;2608;3,25
342485;2624;3,65
342496;2609;3,27
342497;2628;3,76
342498;2611;3,32
342499;2612;3,35
342500;2635;3,93
342501;2624;3,65
342502;2629;3,78
342503;2688;5,27
342504;2617;3,48
342505;2674;4,92
342506;2620;3,55
342507;2634;3,91
342508;2623;3,63
342509;2671;4,84
342510;2656;4,46
342511;2742;6,64
342512;2629;3,78
342513;2640;4,06
342525;2611;3,32
342526;2613;3,38
342527;2714;5,93
342528;2624;3,65
342529;2672;4,87
342530;2608;3,25
342531;2619;3,53
342532;2624;3,65
342533;2679;5,05
342534;2726;6,23
342535;2695;5,45
342536;2640;4,06
342537;2658;4,51
342538;2613;3,38
342539;2622;3,60
342540;2624;3,65
342541;2636;3,96
342542;2610;3,30
342543;2640;4,06
342554;2690;5,32
342555;2694;5,43
342556;2667;4,74
342557;2703;5,65
342558;2710;5,83
342559;2608;3,25
342560;2702;5,63
342561;2615;3,43
342562;2704;5,68
342563;2672;4,87
342564;2705;5,70
342565;2698;5,53
342566;2704;5,68
342567;2706;5,73
342568;2637;3,98
342569;2624;3,65
342570;2704;5,68
342571;2723;6,16
342582;2628;3,76
342583;2624;3,65
342584;2635;3,93
342585;2626;3,70
342586;2624;3,65
342587;2653;4,39
342588;2690;5,32
342589;2642;4,11
342590;2669;4,79
342591;2624;3,65
342592;2638;4,01
342593;2725;6,21
342594;2766;7,25
342595;2640;4,06
342596;2624;3,65
342597;2627;3,73
342598;2630;3,81
342599;2689;5,30
342600;2622;3,60
342611;2621;3,58
342612;2635;3,93
342613;2612;3,35
342614;2642;4,11
342615;2631;3,83
342616;2640;4,06
342617;2611;3,32
342618;2608;3,25
342619;2637;3,98
342620;2608;3,25
342621;2674;4,92
342622;2631;3,83
342623;2609;3,27
342624;2629;3,78
342625;2656;4,46
342626;2672;4,87
342627;2619;3,53
342628;2678;5,02
342639;2619;3,53
342640;2608;3,25
342641;2624;3,65
342642;2609;3,27
342643;2608;3,25
342644;2626;3,70
342645;2607;3,22
342646;2623;3,63
342647;2621;3,58
342648;2607;3,22
342649;2618;3,50
342650;2625;3,68
342651;2611;3,32
342652;2611;3,32
342653;2611;3,32
342654;2608;3,25
342655;2633;3,88
342656;2617;3,48
342657;2676;4,97
342669;2623;3,63
342670;2627;3,73
342671;2625;3,68
342672;2633;3,88
342673;2629;3,78
342674;2628;3,76
342675;2631;3,83
342676;2622;3,60
342677;2626;3,70
342678;2627;3,73
342679;2626;3,70
342680;2629;3,78
342681;2626;3,70
342682;2631;3,83
342683;2624;3,65
342684;2623;3,63
342685;2615;3,43
342686;2609;3,27
342697;2711;5,86
342698;2630;3,81
342699;2647;4,24
342700;2607;3,22
342701;2605;3,17
342702;2608;3,25
342703;2611;3,32
342704;2628;3,76
342705;2690;5,32
342706;2608;3,25
342707;2607;3,22
342708;2603;3,12
342709;2654;4,41
342710;2606;3,20
342711;2637;3,98
342712;2611;3,32
342713;2605;3,17
342714;2615;3,43
342715;2614;3,40
342726;2631;3,83
342727;2640;4,06
342728;2627;3,73
342729;2633;3,88
342730;2672;4,87
342731;2624;3,65
342732;2631;3,83
342733;2635;3,93
342734;2644;4,16
342735;2732;6,39
342736;2687;5,25
342737;2679;5,05
342738;2640;4,06
342739;2643;4,13
342740;2675;4,94
342741;2654;4,41
342742;2688;5,27
342743;2704;5,68
342754;2624;3,65
342755;2638;4,01
342756;2677;4,99
342757;2751;6,87
342758;2646;4,21
342759;2704;5,68
342760;2672;4,87
342761;2636;3,96
342762;2635;3,93
342763;2604;3,15
342764;2609;3,27
342765;2706;5,73
342766;2608;3,25
342767;2662;4,62
342768;2614;3,40
342769;2622;3,60
342770;2607;3,22
342771;2612;3,35
342772;2613;3,38
342783;2601;3,07
342784;2607;3,22
342785;2609;3,27
342786;2629;3,78
342787;2611;3,32
342788;2645;4,19
342789;2608;3,25
342790;2621;3,58
342791;2624;3,65
342792;2635;3,93
342793;2686;5,22
342794;2689;5,30
342795;2640;4,06
342796;2630;3,81
342797;2713;5,91
342798;2641;4,08
342799;2625;3,68
342800;2640;4,06
342812;2691;5,35
342813;2662;4,62
342814;2741;6,61
342815;2639;4,03
342816;2703;5,65
342817;2656;4,46
342818;2672;4,87
342819;2652;4,36
342820;2665;4,69
342821;2641;4,08
342822;2634;3,91
342823;2634;3,91
342824;2681;5,10
342825;2659;4,54
342826;2691;5,35
342827;2637;3,98
342828;2685;5,20
342829;2630;3,81
342830;2618;3,50
342841;2619;3,53
342842;2669;4,79
342843;2609;3,27
342844;2618;3,50
342845;2608;3,25
342846;2624;3,65
342847;2608;3,25
342848;2642;4,11
342849;2635;3,93
342850;2623;3,63
342851;2613;3,38
342852;2615;3,43
342853;2649;4,29
342854;2640;4,06
342855;2630;3,81
342856;2688;5,27
342857;2618;3,50
342858;2621;3,58
342869;2629;3,78
342870;2638;4,01
342871;2705;5,70
342872;2655;4,44
342873;2634;3,91
342874;2630;3,81
342875;2672;4,87
342876;2657;4,49
342877;2636;3,96
342878;2704;5,68
342879;2687;5,25
342880;2639;4,03
342881;2656;4,46
342882;2626;3,70
342883;2631;3,83
342884;2629;3,78
342885;2666;4,72
342886;2626;3,70
342887;2654;4,41
342898;2661;4,59
342899;2608;3,25
342900;2638;4,01
342901;2619;3,53
342902;2623;3,63
342903;2628;3,76
342904;2645;4,19
342905;2605;3,17
342906;2622;3,60
342907;2640;4,06
342908;2615;3,43
342909;2608;3,25
342910;2615;3,43
342911;2617;3,48
342912;2640;4,06
342913;2621;3,58
342914;2637;3,98
342915;2609;3,27
342927;2617;3,48
342928;2618;3,50
342929;2620;3,55
342930;2622;3,60
342931;2624;3,65
342932;2623;3,63
342933;2619;3,53
342934;2626;3,70
342935;2623;3,63
342936;2624;3,65
342937;2615;3,43
342938;2624;3,65
342939;2627;3,73
342940;2621;3,58
342941;2621;3,58
342942;2623;3,63
342943;2625;3,68
342944;2624;3,65
342945;2621;3,58
342956;2619;3,53
342957;2627;3,73
342958;2625;3,68
342959;2628;3,76
342960;2654;4,41
342961;2640;4,06
342962;2627;3,73
342963;2621;3,58
342964;2643;4,13
342965;2644;4,16
342966;2618;3,50
342967;2619;3,53
342968;2619;3,53
342969;2635;3,93
342970;2668;4,77
342971;2615;3,43
342972;2628;3,76
342973;2618;3,50
342984;2622;3,60
342985;2621;3,58
342986;2643;4,13
342987;2631;3,83
342988;2614;3,40
342989;2629;3,78
342990;2637;3,98
342991;2623;3,63
342992;2713;5,91
342993;2625;3,68
342994;2736;6,49
342995;2634;3,91
342996;2631;3,83
342997;2622;3,60
342998;2675;4,94
342999;2627;3,73
343000;2736;6,49
343001;2642;4,11
343002;2630;3,81
343013;2611;3,32
343014;2611;3,32
343015;2651;4,34
343016;2647;4,24
343017;2640;4,06
343018;2637;3,98
343019;2641;4,08
343020;2619;3,53
343021;2643;4,13
343022;2615;3,43
343023;2605;3,17
343024;2614;3,40
343025;2639;4,03
343026;2640;4,06
343027;2635;3,93
343028;2619;3,53
343029;2622;3,60
343030;2629;3,78
343041;2614;3,40
343042;2624;3,65
343043;2640;4,06
343044;2660;4,56
343045;2651;4,34
343046;2668;4,77
343047;2626;3,70
343048;2640;4,06
343049;2659;4,54
343050;2624;3,65
343051;2640;4,06
343052;2627;3,73
343053;2687;5,25
343054;2627;3,73
343055;2634;3,91
343056;2618;3,50
343057;2718;6,03
343058;2689;5,30
343059;2631;3,83
343071;2672;4,87
343072;2688;5,27
343073;2669;4,79
343074;2688;5,27
343075;2700;5,58
343076;2689;5,30
343077;2689;5,30
343078;2640;4,06
343079;2679;5,05
343080;2658;4,51
343081;2672;4,87
343082;2688;5,27
343083;2659;4,54
343084;2624;3,65
343085;2701;5,60
343086;2621;3,58
343087;2702;5,63
343088;2657;4,49
343099;2663;4,64
343100;2659;4,54
343101;2643;4,13
343102;2624;3,65
343103;2677;4,99
343104;2663;4,64
343105;2643;4,13
343106;2690;5,32
343107;2640;4,06
343108;2651;4,34
343109;2687;5,25
343110;2659;4,54
343111;2635;3,93
343112;2663;4,64
343113;2688;5,27
343114;2640;4,06
343115;2639;4,03
343116;2631;3,83
343117;2671;4,84
343128;2682;5,12
343129;2625;3,68
343130;2700;5,58
343131;2613;3,38
343132;2609;3,27
343133;2711;5,86
343134;2607;3,22
343135;2624;3,65
343136;2608;3,25
343137;2673;4,89
343138;2616;3,45
343139;2607;3,22
343140;2608;3,25
343141;2679;5,05
343142;2671;4,84
343143;2613;3,38
343144;2617;3,48
343145;2612;3,35
343156;2622;3,60
343157;2608;3,25
343158;2624;3,65
343159;2637;3,98
343160;2627;3,73
343161;2618;3,50
343162;2681;5,10
343163;2669;4,79
343164;2707;5,75
343165;2647;4,24
343166;2640;4,06
343167;2634;3,91
343168;2661;4,59
343169;2732;6,39
343170;2634;3,91
343171;2663;4,64
343172;2634;3,91
343173;2635;3,93
343174;2638;4,01
343186;2619;3,53
343187;2615;3,43
343188;2618;3,50
343189;2617;3,48
343190;2615;3,43
343191;2610;3,30
343192;2614;3,40
343193;2614;3,40
343194;2608;3,25
343195;2615;3,43
343196;2611;3,32
343197;2608;3,25
343198;2618;3,50
343199;2609;3,27
343200;2617;3,48
343201;2608;3,25
343202;2613;3,38
343203;2608;3,25
343214;2627;3,73
343215;2621;3,58
343216;2654;4,41
343217;2637;3,98
343218;2627;3,73
343219;2619;3,53
343220;2627;3,73
343221;2698;5,53
343222;2626;3,70
343223;2623;3,63
343224;2624;3,65
343225;2640;4,06
343226;2687;5,25
343227;2643;4,13
343228;2639;4,03
343229;2643;4,13
343230;2686;5,22
343231;2756;6,99
343232;2700;5,58
343243;2679;5,05
343244;2683;5,15
343245;2628;3,76
343246;2629;3,78
343247;2640;4,06
343248;2707;5,75
343249;2729;6,31
343250;2714;5,93
343251;2658;4,51
343252;2640;4,06
343253;2627;3,73
343254;2628;3,76
343255;2651;4,34
343256;2624;3,65
343257;2659;4,54
343258;2674;4,92
343259;2627;3,73
343260;2626;3,70
343271;2620;3,55
343272;2672;4,87
343273;2705;5,70
343274;2618;3,50
343275;2704;5,68
343276;2624;3,65
343277;2625;3,68
343278;2624;3,65
343279;2687;5,25
343280;2625;3,68
343281;2640;4,06
343282;2616;3,45
343283;2625;3,68
343284;2672;4,87
343285;2618;3,50
343286;2623;3,63
343287;2637;3,98
343288;2695;5,45
343289;2624;3,65
343300;2701;5,60
343301;2645;4,19
343302;2625;3,68
343303;2654;4,41
343304;2645;4,19
343305;2642;4,11
343306;2621;3,58
343307;2673;4,89
343308;2636;3,96
343309;2634;3,91
343310;2625;3,68
343311;2619;3,53
343312;2624;3,65
343313;2619;3,53
343314;2723;6,16
343315;2615;3,43
343316;2662;4,62
343317;2613;3,38
343329;2608;3,25
343330;2608;3,25
343331;2609;3,27
343332;2621;3,58
343333;2611;3,32
343334;2615;3,43
343335;2621;3,58
343336;2622;3,60
343337;2620;3,55
343338;2624;3,65
343339;2618;3,50
343340;2614;3,40
343341;2622;3,60
343342;2624;3,65
343343;2619;3,53
343344;2614;3,40
343345;2614;3,40
343346;2613;3,38
343347;2618;3,50
343358;2639;4,03
343359;2608;3,25
343360;2613;3,38
343361;2608;3,25
343362;2659;4,54
343363;2608;3,25
343364;2658;4,51
343365;2711;5,86
343366;2690;5,32
343367;2610;3,30
343368;2624;3,65
343369;2610;3,30
343370;2611;3,32
343371;2608;3,25
343372;2622;3,60
343373;2611;3,32
343374;2658;4,51
343375;2613;3,38
343386;2617;3,48
343387;2617;3,48
343388;2649;4,29
343389;2631;3,83
343390;2609;3,27
343391;2615;3,43
343392;2624;3,65
343393;2622;3,60
343394;2670;4,82
343395;2609;3,27
343396;2621;3,58
343397;2609;3,27
343398;2615;3,43
343399;2614;3,40
343400;2610;3,30
343401;2684;5,17
343402;2608;3,25
343403;2618;3,50
343404;2631;3,83
343415;2608;3,25
343416;2609;3,27
343417;2640;4,06
343418;2624;3,65
343419;2624;3,65
343420;2609;3,27
343421;2624;3,65
343422;2608;3,25
343423;2633;3,88
343424;2658;4,51
343425;2641;4,08
343426;2672;4,87
343427;2613;3,38
343428;2625;3,68
343429;2654;4,41
343430;2693;5,40
343431;2614;3,40
343432;2622;3,60
343444;2608;3,25
343445;2613;3,38
343446;2605;3,17
343447;2608;3,25
343448;2609;3,27
343449;2609;3,27
343450;2608;3,25
343451;2607;3,22
343452;2610;3,30
343453;2604;3,15
343454;2608;3,25
343455;2611;3,32
343456;2613;3,38
343457;2608;3,25
343458;2608;3,25
343459;2608;3,25
343460;2608;3,25
343461;2601;3,07
343462;2611;3,32
343473;2661;4,59
343474;2641;4,08
343475;2720;6,08
343476;2620;3,55
343477;2658;4,51
343478;2640;4,06
343479;2653;4,39
343480;2606;3,20
343481;2608;3,25
343482;2639;4,03
343483;2594;2,89
343484;2652;4,36
343485;2624;3,65
343486;2638;4,01
343487;2662;4,62
343488;2601;3,07
343489;2606;3,20
343490;2624;3,65
343501;2615;3,43
343502;2615;3,43
343503;2624;3,65
343504;2608;3,25
343505;2656;4,46
343506;2640;4,06
343507;2603;3,12
343508;2607;3,22
343509;2677;4,99
343510;2646;4,21
343511;2637;3,98
343512;2611;3,32
343513;2613;3,38
343514;2623;3,63
343515;2700;5,58
343516;2654;4,41
343517;2643;4,13
343518;2623;3,63
343519;2609;3,27
343530;2599;3,02
343531;2631;3,83
343532;2636;3,96
343533;2614;3,40
343534;2615;3,43
343535;2603;3,12
343536;2606;3,20
343537;2602;3,10
343538;2606;3,20
343539;2658;4,51
343540;2596;2,95
343541;2583;2,62
343542;2617;3,48
343543;2658;4,51
343544;2559;2,01
343545;2703;5,65
343546;2587;2,72
343547;2559;2,01
343558;2559;2,01
343559;2559;2,01
343560;2596;2,95
343561;2618;3,50
343562;2559;2,01
343563;2685;5,20
343564;2559;2,01
343565;2595;2,92
343566;2559;2,01
343567;2559;2,01
343568;2559;2,01
343569;2644;4,16
343570;2559;2,01
343571;2559;2,01
343572;2559;2,01
343573;2559;2,01
343574;2559;2,01
343575;2549;1,76
343576;2547;1,71
343588;2583;2,62
343589;2538;1,48
343590;2559;2,01
343591;2641;4,08
343592;2592;2,84
343593;2558;1,98
343594;2544;1,63
343595;2541;1,55
343596;2559;2,01
343597;2555;1,91
343598;2603;3,12
343599;2537;1,45
343600;2587;2,72
343601;2547;1,71
343602;2603;3,12
343603;2541;1,55
343604;2597;2,97
343605;2556;1,93
343616;2546;1,68
343617;2559;2,01
343618;2559;2,01
343619;2594;2,89
343620;2557;1,96
343621;2559;2,01
343622;2608;3,25
343623;2583;2,62
343624;2557;1,96
343625;2559;2,01
343626;2586;2,69
343627;2559;2,01
343628;2559;2,01
343629;2617;3,48
343630;2559;2,01
343631;2592;2,84
343632;2588;2,74
343633;2645;4,19
343634;2559;2,01
343645;2586;2,69
343646;2558;1,98
343647;2559;2,01
343648;2583;2,62
343649;2608;3,25
343650;2618;3,50
343651;2558;1,98
343652;2614;3,40
343653;2633;3,88
343654;2597;2,97
343655;2554;1,88
343656;2554;1,88
343657;2595;2,92
343658;2608;3,25
343659;2618;3,50
343660;2555;1,91
343661;2557;1,96
343662;2557;1,96
343673;2548;1,73
343674;2559;2,01
343675;2610;3,30
343676;2593;2,87
343677;2606;3,20
343678;2546;1,68
343679;2546;1,68
343680;2559;2,01
343681;2609;3,27
343682;2558;1,98
343683;2559;2,01
343684;2559;2,01
343685;2554;1,88
343686;2559;2,01
343687;2610;3,30
343688;2553;1,86
343689;2549;1,76
343690;2597;2,97
343691;2623;3,63
343703;2544;1,63
343704;2548;1,73
343705;2544;1,63
343706;2550;1,78
343707;2542;1,58
343708;2545;1,65
343709;2547;1,71
343710;2544;1,63
343711;2544;1,63
343712;2542;1,58
343713;2544;1,63
343714;2545;1,65
343715;2546;1,68
343716;2547;1,71
343717;2544;1,63
343718;2544;1,63
343719;2551;1,81
343720;2544;1,63
343731;2549;1,76
343732;2559;2,01
343733;2559;2,01
343734;2559;2,01
343735;2544;1,63
343736;2553;1,86
343737;2550;1,78
343738;2559;2,01
343739;2550;1,78
343740;2556;1,93
343741;2546;1,68
343742;2554;1,88
343743;2620;3,55
343744;2548;1,73
343745;2555;1,91
343746;2559;2,01
343747;2555;1,91
343748;2624;3,65
343749;2559;2,01
343760;2643;4,13
343761;2554;1,88
343762;2672;4,87
343763;2586;2,69
343764;2559;2,01
343765;2548;1,73
343766;2614;3,40
343767;2557;1,96
343768;2551;1,81
343769;2668;4,77
343770;2542;1,58
343771;2541;1,55
343772;2601;3,07
343773;2553;1,86
343774;2559;2,01
343775;2599;3,02
343776;2541;1,55
343777;2544;1,63
343788;2524;1,12
343789;2559;2,01
343790;2546;1,68
343791;2522;1,07
343792;2538;1,48
343793;2527;1,20
343794;2543;1,60
343795;2559;2,01
343796;2544;1,63
343797;2589;2,77
343798;2526;1,17
343799;2601;3,07
343800;2559;2,01
343801;2521;1,05
343802;2534;1,38
343803;2544;1,63
343804;2518;0,97
343805;2638;4,01
343806;2600;3,05
343817;2545;1,65
343818;2527;1,20
343819;2559;2,01
343820;2599;3,02
343821;2530;1,28
343822;2526;1,17
343823;2609;3,27
343824;2522;1,07
343825;2525;1,15
343826;2582;2,59
343827;2531;1,30
343828;2539;1,50
343829;2559;2,01
343830;2550;1,78
343831;2524;1,12
343832;2538;1,48
343833;2631;3,83
343834;2523;1,10
343846;2635;3,93
343847;2525;1,15
343848;2529;1,25
343849;2650;4,31
343850;2518;0,97
343851;2604;3,15
343852;2517;0,95
343853;2638;4,01
343854;2602;3,10
343855;2634;3,91
343856;2602;3,10
343857;2633;3,88
343858;2645;4,19
343859;2640;4,06
343860;2521;1,05
343861;2645;4,19
343862;2521;1,05
343863;2624;3,65
343864;2512;0,82
343875;2519;1,00
343876;2618;3,50
343877;2534;1,38
343878;2541;1,55
343879;2595;2,92
343880;2559;2,01
343881;2608;3,25
343882;2592;2,84
343883;2537;1,45
343884;2535;1,40
343885;2550;1,78
343886;2512;0,82
343887;2517;0,95
343888;2534;1,38
343889;2541;1,55
343890;2677;4,99
343891;2517;0,95
343892;2535;1,40
343903;2515;0,90
343904;2585;2,67
343905;2526;1,17
343906;2518;0,97
343907;2504;0,62
343908;2551;1,81
343909;2543;1,60
343910;2559;2,01
343911;2606;3,20
343912;2544;1,63
343913;2514;0,87
343914;2532;1,33
343915;2559;2,01
343916;2511;0,79
343917;2524;1,12
343918;2557;1,96
343919;2639;4,03
343920;2551;1,81
343921;2559;2,01
343932;2533;1,35
343933;2523;1,10
343934;2512;0,82
343935;2584;2,64
343936;2559;2,01
343937;2535;1,40
343938;2512;0,82
343939;2512;0,82
343940;2512;0,82
343941;2513;0,85
343942;2513;0,85
343943;2514;0,87
343944;2515;0,90
343945;2530;1,28
343946;2507;0,69
343947;2544;1,63
343948;2543;1,60
343949;2507;0,69
343961;2497;0,44
343962;2498;0,47
343963;2494;0,36
343964;2490;0,26
343965;2495;0,39
343966;2501;0,54
343967;2491;0,29
343968;2496;0,41
343969;2483;0,09
343970;2496;0,41
343971;2487;0,19
343972;2480;0,01
343973;2486;0,16
343974;2480;0,01
343975;2479;0,00
343976;2482;0,06
343977;2472;0,00
343978;2477;0,00
343979;2479;0,00
343990;2480;0,01
343991;2467;0,00
343992;2485;0,14
343993;2480;0,01
343994;2481;0,04
343995;2480;0,01
343996;2521;1,05
343997;2480;0,01
343998;2479;0,00
343999;2526;1,17
344000;2478;0,00
344001;2465;0,00
344002;2471;0,00
344003;2476;0,00
344004;2480;0,01
344005;2464;0,00
344006;2476;0,00
344007;2478;0,00
344018;2549;1,76
344019;2471;0,00
344020;2497;0,44
344021;2496;0,41
344022;2471;0,00
344023;2466;0,00
344024;2475;0,00
344025;2473;0,00
344026;2467;0,00
344027;2512;0,82
344028;2479;0,00
344029;2470;0,00
344030;2511;0,79
344031;2467;0,00
344032;2465;0,00
344033;2521;1,05
344034;2496;0,41
344035;2461;0,00
344036;2497;0,44
344047;2475;0,00
344048;2495;0,39
344049;2477;0,00
344050;2477;0,00
344051;2478;0,00
344052;2476;0,00
344053;2504;0,62
344054;2521;1,05
344055;2482;0,06
344056;2483;0,09
344057;2496;0,41
344058;2483;0,09
344059;2521;1,05
344060;2475;0,00
344061;2508;0,72
344062;2480;0,01
344063;2486;0,16
344064;2499;0,49
344075;2490;0,26
344076;2483;0,09
344077;2550;1,78
344078;2515;0,90
344079;2480;0,01
344080;2490;0,26
344081;2486;0,16
344082;2482;0,06
344083;2483;0,09
344084;2485;0,14
344085;2486;0,16
344086;2517;0,95
344087;2486;0,16
344088;2496;0,41
344089;2492;0,31
344090;2491;0,29
344091;2502;0,57
344092;2541;1,55
344093;2508;0,72
344105;2489;0,24
344106;2494;0,36
344107;2490;0,26
344108;2526;1,17
344109;2493;0,34
344110;2490;0,26
344111;2496;0,41
344112;2495;0,39
344113;2496;0,41
344114;2495;0,39
344115;2490;0,26
344116;2483;0,09
344117;2485;0,14
344118;2495;0,39
344119;2487;0,19
344120;2548;1,73
344121;2492;0,31
344122;2492;0,31
344133;2486;0,16
344134;2486;0,16
344135;2535;1,40
344136;2490;0,26
344137;2489;0,24
344138;2491;0,29
344139;2490;0,26
344140;2520;1,02
344141;2482;0,06
344142;2487;0,19
344143;2484;0,11
344144;2499;0,49
344145;2514;0,87
344146;2485;0,14
344147;2497;0,44
344148;2494;0,36
344149;2496;0,41
344150;2529;1,25
344151;2486;0,16
344162;2485;0,14
344163;2519;1,00
344164;2521;1,05
344165;2481;0,04
344166;2511;0,79
344167;2494;0,36
344168;2480;0,01
344169;2490;0,26
344170;2495;0,39
344171;2512;0,82
344172;2489;0,24
344173;2487;0,19
344174;2485;0,14
344175;2515;0,90
344176;2479;0,00
344177;2484;0,11
344178;2483;0,09
344179;2481;0,04
344190;2501;0,54
344191;2539;1,50
344192;2512;0,82
344193;2490;0,26
344194;2509;0,74
344195;2481;0,04
344196;2495;0,39
344197;2522;1,07
344198;2555;1,91
344199;2485;0,14
344200;2478;0,00
344201;2487;0,19
344202;2522;1,07
344203;2490;0,26
344204;2502;0,57
344205;2490;0,26
344206;2498;0,47
344207;2486;0,16
344208;2486;0,16
344220;2480;0,01
344221;2484;0,11
344222;2481;0,04
344223;2486;0,16
344224;2500;0,52
344225;2483;0,09
344226;2478;0,00
344227;2481;0,04
344228;2475;0,00
344229;2529;1,25
344230;2485;0,14
344231;2519;1,00
344232;2496;0,41
344233;2481;0,04
344234;2556;1,93
344235;2480;0,01
344236;2479;0,00
344237;2535;1,40
344248;2498;0,47
344249;2483;0,09
344250;2499;0,49
344251;2491;0,29
344252;2480;0,01
344253;2496;0,41
344254;2495;0,39
344255;2501;0,54
344256;2491;0,29
344257;2483;0,09
344258;2493;0,34
344259;2477;0,00
344260;2485;0,14
344261;2491;0,29
344262;2494;0,36
344263;2491;0,29
344264;2481;0,04
344265;2487;0,19
344266;2495;0,39
344277;2485;0,14
344278;2479;0,00
344279;2487;0,19
344280;2515;0,90
344281;2497;0,44
344282;2480;0,01
344283;2513;0,85
344284;2495;0,39
344285;2527;1,20
344286;2519;1,00
344287;2485;0,14
344288;2491;0,29
344289;2506;0,67
344290;2544;1,63
344291;2510;0,77
344292;2496;0,41
344293;2487;0,19
344294;2555;1,91
344305;2486;0,16
344306;2483;0,09
344307;2481;0,04
344308;2496;0,41
344309;2530;1,28
344310;2491;0,29
344311;2516;0,92
344312;2522;1,07
344313;2481;0,04
344314;2487;0,19
344315;2490;0,26
344316;2486;0,16
344317;2530;1,28
344318;2496;0,41
344319;2495;0,39
344320;2503;0,59
344321;2501;0,54
344322;2529;1,25
344323;2493;0,34
344334;2559;2,01
344335;2486;0,16
344336;2587;2,72
344337;2503;0,59
344338;2481;0,04
344339;2483;0,09
344340;2487;0,19
344341;2551;1,81
344342;2544;1,63
344343;2503;0,59
344344;2546;1,68
344345;2489;0,24
344346;2480;0,01
344347;2483;0,09
344348;2512;0,82
344349;2481;0,04
344350;2496;0,41
344351;2509;0,74
344363;2506;0,67
344364;2506;0,67
344365;2484;0,11
344366;2493;0,34
344367;2512;0,82
344368;2511;0,79
344369;2506;0,67
344370;2554;1,88
344371;2511;0,79
344372;2507;0,69
344373;2545;1,65
344374;2501;0,54
344375;2507;0,69
344376;2507;0,69
344377;2487;0,19
344378;2497;0,44
344379;2507;0,69
344380;2511;0,79
344381;2510;0,77
344392;2558;1,98
344393;2495;0,39
344394;2483;0,09
344395;2487;0,19
344396;2494;0,36
344397;2484;0,11
344398;2480;0,01
344399;2481;0,04
344400;2513;0,85
344401;2499;0,49
344402;2481;0,04
344403;2482;0,06
344404;2479;0,00
344405;2485;0,14
344406;2523;1,10
344407;2482;0,06
344408;2483;0,09
344409;2482;0,06
344420;2480;0,01
344421;2531;1,30
344422;2505;0,64
344423;2480;0,01
344424;2535;1,40
344425;2512;0,82
344426;2480;0,01
344427;2510;0,77
344428;2479;0,00
344429;2528;1,22
344430;2516;0,92
344431;2485;0,14
344432;2582;2,59
344433;2480;0,01
344434;2503;0,59
344435;2494;0,36
344436;2497;0,44
344437;2526;1,17
344438;2502;0,57
344449;2491;0,29
344450;2530;1,28
344451;2469;0,00
344452;2522;1,07
344453;2483;0,09
344454;2518;0,97
344455;2551;1,81
344456;2503;0,59
344457;2495;0,39
344458;2527;1,20
344459;2486;0,16
344460;2493;0,34
344461;2518;0,97
344462;2502;0,57
344463;2517;0,95
344464;2512;0,82
344465;2483;0,09
344466;2535;1,40
344478;2481;0,04
344479;2518;0,97
344480;2519;1,00
344481;2490;0,26
344482;2510;0,77
344483;2499;0,49
344484;2489;0,24
344485;2484;0,11
344486;2481;0,04
344487;2481;0,04
344488;2496;0,41
344489;2486;0,16
344490;2481;0,04
344491;2485;0,14
344492;2525;1,15
344493;2531;1,30
344494;2527;1,20
344495;2482;0,06
344496;2484;0,11
344507;2486;0,16
344508;2485;0,14
344509;2493;0,34
344510;2493;0,34
344511;2500;0,52
344512;2491;0,29
344513;2490;0,26
344514;2490;0,26
344515;2490;0,26
344516;2497;0,44
344517;2493;0,34
344518;2498;0,47
344519;2489;0,24
344520;2501;0,54
344521;2505;0,64
344522;2487;0,19
344523;2530;1,28
344524;2487;0,19
344535;2480;0,01
344536;2505;0,64
344537;2494;0,36
344538;2499;0,49
344539;2496;0,41
344540;2494;0,36
344541;2482;0,06
344542;2485;0,14
344543;2493;0,34
344544;2485;0,14
344545;2483;0,09
344546;2482;0,06
344547;2480;0,01
344548;2515;0,90
344549;2523;1,10
344550;2482;0,06
344551;2501;0,54
344552;2498;0,47
344553;2491;0,29
344564;2503;0,59
344565;2483;0,09
344566;2481;0,04
344567;2491;0,29
344568;2533;1,35
344569;2480;0,01
344570;2485;0,14
344571;2480;0,01
344572;2485;0,14
344573;2486;0,16
344574;2539;1,50
344575;2483;0,09
344576;2495;0,39
344577;2499;0,49
344578;2559;2,01
344579;2533;1,35
344580;2485;0,14
344581;2480;0,01
344592;2496;0,41
344593;2515;0,90
344594;2496;0,41
344595;2485;0,14
344596;2559;2,01
344597;2508;0,72
344598;2490;0,26
344599;2555;1,91
344600;2544;1,63
344601;2483;0,09
344602;2501;0,54
344603;2491;0,29
344604;2491;0,29
344605;2483;0,09
344606;2484;0,11
344607;2481;0,04
344608;2492;0,31
344609;2509;0,74
344610;2487;0,19
344622;2532;1,33
344623;2501;0,54
344624;2495;0,39
344625;2559;2,01
344626;2528;1,22
344627;2490;0,26
344628;2487;0,19
344629;2530;1,28
344630;2489;0,24
344631;2480;0,01
344632;2486;0,16
344633;2498;0,47
344634;2490;0,26
344635;2526;1,17
344636;2514;0,87
344637;2519;1,00
344638;2518;0,97
344639;2529;1,25
344650;2481;0,04
344651;2491;0,29
344652;2506;0,67
344653;2481;0,04
344654;2485;0,14
344655;2493;0,34
344656;2493;0,34
344657;2486;0,16
344658;2492;0,31
344659;2485;0,14
344660;2492;0,31
344661;2482;0,06
344662;2528;1,22
344663;2512;0,82
344664;2490;0,26
344665;2492;0,31
344666;2480;0,01
344667;2487;0,19
344668;2487;0,19
344679;2502;0,57
344680;2482;0,06
344681;2487;0,19
344682;2512;0,82
344683;2497;0,44
344684;2496;0,41
344685;2500;0,52
344686;2487;0,19
344687;2487;0,19
344688;2524;1,12
344689;2511;0,79
344690;2494;0,36
344691;2485;0,14
344692;2515;0,90
344693;2543;1,60
344694;2487;0,19
344695;2519;1,00
344696;2491;0,29
344707;2493;0,34
344708;2485;0,14
344709;2538;1,48
344710;2549;1,76
344711;2486;0,16
344712;2528;1,22
344713;2505;0,64
344714;2551;1,81
344715;2497;0,44
344716;2483;0,09
344717;2490;0,26
344718;2483;0,09
344719;2482;0,06
344720;2479;0,00
344721;2512;0,82
344722;2559;2,01
344723;2490;0,26
344724;2605;3,17
344725;2512;0,82
344737;2497;0,44
344738;2483;0,09
344739;2517;0,95
344740;2491;0,29
344741;2493;0,34
344742;2539;1,50
344743;2495;0,39
344744;2507;0,69
344745;2496;0,41
344746;2486;0,16
344747;2540;1,53
344748;2525;1,15
344749;2494;0,36
344750;2494;0,36
344751;2612;3,35
344752;2509;0,74
344753;2489;0,24
344754;2514;0,87
344765;2597;2,97
344766;2505;0,64
344767;2513;0,85
344768;2510;0,77
344769;2485;0,14
344770;2543;1,60
344771;2518;0,97
344772;2512;0,82
344773;2544;1,63
344774;2481;0,04
344775;2559;2,01
344776;2506;0,67
344777;2512;0,82
344778;2512;0,82
344779;2506;0,67
344780;2555;1,91
344781;2511;0,79
344782;2595;2,92
344783;2513;0,85
344794;2502;0,57
344795;2502;0,57
344796;2499;0,49
344797;2513;0,85
344798;2500;0,52
344799;2496;0,41
344800;2490;0,26
344801;2486;0,16
344802;2484;0,11
344803;2559;2,01
344804;2485;0,14
344805;2506;0,67
344806;2498;0,47
344807;2489;0,24
344808;2477;0,00
344809;2503;0,59
344810;2541;1,55
344811;2517;0,95
344822;2480;0,01
344823;2482;0,06
344824;2498;0,47
344825;2480;0,01
344826;2481;0,04
344827;2480;0,01
344828;2494;0,36
344829;2496;0,41
344830;2493;0,34
344831;2480;0,01
344832;2493;0,34
344833;2495;0,39
344834;2487;0,19
344835;2517;0,95
344836;2511;0,79
344837;2486;0,16
344838;2480;0,01
344839;2539;1,50
344840;2484;0,11
344851;2518;0,97
344852;2483;0,09
344853;2496;0,41
344854;2526;1,17
344855;2524;1,12
344856;2512;0,82
344857;2491;0,29
344858;2494;0,36
344859;2486;0,16
344860;2559;2,01
344861;2491;0,29
344862;2491;0,29
344863;2489;0,24
344864;2527;1,20
344865;2554;1,88
344866;2490;0,26
344867;2513;0,85
344868;2487;0,19
344880;2512;0,82
344881;2512;0,82
344882;2512;0,82
344883;2525;1,15
344884;2555;1,91
344885;2512;0,82
344886;2490;0,26
344887;2497;0,44
344888;2491;0,29
344889;2489;0,24
344890;2491;0,29
344891;2497;0,44
344892;2490;0,26
344893;2512;0,82
344894;2493;0,34
344895;2493;0,34
344896;2512;0,82
344897;2519;1,00
344898;2529;1,25
344909;2506;0,67
344910;2484;0,11
344911;2485;0,14
344912;2493;0,34
344913;2483;0,09
344914;2501;0,54
344915;2480;0,01
344916;2490;0,26
344917;2541;1,55
344918;2538;1,48
344919;2482;0,06
344920;2480;0,01
344921;2495;0,39
344922;2497;0,44
344923;2608;3,25
344924;2485;0,14
344925;2515;0,90
344926;2502;0,57
344937;2489;0,24
344938;2509;0,74
344939;2486;0,16
344940;2488;0,21
344941;2464;0,00
344942;2482;0,06
344943;2517;0,95
344944;2515;0,90
344945;2559;2,01
344946;2492;0,31
344947;2537;1,45
344948;2482;0,06
344949;2559;2,01
344950;2559;2,01
344951;2496;0,41
344952;2484;0,11
344953;2494;0,36
344954;2543;1,60
344955;2497;0,44
344966;2494;0,36
344967;2491;0,29
344968;2509;0,74
344969;2509;0,74
344970;2512;0,82
344971;2547;1,71
344972;2496;0,41
344973;2481;0,04
344974;2528;1,22
344975;2499;0,49
344976;2510;0,77
344977;2492;0,31
344978;2480;0,01
344979;2495;0,39
344980;2495;0,39
344981;2486;0,16
344982;2489;0,24
344983;2496;0,41
344995;2486;0,16
344996;2530;1,28
344997;2485;0,14
344998;2559;2,01
344999;2495;0,39
345000;2527;1,20
345001;2482;0,06
345002;2483;0,09
345003;2487;0,19
345004;2487;0,19
345005;2485;0,14
345006;2481;0,04
345007;2518;0,97
345008;2502;0,57
345009;2533;1,35
345010;2486;0,16
345011;2503;0,59
345012;2555;1,91
345013;2502;0,57
345024;2518;0,97
345025;2541;1,55
345026;2525;1,15
345027;2518;0,97
345028;2497;0,44
345029;2529;1,25
345030;2535;1,40
345031;2533;1,35
345032;2522;1,07
345033;2523;1,10
345034;2512;0,82
345035;2519;1,00
345036;2559;2,01
345037;2486;0,16
345038;2532;1,33
345039;2486;0,16
345040;2495;0,39
345041;2554;1,88
345052;2487;0,19
345053;2500;0,52
345054;2539;1,50
345055;2490;0,26
345056;2484;0,11
345057;2483;0,09
345058;2513;0,85
345059;2523;1,10
345060;2499;0,49
345061;2480;0,01
345062;2533;1,35
345063;2494;0,36
345064;2496;0,41
345065;2486;0,16
345066;2485;0,14
345067;2526;1,17
345068;2497;0,44
345069;2531;1,30
345070;2545;1,65
345081;2485;0,14
345082;2482;0,06
345083;2490;0,26
345084;2489;0,24
345085;2483;0,09
345086;2480;0,01
345087;2500;0,52
345088;2486;0,16
345089;2497;0,44
345090;2537;1,45
345091;2481;0,04
345092;2483;0,09
345093;2480;0,01
345094;2482;0,06
345095;2489;0,24
345096;2480;0,01
345097;2490;0,26
345098;2494;0,36
345109;2480;0,01
345110;2489;0,24
345111;2489;0,24
345112;2489;0,24
345113;2542;1,58
345114;2483;0,09
345115;2506;0,67
345116;2480;0,01
345117;2534;1,38
345118;2485;0,14
345119;2486;0,16
345120;2501;0,54
345121;2491;0,29
345122;2481;0,04
345123;2480;0,01
345124;2495;0,39
345125;2499;0,49
345126;2519;1,00
345127;2555;1,91
345139;2519;1,00
345140;2519;1,00
345141;2514;0,87
345142;2514;0,87
345143;2512;0,82
345144;2587;2,72
345145;2514;0,87
345146;2511;0,79
345147;2512;0,82
345148;2511;0,79
345149;2559;2,01
345150;2557;1,96
345151;2559;2,01
345152;2586;2,69
345153;2512;0,82
345154;2512;0,82
345155;2486;0,16
345156;2512;0,82
345167;2550;1,78
345168;2481;0,04
345169;2480;0,01
345170;2559;2,01
345171;2493;0,34
345172;2544;1,63
345173;2480;0,01
345174;2503;0,59
345175;2481;0,04
345176;2494;0,36
345177;2480;0,01
345178;2485;0,14
345179;2481;0,04
345180;2557;1,96
345181;2494;0,36
345182;2485;0,14
345183;2497;0,44
345184;2557;1,96
345185;2481;0,04
345196;2486;0,16
345197;2480;0,01
345198;2493;0,34
345199;2542;1,58
345200;2513;0,85
345201;2512;0,82
345202;2559;2,01
345203;2556;1,93
345204;2497;0,44
345205;2589;2,77
345206;2559;2,01
345207;2486;0,16
345208;2498;0,47
345209;2484;0,11
345210;2494;0,36
345211;2508;0,72
345212;2487;0,19
345213;2487;0,19
345224;2517;0,95
345225;2485;0,14
345226;2513;0,85
345227;2506;0,67
345228;2483;0,09
345229;2481;0,04
345230;2491;0,29
345231;2480;0,01
345232;2501;0,54
345233;2545;1,65
345234;2554;1,88
345235;2507;0,69
345236;2480;0,01
345237;2485;0,14
345238;2487;0,19
345239;2537;1,45
345240;2487;0,19
345241;2485;0,14
345242;2490;0,26
345254;2512;0,82
345255;2480;0,01
345256;2559;2,01
345257;2559;2,01
345258;2551;1,81
345259;2530;1,28
345260;2463;0,00
345261;2499;0,49
345262;2493;0,34
345263;2559;2,01
345264;2478;0,00
345265;2483;0,09
345266;2481;0,04
345267;2480;0,01
345268;2485;0,14
345269;2480;0,01
345270;2490;0,26
345271;2484;0,11
345282;2491;0,29
345283;2494;0,36
345284;2512;0,82
345285;2489;0,24
345286;2495;0,39
345287;2505;0,64
345288;2486;0,16
345289;2518;0,97
345290;2491;0,29
345291;2559;2,01
345292;2495;0,39
345293;2491;0,29
345294;2513;0,85
345295;2490;0,26
345296;2496;0,41
345297;2501;0,54
345298;2487;0,19
345299;2510;0,77
345300;2496;0,41
345311;2485;0,14
345312;2490;0,26
345313;2487;0,19
345314;2490;0,26
345315;2509;0,74
345316;2501;0,54
345317;2502;0,57
345318;2483;0,09
345319;2542;1,58
345320;2485;0,14
345321;2507;0,69
345322;2482;0,06
345323;2485;0,14
345324;2544;1,63
345325;2509;0,74
345326;2485;0,14
345327;2510;0,77
345328;2482;0,06
345339;2581;2,57
345340;2494;0,36
345341;2500;0,52
345342;2501;0,54
345343;2491;0,29
345344;2480;0,01
345345;2482;0,06
345346;2482;0,06
345347;2487;0,19
345348;2485;0,14
345349;2493;0,34
345350;2510;0,77
345351;2528;1,22
345352;2487;0,19
345353;2492;0,31
345354;2492;0,31
345355;2490;0,26
345356;2594;2,89
345357;2481;0,04
345368;2480;0,01
345369;2541;1,55
345370;2528;1,22
345371;2486;0,16
345372;2527;1,20
345373;2491;0,29
345374;2558;1,98
345375;2480;0,01
345376;2480;0,01
345377;2524;1,12
345378;2480;0,01
345379;2546;1,68
345380;2480;0,01
345381;2487;0,19
345382;2486;0,16
345383;2487;0,19
345384;2485;0,14
345385;2497;0,44
345397;2515;0,90
345398;2521;1,05
345399;2510;0,77
345400;2512;0,82
345401;2502;0,57
345402;2512;0,82
345403;2516;0,92
345404;2509;0,74
345405;2499;0,49
345406;2507;0,69
345407;2515;0,90
345408;2512;0,82
345409;2496;0,41
345410;2512;0,82
345411;2515;0,90
345412;2511;0,79
345413;2507;0,69
345414;2509;0,74
345415;2512;0,82
345426;2480;0,01
345427;2491;0,29
345428;2489;0,24
345429;2491;0,29
345430;2510;0,77
345431;2482;0,06
345432;2489;0,24
345433;2496;0,41
345434;2482;0,06
345435;2515;0,90
345436;2483;0,09
345437;2480;0,01
345438;2484;0,11
345439;2483;0,09
345440;2544;1,63
345441;2486;0,16
345442;2485;0,14
345443;2487;0,19
345454;2486;0,16
345455;2490;0,26
345456;2485;0,14
345457;2483;0,09
345458;2490;0,26
345459;2483;0,09
345460;2524;1,12
345461;2486;0,16
345462;2495;0,39
345463;2482;0,06
345464;2486;0,16
345465;2487;0,19
345466;2559;2,01
345467;2491;0,29
345468;2487;0,19
345469;2523;1,10
345470;2512;0,82
345471;2489;0,24
345472;2544;1,63
345483;2485;0,14
345484;2501;0,54
345485;2477;0,00
345486;2486;0,16
345487;2481;0,04
345488;2553;1,86
345489;2482;0,06
345490;2513;0,85
345491;2559;2,01
345492;2538;1,48
345493;2483;0,09
345494;2508;0,72
345495;2559;2,01
345496;2490;0,26
345497;2480;0,01
345498;2501;0,54
345499;2538;1,48
345500;2485;0,14
345512;2487;0,19
345513;2477;0,00
345514;2513;0,85
345515;2484;0,11
345516;2485;0,14
345517;2482;0,06
345518;2485;0,14
345519;2496;0,41
345520;2550;1,78
345521;2490;0,26
345522;2483;0,09
345523;2491;0,29
345524;2540;1,53
345525;2486;0,16
345526;2482;0,06
345527;2481;0,04
345528;2481;0,04
345529;2485;0,14
345530;2497;0,44
345541;2527;1,20
345542;2512;0,82
345543;2602;3,10
345544;2512;0,82
345545;2518;0,97
345546;2517;0,95
345547;2519;1,00
345548;2539;1,50
345549;2514;0,87
345550;2515;0,90
345551;2502;0,57
345552;2548;1,73
345553;2484;0,11
345554;2517;0,95
345555;2514;0,87
345556;2516;0,92
345557;2515;0,90
345558;2522;1,07
345569;2538;1,48
345570;2486;0,16
345571;2492;0,31
345572;2480;0,01
345573;2486;0,16
345574;2484;0,11
345575;2480;0,01
345576;2559;2,01
345577;2502;0,57
345578;2519;1,00
345579;2491;0,29
345580;2492;0,31
345581;2481;0,04
345582;2502;0,57
345583;2548;1,73
345584;2481;0,04
345585;2541;1,55
345586;2480;0,01
345587;2559;2,01
345598;2493;0,34
345599;2489;0,24
345600;2511;0,79
345601;2489;0,24
345602;2480;0,01
345603;2483;0,09
345604;2496;0,41
345605;2493;0,34
345606;2558;1,98
345607;2536;1,43
345608;2526;1,17
345609;2488;0,21
345610;2485;0,14
345611;2558;1,98
345612;2483;0,09
345613;2489;0,24
345614;2480;0,01
345615;2485;0,14
345626;2485;0,14
345627;2539;1,50
345628;2496;0,41
345629;2512;0,82
345630;2493;0,34
345631;2480;0,01
345632;2482;0,06
345633;2522;1,07
345634;2496;0,41
345635;2483;0,09
345636;2496;0,41
345637;2513;0,85
345638;2527;1,20
345639;2527;1,20
345640;2496;0,41
345641;2535;1,40
345642;2529;1,25
345643;2506;0,67
345644;2507;0,69
345656;2481;0,04
345657;2482;0,06
345658;2480;0,01
345659;2481;0,04
345660;2481;0,04
345661;2477;0,00
345662;2482;0,06
345663;2481;0,04
345664;2485;0,14
345665;2482;0,06
345666;2481;0,04
345667;2481;0,04
345668;2479;0,00
345669;2480;0,01
345670;2478;0,00
345671;2483;0,09
345672;2481;0,04
345673;2493;0,34
345684;2483;0,09
345685;2512;0,82
345686;2496;0,41
345687;2512;0,82
345688;2481;0,04
345689;2554;1,88
345690;2507;0,69
345691;2542;1,58
345692;2512;0,82
345693;2480;0,01
345694;2485;0,14
345695;2510;0,77
345696;2595;2,92
345697;2486;0,16
345698;2544;1,63
345699;2486;0,16
345700;2534;1,38
345701;2608;3,25
345702;2480;0,01
345713;2477;0,00
345714;2493;0,34
345715;2481;0,04
345716;2480;0,01
345717;2512;0,82
345718;2532;1,33
345719;2503;0,59
345720;2519;1,00
345721;2496;0,41
345722;2489;0,24
345723;2485;0,14
345724;2547;1,71
345725;2514;0,87
345726;2547;1,71
345727;2522;1,07
345728;2491;0,29
345729;2491;0,29
345730;2486;0,16
345741;2482;0,06
345742;2486;0,16
345743;2502;0,57
345744;2491;0,29
345745;2483;0,09
345746;2495;0,39
345747;2484;0,11
345748;2480;0,01
345749;2499;0,49
345750;2487;0,19
345751;2484;0,11
345752;2480;0,01
345753;2529;1,25
345754;2485;0,14
345755;2499;0,49
345756;2491;0,29
345757;2489;0,24
345758;2559;2,01
345759;2511;0,79
345771;2494;0,36
345772;2492;0,31
345773;2497;0,44
345774;2489;0,24
345775;2517;0,95
345776;2482;0,06
345777;2480;0,01
345778;2481;0,04
345779;2481;0,04
345780;2527;1,20
345781;2480;0,01
