Tempo(ms);ADC_Bruto;Forca(kg)
623;2503;0,59
380624;2517;0,95
380625;2497;0,44
380626;2509;0,74
380627;2528;1,22
380638;2501;0,54
380639;2559;2,01
380640;2510;0,77
380641;2582;2,59
380642;2549;1,76
380643;2501;0,54
380644;2535;1,40
380645;2500;0,52
380646;2519;1,00
380647;2543;1,60
380648;2559;2,01
380649;2530;1,28
380650;2525;1,15
380651;2637;3,98
380652;2504;0,62
380653;2523;1,10
380654;2507;0,69
380655;2510;0,77
380666;2503;0,59
380667;2519;1,00
380668;2559;2,01
380669;2499;0,49
380670;2503;0,59
380671;2512;0,82
380672;2526;1,17
380673;2585;2,67
380674;2559;2,01
380675;2558;1,98
380676;2491;0,29
380677;2509;0,74
380678;2503;0,59
380679;2547;1,71
380680;2505;0,64
380681;2606;3,20
380682;2537;1,45
380683;2493;0,34
380684;2495;0,39
380696;2535;1,40
380697;2493;0,34
380698;2597;2,97
380699;2548;1,73
380700;2526;1,17
380701;2544;1,63
380702;2494;0,36
380703;2499;0,49
380704;2550;1,78
380705;2527;1,20
380706;2506;0,67
380707;2513;0,85
380708;2510;0,77
380709;2634;3,91
380710;2499;0,49
380711;2522;1,07
380712;2593;2,87
380713;2500;0,52
380724;2544;1,63
380725;2519;1,00
380726;2533;1,35
380727;2543;1,60
380728;2541;1,55
380729;2602;3,10
380730;2526;1,17
380731;2651;4,34
380732;2541;1,55
380733;2544;1,63
380734;2531;1,30
380735;2544;1,63
380736;2551;1,81
380737;2527;1,20
380738;2545;1,65
380739;2531;1,30
380740;2549;1,76
380741;2527;1,20
380742;2539;1,50
380753;2503;0,59
380754;2498;0,47
380755;2499;0,49
380756;2509;0,74
380757;2527;1,20
380758;2493;0,34
380759;2496;0,41
380760;2504;0,62
380761;2528;1,22
380762;2519;1,00
380763;2501;0,54
380764;2497;0,44
380765;2501;0,54
380766;2521;1,05
380767;2517;0,95
380768;2511;0,79
380769;2499;0,49
380770;2529;1,25
380781;2608;3,25
380782;2503;0,59
380783;2497;0,44
380784;2497;0,44
380785;2503;0,59
380786;2496;0,41
380787;2512;0,82
380788;2519;1,00
380789;2556;1,93
380790;2502;0,57
380791;2503;0,59
380792;2507;0,69
380793;2513;0,85
380794;2500;0,52
380795;2499;0,49
380796;2506;0,67
380797;2513;0,85
380798;2547;1,71
380799;2509;0,74
380810;2515;0,90
380811;2496;0,41
380812;2554;1,88
380813;2496;0,41
380814;2503;0,59
380815;2517;0,95
380816;2513;0,85
380817;2590;2,79
380818;2583;2,62
380819;2527;1,20
380820;2512;0,82
380821;2518;0,97
380822;2513;0,85
380823;2512;0,82
380824;2533;1,35
380825;2559;2,01
380826;2506;0,67
380827;2502;0,57
380839;2497;0,44
380840;2496;0,41
380841;2496;0,41
380842;2496;0,41
380843;2501;0,54
380844;2498;0,47
380845;2490;0,26
380846;2496;0,41
380847;2502;0,57
380848;2497;0,44
380849;2496;0,41
380850;2496;0,41
380851;2490;0,26
380852;2491;0,29
380853;2505;0,64
380854;2496;0,41
380855;2496;0,41
380856;2499;0,49
380857;2496;0,41
380868;2496;0,41
380869;2496;0,41
380870;2519;1,00
380871;2512;0,82
380872;2597;2,97
380873;2493;0,34
380874;2511;0,79
380875;2511;0,79
380876;2539;1,50
380877;2544;1,63
380878;2518;0,97
380879;2503;0,59
380880;2512;0,82
380881;2512;0,82
380882;2592;2,84
380883;2502;0,57
380884;2511;0,79
380885;2512;0,82
380896;2559;2,01
380897;2496;0,41
380898;2559;2,01
380899;2507;0,69
380900;2498;0,47
380901;2512;0,82
380902;2512;0,82
380903;2546;1,68
380904;2509;0,74
380905;2513;0,85
380906;2497;0,44
380907;2552;1,83
380908;2498;0,47
380909;2543;1,60
380910;2544;1,63
380911;2497;0,44
380912;2506;0,67
380913;2512;0,82
380914;2512;0,82
380925;2513;0,85
380926;2538;1,48
380927;2496;0,41
380928;2505;0,64
380929;2587;2,72
380930;2537;1,45
380931;2496;0,41
380932;2559;2,01
380933;2594;2,89
380934;2507;0,69
380935;2498;0,47
380936;2500;0,52
380937;2502;0,57
380938;2496;0,41
380939;2551;1,81
380940;2550;1,78
380941;2519;1,00
380942;2508;0,72
380954;2506;0,67
380955;2498;0,47
380956;2559;2,01
380957;2499;0,49
380958;2545;1,65
380959;2498;0,47
380960;2509;0,74
380961;2519;1,00
380962;2628;3,76
380963;2493;0,34
380964;2496;0,41
380965;2512;0,82
380966;2527;1,20
380967;2507;0,69
380968;2511;0,79
380969;2557;1,96
380970;2515;0,90
380971;2512;0,82
380972;2630;3,81
380983;2605;3,17
380984;2559;2,01
380985;2595;2,92
380986;2495;0,39
380987;2604;3,15
380988;2605;3,17
380989;2557;1,96
380990;2595;2,92
380991;2506;0,67
380992;2546;1,68
380993;2600;3,05
380994;2506;0,67
380995;2606;3,20
380996;2593;2,87
380997;2559;2,01
380998;2493;0,34
380999;2608;3,25
381000;2608;3,25
381011;2499;0,49
381012;2502;0,57
381013;2512;0,82
381014;2557;1,96
381015;2499;0,49
381016;2499;0,49
381017;2493;0,34
381018;2542;1,58
381019;2533;1,35
381020;2558;1,98
381021;2499;0,49
381022;2506;0,67
381023;2546;1,68
381024;2501;0,54
381025;2512;0,82
381026;2507;0,69
381027;2497;0,44
381028;2495;0,39
381029;2498;0,47
381040;2613;3,38
381041;2509;0,74
381042;2586;2,69
381043;2511;0,79
381044;2517;0,95
381045;2507;0,69
381046;2497;0,44
381047;2493;0,34
381048;2514;0,87
381049;2509;0,74
381050;2544;1,63
381051;2495;0,39
381052;2496;0,41
381053;2559;2,01
381054;2512;0,82
381055;2524;1,12
381056;2517;0,95
381057;2524;1,12
381068;2494;0,36
381069;2514;0,87
381070;2624;3,65
381071;2515;0,90
381072;2496;0,41
381073;2556;1,93
381074;2530;1,28
381075;2505;0,64
381076;2559;2,01
381077;2559;2,01
381078;2507;0,69
381079;2512;0,82
381080;2512;0,82
381081;2533;1,35
381082;2613;3,38
381083;2519;1,00
381084;2525;1,15
381085;2501;0,54
381086;2505;0,64
381098;2495;0,39
381099;2498;0,47
381100;2499;0,49
381101;2493;0,34
381102;2497;0,44
381103;2498;0,47
381104;2514;0,87
381105;2495;0,39
381106;2496;0,41
381107;2496;0,41
381108;2498;0,47
381109;2501;0,54
381110;2493;0,34
381111;2498;0,47
381112;2540;1,53
381113;2493;0,34
381114;2512;0,82
381115;2494;0,36
381126;2638;4,01
381127;2505;0,64
381128;2558;1,98
381129;2559;2,01
381130;2514;0,87
381131;2551;1,81
381132;2559;2,01
381133;2555;1,91
381134;2586;2,69
381135;2494;0,36
381136;2559;2,01
381137;2556;1,93
381138;2583;2,62
381139;2510;0,77
381140;2658;4,51
381141;2559;2,01
381142;2515;0,90
381143;2545;1,65
381144;2543;1,60
381155;2538;1,48
381156;2559;2,01
381157;2643;4,13
381158;2497;0,44
381159;2521;1,05
381160;2510;0,77
381161;2498;0,47
381162;2589;2,77
381163;2503;0,59
381164;2583;2,62
381165;2490;0,26
381166;2538;1,48
381167;2499;0,49
381168;2525;1,15
381169;2558;1,98
381170;2502;0,57
381171;2543;1,60
381172;2509;0,74
381183;2486;0,16
381184;2527;1,20
381185;2512;0,82
381186;2624;3,65
381187;2502;0,57
381188;2512;0,82
381189;2510;0,77
381190;2556;1,93
381191;2498;0,47
381192;2499;0,49
381193;2503;0,59
381194;2517;0,95
381195;2559;2,01
381196;2502;0,57
381197;2502;0,57
381198;2526;1,17
381199;2504;0,62
381200;2499;0,49
381201;2543;1,60
381213;2527;1,20
381214;2526;1,17
381215;2510;0,77
381216;2505;0,64
381217;2515;0,90
381218;2497;0,44
381219;2559;2,01
381220;2500;0,52
381221;2494;0,36
381222;2548;1,73
381223;2512;0,82
381224;2521;1,05
381225;2501;0,54
381226;2531;1,30
381227;2522;1,07
381228;2593;2,87
381229;2498;0,47
381230;2512;0,82
381241;2502;0,57
381242;2505;0,64
381243;2497;0,44
381244;2531;1,30
381245;2511;0,79
381246;2496;0,41
381247;2503;0,59
381248;2499;0,49
381249;2508;0,72
381250;2498;0,47
381251;2509;0,74
381252;2593;2,87
381253;2502;0,57
381254;2583;2,62
381255;2500;0,52
381256;2505;0,64
381257;2502;0,57
381258;2506;0,67
381259;2505;0,64
381270;2530;1,28
381271;2503;0,59
381272;2492;0,31
381273;2544;1,63
381274;2502;0,57
381275;2540;1,53
381276;2497;0,44
381277;2509;0,74
381278;2527;1,20
381279;2583;2,62
381280;2502;0,57
381281;2559;2,01
381282;2497;0,44
381283;2508;0,72
381284;2559;2,01
381285;2590;2,79
381286;2509;0,74
381287;2503;0,59
381298;2544;1,63
381299;2551;1,81
381300;2640;4,06
381301;2519;1,00
381302;2554;1,88
381303;2498;0,47
381304;2559;2,01
381305;2559;2,01
381306;2512;0,82
381307;2497;0,44
381308;2499;0,49
381309;2524;1,12
381310;2614;3,40
381311;2495;0,39
381312;2526;1,17
381313;2503;0,59
381314;2666;4,72
381315;2559;2,01
381316;2519;1,00
381327;2509;0,74
381328;2503;0,59
381329;2519;1,00
381330;2496;0,41
381331;2514;0,87
381332;2515;0,90
381333;2496;0,41
381334;2509;0,74
381335;2512;0,82
381336;2539;1,50
381337;2499;0,49
381338;2529;1,25
381339;2551;1,81
381340;2528;1,22
381341;2529;1,25
381342;2512;0,82
381343;2506;0,67
381344;2502;0,57
381356;2624;3,65
381357;2511;0,79
381358;2502;0,57
381359;2505;0,64
381360;2535;1,40
381361;2546;1,68
381362;2503;0,59
381363;2559;2,01
381364;2502;0,57
381365;2503;0,59
381366;2497;0,44
381367;2506;0,67
381368;2544;1,63
381369;2611;3,32
381370;2559;2,01
381371;2515;0,90
381372;2557;1,96
381373;2526;1,17
381374;2512;0,82
381385;2525;1,15
381386;2499;0,49
381387;2502;0,57
381388;2554;1,88
381389;2503;0,59
381390;2499;0,49
381391;2589;2,77
381392;2545;1,65
381393;2512;0,82
381394;2495;0,39
381395;2499;0,49
381396;2498;0,47
381397;2503;0,59
381398;2499;0,49
381399;2495;0,39
381400;2499;0,49
381401;2535;1,40
381402;2496;0,41
381413;2496;0,41
381414;2551;1,81
381415;2513;0,85
381416;2538;1,48
381417;2506;0,67
381418;2502;0,57
381419;2510;0,77
381420;2618;3,50
381421;2511;0,79
381422;2512;0,82
381423;2508;0,72
381424;2558;1,98
381425;2619;3,53
381426;2535;1,40
381427;2510;0,77
381428;2523;1,10
381429;2514;0,87
381430;2655;4,44
381431;2504;0,62
381442;2497;0,44
381443;2529;1,25
381444;2497;0,44
381445;2525;1,15
381446;2541;1,55
381447;2515;0,90
381448;2544;1,63
381449;2499;0,49
381450;2519;1,00
381451;2542;1,58
381452;2501;0,54
381453;2514;0,87
381454;2512;0,82
381455;2532;1,33
381456;2586;2,69
381457;2497;0,44
381458;2498;0,47
381459;2496;0,41
381471;2608;3,25
381472;2499;0,49
381473;2523;1,10
381474;2508;0,72
381475;2519;1,00
381476;2606;3,20
381477;2512;0,82
381478;2590;2,79
381479;2503;0,59
381480;2501;0,54
381481;2512;0,82
381482;2554;1,88
381483;2607;3,22
381484;2523;1,10
381485;2495;0,39
381486;2503;0,59
381487;2501;0,54
381488;2530;1,28
381489;2538;1,48
381500;2544;1,63
381501;2521;1,05
381502;2495;0,39
381503;2667;4,74
381504;2513;0,85
381505;2529;1,25
381506;2514;0,87
381507;2521;1,05
381508;2532;1,33
381509;2521;1,05
381510;2513;0,85
381511;2612;3,35
381512;2532;1,33
381513;2515;0,90
381514;2528;1,22
381515;2533;1,35
381516;2494;0,36
381517;2608;3,25
381528;2502;0,57
381529;2512;0,82
381530;2513;0,85
381531;2624;3,65
381532;2582;2,59
381533;2619;3,53
381534;2521;1,05
381535;2519;1,00
381536;2498;0,47
381537;2506;0,67
381538;2500;0,52
381539;2515;0,90
381540;2510;0,77
381541;2512;0,82
381542;2506;0,67
381543;2518;0,97
381544;2534;1,38
381545;2539;1,50
381546;2498;0,47
381557;2559;2,01
381558;2497;0,44
381559;2553;1,86
381560;2514;0,87
381561;2595;2,92
381562;2535;1,40
381563;2495;0,39
381564;2498;0,47
381565;2546;1,68
381566;2556;1,93
381567;2512;0,82
381568;2501;0,54
381569;2511;0,79
381570;2537;1,45
381571;2597;2,97
381572;2503;0,59
381573;2503;0,59
381574;2512;0,82
381585;2512;0,82
381586;2528;1,22
381587;2559;2,01
381588;2510;0,77
381589;2583;2,62
381590;2522;1,07
381591;2512;0,82
381592;2521;1,05
381593;2533;1,35
381594;2531;1,30
381595;2534;1,38
381596;2519;1,00
381597;2559;2,01
381598;2513;0,85
381599;2497;0,44
381600;2512;0,82
381601;2559;2,01
381602;2523;1,10
381603;2512;0,82
381615;2506;0,67
381616;2523;1,10
381617;2529;1,25
381618;2496;0,41
381619;2523;1,10
381620;2505;0,64
381621;2498;0,47
381622;2559;2,01
381623;2496;0,41
381624;2528;1,22
381625;2512;0,82
381626;2493;0,34
381627;2506;0,67
381628;2559;2,01
381629;2512;0,82
381630;2501;0,54
381631;2503;0,59
381632;2523;1,10
381643;2647;4,24
381644;2541;1,55
381645;2547;1,71
381646;2499;0,49
381647;2526;1,17
381648;2523;1,10
381649;2587;2,72
381650;2559;2,01
381651;2514;0,87
381652;2541;1,55
381653;2526;1,17
381654;2515;0,90
381655;2591;2,82
381656;2519;1,00
381657;2495;0,39
381658;2529;1,25
381659;2529;1,25
381660;2551;1,81
381661;2519;1,00
381672;2559;2,01
381673;2501;0,54
381674;2497;0,44
381675;2559;2,01
381676;2507;0,69
381677;2516;0,92
381678;2525;1,15
381679;2598;3,00
381680;2503;0,59
381681;2543;1,60
381682;2511;0,79
381683;2503;0,59
381684;2512;0,82
381685;2496;0,41
381686;2506;0,67
381687;2590;2,79
381688;2496;0,41
381689;2543;1,60
381700;2531;1,30
381701;2498;0,47
381702;2559;2,01
381703;2531;1,30
381704;2559;2,01
381705;2501;0,54
381706;2518;0,97
381707;2529;1,25
381708;2554;1,88
381709;2512;0,82
381710;2506;0,67
381711;2559;2,01
381712;2521;1,05
381713;2507;0,69
381714;2512;0,82
381715;2541;1,55
381716;2559;2,01
381717;2619;3,53
381718;2559;2,01
381730;2594;2,89
381731;2506;0,67
381732;2515;0,90
381733;2511;0,79
381734;2512;0,82
381735;2497;0,44
381736;2507;0,69
381737;2509;0,74
381738;2503;0,59
381739;2559;2,01
381740;2513;0,85
381741;2559;2,01
381742;2547;1,71
381743;2498;0,47
381744;2559;2,01
381745;2501;0,54
381746;2537;1,45
381747;2515;0,90
381758;2539;1,50
381759;2534;1,38
381760;2510;0,77
381761;2544;1,63
381762;2526;1,17
381763;2543;1,60
381764;2503;0,59
381765;2515;0,90
381766;2501;0,54
381767;2547;1,71
381768;2512;0,82
381769;2518;0,97
381770;2540;1,53
381771;2523;1,10
381772;2548;1,73
381773;2543;1,60
381774;2545;1,65
381775;2503;0,59
381776;2544;1,63
381787;2544;1,63
381788;2547;1,71
381789;2559;2,01
381790;2531;1,30
381791;2551;1,81
381792;2496;0,41
381793;2502;0,57
381794;2508;0,72
381795;2518;0,97
381796;2523;1,10
381797;2559;2,01
381798;2538;1,48
381799;2501;0,54
381800;2523;1,10
381801;2541;1,55
381802;2503;0,59
381803;2503;0,59
381804;2512;0,82
381815;2589;2,77
381816;2528;1,22
381817;2527;1,20
381818;2513;0,85
381819;2507;0,69
381820;2587;2,72
381821;2534;1,38
381822;2559;2,01
381823;2542;1,58
381824;2499;0,49
381825;2495;0,39
381826;2512;0,82
381827;2544;1,63
381828;2509;0,74
381829;2498;0,47
381830;2497;0,44
381831;2609;3,27
381832;2523;1,10
381833;2502;0,57
381844;2559;2,01
381845;2559;2,01
381846;2509;0,74
381847;2498;0,47
381848;2503;0,59
381849;2529;1,25
381850;2497;0,44
381851;2498;0,47
381852;2542;1,58
381853;2542;1,58
381854;2496;0,41
381855;2503;0,59
381856;2498;0,47
381857;2658;4,51
381858;2499;0,49
381859;2507;0,69
381860;2526;1,17
381861;2502;0,57
381873;2502;0,57
381874;2529;1,25
381875;2512;0,82
381876;2518;0,97
381877;2523;1,10
381878;2503;0,59
381879;2547;1,71
381880;2501;0,54
381881;2539;1,50
381882;2500;0,52
381883;2510;0,77
381884;2531;1,30
381885;2519;1,00
381886;2540;1,53
381887;2501;0,54
381888;2507;0,69
381889;2512;0,82
381890;2502;0,57
381891;2559;2,01
381902;2559;2,01
381903;2635;3,93
381904;2503;0,59
381905;2512;0,82
381906;2595;2,92
381907;2606;3,20
381908;2512;0,82
381909;2544;1,63
381910;2581;2,57
381911;2539;1,50
381912;2583;2,62
381913;2551;1,81
381914;2598;3,00
381915;2595;2,92
381916;2622;3,60
381917;2559;2,01
381918;2499;0,49
381919;2610;3,30
381930;2505;0,64
381931;2512;0,82
381932;2530;1,28
381933;2529;1,25
381934;2547;1,71
381935;2512;0,82
381936;2507;0,69
381937;2526;1,17
381938;2515;0,90
381939;2535;1,40
381940;2525;1,15
381941;2500;0,52
381942;2541;1,55
381943;2501;0,54
381944;2498;0,47
381945;2590;2,79
381946;2530;1,28
381947;2528;1,22
381948;2529;1,25
381959;2505;0,64
381960;2507;0,69
381961;2497;0,44
381962;2519;1,00
381963;2500;0,52
381964;2498;0,47
381965;2527;1,20
381966;2496;0,41
381967;2505;0,64
381968;2512;0,82
381969;2499;0,49
381970;2559;2,01
381971;2502;0,57
381972;2522;1,07
381973;2510;0,77
381974;2559;2,01
381975;2502;0,57
381976;2515;0,90
381987;2499;0,49
381988;2497;0,44
381989;2518;0,97
381990;2598;3,00
381991;2497;0,44
381992;2544;1,63
381993;2538;1,48
381994;2512;0,82
381995;2501;0,54
381996;2551;1,81
381997;2510;0,77
381998;2624;3,65
381999;2523;1,10
382000;2522;1,07
382001;2506;0,67
382002;2499;0,49
382003;2544;1,63
382004;2498;0,47
382005;2518;0,97
382017;2526;1,17
382018;2506;0,67
382019;2528;1,22
382020;2511;0,79
382021;2511;0,79
382022;2502;0,57
382023;2513;0,85
382024;2511;0,79
382025;2510;0,77
382026;2503;0,59
382027;2525;1,15
382028;2506;0,67
382029;2505;0,64
382030;2512;0,82
382031;2501;0,54
382032;2510;0,77
382033;2559;2,01
382034;2515;0,90
382045;2542;1,58
382046;2502;0,57
382047;2507;0,69
382048;2559;2,01
382049;2495;0,39
382050;2601;3,07
382051;2498;0,47
382052;2528;1,22
382053;2527;1,20
382054;2498;0,47
382055;2543;1,60
382056;2529;1,25
382057;2608;3,25
382058;2508;0,72
382059;2494;0,36
382060;2498;0,47
382061;2559;2,01
382062;2627;3,73
382063;2495;0,39
382074;2559;2,01
382075;2496;0,41
382076;2545;1,65
382077;2501;0,54
382078;2554;1,88
382079;2494;0,36
382080;2507;0,69
382081;2499;0,49
382082;2557;1,96
382083;2518;0,97
382084;2511;0,79
382085;2544;1,63
382086;2624;3,65
382087;2503;0,59
382088;2501;0,54
382089;2611;3,32
382090;2512;0,82
382091;2509;0,74
382102;2640;4,06
382103;2515;0,90
382104;2543;1,60
382105;2497;0,44
382106;2620;3,55
382107;2494;0,36
382108;2502;0,57
382109;2506;0,67
382110;2503;0,59
382111;2509;0,74
382112;2546;1,68
382113;2496;0,41
382114;2529;1,25
382115;2508;0,72
382116;2499;0,49
382117;2535;1,40
382118;2618;3,50
382119;2587;2,72
382120;2608;3,25
382132;2512;0,82
382133;2582;2,59
382134;2518;0,97
382135;2502;0,57
382136;2546;1,68
382137;2531;1,30
382138;2522;1,07
382139;2505;0,64
382140;2499;0,49
382141;2521;1,05
382142;2512;0,82
382143;2512;0,82
382144;2544;1,63
382145;2513;0,85
382146;2548;1,73
382147;2551;1,81
382148;2512;0,82
382149;2559;2,01
382160;2511;0,79
382161;2516;0,92
382162;2532;1,33
382163;2499;0,49
382164;2511;0,79
382165;2502;0,57
382166;2507;0,69
382167;2523;1,10
382168;2513;0,85
382169;2506;0,67
382170;2513;0,85
382171;2512;0,82
382172;2510;0,77
382173;2512;0,82
382174;2500;0,52
382175;2509;0,74
382176;2512;0,82
382177;2544;1,63
382178;2511;0,79
382189;2589;2,77
382190;2498;0,47
382191;2497;0,44
382192;2507;0,69
382193;2501;0,54
382194;2541;1,55
382195;2496;0,41
382196;2544;1,63
382197;2497;0,44
382198;2514;0,87
382199;2506;0,67
382200;2505;0,64
382201;2499;0,49
382202;2496;0,41
382203;2513;0,85
382204;2503;0,59
382205;2541;1,55
382206;2505;0,64
382217;2493;0,34
382218;2544;1,63
382219;2512;0,82
382220;2515;0,90
382221;2606;3,20
382222;2499;0,49
382223;2597;2,97
382224;2523;1,10
382225;2499;0,49
382226;2497;0,44
382227;2497;0,44
382228;2512;0,82
382229;2559;2,01
382230;2512;0,82
382231;2532;1,33
382232;2506;0,67
382233;2511;0,79
382234;2592;2,84
382235;2512;0,82
382246;2531;1,30
382247;2508;0,72
382248;2505;0,64
382249;2494;0,36
382250;2505;0,64
382251;2534;1,38
382252;2507;0,69
382253;2500;0,52
382254;2499;0,49
382255;2585;2,67
382256;2512;0,82
382257;2513;0,85
382258;2602;3,10
382259;2510;0,77
382260;2544;1,63
382261;2497;0,44
382262;2525;1,15
382263;2499;0,49
382275;2559;2,01
382276;2621;3,58
382277;2594;2,89
382278;2631;3,83
382279;2544;1,63
382280;2607;3,22
382281;2627;3,73
382282;2613;3,38
382283;2611;3,32
382284;2608;3,25
382285;2549;1,76
382286;2639;4,03
382287;2624;3,65
382288;2610;3,30
382289;2606;3,20
382290;2627;3,73
382291;2624;3,65
382292;2607;3,22
382293;2635;3,93
382304;2533;1,35
382305;2595;2,92
382306;2502;0,57
382307;2527;1,20
382308;2515;0,90
382309;2499;0,49
382310;2499;0,49
382311;2494;0,36
382312;2511;0,79
382313;2521;1,05
382314;2498;0,47
382315;2499;0,49
382316;2497;0,44
382317;2525;1,15
382318;2531;1,30
382319;2509;0,74
382320;2507;0,69
382321;2517;0,95
382332;2507;0,69
382333;2517;0,95
382334;2525;1,15
382335;2559;2,01
382336;2496;0,41
382337;2499;0,49
382338;2547;1,71
382339;2502;0,57
382340;2512;0,82
382341;2542;1,58
382342;2509;0,74
382343;2498;0,47
382344;2640;4,06
382345;2546;1,68
382346;2490;0,26
382347;2499;0,49
382348;2551;1,81
382349;2508;0,72
382350;2501;0,54
382361;2550;1,78
382362;2555;1,91
382363;2513;0,85
382364;2516;0,92
382365;2559;2,01
382366;2508;0,72
382367;2496;0,41
382368;2512;0,82
382369;2525;1,15
382370;2522;1,07
382371;2533;1,35
382372;2502;0,57
382373;2498;0,47
382374;2533;1,35
382375;2559;2,01
382376;2498;0,47
382377;2497;0,44
382378;2510;0,77
382390;2495;0,39
382391;2506;0,67
382392;2503;0,59
382393;2516;0,92
382394;2495;0,39
382395;2533;1,35
382396;2496;0,41
382397;2559;2,01
382398;2497;0,44
382399;2494;0,36
382400;2498;0,47
382401;2511;0,79
382402;2549;1,76
382403;2496;0,41
382404;2514;0,87
382405;2502;0,57
382406;2542;1,58
382407;2534;1,38
382408;2499;0,49
382419;2526;1,17
382420;2522;1,07
382421;2496;0,41
382422;2543;1,60
382423;2509;0,74
382424;2526;1,17
382425;2528;1,22
382426;2518;0,97
382427;2539;1,50
382428;2559;2,01
382429;2512;0,82
382430;2533;1,35
382431;2528;1,22
382432;2538;1,48
382433;2583;2,62
382434;2533;1,35
382435;2495;0,39
382436;2521;1,05
382447;2627;3,73
382448;2523;1,10
382449;2497;0,44
382450;2538;1,48
382451;2499;0,49
382452;2518;0,97
382453;2530;1,28
382454;2533;1,35
382455;2505;0,64
382456;2553;1,86
382457;2496;0,41
382458;2499;0,49
382459;2515;0,90
382460;2519;1,00
382461;2517;0,95
382462;2512;0,82
382463;2559;2,01
382464;2525;1,15
382465;2585;2,67
382476;2538;1,48
382477;2509;0,74
382478;2506;0,67
382479;2509;0,74
382480;2503;0,59
382481;2494;0,36
382482;2506;0,67
382483;2516;0,92
382484;2528;1,22
382485;2521;1,05
382486;2523;1,10
382487;2501;0,54
382488;2501;0,54
382489;2512;0,82
382490;2594;2,89
382491;2505;0,64
382492;2505;0,64
382493;2496;0,41
382504;2514;0,87
382505;2520;1,02
382506;2514;0,87
382507;2519;1,00
382508;2494;0,36
382509;2537;1,45
382510;2527;1,20
382511;2597;2,97
382512;2545;1,65
382513;2498;0,47
382514;2541;1,55
382515;2545;1,65
382516;2502;0,57
382517;2638;4,01
382518;2590;2,79
382519;2512;0,82
382520;2496;0,41
382521;2503;0,59
382522;2517;0,95
382534;2496;0,41
382535;2496;0,41
382536;2497;0,44
382537;2493;0,34
382538;2500;0,52
382539;2496;0,41
382540;2496;0,41
382541;2494;0,36
382542;2496;0,41
382543;2497;0,44
382544;2494;0,36
382545;2493;0,34
382546;2497;0,44
382547;2494;0,36
382548;2501;0,54
382549;2496;0,41
382550;2500;0,52
382551;2489;0,24
382562;2497;0,44
382563;2512;0,82
382564;2558;1,98
382565;2498;0,47
382566;2506;0,67
382567;2501;0,54
382568;2512;0,82
382569;2555;1,91
382570;2503;0,59
382571;2500;0,52
382572;2518;0,97
382573;2553;1,86
382574;2558;1,98
382575;2497;0,44
382576;2493;0,34
382577;2514;0,87
382578;2494;0,36
382579;2504;0,62
382580;2494;0,36
382591;2498;0,47
382592;2506;0,67
382593;2559;2,01
382594;2503;0,59
382595;2505;0,64
382596;2540;1,53
382597;2512;0,82
382598;2535;1,40
382599;2507;0,69
382600;2624;3,65
382601;2527;1,20
382602;2544;1,63
382603;2523;1,10
382604;2512;0,82
382605;2546;1,68
382606;2515;0,90
382607;2510;0,77
382608;2506;0,67
382619;2506;0,67
382620;2559;2,01
382621;2512;0,82
382622;2526;1,17
382623;2538;1,48
382624;2496;0,41
382625;2503;0,59
382626;2500;0,52
382627;2503;0,59
382628;2496;0,41
382629;2508;0,72
382630;2512;0,82
382631;2505;0,64
382632;2506;0,67
382633;2593;2,87
382634;2551;1,81
382635;2510;0,77
382636;2509;0,74
382637;2502;0,57
382649;2526;1,17
382650;2493;0,34
382651;2501;0,54
382652;2514;0,87
382653;2495;0,39
382654;2493;0,34
382655;2531;1,30
382656;2501;0,54
382657;2507;0,69
382658;2513;0,85
382659;2544;1,63
382660;2490;0,26
382661;2599;3,02
382662;2499;0,49
382663;2546;1,68
382664;2495;0,39
382665;2496;0,41
382666;2495;0,39
382677;2511;0,79
382678;2498;0,47
382679;2501;0,54
382680;2502;0,57
382681;2523;1,10
382682;2478;0,00
382683;2503;0,59
382684;2512;0,82
382685;2491;0,29
382686;2497;0,44
382687;2606;3,20
382688;2505;0,64
382689;2510;0,77
382690;2510;0,77
382691;2544;1,63
382692;2499;0,49
382693;2509;0,74
382694;2505;0,64
382695;2500;0,52
382706;2559;2,01
382707;2518;0,97
382708;2526;1,17
382709;2623;3,63
382710;2528;1,22
382711;2487;0,19
382712;2559;2,01
382713;2513;0,85
382714;2506;0,67
382715;2527;1,20
382716;2544;1,63
382717;2505;0,64
382718;2534;1,38
382719;2609;3,27
382720;2591;2,82
382721;2512;0,82
382722;2502;0,57
382723;2500;0,52
382734;2503;0,59
382735;2498;0,47
382736;2559;2,01
382737;2544;1,63
382738;2511;0,79
382739;2590;2,79
382740;2516;0,92
382741;2551;1,81
382742;2517;0,95
382743;2495;0,39
382744;2497;0,44
382745;2493;0,34
382746;2503;0,59
382747;2503;0,59
382748;2506;0,67
382749;2505;0,64
382750;2493;0,34
382751;2492;0,31
382752;2499;0,49
382763;2543;1,60
382764;2496;0,41
382765;2586;2,69
382766;2529;1,25
382767;2499;0,49
382768;2548;1,73
382769;2521;1,05
382770;2559;2,01
382771;2512;0,82
382772;2523;1,10
382773;2497;0,44
382774;2531;1,30
382775;2522;1,07
382776;2512;0,82
382777;2496;0,41
382778;2512;0,82
382779;2517;0,95
382780;2505;0,64
382792;2494;0,36
382793;2496;0,41
382794;2494;0,36
382795;2495;0,39
382796;2497;0,44
382797;2496;0,41
382798;2491;0,29
382799;2494;0,36
382800;2497;0,44
382801;2496;0,41
382802;2499;0,49
382803;2492;0,31
382804;2491;0,29
382805;2499;0,49
382806;2496;0,41
382807;2496;0,41
382808;2498;0,47
382809;2499;0,49
382810;2496;0,41
382821;2498;0,47
382822;2496;0,41
382823;2583;2,62
382824;2497;0,44
382825;2496;0,41
382826;2541;1,55
382827;2494;0,36
382828;2511;0,79
382829;2494;0,36
382830;2537;1,45
382831;2531;1,30
382832;2496;0,41
382833;2495;0,39
382834;2532;1,33
382835;2559;2,01
382836;2535;1,40
382837;2502;0,57
382838;2497;0,44
382849;2534;1,38
382850;2509;0,74
382851;2519;1,00
382852;2499;0,49
382853;2522;1,07
382854;2522;1,07
382855;2497;0,44
382856;2531;1,30
382857;2499;0,49
382858;2534;1,38
382859;2581;2,57
382860;2509;0,74
382861;2491;0,29
382862;2497;0,44
382863;2499;0,49
382864;2517;0,95
382865;2511;0,79
382866;2545;1,65
382867;2499;0,49
382878;2551;1,81
382879;2499;0,49
382880;2502;0,57
382881;2527;1,20
382882;2499;0,49
382883;2505;0,64
382884;2518;0,97
382885;2503;0,59
382886;2501;0,54
382887;2517;0,95
382888;2524;1,12
382889;2502;0,57
382890;2496;0,41
382891;2503;0,59
382892;2507;0,69
382893;2503;0,59
382894;2499;0,49
382895;2495;0,39
382907;2497;0,44
382908;2497;0,44
382909;2495;0,39
382910;2523;1,10
382911;2486;0,16
382912;2495;0,39
382913;2546;1,68
382914;2512;0,82
382915;2530;1,28
382916;2495;0,39
382917;2497;0,44
382918;2512;0,82
382919;2544;1,63
382920;2516;0,92
382921;2510;0,77
382922;2509;0,74
382923;2521;1,05
382924;2547;1,71
382925;2498;0,47
382936;2511;0,79
382937;2528;1,22
382938;2507;0,69
382939;2505;0,64
382940;2509;0,74
382941;2498;0,47
382942;2503;0,59
382943;2502;0,57
382944;2507;0,69
382945;2499;0,49
382946;2553;1,86
382947;2501;0,54
382948;2509;0,74
382949;2500;0,52
382950;2497;0,44
382951;2507;0,69
382952;2519;1,00
382953;2608;3,25
382964;2496;0,41
382965;2499;0,49
382966;2498;0,47
382967;2519;1,00
382968;2498;0,47
382969;2511;0,79
382970;2512;0,82
382971;2498;0,47
382972;2559;2,01
382973;2499;0,49
382974;2496;0,41
382975;2555;1,91
382976;2554;1,88
382977;2559;2,01
382978;2505;0,64
382979;2547;1,71
382980;2527;1,20
382981;2499;0,49
382982;2505;0,64
382993;2535;1,40
382994;2498;0,47
382995;2501;0,54
382996;2513;0,85
382997;2603;3,12
382998;2544;1,63
382999;2503;0,59
383000;2502;0,57
383001;2626;3,70
383002;2535;1,40
383003;2553;1,86
383004;2496;0,41
383005;2559;2,01
383006;2547;1,71
383007;2608;3,25
383008;2496;0,41
383009;2497;0,44
383010;2497;0,44
383021;2507;0,69
383022;2511;0,79
383023;2503;0,59
383024;2588;2,74
383025;2582;2,59
383026;2512;0,82
383027;2512;0,82
383028;2596;2,95
383029;2501;0,54
383030;2512;0,82
383031;2517;0,95
383032;2547;1,71
383033;2512;0,82
383034;2512;0,82
383035;2518;0,97
383036;2506;0,67
383037;2503;0,59
383038;2507;0,69
383039;2512;0,82
383051;2496;0,41
383052;2494;0,36
383053;2492;0,31
383054;2495;0,39
383055;2503;0,59
383056;2495;0,39
383057;2495;0,39
383058;2497;0,44
383059;2498;0,47
383060;2495;0,39
383061;2493;0,34
383062;2494;0,36
383063;2492;0,31
383064;2496;0,41
383065;2497;0,44
383066;2495;0,39
383067;2497;0,44
383068;2495;0,39
383079;2507;0,69
383080;2541;1,55
383081;2608;3,25
383082;2535;1,40
383083;2551;1,81
383084;2559;2,01
383085;2522;1,07
383086;2549;1,76
383087;2509;0,74
383088;2503;0,59
383089;2534;1,38
383090;2522;1,07
383091;2507;0,69
383092;2503;0,59
383093;2513;0,85
383094;2518;0,97
383095;2518;0,97
383096;2531;1,30
383097;2542;1,58
383108;2498;0,47
383109;2497;0,44
383110;2503;0,59
383111;2503;0,59
383112;2503;0,59
383113;2544;1,63
383114;2499;0,49
383115;2529;1,25
383116;2512;0,82
383117;2526;1,17
383118;2497;0,44
383119;2501;0,54
383120;2545;1,65
383121;2515;0,90
383122;2527;1,20
383123;2519;1,00
383124;2503;0,59
383125;2599;3,02
383136;2510;0,77
383137;2535;1,40
383138;2547;1,71
383139;2534;1,38
383140;2495;0,39
383141;2500;0,52
383142;2509;0,74
383143;2586;2,69
383144;2512;0,82
383145;2500;0,52
383146;2496;0,41
383147;2503;0,59
383148;2527;1,20
383149;2499;0,49
383150;2511;0,79
383151;2531;1,30
383152;2496;0,41
383153;2510;0,77
383154;2514;0,87
383166;2522;1,07
383167;2506;0,67
383168;2635;3,93
383169;2501;0,54
383170;2511;0,79
383171;2501;0,54
383172;2511;0,79
383173;2494;0,36
383174;2522;1,07
383175;2586;2,69
383176;2553;1,86
383177;2493;0,34
383178;2496;0,41
383179;2496;0,41
383180;2515;0,90
383181;2495;0,39
383182;2501;0,54
383183;2511;0,79
383194;2551;1,81
383195;2559;2,01
383196;2505;0,64
383197;2544;1,63
383198;2542;1,58
383199;2598;3,00
383200;2504;0,62
383201;2557;1,96
383202;2583;2,62
383203;2513;0,85
383204;2528;1,22
383205;2503;0,59
383206;2582;2,59
383207;2503;0,59
383208;2496;0,41
383209;2539;1,50
383210;2503;0,59
383211;2535;1,40
383212;2512;0,82
383223;2506;0,67
383224;2510;0,77
383225;2494;0,36
383226;2558;1,98
383227;2534;1,38
383228;2497;0,44
383229;2542;1,58
383230;2609;3,27
383231;2501;0,54
383232;2559;2,01
383233;2512;0,82
383234;2533;1,35
383235;2507;0,69
383236;2514;0,87
383237;2557;1,96
383238;2509;0,74
383239;2511;0,79
383240;2513;0,85
383251;2555;1,91
383252;2524;1,12
383253;2501;0,54
383254;2559;2,01
383255;2547;1,71
383256;2505;0,64
383257;2507;0,69
383258;2530;1,28
383259;2525;1,15
383260;2512;0,82
383261;2497;0,44
383262;2496;0,41
383263;2505;0,64
383264;2513;0,85
383265;2548;1,73
383266;2593;2,87
383267;2545;1,65
383268;2559;2,01
383269;2512;0,82
383280;2506;0,67
383281;2539;1,50
383282;2539;1,50
383283;2525;1,15
383284;2656;4,46
383285;2510;0,77
383286;2485;0,14
383287;2513;0,85
383288;2590;2,79
383289;2533;1,35
383290;2547;1,71
383291;2498;0,47
383292;2544;1,63
383293;2499;0,49
383294;2622;3,60
383295;2502;0,57
383296;2529;1,25
383297;2496;0,41
383309;2496;0,41
383310;2493;0,34
383311;2491;0,29
383312;2497;0,44
383313;2490;0,26
383314;2508;0,72
383315;2495;0,39
383316;2501;0,54
383317;2492;0,31
383318;2496;0,41
383319;2496;0,41
383320;2499;0,49
383321;2496;0,41
383322;2495;0,39
383323;2501;0,54
383324;2491;0,29
383325;2497;0,44
383326;2498;0,47
383327;2491;0,29
383338;2527;1,20
383339;2530;1,28
383340;2623;3,63
383341;2506;0,67
383342;2596;2,95
383343;2544;1,63
383344;2498;0,47
383345;2512;0,82
383346;2522;1,07
383347;2559;2,01
383348;2511;0,79
383349;2525;1,15
383350;2544;1,63
383351;2511;0,79
383352;2503;0,59
383353;2592;2,84
383354;2517;0,95
383355;2519;1,00
383366;2511;0,79
383367;2505;0,64
383368;2508;0,72
383369;2496;0,41
383370;2512;0,82
383371;2533;1,35
383372;2531;1,30
383373;2517;0,95
383374;2535;1,40
383375;2515;0,90
383376;2511;0,79
383377;2507;0,69
383378;2496;0,41
383379;2592;2,84
383380;2523;1,10
383381;2498;0,47
383382;2521;1,05
383383;2519;1,00
383384;2503;0,59
383395;2518;0,97
383396;2497;0,44
383397;2624;3,65
383398;2533;1,35
383399;2513;0,85
383400;2505;0,64
383401;2498;0,47
383402;2543;1,60
383403;2543;1,60
383404;2624;3,65
383405;2559;2,01
383406;2495;0,39
383407;2501;0,54
383408;2544;1,63
383409;2507;0,69
383410;2502;0,57
383411;2503;0,59
383412;2498;0,47
383424;2512;0,82
383425;2495;0,39
383426;2521;1,05
383427;2541;1,55
383428;2533;1,35
383429;2512;0,82
383430;2519;1,00
383431;2507;0,69
383432;2596;2,95
383433;2496;0,41
383434;2631;3,83
383435;2534;1,38
383436;2499;0,49
383437;2506;0,67
383438;2495;0,39
383439;2511;0,79
383440;2640;4,06
383441;2497;0,44
383442;2498;0,47
383453;2504;0,62
383454;2545;1,65
383455;2510;0,77
383456;2537;1,45
383457;2510;0,77
383458;2544;1,63
383459;2513;0,85
383460;2559;2,01
383461;2559;2,01
383462;2529;1,25
383463;2528;1,22
383464;2559;2,01
383465;2516;0,92
383466;2529;1,25
383467;2525;1,15
383468;2546;1,68
383469;2499;0,49
383470;2496;0,41
383481;2507;0,69
383482;2514;0,87
383483;2498;0,47
383484;2497;0,44
383485;2497;0,44
383486;2502;0,57
383487;2559;2,01
383488;2539;1,50
383489;2540;1,53
383490;2542;1,58
383491;2559;2,01
383492;2496;0,41
383493;2601;3,07
383494;2496;0,41
383495;2499;0,49
383496;2559;2,01
383497;2519;1,00
383498;2585;2,67
383499;2502;0,57
383510;2539;1,50
383511;2530;1,28
383512;2636;3,96
383513;2553;1,86
383514;2511;0,79
383515;2594;2,89
383516;2509;0,74
383517;2597;2,97
383518;2507;0,69
383519;2559;2,01
383520;2490;0,26
383521;2557;1,96
383522;2512;0,82
383523;2518;0,97
383524;2523;1,10
383525;2559;2,01
383526;2507;0,69
383527;2506;0,67
383538;2531;1,30
383539;2522;1,07
383540;2498;0,47
383541;2512;0,82
383542;2495;0,39
383543;2503;0,59
383544;2501;0,54
383545;2508;0,72
383546;2527;1,20
383547;2507;0,69
383548;2559;2,01
383549;2585;2,67
383550;2514;0,87
383551;2559;2,01
383552;2512;0,82
383553;2503;0,59
383554;2509;0,74
383555;2537;1,45
383556;2495;0,39
383568;2496;0,41
383569;2494;0,36
383570;2498;0,47
383571;2496;0,41
383572;2496;0,41
383573;2496;0,41
383574;2493;0,34
383575;2496;0,41
383576;2495;0,39
383577;2495;0,39
383578;2494;0,36
383579;2494;0,36
383580;2491;0,29
383581;2501;0,54
383582;2494;0,36
383583;2501;0,54
383584;2493;0,34
383585;2495;0,39
383596;2503;0,59
383597;2511;0,79
383598;2514;0,87
383599;2505;0,64
383600;2499;0,49
383601;2500;0,52
383602;2512;0,82
383603;2542;1,58
383604;2631;3,83
383605;2503;0,59
383606;2501;0,54
383607;2502;0,57
383608;2595;2,92
383609;2528;1,22
383610;2506;0,67
383611;2512;0,82
383612;2541;1,55
383613;2517;0,95
383614;2559;2,01
383625;2549;1,76
383626;2495;0,39
383627;2503;0,59
383628;2501;0,54
383629;2513;0,85
383630;2544;1,63
383631;2512;0,82
383632;2528;1,22
383633;2599;3,02
383634;2527;1,20
383635;2605;3,17
383636;2559;2,01
383637;2523;1,10
383638;2613;3,38
383639;2553;1,86
383640;2622;3,60
383641;2503;0,59
383642;2588;2,74
383653;2559;2,01
383654;2512;0,82
383655;2544;1,63
383656;2500;0,52
383657;2495;0,39
383658;2502;0,57
383659;2509;0,74
383660;2529;1,25
383661;2549;1,76
383662;2496;0,41
383663;2511;0,79
383664;2529;1,25
383665;2559;2,01
383666;2559;2,01
383667;2506;0,67
383668;2518;0,97
383669;2559;2,01
383670;2529;1,25
383671;2529;1,25
383683;2544;1,63
383684;2545;1,65
383685;2498;0,47
383686;2506;0,67
383687;2514;0,87
383688;2498;0,47
383689;2552;1,83
383690;2544;1,63
383691;2587;2,72
383692;2501;0,54
383693;2545;1,65
383694;2502;0,57
383695;2513;0,85
383696;2555;1,91
383697;2511;0,79
383698;2497;0,44
383699;2592;2,84
383700;2513;0,85
383711;2546;1,68
383712;2519;1,00
383713;2593;2,87
383714;2512;0,82
383715;2523;1,10
383716;2531;1,30
383717;2559;2,01
383718;2523;1,10
383719;2545;1,65
383720;2501;0,54
383721;2512;0,82
383722;2513;0,85
383723;2559;2,01
383724;2557;1,96
383725;2505;0,64
383726;2518;0,97
383727;2543;1,60
383728;2559;2,01
383729;2547;1,71
383740;2509;0,74
383741;2607;3,22
383742;2503;0,59
383743;2535;1,40
383744;2535;1,40
383745;2559;2,01
383746;2510;0,77
383747;2499;0,49
383748;2495;0,39
383749;2555;1,91
383750;2555;1,91
383751;2504;0,62
383752;2511;0,79
383753;2517;0,95
383754;2651;4,34
383755;2502;0,57
383756;2497;0,44
383757;2503;0,59
383768;2499;0,49
383769;2511;0,79
383770;2521;1,05
383771;2533;1,35
383772;2501;0,54
383773;2549;1,76
383774;2537;1,45
383775;2527;1,20
383776;2496;0,41
383777;2503;0,59
383778;2502;0,57
383779;2525;1,15
383780;2550;1,78
383781;2506;0,67
383782;2505;0,64
383783;2559;2,01
383784;2545;1,65
383785;2559;2,01
383786;2544;1,63
383797;2523;1,10
383798;2502;0,57
383799;2500;0,52
383800;2501;0,54
383801;2630;3,81
383802;2516;0,92
383803;2505;0,64
383804;2499;0,49
383805;2512;0,82
383806;2551;1,81
383807;2511;0,79
383808;2507;0,69
383809;2505;0,64
383810;2505;0,64
383811;2535;1,40
383812;2509;0,74
383813;2585;2,67
383814;2503;0,59
383826;2494;0,36
383827;2496;0,41
383828;2497;0,44
383829;2537;1,45
383830;2496;0,41
383831;2496;0,41
383832;2497;0,44
383833;2503;0,59
383834;2501;0,54
383835;2496;0,41
383836;2493;0,34
383837;2498;0,47
383838;2501;0,54
383839;2499;0,49
383840;2496;0,41
383841;2503;0,59
383842;2496;0,41
383843;2498;0,47
383844;2496;0,41
383855;2517;0,95
383856;2496;0,41
383857;2500;0,52
383858;2512;0,82
383859;2515;0,90
383860;2502;0,57
383861;2510;0,77
383862;2527;1,20
383863;2505;0,64
383864;2549;1,76
383865;2586;2,69
383866;2505;0,64
383867;2512;0,82
383868;2507;0,69
383869;2524;1,12
383870;2502;0,57
383871;2526;1,17
383872;2522;1,07
383883;2622;3,60
383884;2501;0,54
383885;2509;0,74
383886;2559;2,01
383887;2530;1,28
383888;2510;0,77
383889;2503;0,59
383890;2594;2,89
383891;2543;1,60
383892;2559;2,01
383893;2559;2,01
383894;2527;1,20
383895;2512;0,82
383896;2511;0,79
383897;2526;1,17
383898;2585;2,67
383899;2547;1,71
383900;2597;2,97
383901;2503;0,59
383912;2534;1,38
383913;2499;0,49
383914;2512;0,82
383915;2672;4,87
383916;2509;0,74
383917;2611;3,32
383918;2518;0,97
383919;2608;3,25
383920;2545;1,65
383921;2502;0,57
383922;2522;1,07
383923;2555;1,91
383924;2514;0,87
383925;2537;1,45
383926;2519;1,00
383927;2517;0,95
383928;2535;1,40
383929;2513;0,85
383941;2645;4,19
383942;2530;1,28
383943;2511;0,79
383944;2538;1,48
383945;2528;1,22
383946;2641;4,08
383947;2537;1,45
383948;2528;1,22
383949;2515;0,90
383950;2512;0,82
383951;2615;3,43
383952;2525;1,15
383953;2549;1,76
383954;2533;1,35
383955;2511;0,79
383956;2559;2,01
383957;2535;1,40
383958;2523;1,10
383959;2511;0,79
383970;2559;2,01
383971;2559;2,01
383972;2539;1,50
383973;2555;1,91
383974;2587;2,72
383975;2558;1,98
383976;2512;0,82
383977;2554;1,88
383978;2559;2,01
383979;2627;3,73
383980;2512;0,82
383981;2587;2,72
383982;2587;2,72
383983;2546;1,68
383984;2559;2,01
383985;2540;1,53
383986;2559;2,01
383987;2544;1,63
383998;2551;1,81
383999;2530;1,28
384000;2527;1,20
384001;2545;1,65
384002;2547;1,71
384003;2608;3,25
384004;2530;1,28
384005;2525;1,15
384006;2559;2,01
384007;2514;0,87
384008;2525;1,15
384009;2527;1,20
384010;2539;1,50
384011;2559;2,01
384012;2517;0,95
384013;2485;0,14
384014;2530;1,28
384015;2537;1,45
384016;2503;0,59
384027;2525;1,15
384028;2507;0,69
384029;2514;0,87
384030;2523;1,10
384031;2534;1,38
384032;2559;2,01
384033;2502;0,57
384034;2512;0,82
384035;2559;2,01
384036;2515;0,90
384037;2559;2,01
384038;2510;0,77
384039;2512;0,82
384040;2525;1,15
384041;2512;0,82
384042;2544;1,63
384043;2525;1,15
384044;2526;1,17
384055;2514;0,87
384056;2624;3,65
384057;2511;0,79
384058;2590;2,79
384059;2553;1,86
384060;2559;2,01
384061;2559;2,01
384062;2559;2,01
384063;2557;1,96
384064;2523;1,10
384065;2583;2,62
384066;2512;0,82
384067;2517;0,95
384068;2519;1,00
384069;2545;1,65
384070;2531;1,30
384071;2583;2,62
384072;2529;1,25
384073;2512;0,82
384085;2523;1,10
384086;2530;1,28
384087;2524;1,12
384088;2519;1,00
384089;2527;1,20
384090;2525;1,15
384091;2517;0,95
384092;2526;1,17
384093;2519;1,00
384094;2523;1,10
384095;2527;1,20
384096;2519;1,00
384097;2522;1,07
384098;2513;0,85
384099;2528;1,22
384100;2528;1,22
384101;2527;1,20
384102;2515;0,90
384113;2655;4,44
384114;2559;2,01
384115;2559;2,01
384116;2559;2,01
384117;2531;1,30
384118;2559;2,01
384119;2559;2,01
384120;2559;2,01
384121;2559;2,01
384122;2528;1,22
384123;2618;3,50
384124;2553;1,86
384125;2647;4,24
384126;2531;1,30
384127;2528;1,22
384128;2582;2,59
384129;2645;4,19
384130;2640;4,06
384131;2540;1,53
384142;2554;1,88
384143;2543;1,60
384144;2554;1,88
384145;2544;1,63
384146;2612;3,35
384147;2581;2,57
384148;2623;3,63
384149;2555;1,91
384150;2559;2,01
384151;2559;2,01
384152;2598;3,00
384153;2541;1,55
384154;2667;4,74
384155;2557;1,96
384156;2583;2,62
384157;2690;5,32
384158;2541;1,55
384159;2559;2,01
384170;2534;1,38
384171;2544;1,63
384172;2544;1,63
384173;2538;1,48
384174;2531;1,30
384175;2528;1,22
384176;2557;1,96
384177;2559;2,01
384178;2559;2,01
384179;2535;1,40
384180;2595;2,92
384181;2557;1,96
384182;2559;2,01
384183;2544;1,63
384184;2521;1,05
384185;2559;2,01
384186;2533;1,35
384187;2546;1,68
384188;2529;1,25
384200;2559;2,01
384201;2640;4,06
384202;2675;4,94
384203;2627;3,73
384204;2537;1,45
384205;2559;2,01
384206;2544;1,63
384207;2635;3,93
384208;2548;1,73
384209;2559;2,01
384210;2610;3,30
384211;2556;1,93
384212;2559;2,01
384213;2559;2,01
384214;2546;1,68
384215;2544;1,63
384216;2544;1,63
384217;2550;1,78
384228;2555;1,91
384229;2559;2,01
384230;2559;2,01
384231;2559;2,01
384232;2597;2,97
384233;2559;2,01
384234;2587;2,72
384235;2583;2,62
384236;2588;2,74
384237;2550;1,78
384238;2559;2,01
384239;2559;2,01
384240;2553;1,86
384241;2559;2,01
384242;2559;2,01
384243;2559;2,01
384244;2559;2,01
384245;2595;2,92
384246;2559;2,01
384257;2588;2,74
384258;2559;2,01
384259;2559;2,01
384260;2554;1,88
384261;2597;2,97
384262;2557;1,96
384263;2557;1,96
384264;2587;2,72
384265;2623;3,63
384266;2609;3,27
384267;2559;2,01
384268;2557;1,96
384269;2559;2,01
384270;2559;2,01
384271;2658;4,51
384272;2624;3,65
384273;2624;3,65
384274;2559;2,01
384285;2559;2,01
384286;2559;2,01
384287;2592;2,84
384288;2559;2,01
384289;2559;2,01
384290;2559;2,01
384291;2591;2,82
384292;2559;2,01
384293;2559;2,01
384294;2559;2,01
384295;2581;2,57
384296;2592;2,84
384297;2592;2,84
384298;2557;1,96
384299;2583;2,62
384300;2559;2,01
384301;2583;2,62
384302;2559;2,01
384303;2595;2,92
384314;2640;4,06
384315;2614;3,40
384316;2559;2,01
384317;2586;2,69
384318;2674;4,92
384319;2581;2,57
384320;2583;2,62
384321;2597;2,97
384322;2587;2,72
384323;2640;4,06
384324;2589;2,77
384325;2592;2,84
384326;2606;3,20
384327;2597;2,97
384328;2599;3,02
384329;2595;2,92
384330;2598;3,00
384331;2591;2,82
384343;2597;2,97
384344;2611;3,32
384345;2595;2,92
384346;2620;3,55
384347;2599;3,02
384348;2606;3,20
384349;2610;3,30
384350;2637;3,98
384351;2659;4,54
384352;2653;4,39
384353;2603;3,12
384354;2630;3,81
384355;2608;3,25
384356;2599;3,02
384357;2627;3,73
384358;2606;3,20
384359;2593;2,87
384360;2607;3,22
384361;2640;4,06
384372;2614;3,40
384373;2590;2,79
384374;2611;3,32
384375;2621;3,58
384376;2624;3,65
384377;2623;3,63
384378;2615;3,43
384379;2618;3,50
384380;2637;3,98
384381;2629;3,78
384382;2624;3,65
384383;2627;3,73
384384;2635;3,93
384385;2627;3,73
384386;2624;3,65
384387;2626;3,70
384388;2624;3,65
384389;2629;3,78
384400;2624;3,65
384401;2710;5,83
384402;2659;4,54
384403;2624;3,65
384404;2621;3,58
384405;2625;3,68
384406;2626;3,70
384407;2671;4,84
384408;2613;3,38
384409;2675;4,94
384410;2669;4,79
384411;2624;3,65
384412;2637;3,98
384413;2625;3,68
384414;2673;4,89
384415;2630;3,81
384416;2687;5,25
384417;2749;6,82
384418;2667;4,74
384429;2631;3,83
384430;2626;3,70
384431;2673;4,89
384432;2643;4,13
384433;2659;4,54
384434;2653;4,39
384435;2640;4,06
384436;2640;4,06
384437;2640;4,06
384438;2666;4,72
384439;2652;4,36
384440;2643;4,13
384441;2656;4,46
384442;2678;5,02
384443;2650;4,31
384444;2646;4,21
384445;2640;4,06
384446;2642;4,11
384458;2670;4,82
384459;2705;5,70
384460;2658;4,51
384461;2650;4,31
384462;2669;4,79
384463;2662;4,62
384464;2666;4,72
384465;2665;4,69
384466;2657;4,49
384467;2699;5,55
384468;2646;4,21
384469;2669;4,79
384470;2650;4,31
384471;2651;4,34
384472;2656;4,46
384473;2674;4,92
384474;2672;4,87
384475;2659;4,54
384476;2653;4,39
384487;2674;4,92
384488;2672;4,87
384489;2683;5,15
384490;2672;4,87
384491;2702;5,63
384492;2672;4,87
384493;2673;4,89
384494;2674;4,92
384495;2695;5,45
384496;2672;4,87
384497;2704;5,68
384498;2671;4,84
384499;2672;4,87
384500;2672;4,87
384501;2656;4,46
384502;2694;5,43
384503;2667;4,74
384504;2674;4,92
384515;2700;5,58
384516;2676;4,97
384517;2668;4,77
384518;2698;5,53
384519;2670;4,82
384520;2679;5,05
384521;2693;5,40
384522;2704;5,68
384523;2779;7,58
384524;2709;5,80
384525;2704;5,68
384526;2730;6,34
384527;2735;6,46
384528;2769;7,32
384529;2715;5,96
384530;2729;6,31
384531;2737;6,51
384532;2854;9,47
384533;2747;6,77
384544;2800;8,11
384545;2801;8,13
384546;2881;10,16
384547;2801;8,13
384548;2814;8,46
384549;2835;8,99
384550;2809;8,34
384551;2816;8,51
384552;2896;10,54
384553;2819;8,59
384554;2783;7,68
384555;2778;7,55
384556;2883;10,21
384557;2795;7,98
384558;2843;9,20
384559;2845;9,25
384560;2817;8,54
384561;2756;6,99
384572;2736;6,49
384573;2753;6,92
384574;2720;6,08
384575;2759;7,07
384576;2727;6,26
384577;2734;6,44
384578;2710;5,83
384579;2709;5,80
384580;2721;6,11
384581;2734;6,44
384582;2718;6,03
384583;2724;6,18
384584;2719;6,06
384585;2717;6,01
384586;2713;5,91
384587;2715;5,96
384588;2766;7,25
384589;2749;6,82
384601;2864;9,73
384602;2789;7,83
384603;2798;8,06
384604;2771;7,37
384605;2759;7,07
384606;2834;8,97
384607;2767;7,27
384608;2784;7,70
384609;2775;7,47
384610;2800;8,11
384611;2801;8,13
384612;2793;7,93
384613;2829;8,84
384614;2804;8,21
384615;2777;7,53
384616;2845;9,25
384617;2856;9,52
384618;2866;9,78
384619;2830;8,87
384630;2800;8,11
384631;2787;7,78
384632;2790;7,85
384633;2791;7,88
384634;2794;7,96
384635;2794;7,96
384636;2790;7,85
384637;2793;7,93
384638;2791;7,88
384639;2800;8,11
384640;2795;7,98
384641;2810;8,36
384642;2800;8,11
384643;2794;7,96
384644;2791;7,88
384645;2794;7,96
384646;2800;8,11
384647;2802;8,16
384658;2826;8,77
384659;2797;8,03
384660;2879;10,11
384661;2828;8,82
384662;2817;8,54
384663;2797;8,03
384664;2800;8,11
384665;2814;8,46
384666;2800;8,11
384667;2837;9,04
384668;2851;9,40
384669;2807;8,28
384670;2798;8,06
384671;2790;7,85
384672;2832;8,92
384673;2861;9,65
384674;2832;8,92
384675;2850;9,37
384676;2831;8,89
384687;2806;8,26
384688;2803;8,18
384689;2832;8,92
384690;2811;8,39
384691;2800;8,11
384692;2826;8,77
384693;2832;8,92
384694;2805;8,23
384695;2855;9,50
384696;2887;10,31
384697;2815;8,49
384698;2833;8,94
384699;2826;8,77
384700;2821;8,64
384701;2864;9,73
384702;2821;8,64
384703;2815;8,49
384704;2858;9,57
384716;2853;9,45
384717;2864;9,73
384718;2849;9,35
384719;2843;9,20
384720;2898;10,59
384721;2875;10,01
384722;2838;9,07
384723;2846;9,27
384724;2851;9,40
384725;2896;10,54
384726;2838;9,07
384727;2866;9,78
384728;2845;9,25
384729;2835;8,99
384730;2880;10,13
384731;2835;8,99
384732;2854;9,47
384733;2849;9,35
384744;2841;9,14
384745;2848;9,32
384746;2845;9,25
384747;2842;9,17
384748;2838;9,07
384749;2864;9,73
384750;2843;9,20
384751;2928;11,35
384752;2847;9,30
384753;2845;9,25
384754;2843;9,20
384755;2845;9,25
384756;2845;9,25
384757;2839;9,09
384758;2837;9,04
384759;2850;9,37
384760;2845;9,25
384761;2849;9,35
384772;2962;12,21
384773;2874;9,98
384774;2863;9,70
384775;2870;9,88
384776;2862;9,68
384777;2887;10,31
384778;2880;10,13
384779;2876;10,03
384780;2864;9,73
384781;2854;9,47
384782;2871;9,90
384783;2868;9,83
384784;2864;9,73
384785;2864;9,73
384786;2855;9,50
384787;2871;9,90
384788;2903;10,71
384789;2921;11,17
384800;2862;9,68
384801;2903;10,71
384802;2874;9,98
384803;2865;9,75
384804;2882;10,18
384805;2881;10,16
384806;2871;9,90
384807;2913;10,97
384808;2874;9,98
384809;2864;9,73
384810;2876;10,03
384811;2891;10,41
384812;2871;9,90
384813;2886;10,28
384814;2864;9,73
384815;2873;9,95
384816;2876;10,03
384827;2894;10,49
384828;2901;10,66
384829;2881;10,16
384830;2880;10,13
384831;2913;10,97
384832;2923;11,22
384833;2887;10,31
384834;2883;10,21
384835;2895;10,51
384836;2886;10,28
384837;2925;11,27
384838;2890;10,38
384839;2881;10,16
384840;2892;10,44
384841;2887;10,31
384842;2954;12,00
384854;2880;10,13
384855;2967;12,33
384856;2897;10,56
384857;2903;10,71
384858;2895;10,51
384859;2960;12,16
384860;2926;11,30
384861;2903;10,71
384862;2969;12,38
384863;2896;10,54
384864;2891;10,41
384865;2903;10,71
384866;2919;11,12
384867;2903;10,71
384868;2896;10,54
384869;2896;10,54
384880;2978;12,61
384881;2991;12,94
384882;2972;12,46
384883;2905;10,76
384884;2949;11,88
384885;2896;10,54
384886;2967;12,33
384887;2959;12,13
384888;2916;11,04
384889;3002;13,22
384890;2891;10,41
384891;2957;12,08
384892;2958;12,11
384893;2967;12,33
384894;2896;10,54
384895;2899;10,61
384906;2895;10,51
384907;2941;11,68
384908;2890;10,38
384909;2898;10,59
384910;2939;11,62
384911;2889;10,36
384912;2882;10,18
384913;2886;10,28
384914;2921;11,17
384915;2894;10,49
384916;2879;10,11
384917;2889;10,36
384918;2883;10,21
384919;2889;10,36
384920;2939;11,62
384921;2892;10,44
384932;2892;10,44
384933;2881;10,16
384934;2886;10,28
384935;2895;10,51
384936;2891;10,41
384937;2878;10,08
384938;2917;11,07
384939;2905;10,76
384940;2882;10,18
384941;2959;12,13
384942;2880;10,13
384943;2896;10,54
384944;2891;10,41
384945;2877;10,06
384946;2890;10,38
384947;2877;10,06
384959;2891;10,41
384960;2887;10,31
384961;2893;10,46
384962;2896;10,54
384963;2883;10,21
384964;2883;10,21
384965;2887;10,31
384966;2959;12,13
384967;2909;10,87
384968;2896;10,54
384969;2883;10,21
384970;2891;10,41
384971;2932;11,45
384972;2926;11,30
384973;2895;10,51
384974;2893;10,46
384985;2890;10,38
384986;2889;10,36
384987;2892;10,44
384988;2882;10,18
384989;2915;11,02
384990;2871;9,90
384991;2884;10,23
384992;2887;10,31
384993;2879;10,11
384994;2918;11,09
384995;2884;10,23
384996;2863;9,70
384997;2868;9,83
384998;2874;9,98
384999;2878;10,08
385000;2877;10,06
385001;2875;10,01
385012;2986;12,81
385013;2978;12,61
385014;2879;10,11
385015;2905;10,76
385016;2902;10,69
385017;2977;12,59
385018;2885;10,26
385019;2896;10,54
385020;2905;10,76
385021;2886;10,28
385022;2896;10,54
385023;2899;10,61
385024;2901;10,66
385025;2938;11,60
385026;2882;10,18
385027;2906;10,79
385038;2930;11,40
385039;2941;11,68
385040;2894;10,49
385041;2911;10,92
385042;2922;11,19
385043;2922;11,19
385044;2960;12,16
385045;2917;11,07
385046;2865;9,75
385047;2891;10,41
385048;2897;10,56
385049;2906;10,79
385050;2855;9,50
385051;2925;11,27
385052;2864;9,73
385053;2860;9,63
385064;2886;10,28
385065;2923;11,22
385066;2875;10,01
385067;2887;10,31
385068;2865;9,75
385069;2905;10,76
385070;2946;11,80
385071;2961;12,18
385072;2906;10,79
385073;2903;10,71
385074;2901;10,66
385075;2885;10,26
385076;2911;10,92
385077;2885;10,26
385078;2880;10,13
385079;2935;11,52
385091;2839;9,09
385092;2865;9,75
385093;2879;10,11
385094;2857;9,55
385095;2858;9,57
385096;2847;9,30
385097;2864;9,73
385098;2881;10,16
385099;2842;9,17
385100;2843;9,20
385101;2863;9,70
385102;2842;9,17
385103;2885;10,26
385104;2849;9,35
385105;2880;10,13
385106;2879;10,11
385107;2919;11,12
385108;2904;10,74
385119;2970;12,41
385120;2954;12,00
385121;2899;10,61
385122;3015;13,55
385123;2977;12,59
385124;2959;12,13
385125;2942;11,70
385126;2947;11,83
385127;2902;10,69
385128;3009;13,40
385129;2986;12,81
385130;2879;10,11
385131;2943;11,73
385132;2974;12,51
385133;2864;9,73
385134;2864;9,73
385145;2862;9,68
385146;2850;9,37
385147;2878;10,08
385148;2832;8,92
385149;2859;9,60
385150;2886;10,28
385151;2894;10,49
385152;2839;9,09
385153;2889;10,36
385154;2852;9,42
385155;2907;10,81
385156;2862;9,68
385157;2898;10,59
385158;2863;9,70
385159;2947;11,83
385160;2870;9,88
385161;2894;10,49
385172;2898;10,59
385173;2866;9,78
385174;2866;9,78
385175;2863;9,70
385176;2887;10,31
385177;2898;10,59
385178;2871;9,90
385179;2928;11,35
385180;2865;9,75
385181;2870;9,88
385182;2951;11,93
385183;2864;9,73
385184;2857;9,55
385185;2869;9,85
385186;2867;9,80
385187;2898;10,59
385188;2855;9,50
385189;2855;9,50
385200;2847;9,30
385201;2864;9,73
385202;2877;10,06
385203;2895;10,51
385204;2959;12,13
385205;2853;9,45
385206;2864;9,73
385207;2895;10,51
385208;2928;11,35
385209;2851;9,40
385210;2886;10,28
385211;2870;9,88
385212;2861;9,65
385213;2898;10,59
385214;2922;11,19
385215;2902;10,69
385216;2883;10,21
385228;2907;10,81
385229;2958;12,11
385230;2867;9,80
385231;2857;9,55
385232;2883;10,21
385233;2896;10,54
385234;2855;9,50
385235;2864;9,73
385236;2887;10,31
385237;2855;9,50
385238;2855;9,50
385239;2855;9,50
385240;2863;9,70
385241;2859;9,60
385242;2891;10,41
385243;2854;9,47
385244;2848;9,32
385255;2855;9,50
385256;2864;9,73
385257;2862;9,68
385258;2869;9,85
385259;2864;9,73
385260;2864;9,73
385261;2867;9,80
385262;2865;9,75
385263;2869;9,85
385264;2871;9,90
385265;2875;10,01
385266;2877;10,06
385267;2867;9,80
385268;2909;10,87
385269;2931;11,42
385270;2881;10,16
385271;2866;9,78
385272;2918;11,09
385283;2923;11,22
385284;2938;11,60
385285;2839;9,09
385286;2874;9,98
385287;2872;9,93
385288;2876;10,03
385289;2905;10,76
385290;2858;9,57
385291;2871;9,90
385292;2896;10,54
385293;2864;9,73
385294;2907;10,81
385295;2860;9,63
385296;2881;10,16
385297;2858;9,57
385298;2859;9,60
385299;2855;9,50
385310;2864;9,73
385311;2927;11,32
385312;2879;10,11
385313;2862;9,68
385314;2876;10,03
385315;2870;9,88
385316;2863;9,70
385317;2879;10,11
385318;2853;9,45
385319;2861;9,65
385320;2863;9,70
385321;2854;9,47
385322;2887;10,31
385323;2880;10,13
385324;2896;10,54
385325;2883;10,21
385326;2853;9,45
385338;2863;9,70
385339;2857;9,55
385340;2933;11,47
385341;2862;9,68
385342;2882;10,18
385343;2848;9,32
385344;2835;8,99
385345;2944;11,75
385346;2868;9,83
385347;2864;9,73
385348;2853;9,45
385349;2849;9,35
385350;2844;9,22
385351;2833;8,94
385352;2833;8,94
385353;2857;9,55
385354;2858;9,57
385355;2858;9,57
385366;2928;11,35
385367;2934;11,50
385368;2943;11,73
385369;2931;11,42
385370;2849;9,35
385371;2842;9,17
385372;2912;10,94
385373;2935;11,52
385374;2946;11,80
385375;2943;11,73
385376;2958;12,11
385377;2965;12,28
385378;2906;10,79
385379;2960;12,16
385380;2960;12,16
385381;2973;12,48
385382;2983;12,74
385393;2844;9,22
385394;2827;8,79
385395;2838;9,07
385396;2865;9,75
385397;2928;11,35
385398;2964;12,26
385399;2831;8,89
385400;2850;9,37
385401;2861;9,65
385402;2896;10,54
385403;2860;9,63
385404;2825;8,74
385405;2829;8,84
385406;2832;8,92
385407;2854;9,47
385408;2827;8,79
385409;2822;8,66
385410;2822;8,66
385421;2892;10,44
385422;2910;10,89
385423;2833;8,94
385424;2847;9,30
385425;2905;10,76
385426;2834;8,97
385427;2839;9,09
385428;2853;9,45
385429;2832;8,92
385430;2960;12,16
385431;2855;9,50
385432;2883;10,21
385433;2858;9,57
385434;2879;10,11
385435;2903;10,71
385436;2903;10,71
385437;2883;10,21
385448;2858;9,57
385449;2852;9,42
385450;2839;9,09
385451;2847;9,30
385452;2834;8,97
385453;2891;10,41
385454;2839;9,09
385455;2862;9,68
385456;2896;10,54
385457;2950;11,90
385458;2811;8,39
385459;2834;8,97
385460;2837;9,04
385461;2883;10,21
385462;2852;9,42
385463;2832;8,92
385464;2833;8,94
385465;2830;8,87
385477;2818;8,56
385478;2821;8,64
385479;2828;8,82
385480;2815;8,49
385481;2803;8,18
385482;2809;8,34
385483;2806;8,26
385484;2817;8,54
385485;2826;8,77
385486;2817;8,54
385487;2815;8,49
385488;2835;8,99
385489;2844;9,22
385490;2826;8,77
385491;2832;8,92
385492;2833;8,94
385493;2832;8,92
385494;2834;8,97
385505;2869;9,85
385506;2847;9,30
385507;2843;9,20
385508;2954;12,00
385509;2847;9,30
385510;2874;9,98
385511;2830;8,87
385512;2823;8,69
385513;2849;9,35
385514;2847;9,30
385515;2899;10,61
385516;2834;8,97
385517;2832;8,92
385518;2857;9,55
385519;2837;9,04
385520;2855;9,50
385521;2826;8,77
385522;2819;8,59
385533;2811;8,39
385534;2852;9,42
385535;2811;8,39
385536;2800;8,11
385537;2815;8,49
385538;2854;9,47
385539;2829;8,84
385540;2810;8,36
385541;2806;8,26
385542;2817;8,54
385543;2862;9,68
385544;2831;8,89
385545;2841;9,14
385546;2818;8,56
385547;2809;8,34
385548;2849;9,35
385549;2870;9,88
385550;2830;8,87
385551;2906;10,79
385562;2910;10,89
385563;2829;8,84
385564;2819;8,59
385565;2838;9,07
385566;2879;10,11
385567;2906;10,79
385568;2867;9,80
385569;2829;8,84
385570;2836;9,02
385571;2914;10,99
385572;2893;10,46
385573;2815;8,49
385574;2863;9,70
385575;2822;8,66
385576;2864;9,73
385577;2876;10,03
385578;2803;8,18
385589;2847;9,30
385590;2827;8,79
385591;2798;8,06
385592;2824;8,71
385593;2814;8,46
385594;2847;9,30
385595;2815;8,49
385596;2807;8,28
385597;2807;8,28
385598;2852;9,42
385599;2896;10,54
385600;2854;9,47
385601;2813;8,44
385602;2839;9,09
385603;2858;9,57
385604;2818;8,56
385605;2814;8,46
385606;2833;8,94
385618;2829;8,84
385619;2818;8,56
385620;2821;8,64
385621;2803;8,18
385622;2819;8,59
385623;2827;8,79
385624;2818;8,56
385625;2813;8,44
385626;2806;8,26
385627;2801;8,13
385628;2807;8,28
385629;2806;8,26
385630;2800;8,11
385631;2804;8,21
385632;2803;8,18
385633;2797;8,03
385634;2795;7,98
385635;2793;7,93
385636;2787;7,78
385647;2796;8,01
385648;2825;8,74
385649;2797;8,03
385650;2789;7,83
385651;2814;8,46
385652;2797;8,03
385653;2835;8,99
385654;2794;7,96
385655;2817;8,54
385656;2812;8,41
385657;2816;8,51
385658;2854;9,47
385659;2832;8,92
385660;2805;8,23
385661;2817;8,54
385662;2821;8,64
385663;2857;9,55
385664;2813;8,44
385675;2807;8,28
385676;2815;8,49
385677;2841;9,14
385678;2891;10,41
385679;2810;8,36
385680;2822;8,66
385681;2830;8,87
385682;2891;10,41
385683;2815;8,49
385684;2814;8,46
385685;2828;8,82
385686;2891;10,41
385687;2834;8,97
385688;2815;8,49
385689;2821;8,64
385690;2871;9,90
385691;2823;8,69
385692;2802;8,16
385703;2810;8,36
385704;2807;8,28
385705;2813;8,44
385706;2821;8,64
385707;2801;8,13
385708;2827;8,79
385709;2896;10,54
385710;2835;8,99
385711;2868;9,83
385712;2803;8,18
385713;2809;8,34
385714;2821;8,64
385715;2815;8,49
385716;2802;8,16
385717;2803;8,18
385718;2839;9,09
385719;2800;8,11
385720;2832;8,92
385721;2815;8,49
385733;2823;8,69
385734;2807;8,28
385735;2811;8,39
385736;2819;8,59
385737;2869;9,85
385738;2807;8,28
385739;2803;8,18
385740;2815;8,49
385741;2833;8,94
385742;2834;8,97
385743;2815;8,49
385744;2877;10,06
385745;2898;10,59
385746;2895;10,51
385747;2846;9,27
385748;2811;8,39
385749;2810;8,36
385750;2902;10,69
385761;2835;8,99
385762;2834;8,97
385763;2806;8,26
385764;2832;8,92
385765;2799;8,08
385766;2823;8,69
385767;2834;8,97
385768;2831;8,89
385769;2838;9,07
385770;2861;9,65
385771;2839;9,09
385772;2882;10,18
385773;2877;10,06
385774;2819;8,59
385775;2835;8,99
385776;2830;8,87
385777;2819;8,59
385778;2864;9,73
385789;2842;9,17
385790;2822;8,66
385791;2928;11,35
385792;2815;8,49
385793;2857;9,55
385794;2845;9,25
385795;2867;9,80
385796;2819;8,59
385797;2866;9,78
385798;2830;8,87
385799;2898;10,59
385800;2811;8,39
385801;2785;7,73
385802;2824;8,71
385803;2922;11,19
385804;2867;9,80
385805;2809;8,34
385806;2810;8,36
385817;2819;8,59
385818;2864;9,73
385819;2803;8,18
385820;2807;8,28
385821;2842;9,17
385822;2801;8,13
385823;2800;8,11
385824;2816;8,51
385825;2816;8,51
385826;2817;8,54
385827;2824;8,71
385828;2869;9,85
385829;2829;8,84
385830;2801;8,13
385831;2857;9,55
385832;2899;10,61
385833;2812;8,41
385834;2813;8,44
385845;2816;8,51
385846;2800;8,11
385847;2803;8,18
385848;2802;8,16
385849;2807;8,28
385850;2817;8,54
385851;2807;8,28
385852;2835;8,99
385853;2805;8,23
385854;2800;8,11
385855;2816;8,51
385856;2816;8,51
385857;2800;8,11
385858;2807;8,28
385859;2815;8,49
385860;2817;8,54
385861;2852;9,42
385862;2813;8,44
385863;2810;8,36
385875;2803;8,18
385876;2849;9,35
385877;2811;8,39
385878;2890;10,38
385879;2801;8,13
385880;2925;11,27
385881;2821;8,64
385882;2812;8,41
385883;2819;8,59
385884;2833;8,94
385885;2819;8,59
385886;2811;8,39
385887;2833;8,94
385888;2859;9,60
385889;2819;8,59
385890;2902;10,69
385891;2813;8,44
385892;2816;8,51
385903;2801;8,13
385904;2823;8,69
385905;2816;8,51
385906;2832;8,92
385907;2832;8,92
385908;2868;9,83
385909;2819;8,59
385910;2817;8,54
385911;2825;8,74
385912;2817;8,54
385913;2800;8,11
385914;2817;8,54
385915;2822;8,66
385916;2799;8,08
385917;2829;8,84
385918;2802;8,16
385919;2867;9,80
385920;2800;8,11
385931;2813;8,44
385932;2799;8,08
385933;2797;8,03
385934;2803;8,18
385935;2815;8,49
385936;2846;9,27
385937;2797;8,03
385938;2836;9,02
385939;2795;7,98
385940;2811;8,39
385941;2809;8,34
385942;2800;8,11
385943;2797;8,03
385944;2800;8,11
385945;2839;9,09
385946;2793;7,93
385947;2785;7,73
385948;2800;8,11
385949;2795;7,98
385960;2787;7,78
385961;2787;7,78
385962;2785;7,73
385963;2807;8,28
385964;2803;8,18
385965;2793;7,93
385966;2813;8,44
385967;2796;8,01
385968;2786;7,75
385969;2783;7,68
385970;2871;9,90
385971;2817;8,54
385972;2782;7,65
385973;2829;8,84
385974;2787;7,78
385975;2787;7,78
385976;2784;7,70
385977;2789;7,83
385988;2864;9,73
385989;2810;8,36
385990;2799;8,08
385991;2853;9,45
385992;2799;8,08
385993;2803;8,18
385994;2881;10,16
385995;2794;7,96
385996;2798;8,06
385997;2819;8,59
385998;2812;8,41
385999;2798;8,06
386000;2800;8,11
386001;2802;8,16
386002;2800;8,11
386003;2793;7,93
386004;2801;8,13
386005;2803;8,18
386017;2788;7,80
386018;2789;7,83
386019;2791;7,88
386020;2782;7,65
386021;2785;7,73
386022;2789;7,83
386023;2787;7,78
386024;2787;7,78
386025;2789;7,83
386026;2787;7,78
386027;2796;8,01
386028;2790;7,85
386029;2790;7,85
386030;2783;7,68
386031;2791;7,88
386032;2787;7,78
386033;2791;7,88
386034;2787;7,78
386035;2789;7,83
386046;2803;8,18
386047;2839;9,09
386048;2836;9,02
386049;2794;7,96
386050;2799;8,08
386051;2841;9,14
386052;2839;9,09
386053;2843;9,20
386054;2800;8,11
386055;2806;8,26
386056;2842;9,17
386057;2800;8,11
386058;2834;8,97
386059;2775;7,47
386060;2831;8,89
386061;2819;8,59
386062;2781;7,63
386063;2803;8,18
386074;2768;7,30
386075;2817;8,54
386076;2768;7,30
386077;2771;7,37
386078;2825;8,74
386079;2784;7,70
386080;2779;7,58
386081;2783;7,68
386082;2808;8,31
386083;2759;7,07
386084;2766;7,25
386085;2787;7,78
386086;2767;7,27
386087;2765;7,22
386088;2762;7,15
386089;2789;7,83
386090;2813;8,44
386091;2835;8,99
386092;2768;7,30
386103;2761;7,12
386104;2771;7,37
386105;2751;6,87
386106;2755;6,97
386107;2861;9,65
386108;2765;7,22
386109;2774;7,45
386110;2778;7,55
386111;2803;8,18
386112;2768;7,30
386113;2772;7,40
386114;2761;7,12
386115;2762;7,15
386116;2753;6,92
386117;2817;8,54
386118;2782;7,65
386119;2826;8,77
386120;2751;6,87
386132;2768;7,30
386133;2752;6,89
386134;2748;6,79
386135;2768;7,30
386136;2738;6,54
386137;2737;6,51
386138;2745;6,72
386139;2768;7,30
386140;2752;6,89
386141;2729;6,31
386142;2794;7,96
386143;2832;8,92
386144;2768;7,30
386145;2790;7,85
386146;2743;6,66
386147;2754;6,94
386148;2736;6,49
386149;2818;8,56
386150;2742;6,64
386161;2734;6,44
386162;2736;6,49
386163;2749;6,82
386164;2736;6,49
386165;2740;6,59
386166;2741;6,61
386167;2739;6,56
386168;2737;6,51
386169;2736;6,49
386170;2741;6,61
386171;2759;7,07
386172;2751;6,87
386173;2736;6,49
386174;2735;6,46
386175;2736;6,49
386176;2731;6,36
386177;2736;6,49
386178;2741;6,61
386189;2784;7,70
386190;2746;6,74
386191;2748;6,79
386192;2779;7,58
386193;2727;6,26
386194;2727;6,26
386195;2752;6,89
386196;2731;6,36
386197;2730;6,34
386198;2718;6,03
386199;2741;6,61
386200;2747;6,77
386201;2835;8,99
386202;2721;6,11
386203;2723;6,16
386204;2726;6,23
386205;2743;6,66
386206;2729;6,31
386207;2816;8,51
386218;2807;8,28
386219;2736;6,49
386220;2721;6,11
386221;2813;8,44
386222;2721;6,11
386223;2734;6,44
386224;2738;6,54
386225;2738;6,54
386226;2719;6,06
386227;2725;6,21
386228;2730;6,34
386229;2724;6,18
386230;2804;8,21
386231;2711;5,86
386232;2758;7,04
386233;2747;6,77
386234;2790;7,85
386235;2758;7,04
386246;2711;5,86
386247;2709;5,80
386248;2715;5,96
386249;2736;6,49
386250;2705;5,70
386251;2708;5,78
386252;2721;6,11
386253;2703;5,65
386254;2716;5,98
386255;2762;7,15
386256;2703;5,65
386257;2704;5,68
386258;2698;5,53
386259;2704;5,68
386260;2704;5,68
386261;2704;5,68
386262;2710;5,83
386263;2695;5,45
386264;2742;6,64
386276;2699;5,55
386277;2689;5,30
386278;2688;5,27
386279;2688;5,27
386280;2688;5,27
386281;2725;6,21
386282;2695;5,45
386283;2705;5,70
386284;2727;6,26
386285;2690;5,32
386286;2700;5,58
386287;2693;5,40
386288;2758;7,04
386289;2689;5,30
386290;2693;5,40
386291;2704;5,68
386292;2693;5,40
386293;2689;5,30
386304;2717;6,01
386305;2689;5,30
386306;2774;7,45
386307;2741;6,61
386308;2699;5,55
386309;2702;5,63
386310;2733;6,41
386311;2704;5,68
386312;2758;7,04
386313;2704;5,68
386314;2751;6,87
386315;2705;5,70
386316;2695;5,45
386317;2731;6,36
386318;2704;5,68
386319;2711;5,86
386320;2736;6,49
386321;2742;6,64
386322;2714;5,93
386333;2706;5,73
386334;2704;5,68
386335;2689;5,30
386336;2723;6,16
386337;2791;7,88
386338;2711;5,86
386339;2695;5,45
386340;2740;6,59
386341;2688;5,27
386342;2694;5,43
386343;2693;5,40
386344;2688;5,27
386345;2736;6,49
386346;2716;5,98
386347;2697;5,50
386348;2735;6,46
386349;2782;7,65
386350;2702;5,63
386361;2699;5,55
386362;2749;6,82
386363;2710;5,83
386364;2751;6,87
386365;2682;5,12
386366;2682;5,12
386367;2710;5,83
386368;2688;5,27
386369;2690;5,32
386370;2704;5,68
386371;2693;5,40
386372;2729;6,31
386373;2725;6,21
386374;2683;5,15
386375;2688;5,27
386376;2783;7,68
386377;2714;5,93
386378;2716;5,98
386379;2688;5,27
386391;2686;5,22
386392;2695;5,45
386393;2687;5,25
386394;2682;5,12
386395;2800;8,11
386396;2724;6,18
386397;2717;6,01
386398;2683;5,15
386399;2698;5,53
386400;2698;5,53
386401;2685;5,20
386402;2761;7,12
386403;2689;5,30
386404;2704;5,68
386405;2751;6,87
386406;2687;5,25
386407;2736;6,49
386408;2691;5,35
386419;2701;5,60
386420;2701;5,60
386421;2697;5,50
386422;2726;6,23
386423;2702;5,63
386424;2699;5,55
386425;2686;5,22
386426;2694;5,43
386427;2711;5,86
386428;2744;6,69
386429;2710;5,83
386430;2749;6,82
386431;2707;5,75
386432;2707;5,75
386433;2705;5,70
386434;2755;6,97
386435;2752;6,89
386436;2703;5,65
386437;2706;5,73
386448;2698;5,53
386449;2703;5,65
386450;2717;6,01
386451;2697;5,50
386452;2711;5,86
386453;2730;6,34
386454;2738;6,54
386455;2717;6,01
386456;2746;6,74
386457;2801;8,13
386458;2700;5,58
386459;2699;5,55
386460;2735;6,46
386461;2687;5,25
386462;2703;5,65
386463;2691;5,35
386464;2718;6,03
386465;2689;5,30
386476;2682;5,12
386477;2701;5,60
386478;2695;5,45
386479;2688;5,27
386480;2689;5,30
386481;2720;6,08
386482;2679;5,05
386483;2698;5,53
386484;2705;5,70
386485;2685;5,20
386486;2697;5,50
386487;2735;6,46
386488;2702;5,63
386489;2695;5,45
386490;2786;7,75
386491;2706;5,73
386492;2699;5,55
386493;2801;8,13
386494;2702;5,63
386505;2706;5,73
386506;2800;8,11
386507;2707;5,75
386508;2801;8,13
386509;2817;8,54
386510;2705;5,70
386511;2717;6,01
386512;2722;6,13
386513;2736;6,49
386514;2698;5,53
386515;2698;5,53
386516;2707;5,75
386517;2685;5,20
386518;2694;5,43
386519;2711;5,86
386520;2695;5,45
386521;2718;6,03
386522;2721;6,11
386534;2687;5,25
386535;2691;5,35
386536;2686;5,22
386537;2683;5,15
386538;2682;5,12
386539;2688;5,27
386540;2713;5,91
386541;2704;5,68
386542;2691;5,35
386543;2691;5,35
386544;2688;5,27
386545;2731;6,36
386546;2696;5,48
386547;2698;5,53
386548;2704;5,68
386549;2716;5,98
386550;2719;6,06
386551;2714;5,93
386552;2701;5,60
386563;2791;7,88
386564;2794;7,96
386565;2745;6,72
386566;2726;6,23
386567;2736;6,49
386568;2726;6,23
386569;2779;7,58
386570;2767;7,27
386571;2736;6,49
386572;2723;6,16
386573;2745;6,72
386574;2727;6,26
386575;2721;6,11
386576;2723;6,16
386577;2733;6,41
386578;2737;6,51
386579;2768;7,30
386580;2710;5,83
386591;2705;5,70
386592;2697;5,50
386593;2701;5,60
386594;2687;5,25
386595;2687;5,25
386596;2723;6,16
386597;2731;6,36
386598;2691;5,35
386599;2687;5,25
386600;2682;5,12
386601;2690;5,32
386602;2707;5,75
386603;2725;6,21
386604;2691;5,35
386605;2687;5,25
386606;2721;6,11
386607;2735;6,46
386608;2721;6,11
386609;2756;6,99
386620;2826;8,77
386621;2711;5,86
386622;2734;6,44
386623;2727;6,26
386624;2819;8,59
386625;2746;6,74
386626;2721;6,11
386627;2718;6,03
386628;2741;6,61
386629;2733;6,41
386630;2746;6,74
386631;2777;7,53
386632;2733;6,41
386633;2736;6,49
386634;2725;6,21
386635;2740;6,59
386636;2768;7,30
386637;2800;8,11
386649;2715;5,96
386650;2723;6,16
386651;2755;6,97
386652;2704;5,68
386653;2717;6,01
386654;2704;5,68
386655;2717;6,01
386656;2704;5,68
386657;2736;6,49
386658;2695;5,45
386659;2703;5,65
386660;2736;6,49
386661;2728;6,29
386662;2695;5,45
386663;2699;5,55
386664;2689;5,30
386665;2718;6,03
386666;2736;6,49
386667;2694;5,43
386678;2758;7,04
386679;2689;5,30
386680;2780;7,60
386681;2690;5,32
386682;2768;7,30
386683;2733;6,41
386684;2741;6,61
386685;2736;6,49
386686;2766;7,25
386687;2746;6,74
386688;2775;7,47
386689;2771;7,37
386690;2751;6,87
386691;2747;6,77
386692;2793;7,93
386693;2773;7,42
386694;2791;7,88
386695;2767;7,27
386706;2774;7,45
386707;2755;6,97
386708;2752;6,89
386709;2778;7,55
386710;2746;6,74
386711;2771;7,37
386712;2737;6,51
386713;2845;9,25
386714;2837;9,04
386715;2736;6,49
386716;2733;6,41
386717;2731;6,36
386718;2730;6,34
386719;2765;7,22
386720;2711;5,86
386721;2722;6,13
386722;2735;6,46
386723;2827;8,79
386724;2725;6,21
386735;2700;5,58
386736;2752;6,89
386737;2699;5,55
386738;2695;5,45
386739;2691;5,35
386740;2737;6,51
386741;2736;6,49
386742;2704;5,68
386743;2682;5,12
386744;2707;5,75
386745;2675;4,94
386746;2729;6,31
386747;2718;6,03
386748;2768;7,30
386749;2704;5,68
386750;2706;5,73
386751;2704;5,68
386752;2710;5,83
386763;2704;5,68
386764;2704;5,68
386765;2718;6,03
386766;2724;6,18
386767;2806;8,26
386768;2786;7,75
386769;2735;6,46
386770;2727;6,26
386771;2780;7,60
386772;2724;6,18
386773;2726;6,23
386774;2745;6,72
386775;2729;6,31
386776;2735;6,46
386777;2733;6,41
386778;2741;6,61
386779;2739;6,56
386780;2755;6,97
386781;2751;6,87
386793;2765;7,22
386794;2747;6,77
386795;2736;6,49
386796;2742;6,64
386797;2740;6,59
386798;2736;6,49
386799;2730;6,34
386800;2751;6,87
386801;2729;6,31
386802;2731;6,36
386803;2733;6,41
386804;2783;7,68
386805;2750;6,84
386806;2710;5,83
386807;2709;5,80
386808;2806;8,26
386809;2743;6,66
386810;2704;5,68
386821;2695;5,45
386822;2729;6,31
386823;2719;6,06
386824;2724;6,18
386825;2715;5,96
386826;2739;6,56
386827;2714;5,93
386828;2722;6,13
386829;2705;5,70
386830;2762;7,15
386831;2701;5,60
386832;2695;5,45
386833;2726;6,23
386834;2738;6,54
386835;2704;5,68
386836;2733;6,41
386837;2723;6,16
386838;2724;6,18
386839;2710;5,83
386850;2734;6,44
386851;2745;6,72
386852;2739;6,56
386853;2731;6,36
386854;2735;6,46
386855;2767;7,27
386856;2736;6,49
386857;2739;6,56
386858;2802;8,16
386859;2740;6,59
386860;2748;6,79
386861;2736;6,49
386862;2735;6,46
386863;2742;6,64
386864;2830;8,87
386865;2766;7,25
386866;2735;6,46
386867;2845;9,25
386878;2720;6,08
386879;2710;5,83
386880;2755;6,97
386881;2737;6,51
386882;2711;5,86
386883;2705;5,70
386884;2717;6,01
386885;2753;6,92
386886;2794;7,96
386887;2746;6,74
386888;2706;5,73
386889;2730;6,34
386890;2761;7,12
386891;2766;7,25
386892;2710;5,83
386893;2711;5,86
386894;2705;5,70
386895;2740;6,59
386896;2715;5,96
386908;2716;5,98
386909;2769;7,32
386910;2785;7,73
386911;2716;5,98
386912;2719;6,06
386913;2725;6,21
386914;2750;6,84
386915;2709;5,80
386916;2800;8,11
386917;2781;7,63
386918;2723;6,16
386919;2761;7,12
386920;2711;5,86
386921;2724;6,18
386922;2706;5,73
386923;2761;7,12
386924;2790;7,85
386925;2783;7,68
386936;2736;6,49
386937;2752;6,89
386938;2731;6,36
386939;2743;6,66
386940;2746;6,74
386941;2737;6,51
386942;2749;6,82
386943;2707;5,75
386944;2759;7,07
386945;2745;6,72
386946;2789;7,83
386947;2752;6,89
386948;2769;7,32
386949;2757;7,02
386950;2766;7,25
386951;2767;7,27
386952;2739;6,56
386953;2762;7,15
386954;2751;6,87
386965;2743;6,66
386966;2757;7,02
386967;2747;6,77
386968;2711;5,86
386969;2723;6,16
386970;2721;6,11
386971;2716;5,98
386972;2741;6,61
386973;2711;5,86
386974;2736;6,49
386975;2717;6,01
386976;2797;8,03
386977;2741;6,61
386978;2708;5,78
386979;2706;5,73
386980;2710;5,83
386981;2753;6,92
386982;2766;7,25
386993;2693;5,40
386994;2704;5,68
386995;2703;5,65
386996;2720;6,08
386997;2781;7,63
386998;2704;5,68
386999;2704;5,68
387000;2710;5,83
387001;2702;5,63
387002;2735;6,46
387003;2731;6,36
387004;2708;5,78
387005;2776;7,50
387006;2709;5,80
387007;2704;5,68
387008;2704;5,68
387009;2775;7,47
387010;2781;7,63
387011;2743;6,66
387022;2724;6,18
387023;2730;6,34
387024;2733;6,41
387025;2718;6,03
387026;2767;7,27
387027;2752;6,89
387028;2731;6,36
387029;2757;7,02
387030;2735;6,46
387031;2738;6,54
387032;2736;6,49
387033;2734;6,44
387034;2752;6,89
387035;2764;7,20
387036;2731;6,36
387037;2727;6,26
387038;2736;6,49
387039;2785;7,73
387051;2717;6,01
387052;2730;6,34
387053;2719;6,06
387054;2699;5,55
387055;2693;5,40
387056;2717;6,01
387057;2738;6,54
387058;2713;5,91
387059;2723;6,16
387060;2704;5,68
387061;2693;5,40
387062;2704;5,68
387063;2687;5,25
387064;2701;5,60
387065;2694;5,43
387066;2690;5,32
387067;2709;5,80
387068;2693;5,40
387069;2690;5,32
387080;2704;5,68
387081;2738;6,54
387082;2705;5,70
387083;2717;6,01
387084;2708;5,78
387085;2718;6,03
387086;2717;6,01
387087;2722;6,13
387088;2719;6,06
387089;2720;6,08
387090;2743;6,66
387091;2730;6,34
387092;2745;6,72
387093;2734;6,44
387094;2736;6,49
387095;2738;6,54
387096;2737;6,51
387097;2736;6,49
387108;2763;7,17
387109;2739;6,56
387110;2778;7,55
387111;2726;6,23
387112;2807;8,28
387113;2741;6,61
387114;2763;7,17
387115;2768;7,30
387116;2717;6,01
387117;2727;6,26
387118;2706;5,73
387119;2711;5,86
387120;2710;5,83
387121;2776;7,50
387122;2742;6,64
387123;2704;5,68
387124;2789;7,83
387125;2731;6,36
387126;2709;5,80
387137;2687;5,25
387138;2704;5,68
387139;2686;5,22
387140;2704;5,68
387141;2694;5,43
387142;2737;6,51
387143;2733;6,41
387144;2753;6,92
387145;2754;6,94
387146;2703;5,65
387147;2717;6,01
387148;2736;6,49
387149;2736;6,49
387150;2751;6,87
387151;2723;6,16
387152;2736;6,49
387153;2784;7,70
387154;2725;6,21
387166;2763;7,17
387167;2768;7,30
387168;2802;8,16
387169;2795;7,98
387170;2801;8,13
387171;2768;7,30
387172;2753;6,92
387173;2755;6,97
387174;2749;6,82
387175;2739;6,56
387176;2786;7,75
387177;2767;7,27
387178;2748;6,79
387179;2768;7,30
387180;2747;6,77
387181;2741;6,61
387182;2784;7,70
387183;2763;7,17
387184;2727;6,26
387195;2755;6,97
387196;2751;6,87
387197;2754;6,94
387198;2751;6,87
387199;2725;6,21
387200;2759;7,07
387201;2743;6,66
387202;2749;6,82
387203;2752;6,89
387204;2741;6,61
387205;2746;6,74
387206;2720;6,08
387207;2816;8,51
387208;2752;6,89
387209;2755;6,97
387210;2749;6,82
387211;2767;7,27
387212;2742;6,64
387223;2718;6,03
387224;2723;6,16
387225;2748;6,79
387226;2723;6,16
387227;2726;6,23
387228;2738;6,54
387229;2768;7,30
387230;2758;7,04
387231;2726;6,23
387232;2730;6,34
387233;2736;6,49
387234;2733;6,41
387235;2819;8,59
387236;2730;6,34
387237;2726;6,23
387238;2735;6,46
387239;2736;6,49
387240;2735;6,46
387241;2737;6,51
387252;2736;6,49
387253;2752;6,89
387254;2734;6,44
387255;2806;8,26
387256;2736;6,49
387257;2734;6,44
387258;2771;7,37
387259;2810;8,36
387260;2736;6,49
387261;2736;6,49
387262;2746;6,74
387263;2751;6,87
387264;2736;6,49
387265;2773;7,42
387266;2752;6,89
387267;2789;7,83
387268;2734;6,44
387269;2730;6,34
387280;2719;6,06
387281;2719;6,06
387282;2721;6,11
387283;2711;5,86
387284;2718;6,03
387285;2747;6,77
387286;2709;5,80
387287;2719;6,06
387288;2713;5,91
387289;2754;6,94
387290;2775;7,47
387291;2755;6,97
387292;2718;6,03
387293;2705;5,70
387294;2755;6,97
387295;2715;5,96
387296;2733;6,41
387297;2795;7,98
387298;2704;5,68
387310;2747;6,77
387311;2733;6,41
387312;2782;7,65
387313;2735;6,46
387314;2727;6,26
387315;2736;6,49
387316;2784;7,70
387317;2754;6,94
387318;2733;6,41
387319;2739;6,56
387320;2750;6,84
387321;2736;6,49
387322;2735;6,46
387323;2736;6,49
387324;2741;6,61
387325;2753;6,92
387326;2738;6,54
387327;2750;6,84
387338;2768;7,30
387339;2767;7,27
387340;2737;6,51
387341;2771;7,37
387342;2733;6,41
387343;2771;7,37
387344;2722;6,13
387345;2735;6,46
387346;2767;7,27
387347;2736;6,49
387348;2709;5,80
387349;2718;6,03
387350;2762;7,15
387351;2715;5,96
387352;2699;5,55
387353;2735;6,46
387354;2706;5,73
387355;2756;6,99
387356;2740;6,59
387367;2713;5,91
387368;2727;6,26
387369;2714;5,93
387370;2765;7,22
387371;2754;6,94
387372;2721;6,11
387373;2727;6,26
387374;2741;6,61
387375;2713;5,91
387376;2721;6,11
387377;2731;6,36
387378;2734;6,44
387379;2733;6,41
387380;2769;7,32
387381;2735;6,46
387382;2727;6,26
387383;2727;6,26
387384;2731;6,36
387395;2775;7,47
387396;2765;7,22
387397;2761;7,12
387398;2736;6,49
387399;2766;7,25
387400;2745;6,72
387401;2762;7,15
387402;2753;6,92
387403;2739;6,56
387404;2747;6,77
387405;2743;6,66
387406;2738;6,54
387407;2784;7,70
387408;2726;6,23
387409;2749;6,82
387410;2800;8,11
387411;2746;6,74
387412;2719;6,06
387413;2739;6,56
387424;2736;6,49
387425;2766;7,25
387426;2743;6,66
387427;2754;6,94
387428;2736;6,49
387429;2741;6,61
387430;2747;6,77
387431;2753;6,92
387432;2743;6,66
387433;2751;6,87
387434;2742;6,64
387435;2768;7,30
387436;2752;6,89
387437;2738;6,54
387438;2800;8,11
387439;2767;7,27
387440;2741;6,61
387441;2746;6,74
387453;2747;6,77
387454;2759;7,07
387455;2754;6,94
387456;2772;7,40
387457;2751;6,87
387458;2752;6,89
387459;2743;6,66
387460;2755;6,97
387461;2770;7,35
387462;2752;6,89
387463;2752;6,89
387464;2762;7,15
387465;2766;7,25
387466;2753;6,92
387467;2743;6,66
387468;2755;6,97
387469;2749;6,82
387470;2742;6,64
387471;2747;6,77
387482;2764;7,20
387483;2752;6,89
387484;2762;7,15
387485;2746;6,74
387486;2737;6,51
387487;2747;6,77
387488;2788;7,80
387489;2739;6,56
387490;2743;6,66
387491;2747;6,77
387492;2743;6,66
387493;2767;7,27
387494;2741;6,61
387495;2779;7,58
387496;2735;6,46
387497;2747;6,77
387498;2826;8,77
387499;2740;6,59
387510;2739;6,56
387511;2749;6,82
387512;2752;6,89
387513;2754;6,94
387514;2815;8,49
387515;2757;7,02
387516;2755;6,97
387517;2799;8,08
387518;2747;6,77
387519;2853;9,45
387520;2768;7,30
387521;2746;6,74
387522;2763;7,17
387523;2755;6,97
387524;2783;7,68
387525;2742;6,64
387526;2741;6,61
387527;2784;7,70
387528;2745;6,72
387539;2759;7,07
387540;2742;6,64
387541;2762;7,15
387542;2742;6,64
387543;2737;6,51
387544;2743;6,66
387545;2818;8,56
387546;2741;6,61
387547;2738;6,54
387548;2771;7,37
387549;2782;7,65
387550;2742;6,64
387551;2749;6,82
387552;2739;6,56
387553;2748;6,79
387554;2746;6,74
387555;2800;8,11
387556;2833;8,94
387568;2755;6,97
387569;2821;8,64
387570;2767;7,27
387571;2769;7,32
387572;2783;7,68
387573;2769;7,32
387574;2747;6,77
387575;2765;7,22
387576;2772;7,40
387577;2754;6,94
387578;2782;7,65
387579;2768;7,30
387580;2757;7,02
387581;2819;8,59
387582;2763;7,17
387583;2766;7,25
387584;2797;8,03
387585;2827;8,79
387586;2762;7,15
387597;2795;7,98
387598;2768;7,30
387599;2773;7,42
387600;2787;7,78
387601;2776;7,50
387602;2772;7,40
387603;2769;7,32
387604;2777;7,53
387605;2799;8,08
387606;2775;7,47
387607;2774;7,45
387608;2775;7,47
387609;2789;7,83
387610;2791;7,88
387611;2795;7,98
387612;2785;7,73
387613;2787;7,78
387614;2800;8,11
387625;2927;11,32
387626;2837;9,04
387627;2813;8,44
387628;2854;9,47
387629;2815;8,49
387630;2821;8,64
387631;2835;8,99
387632;2834;8,97
387633;2818;8,56
387634;2848;9,32
387635;2850;9,37
387636;2847;9,30
387637;2960;12,16
387638;2981;12,69
387639;2851;9,40
387640;2847;9,30
387641;2880;10,13
387642;2895;10,51
387653;2880;10,13
387654;2886;10,28
387655;2880;10,13
387656;2885;10,26
387657;2899;10,61
387658;2928;11,35
387659;2928;11,35
387660;2927;11,32
387661;2915;11,02
387662;2898;10,59
387663;2925;11,27
387664;2898;10,59
387665;2899;10,61
387666;2966;12,31
387667;2943;11,73
387668;2929;11,37
387679;2919;11,12
387680;2976;12,56
387681;2925;11,27
387682;2938;11,60
387683;2931;11,42
387684;2946;11,80
387685;2929;11,37
387686;2990;12,91
387687;2955;12,03
387688;2928;11,35
387689;2931;11,42
387690;2981;12,69
387691;2943;11,73
387692;2956;12,05
387693;2939;11,62
387694;3053;14,51
387706;3024;13,78
387707;3024;13,78
387708;3040;14,18
387709;3027;13,85
387710;3034;14,03
387711;2980;12,66
387712;3029;13,90
387713;3026;13,83
387714;3034;14,03
387715;3039;14,15
387716;3024;13,78
387717;3026;13,83
387718;3031;13,95
387719;3030;13,93
387720;3026;13,83
387721;3024;13,78
387732;2976;12,56
387733;2928;11,35
387734;2944;11,75
387735;2927;11,32
387736;2930;11,40
387737;2945;11,78
387738;2958;12,11
387739;2921;11,17
387740;2917;11,07
387741;2922;11,19
387742;2976;12,56
387743;2902;10,69
387744;2954;12,00
387745;2914;10,99
387746;2921;11,17
387747;2903;10,71
387758;2918;11,09
387759;2977;12,59
387760;2960;12,16
387761;2927;11,32
387762;2914;10,99
387763;2911;10,92
387764;2955;12,03
387765;3021;13,70
387766;2976;12,56
387767;2917;11,07
387768;2982;12,71
387769;2912;10,94
387770;2931;11,42
387771;2931;11,42
387772;2929;11,37
387773;2918;11,09
387784;2947;11,83
387785;2918;11,09
387786;2885;10,26
387787;2891;10,41
387788;3018;13,62
387789;2896;10,54
387790;2898;10,59
387791;2870;9,88
387792;2928;11,35
387793;2878;10,08
387794;2967;12,33
387795;2866;9,78
387796;2896;10,54
387797;2938;11,60
387798;2876;10,03
387799;2875;10,01
387811;2880;10,13
387812;2910;10,89
387813;2923;11,22
387814;2960;12,16
387815;2883;10,21
387816;2893;10,46
387817;2927;11,32
387818;2925;11,27
387819;2939;11,62
387820;2908;10,84
387821;2889;10,36
387822;2896;10,54
387823;2928;11,35
387824;2904;10,74
387825;2913;10,97
387826;2917;11,07
387837;2920;11,14
387838;2911;10,92
387839;2918;11,09
387840;2894;10,49
387841;2898;10,59
387842;2859;9,60
387843;2866;9,78
387844;2912;10,94
387845;2870;9,88
387846;2907;10,81
387847;2933;11,47
387848;2918;11,09
387849;2907;10,81
387850;2896;10,54
387851;2912;10,94
387852;2889;10,36
387853;2944;11,75
387864;2866;9,78
387865;2919;11,12
387866;2974;12,51
387867;2865;9,75
387868;2848;9,32
387869;2849;9,35
387870;2768;7,30
387871;2779;7,58
387872;2834;8,97
387873;2928;11,35
387874;2887;10,31
387875;2898;10,59
387876;2887;10,31
387877;2914;10,99
387878;2886;10,28
387879;2851;9,40
387880;2840;9,12
387891;2875;10,01
387892;2901;10,66
387893;2897;10,56
387894;2937;11,57
387895;2928;11,35
387896;2880;10,13
387897;2909;10,87
387898;2905;10,76
387899;2911;10,92
387900;2938;11,60
387901;2898;10,59
387902;2933;11,47
387903;2902;10,69
387904;2896;10,54
387905;2891;10,41
387906;2890;10,38
387917;2834;8,97
387918;2837;9,04
387919;2866;9,78
387920;2866;9,78
387921;2816;8,51
387922;2876;10,03
387923;2880;10,13
387924;2800;8,11
387925;2818;8,56
387926;2809;8,34
387927;2858;9,57
387928;2851;9,40
387929;2847;9,30
387930;2821;8,64
387931;2835;8,99
387932;2846;9,27
387933;2846;9,27
387934;2843;9,20
387946;2832;8,92
387947;2841;9,14
387948;2836;9,02
387949;2847;9,30
387950;2839;9,09
387951;2847;9,30
387952;2843;9,20
387953;2845;9,25
387954;2851;9,40
387955;2859;9,60
387956;2834;8,97
387957;2845;9,25
387958;2832;8,92
387959;2838;9,07
387960;2837;9,04
387961;2843;9,20
387962;2835;8,99
387963;2831;8,89
387964;2832;8,92
387975;2842;9,17
387976;2855;9,50
387977;2850;9,37
387978;2857;9,55
387979;2845;9,25
387980;2835;8,99
387981;2871;9,90
387982;2856;9,52
387983;2858;9,57
387984;2843;9,20
387985;2842;9,17
387986;2835;8,99
387987;2849;9,35
387988;2834;8,97
387989;2834;8,97
387990;2827;8,79
387991;2832;8,92
387992;2831;8,89
388003;2853;9,45
388004;2846;9,27
388005;2819;8,59
388006;2850;9,37
388007;2814;8,46
388008;2829;8,84
388009;2820;8,61
388010;2826;8,77
388011;2822;8,66
388012;2827;8,79
388013;2832;8,92
388014;2832;8,92
388015;2879;10,11
388016;2839;9,09
388017;2832;8,92
388018;2869;9,85
388019;2822;8,66
388020;2822;8,66
388031;2853;9,45
388032;2816;8,51
388033;2832;8,92
388034;2811;8,39
388035;2809;8,34
388036;2822;8,66
388037;2809;8,34
388038;2832;8,92
388039;2832;8,92
388040;2815;8,49
388041;2816;8,51
388042;2823;8,69
388043;2859;9,60
388044;2822;8,66
388045;2830;8,87
388046;2835;8,99
388047;2887;10,31
388048;2861;9,65
388049;2851;9,40
388061;2880;10,13
388062;2842;9,17
388063;2878;10,08
388064;2849;9,35
388065;2855;9,50
388066;2841;9,14
388067;2823;8,69
388068;2815;8,49
388069;2818;8,56
388070;2855;9,50
388071;2860;9,63
388072;2816;8,51
388073;2814;8,46
388074;2817;8,54
388075;2901;10,66
388076;2822;8,66
388077;2815;8,49
388078;2821;8,64
388089;2867;9,80
388090;2865;9,75
388091;2832;8,92
388092;2865;9,75
388093;2847;9,30
388094;2870;9,88
388095;2868;9,83
388096;2876;10,03
388097;2865;9,75
388098;2863;9,70
388099;2915;11,02
388100;2881;10,16
388101;2838;9,07
388102;2868;9,83
388103;2877;10,06
388104;2943;11,73
388105;2893;10,46
388116;2835;8,99
388117;2887;10,31
388118;2869;9,85
388119;2867;9,80
388120;2848;9,32
388121;2854;9,47
388122;2866;9,78
388123;2898;10,59
388124;2865;9,75
388125;2852;9,42
388126;2845;9,25
388127;2863;9,70
388128;2891;10,41
388129;2839;9,09
388130;2855;9,50
388131;2834;8,97
388132;2859;9,60
388133;2907;10,81
388144;2815;8,49
388145;2826;8,77
388146;2826;8,77
388147;2817;8,54
388148;2814;8,46
388149;2816;8,51
388150;2797;8,03
388151;2865;9,75
388152;2807;8,28
388153;2832;8,92
388154;2811;8,39
388155;2829;8,84
388156;2813;8,44
388157;2814;8,46
388158;2885;10,26
388159;2805;8,23
388160;2815;8,49
388161;2816;8,51
388172;2932;11,45
388173;2914;10,99
388174;2846;9,27
388175;2837;9,04
388176;2832;8,92
388177;2891;10,41
388178;2850;9,37
388179;2869;9,85
388180;2886;10,28
388181;2839;9,09
388182;2832;8,92
388183;2851;9,40
388184;2850;9,37
388185;2822;8,66
388186;2828;8,82
388187;2878;10,08
388188;2847;9,30
388189;2834;8,97
388201;2818;8,56
388202;2821;8,64
388203;2800;8,11
388204;2850;9,37
388205;2823;8,69
388206;2805;8,23
388207;2832;8,92
388208;2814;8,46
388209;2814;8,46
388210;2836;9,02
388211;2839;9,09
388212;2812;8,41
388213;2863;9,70
388214;2838;9,07
388215;2827;8,79
388216;2818;8,56
388217;2822;8,66
388218;2864;9,73
388219;2829;8,84
388230;2832;8,92
388231;2832;8,92
388232;2821;8,64
388233;2807;8,28
388234;2835;8,99
388235;2838;9,07
388236;2803;8,18
388237;2820;8,61
388238;2834;8,97
388239;2831;8,89
388240;2813;8,44
388241;2810;8,36
388242;2833;8,94
388243;2846;9,27
388244;2809;8,34
388245;2800;8,11
388246;2822;8,66
388247;2827;8,79
388258;2801;8,13
388259;2817;8,54
388260;2832;8,92
388261;2815;8,49
388262;2802;8,16
388263;2869;9,85
388264;2842;9,17
388265;2806;8,26
388266;2803;8,18
388267;2819;8,59
388268;2835;8,99
388269;2852;9,42
388270;2793;7,93
388271;2815;8,49
388272;2896;10,54
388273;2903;10,71
388274;2811;8,39
388275;2865;9,75
388286;2909;10,87
388287;2815;8,49
388288;2829;8,84
388289;2839;9,09
388290;2835;8,99
388291;2879;10,11
388292;2865;9,75
388293;2823;8,69
388294;2848;9,32
388295;2811;8,39
388296;2799;8,08
388297;2835;8,99
388298;2902;10,69
388299;2879;10,11
388300;2809;8,34
388301;2806;8,26
388302;2838;9,07
388303;2918;11,09
388314;2802;8,16
388315;2885;10,26
388316;2832;8,92
388317;2795;7,98
388318;2789;7,83
388319;2831;8,89
388320;2870;9,88
388321;2777;7,53
388322;2811;8,39
388323;2847;9,30
388324;2814;8,46
388325;2795;7,98
388326;2790;7,85
388327;2788;7,80
388328;2881;10,16
388329;2810;8,36
388330;2806;8,26
388331;2799;8,08
388343;2803;8,18
388344;2886;10,28
388345;2906;10,79
388346;2834;8,97
388347;2826;8,77
388348;2810;8,36
388349;2824;8,71
388350;2816;8,51
388351;2832;8,92
388352;2842;9,17
388353;2837;9,04
388354;2832;8,92
388355;2815;8,49
388356;2832;8,92
388357;2823;8,69
388358;2810;8,36
388359;2807;8,28
388360;2815;8,49
388371;2857;9,55
388372;2809;8,34
388373;2863;9,70
388374;2845;9,25
388375;2850;9,37
388376;2800;8,11
388377;2870;9,88
388378;2855;9,50
388379;2841;9,14
388380;2847;9,30
388381;2798;8,06
388382;2815;8,49
388383;2800;8,11
388384;2850;9,37
388385;2787;7,78
388386;2867;9,80
388387;2862;9,68
388388;2864;9,73
388389;2848;9,32
388400;2864;9,73
388401;2800;8,11
388402;2802;8,16
388403;2818;8,56
388404;2817;8,54
388405;2869;9,85
388406;2829;8,84
388407;2813;8,44
388408;2823;8,69
388409;2883;10,21
388410;2817;8,54
388411;2817;8,54
388412;2815;8,49
388413;2817;8,54
388414;2818;8,56
388415;2813;8,44
388416;2815;8,49
388417;2805;8,23
388428;2823;8,69
388429;2810;8,36
388430;2817;8,54
388431;2850;9,37
388432;2816;8,51
388433;2837;9,04
388434;2804;8,21
388435;2811;8,39
388436;2799;8,08
388437;2853;9,45
388438;2845;9,25
388439;2800;8,11
388440;2802;8,16
388441;2833;8,94
388442;2880;10,13
388443;2838;9,07
388444;2803;8,18
388445;2801;8,13
388456;2831;8,89
388457;2809;8,34
388458;2847;9,30
388459;2805;8,23
388460;2815;8,49
388461;2881;10,16
388462;2812;8,41
388463;2827;8,79
388464;2797;8,03
388465;2801;8,13
388466;2802;8,16
388467;2879;10,11
388468;2809;8,34
388469;2800;8,11
388470;2878;10,08
388471;2807;8,28
388472;2827;8,79
388473;2838;9,07
388485;2920;11,14
388486;2809;8,34
388487;2807;8,28
388488;2878;10,08
388489;2800;8,11
388490;2800;8,11
388491;2842;9,17
388492;2835;8,99
388493;2805;8,23
388494;2807;8,28
388495;2798;8,06
388496;2837;9,04
388497;2848;9,32
388498;2804;8,21
388499;2800;8,11
388500;2800;8,11
388501;2811;8,39
388502;2825;8,74
388503;2811;8,39
388514;2807;8,28
388515;2812;8,41
388516;2802;8,16
388517;2811;8,39
388518;2802;8,16
388519;2807;8,28
388520;2804;8,21
388521;2814;8,46
388522;2807;8,28
388523;2806;8,26
388524;2811;8,39
388525;2803;8,18
388526;2805;8,23
388527;2814;8,46
388528;2802;8,16
388529;2803;8,18
388530;2821;8,64
388531;2801;8,13
388542;2815;8,49
388543;2813;8,44
388544;2796;8,01
388545;2795;7,98
388546;2813;8,44
388547;2835;8,99
388548;2806;8,26
388549;2795;7,98
388550;2806;8,26
388551;2869;9,85
388552;2800;8,11
388553;2813;8,44
388554;2815;8,49
388555;2821;8,64
388556;2800;8,11
388557;2814;8,46
388558;2864;9,73
388559;2800;8,11
388560;2884;10,23
388571;2805;8,23
388572;2813;8,44
388573;2822;8,66
388574;2805;8,23
388575;2861;9,65
388576;2813;8,44
388577;2821;8,64
388578;2815;8,49
388579;2873;9,95
388580;2854;9,47
388581;2820;8,61
388582;2823;8,69
388583;2843;9,20
388584;2830;8,87
388585;2800;8,11
388586;2910;10,89
388587;2819;8,59
388588;2853;9,45
388599;2818;8,56
388600;2816;8,51
388601;2815;8,49
388602;2807;8,28
388603;2815;8,49
388604;2815;8,49
388605;2802;8,16
388606;2813;8,44
388607;2846;9,27
388608;2848;9,32
388609;2811;8,39
388610;2803;8,18
388611;2797;8,03
388612;2816;8,51
388613;2805;8,23
388614;2807;8,28
388615;2813;8,44
388616;2819;8,59
388628;2793;7,93
388629;2800;8,11
388630;2800;8,11
388631;2802;8,16
388632;2800;8,11
388633;2793;7,93
388634;2793;7,93
388635;2804;8,21
388636;2800;8,11
388637;2796;8,01
388638;2800;8,11
388639;2794;7,96
388640;2797;8,03
388641;2798;8,06
388642;2791;7,88
388643;2797;8,03
388644;2790;7,85
388645;2800;8,11
388646;2799;8,08
388657;2813;8,44
388658;2790;7,85
388659;2798;8,06
388660;2812;8,41
388661;2832;8,92
388662;2798;8,06
388663;2795;7,98
388664;2789;7,83
388665;2801;8,13
388666;2855;9,50
388667;2791;7,88
388668;2791;7,88
388669;2785;7,73
388670;2815;8,49
388671;2898;10,59
388672;2794;7,96
388673;2785;7,73
388674;2800;8,11
388685;2794;7,96
388686;2810;8,36
388687;2814;8,46
388688;2800;8,11
388689;2786;7,75
388690;2821;8,64
388691;2791;7,88
388692;2822;8,66
388693;2833;8,94
388694;2783;7,68
388695;2809;8,34
388696;2797;8,03
388697;2790;7,85
388698;2785;7,73
388699;2799;8,08
388700;2814;8,46
388701;2799;8,08
388702;2778;7,55
388703;2786;7,75
388714;2790;7,85
388715;2800;8,11
388716;2785;7,73
388717;2794;7,96
388718;2832;8,92
388719;2782;7,65
388720;2816;8,51
388721;2864;9,73
388722;2772;7,40
388723;2857;9,55
388724;2822;8,66
388725;2782;7,65
388726;2777;7,53
388727;2809;8,34
388728;2788;7,80
388729;2768;7,30
388730;2810;8,36
388731;2838;9,07
388743;2780;7,60
388744;2806;8,26
388745;2768;7,30
388746;2768;7,30
388747;2767;7,27
388748;2774;7,45
388749;2864;9,73
388750;2768;7,30
388751;2849;9,35
388752;2773;7,42
388753;2817;8,54
388754;2770;7,35
388755;2771;7,37
388756;2828;8,82
388757;2779;7,58
388758;2815;8,49
388759;2771;7,37
388760;2775;7,47
388761;2768;7,30
388772;2768;7,30
388773;2768;7,30
388774;2786;7,75
388775;2763;7,17
388776;2757;7,02
388777;2758;7,04
388778;2760;7,10
388779;2756;6,99
388780;2755;6,97
388781;2803;8,18
388782;2759;7,07
388783;2759;7,07
388784;2754;6,94
388785;2753;6,92
388786;2802;8,16
388787;2743;6,66
388788;2747;6,77
388789;2753;6,92
388800;2746;6,74
388801;2746;6,74
388802;2769;7,32
388803;2739;6,56
388804;2747;6,77
388805;2789;7,83
388806;2784;7,70
388807;2735;6,46
388808;2738;6,54
388809;2736;6,49
388810;2736;6,49
388811;2799;8,08
388812;2770;7,35
388813;2747;6,77
388814;2736;6,49
388815;2800;8,11
388816;2743;6,66
388817;2740;6,59
388818;2737;6,51
388829;2849;9,35
388830;2734;6,44
388831;2736;6,49
388832;2755;6,97
388833;2735;6,46
388834;2732;6,39
388835;2746;6,74
388836;2780;7,60
388837;2799;8,08
388838;2735;6,46
388839;2814;8,46
388840;2727;6,26
388841;2757;7,02
388842;2721;6,11
388843;2767;7,27
388844;2771;7,37
388845;2743;6,66
388846;2737;6,51
388858;2715;5,96
388859;2731;6,36
388859;2722;6,13
388861;2734;6,44
388861;2787;7,78
388863;2768;7,30
388864;2710;5,83
388865;2752;6,89
388866;2716;5,98
388867;2734;6,44
388867;2737;6,51
388869;2711;5,86
388870;2710;5,83
388871;2723;6,16
388872;2798;8,06
388873;2715;5,96
388874;2716;5,98
388875;2754;6,94
388876;2717;6,01
388887;2768;7,30
388888;2733;6,41
388889;2735;6,46
388890;2735;6,46
388891;2733;6,41
388892;2765;7,22
388893;2736;6,49
388894;2785;7,73
388895;2736;6,49
388896;2772;7,40
388897;2736;6,49
388898;2736;6,49
388899;2737;6,51
388900;2737;6,51
388901;2778;7,55
388902;2736;6,49
388903;2773;7,42
388904;2758;7,04
388915;2711;5,86
388916;2732;6,39
388917;2727;6,26
388918;2707;5,75
388919;2716;5,98
388920;2717;6,01
388921;2741;6,61
388922;2736;6,49
388923;2704;5,68
388924;2711;5,86
388925;2735;6,46
388926;2706;5,73
388927;2706;5,73
388928;2704;5,68
388929;2735;6,46
388930;2731;6,36
388931;2711;5,86
388932;2711;5,86
388933;2714;5,93
388944;2759;7,07
388945;2707;5,75
388946;2766;7,25
388947;2711;5,86
388948;2756;6,99
388949;2715;5,96
388950;2761;7,12
388951;2711;5,86
388952;2799;8,08
388953;2752;6,89
388954;2855;9,50
388955;2713;5,91
388956;2717;6,01
388957;2711;5,86
388958;2704;5,68
388959;2733;6,41
388960;2794;7,96
388961;2723;6,16
388972;2741;6,61
388973;2715;5,96
388974;2704;5,68
388975;2763;7,17
388976;2705;5,70
388977;2721;6,11
388978;2705;5,70
388979;2705;5,70
388980;2736;6,49
388981;2723;6,16
388982;2751;6,87
388983;2737;6,51
388984;2765;7,22
388985;2733;6,41
388986;2722;6,13
388987;2742;6,64
388988;2704;5,68
388989;2695;5,45
388990;2715;5,96
389002;2813;8,44
389003;2718;6,03
389004;2706;5,73
389005;2704;5,68
389006;2695;5,45
389007;2697;5,50
389008;2748;6,79
389009;2751;6,87
389010;2702;5,63
389011;2705;5,70
389012;2702;5,63
389013;2756;6,99
389014;2704;5,68
389015;2751;6,87
389016;2765;7,22
389017;2820;8,61
389018;2704;5,68
389019;2717;6,01
389030;2707;5,75
389031;2754;6,94
389032;2762;7,15
389033;2741;6,61
389034;2746;6,74
389035;2783;7,68
389036;2754;6,94
389037;2752;6,89
389038;2699;5,55
389039;2740;6,59
389040;2738;6,54
389041;2703;5,65
389042;2736;6,49
389043;2738;6,54
389044;2737;6,51
389045;2789;7,83
389046;2749;6,82
389047;2750;6,84
389048;2736;6,49
389059;2697;5,50
389060;2709;5,80
389061;2764;7,20
389062;2700;5,58
389063;2749;6,82
389064;2719;6,06
389065;2707;5,75
389066;2698;5,53
389067;2800;8,11
389068;2753;6,92
389069;2739;6,56
389070;2699;5,55
389071;2736;6,49
389072;2694;5,43
389073;2692;5,37
389074;2699;5,55
389075;2774;7,45
389076;2701;5,60
389087;2731;6,36
389088;2704;5,68
389089;2701;5,60
389090;2714;5,93
389091;2714;5,93
389092;2702;5,63
389093;2704;5,68
389094;2702;5,63
389095;2708;5,78
389096;2709;5,80
389097;2739;6,56
389098;2708;5,78
389099;2767;7,27
389100;2701;5,60
389101;2705;5,70
389102;2791;7,88
389103;2694;5,43
389104;2701;5,60
389105;2701;5,60
389116;2684;5,17
389117;2699;5,55
389118;2749;6,82
389119;2704;5,68
389120;2763;7,17
389121;2690;5,32
389122;2749;6,82
389123;2706;5,73
389124;2704;5,68
389125;2693;5,40
389126;2693;5,40
389127;2719;6,06
389128;2698;5,53
389129;2704;5,68
389130;2698;5,53
389131;2698;5,53
389132;2698;5,53
389133;2702;5,63
389145;2688;5,27
389146;2687;5,25
389147;2690;5,32
389148;2689;5,30
389149;2685;5,20
389150;2693;5,40
389151;2690;5,32
389152;2688;5,27
389153;2694;5,43
389154;2687;5,25
389155;2679;5,05
389156;2687;5,25
389157;2682;5,12
389158;2687;5,25
389159;2689;5,30
389160;2687;5,25
389161;2689;5,30
389162;2685;5,20
389163;2685;5,20
389174;2687;5,25
389175;2683;5,15
389176;2705;5,70
389177;2705;5,70
389178;2675;4,94
389179;2674;4,92
389180;2689;5,30
389181;2734;6,44
389182;2678;5,02
389183;2676;4,97
389184;2687;5,25
389185;2686;5,22
389186;2700;5,58
389187;2679;5,05
389188;2679;5,05
389189;2689;5,30
389190;2703;5,65
389191;2704;5,68
389202;2688;5,27
389203;2722;6,13
389204;2694;5,43
389205;2790;7,85
389206;2695;5,45
389207;2695;5,45
389208;2697;5,50
389209;2734;6,44
389210;2768;7,30
389211;2730;6,34
389212;2698;5,53
389213;2759;7,07
389214;2695;5,45
389215;2794;7,96
389216;2710;5,83
389217;2751;6,87
389218;2705;5,70
389219;2687;5,25
389220;2688;5,27
389231;2768;7,30
389232;2721;6,11
389233;2691;5,35
389234;2703;5,65
389235;2687;5,25
389236;2739;6,56
389237;2699;5,55
389238;2719;6,06
389239;2694;5,43
389240;2690;5,32
389241;2687;5,25
389242;2688;5,27
389243;2711;5,86
389244;2687;5,25
389245;2679;5,05
389246;2691;5,35
389247;2682;5,12
389248;2715;5,96
389260;2711;5,86
389261;2736;6,49
389262;2787;7,78
389263;2723;6,16
389264;2704;5,68
389265;2705;5,70
389266;2704;5,68
389267;2735;6,46
389268;2817;8,54
389269;2735;6,46
389270;2713;5,91
389271;2704;5,68
389272;2699;5,55
389273;2698;5,53
389274;2760;7,10
389275;2782;7,65
389276;2722;6,13
389277;2713;5,91
389278;2694;5,43
389289;2805;8,23
389290;2741;6,61
389291;2736;6,49
389292;2739;6,56
389293;2756;6,99
389294;2789;7,83
389295;2746;6,74
389296;2713;5,91
389297;2766;7,25
389298;2749;6,82
389299;2800;8,11
389300;2752;6,89
389301;2761;7,12
389302;2738;6,54
389303;2741;6,61
389304;2819;8,59
389305;2739;6,56
389306;2743;6,66
389317;2715;5,96
389318;2706;5,73
389319;2705;5,70
389320;2786;7,75
389321;2800;8,11
389322;2713;5,91
389323;2704;5,68
389324;2701;5,60
389325;2704;5,68
389326;2719;6,06
389327;2800;8,11
389328;2704;5,68
389329;2704;5,68
389330;2706;5,73
389331;2725;6,21
389332;2691;5,35
389333;2694;5,43
389334;2719;6,06
389335;2726;6,23
389346;2701;5,60
389347;2703;5,65
389348;2693;5,40
389349;2717;6,01
389350;2718;6,03
389351;2703;5,65
389352;2797;8,03
389353;2700;5,58
389354;2690;5,32
389355;2687;5,25
389356;2751;6,87
389357;2686;5,22
389358;2693;5,40
389359;2832;8,92
389360;2693;5,40
389361;2689;5,30
389362;2704;5,68
389363;2699;5,55
389374;2750;6,84
389375;2723;6,16
389376;2704;5,68
389377;2700;5,58
389378;2766;7,25
389379;2715;5,96
389380;2804;8,21
389381;2743;6,66
389382;2705;5,70
389383;2707;5,75
389384;2752;6,89
389385;2703;5,65
389386;2735;6,46
389387;2766;7,25
389388;2736;6,49
389389;2711;5,86
389390;2775;7,47
389391;2747;6,77
389392;2724;6,18
389404;2704;5,68
389405;2704;5,68
389406;2704;5,68
389407;2699;5,55
389408;2704;5,68
389409;2703;5,65
389410;2701;5,60
389411;2701;5,60
389412;2700;5,58
389413;2697;5,50
389414;2698;5,53
389415;2704;5,68
389416;2694;5,43
389417;2699;5,55
389418;2697;5,50
389419;2693;5,40
389420;2702;5,63
389421;2701;5,60
389432;2711;5,86
389433;2713;5,91
389434;2790;7,85
389435;2704;5,68
389436;2717;6,01
389437;2815;8,49
389438;2743;6,66
389439;2741;6,61
389440;2707;5,75
389441;2704;5,68
389442;2768;7,30
389443;2788;7,80
389444;2710;5,83
389445;2768;7,30
389446;2751;6,87
389447;2811;8,39
389448;2762;7,15
389449;2753;6,92
389450;2719;6,06
389461;2709;5,80
389462;2719;6,06
389463;2713;5,91
389464;2730;6,34
389465;2748;6,79
389466;2734;6,44
389467;2738;6,54
389468;2707;5,75
389469;2713;5,91
389470;2719;6,06
389471;2709;5,80
389472;2781;7,63
389473;2731;6,36
389474;2717;6,01
389475;2718;6,03
389476;2723;6,16
389477;2755;6,97
389478;2726;6,23
389489;2763;7,17
389490;2732;6,39
389491;2736;6,49
389492;2727;6,26
389493;2731;6,36
389494;2768;7,30
389495;2725;6,21
389496;2717;6,01
389497;2751;6,87
389498;2725;6,21
389499;2721;6,11
389500;2710;5,83
389501;2719;6,06
389502;2718;6,03
389503;2738;6,54
389504;2766;7,25
389505;2767;7,27
389506;2711;5,86
389507;2709;5,80
389519;2751;6,87
389520;2806;8,26
389521;2704;5,68
389522;2710;5,83
389523;2699;5,55
389524;2795;7,98
389525;2827;8,79
389526;2769;7,32
389527;2708;5,78
389528;2718;6,03
389529;2709;5,80
389530;2716;5,98
389531;2733;6,41
389532;2707;5,75
389533;2710;5,83
389534;2729;6,31
389535;2718;6,03
389536;2777;7,53
389547;2739;6,56
389548;2731;6,36
389549;2766;7,25
389550;2749;6,82
389551;2726;6,23
389552;2736;6,49
389553;2768;7,30
389554;2772;7,40
389555;2735;6,46
389556;2759;7,07
389557;2764;7,20
389558;2736;6,49
389559;2731;6,36
389560;2735;6,46
389561;2735;6,46
389562;2741;6,61
389563;2707;5,75
389564;2725;6,21
389565;2718;6,03
389576;2703;5,65
389577;2714;5,93
389578;2713;5,91
389579;2703;5,65
389580;2693;5,40
389581;2787;7,78
389582;2702;5,63
389583;2755;6,97
389584;2720;6,08
389585;2737;6,51
389586;2714;5,93
389587;2721;6,11
389588;2722;6,13
389589;2802;8,16
389590;2715;5,96
389591;2812;8,41
389592;2736;6,49
389593;2744;6,69
389604;2802;8,16
389605;2738;6,54
389606;2733;6,41
389607;2787;7,78
389608;2724;6,18
389609;2725;6,21
389610;2730;6,34
389611;2720;6,08
389612;2725;6,21
389613;2736;6,49
389614;2754;6,94
389615;2715;5,96
389616;2752;6,89
389617;2709;5,80
389618;2736;6,49
389619;2785;7,73
389620;2702;5,63
389621;2704;5,68
389622;2716;5,98
389633;2763;7,17
389634;2697;5,50
389635;2704;5,68
389636;2718;6,03
389637;2704;5,68
389638;2704;5,68
389639;2736;6,49
389640;2721;6,11
389641;2710;5,83
389642;2698;5,53
389643;2716;5,98
389644;2725;6,21
389645;2736;6,49
389646;2735;6,46
389647;2736;6,49
389648;2801;8,13
389649;2784;7,70
389650;2736;6,49
389662;2731;6,36
389663;2728;6,29
389664;2736;6,49
389665;2729;6,31
389666;2731;6,36
389667;2733;6,41
389668;2733;6,41
389669;2723;6,16
389670;2729;6,31
389671;2721;6,11
389672;2723;6,16
389673;2715;5,96
389674;2723;6,16
389675;2709;5,80
389676;2711;5,86
389677;2705;5,70
389678;2704;5,68
389679;2701;5,60
389680;2701;5,60
389691;2753;6,92
389692;2685;5,20
389693;2722;6,13
389694;2698;5,53
389695;2697;5,50
389696;2721;6,11
389697;2739;6,56
389698;2691;5,35
389699;2692;5,37
389700;2692;5,37
389701;2695;5,45
389702;2711;5,86
389703;2718;6,03
389704;2717;6,01
389705;2719;6,06
389706;2704;5,68
389707;2707;5,75
389708;2727;6,26
389719;2762;7,15
389720;2756;6,99
389721;2781;7,63
389722;2784;7,70
389723;2750;6,84
389724;2766;7,25
389725;2747;6,77
389726;2734;6,44
389727;2779;7,58
389728;2733;6,41
389729;2764;7,20
389730;2797;8,03
389731;2727;6,26
389732;2722;6,13
389733;2733;6,41
389734;2779;7,58
389735;2715;5,96
389736;2719;6,06
389737;2713;5,91
389748;2704;5,68
389749;2736;6,49
389750;2694;5,43
389751;2709;5,80
389752;2749;6,82
389753;2794;7,96
389754;2703;5,65
389755;2698;5,53
389756;2694;5,43
389757;2742;6,64
389758;2729;6,31
389759;2711;5,86
389760;2705;5,70
389761;2763;7,17
389762;2698;5,53
389763;2711;5,86
389764;2704;5,68
389765;2723;6,16
389777;2770;7,35
389778;2801;8,13
389779;2729;6,31
389780;2736;6,49
389781;2735;6,46
389782;2762;7,15
389783;2804;8,21
389784;2731;6,36
389785;2755;6,97
389786;2730;6,34
389787;2758;7,04
389788;2748;6,79
389789;2736;6,49
389790;2752;6,89
389791;2717;6,01
389792;2729;6,31
389793;2714;5,93
389794;2704;5,68
389795;2738;6,54
389806;2704;5,68
389807;2694;5,43
389808;2710;5,83
389809;2720;6,08
389810;2706;5,73
389811;2783;7,68
389812;2707;5,75
389813;2745;6,72
389814;2713;5,91
389815;2739;6,56
389816;2717;6,01
389817;2715;5,96
389818;2722;6,13
389819;2723;6,16
389820;2718;6,03
389821;2712;5,88
389822;2717;6,01
389823;2727;6,26
389834;2737;6,51
389835;2737;6,51
389836;2732;6,39
389837;2737;6,51
389838;2751;6,87
389839;2734;6,44
389840;2726;6,23
389841;2752;6,89
389842;2763;7,17
389843;2730;6,34
389844;2743;6,66
389845;2735;6,46
389846;2736;6,49
389847;2754;6,94
389848;2737;6,51
389849;2771;7,37
389850;2768;7,30
389851;2722;6,13
389852;2733;6,41
389863;2714;5,93
389864;2702;5,63
389865;2699;5,55
389866;2747;6,77
389867;2735;6,46
389868;2767;7,27
389869;2693;5,40
389870;2717;6,01
389871;2705;5,70
389872;2701;5,60
389873;2766;7,25
389874;2704;5,68
389875;2735;6,46
389876;2706;5,73
389877;2717;6,01
389878;2750;6,84
389879;2710;5,83
389880;2713;5,91
389891;2746;6,74
389892;2737;6,51
389893;2728;6,29
389894;2736;6,49
389895;2742;6,64
389896;2736;6,49
389897;2763;7,17
389898;2750;6,84
389899;2742;6,64
389900;2752;6,89
389901;2765;7,22
389902;2783;7,68
389903;2743;6,66
389904;2764;7,20
389905;2736;6,49
389906;2770;7,35
389907;2742;6,64
389908;2736;6,49
389909;2746;6,74
389921;2705;5,70
389922;2715;5,96
389923;2704;5,68
389924;2709;5,80
389925;2714;5,93
389926;2706;5,73
389927;2704;5,68
389928;2703;5,65
389929;2697;5,50
389930;2699;5,55
389931;2699;5,55
389932;2704;5,68
389933;2701;5,60
389934;2704;5,68
389935;2706;5,73
389936;2711;5,86
389937;2710;5,83
389938;2713;5,91
389949;2743;6,66
389950;2751;6,87
389951;2825;8,74
389952;2751;6,87
389953;2759;7,07
389954;2757;7,02
389955;2907;10,81
389956;2750;6,84
389957;2817;8,54
389958;2785;7,73
389959;2755;6,97
389960;2780;7,60
389961;2755;6,97
389962;2758;7,04
389963;2748;6,79
389964;2836;9,02
389965;2745;6,72
389966;2764;7,20
389977;2715;5,96
389978;2709;5,80
389979;2717;6,01
389980;2786;7,75
389981;2774;7,45
389982;2704;5,68
389983;2717;6,01
389984;2707;5,75
389985;2784;7,70
389986;2767;7,27
389987;2707;5,75
389988;2711;5,86
389989;2739;6,56
389990;2800;8,11
389991;2727;6,26
389992;2723;6,16
389993;2745;6,72
389994;2802;8,16
389995;2704;5,68
390006;2746;6,74
390007;2771;7,37
390008;2742;6,64
390009;2773;7,42
390010;2874;9,98
390011;2769;7,32
390012;2768;7,30
390013;2770;7,35
390014;2765;7,22
390015;2754;6,94
390016;2741;6,61
390017;2827;8,79
390018;2747;6,77
390019;2788;7,80
390020;2795;7,98
390021;2759;7,07
390022;2759;7,07
390023;2742;6,64
390035;2837;9,04
390036;2724;6,18
390037;2802;8,16
390038;2791;7,88
390039;2710;5,83
390040;2723;6,16
390041;2716;5,98
390042;2723;6,16
390043;2720;6,08
390044;2719;6,06
390045;2718;6,03
390046;2708;5,78
390047;2751;6,87
390048;2779;7,58
390049;2715;5,96
390050;2716;5,98
390051;2714;5,93
390052;2731;6,36
390053;2709;5,80
390064;2723;6,16
390065;2727;6,26
390066;2733;6,41
390067;2736;6,49
390068;2733;6,41
390069;2735;6,46
390070;2739;6,56
390071;2737;6,51
390072;2735;6,46
390073;2746;6,74
390074;2736;6,49
390075;2727;6,26
390076;2725;6,21
390077;2731;6,36
390078;2745;6,72
390079;2736;6,49
390080;2727;6,26
390081;2735;6,46
390092;2832;8,92
390093;2731;6,36
390094;2721;6,11
390095;2731;6,36
390096;2729;6,31
390097;2721;6,11
390098;2731;6,36
390099;2733;6,41
390100;2729;6,31
390101;2716;5,98
390102;2731;6,36
390103;2704;5,68
390104;2768;7,30
390105;2815;8,49
390106;2718;6,03
390107;2715;5,96
390108;2800;8,11
390109;2771;7,37
390110;2776;7,50
390121;2723;6,16
390122;2736;6,49
390123;2798;8,06
390124;2750;6,84
390125;2735;6,46
390126;2727;6,26
390127;2763;7,17
390128;2734;6,44
390129;2741;6,61
390130;2815;8,49
390131;2759;7,07
390132;2763;7,17
390133;2758;7,04
390134;2757;7,02
390135;2759;7,07
390136;2794;7,96
390137;2720;6,08
390138;2732;6,39
390149;2811;8,39
390150;2843;9,20
390151;2746;6,74
390152;2763;7,17
390153;2736;6,49
390154;2731;6,36
390155;2747;6,77
390156;2768;7,30
390157;2765;7,22
390158;2738;6,54
390159;2737;6,51
390160;2767;7,27
390161;2765;7,22
390162;2768;7,30
390163;2736;6,49
390164;2736;6,49
390165;2731;6,36
390166;2735;6,46
390167;2735;6,46
390179;2767;7,27
390180;2768;7,30
390181;2769;7,32
390182;2737;6,51
390183;2736;6,49
390184;2757;7,02
390185;2768;7,30
390186;2752;6,89
390187;2737;6,51
390188;2743;6,66
390189;2746;6,74
390190;2846;9,27
390191;2775;7,47
390192;2745;6,72
390193;2896;10,54
390194;2757;7,02
390195;2785;7,73
390196;2755;6,97
390207;2786;7,75
390208;2765;7,22
390209;2759;7,07
390210;2763;7,17
390211;2844;9,22
390212;2779;7,58
390213;2759;7,07
390214;2796;8,01
390215;2823;8,69
390216;2784;7,70
390217;2806;8,26
390218;2759;7,07
390219;2859;9,60
390220;2771;7,37
390221;2769;7,32
390222;2796;8,01
390223;2859;9,60
390224;2799;8,08
390225;2825;8,74
390236;2775;7,47
390237;2766;7,25
390238;2871;9,90
390239;2781;7,63
390240;2775;7,47
390241;2815;8,49
390242;2847;9,30
390243;2778;7,55
390244;2782;7,65
390245;2820;8,61
390246;2780;7,60
390247;2781;7,63
390248;2779;7,58
390249;2786;7,75
390250;2810;8,36
390251;2859;9,60
390252;2845;9,25
390253;2798;8,06
390264;2863;9,70
390265;2805;8,23
390266;2821;8,64
390267;2813;8,44
390268;2813;8,44
390269;2845;9,25
390270;2816;8,51
390271;2831;8,89
390272;2837;9,04
390273;2816;8,51
390274;2825;8,74
390275;2837;9,04
390276;2877;10,06
390277;2819;8,59
390278;2820;8,61
390279;2813;8,44
390280;2817;8,54
390281;2912;10,94
390293;2834;8,97
390294;2832;8,92
390295;2840;9,12
390296;2861;9,65
390297;2833;8,94
390298;2929;11,37
390299;2855;9,50
390300;2895;10,51
390301;2896;10,54
390302;2869;9,85
390303;2894;10,49
390304;2933;11,47
390305;2869;9,85
390306;2878;10,08
390307;2863;9,70
390308;2878;10,08
390309;2973;12,48
390310;2989;12,89
390321;2931;11,42
390322;2955;12,03
390323;2935;11,52
390324;2945;11,78
390325;2957;12,08
390326;2995;13,04
390327;2938;11,60
390328;2951;11,93
390329;2944;11,75
390330;2933;11,47
390331;2923;11,22
390332;2954;12,00
390333;2942;11,70
390334;2978;12,61
390335;2963;12,23
390336;2982;12,71
390347;3023;13,75
390348;2927;11,32
390349;2943;11,73
390350;2935;11,52
390351;2924;11,24
390352;2994;13,02
390353;2944;11,75
390354;2964;12,26
390355;3003;13,24
390356;2929;11,37
390357;2929;11,37
390358;2945;11,78
390359;2961;12,18
390360;2930;11,40
390361;2959;12,13
390362;2934;11,50
390373;2946;11,80
390374;2980;12,66
390375;2975;12,54
390376;2967;12,33
390377;2946;11,80
390378;3037;14,10
390379;2949;11,88
390380;2944;11,75
390381;2967;12,33
390382;2954;12,00
390383;3053;14,51
390384;2950;11,90
390385;2965;12,28
390386;2960;12,16
390387;2960;12,16
390388;2955;12,03
390399;2944;11,75
390400;2945;11,78
390401;2941;11,68
390402;2946;11,80
390403;2933;11,47
390404;2933;11,47
390405;2933;11,47
390406;2982;12,71
390407;2946;11,80
390408;2930;11,40
390409;2910;10,89
390410;2944;11,75
390411;2923;11,22
390412;2962;12,21
390413;2973;12,48
390414;2927;11,32
390426;2928;11,35
390427;2925;11,27
390428;2943;11,73
390429;2943;11,73
390430;2946;11,80
390431;2944;11,75
390432;2966;12,31
390433;2923;11,22
390434;2955;12,03
390435;2950;11,90
390436;2992;12,97
390437;2911;10,92
390438;2912;10,94
390439;2909;10,87
390440;2945;11,78
390441;2911;10,92
390452;2915;11,02
390453;2911;10,92
390454;2915;11,02
390455;2923;11,22
390456;2914;10,99
390457;2909;10,87
390458;2906;10,79
390459;2929;11,37
390460;2914;10,99
390461;2907;10,81
390462;2907;10,81
390463;2902;10,69
390464;2906;10,79
390465;2902;10,69
390466;2895;10,51
390467;2936;11,55
390478;2870;9,88
390479;2904;10,74
390480;2875;10,01
390481;2943;11,73
390482;2895;10,51
390483;2887;10,31
390484;2891;10,41
390485;3002;13,22
390486;2896;10,54
390487;2896;10,54
390488;2903;10,71
390489;2985;12,79
390490;2912;10,94
390491;2903;10,71
390492;2915;11,02
390493;2925;11,27
390504;2958;12,11
390505;3014;13,52
390506;2929;11,37
390507;2923;11,22
390508;2975;12,54
390509;2901;10,66
390510;2901;10,66
390511;2887;10,31
390512;2917;11,07
390513;2934;11,50
390514;2902;10,69
390515;2890;10,38
390516;2883;10,21
390517;2914;10,99
390518;2906;10,79
390519;2867;9,80
390530;2903;10,71
390531;2879;10,11
390532;2862;9,68
390533;2867;9,80
390534;2959;12,13
390535;2934;11,50
390536;2879;10,11
390537;2851;9,40
390538;2906;10,79
390539;2939;11,62
390540;2913;10,97
390541;2850;9,37
390542;2864;9,73
390543;2864;9,73
390544;2894;10,49
390545;2911;10,92
390546;2935;11,52
390558;2943;11,73
390559;2869;9,85
390560;2874;9,98
390561;2899;10,61
390562;2916;11,04
390563;2863;9,70
390564;2862;9,68
390565;2867;9,80
390566;2882;10,18
390567;2868;9,83
390568;2860;9,63
390569;2941;11,68
390570;2864;9,73
390571;2877;10,06
390572;2861;9,65
390573;2845;9,25
390574;2851;9,40
390585;2941;11,68
390586;2848;9,32
390587;2845;9,25
390588;2871;9,90
390589;2857;9,55
390590;2851;9,40
390591;2859;9,60
390592;2862;9,68
390593;2863;9,70
390594;2858;9,57
390595;2863;9,70
390596;2934;11,50
390597;2862;9,68
390598;2933;11,47
390599;2848;9,32
390600;2861;9,65
390601;2881;10,16
390602;2873;9,95
390613;2861;9,65
390614;2900;10,64
390615;2858;9,57
390616;2875;10,01
390617;2842;9,17
390618;2848;9,32
390619;2858;9,57
390620;2913;10,97
390621;2853;9,45
390622;2862;9,68
390623;2881;10,16
390624;2880;10,13
390625;2845;9,25
390626;2893;10,46
390627;2864;9,73
390628;2864;9,73
390629;2877;10,06
390640;2826;8,77
390641;2832;8,92
390642;2824;8,71
390643;2818;8,56
390644;2826;8,77
390645;2822;8,66
390646;2820;8,61
390647;2818;8,56
390648;2816;8,51
390649;2816;8,51
390650;2800;8,11
390651;2823;8,69
390652;2864;9,73
390653;2822;8,66
390654;2817;8,54
390655;2837;9,04
390656;2819;8,59
390657;2827;8,79
390658;2846;9,27
390669;2859;9,60
390670;2850;9,37
390671;2950;11,90
390672;2863;9,70
390673;2880;10,13
390674;2851;9,40
390675;2845;9,25
390676;2839;9,09
390677;2832;8,92
390678;2891;10,41
390679;2833;8,94
390680;2837;9,04
390681;2852;9,42
390682;2867;9,80
390683;2878;10,08
390684;2868;9,83
390685;2849;9,35
390686;2853;9,45
390698;2851;9,40
390699;2854;9,47
390700;2842;9,17
390701;2842;9,17
390702;2853;9,45
390703;2859;9,60
390704;2849;9,35
390705;2837;9,04
390706;2837;9,04
390707;2836;9,02
390708;2828;8,82
390709;2832;8,92
390710;2822;8,66
390711;2823;8,69
390712;2829;8,84
390713;2831;8,89
390714;2831;8,89
390715;2825;8,74
390726;2820;8,61
390727;2917;11,07
390728;2825;8,74
390729;2907;10,81
390730;2835;8,99
390731;2913;10,97
390732;2856;9,52
390733;2819;8,59
390734;2845;9,25
390735;2877;10,06
390736;2945;11,78
390737;2895;10,51
390738;2842;9,17
390739;2847;9,30
390740;2864;9,73
390741;2931;11,42
390742;2835;8,99
390743;2842;9,17
390754;2839;9,09
390755;2839;9,09
390756;2849;9,35
390757;2832;8,92
390758;2823;8,69
390759;2822;8,66
390760;2822;8,66
390761;2832;8,92
390762;2816;8,51
390763;2823;8,69
390764;2877;10,06
390765;2842;9,17
390766;2875;10,01
390767;2814;8,46
390768;2806;8,26
390769;2811;8,39
390770;2806;8,26
390771;2841;9,14
390782;2881;10,16
390783;2825;8,74
390784;2833;8,94
390785;2834;8,97
390786;2838;9,07
390787;2830;8,87
390788;2842;9,17
390789;2840;9,12
390790;2879;10,11
390791;2837;9,04
390792;2883;10,21
390793;2855;9,50
390794;2869;9,85
390795;2859;9,60
390796;2834;8,97
390797;2847;9,30
390798;2848;9,32
390799;2867;9,80
390811;2896;10,54
390812;2828;8,82
390813;2896;10,54
390814;2832;8,92
390815;2864;9,73
390816;2894;10,49
390817;2848;9,32
390818;2813;8,44
390819;2845;9,25
390820;2817;8,54
390821;2907;10,81
390822;2826;8,77
390823;2830;8,87
390824;2816;8,51
390825;2821;8,64
390826;2820;8,61
390827;2855;9,50
390828;2864;9,73
390839;2847;9,30
390840;2865;9,75
390841;2896;10,54
390842;2848;9,32
390843;2853;9,45
390844;2858;9,57
390845;2899;10,61
390846;2832;8,92
390847;2897;10,56
390848;2863;9,70
390849;2839;9,09
390850;2861;9,65
390851;2896;10,54
390852;2918;11,09
390853;2896;10,54
390854;2832;8,92
390855;2847;9,30
390866;2829;8,84
390867;2815;8,49
390868;2819;8,59
390869;2819;8,59
390870;2849;9,35
390871;2818;8,56
390872;2880;10,13
390873;2811;8,39
390874;2832;8,92
390875;2813;8,44
390876;2828;8,82
390877;2825;8,74
390878;2803;8,18
390879;2813;8,44
390880;2805;8,23
390881;2799;8,08
390882;2835;8,99
390883;2803;8,18
390894;2819;8,59
390895;2803;8,18
390896;2830;8,87
390897;2832;8,92
390898;2884;10,23
390899;2794;7,96
390900;2803;8,18
390901;2807;8,28
390902;2819;8,59
390903;2822;8,66
390904;2805;8,23
390905;2829;8,84
390906;2832;8,92
390907;2871;9,90
390908;2800;8,11
390909;2813;8,44
390910;2819;8,59
390911;2826;8,77
390912;2817;8,54
390923;2816;8,51
390924;2787;7,78
390925;2800;8,11
390926;2816;8,51
390927;2814;8,46
390928;2803;8,18
390929;2782;7,65
390930;2802;8,16
390931;2853;9,45
390932;2803;8,18
390933;2789;7,83
390934;2818;8,56
390935;2801;8,13
390936;2821;8,64
390937;2779;7,58
390938;2845;9,25
390939;2765;7,22
390940;2778;7,55
390952;2781;7,63
390953;2854;9,47
390954;2786;7,75
390955;2783;7,68
390956;2786;7,75
390957;2796;8,01
390958;2795;7,98
390959;2821;8,64
390960;2810;8,36
390961;2759;7,07
390962;2837;9,04
390963;2800;8,11
390964;2854;9,47
390965;2804;8,21
390966;2851;9,40
390967;2838;9,07
390968;2815;8,49
390969;2853;9,45
390970;2832;8,92
390981;2800;8,11
390982;2800;8,11
390983;2903;10,71
390984;2864;9,73
390985;2805;8,23
390986;2876;10,03
390987;2782;7,65
390988;2800;8,11
390989;2795;7,98
390990;2803;8,18
390991;2787;7,78
390992;2790;7,85
390993;2862;9,68
390994;2800;8,11
390995;2787;7,78
390996;2791;7,88
390997;2793;7,93
390998;2779;7,58
391009;2786;7,75
391010;2781;7,63
391011;2787;7,78
391012;2779;7,58
391013;2782;7,65
391014;2785;7,73
391015;2799;8,08
391016;2773;7,42
391017;2782;7,65
391018;2775;7,47
391019;2781;7,63
391020;2830;8,87
391021;2782;7,65
391022;2780;7,60
391023;2839;9,09
391024;2805;8,23
391025;2829;8,84
391026;2787;7,78
391037;2797;8,03
391038;2799;8,08
391039;2809;8,34
391040;2802;8,16
391041;2797;8,03
391042;2798;8,06
391043;2800;8,11
391044;2813;8,44
391045;2797;8,03
391046;2793;7,93
391047;2802;8,16
391048;2798;8,06
391049;2821;8,64
391050;2794;7,96
391051;2804;8,21
391052;2799;8,08
391053;2813;8,44
391054;2832;8,92
391055;2803;8,18
391066;2815;8,49
391067;2794;7,96
391068;2864;9,73
391069;2816;8,51
391070;2832;8,92
391071;2786;7,75
391072;2835;8,99
391073;2805;8,23
391074;2834;8,97
391075;2777;7,53
391076;2806;8,26
391077;2779;7,58
391078;2789;7,83
391079;2838;9,07
391080;2795;7,98
391081;2832;8,92
391082;2782;7,65
391083;2782;7,65
391095;2795;7,98
391096;2802;8,16
391097;2805;8,23
391098;2802;8,16
391099;2826;8,77
391100;2800;8,11
391101;2807;8,28
391102;2780;7,60
391103;2797;8,03
391104;2801;8,13
391105;2827;8,79
391106;2802;8,16
391107;2802;8,16
391108;2800;8,11
391109;2814;8,46
391110;2806;8,26
391111;2803;8,18
391112;2813;8,44
391113;2822;8,66
391124;2779;7,58
391125;2788;7,80
391126;2782;7,65
391127;2809;8,34
391128;2789;7,83
391129;2771;7,37
391130;2801;8,13
391131;2774;7,45
391132;2767;7,27
391133;2786;7,75
391134;2797;8,03
391135;2819;8,59
391136;2770;7,35
391137;2767;7,27
391138;2756;6,99
391139;2782;7,65
391140;2786;7,75
391141;2751;6,87
391152;2752;6,89
391153;2749;6,82
391154;2791;7,88
391155;2738;6,54
391156;2735;6,46
391157;2735;6,46
391158;2736;6,49
391159;2753;6,92
391160;2721;6,11
391161;2723;6,16
391162;2731;6,36
391163;2722;6,13
391164;2730;6,34
391165;2723;6,16
391166;2727;6,26
391167;2726;6,23
391168;2757;7,02
391169;2720;6,08
391170;2751;6,87
391181;2722;6,13
391182;2730;6,34
391183;2727;6,26
391184;2715;5,96
391185;2730;6,34
391186;2791;7,88
391187;2785;7,73
391188;2752;6,89
391189;2742;6,64
391190;2764;7,20
391191;2724;6,18
391192;2736;6,49
391193;2739;6,56
391194;2741;6,61
391195;2765;7,22
391196;2737;6,51
391197;2735;6,46
391198;2737;6,51
391210;2763;7,17
391211;2834;8,97
391212;2762;7,15
391213;2752;6,89
391214;2753;6,92
391215;2785;7,73
391216;2778;7,55
391217;2787;7,78
391218;2773;7,42
391219;2833;8,94
391220;2779;7,58
391221;2794;7,96
391222;2777;7,53
391223;2807;8,28
391224;2763;7,17
391225;2768;7,30
391226;2774;7,45
391227;2791;7,88
391228;2767;7,27
391239;2775;7,47
391240;2774;7,45
391241;2773;7,42
391242;2797;8,03
391243;2799;8,08
391244;2800;8,11
391245;2800;8,11
391246;2801;8,13
391247;2793;7,93
391248;2827;8,79
391249;2797;8,03
391250;2795;7,98
391251;2782;7,65
391252;2832;8,92
391253;2795;7,98
391254;2795;7,98
391255;2846;9,27
391256;2815;8,49
391267;2779;7,58
391268;2807;8,28
391269;2768;7,30
391270;2760;7,10
391271;2765;7,22
391272;2763;7,17
391273;2801;8,13
391274;2751;6,87
391275;2755;6,97
391276;2752;6,89
391277;2758;7,04
391278;2767;7,27
391279;2778;7,55
391280;2753;6,92
391281;2790;7,85
391282;2747;6,77
391283;2751;6,87
391284;2746;6,74
391285;2737;6,51
391296;2775;7,47
391297;2750;6,84
391298;2747;6,77
391299;2736;6,49
391300;2729;6,31
391301;2749;6,82
391302;2741;6,61
391303;2757;7,02
391304;2733;6,41
391305;2733;6,41
391306;2736;6,49
391307;2783;7,68
391308;2731;6,36
391309;2735;6,46
391310;2727;6,26
391311;2762;7,15
391312;2790;7,85
391313;2729;6,31
391324;2727;6,26
391325;2807;8,28
391326;2747;6,77
391327;2728;6,29
391328;2784;7,70
391329;2754;6,94
391330;2767;7,27
391331;2755;6,97
391332;2767;7,27
391333;2721;6,11
391334;2745;6,72
391335;2747;6,77
391336;2719;6,06
391337;2787;7,78
391338;2715;5,96
391339;2727;6,26
391340;2741;6,61
391341;2754;6,94
391342;2747;6,77
391354;2704;5,68
391355;2703;5,65
391356;2704;5,68
391357;2703;5,65
391358;2709;5,80
391359;2699;5,55
391360;2699;5,55
391361;2701;5,60
391362;2697;5,50
391363;2702;5,63
391364;2704;5,68
391365;2706;5,73
391366;2704;5,68
391367;2704;5,68
391368;2704;5,68
391369;2697;5,50
391370;2702;5,63
391371;2704;5,68
391382;2715;5,96
391383;2706;5,73
391384;2710;5,83
391385;2739;6,56
391386;2704;5,68
391387;2708;5,78
391388;2753;6,92
391389;2749;6,82
391390;2725;6,21
391391;2718;6,03
391392;2721;6,11
391393;2762;7,15
391394;2807;8,28
391395;2749;6,82
391396;2719;6,06
391397;2717;6,01
391398;2757;7,02
391399;2750;6,84
391400;2711;5,86
391411;2707;5,75
391412;2733;6,41
391413;2705;5,70
391414;2758;7,04
391415;2734;6,44
391416;2699;5,55
391417;2704;5,68
391418;2745;6,72
391419;2707;5,75
391420;2704;5,68
391421;2709;5,80
391422;2723;6,16
391423;2766;7,25
391424;2718;6,03
391425;2730;6,34
391426;2705;5,70
391427;2763;7,17
391428;2706;5,73
391439;2695;5,45
391440;2704;5,68
391441;2711;5,86
391442;2763;7,17
391443;2713;5,91
391444;2720;6,08
391445;2693;5,40
391446;2738;6,54
391447;2721;6,11
391448;2706;5,73
391449;2747;6,77
391450;2711;5,86
391451;2704;5,68
391452;2702;5,63
391453;2704;5,68
391454;2767;7,27
391455;2707;5,75
391456;2703;5,65
391457;2704;5,68
391469;2713;5,91
391470;2701;5,60
391471;2770;7,35
391472;2704;5,68
391473;2729;6,31
391474;2704;5,68
391475;2729;6,31
391476;2691;5,35
391477;2693;5,40
391478;2720;6,08
391479;2719;6,06
391480;2722;6,13
391481;2701;5,60
391482;2701;5,60
391483;2701;5,60
391484;2703;5,65
391485;2722;6,13
391486;2698;5,53
391497;2677;4,99
391498;2685;5,20
391499;2688;5,27
391500;2688;5,27
391501;2685;5,20
391502;2691;5,35
391503;2702;5,63
391504;2682;5,12
391505;2678;5,02
391506;2679;5,05
391507;2689;5,30
391508;2682;5,12
391509;2687;5,25
391510;2687;5,25
391511;2690;5,32
391512;2687;5,25
391513;2678;5,02
391514;2679;5,05
391515;2678;5,02
391526;2684;5,17
391527;2697;5,50
391528;2684;5,17
391529;2685;5,20
391530;2711;5,86
391531;2688;5,27
391532;2686;5,22
391533;2692;5,37
391534;2735;6,46
391535;2688;5,27
391536;2708;5,78
391537;2726;6,23
391538;2684;5,17
391539;2691;5,35
391540;2695;5,45
391541;2683;5,15
391542;2717;6,01
391543;2685;5,20
391554;2698;5,53
391555;2694;5,43
391556;2686;5,22
391557;2707;5,75
391558;2736;6,49
391559;2755;6,97
391560;2675;4,94
391561;2730;6,34
391562;2672;4,87
391563;2672;4,87
391564;2716;5,98
391565;2707;5,75
391566;2690;5,32
391567;2688;5,27
391568;2685;5,20
391569;2682;5,12
391570;2681;5,10
391571;2783;7,68
391572;2674;4,92
391583;2688;5,27
391584;2719;6,06
391585;2768;7,30
391586;2774;7,45
391587;2714;5,93
391588;2746;6,74
391589;2736;6,49
391590;2698;5,53
391591;2688;5,27
391592;2701;5,60
391593;2703;5,65
391594;2688;5,27
391595;2733;6,41
391596;2695;5,45
391597;2692;5,37
391598;2687;5,25
391599;2718;6,03
391600;2694;5,43
391612;2688;5,27
391613;2688;5,27
391614;2688;5,27
391615;2689;5,30
391616;2680;5,07
391617;2687;5,25
391618;2689;5,30
391619;2679;5,05
391620;2683;5,15
391621;2677;4,99
391622;2684;5,17
391623;2683;5,15
391624;2678;5,02
391625;2679;5,05
391626;2673;4,89
391627;2679;5,05
391628;2679;5,05
391629;2678;5,02
391630;2673;4,89
391641;2706;5,73
391642;2731;6,36
391643;2723;6,16
391644;2690;5,32
391645;2704;5,68
391646;2752;6,89
391647;2752;6,89
391648;2698;5,53
391649;2703;5,65
391650;2694;5,43
391651;2736;6,49
391652;2734;6,44
391653;2736;6,49
391654;2693;5,40
391655;2695;5,45
391656;2741;6,61
391657;2795;7,98
391658;2736;6,49
391669;2729;6,31
391670;2689;5,30
391671;2692;5,37
391672;2707;5,75
391673;2698;5,53
391674;2774;7,45
391675;2694;5,43
391676;2691;5,35
391677;2725;6,21
391678;2694;5,43
391679;2688;5,27
391680;2714;5,93
391681;2694;5,43
391682;2691;5,35
391683;2743;6,66
391684;2699;5,55
391685;2742;6,64
391686;2762;7,15
391687;2695;5,45
391698;2700;5,58
391699;2707;5,75
391700;2695;5,45
391701;2695;5,45
391702;2701;5,60
391703;2691;5,35
391704;2714;5,93
391705;2741;6,61
391706;2691;5,35
391707;2694;5,43
391708;2681;5,10
391709;2816;8,51
391710;2687;5,25
391711;2687;5,25
391712;2692;5,37
391713;2711;5,86
391714;2744;6,69
391715;2682;5,12
391727;2702;5,63
391728;2672;4,87
391729;2683;5,15
391730;2672;4,87
391731;2672;4,87
391732;2800;8,11
391733;2791;7,88
391734;2704;5,68
391735;2789;7,83
391736;2675;4,94
391737;2687;5,25
391738;2725;6,21
391739;2768;7,30
391740;2795;7,98
391741;2736;6,49
391742;2690;5,32
391743;2693;5,40
391744;2722;6,13
391745;2751;6,87
391756;2733;6,41
391757;2735;6,46
391758;2736;6,49
391759;2736;6,49
391760;2735;6,46
391761;2738;6,54
391762;2725;6,21
391763;2736;6,49
391764;2736;6,49
391765;2727;6,26
391766;2721;6,11
391767;2730;6,34
391768;2725;6,21
391769;2839;9,09
391770;2750;6,84
391771;2719;6,06
391772;2802;8,16
391773;2711;5,86
391784;2693;5,40
391785;2685;5,20
391786;2693;5,40
391787;2690;5,32
391788;2674;4,92
391789;2784;7,70
391790;2698;5,53
391791;2700;5,58
391792;2673;4,89
391793;2674;4,92
391794;2697;5,50
391795;2685;5,20
391796;2723;6,16
391797;2756;6,99
391798;2679;5,05
391799;2688;5,27
391800;2747;6,77
391801;2730;6,34
391802;2689;5,30
391813;2731;6,36
391814;2773;7,42
391815;2787;7,78
391816;2718;6,03
391817;2729;6,31
391818;2734;6,44
391819;2754;6,94
391820;2734;6,44
391821;2787;7,78
391822;2735;6,46
391823;2778;7,55
391824;2846;9,27
391825;2731;6,36
391826;2736;6,49
391827;2737;6,51
391828;2741;6,61
391829;2857;9,55
391830;2742;6,64
391841;2720;6,08
391842;2736;6,49
391843;2723;6,16
391844;2711;5,86
391845;2725;6,21
391846;2706;5,73
391847;2703;5,65
391848;2736;6,49
391849;2710;5,83
391850;2692;5,37
391851;2711;5,86
391852;2693;5,40
391853;2716;5,98
391854;2710;5,83
391855;2688;5,27
391856;2771;7,37
391857;2701;5,60
391858;2707;5,75
391859;2687;5,25
391871;2698;5,53
391872;2694;5,43
391873;2704;5,68
391874;2704;5,68
391875;2704;5,68
391876;2704;5,68
391877;2711;5,86
391878;2717;6,01
391879;2722;6,13
391880;2722;6,13
391881;2727;6,26
391882;2723;6,16
391883;2731;6,36
391884;2736;6,49
391885;2736;6,49
391886;2736;6,49
391887;2736;6,49
391888;2741;6,61
391899;2747;6,77
391900;2747;6,77
391901;2787;7,78
391902;2745;6,72
391903;2731;6,36
391904;2729;6,31
391905;2741;6,61
391906;2767;7,27
391907;2723;6,16
391908;2743;6,66
391909;2747;6,77
391910;2743;6,66
391911;2766;7,25
391912;2710;5,83
391913;2705;5,70
391914;2721;6,11
391915;2721;6,11
391916;2765;7,22
391917;2705;5,70
391928;2699;5,55
391929;2714;5,93
391930;2693;5,40
391931;2787;7,78
391932;2699;5,55
391933;2699;5,55
391934;2716;5,98
391935;2704;5,68
391936;2759;7,07
391937;2726;6,23
391938;2707;5,75
391939;2768;7,30
391940;2704;5,68
391941;2714;5,93
391942;2719;6,06
391943;2777;7,53
391944;2757;7,02
391945;2752;6,89
391956;2811;8,39
391957;2726;6,23
391958;2745;6,72
391959;2719;6,06
391960;2727;6,26
391961;2726;6,23
391962;2715;5,96
391963;2736;6,49
391964;2775;7,47
391965;2719;6,06
391966;2717;6,01
391967;2718;6,03
391968;2800;8,11
391969;2743;6,66
391970;2747;6,77
391971;2741;6,61
391972;2738;6,54
391973;2797;8,03
391974;2794;7,96
391986;2737;6,51
391987;2727;6,26
391988;2730;6,34
391989;2736;6,49
391990;2755;6,97
391991;2735;6,46
391992;2753;6,92
391993;2764;7,20
391994;2734;6,44
391995;2733;6,41
391996;2723;6,16
391997;2732;6,39
391998;2738;6,54
391999;2778;7,55
392000;2773;7,42
392001;2710;5,83
392002;2715;5,96
392003;2723;6,16
392014;2723;6,16
392015;2716;5,98
392016;2716;5,98
392017;2717;6,01
392018;2719;6,06
392019;2719;6,06
392020;2738;6,54
392021;2719;6,06
392022;2720;6,08
392023;2731;6,36
392024;2723;6,16
392025;2723;6,16
392026;2717;6,01
392027;2722;6,13
392028;2720;6,08
392029;2727;6,26
392030;2727;6,26
392031;2724;6,18
392032;2733;6,41
392043;2731;6,36
392044;2747;6,77
392045;2745;6,72
392046;2775;7,47
392047;2736;6,49
392048;2746;6,74
392049;2750;6,84
392050;2736;6,49
392051;2733;6,41
392052;2745;6,72
392053;2747;6,77
392054;2762;7,15
392055;2738;6,54
392056;2732;6,39
392057;2731;6,36
392058;2736;6,49
392059;2736;6,49
392060;2725;6,21
392071;2747;6,77
392072;2720;6,08
392073;2736;6,49
392074;2748;6,79
392075;2731;6,36
392076;2738;6,54
392077;2729;6,31
392078;2719;6,06
392079;2733;6,41
392080;2715;5,96
392081;2735;6,46
392082;2723;6,16
392083;2734;6,44
392084;2773;7,42
392085;2731;6,36
392086;2718;6,03
392087;2717;6,01
392088;2841;9,14
392089;2767;7,27
392100;2737;6,51
392101;2748;6,79
392102;2736;6,49
392103;2736;6,49
392104;2768;7,30
392105;2731;6,36
392106;2752;6,89
392107;2769;7,32
392108;2736;6,49
392109;2743;6,66
392110;2731;6,36
392111;2734;6,44
392112;2753;6,92
392113;2729;6,31
392114;2719;6,06
392115;2795;7,98
392116;2745;6,72
392117;2719;6,06
392129;2712;5,88
392130;2702;5,63
392131;2708;5,78
392132;2719;6,06
392133;2711;5,86
392134;2718;6,03
392135;2720;6,08
392136;2717;6,01
392137;2718;6,03
392138;2717;6,01
392139;2714;5,93
392140;2719;6,06
392141;2721;6,11
392142;2720;6,08
392143;2722;6,13
392144;2726;6,23
392145;2726;6,23
392146;2726;6,23
392147;2730;6,34
392158;2768;7,30
392159;2778;7,55
392160;2736;6,49
392161;2725;6,21
392162;2764;7,20
392163;2747;6,77
392164;2767;7,27
392165;2745;6,72
392166;2736;6,49
392167;2735;6,46
392168;2758;7,04
392169;2774;7,45
392170;2779;7,58
392171;2734;6,44
392172;2749;6,82
392173;2767;7,27
392174;2719;6,06
392175;2719;6,06
392186;2709;5,80
392187;2777;7,53
392188;2746;6,74
392189;2723;6,16
392190;2726;6,23
392191;2718;6,03
392192;2730;6,34
392193;2743;6,66
392194;2714;5,93
392195;2725;6,21
392196;2741;6,61
392197;2750;6,84
392198;2710;5,83
392199;2746;6,74
392200;2715;5,96
392201;2741;6,61
392202;2751;6,87
392203;2722;6,13
392204;2718;6,03
392215;2723;6,16
392216;2741;6,61
392217;2711;5,86
392218;2781;7,63
392219;2799;8,08
392220;2730;6,34
392221;2731;6,36
392222;2721;6,11
392223;2710;5,83
392224;2736;6,49
392225;2755;6,97
392226;2764;7,20
392227;2733;6,41
392228;2738;6,54
392229;2720;6,08
392230;2727;6,26
392231;2751;6,87
392232;2736;6,49
392244;2733;6,41
392245;2705;5,70
392246;2745;6,72
392247;2723;6,16
392248;2709;5,80
392249;2736;6,49
392250;2721;6,11
392251;2711;5,86
392252;2781;7,63
392253;2715;5,96
392254;2755;6,97
392255;2705;5,70
392256;2719;6,06
392257;2707;5,75
392258;2715;5,96
392259;2734;6,44
392260;2743;6,66
392261;2708;5,78
392262;2722;6,13
392273;2817;8,54
392274;2749;6,82
392275;2825;8,74
392276;2771;7,37
392277;2774;7,45
392278;2800;8,11
392279;2741;6,61
392280;2782;7,65
392281;2754;6,94
392282;2771;7,37
392283;2721;6,11
392284;2835;8,99
392285;2787;7,78
392286;2717;6,01
392287;2784;7,70
392288;2732;6,39
392289;2795;7,98
392290;2796;8,01
392301;2722;6,13
392302;2721;6,11
392303;2763;7,17
392304;2763;7,17
392305;2709;5,80
392306;2721;6,11
392307;2726;6,23
392308;2731;6,36
392309;2735;6,46
392310;2716;5,98
392311;2784;7,70
392312;2704;5,68
392313;2705;5,70
392314;2709;5,80
392315;2704;5,68
392316;2732;6,39
392317;2729;6,31
392318;2710;5,83
392319;2708;5,78
392330;2721;6,11
392331;2731;6,36
392332;2799;8,08
392333;2757;7,02
392334;2825;8,74
392335;2737;6,51
392336;2752;6,89
392337;2762;7,15
392338;2730;6,34
392339;2730;6,34
392340;2737;6,51
392341;2737;6,51
392342;2742;6,64
392343;2759;7,07
392344;2768;7,30
392345;2762;7,15
392346;2752;6,89
392347;2755;6,97
392358;2739;6,56
392359;2750;6,84
392360;2756;6,99
392361;2741;6,61
392362;2725;6,21
392363;2856;9,52
392364;2771;7,37
392365;2751;6,87
392366;2752;6,89
392367;2713;5,91
392368;2735;6,46
392369;2723;6,16
392370;2722;6,13
392371;2786;7,75
392372;2709;5,80
392373;2721;6,11
392374;2724;6,18
392375;2708;5,78
392376;2704;5,68
392388;2704;5,68
392389;2713;5,91
392390;2708;5,78
392391;2713;5,91
392392;2711;5,86
392393;2713;5,91
392394;2727;6,26
392395;2714;5,93
392396;2735;6,46
392397;2730;6,34
392398;2726;6,23
392399;2723;6,16
392400;2732;6,39
392401;2735;6,46
392402;2766;7,25
392403;2746;6,74
392404;2736;6,49
392405;2741;6,61
392416;2738;6,54
392417;2738;6,54
392418;2745;6,72
392419;2735;6,46
392420;2735;6,46
392421;2743;6,66
392422;2739;6,56
392423;2745;6,72
392424;2752;6,89
392425;2731;6,36
392426;2778;7,55
392427;2724;6,18
392428;2722;6,13
392429;2751;6,87
392430;2732;6,39
392431;2735;6,46
392432;2813;8,44
392433;2726;6,23
392434;2721;6,11
392445;2727;6,26
392446;2731;6,36
392447;2725;6,21
392448;2734;6,44
392449;2743;6,66
392450;2736;6,49
392451;2745;6,72
392452;2763;7,17
392453;2719;6,06
392454;2811;8,39
392455;2839;9,09
392456;2740;6,59
392457;2719;6,06
392458;2723;6,16
392459;2731;6,36
392460;2731;6,36
392461;2772;7,40
392462;2767;7,27
392473;2727;6,26
392474;2752;6,89
392475;2733;6,41
392476;2716;5,98
392477;2747;6,77
392478;2726;6,23
392479;2735;6,46
392480;2751;6,87
392481;2753;6,92
392482;2720;6,08
392483;2725;6,21
392484;2730;6,34
392485;2832;8,92
392486;2759;7,07
392487;2752;6,89
392488;2737;6,51
392489;2723;6,16
392490;2753;6,92
392491;2799;8,08
392503;2734;6,44
392504;2739;6,56
392505;2735;6,46
392506;2736;6,49
392507;2736;6,49
392508;2736;6,49
392509;2756;6,99
392510;2731;6,36
392511;2736;6,49
392512;2758;7,04
392513;2742;6,64
392514;2791;7,88
392515;2778;7,55
392516;2736;6,49
392517;2728;6,29
392518;2715;5,96
392519;2767;7,27
392520;2731;6,36
392531;2801;8,13
392532;2828;8,82
392533;2731;6,36
392534;2801;8,13
392535;2795;7,98
392536;2768;7,30
392537;2781;7,63
392538;2766;7,25
392539;2764;7,20
392540;2743;6,66
392541;2797;8,03
392542;2704;5,68
392543;2762;7,15
392544;2802;8,16
392545;2720;6,08
392546;2718;6,03
392547;2771;7,37
392548;2768;7,30
392549;2769;7,32
392560;2717;6,01
392561;2751;6,87
392562;2740;6,59
392563;2718;6,03
392564;2732;6,39
392565;2727;6,26
392566;2757;7,02
392567;2720;6,08
392568;2720;6,08
392569;2736;6,49
392570;2726;6,23
392571;2850;9,37
392572;2736;6,49
392573;2719;6,06
392574;2768;7,30
392575;2713;5,91
392576;2818;8,56
392577;2711;5,86
392588;2763;7,17
392589;2715;5,96
392590;2739;6,56
392591;2739;6,56
392592;2736;6,49
392593;2720;6,08
392594;2736;6,49
392595;2741;6,61
392596;2717;6,01
392597;2723;6,16
392598;2719;6,06
392599;2736;6,49
392600;2751;6,87
392601;2738;6,54
392602;2735;6,46
392603;2726;6,23
392604;2743;6,66
392605;2773;7,42
392606;2738;6,54
392617;2752;6,89
392618;2745;6,72
392619;2801;8,13
392620;2737;6,51
392621;2871;9,90
392622;2737;6,51
392623;2769;7,32
392624;2752;6,89
392625;2756;6,99
392626;2755;6,97
392627;2750;6,84
392628;2749;6,82
392629;2749;6,82
392630;2768;7,30
392631;2753;6,92
392632;2878;10,08
392633;2755;6,97
392634;2800;8,11
392646;2763;7,17
392647;2762;7,15
392648;2763;7,17
392649;2759;7,07
392650;2765;7,22
392651;2768;7,30
392652;2762;7,15
392653;2772;7,40
392654;2768;7,30
392655;2771;7,37
392656;2767;7,27
392657;2764;7,20
392658;2789;7,83
392659;2765;7,22
392660;2765;7,22
392661;2768;7,30
392662;2759;7,07
392663;2781;7,63
392664;2765;7,22
392675;2811;8,39
392676;2782;7,65
392677;2782;7,65
392678;2782;7,65
392679;2849;9,35
392680;2831;8,89
392681;2773;7,42
392682;2787;7,78
392683;2784;7,70
392684;2833;8,94
392685;2781;7,63
392686;2779;7,58
392687;2833;8,94
392688;2838;9,07
392689;2827;8,79
392690;2874;9,98
392691;2814;8,46
392692;2789;7,83
392703;2874;9,98
392704;2817;8,54
392705;2857;9,55
392706;2866;9,78
392707;2803;8,18
392708;2809;8,34
392709;2812;8,41
392710;2832;8,92
392711;2828;8,82
392712;2823;8,69
392713;2822;8,66
392714;2814;8,46
392715;2827;8,79
392716;2815;8,49
392717;2832;8,92
392718;2819;8,59
392719;2869;9,85
392720;2855;9,50
392721;2819;8,59
392732;2894;10,49
392733;2842;9,17
392734;2876;10,03
392735;2850;9,37
392736;2918;11,09
392737;2850;9,37
392738;2846;9,27
392739;2908;10,84
392740;2864;9,73
392741;2956;12,05
392742;2871;9,90
392743;2859;9,60
392744;2880;10,13
392745;2882;10,18
392746;2876;10,03
392747;2910;10,89
392748;2878;10,08
392760;2907;10,81
392761;2896;10,54
392762;3018;13,62
392763;2919;11,12
392764;3007;13,35
392765;2907;10,81
392766;2893;10,46
392767;2889;10,36
392768;2905;10,76
392769;2909;10,87
392770;2928;11,35
392771;2898;10,59
392772;2928;11,35
392773;2914;10,99
392774;2976;12,56
392775;2902;10,69
392786;2954;12,00
392787;2959;12,13
392788;2918;11,09
392789;2947;11,83
392790;3057;14,61
392791;3013;13,50
392792;2958;12,11
392793;2984;12,76
392794;2971;12,43
392795;2956;12,05
392796;2989;12,89
392797;2959;12,13
392798;2969;12,38
392799;2960;12,16
392800;2973;12,48
392801;3062;14,74
392812;2950;11,90
392813;3037;14,10
392814;2999;13,14
392815;2998;13,12
392816;3015;13,55
392817;2943;11,73
392818;2961;12,18
392819;3003;13,24
392820;2969;12,38
392821;2966;12,31
392822;2944;11,75
392823;2990;12,91
392824;2978;12,61
392825;2972;12,46
392826;2944;11,75
392827;2945;11,78
392838;2943;11,73
392839;2933;11,47
392840;3007;13,35
392841;2931;11,42
392842;2958;12,11
392843;2945;11,78
392844;2923;11,22
392845;2918;11,09
392846;2950;11,90
392847;2943;11,73
392848;2932;11,45
392849;2915;11,02
392850;2915;11,02
392851;2941;11,68
392852;2938;11,60
392853;2905;10,76
392864;2939;11,62
392865;2930;11,40
392866;2926;11,30
392867;2939;11,62
392868;2939;11,62
392869;2973;12,48
392870;2975;12,54
392871;2928;11,35
392872;2938;11,60
392873;2927;11,32
392874;3008;13,37
392875;2986;12,81
392876;2928;11,35
392877;3026;13,83
392878;2987;12,84
392879;3006;13,32
392891;2909;10,87
392892;2912;10,94
392893;2914;10,99
392894;2922;11,19
392895;2917;11,07
392896;2912;10,94
392897;2911;10,92
392898;2902;10,69
392899;2908;10,84
392900;2910;10,89
392901;2911;10,92
392902;2901;10,66
392903;2901;10,66
392904;2901;10,66
392905;2898;10,59
392906;2897;10,56
392917;2909;10,87
392918;2893;10,46
392919;2991;12,94
392920;2891;10,41
392921;2960;12,16
392922;2928;11,35
392923;2890;10,38
392924;2897;10,56
392925;2896;10,54
392926;2939;11,62
392927;2999;13,14
392928;2921;11,17
392929;2897;10,56
392930;2922;11,19
392931;2989;12,89
392932;2927;11,32
392943;2946;11,80
392944;2918;11,09
392945;2914;10,99
392946;2929;11,37
392947;3027;13,85
392948;2929;11,37
392949;2967;12,33
392950;2896;10,54
392951;2909;10,87
392952;2943;11,73
392953;2992;12,97
392954;2881;10,16
392955;2992;12,97
392956;2877;10,06
392957;2988;12,86
392958;2882;10,18
392969;2880;10,13
392970;2899;10,61
392971;2881;10,16
392972;2886;10,28
392973;2907;10,81
392974;2896;10,54
392975;2918;11,09
392976;2893;10,46
392977;2896;10,54
392978;2928;11,35
392979;2870;9,88
392980;2883;10,21
392981;2887;10,31
392982;2891;10,41
392983;2927;11,32
392984;2987;12,84
392996;2875;10,01
392997;2878;10,08
392998;2887;10,31
392999;2875;10,01
393000;2880;10,13
393001;2875;10,01
393002;2885;10,26
393003;2927;11,32
393004;2864;9,73
393005;2859;9,60
393006;2905;10,76
393007;2894;10,49
393008;2849;9,35
393009;2861;9,65
393010;2876;10,03
393011;2890;10,38
393012;2896;10,54
393023;2873;9,95
393024;2919;11,12
393025;2930;11,40
393026;2903;10,71
393027;2877;10,06
393028;2893;10,46
393029;2898;10,59
393030;2912;10,94
393031;2928;11,35
393032;2886;10,28
393033;2880;10,13
393034;2907;10,81
393035;2869;9,85
393036;2903;10,71
393037;2863;9,70
393038;2865;9,75
393049;2849;9,35
393050;2850;9,37
393051;2855;9,50
393052;2843;9,20
393053;2855;9,50
393054;2832;8,92
393055;2937;11,57
393056;2827;8,79
393057;2855;9,50
393058;2858;9,57
393059;2832;8,92
393060;2834;8,97
393061;2834;8,97
393062;2818;8,56
393063;2826;8,77
393064;2831;8,89
393065;2830;8,87
393066;2818;8,56
393077;2817;8,54
393078;2901;10,66
393079;2835;8,99
393080;2833;8,94
393081;2817;8,54
393082;2838;9,07
393083;2843;9,20
393084;2887;10,31
393085;2832;8,92
393086;2839;9,09
393087;2860;9,63
393088;2837;9,04
393089;2896;10,54
393090;2832;8,92
393091;2843;9,20
393092;2855;9,50
393093;2850;9,37
393094;2933;11,47
393105;2843;9,20
393106;2869;9,85
393107;2873;9,95
393108;2885;10,26
393109;2852;9,42
393110;2879;10,11
393111;2839;9,09
393112;2831;8,89
393113;2832;8,92
393114;2830;8,87
393115;2828;8,82
393116;2823;8,69
393117;2832;8,92
393118;2864;9,73
393119;2822;8,66
393120;2832;8,92
393121;2838;9,07
393122;2834;8,97
393134;2802;8,16
393135;2821;8,64
393136;2815;8,49
393137;2809;8,34
393138;2815;8,49
393139;2807;8,28
393140;2805;8,23
393141;2819;8,59
393142;2812;8,41
393143;2815;8,49
393144;2813;8,44
393145;2809;8,34
393146;2800;8,11
393147;2802;8,16
393148;2806;8,26
393149;2801;8,13
393150;2797;8,03
393151;2800;8,11
393152;2800;8,11
393163;2816;8,51
393164;2841;9,14
393165;2865;9,75
393166;2835;8,99
393167;2864;9,73
393168;2851;9,40
393169;2848;9,32
393170;2839;9,09
393171;2857;9,55
393172;2881;10,16
393173;2841;9,14
393174;2851;9,40
393175;2835;8,99
393176;2852;9,42
393177;2846;9,27
393178;2883;10,21
393179;2835;8,99
393180;2851;9,40
393191;2832;8,92
393192;2827;8,79
393193;2855;9,50
393194;2845;9,25
393195;2841;9,14
393196;2834;8,97
393197;2821;8,64
393198;2842;9,17
393199;2815;8,49
393200;2811;8,39
393201;2813;8,44
393202;2851;9,40
393203;2864;9,73
393204;2817;8,54
393205;2823;8,69
393206;2810;8,36
393207;2807;8,28
393208;2861;9,65
393209;2802;8,16
393220;2821;8,64
393221;2833;8,94
393222;2814;8,46
393223;2819;8,59
393224;2821;8,64
393225;2832;8,92
393226;2839;9,09
393227;2880;10,13
393228;2882;10,18
393229;2835;8,99
393230;2848;9,32
393231;2849;9,35
393232;2895;10,51
393233;2864;9,73
393234;2930;11,40
393235;2853;9,45
393236;2901;10,66
393248;2933;11,47
393249;2821;8,64
393250;2855;9,50
393251;2847;9,30
393252;2863;9,70
393253;2843;9,20
393254;2823;8,69
393255;2814;8,46
393256;2896;10,54
393257;2810;8,36
393258;2806;8,26
393259;2803;8,18
393260;2837;9,04
393261;2797;8,03
393262;2846;9,27
393263;2835;8,99
393264;2807;8,28
393265;2813;8,44
393276;2822;8,66
393277;2819;8,59
393278;2820;8,61
393279;2864;9,73
393280;2826;8,77
393281;2830;8,87
393282;2832;8,92
393283;2819;8,59
393284;2881;10,16
393285;2829;8,84
393286;2819;8,59
393287;2837;9,04
393288;2817;8,54
393289;2839;9,09
393290;2846;9,27
393291;2835;8,99
393292;2834;8,97
393293;2849;9,35
393294;2841;9,14
393305;2818;8,56
393306;2887;10,31
393307;2817;8,54
393308;2845;9,25
393309;2853;9,45
393310;2891;10,41
393311;2818;8,56
393312;2817;8,54
393313;2820;8,61
393314;2894;10,49
393315;2816;8,51
393316;2832;8,92
393317;2817;8,54
393318;2843;9,20
393319;2902;10,69
393320;2881;10,16
393321;2833;8,94
393332;2800;8,11
393333;2843;9,20
393334;2816;8,51
393335;2857;9,55
393336;2811;8,39
393337;2864;9,73
393338;2815;8,49
393339;2819;8,59
393340;2815;8,49
393341;2817;8,54
393342;2832;8,92
393343;2886;10,28
393344;2858;9,57
393345;2874;9,98
393346;2848;9,32
393347;2807;8,28
393348;2890;10,38
393349;2822;8,66
393350;2806;8,26
393361;2821;8,64
393362;2859;9,60
393363;2814;8,46
393364;2819;8,59
393365;2826;8,77
393366;2810;8,36
393367;2850;9,37
393368;2819;8,59
393369;2855;9,50
393370;2830;8,87
393371;2815;8,49
393372;2819;8,59
393373;2873;9,95
393374;2817;8,54
393375;2881;10,16
393376;2809;8,34
393377;2804;8,21
393378;2815;8,49
393390;2863;9,70
393391;2803;8,18
393392;2803;8,18
393393;2812;8,41
393394;2803;8,18
393395;2827;8,79
393396;2799;8,08
393397;2857;9,55
393398;2805;8,23
393399;2796;8,01
393400;2795;7,98
393401;2832;8,92
393402;2842;9,17
393403;2819;8,59
393404;2811;8,39
393405;2803;8,18
393406;2799;8,08
393407;2800;8,11
393408;2824;8,71
393419;2835;8,99
393420;2823;8,69
393421;2803;8,18
393422;2787;7,78
393423;2821;8,64
393424;2855;9,50
393425;2786;7,75
393426;2871;9,90
393427;2898;10,59
393428;2793;7,93
393429;2818;8,56
393430;2865;9,75
393431;2824;8,71
393432;2805;8,23
393433;2816;8,51
393434;2796;8,01
393435;2830;8,87
393436;2866;9,78
393447;2779;7,58
393448;2800;8,11
393449;2887;10,31
393450;2806;8,26
393451;2786;7,75
393452;2861;9,65
393453;2814;8,46
393454;2835;8,99
393455;2797;8,03
393456;2784;7,70
393457;2817;8,54
393458;2863;9,70
393459;2813;8,44
393460;2827;8,79
393461;2789;7,83
393462;2827;8,79
393463;2807;8,28
393464;2822;8,66
393475;2910;10,89
393476;2800;8,11
393477;2826;8,77
393478;2864;9,73
393479;2801;8,13
393480;2794;7,96
393481;2808;8,31
393482;2811;8,39
393483;2871;9,90
393484;2810;8,36
393485;2791;7,88
393486;2806;8,26
393487;2871;9,90
393488;2826;8,77
393489;2803;8,18
393490;2787;7,78
393491;2838;9,07
393492;2803;8,18
393493;2801;8,13
393505;2795;7,98
393506;2789;7,83
393507;2803;8,18
393508;2800;8,11
393509;2821;8,64
393510;2889;10,36
393511;2796;8,01
393512;2833;8,94
393513;2798;8,06
393514;2841;9,14
393515;2783;7,68
393516;2795;7,98
393517;2864;9,73
393518;2866;9,78
393519;2777;7,53
393520;2886;10,28
393521;2811;8,39
393522;2848;9,32
393533;2927;11,32
393534;2834;8,97
393535;2834;8,97
393536;2843;9,20
393537;2846;9,27
393538;2879;10,11
393539;2857;9,55
393540;2823;8,69
393541;2841;9,14
393542;2849;9,35
393543;2879;10,11
393544;2882;10,18
393545;2830;8,87
393546;2880;10,13
393547;2867;9,80
393548;2931;11,42
393549;2871;9,90
393560;2814;8,46
393561;2823;8,69
393562;2832;8,92
393563;2869;9,85
393564;2898;10,59
393565;2876;10,03
393566;2832;8,92
393567;2839;9,09
393568;2809;8,34
393569;2823;8,69
393570;2799;8,08
393571;2816;8,51
393572;2846;9,27
393573;2837;9,04
393574;2816;8,51
393575;2814;8,46
393576;2831;8,89
393577;2834;8,97
393588;2832;8,92
393589;2803;8,18
393590;2792;7,90
393591;2877;10,06
393592;2800;8,11
393593;2829;8,84
393594;2875;10,01
393595;2807;8,28
393596;2849;9,35
393597;2802;8,16
393598;2812;8,41
393599;2877;10,06
393600;2870;9,88
393601;2806;8,26
393602;2800;8,11
393603;2809;8,34
393604;2830;8,87
393605;2800;8,11
393616;2803;8,18
393617;2811;8,39
393618;2818;8,56
393619;2794;7,96
393620;2863;9,70
393621;2810;8,36
393622;2821;8,64
393623;2827;8,79
393624;2811;8,39
393625;2806;8,26
393626;2810;8,36
393627;2845;9,25
393628;2809;8,34
393629;2854;9,47
393630;2800;8,11
393631;2815;8,49
393632;2817;8,54
393633;2879;10,11
393634;2865;9,75
393646;2860;9,63
393647;2834;8,97
393648;2811;8,39
393649;2826;8,77
393650;2817;8,54
393651;2817;8,54
393652;2795;7,98
393653;2793;7,93
393654;2807;8,28
393655;2867;9,80
393656;2807;8,28
393657;2799;8,08
393658;2809;8,34
393659;2817;8,54
393660;2892;10,44
393661;2799;8,08
393662;2797;8,03
393663;2800;8,11
393674;2795;7,98
393675;2843;9,20
393676;2791;7,88
393677;2844;9,22
393678;2834;8,97
393679;2835;8,99
393680;2846;9,27
393681;2782;7,65
393682;2815;8,49
393683;2823;8,69
393684;2832;8,92
393685;2829;8,84
393686;2832;8,92
393687;2831;8,89
393688;2830;8,87
393689;2819;8,59
393690;2784;7,70
393691;2816;8,51
393692;2823;8,69
393703;2781;7,63
393704;2801;8,13
393705;2761;7,12
393706;2773;7,42
393707;2800;8,11
393708;2805;8,23
393709;2766;7,25
393710;2766;7,25
393711;2826;8,77
393712;2768;7,30
393713;2793;7,93
393714;2767;7,27
393715;2767;7,27
393716;2794;7,96
393717;2767;7,27
393718;2771;7,37
393719;2777;7,53
393720;2809;8,34
393731;2778;7,55
393732;2806;8,26
393733;2767;7,27
393734;2774;7,45
393735;2773;7,42
393736;2811;8,39
393737;2817;8,54
393738;2766;7,25
393739;2768;7,30
393740;2778;7,55
393741;2769;7,32
393742;2767;7,27
393743;2762;7,15
393744;2806;8,26
393745;2761;7,12
393746;2769;7,32
393747;2763;7,17
393748;2794;7,96
393749;2794;7,96
393760;2751;6,87
393761;2752;6,89
393762;2752;6,89
393763;2755;6,97
393764;2743;6,66
393765;2749;6,82
393766;2754;6,94
393767;2751;6,87
393768;2786;7,75
393769;2799;8,08
393770;2875;10,01
393771;2811;8,39
393772;2763;7,17
393773;2759;7,07
393774;2816;8,51
393775;2779;7,58
393776;2752;6,89
393777;2742;6,64
393789;2735;6,46
393790;2739;6,56
393791;2741;6,61
393792;2742;6,64
393793;2735;6,46
393794;2740;6,59
393795;2735;6,46
393796;2730;6,34
393797;2734;6,44
393798;2735;6,46
393799;2731;6,36
393800;2730;6,34
393801;2733;6,41
393802;2733;6,41
393803;2735;6,46
393804;2731;6,36
393805;2735;6,46
393806;2726;6,23
393807;2730;6,34
393818;2758;7,04
393819;2730;6,34
393820;2753;6,92
393821;2828;8,82
393822;2734;6,44
393823;2803;8,18
393824;2730;6,34
393825;2720;6,08
393826;2790;7,85
393827;2720;6,08
393828;2762;7,15
393829;2757;7,02
393830;2711;5,86
393831;2806;8,26
393832;2720;6,08
393833;2721;6,11
393834;2765;7,22
393835;2709;5,80
393846;2711;5,86
393847;2748;6,79
393848;2722;6,13
393849;2734;6,44
393850;2711;5,86
393851;2704;5,68
393852;2710;5,83
393853;2745;6,72
393854;2751;6,87
393855;2705;5,70
393856;2714;5,93
393857;2701;5,60
393858;2816;8,51
393859;2749;6,82
393860;2749;6,82
393861;2767;7,27
393862;2737;6,51
393863;2749;6,82
393864;2727;6,26
393875;2707;5,75
393876;2736;6,49
393877;2722;6,13
393878;2735;6,46
393879;2707;5,75
393880;2694;5,43
393881;2750;6,84
393882;2705;5,70
393883;2689;5,30
393884;2734;6,44
393885;2738;6,54
393886;2715;5,96
393887;2736;6,49
393888;2720;6,08
393889;2721;6,11
393890;2709;5,80
393891;2704;5,68
393892;2691;5,35
393904;2777;7,53
393905;2690;5,32
393906;2689;5,30
393907;2689;5,30
393908;2691;5,35
393909;2711;5,86
393910;2709;5,80
393911;2690;5,32
393912;2782;7,65
393913;2685;5,20
393914;2704;5,68
393915;2695;5,45
393916;2696;5,48
393917;2707;5,75
393918;2685;5,20
393919;2704;5,68
393920;2692;5,37
393921;2678;5,02
393922;2768;7,30
393933;2694;5,43
393934;2688;5,27
393935;2695;5,45
393936;2693;5,40
393937;2714;5,93
393938;2704;5,68
393939;2704;5,68
393940;2700;5,58
393941;2713;5,91
393942;2700;5,58
393943;2703;5,65
393944;2692;5,37
393945;2693;5,40
393946;2704;5,68
393947;2694;5,43
393948;2691;5,35
393949;2694;5,43
393950;2695;5,45
393961;2681;5,10
393962;2707;5,75
393963;2781;7,63
393964;2681;5,10
393965;2685;5,20
393966;2675;4,94
393967;2709;5,80
393968;2690;5,32
393969;2704;5,68
393970;2709;5,80
393971;2689;5,30
393972;2685;5,20
393973;2715;5,96
393974;2723;6,16
393975;2672;4,87
393976;2682;5,12
393977;2715;5,96
393978;2701;5,60
393979;2683;5,15
393990;2690;5,32
393991;2676;4,97
393992;2682;5,12
393993;2697;5,50
393994;2681;5,10
393995;2702;5,63
393996;2689;5,30
393997;2678;5,02
393998;2703;5,65
393999;2687;5,25
394000;2738;6,54
394001;2687;5,25
394002;2689;5,30
394003;2726;6,23
394004;2704;5,68
394005;2705;5,70
394006;2714;5,93
394007;2690;5,32
394018;2715;5,96
394019;2690;5,32
394020;2698;5,53
394021;2721;6,11
394022;2720;6,08
394023;2800;8,11
394024;2695;5,45
394025;2698;5,53
394026;2705;5,70
394027;2688;5,27
394028;2695;5,45
394029;2751;6,87
394030;2753;6,92
394031;2688;5,27
394032;2695;5,45
394033;2704;5,68
394034;2687;5,25
394035;2688;5,27
394036;2741;6,61
394048;2672;4,87
394049;2672;4,87
394050;2673;4,89
394051;2672;4,87
394052;2669;4,79
394053;2665;4,69
394054;2672;4,87
394055;2680;5,07
394056;2670;4,82
394057;2672;4,87
394058;2675;4,94
394059;2680;5,07
394060;2672;4,87
394061;2676;4,97
394062;2679;5,05
394063;2673;4,89
394064;2677;4,99
394065;2678;5,02
394076;2691;5,35
394077;2704;5,68
394078;2704;5,68
394079;2709;5,80
394080;2713;5,91
394081;2703;5,65
394082;2702;5,63
394083;2695;5,45
394084;2701;5,60
394085;2736;6,49
394086;2693;5,40
394087;2688;5,27
394088;2705;5,70
394089;2735;6,46
394090;2709;5,80
394091;2679;5,05
394092;2687;5,25
394093;2683;5,15
394094;2674;4,92
394105;2672;4,87
394106;2736;6,49
394107;2661;4,59
394108;2662;4,62
394109;2666;4,72
394110;2674;4,92
394111;2768;7,30
394112;2701;5,60
394113;2677;4,99
394114;2730;6,34
394115;2674;4,92
394116;2673;4,89
394117;2672;4,87
394118;2679;5,05
394119;2675;4,94
394120;2695;5,45
394121;2695;5,45
394122;2689;5,30
394133;2781;7,63
394134;2704;5,68
394135;2743;6,66
394136;2765;7,22
394137;2737;6,51
394138;2785;7,73
394139;2714;5,93
394140;2777;7,53
394141;2759;7,07
394142;2785;7,73
394143;2715;5,96
394144;2718;6,03
394145;2719;6,06
394146;2765;7,22
394147;2709;5,80
394148;2715;5,96
394149;2715;5,96
394150;2704;5,68
394151;2699;5,55
394163;2705;5,70
394164;2759;7,07
394165;2687;5,25
394166;2683;5,15
394167;2683;5,15
394168;2687;5,25
394169;2672;4,87
394170;2687;5,25
394171;2678;5,02
394172;2705;5,70
394173;2736;6,49
394174;2667;4,74
394175;2699;5,55
394176;2673;4,89
394177;2755;6,97
394178;2679;5,05
394179;2686;5,22
394180;2704;5,68
394191;2736;6,49
394192;2773;7,42
394193;2765;7,22
394194;2710;5,83
394195;2705;5,70
394196;2710;5,83
394197;2769;7,32
394198;2727;6,26
394199;2721;6,11
394200;2767;7,27
394201;2715;5,96
394202;2767;7,27
394203;2735;6,46
394204;2791;7,88
394205;2800;8,11
394206;2788;7,80
394207;2801;8,13
394208;2787;7,78
394209;2789;7,83
394220;2727;6,26
394221;2715;5,96
394222;2713;5,91
394223;2768;7,30
394224;2721;6,11
394225;2714;5,93
394226;2746;6,74
394227;2736;6,49
394228;2755;6,97
394229;2704;5,68
394230;2711;5,86
394231;2694;5,43
394232;2766;7,25
394233;2802;8,16
394234;2697;5,50
394235;2702;5,63
394236;2688;5,27
394237;2681;5,10
394248;2704;5,68
394249;2697;5,50
394250;2691;5,35
394251;2704;5,68
394252;2717;6,01
394253;2687;5,25
394254;2704;5,68
394255;2706;5,73
394256;2845;9,25
394257;2704;5,68
394258;2704;5,68
394259;2704;5,68
394260;2737;6,51
394261;2704;5,68
394262;2723;6,16
394263;2793;7,93
394264;2727;6,26
394265;2777;7,53
394266;2725;6,21
394277;2783;7,68
394278;2748;6,79
394279;2774;7,45
394280;2734;6,44
394281;2766;7,25
394282;2752;6,89
394283;2785;7,73
394284;2735;6,46
394285;2736;6,49
394286;2746;6,74
394287;2762;7,15
394288;2722;6,13
394289;2786;7,75
394290;2720;6,08
394291;2721;6,11
394292;2723;6,16
394293;2775;7,47
394294;2726;6,23
394306;2732;6,39
394307;2702;5,63
394308;2714;5,93
394309;2723;6,16
394310;2701;5,60
394311;2704;5,68
394312;2706;5,73
394313;2704;5,68
394314;2710;5,83
394315;2708;5,78
394316;2704;5,68
394317;2705;5,70
394318;2702;5,63
394319;2740;6,59
394320;2704;5,68
394321;2700;5,58
394322;2701;5,60
394323;2720;6,08
394324;2753;6,92
394335;2723;6,16
394336;2715;5,96
394337;2711;5,86
394338;2730;6,34
394339;2719;6,06
394340;2753;6,92
394341;2730;6,34
394342;2716;5,98
394343;2719;6,06
394344;2713;5,91
394345;2742;6,64
394346;2719;6,06
394347;2721;6,11
394348;2736;6,49
394349;2752;6,89
394350;2745;6,72
394351;2755;6,97
394352;2732;6,39
394363;2796;8,01
394364;2770;7,35
394365;2745;6,72
394366;2763;7,17
394367;2755;6,97
394368;2742;6,64
394369;2765;7,22
394370;2735;6,46
394371;2743;6,66
394372;2798;8,06
394373;2767;7,27
394374;2750;6,84
394375;2741;6,61
394376;2750;6,84
394377;2749;6,82
394378;2731;6,36
394379;2768;7,30
394380;2716;5,98
394381;2777;7,53
394392;2768;7,30
394393;2727;6,26
394394;2726;6,23
394395;2720;6,08
394396;2736;6,49
394397;2736;6,49
394398;2739;6,56
394399;2770;7,35
394400;2736;6,49
394401;2737;6,51
394402;2737;6,51
394403;2755;6,97
394404;2783;7,68
394405;2736;6,49
394406;2800;8,11
394407;2778;7,55
394408;2735;6,46
394409;2727;6,26
394421;2810;8,36
394422;2726;6,23
394423;2755;6,97
394424;2720;6,08
394425;2713;5,91
394426;2725;6,21
394427;2717;6,01
394428;2728;6,29
394429;2751;6,87
394430;2759;7,07
394431;2715;5,96
394432;2748;6,79
394433;2762;7,15
394434;2777;7,53
394435;2721;6,11
394436;2717;6,01
394437;2816;8,51
394438;2766;7,25
394439;2753;6,92
394450;2751;6,87
394451;2762;7,15
394452;2838;9,07
394453;2839;9,09
394454;2836;9,02
394455;2759;7,07
394456;2848;9,32
394457;2821;8,64
394458;2822;8,66
394459;2801;8,13
394460;2753;6,92
394461;2832;8,92
394462;2752;6,89
394463;2826;8,77
394464;2813;8,44
394465;2837;9,04
394466;2832;8,92
394467;2837;9,04
394478;2707;5,75
394479;2707;5,75
394480;2753;6,92
394481;2746;6,74
394482;2709;5,80
394483;2719;6,06
394484;2707;5,75
394485;2705;5,70
394486;2789;7,83
394487;2735;6,46
394488;2699;5,55
394489;2756;6,99
394490;2704;5,68
394491;2735;6,46
394492;2705;5,70
394493;2705;5,70
394494;2710;5,83
394495;2704;5,68
394496;2742;6,64
394507;2741;6,61
394508;2825;8,74
394509;2739;6,56
394510;2852;9,42
394511;2759;7,07
394512;2807;8,28
394513;2755;6,97
394514;2754;6,94
394515;2774;7,45
394516;2799;8,08
394517;2798;8,06
394518;2768;7,30
394519;2759;7,07
394520;2768;7,30
394521;2785;7,73
394522;2789;7,83
394523;2809;8,34
394524;2825;8,74
394535;2738;6,54
394536;2736;6,49
394537;2779;7,58
394538;2851;9,40
394539;2726;6,23
394540;2752;6,89
394541;2715;5,96
394542;2715;5,96
394543;2742;6,64
394544;2737;6,51
394545;2804;8,21
394546;2713;5,91
394547;2800;8,11
394548;2703;5,65
394549;2775;7,47
394550;2704;5,68
394551;2736;6,49
394552;2750;6,84
394553;2773;7,42
394565;2718;6,03
394566;2714;5,93
394567;2715;5,96
394568;2711;5,86
394569;2736;6,49
394570;2719;6,06
394571;2731;6,36
394572;2729;6,31
394573;2727;6,26
394574;2736;6,49
394575;2741;6,61
394576;2731;6,36
394577;2736;6,49
394578;2731;6,36
394579;2723;6,16
394580;2794;7,96
394581;2734;6,44
394582;2736;6,49
394593;2759;7,07
394594;2775;7,47
394595;2771;7,37
394596;2761;7,12
394597;2793;7,93
394598;2736;6,49
394599;2766;7,25
394600;2733;6,41
394601;2779;7,58
394602;2723;6,16
394603;2720;6,08
394604;2719;6,06
394605;2732;6,39
394606;2752;6,89
394607;2714;5,93
394608;2711;5,86
394609;2755;6,97
394610;2737;6,51
394611;2711;5,86
394622;2798;8,06
394623;2733;6,41
394624;2718;6,03
394625;2782;7,65
394626;2735;6,46
394627;2742;6,64
394628;2761;7,12
394629;2723;6,16
394630;2742;6,64
394631;2749;6,82
394632;2745;6,72
394633;2802;8,16
394634;2755;6,97
394635;2767;7,27
394636;2733;6,41
394637;2743;6,66
394638;2736;6,49
394639;2815;8,49
394650;2720;6,08
394651;2727;6,26
394652;2737;6,51
394653;2751;6,87
394654;2727;6,26
394655;2736;6,49
394656;2725;6,21
394657;2731;6,36
394658;2737;6,51
394659;2736;6,49
394660;2729;6,31
394661;2739;6,56
394662;2736;6,49
394663;2721;6,11
394664;2777;7,53
394665;2765;7,22
394666;2738;6,54
394667;2736;6,49
394668;2787;7,78
394680;2717;6,01
394681;2727;6,26
394682;2730;6,34
394683;2770;7,35
394684;2721;6,11
394685;2749;6,82
394686;2729;6,31
394687;2724;6,18
394688;2722;6,13
394689;2717;6,01
394690;2725;6,21
394691;2749;6,82
394692;2733;6,41
394693;2717;6,01
394694;2726;6,23
394695;2753;6,92
394696;2736;6,49
394697;2707;5,75
394708;2798;8,06
394709;2767;7,27
394710;2725;6,21
394711;2725;6,21
394712;2732;6,39
394713;2739;6,56
394714;2747;6,77
394715;2727;6,26
394716;2741;6,61
394717;2774;7,45
394718;2769;7,32
394719;2732;6,39
394720;2738;6,54
394721;2739;6,56
394722;2734;6,44
394723;2742;6,64
394724;2735;6,46
394725;2753;6,92
394726;2725;6,21
394737;2735;6,46
394738;2799;8,08
394739;2737;6,51
394740;2737;6,51
394741;2739;6,56
394742;2747;6,77
394743;2819;8,59
394744;2784;7,70
394745;2737;6,51
394746;2755;6,97
394747;2743;6,66
394748;2752;6,89
394749;2731;6,36
394750;2726;6,23
394751;2743;6,66
394752;2821;8,64
394753;2736;6,49
394754;2736;6,49
394765;2754;6,94
394766;2783;7,68
394767;2750;6,84
394768;2729;6,31
394769;2731;6,36
394770;2729;6,31
394771;2729;6,31
394772;2745;6,72
394773;2745;6,72
394774;2733;6,41
394775;2726;6,23
394776;2735;6,46
394777;2855;9,50
394778;2839;9,09
394779;2735;6,46
394780;2768;7,30
394781;2727;6,26
394782;2733;6,41
394783;2727;6,26
394794;2733;6,41
394795;2784;7,70
394796;2734;6,44
394797;2819;8,59
394798;2737;6,51
394799;2793;7,93
394800;2737;6,51
394801;2778;7,55
394802;2750;6,84
394803;2734;6,44
394804;2734;6,44
394805;2736;6,49
394806;2800;8,11
394807;2726;6,23
394808;2731;6,36
394809;2715;5,96
394810;2719;6,06
394811;2738;6,54
394823;2767;7,27
394824;2833;8,94
394825;2731;6,36
394826;2758;7,04
394827;2726;6,23
394828;2858;9,57
394829;2723;6,16
394830;2761;7,12
394831;2777;7,53
394832;2729;6,31
394833;2732;6,39
394834;2754;6,94
394835;2743;6,66
394836;2725;6,21
394837;2730;6,34
394838;2768;7,30
394839;2733;6,41
394840;2768;7,30
394841;2752;6,89
394852;2749;6,82
394853;2733;6,41
394854;2731;6,36
394855;2731;6,36
394856;2801;8,13
394857;2747;6,77
394858;2736;6,49
394859;2730;6,34
394860;2736;6,49
394861;2725;6,21
394862;2733;6,41
394863;2727;6,26
394864;2727;6,26
394865;2722;6,13
394866;2731;6,36
394867;2736;6,49
394868;2754;6,94
394869;2730;6,34
394880;2794;7,96
394881;2718;6,03
394882;2720;6,08
394883;2802;8,16
394884;2805;8,23
394885;2720;6,08
394886;2727;6,26
394887;2769;7,32
394888;2736;6,49
394889;2759;7,07
394890;2732;6,39
394891;2717;6,01
394892;2785;7,73
394893;2797;8,03
394894;2727;6,26
394895;2734;6,44
394896;2736;6,49
394897;2768;7,30
394898;2762;7,15
394909;2726;6,23
394910;2742;6,64
394911;2709;5,80
394912;2838;9,07
394913;2768;7,30
394914;2726;6,23
394915;2800;8,11
394916;2721;6,11
394917;2722;6,13
394918;2736;6,49
394919;2748;6,79
394920;2772;7,40
394921;2748;6,79
394922;2726;6,23
394923;2781;7,63
394924;2743;6,66
394925;2721;6,11
394926;2730;6,34
394938;2780;7,60
394939;2731;6,36
394940;2721;6,11
394941;2768;7,30
394942;2778;7,55
394943;2734;6,44
394944;2758;7,04
394945;2768;7,30
394946;2758;7,04
394947;2733;6,41
394948;2721;6,11
394949;2736;6,49
394950;2736;6,49
394951;2790;7,85
394952;2719;6,06
394953;2723;6,16
394954;2736;6,49
394955;2766;7,25
394956;2720;6,08
394967;2747;6,77
394968;2736;6,49
394969;2759;7,07
394970;2749;6,82
394971;2751;6,87
394972;2761;7,12
394973;2755;6,97
394974;2718;6,03
394975;2756;6,99
394976;2761;7,12
394977;2773;7,42
394978;2752;6,89
394979;2735;6,46
394980;2753;6,92
394981;2807;8,28
394982;2754;6,94
394983;2764;7,20
394984;2714;5,93
394995;2726;6,23
394996;2718;6,03
394997;2762;7,15
394998;2734;6,44
394999;2717;6,01
395000;2729;6,31
395001;2735;6,46
395002;2788;7,80
395003;2758;7,04
395004;2734;6,44
395005;2745;6,72
395006;2741;6,61
395007;2762;7,15
395008;2837;9,04
395009;2735;6,46
395010;2727;6,26
395011;2729;6,31
395012;2736;6,49
395013;2768;7,30
395024;2734;6,44
395025;2737;6,51
395026;2720;6,08
395027;2727;6,26
395028;2751;6,87
395029;2750;6,84
395030;2759;7,07
395031;2730;6,34
395032;2734;6,44
395033;2766;7,25
395034;2798;8,06
395035;2754;6,94
395036;2850;9,37
395037;2720;6,08
395038;2725;6,21
395039;2721;6,11
395040;2767;7,27
395041;2719;6,06
395052;2717;6,01
395053;2727;6,26
395054;2750;6,84
395055;2714;5,93
395056;2715;5,96
395057;2723;6,16
395058;2721;6,11
395059;2727;6,26
395060;2771;7,37
395061;2717;6,01
395062;2719;6,06
395063;2731;6,36
395064;2720;6,08
395065;2763;7,17
395066;2768;7,30
395067;2719;6,06
395068;2749;6,82
395069;2751;6,87
395070;2768;7,30
395082;2757;7,02
395083;2731;6,36
395084;2737;6,51
395085;2733;6,41
395086;2736;6,49
395087;2756;6,99
395088;2825;8,74
395089;2815;8,49
395090;2733;6,41
395091;2723;6,16
395092;2743;6,66
395093;2741;6,61
395094;2725;6,21
395095;2773;7,42
395096;2761;7,12
395097;2835;8,99
395098;2775;7,47
395099;2733;6,41
395110;2723;6,16
395111;2891;10,41
395112;2789;7,83
395113;2735;6,46
395114;2753;6,92
395115;2726;6,23
395116;2791;7,88
395117;2727;6,26
395118;2795;7,98
395119;2775;7,47
395120;2721;6,11
395121;2770;7,35
395122;2737;6,51
395123;2746;6,74
395124;2788;7,80
395125;2736;6,49
395126;2783;7,68
395127;2797;8,03
395138;2742;6,64
395139;2730;6,34
395140;2811;8,39
395141;2753;6,92
395142;2763;7,17
395143;2758;7,04
395144;2799;8,08
395145;2740;6,59
395146;2727;6,26
395147;2788;7,80
395148;2721;6,11
395149;2730;6,34
395150;2732;6,39
395151;2731;6,36
395152;2726;6,23
395153;2785;7,73
395154;2768;7,30
395155;2729;6,31
395156;2743;6,66
395167;2763;7,17
395168;2771;7,37
395169;2737;6,51
395170;2822;8,66
395171;2785;7,73
395172;2741;6,61
395173;2800;8,11
395174;2739;6,56
395175;2775;7,47
395176;2773;7,42
395177;2775;7,47
395178;2742;6,64
395179;2739;6,56
395180;2798;8,06
395181;2736;6,49
395182;2766;7,25
395183;2800;8,11
395184;2826;8,77
395196;2758;7,04
395197;2821;8,64
395198;2773;7,42
395199;2741;6,61
395200;2814;8,46
395201;2747;6,77
395202;2774;7,45
395203;2799;8,08
395204;2833;8,94
395205;2726;6,23
395206;2741;6,61
395207;2800;8,11
395208;2783;7,68
395209;2785;7,73
395210;2736;6,49
395211;2736;6,49
395212;2739;6,56
395213;2736;6,49
395214;2778;7,55
395225;2751;6,87
395226;2752;6,89
395227;2754;6,94
395228;2743;6,66
395229;2761;7,12
395230;2756;6,99
395231;2720;6,08
395232;2724;6,18
395233;2752;6,89
395234;2751;6,87
395235;2747;6,77
395236;2744;6,69
395237;2754;6,94
395238;2735;6,46
395239;2757;7,02
395240;2784;7,70
395241;2751;6,87
395242;2783;7,68
395253;2785;7,73
395254;2752;6,89
395255;2758;7,04
395256;2781;7,63
395257;2763;7,17
395258;2764;7,20
395259;2775;7,47
395260;2805;8,23
395261;2817;8,54
395262;2749;6,82
395263;2783;7,68
395264;2797;8,03
395265;2779;7,58
395266;2837;9,04
395267;2773;7,42
395268;2784;7,70
395269;2765;7,22
395270;2819;8,59
395271;2820;8,61
395282;2768;7,30
395283;2749;6,82
395284;2800;8,11
395285;2755;6,97
395286;2802;8,16
395287;2775;7,47
395288;2788;7,80
395289;2748;6,79
395290;2782;7,65
395291;2767;7,27
395292;2752;6,89
395293;2765;7,22
395294;2739;6,56
395295;2809;8,34
395296;2766;7,25
395297;2751;6,87
395298;2835;8,99
395299;2763;7,17
395310;2767;7,27
395311;2756;6,99
395312;2770;7,35
395313;2781;7,63
395314;2754;6,94
395315;2761;7,12
395316;2788;7,80
395317;2800;8,11
395318;2765;7,22
395319;2781;7,63
395320;2758;7,04
395321;2762;7,15
395322;2770;7,35
395323;2762;7,15
395324;2778;7,55
395325;2754;6,94
395326;2767;7,27
395327;2800;8,11
395328;2817;8,54
395340;2758;7,04
395341;2767;7,27
395342;2806;8,26
395343;2765;7,22
395344;2813;8,44
395345;2826;8,77
395346;2767;7,27
395347;2746;6,74
395348;2754;6,94
395349;2757;7,02
395350;2752;6,89
395351;2755;6,97
395352;2752;6,89
395353;2751;6,87
395354;2800;8,11
395355;2773;7,42
395356;2757;7,02
395357;2742;6,64
395368;2864;9,73
395369;2746;6,74
395370;2813;8,44
395371;2783;7,68
395372;2745;6,72
395373;2819;8,59
395374;2807;8,28
395375;2784;7,70
395376;2801;8,13
395377;2735;6,46
395378;2781;7,63
395379;2746;6,74
395380;2739;6,56
395381;2795;7,98
395382;2742;6,64
395383;2739;6,56
395384;2813;8,44
395385;2875;10,01
395386;2777;7,53
395397;2726;6,23
395398;2718;6,03
395399;2718;6,03
395400;2766;7,25
395401;2726;6,23
395402;2768;7,30
395403;2734;6,44
395404;2775;7,47
395405;2727;6,26
395406;2747;6,77
395407;2709;5,80
395408;2716;5,98
395409;2715;5,96
395410;2768;7,30
395411;2730;6,34
395412;2713;5,91
395413;2781;7,63
395414;2712;5,88
395425;2713;5,91
395426;2703;5,65
395427;2764;7,20
395428;2708;5,78
395429;2731;6,36
395430;2697;5,50
395431;2711;5,86
395432;2767;7,27
395433;2751;6,87
395434;2695;5,45
395435;2715;5,96
395436;2704;5,68
395437;2706;5,73
395438;2768;7,30
395439;2704;5,68
395440;2704;5,68
395441;2683;5,15
395442;2799;8,08
395443;2703;5,65
395455;2721;6,11
395456;2679;5,05
395457;2694;5,43
395458;2698;5,53
395459;2773;7,42
395460;2755;6,97
395461;2678;5,02
395462;2778;7,55
395463;2748;6,79
395464;2679;5,05
395465;2677;4,99
395466;2691;5,35
395467;2685;5,20
395468;2691;5,35
395469;2694;5,43
395470;2671;4,84
395471;2672;4,87
395472;2714;5,93
395483;2691;5,35
395484;2685;5,20
395485;2689;5,30
395486;2704;5,68
395487;2699;5,55
395488;2702;5,63
395489;2704;5,68
395490;2677;4,99
395491;2687;5,25
395492;2699;5,55
395493;2688;5,27
395494;2691;5,35
395495;2697;5,50
395496;2682;5,12
395497;2695;5,45
395498;2685;5,20
395499;2713;5,91
395500;2694;5,43
395501;2685;5,20
395512;2686;5,22
395513;2671;4,84
395514;2672;4,87
395515;2671;4,84
395516;2767;7,27
395517;2669;4,79
395518;2663;4,64
395519;2669;4,79
395520;2691;5,35
395521;2721;6,11
395522;2667;4,74
395523;2672;4,87
395524;2663;4,64
395525;2676;4,97
395526;2716;5,98
395527;2671;4,84
395528;2659;4,54
395529;2657;4,49
395540;2672;4,87
395541;2704;5,68
395542;2643;4,13
395543;2637;3,98
395544;2640;4,06
395545;2641;4,08
395546;2665;4,69
395547;2653;4,39
395548;2672;4,87
395549;2651;4,34
395550;2653;4,39
395551;2713;5,91
395552;2743;6,66
395553;2769;7,32
395554;2650;4,31
395555;2771;7,37
395556;2710;5,83
395557;2781;7,63
395558;2673;4,89
395569;2650;4,31
395570;2687;5,25
395571;2642;4,11
395572;2672;4,87
395573;2677;4,99
395574;2661;4,59
395575;2647;4,24
395576;2656;4,46
395577;2715;5,96
395578;2657;4,49
395579;2642;4,11
395580;2643;4,13
395581;2672;4,87
395582;2704;5,68
395583;2682;5,12
395584;2642;4,11
395585;2721;6,11
395586;2647;4,24
395598;2641;4,08
395599;2640;4,06
395600;2643;4,13
395601;2723;6,16
395602;2654;4,41
395603;2640;4,06
395604;2645;4,19
395605;2662;4,62
395606;2655;4,44
395607;2640;4,06
395608;2640;4,06
395609;2650;4,31
395610;2640;4,06
395611;2654;4,41
395612;2729;6,31
395613;2650;4,31
395614;2640;4,06
395615;2640;4,06
395616;2642;4,11
395627;2686;5,22
395628;2640;4,06
395629;2631;3,83
395630;2659;4,54
395631;2644;4,16
395632;2627;3,73
395633;2685;5,20
395634;2638;4,01
395635;2655;4,44
395636;2642;4,11
395637;2673;4,89
395638;2635;3,93
395639;2629;3,78
395640;2648;4,26
395641;2630;3,81
395642;2637;3,98
395643;2635;3,93
395644;2640;4,06
395655;2626;3,70
395656;2675;4,94
395657;2687;5,25
395658;2640;4,06
395659;2635;3,93
395660;2625;3,68
395661;2629;3,78
395662;2624;3,65
395663;2631;3,83
395664;2623;3,63
395665;2624;3,65
395666;2694;5,43
395667;2663;4,64
395668;2625;3,68
395669;2620;3,55
395670;2624;3,65
395671;2623;3,63
395672;2640;4,06
395673;2706;5,73
395684;2614;3,40
395685;2645;4,19
395686;2638;4,01
395687;2631;3,83
395688;2626;3,70
395689;2614;3,40
395690;2612;3,35
395691;2621;3,58
395692;2622;3,60
395693;2629;3,78
395694;2640;4,06
395695;2612;3,35
395696;2609;3,27
395697;2633;3,88
395698;2630;3,81
395699;2609;3,27
395700;2611;3,32
395701;2620;3,55
395713;2644;4,16
395714;2607;3,22
395715;2657;4,49
395716;2625;3,68
395717;2602;3,10
395718;2608;3,25
395719;2631;3,83
395720;2609;3,27
395721;2598;3,00
395722;2668;4,77
395723;2608;3,25
395724;2593;2,87
395725;2597;2,97
395726;2610;3,30
395727;2601;3,07
395728;2590;2,79
395729;2583;2,62
395730;2703;5,65
395731;2736;6,49
395742;2617;3,48
395743;2639;4,03
395744;2608;3,25
395745;2619;3,53
395746;2603;3,12
395747;2605;3,17
395748;2670;4,82
395749;2599;3,02
395750;2611;3,32
395751;2599;3,02
395752;2611;3,32
395753;2629;3,78
395754;2615;3,43
395755;2606;3,20
395756;2582;2,59
395757;2615;3,43
395758;2624;3,65
395759;2640;4,06
395770;2675;4,94
395771;2559;2,01
395772;2591;2,82
395773;2585;2,67
395774;2646;4,21
395775;2645;4,19
395776;2599;3,02
395777;2640;4,06
395778;2591;2,82
395779;2559;2,01
395780;2583;2,62
395781;2595;2,92
395782;2559;2,01
395783;2559;2,01
395784;2559;2,01
395785;2559;2,01
395786;2619;3,53
395787;2624;3,65
395788;2609;3,27
395799;2553;1,86
395800;2555;1,91
395801;2547;1,71
395802;2625;3,68
395803;2559;2,01
395804;2551;1,81
395805;2559;2,01
395806;2554;1,88
395807;2595;2,92
395808;2613;3,38
395809;2555;1,91
395810;2607;3,22
395811;2557;1,96
395812;2593;2,87
395813;2586;2,69
395814;2546;1,68
395815;2611;3,32
395816;2555;1,91
395827;2621;3,58
395828;2559;2,01
395829;2554;1,88
395830;2559;2,01
395831;2594;2,89
395832;2559;2,01
395833;2559;2,01
395834;2544;1,63
395835;2544;1,63
395836;2549;1,76
395837;2538;1,48
395838;2545;1,65
395839;2550;1,78
395840;2559;2,01
395841;2559;2,01
395842;2608;3,25
395843;2541;1,55
395844;2644;4,16
395845;2538;1,48
395857;2555;1,91
395858;2559;2,01
395859;2559;2,01
395860;2545;1,65
395861;2545;1,65
395862;2539;1,50
395863;2539;1,50
395864;2545;1,65
395865;2546;1,68
395866;2545;1,65
395867;2535;1,40
395868;2535;1,40
395869;2543;1,60
395870;2543;1,60
395871;2544;1,63
395872;2540;1,53
395873;2539;1,50
395874;2597;2,97
395885;2544;1,63
395886;2559;2,01
395887;2586;2,69
395888;2554;1,88
395889;2538;1,48
395890;2546;1,68
395891;2545;1,65
395892;2549;1,76
395893;2555;1,91
395894;2547;1,71
395895;2544;1,63
395896;2547;1,71
395897;2559;2,01
395898;2559;2,01
395899;2544;1,63
395900;2559;2,01
395901;2595;2,92
395902;2584;2,64
395903;2547;1,71
395914;2549;1,76
395915;2545;1,65
395916;2640;4,06
395917;2592;2,84
395918;2539;1,50
395919;2559;2,01
395920;2537;1,45
395921;2544;1,63
395922;2559;2,01
395923;2554;1,88
395924;2559;2,01
395925;2537;1,45
395926;2538;1,48
395927;2543;1,60
395928;2544;1,63
395929;2559;2,01
395930;2534;1,38
395931;2540;1,53
395942;2530;1,28
395943;2537;1,45
395944;2559;2,01
395945;2603;3,12
395946;2539;1,50
395947;2528;1,22
395948;2538;1,48
395949;2538;1,48
395950;2556;1,93
395951;2607;3,22
395952;2529;1,25
395953;2529;1,25
395954;2624;3,65
395955;2529;1,25
395956;2532;1,33
395957;2538;1,48
395958;2533;1,35
395959;2634;3,91
395960;2529;1,25
395972;2539;1,50
395973;2526;1,17
395974;2521;1,05
395975;2559;2,01
395976;2531;1,30
395977;2534;1,38
395978;2559;2,01
395979;2547;1,71
395980;2529;1,25
395981;2537;1,45
395982;2533;1,35
395983;2533;1,35
395984;2527;1,20
395985;2527;1,20
395986;2593;2,87
395987;2559;2,01
395988;2535;1,40
395989;2536;1,43
396000;2529;1,25
396001;2559;2,01
396002;2533;1,35
396003;2525;1,15
396004;2533;1,35
396005;2534;1,38
396006;2522;1,07
396007;2529;1,25
396008;2531;1,30
396009;2531;1,30
396010;2526;1,17
396011;2543;1,60
396012;2523;1,10
396013;2525;1,15
396014;2533;1,35
396015;2527;1,20
396016;2529;1,25
396017;2521;1,05
396018;2525;1,15
396029;2531;1,30
396030;2559;2,01
396031;2541;1,55
396032;2598;3,00
396033;2559;2,01
396034;2525;1,15
396035;2529;1,25
396036;2531;1,30
396037;2531;1,30
396038;2559;2,01
396039;2559;2,01
396040;2517;0,95
396041;2529;1,25
396042;2519;1,00
396043;2639;4,03
396044;2559;2,01
396045;2522;1,07
396046;2530;1,28
396057;2524;1,12
396058;2518;0,97
396059;2598;3,00
396060;2559;2,01
396061;2559;2,01
396062;2519;1,00
396063;2559;2,01
396064;2523;1,10
396065;2539;1,50
396066;2533;1,35
396067;2527;1,20
396068;2539;1,50
396069;2531;1,30
396070;2517;0,95
396071;2537;1,45
396072;2537;1,45
396073;2533;1,35
396074;2546;1,68
396075;2522;1,07
396086;2503;0,59
396087;2532;1,33
396088;2503;0,59
396089;2512;0,82
396090;2514;0,87
396091;2559;2,01
396092;2514;0,87
396093;2558;1,98
396094;2514;0,87
396095;2509;0,74
396096;2529;1,25
396097;2512;0,82
396098;2518;0,97
396099;2522;1,07
396100;2589;2,77
396101;2493;0,34
396102;2495;0,39
396103;2505;0,64
396115;2502;0,57
396116;2496;0,41
396117;2541;1,55
396118;2494;0,36
396119;2483;0,09
396120;2550;1,78
396121;2501;0,54
396122;2506;0,67
396123;2491;0,29
396124;2482;0,06
396125;2485;0,14
396126;2489;0,24
396127;2491;0,29
396128;2492;0,31
396129;2505;0,64
396130;2492;0,31
396131;2499;0,49
396132;2608;3,25
396133;2491;0,29
396144;2543;1,60
396145;2542;1,58
396146;2551;1,81
396147;2494;0,36
396148;2541;1,55
396149;2544;1,63
396150;2483;0,09
396151;2544;1,63
396152;2521;1,05
396153;2527;1,20
396154;2527;1,20
396155;2489;0,24
396156;2527;1,20
396157;2534;1,38
396158;2526;1,17
396159;2482;0,06
396160;2497;0,44
396161;2532;1,33
396172;2497;0,44
396173;2509;0,74
396174;2494;0,36
396175;2542;1,58
396176;2601;3,07
396177;2495;0,39
396178;2559;2,01
396179;2522;1,07
396180;2507;0,69
396181;2511;0,79
396182;2559;2,01
396183;2515;0,90
396184;2501;0,54
396185;2535;1,40
396186;2513;0,85
396187;2512;0,82
396188;2503;0,59
396189;2509;0,74
396190;2555;1,91
396201;2544;1,63
396202;2512;0,82
396203;2522;1,07
396204;2522;1,07
396205;2513;0,85
396206;2512;0,82
396207;2599;3,02
396208;2548;1,73
396209;2513;0,85
396210;2543;1,60
396211;2514;0,87
396212;2533;1,35
396213;2559;2,01
396214;2533;1,35
396215;2513;0,85
396216;2518;0,97
396217;2522;1,07
396218;2523;1,10
396230;2517;0,95
396231;2523;1,10
396232;2559;2,01
396233;2521;1,05
396234;2559;2,01
396235;2559;2,01
396236;2532;1,33
396237;2550;1,78
396238;2592;2,84
396239;2518;0,97
396240;2551;1,81
396241;2522;1,07
396242;2542;1,58
396243;2534;1,38
396244;2519;1,00
396245;2526;1,17
396246;2546;1,68
396247;2550;1,78
396248;2559;2,01
396259;2528;1,22
396260;2523;1,10
396261;2521;1,05
396262;2518;0,97
396263;2529;1,25
396264;2535;1,40
396265;2526;1,17
396266;2522;1,07
396267;2521;1,05
396268;2525;1,15
396269;2529;1,25
396270;2513;0,85
396271;2537;1,45
396272;2522;1,07
396273;2528;1,22
396274;2521;1,05
396275;2515;0,90
396276;2530;1,28
396287;2559;2,01
396288;2525;1,15
396289;2523;1,10
396290;2527;1,20
396291;2503;0,59
396292;2506;0,67
396293;2509;0,74
396294;2610;3,30
396295;2525;1,15
396296;2509;0,74
396297;2510;0,77
396298;2505;0,64
396299;2602;3,10
396300;2501;0,54
396301;2505;0,64
396302;2496;0,41
396303;2503;0,59
396304;2537;1,45
396305;2496;0,41
396316;2498;0,47
396317;2543;1,60
396318;2514;0,87
396319;2507;0,69
396320;2515;0,90
396321;2502;0,57
396322;2559;2,01
396323;2513;0,85
396324;2501;0,54
396325;2559;2,01
396326;2511;0,79
396327;2510;0,77
396328;2517;0,95
396329;2544;1,63
396330;2529;1,25
396331;2497;0,44
396332;2512;0,82
396333;2558;1,98
396344;2594;2,89
396345;2507;0,69
396346;2503;0,59
396347;2523;1,10
396348;2507;0,69
396349;2499;0,49
396350;2512;0,82
396351;2505;0,64
396352;2523;1,10
396353;2510;0,77
396354;2534;1,38
396355;2550;1,78
396356;2505;0,64
396357;2511;0,79
396358;2511;0,79
396359;2511;0,79
396360;2513;0,85
396361;2511;0,79
396362;2557;1,96
396374;2541;1,55
396375;2509;0,74
396376;2607;3,22
396377;2511;0,79
396378;2517;0,95
396379;2506;0,67
396380;2521;1,05
396381;2596;2,95
396382;2511;0,79
396383;2512;0,82
396384;2548;1,73
396385;2512;0,82
396386;2533;1,35
396387;2517;0,95
396388;2512;0,82
396389;2535;1,40
396390;2582;2,59
396391;2559;2,01
396402;2517;0,95
396403;2511;0,79
396404;2524;1,12
396405;2514;0,87
396406;2511;0,79
396407;2512;0,82
396408;2512;0,82
396409;2529;1,25
396410;2504;0,62
396411;2514;0,87
396412;2513;0,85
396413;2511;0,79
396414;2511;0,79
396415;2509;0,74
396416;2522;1,07
396417;2502;0,57
396418;2507;0,69
396419;2510;0,77
396420;2511;0,79
396431;2512;0,82
396432;2503;0,59
396433;2499;0,49
396434;2499;0,49
396435;2537;1,45
396436;2512;0,82
396437;2527;1,20
396438;2559;2,01
396439;2559;2,01
396440;2499;0,49
396441;2501;0,54
396442;2557;1,96
396443;2498;0,47
396444;2511;0,79
396445;2533;1,35
396446;2513;0,85
396447;2581;2,57
396448;2503;0,59
396459;2517;0,95
396460;2506;0,67
396461;2497;0,44
396462;2498;0,47
396463;2507;0,69
396464;2505;0,64
396465;2499;0,49
396466;2509;0,74
396467;2499;0,49
396468;2510;0,77
396469;2513;0,85
396470;2499;0,49
396471;2539;1,50
396472;2531;1,30
396473;2539;1,50
396474;2495;0,39
396475;2515;0,90
396476;2506;0,67
396477;2508;0,72
396489;2505;0,64
396490;2555;1,91
396491;2507;0,69
396492;2515;0,90
396493;2508;0,72
396494;2533;1,35
396495;2512;0,82
396496;2500;0,52
396497;2506;0,67
396498;2511;0,79
396499;2507;0,69
396500;2498;0,47
396501;2499;0,49
396502;2516;0,92
396503;2559;2,01
396504;2509;0,74
396505;2509;0,74
396506;2512;0,82
396517;2526;1,17
396518;2515;0,90
396519;2530;1,28
396520;2581;2,57
396521;2525;1,15
396522;2519;1,00
396523;2525;1,15
396524;2527;1,20
396525;2531;1,30
396526;2514;0,87
396527;2519;1,00
396528;2503;0,59
396529;2528;1,22
396530;2593;2,87
396531;2530;1,28
396532;2522;1,07
396533;2527;1,20
396534;2522;1,07
396535;2534;1,38
396546;2502;0,57
396547;2509;0,74
396548;2503;0,59
396549;2503;0,59
396550;2510;0,77
396551;2542;1,58
396552;2526;1,17
396553;2527;1,20
396554;2506;0,67
396555;2523;1,10
396556;2559;2,01
396557;2507;0,69
396558;2495;0,39
396559;2496;0,41
396560;2499;0,49
396561;2527;1,20
396562;2496;0,41
396563;2507;0,69
396574;2503;0,59
396575;2498;0,47
396576;2544;1,63
396577;2515;0,90
396578;2544;1,63
396579;2502;0,57
396580;2533;1,35
396581;2523;1,10
396582;2496;0,41
396583;2559;2,01
396584;2539;1,50
396585;2500;0,52
396586;2540;1,53
396587;2495;0,39
396588;2526;1,17
396589;2502;0,57
396590;2499;0,49
396591;2590;2,79
396592;2500;0,52
396603;2521;1,05
396604;2498;0,47
396605;2503;0,59
396606;2501;0,54
396607;2512;0,82
396608;2523;1,10
396609;2496;0,41
396610;2496;0,41
396611;2511;0,79
396612;2505;0,64
396613;2530;1,28
396614;2501;0,54
396615;2503;0,59
396616;2499;0,49
396617;2494;0,36
396618;2544;1,63
396619;2514;0,87
396620;2501;0,54
396632;2496;0,41
396633;2501;0,54
396634;2521;1,05
396635;2499;0,49
396636;2551;1,81
396637;2499;0,49
396638;2500;0,52
396639;2555;1,91
396640;2528;1,22
396641;2528;1,22
396642;2513;0,85
396643;2512;0,82
396644;2497;0,44
396645;2551;1,81
396646;2496;0,41
396647;2523;1,10
396648;2511;0,79
396649;2544;1,63
396650;2501;0,54
396661;2541;1,55
396662;2508;0,72
396663;2519;1,00
396664;2503;0,59
396665;2512;0,82
396666;2539;1,50
396667;2515;0,90
396668;2499;0,49
396669;2521;1,05
396670;2548;1,73
396671;2523;1,10
396672;2517;0,95
396673;2514;0,87
396674;2530;1,28
396675;2505;0,64
396676;2559;2,01
396677;2520;1,02
396678;2535;1,40
396689;2505;0,64
396690;2496;0,41
396691;2520;1,02
396692;2559;2,01
396693;2512;0,82
396694;2511;0,79
396695;2510;0,77
396696;2508;0,72
396697;2503;0,59
396698;2559;2,01
396699;2503;0,59
396700;2511;0,79
396701;2512;0,82
396702;2503;0,59
396703;2522;1,07
396704;2510;0,77
396705;2541;1,55
396706;2519;1,00
396707;2550;1,78
396718;2528;1,22
396719;2539;1,50
396720;2506;0,67
396721;2541;1,55
396722;2533;1,35
396723;2550;1,78
396724;2503;0,59
396725;2596;2,95
396726;2506;0,67
396727;2497;0,44
396728;2505;0,64
396729;2512;0,82
396730;2541;1,55
396731;2519;1,00
396732;2510;0,77
396733;2509;0,74
396734;2496;0,41
396735;2497;0,44
396747;2507;0,69
396748;2521;1,05
396749;2501;0,54
396750;2509;0,74
396751;2531;1,30
396752;2512;0,82
396753;2543;1,60
396754;2523;1,10
396755;2544;1,63
396756;2504;0,62
396757;2511;0,79
396758;2539;1,50
396759;2503;0,59
396760;2497;0,44
396761;2512;0,82
396762;2501;0,54
396763;2531;1,30
396764;2502;0,57
396765;2519;1,00
396776;2526;1,17
396777;2507;0,69
396778;2516;0,92
396779;2512;0,82
396780;2518;0,97
396781;2519;1,00
396782;2525;1,15
396783;2516;0,92
396784;2508;0,72
396785;2513;0,85
396786;2512;0,82
396787;2534;1,38
396788;2514;0,87
396789;2516;0,92
396790;2517;0,95
396791;2528;1,22
396792;2514;0,87
396793;2512;0,82
396804;2618;3,50
396805;2520;1,02
396806;2544;1,63
396807;2542;1,58
396808;2512;0,82
396809;2544;1,63
396810;2522;1,07
396811;2525;1,15
396812;2559;2,01
396813;2539;1,50
396814;2507;0,69
396815;2559;2,01
396816;2506;0,67
396817;2538;1,48
396818;2526;1,17
396819;2513;0,85
396820;2559;2,01
396821;2498;0,47
396822;2543;1,60
396833;2543;1,60
396834;2593;2,87
396835;2544;1,63
396836;2511;0,79
396837;2512;0,82
396838;2503;0,59
396839;2512;0,82
396840;2505;0,64
396841;2512;0,82
396842;2510;0,77
396843;2521;1,05
396844;2508;0,72
396845;2512;0,82
396846;2509;0,74
396847;2512;0,82
396848;2544;1,63
396849;2543;1,60
396850;2503;0,59
396861;2506;0,67
396862;2503;0,59
396863;2511;0,79
396864;2535;1,40
396865;2662;4,62
396866;2631;3,83
396867;2595;2,92
396868;2523;1,10
396869;2608;3,25
396870;2503;0,59
396871;2613;3,38
396872;2522;1,07
396873;2512;0,82
396874;2525;1,15
396875;2507;0,69
396876;2513;0,85
396877;2512;0,82
396878;2518;0,97
396879;2525;1,15
396891;2544;1,63
396892;2554;1,88
396893;2499;0,49
396894;2517;0,95
396895;2531;1,30
396896;2531;1,30
396897;2498;0,47
396898;2503;0,59
396899;2528;1,22
396900;2622;3,60
396901;2559;2,01
396902;2581;2,57
396903;2643;4,13
396904;2518;0,97
396905;2527;1,20
396906;2510;0,77
396907;2503;0,59
396908;2514;0,87
396919;2537;1,45
396920;2551;1,81
396921;2514;0,87
396922;2538;1,48
396923;2517;0,95
396924;2512;0,82
396925;2522;1,07
396926;2522;1,07
396927;2515;0,90
396928;2535;1,40
396929;2510;0,77
396930;2523;1,10
396931;2517;0,95
396932;2511;0,79
396933;2524;1,12
396934;2516;0,92
396935;2512;0,82
396936;2518;0,97
396937;2503;0,59
396948;2531;1,30
396949;2515;0,90
396950;2498;0,47
396951;2500;0,52
396952;2640;4,06
396953;2544;1,63
396954;2522;1,07
396955;2517;0,95
396956;2528;1,22
396957;2559;2,01
396958;2586;2,69
396959;2501;0,54
396960;2519;1,00
396961;2526;1,17
396962;2544;1,63
396963;2505;0,64
396964;2503;0,59
396965;2511;0,79
396976;2508;0,72
396977;2511;0,79
396978;2544;1,63
396979;2550;1,78
396980;2532;1,33
396981;2512;0,82
396982;2593;2,87
396983;2543;1,60
396984;2559;2,01
396985;2533;1,35
396986;2512;0,82
396987;2542;1,58
396988;2539;1,50
396989;2502;0,57
396990;2523;1,10
396991;2510;0,77
396992;2551;1,81
396993;2526;1,17
396994;2544;1,63
397006;2528;1,22
397007;2541;1,55
397008;2512;0,82
397009;2523;1,10
397010;2543;1,60
397011;2608;3,25
397012;2512;0,82
397013;2502;0,57
397014;2666;4,72
397015;2629;3,78
397016;2515;0,90
397017;2503;0,59
397018;2530;1,28
397019;2506;0,67
397020;2548;1,73
397021;2503;0,59
397022;2508;0,72
397023;2585;2,67
397034;2506;0,67
397035;2497;0,44
397036;2496;0,41
397037;2497;0,44
397038;2501;0,54
397039;2497;0,44
397040;2499;0,49
397041;2496;0,41
397042;2495;0,39
397043;2503;0,59
397044;2499;0,49
397045;2496;0,41
397046;2503;0,59
397047;2499;0,49
397048;2501;0,54
397049;2502;0,57
397050;2493;0,34
397051;2496;0,41
397052;2498;0,47
397063;2583;2,62
397064;2550;1,78
397065;2511;0,79
397066;2528;1,22
397067;2559;2,01
397068;2559;2,01
397069;2499;0,49
397070;2499;0,49
397071;2513;0,85
397072;2585;2,67
397073;2559;2,01
397074;2505;0,64
397075;2508;0,72
397076;2559;2,01
397077;2507;0,69
397078;2556;1,93
397079;2527;1,20
397080;2509;0,74
397091;2559;2,01
397092;2505;0,64
397093;2544;1,63
397094;2559;2,01
397095;2507;0,69
397096;2624;3,65
397097;2558;1,98
397098;2537;1,45
397099;2506;0,67
397100;2559;2,01
397101;2559;2,01
397102;2559;2,01
397103;2507;0,69
397104;2502;0,57
397105;2550;1,78
397106;2506;0,67
397107;2588;2,74
397108;2498;0,47
397109;2527;1,20
397120;2497;0,44
397121;2553;1,86
397122;2498;0,47
397123;2583;2,62
397124;2514;0,87
397125;2502;0,57
397126;2559;2,01
397127;2517;0,95
397128;2512;0,82
397129;2518;0,97
397130;2541;1,55
397131;2512;0,82
397132;2533;1,35
397133;2533;1,35
397134;2547;1,71
397135;2511;0,79
397136;2547;1,71
397137;2512;0,82
397149;2507;0,69
397150;2511;0,79
397151;2511;0,79
397152;2531;1,30
397153;2499;0,49
397154;2499;0,49
397155;2503;0,59
397156;2507;0,69
397157;2521;1,05
397158;2518;0,97
397159;2499;0,49
397160;2591;2,82
397161;2549;1,76
397162;2529;1,25
397163;2543;1,60
397164;2559;2,01
397165;2534;1,38
397166;2498;0,47
397167;2597;2,97
397178;2512;0,82
397179;2549;1,76
397180;2539;1,50
397181;2518;0,97
397182;2506;0,67
397183;2518;0,97
397184;2515;0,90
397185;2516;0,92
397186;2508;0,72
397187;2515;0,90
397188;2518;0,97
397189;2514;0,87
397190;2543;1,60
397191;2512;0,82
397192;2521;1,05
397193;2519;1,00
397194;2543;1,60
397195;2517;0,95
397206;2499;0,49
397207;2553;1,86
397208;2639;4,03
397209;2544;1,63
397210;2559;2,01
397211;2506;0,67
397212;2505;0,64
397213;2538;1,48
397214;2509;0,74
397215;2508;0,72
397216;2502;0,57
397217;2509;0,74
397218;2510;0,77
397219;2501;0,54
397220;2521;1,05
397221;2550;1,78
397222;2558;1,98
397223;2512;0,82
397224;2506;0,67
397235;2525;1,15
397236;2494;0,36
397237;2508;0,72
397238;2527;1,20
397239;2531;1,30
397240;2527;1,20
397241;2540;1,53
397242;2515;0,90
397243;2550;1,78
397244;2542;1,58
397245;2505;0,64
397246;2502;0,57
397247;2502;0,57
397248;2525;1,15
397249;2559;2,01
397250;2507;0,69
397251;2554;1,88
397252;2525;1,15
397263;2503;0,59
397264;2510;0,77
397265;2587;2,72
397266;2513;0,85
397267;2640;4,06
397268;2527;1,20
397269;2521;1,05
397270;2533;1,35
397271;2508;0,72
397272;2496;0,41
397273;2506;0,67
397274;2505;0,64
397275;2608;3,25
397276;2559;2,01
397277;2512;0,82
397278;2510;0,77
397279;2608;3,25
397280;2500;0,52
397281;2514;0,87
397293;2505;0,64
397294;2501;0,54
397295;2498;0,47
397296;2496;0,41
397297;2499;0,49
397298;2499;0,49
397299;2502;0,57
397300;2496;0,41
397301;2495;0,39
397302;2497;0,44
397303;2495;0,39
397304;2496;0,41
397305;2497;0,44
397306;2497;0,44
397307;2503;0,59
397308;2499;0,49
397309;2497;0,44
397310;2498;0,47
397321;2586;2,69
397322;2512;0,82
397323;2533;1,35
397324;2538;1,48
397325;2507;0,69
397326;2501;0,54
397327;2542;1,58
397328;2528;1,22
397329;2502;0,57
397330;2508;0,72
397331;2510;0,77
397332;2517;0,95
397333;2606;3,20
397334;2503;0,59
397335;2512;0,82
397336;2509;0,74
397337;2550;1,78
397338;2546;1,68
397339;2507;0,69
397350;2502;0,57
397351;2512;0,82
397352;2512;0,82
397353;2502;0,57
397354;2513;0,85
397355;2507;0,69
397356;2512;0,82
397357;2511;0,79
397358;2527;1,20
397359;2530;1,28
397360;2534;1,38
397361;2501;0,54
397362;2502;0,57
397363;2518;0,97
397364;2559;2,01
397365;2611;3,32
397366;2502;0,57
397367;2518;0,97
397378;2496;0,41
397379;2559;2,01
397380;2549;1,76
397381;2535;1,40
397382;2508;0,72
397383;2502;0,57
397384;2557;1,96
397385;2517;0,95
397386;2518;0,97
397387;2503;0,59
397388;2526;1,17
397389;2519;1,00
397390;2529;1,25
397391;2508;0,72
397392;2549;1,76
397393;2505;0,64
397394;2538;1,48
397395;2543;1,60
397396;2511;0,79
397408;2556;1,93
397409;2519;1,00
397410;2543;1,60
397411;2501;0,54
397412;2651;4,34
397413;2539;1,50
397414;2503;0,59
397415;2511;0,79
397416;2518;0,97
397417;2522;1,07
397418;2544;1,63
397419;2501;0,54
397420;2559;2,01
397421;2554;1,88
397422;2499;0,49
397423;2512;0,82
397424;2702;5,63
397425;2615;3,43
397436;2542;1,58
397437;2539;1,50
397438;2543;1,60
397439;2559;2,01
397440;2541;1,55
397441;2531;1,30
397442;2535;1,40
397443;2539;1,50
397444;2535;1,40
397445;2542;1,58
397446;2541;1,55
397447;2531;1,30
397448;2534;1,38
397449;2532;1,33
397450;2533;1,35
397451;2526;1,17
397452;2537;1,45
397453;2535;1,40
397454;2538;1,48
397465;2553;1,86
397466;2559;2,01
397467;2498;0,47
397468;2494;0,36
397469;2513;0,85
397470;2511;0,79
397471;2506;0,67
397472;2559;2,01
397473;2497;0,44
397474;2496;0,41
397475;2498;0,47
397476;2559;2,01
397477;2494;0,36
397478;2551;1,81
397479;2529;1,25
397480;2538;1,48
397481;2517;0,95
397482;2496;0,41
397493;2497;0,44
397494;2502;0,57
397495;2510;0,77
397496;2502;0,57
397497;2591;2,82
397498;2503;0,59
397499;2498;0,47
397500;2546;1,68
397501;2544;1,63
397502;2499;0,49
397503;2502;0,57
397504;2507;0,69
397505;2515;0,90
397506;2501;0,54
397507;2499;0,49
397508;2502;0,57
397509;2496;0,41
397510;2511;0,79
397511;2517;0,95
397522;2502;0,57
397523;2559;2,01
397524;2499;0,49
397525;2507;0,69
397526;2512;0,82
397527;2550;1,78
397528;2509;0,74
397529;2511;0,79
397530;2503;0,59
397531;2501;0,54
397532;2507;0,69
397533;2507;0,69
397534;2502;0,57
397535;2499;0,49
397536;2529;1,25
397537;2507;0,69
397538;2496;0,41
397539;2513;0,85
397551;2501;0,54
397552;2493;0,34
397553;2500;0,52
397554;2495;0,39
397555;2502;0,57
397556;2493;0,34
397557;2496;0,41
397558;2493;0,34
397559;2504;0,62
397560;2499;0,49
397561;2500;0,52
397562;2494;0,36
397563;2502;0,57
397564;2497;0,44
397565;2499;0,49
397566;2498;0,47
397567;2501;0,54
397568;2496;0,41
397569;2497;0,44
397580;2517;0,95
397581;2499;0,49
397582;2503;0,59
397583;2512;0,82
397584;2525;1,15
397585;2501;0,54
397586;2503;0,59
397587;2498;0,47
397588;2535;1,40
397589;2543;1,60
397590;2497;0,44
397591;2507;0,69
397592;2509;0,74
397593;2506;0,67
397594;2539;1,50
397595;2498;0,47
397596;2504;0,62
397597;2503;0,59
397608;2501;0,54
397609;2501;0,54
397610;2496;0,41
397611;2503;0,59
397612;2503;0,59
397613;2511;0,79
397614;2519;1,00
397615;2518;0,97
397616;2559;2,01
397617;2555;1,91
397618;2510;0,77
397619;2558;1,98
397620;2559;2,01
397621;2512;0,82
397622;2510;0,77
397623;2495;0,39
397624;2525;1,15
397625;2553;1,86
397626;2496;0,41
397637;2559;2,01
397638;2499;0,49
397639;2499;0,49
397640;2498;0,47
397641;2548;1,73
397642;2499;0,49
397643;2510;0,77
397644;2544;1,63
397645;2508;0,72
397646;2521;1,05
397647;2506;0,67
397648;2503;0,59
397649;2498;0,47
397650;2521;1,05
397651;2543;1,60
397652;2501;0,54
397653;2533;1,35
397654;2496;0,41
397666;2594;2,89
397667;2544;1,63
397668;2539;1,50
397669;2510;0,77
397670;2529;1,25
397671;2627;3,73
397672;2505;0,64
397673;2495;0,39
397674;2512;0,82
397675;2559;2,01
397676;2511;0,79
397677;2506;0,67
397678;2525;1,15
397679;2496;0,41
397680;2499;0,49
397681;2498;0,47
397682;2494;0,36
397683;2501;0,54
397684;2496;0,41
397695;2529;1,25
397696;2533;1,35
397697;2550;1,78
397698;2544;1,63
397699;2531;1,30
397700;2508;0,72
397701;2528;1,22
397702;2542;1,58
397703;2554;1,88
397704;2541;1,55
397705;2544;1,63
397706;2543;1,60
397707;2544;1,63
397708;2496;0,41
397709;2543;1,60
397710;2535;1,40
397711;2535;1,40
397712;2559;2,01
397723;2505;0,64
397724;2511;0,79
397725;2551;1,81
397726;2502;0,57
397727;2496;0,41
397728;2512;0,82
397729;2507;0,69
397730;2582;2,59
397731;2496;0,41
397732;2559;2,01
397733;2499;0,49
397734;2496;0,41
397735;2522;1,07
397736;2497;0,44
397737;2498;0,47
397738;2534;1,38
397739;2512;0,82
397740;2497;0,44
397741;2501;0,54
397752;2512;0,82
397753;2497;0,44
397754;2496;0,41
397755;2510;0,77
397756;2525;1,15
397757;2513;0,85
397758;2512;0,82
397759;2519;1,00
397760;2499;0,49
397761;2514;0,87
397762;2544;1,63
397763;2508;0,72
397764;2496;0,41
397765;2503;0,59
397766;2598;3,00
397767;2496;0,41
397768;2507;0,69
397769;2519;1,00
397780;2507;0,69
397781;2500;0,52
397782;2535;1,40
397783;2502;0,57
397784;2503;0,59
397785;2513;0,85
397786;2512;0,82
397787;2495;0,39
397788;2553;1,86
397789;2506;0,67
397790;2512;0,82
397791;2528;1,22
397792;2594;2,89
397793;2502;0,57
397794;2512;0,82
397795;2502;0,57
397796;2497;0,44
397797;2514;0,87
397798;2503;0,59
397810;2496;0,41
397811;2499;0,49
397812;2501;0,54
397813;2496;0,41
397814;2495;0,39
397815;2497;0,44
397816;2496;0,41
397817;2496;0,41
397818;2494;0,36
397819;2496;0,41
397820;2502;0,57
397821;2495;0,39
397822;2496;0,41
397823;2499;0,49
397824;2495;0,39
397825;2505;0,64
397826;2499;0,49
397827;2499;0,49
397838;2559;2,01
397839;2497;0,44
397840;2557;1,96
397841;2498;0,47
397842;2553;1,86
397843;2505;0,64
397844;2498;0,47
397845;2559;2,01
397846;2507;0,69
397847;2506;0,67
397848;2506;0,67
397849;2501;0,54
397850;2559;2,01
397851;2502;0,57
397852;2497;0,44
397853;2497;0,44
397854;2557;1,96
397855;2557;1,96
397856;2510;0,77
397867;2496;0,41
397868;2499;0,49
397869;2499;0,49
397870;2550;1,78
397871;2540;1,53
397872;2512;0,82
397873;2499;0,49
397874;2502;0,57
397875;2512;0,82
397876;2537;1,45
397877;2554;1,88
397878;2499;0,49
397879;2510;0,77
397880;2553;1,86
397881;2559;2,01
397882;2527;1,20
397883;2509;0,74
397884;2511;0,79
397895;2506;0,67
397896;2512;0,82
397897;2512;0,82
397898;2503;0,59
397899;2556;1,93
397900;2519;1,00
397901;2511;0,79
397902;2588;2,74
397903;2495;0,39
397904;2509;0,74
397905;2509;0,74
397906;2559;2,01
397907;2497;0,44
397908;2501;0,54
397909;2512;0,82
397910;2511;0,79
397911;2546;1,68
397912;2559;2,01
397913;2499;0,49
397925;2507;0,69
397926;2503;0,59
397927;2515;0,90
397928;2518;0,97
397929;2502;0,57
397930;2495;0,39
397931;2498;0,47
397932;2502;0,57
397933;2521;1,05
397934;2559;2,01
397935;2499;0,49
397936;2496;0,41
397937;2531;1,30
397938;2502;0,57
397939;2527;1,20
397940;2496;0,41
397941;2528;1,22
397942;2539;1,50
397953;2537;1,45
397954;2496;0,41
397955;2506;0,67
397956;2532;1,33
397957;2533;1,35
397958;2506;0,67
397959;2509;0,74
397960;2512;0,82
397961;2498;0,47
397962;2532;1,33
397963;2507;0,69
397964;2508;0,72
397965;2512;0,82
397966;2531;1,30
397967;2510;0,77
397968;2512;0,82
397969;2511;0,79
397970;2511;0,79
397971;2513;0,85
397982;2509;0,74
397983;2505;0,64
397984;2499;0,49
397985;2506;0,67
397986;2534;1,38
397987;2506;0,67
397988;2502;0,57
397989;2491;0,29
397990;2528;1,22
397991;2505;0,64
397992;2521;1,05
397993;2537;1,45
397994;2498;0,47
397995;2529;1,25
397996;2544;1,63
397997;2504;0,62
397998;2512;0,82
397999;2512;0,82
398010;2541;1,55
398011;2559;2,01
398012;2550;1,78
398013;2534;1,38
398014;2513;0,85
398015;2507;0,69
398016;2506;0,67
398017;2518;0,97
398018;2512;0,82
398019;2499;0,49
398020;2558;1,98
398021;2502;0,57
398022;2548;1,73
398023;2498;0,47
398024;2542;1,58
398025;2508;0,72
398026;2541;1,55
398027;2551;1,81
398028;2510;0,77
398039;2512;0,82
398040;2512;0,82
398041;2518;0,97
398042;2507;0,69
398043;2545;1,65
398044;2583;2,62
398045;2523;1,10
398046;2508;0,72
398047;2506;0,67
398048;2517;0,95
398049;2500;0,52
398050;2602;3,10
398051;2515;0,90
398052;2547;1,71
398053;2523;1,10
398054;2501;0,54
398055;2506;0,67
398056;2499;0,49
398068;2498;0,47
398069;2498;0,47
398070;2496;0,41
398071;2505;0,64
398072;2502;0,57
398073;2503;0,59
398074;2499;0,49
398075;2496;0,41
398076;2496;0,41
398077;2496;0,41
398078;2496;0,41
398079;2500;0,52
398080;2497;0,44
398081;2505;0,64
398082;2505;0,64
398083;2502;0,57
398084;2506;0,67
398085;2497;0,44
398086;2495;0,39
398097;2500;0,52
398098;2507;0,69
398099;2512;0,82
398100;2496;0,41
398101;2515;0,90
398102;2496;0,41
398103;2503;0,59
398104;2501;0,54
398105;2498;0,47
398106;2517;0,95
398107;2505;0,64
398108;2512;0,82
398109;2510;0,77
398110;2502;0,57
398111;2502;0,57
398112;2502;0,57
398113;2506;0,67
398114;2541;1,55
398125;2605;3,17
398126;2518;0,97
398127;2499;0,49
398128;2498;0,47
398129;2496;0,41
398130;2496;0,41
398131;2510;0,77
398132;2505;0,64
398133;2512;0,82
398134;2496;0,41
398135;2512;0,82
398136;2543;1,60
398137;2544;1,63
398138;2522;1,07
398139;2504;0,62
398140;2496;0,41
398141;2550;1,78
398142;2502;0,57
398143;2545;1,65
398154;2537;1,45
398155;2529;1,25
398156;2541;1,55
398157;2502;0,57
398158;2542;1,58
398159;2512;0,82
398160;2506;0,67
398161;2503;0,59
398162;2594;2,89
398163;2523;1,10
398164;2497;0,44
398165;2498;0,47
398166;2589;2,77
398167;2505;0,64
398168;2494;0,36
398169;2496;0,41
398170;2518;0,97
398171;2497;0,44
398183;2491;0,29
398184;2498;0,47
398185;2501;0,54
398186;2537;1,45
398187;2497;0,44
398188;2593;2,87
398189;2539;1,50
398190;2511;0,79
398191;2494;0,36
398192;2507;0,69
398193;2517;0,95
398194;2497;0,44
