Tempo(ms);ADC_Bruto;Forca(kg)
999;679;0,02
1000;687;0,82
1001;678;0,00
1002;679;0,02
1003;678;0,00
1004;683;0,42
1005;678;0,00
1006;678;0,00
1007;678;0,00
1008;678;0,00
1009;679;0,02
1010;678;0,00
1011;681;0,22
1012;678;0,00
1013;683;0,42
1014;679;0,02
1015;681;0,22
1016;679;0,02
1017;681;0,22
1018;680;0,12
1019;680;0,12
1020;678;0,00
1022;686;0,72
1024;679;0,02
1025;679;0,02
1026;686;0,72
1028;681;0,22
1029;679;0,02
1030;680;0,12
1031;680;0,12
1033;681;0,22
1034;678;0,00
1035;680;0,12
1036;688;0,92
1037;680;0,12
1039;682;0,32
1040;679;0,02
1041;680;0,12
1042;679;0,02
1044;683;0,42
1045;678;0,00
1046;681;0,22
1047;678;0,00
1049;680;0,12
1050;680;0,12
1051;679;0,02
1052;678;0,00
1054;681;0,22
1055;685;0,62
1056;678;0,00
1057;683;0,42
1059;678;0,00
1060;677;0,00
1061;677;0,00
1062;678;0,00
1064;679;0,02
1065;680;0,12
1067;684;0,52
1068;682;0,32
1070;679;0,02
1071;679;0,02
1072;680;0,12
1073;680;0,12
1075;680;0,12
1076;680;0,12
1077;678;0,00
1078;679;0,02
1080;678;0,00
1081;677;0,00
1082;686;0,72
1083;680;0,12
1085;682;0,32
1086;683;0,42
1087;678;0,00
1088;678;0,00
1090;685;0,62
1091;680;0,12
1092;678;0,00
1093;682;0,32
1095;677;0,00
1096;679;0,02
1097;684;0,52
1098;679;0,02
1099;680;0,12
1101;677;0,00
1102;678;0,00
1103;681;0,22
1104;682;0,32
1106;678;0,00
1107;677;0,00
1108;678;0,00
1110;680;0,12
1112;681;0,22
1113;679;0,02
1114;689;1,02
1115;680;0,12
1117;679;0,02
1118;682;0,32
1119;682;0,32
1120;678;0,00
1122;684;0,52
1123;679;0,02
1124;681;0,22
1125;679;0,02
1127;678;0,00
1128;678;0,00
1129;680;0,12
1130;683;0,42
1132;684;0,52
1133;682;0,32
1134;679;0,02
1135;677;0,00
1137;679;0,02
1138;686;0,72
1139;683;0,42
1140;680;0,12
1142;684;0,52
1143;685;0,62
1144;685;0,62
1145;679;0,02
1147;677;0,00
1148;683;0,42
1149;686;0,72
1150;679;0,02
1153;678;0,00
1154;681;0,22
1155;680;0,12
1156;677;0,00
1158;678;0,00
1159;683;0,42
1160;682;0,32
1161;678;0,00
1163;680;0,12
1164;680;0,12
1165;679;0,02
1166;683;0,42
1167;679;0,02
1169;680;0,12
1170;681;0,22
1171;680;0,12
1172;679;0,02
1174;680;0,12
1175;677;0,00
1176;678;0,00
1177;683;0,42
1179;684;0,52
1180;681;0,22
1181;678;0,00
1182;681;0,22
1184;678;0,00
1185;680;0,12
1186;682;0,32
1187;681;0,22
1189;680;0,12
1190;679;0,02
1191;679;0,02
1192;678;0,00
1195;681;0,22
1196;678;0,00
1197;680;0,12
1198;679;0,02
1200;680;0,12
1201;681;0,22
1202;679;0,02
1203;680;0,12
1205;681;0,22
1206;681;0,22
1207;679;0,02
1208;681;0,22
1210;679;0,02
1211;678;0,00
1212;678;0,00
1213;678;0,00
1215;681;0,22
1216;683;0,42
1217;680;0,12
1218;682;0,32
1220;685;0,62
1221;679;0,02
1222;678;0,00
1223;678;0,00
1225;678;0,00
1226;684;0,52
1227;678;0,00
1228;678;0,00
1230;678;0,00
1231;683;0,42
1232;682;0,32
1233;685;0,62
1234;680;0,12
1236;678;0,00
1238;683;0,42
1239;680;0,12
1240;679;0,02
1242;679;0,02
1243;681;0,22
1244;679;0,02
1245;677;0,00
1247;686;0,72
1248;684;0,52
1249;677;0,00
1250;678;0,00
1252;684;0,52
1253;684;0,52
1254;685;0,62
1255;677;0,00
1257;678;0,00
1258;680;0,12
1259;678;0,00
1260;681;0,22
1262;680;0,12
1263;678;0,00
1264;678;0,00
1265;678;0,00
1267;684;0,52
1268;679;0,02
1269;679;0,02
1270;681;0,22
1272;678;0,00
1273;684;0,52
1274;679;0,02
1275;679;0,02
1277;682;0,32
1278;679;0,02
1280;678;0,00
1281;685;0,62
1283;679;0,02
1284;690;1,12
1285;682;0,32
1286;680;0,12
1288;678;0,00
1289;677;0,00
1290;683;0,42
1291;680;0,12
1293;680;0,12
1294;682;0,32
1295;684;0,52
1296;681;0,22
1297;677;0,00
1299;678;0,00
1300;680;0,12
1301;682;0,32
1302;688;0,92
1304;678;0,00
1305;678;0,00
1306;681;0,22
1307;681;0,22
1309;683;0,42
1310;686;0,72
1311;679;0,02
1312;680;0,12
1314;680;0,12
1315;684;0,52
1316;679;0,02
1317;682;0,32
1319;680;0,12
1320;677;0,00
1321;679;0,02
1323;678;0,00
1325;678;0,00
1326;679;0,02
1327;679;0,02
1328;680;0,12
1330;679;0,02
1331;678;0,00
1332;679;0,02
1333;679;0,02
1335;679;0,02
1336;683;0,42
1337;683;0,42
1338;686;0,72
1340;679;0,02
1341;678;0,00
1342;688;0,92
1343;681;0,22
1345;683;0,42
1346;685;0,62
1347;680;0,12
1348;683;0,42
1350;683;0,42
1351;681;0,22
1352;683;0,42
1353;679;0,02
1355;678;0,00
1356;680;0,12
1357;679;0,02
1358;678;0,00
1359;685;0,62
1361;679;0,02
1362;680;0,12
1363;680;0,12
1364;680;0,12
1367;678;0,00
1368;682;0,32
1369;688;0,92
1370;677;0,00
1372;678;0,00
1373;678;0,00
1374;679;0,02
1375;678;0,00
1377;684;0,52
1378;688;0,92
1379;680;0,12
1380;678;0,00
1382;680;0,12
1383;678;0,00
1384;679;0,02
1385;679;0,02
1387;680;0,12
1388;679;0,02
1389;678;0,00
1390;678;0,00
1392;679;0,02
1393;678;0,00
1394;679;0,02
1395;681;0,22
1397;685;0,62
1398;679;0,02
1399;685;0,62
1400;679;0,02
1402;678;0,00
1403;679;0,02
1404;686;0,72
1405;678;0,00
1408;678;0,00
1409;678;0,00
1410;680;0,12
1411;685;0,62
1413;681;0,22
1414;681;0,22
1415;680;0,12
1416;682;0,32
1418;679;0,02
1419;679;0,02
1420;678;0,00
1421;678;0,00
1423;683;0,42
1424;679;0,02
1425;677;0,00
1426;683;0,42
1427;679;0,02
1429;679;0,02
1430;679;0,02
1431;678;0,00
1432;685;0,62
1434;678;0,00
1435;678;0,00
1436;680;0,12
1437;683;0,42
1439;686;0,72
1440;681;0,22
1441;679;0,02
1442;679;0,02
1444;687;0,82
1445;681;0,22
1446;689;1,02
1447;678;0,00
1449;678;0,00
1451;682;0,32
1452;678;0,00
1453;681;0,22
1455;679;0,02
1456;683;0,42
1457;682;0,32
1458;682;0,32
1460;681;0,22
1461;679;0,02
1462;679;0,02
1463;679;0,02
1465;683;0,42
1466;678;0,00
1467;678;0,00
1468;685;0,62
1470;679;0,02
1471;678;0,00
1472;682;0,32
1473;679;0,02
1475;678;0,00
1476;681;0,22
1477;679;0,02
1478;686;0,72
1480;678;0,00
1481;679;0,02
1482;677;0,00
1483;683;0,42
1485;681;0,22
1486;678;0,00
1487;678;0,00
1488;679;0,02
1489;681;0,22
1491;684;0,52
1492;678;0,00
1494;681;0,22
1495;679;0,02
1497;679;0,02
1498;678;0,00
1499;681;0,22
1500;678;0,00
1502;680;0,12
1503;679;0,02
1504;679;0,02
1505;680;0,12
1507;676;0,00
1508;679;0,02
1509;679;0,02
1510;679;0,02
1512;677;0,00
1513;681;0,22
1514;685;0,62
1515;679;0,02
1517;678;0,00
1518;683;0,42
1519;680;0,12
1520;678;0,00
1522;678;0,00
1523;679;0,02
1524;678;0,00
1525;681;0,22
1527;680;0,12
1528;680;0,12
1529;680;0,12
1530;678;0,00
1532;684;0,52
1533;679;0,02
1534;679;0,02
1536;678;0,00
1538;679;0,02
1539;676;0,00
1540;679;0,02
1541;679;0,02
1543;679;0,02
1544;680;0,12
1545;684;0,52
1546;678;0,00
1548;681;0,22
1549;680;0,12
1550;680;0,12
1551;680;0,12
1553;680;0,12
1554;679;0,02
1555;677;0,00
1556;680;0,12
1557;682;0,32
1559;680;0,12
1560;682;0,32
1561;686;0,72
1562;685;0,62
1564;685;0,62
1565;686;0,72
1566;679;0,02
1567;687;0,82
1569;680;0,12
1570;678;0,00
1571;681;0,22
1572;680;0,12
1574;678;0,00
1575;681;0,22
1576;679;0,02
1577;681;0,22
1580;678;0,00
1581;679;0,02
1582;683;0,42
1583;678;0,00
1585;677;0,00
1586;679;0,02
1587;678;0,00
1588;680;0,12
1590;679;0,02
1591;680;0,12
1592;685;0,62
1593;679;0,02
1595;679;0,02
1596;686;0,72
1597;678;0,00
1598;681;0,22
1600;681;0,22
1601;677;0,00
1602;679;0,02
1603;683;0,42
1605;678;0,00
1606;682;0,32
1607;682;0,32
1608;678;0,00
1610;677;0,00
1611;678;0,00
1612;681;0,22
1613;678;0,00
1615;679;0,02
1616;677;0,00
1617;683;0,42
1618;679;0,02
1619;685;0,62
1622;679;0,02
1623;682;0,32
1624;680;0,12
1625;678;0,00
1627;684;0,52
1628;681;0,22
1629;681;0,22
1630;679;0,02
1632;680;0,12
1633;691;1,22
1634;680;0,12
1635;678;0,00
1637;688;0,92
1638;682;0,32
1639;680;0,12
1640;679;0,02
1642;686;0,72
1643;677;0,00
1644;681;0,22
1645;680;0,12
1647;678;0,00
1648;679;0,02
1649;678;0,00
1650;680;0,12
1652;682;0,32
1653;681;0,22
1654;683;0,42
1655;688;0,92
1657;678;0,00
1658;681;0,22
1659;678;0,00
1660;678;0,00
1662;681;0,22
1664;683;0,42
1665;679;0,02
1666;687;0,82
1668;688;0,92
1669;686;0,72
1670;679;0,02
1671;677;0,00
1673;680;0,12
1674;687;0,82
1675;678;0,00
1676;678;0,00
1678;685;0,62
1679;680;0,12
1680;680;0,12
1681;678;0,00
1683;679;0,02
1684;677;0,00
1685;684;0,52
1686;677;0,00
1687;683;0,42
1689;678;0,00
1690;678;0,00
1691;684;0,52
1692;681;0,22
1694;678;0,00
1695;678;0,00
1696;681;0,22
1697;681;0,22
1699;677;0,00
1700;677;0,00
1701;681;0,22
1702;680;0,12
1704;680;0,12
1705;681;0,22
1707;679;0,02
1708;680;0,12
1710;680;0,12
1711;680;0,12
1712;684;0,52
1713;678;0,00
1715;681;0,22
1716;677;0,00
1717;679;0,02
1718;684;0,52
1720;679;0,02
1721;683;0,42
1722;685;0,62
1723;684;0,52
1725;677;0,00
1726;682;0,32
1727;684;0,52
1728;680;0,12
1730;681;0,22
1731;678;0,00
1732;679;0,02
1733;683;0,42
1735;680;0,12
1736;680;0,12
1737;678;0,00
1738;677;0,00
1740;685;0,62
1741;683;0,42
1742;680;0,12
1743;680;0,12
1745;689;1,02
1746;679;0,02
1747;678;0,00
1748;679;0,02
1751;682;0,32
1752;683;0,42
1753;684;0,52
1754;678;0,00
1755;678;0,00
1757;681;0,22
1758;680;0,12
1759;680;0,12
1760;679;0,02
1762;683;0,42
1763;686;0,72
1764;681;0,22
1765;678;0,00
1767;680;0,12
1768;681;0,22
1769;678;0,00
1770;685;0,62
1772;680;0,12
1773;685;0,62
1774;683;0,42
1775;678;0,00
1777;679;0,02
1778;682;0,32
1779;678;0,00
1780;679;0,02
1782;678;0,00
1783;681;0,22
1784;683;0,42
1785;678;0,00
1787;680;0,12
1788;678;0,00
1789;678;0,00
1790;678;0,00
1793;680;0,12
1794;679;0,02
1795;679;0,02
1796;679;0,02
1798;682;0,32
1799;679;0,02
1800;678;0,00
1801;683;0,42
1803;681;0,22
1804;683;0,42
1805;679;0,02
1806;680;0,12
1808;681;0,22
1809;678;0,00
1810;680;0,12
1811;677;0,00
1813;678;0,00
1814;681;0,22
1815;689;1,02
1816;677;0,00
1817;680;0,12
1819;681;0,22
1820;677;0,00
1821;680;0,12
1822;680;0,12
1824;683;0,42
1825;687;0,82
1826;680;0,12
1827;681;0,22
1829;686;0,72
1830;678;0,00
1831;684;0,52
1832;678;0,00
1835;678;0,00
1836;677;0,00
1837;679;0,02
1838;679;0,02
1840;686;0,72
1841;678;0,00
1842;677;0,00
1843;678;0,00
1845;684;0,52
1846;680;0,12
1847;686;0,72
1848;679;0,02
1850;678;0,00
1851;682;0,32
1852;678;0,00
1853;679;0,02
1855;684;0,52
1856;680;0,12
1857;678;0,00
1858;685;0,62
1860;680;0,12
1861;678;0,00
1862;678;0,00
1863;679;0,02
1865;678;0,00
1866;680;0,12
1867;681;0,22
1868;678;0,00
1870;685;0,62
1871;678;0,00
1872;678;0,00
1873;678;0,00
1875;684;0,52
1876;681;0,22
1878;678;0,00
1879;679;0,02
1881;679;0,02
1882;679;0,02
1883;678;0,00
1884;678;0,00
1885;679;0,02
1887;679;0,02
1888;683;0,42
1889;680;0,12
1890;679;0,02
1892;679;0,02
1893;678;0,00
1894;679;0,02
1895;679;0,02
1897;691;1,22
1898;684;0,52
1899;681;0,22
1900;679;0,02
1902;679;0,02
1903;679;0,02
1904;683;0,42
1905;679;0,02
1907;679;0,02
1908;678;0,00
1909;678;0,00
1910;687;0,82
1912;682;0,32
1913;680;0,12
1914;679;0,02
1915;678;0,00
1917;684;0,52
1918;680;0,12
1920;680;0,12
1921;678;0,00
1923;678;0,00
1924;679;0,02
1925;679;0,02
1926;686;0,72
1928;678;0,00
1929;680;0,12
1930;683;0,42
1931;681;0,22
1933;678;0,00
1934;680;0,12
1935;682;0,32
1936;681;0,22
1938;678;0,00
1939;678;0,00
1940;679;0,02
1941;681;0,22
1943;680;0,12
1944;679;0,02
1945;686;0,72
1946;684;0,52
1948;678;0,00
1949;678;0,00
1950;678;0,00
1951;680;0,12
1952;679;0,02
1954;679;0,02
1955;681;0,22
1956;678;0,00
1957;680;0,12
1959;686;0,72
1960;687;0,82
1961;680;0,12
1963;678;0,00
1965;678;0,00
1966;680;0,12
1967;682;0,32
1968;678;0,00
1970;679;0,02
1971;678;0,00
1972;679;0,02
1973;680;0,12
1975;680;0,12
1976;678;0,00
1977;680;0,12
1978;678;0,00
1980;690;1,12
1981;680;0,12
1982;681;0,22
1983;678;0,00
1985;678;0,00
1986;679;0,02
1987;680;0,12
1988;678;0,00
1990;679;0,02
1991;688;0,92
1992;681;0,22
1993;682;0,32
1995;682;0,32
1996;679;0,02
1997;679;0,02
1998;679;0,02
2000;681;0,22
2001;679;0,02
2002;678;0,00
2003;678;0,00
2006;681;0,22
2007;678;0,00
2008;681;0,22
2009;683;0,42
2011;678;0,00
2012;679;0,02
2013;679;0,02
2014;681;0,22
2015;679;0,02
2017;680;0,12
2018;681;0,22
2019;677;0,00
2020;679;0,02
2022;681;0,22
2023;685;0,62
2024;684;0,52
2025;684;0,52
2027;677;0,00
2028;678;0,00
2029;678;0,00
2030;685;0,62
2032;678;0,00
2033;688;0,92
2034;685;0,62
2035;682;0,32
2037;684;0,52
2038;679;0,02
2039;678;0,00
2040;680;0,12
2042;679;0,02
2043;679;0,02
2044;677;0,00
2045;678;0,00
2048;685;0,62
2049;678;0,00
2050;677;0,00
2051;681;0,22
2053;678;0,00
2054;678;0,00
2055;678;0,00
2056;680;0,12
2058;679;0,02
2059;682;0,32
2060;678;0,00
2061;677;0,00
2063;681;0,22
2064;681;0,22
2065;677;0,00
2066;681;0,22
2068;681;0,22
2069;680;0,12
2070;679;0,02
2071;683;0,42
2073;679;0,02
2074;681;0,22
2075;681;0,22
2076;682;0,32
2078;678;0,00
2079;680;0,12
2080;678;0,00
2081;678;0,00
2082;678;0,00
2084;687;0,82
2085;679;0,02
2086;682;0,32
2087;681;0,22
2089;679;0,02
2091;680;0,12
2092;683;0,42
2093;678;0,00
2095;681;0,22
2096;680;0,12
2097;679;0,02
2098;679;0,02
2100;681;0,22
2101;680;0,12
2102;682;0,32
2103;679;0,02
2105;680;0,12
2106;678;0,00
2107;678;0,00
2108;678;0,00
2110;679;0,02
2111;683;0,42
2112;679;0,02
2113;678;0,00
2115;679;0,02
2116;684;0,52
2117;681;0,22
2118;680;0,12
2120;678;0,00
2121;684;0,52
2122;679;0,02
2123;677;0,00
2125;678;0,00
2126;681;0,22
2127;682;0,32
2128;678;0,00
2130;678;0,00
2131;682;0,32
2132;683;0,42
2134;678;0,00
2136;681;0,22
2137;678;0,00
2138;681;0,22
2139;682;0,32
2141;683;0,42
2142;681;0,22
2143;682;0,32
2144;680;0,12
2145;679;0,02
2147;687;0,82
2148;678;0,00
2149;680;0,12
2150;678;0,00
2152;679;0,02
2153;680;0,12
2154;685;0,62
2155;679;0,02
2157;679;0,02
2158;679;0,02
2159;679;0,02
2160;680;0,12
2162;680;0,12
2163;688;0,92
2164;679;0,02
2165;678;0,00
2167;682;0,32
2168;681;0,22
2169;681;0,22
2170;679;0,02
2172;680;0,12
2173;687;0,82
2174;683;0,42
2176;678;0,00
2178;679;0,02
2179;687;0,82
2180;688;0,92
2181;678;0,00
2183;688;0,92
2184;683;0,42
2185;682;0,32
2186;679;0,02
2188;680;0,12
2189;686;0,72
2190;679;0,02
2191;679;0,02
2193;677;0,00
2194;681;0,22
2195;678;0,00
2196;678;0,00
2198;678;0,00
2199;678;0,00
2200;678;0,00
2201;680;0,12
2203;678;0,00
2204;678;0,00
2205;678;0,00
2206;678;0,00
2208;679;0,02
2209;681;0,22
2210;681;0,22
2211;679;0,02
2212;686;0,72
2214;678;0,00
2215;679;0,02
2216;680;0,12
2217;680;0,12
2220;681;0,22
2221;681;0,22
2222;680;0,12
2223;677;0,00
2225;679;0,02
2226;681;0,22
2227;678;0,00
2228;684;0,52
2230;678;0,00
2231;678;0,00
2232;678;0,00
2233;679;0,02
2235;677;0,00
2236;684;0,52
2237;680;0,12
2238;678;0,00
2240;678;0,00
2241;685;0,62
2242;686;0,72
2243;686;0,72
2245;677;0,00
2246;678;0,00
2247;678;0,00
2248;680;0,12
2250;679;0,02
2251;679;0,02
2252;678;0,00
2253;682;0,32
2255;679;0,02
2256;679;0,02
2257;683;0,42
2258;678;0,00
2260;679;0,02
2262;678;0,00
2263;679;0,02
2264;678;0,00
2266;683;0,42
2267;682;0,32
2268;679;0,02
2269;681;0,22
2271;678;0,00
2272;685;0,62
2273;680;0,12
2274;679;0,02
2275;681;0,22
2277;683;0,42
2278;681;0,22
2279;678;0,00
2280;681;0,22
2282;679;0,02
2283;678;0,00
2284;687;0,82
2285;679;0,02
2287;679;0,02
2288;681;0,22
2289;679;0,02
2290;677;0,00
2292;684;0,52
2293;686;0,72
2294;678;0,00
2295;685;0,62
2297;684;0,52
2298;679;0,02
2299;680;0,12
2300;679;0,02
2302;677;0,00
2304;682;0,32
2305;679;0,02
2306;681;0,22
2308;680;0,12
2309;679;0,02
2310;679;0,02
2311;679;0,02
2313;680;0,12
2314;678;0,00
2315;679;0,02
2316;679;0,02
2318;681;0,22
2319;684;0,52
2320;681;0,22
2321;681;0,22
2323;679;0,02
2324;689;1,02
2325;683;0,42
2326;679;0,02
2328;681;0,22
2329;679;0,02
2330;679;0,02
2331;679;0,02
2333;681;0,22
2334;677;0,00
2335;682;0,32
2336;680;0,12
2338;679;0,02
2339;678;0,00
2340;681;0,22
2341;683;0,42
2342;678;0,00
2344;685;0,62
2345;678;0,00
2347;676;0,00
2348;685;0,62
2350;680;0,12
2351;685;0,62
2352;683;0,42
2353;685;0,62
2355;680;0,12
2356;679;0,02
2357;679;0,02
2358;683;0,42
2360;679;0,02
2361;680;0,12
2362;680;0,12
2363;679;0,02
2365;678;0,00
2366;678;0,00
2367;682;0,32
2368;683;0,42
2370;682;0,32
2371;681;0,22
2372;678;0,00
2373;682;0,32
2375;678;0,00
2376;685;0,62
2377;679;0,02
2378;681;0,22
2380;679;0,02
2381;682;0,32
2382;678;0,00
2383;678;0,00
2385;685;0,62
2386;679;0,02
2387;678;0,00
2388;680;0,12
2391;687;0,82
2392;678;0,00
2393;681;0,22
2394;678;0,00
2396;678;0,00
2397;677;0,00
2398;681;0,22
2399;679;0,02
2401;680;0,12
2402;682;0,32
2403;679;0,02
2404;678;0,00
2406;679;0,02
2407;679;0,02
2408;681;0,22
2409;683;0,42
2410;685;0,62
2412;689;1,02
2413;679;0,02
2414;682;0,32
2415;678;0,00
2417;686;0,72
2418;678;0,00
2419;679;0,02
2420;679;0,02
2422;684;0,52
2423;679;0,02
2424;684;0,52
2425;680;0,12
2427;681;0,22
2428;679;0,02
2429;679;0,02
2430;679;0,02
2433;681;0,22
2434;679;0,02
2435;678;0,00
2436;680;0,12
2438;678;0,00
2439;677;0,00
2440;681;0,22
2441;681;0,22
2443;678;0,00
2444;678;0,00
2445;679;0,02
2446;687;0,82
2448;679;0,02
2449;677;0,00
2450;678;0,00
2451;684;0,52
2453;682;0,32
2454;681;0,22
2455;681;0,22
2456;686;0,72
2458;678;0,00
2459;681;0,22
2460;680;0,12
2461;681;0,22
2463;690;1,12
2464;679;0,02
2465;679;0,02
2466;679;0,02
2468;679;0,02
2469;678;0,00
2470;679;0,02
2471;679;0,02
2472;683;0,42
2475;680;0,12
2476;682;0,32
2477;678;0,00
2478;682;0,32
2480;678;0,00
2481;683;0,42
2482;684;0,52
2483;679;0,02
2485;681;0,22
2486;679;0,02
2487;678;0,00
2488;682;0,32
2490;685;0,62
2491;681;0,22
2492;678;0,00
2493;689;1,02
2495;680;0,12
2496;681;0,22
2497;685;0,62
2498;680;0,12
2500;679;0,02
2501;680;0,12
2502;681;0,22
2503;677;0,00
2505;678;0,00
2506;678;0,00
2507;684;0,52
2508;686;0,72
2510;679;0,02
2511;679;0,02
2512;685;0,62
2513;681;0,22
2515;679;0,02
2516;681;0,22
2518;684;0,52
2519;681;0,22
2521;680;0,12
2522;681;0,22
2523;682;0,32
2524;678;0,00
2526;678;0,00
2527;680;0,12
2528;679;0,02
2529;681;0,22
2531;683;0,42
2532;679;0,02
2533;681;0,22
2534;683;0,42
2536;678;0,00
2537;681;0,22
2538;682;0,32
2539;687;0,82
2540;678;0,00
2542;678;0,00
2543;677;0,00
2544;683;0,42
2545;679;0,02
2547;679;0,02
2548;681;0,22
2549;677;0,00
2550;681;0,22
2552;677;0,00
2553;681;0,22
2554;682;0,32
2555;680;0,12
2557;685;0,62
2558;678;0,00
2560;681;0,22
2561;686;0,72
2563;677;0,00
2564;683;0,42
2565;677;0,00
2566;679;0,02
2568;680;0,12
2569;685;0,62
2570;685;0,62
2571;678;0,00
2573;678;0,00
2574;678;0,00
2575;677;0,00
2576;678;0,00
2578;677;0,00
2579;683;0,42
2580;679;0,02
2581;678;0,00
2583;681;0,22
2584;677;0,00
2585;678;0,00
2586;685;0,62
2588;686;0,72
2589;681;0,22
2590;678;0,00
2591;678;0,00
2593;678;0,00
2594;683;0,42
2595;687;0,82
2596;679;0,02
2598;686;0,72
2599;682;0,32
2600;679;0,02
2601;682;0,32
2603;679;0,02
2605;683;0,42
2606;678;0,00
2607;689;1,02
2608;678;0,00
2610;679;0,02
2611;681;0,22
2612;678;0,00
2613;685;0,62
2615;681;0,22
2616;678;0,00
2617;680;0,12
2618;682;0,32
2620;683;0,42
2621;678;0,00
2622;683;0,42
2623;685;0,62
2625;683;0,42
2626;682;0,32
2627;684;0,52
2628;680;0,12
2630;679;0,02
2631;680;0,12
2632;679;0,02
2633;685;0,62
2635;679;0,02
2636;679;0,02
2637;682;0,32
2638;684;0,52
2640;680;0,12
2641;682;0,32
2642;679;0,02
2643;685;0,62
2646;679;0,02
2647;683;0,42
2648;678;0,00
2649;684;0,52
2651;687;0,82
2652;684;0,52
2653;679;0,02
2654;680;0,12
2656;678;0,00
2657;682;0,32
2658;684;0,52
2659;681;0,22
2661;681;0,22
2662;684;0,52
2663;682;0,32
2664;679;0,02
2665;684;0,52
2667;680;0,12
2668;690;1,12
2669;679;0,02
2670;680;0,12
2672;679;0,02
2673;676;0,00
2674;677;0,00
2675;685;0,62
2677;680;0,12
2678;682;0,32
2679;678;0,00
2680;681;0,22
2682;679;0,02
2683;679;0,02
2684;682;0,32
2685;678;0,00
2688;685;0,62
2689;676;0,00
2690;678;0,00
2691;680;0,12
2693;685;0,62
2694;677;0,00
2695;678;0,00
2696;680;0,12
2698;679;0,02
2699;678;0,00
2700;687;0,82
2701;681;0,22
2703;682;0,32
2704;681;0,22
2705;682;0,32
2706;680;0,12
2708;679;0,02
2709;681;0,22
2710;681;0,22
2711;686;0,72
2713;679;0,02
2714;679;0,02
2715;678;0,00
2716;679;0,02
2718;678;0,00
2719;683;0,42
2720;678;0,00
2721;678;0,00
2723;681;0,22
2724;679;0,02
2725;687;0,82
2726;678;0,00
2728;679;0,02
2729;678;0,00
2731;679;0,02
2732;677;0,00
2733;685;0,62
2735;680;0,12
2736;681;0,22
2737;681;0,22
2738;688;0,92
2740;681;0,22
2741;678;0,00
2742;679;0,02
2743;682;0,32
2745;678;0,00
2746;680;0,12
2747;681;0,22
2748;681;0,22
2750;679;0,02
2751;679;0,02
2752;678;0,00
2753;683;0,42
2755;679;0,02
2756;680;0,12
2757;679;0,02
2758;678;0,00
2760;679;0,02
2761;679;0,02
2762;680;0,12
2763;678;0,00
2765;680;0,12
2766;682;0,32
2767;681;0,22
2768;678;0,00
2770;684;0,52
2771;678;0,00
2772;681;0,22
2774;684;0,52
2776;679;0,02
2777;678;0,00
2778;683;0,42
2779;678;0,00
2781;678;0,00
2782;682;0,32
2783;687;0,82
2784;678;0,00
2786;680;0,12
2787;685;0,62
2788;681;0,22
2789;682;0,32
2791;680;0,12
2792;681;0,22
2793;678;0,00
2794;679;0,02
2795;681;0,22
2797;683;0,42
2798;679;0,02
2799;680;0,12
2800;687;0,82
2802;677;0,00
2803;678;0,00
2804;680;0,12
2805;681;0,22
2807;682;0,32
2808;682;0,32
2809;683;0,42
2810;678;0,00
2812;683;0,42
2813;680;0,12
2814;679;0,02
2816;678;0,00
2818;685;0,62
2819;680;0,12
2820;687;0,82
2821;679;0,02
2823;679;0,02
2824;680;0,12
2825;678;0,00
2826;680;0,12
2828;681;0,22
2829;682;0,32
2830;681;0,22
2831;685;0,62
2833;681;0,22
2834;680;0,12
2835;687;0,82
2836;684;0,52
2838;678;0,00
2839;679;0,02
2840;682;0,32
2841;680;0,12
2843;680;0,12
2844;682;0,32
2845;679;0,02
2846;686;0,72
2848;683;0,42
2849;683;0,42
2850;686;0,72
2851;687;0,82
2853;678;0,00
2854;686;0,72
2855;679;0,02
2856;678;0,00
2859;678;0,00
2860;678;0,00
2861;680;0,12
2862;685;0,62
2863;678;0,00
2865;679;0,02
2866;677;0,00
2867;681;0,22
2868;687;0,82
2870;680;0,12
2871;679;0,02
2872;679;0,02
2873;688;0,92
2875;679;0,02
2876;678;0,00
2877;679;0,02
2878;678;0,00
2880;680;0,12
2881;680;0,12
2882;678;0,00
2883;679;0,02
2885;680;0,12
2886;686;0,72
2887;683;0,42
2888;678;0,00
2890;679;0,02
2891;678;0,00
2892;681;0,22
2893;682;0,32
2895;683;0,42
2896;681;0,22
2897;678;0,00
2898;678;0,00
2900;678;0,00
2902;681;0,22
2903;679;0,02
2904;680;0,12
2906;682;0,32
2907;687;0,82
2908;683;0,42
2909;682;0,32
2911;678;0,00
2912;681;0,22
2913;679;0,02
2914;679;0,02
2916;682;0,32
2917;684;0,52
2918;677;0,00
2919;678;0,00
2921;682;0,32
2922;681;0,22
2923;681;0,22
2924;684;0,52
2926;679;0,02
2927;684;0,52
2928;679;0,02
2929;677;0,00
2930;677;0,00
2932;678;0,00
2933;679;0,02
2934;684;0,52
2935;685;0,62
2937;679;0,02
2938;680;0,12
2939;678;0,00
2940;677;0,00
2942;681;0,22
2944;679;0,02
2945;681;0,22
2946;679;0,02
2948;680;0,12
2949;679;0,02
2950;678;0,00
2951;679;0,02
2953;686;0,72
2954;679;0,02
2955;678;0,00
2956;678;0,00
2958;679;0,02
2959;677;0,00
2960;678;0,00
2961;674;0,00
2963;679;0,02
2964;679;0,02
2965;677;0,00
2966;677;0,00
2968;678;0,00
2969;678;0,00
2970;677;0,00
2971;678;0,00
2973;678;0,00
2974;678;0,00
2975;678;0,00
2976;679;0,02
2978;679;0,02
2979;682;0,32
2980;680;0,12
2981;679;0,02
2983;678;0,00
2984;678;0,00
2985;680;0,12
2987;678;0,00
2989;679;0,02
2990;679;0,02
2991;682;0,32
2992;681;0,22
2993;678;0,00
2995;680;0,12
2996;682;0,32
2997;679;0,02
2998;679;0,02
3000;680;0,12
3001;679;0,02
3002;679;0,02
3003;680;0,12
3005;679;0,02
3006;679;0,02
3007;679;0,02
3008;681;0,22
3010;679;0,02
3011;681;0,22
3012;679;0,02
3013;679;0,02
3015;682;0,32
3016;688;0,92
3017;680;0,12
3018;679;0,02
3020;680;0,12
3021;685;0,62
3022;681;0,22
3023;680;0,12
3025;681;0,22
3026;679;0,02
3027;686;0,72
3028;685;0,62
3031;677;0,00
3032;679;0,02
3033;685;0,62
3034;678;0,00
3036;681;0,22
3037;679;0,02
3038;685;0,62
3039;679;0,02
3041;681;0,22
3042;679;0,02
3043;684;0,52
3044;679;0,02
3046;680;0,12
3047;689;1,02
3048;680;0,12
3049;689;1,02
3051;680;0,12
3052;680;0,12
3053;678;0,00
3054;682;0,32
3056;680;0,12
3057;686;0,72
3058;682;0,32
3059;679;0,02
3060;677;0,00
3062;679;0,02
3063;685;0,62
3064;678;0,00
3065;679;0,02
3067;678;0,00
3068;679;0,02
3069;682;0,32
3070;681;0,22
3073;679;0,02
3074;683;0,42
3075;682;0,32
3076;683;0,42
3078;681;0,22
3079;684;0,52
3080;680;0,12
3081;685;0,62
3083;686;0,72
3084;681;0,22
3085;680;0,12
3086;684;0,52
3088;679;0,02
3089;682;0,32
3090;681;0,22
3091;679;0,02
3093;686;0,72
3094;679;0,02
3095;679;0,02
3096;681;0,22
3098;679;0,02
3099;689;1,02
3100;680;0,12
3101;679;0,02
3103;683;0,42
3104;687;0,82
3105;679;0,02
3106;679;0,02
3108;681;0,22
3109;681;0,22
3110;681;0,22
3111;685;0,62
3113;682;0,32
3115;680;0,12
3116;682;0,32
3117;680;0,12
3119;681;0,22
3120;689;1,02
3121;686;0,72
3122;680;0,12
3124;679;0,02
3125;678;0,00
3126;680;0,12
3127;681;0,22
3128;680;0,12
3130;679;0,02
3131;680;0,12
3132;684;0,52
3133;682;0,32
3135;681;0,22
3136;681;0,22
3137;680;0,12
3138;679;0,02
3140;679;0,02
3141;684;0,52
3142;681;0,22
3143;683;0,42
3145;681;0,22
3146;682;0,32
3147;688;0,92
3148;682;0,32
3150;681;0,22
3151;681;0,22
3152;685;0,62
3153;684;0,52
3155;681;0,22
3156;680;0,12
3158;680;0,12
3159;681;0,22
3161;685;0,62
3162;684;0,52
3163;680;0,12
3164;680;0,12
3166;679;0,02
3167;685;0,62
3168;682;0,32
3169;679;0,02
3171;679;0,02
3172;683;0,42
3173;679;0,02
3174;679;0,02
3176;681;0,22
3177;679;0,02
3178;679;0,02
3179;680;0,12
3181;681;0,22
3182;679;0,02
3183;680;0,12
3184;679;0,02
3186;681;0,22
3187;684;0,52
3188;679;0,02
3189;679;0,02
3190;679;0,02
3192;680;0,12
3193;682;0,32
3194;682;0,32
3195;680;0,12
3197;682;0,32
3198;681;0,22
3200;682;0,32
3201;683;0,42
3203;681;0,22
3204;681;0,22
3205;680;0,12
3206;684;0,52
3208;681;0,22
3209;680;0,12
3210;681;0,22
3211;680;0,12
3213;679;0,02
3214;682;0,32
3215;681;0,22
3216;684;0,52
3218;684;0,52
3219;682;0,32
3220;682;0,32
3221;683;0,42
3223;682;0,32
3224;685;0,62
3225;688;0,92
3226;688;0,92
3228;685;0,62
3229;683;0,42
3230;681;0,22
3231;687;0,82
3233;682;0,32
3234;681;0,22
3235;681;0,22
3236;682;0,32
3238;682;0,32
3239;682;0,32
3240;681;0,22
3241;689;1,02
3244;682;0,32
3245;683;0,42
3246;684;0,52
3247;685;0,62
3249;682;0,32
3250;693;1,43
3251;682;0,32
3252;683;0,42
3253;686;0,72
3255;683;0,42
3256;681;0,22
3257;683;0,42
3258;685;0,62
3260;685;0,62
3261;689;1,02
3262;685;0,62
3263;692;1,32
3265;688;0,92
3266;693;1,43
3267;686;0,72
3268;687;0,82
3270;685;0,62
3271;688;0,92
3272;682;0,32
3273;688;0,92
3275;681;0,22
3276;683;0,42
3277;682;0,32
3278;686;0,72
3280;682;0,32
3281;682;0,32
3282;685;0,62
3283;682;0,32
3286;683;0,42
3287;682;0,32
3288;681;0,22
3289;683;0,42
3291;682;0,32
3292;685;0,62
3293;681;0,22
3294;691;1,22
3296;685;0,62
3297;684;0,52
3298;684;0,52
3299;683;0,42
3301;690;1,12
3302;684;0,52
3303;682;0,32
3304;686;0,72
3306;685;0,62
3307;682;0,32
3308;682;0,32
3309;682;0,32
3311;687;0,82
3312;691;1,22
3313;693;1,43
3314;683;0,42
3316;681;0,22
3317;685;0,62
3318;686;0,72
3319;682;0,32
3320;684;0,52
3322;686;0,72
3323;683;0,42
3324;685;0,62
3325;681;0,22
3328;686;0,72
3329;683;0,42
3330;681;0,22
3331;693;1,43
3333;681;0,22
3334;683;0,42
3335;689;1,02
3336;687;0,82
3338;686;0,72
3339;679;0,02
3340;687;0,82
3341;681;0,22
3343;682;0,32
3344;683;0,42
3345;679;0,02
3346;691;1,22
3348;681;0,22
3349;680;0,12
3350;681;0,22
3351;689;1,02
3353;685;0,62
3354;679;0,02
3355;681;0,22
3356;683;0,42
3358;682;0,32
3359;688;0,92
3360;689;1,02
3361;683;0,42
3363;683;0,42
3364;681;0,22
3365;680;0,12
3366;682;0,32
3368;683;0,42
3369;680;0,12
3371;690;1,12
3372;689;1,02
3374;680;0,12
3375;683;0,42
3376;680;0,12
3377;681;0,22
3379;685;0,62
3380;680;0,12
3381;682;0,32
3382;680;0,12
3383;682;0,32
3385;680;0,12
3386;683;0,42
3387;681;0,22
3388;680;0,12
3390;682;0,32
3391;680;0,12
3392;688;0,92
3393;682;0,32
3395;682;0,32
3396;681;0,22
3397;681;0,22
3398;680;0,12
3400;682;0,32
3401;681;0,22
3402;680;0,12
3403;684;0,52
3405;690;1,12
3406;681;0,22
3407;683;0,42
3408;684;0,52
3410;684;0,52
3411;681;0,22
3412;686;0,72
3414;690;1,12
3416;683;0,42
3417;681;0,22
3418;687;0,82
3419;683;0,42
3421;683;0,42
3422;684;0,52
3423;682;0,32
3424;681;0,22
3426;689;1,02
3427;683;0,42
3428;684;0,52
3429;686;0,72
3431;681;0,22
3432;683;0,42
3433;691;1,22
3434;683;0,42
3436;684;0,52
3437;684;0,52
3438;682;0,32
3439;689;1,02
3441;685;0,62
3442;682;0,32
3443;683;0,42
3444;687;0,82
3446;684;0,52
3447;688;0,92
3448;685;0,62
3449;683;0,42
3450;689;1,02
3452;683;0,42
3453;683;0,42
3454;689;1,02
3456;685;0,62
3458;683;0,42
3459;682;0,32
3460;688;0,92
3461;685;0,62
3463;684;0,52
3464;682;0,32
3465;686;0,72
3466;688;0,92
3468;683;0,42
3469;685;0,62
3470;686;0,72
3471;686;0,72
3473;684;0,52
3474;685;0,62
3475;692;1,32
3476;684;0,52
3478;684;0,52
3479;689;1,02
3480;694;1,53
3481;686;0,72
3483;687;0,82
3484;684;0,52
3485;688;0,92
3486;686;0,72
3488;686;0,72
3489;688;0,92
3490;693;1,43
3491;686;0,72
3493;690;1,12
3494;687;0,82
3495;688;0,92
3496;687;0,82
3499;687;0,82
3500;697;1,83
3501;694;1,53
3502;688;0,92
3504;687;0,82
3505;687;0,82
3506;690;1,12
3507;690;1,12
3509;690;1,12
3510;688;0,92
3511;690;1,12
3512;693;1,43
3513;690;1,12
3515;700;2,13
3516;688;0,92
3517;691;1,22
3518;691;1,22
3520;691;1,22
3521;694;1,53
3522;695;1,63
3523;692;1,32
3525;691;1,22
3526;692;1,32
3527;693;1,43
3528;690;1,12
3530;701;2,23
3531;691;1,22
3532;691;1,22
3533;692;1,32
3535;692;1,32
3536;692;1,32
3537;691;1,22
3538;694;1,53
3540;694;1,53
3542;691;1,22
3543;694;1,53
3544;694;1,53
3546;692;1,32
3547;691;1,22
3548;691;1,22
3549;692;1,32
3551;691;1,22
3552;690;1,12
3553;690;1,12
3554;693;1,43
3556;692;1,32
3557;692;1,32
3558;694;1,53
3559;691;1,22
3561;690;1,12
3562;693;1,43
3563;697;1,83
3564;695;1,63
3566;691;1,22
3567;691;1,22
3568;691;1,22
3569;691;1,22
3571;698;1,93
3572;691;1,22
3573;689;1,02
3574;693;1,43
3576;693;1,43
3577;692;1,32
3578;698;1,93
3579;695;1,63
3580;691;1,22
3582;692;1,32
3584;688;0,92
3585;687;0,82
3586;693;1,43
3588;688;0,92
3589;689;1,02
3590;692;1,32
3591;690;1,12
3593;689;1,02
3594;688;0,92
3595;692;1,32
3596;693;1,43
3598;690;1,12
3599;689;1,02
3600;693;1,43
3601;693;1,43
3603;687;0,82
3604;689;1,02
3605;693;1,43
3606;692;1,32
3608;690;1,12
3609;692;1,32
3610;688;0,92
3611;693;1,43
3613;690;1,12
3614;692;1,32
3615;689;1,02
3616;691;1,22
3618;691;1,22
3619;689;1,02
3620;690;1,12
3621;691;1,22
3623;690;1,12
3624;690;1,12
3625;688;0,92
3627;690;1,12
3629;690;1,12
3630;689;1,02
3631;691;1,22
3632;688;0,92
3634;689;1,02
3635;691;1,22
3636;690;1,12
3637;689;1,02
3639;694;1,53
3640;689;1,02
3641;690;1,12
3642;693;1,43
3644;689;1,02
3645;689;1,02
3646;687;0,82
3647;687;0,82
3648;689;1,02
3650;690;1,12
3651;686;0,72
3652;687;0,82
3653;690;1,12
3655;688;0,92
3656;690;1,12
3657;689;1,02
3658;688;0,92
3660;689;1,02
3661;687;0,82
3662;689;1,02
3663;689;1,02
3665;689;1,02
3666;691;1,22
3667;690;1,12
3668;693;1,43
3671;689;1,02
3672;690;1,12
3673;691;1,22
3674;689;1,02
3676;696;1,73
3677;695;1,63
3678;692;1,32
3679;699;2,03
3681;692;1,32
3682;693;1,43
3683;694;1,53
3684;700;2,13
3686;700;2,13
3687;699;2,03
3688;693;1,43
3689;693;1,43
3691;692;1,32
3692;693;1,43
3693;693;1,43
3694;699;2,03
3696;705;2,63
3697;694;1,53
3698;693;1,43
3699;697;1,83
3701;697;1,83
3702;693;1,43
3703;699;2,03
3704;694;1,53
3706;694;1,53
3707;694;1,53
3708;698;1,93
3709;695;1,63
3710;695;1,63
3713;695;1,63
3714;695;1,63
3715;698;1,93
3716;696;1,73
3718;697;1,83
3719;697;1,83
3720;695;1,63
3721;696;1,73
3723;699;2,03
3724;698;1,93
3725;697;1,83
3726;696;1,73
3728;699;2,03
3729;697;1,83
3730;697;1,83
3731;698;1,93
3733;696;1,73
3734;695;1,63
3735;696;1,73
3736;697;1,83
3738;700;2,13
3739;696;1,73
3740;699;2,03
3741;697;1,83
3743;697;1,83
3744;698;1,93
3745;697;1,83
3746;696;1,73
3748;697;1,83
3749;698;1,93
3750;697;1,83
3751;701;2,23
3753;696;1,73
3755;696;1,73
3756;695;1,63
3757;696;1,73
3759;703;2,43
3760;698;1,93
3761;698;1,93
3762;698;1,93
3764;696;1,73
3765;697;1,83
3766;695;1,63
3767;696;1,73
3769;696;1,73
3770;694;1,53
3771;698;1,93
3772;695;1,63
3774;695;1,63
3775;700;2,13
3776;697;1,83
3777;696;1,73
3778;696;1,73
3780;698;1,93
3781;697;1,83
3782;697;1,83
3783;696;1,73
3785;702;2,33
3786;700;2,13
3787;700;2,13
3788;700;2,13
3790;704;2,53
3791;698;1,93
3792;695;1,63
3793;695;1,63
3795;696;1,73
3796;698;1,93
3798;695;1,63
3799;702;2,33
3801;697;1,83
3802;697;1,83
3803;696;1,73
3804;702;2,33
3806;697;1,83
3807;700;2,13
3808;699;2,03
3809;706;2,73
3811;699;2,03
3812;696;1,73
3813;699;2,03
3814;698;1,93
3816;696;1,73
3817;697;1,83
3818;697;1,83
3819;703;2,43
3821;699;2,03
3822;702;2,33
3823;698;1,93
3824;698;1,93
3826;700;2,13
3827;702;2,33
3828;697;1,83
3829;695;1,63
3831;698;1,93
3832;696;1,73
3833;697;1,83
3834;698;1,93
3836;696;1,73
3837;697;1,83
3838;696;1,73
3840;698;1,93
3841;699;2,03
3843;697;1,83
3844;697;1,83
3845;697;1,83
3846;697;1,83
3848;696;1,73
3849;703;2,43
3850;697;1,83
3851;697;1,83
3853;696;1,73
3854;698;1,93
3855;697;1,83
3856;697;1,83
3858;695;1,63
3859;699;2,03
3860;695;1,63
3861;695;1,63
3863;699;2,03
3864;697;1,83
3865;694;1,53
3866;699;2,03
3868;697;1,83
3869;695;1,63
3870;695;1,63
3871;697;1,83
3873;700;2,13
3874;697;1,83
3875;697;1,83
3876;698;1,93
3878;702;2,33
3879;695;1,63
3880;698;1,93
3881;694;1,53
3884;698;1,93
3885;698;1,93
3886;700;2,13
3887;703;2,43
3889;704;2,53
3890;701;2,23
3891;697;1,83
3892;698;1,93
3894;706;2,73
3895;698;1,93
3896;701;2,23
3897;704;2,53
3899;707;2,83
3900;700;2,13
3901;702;2,33
3902;697;1,83
3904;699;2,03
3905;702;2,33
3906;704;2,53
3907;699;2,03
3908;699;2,03
3910;698;1,93
3911;707;2,83
3912;702;2,33
3913;700;2,13
3915;712;3,34
3916;700;2,13
3917;706;2,73
3918;699;2,03
3920;706;2,73
3921;705;2,63
3922;708;2,94
3923;700;2,13
3926;702;2,33
3927;706;2,73
3928;703;2,43
3929;701;2,23
3931;700;2,13
3932;701;2,23
3933;700;2,13
3934;700;2,13
3936;701;2,23
3937;700;2,13
3938;701;2,23
3939;704;2,53
3941;703;2,43
3942;700;2,13
3943;700;2,13
3944;700;2,13
3946;700;2,13
3947;703;2,43
3948;701;2,23
3949;701;2,23
3951;701;2,23
3952;701;2,23
3953;702;2,33
3954;701;2,23
3956;699;2,03
3957;701;2,23
3958;699;2,03
3959;702;2,33
3961;700;2,13
3962;703;2,43
3963;700;2,13
3964;701;2,23
3966;701;2,23
3968;700;2,13
3969;702;2,33
3970;704;2,53
3971;704;2,53
3973;703;2,43
3974;701;2,23
3975;701;2,23
3976;701;2,23
3978;701;2,23
3979;701;2,23
3980;702;2,33
3981;705;2,63
3983;703;2,43
3984;706;2,73
3985;702;2,33
3986;707;2,83
3988;703;2,43
3989;705;2,63
3990;703;2,43
3991;707;2,83
3993;707;2,83
3994;703;2,43
3995;705;2,63
3996;704;2,53
3998;709;3,04
3999;705;2,63
4000;708;2,94
4001;705;2,63
4003;705;2,63
4004;706;2,73
4005;705;2,63
4006;705;2,63
4008;707;2,83
4009;709;3,04
4011;709;3,04
4012;706;2,73
4014;707;2,83
4015;711;3,24
4016;705;2,63
4017;709;3,04
4019;706;2,73
4020;706;2,73
4021;706;2,73
4022;708;2,94
4024;706;2,73
4025;709;3,04
4026;711;3,24
4027;710;3,14
4029;708;2,94
4030;709;3,04
4031;707;2,83
4032;709;3,04
4034;708;2,94
4035;710;3,14
4036;710;3,14
4037;709;3,04
4038;707;2,83
4040;710;3,14
4041;709;3,04
4042;710;3,14
4043;711;3,24
4045;708;2,94
4046;709;3,04
4047;707;2,83
4048;710;3,14
4050;709;3,04
4051;710;3,14
4052;711;3,24
4054;710;3,14
4056;710;3,14
4057;707;2,83
4058;708;2,94
4059;710;3,14
4061;708;2,94
4062;709;3,04
4063;709;3,04
4064;708;2,94
4066;715;3,64
4067;709;3,04
4068;709;3,04
4069;711;3,24
4071;709;3,04
4072;709;3,04
4073;712;3,34
4074;710;3,14
4076;710;3,14
4077;710;3,14
4078;714;3,54
4079;710;3,14
4081;710;3,14
4082;713;3,44
4083;712;3,34
4084;713;3,44
4086;714;3,54
4087;713;3,44
4088;716;3,74
4089;713;3,44
4091;712;3,34
4092;712;3,34
4093;713;3,44
4094;713;3,44
4097;712;3,34
4098;716;3,74
4099;715;3,64
4100;715;3,64
4101;714;3,54
4103;719;4,04
4104;714;3,54
4105;716;3,74
4106;715;3,64
4108;713;3,44
4109;713;3,44
4110;714;3,54
4111;713;3,44
4113;714;3,54
4114;717;3,84
4115;719;4,04
4116;714;3,54
4118;716;3,74
4119;715;3,64
4120;713;3,44
4121;715;3,64
4123;717;3,84
4124;718;3,94
4125;717;3,84
4126;719;4,04
4128;713;3,44
4129;715;3,64
4130;716;3,74
4131;720;4,14
4133;714;3,54
4134;717;3,84
4135;714;3,54
4136;714;3,54
4139;721;4,24
4140;714;3,54
4141;715;3,64
4142;715;3,64
4144;715;3,64
4145;715;3,64
4146;717;3,84
4147;718;3,94
4149;715;3,64
4150;714;3,54
4151;714;3,54
4152;714;3,54
4154;715;3,64
4155;716;3,74
4156;717;3,84
4157;725;4,65
4159;720;4,14
4160;716;3,74
4161;716;3,74
4162;717;3,84
4164;716;3,74
4165;723;4,45
4166;717;3,84
4167;722;4,34
4168;720;4,14
4170;721;4,24
4171;723;4,45
4172;723;4,45
4173;730;5,15
4175;725;4,65
4176;731;5,25
4177;735;5,65
4178;727;4,85
4180;733;5,45
4182;736;5,75
4183;735;5,65
4184;736;5,75
4186;737;5,85
4187;736;5,75
4188;740;6,16
4189;739;6,06
4191;735;5,65
4192;736;5,75
4193;739;6,06
4194;741;6,26
4196;739;6,06
4197;739;6,06
4198;745;6,66
4199;742;6,36
4201;738;5,96
4202;737;5,85
4203;742;6,36
4204;743;6,46
4206;738;5,96
4207;738;5,96
4208;740;6,16
4209;734;5,55
4211;732;5,35
4212;733;5,45
4213;734;5,55
4214;737;5,85
4216;730;5,15
4217;735;5,65
4218;735;5,65
4219;730;5,15
4221;733;5,45
4222;732;5,35
4224;734;5,55
4225;729;5,05
4227;728;4,95
4228;729;5,05
4229;729;5,05
4230;727;4,85
4232;733;5,45
4233;728;4,95
4234;729;5,05
4235;729;5,05
4236;730;5,15
4238;732;5,35
4239;735;5,65
4240;731;5,25
4241;732;5,35
4243;730;5,15
4244;735;5,65
4245;735;5,65
4246;731;5,25
4248;733;5,45
4249;734;5,55
4250;732;5,35
4251;733;5,45
4253;734;5,55
4254;733;5,45
4255;738;5,96
4256;734;5,55
4258;734;5,55
4259;737;5,85
4260;736;5,75
4261;739;6,06
4263;736;5,75
4264;735;5,65
4265;734;5,55
4267;735;5,65
4269;738;5,96
4270;737;5,85
4271;734;5,55
4272;736;5,75
4274;734;5,55
4275;734;5,55
4276;733;5,45
4277;734;5,55
4279;732;5,35
4280;731;5,25
4281;733;5,45
4282;738;5,96
4284;732;5,35
4285;733;5,45
4286;730;5,15
4287;736;5,75
4289;730;5,15
4290;731;5,25
4291;736;5,75
4292;735;5,65
4294;732;5,35
4295;733;5,45
4296;731;5,25
4297;735;5,65
4298;735;5,65
4300;732;5,35
4301;735;5,65
4302;740;6,16
4303;733;5,45
4305;734;5,55
4306;732;5,35
4307;733;5,45
4308;735;5,65
4311;735;5,65
4312;735;5,65
4313;739;6,06
4314;733;5,45
4316;735;5,65
4317;735;5,65
4318;735;5,65
4319;735;5,65
4321;735;5,65
4322;736;5,75
4323;737;5,85
4324;735;5,65
4326;736;5,75
4327;742;6,36
4328;742;6,36
4329;739;6,06
4331;739;6,06
4332;735;5,65
4333;736;5,75
4334;737;5,85
4336;737;5,85
4337;738;5,96
4338;742;6,36
4339;739;6,06
4341;737;5,85
4342;737;5,85
4343;741;6,26
4344;743;6,46
4346;739;6,06
4347;740;6,16
4348;742;6,36
4349;739;6,06
4352;739;6,06
4353;739;6,06
4354;738;5,96
4355;740;6,16
4357;740;6,16
4358;742;6,36
4359;739;6,06
4360;743;6,46
4362;740;6,16
4363;747;6,86
4364;741;6,26
4365;741;6,26
4366;740;6,16
4368;743;6,46
4369;742;6,36
4370;742;6,36
4371;747;6,86
4373;742;6,36
4374;741;6,26
4375;742;6,36
4376;743;6,46
4378;744;6,56
4379;744;6,56
4380;750;7,16
4381;745;6,66
4383;752;7,36
4384;744;6,56
4385;746;6,76
4386;746;6,76
4388;745;6,66
4389;747;6,86
4390;753;7,47
4391;752;7,36
4393;747;6,86
4395;749;7,06
4396;748;6,96
4397;747;6,86
4399;749;7,06
4400;751;7,26
4401;748;6,96
4402;751;7,26
4404;749;7,06
4405;753;7,47
4406;749;7,06
4407;753;7,47
4409;751;7,26
4410;751;7,26
4411;752;7,36
4412;750;7,16
4414;757;7,87
4415;752;7,36
4416;753;7,47
4417;753;7,47
4419;755;7,67
4420;755;7,67
4421;751;7,26
4422;753;7,47
4424;752;7,36
4425;751;7,26
4426;758;7,97
4427;753;7,47
4428;752;7,36
4430;754;7,57
4431;754;7,57
4432;753;7,47
4433;754;7,57
4435;751;7,26
4436;754;7,57
4438;753;7,47
4439;752;7,36
4441;753;7,47
4442;755;7,67
4443;753;7,47
4444;754;7,57
4446;754;7,57
4447;751;7,26
4448;757;7,87
4449;756;7,77
4451;752;7,36
4452;753;7,47
4453;758;7,97
4454;756;7,77
4456;753;7,47
4457;752;7,36
4458;760;8,17
4459;757;7,87
4461;758;7,97
4462;755;7,67
4463;758;7,97
4464;763;8,47
4466;755;7,67
4467;757;7,87
4468;755;7,67
4469;759;8,07
4471;756;7,77
4472;755;7,67
4473;756;7,77
4474;766;8,77
4476;755;7,67
4477;756;7,77
4478;757;7,87
4480;756;7,77
4482;757;7,87
4483;759;8,07
4484;758;7,97
4485;765;8,67
4487;765;8,67
4488;763;8,47
4489;757;7,87
4490;758;7,97
4492;766;8,77
4493;758;7,97
4494;762;8,37
4495;762;8,37
4496;760;8,17
4498;759;8,07
4499;761;8,27
4500;761;8,27
4501;763;8,47
4503;760;8,17
4504;762;8,37
4505;762;8,37
4506;766;8,77
4508;763;8,47
4509;766;8,77
4510;766;8,77
4511;762;8,37
4513;765;8,67
4514;764;8,57
4515;766;8,77
4516;765;8,67
4518;763;8,47
4519;770;9,18
4520;766;8,77
4521;765;8,67
4524;764;8,57
4525;773;9,48
4526;769;9,08
4527;764;8,57
4529;762;8,37
4530;764;8,57
4531;770;9,18
4532;767;8,87
4534;767;8,87
4535;766;8,77
4536;775;9,68
4537;767;8,87
4539;767;8,87
4540;766;8,77
4541;767;8,87
4542;771;9,28
4544;771;9,28
4545;769;9,08
4546;773;9,48
4547;771;9,28
4549;775;9,68
4550;770;9,18
4551;774;9,58
4552;774;9,58
4554;769;9,08
4555;770;9,18
4556;770;9,18
4557;772;9,38
4558;775;9,68
4560;776;9,78
4561;772;9,38
4562;773;9,48
4563;778;9,98
4566;783;10,49
4567;772;9,38
4568;774;9,58
4570;773;9,48
4571;773;9,48
4572;781;10,28
4573;774;9,58
4575;771;9,28
4576;775;9,68
4577;773;9,48
4578;775;9,68
4580;775;9,68
4581;775;9,68
4582;775;9,68
4583;776;9,78
4585;776;9,78
4586;778;9,98
4587;777;9,88
4588;776;9,78
4590;777;9,88
4591;776;9,78
4592;779;10,08
4593;778;9,98
4595;777;9,88
4596;782;10,38
4597;777;9,88
4598;780;10,18
4600;780;10,18
4601;782;10,38
4602;785;10,69
4604;781;10,28
4605;781;10,28
4606;782;10,38
4609;784;10,59
4610;780;10,18
4611;786;10,79
4613;781;10,28
4614;785;10,69
4615;779;10,08
4617;783;10,49
4618;781;10,28
4619;780;10,18
4621;779;10,08
4622;789;11,09
4623;787;10,89
4625;783;10,49
4626;783;10,49
4627;783;10,49
4629;785;10,69
4630;782;10,38
4631;783;10,49
4633;782;10,38
4634;781;10,28
4635;782;10,38
4637;783;10,49
4638;789;11,09
4639;784;10,59
4641;784;10,59
4642;782;10,38
4643;791;11,29
4645;784;10,59
4646;784;10,59
4647;784;10,59
4649;783;10,49
4651;791;11,29
4652;790;11,19
4654;787;10,89
4655;785;10,69
4656;784;10,59
4658;787;10,89
4659;784;10,59
4660;789;11,09
4662;788;10,99
4663;790;11,19
4664;790;11,19
4666;789;11,09
4667;789;11,09
4668;786;10,79
4669;787;10,89
4671;786;10,79
4672;786;10,79
4673;785;10,69
4675;786;10,79
4676;788;10,99
4677;786;10,79
4679;787;10,89
4680;788;10,99
4681;791;11,29
4683;787;10,89
4684;791;11,29
4685;787;10,89
4687;786;10,79
4688;788;10,99
4689;785;10,69
4691;787;10,89
4692;791;11,29
4694;788;10,99
4696;788;10,99
4697;784;10,59
4698;791;11,29
4700;793;11,49
4701;786;10,79
4702;789;11,09
4704;787;10,89
4705;787;10,89
4706;790;11,19
4708;788;10,99
4709;787;10,89
4710;789;11,09
4712;791;11,29
4713;787;10,89
4714;787;10,89
4716;789;11,09
4717;788;10,99
4718;788;10,99
4720;791;11,29
4721;788;10,99
4722;791;11,29
4724;788;10,99
4725;788;10,99
4726;790;11,19
4728;789;11,09
4729;793;11,49
4730;786;10,79
4732;789;11,09
4733;792;11,39
4734;788;10,99
4737;790;11,19
4738;791;11,29
4739;794;11,59
4741;788;10,99
4742;789;11,09
4743;791;11,29
4745;798;12,00
4746;790;11,19
4747;791;11,29
4749;795;11,69
4750;793;11,49
4751;794;11,59
4753;793;11,49
4754;797;11,89
4755;796;11,79
4756;792;11,39
4758;795;11,69
4759;795;11,69
4760;793;11,49
4762;799;12,10
4763;795;11,69
4764;796;11,79
4766;793;11,49
4767;796;11,79
4768;794;11,59
4770;794;11,59
4771;796;11,79
4772;795;11,69
4774;794;11,59
4775;799;12,10
4776;793;11,49
4779;797;11,89
4780;798;12,00
4781;796;11,79
4783;796;11,79
4784;798;12,00
4785;797;11,89
4787;794;11,59
4788;796;11,79
4789;795;11,69
4791;801;12,30
4792;794;11,59
4793;794;11,59
4795;797;11,89
4796;798;12,00
4797;798;12,00
4799;794;11,59
4800;797;11,89
4801;794;11,59
4803;795;11,69
4804;796;11,79
4805;798;12,00
4807;795;11,69
4808;797;11,89
4809;802;12,40
4811;796;11,79
4812;797;11,89
4813;794;11,59
4815;794;11,59
4816;795;11,69
4817;800;12,20
4819;794;11,59
4820;795;11,69
4822;800;12,20
4824;797;11,89
4825;800;12,20
4826;793;11,49
4828;802;12,40
4829;800;12,20
4830;795;11,69
4832;799;12,10
4833;795;11,69
4834;798;12,00
4836;796;11,79
4837;797;11,89
4838;799;12,10
4840;796;11,79
4841;800;12,20
4842;797;11,89
4843;803;12,50
4845;798;12,00
4846;800;12,20
4847;796;11,79
4849;797;11,89
4850;797;11,89
4851;803;12,50
4853;801;12,30
4854;798;12,00
4855;800;12,20
4857;797;11,89
4858;798;12,00
4859;797;11,89
4861;798;12,00
4862;804;12,60
4864;797;11,89
4866;800;12,20
4867;805;12,70
4868;802;12,40
4870;796;11,79
4871;796;11,79
4872;796;11,79
4874;796;11,79
4875;799;12,10
4876;800;12,20
4878;797;11,89
4879;799;12,10
4880;798;12,00
4882;800;12,20
4883;797;11,89
4884;803;12,50
4886;799;12,10
4887;803;12,50
4888;798;12,00
4890;796;11,79
4891;801;12,30
4892;797;11,89
4894;799;12,10
4895;797;11,89
4896;797;11,89
4898;797;11,89
4899;799;12,10
4900;797;11,89
4902;798;12,00
4903;797;11,89
4904;797;11,89
4907;799;12,10
4908;801;12,30
4909;802;12,40
4911;799;12,10
4912;800;12,20
4913;798;12,00
4915;798;12,00
4916;800;12,20
4917;799;12,10
4919;801;12,30
4920;798;12,00
4921;797;11,89
4923;798;12,00
4924;805;12,70
4925;800;12,20
4927;797;11,89
4928;797;11,89
4929;799;12,10
4930;800;12,20
4932;801;12,30
4933;803;12,50
4934;798;12,00
4936;800;12,20
4937;804;12,60
4938;798;12,00
4940;796;11,79
4941;800;12,20
4942;803;12,50
4944;797;11,89
4945;799;12,10
4946;802;12,40
4948;798;12,00
4950;801;12,30
4951;803;12,50
4953;798;12,00
4954;799;12,10
4955;799;12,10
4957;796;11,79
4958;800;12,20
4959;799;12,10
4961;796;11,79
4962;803;12,50
4963;800;12,20
4965;797;11,89
4966;800;12,20
4967;798;12,00
4969;796;11,79
4970;805;12,70
4971;798;12,00
4973;803;12,50
4974;800;12,20
4975;800;12,20
4977;805;12,70
4978;799;12,10
4979;803;12,50
4981;801;12,30
4982;800;12,20
4983;801;12,30
4985;804;12,60
4986;797;11,89
4987;797;11,89
4989;803;12,50
4990;800;12,20
4992;795;11,69
4994;801;12,30
4995;802;12,40
4996;803;12,50
4998;802;12,40
4999;801;12,30
5000;797;11,89
5002;800;12,20
5003;803;12,50
5004;797;11,89
5006;794;11,59
5007;798;12,00
5008;798;12,00
5010;799;12,10
5011;802;12,40
5012;796;11,79
5014;800;12,20
5015;796;11,79
5016;796;11,79
5017;798;12,00
5019;805;12,70
5020;798;12,00
5021;803;12,50
5023;807;12,90
5024;800;12,20
5025;800;12,20
5027;800;12,20
5028;806;12,80
5029;802;12,40
5031;800;12,20
5032;804;12,60
5033;803;12,50
5036;803;12,50
5037;801;12,30
5038;802;12,40
5040;800;12,20
5041;801;12,30
5042;804;12,60
5044;804;12,60
5045;805;12,70
5046;806;12,80
5048;804;12,60
5049;803;12,50
5050;806;12,80
5052;808;13,00
5053;804;12,60
5054;805;12,70
5056;798;12,00
5057;798;12,00
5058;802;12,40
5060;797;11,89
5061;795;11,69
5062;796;11,79
5064;796;11,79
5065;795;11,69
5066;797;11,89
5068;798;12,00
5069;801;12,30
5070;799;12,10
5072;801;12,30
5073;800;12,20
5074;803;12,50
5076;800;12,20
5078;798;12,00
5079;801;12,30
5081;799;12,10
5082;800;12,20
5083;803;12,50
5085;801;12,30
5086;801;12,30
5087;805;12,70
5089;802;12,40
5090;806;12,80
5091;802;12,40
5093;806;12,80
5094;801;12,30
5095;803;12,50
5097;803;12,50
5098;803;12,50
5099;802;12,40
5101;801;12,30
5102;804;12,60
5103;801;12,30
5104;806;12,80
5106;804;12,60
5107;801;12,30
5108;807;12,90
5110;805;12,70
5111;803;12,50
5112;799;12,10
5114;802;12,40
5115;800;12,20
5116;802;12,40
5118;799;12,10
5120;800;12,20
5121;801;12,30
5123;798;12,00
5124;799;12,10
5125;802;12,40
5127;800;12,20
5128;801;12,30
5129;799;12,10
5131;802;12,40
5132;800;12,20
5133;799;12,10
5135;801;12,30
5136;799;12,10
5137;803;12,50
5139;800;12,20
5140;790;11,19
5141;804;12,60
5143;810;13,20
5144;795;11,69
5145;798;12,00
5147;800;12,20
5148;796;11,79
5149;813;13,51
5151;798;12,00
5152;793;11,49
5153;802;12,40
5155;803;12,50
5156;800;12,20
5157;797;11,89
5159;807;12,90
5160;804;12,60
5161;797;11,89
5164;805;12,70
5165;805;12,70
5166;800;12,20
5168;803;12,50
5169;802;12,40
5170;799;12,10
5172;798;12,00
5173;802;12,40
5174;801;12,30
5176;799;12,10
5177;797;11,89
5178;799;12,10
5180;800;12,20
5181;804;12,60
5182;803;12,50
5184;803;12,50
5185;795;11,69
5186;799;12,10
5188;802;12,40
5189;798;12,00
5190;797;11,89
5191;788;10,99
5193;802;12,40
5194;807;12,90
5195;796;11,79
5197;792;11,39
5198;804;12,60
5199;799;12,10
5201;793;11,49
5202;797;11,89
5203;795;11,69
5206;793;11,49
5207;795;11,69
5208;795;11,69
5210;795;11,69
5211;793;11,49
5212;796;11,79
5214;800;12,20
5215;797;11,89
5216;799;12,10
5218;801;12,30
5219;797;11,89
5220;797;11,89
5222;803;12,50
5223;799;12,10
5224;798;12,00
5226;799;12,10
5227;795;11,69
5228;795;11,69
5230;799;12,10
5231;797;11,89
5232;797;11,89
5234;796;11,79
5235;796;11,79
5236;795;11,69
5238;794;11,59
5239;798;12,00
5240;794;11,59
5242;793;11,49
5243;789;11,09
5244;791;11,29
5246;791;11,29
5248;792;11,39
5249;794;11,59
5251;793;11,49
5252;792;11,39
5253;794;11,59
5255;795;11,69
5256;795;11,69
5257;797;11,89
5259;797;11,89
5260;798;12,00
5261;796;11,79
5263;797;11,89
5264;796;11,79
5265;798;12,00
5267;801;12,30
5268;798;12,00
5269;797;11,89
5271;796;11,79
5272;795;11,69
5273;795;11,69
5275;795;11,69
5276;793;11,49
5277;796;11,79
5278;793;11,49
5280;795;11,69
5281;793;11,49
5282;793;11,49
5284;792;11,39
5285;793;11,49
5286;792;11,39
5288;792;11,39
5289;793;11,49
5291;793;11,49
5293;793;11,49
5294;795;11,69
5295;795;11,69
5297;795;11,69
5298;796;11,79
5299;796;11,79
5301;797;11,89
5302;796;11,79
5303;797;11,89
5305;799;12,10
5306;797;11,89
5307;797;11,89
5309;798;12,00
5310;796;11,79
5311;799;12,10
5313;799;12,10
5314;798;12,00
5315;796;11,79
5317;799;12,10
5318;796;11,79
5319;795;11,69
5321;795;11,69
5322;794;11,59
5323;795;11,69
5325;794;11,59
5326;793;11,49
5327;793;11,49
5329;793;11,49
5330;792;11,39
5331;792;11,39
5334;795;11,69
5335;791;11,29
5336;798;12,00
5338;793;11,49
5339;791;11,29
5340;791;11,29
5342;793;11,49
5343;793;11,49
5344;797;11,89
5346;798;12,00
5347;798;12,00
5348;801;12,30
5350;799;12,10
5351;798;12,00
5352;799;12,10
5354;799;12,10
5355;799;12,10
5356;797;11,89
5358;802;12,40
5359;798;12,00
5360;801;12,30
5362;804;12,60
5363;803;12,50
5364;799;12,10
5365;797;11,89
5367;797;11,89
5368;801;12,30
5369;802;12,40
5371;797;11,89
5372;797;11,89
5373;796;11,79
5376;798;12,00
5377;798;12,00
5378;796;11,79
5380;796;11,79
5381;796;11,79
5382;798;12,00
5384;797;11,89
5385;796;11,79
5386;801;12,30
5388;797;11,89
5389;802;12,40
5390;795;11,69
5392;795;11,69
5393;795;11,69
5394;798;12,00
5396;794;11,59
5397;792;11,39
5398;793;11,49
5400;793;11,49
5401;794;11,59
5402;797;11,89
5404;792;11,39
5405;796;11,79
5406;798;12,00
5408;798;12,00
5409;792;11,39
5410;794;11,59
5412;798;12,00
5413;796;11,79
5414;797;11,89
5416;800;12,20
5417;800;12,20
5419;800;12,20
5421;803;12,50
5422;802;12,40
5423;801;12,30
5425;801;12,30
5426;807;12,90
5427;803;12,50
5429;803;12,50
5430;800;12,20
5431;800;12,20
5433;802;12,40
5434;799;12,10
5435;798;12,00
5437;797;11,89
5438;796;11,79
5439;797;11,89
5441;797;11,89
5442;792;11,39
5443;796;11,79
5445;797;11,89
5446;790;11,19
5447;795;11,69
5449;792;11,39
5450;791;11,29
5451;789;11,09
5452;791;11,29
5454;793;11,49
5455;791;11,29
5456;793;11,49
5458;793;11,49
5459;796;11,79
5460;798;12,00
5463;797;11,89
5464;796;11,79
5465;800;12,20
5467;800;12,20
5468;803;12,50
5469;803;12,50
5471;803;12,50
5472;802;12,40
5473;803;12,50
5475;804;12,60
5476;803;12,50
5477;805;12,70
5479;804;12,60
5480;806;12,80
5481;800;12,20
5483;801;12,30
5484;800;12,20
5485;798;12,00
5487;802;12,40
5488;797;11,89
5489;793;11,49
5491;793;11,49
5492;797;11,89
5493;791;11,29
5495;792;11,39
5496;794;11,59
5497;792;11,39
5499;793;11,49
5500;797;11,89
5501;795;11,69
5504;795;11,69
5505;795;11,69
5506;794;11,59
5508;797;11,89
5509;799;12,10
5510;798;12,00
5512;799;12,10
5513;799;12,10
5514;801;12,30
5516;801;12,30
5517;800;12,20
5518;801;12,30
5520;799;12,10
5521;798;12,00
5522;796;11,79
5524;797;11,89
5525;797;11,89
5526;795;11,69
5528;794;11,59
5529;795;11,69
5530;794;11,59
5532;795;11,69
5533;793;11,49
5534;792;11,39
5536;798;12,00
5537;794;11,59
5538;793;11,49
5539;793;11,49
5541;792;11,39
5542;795;11,69
5543;795;11,69
5545;794;11,59
5547;794;11,59
5548;793;11,49
5550;794;11,59
5551;795;11,69
5552;795;11,69
5554;795;11,69
5555;794;11,59
5556;801;12,30
5558;797;11,89
5559;794;11,59
5560;795;11,69
5562;798;12,00
5563;794;11,59
5564;793;11,49
5566;793;11,49
5567;794;11,59
5568;795;11,69
5570;794;11,59
5571;794;11,59
5572;793;11,49
5574;793;11,49
5575;792;11,39
5576;793;11,49
5578;792;11,39
5579;791;11,29
5580;795;11,69
5582;789;11,09
5583;788;10,99
5584;790;11,19
5586;791;11,29
5587;787;10,89
5588;788;10,99
5591;789;11,09
5592;789;11,09
5593;791;11,29
5595;793;11,49
5596;792;11,39
5597;791;11,29
5599;793;11,49
5600;790;11,19
5601;792;11,39
5603;793;11,49
5604;793;11,49
5605;793;11,49
5607;796;11,79
5608;793;11,49
5609;793;11,49
5611;793;11,49
5612;799;12,10
5613;793;11,49
5615;792;11,39
5616;790;11,19
5617;790;11,19
5619;790;11,19
5620;790;11,19
5621;792;11,39
5623;793;11,49
5624;789;11,09
5625;789;11,09
5626;790;11,19
5628;789;11,09
5629;788;10,99
5630;789;11,09
5633;793;11,49
5634;791;11,29
5635;789;11,09
5637;791;11,29
5638;789;11,09
5639;793;11,49
5641;787;10,89
5642;790;11,19
5643;790;11,19
5645;789;11,09
5646;788;10,99
5647;788;10,99
5649;787;10,89
5650;790;11,19
5651;788;10,99
5653;787;10,89
5654;788;10,99
5655;790;11,19
5657;789;11,09
5658;790;11,19
5659;789;11,09
5661;790;11,19
5662;789;11,09
5663;793;11,49
5665;789;11,09
5666;790;11,19
5667;797;11,89
5669;792;11,39
5670;794;11,59
5671;793;11,49
5673;791;11,29
5675;792;11,39
5676;789;11,09
5678;790;11,19
5679;794;11,59
5680;791;11,29
5682;794;11,59
5683;789;11,09
5684;791;11,29
5686;789;11,09
5687;792;11,39
5688;795;11,69
5690;792;11,39
5691;791;11,29
5692;791;11,29
5694;789;11,09
5695;789;11,09
5696;791;11,29
5698;789;11,09
5699;790;11,19
5700;789;11,09
5702;788;10,99
5703;789;11,09
5704;793;11,49
5706;787;10,89
5707;788;10,99
5708;785;10,69
5710;786;10,79
5711;788;10,99
5712;785;10,69
5713;786;10,79
5715;787;10,89
5716;789;11,09
5718;786;10,79
5720;787;10,89
5721;789;11,09
5722;789;11,09
5724;792;11,39
5725;790;11,19
5726;790;11,19
5728;791;11,29
5729;792;11,39
5730;792;11,39
5732;792;11,39
5733;797;11,89
5734;796;11,79
5736;792;11,39
5737;792;11,39
5738;791;11,29
5740;792;11,39
5741;791;11,29
5742;790;11,19
5744;789;11,09
5745;790;11,19
5746;788;10,99
5748;791;11,29
5749;790;11,19
5750;790;11,19
5752;793;11,49
5753;788;10,99
5754;787;10,89
5756;792;11,39
5757;786;10,79
5758;785;10,69
5761;784;10,59
5762;785;10,69
5763;785;10,69
5765;785;10,69
5766;787;10,89
5767;782;10,38
5769;785;10,69
5770;784;10,59
5771;782;10,38
5773;784;10,59
5774;784;10,59
5775;785;10,69
5777;788;10,99
5778;787;10,89
5779;784;10,59
5781;783;10,49
5782;790;11,19
5783;784;10,59
5785;785;10,69
5786;783;10,49
5787;784;10,59
5789;784;10,59
5790;790;11,19
5791;785;10,69
5793;783;10,49
5794;782;10,38
5795;782;10,38
5797;786;10,79
5798;781;10,28
5799;781;10,28
5800;780;10,18
5803;777;9,88
5804;775;9,68
5805;777;9,88
5807;780;10,18
5808;776;9,78
5809;777;9,88
5810;774;9,58
5812;776;9,78
5813;779;10,08
5814;778;9,98
5815;780;10,18
5817;780;10,18
5818;781;10,28
5819;779;10,08
5821;781;10,28
5822;780;10,18
5823;782;10,38
5825;782;10,38
5826;781;10,28
5827;780;10,18
5829;780;10,18
5830;780;10,18
5831;779;10,08
5833;779;10,08
5834;778;9,98
5835;781;10,28
5837;777;9,88
5838;781;10,28
5839;775;9,68
5840;777;9,88
5842;772;9,38
5843;773;9,48
5844;772;9,38
5846;777;9,88
5848;773;9,48
5849;771;9,28
5850;778;9,98
5851;776;9,78
5853;775;9,68
5854;773;9,48
5855;772;9,38
5856;778;9,98
5858;776;9,78
5859;775;9,68
5860;777;9,88
5861;775;9,68
5863;777;9,88
5864;774;9,58
5865;773;9,48
5866;776;9,78
5868;775;9,68
5869;775;9,68
5870;777;9,88
5871;776;9,78
5873;777;9,88
5874;776;9,78
5875;777;9,88
5876;781;10,28
5878;778;9,98
5879;777;9,88
5880;776;9,78
5881;775;9,68
5883;777;9,88
5884;777;9,88
5885;773;9,48
5886;772;9,38
5889;770;9,18
5890;771;9,28
5891;771;9,28
5892;770;9,18
5894;769;9,08
5895;770;9,18
5896;770;9,18
5897;767;8,87
5899;769;9,08
5900;771;9,28
5901;770;9,18
5902;771;9,28
5904;773;9,48
5905;774;9,58
5906;770;9,18
5907;772;9,38
5908;771;9,28
5910;767;8,87
5911;770;9,18
5912;769;9,08
5913;768;8,98
5915;773;9,48
5916;770;9,18
5917;774;9,58
5918;774;9,58
5920;772;9,38
5921;771;9,28
5922;772;9,38
5923;772;9,38
5925;774;9,58
5926;775;9,68
5927;772;9,38
5928;774;9,58
5931;776;9,78
5932;774;9,58
5933;774;9,58
5934;777;9,88
5936;773;9,48
5937;774;9,58
5938;772;9,38
5939;772;9,38
5941;773;9,48
5942;772;9,38
5943;772;9,38
5944;775;9,68
5946;771;9,28
5947;773;9,48
5948;775;9,68
5949;771;9,28
5951;770;9,18
5952;773;9,48
5953;772;9,38
5954;770;9,18
5956;772;9,38
5957;769;9,08
5958;769;9,08
5959;770;9,18
5961;769;9,08
5962;769;9,08
5963;770;9,18
5964;769;9,08
5966;770;9,18
5967;770;9,18
5968;768;8,98
5969;769;9,08
5971;770;9,18
5972;770;9,18
5974;770;9,18
5975;770;9,18
5976;771;9,28
5978;770;9,18
5979;769;9,08
5980;774;9,58
5981;773;9,48
5983;772;9,38
5984;773;9,48
5985;775;9,68
5986;772;9,38
5988;771;9,28
5989;771;9,28
5990;772;9,38
5991;771;9,28
5993;771;9,28
5994;774;9,58
5995;772;9,38
5996;772;9,38
5998;770;9,18
5999;771;9,28
6000;767;8,87
6001;774;9,58
6003;769;9,08
6004;768;8,98
6005;767;8,87
6006;768;8,98
6008;772;9,38
6009;771;9,28
6010;770;9,18
6011;773;9,48
6013;770;9,18
6014;769;9,08
6016;770;9,18
6017;770;9,18
6019;769;9,08
6020;774;9,58
6021;770;9,18
6022;772;9,38
6024;771;9,28
6025;771;9,28
6026;774;9,58
6027;773;9,48
6029;776;9,78
6030;772;9,38
6031;772;9,38
6032;772;9,38
6034;772;9,38
6035;774;9,58
6036;771;9,28
6037;775;9,68
6038;774;9,58
6040;778;9,98
6041;774;9,58
6042;774;9,58
6043;774;9,58
6045;774;9,58
6046;773;9,48
6047;775;9,68
6048;775;9,68
6050;774;9,58
6051;774;9,58
6052;774;9,58
6053;777;9,88
6055;773;9,48
6056;776;9,78
6057;773;9,48
6059;774;9,58
6061;773;9,48
6062;771;9,28
6063;773;9,48
6064;773;9,48
6066;775;9,68
6067;772;9,38
6068;774;9,58
6069;773;9,48
6071;772;9,38
6072;770;9,18
6073;772;9,38
6074;771;9,28
6076;770;9,18
6077;772;9,38
6078;771;9,28
6079;770;9,18
6081;770;9,18
6082;770;9,18
6083;770;9,18
6084;769;9,08
6086;771;9,28
6087;770;9,18
6088;771;9,28
6089;774;9,58
6091;770;9,18
6092;770;9,18
6093;772;9,38
6094;771;9,28
6096;770;9,18
6097;772;9,38
6098;775;9,68
6099;774;9,58
6102;771;9,28
6103;774;9,58
6104;772;9,38
6105;770;9,18
6106;771;9,28
6108;770;9,18
6109;771;9,28
6110;774;9,58
6111;770;9,18
6113;771;9,28
6114;772;9,38
6115;770;9,18
6116;771;9,28
6118;772;9,38
6119;770;9,18
6120;769;9,08
6121;771;9,28
6123;770;9,18
6124;770;9,18
6125;769;9,08
6126;769;9,08
6128;774;9,58
6129;773;9,48
6130;769;9,08
6131;769;9,08
6133;769;9,08
6134;771;9,28
6135;770;9,18
6136;768;8,98
6138;771;9,28
6139;771;9,28
6140;770;9,18
6141;770;9,18
6144;769;9,08
6145;772;9,38
6146;772;9,38
6147;769;9,08
6149;769;9,08
6150;768;8,98
6151;773;9,48
6152;769;9,08
6154;769;9,08
6155;768;8,98
6156;769;9,08
6157;770;9,18
6159;769;9,08
6160;770;9,18
6161;770;9,18
6162;768;8,98
6164;770;9,18
6165;769;9,08
6166;769;9,08
6167;768;8,98
6168;772;9,38
6170;769;9,08
6171;767;8,87
6172;769;9,08
6173;771;9,28
6175;770;9,18
6176;771;9,28
6177;769;9,08
6178;769;9,08
6180;770;9,18
6181;768;8,98
6182;769;9,08
6183;767;8,87
6185;767;8,87
6187;767;8,87
6188;769;9,08
6189;767;8,87
6191;767;8,87
6192;769;9,08
6193;766;8,77
6194;766;8,77
6196;765;8,67
6197;766;8,77
6198;766;8,77
6199;764;8,57
6201;764;8,57
6202;764;8,57
6203;767;8,87
6204;765;8,67
6206;765;8,67
6207;764;8,57
6208;765;8,67
6209;762;8,37
6211;764;8,57
6212;763;8,47
6213;762;8,37
6214;762;8,37
6216;761;8,27
6217;763;8,47
6218;764;8,57
6219;761;8,27
6221;763;8,47
6222;763;8,47
6223;761;8,27
6224;762;8,37
6226;762;8,37
6227;761;8,27
6228;761;8,27
6230;762;8,37
6231;762;8,37
6233;765;8,67
6234;760;8,17
6235;762;8,37
6236;761;8,27
6238;762;8,37
6239;762;8,37
6240;765;8,67
6241;763;8,47
6243;764;8,57
6244;764;8,57
6245;763;8,47
6246;762;8,37
6248;764;8,57
6249;763;8,47
6250;764;8,57
6251;761;8,27
6253;762;8,37
6254;763;8,47
6255;762;8,37
6256;765;8,67
6258;762;8,37
6259;761;8,27
6260;766;8,77
6261;765;8,67
6263;761;8,27
6264;762;8,37
6265;761;8,27
6266;761;8,27
6268;760;8,17
6269;761;8,27
6270;761;8,27
6272;759;8,07
6274;763;8,47
6275;761;8,27
6276;760;8,17
6277;758;7,97
6279;759;8,07
6280;764;8,57
6281;759;8,07
6282;759;8,07
6284;759;8,07
6285;759;8,07
6286;761;8,27
6287;759;8,07
6289;756;7,77
6290;759;8,07
6291;758;7,97
6292;758;7,97
6294;758;7,97
6295;758;7,97
6296;759;8,07
6297;758;7,97
6298;760;8,17
6300;756;7,77
6301;758;7,97
6302;758;7,97
6303;757;7,87
6305;757;7,87
6306;757;7,87
6307;758;7,97
6308;759;8,07
6310;756;7,77
6311;757;7,87
6312;757;7,87
6313;756;7,77
6316;758;7,97
6317;758;7,97
6318;757;7,87
6319;755;7,67
6321;755;7,67
6322;757;7,87
6323;758;7,97
6324;755;7,67
6326;759;8,07
6327;757;7,87
6328;755;7,67
6329;755;7,67
6331;755;7,67
6332;755;7,67
6333;755;7,67
6334;759;8,07
6336;757;7,87
6337;757;7,87
6338;754;7,57
6339;759;8,07
6341;755;7,67
6342;754;7,57
6343;754;7,57
6344;755;7,67
6346;753;7,47
6347;757;7,87
6348;758;7,97
6349;756;7,77
6351;754;7,57
6352;754;7,57
6353;757;7,87
6354;756;7,77
6356;754;7,57
6358;754;7,57
6359;757;7,87
6360;754;7,57
6362;754;7,57
6363;755;7,67
6364;754;7,57
6365;754;7,57
6366;756;7,77
6368;755;7,67
6369;755;7,67
6370;755;7,67
6371;755;7,67
6373;754;7,57
6374;755;7,67
6375;755;7,67
6376;754;7,57
6378;757;7,87
6379;756;7,77
6380;754;7,57
6381;753;7,47
6383;754;7,57
6384;754;7,57
6385;755;7,67
6386;756;7,77
6388;755;7,67
6389;755;7,67
6390;754;7,57
6391;754;7,57
6393;756;7,77
6394;754;7,57
6395;753;7,47
6396;755;7,67
6398;753;7,47
6400;755;7,67
6401;753;7,47
6402;755;7,67
6404;755;7,67
6405;753;7,47
6406;755;7,67
6407;757;7,87
6409;753;7,47
6410;755;7,67
6411;755;7,67
6412;757;7,87
6414;755;7,67
6415;755;7,67
6416;755;7,67
6417;757;7,87
6419;756;7,77
6420;756;7,77
6421;756;7,77
6422;754;7,57
6424;754;7,57
6425;756;7,77
6426;758;7,97
6427;754;7,57
6429;756;7,77
6430;755;7,67
6431;758;7,97
6432;757;7,87
6433;756;7,77
6435;759;8,07
6436;756;7,77
6437;758;7,97
6438;757;7,87
6440;756;7,77
6441;756;7,77
6443;756;7,77
6444;760;8,17
6446;756;7,77
6447;761;8,27
6448;757;7,87
6449;755;7,67
6451;755;7,67
6452;753;7,47
6453;756;7,77
6454;758;7,97
6456;758;7,97
6457;754;7,57
6458;756;7,77
6459;758;7,97
6461;755;7,67
6462;755;7,67
6463;755;7,67
6464;753;7,47
6466;754;7,57
6467;755;7,67
6468;754;7,57
6469;754;7,57
6471;756;7,77
6472;754;7,57
6473;754;7,57
6474;754;7,57
6476;754;7,57
6477;755;7,67
6478;756;7,77
6479;755;7,67
6481;754;7,57
6482;754;7,57
6483;755;7,67
6484;762;8,37
6487;755;7,67
6488;753;7,47
6489;758;7,97
6490;756;7,77
6492;755;7,67
6493;757;7,87
6494;754;7,57
6495;754;7,57
6496;753;7,47
6498;753;7,47
6499;754;7,57
6500;752;7,36
6501;757;7,87
6503;756;7,77
6504;755;7,67
6505;753;7,47
6506;757;7,87
6508;755;7,67
6509;753;7,47
6510;753;7,47
6511;753;7,47
6513;753;7,47
6514;754;7,57
6515;756;7,77
6516;753;7,47
6518;755;7,67
6519;756;7,77
6520;757;7,87
6521;755;7,67
6523;754;7,57
6524;756;7,77
6525;754;7,57
6526;754;7,57
6529;754;7,57
6530;755;7,67
6531;752;7,36
6532;754;7,57
6534;754;7,57
6535;753;7,47
6536;757;7,87
6537;753;7,47
6539;753;7,47
6540;754;7,57
6541;752;7,36
6542;755;7,67
6544;757;7,87
6545;754;7,57
6546;753;7,47
6547;754;7,57
6549;753;7,47
6550;755;7,67
6551;755;7,67
6552;756;7,77
6554;753;7,47
6555;754;7,57
6556;754;7,57
6557;755;7,67
6559;755;7,67
6560;758;7,97
6561;755;7,67
6562;755;7,67
6563;759;8,07
6565;756;7,77
6566;754;7,57
6567;755;7,67
6568;755;7,67
6571;753;7,47
6572;754;7,57
6573;754;7,57
6574;756;7,77
6576;755;7,67
6577;753;7,47
6578;755;7,67
6579;754;7,57
6581;755;7,67
6582;754;7,57
6583;757;7,87
6584;754;7,57
6586;754;7,57
6587;755;7,67
6588;754;7,57
6589;757;7,87
6591;754;7,57
6592;753;7,47
6593;754;7,57
6594;755;7,67
6596;755;7,67
6597;755;7,67
6598;756;7,77
6599;755;7,67
6601;756;7,77
6602;755;7,67
6603;754;7,57
6604;753;7,47
6606;755;7,67
6607;755;7,67
6608;756;7,77
6609;753;7,47
6611;754;7,57
6612;754;7,57
6614;754;7,57
6615;753;7,47
6617;753;7,47
6618;752;7,36
6619;754;7,57
6620;752;7,36
6622;753;7,47
6623;751;7,26
6624;756;7,77
6625;752;7,36
6626;752;7,36
6628;751;7,26
6629;752;7,36
6630;755;7,67
6631;751;7,26
6633;752;7,36
6634;754;7,57
6635;752;7,36
6636;751;7,26
6638;754;7,57
6639;755;7,67
6640;751;7,26
6641;753;7,47
6643;755;7,67
6644;752;7,36
6645;752;7,36
6646;753;7,47
6648;757;7,87
6649;751;7,26
6650;753;7,47
6651;753;7,47
6653;752;7,36
6654;754;7,57
6656;756;7,77
6657;755;7,67
6659;756;7,77
6660;752;7,36
6661;754;7,57
6662;754;7,57
6664;753;7,47
6665;755;7,67
6666;755;7,67
6667;756;7,77
6669;758;7,97
6670;759;8,07
6671;754;7,57
6672;756;7,77
6674;755;7,67
6675;756;7,77
6676;755;7,67
6677;754;7,57
6679;754;7,57
6680;759;8,07
6681;755;7,67
6682;755;7,67
6684;756;7,77
6685;757;7,87
6686;755;7,67
6687;757;7,87
6689;755;7,67
6690;755;7,67
6691;753;7,47
6692;756;7,77
6693;755;7,67
6695;755;7,67
6696;755;7,67
6697;755;7,67
6699;754;7,57
6701;754;7,57
6702;753;7,47
6703;753;7,47
6704;758;7,97
6706;756;7,77
6707;754;7,57
6708;751;7,26
6709;752;7,36
6711;755;7,67
6712;752;7,36
6713;754;7,57
6714;752;7,36
6716;755;7,67
6717;753;7,47
6718;751;7,26
6719;752;7,36
6721;754;7,57
6722;752;7,36
6723;753;7,47
6724;751;7,26
6726;754;7,57
6727;756;7,77
6728;752;7,36
6729;752;7,36
6731;753;7,47
6732;753;7,47
6733;754;7,57
6734;753;7,47
6736;753;7,47
6737;753;7,47
6738;757;7,87
6739;754;7,57
6742;757;7,87
6743;757;7,87
6744;753;7,47
6745;758;7,97
6747;756;7,77
6748;756;7,77
6749;758;7,97
6750;755;7,67
6752;756;7,77
6753;756;7,77
6754;759;8,07
6755;757;7,87
6756;757;7,87
6758;754;7,57
6759;753;7,47
6760;755;7,67
6761;757;7,87
6763;754;7,57
6764;755;7,67
6765;753;7,47
6766;754;7,57
6768;754;7,57
6769;755;7,67
6770;754;7,57
6771;751;7,26
6773;757;7,87
6774;752;7,36
6775;753;7,47
6776;753;7,47
6778;752;7,36
6779;757;7,87
6780;751;7,26
6781;753;7,47
6784;751;7,26
6785;751;7,26
6786;751;7,26
6787;753;7,47
6789;751;7,26
6790;753;7,47
6791;752;7,36
6792;752;7,36
6794;752;7,36
6795;750;7,16
6796;754;7,57
6797;754;7,57
6799;753;7,47
6800;754;7,57
6801;752;7,36
6802;752;7,36
6804;753;7,47
6805;754;7,57
6806;753;7,47
6807;755;7,67
6809;753;7,47
6810;755;7,67
6811;753;7,47
6812;752;7,36
6814;751;7,26
6815;754;7,57
6816;752;7,36
6817;754;7,57
6818;752;7,36
6820;754;7,57
6821;755;7,67
6822;752;7,36
6823;751;7,26
6825;753;7,47
6827;753;7,47
6828;753;7,47
6829;752;7,36
6831;751;7,26
6832;753;7,47
6833;751;7,26
6834;753;7,47
6836;750;7,16
6837;751;7,26
6838;750;7,16
6839;750;7,16
6841;750;7,16
6842;749;7,06
6843;749;7,06
6844;749;7,06
6846;750;7,16
6847;750;7,16
6848;749;7,06
6849;751;7,26
6851;751;7,26
6852;750;7,16
6853;749;7,06
6854;750;7,16
6856;751;7,26
6857;751;7,26
6858;751;7,26
6859;750;7,16
6861;750;7,16
6862;752;7,36
6863;751;7,26
6864;752;7,36
6866;750;7,16
6867;751;7,26
6868;752;7,36
6870;751;7,26
6872;752;7,36
6873;752;7,36
6874;753;7,47
6875;752;7,36
6877;752;7,36
6878;755;7,67
6879;754;7,57
6880;753;7,47
6882;753;7,47
6883;751;7,26
6884;752;7,36
6885;754;7,57
6886;753;7,47
6888;755;7,67
6889;753;7,47
6890;751;7,26
6891;752;7,36
6893;752;7,36
6894;751;7,26
6895;751;7,26
6896;752;7,36
6898;750;7,16
6899;752;7,36
6900;750;7,16
6901;750;7,16
6903;750;7,16
6904;751;7,26
6905;750;7,16
6906;751;7,26
6908;751;7,26
6909;751;7,26
6910;752;7,36
6912;752;7,36
6914;752;7,36
6915;751;7,26
6916;751;7,26
6917;750;7,16
6919;752;7,36
6920;753;7,47
6921;752;7,36
6922;752;7,36
6924;753;7,47
6925;753;7,47
6926;751;7,26
6927;753;7,47
6929;752;7,36
6930;752;7,36
6931;753;7,47
6932;752;7,36
6934;751;7,26
6935;751;7,26
6936;750;7,16
6937;751;7,26
6939;750;7,16
6940;750;7,16
6941;748;6,96
6942;751;7,26
6944;747;6,86
6945;751;7,26
6946;749;7,06
6947;748;6,96
6949;749;7,06
6950;749;7,06
6951;747;6,86
6952;749;7,06
6953;749;7,06
6956;749;7,06
6957;747;6,86
6958;748;6,96
6959;746;6,76
6961;747;6,86
6962;748;6,96
6963;745;6,66
6964;745;6,66
6966;748;6,96
6967;751;7,26
6968;747;6,86
6969;746;6,76
6971;745;6,66
6972;749;7,06
6973;748;6,96
6974;748;6,96
6976;748;6,96
6977;748;6,96
6978;747;6,86
6979;751;7,26
6981;749;7,06
6982;750;7,16
6983;750;7,16
6984;751;7,26
6986;751;7,26
6987;748;6,96
6988;752;7,36
6989;750;7,16
6991;748;6,96
6992;752;7,36
6993;749;7,06
6994;749;7,06
6996;749;7,06
6998;750;7,16
6999;753;7,47
7000;749;7,06
7002;750;7,16
7003;748;6,96
7004;749;7,06
7005;749;7,06
7007;751;7,26
7008;752;7,36
7009;751;7,26
7010;748;6,96
7012;752;7,36
7013;750;7,16
7014;751;7,26
7015;751;7,26
7016;750;7,16
7018;750;7,16
7019;749;7,06
7020;750;7,16
7021;750;7,16
7023;748;6,96
7024;754;7,57
7025;751;7,26
7026;751;7,26
7028;750;7,16
7029;750;7,16
7030;748;6,96
7031;749;7,06
7033;753;7,47
7034;749;7,06
7035;749;7,06
7036;753;7,47
7038;750;7,16
7040;751;7,26
7041;754;7,57
7042;750;7,16
7044;750;7,16
7045;757;7,87
7046;753;7,47
7047;752;7,36
7049;755;7,67
7050;753;7,47
7051;753;7,47
7052;753;7,47
7054;754;7,57
7055;753;7,47
7056;756;7,77
7057;752;7,36
7059;752;7,36
7060;756;7,77
7061;753;7,47
7062;754;7,57
7064;753;7,47
7065;755;7,67
7066;754;7,57
7067;755;7,67
7069;755;7,67
7070;754;7,57
7071;752;7,36
7072;749;7,06
7074;753;7,47
7075;754;7,57
7076;756;7,77
7077;757;7,87
7079;755;7,67
7080;753;7,47
7081;750;7,16
7083;754;7,57
7084;752;7,36
7086;755;7,67
7087;764;8,57
7088;757;7,87
7089;756;7,77
7091;757;7,87
7092;754;7,57
7093;753;7,47
7094;753;7,47
7096;754;7,57
7097;755;7,67
7098;753;7,47
7099;754;7,57
7101;756;7,77
7102;756;7,77
7103;757;7,87
7104;753;7,47
7106;754;7,57
7107;754;7,57
7108;752;7,36
7109;753;7,47
7111;754;7,57
7112;753;7,47
7113;752;7,36
7114;753;7,47
7116;754;7,57
7117;751;7,26
7118;754;7,57
7119;750;7,16
7121;752;7,36
7122;752;7,36
7123;754;7,57
7124;752;7,36
7127;756;7,77
7128;751;7,26
7129;752;7,36
7130;753;7,47
7132;752;7,36
7133;752;7,36
7134;757;7,87
7135;754;7,57
7137;752;7,36
7138;758;7,97
7139;754;7,57
7140;753;7,47
7142;756;7,77
7143;755;7,67
7144;754;7,57
7145;754;7,57
7147;755;7,67
7148;756;7,77
7149;760;8,17
7150;759;8,07
7151;754;7,57
7153;753;7,47
7154;756;7,77
7155;754;7,57
7156;757;7,87
7158;756;7,77
7159;751;7,26
7160;752;7,36
7161;753;7,47
7163;753;7,47
7164;755;7,67
7165;754;7,57
7166;757;7,87
7169;750;7,16
7170;749;7,06
7171;752;7,36
7172;751;7,26
7174;750;7,16
7175;748;6,96
7176;749;7,06
7177;750;7,16
7179;750;7,16
7180;752;7,36
7181;750;7,16
7182;750;7,16
7184;750;7,16
7185;751;7,26
7186;755;7,67
7187;752;7,36
7189;754;7,57
7190;753;7,47
7191;757;7,87
7192;753;7,47
7194;754;7,57
7195;756;7,77
7196;755;7,67
7197;759;8,07
7199;755;7,67
7200;757;7,87
7201;756;7,77
7202;757;7,87
7204;758;7,97
7205;756;7,77
7206;758;7,97
7207;760;8,17
7209;759;8,07
7211;759;8,07
7212;757;7,87
7213;757;7,87
7214;759;8,07
7216;752;7,36
7217;758;7,97
7218;758;7,97
7219;758;7,97
7221;761;8,27
7222;755;7,67
7223;760;8,17
7224;756;7,77
7226;749;7,06
7227;757;7,87
7228;754;7,57
7229;750;7,16
7231;754;7,57
7232;746;6,76
7233;757;7,87
7234;749;7,06
7236;748;6,96
7237;754;7,57
7238;745;6,66
7239;751;7,26
7241;750;7,16
7242;749;7,06
7243;751;7,26
7244;751;7,26
7246;753;7,47
7247;751;7,26
7248;753;7,47
7249;753;7,47
7251;752;7,36
7252;753;7,47
7254;753;7,47
7255;755;7,67
7257;753;7,47
7258;759;8,07
7259;757;7,87
7260;755;7,67
7262;759;8,07
7263;760;8,17
7264;755;7,67
7265;757;7,87
7267;757;7,87
7268;760;8,17
7269;758;7,97
7270;757;7,87
7272;758;7,97
7273;755;7,67
7274;756;7,77
7275;753;7,47
7277;758;7,97
7278;753;7,47
7279;752;7,36
7280;755;7,67
7281;754;7,57
7283;755;7,67
7284;747;6,86
7285;757;7,87
7286;748;6,96
7288;753;7,47
7289;755;7,67
7290;750;7,16
7291;755;7,67
7293;746;6,76
7294;756;7,77
7296;755;7,67
7297;749;7,06
7299;755;7,67
7300;749;7,06
7301;757;7,87
7302;753;7,47
7304;751;7,26
7305;760;8,17
7306;750;7,16
7307;759;8,07
7309;755;7,67
7310;757;7,87
7311;761;8,27
7312;755;7,67
7314;761;8,27
7315;755;7,67
7316;759;8,07
7317;760;8,17
7319;753;7,47
7320;761;8,27
7321;759;8,07
7322;758;7,97
7324;760;8,17
7325;756;7,77
7326;761;8,27
7327;759;8,07
7329;758;7,97
7330;762;8,37
7331;758;7,97
7332;757;7,87
7334;756;7,77
7335;756;7,77
7336;754;7,57
7337;757;7,87
7340;756;7,77
7341;753;7,47
7342;753;7,47
7343;760;8,17
7344;755;7,67
7346;752;7,36
7347;752;7,36
7348;757;7,87
7349;752;7,36
7351;756;7,77
7352;755;7,67
7353;757;7,87
7354;757;7,87
7356;756;7,77
7357;749;7,06
7358;754;7,57
7359;753;7,47
7361;752;7,36
7362;757;7,87
7363;757;7,87
7364;757;7,87
7366;751;7,26
7367;758;7,97
7368;750;7,16
7369;759;8,07
7371;755;7,67
7372;762;8,37
7373;757;7,87
7374;753;7,47
7376;761;8,27
7377;750;7,16
7378;763;8,47
7379;758;7,97
7382;754;7,57
7383;759;8,07
7384;751;7,26
7385;763;8,47
7387;759;8,07
7388;755;7,67
7389;764;8,57
7390;754;7,57
7392;758;7,97
7393;761;8,27
7394;753;7,47
7395;761;8,27
7397;755;7,67
7398;757;7,87
7399;759;8,07
7400;751;7,26
7402;758;7,97
7403;751;7,26
7404;751;7,26
7405;759;8,07
7407;747;6,86
7408;757;7,87
7409;751;7,26
7410;748;6,96
7411;756;7,77
7413;749;7,06
7414;753;7,47
7415;754;7,57
7416;752;7,36
7418;756;7,77
7419;748;6,96
7420;752;7,36
7421;756;7,77
7424;747;6,86
7425;757;7,87
7426;751;7,26
7427;752;7,36
7429;755;7,67
7430;749;7,06
7431;759;8,07
7432;754;7,57
7434;756;7,77
7435;757;7,87
7436;752;7,36
7437;759;8,07
7439;754;7,57
7440;757;7,87
7441;755;7,67
7442;751;7,26
7444;760;8,17
7445;751;7,26
7446;758;7,97
7447;757;7,87
7449;753;7,47
7450;759;8,07
7451;755;7,67
7452;754;7,57
7454;757;7,87
7455;754;7,57
7456;755;7,67
7457;752;7,36
7459;753;7,47
7460;755;7,67
7461;751;7,26
7462;753;7,47
7464;751;7,26
7465;752;7,36
7467;755;7,67
7468;752;7,36
7470;751;7,26
7471;752;7,36
7472;749;7,06
7473;752;7,36
7474;750;7,16
7476;749;7,06
7477;755;7,67
7478;745;6,66
7479;752;7,36
7481;749;7,06
7482;750;7,16
7483;750;7,16
7484;747;6,86
7486;755;7,67
7487;747;6,86
7488;756;7,77
7489;748;6,96
7491;752;7,36
7492;752;7,36
7493;748;6,96
7494;756;7,77
7496;747;6,86
7497;756;7,77
7498;749;7,06
7499;755;7,67
7501;755;7,67
7502;751;7,26
7503;756;7,77
7504;749;7,06
7506;756;7,77
7507;751;7,26
7508;752;7,36
7510;754;7,57
7512;751;7,26
7513;757;7,87
7514;750;7,16
7515;755;7,67
7517;752;7,36
7518;754;7,57
7519;754;7,57
7520;752;7,36
7522;756;7,77
7523;751;7,26
7524;757;7,87
7525;753;7,47
7527;755;7,67
7528;751;7,26
7529;752;7,36
7530;757;7,87
7532;754;7,57
7533;753;7,47
7534;752;7,36
7535;753;7,47
7536;753;7,47
7538;753;7,47
7539;753;7,47
7540;751;7,26
7541;754;7,57
7543;754;7,57
7544;753;7,47
7545;752;7,36
7546;751;7,26
7548;755;7,67
7549;754;7,57
7550;754;7,57
7552;753;7,47
7554;754;7,57
7555;752;7,36
7556;754;7,57
7557;754;7,57
7559;753;7,47
7560;755;7,67
7561;753;7,47
7562;754;7,57
7564;752;7,36
7565;754;7,57
7566;754;7,57
7567;750;7,16
7569;754;7,57
7570;756;7,77
7571;750;7,16
7572;752;7,36
7574;757;7,87
7575;753;7,47
7576;752;7,36
7577;757;7,87
7579;754;7,57
7580;752;7,36
7581;758;7,97
7582;756;7,77
7584;754;7,57
7585;756;7,77
7586;757;7,87
7587;757;7,87
7589;756;7,77
7590;757;7,87
7591;757;7,87
7592;758;7,97
7595;761;8,27
7596;758;7,97
7597;759;8,07
7598;758;7,97
7600;758;7,97
7601;755;7,67
7602;758;7,97
7603;756;7,77
7604;755;7,67
7606;756;7,77
7607;758;7,97
7608;758;7,97
7609;757;7,87
7611;757;7,87
7612;756;7,77
7613;756;7,77
7614;756;7,77
7616;758;7,97
7617;756;7,77
7618;754;7,57
7619;754;7,57
7621;757;7,87
7622;756;7,77
7623;752;7,36
7624;758;7,97
7626;757;7,87
7627;754;7,57
7628;754;7,57
7629;758;7,97
7631;756;7,77
7632;754;7,57
7633;756;7,77
7634;755;7,67
7636;752;7,36
7638;757;7,87
7639;756;7,77
7640;751;7,26
7642;757;7,87
7643;759;8,07
7644;752;7,36
7645;755;7,67
7647;760;8,17
7648;756;7,77
7649;751;7,26
7650;755;7,67
7652;759;8,07
7653;752;7,36
7654;753;7,47
7655;757;7,87
7657;756;7,77
7658;750;7,16
7659;749;7,06
7660;759;8,07
7662;752;7,36
7663;749;7,06
7664;755;7,67
7665;756;7,77
7667;751;7,26
7668;752;7,36
7669;755;7,67
7670;755;7,67
7671;751;7,26
7673;755;7,67
7674;753;7,47
7675;752;7,36
7676;753;7,47
7678;756;7,77
7680;754;7,57
7681;755;7,67
7682;754;7,57
7684;753;7,47
7685;753;7,47
7686;755;7,67
7687;756;7,77
7689;754;7,57
7690;756;7,77
7691;755;7,67
7692;754;7,57
7694;754;7,57
7695;756;7,77
7696;755;7,67
7697;753;7,47
7699;759;8,07
7700;756;7,77
7701;753;7,47
7702;755;7,67
7704;755;7,67
7705;754;7,57
7706;753;7,47
7707;755;7,67
7709;753;7,47
7710;754;7,57
7711;754;7,57
7712;755;7,67
7714;756;7,77
7715;753;7,47
7716;753;7,47
7717;755;7,67
7719;754;7,57
7720;754;7,57
7721;754;7,57
7723;754;7,57
7725;755;7,67
7726;755;7,67
7727;757;7,87
7728;757;7,87
7730;756;7,77
7731;756;7,77
7732;756;7,77
7733;756;7,77
7735;756;7,77
7736;758;7,97
7737;757;7,87
7738;757;7,87
7739;758;7,97
7741;757;7,87
7742;758;7,97
7743;759;8,07
7744;758;7,97
7746;762;8,37
7747;759;8,07
7748;757;7,87
7749;758;7,97
7751;757;7,87
7752;757;7,87
7753;757;7,87
7754;756;7,77
7756;757;7,87
7757;756;7,77
7758;758;7,97
7759;758;7,97
7761;759;8,07
7762;759;8,07
7763;759;8,07
7764;758;7,97
7767;758;7,97
7768;760;8,17
7769;758;7,97
7770;757;7,87
7772;756;7,77
7773;759;8,07
7774;756;7,77
7775;756;7,77
7777;755;7,67
7778;755;7,67
7779;756;7,77
7780;756;7,77
7782;754;7,57
7783;754;7,57
7784;754;7,57
7785;754;7,57
7787;754;7,57
7788;754;7,57
7789;753;7,47
7790;755;7,67
7792;756;7,77
7793;755;7,67
7794;755;7,67
7795;754;7,57
7797;756;7,77
7798;756;7,77
7799;756;7,77
7800;754;7,57
7801;754;7,57
7803;758;7,97
7804;756;7,77
7805;758;7,97
7806;758;7,97
7809;758;7,97
7810;757;7,87
7811;757;7,87
7812;757;7,87
7814;758;7,97
7815;758;7,97
7816;757;7,87
7817;758;7,97
7819;760;8,17
7820;757;7,87
7821;756;7,77
7822;760;8,17
7824;757;7,87
7825;755;7,67
7826;756;7,77
7827;757;7,87
7829;756;7,77
7830;756;7,77
7831;759;8,07
7832;757;7,87
7834;756;7,77
7835;755;7,67
7836;756;7,77
7837;756;7,77
7839;754;7,57
7840;754;7,57
7841;755;7,67
7842;755;7,67
7844;757;7,87
7845;755;7,67
7846;754;7,57
7847;755;7,67
7849;756;7,77
7851;761;8,27
7852;757;7,87
7853;755;7,67
7855;756;7,77
7856;756;7,77
7857;758;7,97
7858;758;7,97
7860;756;7,77
7861;756;7,77
7862;757;7,87
7863;759;8,07
7865;759;8,07
7866;754;7,57
7867;756;7,77
7868;758;7,97
7869;756;7,77
7871;756;7,77
7872;755;7,67
7873;756;7,77
7874;755;7,67
7876;756;7,77
7877;754;7,57
7878;754;7,57
7879;754;7,57
7881;755;7,67
7882;754;7,57
7883;752;7,36
7884;751;7,26
7886;753;7,47
7887;753;7,47
7888;753;7,47
7889;751;7,26
7891;751;7,26
7892;754;7,57
7894;753;7,47
7895;751;7,26
7897;750;7,16
7898;752;7,36
7899;755;7,67
7900;752;7,36
7902;755;7,67
7903;755;7,67
7904;753;7,47
7905;752;7,36
7907;754;7,57
7908;755;7,67
7909;754;7,57
7910;754;7,57
7912;757;7,87
7913;756;7,77
7914;756;7,77
7915;755;7,67
7917;759;8,07
7918;756;7,77
7919;758;7,97
7920;759;8,07
7922;758;7,97
7923;758;7,97
7924;758;7,97
7925;758;7,97
7927;758;7,97
7928;758;7,97
7929;759;8,07
7930;758;7,97
7931;758;7,97
7933;756;7,77
7934;757;7,87
7936;758;7,97
7937;757;7,87
7939;758;7,97
7940;756;7,77
7941;758;7,97
7942;757;7,87
7944;757;7,87
7945;755;7,67
7946;754;7,57
7947;756;7,77
7949;755;7,67
7950;754;7,57
7951;755;7,67
7952;755;7,67
7954;751;7,26
7955;756;7,77
7956;753;7,47
7957;753;7,47
7959;752;7,36
7960;753;7,47
7961;753;7,47
7962;751;7,26
7964;751;7,26
7965;751;7,26
7966;754;7,57
7967;753;7,47
7969;751;7,26
7970;756;7,77
7971;753;7,47
7972;752;7,36
7974;753;7,47
7975;753;7,47
7976;753;7,47
7977;754;7,57
7980;754;7,57
7981;754;7,57
7982;754;7,57
7983;755;7,67
7985;757;7,87
7986;755;7,67
7987;755;7,67
7988;755;7,67
7990;756;7,77
7991;757;7,87
7992;756;7,77
7993;756;7,77
7995;757;7,87
7996;756;7,77
7997;757;7,87
7998;758;7,97
7999;757;7,87
8001;756;7,77
8002;757;7,87
8003;759;8,07
8004;757;7,87
8006;756;7,77
8007;758;7,97
8008;756;7,77
8009;756;7,77
8011;758;7,97
8012;757;7,87
8013;756;7,77
8014;756;7,77
8016;756;7,77
8017;756;7,77
8018;756;7,77
8019;755;7,67
8022;756;7,77
8023;754;7,57
8024;755;7,67
8025;754;7,57
8027;756;7,77
8028;757;7,87
8029;757;7,87
8030;754;7,57
8032;755;7,67
8033;755;7,67
8034;754;7,57
8035;754;7,57
8037;755;7,67
8038;757;7,87
8039;756;7,77
8040;756;7,77
8042;755;7,67
8043;755;7,67
8044;756;7,77
8045;756;7,77
8047;754;7,57
8048;757;7,87
8049;754;7,57
8050;755;7,67
8052;756;7,77
8053;756;7,77
8054;755;7,67
8055;757;7,87
8057;755;7,67
8058;755;7,67
8059;758;7,97
8060;754;7,57
8061;755;7,67
8064;756;7,77
8065;755;7,67
8066;754;7,57
8067;756;7,77
8069;754;7,57
8070;755;7,67
8071;755;7,67
8072;756;7,77
8074;756;7,77
8075;755;7,67
8076;755;7,67
8077;756;7,77
8079;757;7,87
8080;756;7,77
8081;754;7,57
8082;756;7,77
8084;756;7,77
8085;756;7,77
8086;756;7,77
8087;756;7,77
8089;756;7,77
8090;754;7,57
8091;755;7,67
8092;756;7,77
8094;755;7,67
8095;756;7,77
8096;757;7,87
8097;754;7,57
8099;755;7,67
8100;754;7,57
8101;755;7,67
8102;754;7,57
8104;755;7,67
8105;757;7,87
8107;755;7,67
8108;755;7,67
8110;754;7,57
8111;755;7,67
8112;755;7,67
8113;757;7,87
8115;757;7,87
8116;757;7,87
8117;755;7,67
8118;755;7,67
8120;757;7,87
8121;755;7,67
8122;756;7,77
8123;755;7,67
8124;755;7,67
8126;756;7,77
8127;754;7,57
8128;754;7,57
8129;754;7,57
8131;755;7,67
8132;756;7,77
8133;752;7,36
8134;754;7,57
8136;755;7,67
8137;754;7,57
8138;756;7,77
8139;756;7,77
8141;753;7,47
8142;756;7,77
8143;753;7,47
8144;756;7,77
8146;755;7,67
8147;754;7,57
8148;753;7,47
8150;754;7,57
8152;754;7,57
8153;754;7,57
8154;754;7,57
8155;754;7,57
8157;755;7,67
8158;755;7,67
8159;756;7,77
8160;756;7,77
8162;755;7,67
8163;755;7,67
8164;758;7,97
8165;756;7,77
8167;756;7,77
8168;757;7,87
8169;756;7,77
8170;757;7,87
8172;758;7,97
8173;759;8,07
8174;758;7,97
8175;757;7,87
8177;758;7,97
8178;758;7,97
8179;758;7,97
8180;759;8,07
8182;757;7,87
8183;760;8,17
8184;757;7,87
8185;757;7,87
8187;759;8,07
8188;758;7,97
8189;757;7,87
8190;756;7,77
8192;758;7,97
8194;756;7,77
8195;756;7,77
8196;758;7,97
8197;757;7,87
8199;757;7,87
8200;757;7,87
8201;756;7,77
8202;755;7,67
8204;755;7,67
8205;755;7,67
8206;755;7,67
8207;756;7,77
8209;753;7,47
8210;753;7,47
8211;754;7,57
8212;755;7,67
8214;753;7,47
8215;753;7,47
8216;754;7,57
8217;754;7,57
8219;754;7,57
8220;755;7,67
8221;754;7,57
8222;754;7,57
8224;756;7,77
8225;753;7,47
8226;754;7,57
8227;754;7,57
8229;755;7,67
8230;754;7,57
8231;755;7,67
8232;754;7,57
8235;753;7,47
8236;754;7,57
8237;754;7,57
8238;753;7,47
8240;754;7,57
8241;754;7,57
8242;754;7,57
8243;756;7,77
8245;755;7,67
8246;755;7,67
8247;755;7,67
8248;755;7,67
8250;754;7,57
8251;756;7,77
8252;757;7,87
8253;754;7,57
8255;753;7,47
8256;755;7,67
8257;754;7,57
8258;756;7,77
8259;753;7,47
8261;754;7,57
8262;755;7,67
8263;753;7,47
8264;755;7,67
8266;753;7,47
8267;754;7,57
8268;756;7,77
8269;753;7,47
8271;755;7,67
8272;752;7,36
8273;753;7,47
8274;753;7,47
8276;753;7,47
8278;752;7,36
8279;752;7,36
8280;753;7,47
8282;753;7,47
8283;754;7,57
8284;753;7,47
8285;756;7,77
8287;753;7,47
8288;753;7,47
8289;753;7,47
8290;755;7,67
8292;754;7,57
8293;755;7,67
8294;755;7,67
8295;755;7,67
8297;753;7,47
8298;754;7,57
8299;753;7,47
8300;755;7,67
8302;755;7,67
8303;754;7,57
8304;754;7,57
8305;756;7,77
8307;754;7,57
8308;755;7,67
8309;753;7,47
8310;755;7,67
8312;753;7,47
8313;755;7,67
8314;755;7,67
8315;755;7,67
8317;753;7,47
8318;754;7,57
8320;754;7,57
8321;755;7,67
8322;754;7,57
8324;754;7,57
8325;755;7,67
8326;752;7,36
8327;754;7,57
8329;755;7,67
8330;755;7,67
8331;754;7,57
8332;753;7,47
8334;753;7,47
8335;754;7,57
8336;753;7,47
8337;754;7,57
8339;755;7,67
8340;753;7,47
8341;753;7,47
8342;756;7,77
8344;755;7,67
8345;754;7,57
8346;754;7,57
8347;753;7,47
8349;752;7,36
8350;753;7,47
8351;753;7,47
8352;753;7,47
8354;754;7,57
8355;752;7,36
8356;752;7,36
8357;753;7,47
8359;753;7,47
8360;753;7,47
8361;753;7,47
8363;754;7,57
8365;753;7,47
8366;752;7,36
8367;753;7,47
8368;755;7,67
8370;754;7,57
8371;754;7,57
8372;754;7,57
8373;755;7,67
8375;754;7,57
8376;752;7,36
8377;753;7,47
8378;752;7,36
8380;754;7,57
8381;753;7,47
8382;753;7,47
8383;753;7,47
8385;755;7,67
8386;753;7,47
8387;754;7,57
8388;754;7,57
8389;753;7,47
8391;754;7,57
8392;755;7,67
8393;753;7,47
8394;755;7,67
8396;753;7,47
8397;755;7,67
8398;754;7,57
8399;752;7,36
8401;751;7,26
8402;752;7,36
8403;754;7,57
8404;754;7,57
8407;753;7,47
8408;752;7,36
8409;754;7,57
8410;753;7,47
8412;753;7,47
8413;752;7,36
8414;751;7,26
8415;753;7,47
8417;753;7,47
8418;752;7,36
8419;753;7,47
8420;752;7,36
8422;753;7,47
8423;752;7,36
8424;752;7,36
8425;752;7,36
8427;754;7,57
8428;753;7,47
8429;755;7,67
8430;752;7,36
8432;754;7,57
8433;753;7,47
8434;755;7,67
8435;753;7,47
8437;753;7,47
8438;754;7,57
8439;753;7,47
8440;755;7,67
8442;755;7,67
8443;755;7,67
8444;756;7,77
8445;755;7,67
8448;756;7,77
8449;756;7,77
8450;755;7,67
8451;757;7,87
8453;757;7,87
8454;759;8,07
8455;756;7,77
8456;755;7,67
8457;755;7,67
8459;755;7,67
8460;755;7,67
8461;755;7,67
8462;755;7,67
8464;754;7,57
8465;755;7,67
8466;755;7,67
8467;754;7,57
8469;753;7,47
8470;754;7,57
8471;753;7,47
8472;754;7,57
8474;754;7,57
8475;755;7,67
8476;752;7,36
8477;757;7,87
8479;753;7,47
8480;755;7,67
8481;752;7,36
8482;752;7,36
8484;752;7,36
8485;752;7,36
8486;752;7,36
8487;754;7,57
8489;753;7,47
8491;752;7,36
8492;753;7,47
8493;751;7,26
8495;751;7,26
8496;752;7,36
8497;754;7,57
8498;753;7,47
8500;752;7,36
8501;753;7,47
8502;753;7,47
8503;753;7,47
8505;752;7,36
8506;752;7,36
8507;753;7,47
8508;752;7,36
8510;754;7,57
8511;752;7,36
8512;754;7,57
8513;752;7,36
8515;752;7,36
8516;753;7,47
8517;753;7,47
8518;753;7,47
8519;752;7,36
8521;752;7,36
8522;752;7,36
8523;753;7,47
8524;755;7,67
8526;753;7,47
8527;751;7,26
8528;753;7,47
8529;751;7,26
8531;752;7,36
8532;754;7,57
8534;752;7,36
8535;752;7,36
8537;752;7,36
8538;755;7,67
8539;752;7,36
8540;754;7,57
8542;752;7,36
8543;751;7,26
8544;754;7,57
8545;752;7,36
8547;752;7,36
8548;753;7,47
8549;753;7,47
8550;753;7,47
8552;752;7,36
8553;751;7,26
8554;752;7,36
8555;755;7,67
8557;754;7,57
8558;753;7,47
8559;752;7,36
8560;753;7,47
8562;756;7,77
8563;752;7,36
8564;753;7,47
8565;754;7,57
8567;754;7,57
8568;753;7,47
8569;754;7,57
8570;754;7,57
8572;754;7,57
8573;752;7,36
8574;754;7,57
8576;753;7,47
8578;754;7,57
8579;755;7,67
8580;753;7,47
8581;753;7,47
8583;756;7,77
8584;753;7,47
8585;752;7,36
8586;751;7,26
8587;752;7,36
8589;753;7,47
8590;752;7,36
8591;751;7,26
8592;751;7,26
8594;752;7,36
8595;751;7,26
8596;753;7,47
8597;752;7,36
8599;754;7,57
8600;754;7,57
8601;752;7,36
8602;752;7,36
8604;752;7,36
8605;752;7,36
8606;752;7,36
8607;752;7,36
8609;754;7,57
8610;754;7,57
8611;754;7,57
8612;755;7,67
8614;757;7,87
8615;755;7,67
8616;754;7,57
8617;757;7,87
8620;757;7,87
8621;757;7,87
8622;755;7,67
8623;756;7,77
8625;758;7,97
8626;756;7,77
8627;757;7,87
8628;758;7,97
8630;760;8,17
8631;757;7,87
8632;760;8,17
8633;758;7,97
8635;757;7,87
8636;758;7,97
8637;760;8,17
8638;758;7,97
8640;759;8,07
8641;757;7,87
8642;759;8,07
8643;758;7,97
8645;760;8,17
8646;758;7,97
8647;759;8,07
8648;758;7,97
8649;757;7,87
8651;757;7,87
8652;758;7,97
8653;757;7,87
8654;757;7,87
8656;756;7,77
8657;756;7,77
8658;756;7,77
8659;756;7,77
8662;754;7,57
8663;755;7,67
8664;754;7,57
8665;755;7,67
8667;754;7,57
8668;752;7,36
8669;755;7,67
8670;755;7,67
8672;753;7,47
8673;753;7,47
8674;754;7,57
8675;754;7,57
8677;755;7,67
8678;753;7,47
8679;754;7,57
8680;754;7,57
8682;754;7,57
8683;753;7,47
8684;753;7,47
8685;756;7,77
8687;757;7,87
8688;755;7,67
8689;755;7,67
8690;756;7,77
8692;756;7,77
8693;756;7,77
8694;757;7,87
8695;755;7,67
8697;756;7,77
8698;756;7,77
8699;757;7,87
8700;756;7,77
8702;755;7,67
8704;757;7,87
8705;756;7,77
8706;757;7,87
8708;757;7,87
8709;756;7,77
8710;757;7,87
8711;757;7,87
8713;758;7,97
8714;757;7,87
8715;756;7,77
8716;756;7,77
8717;757;7,87
8719;758;7,97
8720;758;7,97
8721;759;8,07
8722;758;7,97
8724;757;7,87
8725;758;7,97
8726;758;7,97
8727;758;7,97
8729;758;7,97
8730;758;7,97
8731;756;7,77
8732;757;7,87
8734;758;7,97
8735;758;7,97
8736;757;7,87
8737;757;7,87
8739;758;7,97
8740;760;8,17
8741;757;7,87
8742;757;7,87
8744;757;7,87
8745;759;8,07
8747;758;7,97
8748;757;7,87
8750;758;7,97
8751;758;7,97
8752;758;7,97
8753;758;7,97
8755;757;7,87
8756;757;7,87
8757;759;8,07
8758;758;7,97
8760;758;7,97
8761;756;7,77
8762;757;7,87
8763;758;7,97
8765;756;7,77
8766;757;7,87
8767;756;7,77
8768;756;7,77
8770;758;7,97
8771;755;7,67
8772;755;7,67
8773;754;7,57
8775;756;7,77
8776;755;7,67
8777;756;7,77
8778;756;7,77
8779;756;7,77
8781;758;7,97
8782;757;7,87
8783;756;7,77
8784;758;7,97
8786;755;7,67
8787;756;7,77
8788;756;7,77
8790;754;7,57
8792;757;7,87
8793;756;7,77
8794;757;7,87
8795;755;7,67
8797;754;7,57
8798;755;7,67
8799;754;7,57
8800;754;7,57
8802;756;7,77
8803;758;7,97
8804;755;7,67
8805;754;7,57
8807;754;7,57
8808;756;7,77
8809;756;7,77
8810;755;7,67
8812;755;7,67
8813;756;7,77
8814;755;7,67
8815;756;7,77
8817;755;7,67
8818;755;7,67
8819;755;7,67
8820;758;7,97
8822;755;7,67
8823;754;7,57
9228;831;15,32
9229;831;15,32
9230;834;15,62
9232;833;15,52
9233;833;15,52
9234;833;15,52
9236;834;15,62
9237;831;15,32
9238;839;16,12
9239;834;15,62
9241;834;15,62
9242;831;15,32
9243;831;15,32
9245;831;15,32
9246;829;15,12
9247;829;15,12
9249;826;14,81
9250;828;15,02
9251;828;15,02
9253;832;15,42
9254;829;15,12
9255;828;15,02
9257;824;14,61
9259;826;14,81
9260;825;14,71
9262;828;15,02
9263;828;15,02
9264;824;14,61
9266;826;14,81
9267;827;14,91
9268;826;14,81
9270;825;14,71
9271;825;14,71
9272;828;15,02
9274;825;14,71
9275;827;14,91
9276;825;14,71
9278;831;15,32
9279;828;15,02
9280;827;14,91
9282;834;15,62
9283;824;14,61
9284;824;14,61
9286;819;14,11
9287;822;14,41
9288;825;14,71
9290;826;14,81
9291;823;14,51
9292;819;14,11
9294;819;14,11
9295;819;14,11
9296;825;14,71
9298;821;14,31
9299;820;14,21
9300;818;14,01
9303;818;14,01
9304;818;14,01
9305;817;13,91
9307;819;14,11
9308;816;13,81
9309;813;13,51
9311;814;13,61
9312;814;13,61
9313;806;12,80
9315;814;13,61
9316;810;13,20
9317;810;13,20
9319;815;13,71
9320;807;12,90
9321;806;12,80
9323;810;13,20
9324;807;12,90
9325;808;13,00
9326;809;13,10
9328;811;13,30
9329;812;13,40
9330;808;13,00
9332;808;13,00
9333;813;13,51
9334;816;13,81
9336;808;13,00
9337;815;13,71
9338;808;13,00
9340;808;13,00
9341;808;13,00
9342;811;13,30
9345;811;13,30
9346;812;13,40
9347;811;13,30
9349;809;13,10
9350;808;13,00
9351;811;13,30
9353;813;13,51
9354;807;12,90
9355;807;12,90
9357;808;13,00
9358;803;12,50
9359;809;13,10
9361;807;12,90
9362;804;12,60
9363;807;12,90
9365;805;12,70
9366;809;13,10
9367;804;12,60
9369;804;12,60
9370;804;12,60
9371;805;12,70
9373;805;12,70
9374;802;12,40
9375;802;12,40
9377;801;12,30
9378;801;12,30
9379;796;11,79
9381;793;11,49
9382;793;11,49
9383;803;12,50
9385;803;12,50
9387;799;12,10
9388;798;12,00
9390;800;12,20
9391;792;11,39
9392;794;11,59
9394;800;12,20
9395;795;11,69
9396;800;12,20
9398;804;12,60
9399;801;12,30
9400;801;12,30
9402;806;12,80
9403;801;12,30
9404;803;12,50
9406;806;12,80
9407;805;12,70
9408;810;13,20
9410;802;12,40
9411;802;12,40
9412;805;12,70
9413;800;12,20
9415;804;12,60
9416;806;12,80
9417;800;12,20
9419;798;12,00
9420;795;11,69
9421;799;12,10
9423;797;11,89
9424;793;11,49
9425;790;11,19
9427;787;10,89
9428;785;10,69
9430;786;10,79
9432;785;10,69
9433;786;10,79
9434;785;10,69
9436;786;10,79
9437;785;10,69
9438;791;11,29
9440;787;10,89
9441;788;10,99
9442;789;11,09
9444;788;10,99
9445;787;10,89
9446;792;11,39
9448;793;11,49
9449;795;11,69
9450;792;11,39
9452;791;11,29
9453;793;11,49
9454;793;11,49
9456;793;11,49
9457;791;11,29
9458;793;11,49
9460;792;11,39
9461;795;11,69
9462;790;11,19
9464;792;11,39
9465;793;11,49
9466;797;11,89
9468;794;11,59
9469;794;11,59
9470;794;11,59
9473;792;11,39
9474;793;11,49
9475;798;12,00
9477;796;11,79
9478;795;11,69
9479;793;11,49
9481;793;11,49
9482;795;11,69
9483;792;11,39
9485;790;11,19
9486;790;11,19
9487;789;11,09
9489;788;10,99
9490;794;11,59
9491;793;11,49
9493;788;10,99
9494;789;11,09
9495;788;10,99
9497;786;10,79
9498;784;10,59
9499;789;11,09
9500;789;11,09
9502;786;10,79
9503;790;11,19
9504;787;10,89
9506;787;10,89
9507;789;11,09
9508;785;10,69
9510;783;10,49
9511;789;11,09
9512;785;10,69
9515;784;10,59
9516;784;10,59
9517;783;10,49
9519;785;10,69
9520;785;10,69
9521;783;10,49
9523;787;10,89
9524;789;11,09
9525;784;10,59
9527;789;11,09
9528;786;10,79
9529;786;10,79
9531;789;11,09
9532;787;10,89
9533;787;10,89
9535;791;11,29
9536;790;11,19
9537;790;11,19
9539;791;11,29
9540;792;11,39
9541;792;11,39
9543;791;11,29
9544;793;11,49
9545;791;11,29
9547;791;11,29
9548;794;11,59
9549;790;11,19
9551;789;11,09
9552;785;10,69
9553;784;10,59
9555;786;10,79
9556;783;10,49
9558;784;10,59
9560;783;10,49
9561;784;10,59
9562;784;10,59
9564;782;10,38
9565;780;10,18
9566;780;10,18
9568;781;10,28
9569;783;10,49
9570;782;10,38
9572;780;10,18
9573;782;10,38
9574;784;10,59
9576;783;10,49
9577;784;10,59
9578;784;10,59
9580;789;11,09
9581;784;10,59
9582;786;10,79
9584;786;10,79
9585;792;11,39
9586;789;11,09
9587;794;11,59
9589;797;11,89
9590;792;11,39
9591;790;11,19
9593;790;11,19
9594;789;11,09
9595;791;11,29
9597;790;11,19
9598;786;10,79
9600;786;10,79
9602;785;10,69
9603;785;10,69
9604;787;10,89
9606;786;10,79
9607;785;10,69
9608;783;10,49
9610;786;10,79
9611;781;10,28
9612;780;10,18
9614;782;10,38
9615;786;10,79
9616;784;10,59
9618;784;10,59
9619;785;10,69
9620;780;10,18
9622;780;10,18
9623;782;10,38
9624;783;10,49
9626;785;10,69
9627;785;10,69
9628;786;10,79
9630;787;10,89
9631;790;11,19
9632;789;11,09
9634;793;11,49
9635;792;11,39
9636;791;11,29
9638;792;11,39
9639;791;11,29
9640;791;11,29
9643;794;11,59
9644;792;11,39
9645;792;11,39
9647;789;11,09
9648;787;10,89
9649;786;10,79
9651;791;11,29
9652;786;10,79
9653;786;10,79
9655;785;10,69
9656;783;10,49
9657;785;10,69
9659;784;10,59
9660;785;10,69
9661;783;10,49
9663;786;10,79
9664;785;10,69
9665;784;10,59
9667;790;11,19
9668;789;11,09
9669;786;10,79
9671;787;10,89
9672;786;10,79
9673;785;10,69
9674;786;10,79
9676;787;10,89
9677;788;10,99
9678;791;11,29
9680;787;10,89
9681;787;10,89
9682;785;10,69
9684;783;10,49
9686;786;10,79
9687;787;10,89
9689;784;10,59
9690;784;10,59
9691;781;10,28
9693;779;10,08
9694;779;10,08
9695;779;10,08
9697;781;10,28
9698;783;10,49
9699;781;10,28
9701;781;10,28
9702;778;9,98
9703;779;10,08
9705;782;10,38
9706;784;10,59
9707;781;10,28
9709;784;10,59
9710;782;10,38
9711;780;10,18
9713;783;10,49
9714;783;10,49
9715;782;10,38
9717;782;10,38
9718;781;10,28
9719;784;10,59
9721;784;10,59
9722;786;10,79
9723;786;10,79
9725;789;11,09
9726;786;10,79
9728;791;11,29
9730;787;10,89
9731;789;11,09
9732;787;10,89
9734;786;10,79
9735;788;10,99
9736;785;10,69
9737;785;10,69
9739;784;10,59
9740;783;10,49
9741;784;10,59
9743;782;10,38
9744;781;10,28
9745;777;9,88
9747;774;9,58
9748;773;9,48
9749;777;9,88
9750;772;9,38
9752;772;9,38
9753;774;9,58
9754;773;9,48
9755;773;9,48
9757;770;9,18
9758;769;9,08
9759;775;9,68
9760;775;9,68
9762;773;9,48
9763;777;9,88
9764;775;9,68
9765;769;9,08
9767;769;9,08
9768;773;9,48
9769;772;9,38
9771;772;9,38
9773;772;9,38
9774;772;9,38
9775;776;9,78
9776;774;9,58
9778;773;9,48
9779;771;9,28
9780;774;9,58
9781;772;9,38
9783;774;9,58
9784;772;9,38
9785;773;9,48
9786;769;9,08
9788;770;9,18
9789;769;9,08
9790;770;9,18
9791;772;9,38
9793;767;8,87
9794;767;8,87
9795;770;9,18
9796;768;8,98
9798;764;8,57
9799;772;9,38
9800;768;8,98
9801;765;8,67
9802;764;8,57
9804;765;8,67
9805;768;8,98
9806;765;8,67
9807;763;8,47
9809;764;8,57
9810;770;9,18
9811;769;9,08
9812;764;8,57
9815;766;8,77
9816;764;8,57
9817;767;8,87
9818;768;8,98
9820;771;9,28
9821;767;8,87
9822;771;9,28
9823;764;8,57
9825;765;8,67
9826;767;8,87
9827;765;8,67
9828;764;8,57
9830;763;8,47
9831;764;8,57
9832;764;8,57
9833;760;8,17
9835;766;8,77
9836;767;8,87
9837;763;8,47
9838;763;8,47
9840;761;8,27
9841;762;8,37
9842;760;8,17
9843;761;8,27
9845;762;8,37
9846;762;8,37
9847;761;8,27
9848;761;8,27
9850;762;8,37
9851;763;8,47
9852;766;8,77
9853;767;8,87
9856;765;8,67
9857;763;8,47
9858;761;8,27
9859;763;8,47
9861;760;8,17
9862;762;8,37
9863;763;8,47
9864;761;8,27
9865;763;8,47
9867;761;8,27
9868;763;8,47
9869;761;8,27
9870;760;8,17
9872;759;8,07
9873;762;8,37
9874;761;8,27
9875;763;8,47
9877;761;8,27
9878;762;8,37
9879;760;8,17
9880;760;8,17
9882;761;8,27
9883;759;8,07
9884;763;8,47
9885;760;8,17
9887;763;8,47
9888;763;8,47
9889;762;8,37
9890;762;8,37
9892;760;8,17
9893;764;8,57
9894;763;8,47
9895;761;8,27
9897;764;8,57
9899;762;8,37
9900;761;8,27
9901;764;8,57
9903;763;8,47
9904;763;8,47
9905;761;8,27
9906;764;8,57
9908;764;8,57
9909;762;8,37
9910;761;8,27
9911;763;8,47
9913;761;8,27
9914;763;8,47
9915;765;8,67
9916;763;8,47
9918;762;8,37
9919;763;8,47
9920;764;8,57
9921;762;8,37
9923;763;8,47
9924;766;8,77
9925;766;8,77
9926;762;8,37
9928;763;8,47
9929;763;8,47
9930;764;8,57
9931;762;8,37
9932;763;8,47
9934;761;8,27
9935;763;8,47
9936;763;8,47
9937;766;8,77
9939;761;8,27
9940;764;8,57
9942;762;8,37
9943;762;8,37
9945;762;8,37
9946;764;8,57
9947;764;8,57
9948;765;8,67
9950;766;8,77
9951;767;8,87
9952;765;8,67
9953;764;8,57
9955;765;8,67
9956;769;9,08
9957;768;8,98
9958;767;8,87
9960;769;9,08
9961;769;9,08
9962;768;8,98
9963;769;9,08
9965;769;9,08
9966;771;9,28
9967;771;9,28
9968;771;9,28
9970;773;9,48
9971;774;9,58
9972;774;9,58
9973;772;9,38
9975;771;9,28
9976;772;9,38
9977;772;9,38
9978;775;9,68
9980;774;9,58
9981;776;9,78
9982;772;9,38
9984;772;9,38
9986;773;9,48
9987;774;9,58
9988;776;9,78
9989;774;9,58
9991;772;9,38
9992;773;9,48
9993;774;9,58
9994;773;9,48
9996;770;9,18
9997;772;9,38
9998;774;9,58
9999;773;9,48
10000;772;9,38
10002;770;9,18
10003;770;9,18
10004;772;9,38
10006;769;9,08
10007;767;8,87
10008;771;9,28
10010;767;8,87
10011;770;9,18
10012;769;9,08
10014;767;8,87
10015;767;8,87
10016;769;9,08
10018;767;8,87
10019;769;9,08
10020;769;9,08
10022;769;9,08
10023;767;8,87
10024;770;9,18
10027;770;9,18
10028;769;9,08
10029;775;9,68
10031;770;9,18
10032;773;9,48
10033;770;9,18
10035;772;9,38
10036;772;9,38
10037;772;9,38
10039;773;9,48
10040;774;9,58
10041;773;9,48
10043;774;9,58
10044;775;9,68
10045;774;9,58
10047;775;9,68
10048;774;9,58
10049;775;9,68
10051;774;9,58
10052;774;9,58
10053;777;9,88
10055;775;9,68
10056;774;9,58
10057;774;9,58
10059;774;9,58
10060;773;9,48
10061;775;9,68
10063;774;9,58
10064;773;9,48
10065;770;9,18
10067;772;9,38
10068;773;9,48
10070;771;9,28
10072;769;9,08
10073;770;9,18
10074;768;8,98
10076;770;9,18
10077;767;8,87
10078;771;9,28
10080;769;9,08
10081;769;9,08
10082;767;8,87
10084;767;8,87
10085;771;9,28
10086;767;8,87
10087;765;8,67
10089;766;8,77
10090;767;8,87
10091;768;8,98
10093;767;8,87
10094;767;8,87
10095;767;8,87
10097;769;9,08
10098;770;9,18
10099;768;8,98
10101;767;8,87
10102;771;9,28
10103;769;9,08
10105;771;9,28
10106;768;8,98
10107;768;8,98
10109;770;9,18
10110;769;9,08
10112;770;9,18
10114;769;9,08
10115;767;8,87
10116;770;9,18
10118;769;9,08
10119;769;9,08
10120;769;9,08
10122;767;8,87
10123;770;9,18
10124;768;8,98
10126;767;8,87
10127;770;9,18
10128;767;8,87
10130;767;8,87
10131;766;8,77
10132;767;8,87
10134;765;8,67
10135;765;8,67
10136;766;8,77
10138;766;8,77
10139;764;8,57
10140;767;8,87
10142;764;8,57
10143;763;8,47
10144;764;8,57
10146;763;8,47
10147;765;8,67
10148;762;8,37
10150;763;8,47
10151;763;8,47
10152;763;8,47
10155;764;8,57
10156;763;8,47
10157;762;8,37
10159;764;8,57
10160;765;8,67
10161;764;8,57
10163;763;8,47
10164;765;8,67
10165;763;8,47
10167;762;8,37
10168;764;8,57
10169;764;8,57
10171;766;8,77
10172;764;8,57
10173;765;8,67
10174;764;8,57
10176;765;8,67
10177;764;8,57
10178;765;8,67
10180;765;8,67
10181;764;8,57
10182;762;8,37
10184;767;8,87
10185;763;8,47
10186;762;8,37
10188;763;8,47
10189;762;8,37
10190;764;8,57
10192;763;8,47
10193;761;8,27
10194;761;8,27
10196;765;8,67
10198;759;8,07
10199;762;8,37
10201;759;8,07
10202;760;8,17
10203;762;8,37
10205;761;8,27
10206;759;8,07
10207;759;8,07
10209;760;8,17
10210;759;8,07
10211;761;8,27
10213;759;8,07
10214;761;8,27
10215;762;8,37
10217;760;8,17
10218;760;8,17
10219;759;8,07
10221;761;8,27
10222;759;8,07
10223;761;8,27
10225;762;8,37
10226;760;8,17
10227;760;8,17
10229;761;8,27
10230;759;8,07
10231;761;8,27
10233;761;8,27
10234;760;8,17
10235;760;8,17
10237;760;8,17
10238;759;8,07
10240;762;8,37
10242;763;8,47
10243;761;8,27
10244;762;8,37
10246;765;8,67
10247;760;8,17
10248;760;8,17
10250;761;8,27
10251;762;8,37
10252;766;8,77
10254;761;8,27
10255;759;8,07
10256;762;8,37
10258;762;8,37
10259;760;8,17
10260;764;8,57
10261;759;8,07
10263;760;8,17
10264;759;8,07
10265;761;8,27
10267;757;7,87
10268;758;7,97
10269;760;8,17
10271;759;8,07
10272;758;7,97
10273;756;7,77
10275;757;7,87
10276;758;7,97
10277;757;7,87
10279;757;7,87
10280;759;8,07
10281;758;7,97
10284;758;7,97
10285;760;8,17
10286;759;8,07
10288;758;7,97
10289;759;8,07
10290;757;7,87
10292;760;8,17
10293;757;7,87
10294;762;8,37
10296;759;8,07
10297;758;7,97
10298;760;8,17
10300;758;7,97
10301;759;8,07
10302;761;8,27
10304;761;8,27
10305;760;8,17
10306;762;8,37
10308;765;8,67
10309;761;8,27
10310;760;8,17
10312;759;8,07
10313;764;8,57
10314;763;8,47
10316;759;8,07
10317;758;7,97
10318;759;8,07
10320;758;7,97
10321;761;8,27
10322;760;8,17
10324;758;7,97
10326;759;8,07
10327;758;7,97
10329;758;7,97
10330;757;7,87
10331;757;7,87
10333;757;7,87
10334;757;7,87
10335;756;7,77
10337;758;7,97
10338;755;7,67
10339;757;7,87
10341;755;7,67
10342;756;7,77
10343;759;8,07
10345;756;7,77
10346;758;7,97
10347;757;7,87
10348;755;7,67
10350;754;7,57
10351;756;7,77
10352;754;7,57
10354;754;7,57
10355;755;7,67
10356;755;7,67
10358;753;7,47
10359;755;7,67
10360;753;7,47
10362;753;7,47
10363;760;8,17
10364;755;7,67
10366;754;7,57
10368;755;7,67
10369;755;7,67
10371;756;7,77
10372;754;7,57
10373;753;7,47
10375;753;7,47
10376;756;7,77
10377;755;7,67
10379;756;7,77
10380;757;7,87
10381;755;7,67
10383;754;7,57
10384;755;7,67
10385;755;7,67
10387;755;7,67
10388;755;7,67
10389;753;7,47
10391;754;7,57
10392;754;7,57
10393;754;7,57
10395;755;7,67
10396;754;7,57
10397;754;7,57
10399;756;7,77
10400;756;7,77
10401;754;7,57
10403;753;7,47
10404;752;7,36
10405;753;7,47
10407;754;7,57
10408;755;7,67
10409;753;7,47
10412;753;7,47
10413;754;7,57
10414;755;7,67
10416;756;7,77
10417;756;7,77
10418;753;7,47
10420;756;7,77
10421;755;7,67
10422;752;7,36
10424;753;7,47
10425;756;7,77
10426;754;7,57
10428;753;7,47
10429;754;7,57
10430;755;7,67
10432;755;7,67
10433;755;7,67
10434;755;7,67
10435;755;7,67
10437;753;7,47
10438;757;7,87
10439;756;7,77
10441;754;7,57
10442;753;7,47
10443;754;7,57
10445;753;7,47
10446;753;7,47
10447;753;7,47
10449;753;7,47
10450;753;7,47
10451;755;7,67
10454;752;7,36
10455;756;7,77
10456;758;7,97
10458;752;7,36
10459;755;7,67
10460;753;7,47
10462;756;7,77
10463;754;7,57
10464;754;7,57
10466;757;7,87
10467;754;7,57
10468;755;7,67
10470;754;7,57
10471;754;7,57
10472;755;7,67
10474;755;7,67
10475;755;7,67
10476;755;7,67
10478;754;7,57
10479;753;7,47
10480;754;7,57
10482;755;7,67
10483;753;7,47
10484;754;7,57
10486;754;7,57
10487;755;7,67
10488;753;7,47
10490;754;7,57
10491;754;7,57
10492;756;7,77
10494;754;7,57
10496;755;7,67
10497;754;7,57
10499;759;8,07
10500;756;7,77
10501;755;7,67
10503;760;8,17
10504;756;7,77
10505;757;7,87
10507;758;7,97
10508;755;7,67
10509;756;7,77
10511;754;7,57
10512;756;7,77
10513;755;7,67
10515;759;8,07
10516;755;7,67
10517;757;7,87
10519;760;8,17
10520;754;7,57
10521;756;7,77
10522;757;7,87
10524;755;7,67
10525;754;7,57
10526;756;7,77
10528;753;7,47
10529;755;7,67
10530;755;7,67
10532;754;7,57
10533;754;7,57
10534;755;7,67
10536;753;7,47
10537;754;7,57
10539;753;7,47
10541;754;7,57
10542;754;7,57
10543;754;7,57
10545;753;7,47
10546;753;7,47
10547;757;7,87
10549;753;7,47
10550;754;7,57
10551;755;7,67
10553;756;7,77
10554;759;8,07
10555;754;7,57
10557;753;7,47
10558;756;7,77
10559;759;8,07
10561;758;7,97
10562;756;7,77
10563;755;7,67
10565;754;7,57
10566;755;7,67
10567;757;7,87
10569;758;7,97
10570;755;7,67
10571;755;7,67
10573;755;7,67
10574;755;7,67
10575;755;7,67
10577;758;7,97
10578;756;7,77
10579;756;7,77
10582;755;7,67
10583;755;7,67
10584;756;7,77
10586;757;7,87
10587;757;7,87
10588;758;7,97
10590;756;7,77
10591;754;7,57
10592;753;7,47
10594;753;7,47
10595;753;7,47
10596;755;7,67
10598;754;7,57
10599;753;7,47
10600;752;7,36
10602;751;7,26
10603;757;7,87
10604;756;7,77
10606;753;7,47
10607;757;7,87
10608;752;7,36
10609;756;7,77
10611;751;7,26
10612;750;7,16
10613;753;7,47
10615;753;7,47
10616;751;7,26
10617;752;7,36
10619;751;7,26
10620;753;7,47
10621;752;7,36
10624;753;7,47
10625;752;7,36
10626;751;7,26
10628;751;7,26
10629;752;7,36
10630;753;7,47
10632;751;7,26
10633;751;7,26
10634;753;7,47
10636;758;7,97
10637;755;7,67
10638;752;7,36
10640;754;7,57
10641;758;7,97
10642;756;7,77
10644;757;7,87
10645;758;7,97
10646;752;7,36
10648;753;7,47
10649;753;7,47
10650;753;7,47
10652;752;7,36
10653;754;7,57
10654;757;7,87
10656;755;7,67
10657;752;7,36
10658;753;7,47
10660;752;7,36
10661;752;7,36
10662;752;7,36
10664;754;7,57
10665;753;7,47
10667;753;7,47
10669;752;7,36
10670;752;7,36
10671;753;7,47
10673;753;7,47
10674;753;7,47
10675;753;7,47
10677;754;7,57
10678;757;7,87
10679;753;7,47
10681;751;7,26
10682;751;7,26
10683;751;7,26
10685;753;7,47
10686;756;7,77
10687;753;7,47
10689;753;7,47
10690;755;7,67
10691;754;7,57
10693;751;7,26
10694;751;7,26
10695;751;7,26
10696;750;7,16
10698;752;7,36
10699;753;7,47
10700;752;7,36
10702;752;7,36
10703;755;7,67
10704;756;7,77
10706;755;7,67
10707;756;7,77
10708;755;7,67
10711;755;7,67
10712;754;7,57
10713;755;7,67
10715;756;7,77
10716;759;8,07
10717;756;7,77
10719;759;8,07
10720;759;8,07
10721;756;7,77
10723;759;8,07
10724;757;7,87
10725;757;7,87
10727;757;7,87
10728;756;7,77
10729;758;7,97
10731;758;7,97
10732;759;8,07
10733;756;7,77
10735;759;8,07
10736;756;7,77
10737;761;8,27
10739;755;7,67
10740;757;7,87
10741;755;7,67
10743;756;7,77
10744;755;7,67
10745;754;7,57
10747;756;7,77
10748;756;7,77
10749;755;7,67
10752;758;7,97
10753;757;7,87
10754;754;7,57
10756;755;7,67
10757;756;7,77
10758;755;7,67
10760;758;7,97
10761;755;7,67
10762;755;7,67
10764;756;7,77
10765;755;7,67
10766;757;7,87
10768;757;7,87
10769;755;7,67
10770;754;7,57
10772;760;8,17
10773;758;7,97
10774;757;7,87
10776;759;8,07
10777;757;7,87
10778;756;7,77
10780;756;7,77
10781;756;7,77
10782;759;8,07
10783;757;7,87
10785;761;8,27
10786;761;8,27
10787;757;7,87
10789;757;7,87
10790;758;7,97
10791;762;8,37
10793;758;7,97
10795;757;7,87
10796;758;7,97
10798;756;7,77
10799;757;7,87
10800;758;7,97
10802;758;7,97
10803;757;7,87
10804;757;7,87
10806;756;7,77
10807;759;8,07
10808;760;8,17
10810;757;7,87
10811;758;7,97
10812;758;7,97
10814;755;7,67
10815;759;8,07
10816;755;7,67
10818;753;7,47
10819;756;7,77
10820;758;7,97
10822;754;7,57
10823;757;7,87
10824;754;7,57
10826;753;7,47
10827;754;7,57
10828;757;7,87
10830;753;7,47
10831;754;7,57
10832;753;7,47
10834;753;7,47
10835;752;7,36
10836;756;7,77
10839;755;7,67
10840;753;7,47
10841;757;7,87
10843;754;7,57
10844;753;7,47
10845;754;7,57
10847;756;7,77
10848;756;7,77
10849;753;7,47
10851;753;7,47
10852;757;7,87
10853;759;8,07
10855;755;7,67
10856;759;8,07
10857;759;8,07
10859;755;7,67
10860;754;7,57
10861;755;7,67
10863;755;7,67
10864;760;8,17
10865;757;7,87
10867;757;7,87
10868;756;7,77
10869;754;7,57
10870;753;7,47
10872;755;7,67
10873;756;7,77
10874;757;7,87
10876;759;8,07
10877;759;8,07
10878;757;7,87
10881;756;7,77
10882;756;7,77
10883;754;7,57
10885;753;7,47
10886;757;7,87
10887;754;7,57
10889;754;7,57
10890;756;7,77
10891;755;7,67
10893;755;7,67
10894;752;7,36
10895;751;7,26
10897;752;7,36
10898;753;7,47
10899;754;7,57
10901;755;7,67
10902;753;7,47
10903;753;7,47
10905;752;7,36
10906;752;7,36
10907;754;7,57
10909;753;7,47
10910;755;7,67
10911;753;7,47
10913;754;7,57
10914;753;7,47
10915;754;7,57
10917;755;7,67
10918;751;7,26
10919;753;7,47
10921;752;7,36
10923;751;7,26
10924;753;7,47
10926;753;7,47
10927;757;7,87
10928;755;7,67
10930;755;7,67
10931;752;7,36
10932;753;7,47
10934;751;7,26
10935;753;7,47
10936;755;7,67
10938;752;7,36
10939;755;7,67
10940;754;7,57
10942;757;7,87
10943;755;7,67
10944;755;7,67
10946;754;7,57
10947;753;7,47
10948;753;7,47
10950;752;7,36
10951;753;7,47
10952;753;7,47
10954;754;7,57
10955;756;7,77
10956;755;7,67
10957;752;7,36
10959;752;7,36
10960;753;7,47
10961;752;7,36
10963;754;7,57
10964;752;7,36
10966;755;7,67
10968;752;7,36
10969;753;7,47
10970;752;7,36
10972;757;7,87
10973;755;7,67
10974;757;7,87
10976;755;7,67
10977;753;7,47
10978;756;7,77
10980;752;7,36
10981;752;7,36
10982;751;7,26
10984;752;7,36
10985;755;7,67
10986;758;7,97
10988;754;7,57
10989;753;7,47
10990;754;7,57
10992;754;7,57
10993;754;7,57
10994;752;7,36
10996;752;7,36
10997;753;7,47
10998;752;7,36
11000;756;7,77
11001;751;7,26
11002;753;7,47
11004;756;7,77
11005;755;7,67
11006;753;7,47
11009;753;7,47
11010;754;7,57
11011;751;7,26
11013;754;7,57
11014;752;7,36
11015;753;7,47
11017;752;7,36
11018;753;7,47
11019;756;7,77
11021;752;7,36
11022;753;7,47
11023;754;7,57
11025;751;7,26
11026;753;7,47
11027;751;7,26
11029;749;7,06
11030;751;7,26
11031;752;7,36
11033;753;7,47
11034;749;7,06
11035;753;7,47
11037;752;7,36
11038;751;7,26
11039;754;7,57
11041;752;7,36
11042;750;7,16
11043;749;7,06
11044;749;7,06
11046;749;7,06
11047;749;7,06
11048;749;7,06
11051;752;7,36
11052;748;6,96
11053;749;7,06
11055;749;7,06
11056;749;7,06
11057;752;7,36
11059;747;6,86
11060;749;7,06
11061;749;7,06
11063;747;6,86
11064;750;7,16
11065;747;6,86
11067;748;6,96
11068;748;6,96
11069;751;7,26
11071;750;7,16
11072;749;7,06
11073;748;6,96
11075;748;6,96
11076;749;7,06
11077;749;7,06
11079;749;7,06
11080;748;6,96
11081;749;7,06
11083;751;7,26
11084;748;6,96
11085;753;7,47
11087;748;6,96
11088;749;7,06
11089;753;7,47
11091;754;7,57
11092;750;7,16
11094;749;7,06
11096;750;7,16
11097;753;7,47
11098;752;7,36
11100;749;7,06
11101;752;7,36
11102;749;7,06
11104;749;7,06
11105;750;7,16
11106;749;7,06
11108;751;7,26
11109;749;7,06
11110;751;7,26
11112;751;7,26
11113;754;7,57
11114;750;7,16
11116;750;7,16
11117;750;7,16
11118;754;7,57
11120;750;7,16
11121;749;7,06
11122;750;7,16
11124;752;7,36
11125;751;7,26
11126;753;7,47
11128;755;7,67
11129;749;7,06
11130;753;7,47
11131;749;7,06
11133;758;7,97
11134;749;7,06
11136;753;7,47
11138;749;7,06
11139;756;7,77
11140;749;7,06
11142;751;7,26
11143;756;7,77
11144;749;7,06
11146;752;7,36
11147;749;7,06
11148;753;7,47
11150;749;7,06
11151;757;7,87
11152;750;7,16
11154;751;7,26
11155;751;7,26
11156;752;7,36
11158;756;7,77
11159;750;7,16
11160;752;7,36
11162;751;7,26
11163;756;7,77
11164;748;6,96
11166;754;7,57
11167;751;7,26
11168;755;7,67
11170;750;7,16
11171;753;7,47
11172;751;7,26
11174;752;7,36
11175;751;7,26
11176;754;7,57
11179;756;7,77
11180;751;7,26
11181;754;7,57
11183;754;7,57
11184;760;8,17
11185;752;7,36
11187;757;7,87
11188;755;7,67
11189;753;7,47
11191;756;7,77
11192;754;7,57
11193;754;7,57
11195;756;7,77
11196;757;7,87
11197;755;7,67
11199;761;8,27
11200;753;7,47
11201;756;7,77
11203;753;7,47
11204;755;7,67
11205;756;7,77
11207;752;7,36
11208;754;7,57
11209;755;7,67
11211;752;7,36
11212;753;7,47
11213;754;7,57
11215;754;7,57
11216;746;6,76
11217;750;7,16
11218;754;7,57
11220;751;7,26
11222;748;6,96
11223;749;7,06
11225;754;7,57
11226;749;7,06
11227;746;6,76
11229;754;7,57
11230;753;7,47
11231;753;7,47
11233;747;6,86
11234;752;7,36
11235;753;7,47
11237;753;7,47
11238;749;7,06
11239;752;7,36
11241;754;7,57
11242;751;7,26
11243;750;7,16
11245;753;7,47
11246;755;7,67
11247;751;7,26
11249;753;7,47
11250;751;7,26
11251;755;7,67
11253;752;7,36
11254;752;7,36
11255;752;7,36
11257;753;7,47
11258;751;7,26
11259;749;7,06
11261;752;7,36
11262;753;7,47
11264;752;7,36
11266;748;6,96
11267;752;7,36
11268;753;7,47
11270;752;7,36
11271;750;7,16
11272;751;7,26
11274;750;7,16
11275;748;6,96
11276;749;7,06
11278;752;7,36
11279;751;7,26
11280;752;7,36
11282;748;6,96
11283;750;7,16
11284;751;7,26
11286;754;7,57
11287;750;7,16
11288;754;7,57
11290;751;7,26
11291;750;7,16
11292;751;7,26
11294;754;7,57
11295;750;7,16
11296;752;7,36
11298;751;7,26
11299;753;7,47
11300;752;7,36
11302;751;7,26
11303;751;7,26
11304;756;7,77
11305;751;7,26
11308;751;7,26
11309;752;7,36
11310;752;7,36
11312;751;7,26
11313;748;6,96
11314;749;7,06
11316;750;7,16
11317;748;6,96
11318;748;6,96
11320;749;7,06
11321;750;7,16
11322;749;7,06
11324;748;6,96
11325;748;6,96
11326;749;7,06
11328;747;6,86
11329;750;7,16
11330;752;7,36
11332;748;6,96
11333;747;6,86
11334;749;7,06
11336;748;6,96
11337;748;6,96
11338;747;6,86
11340;750;7,16
11341;750;7,16
11342;751;7,26
11344;748;6,96
11345;748;6,96
11346;750;7,16
11348;749;7,06
11350;748;6,96
11351;747;6,86
11353;749;7,06
11354;749;7,06
11355;748;6,96
11357;749;7,06
11358;750;7,16
11359;754;7,57
11361;749;7,06
11362;754;7,57
11363;748;6,96
11365;750;7,16
11366;751;7,26
11367;749;7,06
11369;752;7,36
11370;751;7,26
11371;752;7,36
11373;749;7,06
11374;749;7,06
11375;750;7,16
11377;749;7,06
11378;746;6,76
11379;752;7,36
11381;746;6,76
11382;751;7,26
11383;750;7,16
11385;750;7,16
11386;749;7,06
11387;746;6,76
11389;749;7,06
11390;749;7,06
11392;753;7,47
11393;747;6,86
11395;753;7,47
11396;750;7,16
11397;751;7,26
11399;754;7,57
11400;751;7,26
11401;751;7,26
11403;753;7,47
11404;753;7,47
11405;753;7,47
11407;753;7,47
11408;754;7,57
11409;754;7,57
11411;754;7,57
11412;756;7,77
11413;752;7,36
11415;753;7,47
11416;754;7,57
11417;752;7,36
11419;755;7,67
11420;752;7,36
11421;754;7,57
11423;751;7,26
11424;753;7,47
11425;751;7,26
11427;751;7,26
11428;752;7,36
11429;751;7,26
11431;748;6,96
11432;753;7,47
11433;748;6,96
11436;750;7,16
11437;749;7,06
11438;751;7,26
11440;749;7,06
11441;749;7,06
11442;749;7,06
11444;750;7,16
11445;749;7,06
11446;750;7,16
11448;752;7,36
11449;750;7,16
11450;751;7,26
11452;753;7,47
11453;754;7,57
11454;753;7,47
11456;754;7,57
11457;757;7,87
11458;754;7,57
11460;757;7,87
11461;759;8,07
11462;758;7,97
11464;753;7,47
11465;756;7,77
11466;758;7,97
11468;756;7,77
11469;761;8,27
11470;758;7,97
11472;756;7,77
11473;757;7,87
11474;756;7,77
11476;756;7,77
11478;755;7,67
11479;755;7,67
11480;757;7,87
11482;755;7,67
11483;752;7,36
11484;753;7,47
11486;754;7,57
11487;751;7,26
11488;749;7,06
11490;751;7,26
11491;749;7,06
11492;748;6,96
11494;750;7,16
11495;748;6,96
11496;749;7,06
11498;753;7,47
11499;749;7,06
11500;748;6,96
11502;750;7,16
11503;752;7,36
11504;749;7,06
11506;751;7,26
11507;751;7,26
11508;750;7,16
11510;753;7,47
11511;754;7,57
11512;756;7,77
11514;758;7,97
11515;754;7,57
11516;754;7,57
11518;758;7,97
11520;756;7,77
11521;762;8,37
11523;757;7,87
11524;756;7,77
11525;758;7,97
11527;756;7,77
11528;758;7,97
11529;754;7,57
11531;754;7,57
11532;752;7,36
11533;756;7,77
11535;754;7,57
11536;752;7,36
11537;754;7,57
11539;755;7,67
11540;752;7,36
11541;753;7,47
11543;754;7,57
11544;753;7,47
11545;753;7,47
11547;754;7,57
11548;752;7,36
11549;752;7,36
11551;751;7,26
11552;753;7,47
11553;753;7,47
11555;752;7,36
11556;753;7,47
11557;755;7,67
11559;755;7,67
11560;753;7,47
11561;753;7,47
11564;757;7,87
11565;755;7,67
11566;755;7,67
11567;757;7,87
11569;759;8,07
11570;759;8,07
11571;756;7,77
11573;755;7,67
11574;757;7,87
11575;755;7,67
11577;753;7,47
11578;755;7,67
11579;758;7,97
11581;756;7,77
11582;755;7,67
11583;756;7,77
11585;756;7,77
11586;755;7,67
11587;755;7,67
11589;754;7,57
11590;754;7,57
11591;755;7,67
11593;752;7,36
11594;753;7,47
11595;756;7,77
11597;753;7,47
11598;754;7,57
11599;754;7,57
11601;754;7,57
11602;753;7,47
11603;757;7,87
11606;753;7,47
11607;754;7,57
11608;753;7,47
11610;755;7,67
11611;756;7,77
11612;754;7,57
11614;754;7,57
11615;754;7,57
11616;754;7,57
11618;754;7,57
11619;754;7,57
11620;756;7,77
11622;754;7,57
11623;755;7,67
11624;754;7,57
11626;755;7,67
11627;756;7,77
11628;759;8,07
11630;758;7,97
11631;756;7,77
11632;760;8,17
11634;757;7,87
11635;758;7,97
11636;758;7,97
11638;757;7,87
11639;758;7,97
11640;757;7,87
11642;756;7,77
11643;756;7,77
11644;759;8,07
11646;757;7,87
11648;756;7,77
11649;756;7,77
11651;756;7,77
11652;758;7,97
11653;755;7,67
11654;754;7,57
11656;755;7,67
11657;756;7,77
11658;756;7,77
11660;756;7,77
11661;757;7,87
11662;756;7,77
11664;757;7,87
11665;753;7,47
11666;754;7,57
11668;754;7,57
11669;755;7,67
11670;755;7,67
11672;753;7,47
11673;755;7,67
11674;752;7,36
11676;755;7,67
11677;752;7,36
11678;754;7,57
11680;755;7,67
11681;754;7,57
11682;753;7,47
11684;753;7,47
11685;754;7,57
11686;754;7,57
11688;754;7,57
11689;755;7,67
11691;755;7,67
11693;757;7,87
11694;755;7,67
11695;756;7,77
11697;756;7,77
11698;758;7,97
11699;756;7,77
11701;759;8,07
11702;756;7,77
11703;758;7,97
11705;758;7,97
11706;760;8,17
11707;757;7,87
11709;757;7,87
11710;757;7,87
11711;757;7,87
11713;756;7,77
11714;759;8,07
11715;756;7,77
11717;758;7,97
11718;756;7,77
11719;758;7,97
11721;756;7,77
11722;760;8,17
11723;756;7,77
11725;756;7,77
11726;756;7,77
11727;756;7,77
11729;760;8,17
11730;756;7,77
11731;754;7,57
11734;755;7,67
11735;754;7,57
11736;757;7,87
11738;755;7,67
11739;754;7,57
11740;754;7,57
11741;756;7,77
11743;754;7,57
11744;758;7,97
11745;756;7,77
11747;757;7,87
11748;755;7,67
11749;756;7,77
11751;757;7,87
11752;755;7,67
11753;761;8,27
11755;758;7,97
11756;757;7,87
11757;757;7,87
11759;761;8,27
11760;760;8,17
11761;759;8,07
11763;760;8,17
11764;760;8,17
11765;761;8,27
11767;758;7,97
11768;758;7,97
11769;759;8,07
11771;759;8,07
11772;757;7,87
11773;760;8,17
11776;762;8,37
11777;758;7,97
11778;757;7,87
11780;757;7,87
11781;759;8,07
11782;759;8,07
11784;756;7,77
11785;758;7,97
11786;757;7,87
11788;758;7,97
11789;758;7,97
11790;757;7,87
11792;757;7,87
11793;760;8,17
11794;758;7,97
11796;759;8,07
11797;761;8,27
11798;758;7,97
11800;759;8,07
11801;759;8,07
11802;761;8,27
11804;762;8,37
11805;761;8,27
11806;763;8,47
11808;760;8,17
11809;759;8,07
11810;757;7,87
11812;758;7,97
11813;758;7,97
11814;758;7,97
11816;757;7,87
11817;757;7,87
11819;756;7,77
11821;756;7,77
11822;757;7,87
11823;755;7,67
11825;754;7,57
11826;754;7,57
11827;754;7,57
11828;756;7,77
11830;753;7,47
11831;752;7,36
11832;757;7,87
11834;754;7,57
11835;753;7,47
11836;753;7,47
11838;754;7,57
11839;752;7,36
11840;752;7,36
11842;755;7,67
11843;756;7,77
11844;755;7,67
11846;754;7,57
11847;754;7,57
11848;757;7,87
11850;753;7,47
11851;754;7,57
11852;756;7,77
11854;754;7,57
11855;756;7,77
11856;755;7,67
11858;756;7,77
11859;757;7,87
11860;757;7,87
11863;757;7,87
11864;757;7,87
11865;757;7,87
11867;757;7,87
11868;760;8,17
11869;757;7,87
11871;756;7,77
11872;759;8,07
11873;760;8,17
11875;759;8,07
11876;759;8,07
11877;761;8,27
11879;762;8,37
11880;763;8,47
11881;760;8,17
11883;761;8,27
11884;763;8,47
11885;760;8,17
11887;760;8,17
11888;761;8,27
11889;764;8,57
11891;759;8,07
11892;759;8,07
11893;762;8,37
11895;759;8,07
11896;759;8,07
11897;760;8,17
11899;756;7,77
11900;758;7,97
11901;758;7,97
11904;758;7,97
11905;759;8,07
11906;760;8,17
11908;758;7,97
11909;757;7,87
11910;756;7,77
11912;756;7,77
11913;757;7,87
11914;758;7,97
11915;756;7,77
11917;756;7,77
11918;757;7,87
11919;760;8,17
11921;757;7,87
11922;758;7,97
11923;757;7,87
11925;757;7,87
11926;761;8,27
11927;759;8,07
11929;758;7,97
11930;761;8,27
11931;760;8,17
11933;762;8,37
11934;762;8,37
11935;761;8,27
11937;760;8,17
11938;764;8,57
11939;765;8,67
11941;762;8,37
11942;762;8,37
11943;762;8,37
11945;765;8,67
11947;765;8,67
11948;762;8,37
11950;760;8,17
11951;759;8,07
11952;760;8,17
11954;760;8,17
11955;761;8,27
11956;758;7,97
11958;759;8,07
11959;760;8,17
11960;758;7,97
11962;761;8,27
11963;762;8,37
11964;757;7,87
11966;757;7,87
11967;757;7,87
11968;758;7,97
11970;759;8,07
11971;758;7,97
11972;760;8,17
11974;759;8,07
11975;762;8,37
11976;757;7,87
11978;758;7,97
11979;762;8,37
11980;759;8,07
11982;760;8,17
11983;761;8,27
11984;760;8,17
11986;759;8,07
11987;762;8,37
11988;759;8,07
11991;761;8,27
11992;763;8,47
11993;761;8,27
11995;761;8,27
11996;763;8,47
11997;760;8,17
11999;761;8,27
12000;761;8,27
12001;759;8,07
12002;760;8,17
12004;761;8,27
12005;758;7,97
12006;757;7,87
12008;758;7,97
12009;757;7,87
12010;758;7,97
12012;755;7,67
12013;754;7,57
12014;755;7,67
12016;757;7,87
12017;753;7,47
12018;752;7,36
12020;754;7,57
12021;754;7,57
12022;753;7,47
12024;754;7,57
12025;755;7,67
12026;754;7,57
12028;756;7,77
12029;755;7,67
12030;756;7,77
12033;758;7,97
12034;756;7,77
12035;755;7,67
12037;756;7,77
12038;757;7,87
12039;757;7,87
12041;760;8,17
12042;757;7,87
12043;757;7,87
12045;757;7,87
12046;757;7,87
12047;758;7,97
12049;759;8,07
12050;759;8,07
12051;758;7,97
12053;757;7,87
12054;757;7,87
12055;757;7,87
12057;761;8,27
12058;757;7,87
12059;759;8,07
12061;757;7,87
12062;756;7,77
12063;757;7,87
12065;758;7,97
12066;755;7,67
12067;757;7,87
12069;759;8,07
12070;757;7,87
12071;756;7,77
12073;759;8,07
12075;756;7,77
12076;756;7,77
12078;756;7,77
12079;758;7,97
12080;757;7,87
12082;757;7,87
12083;755;7,67
12084;755;7,67
12086;758;7,97
12087;756;7,77
12088;757;7,87
12089;758;7,97
12091;755;7,67
12092;756;7,77
12093;756;7,77
12095;755;7,67
12096;757;7,87
12097;755;7,67
12099;756;7,77
12100;759;8,07
12101;757;7,87
12103;758;7,97
12104;759;8,07
12105;759;8,07
12107;758;7,97
12108;757;7,87
12109;754;7,57
12111;756;7,77
12112;755;7,67
12113;756;7,77
12115;757;7,87
12116;758;7,97
12118;756;7,77
12120;754;7,57
12121;756;7,77
12122;754;7,57
12124;757;7,87
12125;755;7,67
12126;754;7,57
12128;752;7,36
12129;755;7,67
12130;755;7,67
12132;752;7,36
12133;753;7,47
12134;754;7,57
12136;754;7,57
12137;754;7,57
12138;757;7,87
12140;755;7,67
12141;755;7,67
12142;756;7,77
12144;753;7,47
12145;754;7,57
12146;754;7,57
12148;755;7,67
12149;756;7,77
12150;754;7,57
12152;756;7,77
12153;755;7,67
12154;755;7,67
12156;757;7,87
12157;754;7,57
12158;755;7,67
12161;754;7,57
12162;755;7,67
12163;756;7,77
12165;755;7,67
12166;755;7,67
12167;758;7,97
12169;755;7,67
12170;757;7,87
12171;754;7,57
12173;755;7,67
12174;755;7,67
12175;756;7,77
12176;755;7,67
12178;757;7,87
12179;756;7,77
12180;754;7,57
12182;756;7,77
12183;757;7,87
12184;755;7,67
12186;754;7,57
12187;755;7,67
12188;753;7,47
12190;754;7,57
12191;753;7,47
12192;754;7,57
12194;756;7,77
12195;753;7,47
12196;753;7,47
12198;753;7,47
12199;753;7,47
12200;754;7,57
12203;753;7,47
12204;752;7,36
12205;753;7,47
12207;757;7,87
12208;753;7,47
12209;753;7,47
12211;757;7,87
12212;754;7,57
12213;753;7,47
12215;754;7,57
12216;754;7,57
12217;754;7,57
12219;753;7,47
12220;752;7,36
12221;753;7,47
12223;755;7,67
12224;752;7,36
12225;754;7,57
12227;758;7,97
12228;756;7,77
12229;753;7,47
12231;753;7,47
12232;753;7,47
12233;754;7,57
12235;754;7,57
12236;752;7,36
12237;753;7,47
12239;755;7,67
12240;755;7,67
12241;752;7,36
12243;753;7,47
12244;752;7,36
12246;753;7,47
12248;751;7,26
12249;753;7,47
12250;752;7,36
12252;751;7,26
12253;753;7,47
12254;752;7,36
12256;753;7,47
12257;754;7,57
12258;751;7,26
12260;751;7,26
12261;752;7,36
12262;752;7,36
12263;751;7,26
12265;754;7,57
12266;751;7,26
12267;756;7,77
12269;753;7,47
12270;753;7,47
12271;754;7,57
12273;754;7,57
12274;752;7,36
12275;755;7,67
12277;753;7,47
12278;753;7,47
12279;754;7,57
12281;753;7,47
12282;753;7,47
12283;752;7,36
12285;753;7,47
12286;752;7,36
12288;755;7,67
12290;756;7,77
12291;752;7,36
12292;752;7,36
12294;753;7,47
12295;753;7,47
12296;755;7,67
12298;754;7,57
12299;751;7,26
12300;753;7,47
12302;753;7,47
12303;753;7,47
12304;751;7,26
12306;754;7,57
12307;752;7,36
12308;751;7,26
12310;755;7,67
12311;754;7,57
12312;753;7,47
12314;750;7,16
12315;751;7,26
12316;756;7,77
12318;752;7,36
12319;752;7,36
12320;754;7,57
12322;753;7,47
12323;750;7,16
12324;751;7,26
12326;753;7,47
12327;751;7,26
12328;752;7,36
12331;754;7,57
12332;749;7,06
12333;751;7,26
12335;749;7,06
12336;751;7,26
12337;753;7,47
12339;755;7,67
12340;752;7,36
12341;752;7,36
12343;750;7,16
12344;751;7,26
12345;751;7,26
12347;752;7,36
12348;754;7,57
12349;753;7,47
12350;752;7,36
12352;751;7,26
12353;751;7,26
12354;752;7,36
12356;751;7,26
12357;752;7,36
12358;751;7,26
12360;753;7,47
12361;754;7,57
12362;754;7,57
12364;752;7,36
12365;751;7,26
12366;753;7,47
12368;752;7,36
12369;753;7,47
12370;752;7,36
12372;752;7,36
12374;754;7,57
12375;756;7,77
12377;754;7,57
12378;751;7,26
12379;754;7,57
12381;752;7,36
12382;755;7,67
12383;752;7,36
12385;754;7,57
12386;756;7,77
12387;754;7,57
12389;755;7,67
12390;757;7,87
12391;754;7,57
12393;753;7,47
12394;757;7,87
12395;755;7,67
12397;752;7,36
12398;754;7,57
12399;753;7,47
12401;752;7,36
12402;756;7,77
12403;753;7,47
12405;754;7,57
12406;756;7,77
12407;755;7,67
12409;757;7,87
12410;753;7,47
12411;753;7,47
12413;754;7,57
12414;753;7,47
12416;756;7,77
12418;756;7,77
12419;753;7,47
12420;754;7,57
12422;755;7,67
12423;754;7,57
12424;752;7,36
12426;755;7,67
12427;754;7,57
12428;752;7,36
12430;754;7,57
12431;756;7,77
12432;758;7,97
12434;754;7,57
12435;756;7,77
12436;757;7,87
12437;753;7,47
12439;754;7,57
12440;754;7,57
12441;757;7,87
12443;754;7,57
12444;756;7,77
12445;755;7,67
12447;752;7,36
12448;751;7,26
12449;752;7,36
12451;753;7,47
12452;752;7,36
12453;750;7,16
12455;752;7,36
12456;754;7,57
12457;751;7,26
12460;754;7,57
12461;753;7,47
12462;751;7,26
12464;754;7,57
12465;754;7,57
12466;751;7,26
12468;751;7,26
12469;755;7,67
12470;750;7,16
12472;753;7,47
12473;750;7,16
12474;752;7,36
12476;754;7,57
12477;752;7,36
12478;751;7,26
12480;755;7,67
12481;753;7,47
12482;752;7,36
12484;755;7,67
12485;757;7,87
12486;753;7,47
12488;754;7,57
12489;754;7,57
12490;755;7,67
12492;756;7,77
12493;754;7,57
12494;756;7,77
12496;757;7,87
12497;761;8,27
12498;756;7,77
12500;755;7,67
12502;756;7,77
12503;757;7,87
12505;755;7,67
12506;758;7,97
12507;754;7,57
12509;753;7,47
12510;755;7,67
12511;754;7,57
12513;757;7,87
12514;756;7,77
12515;753;7,47
12517;755;7,67
12518;755;7,67
12519;754;7,57
12521;755;7,67
12522;756;7,77
12523;755;7,67
12524;756;7,77
12526;758;7,97
12527;758;7,97
12528;756;7,77
12530;756;7,77
12531;755;7,67
12532;756;7,77
12534;758;7,97
12535;754;7,57
12536;759;8,07
12538;755;7,67
12539;755;7,67
12540;755;7,67
12542;759;8,07
12544;757;7,87
12545;757;7,87
12547;757;7,87
12548;756;7,77
12549;756;7,77
12551;755;7,67
12552;756;7,77
12553;759;8,07
12555;758;7,97
12556;755;7,67
12557;758;7,97
12559;756;7,77
12560;755;7,67
12561;758;7,97
12563;759;8,07
12564;754;7,57
12565;756;7,77
12567;754;7,57
12568;754;7,57
12569;757;7,87
12571;758;7,97
12572;755;7,67
12573;755;7,67
12575;756;7,77
12576;756;7,77
12577;756;7,77
12579;754;7,57
12580;754;7,57
12581;755;7,67
12583;758;7,97
12584;757;7,87
12585;753;7,47
12588;756;7,77
12589;755;7,67
12590;755;7,67
12592;759;8,07
12593;756;7,77
12594;755;7,67
12596;755;7,67
12597;756;7,77
12598;757;7,87
12600;755;7,67
12601;757;7,87
12602;757;7,87
12604;757;7,87
12605;755;7,67
12606;757;7,87
12608;756;7,77
12609;760;8,17
12610;755;7,67
12611;755;7,67
12613;756;7,77
12614;756;7,77
12615;756;7,77
12617;756;7,77
12618;755;7,67
12619;754;7,57
12621;754;7,57
12622;756;7,77
12623;755;7,67
12625;757;7,87
12626;756;7,77
12627;758;7,97
12630;755;7,67
12631;755;7,67
12632;757;7,87
12634;754;7,57
12635;753;7,47
12636;753;7,47
12638;754;7,57
12639;757;7,87
12640;756;7,77
12642;755;7,67
12643;756;7,77
12644;753;7,47
12646;754;7,57
12647;754;7,57
12648;753;7,47
12650;753;7,47
12651;754;7,57
12652;756;7,77
12654;752;7,36
12655;753;7,47
12656;754;7,57
12658;753;7,47
12659;759;8,07
12660;754;7,57
12662;753;7,47
12663;755;7,67
12664;758;7,97
12666;757;7,87
12667;755;7,67
12668;755;7,67
12670;756;7,77
12672;755;7,67
12673;757;7,87
12675;756;7,77
12676;756;7,77
12677;756;7,77
12679;756;7,77
12680;756;7,77
12681;759;8,07
12683;757;7,87
12684;756;7,77
12685;755;7,67
12687;757;7,87
12688;759;8,07
12689;758;7,97
12691;755;7,67
12692;758;7,97
12693;757;7,87
12695;760;8,17
12696;756;7,77
12697;758;7,97
12698;757;7,87
12700;757;7,87
12701;758;7,97
12702;757;7,87
12704;761;8,27
12705;756;7,77
12706;757;7,87
12708;757;7,87
12709;758;7,97
12710;758;7,97
12712;757;7,87
12713;757;7,87
12715;757;7,87
12717;757;7,87
12718;755;7,67
12719;756;7,77
12721;760;8,17
12722;757;7,87
12723;757;7,87
12725;757;7,87
12726;757;7,87
12727;757;7,87
12729;759;8,07
12730;758;7,97
12731;756;7,77
12733;758;7,97
12734;756;7,77
12735;757;7,87
12737;758;7,97
12738;759;8,07
12739;757;7,87
12741;759;8,07
12742;759;8,07
12743;759;8,07
12745;758;7,97
12746;758;7,97
12747;758;7,97
12749;756;7,77
12750;756;7,77
12751;758;7,97
12753;758;7,97
12754;757;7,87
12755;759;8,07
12758;758;7,97
12759;760;8,17
12760;758;7,97
12762;757;7,87
12763;759;8,07
12764;759;8,07
12766;757;7,87
12767;762;8,37
12768;760;8,17
12770;762;8,37
12771;761;8,27
12772;757;7,87
12774;760;8,17
12775;760;8,17
12776;759;8,07
12778;759;8,07
12779;759;8,07
12780;758;7,97
12782;760;8,17
12783;759;8,07
12784;759;8,07
12785;758;7,97
12787;759;8,07
12788;757;7,87
12789;759;8,07
12791;759;8,07
12792;759;8,07
12793;761;8,27
12795;761;8,27
12796;759;8,07
12797;758;7,97
12800;761;8,27
12801;761;8,27
12802;758;7,97
12804;759;8,07
12805;760;8,17
12806;762;8,37
12808;761;8,27
12809;760;8,17
12810;761;8,27
12812;759;8,07
12813;761;8,27
12814;761;8,27
12816;763;8,47
12817;761;8,27
12818;763;8,47
12820;763;8,47
12821;761;8,27
12822;763;8,47
12824;761;8,27
12825;761;8,27
12826;763;8,47
12828;764;8,57
12829;762;8,37
12830;763;8,47
12832;767;8,87
12833;762;8,37
12834;764;8,57
12836;761;8,27
12837;761;8,27
12838;762;8,37
12840;761;8,27
12841;762;8,37
12843;761;8,27
12845;760;8,17
12846;760;8,17
12847;763;8,47
12849;763;8,47
12850;760;8,17
12851;759;8,07
12853;759;8,07
12854;760;8,17
12855;760;8,17
12857;761;8,27
12858;759;8,07
12859;762;8,37
12861;760;8,17
12862;759;8,07
12863;762;8,37
12865;759;8,07
12866;759;8,07
12867;761;8,27
12869;759;8,07
12870;759;8,07
12871;763;8,47
12872;760;8,17
12874;760;8,17
12875;761;8,27
12876;759;8,07
12878;762;8,37
12879;761;8,27
12880;764;8,57
12882;762;8,37
12883;762;8,37
12884;763;8,47
12887;763;8,47
12888;765;8,67
12889;763;8,47
12891;763;8,47
12892;762;8,37
12893;766;8,77
12895;765;8,67
12896;764;8,57
12897;766;8,77
12899;763;8,47
12900;764;8,57
12901;765;8,67
12903;765;8,67
12904;764;8,57
12905;766;8,77
12907;765;8,67
12908;767;8,87
12909;766;8,77
12911;764;8,57
12912;766;8,77
12913;765;8,67
12915;766;8,77
12916;769;9,08
12917;767;8,87
12919;766;8,77
12920;767;8,87
12921;767;8,87
12923;770;9,18
12924;766;8,77
12925;769;9,08
12928;769;9,08
12929;769;9,08
12930;768;8,98
12932;770;9,18
12933;769;9,08
12934;769;9,08
12936;770;9,18
12937;771;9,28
12938;771;9,28
12940;772;9,38
12941;773;9,48
12942;773;9,48
12944;775;9,68
12945;774;9,58
12946;775;9,68
12948;776;9,78
12949;778;9,98
12950;776;9,78
12952;777;9,88
12953;778;9,98
12954;778;9,98
12956;779;10,08
12957;783;10,49
12958;781;10,28
12960;780;10,18
12961;783;10,49
12963;783;10,49
12964;785;10,69
12965;788;10,99
12967;787;10,89
12968;787;10,89
12971;789;11,09
12972;791;11,29
12973;792;11,39
12975;792;11,39
12976;792;11,39
12978;794;11,59
12979;794;11,59
12980;794;11,59
12982;797;11,89
12983;798;12,00
12985;799;12,10
12986;799;12,10
12988;801;12,30
12989;800;12,20
12990;802;12,40
12992;805;12,70
12993;803;12,50
12995;804;12,60
12996;806;12,80
12997;806;12,80
12999;808;13,00
13000;806;12,80
13002;808;13,00
13003;808;13,00
13004;812;13,40
13006;813;13,51
13007;813;13,51
13009;812;13,40
13010;813;13,51
13012;814;13,61
13014;817;13,91
13015;814;13,61
13017;815;13,71
13018;816;13,81
13020;817;13,91
13021;817;13,91
13022;818;14,01
13024;818;14,01
13025;818;14,01
13027;821;14,31
13028;820;14,21
13029;820;14,21
13031;822;14,41
13032;821;14,31
13034;821;14,31
13035;823;14,51
13037;823;14,51
13038;825;14,71
13039;823;14,51
13041;824;14,61
13042;825;14,71
13044;827;14,91
13045;826;14,81
13046;827;14,91
13048;828;15,02
13049;825;14,71
13051;827;14,91
13052;827;14,91
13053;827;14,91
13056;828;15,02
13057;829;15,12
13059;829;15,12
13060;829;15,12
13062;829;15,12
13063;828;15,02
13064;828;15,02
13066;829;15,12
13067;828;15,02
13069;830;15,22
13070;829;15,12
13071;833;15,52
13073;830;15,22
13074;832;15,42
13076;832;15,42
13077;831;15,32
13078;838;16,02
13080;834;15,62
13081;839;16,12
13083;841;16,32
13084;837;15,92
13085;838;16,02
13087;841;16,32
13088;838;16,02
13090;841;16,32
13091;845;16,73
13093;841;16,32
13094;837;15,92
13095;839;16,12
13097;835;15,72
13099;834;15,62
13101;834;15,62
13102;832;15,42
13103;832;15,42
13105;830;15,22
13106;836;15,82
13108;831;15,32
13109;829;15,12
13110;829;15,12
13112;829;15,12
13113;834;15,62
13115;827;14,91
13116;828;15,02
13118;826;14,81
13119;834;15,62
13120;826;14,81
13122;828;15,02
13123;829;15,12
13125;826;14,81
13126;828;15,02
13127;828;15,02
13129;829;15,12
13130;829;15,12
13132;828;15,02
13133;828;15,02
13134;833;15,52
13136;827;14,91
13137;826;14,81
13139;823;14,51
13140;827;14,91
13143;827;14,91
13144;823;14,51
13145;824;14,61
13147;826;14,81
13148;824;14,61
13150;825;14,71
13151;824;14,61
13152;828;15,02
13154;824;14,61
13155;822;14,41
13157;821;14,31
13158;821;14,31
13159;823;14,51
13161;820;14,21
13162;821;14,31
13164;819;14,11
13165;820;14,21
13167;824;14,61
13168;813;13,51
13169;814;13,61
13171;812;13,40
13172;812;13,40
13174;824;14,61
13175;820;14,21
13176;819;14,11
13178;816;13,81
13179;817;13,91
13181;819;14,11
13182;817;13,91
13184;818;14,01
13186;814;13,61
13187;820;14,21
13189;812;13,40
13190;812;13,40
13192;815;13,71
13193;814;13,61
13194;815;13,71
13196;813;13,51
13197;812;13,40
13199;812;13,40
13200;816;13,81
13201;820;14,21
13203;805;12,70
13204;817;13,91
13206;814;13,61
13207;806;12,80
13208;811;13,30
13210;810;13,20
13211;810;13,20
13213;810;13,20
13214;809;13,10
13216;806;12,80
13217;807;12,90
13218;812;13,40
13220;809;13,10
13221;808;13,00
13223;804;12,60
13224;803;12,50
13225;805;12,70
13228;810;13,20
13229;804;12,60
13231;803;12,50
13232;801;12,30
13233;801;12,30
13235;801;12,30
13236;798;12,00
13238;803;12,50
13239;811;13,30
13240;810;13,20
13242;803;12,50
13243;812;13,40
13245;804;12,60
13246;809;13,10
13248;814;13,61
13249;808;13,00
13250;812;13,40
13252;813;13,51
13253;816;13,81
13255;813;13,51
13256;811;13,30
13257;813;13,51
13259;810;13,20
13260;812;13,40
13262;809;13,10
13263;812;13,40
13264;805;12,70
13266;803;12,50
13267;797;11,89
13270;792;11,39
13271;795;11,69
13273;797;11,89
13274;795;11,69
13275;791;11,29
13277;794;11,59
13278;794;11,59
13280;793;11,49
13281;791;11,29
13282;793;11,49
13284;792;11,39
13285;793;11,49
13287;798;12,00
13288;793;11,49
13289;793;11,49
13291;790;11,19
13292;791;11,29
13294;792;11,39
13295;791;11,29
13297;793;11,49
13298;795;11,69
13299;795;11,69
13301;796;11,79
13302;799;12,10
13304;798;12,00
13305;800;12,20
13306;796;11,79
13308;801;12,30
13309;802;12,40
13312;802;12,40
13313;802;12,40
13314;801;12,30
13316;802;12,40
13317;801;12,30
13319;799;12,10
13320;799;12,10
13322;800;12,20
13323;794;11,59
13324;793;11,49
13326;789;11,09
13327;788;10,99
13329;789;11,09
13330;793;11,49
13331;790;11,19
13333;788;10,99
13334;790;11,19
13336;785;10,69
13337;784;10,59
13338;787;10,89
13340;785;10,69
13341;786;10,79
13343;784;10,59
13344;786;10,79
13346;787;10,89
13347;790;11,19
13348;791;11,29
13350;791;11,29
13351;794;11,59
13353;793;11,49
13355;796;11,79
13356;796;11,79
13358;800;12,20
13359;796;11,79
13361;797;11,89
13362;799;12,10
13363;801;12,30
13365;799;12,10
13366;801;12,30
13368;801;12,30
13369;801;12,30
13370;797;11,89
13372;794;11,59
13373;794;11,59
13375;795;11,69
13376;793;11,49
13378;793;11,49
13379;792;11,39
13380;789;11,09
13382;789;11,09
13383;790;11,19
13385;787;10,89
13386;787;10,89
13387;786;10,79
13389;789;11,09
13390;791;11,29
13392;788;10,99
13393;791;11,29
13394;784;10,59
13396;786;10,79
13398;791;11,29
13400;794;11,59
13401;788;10,99
13403;791;11,29
13404;793;11,49
13405;790;11,19
13407;798;12,00
13408;800;12,20
13410;801;12,30
13411;800;12,20
13412;796;11,79
13414;794;11,59
13415;793;11,49
13417;795;11,69
13418;794;11,59
13419;796;11,79
13421;793;11,49
13422;793;11,49
13424;790;11,19
13425;785;10,69
13427;787;10,89
13428;788;10,99
13429;787;10,89
13431;787;10,89
13432;784;10,59
13434;783;10,49
13435;782;10,38
13436;785;10,69
13438;787;10,89
13440;786;10,79
13442;785;10,69
13443;785;10,69
13444;785;10,69
13446;790;11,19
13447;786;10,79
13449;787;10,89
13450;788;10,99
13452;792;11,39
13453;790;11,19
13454;785;10,69
13456;787;10,89
13457;788;10,99
13459;786;10,79
13460;788;10,99
13461;790;11,19
13463;788;10,99
13464;789;11,09
13466;787;10,89
13467;789;11,09
13468;786;10,79
13470;789;11,09
13471;790;11,19
13473;789;11,09
13474;794;11,59
13476;789;11,09
13477;786;10,79
13478;789;11,09
13480;788;10,99
13481;786;10,79
13484;783;10,49
13485;783;10,49
13486;781;10,28
13488;784;10,59
13489;782;10,38
13491;785;10,69
13492;777;9,88
13493;778;9,98
13495;775;9,68
13496;778;9,98
13497;777;9,88
13499;775;9,68
13500;774;9,58
13501;779;10,08
13503;774;9,58
13504;775;9,68
13505;772;9,38
13507;770;9,18
13508;771;9,28
13509;773;9,48
13511;769;9,08
13512;770;9,18
13513;770;9,18
13515;775;9,68
13516;774;9,58
13517;773;9,48
13519;775;9,68
13520;776;9,78
13521;777;9,88
13523;777;9,88
13524;781;10,28
13526;782;10,38
13528;779;10,08
13529;778;9,98
13531;775;9,68
13532;775;9,68
13533;775;9,68
13535;770;9,18
13536;770;9,18
13537;767;8,87
13539;765;8,67
13540;765;8,67
13541;764;8,57
13542;763;8,47
13544;762;8,37
13545;761;8,27
13546;761;8,27
13548;760;8,17
13549;758;7,97
13550;755;7,67
13552;755;7,67
13553;756;7,77
13554;757;7,87
13556;757;7,87
13557;759;8,07
13558;757;7,87
13560;758;7,97
13561;756;7,77
13562;755;7,67
13564;756;7,77
13565;759;8,07
13566;755;7,67
13569;756;7,77
13570;758;7,97
13571;756;7,77
13573;753;7,47
13574;753;7,47
13575;754;7,57
13577;751;7,26
13578;751;7,26
13579;751;7,26
13581;754;7,57
13582;754;7,57
13583;752;7,36
13585;753;7,47
13586;756;7,77
13587;753;7,47
13589;752;7,36
13590;755;7,67
13591;753;7,47
13593;753;7,47
13594;753;7,47
13595;752;7,36
13597;754;7,57
13598;752;7,36
13599;751;7,26
13601;752;7,36
13602;751;7,26
13603;751;7,26
13605;750;7,16
13606;753;7,47
13607;751;7,26
13609;747;6,86
13611;749;7,06
13612;748;6,96
13614;748;6,96
13615;747;6,86
13616;747;6,86
13618;748;6,96
13619;749;7,06
13620;749;7,06
13622;750;7,16
13623;752;7,36
13624;749;7,06
13626;750;7,16
13627;749;7,06
13628;751;7,26
13629;750;7,16
13631;751;7,26
13632;749;7,06
13633;748;6,96
13635;750;7,16
13636;749;7,06
13637;749;7,06
13639;752;7,36
13640;749;7,06
13641;749;7,06
13643;750;7,16
13644;752;7,36
13645;753;7,47
13647;753;7,47
13648;753;7,47
13649;753;7,47
13651;753;7,47
13652;753;7,47
13654;754;7,57
13656;753;7,47
13657;754;7,57
13658;755;7,67
13660;757;7,87
13661;753;7,47
13662;753;7,47
13664;756;7,77
13665;754;7,57
13666;754;7,57
13668;755;7,67
13669;754;7,57
13670;752;7,36
13672;756;7,77
13673;753;7,47
13674;753;7,47
13676;755;7,67
13677;752;7,36
13678;755;7,67
13680;753;7,47
13681;752;7,36
13682;752;7,36
13684;751;7,26
13685;753;7,47
13686;755;7,67
13688;756;7,77
13689;754;7,57
13690;754;7,57
13692;756;7,77
13693;752;7,36
13694;759;8,07
13697;756;7,77
13698;756;7,77
13699;754;7,57
13701;761;8,27
13702;757;7,87
13703;757;7,87
13705;758;7,97
13706;756;7,77
13707;757;7,87
13709;756;7,77
13710;756;7,77
13711;755;7,67
13713;756;7,77
13714;754;7,57
13715;755;7,67
13716;756;7,77
13718;755;7,67
13719;755;7,67
13720;756;7,77
13722;753;7,47
13723;754;7,57
13724;754;7,57
13726;751;7,26
13727;752;7,36
13728;753;7,47
13730;751;7,26
13731;755;7,67
13732;751;7,26
13734;750;7,16
13735;749;7,06
13736;748;6,96
13739;749;7,06
13740;750;7,16
13741;750;7,16
13743;750;7,16
13744;749;7,06
13745;750;7,16
13747;748;6,96
13748;749;7,06
13749;751;7,26
13751;751;7,26
13752;751;7,26
13753;750;7,16
13755;751;7,26
13756;754;7,57
13757;753;7,47
13759;752;7,36
13760;754;7,57
13761;753;7,47
13763;756;7,77
13764;757;7,87
13765;754;7,57
13767;755;7,67
13768;758;7,97
13769;756;7,77
13771;756;7,77
13772;758;7,97
13773;759;8,07
13775;760;8,17
13776;757;7,87
13777;758;7,97
13779;759;8,07
13780;761;8,27
13782;759;8,07
13784;760;8,17
13785;760;8,17
13786;759;8,07
13788;762;8,37
13789;761;8,27
13790;763;8,47
13792;762;8,37
13793;762;8,37
13794;766;8,77
13796;762;8,37
13797;762;8,37
13798;763;8,47
13800;763;8,47
13801;764;8,57
13802;766;8,77
13804;765;8,67
13805;765;8,67
13806;765;8,67
13807;764;8,57
13809;764;8,57
13810;769;9,08
13811;764;8,57
13813;766;8,77
13814;766;8,77
13815;765;8,67
13817;766;8,77
13818;768;8,98
13819;766;8,77
13821;765;8,67
13822;765;8,67
13824;766;8,77
13826;768;8,98
13827;767;8,87
13828;767;8,87
13830;767;8,87
13831;769;9,08
13832;765;8,67
13834;767;8,87
13835;769;9,08
13836;765;8,67
13838;765;8,67
13839;767;8,87
13840;765;8,67
13842;766;8,77
13843;763;8,47
13844;762;8,37
13846;762;8,37
13847;767;8,87
13848;764;8,57
13850;764;8,57
13851;763;8,47
13852;761;8,27
13854;763;8,47
13855;763;8,47
13856;762;8,37
13858;761;8,27
13859;761;8,27
13860;763;8,47
13862;763;8,47
13863;762;8,37
13864;761;8,27
13867;765;8,67
13868;764;8,57
13869;762;8,37
13871;762;8,37
13872;766;8,77
13873;763;8,47
13875;763;8,47
13876;764;8,57
13877;762;8,37
13879;763;8,47
13880;766;8,77
13881;763;8,47
13883;765;8,67
13884;765;8,67
13885;763;8,47
13887;766;8,77
13888;763;8,47
13889;763;8,47
13890;766;8,77
13892;764;8,57
13893;764;8,57
13894;763;8,47
13896;767;8,87
13897;765;8,67
13898;764;8,57
13900;765;8,67
13901;763;8,47
13902;765;8,67
13904;763;8,47
13905;764;8,57
13906;766;8,77
13908;763;8,47
13910;763;8,47
13911;764;8,57
13913;765;8,67
13914;763;8,47
13915;764;8,57
13917;765;8,67
13918;763;8,47
13919;764;8,57
13921;763;8,47
13922;765;8,67
13923;765;8,67
13925;766;8,77
13926;763;8,47
13927;763;8,47
13929;767;8,87
13930;765;8,67
13931;763;8,47
13933;764;8,57
13934;763;8,47
13935;763;8,47
13937;764;8,57
13938;764;8,57
13939;764;8,57
13941;765;8,67
13942;763;8,47
13943;764;8,57
13945;764;8,57
13946;765;8,67
13947;767;8,87
13949;765;8,67
13950;766;8,77
13952;766;8,77
13954;770;9,18
13955;766;8,77
13956;767;8,87
13958;768;8,98
13959;767;8,87
13960;768;8,98
13962;767;8,87
13963;766;8,77
13964;765;8,67
13966;769;9,08
13967;766;8,77
13968;766;8,77
13970;769;9,08
13971;766;8,77
13972;766;8,77
13974;768;8,98
13975;767;8,87
13976;766;8,77
13977;768;8,98
13979;767;8,87
13980;765;8,67
13981;765;8,67
13983;766;8,77
13984;764;8,57
13985;768;8,98
13987;765;8,67
13988;766;8,77
13989;765;8,67
13991;763;8,47
13992;766;8,77
13993;767;8,87
13996;765;8,67
13997;764;8,57
13998;763;8,47
14000;764;8,57
14001;764;8,57
14002;763;8,47
14004;762;8,37
14005;761;8,27
14006;763;8,47
14008;762;8,37
14009;762;8,37
14010;765;8,67
14012;762;8,37
14013;765;8,67
14014;763;8,47
14016;765;8,67
14017;762;8,37
14018;764;8,57
14020;760;8,17
14021;760;8,17
14022;764;8,57
14024;761;8,27
14025;759;8,07
14026;762;8,37
14028;760;8,17
14029;760;8,17
14030;761;8,27
14032;760;8,17
14033;760;8,17
14034;760;8,17
14036;760;8,17
14038;762;8,37
14039;759;8,07
14041;758;7,97
14042;759;8,07
14043;760;8,17
14045;756;7,77
14046;757;7,87
14047;757;7,87
14049;758;7,97
14050;759;8,07
14051;756;7,77
14053;758;7,97
14054;757;7,87
14055;758;7,97
14057;757;7,87
14058;757;7,87
14059;759;8,07
14061;756;7,77
14062;757;7,87
14063;758;7,97
14064;757;7,87
14066;757;7,87
14067;760;8,17
14068;755;7,67
14070;757;7,87
14071;761;8,27
14072;758;7,97
14074;758;7,97
14075;758;7,97
14076;760;8,17
14078;758;7,97
14080;757;7,87
14081;758;7,97
14083;759;8,07
14084;758;7,97
14085;757;7,87
14087;761;8,27
14088;762;8,37
14089;760;8,17
14091;759;8,07
14092;761;8,27
14093;759;8,07
14095;760;8,17
14096;761;8,27
14097;760;8,17
14099;760;8,17
14100;761;8,27
14101;762;8,37
14103;761;8,27
14104;761;8,27
14105;761;8,27
14107;759;8,07
14108;761;8,27
14109;759;8,07
14111;763;8,47
14112;761;8,27
14113;759;8,07
14115;763;8,47
14116;759;8,07
14117;760;8,17
14119;759;8,07
14120;759;8,07
14121;759;8,07
14124;760;8,17
14125;760;8,17
14126;761;8,27
14128;760;8,17
14129;759;8,07
14130;758;7,97
14132;760;8,17
14133;759;8,07
14134;759;8,07
14136;762;8,37
14137;758;7,97
14138;758;7,97
14140;762;8,37
14141;762;8,37
14142;760;8,17
14144;759;8,07
14145;760;8,17
14146;759;8,07
14148;758;7,97
14149;760;8,17
14150;759;8,07
14152;760;8,17
14153;763;8,47
14154;760;8,17
14155;759;8,07
14157;759;8,07
14158;762;8,37
14159;760;8,17
14161;762;8,37
14162;759;8,07
14163;760;8,17
14166;763;8,47
14167;759;8,07
14168;761;8,27
14170;760;8,17
14171;758;7,97
14172;757;7,87
14174;757;7,87
14175;759;8,07
14176;758;7,97
14178;758;7,97
14179;757;7,87
14180;759;8,07
14182;757;7,87
14183;758;7,97
14184;757;7,87
14186;759;8,07
14187;756;7,77
14188;758;7,97
14190;756;7,77
14191;757;7,87
14192;759;8,07
14194;757;7,87
14195;755;7,67
14196;761;8,27
14198;756;7,77
14199;756;7,77
14200;755;7,67
14202;758;7,97
14203;755;7,67
14204;757;7,87
14206;755;7,67
14208;757;7,87
14209;754;7,57
14211;758;7,97
14212;754;7,57
14213;754;7,57
14215;758;7,97
14216;756;7,77
14217;757;7,87
14219;756;7,77
14220;756;7,77
14221;756;7,77
14223;755;7,67
14224;759;8,07
14225;758;7,97
14227;757;7,87
14228;754;7,57
14229;755;7,67
14231;754;7,57
14232;754;7,57
14233;755;7,67
14235;755;7,67
14236;755;7,67
14237;755;7,67
14238;757;7,87
14240;753;7,47
14241;752;7,36
14242;753;7,47
14244;756;7,77
14245;753;7,47
14246;755;7,67
14248;753;7,47
14249;754;7,57
14251;753;7,47
14253;752;7,36
14254;752;7,36
14255;758;7,97
14257;753;7,47
14258;753;7,47
14259;753;7,47
14261;751;7,26
14262;751;7,26
14263;751;7,26
14265;750;7,16
14266;752;7,36
14267;755;7,67
14269;751;7,26
14270;750;7,16
14271;752;7,36
14273;751;7,26
14274;751;7,26
14275;752;7,36
14277;753;7,47
14278;754;7,57
14279;751;7,26
14281;752;7,36
14282;755;7,67
14283;752;7,36
14285;752;7,36
14286;753;7,47
14287;756;7,77
14289;755;7,67
14290;755;7,67
14291;754;7,57
14294;754;7,57
14295;755;7,67
14296;758;7,97
14298;756;7,77
14299;753;7,47
14300;759;8,07
14302;756;7,77
14303;754;7,57
14304;756;7,77
14306;757;7,87
14307;758;7,97
14308;757;7,87
14310;758;7,97
14311;758;7,97
14312;758;7,97
14314;757;7,87
14315;756;7,77
14316;759;8,07
14318;756;7,77
14319;757;7,87
14320;755;7,67
14322;756;7,77
14323;760;8,17
14324;755;7,67
14326;755;7,67
14327;756;7,77
14328;759;8,07
14329;756;7,77
14331;756;7,77
14332;758;7,97
14333;756;7,77
14336;757;7,87
14337;757;7,87
14338;753;7,47
14340;755;7,67
14341;756;7,77
14342;756;7,77
14344;754;7,57
14345;757;7,87
14346;754;7,57
14348;756;7,77
14349;754;7,57
14350;752;7,36
14352;759;8,07
14353;755;7,67
14354;754;7,57
14356;757;7,87
14357;755;7,67
14358;756;7,77
14360;758;7,97
14361;756;7,77
14362;756;7,77
14364;756;7,77
14365;760;8,17
14366;758;7,97
14368;759;8,07
14369;761;8,27
14370;758;7,97
14372;756;7,77
14373;758;7,97
14374;761;8,27
14376;760;8,17
14377;758;7,97
14379;756;7,77
14381;758;7,97
14382;756;7,77
14383;757;7,87
14385;756;7,77
14386;757;7,87
14387;757;7,87
14389;756;7,77
14390;760;8,17
14391;757;7,87
14393;755;7,67
14394;760;8,17
14395;755;7,67
14397;756;7,77
14398;758;7,97
14399;754;7,57
14401;753;7,47
14402;758;7,97
14403;754;7,57
14405;755;7,67
14406;754;7,57
14407;756;7,77
14409;754;7,57
14410;753;7,47
14411;751;7,26
14412;754;7,57
14414;755;7,67
14415;755;7,67
14416;754;7,57
14418;756;7,77
14419;755;7,67
14420;754;7,57
14423;753;7,47
14424;753;7,47
14425;754;7,57
14427;756;7,77
14428;755;7,67
14429;756;7,77
14431;753;7,47
14432;756;7,77
14433;752;7,36
14435;757;7,87
14436;753;7,47
14437;753;7,47
14439;758;7,97
14440;752;7,36
14441;759;8,07
14443;753;7,47
14444;752;7,36
14445;754;7,57
14447;758;7,97
14448;758;7,97
14449;755;7,67
14451;750;7,16
14452;755;7,67
14453;754;7,57
14455;757;7,87
14456;753;7,47
14457;752;7,36
14459;756;7,77
14460;755;7,67
14461;752;7,36
14464;754;7,57
14465;750;7,16
14466;753;7,47
14468;752;7,36
14469;752;7,36
14470;752;7,36
14472;754;7,57
14473;753;7,47
14474;753;7,47
14476;751;7,26
14477;754;7,57
14478;754;7,57
14480;753;7,47
14481;753;7,47
14482;753;7,47
14484;753;7,47
14485;752;7,36
14486;752;7,36
14488;754;7,57
14489;752;7,36
14490;753;7,47
14492;755;7,67
14493;753;7,47
14494;752;7,36
14496;757;7,87
14497;757;7,87
14498;754;7,57
14499;754;7,57
14501;755;7,67
14502;753;7,47
14503;755;7,67
14505;756;7,77
14507;753;7,47
14508;755;7,67
14510;760;8,17
14511;755;7,67
14512;755;7,67
14514;754;7,57
14515;754;7,57
14516;755;7,67
14518;757;7,87
14519;755;7,67
14520;756;7,77
14522;753;7,47
14523;756;7,77
14524;758;7,97
14526;752;7,36
14527;757;7,87
14528;755;7,67
14530;754;7,57
14531;757;7,87
14532;757;7,87
14534;755;7,67
14535;757;7,87
14536;759;8,07
14538;758;7,97
14539;754;7,57
14540;759;8,07
14542;753;7,47
14543;760;8,17
14544;756;7,77
14546;756;7,77
14547;754;7,57
14548;754;7,57
14551;756;7,77
14552;757;7,87
14553;756;7,77
14555;755;7,67
14556;754;7,57
14557;756;7,77
14559;755;7,67
14560;757;7,87
14561;755;7,67
14563;755;7,67
14564;755;7,67
14565;758;7,97
14567;755;7,67
14568;756;7,77
14569;756;7,77
14571;755;7,67
14572;755;7,67
14573;756;7,77
14575;758;7,97
14576;755;7,67
14577;753;7,47
14579;758;7,97
14580;754;7,57
14581;755;7,67
14583;756;7,77
14584;754;7,57
14585;758;7,97
14587;755;7,67
14588;755;7,67
14589;754;7,57
14590;751;7,26
14593;757;7,87
14594;753;7,47
14595;751;7,26
14597;754;7,57
14598;751;7,26
14599;751;7,26
14601;753;7,47
14602;754;7,57
14603;751;7,26
14605;752;7,36
14606;750;7,16
14607;751;7,26
14609;751;7,26
14610;754;7,57
14611;750;7,16
14613;751;7,26
14614;751;7,26
14615;749;7,06
14617;751;7,26
14618;751;7,26
14619;751;7,26
14621;751;7,26
14622;750;7,16
14623;751;7,26
14625;753;7,47
14626;749;7,06
14627;753;7,47
14629;751;7,26
14630;751;7,26
14631;752;7,36
14633;751;7,26
14635;750;7,16
14636;753;7,47
14638;751;7,26
14639;752;7,36
14640;751;7,26
14642;753;7,47
14643;753;7,47
14644;753;7,47
14646;755;7,67
14647;752;7,36
14648;757;7,87
14650;755;7,67
14651;753;7,47
14652;754;7,57
14654;753;7,47
14655;755;7,67
14656;752;7,36
14658;753;7,47
14659;753;7,47
14660;752;7,36
14662;754;7,57
14663;754;7,57
14664;749;7,06
14666;756;7,77
14667;753;7,47
14668;750;7,16
14670;753;7,47
14671;753;7,47
14672;749;7,06
14673;749;7,06
14675;752;7,36
14676;749;7,06
14678;749;7,06
14680;751;7,26
14681;750;7,16
14682;748;6,96
14684;750;7,16
14685;749;7,06
14686;749;7,06
14688;749;7,06
14689;749;7,06
14690;749;7,06
14692;749;7,06
14693;751;7,26
14694;751;7,26
14696;753;7,47
14697;750;7,16
14698;750;7,16
14700;753;7,47
14701;753;7,47
14702;752;7,36
14704;758;7,97
14705;752;7,36
14706;751;7,26
14708;753;7,47
14709;752;7,36
14710;757;7,87
14712;754;7,57
14713;753;7,47
14714;753;7,47
14716;756;7,77
14717;751;7,26
14718;750;7,16
14721;756;7,77
14722;751;7,26
14723;756;7,77
14725;754;7,57
14726;751;7,26
14727;748;6,96
14729;750;7,16
14730;749;7,06
14731;752;7,36
14733;753;7,47
14734;751;7,26
14735;752;7,36
14737;752;7,36
14738;749;7,06
14739;752;7,36
14741;752;7,36
14742;750;7,16
14743;751;7,26
14745;751;7,26
14746;750;7,16
14747;750;7,16
14749;750;7,16
14750;751;7,26
14751;754;7,57
14753;754;7,57
14754;750;7,16
14755;750;7,16
14757;750;7,16
14758;752;7,36
14759;758;7,97
14761;754;7,57
14763;752;7,36
14764;751;7,26
14765;750;7,16
14767;752;7,36
14768;752;7,36
14769;751;7,26
14771;753;7,47
14772;754;7,57
14773;750;7,16
14775;750;7,16
14776;751;7,26
14777;751;7,26
14779;755;7,67
14780;757;7,87
14781;754;7,57
14783;753;7,47
14784;754;7,57
14785;749;7,06
14787;748;6,96
14788;751;7,26
14789;752;7,36
14791;752;7,36
14792;752;7,36
14793;752;7,36
14795;751;7,26
14796;751;7,26
14797;750;7,16
14799;753;7,47
14800;752;7,36
14801;753;7,47
14803;754;7,57
14804;753;7,47
14806;754;7,57
14808;752;7,36
14809;753;7,47
14810;754;7,57
14812;755;7,67
14813;753;7,47
14814;754;7,57
14816;755;7,67
14817;753;7,47
14818;755;7,67
14820;754;7,57
14821;754;7,57
14822;751;7,26
14824;751;7,26
14825;754;7,57
14826;752;7,36
14828;756;7,77
14829;751;7,26
14830;752;7,36
14832;750;7,16
14833;751;7,26
14834;752;7,36
14836;753;7,47
14837;750;7,16
14838;752;7,36
14840;752;7,36
14841;751;7,26
14842;751;7,26
14844;751;7,26
14845;752;7,36
14846;754;7,57
14849;752;7,36
14850;750;7,16
14851;750;7,16
14852;751;7,26
14854;755;7,67
14855;752;7,36
14856;751;7,26
14858;750;7,16
14859;751;7,26
14860;752;7,36
14862;750;7,16
14863;751;7,26
14864;750;7,16
14866;748;6,96
14867;754;7,57
14868;750;7,16
14870;751;7,26
14871;754;7,57
14872;749;7,06
14874;750;7,16
14875;749;7,06
14876;748;6,96
14878;751;7,26
14879;750;7,16
14880;749;7,06
14882;751;7,26
14883;751;7,26
14884;749;7,06
14886;749;7,06
14887;751;7,26
14888;753;7,47
14891;750;7,16
14892;753;7,47
14893;750;7,16
14895;748;6,96
14896;750;7,16
14897;749;7,06
14899;748;6,96
14900;750;7,16
14901;750;7,16
14903;747;6,86
14904;747;6,86
14905;746;6,76
14907;747;6,86
14908;747;6,86
14909;745;6,66
14911;745;6,66
14912;745;6,66
14913;746;6,76
14915;748;6,96
14916;748;6,96
14917;747;6,86
14919;745;6,66
14920;747;6,86
14921;744;6,56
14923;744;6,56
14924;747;6,86
14925;743;6,46
14927;746;6,76
14928;742;6,36
14929;745;6,66
14931;745;6,66
14932;743;6,46
14934;743;6,46
14935;746;6,76
14937;746;6,76
14938;746;6,76
14939;745;6,66
14941;745;6,66
14942;746;6,76
14943;749;7,06
14945;746;6,76
14946;748;6,96
14947;746;6,76
14949;746;6,76
14950;748;6,96
14951;747;6,86
14953;746;6,76
14954;748;6,96
14955;749;7,06
14957;748;6,96
14958;748;6,96
14959;747;6,86
14961;747;6,86
14962;745;6,66
14963;747;6,86
14965;746;6,76
14966;748;6,96
14967;746;6,76
14969;748;6,96
14970;745;6,66
14971;745;6,66
14973;747;6,86
14974;747;6,86
14976;744;6,56
14978;750;7,16
14979;745;6,66
14980;747;6,86
14982;748;6,96
14983;748;6,96
14984;746;6,76
14986;747;6,86
14987;746;6,76
14988;745;6,66
14990;749;7,06
14991;750;7,16
14992;746;6,76
14994;749;7,06
14995;750;7,16
14996;747;6,86
14998;745;6,66
14999;746;6,76
15000;747;6,86
15002;749;7,06
15003;749;7,06
15004;749;7,06
15006;748;6,96
15007;750;7,16
15008;748;6,96
15010;749;7,06
15011;748;6,96
15012;750;7,16
15014;751;7,26
15015;750;7,16
15016;749;7,06
15019;750;7,16
15020;749;7,06
15021;751;7,26
15023;750;7,16
15024;749;7,06
15025;749;7,06
15026;751;7,26
15028;750;7,16
15029;750;7,16
15030;751;7,26
15032;751;7,26
15033;752;7,36
15034;753;7,47
15036;751;7,26
15037;755;7,67
15038;754;7,57
15040;750;7,16
15041;752;7,36
15042;753;7,47
15044;752;7,36
15045;752;7,36
15046;757;7,87
15048;757;7,87
15049;756;7,77
15050;754;7,57
15052;754;7,57
15053;753;7,47
15054;755;7,67
15056;755;7,67
15057;754;7,57
15058;756;7,77
15060;755;7,67
15062;758;7,97
15063;754;7,57
15065;754;7,57
15066;755;7,67
15067;755;7,67
15069;756;7,77
15070;754;7,57
15071;756;7,77
15073;753;7,47
15074;754;7,57
15075;754;7,57
15077;753;7,47
15078;752;7,36
15079;752;7,36
15081;754;7,57
15082;755;7,67
15083;756;7,77
15085;753;7,47
15086;754;7,57
15087;753;7,47
15089;753;7,47
15090;756;7,77
15091;753;7,47
15093;754;7,57
15094;757;7,87
15095;758;7,97
15097;754;7,57
15098;755;7,67
15099;758;7,97
15101;757;7,87
15102;758;7,97
15104;758;7,97
15106;757;7,87
15107;756;7,77
15108;757;7,87
15110;757;7,87
15111;757;7,87
15112;757;7,87
15113;758;7,97
15115;757;7,87
15116;757;7,87
15117;758;7,97
15119;756;7,77
15120;755;7,67
15121;757;7,87
15123;755;7,67
15124;754;7,57
15125;751;7,26
15127;752;7,36
15128;756;7,77
15129;752;7,36
15131;751;7,26
15132;753;7,47
15133;749;7,06
15135;751;7,26
15136;751;7,26
15137;752;7,36
15139;750;7,16
15140;751;7,26
15141;751;7,26
15143;751;7,26
15144;751;7,26
15145;750;7,16
15148;752;7,36
15149;755;7,67
15150;754;7,57
15152;755;7,67
15153;755;7,67
15154;753;7,47
15156;756;7,77
15157;754;7,57
15158;754;7,57
15160;757;7,87
15161;755;7,67
15162;753;7,47
15164;754;7,57
15165;752;7,36
15166;751;7,26
15168;751;7,26
15169;752;7,36
15170;752;7,36
15172;751;7,26
15173;753;7,47
15174;749;7,06
15176;747;6,86
15177;752;7,36
15178;749;7,06
15180;751;7,26
15181;749;7,06
15182;749;7,06
15184;750;7,16
15185;748;6,96
15186;749;7,06
15188;748;6,96
15190;751;7,26
15191;748;6,96
15193;750;7,16
15194;752;7,36
15195;749;7,06
15196;750;7,16
15198;749;7,06
15199;751;7,26
15200;751;7,26
15202;754;7,57
15203;751;7,26
15204;752;7,36
15206;754;7,57
15207;755;7,67
15208;754;7,57
15210;755;7,67
15211;754;7,57
15212;756;7,77
15214;758;7,97
15215;755;7,67
15216;754;7,57
15218;757;7,87
15219;753;7,47
15220;751;7,26
15222;753;7,47
15223;750;7,16
15224;750;7,16
15226;754;7,57
15227;750;7,16
15228;749;7,06
15230;748;6,96
15232;749;7,06
15233;747;6,86
15235;748;6,96
15236;748;6,96
15237;747;6,86
15239;748;6,96
15240;747;6,86
15241;751;7,26
15243;751;7,26
15244;749;7,06
15245;750;7,16
15247;751;7,26
15248;754;7,57
15249;756;7,77
15251;754;7,57
15252;753;7,47
15253;756;7,77
15255;755;7,67
15256;756;7,77
15257;756;7,77
15259;756;7,77
15260;757;7,87
15261;761;8,27
15263;759;8,07
15264;757;7,87
15265;757;7,87
15267;754;7,57
15268;755;7,67
15269;755;7,67
15271;754;7,57
15272;753;7,47
15273;754;7,57
15276;753;7,47
15277;753;7,47
15278;753;7,47
15280;751;7,26
15281;752;7,36
15282;750;7,16
15283;752;7,36
15285;750;7,16
15286;751;7,26
15287;750;7,16
15289;751;7,26
15290;751;7,26
15291;750;7,16
15293;750;7,16
15294;752;7,36
15295;753;7,47
15297;751;7,26
15298;753;7,47
15299;755;7,67
15301;754;7,57
15302;754;7,57
15303;757;7,87
15305;755;7,67
15306;759;8,07
15307;758;7,97
15309;758;7,97
15310;761;8,27
15311;761;8,27
15313;759;8,07
15314;759;8,07
15315;761;8,27
15318;758;7,97
15319;759;8,07
15320;759;8,07
15322;759;8,07
15323;758;7,97
15324;759;8,07
15326;756;7,77
15327;755;7,67
15328;755;7,67
15330;753;7,47
15331;756;7,77
15332;753;7,47
15334;750;7,16
15335;750;7,16
15336;749;7,06
15338;751;7,26
15339;749;7,06
15340;749;7,06
15342;747;6,86
15343;747;6,86
15344;743;6,46
15346;745;6,66
15347;746;6,76
15348;747;6,86
15350;747;6,86
15351;747;6,86
15352;752;7,36
15354;747;6,86
15355;751;7,26
15356;750;7,16
15358;750;7,16
15360;751;7,26
15361;751;7,26
15363;753;7,47
15364;755;7,67
15365;756;7,77
15367;753;7,47
15368;757;7,87
15369;760;8,17
15370;757;7,87
15372;756;7,77
15373;758;7,97
15374;756;7,77
15376;758;7,97
15377;757;7,87
15378;755;7,67
15380;756;7,77
15381;754;7,57
15382;754;7,57
15384;753;7,47
15385;752;7,36
15386;752;7,36
15388;752;7,36
15389;752;7,36
15390;752;7,36
15392;751;7,26
15393;753;7,47
15394;750;7,16
15396;750;7,16
15397;748;6,96
15398;748;6,96
15400;750;7,16
15401;751;7,26
15403;751;7,26
15405;750;7,16
15406;753;7,47
15407;752;7,36
15409;755;7,67
15410;754;7,57
15411;756;7,77
15413;754;7,57
15414;756;7,77
15415;757;7,87
15417;756;7,77
15418;757;7,87
15419;758;7,97
15421;757;7,87
15422;758;7,97
15423;758;7,97
15425;761;8,27
15426;759;8,07
15427;757;7,87
15429;761;8,27
15430;759;8,07
15431;757;7,87
15433;756;7,77
15434;757;7,87
15435;752;7,36
15437;754;7,57
15438;756;7,77
15439;751;7,26
15441;754;7,57
15442;751;7,26
15443;751;7,26
15446;755;7,67
15447;751;7,26
15448;751;7,26
15450;752;7,36
15451;752;7,36
15452;754;7,57
15454;755;7,67
15455;756;7,77
15456;755;7,67
15457;758;7,97
15459;757;7,87
15460;758;7,97
15461;765;8,67
15463;761;8,27
15464;762;8,37
15465;762;8,37
15467;762;8,37
15468;763;8,47
15469;763;8,47
15471;767;8,87
15472;765;8,67
15473;764;8,57
15475;764;8,57
15476;765;8,67
15477;763;8,47
15479;763;8,47
15480;767;8,87
15481;767;8,87
15483;767;8,87
15484;763;8,47
15485;762;8,37
15488;760;8,17
15489;760;8,17
15490;762;8,37
15492;759;8,07
15493;757;7,87
15494;758;7,97
15496;755;7,67
15497;756;7,77
15498;755;7,67
15500;755;7,67
15501;753;7,47
15502;755;7,67
15504;754;7,57
15505;750;7,16
15506;756;7,77
15508;754;7,57
15509;751;7,26
15510;753;7,47
15512;756;7,77
15513;753;7,47
15514;751;7,26
15516;757;7,87
15517;754;7,57
15518;754;7,57
15520;761;8,27
15521;756;7,77
15522;755;7,67
15524;759;8,07
15525;758;7,97
15526;759;8,07
15528;758;7,97
15529;760;8,17
15531;763;8,47
15533;762;8,37
15534;763;8,47
15535;758;7,97
15537;763;8,47
15538;762;8,37
15539;762;8,37
15541;766;8,77
15542;762;8,37
15543;761;8,27
15545;762;8,37
15546;763;8,47
15547;761;8,27
15548;763;8,47
15550;762;8,37
15551;762;8,37
15552;760;8,17
15554;762;8,37
15555;763;8,47
15556;761;8,27
15558;760;8,17
15559;761;8,27
15560;761;8,27
15562;760;8,17
15563;759;8,07
15564;757;7,87
15566;757;7,87
15567;759;8,07
15568;759;8,07
15570;757;7,87
15571;759;8,07
15572;758;7,97
15575;757;7,87
15576;757;7,87
15577;757;7,87
15579;759;8,07
15580;758;7,97
15581;758;7,97
15583;758;7,97
15584;759;8,07
15585;759;8,07
15587;759;8,07
15588;759;8,07
15589;764;8,57
15591;761;8,27
15592;761;8,27
15593;762;8,37
15595;764;8,57
15596;764;8,57
15597;765;8,67
15599;763;8,47
15600;762;8,37
15601;764;8,57
15603;762;8,37
15604;767;8,87
15605;764;8,57
15607;763;8,47
15608;762;8,37
15609;766;8,77
15611;763;8,47
15612;761;8,27
15613;764;8,57
15616;761;8,27
15617;761;8,27
15618;763;8,47
15620;761;8,27
15621;760;8,17
15622;760;8,17
15624;760;8,17
15625;762;8,37
15626;761;8,27
15628;761;8,27
15629;761;8,27
15630;761;8,27
15631;761;8,27
15633;763;8,47
15634;763;8,47
15635;763;8,47
15637;762;8,37
15638;764;8,57
15639;766;8,77
15641;764;8,57
15642;766;8,77
15643;765;8,67
15645;766;8,77
15646;767;8,87
15647;766;8,77
15649;767;8,87
15650;766;8,77
15651;765;8,67
15653;769;9,08
15654;767;8,87
15655;766;8,77
15657;766;8,77
15659;767;8,87
15660;765;8,67
15662;764;8,57
15663;766;8,77
15664;762;8,37
15666;761;8,27
15667;761;8,27
15668;762;8,37
15670;761;8,27
15671;760;8,17
15672;758;7,97
15674;758;7,97
15675;760;8,17
15676;758;7,97
15678;755;7,67
15679;758;7,97
15680;757;7,87
15682;758;7,97
15683;760;8,17
15684;756;7,77
15686;758;7,97
15687;759;8,07
15688;757;7,87
15690;758;7,97
15691;759;8,07
15692;756;7,77
15694;762;8,37
15695;758;7,97
15696;755;7,67
15698;759;8,07
15699;762;8,37
15700;758;7,97
15703;761;8,27
15704;763;8,47
15705;759;8,07
15707;762;8,37
15708;762;8,37
15709;760;8,17
15711;761;8,27
15712;762;8,37
15713;759;8,07
15715;760;8,17
15716;761;8,27
15717;760;8,17
15719;760;8,17
15720;760;8,17
15721;760;8,17
15722;761;8,27
15724;761;8,27
15725;759;8,07
15726;758;7,97
15728;758;7,97
15729;760;8,17
15730;759;8,07
15732;758;7,97
15733;758;7,97
15734;759;8,07
15736;762;8,37
15737;759;8,07
15738;759;8,07
15740;760;8,17
15741;760;8,17
15742;761;8,27
15745;760;8,17
15746;759;8,07
15747;759;8,07
15749;760;8,17
15750;760;8,17
15751;760;8,17
15753;762;8,37
15754;761;8,27
15755;760;8,17
15757;759;8,07
15758;759;8,07
15759;762;8,37
15761;761;8,27
15762;761;8,27
15763;758;7,97
15765;759;8,07
15766;759;8,07
15767;758;7,97
15769;762;8,37
15770;756;7,77
15771;758;7,97
15773;760;8,17
15774;758;7,97
15775;761;8,27
15777;758;7,97
15778;757;7,87
15779;759;8,07
15781;760;8,17
15782;756;7,77
15783;757;7,87
15785;759;8,07
15787;756;7,77
15788;757;7,87
15790;755;7,67
15791;755;7,67
15792;757;7,87
15794;757;7,87
15795;757;7,87
15796;757;7,87
15798;758;7,97
15799;757;7,87
15800;759;8,07
15802;757;7,87
15803;757;7,87
15804;757;7,87
15806;758;7,97
15807;758;7,97
15808;757;7,87
15809;761;8,27
15811;757;7,87
15812;759;8,07
15813;757;7,87
15815;759;8,07
15816;759;8,07
15817;758;7,97
15819;762;8,37
15820;758;7,97
15821;758;7,97
15823;756;7,77
15824;756;7,77
15825;757;7,87
15827;757;7,87
15828;756;7,77
15830;757;7,87
15832;756;7,77
15833;757;7,87
15834;756;7,77
15836;755;7,67
15837;757;7,87
15838;757;7,87
15840;754;7,57
15841;753;7,47
15842;754;7,57
15844;754;7,57
15845;753;7,47
15846;754;7,57
15848;753;7,47
15849;754;7,57
15850;754;7,57
15852;753;7,47
15853;752;7,36
15854;752;7,36
15856;753;7,47
15857;753;7,47
15858;755;7,67
15860;751;7,26
15861;751;7,26
15862;754;7,57
15864;753;7,47
15865;753;7,47
15866;753;7,47
15868;752;7,36
15869;756;7,77
15870;754;7,57
15873;752;7,36
15874;753;7,47
15875;760;8,17
15877;752;7,36
15878;755;7,67
15879;753;7,47
15881;754;7,57
15882;754;7,57
15883;752;7,36
15885;752;7,36
15886;753;7,47
15887;756;7,77
15889;754;7,57
15890;754;7,57
15891;755;7,67
15892;753;7,47
15894;753;7,47
15895;754;7,57
15896;752;7,36
15898;755;7,67
15899;754;7,57
15900;753;7,47
15902;755;7,67
15903;756;7,77
15904;753;7,47
15906;754;7,57
15907;754;7,57
15908;754;7,57
15910;752;7,36
15911;754;7,57
15912;751;7,26
15915;753;7,47
15916;752;7,36
15917;753;7,47
15919;755;7,67
15920;753;7,47
15921;755;7,67
15923;752;7,36
15924;752;7,36
15925;752;7,36
15927;752;7,36
15928;752;7,36
15929;751;7,26
15931;752;7,36
15932;751;7,26
15933;752;7,36
15935;752;7,36
15936;754;7,57
15937;752;7,36
15939;752;7,36
15940;751;7,26
15941;751;7,26
15943;752;7,36
15944;754;7,57
15945;753;7,47
15947;751;7,26
15948;752;7,36
15949;751;7,26
15951;751;7,26
15952;752;7,36
15953;751;7,26
15955;751;7,26
15956;750;7,16
15958;752;7,36
15960;752;7,36
15961;751;7,26
15962;750;7,16
15964;750;7,16
15965;752;7,36
15966;752;7,36
15968;751;7,26
15969;751;7,26
15970;751;7,26
15972;750;7,16
15973;752;7,36
15974;750;7,16
15976;752;7,36
15977;751;7,26
15978;754;7,57
15980;750;7,16
15981;751;7,26
15982;751;7,26
15983;753;7,47
15985;752;7,36
15986;751;7,26
15987;752;7,36
15989;751;7,26
15990;751;7,26
15991;751;7,26
15993;751;7,26
15994;751;7,26
15995;752;7,36
15997;752;7,36
15998;754;7,57
16000;751;7,26
16002;751;7,26
16003;752;7,36
16004;751;7,26
16006;751;7,26
16007;753;7,47
16008;754;7,57
16010;752;7,36
16011;751;7,26
16012;751;7,26
16014;754;7,57
16015;751;7,26
16016;751;7,26
16018;752;7,36
16019;749;7,06
16020;751;7,26
16022;753;7,47
16023;751;7,26
16024;750;7,16
16026;753;7,47
16027;751;7,26
16028;751;7,26
16030;750;7,16
16031;751;7,26
16032;751;7,26
16034;750;7,16
16035;751;7,26
16036;749;7,06
16038;753;7,47
16039;750;7,16
16040;751;7,26
16043;751;7,26
16044;749;7,06
16045;750;7,16
16047;751;7,26
16048;751;7,26
16049;749;7,06
16051;753;7,47
16052;751;7,26
16053;750;7,16
16055;751;7,26
16056;749;7,06
16057;750;7,16
16059;752;7,36
16060;750;7,16
16061;752;7,36
16063;753;7,47
16064;751;7,26
16065;751;7,26
16067;751;7,26
16068;751;7,26
16069;754;7,57
16070;751;7,26
16072;752;7,36
16073;752;7,36
16074;751;7,26
16076;751;7,26
16077;754;7,57
16078;753;7,47
16080;753;7,47
16081;754;7,57
16082;753;7,47
16084;753;7,47
16086;753;7,47
16087;755;7,67
16089;754;7,57
16090;753;7,47
16091;756;7,77
16093;755;7,67
16094;758;7,97
16095;755;7,67
16097;755;7,67
16098;756;7,77
16099;753;7,47
16101;754;7,57
16102;754;7,57
16103;753;7,47
16105;753;7,47
16106;754;7,57
16107;755;7,67
16109;753;7,47
16110;752;7,36
16111;755;7,67
16113;751;7,26
16114;753;7,47
16115;756;7,77
16117;751;7,26
16118;752;7,36
16119;753;7,47
16121;752;7,36
16122;752;7,36
16123;751;7,26
16125;750;7,16
16126;753;7,47
16128;753;7,47
16130;751;7,26
16131;750;7,16
16132;754;7,57
16134;752;7,36
16135;753;7,47
16136;752;7,36
16138;753;7,47
16139;751;7,26
16140;752;7,36
16142;752;7,36
16143;754;7,57
16144;751;7,26
16146;753;7,47
16147;752;7,36
16148;755;7,67
16150;752;7,36
16151;753;7,47
16152;756;7,77
16153;753;7,47
16155;755;7,67
16156;755;7,67
16157;753;7,47
16159;755;7,67
16160;753;7,47
16161;753;7,47
16163;757;7,87
16164;754;7,57
16165;754;7,57
16167;756;7,77
16168;754;7,57
16169;755;7,67
16172;753;7,47
16173;754;7,57
16174;754;7,57
16176;754;7,57
16177;757;7,87
16178;755;7,67
16180;755;7,67
16181;756;7,77
16182;756;7,77
16184;756;7,77
16185;755;7,67
16186;755;7,67
16188;757;7,87
16189;758;7,97
16190;758;7,97
16192;756;7,77
16193;758;7,97
16194;757;7,87
16196;759;8,07
16197;757;7,87
16198;757;7,87
16200;757;7,87
16201;757;7,87
16202;757;7,87
16204;758;7,97
16205;760;8,17
16206;759;8,07
16208;757;7,87
16209;757;7,87
16210;756;7,77
16212;759;8,07
16214;759;8,07
16215;757;7,87
16217;759;8,07
16218;758;7,97
16219;757;7,87
16221;757;7,87
16222;758;7,97
16223;757;7,87
16225;758;7,97
16226;758;7,97
16227;757;7,87
16229;757;7,87
16230;757;7,87
16231;759;8,07
16233;756;7,77
16234;757;7,87
16235;756;7,77
16237;759;8,07
16238;759;8,07
16239;757;7,87
16241;756;7,77
16242;757;7,87
16243;758;7,97
16244;758;7,97
16246;757;7,87
16247;758;7,97
16248;757;7,87
16250;758;7,97
16251;759;8,07
16252;759;8,07
16254;760;8,17
16256;757;7,87
16257;758;7,97
16259;761;8,27
16260;759;8,07
16261;760;8,17
16263;760;8,17
16264;759;8,07
16265;762;8,37
16267;762;8,37
16268;760;8,17
16269;759;8,07
16271;760;8,17
16272;761;8,27
16273;759;8,07
16275;761;8,27
16276;759;8,07
16277;762;8,37
16279;760;8,17
16280;759;8,07
16281;761;8,27
16283;760;8,17
16284;761;8,27
16285;760;8,17
16287;759;8,07
16288;758;7,97
16289;758;7,97
16291;757;7,87
16292;757;7,87
16293;758;7,97
16295;758;7,97
16296;756;7,77
16297;757;7,87
16300;758;7,97
16301;757;7,87
16302;757;7,87
16304;757;7,87
16305;755;7,67
16306;757;7,87
16308;755;7,67
16309;756;7,77
16310;754;7,57
16312;757;7,87
16313;755;7,67
16314;757;7,87
16316;755;7,67
16317;755;7,67
16318;755;7,67
16320;755;7,67
16321;754;7,57
16322;758;7,97
16324;758;7,97
16325;755;7,67
16326;758;7,97
16327;756;7,77
16329;757;7,87
16330;757;7,87
16331;759;8,07
16333;756;7,77
16334;757;7,87
16335;758;7,97
16337;757;7,87
16338;758;7,97
16339;757;7,87
16342;755;7,67
16343;757;7,87
16344;758;7,97
16346;756;7,77
16347;757;7,87
16348;757;7,87
16350;756;7,77
16351;755;7,67
16352;754;7,57
16354;757;7,87
16355;757;7,87
16356;756;7,77
16358;756;7,77
16359;756;7,77
16360;756;7,77
16362;755;7,67
16363;756;7,77
16364;758;7,97
16366;755;7,67
16367;753;7,47
16368;755;7,67
16370;756;7,77
16371;755;7,67
16372;757;7,87
16374;756;7,77
16375;757;7,87
16376;757;7,87
16378;756;7,77
16379;757;7,87
16380;757;7,87
16382;756;7,77
16384;756;7,77
16385;757;7,87
16387;756;7,77
16388;756;7,77
16389;756;7,77
16391;755;7,67
16392;757;7,87
16393;756;7,77
16395;754;7,57
16396;755;7,67
16397;757;7,87
16399;755;7,67
16400;756;7,77
16401;755;7,67
16403;754;7,57
16404;755;7,67
16405;757;7,87
16407;754;7,57
16408;755;7,67
16409;754;7,57
16411;755;7,67
16412;754;7,57
16413;755;7,67
16415;756;7,77
16416;755;7,67
16417;754;7,57
16418;754;7,57
16420;754;7,57
16421;754;7,57
16422;755;7,67
16424;753;7,47
16425;756;7,77
16427;754;7,57
16429;754;7,57
16430;756;7,77
16431;755;7,67
16433;754;7,57
16434;757;7,87
16435;752;7,36
16437;755;7,67
16438;755;7,67
16439;753;7,47
16441;755;7,67
16442;755;7,67
16443;754;7,57
16445;757;7,87
16446;755;7,67
16447;755;7,67
16449;755;7,67
16450;756;7,77
16451;754;7,57
16453;756;7,77
16454;755;7,67
16455;754;7,57
16457;754;7,57
16458;755;7,67
16459;756;7,77
16461;755;7,67
16462;754;7,57
16463;755;7,67
16465;757;7,87
16466;756;7,77
16467;753;7,47
16470;754;7,57
16471;757;7,87
16472;756;7,77
16474;754;7,57
16475;758;7,97
16476;756;7,77
16478;754;7,57
16479;756;7,77
16480;755;7,67
16482;758;7,97
16483;756;7,77
16484;755;7,67
16486;755;7,67
16487;753;7,47
16488;754;7,57
16490;755;7,67
16491;754;7,57
16492;755;7,67
16494;754;7,57
16495;757;7,87
16496;755;7,67
16498;754;7,57
16499;757;7,87
16500;754;7,57
16501;755;7,67
16503;756;7,77
16504;755;7,67
16505;756;7,77
16507;756;7,77
16508;755;7,67
16509;755;7,67
16512;755;7,67
16513;754;7,57
16514;753;7,47
16516;754;7,57
16517;754;7,57
16518;754;7,57
16520;757;7,87
16521;756;7,77
16522;755;7,67
16524;755;7,67
16525;756;7,77
16526;756;7,77
16528;754;7,57
16529;754;7,57
16530;754;7,57
16532;757;7,87
16533;754;7,57
16534;759;8,07
16536;757;7,87
16537;755;7,67
16538;755;7,67
16540;755;7,67
16541;756;7,77
16542;754;7,57
16544;757;7,87
16545;756;7,77
16546;756;7,77
16548;758;7,97
16549;756;7,77
16550;756;7,77
16552;755;7,67
16553;758;7,97
16555;757;7,87
16557;759;8,07
16558;756;7,77
16559;757;7,87
16561;757;7,87
16562;755;7,67
16563;757;7,87
16565;757;7,87
16566;756;7,77
16567;755;7,67
16569;757;7,87
16570;756;7,77
16571;757;7,87
16573;756;7,77
16574;757;7,87
16575;755;7,67
16577;758;7,97
16578;757;7,87
16579;757;7,87
16581;756;7,77
16582;756;7,77
16583;756;7,77
16585;755;7,67
16586;755;7,67
16587;757;7,87
16589;759;8,07
16590;757;7,87
16591;757;7,87
16592;760;8,17
16594;758;7,97
16595;759;8,07
16596;758;7,97
16599;757;7,87
16600;756;7,77
16601;758;7,97
16603;757;7,87
16604;757;7,87
16605;757;7,87
16607;757;7,87
16608;759;8,07
16609;759;8,07
16611;758;7,97
16612;757;7,87
16613;757;7,87
16615;757;7,87
16616;756;7,77
16617;757;7,87
16619;752;7,36
16620;753;7,47
16621;751;7,26
16623;751;7,26
16624;749;7,06
16625;749;7,06
16627;749;7,06
16628;749;7,06
16629;750;7,16
16631;747;6,86
16632;747;6,86
16633;751;7,26
16635;749;7,06
16636;753;7,47
16637;753;7,47
16640;752;7,36
16641;752;7,36
16642;755;7,67
16644;754;7,57
16645;755;7,67
16646;758;7,97
16648;756;7,77
16649;758;7,97
16650;760;8,17
16652;762;8,37
16653;762;8,37
16654;765;8,67
16656;763;8,47
16657;762;8,37
16658;766;8,77
16660;764;8,57
16661;761;8,27
16662;765;8,67
16664;765;8,67
16665;761;8,27
16666;761;8,27
16668;758;7,97
16669;755;7,67
16670;755;7,67
16672;750;7,16
16673;746;6,76
16674;742;6,36
16675;740;6,16
16677;736;5,75
16678;736;5,75
16679;736;5,75
16681;734;5,55
16683;733;5,45
16684;732;5,35
16686;732;5,35
16687;733;5,45
16688;732;5,35
16690;735;5,65
16691;735;5,65
16692;735;5,65
16694;737;5,85
16695;742;6,36
16696;740;6,16
16698;742;6,36
16699;747;6,86
16700;746;6,76
16702;748;6,96
16703;750;7,16
16704;752;7,36
16706;754;7,57
16707;758;7,97
16708;757;7,87
16710;758;7,97
16711;757;7,87
16712;759;8,07
16714;757;7,87
16715;759;8,07
16716;760;8,17
16718;760;8,17
16719;760;8,17
16720;760;8,17
16722;760;8,17
16723;760;8,17
16724;761;8,27
16727;761;8,27
16728;762;8,37
16729;761;8,27
16731;762;8,37
16732;763;8,47
16733;763;8,47
16735;762;8,37
16736;765;8,67
16737;763;8,47
16739;767;8,87
16740;765;8,67
16741;764;8,57
16743;765;8,67
16744;764;8,57
16745;765;8,67
16747;766;8,77
16748;767;8,87
16749;766;8,77
16751;768;8,98
16752;766;8,77
16753;767;8,87
16755;770;9,18
16756;771;9,28
16757;770;9,18
16759;773;9,48
16760;771;9,28
16761;772;9,38
16762;775;9,68
16764;778;9,98
16765;777;9,88
16766;776;9,78
16769;778;9,98
16770;781;10,28
16772;784;10,59
16773;784;10,59
16774;784;10,59
16776;786;10,79
16777;787;10,89
16779;789;11,09
16780;794;11,59
16781;791;11,29
16783;793;11,49
16784;793;11,49
16786;794;11,59
16787;797;11,89
16788;798;12,00
16790;798;12,00
16791;800;12,20
16793;799;12,10
16794;798;12,00
16796;799;12,10
16797;800;12,20
16798;799;12,10
16800;801;12,30
16801;800;12,20
16803;799;12,10
16804;801;12,30
16805;804;12,60
16807;801;12,30
16808;800;12,20
16811;800;12,20
16812;800;12,20
16813;799;12,10
16815;799;12,10
16816;798;12,00
16818;798;12,00
16819;799;12,10
16821;802;12,40
16822;799;12,10
16823;799;12,10
16825;802;12,40
16826;800;12,20
16828;804;12,60
16829;802;12,40
16830;802;12,40
16832;800;12,20
16833;802;12,40
16835;803;12,50
16836;803;12,50
16837;804;12,60
16839;804;12,60
16840;805;12,70
16842;807;12,90
16843;805;12,70
16845;806;12,80
16846;810;13,20
16847;808;13,00
16849;809;13,10
16850;807;12,90
16852;807;12,90
16854;810;13,20
16855;809;13,10
16857;808;13,00
16858;807;12,90
16860;808;13,00
16861;807;12,90
16862;810;13,20
16864;809;13,10
16865;808;13,00
16867;806;12,80
16868;806;12,80
16870;806;12,80
16871;807;12,90
16872;809;13,10
16874;806;12,80
16875;809;13,10
16877;808;13,00
16878;808;13,00
16879;808;13,00
16881;810;13,20
16882;809;13,10
16884;812;13,40
16885;810;13,20
16886;810;13,20
16888;813;13,51
16889;811;13,30
16891;813;13,51
16892;809;13,10
16894;811;13,30
16896;809;13,10
16897;812;13,40
16899;812;13,40
16900;811;13,30
16902;814;13,61
16903;812;13,40
16904;813;13,51
16906;811;13,30
16907;810;13,20
16909;810;13,20
16910;809;13,10
16911;807;12,90
16913;808;13,00
16914;807;12,90
16916;805;12,70
16917;807;12,90
16918;804;12,60
16920;808;13,00
16921;802;12,40
16923;804;12,60
16924;806;12,80
16926;806;12,80
16927;807;12,90
16928;805;12,70
16930;802;12,40
16931;805;12,70
16933;805;12,70
16934;808;13,00
16935;808;13,00
16937;811;13,30
16939;808;13,00
16941;808;13,00
16942;809;13,10
16943;809;13,10
16945;811;13,30
16946;808;13,00
16948;809;13,10
16949;807;12,90
16951;807;12,90
16952;807;12,90
16953;807;12,90
16955;807;12,90
16956;805;12,70
16958;805;12,70
16959;806;12,80
16960;804;12,60
16962;806;12,80
16963;808;13,00
16965;804;12,60
16966;806;12,80
16967;804;12,60
16969;804;12,60
16970;810;13,20
16972;807;12,90
16973;806;12,80
16975;806;12,80
16976;809;13,10
16977;809;13,10
16979;810;13,20
16980;808;13,00
16983;807;12,90
16984;809;13,10
16985;807;12,90
16987;808;13,00
16988;812;13,40
16990;812;13,40
16991;809;13,10
16992;808;13,00
16994;809;13,10
16995;811;13,30
16997;807;12,90
16998;810;13,20
17000;805;12,70
17001;806;12,80
17002;805;12,70
17004;805;12,70
17005;809;13,10
17007;806;12,80
17008;805;12,70
17009;805;12,70
17011;807;12,90
17012;805;12,70
17014;804;12,60
17015;810;13,20
17016;805;12,70
17018;804;12,60
17019;806;12,80
17021;805;12,70
17022;805;12,70
17025;808;13,00
17026;808;13,00
17027;806;12,80
17029;806;12,80
17030;805;12,70
17032;807;12,90
17033;805;12,70
17034;804;12,60
17036;804;12,60
17037;803;12,50
17039;803;12,50
17040;804;12,60
17041;804;12,60
17043;807;12,90
17044;805;12,70
17046;801;12,30
17047;802;12,40
17048;806;12,80
17050;804;12,60
17051;805;12,70
17053;805;12,70
17054;805;12,70
17056;808;13,00
17057;810;13,20
17058;807;12,90
17060;806;12,80
17061;808;13,00
17063;805;12,70
17064;805;12,70
17065;805;12,70
17068;804;12,60
17069;804;12,60
17071;804;12,60
17072;807;12,90
17073;812;13,40
17075;803;12,50
17076;805;12,70
17078;806;12,80
17079;804;12,60
17081;807;12,90
17082;806;12,80
17083;806;12,80
17085;802;12,40
17086;805;12,70
17088;800;12,20
17089;800;12,20
17090;798;12,00
17092;799;12,10
17093;797;11,89
17095;797;11,89
17096;799;12,10
17097;800;12,20
17099;799;12,10
17100;801;12,30
17102;801;12,30
17103;802;12,40
17105;803;12,50
17106;807;12,90
17107;810;13,20
17110;810;13,20
17111;808;13,00
17113;804;12,60
17114;809;13,10
17115;813;13,51
17117;811;13,30
17118;805;12,70
17120;808;13,00
17121;810;13,20
17122;804;12,60
17124;809;13,10
17125;804;12,60
17127;804;12,60
17128;805;12,70
17130;802;12,40
17131;803;12,50
17132;804;12,60
17134;809;13,10
17135;810;13,20
17137;806;12,80
17138;805;12,70
17139;809;13,10
17141;813;13,51
17142;809;13,10
17144;814;13,61
17145;811;13,30
17146;813;13,51
17148;812;13,40
17149;814;13,61
17152;812;13,40
17153;812;13,40
17155;809;13,10
17156;811;13,30
17157;809;13,10
17159;807;12,90
17160;808;13,00
17162;813;13,51
17163;802;12,40
17164;807;12,90
17166;807;12,90
17167;803;12,50
17169;797;11,89
17170;795;11,69
17171;799;12,10
17173;799;12,10
17174;800;12,20
17176;797;11,89
17177;795;11,69
17178;800;12,20
17180;801;12,30
17181;802;12,40
17183;802;12,40
17184;801;12,30
17186;803;12,50
17187;808;13,00
17188;810;13,20
17190;808;13,00
17191;809;13,10
17193;808;13,00
17195;808;13,00
17196;810;13,20
17198;809;13,10
17199;806;12,80
17201;807;12,90
17202;810;13,20
17203;806;12,80
17205;806;12,80
17206;805;12,70
17208;806;12,80
17209;805;12,70
17211;806;12,80
17212;805;12,70
17213;805;12,70
17215;805;12,70
17216;808;13,00
17218;810;13,20
17219;806;12,80
17220;808;13,00
17222;808;13,00
17223;807;12,90
17225;807;12,90
17226;805;12,70
17227;807;12,90
17229;804;12,60
17230;805;12,70
17232;802;12,40
17233;800;12,20
17235;801;12,30
17236;800;12,20
17238;801;12,30
17240;800;12,20
17241;797;11,89
17243;799;12,10
17244;799;12,10
17245;798;12,00
17247;796;11,79
17248;795;11,69
17250;795;11,69
17251;795;11,69
17252;797;11,89
17254;795;11,69
17255;794;11,59
17257;799;12,10
17258;797;11,89
17260;798;12,00
17261;797;11,89
17262;798;12,00
17264;800;12,20
17265;801;12,30
17267;802;12,40
17268;800;12,20
17269;802;12,40
17271;803;12,50
17272;807;12,90
17274;809;13,10
17275;806;12,80
17276;806;12,80
17278;806;12,80
17280;805;12,70
17282;802;12,40
17283;803;12,50
17285;802;12,40
17286;801;12,30
17287;796;11,79
17289;802;12,40
17290;793;11,49
17292;795;11,69
17293;793;11,49
17294;792;11,39
17296;789;11,09
17297;787;10,89
17299;788;10,99
17300;794;11,59
17301;788;10,99
17303;789;11,09
17304;783;10,49
17306;785;10,69
17307;785;10,69
17309;789;11,09
17310;792;11,39
17311;791;11,29
17313;795;11,69
17314;795;11,69
17316;798;12,00
17317;801;12,30
17318;804;12,60
17320;802;12,40
17321;801;12,30
17324;802;12,40
17325;799;12,10
17326;803;12,50
17328;801;12,30
17329;800;12,20
17331;801;12,30
17332;797;11,89
17333;796;11,79
17335;795;11,69
17336;792;11,39
17338;792;11,39
17339;793;11,49
17341;788;10,99
17342;786;10,79
17343;788;10,99
17345;787;10,89
17346;785;10,69
17348;786;10,79
17349;787;10,89
17350;788;10,99
17352;786;10,79
17353;787;10,89
17355;787;10,89
17356;787;10,89
17357;790;11,19
17359;790;11,19
17360;788;10,99
17362;785;10,69
17363;784;10,59
17366;788;10,99
17367;787;10,89
17368;789;11,09
17370;789;11,09
17371;791;11,29
17373;789;11,09
17374;787;10,89
17375;784;10,59
17377;787;10,89
17378;792;11,39
17380;787;10,89
17381;788;10,99
17382;786;10,79
17384;782;10,38
17385;782;10,38
17387;783;10,49
17388;785;10,69
17390;778;9,98
17391;776;9,78
17392;777;9,88
17394;778;9,98
17395;774;9,58
17396;774;9,58
17397;773;9,48
17399;769;9,08
17400;771;9,28
17401;769;9,08
17403;768;8,98
17404;767;8,87
17405;767;8,87
17408;770;9,18
17409;768;8,98
17410;767;8,87
17412;763;8,47
17413;763;8,47
17414;766;8,77
17416;764;8,57
17417;765;8,67
17418;764;8,57
17420;766;8,77
17421;767;8,87
17422;769;9,08
17424;770;9,18
17425;775;9,68
17426;773;9,48
17428;774;9,58
17429;781;10,28
17430;775;9,68
17432;775;9,68
17433;771;9,28
17434;773;9,48
17436;772;9,38
17437;766;8,77
17438;764;8,57
17440;763;8,47
17441;762;8,37
17442;763;8,47
17444;763;8,47
17445;760;8,17
17446;758;7,97
17448;757;7,87
17449;757;7,87
17451;757;7,87
17453;753;7,47
17454;753;7,47
17455;752;7,36
17457;755;7,67
17458;756;7,77
17459;757;7,87
17461;758;7,97
17462;755;7,67
17463;754;7,57
17465;753;7,47
17466;752;7,36
17467;756;7,77
17469;756;7,77
17470;754;7,57
17471;756;7,77
17473;753;7,47
17474;756;7,77
17475;753;7,47
17477;755;7,67
17478;753;7,47
17479;754;7,57
17481;758;7,97
17482;758;7,97
17483;754;7,57
17485;755;7,67
17486;759;8,07
17487;757;7,87
17489;756;7,77
17490;756;7,77
17491;756;7,77
17494;757;7,87
17495;756;7,77
17496;756;7,77
17498;756;7,77
17499;753;7,47
17500;756;7,77
17502;752;7,36
17503;752;7,36
17504;751;7,26
17505;749;7,06
17507;749;7,06
17508;748;6,96
17509;751;7,26
17511;748;6,96
17512;747;6,86
17513;746;6,76
17515;745;6,66
17516;747;6,86
17517;747;6,86
17519;748;6,96
17520;747;6,86
17521;747;6,86
17523;747;6,86
17524;748;6,96
17525;747;6,86
17527;746;6,76
17528;751;7,26
17529;750;7,16
17531;746;6,76
17532;745;6,66
17533;745;6,66
17536;746;6,76
17537;745;6,66
17538;751;7,26
17540;749;7,06
17541;748;6,96
17542;746;6,76
17544;748;6,96
17545;750;7,16
17546;748;6,96
17548;746;6,76
17549;747;6,86
17550;745;6,66
17552;745;6,66
17553;745;6,66
17554;746;6,76
17556;745;6,66
17557;742;6,36
17558;743;6,46
17560;741;6,26
17561;742;6,36
17562;741;6,26
17564;740;6,16
17565;740;6,16
17566;741;6,26
17568;740;6,16
17569;740;6,16
17570;743;6,46
17572;743;6,46
17573;743;6,46
17574;744;6,56
17576;746;6,76
17577;743;6,46
17579;745;6,66
17581;746;6,76
17582;745;6,66
17583;747;6,86
17585;748;6,96
17586;751;7,26
17587;751;7,26
17589;752;7,36
17590;753;7,47
17591;753;7,47
17592;752;7,36
17594;754;7,57
17595;755;7,67
17596;754;7,57
17598;754;7,57
17599;757;7,87
17600;754;7,57
17602;757;7,87
17603;757;7,87
17604;757;7,87
17606;759;8,07
17607;756;7,77
17608;758;7,97
17610;759;8,07
17611;760;8,17
17612;758;7,97
17614;759;8,07
17615;757;7,87
17616;758;7,97
17618;760;8,17
17619;759;8,07
17620;758;7,97
17623;759;8,07
17624;759;8,07
17625;759;8,07
17627;760;8,17
17628;761;8,27
17629;759;8,07
17631;760;8,17
17632;759;8,07
17633;760;8,17
17635;758;7,97
17636;764;8,57
17637;761;8,27
17639;763;8,47
17640;762;8,37
17641;762;8,37
17643;761;8,27
17644;762;8,37
17645;762;8,37
17647;762;8,37
17648;762;8,37
17649;763;8,47
17651;764;8,57
17652;762;8,37
17653;764;8,57
17655;767;8,87
17656;763;8,47
17657;765;8,67
17659;765;8,67
17660;766;8,77
17661;766;8,77
17664;767;8,87
17665;766;8,77
17666;766;8,77
17668;771;9,28
17669;766;8,77
17670;770;9,18
17672;766;8,77
17673;766;8,77
17674;769;9,08
17676;767;8,87
17677;772;9,38
17678;767;8,87
17679;767;8,87
17681;766;8,77
17682;767;8,87
17683;768;8,98
17685;772;9,38
17686;769;9,08
17687;770;9,18
17689;771;9,28
17690;772;9,38
17691;771;9,28
17693;770;9,18
17694;771;9,28
17695;774;9,58
17697;771;9,28
17698;773;9,48
17699;772;9,38
17701;773;9,48
17702;771;9,28
17703;771;9,28
17705;772;9,38
17707;771;9,28
17708;771;9,28
17710;771;9,28
17711;773;9,48
17712;772;9,38
17714;771;9,28
17715;773;9,48
17716;770;9,18
17718;770;9,18
17719;770;9,18
17720;769;9,08
17722;769;9,08
17723;772;9,38
17724;767;8,87
17726;769;9,08
17727;766;8,77
17728;768;8,98
17730;770;9,18
17731;767;8,87
17732;767;8,87
17734;767;8,87
17735;767;8,87
17736;767;8,87
17738;768;8,98
17739;769;9,08
17740;766;8,77
17742;767;8,87
17743;765;8,67
17744;767;8,87
17746;765;8,67
17747;767;8,87
17748;764;8,57
17751;766;8,77
17752;765;8,67
17753;766;8,77
17755;767;8,87
17756;764;8,57
17757;763;8,47
17759;766;8,77
17760;763;8,47
17761;764;8,57
17763;764;8,57
17764;764;8,57
17765;765;8,67
17766;763;8,47
17768;764;8,57
17769;763;8,47
17770;765;8,67
17772;762;8,37
17773;763;8,47
17774;761;8,27
17776;763;8,47
17777;763;8,47
17778;766;8,77
17780;761;8,27
17781;762;8,37
17782;763;8,47
17784;761;8,27
17785;762;8,37
17786;763;8,47
17788;761;8,27
17789;760;8,17
17790;762;8,37
17793;761;8,27
17794;760;8,17
17795;764;8,57
17797;761;8,27
17798;760;8,17
17799;761;8,27
17801;761;8,27
17802;760;8,17
17803;761;8,27
17805;760;8,17
17806;761;8,27
17807;760;8,17
17809;763;8,47
17810;764;8,57
17811;762;8,37
17813;763;8,47
17814;766;8,77
17815;764;8,57
17817;762;8,37
17818;764;8,57
17819;763;8,47
17821;764;8,57
17822;764;8,57
17823;763;8,47
17825;763;8,47
17826;764;8,57
17827;764;8,57
17829;763;8,47
17830;764;8,57
17831;766;8,77
17833;763;8,47
17835;767;8,87
17836;764;8,57
17838;763;8,47
17839;763;8,47
17840;765;8,67
17842;764;8,57
17843;765;8,67
17844;766;8,77
17846;763;8,47
17847;763;8,47
17848;766;8,77
17850;764;8,57
17851;765;8,67
17852;767;8,87
17853;764;8,57
17855;763;8,47
17856;765;8,67
17857;762;8,37
17859;766;8,77
17860;762;8,37
17861;762;8,37
17863;763;8,47
17864;762;8,37
17865;762;8,37
17867;763;8,47
17868;763;8,47
17869;761;8,27
17871;762;8,37
17872;764;8,57
17873;762;8,37
17875;762;8,37
17876;763;8,47
17878;761;8,27
17880;762;8,37
17881;764;8,57
17882;762;8,37
17884;761;8,27
17885;763;8,47
17886;763;8,47
17888;760;8,17
17889;762;8,37
17890;765;8,67
17892;761;8,27
17893;761;8,27
17894;761;8,27
17896;763;8,47
17897;760;8,17
17898;760;8,17
17900;762;8,37
17901;761;8,27
17902;760;8,17
17904;762;8,37
17905;760;8,17
17906;759;8,07
17908;759;8,07
17909;759;8,07
17910;760;8,17
17912;758;7,97
17913;756;7,77
17914;759;8,07
17916;758;7,97
17917;757;7,87
17918;759;8,07
17921;757;7,87
17922;760;8,17
17923;758;7,97
17925;757;7,87
17926;756;7,77
17927;756;7,77
17929;759;8,07
17930;758;7,97
17931;756;7,77
17933;759;8,07
17934;757;7,87
17935;757;7,87
17937;757;7,87
17938;754;7,57
17939;754;7,57
17940;757;7,87
17942;758;7,97
17943;757;7,87
17944;758;7,97
17946;758;7,97
17947;756;7,77
17948;755;7,67
17950;755;7,67
17951;755;7,67
17952;753;7,47
17954;755;7,67
17955;756;7,77
17956;755;7,67
17958;757;7,87
17959;756;7,77
17960;758;7,97
17963;759;8,07
17964;756;7,77
17965;755;7,67
17967;757;7,87
17968;755;7,67
17969;755;7,67
17971;755;7,67
17972;756;7,77
17973;755;7,67
17975;758;7,97
17976;756;7,77
17977;754;7,57
17979;754;7,57
17980;754;7,57
17981;757;7,87
17983;757;7,87
17984;756;7,77
17985;754;7,57
17987;754;7,57
17988;757;7,87
17989;753;7,47
17991;755;7,67
17992;756;7,77
17993;754;7,57
17995;754;7,57
17996;755;7,67
17997;755;7,67
17999;755;7,67
18000;757;7,87
18001;757;7,87
18003;757;7,87
18004;754;7,57
18006;753;7,47
18008;755;7,67
18009;755;7,67
18010;757;7,87
18012;756;7,77
18013;754;7,57
18014;755;7,67
18016;755;7,67
18017;755;7,67
18018;753;7,47
18020;757;7,87
18021;754;7,57
18022;756;7,77
18024;757;7,87
18025;754;7,57
18026;755;7,67
18027;753;7,47
18029;753;7,47
18030;752;7,36
18031;753;7,47
18033;752;7,36
18034;753;7,47
18035;757;7,87
18037;751;7,26
18038;756;7,77
18039;754;7,57
18041;753;7,47
18042;754;7,57
18043;753;7,47
18045;754;7,57
18046;752;7,36
18048;753;7,47
18050;753;7,47
18051;753;7,47
18052;754;7,57
18054;756;7,77
18055;754;7,57
18056;755;7,67
18058;758;7,97
18059;755;7,67
18060;753;7,47
18062;754;7,57
18063;757;7,87
18064;758;7,97
18066;754;7,57
18067;755;7,67
18068;757;7,87
18070;756;7,77
18071;758;7,97
18072;759;8,07
18074;757;7,87
18075;758;7,97
18076;756;7,77
18078;757;7,87
18079;756;7,77
18080;757;7,87
18082;757;7,87
18083;758;7,97
18084;757;7,87
18086;759;8,07
18087;757;7,87
18088;756;7,77
18091;757;7,87
18092;758;7,97
18093;756;7,77
18095;756;7,77
18096;757;7,87
18097;757;7,87
18099;757;7,87
18100;756;7,77
18101;757;7,87
18103;758;7,97
18104;757;7,87
18105;756;7,77
18107;756;7,77
18108;759;8,07
18109;756;7,77
18111;755;7,67
18112;756;7,77
18113;758;7,97
18114;757;7,87
18116;755;7,67
18117;756;7,77
18118;757;7,87
18120;757;7,87
18121;756;7,77
18122;758;7,97
18124;758;7,97
18125;757;7,87
18126;756;7,77
18128;757;7,87
18129;758;7,97
18130;759;8,07
18132;759;8,07
18134;761;8,27
18135;759;8,07
18137;759;8,07
18138;759;8,07
18139;758;7,97
18141;759;8,07
18142;760;8,17
18143;758;7,97
18145;759;8,07
18146;759;8,07
18147;758;7,97
18149;758;7,97
18150;757;7,87
18151;759;8,07
18153;759;8,07
18154;757;7,87
18155;758;7,97
18157;758;7,97
18158;757;7,87
18159;757;7,87
18161;758;7,97
18162;754;7,57
18163;756;7,77
18165;756;7,77
18166;755;7,67
18167;754;7,57
18169;758;7,97
18170;754;7,57
18171;754;7,57
18173;753;7,47
18174;755;7,67
18176;754;7,57
18178;753;7,47
18179;754;7,57
18180;755;7,67
18182;753;7,47
18183;754;7,57
18184;752;7,36
18186;752;7,36
18187;755;7,67
18188;753;7,47
18190;753;7,47
18191;754;7,57
18192;754;7,57
18194;753;7,47
18195;753;7,47
18196;754;7,57
18198;756;7,77
18199;755;7,67
18200;754;7,57
18201;757;7,87
18203;759;8,07
18204;755;7,67
18205;756;7,77
18207;755;7,67
18208;757;7,87
18209;755;7,67
18211;756;7,77
18212;755;7,67
18213;756;7,77
18215;755;7,67
18216;755;7,67
18217;756;7,77
18220;754;7,57
18221;757;7,87
18222;757;7,87
18224;757;7,87
18225;761;8,27
18226;754;7,57
18228;757;7,87
18229;754;7,57
18230;754;7,57
18232;754;7,57
18233;754;7,57
18234;756;7,77
18236;753;7,47
18237;754;7,57
18238;755;7,67
18240;753;7,47
18241;754;7,57
18242;753;7,47
18244;756;7,77
18245;755;7,67
18246;756;7,77
18248;759;8,07
18249;756;7,77
18250;755;7,67
18252;756;7,77
18253;758;7,97
18254;756;7,77
18256;758;7,97
18257;756;7,77
18258;757;7,87
18260;759;8,07
18262;759;8,07
18263;758;7,97
18265;756;7,77
18266;756;7,77
18267;762;8,37
18269;763;8,47
18270;758;7,97
18271;758;7,97
18273;760;8,17
18274;757;7,87
18275;758;7,97
18277;759;8,07
18278;757;7,87
18279;755;7,67
18281;760;8,17
18282;758;7,97
18283;756;7,77
18285;756;7,77
18286;757;7,87
18287;758;7,97
18288;758;7,97
18290;757;7,87
18291;756;7,77
18292;757;7,87
18294;757;7,87
18295;753;7,47
18296;756;7,77
18298;755;7,67
18299;752;7,36
18300;756;7,77
18302;756;7,77
18304;756;7,77
18305;754;7,57
18307;753;7,47
18308;754;7,57
18309;756;7,77
18311;756;7,77
18312;755;7,67
18313;755;7,67
18315;755;7,67
18316;757;7,87
18317;757;7,87
18319;755;7,67
18320;758;7,97
18321;756;7,77
18323;755;7,67
18324;758;7,97
18325;757;7,87
18327;757;7,87
18328;757;7,87
18329;757;7,87
18331;758;7,97
18332;762;8,37
18333;757;7,87
18335;757;7,87
18336;765;8,67
18337;759;8,07
18339;759;8,07
18340;759;8,07
18341;758;7,97
18343;758;7,97
18344;758;7,97
18345;757;7,87
18348;757;7,87
18349;759;8,07
18350;758;7,97
18352;756;7,77
18353;755;7,67
18354;757;7,87
18356;755;7,67
18357;756;7,77
18358;759;8,07
18360;756;7,77
18361;760;8,17
18362;754;7,57
18364;753;7,47
18365;753;7,47
18366;754;7,57
18368;756;7,77
18369;756;7,77
18370;755;7,67
18372;755;7,67
18373;753;7,47
18374;755;7,67
18375;753;7,47
18377;753;7,47
18378;753;7,47
18379;754;7,57
18381;754;7,57
18382;755;7,67
18383;755;7,67
18385;758;7,97
18386;755;7,67
18387;756;7,77
18390;754;7,57
18391;755;7,67
18392;759;8,07
18394;755;7,67
18395;757;7,87
18396;757;7,87
18398;757;7,87
18399;755;7,67
18400;756;7,77
18402;759;8,07
18403;758;7,97
18404;757;7,87
18406;756;7,77
18407;755;7,67
18408;757;7,87
18410;759;8,07
18411;756;7,77
18412;759;8,07
18414;756;7,77
18415;758;7,97
18416;757;7,87
18418;755;7,67
18419;760;8,17
18420;756;7,77
18422;755;7,67
18423;756;7,77
18424;757;7,87
18426;757;7,87
18427;757;7,87
18428;755;7,67
18430;753;7,47
18432;757;7,87
18433;755;7,67
18435;757;7,87
18436;756;7,77
18437;757;7,87
18439;758;7,97
18440;759;8,07
18441;757;7,87
18443;759;8,07
18444;757;7,87
18445;756;7,77
18447;756;7,77
18448;759;8,07
18449;758;7,97
18451;759;8,07
18452;758;7,97
18453;758;7,97
18455;757;7,87
18456;759;8,07
18457;757;7,87
18459;756;7,77
18460;759;8,07
18461;757;7,87
18462;757;7,87
18464;756;7,77
18465;757;7,87
18466;756;7,77
18468;757;7,87
18469;758;7,97
18470;757;7,87
18472;758;7,97
18473;755;7,67
18475;755;7,67
18477;758;7,97
18478;757;7,87
18479;757;7,87
18481;759;8,07
18482;757;7,87
18483;756;7,77
18485;754;7,57
18486;750;7,16
18487;753;7,47
18489;757;7,87
18490;756;7,77
18491;759;8,07
18493;761;8,27
18494;764;8,57
18495;759;8,07
18497;762;8,37
18498;759;8,07
18499;759;8,07
18501;755;7,67
18502;754;7,57
18503;756;7,77
18505;758;7,97
18506;756;7,77
18507;757;7,87
18509;758;7,97
18510;759;8,07
18511;759;8,07
18513;757;7,87
18514;759;8,07
18515;755;7,67
18518;756;7,77
18519;754;7,57
18520;755;7,67
18522;756;7,77
18523;756;7,77
18524;757;7,87
18526;758;7,97
18527;755;7,67
18528;753;7,47
18530;755;7,67
18531;755;7,67
18532;757;7,87
18534;757;7,87
18535;755;7,67
18536;758;7,97
18538;759;8,07
18539;756;7,77
18540;755;7,67
18542;759;8,07
18543;756;7,77
18544;756;7,77
18546;762;8,37
18547;756;7,77
18548;759;8,07
18549;755;7,67
18551;758;7,97
18552;757;7,87
18553;758;7,97
18555;758;7,97
18556;758;7,97
18557;759;8,07
18560;759;8,07
18561;759;8,07
18562;761;8,27
18564;756;7,77
18565;759;8,07
18566;757;7,87
18568;758;7,97
18569;757;7,87
18570;759;8,07
18572;758;7,97
18573;758;7,97
18574;756;7,77
18576;756;7,77
18577;759;8,07
18578;755;7,67
18580;756;7,77
18581;756;7,77
18582;756;7,77
18584;755;7,67
18585;755;7,67
18586;758;7,97
18588;753;7,47
18589;755;7,67
18590;756;7,77
18592;756;7,77
18593;757;7,87
18594;756;7,77
18596;757;7,87
18597;755;7,67
18598;754;7,57
18600;755;7,67
18601;756;7,77
18603;760;8,17
18605;754;7,57
18606;757;7,87
18607;757;7,87
18609;756;7,77
18610;756;7,77
18611;755;7,67
18613;759;8,07
18614;757;7,87
18615;758;7,97
18617;756;7,77
18618;755;7,67
18619;757;7,87
18621;756;7,77
18622;762;8,37
18623;754;7,57
18625;756;7,77
18626;756;7,77
18627;759;8,07
18629;759;8,07
18630;755;7,67
18631;758;7,97
18633;755;7,67
18634;755;7,67
18635;756;7,77
18636;755;7,67
18638;758;7,97
18639;758;7,97
18640;755;7,67
18642;757;7,87
18643;755;7,67
18644;759;8,07
18647;753;7,47
18648;756;7,77
18649;758;7,97
18651;756;7,77
18652;759;8,07
18653;755;7,67
18655;759;8,07
18656;755;7,67
18657;754;7,57
18659;755;7,67
18660;753;7,47
18661;757;7,87
18663;751;7,26
18664;756;7,77
18665;754;7,57
18667;753;7,47
18668;758;7,97
18669;748;6,96
18671;753;7,47
18672;754;7,57
18673;752;7,36
18675;753;7,47
18676;750;7,16
18677;753;7,47
18679;751;7,26
18680;754;7,57
18681;753;7,47
18683;750;7,16
18684;756;7,77
18685;750;7,16
18688;752;7,36
18689;755;7,67
18690;751;7,26
18692;754;7,57
18693;750;7,16
18694;754;7,57
18696;753;7,47
18697;752;7,36
18698;753;7,47
18700;753;7,47
18701;754;7,57
18702;754;7,57
18704;753;7,47
18705;754;7,57
18706;755;7,67
18708;755;7,67
18709;752;7,36
18710;754;7,57
18712;752;7,36
18713;756;7,77
18714;755;7,67
18716;753;7,47
18717;756;7,77
18718;751;7,26
18720;757;7,87
18721;754;7,57
18722;754;7,57
18723;755;7,67
18725;752;7,36
18726;755;7,67
18727;752;7,36
18729;753;7,47
18731;753;7,47
18732;754;7,57
18734;756;7,77
18735;750;7,16
18736;755;7,67
18738;755;7,67
18739;752;7,36
18740;755;7,67
18742;753;7,47
18743;755;7,67
18744;752;7,36
18746;753;7,47
18747;754;7,57
18748;752;7,36
18750;755;7,67
18751;751;7,26
18752;755;7,67
18754;753;7,47
18755;752;7,36
18756;754;7,57
18758;755;7,67
18759;755;7,67
18760;749;7,06
18762;755;7,67
18763;752;7,36
18764;756;7,77
18766;755;7,67
18767;751;7,26
18768;754;7,57
18770;753;7,47
18771;750;7,16
18772;754;7,57
18775;751;7,26
18776;754;7,57
18777;748;6,96
18779;752;7,36
18780;749;7,06
18781;750;7,16
18783;753;7,47
18784;750;7,16
18785;755;7,67
18787;750;7,16
18788;751;7,26
18789;753;7,47
18791;753;7,47
18792;754;7,57
18793;753;7,47
18795;754;7,57
18796;752;7,36
18797;754;7,57
18799;753;7,47
18800;751;7,26
18801;752;7,36
18803;753;7,47
18804;753;7,47
18805;753;7,47
18807;754;7,57
18808;752;7,36
18809;754;7,57
18810;754;7,57
18812;752;7,36
18813;756;7,77
18814;754;7,57
18817;756;7,77
18818;750;7,16
18819;754;7,57
18821;755;7,67
18822;753;7,47
18823;753;7,47
18825;751;7,26
18826;756;7,77
18827;757;7,87
18829;753;7,47
18830;751;7,26
18831;756;7,77
18833;755;7,67
18834;755;7,67
18835;751;7,26
18837;754;7,57
18838;757;7,87
18839;758;7,97
18841;751;7,26
18842;753;7,47
18843;754;7,57
18845;756;7,77
18846;751;7,26
18847;752;7,36
18849;757;7,87
18850;755;7,67
18851;755;7,67
18853;750;7,16
18854;754;7,57
18855;755;7,67
18857;752;7,36
18859;749;7,06
18860;751;7,26
18862;755;7,67
18863;754;7,57
18864;750;7,16
18866;752;7,36
18867;754;7,57
18868;755;7,67
18870;750;7,16
18871;749;7,06
18872;754;7,57
18874;756;7,77
18875;754;7,57
18876;750;7,16
18878;753;7,47
18879;754;7,57
18880;752;7,36
18882;750;7,16
18883;752;7,36
18884;759;8,07
18886;752;7,36
18887;747;6,86
18888;752;7,36
18890;756;7,77
18891;754;7,57
18892;751;7,26
18894;755;7,67
18895;757;7,87
18896;751;7,26
18897;750;7,16
18899;757;7,87
18900;759;8,07
18902;752;7,36
18904;755;7,67
18905;758;7,97
18906;756;7,77
18908;752;7,36
18909;753;7,47
18910;756;7,77
18912;757;7,87
18913;754;7,57
18914;753;7,47
18916;756;7,77
18917;758;7,97
18918;754;7,57
18920;754;7,57
18921;754;7,57
18922;757;7,87
18924;756;7,77
18925;753;7,47
18926;753;7,47
18928;753;7,47
18929;755;7,67
18930;753;7,47
18932;753;7,47
18933;752;7,36
18934;751;7,26
18936;751;7,26
18937;752;7,36
18938;751;7,26
18940;751;7,26
18941;750;7,16
18942;751;7,26
18945;750;7,16
18946;751;7,26
18947;751;7,26
18949;754;7,57
18950;753;7,47
18951;753;7,47
18953;752;7,36
18954;751;7,26
18955;752;7,36
18957;750;7,16
18958;752;7,36
18959;754;7,57
18961;753;7,47
18962;752;7,36
18963;752;7,36
18965;751;7,26
18966;752;7,36
18967;754;7,57
18969;751;7,26
18970;751;7,26
18971;752;7,36
18973;753;7,47
18974;754;7,57
18975;752;7,36
18977;752;7,36
18978;756;7,77
18979;752;7,36
18981;754;7,57
18982;754;7,57
18983;753;7,47
18984;753;7,47
18987;754;7,57
18988;753;7,47
18989;754;7,57
18991;752;7,36
18992;752;7,36
18993;753;7,47
18995;752;7,36
18996;753;7,47
18997;754;7,57
18999;754;7,57
19000;755;7,67
19001;752;7,36
19003;752;7,36
19004;754;7,57
19005;754;7,57
19007;753;7,47
19008;751;7,26
19009;753;7,47
19011;753;7,47
19012;754;7,57
19013;751;7,26
19015;751;7,26
19016;751;7,26
19017;751;7,26
19019;751;7,26
19020;751;7,26
19021;751;7,26
19023;752;7,36
19024;753;7,47
19025;753;7,47
19027;752;7,36
19028;752;7,36
19030;751;7,26
19032;751;7,26
19033;752;7,36
19034;753;7,47
19036;751;7,26
19037;751;7,26
19038;753;7,47
19040;755;7,67
19041;754;7,57
19042;752;7,36
19044;756;7,77
19045;754;7,57
19046;752;7,36
19048;753;7,47
19049;753;7,47
19050;756;7,77
19052;755;7,67
19053;754;7,57
19054;756;7,77
19056;754;7,57
19057;754;7,57
19058;753;7,47
19060;755;7,67
19061;755;7,67
19062;757;7,87
19064;757;7,87
19065;754;7,57
19066;754;7,57
19068;757;7,87
19069;755;7,67
19070;754;7,57
19072;754;7,57
19074;754;7,57
19075;753;7,47
19076;753;7,47
19078;753;7,47
19079;757;7,87
19080;755;7,67
19082;755;7,67
19083;753;7,47
19084;753;7,47
19086;754;7,57
19087;752;7,36
19088;751;7,26
19090;753;7,47
19091;752;7,36
19092;755;7,67
19094;751;7,26
19095;751;7,26
19096;751;7,26
19098;751;7,26
19099;751;7,26
19100;748;6,96
19102;748;6,96
19103;749;7,06
19104;750;7,16
19106;749;7,06
19107;748;6,96
19108;750;7,16
19110;747;6,86
19111;749;7,06
19112;748;6,96
19115;747;6,86
19116;745;6,66
19117;748;6,96
19119;747;6,86
19120;747;6,86
19121;750;7,16
19123;747;6,86
19124;751;7,26
19125;749;7,06
19127;747;6,86
19128;748;6,96
19129;748;6,96
19131;750;7,16
19132;748;6,96
19133;747;6,86
19135;749;7,06
19136;749;7,06
19137;750;7,16
19139;746;6,76
19140;748;6,96
19141;751;7,26
19143;747;6,86
19144;749;7,06
19145;749;7,06
19147;749;7,06
19148;750;7,16
19149;752;7,36
19151;750;7,16
19152;753;7,47
19153;754;7,57
19155;753;7,47
19156;754;7,57
19158;751;7,26
19159;753;7,47
19161;753;7,47
19162;756;7,77
19163;753;7,47
19165;754;7,57
19166;755;7,67
19167;752;7,36
19169;756;7,77
19170;753;7,47
19171;754;7,57
19173;752;7,36
19174;753;7,47
19175;753;7,47
19177;757;7,87
19178;757;7,87
19179;752;7,36
19181;754;7,57
19182;754;7,57
19183;752;7,36
19185;752;7,36
19186;752;7,36
19187;752;7,36
19189;751;7,26
19190;752;7,36
19191;749;7,06
19193;749;7,06
19194;749;7,06
19195;750;7,16
19197;749;7,06
19198;748;6,96
19200;749;7,06
19202;748;6,96
19203;747;6,86
19204;748;6,96
19206;749;7,06
19207;750;7,16
19208;752;7,36
19210;750;7,16
19211;751;7,26
19212;751;7,26
19214;751;7,26
19215;751;7,26
19216;751;7,26
19218;753;7,47
19219;755;7,67
19220;754;7,57
19222;755;7,67
19223;760;8,17
19224;754;7,57
19226;755;7,67
19227;756;7,77
19228;754;7,57
19230;756;7,77
19231;757;7,87
19232;756;7,77
19234;756;7,77
19235;759;8,07
19236;755;7,67
19238;756;7,77
19239;756;7,77
19240;757;7,87
19243;757;7,87
19244;755;7,67
19245;757;7,87
19246;754;7,57
19248;756;7,77
19249;754;7,57
19250;754;7,57
19252;753;7,47
19253;751;7,26
19254;752;7,36
19256;751;7,26
19257;751;7,26
19258;751;7,26
19260;749;7,06
19261;748;6,96
19262;748;6,96
19264;752;7,36
19265;747;6,86
19266;750;7,16
19268;746;6,76
19269;745;6,66
19270;749;7,06
19272;748;6,96
19273;746;6,76
19274;745;6,66
19276;749;7,06
19277;746;6,76
19278;749;7,06
19280;746;6,76
19281;746;6,76
19282;748;6,96
19284;748;6,96
19286;750;7,16
19287;750;7,16
19289;750;7,16
19290;749;7,06
19291;750;7,16
19293;751;7,26
19294;752;7,36
19295;751;7,26
19297;754;7,57
19298;754;7,57
19299;754;7,57
19301;753;7,47
19302;752;7,36
19303;752;7,36
19305;754;7,57
19306;752;7,36
19307;751;7,26
19309;751;7,26
19310;752;7,36
19311;754;7,57
19313;754;7,57
19314;752;7,36
19315;751;7,26
19317;752;7,36
19318;750;7,16
19319;751;7,26
19321;750;7,16
19322;753;7,47
19323;751;7,26
19325;750;7,16
19326;751;7,26
19328;752;7,36
19330;752;7,36
19331;755;7,67
19332;751;7,26
19333;752;7,36
19335;752;7,36
19336;752;7,36
19337;755;7,67
19339;753;7,47
19340;750;7,16
19341;754;7,57
19343;753;7,47
19344;753;7,47
19345;750;7,16
19347;750;7,16
19348;750;7,16
19349;753;7,47
19351;753;7,47
19352;751;7,26
19353;752;7,36
19355;751;7,26
19356;751;7,26
19357;750;7,16
19359;749;7,06
19360;754;7,57
19361;750;7,16
19363;749;7,06
19364;749;7,06
19365;747;6,86
19367;749;7,06
19368;749;7,06
19369;750;7,16
19372;750;7,16
19373;749;7,06
19374;751;7,26
19376;752;7,36
19377;751;7,26
19378;754;7,57
19380;751;7,26
19381;752;7,36
19382;752;7,36
19384;752;7,36
19385;754;7,57
19386;754;7,57
19388;754;7,57
19389;752;7,36
19390;754;7,57
19392;754;7,57
19393;754;7,57
19394;754;7,57
19396;755;7,67
19397;754;7,57
19398;756;7,77
19400;754;7,57
19401;756;7,77
19402;756;7,77
19404;755;7,67
19405;754;7,57
19406;755;7,67
19408;756;7,77
19409;754;7,57
19410;756;7,77
19412;757;7,87
19414;758;7,97
19415;756;7,77
19417;753;7,47
19418;755;7,67
19419;755;7,67
19420;756;7,77
19422;753;7,47
19423;756;7,77
19424;756;7,77
19426;754;7,57
19427;754;7,57
19428;753;7,47
19430;755;7,67
19431;754;7,57
19432;754;7,57
19434;753;7,47
19435;753;7,47
19436;751;7,26
19438;754;7,57
19439;754;7,57
19440;751;7,26
19442;751;7,26
19443;751;7,26
19444;752;7,36
19446;753;7,47
19447;751;7,26
19448;751;7,26
19450;752;7,36
19451;749;7,06
19452;751;7,26
19454;752;7,36
19456;750;7,16
19457;751;7,26
19459;751;7,26
19460;751;7,26
19461;753;7,47
19463;753;7,47
19464;752;7,36
19465;752;7,36
19467;754;7,57
19468;754;7,57
19469;752;7,36
19471;755;7,67
19472;754;7,57
19473;753;7,47
19475;756;7,77
19476;754;7,57
19477;755;7,67
19479;759;8,07
19480;758;7,97
19481;756;7,77
19483;755;7,67
19484;754;7,57
19485;756;7,77
19487;756;7,77
19488;755;7,67
19489;757;7,87
19491;756;7,77
19492;755;7,67
19493;756;7,77
19495;755;7,67
19496;755;7,67
19497;757;7,87
19500;759;8,07
19501;757;7,87
19502;755;7,67
19504;756;7,77
19505;754;7,57
19506;753;7,47
19507;754;7,57
19509;755;7,67
19510;756;7,77
19511;753;7,47
19513;755;7,67
19514;756;7,77
19515;754;7,57
19517;756;7,77
19518;756;7,77
19519;756;7,77
19521;756;7,77
19522;758;7,97
19523;757;7,87
19525;760;8,17
19526;758;7,97
19527;757;7,87
19529;759;8,07
19530;759;8,07
19531;757;7,87
19533;760;8,17
19534;758;7,97
19535;757;7,87
19537;757;7,87
19538;757;7,87
19539;756;7,77
19542;756;7,77
19543;758;7,97
19544;756;7,77
19546;757;7,87
19547;758;7,97
19548;757;7,87
19550;760;8,17
19551;757;7,87
19552;757;7,87
19554;758;7,97
19555;758;7,97
19556;758;7,97
19558;757;7,87
19559;759;8,07
19560;757;7,87
19562;757;7,87
19563;758;7,97
19564;757;7,87
19566;758;7,97
19567;757;7,87
19568;758;7,97
19570;759;8,07
19571;758;7,97
19572;759;8,07
19574;760;8,17
19575;758;7,97
19576;758;7,97
19578;759;8,07
19579;760;8,17
19580;761;8,27
19582;761;8,27
19584;760;8,17
19585;760;8,17
19587;760;8,17
19588;759;8,07
19589;759;8,07
19591;759;8,07
19592;760;8,17
19593;759;8,07
19594;759;8,07
19596;760;8,17
19597;759;8,07
19598;760;8,17
19600;760;8,17
19601;759;8,07
19602;760;8,17
19604;758;7,97
19605;758;7,97
19606;759;8,07
19608;757;7,87
19609;758;7,97
19610;757;7,87
19612;756;7,77
19613;758;7,97
19614;757;7,87
19616;757;7,87
19617;757;7,87
19618;756;7,77
19620;756;7,77
19621;758;7,97
19622;759;8,07
19624;758;7,97
19625;758;7,97
19627;757;7,87
19629;757;7,87
19630;757;7,87
19631;757;7,87
19633;756;7,77
19634;756;7,77
19635;756;7,77
19637;755;7,67
19638;754;7,57
19639;753;7,47
19641;754;7,57
19642;752;7,36
19643;755;7,67
19645;752;7,36
19646;757;7,87
19647;756;7,77
19649;752;7,36
19650;759;8,07
19651;756;7,77
19653;755;7,67
19654;755;7,67
19655;755;7,67
19657;756;7,77
19658;756;7,77
19659;757;7,87
19661;759;8,07
19662;758;7,97
19663;759;8,07
19665;760;8,17
19666;759;8,07
19667;765;8,67
19670;765;8,67
19671;762;8,37
19672;761;8,27
19674;762;8,37
19675;762;8,37
19676;763;8,47
19678;762;8,37
19679;762;8,37
19680;763;8,47
19681;761;8,27
19683;762;8,37
19684;759;8,07
19685;759;8,07
19687;759;8,07
19688;758;7,97
19689;761;8,27
19691;757;7,87
19692;756;7,77
19693;757;7,87
19695;757;7,87
19696;759;8,07
19697;754;7,57
19699;759;8,07
19700;757;7,87
19701;755;7,67
19703;756;7,77
19704;758;7,97
19705;758;7,97
19707;758;7,97
19708;758;7,97
19709;758;7,97
19712;759;8,07
19713;761;8,27
19714;760;8,17
19716;759;8,07
19717;763;8,47
19718;760;8,17
19720;763;8,47
19721;762;8,37
19722;760;8,17
19724;763;8,47
19725;761;8,27
19726;761;8,27
19728;765;8,67
19729;764;8,57
19730;759;8,07
19732;762;8,37
19733;761;8,27
19734;761;8,27
19736;761;8,27
19737;761;8,27
19738;760;8,17
19740;761;8,27
19741;762;8,37
19742;761;8,27
19744;762;8,37
19745;762;8,37
19746;762;8,37
19748;761;8,27
19749;765;8,67
19750;763;8,47
19752;761;8,27
19753;763;8,47
19755;762;8,37
19757;761;8,27
19758;765;8,67
19759;764;8,57
19761;763;8,47
19762;763;8,47
19763;763;8,47
19765;764;8,57
19766;761;8,27
19767;763;8,47
19768;763;8,47
19770;765;8,67
19771;761;8,27
19772;761;8,27
19774;763;8,47
19775;761;8,27
19776;762;8,37
19778;764;8,57
19779;761;8,27
19780;761;8,27
19782;760;8,17
19783;760;8,17
19784;758;7,97
19786;757;7,87
19787;759;8,07
19788;759;8,07
19790;764;8,57
19791;758;7,97
19792;758;7,97
19794;759;8,07
19795;760;8,17
19796;758;7,97
19799;758;7,97
19800;758;7,97
19801;759;8,07
19803;761;8,27
19804;758;7,97
19805;759;8,07
19807;760;8,17
19808;758;7,97
19809;759;8,07
19811;762;8,37
19812;759;8,07
19813;759;8,07
19815;757;7,87
19816;759;8,07
19817;761;8,27
19819;762;8,37
19820;760;8,17
19821;762;8,37
19823;762;8,37
19824;762;8,37
19825;762;8,37
19827;760;8,17
19828;761;8,27
19829;762;8,37
19831;764;8,57
19832;761;8,27
19833;762;8,37
19835;765;8,67
19836;763;8,47
19837;762;8,37
19840;761;8,27
19841;762;8,37
19842;761;8,27
19844;761;8,27
19845;760;8,17
19846;762;8,37
19848;763;8,47
19849;761;8,27
19850;762;8,37
19852;764;8,57
19853;761;8,27
19854;765;8,67
19855;765;8,67
19857;762;8,37
19858;762;8,37
19859;764;8,57
19861;760;8,17
19862;760;8,17
19863;764;8,57
19865;760;8,17
19866;765;8,67
19867;759;8,07
19869;762;8,37
19870;760;8,17
19871;761;8,27
19873;760;8,17
19874;761;8,27
19875;763;8,47
19877;761;8,27
19878;761;8,27
19879;764;8,57
19881;763;8,47
19883;760;8,17
19884;761;8,27
19886;760;8,17
19887;761;8,27
19888;760;8,17
19890;760;8,17
19891;762;8,37
19892;759;8,07
19894;760;8,17
19895;763;8,47
19896;759;8,07
19898;759;8,07
19899;763;8,47
19900;757;7,87
19902;759;8,07
19903;759;8,07
19904;757;7,87
19906;758;7,97
19907;758;7,97
19908;757;7,87
19910;759;8,07
19911;756;7,77
19912;759;8,07
19914;756;7,77
19915;759;8,07
19916;758;7,97
19918;756;7,77
19919;758;7,97
19920;758;7,97
19922;757;7,87
19923;757;7,87
19924;756;7,77
19927;756;7,77
19928;759;8,07
19929;756;7,77
19931;756;7,77
19932;756;7,77
19933;756;7,77
19935;757;7,87
19936;758;7,97
19937;757;7,87
19939;756;7,77
19940;758;7,97
19941;760;8,17
19942;757;7,87
19944;757;7,87
19945;756;7,77
19946;756;7,77
19948;757;7,87
19949;757;7,87
19950;757;7,87
19952;759;8,07
19953;756;7,77
19954;757;7,87
19956;756;7,77
19957;758;7,97
19958;756;7,77
19960;754;7,57
19961;755;7,67
19962;757;7,87
19964;756;7,77
19965;757;7,87
19966;754;7,57
19969;757;7,87
19970;758;7,97
19971;753;7,47
19973;755;7,67
19974;755;7,67
19975;755;7,67
19977;758;7,97
19978;757;7,87
19979;754;7,57
19981;756;7,77
19982;758;7,97
19983;755;7,67
19985;754;7,57
19986;755;7,67
19987;755;7,67
19989;754;7,57
19990;755;7,67
19991;753;7,47
19993;755;7,67
19994;751;7,26
19995;754;7,57
19997;751;7,26
19998;756;7,77
19999;753;7,47
20001;753;7,47
20002;754;7,57
20003;754;7,57
20005;752;7,36
20006;756;7,77
20007;751;7,26
20009;751;7,26
20011;756;7,77
20012;752;7,36
20014;755;7,67
20015;754;7,57
20016;752;7,36
20018;754;7,57
20019;755;7,67
20020;753;7,47
20022;753;7,47
20023;754;7,57
20024;756;7,77
20026;753;7,47
20027;755;7,67
20028;754;7,57
20029;755;7,67
20031;753;7,47
20032;754;7,57
20033;753;7,47
20035;752;7,36
20036;753;7,47
20037;752;7,36
20039;753;7,47
20040;752;7,36
20041;754;7,57
20043;752;7,36
20044;754;7,57
20045;754;7,57
20047;753;7,47
20048;755;7,67
20049;752;7,36
20051;754;7,57
20052;753;7,47
20054;755;7,67
20056;754;7,57
20057;754;7,57
20058;754;7,57
20060;754;7,57
20061;754;7,57
20062;754;7,57
20064;754;7,57
20065;753;7,47
20066;755;7,67
20068;754;7,57
20069;754;7,57
20070;753;7,47
20072;753;7,47
20073;752;7,36
20074;751;7,26
20076;752;7,36
20077;750;7,16
20078;751;7,26
20080;753;7,47
20081;751;7,26
20082;749;7,06
20084;754;7,57
20085;752;7,36
20086;750;7,16
20088;750;7,16
20089;750;7,16
20090;750;7,16
20092;751;7,26
20093;748;6,96
20094;751;7,26
20097;752;7,36
20098;748;6,96
20099;749;7,06
20101;749;7,06
20102;749;7,06
20103;750;7,16
20105;750;7,16
20106;748;6,96
20107;751;7,26
20109;752;7,36
20110;750;7,16
20111;751;7,26
20113;749;7,06
20114;749;7,06
20115;751;7,26
20116;752;7,36
20118;751;7,26
20119;752;7,36
20120;749;7,06
20122;751;7,26
20123;750;7,16
20124;750;7,16
20126;750;7,16
20127;754;7,57
20128;752;7,36
20130;750;7,16
20131;754;7,57
20132;752;7,36
20134;750;7,16
20135;754;7,57
20136;748;6,96
20139;750;7,16
20140;749;7,06
20141;751;7,26
20143;750;7,16
20144;750;7,16
20145;752;7,36
20147;749;7,06
20148;749;7,06
20149;751;7,26
20151;751;7,26
20152;750;7,16
20153;752;7,36
20155;752;7,36
20156;752;7,36
20157;755;7,67
20159;751;7,26
20160;752;7,36
20161;752;7,36
20163;754;7,57
20164;757;7,87
20165;755;7,67
20167;753;7,47
20168;754;7,57
20169;756;7,77
20171;753;7,47
20172;757;7,87
20173;755;7,67
20175;754;7,57
20176;754;7,57
20177;753;7,47
20179;754;7,57
20180;756;7,77
20182;755;7,67
20184;754;7,57
20185;754;7,57
20186;757;7,87
20188;754;7,57
20189;754;7,57
20190;757;7,87
20192;755;7,67
20193;754;7,57
20194;756;7,77
20196;753;7,47
20197;757;7,87
20198;754;7,57
20200;752;7,36
20201;754;7,57
20202;753;7,47
20203;754;7,57
20205;754;7,57
20206;758;7,97
20207;754;7,57
20209;754;7,57
20210;754;7,57
20211;754;7,57
20213;754;7,57
20214;756;7,77
20215;756;7,77
20217;755;7,67
20218;755;7,67
20219;755;7,67
20221;755;7,67
20222;757;7,87
20224;756;7,77
20226;757;7,87
20227;757;7,87
20228;757;7,87
20230;759;8,07
20231;757;7,87
20232;758;7,97
20234;759;8,07
20235;758;7,97
20236;756;7,77
20238;759;8,07
20239;760;8,17
20240;758;7,97
20242;757;7,87
20243;757;7,87
20244;758;7,97
20246;757;7,87
20247;761;8,27
20248;758;7,97
20250;758;7,97
20251;760;8,17
20252;756;7,77
20254;758;7,97
20255;759;8,07
20256;757;7,87
20258;757;7,87
20259;756;7,77
20260;757;7,87
20262;758;7,97
20263;759;8,07
20264;756;7,77
20267;757;7,87
20268;755;7,67
20269;756;7,77
20271;758;7,97
20272;755;7,67
20273;754;7,57
20275;754;7,57
20276;755;7,67
20277;755;7,67
20279;754;7,57
20280;755;7,67
20281;756;7,77
20283;754;7,57
20284;756;7,77
20285;757;7,87
20287;756;7,77
20288;757;7,87
20289;758;7,97
20290;761;8,27
20292;759;8,07
20293;758;7,97
20294;756;7,77
20296;757;7,87
20297;757;7,87
20298;758;7,97
20300;757;7,87
20301;760;8,17
20302;762;8,37
20304;758;7,97
20305;757;7,87
20306;758;7,97
20308;758;7,97
20310;758;7,97
20311;757;7,87
20313;761;8,27
20314;756;7,77
20315;759;8,07
20317;757;7,87
20318;757;7,87
20319;758;7,97
20321;758;7,97
20322;758;7,97
20323;758;7,97
20325;760;8,17
20326;757;7,87
20327;758;7,97
20329;756;7,77
20330;759;8,07
20331;755;7,67
20333;757;7,87
20334;756;7,77
20335;758;7,97
20337;757;7,87
20338;757;7,87
20339;758;7,97
20341;757;7,87
20342;756;7,77
20343;757;7,87
20345;757;7,87
20346;756;7,77
20347;761;8,27
20349;759;8,07
20350;757;7,87
20352;757;7,87
20354;759;8,07
20355;756;7,77
20356;756;7,77
20358;760;8,17
20359;762;8,37
20360;758;7,97
20362;758;7,97
20363;758;7,97
20364;759;8,07
20366;758;7,97
20367;757;7,87
20368;757;7,87
20370;757;7,87
20371;756;7,77
20372;756;7,77
20374;762;8,37
20375;757;7,87
20376;757;7,87
20377;758;7,97
20379;759;8,07
20380;757;7,87
20381;757;7,87
20383;758;7,97
20384;756;7,77
20385;756;7,77
20387;756;7,77
20388;758;7,97
20389;757;7,87
20391;756;7,77
20392;756;7,77
20393;756;7,77
20396;758;7,97
20397;758;7,97
20398;759;8,07
20400;755;7,67
20401;759;8,07
20402;759;8,07
20404;759;8,07
20405;756;7,77
20406;756;7,77
20408;757;7,87
20409;757;7,87
20410;756;7,77
20412;757;7,87
20413;755;7,67
20414;759;8,07
20416;756;7,77
20417;760;8,17
20418;757;7,87
20420;757;7,87
20421;756;7,77
20422;757;7,87
20424;755;7,67
20425;755;7,67
20426;757;7,87
20428;756;7,77
20429;756;7,77
20430;755;7,67
20432;754;7,57
20433;756;7,77
20434;760;8,17
20436;756;7,77
20438;757;7,87
20439;756;7,77
20441;754;7,57
20442;757;7,87
20443;756;7,77
20445;756;7,77
20446;756;7,77
20447;756;7,77
20449;754;7,57
20450;757;7,87
20451;754;7,57
20453;756;7,77
20454;756;7,77
20455;754;7,57
20457;755;7,67
20458;754;7,57
20459;753;7,47
20461;755;7,67
20462;755;7,67
20463;755;7,67
20464;757;7,87
20466;754;7,57
20467;757;7,87
20468;755;7,67
20470;757;7,87
20471;755;7,67
20472;754;7,57
20474;756;7,77
20475;755;7,67
20476;756;7,77
20478;757;7,87
20480;758;7,97
20481;753;7,47
20483;757;7,87
20484;758;7,97
20485;758;7,97
20487;756;7,77
20488;756;7,77
20489;754;7,57
20491;757;7,87
20492;756;7,77
20493;755;7,67
20495;755;7,67
20496;755;7,67
20497;755;7,67
20499;755;7,67
20500;755;7,67
20501;754;7,57
20503;755;7,67
20504;759;8,07
20505;757;7,87
20507;756;7,77
20508;756;7,77
20509;756;7,77
20511;756;7,77
20512;756;7,77
20513;756;7,77
20515;756;7,77
20516;758;7,97
20517;757;7,87
20519;756;7,77
20520;755;7,67
20521;756;7,77
20524;757;7,87
20525;758;7,97
20526;756;7,77
20528;756;7,77
20529;760;8,17
20530;756;7,77
20532;756;7,77
20533;760;8,17
20534;755;7,67
20536;754;7,57
20537;755;7,67
20538;757;7,87
20540;758;7,97
20541;758;7,97
20542;754;7,57
20544;757;7,87
20545;755;7,67
20546;755;7,67
20548;756;7,77
20549;757;7,87
20550;755;7,67
20551;754;7,57
20553;754;7,57
20554;754;7,57
20555;754;7,57
20557;753;7,47
20558;754;7,57
20559;754;7,57
20561;758;7,97
20562;753;7,47
20563;755;7,67
20566;753;7,47
20567;754;7,57
20568;757;7,87
20570;757;7,87
20571;754;7,57
20572;757;7,87
20574;759;8,07
20575;756;7,77
20576;754;7,57
20578;754;7,57
20579;756;7,77
20580;758;7,97
20582;759;8,07
20583;755;7,67
20584;756;7,77
20586;756;7,77
20587;758;7,97
20588;758;7,97
20590;758;7,97
20591;758;7,97
20592;755;7,67
20594;757;7,87
20595;756;7,77
20596;760;8,17
20598;757;7,87
20599;756;7,77
20600;759;8,07
20602;758;7,97
20603;758;7,97
20604;759;8,07
20606;761;8,27
20608;756;7,77
20609;756;7,77
20611;758;7,97
20612;759;8,07
20613;759;8,07
20615;760;8,17
20616;761;8,27
20617;759;8,07
20619;758;7,97
20620;756;7,77
20621;758;7,97
20623;755;7,67
20624;756;7,77
20625;756;7,77
20627;754;7,57
20628;755;7,67
20629;751;7,26
20631;750;7,16
20632;750;7,16
20633;750;7,16
20635;747;6,86
20636;748;6,96
20637;751;7,26
20638;748;6,96
20640;745;6,66
20641;747;6,86
20642;747;6,86
20644;744;6,56
20645;747;6,86
20646;751;7,26
20648;747;6,86
20649;750;7,16
20651;750;7,16
20653;752;7,36
20654;754;7,57
20655;751;7,26
20657;753;7,47
20658;754;7,57
20659;761;8,27
20661;757;7,87
20662;758;7,97
20663;758;7,97
20665;757;7,87
20666;760;8,17
20667;760;8,17
20669;759;8,07
20670;761;8,27
20671;758;7,97
20673;757;7,87
20674;758;7,97
20675;754;7,57
20677;752;7,36
20678;747;6,86
20679;745;6,66
20681;740;6,16
20682;737;5,85
20683;735;5,65
20685;731;5,25
20686;730;5,15
20687;727;4,85
20689;728;4,95
20690;729;5,05
20691;726;4,75
20694;730;5,15
20695;726;4,75
20696;727;4,85
20698;727;4,85
20699;727;4,85
20700;726;4,75
20702;729;5,05
20703;733;5,45
20704;733;5,45
20706;731;5,25
20707;734;5,55
20708;739;6,06
20710;738;5,96
20711;740;6,16
20712;740;6,16
20714;740;6,16
20715;740;6,16
20716;742;6,36
20718;742;6,36
20719;742;6,36
20720;743;6,46
20722;742;6,36
20723;742;6,36
20724;744;6,56
20725;744;6,56
20727;744;6,56
20728;749;7,06
20729;744;6,56
20731;745;6,66
20732;746;6,76
20733;745;6,66
20736;747;6,86
20737;747;6,86
20738;747;6,86
20740;746;6,76
20741;745;6,66
20742;746;6,76
20744;743;6,46
20745;744;6,56
20746;742;6,36
20748;743;6,46
20749;747;6,86
20750;741;6,26
20752;741;6,26
20753;740;6,16
20754;740;6,16
20756;740;6,16
20757;742;6,36
20758;739;6,06
20760;737;5,85
20761;742;6,36
20762;736;5,75
20764;738;5,96
20765;739;6,06
20766;737;5,85
20768;738;5,96
20769;739;6,06
20770;739;6,06
20772;741;6,26
20773;741;6,26
20774;738;5,96
20776;740;6,16
20777;741;6,26
20779;738;5,96
20781;740;6,16
20782;740;6,16
20783;740;6,16
20785;740;6,16
20786;741;6,26
20787;739;6,06
20789;741;6,26
20790;741;6,26
20791;740;6,16
20793;741;6,26
20794;743;6,46
20795;740;6,16
20797;745;6,66
20798;744;6,56
20799;742;6,36
20801;743;6,46
20802;744;6,56
20803;742;6,36
20805;744;6,56
20806;741;6,26
20807;742;6,36
20809;742;6,36
20810;739;6,06
20811;739;6,06
20812;740;6,16
20814;738;5,96
20815;735;5,65
20816;737;5,85
20818;735;5,65
20819;736;5,75
20820;735;5,65
20823;736;5,75
20824;733;5,45
20825;735;5,65
20827;733;5,45
20828;732;5,35
20829;731;5,25
20831;729;5,05
20832;730;5,15
20833;729;5,05
20835;730;5,15
20836;729;5,05
20837;729;5,05
20839;728;4,95
20840;726;4,75
20841;728;4,95
20843;726;4,75
20844;725;4,65
20845;724;4,55
20847;726;4,75
20848;724;4,55
20849;725;4,65
20851;724;4,55
20852;725;4,65
20853;726;4,75
20855;726;4,75
20856;721;4,24
20857;725;4,65
20859;723;4,45
20860;723;4,45
20861;721;4,24
20864;720;4,14
20865;722;4,34
20866;723;4,45
20868;718;3,94
20869;719;4,04
20870;720;4,14
20872;718;3,94
20873;717;3,84
20874;719;4,04
20876;718;3,94
20877;715;3,64
20878;719;4,04
20880;716;3,74
20881;716;3,74
20882;715;3,64
20884;717;3,84
20885;714;3,54
20886;713;3,44
20888;714;3,54
20889;713;3,44
20890;713;3,44
20892;714;3,54
20893;715;3,64
20894;713;3,44
20896;712;3,34
20897;711;3,24
20898;715;3,64
20899;712;3,34
20901;711;3,24
20902;712;3,34
20903;710;3,14
20905;710;3,14
20907;709;3,04
20908;708;2,94
20910;708;2,94
20911;708;2,94
20912;713;3,44
20914;709;3,04
20915;712;3,34
20916;714;3,54
20918;708;2,94
20919;710;3,14
20920;706;2,73
20922;710;3,14
20923;708;2,94
20924;708;2,94
20926;707;2,83
20927;707;2,83
20928;709;3,04
20930;704;2,53
20931;709;3,04
20932;705;2,63
20934;710;3,14
20935;706;2,73
20936;704;2,53
20938;706;2,73
20939;706;2,73
20940;706;2,73
20942;705;2,63
20943;705;2,63
20944;711;3,24
20946;708;2,94
20947;710;3,14
20948;711;3,24
20951;706;2,73
20952;708;2,94
20953;711;3,24
20955;706;2,73
20956;712;3,34
20957;705;2,63
20959;706;2,73
20960;708;2,94
20961;705;2,63
20963;706;2,73
20964;710;3,14
20965;705;2,63
20967;708;2,94
20968;705;2,63
20969;713;3,44
20971;706;2,73
20972;712;3,34
20973;704;2,53
20975;708;2,94
20976;710;3,14
20977;706;2,73
20979;705;2,63
20980;705;2,63
20981;711;3,24
20983;704;2,53
20984;706;2,73
20985;712;3,34
20986;703;2,43
20988;711;3,24
20989;705;2,63
20990;703;2,43
20993;703;2,43
20994;702;2,33
20995;706;2,73
20997;705;2,63
20998;702;2,33
20999;703;2,43
21001;708;2,94
21002;701;2,23
21003;702;2,33
21005;704;2,53
21006;709;3,04
21007;703;2,43
21009;702;2,33
21010;703;2,43
21011;703;2,43
21013;700;2,13
21014;700;2,13
21015;702;2,33
21017;703;2,43
21018;707;2,83
21019;700;2,13
21021;699;2,03
21022;700;2,13
21023;699;2,03
21025;701;2,23
21026;698;1,93
21027;702;2,33
21029;696;1,73
21030;699;2,03
21031;701;2,23
21033;698;1,93
21035;703;2,43
21036;696;1,73
21038;702;2,33
21039;695;1,63
21040;696;1,73
21042;697;1,83
21043;696;1,73
21044;694;1,53
21046;697;1,83
21047;695;1,63
21048;696;1,73
21050;695;1,63
21051;696;1,73
21052;694;1,53
21054;692;1,32
21055;694;1,53
21056;691;1,22
21058;694;1,53
21059;693;1,43
21060;693;1,43
21062;692;1,32
21063;694;1,53
21064;694;1,53
21066;693;1,43
21067;694;1,53
21068;692;1,32
21070;692;1,32
21071;691;1,22
21072;690;1,12
21073;691;1,22
21075;691;1,22
21076;690;1,12
21078;691;1,22
21080;693;1,43
21081;690;1,12
21082;691;1,22
21084;695;1,63
21085;691;1,22
21086;693;1,43
21088;689;1,02
21089;689;1,02
21090;693;1,43
21092;689;1,02
21093;688;0,92
21094;690;1,12
21096;691;1,22
21097;690;1,12
21098;687;0,82
21100;689;1,02
21101;687;0,82
21102;689;1,02
21104;688;0,92
21105;689;1,02
21106;689;1,02
21108;688;0,92
21109;688;0,92
21110;690;1,12
21112;692;1,32
21113;690;1,12
21114;688;0,92
21116;690;1,12
21117;689;1,02
21118;689;1,02
21121;689;1,02
21122;690;1,12
21123;689;1,02
21125;689;1,02
21126;688;0,92
21127;689;1,02
21129;689;1,02
21130;688;0,92
21131;688;0,92
21133;688;0,92
21134;687;0,82
21135;689;1,02
21137;688;0,92
21138;688;0,92
21139;693;1,43
21141;689;1,02
21142;687;0,82
21143;690;1,12
21145;691;1,22
21146;689;1,02
21147;689;1,02
21149;689;1,02
21150;688;0,92
21151;689;1,02
21153;691;1,22
21154;688;0,92
21155;691;1,22
21157;690;1,12
21158;686;0,72
21159;688;0,92
21160;688;0,92
21163;687;0,82
21164;688;0,92
21165;688;0,92
21167;690;1,12
21168;688;0,92
21169;688;0,92
21171;688;0,92
21172;690;1,12
21173;688;0,92
21175;688;0,92
21176;687;0,82
21177;685;0,62
21179;688;0,92
21180;686;0,72
21181;686;0,72
21183;687;0,82
21184;686;0,72
21185;689;1,02
21187;688;0,92
21188;686;0,72
21189;688;0,92
21191;687;0,82
21192;687;0,82
21193;686;0,72
21195;691;1,22
21196;689;1,02
21197;687;0,82
21199;688;0,92
21200;686;0,72
21201;690;1,12
21203;685;0,62
21204;687;0,82
21206;686;0,72
21208;685;0,62
21209;686;0,72
21210;686;0,72
21212;686;0,72
21213;687;0,82
21214;686;0,72
21216;685;0,62
21217;685;0,62
21218;685;0,62
21220;687;0,82
21221;686;0,72
21222;686;0,72
21224;686;0,72
21225;686;0,72
21226;689;1,02
21228;685;0,62
21229;687;0,82
21230;688;0,92
21232;684;0,52
21233;688;0,92
21234;686;0,72
21236;684;0,52
21237;686;0,72
21238;685;0,62
21240;686;0,72
21241;685;0,62
21242;686;0,72
21244;685;0,62
21245;690;1,12
21246;687;0,82
21248;685;0,62
21250;686;0,72
21251;688;0,92
21252;686;0,72
21254;685;0,62
21255;685;0,62
21256;684;0,52
21258;684;0,52
21259;687;0,82
21260;685;0,62
21262;685;0,62
21263;688;0,92
21264;684;0,52
21266;685;0,62
21267;687;0,82
21268;686;0,72
21270;687;0,82
21271;688;0,92
21272;685;0,62
21274;685;0,62
21275;684;0,52
21276;684;0,52
21278;687;0,82
21279;688;0,92
21280;686;0,72
21282;684;0,52
21283;688;0,92
21284;684;0,52
21286;687;0,82
21287;684;0,52
21288;684;0,52
21291;685;0,62
21292;684;0,52
21293;684;0,52
21295;684;0,52
21296;681;0,22
21297;683;0,42
21299;682;0,32
21300;681;0,22
21301;680;0,12
21303;682;0,32
21304;681;0,22
21305;681;0,22
21307;686;0,72
21308;681;0,22
21309;683;0,42
21311;680;0,12
21312;679;0,02
21313;681;0,22
21315;683;0,42
21316;680;0,12
21317;678;0,00
21319;681;0,22
21320;679;0,02
21321;677;0,00
21323;681;0,22
21324;677;0,00
21325;678;0,00
21327;677;0,00
21328;678;0,00
21329;677;0,00
21331;677;0,00
21332;677;0,00
21334;677;0,00
21336;675;0,00
21337;675;0,00
21338;676;0,00
21339;676;0,00
21341;675;0,00
21342;676;0,00
21343;678;0,00
21345;675;0,00
21346;674;0,00
21347;675;0,00
21349;677;0,00
21350;675;0,00
21351;674;0,00
21353;677;0,00
21354;674;0,00
21355;675;0,00
21357;676;0,00
21358;673;0,00
21359;674;0,00
21361;674;0,00
21362;677;0,00
21363;674;0,00
21365;674;0,00
21366;674;0,00
21367;674;0,00
21369;674;0,00
21370;674;0,00
21371;674;0,00
21373;675;0,00
21374;674;0,00
21376;674;0,00
21378;677;0,00
21379;673;0,00
21380;674;0,00
21382;675;0,00
21383;674;0,00
21384;674;0,00
21386;674;0,00
21387;675;0,00
21388;673;0,00
21390;678;0,00
21391;673;0,00
21392;674;0,00
21394;676;0,00
21395;683;0,42
21396;674;0,00
21398;681;0,22
21399;682;0,32
21400;676;0,00
21402;676;0,00
21403;676;0,00
21404;676;0,00
21406;676;0,00
21407;678;0,00
21408;679;0,02
21410;677;0,00
21411;677;0,00
21412;679;0,02
21414;678;0,00
21415;683;0,42
21416;683;0,42
21419;688;0,92
21420;676;0,00
21421;679;0,02
21423;678;0,00
21424;679;0,02
21425;680;0,12
21426;678;0,00
21428;678;0,00
21429;683;0,42
21430;678;0,00
21432;680;0,12
21433;679;0,02
21434;682;0,32
21436;681;0,22
21437;682;0,32
21438;682;0,32
21440;681;0,22
21441;680;0,12
21442;680;0,12
21444;680;0,12
21445;683;0,42
21446;687;0,82
21448;683;0,42
21449;683;0,42
21450;685;0,62
21452;682;0,32
21453;681;0,22
21454;686;0,72
21456;683;0,42
21457;690;1,12
21458;683;0,42
21460;684;0,52
21462;685;0,62
21463;685;0,62
21465;684;0,52
21466;686;0,72
21467;685;0,62
21469;684;0,52
21470;689;1,02
21471;690;1,12
21473;686;0,72
21474;696;1,73
21475;693;1,43
21477;686;0,72
21478;685;0,62
21479;690;1,12
21481;685;0,62
21482;686;0,72
21483;686;0,72
21485;685;0,62
21486;686;0,72
21487;687;0,82
21489;685;0,62
21490;685;0,62
21491;686;0,72
21493;685;0,62
21494;686;0,72
21495;688;0,92
21497;685;0,62
21498;685;0,62
21499;685;0,62
21501;685;0,62
21502;685;0,62
21504;684;0,52
21506;683;0,42
21507;689;1,02
21508;686;0,72
21509;684;0,52
21511;685;0,62
21512;683;0,42
21513;684;0,52
21515;682;0,32
21516;683;0,42
21517;685;0,62
21519;687;0,82
21520;688;0,92
21521;683;0,42
21523;683;0,42
21524;682;0,32
21525;681;0,22
21527;684;0,52
21528;682;0,32
21529;693;1,43
21531;682;0,32
21532;687;0,82
21533;680;0,12
21535;682;0,32
21536;688;0,92
21537;681;0,22
21539;683;0,42
21540;683;0,42
21541;682;0,32
21543;681;0,22
21544;679;0,02
21545;680;0,12
21548;681;0,22
21549;683;0,42
21550;681;0,22
21552;681;0,22
21553;680;0,12
21554;679;0,02
21556;679;0,02
21557;680;0,12
21558;680;0,12
21560;681;0,22
21561;678;0,00
21562;679;0,02
21564;679;0,02
21565;687;0,82
21566;683;0,42
21568;679;0,02
21569;680;0,12
21570;678;0,00
21572;681;0,22
21573;682;0,32
21574;679;0,02
21576;683;0,42
21577;681;0,22
21578;679;0,02
21580;686;0,72
21581;681;0,22
21582;684;0,52
21584;680;0,12
21585;689;1,02
21586;678;0,00
21588;680;0,12
21590;681;0,22
21591;679;0,02
21593;680;0,12
21594;686;0,72
21595;679;0,02
21597;682;0,32
21598;684;0,52
21599;679;0,02
21600;678;0,00
21602;688;0,92
21603;682;0,32
21604;678;0,00
21606;680;0,12
21607;679;0,02
21608;682;0,32
21610;680;0,12
21611;678;0,00
21612;685;0,62
21614;681;0,22
21615;677;0,00
21616;679;0,02
21618;683;0,42
21619;678;0,00
21620;679;0,02
21622;683;0,42
21623;679;0,02
21624;679;0,02
21626;676;0,00
21627;680;0,12
21628;679;0,02
21630;678;0,00
21632;679;0,02
21633;680;0,12
21635;681;0,22
21636;680;0,12
21637;678;0,00
21639;684;0,52
21640;681;0,22
21641;682;0,32
21643;679;0,02
21644;678;0,00
21645;679;0,02
21647;678;0,00
21648;679;0,02
21649;680;0,12
21651;683;0,42
21652;681;0,22
21653;679;0,02
21655;679;0,02
21656;681;0,22
21657;682;0,32
21659;681;0,22
21660;680;0,12
21661;680;0,12
21663;682;0,32
21664;679;0,02
21665;679;0,02
21667;680;0,12
21668;679;0,02
21669;679;0,02
21671;680;0,12
21672;679;0,02
21673;679;0,02
21676;681;0,22
21677;680;0,12
21678;679;0,02
21680;682;0,32
21681;679;0,02
21682;678;0,00
21683;680;0,12
21685;683;0,42
21686;679;0,02
21687;684;0,52
21689;681;0,22
21690;681;0,22
21691;680;0,12
21693;678;0,00
21694;678;0,00
21695;685;0,62
21697;683;0,42
21698;681;0,22
21699;686;0,72
21701;679;0,02
21702;681;0,22
21703;686;0,72
21705;681;0,22
21706;679;0,02
21707;678;0,00
21709;680;0,12
21710;680;0,12
21711;679;0,02
21713;681;0,22
21714;688;0,92
21715;682;0,32
21718;682;0,32
21719;681;0,22
21720;681;0,22
21722;682;0,32
21723;677;0,00
21724;689;1,02
21726;679;0,02
21727;679;0,02
21728;682;0,32
21730;683;0,42
21731;679;0,02
21732;679;0,02
21734;680;0,12
21735;680;0,12
21736;684;0,52
21738;680;0,12
21739;680;0,12
21740;684;0,52
21742;680;0,12
21743;680;0,12
21744;679;0,02
21746;679;0,02
21747;680;0,12
21748;680;0,12
21750;679;0,02
21751;679;0,02
21752;682;0,32
21754;680;0,12
21755;679;0,02
21756;680;0,12
21758;679;0,02
21760;680;0,12
21761;681;0,22
21763;679;0,02
21764;680;0,12
21765;679;0,02
21767;678;0,00
21768;678;0,00
21769;682;0,32
21771;679;0,02
21772;678;0,00
21773;681;0,22
21774;680;0,12
21776;681;0,22
21777;679;0,02
21778;679;0,02
21780;682;0,32
21781;682;0,32
21782;678;0,00
21784;679;0,02
21785;683;0,42
21786;681;0,22
21788;679;0,02
21789;679;0,02
21790;677;0,00
21792;678;0,00
21793;678;0,00
21794;679;0,02
21796;681;0,22
21797;678;0,00
21798;678;0,00
21800;679;0,02
21801;680;0,12
21803;681;0,22
21805;681;0,22
21806;681;0,22
21807;677;0,00
21809;681;0,22
21810;679;0,02
21811;680;0,12
21813;681;0,22
21814;681;0,22
21815;680;0,12
21817;679;0,02
21818;680;0,12
21819;682;0,32
21821;679;0,02
21822;680;0,12
21823;679;0,02
21825;679;0,02
21826;682;0,32
21827;678;0,00
21829;683;0,42
21830;677;0,00
21831;678;0,00
21833;679;0,02
21834;677;0,00
21835;681;0,22
21837;681;0,22
21838;679;0,02
21839;681;0,22
21841;678;0,00
21842;680;0,12
21843;680;0,12
21846;682;0,32
21847;681;0,22
21848;677;0,00
21850;678;0,00
21851;679;0,02
21852;678;0,00
21854;678;0,00
21855;678;0,00
21856;678;0,00
21857;682;0,32
21859;680;0,12
21860;682;0,32
21861;680;0,12
21863;681;0,22
21864;681;0,22
21865;679;0,02
21867;680;0,12
21868;680;0,12
21869;678;0,00
21871;679;0,02
21872;679;0,02
21873;679;0,02
21875;678;0,00
21876;681;0,22
21877;680;0,12
21879;680;0,12
21880;680;0,12
21881;679;0,02
21883;683;0,42
21884;679;0,02
21885;681;0,22
21888;682;0,32
21889;681;0,22
21890;677;0,00
21892;680;0,12
21893;680;0,12
21894;681;0,22
21896;680;0,12
21897;681;0,22
21898;680;0,12
21900;685;0,62
21901;679;0,02
21902;684;0,52
21904;680;0,12
21905;679;0,02
21906;682;0,32
21908;680;0,12
21909;679;0,02
21910;681;0,22
21912;681;0,22
21913;679;0,02
21914;682;0,32
21916;678;0,00
21917;679;0,02
21918;678;0,00
21920;680;0,12
21921;679;0,02
21922;679;0,02
21924;679;0,02
21925;680;0,12
21926;680;0,12
21928;685;0,62
21929;680;0,12
21931;679;0,02
21933;682;0,32
21934;678;0,00
21935;678;0,00
21937;679;0,02
21938;680;0,12
21939;683;0,42
21941;685;0,62
21942;681;0,22
21943;682;0,32
21944;683;0,42
21946;680;0,12
21947;680;0,12
21948;685;0,62
21950;678;0,00
21951;678;0,00
21952;679;0,02
21954;679;0,02
21955;682;0,32
21956;682;0,32
21958;679;0,02
21959;684;0,52
21960;679;0,02
21962;679;0,02
21963;679;0,02
21964;679;0,02
21966;679;0,02
21967;679;0,02
21968;682;0,32
21970;679;0,02
21971;679;0,02
21972;681;0,22
21975;681;0,22
21976;680;0,12
21977;680;0,12
21979;680;0,12
21980;679;0,02
21981;685;0,62
21983;683;0,42
21984;679;0,02
21985;680;0,12
21987;678;0,00
21988;680;0,12
21989;683;0,42
21991;679;0,02
21992;681;0,22
21993;680;0,12
21995;679;0,02
21996;684;0,52
21997;681;0,22
21999;681;0,22
22000;678;0,00
22001;679;0,02
22003;682;0,32
22004;680;0,12
22005;679;0,02
22007;678;0,00
22008;685;0,62
22009;681;0,22
22011;684;0,52
22012;684;0,52
22013;679;0,02
22016;682;0,32
22017;679;0,02
22018;684;0,52
22020;679;0,02
22021;679;0,02
22022;680;0,12
22024;679;0,02
22025;682;0,32
22026;681;0,22
22028;679;0,02
22029;679;0,02
22030;684;0,52
22031;680;0,12
22033;679;0,02
22034;683;0,42
22035;679;0,02
22037;679;0,02
22038;681;0,22
22039;679;0,02
22041;683;0,42
22042;685;0,62
22043;686;0,72
22045;681;0,22
22046;678;0,00
22047;679;0,02
22049;683;0,42
22050;681;0,22
22051;687;0,82
22053;681;0,22
22054;680;0,12
22055;683;0,42
22057;678;0,00
22059;680;0,12
22060;682;0,32
22062;682;0,32
22063;679;0,02
22064;681;0,22
22066;685;0,62
22067;680;0,12
22068;678;0,00
22070;684;0,52
22071;688;0,92
22072;679;0,02
22074;683;0,42
22075;681;0,22
22076;680;0,12
22078;684;0,52
22079;686;0,72
22080;680;0,12
22082;680;0,12
22083;680;0,12
22084;681;0,22
22086;679;0,02
22087;681;0,22
22088;680;0,12
22090;680;0,12
22091;684;0,52
22092;680;0,12
22094;688;0,92
22095;683;0,42
22096;682;0,32
22098;679;0,02
22099;687;0,82
22100;677;0,00
22103;680;0,12
22104;680;0,12
22105;686;0,72
22107;680;0,12
22108;686;0,72
22109;679;0,02
22111;679;0,02
22112;677;0,00
22113;678;0,00
22115;677;0,00
22116;677;0,00
22117;678;0,00
22118;685;0,62
22120;679;0,02
22121;679;0,02
22122;683;0,42
22124;679;0,02
22125;680;0,12
22126;679;0,02
22128;678;0,00
22129;681;0,22
22130;682;0,32
22132;682;0,32
22133;679;0,02
22134;681;0,22
22136;678;0,00
22137;684;0,52
22138;683;0,42
22140;688;0,92
22141;679;0,02
22142;681;0,22
22145;686;0,72
22146;680;0,12
22147;679;0,02
22149;680;0,12
22150;682;0,32
22151;682;0,32
22153;682;0,32
22154;679;0,02
22155;679;0,02
22157;678;0,00
22158;680;0,12
22159;679;0,02
22161;681;0,22
22162;680;0,12
22163;679;0,02
22165;679;0,02
22166;679;0,02
22167;679;0,02
22169;678;0,00
22170;679;0,02
22171;683;0,42
22173;680;0,12
22174;680;0,12
22175;679;0,02
22177;683;0,42
22178;680;0,12
22179;681;0,22
22181;684;0,52
22182;679;0,02
22183;678;0,00
22185;687;0,82
22187;681;0,22
22188;683;0,42
22190;679;0,02
22191;680;0,12
22192;679;0,02
22194;680;0,12
22195;680;0,12
22196;682;0,32
22198;679;0,02
22199;681;0,22
22200;679;0,02
22202;679;0,02
22203;678;0,00
22204;688;0,92
22206;682;0,32
22207;681;0,22
22208;679;0,02
22209;679;0,02
22211;680;0,12
22212;680;0,12
22213;679;0,02
22215;682;0,32
22216;680;0,12
22217;686;0,72
22219;680;0,12
22220;682;0,32
22221;681;0,22
22223;679;0,02
22224;679;0,02
22225;683;0,42
22227;682;0,32
22228;682;0,32
22230;682;0,32
22232;679;0,02
22233;686;0,72
22234;685;0,62
22236;680;0,12
22237;681;0,22
22238;683;0,42
22240;678;0,00
22241;683;0,42
22242;680;0,12
22244;678;0,00
22245;681;0,22
22246;679;0,02
22248;678;0,00
22249;683;0,42
22250;679;0,02
22252;680;0,12
22253;679;0,02
22254;682;0,32
22256;679;0,02
22257;679;0,02
22258;684;0,52
22260;679;0,02
22261;679;0,02
22262;680;0,12
22264;678;0,00
22265;681;0,22
22266;679;0,02
22268;679;0,02
22269;679;0,02
22270;679;0,02
22273;677;0,00
22274;681;0,22
22275;680;0,12
22277;679;0,02
22278;679;0,02
22279;678;0,00
22281;679;0,02
22282;681;0,22
22283;683;0,42
22285;677;0,00
22286;679;0,02
22287;681;0,22
22289;678;0,00
22290;680;0,12
22291;680;0,12
22293;678;0,00
22294;681;0,22
22295;677;0,00
22296;679;0,02
22298;680;0,12
22299;682;0,32
22300;679;0,02
22302;682;0,32
22303;680;0,12
22304;678;0,00
22306;679;0,02
22307;678;0,00
22308;678;0,00
22310;680;0,12
22311;679;0,02
22312;679;0,02
22315;678;0,00
22316;678;0,00
22317;678;0,00
22319;680;0,12
22320;680;0,12
22321;679;0,02
22323;679;0,02
22324;683;0,42
22325;679;0,02
22327;680;0,12
22328;682;0,32
22329;678;0,00
22331;680;0,12
22332;680;0,12
22333;678;0,00
22335;677;0,00
22336;677;0,00
22337;680;0,12
22339;678;0,00
22340;680;0,12
22341;677;0,00
22343;678;0,00
22344;680;0,12
22345;679;0,02
22347;679;0,02
22348;681;0,22
22349;678;0,00
22351;677;0,00
22352;681;0,22
22353;678;0,00
22355;678;0,00
22356;682;0,32
22358;678;0,00
22360;679;0,02
22361;681;0,22
22362;679;0,02
22364;678;0,00
22365;681;0,22
22366;678;0,00
22368;678;0,00
22369;679;0,02
22370;677;0,00
22372;682;0,32
22373;680;0,12
22374;678;0,00
22376;679;0,02
22377;678;0,00
22378;678;0,00
22379;683;0,42
22381;680;0,12
22382;679;0,02
22383;679;0,02
22385;684;0,52
22386;678;0,00
22387;681;0,22
22389;679;0,02
22390;679;0,02
22391;678;0,00
22393;679;0,02
22394;678;0,00
22395;679;0,02
22397;683;0,42
22398;678;0,00
22400;679;0,02
22402;680;0,12
22403;679;0,02
22404;678;0,00
22406;680;0,12
22407;679;0,02
22408;678;0,00
22410;680;0,12
22411;677;0,00
22412;678;0,00
22414;678;0,00
22415;678;0,00
22416;678;0,00
22418;678;0,00
22419;679;0,02
22420;679;0,02
22422;682;0,32
22423;679;0,02
22424;677;0,00
22426;682;0,32
22427;679;0,02
22428;678;0,00
22430;682;0,32
22431;678;0,00
22432;678;0,00
22434;681;0,22
22435;679;0,02
22436;680;0,12
22438;679;0,02
22439;679;0,02
22440;679;0,02
22443;678;0,00
22444;679;0,02
22445;681;0,22
22447;680;0,12
22448;679;0,02
22449;680;0,12
22451;680;0,12
22452;677;0,00
22453;678;0,00
22455;679;0,02
22456;678;0,00
22457;680;0,12
22459;679;0,02
22460;678;0,00
22461;679;0,02
22463;680;0,12
22464;678;0,00
22465;678;0,00
22466;680;0,12
22468;678;0,00
22469;680;0,12
22470;678;0,00
22472;679;0,02
22473;681;0,22
22474;682;0,32
22476;678;0,00
22477;679;0,02
22478;679;0,02
22480;678;0,00
22481;679;0,02
22482;679;0,02
22484;679;0,02
22486;680;0,12
22487;682;0,32
22489;679;0,02
22490;679;0,02
22491;678;0,00
22493;681;0,22
22494;680;0,12
22495;681;0,22
22497;678;0,00
22498;678;0,00
22499;679;0,02
22501;678;0,00
22502;679;0,02
22503;679;0,02
22505;681;0,22
22506;679;0,02
22507;680;0,12
22509;679;0,02
22510;679;0,02
22511;681;0,22
22513;678;0,00
22514;679;0,02
22515;680;0,12
22517;678;0,00
22518;679;0,02
22519;680;0,12
22521;681;0,22
22522;681;0,22
22523;678;0,00
22525;679;0,02
22526;679;0,02
22528;678;0,00
22530;680;0,12
22531;679;0,02
22532;678;0,00
22534;679;0,02
22535;680;0,12
22536;680;0,12
22538;678;0,00
22539;679;0,02
22540;682;0,32
22542;679;0,02
22543;680;0,12
22544;680;0,12
22546;678;0,00
22547;679;0,02
22548;680;0,12
22550;680;0,12
22551;682;0,32
22552;682;0,32
22554;678;0,00
22555;679;0,02
22556;680;0,12
22557;682;0,32
22559;680;0,12
22560;682;0,32
22561;679;0,02
22563;680;0,12
22564;682;0,32
22565;680;0,12
22567;679;0,02
22568;682;0,32
22569;679;0,02
22572;676;0,00
22573;679;0,02
22574;680;0,12
22576;680;0,12
22577;682;0,32
22578;679;0,02
22580;679;0,02
22581;678;0,00
22582;682;0,32
22584;678;0,00
22585;682;0,32
22586;679;0,02
22588;678;0,00
22589;678;0,00
22590;682;0,32
22592;680;0,12
22593;681;0,22
22594;678;0,00
22596;677;0,00
22597;680;0,12
22598;680;0,12
22600;680;0,12
22601;681;0,22
22602;679;0,02
22604;681;0,22
22605;679;0,02
22606;681;0,22
22608;679;0,02
22609;681;0,22
22610;679;0,02
22612;678;0,00
22614;680;0,12
22615;679;0,02
22617;680;0,12
22618;680;0,12
22619;678;0,00
22621;680;0,12
22622;678;0,00
22623;678;0,00
22625;680;0,12
22626;683;0,42
22627;679;0,02
22629;679;0,02
22630;678;0,00
22631;678;0,00
22633;679;0,02
22634;683;0,42
22635;678;0,00
22637;678;0,00
22638;679;0,02
22639;678;0,00
22640;680;0,12
22642;682;0,32
22643;678;0,00
22644;678;0,00
22646;680;0,12
22647;679;0,02
22648;678;0,00
22650;681;0,22
22651;678;0,00
22652;680;0,12
22654;684;0,52
22656;677;0,00
22657;678;0,00
22659;681;0,22
22660;680;0,12
22661;680;0,12
22663;679;0,02
22664;680;0,12
22665;679;0,02
22667;681;0,22
22668;677;0,00
22669;680;0,12
22671;678;0,00
22672;677;0,00
22673;681;0,22
22675;681;0,22
22676;679;0,02
22677;678;0,00
22679;682;0,32
22680;679;0,02
22681;678;0,00
22683;681;0,22
22684;679;0,02
22685;678;0,00
22687;679;0,02
22688;679;0,02
22689;679;0,02
22691;682;0,32
22692;678;0,00
22693;679;0,02
22695;678;0,00
22696;678;0,00
22697;679;0,02
22700;678;0,00
22701;679;0,02
22702;677;0,00
22704;678;0,00
22705;679;0,02
22706;682;0,32
22708;680;0,12
22709;679;0,02
22710;681;0,22
22712;679;0,02
22713;678;0,00
22714;679;0,02
22716;679;0,02
22717;677;0,00
22718;679;0,02
22720;678;0,00
22721;679;0,02
22722;679;0,02
22724;682;0,32
22725;679;0,02
22726;678;0,00
22728;678;0,00
22729;678;0,00
22730;679;0,02
22731;680;0,12
22733;678;0,00
22734;679;0,02
22735;678;0,00
22737;679;0,02
22738;680;0,12
22739;680;0,12
22742;677;0,00
22743;680;0,12
22744;680;0,12
22746;679;0,02
22747;682;0,32
22748;681;0,22
22750;679;0,02
22751;682;0,32
22752;678;0,00
22754;679;0,02
22755;678;0,00
22756;678;0,00
22758;680;0,12
22759;677;0,00
22760;680;0,12
22762;678;0,00
22763;679;0,02
22764;680;0,12
22766;678;0,00
22767;682;0,32
22768;679;0,02
22770;679;0,02
22771;681;0,22
22772;678;0,00
22774;678;0,00
22775;682;0,32
22776;678;0,00
22778;678;0,00
22779;679;0,02
22780;680;0,12
22782;679;0,02
22784;679;0,02
22785;681;0,22
22787;678;0,00
22788;678;0,00
22789;677;0,00
22791;678;0,00
22792;678;0,00
22793;679;0,02
22795;678;0,00
22796;679;0,02
22797;679;0,02
22799;678;0,00
22800;679;0,02
22801;678;0,00
22803;678;0,00
22804;679;0,02
22805;678;0,00
22807;679;0,02
22808;681;0,22
22809;676;0,00
22811;678;0,00
22812;678;0,00
22813;678;0,00
22815;679;0,02
22816;678;0,00
22817;679;0,02
22818;678;0,00
22820;680;0,12
22821;680;0,12
22822;678;0,00
22824;680;0,12
22825;681;0,22
22827;678;0,00
22829;679;0,02
22830;678;0,00
22831;678;0,00
22833;680;0,12
22834;678;0,00
22835;678;0,00
22837;679;0,02
22838;679;0,02
22839;679;0,02
22841;678;0,00
22842;681;0,22
22843;679;0,02
22845;681;0,22
22846;680;0,12
22847;683;0,42
22849;679;0,02
22850;680;0,12
22851;677;0,00
22853;678;0,00
22854;677;0,00
22855;678;0,00
22857;678;0,00
22858;680;0,12
22859;678;0,00
22861;679;0,02
22862;680;0,12
22863;678;0,00
22865;679;0,02
22866;679;0,02
22867;678;0,00
22870;679;0,02
22871;681;0,22
22872;678;0,00
22874;680;0,12
22875;680;0,12
22876;678;0,00
22878;677;0,00
22879;679;0,02
22880;678;0,00
22882;680;0,12
22883;680;0,12
22884;679;0,02
22886;679;0,02
22887;682;0,32
22888;678;0,00
22890;678;0,00
22891;679;0,02
22892;678;0,00
22894;677;0,00
22895;679;0,02
22896;678;0,00
22898;680;0,12
22899;679;0,02
22900;677;0,00
22902;679;0,02
22903;680;0,12
22904;677;0,00
22905;677;0,00
22907;681;0,22
22908;677;0,00
22909;679;0,02
22912;682;0,32
22913;678;0,00
22914;682;0,32
22916;678;0,00
22917;678;0,00
22918;680;0,12
22920;677;0,00
22921;678;0,00
22922;680;0,12
22924;678;0,00
22925;679;0,02
22926;681;0,22
22928;681;0,22
22929;678;0,00
22930;679;0,02
22932;681;0,22
22933;678;0,00
22934;678;0,00
22936;680;0,12
22937;677;0,00
22938;682;0,32
22940;680;0,12
22941;678;0,00
22942;677;0,00
22944;678;0,00
22945;679;0,02
22946;681;0,22
22948;682;0,32
22949;678;0,00
22950;677;0,00
22952;679;0,02
22953;679;0,02
22955;679;0,02
22957;680;0,12
22958;678;0,00
22959;679;0,02
22961;678;0,00
22962;678;0,00
22963;680;0,12
22965;679;0,02
22966;679;0,02
22967;679;0,02
22969;682;0,32
22970;678;0,00
22971;678;0,00
22973;678;0,00
22974;679;0,02
22975;681;0,22
22977;678;0,00
22978;678;0,00
22979;678;0,00
22981;680;0,12
22982;679;0,02
22983;677;0,00
22985;678;0,00
22986;679;0,02
22987;679;0,02
22989;678;0,00
22990;679;0,02
22991;680;0,12
22992;678;0,00
22994;681;0,22
22995;679;0,02
22996;678;0,00
22999;681;0,22
23000;679;0,02
23001;680;0,12
23003;678;0,00
23004;678;0,00
23005;678;0,00
23007;677;0,00
23008;679;0,02
23009;680;0,12
23011;678;0,00
23012;680;0,12
23013;679;0,02
23015;678;0,00
23016;681;0,22
23017;678;0,00
23019;681;0,22
23020;679;0,02
23021;684;0,52
23023;677;0,00
23024;678;0,00
23025;679;0,02
23027;677;0,00
23028;682;0,32
23029;678;0,00
23031;679;0,02
23032;678;0,00
23033;679;0,02
23035;677;0,00
23036;680;0,12
23037;682;0,32
23040;679;0,02
23041;680;0,12
23042;679;0,02
23044;678;0,00
23045;682;0,32
23046;681;0,22
23048;676;0,00
23049;679;0,02
23050;678;0,00
23052;678;0,00
23053;679;0,02
23054;684;0,52
23056;678;0,00
23057;681;0,22
23058;679;0,02
23060;682;0,32
23061;678;0,00
23062;680;0,12
23064;678;0,00
23065;679;0,02
23066;679;0,02
23068;678;0,00
23069;679;0,02
23070;680;0,12
23072;679;0,02
23073;680;0,12
23074;680;0,12
23076;678;0,00
23077;680;0,12
23078;681;0,22
23079;678;0,00
23081;680;0,12
23083;678;0,00
23084;678;0,00
23086;681;0,22
23087;678;0,00
23088;678;0,00
23090;679;0,02
23091;679;0,02
23092;678;0,00
23094;680;0,12
23095;680;0,12
23096;678;0,00
23098;678;0,00
23099;678;0,00
23100;680;0,12
23102;681;0,22
23103;682;0,32
23104;678;0,00
23106;681;0,22
23107;678;0,00
23108;679;0,02
23110;678;0,00
23111;682;0,32
23112;679;0,02
23114;680;0,12
23115;681;0,22
23116;678;0,00
23118;680;0,12
23119;680;0,12
23120;678;0,00
23122;681;0,22
23123;678;0,00
23124;678;0,00
23127;679;0,02
23128;680;0,12
23129;676;0,00
23131;677;0,00
23132;678;0,00
23133;679;0,02
23135;678;0,00
23136;679;0,02
23137;679;0,02
23139;681;0,22
23140;680;0,12
23141;678;0,00
23143;681;0,22
23144;680;0,12
23145;678;0,00
23147;678;0,00
23148;683;0,42
23149;679;0,02
23151;679;0,02
23152;681;0,22
23153;678;0,00
23155;679;0,02
23156;679;0,02
23157;678;0,00
23159;679;0,02
23160;679;0,02
23161;683;0,42
23163;677;0,00
23164;681;0,22
23165;678;0,00
23166;678;0,00
23169;678;0,00
23170;679;0,02
23171;679;0,02
23173;678;0,00
23174;679;0,02
23175;679;0,02
23177;682;0,32
23178;679;0,02
23179;681;0,22
23181;681;0,22
23182;679;0,02
23183;679;0,02
23185;678;0,00
23186;678;0,00
23187;677;0,00
23189;682;0,32
23190;679;0,02
23191;682;0,32
23193;678;0,00
23194;678;0,00
23195;679;0,02
23197;681;0,22
23198;679;0,02
23199;680;0,12
23201;678;0,00
23202;679;0,02
23203;680;0,12
23205;679;0,02
23206;678;0,00
23207;679;0,02
23209;680;0,12
23211;678;0,00
23212;679;0,02
23214;679;0,02
23215;679;0,02
23216;679;0,02
23218;681;0,22
23219;678;0,00
23220;682;0,32
23222;682;0,32
23223;680;0,12
23224;679;0,02
23226;679;0,02
23227;678;0,00
23228;678;0,00
23230;677;0,00
23231;679;0,02
23232;678;0,00
23234;678;0,00
23235;678;0,00
23236;680;0,12
23238;679;0,02
23239;677;0,00
23240;678;0,00
23242;680;0,12
23243;679;0,02
23244;679;0,02
23246;683;0,42
23247;678;0,00
23248;681;0,22
23249;680;0,12
23251;681;0,22
23252;678;0,00
23254;678;0,00
23256;678;0,00
23257;679;0,02
23258;678;0,00
23260;678;0,00
23261;679;0,02
23262;679;0,02
23264;678;0,00
23265;680;0,12
23266;678;0,00
23268;677;0,00
23269;680;0,12
23270;683;0,42
23272;679;0,02
23273;681;0,22
23274;679;0,02
23276;678;0,00
23277;679;0,02
23278;678;0,00
23280;678;0,00
23281;680;0,12
23282;680;0,12
23284;679;0,02
23285;678;0,00
23286;679;0,02
23288;679;0,02
23289;681;0,22
23290;681;0,22
23292;678;0,00
23293;680;0,12
23294;678;0,00
23297;678;0,00
23298;679;0,02
23299;679;0,02
23301;678;0,00
23302;678;0,00
23303;682;0,32
23305;679;0,02
23306;679;0,02
23307;677;0,00
23309;679;0,02
23310;678;0,00
23311;679;0,02
23313;679;0,02
23314;678;0,00
23315;677;0,00
23317;678;0,00
23318;679;0,02
23319;682;0,32
23321;678;0,00
23322;680;0,12
23323;679;0,02
23325;678;0,00
23326;680;0,12
23327;681;0,22
23329;683;0,42
23330;679;0,02
23331;680;0,12
23333;679;0,02
23334;679;0,02
23335;682;0,32
23337;679;0,02
23339;679;0,02
23340;678;0,00
23341;677;0,00
23343;678;0,00
23344;680;0,12
23345;678;0,00
23347;679;0,02
23348;678;0,00
23349;679;0,02
23351;679;0,02
23352;679;0,02
23353;678;0,00
23355;679;0,02
23356;679;0,02
23357;678;0,00
23359;679;0,02
23360;678;0,00
23361;679;0,02
23363;679;0,02
23364;684;0,52
23365;678;0,00
23367;679;0,02
23368;679;0,02
23369;678;0,00
23371;679;0,02
23372;680;0,12
23373;678;0,00
23375;680;0,12
23376;678;0,00
23377;678;0,00
23379;680;0,12
23380;679;0,02
23382;678;0,00
23384;677;0,00
23385;684;0,52
23386;679;0,02
23388;678;0,00
23389;682;0,32
23390;679;0,02
23392;680;0,12
23393;680;0,12
23394;680;0,12
23396;678;0,00
23397;678;0,00
23398;679;0,02
23400;682;0,32
23401;679;0,02
23402;678;0,00
23404;681;0,22
23405;679;0,02
23406;681;0,22
23408;679;0,02
23409;682;0,32
23410;678;0,00
23412;678;0,00
23413;678;0,00
23414;678;0,00
23416;681;0,22
23417;678;0,00
23418;678;0,00
23420;678;0,00
23421;680;0,12
23422;679;0,02
23425;679;0,02
23426;677;0,00
23427;678;0,00
23428;680;0,12
23430;679;0,02
23431;677;0,00
23432;678;0,00
23434;680;0,12
23435;679;0,02
23436;680;0,12
23438;679;0,02
23439;677;0,00
23440;683;0,42
23442;679;0,02
23443;677;0,00
23444;679;0,02
23446;680;0,12
23447;678;0,00
23448;680;0,12
23450;680;0,12
23451;678;0,00
23452;676;0,00
23454;679;0,02
23455;677;0,00
23456;678;0,00
23458;678;0,00
23459;678;0,00
23460;681;0,22
23462;680;0,12
23463;681;0,22
23464;679;0,02
23467;678;0,00
23468;678;0,00
23469;679;0,02
23471;679;0,02
23472;678;0,00
23473;679;0,02
23475;682;0,32
23476;679;0,02
23477;680;0,12
23479;679;0,02
23480;683;0,42
23481;680;0,12
23483;681;0,22
23484;677;0,00
23485;681;0,22
23487;680;0,12
23488;679;0,02
23489;679;0,02
23491;679;0,02
23492;677;0,00
23493;679;0,02
23495;682;0,32
23496;682;0,32
23497;685;0,62
23499;683;0,42
23500;682;0,32
23501;683;0,42
23503;685;0,62
23504;682;0,32
23505;680;0,12
23507;679;0,02
23508;682;0,32
23510;684;0,52
23511;685;0,62
23513;681;0,22
23514;679;0,02
23515;680;0,12
23517;678;0,00
23518;681;0,22
23519;681;0,22
23521;682;0,32
23522;678;0,00
23523;679;0,02
23525;680;0,12
23526;679;0,02
23527;682;0,32
23529;681;0,22
23530;680;0,12
23531;683;0,42
23533;679;0,02
23534;679;0,02
23535;679;0,02
23537;678;0,00
23538;680;0,12
23539;688;0,92
23541;684;0,52
23542;680;0,12
23543;681;0,22
23545;679;0,02
23546;682;0,32
23547;686;0,72
23549;680;0,12
23550;682;0,32
23552;685;0,62
23554;678;0,00
23555;682;0,32
23556;686;0,72
23558;682;0,32
23559;679;0,02
23560;679;0,02
23562;683;0,42
23563;679;0,02
23564;685;0,62
23566;680;0,12
23567;680;0,12
23568;678;0,00
23570;678;0,00
23571;679;0,02
23572;679;0,02
23574;681;0,22
23575;678;0,00
23576;679;0,02
23578;677;0,00
23579;678;0,00
23580;678;0,00
23582;678;0,00
23583;679;0,02
23584;680;0,12
23586;678;0,00
23587;679;0,02
23588;680;0,12
23590;677;0,00
23591;679;0,02
23592;678;0,00
23595;679;0,02
23596;678;0,00
23597;678;0,00
23598;680;0,12
23600;681;0,22
23601;681;0,22
23602;678;0,00
23604;679;0,02
23605;678;0,00
23606;678;0,00
23608;681;0,22
23609;682;0,32
23610;678;0,00
23612;680;0,12
23613;679;0,02
23614;679;0,02
23616;679;0,02
23617;679;0,02
23618;680;0,12
23620;685;0,62
23621;681;0,22
23622;680;0,12
23624;679;0,02
23625;685;0,62
23626;681;0,22
23628;680;0,12
23629;681;0,22
23630;679;0,02
23632;679;0,02
23633;679;0,02
23634;682;0,32
23636;680;0,12
23638;679;0,02
23639;679;0,02
23641;680;0,12
23642;680;0,12
23643;680;0,12
23645;682;0,32
23646;681;0,22
23647;678;0,00
23649;678;0,00
23650;682;0,32
23651;682;0,32
23653;681;0,22
23654;679;0,02
23655;684;0,52
23657;679;0,02
23658;680;0,12
23659;680;0,12
23661;679;0,02
23662;685;0,62
23663;682;0,32
23665;678;0,00
23666;684;0,52
23667;679;0,02
23669;681;0,22
23670;679;0,02
23671;679;0,02
23673;680;0,12
23674;680;0,12
23675;683;0,42
23677;678;0,00
23678;678;0,00
23680;678;0,00
23682;680;0,12
23683;679;0,02
23684;679;0,02
23685;684;0,52
23687;680;0,12
23688;680;0,12
23689;678;0,00
23691;679;0,02
23692;680;0,12
23693;679;0,02
23695;679;0,02
23696;680;0,12
23697;686;0,72
23699;680;0,12
23700;685;0,62
23701;683;0,42
23703;680;0,12
23704;681;0,22
23705;681;0,22
23707;682;0,32
23708;679;0,02
23709;682;0,32
23711;682;0,32
23712;679;0,02
23713;680;0,12
23715;686;0,72
23716;679;0,02
23717;678;0,00
23719;687;0,82
23720;681;0,22
23721;678;0,00
23724;678;0,00
23725;680;0,12
23726;681;0,22
23728;682;0,32
23729;679;0,02
23730;679;0,02
23732;685;0,62
23733;680;0,12
23734;679;0,02
23736;680;0,12
23737;682;0,32
23738;680;0,12
23740;678;0,00
23741;684;0,52
23742;679;0,02
23744;680;0,12
23745;678;0,00
23746;678;0,00
23748;685;0,62
23749;680;0,12
23750;680;0,12
23752;678;0,00
23753;686;0,72
23754;678;0,00
23756;686;0,72
23757;679;0,02
23758;680;0,12
23760;677;0,00
23761;677;0,00
23762;679;0,02
23764;679;0,02
23766;685;0,62
23767;680;0,12
23769;685;0,62
23770;679;0,02
23771;681;0,22
23772;686;0,72
23774;679;0,02
23775;682;0,32
23776;682;0,32
23778;683;0,42
23779;681;0,22
23780;680;0,12
23782;678;0,00
23783;679;0,02
23784;680;0,12
23786;679;0,02
23787;685;0,62
23788;680;0,12
23790;678;0,00
23791;679;0,02
23792;679;0,02
23794;680;0,12
23795;679;0,02
23796;683;0,42
23798;680;0,12
23799;685;0,62
23800;678;0,00
23802;683;0,42
23803;678;0,00
23804;687;0,82
23806;683;0,42
23808;679;0,02
23809;685;0,62
23811;678;0,00
23812;679;0,02
23813;685;0,62
23815;683;0,42
23816;679;0,02
23817;680;0,12
23819;679;0,02
23820;678;0,00
23821;686;0,72
23823;680;0,12
23824;681;0,22
23825;678;0,00
23827;684;0,52
23828;684;0,52
23829;680;0,12
23831;681;0,22
23832;686;0,72
23833;679;0,02
23835;678;0,00
23836;681;0,22
23837;681;0,22
23839;678;0,00
23840;681;0,22
23841;680;0,12
23843;684;0,52
23844;685;0,62
23845;688;0,92
23847;679;0,02
23848;684;0,52
23849;681;0,22
23852;678;0,00
23853;680;0,12
23854;681;0,22
23856;686;0,72
23857;679;0,02
23858;680;0,12
23859;684;0,52
23861;679;0,02
23862;679;0,02
23863;679;0,02
23865;679;0,02
23866;680;0,12
23867;681;0,22
23869;680;0,12
23870;687;0,82
23871;676;0,00
23873;680;0,12
23874;680;0,12
23875;678;0,00
23877;680;0,12
23878;682;0,32
23879;682;0,32
23881;686;0,72
23882;680;0,12
23883;684;0,52
23885;680;0,12
23886;689;1,02
23887;679;0,02
23889;680;0,12
23890;681;0,22
23891;678;0,00
23894;678;0,00
23895;679;0,02
23896;683;0,42
23898;679;0,02
23899;682;0,32
23900;678;0,00
23902;679;0,02
23903;679;0,02
23904;678;0,00
23906;680;0,12
23907;683;0,42
23908;678;0,00
23910;681;0,22
23911;688;0,92
23912;677;0,00
23914;680;0,12
23915;684;0,52
23916;681;0,22
23918;678;0,00
23919;678;0,00
23920;684;0,52
23922;688;0,92
23923;689;1,02
23924;679;0,02
23926;681;0,22
23927;679;0,02
23928;678;0,00
23930;681;0,22
23931;680;0,12
23932;678;0,00
23934;682;0,32
23936;680;0,12
23937;678;0,00
23939;680;0,12
23940;680;0,12
23941;678;0,00
23943;682;0,32
23944;680;0,12
23945;678;0,00
23947;678;0,00
23948;679;0,02
23949;681;0,22
23950;685;0,62
23952;686;0,72
23953;680;0,12
23954;678;0,00
23956;679;0,02
23957;678;0,00
23958;683;0,42
23960;683;0,42
23961;682;0,32
23962;677;0,00
23964;679;0,02
23965;678;0,00
23966;679;0,02
23968;678;0,00
23969;680;0,12
23970;681;0,22
23972;682;0,32
23973;680;0,12
23974;682;0,32
23976;679;0,02
23977;683;0,42
23979;688;0,92
23981;678;0,00
23982;679;0,02
23983;678;0,00
23985;680;0,12
23986;679;0,02
23987;679;0,02
23989;679;0,02
23990;680;0,12
23991;679;0,02
23993;687;0,82
23994;684;0,52
23995;689;1,02
23997;680;0,12
23998;692;1,32
23999;687;0,82
24001;684;0,52
24002;684;0,52
24003;678;0,00
24005;678;0,00
24006;686;0,72
24007;683;0,42
24009;679;0,02
24010;680;0,12
24011;678;0,00
24013;682;0,32
24014;679;0,02
24015;679;0,02
24017;678;0,00
24018;678;0,00
24019;679;0,02
24022;678;0,00
24023;681;0,22
24024;678;0,00
24026;680;0,12
24027;686;0,72
24028;678;0,00
24030;686;0,72
24031;679;0,02
24032;679;0,02
24033;684;0,52
24035;678;0,00
24036;681;0,22
24037;683;0,42
24039;679;0,02
24040;683;0,42
24041;679;0,02
24043;682;0,32
24044;679;0,02
24045;680;0,12
24047;685;0,62
24048;678;0,00
24049;682;0,32
24051;680;0,12
24052;679;0,02
24053;687;0,82
24055;679;0,02
24056;687;0,82
24057;679;0,02
24059;679;0,02
24060;681;0,22
24061;679;0,02
24064;678;0,00
24065;680;0,12
24066;680;0,12
24068;679;0,02
24069;678;0,00
24070;685;0,62
24072;679;0,02
24073;679;0,02
24074;679;0,02
24076;678;0,00
24077;678;0,00
24078;679;0,02
24080;678;0,00
24081;681;0,22
24082;683;0,42
24084;682;0,32
24085;679;0,02
24086;681;0,22
24088;684;0,52
24089;679;0,02
24090;679;0,02
24092;684;0,52
24093;681;0,22
24094;679;0,02
24096;679;0,02
24097;679;0,02
24098;680;0,12
24100;681;0,22
24101;681;0,22
24102;679;0,02
24104;680;0,12
24105;679;0,02
24107;679;0,02
24109;680;0,12
24110;690;1,12
24111;681;0,22
24113;681;0,22
24114;686;0,72
24115;682;0,32
24117;685;0,62
24118;680;0,12
24119;686;0,72
24121;678;0,00
24122;688;0,92
24123;686;0,72
24124;679;0,02
24126;678;0,00
24127;680;0,12
24128;685;0,62
24130;684;0,52
24131;679;0,02
24132;678;0,00
24134;684;0,52
24135;678;0,00
24136;679;0,02
24138;679;0,02
24139;680;0,12
24140;680;0,12
24142;686;0,72
24143;681;0,22
24144;679;0,02
24146;679;0,02
24147;685;0,62
24148;678;0,00
24151;679;0,02
24152;685;0,62
24153;683;0,42
24155;678;0,00
24156;686;0,72
24157;683;0,42
24159;681;0,22
24160;679;0,02
24161;681;0,22
24163;684;0,52
24164;686;0,72
24165;683;0,42
24167;680;0,12
24168;686;0,72
24169;684;0,52
24171;682;0,32
24172;681;0,22
24173;679;0,02
24175;684;0,52
24176;677;0,00
24177;679;0,02
24179;679;0,02
24180;682;0,32
24181;680;0,12
24183;680;0,12
24184;679;0,02
24185;678;0,00
24187;679;0,02
24188;683;0,42
24189;679;0,02
24192;679;0,02
24193;678;0,00
24194;678;0,00
24196;679;0,02
24197;680;0,12
24198;681;0,22
24200;681;0,22
24201;679;0,02
24202;684;0,52
24204;687;0,82
24205;679;0,02
24206;678;0,00
24208;679;0,02
24209;686;0,72
24210;684;0,52
24211;679;0,02
24213;681;0,22
24214;679;0,02
24215;678;0,00
24217;680;0,12
24218;680;0,12
24219;680;0,12
24221;687;0,82
24222;679;0,02
24223;679;0,02
24225;679;0,02
24226;685;0,62
24227;679;0,02
24229;680;0,12
24230;678;0,00
24231;679;0,02
24233;681;0,22
24235;679;0,02
24236;680;0,12
24238;680;0,12
24239;685;0,62
24240;681;0,22
24242;683;0,42
24243;680;0,12
24244;679;0,02
24246;685;0,62
24247;679;0,02
24248;683;0,42
24250;679;0,02
24251;683;0,42
24252;682;0,32
24254;679;0,02
24255;679;0,02
24256;680;0,12
24258;681;0,22
24259;679;0,02
24260;679;0,02
24262;677;0,00
24263;680;0,12
24264;678;0,00
24266;679;0,02
24267;679;0,02
24268;679;0,02
24270;680;0,12
24271;678;0,00
24272;680;0,12
24274;680;0,12
24275;679;0,02
24276;681;0,22
24279;682;0,32
24280;679;0,02
24281;679;0,02
24283;679;0,02
24284;679;0,02
24285;681;0,22
24287;679;0,02
24288;678;0,00
24289;679;0,02
24291;681;0,22
24292;679;0,02
24293;679;0,02
24295;679;0,02
24296;681;0,22
24297;678;0,00
24298;680;0,12
24300;679;0,02
24301;678;0,00
24302;678;0,00
24304;679;0,02
24305;679;0,02
24306;678;0,00
24308;678;0,00
24309;679;0,02
24310;679;0,02
24312;678;0,00
24313;680;0,12
24314;679;0,02
24316;678;0,00
24317;679;0,02
24318;680;0,12
24321;679;0,02
24322;679;0,02
24323;678;0,00
24325;677;0,00
24326;680;0,12
24327;679;0,02
24329;679;0,02
24330;678;0,00
24331;679;0,02
24333;682;0,32
24334;679;0,02
24335;677;0,00
24337;679;0,02
24338;679;0,02
24339;679;0,02
24341;678;0,00
24342;679;0,02
24343;679;0,02
24345;679;0,02
24346;678;0,00
24347;677;0,00
24349;679;0,02
24350;680;0,12
24351;679;0,02
24353;678;0,00
24354;679;0,02
24355;678;0,00
24357;677;0,00
24358;677;0,00
24359;680;0,12
24361;678;0,00
24363;679;0,02
24364;680;0,12
24366;679;0,02
24367;680;0,12
24368;680;0,12
24370;679;0,02
24371;682;0,32
24372;681;0,22
24374;679;0,02
24375;678;0,00
24376;678;0,00
24378;678;0,00
24379;679;0,02
24380;679;0,02
24382;678;0,00
24383;681;0,22
24384;681;0,22
24385;679;0,02
24387;679;0,02
24388;681;0,22
24389;679;0,02
24391;679;0,02
24392;680;0,12
24393;680;0,12
24395;680;0,12
24396;678;0,00
24397;679;0,02
24399;677;0,00
24400;680;0,12
24401;679;0,02
24403;678;0,00
24404;679;0,02
24406;679;0,02
24408;679;0,02
24409;678;0,00
24410;680;0,12
24412;681;0,22
24413;680;0,12
24414;678;0,00
24416;680;0,12
24417;677;0,00
24418;678;0,00
24420;678;0,00
24421;679;0,02
24422;677;0,00
24424;679;0,02
24425;680;0,12
24426;678;0,00
24428;679;0,02
24429;679;0,02
24430;678;0,00
24432;678;0,00
24433;680;0,12
24434;679;0,02
24436;681;0,22
24437;680;0,12
24438;679;0,02
24440;678;0,00
24441;683;0,42
24442;679;0,02
24444;681;0,22
24445;680;0,12
24446;683;0,42
24449;679;0,02
24450;679;0,02
24451;678;0,00
24453;680;0,12
24454;678;0,00
24455;679;0,02
24457;680;0,12
24458;680;0,12
24459;678;0,00
24461;678;0,00
24462;679;0,02
24463;679;0,02
24465;679;0,02
24466;680;0,12
24467;679;0,02
24469;679;0,02
24470;678;0,00
24471;679;0,02
24472;679;0,02
24474;680;0,12
24475;679;0,02
24476;681;0,22
24478;679;0,02
24479;678;0,00
24480;679;0,02
24482;681;0,22
24483;678;0,00
24484;678;0,00
24486;678;0,00
24487;678;0,00
24488;679;0,02
24491;680;0,12
24492;679;0,02
24493;680;0,12
24495;678;0,00
24496;677;0,00
24497;678;0,00
24499;680;0,12
24500;681;0,22
24501;683;0,42
24503;678;0,00
24504;678;0,00
24505;679;0,02
24507;679;0,02
24508;679;0,02
24509;681;0,22
24511;677;0,00
24512;679;0,02
24513;679;0,02
24515;678;0,00
24516;678;0,00
24517;678;0,00
24519;679;0,02
24520;679;0,02
24521;681;0,22
24523;679;0,02
24524;677;0,00
24525;678;0,00
24527;681;0,22
24528;679;0,02
24529;679;0,02
24531;680;0,12
24532;680;0,12
24534;680;0,12
24536;681;0,22
24537;679;0,02
24538;679;0,02
24540;681;0,22
24541;678;0,00
24542;678;0,00
24544;679;0,02
24545;679;0,02
24546;678;0,00
24548;681;0,22
24549;679;0,02
24550;678;0,00
24552;679;0,02
24553;679;0,02
24554;681;0,22
24555;682;0,32
24557;677;0,00
24558;679;0,02
24559;678;0,00
24561;677;0,00
24562;679;0,02
24563;679;0,02
24565;677;0,00
24566;678;0,00
24567;678;0,00
24569;681;0,22
24570;678;0,00
24571;678;0,00
24573;679;0,02
24574;681;0,22
24576;678;0,00
24578;678;0,00
24579;678;0,00
24580;679;0,02
24582;678;0,00
24583;679;0,02
24584;678;0,00
24586;677;0,00
24587;682;0,32
24588;680;0,12
24590;679;0,02
24591;680;0,12
24592;680;0,12
24594;679;0,02
24595;680;0,12
24596;679;0,02
24598;678;0,00
24599;679;0,02
24600;679;0,02
24602;678;0,00
24603;679;0,02
24604;682;0,32
24606;679;0,02
24607;678;0,00
24608;681;0,22
24610;680;0,12
24611;681;0,22
24612;680;0,12
24614;678;0,00
24615;678;0,00
24616;678;0,00
24619;679;0,02
24620;680;0,12
24621;681;0,22
24623;678;0,00
24624;680;0,12
24625;680;0,12
24627;678;0,00
24628;679;0,02
24629;681;0,22
24631;678;0,00
24632;680;0,12
24633;679;0,02
24635;678;0,00
24636;681;0,22
24637;679;0,02
24639;680;0,12
24640;680;0,12
24641;677;0,00
24643;677;0,00
24644;679;0,02
24645;679;0,02
24646;679;0,02
24648;678;0,00
24649;678;0,00
24650;679;0,02
24652;678;0,00
24653;678;0,00
24654;678;0,00
24656;680;0,12
24657;679;0,02
24658;679;0,02
24660;681;0,22
24662;680;0,12
24663;679;0,02
24665;678;0,00
24666;680;0,12
24667;682;0,32
24669;682;0,32
24670;678;0,00
24671;679;0,02
24673;678;0,00
24674;680;0,12
24675;679;0,02
24677;679;0,02
24678;678;0,00
24679;679;0,02
24681;680;0,12
24682;678;0,00
24683;678;0,00
24685;678;0,00
24686;679;0,02
24687;678;0,00
24689;681;0,22
24690;678;0,00
24691;678;0,00
24693;678;0,00
24694;678;0,00
24695;680;0,12
24697;679;0,02
24698;680;0,12
24699;678;0,00
24701;679;0,02
24702;679;0,02
24704;679;0,02
24706;679;0,02
24707;677;0,00
24708;679;0,02
24710;679;0,02
24711;678;0,00
24712;679;0,02
24714;681;0,22
24715;680;0,12
24716;679;0,02
24718;678;0,00
24719;682;0,32
24720;678;0,00
24722;680;0,12
24723;683;0,42
24724;679;0,02
24726;679;0,02
24727;678;0,00
24728;678;0,00
24730;679;0,02
24731;679;0,02
24732;682;0,32
24733;679;0,02
24735;678;0,00
24736;679;0,02
24737;678;0,00
24739;678;0,00
24740;678;0,00
24741;681;0,22
24743;682;0,32
24744;678;0,00
24745;681;0,22
24748;678;0,00
24749;679;0,02
24750;680;0,12
24752;679;0,02
24753;680;0,12
24754;680;0,12
24756;679;0,02
24757;679;0,02
24758;682;0,32
24760;679;0,02
24761;678;0,00
24762;678;0,00
24764;679;0,02
24765;679;0,02
24766;679;0,02
24768;680;0,12
24769;679;0,02
24770;680;0,12
24772;679;0,02
24773;680;0,12
24774;680;0,12
24776;683;0,42
24777;679;0,02
24778;683;0,42
24780;681;0,22
24781;677;0,00
24782;678;0,00
24784;679;0,02
24785;678;0,00
24786;680;0,12
24788;681;0,22
24790;678;0,00
24791;678;0,00
24793;679;0,02
24794;678;0,00
24795;679;0,02
24797;680;0,12
24798;680;0,12
24799;680;0,12
24801;682;0,32
24802;678;0,00
24803;681;0,22
24805;678;0,00
24806;679;0,02
24807;679;0,02
24809;679;0,02
24810;679;0,02
24811;681;0,22
24813;682;0,32
24814;678;0,00
24815;678;0,00
24816;682;0,32
24818;678;0,00
24819;676;0,00
24820;681;0,22
24822;679;0,02
24823;682;0,32
24824;678;0,00
24826;678;0,00
24827;680;0,12
24828;681;0,22
24830;678;0,00
24832;678;0,00
24833;679;0,02
24835;681;0,22
24836;679;0,02
24837;678;0,00
24839;678;0,00
24840;677;0,00
24841;681;0,22
24843;679;0,02
24844;679;0,02
24845;680;0,12
24847;679;0,02
24848;679;0,02
24849;679;0,02
24851;678;0,00
24852;679;0,02
24853;680;0,12
24855;678;0,00
24856;678;0,00
24857;682;0,32
24859;680;0,12
24860;678;0,00
24861;679;0,02
24863;680;0,12
24864;678;0,00
24865;679;0,02
24867;678;0,00
24868;679;0,02
24869;679;0,02
24871;679;0,02
24872;680;0,12
24873;682;0,32
24876;679;0,02
24877;681;0,22
24878;678;0,00
24880;678;0,00
24881;680;0,12
24882;679;0,02
24884;679;0,02
24885;679;0,02
24886;679;0,02
24888;679;0,02
24889;683;0,42
24890;681;0,22
24892;679;0,02
24893;678;0,00
24894;679;0,02
24896;677;0,00
24897;678;0,00
24898;679;0,02
24900;678;0,00
24901;678;0,00
24902;678;0,00
24904;678;0,00
24905;677;0,00
24906;683;0,42
24907;677;0,00
24909;682;0,32
24910;678;0,00
24911;679;0,02
24913;678;0,00
24914;679;0,02
24915;679;0,02
24918;678;0,00
24919;683;0,42
24920;680;0,12
24922;678;0,00
24923;679;0,02
24924;679;0,02
24926;679;0,02
24927;680;0,12
24928;678;0,00
24930;678;0,00
24931;679;0,02
24932;678;0,00
24934;679;0,02
24935;678;0,00
24936;678;0,00
24938;679;0,02
24939;679;0,02
24940;680;0,12
24942;679;0,02
24943;683;0,42
24944;677;0,00
24946;683;0,42
24947;682;0,32
24948;678;0,00
24950;677;0,00
24951;679;0,02
24952;679;0,02
24954;678;0,00
24955;680;0,12
24956;679;0,02
24958;682;0,32
24960;679;0,02
24961;679;0,02
24963;679;0,02
24964;683;0,42
24965;679;0,02
24967;680;0,12
24968;680;0,12
24969;678;0,00
24971;678;0,00
24972;677;0,00
24973;679;0,02
24975;679;0,02
24976;678;0,00
24977;678;0,00
24979;681;0,22
24980;679;0,02
24981;679;0,02
24983;680;0,12
24984;680;0,12
24985;679;0,02
24987;679;0,02
24988;681;0,22
24989;678;0,00
24991;678;0,00
24992;679;0,02
24993;678;0,00
24994;678;0,00
24996;679;0,02
24997;680;0,12
24998;680;0,12
25000;679;0,02
25001;682;0,32
25003;679;0,02
25005;683;0,42
25006;679;0,02
25007;679;0,02
25009;679;0,02
25010;678;0,00
25011;679;0,02
25013;678;0,00
25014;678;0,00
25015;680;0,12
25017;678;0,00
25018;679;0,02
25019;679;0,02
25021;680;0,12
25022;679;0,02
25023;679;0,02
25025;681;0,22
25026;679;0,02
25027;678;0,00
25029;679;0,02
25030;678;0,00
25031;682;0,32
25033;680;0,12
25034;678;0,00
25035;683;0,42
25037;679;0,02
25038;679;0,02
25039;680;0,12
25041;678;0,00
25042;680;0,12
25043;679;0,02
25046;679;0,02
25047;679;0,02
25048;679;0,02
25050;683;0,42
25051;679;0,02
25052;679;0,02
25054;678;0,00
25055;678;0,00
25056;679;0,02
25058;680;0,12
25059;678;0,00
25060;680;0,12
25062;680;0,12
25063;678;0,00
25064;680;0,12
25066;679;0,02
25067;678;0,00
25068;681;0,22
25070;679;0,02
25071;679;0,02
25072;679;0,02
25074;678;0,00
25075;678;0,00
25076;678;0,00
25078;679;0,02
25079;678;0,00
25080;679;0,02
25081;679;0,02
25083;680;0,12
25084;680;0,12
25085;678;0,00
25088;678;0,00
25089;678;0,00
25090;678;0,00
25092;678;0,00
25093;679;0,02
25094;680;0,12
25096;679;0,02
25097;678;0,00
25098;678;0,00
25100;678;0,00
25101;680;0,12
25102;679;0,02
25104;678;0,00
25105;679;0,02
25106;680;0,12
25108;678;0,00
25109;680;0,12
25110;678;0,00
25112;678;0,00
25113;679;0,02
25114;679;0,02
25116;678;0,00
25117;679;0,02
25118;683;0,42
25120;679;0,02
25121;681;0,22
25122;680;0,12
25124;679;0,02
25125;679;0,02
25126;679;0,02
25128;679;0,02
25129;680;0,12
25131;677;0,00
25133;678;0,00
25134;678;0,00
25135;679;0,02
25137;678;0,00
25138;678;0,00
25139;679;0,02
25141;678;0,00
25142;680;0,12
25143;679;0,02
25145;677;0,00
25146;681;0,22
25147;680;0,12
25149;679;0,02
25150;678;0,00
25151;680;0,12
25153;679;0,02
25154;678;0,00
25155;678;0,00
25157;678;0,00
25158;678;0,00
25159;681;0,22
25161;679;0,02
25162;680;0,12
25163;678;0,00
25165;679;0,02
25166;678;0,00
25167;679;0,02
25168;680;0,12
25170;679;0,02
25171;682;0,32
25172;679;0,02
25175;679;0,02
25176;681;0,22
25177;678;0,00
25179;677;0,00
25180;679;0,02
25181;677;0,00
25183;681;0,22
25184;678;0,00
25185;677;0,00
25187;680;0,12
25188;679;0,02
25189;679;0,02
25191;679;0,02
25192;678;0,00
25193;678;0,00
25195;678;0,00
25196;679;0,02
25197;679;0,02
25199;679;0,02
25200;681;0,22
25201;678;0,00
25203;680;0,12
25204;679;0,02
25205;678;0,00
25207;677;0,00
25208;678;0,00
25209;679;0,02
25211;680;0,12
25212;682;0,32
25213;680;0,12
25216;679;0,02
25217;682;0,32
25218;678;0,00
25220;679;0,02
25221;678;0,00
25222;678;0,00
25224;681;0,22
25225;681;0,22
25226;680;0,12
25228;679;0,02
25229;682;0,32
25230;679;0,02
25232;677;0,00
25233;678;0,00
25234;678;0,00
25236;680;0,12
25237;679;0,02
25238;679;0,02
25240;680;0,12
25241;680;0,12
25242;679;0,02
25244;683;0,42
25245;680;0,12
25246;678;0,00
25248;680;0,12
25249;678;0,00
25250;679;0,02
25251;683;0,42
25253;682;0,32
25254;678;0,00
25255;679;0,02
25257;679;0,02
25259;678;0,00
25260;678;0,00
25262;678;0,00
25263;678;0,00
25264;679;0,02
25266;678;0,00
25267;678;0,00
25268;680;0,12
25270;680;0,12
25271;678;0,00
25272;679;0,02
25274;679;0,02
25275;679;0,02
25276;679;0,02
25278;679;0,02
25279;679;0,02
25280;681;0,22
25282;678;0,00
25283;678;0,00
25284;678;0,00
25286;681;0,22
25287;679;0,02
25288;679;0,02
25290;679;0,02
25291;677;0,00
25292;679;0,02
25294;678;0,00
25295;679;0,02
25296;679;0,02
25298;682;0,32
25299;679;0,02
25300;680;0,12
25303;678;0,00
25304;679;0,02
25305;679;0,02
25307;679;0,02
25308;680;0,12
25309;679;0,02
25311;680;0,12
25312;678;0,00
25313;679;0,02
25315;680;0,12
25316;679;0,02
25317;679;0,02
25319;681;0,22
25320;677;0,00
25321;679;0,02
25323;679;0,02
25324;678;0,00
25325;681;0,22
25327;679;0,02
25328;678;0,00
25329;680;0,12
25331;680;0,12
25332;679;0,02
25333;679;0,02
25335;679;0,02
25336;680;0,12
25337;679;0,02
25338;681;0,22
25340;679;0,02
25341;679;0,02
25342;679;0,02
25345;680;0,12
25346;681;0,22
25347;680;0,12
25349;679;0,02
25350;682;0,32
25351;681;0,22
25353;678;0,00
25354;681;0,22
25355;682;0,32
25357;678;0,00
25358;681;0,22
25359;680;0,12
25361;680;0,12
25362;679;0,02
25363;681;0,22
25365;678;0,00
25366;679;0,02
25367;682;0,32
25369;679;0,02
25370;679;0,02
25371;680;0,12
25373;679;0,02
25374;681;0,22
25375;678;0,00
25377;678;0,00
25378;679;0,02
25379;680;0,12
25381;678;0,00
25382;679;0,02
25383;681;0,22
25385;678;0,00
25387;681;0,22
25388;679;0,02
25390;680;0,12
25391;681;0,22
25392;680;0,12
25394;678;0,00
25395;678;0,00
25396;682;0,32
25398;678;0,00
25399;679;0,02
25400;679;0,02
25402;679;0,02
25403;680;0,12
25404;679;0,02
25406;677;0,00
25407;678;0,00
25408;679;0,02
25410;678;0,00
25411;680;0,12
25412;680;0,12
25414;678;0,00
25415;681;0,22
25416;678;0,00
25418;678;0,00
25419;679;0,02
25420;680;0,12
25422;679;0,02
25423;680;0,12
25424;678;0,00
25426;678;0,00
25427;678;0,00
25428;681;0,22
25430;680;0,12
25432;680;0,12
25433;679;0,02
25434;679;0,02
25436;683;0,42
25437;683;0,42
25438;679;0,02
25440;681;0,22
25441;683;0,42
25442;677;0,00
25444;680;0,12
25445;679;0,02
25446;678;0,00
25448;680;0,12
25449;677;0,00
25450;680;0,12
25452;680;0,12
25453;679;0,02
25454;680;0,12
25456;679;0,02
25457;683;0,42
25458;679;0,02
25460;678;0,00
25461;681;0,22
25462;680;0,12
25464;681;0,22
25465;680;0,12
25466;679;0,02
25468;678;0,00
25469;678;0,00
25470;679;0,02
25473;680;0,12
25474;678;0,00
25475;679;0,02
25477;680;0,12
25478;679;0,02
25479;679;0,02
25481;680;0,12
25482;681;0,22
25483;678;0,00
25485;679;0,02
25486;677;0,00
25487;678;0,00
25489;678;0,00
25490;680;0,12
25491;678;0,00
25493;678;0,00
25494;681;0,22
25495;678;0,00
25497;679;0,02
25498;679;0,02
25499;679;0,02
25501;680;0,12
25502;679;0,02
25503;680;0,12
25505;681;0,22
25506;678;0,00
25507;679;0,02
25509;681;0,22
25510;679;0,02
25511;678;0,00
25512;681;0,22
25515;679;0,02
25516;678;0,00
25517;679;0,02
25519;679;0,02
25520;678;0,00
25521;682;0,32
25523;682;0,32
25524;678;0,00
25525;680;0,12
25527;679;0,02
25528;679;0,02
25529;678;0,00
25531;679;0,02
25532;677;0,00
25533;680;0,12
25535;680;0,12
25536;680;0,12
25537;680;0,12
25539;680;0,12
25540;677;0,00
25541;679;0,02
25543;682;0,32
25544;678;0,00
25545;676;0,00
25547;677;0,00
25548;679;0,02
25549;680;0,12
25551;679;0,02
25552;679;0,02
25553;680;0,12
25555;680;0,12
25556;678;0,00
25558;680;0,12
25560;679;0,02
25561;677;0,00
25562;679;0,02
25564;683;0,42
25565;679;0,02
25566;682;0,32
25568;681;0,22
25569;678;0,00
25570;679;0,02
25572;678;0,00
25573;679;0,02
25574;679;0,02
25576;679;0,02
25577;679;0,02
25578;679;0,02
25580;679;0,02
25581;678;0,00
25582;678;0,00
25584;679;0,02
25585;679;0,02
25586;681;0,22
25588;680;0,12
25589;678;0,00
25590;679;0,02
25592;681;0,22
25593;679;0,02
25594;677;0,00
25596;679;0,02
25597;679;0,02
25598;680;0,12
25601;677;0,00
25602;677;0,00
25603;679;0,02
25604;679;0,02
25606;679;0,02
25607;679;0,02
25608;680;0,12
25610;678;0,00
25611;680;0,12
25612;679;0,02
25614;678;0,00
25615;679;0,02
25616;681;0,22
25618;679;0,02
25619;682;0,32
25620;680;0,12
25622;679;0,02
25623;678;0,00
25624;677;0,00
25626;679;0,02
25627;680;0,12
25628;680;0,12
25630;680;0,12
25631;682;0,32
25632;680;0,12
25634;680;0,12
25635;679;0,02
25636;680;0,12
25638;680;0,12
25639;681;0,22
25640;680;0,12
25643;678;0,00
25644;680;0,12
25645;679;0,02
25647;678;0,00
25648;682;0,32
25649;680;0,12
25651;678;0,00
25652;679;0,02
25653;679;0,02
25655;678;0,00
25656;678;0,00
25657;679;0,02
25659;680;0,12
25660;678;0,00
25661;679;0,02
25663;679;0,02
25664;680;0,12
25665;682;0,32
25667;679;0,02
25668;678;0,00
25669;678;0,00
25671;677;0,00
25672;679;0,02
25673;684;0,52
25675;678;0,00
25676;679;0,02
25677;682;0,32
25679;679;0,02
25680;679;0,02
25681;682;0,32
25683;677;0,00
25684;678;0,00
25686;680;0,12
25688;678;0,00
25689;680;0,12
25690;680;0,12
25691;678;0,00
25693;680;0,12
25694;682;0,32
25695;678;0,00
25697;679;0,02
25698;680;0,12
25699;678;0,00
25701;679;0,02
25702;679;0,02
25703;679;0,02
25705;683;0,42
25706;680;0,12
25707;678;0,00
25709;681;0,22
25710;679;0,02
25711;678;0,00
25713;679;0,02
25714;682;0,32
25715;679;0,02
25717;679;0,02
25718;680;0,12
25719;679;0,02
25721;680;0,12
25722;679;0,02
25723;679;0,02
25725;681;0,22
25726;678;0,00
25728;678;0,00
25730;679;0,02
25731;681;0,22
25732;679;0,02
25734;682;0,32
25735;679;0,02
25736;679;0,02
25738;678;0,00
25739;681;0,22
25740;678;0,00
25742;679;0,02
25743;678;0,00
25744;678;0,00
25746;679;0,02
25747;679;0,02
25748;678;0,00
25750;680;0,12
25751;682;0,32
25752;678;0,00
25754;678;0,00
25755;678;0,00
25756;677;0,00
25758;679;0,02
25759;680;0,12
25760;679;0,02
25762;681;0,22
25763;681;0,22
25764;679;0,02
25766;679;0,02
25767;679;0,02
25768;680;0,12
25771;682;0,32
25772;677;0,00
25773;677;0,00
25775;679;0,02
25776;679;0,02
25777;678;0,00
25778;680;0,12
25780;682;0,32
25781;677;0,00
25782;679;0,02
25784;680;0,12
25785;679;0,02
25786;679;0,02
25788;682;0,32
25789;679;0,02
25790;678;0,00
25792;679;0,02
25793;678;0,00
25794;679;0,02
25796;684;0,52
25797;681;0,22
25798;679;0,02
25800;679;0,02
25801;678;0,00
25802;678;0,00
25804;680;0,12
25805;678;0,00
25806;679;0,02
25808;679;0,02
25809;679;0,02
25810;678;0,00
25812;678;0,00
25814;679;0,02
25815;678;0,00
25817;680;0,12
25818;679;0,02
25819;681;0,22
25821;682;0,32
25822;678;0,00
25823;677;0,00
25825;679;0,02
25826;678;0,00
25827;679;0,02
25829;678;0,00
25830;679;0,02
25831;679;0,02
25833;679;0,02
25834;679;0,02
25835;680;0,12
25837;681;0,22
25838;678;0,00
25839;679;0,02
25841;678;0,00
25842;678;0,00
25843;680;0,12
25845;679;0,02
25846;678;0,00
25847;680;0,12
25849;681;0,22
25850;680;0,12
25851;680;0,12
25853;678;0,00
25854;678;0,00
25856;679;0,02
25858;681;0,22
25859;679;0,02
25860;679;0,02
25861;680;0,12
25863;679;0,02
25864;678;0,00
25865;679;0,02
25867;679;0,02
25868;682;0,32
25869;678;0,00
25871;679;0,02
25872;680;0,12
25873;678;0,00
25875;677;0,00
25876;679;0,02
25877;679;0,02
25879;677;0,00
25880;679;0,02
25881;680;0,12
25883;679;0,02
25884;681;0,22
25885;684;0,52
25887;682;0,32
25888;679;0,02
25889;686;0,72
25891;678;0,00
25892;678;0,00
25893;678;0,00
25895;679;0,02
25896;687;0,82
25897;686;0,72
25900;685;0,62
25901;680;0,12
25902;687;0,82
25904;685;0,62
25905;681;0,22
25906;686;0,72
25908;678;0,00
25909;679;0,02
25910;682;0,32
25912;682;0,32
25913;680;0,12
25914;678;0,00
25916;679;0,02
25917;681;0,22
25918;686;0,72
25920;678;0,00
25921;679;0,02
25922;681;0,22
25924;678;0,00
25925;680;0,12
25926;680;0,12
25928;680;0,12
25929;678;0,00
25930;686;0,72
25932;680;0,12
25933;679;0,02
25934;680;0,12
25936;678;0,00
25937;680;0,12
25938;681;0,22
25940;680;0,12
25942;680;0,12
25943;683;0,42
25945;685;0,62
25946;680;0,12
25947;685;0,62
25948;684;0,52
25950;680;0,12
25951;681;0,22
25952;678;0,00
25954;687;0,82
25955;680;0,12
25956;683;0,42
25958;680;0,12
25959;679;0,02
25960;679;0,02
25962;679;0,02
25963;680;0,12
25964;681;0,22
25966;679;0,02
25967;678;0,00
25968;679;0,02
25970;679;0,02
25971;679;0,02
25972;679;0,02
25974;681;0,22
25975;678;0,00
25976;680;0,12
25978;679;0,02
25979;683;0,42
25980;679;0,02
25982;678;0,00
25984;680;0,12
25985;679;0,02
25987;680;0,12
25988;679;0,02
25989;680;0,12
25991;678;0,00
25992;682;0,32
25993;678;0,00
25995;679;0,02
25996;687;0,82
25997;678;0,00
25999;679;0,02
26000;679;0,02
26001;678;0,00
26003;678;0,00
26004;680;0,12
26005;678;0,00
26007;678;0,00
26008;682;0,32
26009;679;0,02
26011;684;0,52
26012;679;0,02
26013;680;0,12
26015;688;0,92
26016;688;0,92
26017;679;0,02
26019;684;0,52
26020;680;0,12
26021;685;0,62
26023;680;0,12
26024;688;0,92
26025;679;0,02
26028;679;0,02
26029;685;0,62
26030;680;0,12
26032;679;0,02
26033;687;0,82
26034;681;0,22
26035;681;0,22
26037;688;0,92
26038;681;0,22
26039;681;0,22
26041;681;0,22
26042;678;0,00
26043;680;0,12
26045;679;0,02
26046;679;0,02
26047;686;0,72
26049;687;0,82
26050;680;0,12
26051;680;0,12
26053;679;0,02
26054;679;0,02
26055;681;0,22
26057;680;0,12
26058;678;0,00
26059;678;0,00
26061;680;0,12
26062;679;0,02
26063;682;0,32
26065;684;0,52
26066;681;0,22
26067;681;0,22
26070;681;0,22
26071;684;0,52
26072;688;0,92
26074;679;0,02
26075;682;0,32
26076;683;0,42
26078;679;0,02
26079;679;0,02
26080;680;0,12
26082;681;0,22
26083;678;0,00
26084;681;0,22
26086;683;0,42
26087;679;0,02
26088;679;0,02
26090;679;0,02
26091;678;0,00
26092;687;0,82
26094;679;0,02
26095;681;0,22
26096;685;0,62
26098;680;0,12
26099;684;0,52
26100;679;0,02
26102;678;0,00
26103;678;0,00
26104;679;0,02
26106;683;0,42
26107;682;0,32
26108;687;0,82
26110;680;0,12
26112;679;0,02
26113;679;0,02
26115;680;0,12
26116;679;0,02
26117;678;0,00
26119;680;0,12
26120;680;0,12
26121;680;0,12
26123;678;0,00
26124;679;0,02
26125;679;0,02
26126;687;0,82
26128;682;0,32
26129;679;0,02
26130;683;0,42
26132;685;0,62
26133;684;0,52
26134;678;0,00
26136;680;0,12
26137;679;0,02
26138;683;0,42
26140;682;0,32
26141;686;0,72
26142;678;0,00
26144;680;0,12
26145;680;0,12
26146;682;0,32
26148;685;0,62
26149;680;0,12
26150;688;0,92
26152;682;0,32
26153;679;0,02
26155;683;0,42
26157;683;0,42
26158;679;0,02
26159;685;0,62
26161;680;0,12
26162;682;0,32
26163;678;0,00
26165;678;0,00
26166;679;0,02
26167;679;0,02
26169;682;0,32
26170;685;0,62
