Tempo(ms);ADC_Bruto;Forca(kg)
39820;2559;2,67
39821;2608;2,73
39822;2559;2,66
39823;2640;2,80
39824;2605;2,83
39825;2597;2,85
39826;2652;3,00
39837;2699;3,25
39838;2559;3,13
39839;2608;3,14
39840;2558;3,03
39841;2631;3,11
39842;2559;3,00
39843;2559;2,90
39844;2609;2,94
39845;2582;2,90
39846;2608;2,94
39847;2559;2,84
39848;2550;2,74
39849;2559;2,66
39850;2559;2,60
39851;2559;2,54
39852;2559;2,49
39853;2637;2,64
39854;2590;2,65
39855;2553;2,57
39856;2585;2,58
39857;2602;2,63
39858;2549;2,55
39870;2636;2,69
39871;2558;2,62
39872;2701;2,92
39873;2559;2,82
39874;2559;2,74
39875;2557;2,66
39876;2559;2,60
39877;2558;2,54
39878;2625;2,65
39879;2559;2,59
39880;2592;2,61
39881;2559;2,55
39882;2736;2,95
39883;2559;2,85
39884;2582;2,83
39885;2559;2,74
39886;2559;2,67
39887;2559;2,60
39888;2559;2,55
39889;2587;2,56
39890;2559;2,51
39891;2559;2,46
39902;2559;2,41
39903;2672;2,66
39904;2557;2,59
39905;2559;2,53
39906;2589;2,55
39907;2583;2,56
39908;2553;2,49
39909;2682;2,75
39910;2554;2,67
39911;2554;2,59
39912;2559;2,53
39913;2603;2,59
39914;2559;2,53
39915;2559;2,48
39916;2559;2,43
39917;2682;2,70
39918;2656;2,88
39919;2701;3,15
39920;2559;3,04
39921;2559;2,93
39922;2559;2,84
39923;2557;2,75
39934;2623;2,84
39935;2592;2,84
39936;2590;2,84
39937;2559;2,75
39938;2557;2,67
39939;2713;3,00
39940;2559;2,90
39941;2679;3,11
39942;2628;3,18
39943;2544;3,02
39944;2559;2,92
39945;2645;3,05
39946;2592;3,03
39947;2559;2,93
39948;2559;2,83
39949;2559;2,75
39950;2551;2,66
39951;2559;2,59
39952;2559;2,53
39953;2559;2,48
39954;2722;2,85
39955;2559;2,76
39966;2608;2,81
39967;2609;2,86
39968;2608;2,90
39969;2619;2,96
39970;2607;2,99
39971;2559;2,89
39972;2607;2,92
39973;2602;2,94
39974;2642;3,06
39975;2733;3,39
39976;2559;3,25
39977;2615;3,27
39978;2768;3,67
39979;2557;3,50
39980;2559;3,35
39981;2589;3,29
39982;2559;3,17
39983;2722;3,46
39984;2752;3,81
39985;2559;3,63
39986;2599;3,57
39987;2546;3,38
39999;2553;3,23
40000;2598;3,20
40001;2559;3,08
40002;2598;3,07
40003;2609;3,09
40004;2559;2,99
40005;2595;2,98
40006;2594;2,97
40007;2559;2,87
40008;2594;2,88
40009;2590;2,87
40010;2559;2,78
40011;2607;2,83
40012;2601;2,85
40013;2559;2,77
40014;2559;2,69
40015;2559;2,62
40016;2581;2,62
40017;2600;2,66
40018;2559;2,59
40019;2606;2,66
40020;2596;2,68
40031;2583;2,68
40032;2621;2,77
40033;2582;2,75
40034;2559;2,68
40035;2559;2,61
40036;2595;2,64
40037;2559;2,58
40038;2635;2,71
40039;2655;2,89
40040;2558;2,80
40041;2582;2,77
40042;2618;2,85
40043;2559;2,76
40044;2559;2,69
40045;2614;2,76
40046;2583;2,75
40047;2663;2,93
40048;2725;3,26
40049;2559;3,14
40050;2737;3,47
40051;2585;3,39
40052;2733;3,70
40063;2699;3,88
40064;2608;3,82
40065;2646;3,86
40066;2556;3,66
40067;2559;3,50
40068;2721;3,76
40069;2653;3,82
40070;2598;3,74
40071;2618;3,72
40072;2559;3,55
40073;2559;3,39
40074;2583;3,31
40075;2559;3,18
40076;2651;3,30
40077;2554;3,16
40078;2605;3,16
40079;2597;3,14
40080;2631;3,21
40081;2618;3,24
40082;2599;3,22
40083;2559;3,10
40084;2603;3,10
40096;2559;2,99
40097;2608;3,02
40098;2593;3,00
40099;2558;2,90
40100;2556;2,80
40101;2559;2,72
40102;2559;2,65
40103;2602;2,70
40104;2624;2,79
40105;2559;2,71
40106;2559;2,64
40107;2582;2,64
40108;2559;2,58
40109;2559;2,52
40110;2670;2,75
40111;2559;2,67
40112;2633;2,80
40113;2737;3,17
40114;2558;3,05
40115;2643;3,16
40116;2559;3,04
40117;2559;2,94
40128;2693;3,19
40129;2555;3,06
40130;2615;3,09
40131;2750;3,47
40132;2559;3,32
40133;2559;3,19
40134;2733;3,51
40135;2609;3,49
40136;2793;3,93
40137;2559;3,74
40138;2558;3,57
40139;2713;3,80
40140;2610;3,75
40141;2698;3,93
40142;2559;3,74
40143;2555;3,55
40144;2640;3,60
40145;2776;3,99
40146;2691;4,13
40147;2559;3,92
40148;2699;4,08
40149;2640;4,08
40160;2559;3,87
40161;2547;3,65
40162;2559;3,49
40163;2671;3,63
40164;2693;3,80
40165;2730;4,06
40166;2691;4,19
40167;2559;3,97
40168;2559;3,77
40169;2588;3,67
40170;2559;3,50
40171;2642;3,56
40172;2559;3,41
40173;2609;3,39
40174;2603;3,37
40175;2607;3,35
40176;2559;3,22
40177;2593;3,18
40178;2554;3,05
40179;2606;3,07
40180;2687;3,29
40181;2551;3,14
40192;2558;3,02
40193;2619;3,07
40194;2559;2,97
40195;2559;2,87
40196;2559;2,78
40197;2590;2,79
40198;2771;3,24
40199;2590;3,20
40200;2557;3,08
40201;2559;2,97
40202;2587;2,94
40203;2559;2,85
40204;2657;3,01
40205;2595;3,00
40206;2559;2,91
40207;2733;3,26
40208;2551;3,11
40209;2550;2,98
40210;2559;2,88
40211;2557;2,79
40212;2714;3,10
40213;2640;3,20
40225;2547;3,05
40226;2554;2,93
40227;2554;2,83
40228;2553;2,73
40229;2551;2,64
40230;2554;2,56
40231;2548;2,48
40232;2551;2,41
40233;2550;2,35
40234;2550;2,29
40235;2549;2,24
40236;2555;2,21
40237;2558;2,18
40238;2549;2,14
40239;2547;2,10
40240;2549;2,06
40241;2557;2,05
40242;2551;2,03
40243;2550;2,00
40244;2550;1,98
40245;2552;1,97
40246;2548;1,94
40257;2559;1,95
40258;2559;1,96
40259;2665;2,23
40260;2620;2,36
40261;2559;2,33
40262;2559;2,29
40263;2608;2,39
40264;2721;2,76
40265;2662;2,95
40266;2554;2,84
40267;2559;2,76
40268;2800;3,29
40269;2736;3,61
40270;2559;3,45
40271;2559;3,31
40272;2623;3,34
40273;2558;3,20
40274;2748;3,56
40275;2656;3,65
40276;2619;3,64
40277;2607;3,60
40278;2640;3,64
40289;2670;3,76
40290;2603;3,70
40291;2640;3,73
40292;2584;3,62
40293;2601;3,57
40294;2591;3,49
40295;2621;3,50
40296;2639;3,56
40297;2559;3,40
40298;2559;3,26
40299;2559;3,14
40300;2559;3,02
40301;2559;2,92
40302;2602;2,94
40303;2559;2,85
40304;2557;2,76
40305;2626;2,85
40306;2624;2,93
40307;2559;2,84
40308;2559;2,76
40309;2608;2,81
40310;2608;2,85
40321;2582;2,82
40322;2593;2,83
40323;2559;2,75
40324;2599;2,77
40325;2559;2,70
40326;2559;2,63
40327;2590;2,65
40328;2627;2,75
40329;2645;2,90
40330;2559;2,81
40331;2608;2,85
40332;2637;2,97
40333;2559;2,87
40334;2625;2,95
40335;2557;2,85
40336;2582;2,83
40337;2593;2,83
40338;2559;2,75
40339;2655;2,92
40340;2595;2,92
40341;2559;2,83
40342;2551;2,72
40354;2544;2,61
40355;2544;2,52
40356;2541;2,42
40357;2546;2,35
40358;2547;2,28
40359;2551;2,23
40360;2544;2,17
40361;2549;2,13
40362;2551;2,10
40363;2543;2,05
40364;2548;2,02
40365;2554;2,00
40366;2543;1,96
40367;2542;1,93
40368;2550;1,91
40369;2546;1,89
40370;2555;1,89
40371;2546;1,87
40372;2546;1,85
40373;2553;1,85
40374;2550;1,84
40375;2551;1,84
40386;2559;1,86
40387;2557;1,87
40388;2609;2,01
40389;2559;2,01
40390;2559;2,01
40391;2559;2,01
40392;2589;2,08
40393;2677;2,38
40394;2559;2,34
40395;2601;2,41
40396;2559;2,37
40397;2559;2,34
40398;2706;2,67
40399;2559;2,61
40400;2587;2,62
40401;2602;2,67
40402;2650;2,83
40403;2751;3,24
40404;2559;3,11
40405;2557;3,00
40406;2666;3,17
40407;2549;3,03
40418;2559;2,93
40419;2635;3,03
40420;2559;2,92
40421;2614;2,97
40422;2591;2,96
40423;2559;2,86
40424;2753;3,27
40425;2750;3,63
40426;2554;3,45
40427;2556;3,30
40428;2559;3,17
40429;2612;3,19
40430;2615;3,21
40431;2559;3,09
40432;2585;3,05
40433;2607;3,07
40434;2559;2,96
40435;2559;2,87
40436;2554;2,77
40437;2583;2,75
40438;2596;2,77
40439;2549;2,67
40450;2544;2,57
40451;2559;2,51
40452;2704;2,83
40453;2557;2,74
40454;2591;2,75
40455;2557;2,67
40456;2603;2,71
40457;2625;2,81
40458;2719;3,14
40459;2559;3,02
40460;2549;2,90
40461;2657;3,06
40462;2672;3,24
40463;2555;3,10
40464;2613;3,13
40465;2559;3,02
40466;2559;2,92
40467;2548;2,80
40468;2645;2,94
40469;2621;3,00
40470;2595;2,99
40471;2559;2,90
40483;2593;2,89
40484;2628;2,98
40485;2597;2,98
40486;2694;3,22
40487;2602;3,21
40488;2631;3,27
40489;2628;3,32
40490;2698;3,54
40491;2634;3,58
40492;2606;3,54
40493;2631;3,57
40494;2634;3,60
40495;2631;3,63
40496;2611;3,60
40497;2624;3,60
40498;2638;3,64
40499;2695;3,82
40500;2672;3,93
40501;2616;3,88
40502;2679;4,00
40503;2702;4,16
40504;2693;4,28
40515;2623;4,22
40516;2741;4,46
40517;2620;4,37
40518;2559;4,13
40519;2650;4,15
40520;2559;3,94
40521;2590;3,82
40522;2613;3,78
40523;2555;3,59
40524;2664;3,70
40525;2666;3,80
40526;2593;3,71
40527;2557;3,53
40528;2557;3,37
40529;2618;3,39
40530;2555;3,24
40531;2545;3,08
40532;2641;3,18
40533;2595;3,15
40534;2613;3,18
40535;2595;3,15
40536;2555;3,03
40547;2559;2,93
40548;2619;2,99
40549;2636;3,08
40550;2646;3,20
40551;2559;3,08
40552;2559;2,97
40553;2559;2,87
40554;2752;3,28
40555;2559;3,15
40556;2633;3,22
40557;2559;3,10
40558;2606;3,11
40559;2711;3,39
40560;2559;3,25
40561;2637;3,32
40562;2631;3,37
40563;2643;3,45
40564;2553;3,29
40565;2557;3,16
40566;2559;3,04
40567;2638;3,14
40568;2633;3,21
40579;2554;3,08
40580;2605;3,09
40581;2662;3,24
40582;2619;3,27
40583;2559;3,14
40584;2585;3,10
40585;2550;2,96
40586;2723;3,28
40587;2559;3,16
40588;2611;3,17
40589;2559;3,06
40590;2647;3,17
40591;2559;3,06
40592;2559;2,95
40593;2559;2,86
40594;2557;2,77
40595;2557;2,69
40596;2588;2,69
40597;2559;2,62
40598;2559;2,56
40599;2603;2,62
40600;2559;2,56
40612;2585;2,57
40613;2608;2,64
40614;2594;2,66
40615;2590;2,68
40616;2640;2,81
40617;2595;2,82
40618;2608;2,87
40619;2554;2,77
40620;2559;2,69
40621;2595;2,72
40622;2606;2,76
40623;2585;2,75
40624;2552;2,66
40625;2708;2,97
40626;2624;3,04
40627;2586;3,01
40628;2635;3,10
40629;2602;3,10
40630;2592;3,07
40631;2589;3,04
40632;2589;3,02
40633;2604;3,03
40644;2559;2,93
40645;2582;2,89
40646;2656;3,05
40647;2602;3,05
40648;2559;2,95
40649;2602;2,97
40650;2546;2,84
40651;2624;2,92
40652;2549;2,80
40653;2559;2,72
40654;2555;2,64
40655;2661;2,84
40656;2606;2,87
40657;2714;3,18
40658;2608;3,19
40659;2559;3,07
40660;2559;2,96
40661;2559;2,87
40662;2559;2,78
40663;2592;2,79
40664;2667;2,98
40665;2559;2,89
40676;2559;2,80
40677;2599;2,82
40678;2662;3,00
40679;2603;3,01
40680;2559;2,91
40681;2559;2,82
40682;2559;2,74
40683;2745;3,14
40684;2763;3,54
40685;2559;3,39
40686;2559;3,25
40687;2605;3,24
40688;2778;3,67
40689;2589;3,58
40690;2608;3,55
40691;2608;3,52
40692;2704;3,74
40693;2730;4,00
40694;2585;3,86
40695;2608;3,80
40696;2559;3,62
40697;2652;3,70
40708;2626;3,70
40709;2608;3,65
40710;2789;4,07
40711;2734;4,31
40712;2559;4,08
40713;2595;3,96
40714;2591;3,85
40715;2590;3,74
40716;2640;3,77
40717;2559;3,60
40718;2555;3,43
40719;2559;3,29
40720;2635;3,35
40721;2555;3,21
40722;2555;3,08
40723;2559;2,97
40724;2619;3,03
40725;2715;3,32
40726;2621;3,34
40727;2631;3,39
40728;2593;3,34
40729;2637;3,41
40741;2559;3,27
40742;2559;3,14
40743;2559;3,03
40744;2595;3,02
40745;2557;2,91
40746;2592;2,90
40747;2595;2,91
40748;2596;2,91
40749;2559;2,82
40750;2559;2,74
40751;2553;2,65
40752;2559;2,59
40753;2559;2,53
40754;2596;2,57
40755;2559;2,51
40756;2559;2,46
40757;2559;2,42
40758;2582;2,44
40759;2557;2,39
40760;2559;2,35
40761;2710;2,70
40762;2559;2,63
40773;2643;2,78
40774;2645;2,92
40775;2588;2,90
40776;2559;2,81
40777;2559;2,73
40778;2559;2,66
40779;2592;2,68
40780;2642;2,82
40781;2641;2,95
40782;2557;2,85
40783;2599;2,87
40784;2616;2,92
40785;2611;2,96
40786;2640;3,07
40787;2607;3,09
40788;2595;3,07
40789;2559;2,97
40790;2647;3,09
40791;2701;3,34
40792;2598;3,31
40793;2586;3,25
40794;2603;3,23
40805;2556;3,10
40806;2634;3,18
40807;2598;3,17
40808;2559;3,05
40809;2656;3,19
40810;2559;3,07
40811;2559;2,97
40812;2595;2,96
40813;2557;2,86
40814;2593;2,86
40815;2598;2,88
40816;2602;2,90
40817;2619;2,96
40818;2665;3,13
40819;2595;3,11
40820;2559;3,00
40821;2588;2,98
40822;2557;2,87
40823;2559;2,79
40824;2624;2,87
40825;2591;2,87
40826;2556;2,78
40837;2658;2,95
40838;2688;3,18
40839;2557;3,06
40840;2663;3,22
40841;2667;3,37
40842;2622;3,39
40843;2559;3,25
40844;2608;3,25
40845;2559;3,13
40846;2559;3,02
40847;2624;3,08
40848;2622;3,13
40849;2624;3,19
40850;2559;3,07
40851;2683;3,28
40852;2559;3,15
40853;2605;3,15
40854;2556;3,03
40855;2599;3,03
40856;2595;3,02
40857;2624;3,08
40858;2558;2,97
40870;2604;2,99
40871;2557;2,89
40872;2559;2,80
40873;2559;2,72
40874;2559;2,65
40875;2559;2,58
40876;2554;2,51
40877;2559;2,46
40878;2599;2,52
40879;2559;2,47
40880;2559;2,42
40881;2559;2,38
40882;2618;2,49
40883;2559;2,44
40884;2559;2,40
40885;2556;2,35
40886;2559;2,32
40887;2559;2,29
40888;2559;2,26
40889;2549;2,21
40890;2559;2,19
40891;2559;2,17
40902;2586;2,22
40903;2763;2,72
40904;2604;2,76
40905;2558;2,68
40906;2688;2,94
40907;2702;3,21
40908;2615;3,23
40909;2559;3,11
40910;2559;3,00
40911;2553;2,89
40912;2583;2,86
40913;2559;2,77
40914;2613;2,83
40915;2677;3,05
40916;2559;2,95
40917;2583;2,91
40918;2625;2,99
40919;2598;2,99
40920;2559;2,89
40921;2559;2,80
40922;2559;2,72
40923;2626;2,82
40934;2559;2,74
40935;2559;2,67
40936;2624;2,77
40937;2557;2,69
40938;2591;2,70
40939;2559;2,63
40940;2611;2,70
40941;2559;2,63
40942;2554;2,56
40943;2559;2,50
40944;2603;2,56
40945;2549;2,48
40946;2559;2,44
40947;2657;2,64
40948;2559;2,58
40949;2583;2,58
40950;2553;2,51
40951;2559;2,46
40952;2608;2,54
40953;2640;2,69
40954;2618;2,77
40955;2559;2,69
40966;2559;2,63
40967;2608;2,69
40968;2592;2,70
40969;2553;2,62
40970;2595;2,65
40971;2777;3,14
40972;2557;3,02
40973;2705;3,29
40974;2559;3,16
40975;2558;3,04
40976;2559;2,94
40977;2559;2,85
40978;2594;2,85
40979;2559;2,77
40980;2583;2,75
40981;2559;2,68
40982;2559;2,61
40983;2611;2,68
40984;2559;2,61
40985;2581;2,61
40986;2695;2,89
40987;2559;2,81
40999;2745;3,20
41000;2750;3,56
41001;2599;3,51
41002;2623;3,52
41003;2551;3,35
41004;2646;3,43
41005;2559;3,29
41006;2609;3,29
41007;2663;3,43
41008;2832;3,97
41009;2619;3,93
41010;2621;3,89
41011;2609;3,83
41012;2624;3,81
41013;2555;3,62
41014;2779;4,02
41015;2597;3,91
41016;2691;4,06
41017;2653;4,09
41018;2602;3,99
41019;2597;3,89
41020;2613;3,84
41031;2670;3,94
41032;2559;3,74
41033;2628;3,74
41034;2559;3,57
41035;2555;3,40
41036;2559;3,27
41037;2559;3,14
41038;2591;3,11
41039;2559;3,00
41040;2555;2,89
41041;2559;2,80
41042;2614;2,86
41043;2603;2,89
41044;2559;2,80
41045;2559;2,72
41046;2590;2,73
41047;2559;2,66
41048;2589;2,67
41049;2622;2,76
41050;2594;2,77
41051;2626;2,87
41052;2589;2,86
41063;2559;2,77
41064;2599;2,80
41065;2629;2,90
41066;2559;2,81
41067;2611;2,86
41068;2589;2,85
41069;2546;2,73
41070;2559;2,66
41071;2554;2,58
41072;2551;2,50
41073;2559;2,46
41074;2559;2,41
41075;2754;2,86
41076;2639;2,98
41077;2624;3,05
41078;2608;3,07
41079;2599;3,06
41080;2700;3,31
41081;2675;3,48
41082;2554;3,32
41083;2653;3,43
41084;2590;3,36
41096;2597;3,32
41097;2559;3,19
41098;2593;3,16
41099;2559;3,04
41100;2556;2,93
41101;2807;3,47
41102;2601;3,43
41103;2603;3,40
41104;2633;3,45
41105;2626;3,47
41106;2559;3,33
41107;2675;3,49
41108;2702;3,70
41109;2617;3,68
41110;2559;3,51
41111;2559;3,36
41112;2549;3,20
41113;2641;3,29
41114;2559;3,16
41115;2697;3,40
41116;2558;3,25
41117;2559;3,13
41128;2640;3,22
41129;2659;3,35
41130;2614;3,36
41131;2597;3,32
41132;2558;3,19
41133;2643;3,28
41134;2554;3,14
41135;2751;3,51
41136;2559;3,36
41137;2557;3,22
41138;2583;3,16
41139;2606;3,17
41140;2734;3,49
41141;2547;3,31
41142;2620;3,34
41143;2603;3,32
41144;2624;3,35
41145;2741;3,68
41146;2605;3,63
41147;2608;3,59
41148;2551;3,41
41149;2559;3,27
41160;2559;3,14
41161;2559;3,03
41162;2593;3,01
41163;2559;2,91
41164;2630;3,00
41165;2705;3,27
41166;2640;3,35
41167;2693;3,56
41168;2663;3,66
41169;2559;3,50
41170;2557;3,35
41171;2559;3,21
41172;2559;3,09
41173;2559;2,98
41174;2555;2,88
41175;2559;2,79
41176;2559;2,71
41177;2559;2,64
41178;2559;2,58
41179;2647;2,74
41180;2559;2,67
41181;2559;2,60
41192;2583;2,61
41193;2558;2,54
41194;2704;2,86
41195;2593;2,86
41196;2611;2,90
41197;2589;2,89
41198;2559;2,80
41199;2672;3,01
41200;2559;2,91
41201;2608;2,94
41202;2689;3,18
41203;2559;3,06
41204;2651;3,19
41205;2646;3,29
41206;2559;3,16
41207;2559;3,05
41208;2546;2,91
41209;2597;2,92
41210;2591;2,91
41211;2806;3,44
41212;2595;3,39
41213;2559;3,25
41225;2549;3,10
41226;2547;2,96
41227;2593;2,95
41228;2559;2,86
41229;2547;2,74
41230;2547;2,64
41231;2661;2,83
41232;2619;2,90
41233;2589;2,89
41234;2559;2,80
41235;2559;2,72
41236;2559;2,65
41237;2597;2,68
41238;2559;2,62
41239;2557;2,55
41240;2591;2,58
41241;2551;2,50
41242;2553;2,44
41243;2559;2,39
41244;2559;2,35
41245;2555;2,31
41246;2608;2,40
41257;2559;2,36
41258;2559;2,33
41259;2623;2,46
41260;2557;2,41
41261;2582;2,43
41262;2608;2,51
41263;2559;2,46
41264;2727;2,84
41265;2603;2,87
41266;2559;2,78
41267;2559;2,70
41268;2583;2,70
41269;2628;2,80
41270;2559;2,72
41271;2657;2,90
41272;2602;2,92
41273;2554;2,82
41274;2736;3,18
41275;2557;3,06
41276;2594;3,04
41277;2654;3,18
41278;2551;3,04
41289;2559;2,94
41290;2595;2,94
41291;2586;2,91
41292;2546;2,79
41293;2717;3,11
41294;2559;3,00
41295;2610;3,03
41296;2729;3,36
41297;2559;3,22
41298;2551;3,08
41299;2559;2,98
41300;2559;2,88
41301;2693;3,13
41302;2795;3,62
41303;2624;3,62
41304;2647;3,68
41305;2630;3,69
41306;2704;3,89
41307;2559;3,70
41308;2557;3,53
41309;2555;3,37
41310;2551;3,21
41321;2557;3,09
41322;2559;2,98
41323;2559;2,88
41324;2588;2,87
41325;2596;2,88
41326;2559;2,79
41327;2646;2,93
41328;2551;2,82
41329;2586;2,81
41330;2553;2,71
41331;2585;2,71
41332;2597;2,73
41333;2643;2,87
41334;2559;2,79
41335;2585;2,77
41336;2616;2,84
41337;2608;2,88
41338;2538;2,74
41339;2559;2,67
41340;2559;2,60
41341;2559;2,54
41342;2558;2,49
41354;2547;2,41
41355;2544;2,33
41356;2549;2,27
41357;2544;2,21
41358;2545;2,15
41359;2539;2,09
41360;2549;2,06
41361;2541;2,01
41362;2557;2,00
41363;2546;1,97
41364;2548;1,94
41365;2546;1,92
41366;2542;1,88
41367;2549;1,87
41368;2542;1,84
41369;2545;1,82
41370;2551;1,82
41371;2547;1,81
41372;2545;1,79
41373;2544;1,78
41374;2544;1,76
41375;2545;1,75
41386;2559;1,78
41387;2551;1,78
41388;2621;1,96
41389;2554;1,95
41390;2550;1,94
41391;2559;1,94
41392;2557;1,94
41393;2675;2,24
41394;2559;2,22
41395;2653;2,44
41396;2557;2,39
41397;2608;2,48
41398;2559;2,43
41399;2559;2,39
41400;2559;2,35
41401;2588;2,39
41402;2548;2,32
41403;2559;2,29
41404;2585;2,33
41405;2559;2,30
41406;2559;2,27
41407;2544;2,20
41418;2581;2,24
41419;2559;2,22
41420;2601;2,30
41421;2557;2,27
41422;2559;2,24
41423;2599;2,32
41424;2559;2,29
41425;2559;2,26
41426;2559;2,24
41427;2559;2,21
41428;2559;2,19
41429;2559;2,17
41430;2559;2,16
41431;2605;2,26
41432;2545;2,20
41433;2637;2,38
41434;2551;2,32
41435;2559;2,29
41436;2559;2,26
41437;2623;2,40
41438;2559;2,36
41439;2688;2,65
41450;2627;2,76
41451;2555;2,67
41452;2621;2,76
41453;2606;2,81
41454;2609;2,85
41455;2612;2,90
41456;2559;2,81
41457;2559;2,73
41458;2557;2,66
41459;2674;2,88
41460;2581;2,85
41461;2672;3,05
41462;2736;3,40
41463;2559;3,26
41464;2559;3,13
41465;2559;3,02
41466;2559;2,92
41467;2559;2,83
41468;2613;2,88
41469;2559;2,80
41470;2586;2,79
41471;2559;2,71
41483;2545;2,60
41484;2557;2,54
41485;2559;2,49
41486;2549;2,41
41487;2547;2,34
41488;2553;2,29
41489;2554;2,25
41490;2547;2,20
41491;2547;2,15
41492;2544;2,10
41493;2549;2,06
41494;2540;2,01
41495;2551;1,99
41496;2544;1,95
41497;2559;1,96
41498;2545;1,93
41499;2558;1,93
41500;2547;1,91
41501;2549;1,90
41502;2553;1,89
41503;2544;1,87
41504;2557;1,87
41515;2559;1,89
41516;2589;1,98
41517;2600;2,08
41518;2555;2,07
41519;2559;2,06
41520;2559;2,05
41521;2618;2,20
41522;2626;2,35
41523;2619;2,47
41524;2559;2,42
41525;2559;2,38
41526;2637;2,54
41527;2629;2,66
41528;2619;2,75
41529;2559;2,68
41530;2624;2,77
41531;2627;2,87
41532;2667;3,06
41533;2709;3,33
41534;2587;3,27
41535;2583;3,21
41536;2612;3,22
41547;2677;3,40
41548;2606;3,38
41549;2637;3,44
41550;2549;3,27
41551;2656;3,39
41552;2605;3,37
41553;2667;3,50
41554;2736;3,80
41555;2661;3,88
41556;2559;3,69
41557;2559;3,53
41558;2648;3,60
41559;2639;3,64
41560;2559;3,48
41561;2559;3,33
41562;2559;3,20
41563;2657;3,33
41564;2694;3,54
41565;2551;3,37
41566;2554;3,22
41567;2640;3,30
41568;2679;3,48
41579;2626;3,50
41580;2637;3,55
41581;2717;3,79
41582;2559;3,61
41583;2556;3,45
41584;2559;3,30
41585;2605;3,29
41586;2634;3,35
41587;2559;3,22
41588;2613;3,23
41589;2608;3,23
41590;2599;3,21
41591;2558;3,09
41592;2559;2,98
41593;2656;3,13
41594;2555;3,01
41595;2559;2,91
41596;2553;2,80
41597;2585;2,79
41598;2647;2,93
41599;2695;3,19
41600;2557;3,06
41612;2559;2,96
41613;2559;2,86
41614;2554;2,76
41615;2559;2,69
41616;2559;2,62
41617;2559;2,56
41618;2559;2,50
41619;2559;2,46
41620;2559;2,41
41621;2553;2,36
41622;2559;2,32
41623;2559;2,29
41624;2559;2,26
41625;2557;2,23
41626;2559;2,21
41627;2558;2,19
41628;2554;2,16
41629;2559;2,14
41630;2550;2,11
41631;2582;2,15
41632;2559;2,14
41633;2559;2,13
41644;2624;2,28
41645;2589;2,33
41646;2559;2,30
41647;2597;2,36
41648;2634;2,52
41649;2585;2,53
41650;2559;2,48
41651;2603;2,54
41652;2589;2,57
41653;2559;2,51
41654;2736;2,91
41655;2588;2,89
41656;2559;2,80
41657;2702;3,09
41658;2559;2,98
41659;2590;2,96
41660;2557;2,86
41661;2559;2,77
41662;2594;2,79
41663;2581;2,76
41664;2607;2,81
41665;2559;2,73
41676;2607;2,78
41677;2713;3,09
41678;2631;3,17
41679;2768;3,58
41680;2559;3,42
41681;2559;3,28
41682;2559;3,15
41683;2688;3,37
41684;2559;3,23
41685;2625;3,28
41686;2591;3,23
41687;2559;3,11
41688;2558;3,00
41689;2559;2,90
41690;2554;2,80
41691;2556;2,71
41692;2666;2,91
41693;2594;2,91
41694;2558;2,82
41695;2559;2,74
41696;2559;2,66
41697;2559;2,60
41708;2559;2,54
41709;2661;2,74
41710;2559;2,67
41711;2559;2,60
41712;2615;2,69
41713;2603;2,73
41714;2593;2,74
41715;2701;3,03
41716;2559;2,93
41717;2559;2,84
41718;2557;2,75
41719;2668;2,95
41720;2698;3,21
41721;2559;3,09
41722;2606;3,10
41723;2559;2,99
41724;2553;2,88
41725;2741;3,25
41726;2559;3,13
41727;2642;3,22
41728;2559;3,10
41729;2630;3,17
41741;2595;3,15
41742;2591;3,12
41743;2599;3,11
41744;2592;3,08
41745;2597;3,07
41746;2613;3,10
41747;2559;2,99
41748;2587;2,96
41749;2583;2,93
41750;2546;2,80
41751;2557;2,72
41752;2559;2,65
41753;2621;2,74
41754;2557;2,66
41755;2554;2,58
41756;2586;2,60
41757;2608;2,66
41758;2559;2,60
41759;2559;2,54
41760;2614;2,62
41761;2629;2,74
41762;2583;2,73
41773;2549;2,63
41774;2549;2,54
41775;2590;2,57
41776;2559;2,51
41777;2557;2,46
41778;2554;2,40
41779;2551;2,34
41780;2559;2,31
41781;2603;2,39
41782;2557;2,35
41783;2557;2,31
41784;2547;2,25
41785;2559;2,22
41786;2555;2,19
41787;2608;2,30
41788;2557;2,26
41789;2559;2,24
41790;2608;2,34
41791;2544;2,27
41792;2549;2,22
41793;2559;2,20
41794;2672;2,46
41805;2557;2,41
41806;2586;2,44
41807;2549;2,37
41808;2555;2,33
41809;2559;2,29
41810;2624;2,43
41811;2555;2,38
41812;2543;2,30
41813;2624;2,44
41814;2602;2,50
41815;2734;2,90
41816;2607;2,93
41817;2559;2,84
41818;2606;2,87
41819;2666;3,06
41820;2613;3,09
41821;2816;3,63
41822;2637;3,67
41823;2559;3,50
41824;2559;3,35
41825;2613;3,35
41826;2551;3,20
41837;2621;3,24
41838;2559;3,11
41839;2555;2,99
41840;2548;2,87
41841;2559;2,78
41842;2592;2,79
41843;2681;3,02
41844;2611;3,05
41845;2639;3,15
41846;2555;3,02
41847;2559;2,92
41848;2611;2,96
41849;2682;3,18
41850;2546;3,03
41851;2640;3,13
41852;2581;3,07
41853;2639;3,17
41854;2559;3,05
41855;2660;3,21
41856;2559;3,09
41857;2559;2,98
41858;2553;2,87
41870;2693;3,12
41871;2559;3,01
41872;2709;3,29
41873;2832;3,85
41874;2634;3,86
41875;2636;3,87
41876;2554;3,67
41877;2650;3,73
41878;2550;3,54
41879;2672;3,67
41880;2559;3,50
41881;2682;3,67
41882;2640;3,71
41883;2559;3,54
41884;2557;3,38
41885;2656;3,49
41886;2706;3,71
41887;2666;3,81
41888;2690;3,96
41889;2657;4,02
41890;2559;3,81
41891;2676;3,93
41902;2559;3,74
41903;2626;3,73
41904;2559;3,56
41905;2559;3,41
41906;2557;3,26
41907;2559;3,14
41908;2559;3,02
41909;2673;3,21
41910;2660;3,35
41911;2556;3,20
41912;2559;3,09
41913;2559;2,98
41914;2612;3,02
41915;2559;2,91
41916;2559;2,82
41917;2559;2,74
41918;2559;2,67
41919;2736;3,05
41920;2559;2,95
41921;2557;2,85
41922;2559;2,76
41923;2559;2,69
41934;2665;2,89
41935;2559;2,80
41936;2559;2,72
41937;2581;2,71
41938;2583;2,70
41939;2559;2,63
41940;2704;2,93
41941;2608;2,96
41942;2617;3,02
41943;2663;3,18
41944;2624;3,23
41945;2559;3,10
41946;2634;3,18
41947;2558;3,06
41948;2602;3,07
41949;2559;2,96
41950;2592;2,95
41951;2612;2,99
41952;2624;3,06
41953;2594;3,04
41954;2546;2,90
41955;2558;2,81
41966;2629;2,91
41967;2750;3,30
41968;2588;3,25
41969;2559;3,12
41970;2559;3,01
41971;2559;2,91
41972;2559;2,82
41973;2647;2,96
41974;2553;2,85
41975;2559;2,77
41976;2559;2,69
41977;2535;2,56
41978;2581;2,56
41979;2559;2,51
41980;2557;2,45
41981;2610;2,54
41982;2624;2,65
41983;2559;2,59
41984;2592;2,61
41985;2559;2,55
41986;2589;2,57
41987;2630;2,70
41999;2559;2,63
42000;2758;3,07
42001;2706;3,33
42002;2698;3,55
42003;2629;3,58
42004;2642;3,63
42005;2603;3,58
42006;2667;3,70
42007;2603;3,64
42008;2595;3,57
42009;2559;3,41
42010;2698;3,62
42011;2627;3,63
42012;2605;3,59
42013;2626;3,60
42014;2606;3,56
42015;2658;3,65
42016;2687;3,81
42017;2683;3,95
42018;2587;3,82
42019;2637;3,84
42020;2630;3,84
42031;2559;3,65
42032;2559;3,49
42033;2559;3,34
42034;2559;3,21
42035;2555;3,08
42036;2618;3,12
42037;2553;2,99
42038;2669;3,17
42039;2559;3,06
42040;2592;3,04
42041;2559;2,93
42042;2594;2,93
42043;2607;2,96
42044;2559;2,86
42045;2557;2,77
42046;2559;2,70
42047;2750;3,11
42048;2701;3,36
42049;2555;3,22
42050;2559;3,09
42051;2641;3,19
42052;2559;3,08
42063;2653;3,21
42064;2559;3,09
42065;2601;3,09
42066;2555;2,97
42067;2559;2,87
42068;2582;2,84
42069;2628;2,93
42070;2559;2,84
42071;2596;2,85
42072;2551;2,75
42073;2593;2,76
42074;2670;2,97
42075;2790;3,45
42076;2559;3,31
42077;2599;3,28
42078;2559;3,15
42079;2557;3,03
42080;2639;3,13
42081;2582;3,08
42082;2559;2,97
42083;2559;2,88
42084;2558;2,79
42095;2551;2,69
42096;2559;2,62
42097;2559;2,56
42098;2684;2,82
42099;2559;2,74
42100;2559;2,67
42101;2555;2,59
42102;2640;2,74
42103;2559;2,66
42104;2559;2,60
42105;2593;2,63
42106;2581;2,62
42107;2559;2,56
42108;2583;2,56
42109;2657;2,76
42110;2559;2,68
42111;2599;2,72
42112;2559;2,65
42113;2559;2,58
42114;2559;2,52
42115;2646;2,69
42116;2633;2,81
42128;2559;2,73
42129;2559;2,66
42130;2592;2,68
42131;2559;2,61
42132;2559;2,55
42133;2559;2,50
42134;2559;2,45
42135;2606;2,52
42136;2594;2,56
42137;2559;2,51
42138;2559;2,46
42139;2547;2,38
42140;2626;2,51
42141;2640;2,67
42142;2559;2,60
42143;2559;2,54
42144;2559;2,49
42145;2559;2,44
42146;2583;2,46
42147;2559;2,41
42148;2559;2,37
42149;2615;2,48
42160;2599;2,53
42161;2558;2,48
42162;2627;2,60
42163;2559;2,54
42164;2621;2,65
42165;2557;2,58
42166;2590;2,60
42167;2733;2,98
42168;2605;3,00
42169;2593;2,99
42170;2602;3,00
42171;2715;3,29
42172;2599;3,27
42173;2637;3,34
42174;2607;3,33
42175;2559;3,20
42176;2555;3,07
42177;2559;2,96
42178;2559;2,87
42179;2559;2,78
42180;2586;2,77
42181;2559;2,69
42192;2585;2,69
42193;2559;2,62
42194;2676;2,86
42195;2559;2,77
42196;2550;2,67
42197;2615;2,75
42198;2673;2,96
42199;2688;3,19
42200;2557;3,07
42201;2547;2,93
42202;2559;2,84
42203;2649;2,99
42204;2651;3,12
42205;2810;3,65
42206;2599;3,58
42207;2559;3,43
42208;2593;3,37
42209;2598;3,33
42210;2629;3,38
42211;2559;3,24
42212;2640;3,32
42213;2559;3,19
42225;2556;3,07
42226;2587;3,03
42227;2642;3,14
42228;2694;3,37
42229;2559;3,23
42230;2559;3,11
42231;2557;2,99
42232;2602;3,00
42233;2551;2,88
42234;2765;3,32
42235;2559;3,19
42236;2559;3,07
42237;2559;2,96
42238;2550;2,85
42239;2623;2,92
42240;2559;2,83
42241;2597;2,85
42242;2559;2,76
42243;2640;2,89
42244;2559;2,80
42245;2559;2,72
42246;2559;2,65
42257;2559;2,59
42258;2711;2,92
42259;2624;2,99
42260;2559;2,89
42261;2587;2,87
42262;2559;2,79
42263;2597;2,81
42264;2730;3,16
42265;2559;3,04
42266;2559;2,94
42267;2587;2,92
42268;2559;2,83
42269;2559;2,75
42270;2559;2,67
42271;2559;2,61
42272;2559;2,55
42273;2545;2,46
42274;2784;2,98
42275;2559;2,88
42276;2559;2,80
42277;2559;2,72
42278;2559;2,65
42289;2608;2,71
42290;2559;2,64
42291;2626;2,74
42292;2559;2,67
42293;2646;2,82
42294;2670;3,02
42295;2650;3,15
42296;2659;3,29
42297;2605;3,28
42298;2643;3,37
42299;2688;3,56
42300;2559;3,40
42301;2555;3,25
42302;2621;3,28
42303;2673;3,45
42304;2624;3,47
42305;2559;3,32
42306;2595;3,28
42307;2559;3,15
42308;2625;3,21
42309;2593;3,17
42310;2629;3,23
42321;2554;3,10
42322;2557;2,98
42323;2544;2,85
42324;2634;2,95
42325;2633;3,05
42326;2633;3,13
42327;2559;3,02
42328;2630;3,10
42329;2557;2,98
42330;2609;3,01
42331;2559;2,91
42332;2685;3,14
42333;2544;2,99
42334;2681;3,20
42335;2559;3,08
42336;2589;3,05
42337;2559;2,95
42338;2607;2,97
42339;2559;2,88
42340;2559;2,79
42341;2608;2,84
42342;2624;2,92
42354;2555;2,82
42355;2559;2,74
42356;2557;2,66
42357;2544;2,56
42358;2559;2,50
42359;2555;2,44
42360;2544;2,36
42361;2544;2,29
42362;2558;2,26
42363;2547;2,20
42364;2556;2,17
42365;2553;2,14
42366;2557;2,12
42367;2559;2,11
42368;2553;2,09
42369;2559;2,08
42370;2555;2,06
42371;2555;2,05
42372;2559;2,04
42373;2559;2,04
42374;2559;2,04
42375;2556;2,03
42386;2550;2,00
42387;2623;2,16
42388;2622;2,31
42389;2557;2,27
42390;2557;2,24
42391;2580;2,27
42392;2559;2,25
42393;2688;2,55
42394;2545;2,46
42395;2558;2,41
42396;2607;2,49
42397;2610;2,57
42398;2623;2,68
42399;2549;2,59
42400;2581;2,58
42401;2608;2,65
42402;2544;2,55
42403;2559;2,49
42404;2558;2,44
42405;2657;2,65
42406;2581;2,64
42407;2544;2,54
42418;2619;2,64
42419;2774;3,12
42420;2628;3,18
42421;2713;3,45
42422;2559;3,31
42423;2551;3,16
42424;2559;3,04
42425;2753;3,43
42426;2554;3,28
42427;2594;3,24
42428;2640;3,32
42429;2548;3,16
42430;2672;3,33
42431;2621;3,36
42432;2582;3,28
42433;2589;3,23
42434;2559;3,11
42435;2559;3,00
42436;2593;2,98
42437;2559;2,89
42438;2608;2,92
42439;2553;2,82
42450;2559;2,74
42451;2592;2,75
42452;2683;2,99
42453;2559;2,89
42454;2639;3,00
42455;2582;2,96
42456;2559;2,87
42457;2615;2,92
42458;2559;2,83
42459;2559;2,75
42460;2585;2,74
42461;2679;2,97
42462;2672;3,16
42463;2559;3,05
42464;2550;2,92
42465;2559;2,83
42466;2639;2,95
42467;2559;2,85
42468;2737;3,22
42469;2555;3,09
42470;2716;3,38
42471;2606;3,36
42483;2544;3,19
42484;2544;3,03
42485;2550;2,91
42486;2544;2,78
42487;2539;2,65
42488;2543;2,55
42489;2542;2,45
42490;2544;2,37
42491;2542;2,29
42492;2545;2,23
42493;2548;2,18
42494;2543;2,12
42495;2545;2,07
42496;2545;2,03
42497;2546;2,00
42498;2546;1,96
42499;2543;1,93
42500;2542;1,89
42501;2549;1,88
42502;2537;1,84
42503;2530;1,78
42504;2542;1,76
42515;2739;2,24
42516;2591;2,30
42517;2582;2,33
42518;2559;2,30
42519;2559;2,27
42520;2559;2,24
42521;2597;2,31
42522;2559;2,28
42523;2556;2,25
42524;2556;2,22
42525;2559;2,20
42526;2559;2,18
42527;2751;2,65
42528;2559;2,58
42529;2559;2,53
42530;2602;2,58
42531;2559;2,53
42532;2559;2,47
42533;2789;3,01
42534;2551;2,89
42535;2559;2,80
42536;2559;2,72
42547;2685;2,97
42548;2589;2,95
42549;2631;3,04
42550;2559;2,93
42551;2559;2,84
42552;2559;2,76
42553;2629;2,86
42554;2623;2,94
42555;2558;2,84
42556;2619;2,91
42557;2608;2,94
42558;2682;3,16
42559;2558;3,04
42560;2559;2,94
42561;2559;2,85
42562;2587;2,83
42563;2559;2,75
42564;2643;2,89
42565;2738;3,26
42566;2643;3,34
42567;2611;3,34
42568;2756;3,71
42579;2628;3,71
42580;2640;3,75
42581;2597;3,67
42582;2559;3,50
42583;2559;3,35
42584;2557;3,21
42585;2695;3,44
42586;2559;3,29
42587;2637;3,36
42588;2559;3,23
42589;2559;3,11
42590;2592;3,08
42591;2559;2,97
42592;2558;2,87
42593;2557;2,78
42594;2557;2,70
42595;2648;2,86
42596;2623;2,93
42597;2559;2,84
42598;2672;3,04
42599;2625;3,11
42600;2550;2,97
42612;2637;3,08
42613;2755;3,46
42614;2672;3,61
42615;2767;3,97
42616;2745;4,25
42617;2642;4,23
42618;2752;4,50
42619;2736;4,70
42620;2738;4,88
42621;2775;5,14
42622;2704;5,19
42623;2710;5,26
42624;2751;5,42
42625;2679;5,38
42626;2704;5,41
42627;2749;5,55
42628;2683;5,51
42629;2640;5,37
42630;2735;5,48
42631;2737;5,58
42632;2777;5,77
42633;2736;5,85
42644;2559;5,46
42645;2634;5,31
42646;2559;4,98
42647;2681;4,99
42648;2553;4,68
42649;2559;4,41
42650;2551;4,15
42651;2628;4,11
42652;2559;3,90
42653;2559;3,71
42654;2607;3,66
42655;2702;3,86
42656;2663;3,94
42657;2559;3,74
42658;2555;3,56
42659;2559;3,41
42660;2586;3,33
42661;2735;3,65
42662;2559;3,48
42663;2559;3,34
42664;2672;3,49
42665;2605;3,46
42676;2558;3,31
42677;2618;3,33
42678;2617;3,34
42679;2559;3,21
42680;2559;3,09
42681;2559;2,98
42682;2834;3,58
42683;2669;3,70
42684;2555;3,52
42685;2589;3,45
42686;2641;3,51
42687;2546;3,33
42688;2583;3,26
42689;2559;3,13
42690;2559;3,02
42691;2581;2,97
42692;2557;2,87
42693;2590;2,86
42694;2559;2,78
42695;2559;2,70
42696;2581;2,69
42697;2783;3,19
42708;2651;3,30
42709;2559;3,17
42710;2617;3,20
42711;2559;3,08
42712;2559;2,98
42713;2752;3,37
42714;2595;3,32
42715;2592;3,28
42716;2559;3,15
42717;2595;3,13
42718;2559;3,01
42719;2597;3,01
42720;2762;3,42
42721;2559;3,28
42722;2559;3,15
42723;2590;3,12
42724;2585;3,07
42725;2599;3,07
42726;2591;3,04
42727;2559;2,94
42728;2594;2,94
42729;2557;2,84
42741;2559;2,75
42742;2559;2,68
42743;2658;2,86
42744;2703;3,14
42745;2705;3,40
42746;2558;3,26
42747;2673;3,42
42748;2702;3,64
42749;2704;3,85
42750;2559;3,66
42751;2671;3,78
42752;2610;3,73
42753;2559;3,56
42754;2559;3,40
42755;2647;3,49
42756;2704;3,71
42757;2675;3,83
42758;2640;3,85
42759;2718;4,07
42760;2559;3,86
42761;2705;4,05
42762;2655;4,09
42773;2559;3,88
42774;2591;3,77
42775;2559;3,60
42776;2658;3,69
42777;2593;3,61
42778;2609;3,57
42779;2559;3,42
42780;2559;3,28
42781;2559;3,15
42782;2559;3,04
42783;2593;3,02
42784;2597;3,01
42785;2559;2,91
42786;2595;2,91
42787;2559;2,82
42788;2672;3,03
42789;2611;3,06
42790;2611;3,08
42791;2557;2,97
42792;2559;2,88
42793;2724;3,21
42794;2608;3,21
42805;2594;3,18
42806;2559;3,06
42807;2614;3,10
42808;2559;2,99
42809;2557;2,88
42810;2598;2,90
42811;2651;3,04
42812;2644;3,15
42813;2595;3,13
42814;2660;3,27
42815;2748;3,62
42816;2559;3,46
42817;2592;3,40
42818;2685;3,58
42819;2583;3,48
42820;2590;3,41
42821;2582;3,33
42822;2717;3,60
42823;2559;3,44
42824;2593;3,38
42825;2642;3,46
42826;2625;3,48
42837;2671;3,62
42838;2586;3,52
42839;2640;3,58
42840;2598;3,52
42841;2589;3,44
42842;2697;3,65
42843;2640;3,69
42844;2768;4,05
42845;2701;4,21
42846;2596;4,08
42847;2614;4,01
42848;2757;4,31
42849;2642;4,29
42850;2691;4,40
42851;2607;4,28
42852;2623;4,22
42853;2598;4,09
42854;2601;3,99
42855;2734;4,24
42856;2633;4,20
42857;2608;4,11
42858;2651;4,13
42870;2629;4,09
42871;2649;4,11
42872;2627;4,07
42873;2673;4,16
42874;2638;4,14
42875;2663;4,19
42876;2661;4,23
42877;2663;4,27
42878;2669;4,32
42879;2672;4,38
42880;2634;4,33
42881;2645;4,32
42882;2635;4,28
42883;2672;4,34
42884;2675;4,40
42885;2619;4,31
42886;2613;4,22
42887;2715;4,39
42888;2603;4,26
42889;2628;4,21
42890;2640;4,20
42891;2774;4,52
42902;2656;4,52
42903;2613;4,40
42904;2673;4,45
42905;2614;4,35
42906;2629;4,29
42907;2611;4,19
42908;2614;4,11
42909;2609;4,03
42910;2689;4,16
42911;2611;4,07
42912;2631;4,05
42913;2625;4,01
42914;2669;4,09
42915;2621;4,04
42916;2619;3,99
42917;2615;3,93
42918;2822;4,41
42919;2618;4,31
42920;2643;4,30
42921;2663;4,33
42922;2678;4,40
42923;2615;4,30
42934;2641;4,28
42935;2768;4,58
42936;2654;4,57
42937;2672;4,60
42938;2623;4,50
42939;2640;4,46
42940;2623;4,37
42941;2640;4,34
42942;2704;4,47
42943;2660;4,48
42944;2670;4,52
42945;2656;4,51
42946;2750;4,74
42947;2629;4,65
42948;2641;4,59
42949;2683;4,65
42950;2658;4,63
42951;2685;4,69
42952;2635;4,61
42953;2629;4,53
42954;2647;4,50
42955;2623;4,41
42966;2640;4,38
42967;2629;4,32
42968;2723;4,50
42969;2627;4,43
42970;2637;4,38
42971;2708;4,52
42972;2640;4,47
42973;2701;4,59
42974;2642;4,54
42975;2635;4,48
42976;2733;4,67
42977;2651;4,64
42978;2673;4,66
42979;2677;4,70
42980;2626;4,60
42981;2640;4,54
42982;2638;4,49
42983;2730;4,68
42984;2659;4,66
42985;2643;4,61
42986;2672;4,63
42987;2690;4,70
42999;2654;4,67
43000;2674;4,70
43001;2702;4,79
43002;2768;5,04
43003;2650;4,97
43004;2821;5,34
43005;2670;5,28
43006;2742;5,42
43007;2657;5,33
43008;2697;5,34
43009;2683;5,32
43010;2802;5,61
43011;2677;5,55
43012;2673;5,48
43013;2672;5,42
43014;2838;5,78
43015;2657;5,66
43016;2813;5,93
43017;2666;5,81
43018;2829;6,11
43019;2657;5,95
43020;2761;6,07
43031;2660;5,92
43032;2663;5,79
43033;2736;5,86
43034;2699;5,83
43035;2669;5,73
43036;2663;5,62
43037;2703;5,62
43038;2766;5,78
43039;2765;5,93
43040;2738;5,99
43041;2684;5,91
43042;2679;5,82
43043;2711;5,82
43044;2861;6,21
43045;2701;6,15
43046;2721;6,14
43047;2762;6,24
43048;2672;6,11
43049;2677;5,99
43050;2673;5,88
43051;2693;5,84
43052;2672;5,74
43063;2691;5,70
43064;2685;5,65
43065;2706;5,66
43066;2683;5,61
43067;2691;5,58
43068;2695;5,57
43069;2837;5,92
43070;2735;5,97
43071;2687;5,90
43072;2685;5,83
43073;2702;5,81
43074;2706;5,80
43075;2819;6,08
43076;2685;5,99
43077;2694;5,93
43078;2765;6,06
43079;2818;6,31
43080;2709;6,26
43081;2691;6,17
43082;2690;6,09
43083;2729;6,11
43084;2693;6,04
43095;2822;6,30
43096;2711;6,26
43097;2710;6,21
43098;2697;6,14
43099;2718;6,13
43100;2835;6,42
43101;2739;6,43
43102;2800;6,60
43103;2698;6,49
43104;2689;6,37
43105;2739;6,39
43106;2770;6,49
43107;2782;6,60
43108;2725;6,56
43109;2723;6,52
43110;2704;6,44
43111;2746;6,47
43112;2805;6,65
43113;2725;6,60
43114;2755;6,64
43115;2720;6,58
43116;2826;6,80
43128;2710;6,70
43129;2719;6,64
43130;2710;6,56
43131;2706;6,48
43132;2838;6,74
43133;2703;6,63
43134;2719;6,57
43135;2721;6,52
43136;2724;6,49
43137;2711;6,43
43138;2715;6,38
43139;2714;6,33
43140;2749;6,38
43141;2715;6,34
43142;2734;6,35
43143;2720;6,32
43144;2733;6,33
43145;2719;6,30
43146;2746;6,35
43147;2823;6,58
43148;2736;6,57
43149;2722;6,53
43160;2757;6,58
43161;2793;6,71
43162;2803;6,86
43163;3071;7,67
43164;2838;7,81
43165;2872;8,02
43166;2839;8,13
43167;2837;8,22
43168;2800;8,21
43169;2823;8,26
43170;2819;8,29
43171;2843;8,38
43172;2960;8,76
43173;2977;9,14
43174;2847;9,16
43175;2881;9,26
43176;2827;9,21
43177;2960;9,50
43178;2853;9,50
43179;2909;9,64
43180;2864;9,64
43181;2842;9,60
43192;2813;9,48
43193;2860;9,50
43194;2799;9,35
43195;2783;9,19
43196;2899;9,33
43197;2783;9,16
43198;2861;9,21
43199;2789;9,07
43200;2784;8,94
43201;2798;8,85
43202;2767;8,69
43203;2839;8,73
43204;2815;8,71
43205;2758;8,54
43206;2865;8,66
43207;2804;8,62
43208;2890;8,79
43209;2854;8,86
43210;2768;8,71
43211;2800;8,65
43212;2772;8,52
43213;2759;8,38
43225;2815;8,39
43226;2799;8,36
43227;2787;8,30
43228;2843;8,39
43229;2790;8,33
43230;2793;8,29
43231;2857;8,42
43232;2878;8,59
43233;2795;8,53
43234;2839;8,58
43235;2901;8,79
43236;2831;8,80
43237;2981;9,19
43238;2816;9,12
43239;2834;9,11
43240;2875;9,20
43241;2903;9,35
43242;2831;9,30
43243;2894;9,42
43244;2819;9,34
43245;2833;9,30
43246;2815;9,22
43257;2841;9,21
43258;2851;9,23
43259;2826;9,18
43260;2883;9,28
43261;2832;9,25
43262;2849;9,26
43263;2870;9,32
43264;2857;9,34
43265;3040;9,83
43266;2866;9,82
43267;2841;9,75
43268;2855;9,73
43269;2853;9,70
43270;2862;9,70
43271;2849;9,66
43272;2907;9,78
43273;2849;9,74
43274;2880;9,77
43275;2855;9,75
43276;2877;9,78
43277;2838;9,71
43278;2864;9,71
43289;3010;10,08
43290;2867;10,05
43291;2869;10,03
43292;2866;10,01
43293;2922;10,13
43294;2947;10,30
43295;2871;10,26
43296;2895;10,28
43297;2865;10,23
43298;2947;10,39
43299;3088;10,89
43300;2849;10,74
43301;2915;10,76
43302;2887;10,72
43303;2960;10,86
43304;3015;11,13
43305;2880;11,03
43306;2861;10,89
43307;2894;10,85
43318;3013;11,12
43319;2972;11,25
43320;2863;11,10
43321;2981;11,25
43322;2910;11,22
43323;2997;11,41
43324;2917;11,37
43325;2875;11,24
43326;2865;11,09
43327;2883;11,00
43328;2910;10,99
43329;2928;11,02
43330;2884;10,94
43331;3019;11,22
43332;2976;11,35
43333;2878;11,22
43334;2869;11,09
43335;2882;11,00
43346;2915;11,00
43347;2925;11,02
43348;2929;11,06
43349;2891;10,99
43350;2891;10,94
43351;2985;11,12
43352;2887;11,04
43353;3047;11,37
43354;2918;11,34
43355;2926;11,34
43356;2939;11,37
43357;2903;11,30
43358;2982;11,44
43359;2896;11,35
43360;2896;11,27
43361;2919;11,26
43362;2943;11,30
43363;2960;11,39
43364;2948;11,43
43376;2903;11,36
43377;2921;11,34
43378;3046;11,64
43379;2921;11,59
43380;2973;11,68
43381;2960;11,73
43382;2967;11,79
43383;2992;11,91
43384;2914;11,82
43385;2913;11,73
43386;2975;11,81
43387;2909;11,72
43388;2928;11,68
43389;2988;11,80
43390;2967;11,85
43391;2965;11,90
43392;2953;11,90
43393;2940;11,88
43404;2928;11,82
43405;2935;11,79
43406;2975;11,87
43407;2928;11,82
43408;2950;11,83
43409;3071;12,14
43410;2945;12,10
43411;2992;12,19
43412;2931;12,11
43413;2930;12,04
43414;2930;11,98
43415;2927;11,91
43416;2933;11,87
43417;2944;11,86
43418;2998;11,98
43419;2991;12,08
43420;2931;12,01
43421;2935;11,96
43422;2961;11,98
43433;2996;12,09
43434;3056;12,34
43435;2937;12,27
43436;2949;12,23
43437;2955;12,21
43438;3039;12,40
43439;3007;12,50
43440;3021;12,62
43441;2949;12,54
43442;3013;12,64
43443;2946;12,55
43444;3138;12,96
43445;2977;12,93
43446;2960;12,85
43447;3001;12,88
43448;3041;13,02
43449;3000;13,03
43450;2960;12,94
43461;2944;12,82
43462;2971;12,79
43463;3007;12,84
43464;2977;12,82
43465;2994;12,84
43466;2961;12,77
43467;2971;12,74
43468;3027;12,85
43469;2977;12,82
43470;2946;12,72
43471;2960;12,66
43472;2960;12,61
43473;3015;12,71
43474;2941;12,60
43475;3002;12,66
43476;2960;12,61
43477;2944;12,53
43478;2965;12,50
43479;3035;12,66
43491;2940;12,56
43492;2952;12,50
43493;2941;12,41
43494;2945;12,35
43495;2930;12,26
43496;2946;12,21
43497;2985;12,27
43498;2971;12,28
43499;2944;12,23
43500;2939;12,17
43501;2944;12,13
43502;2956;12,12
43503;2937;12,07
43504;2940;12,02
43505;2955;12,03
43506;2935;11,98
43507;2946;11,96
43508;2950;11,95
43519;3082;12,28
43520;2971;12,30
43521;3004;12,39
43522;3108;12,74
43523;2935;12,62
43524;3086;12,89
43525;2955;12,81
43526;3009;12,87
43527;3069;13,07
43528;2950;12,95
43529;2966;12,89
43530;2998;12,91
43531;3022;12,99
43532;2949;12,88
43533;2961;12,81
43534;2960;12,75
43535;2995;12,78
43536;2951;12,69
43537;2991;12,72
43548;2944;12,62
43549;3003;12,68
43550;2943;12,59
43551;2911;12,42
43552;2929;12,31
43553;2951;12,28
43554;3008;12,39
43555;2928;12,28
43556;2928;12,19
43557;2941;12,14
43558;2932;12,07
43559;3031;12,26
43560;2919;12,14
43561;2928;12,06
43562;2937;12,01
43563;2938;11,97
43564;2931;11,92
43565;3008;12,06
43576;3008;12,19
43577;2992;12,27
43578;2942;12,21
43579;2967;12,23
43580;2928;12,14
43581;2919;12,04
43582;2960;12,05
43583;3019;12,21
43584;2922;12,11
43585;2947;12,08
43586;2933;12,02
43587;2979;12,08
43588;2971;12,12
43589;2913;12,00
43590;2922;11,92
43591;2909;11,81
43592;2901;11,70
43593;2992;11,83
43594;2941;11,81
43605;2997;11,94
43606;2960;11,96
43607;2938;11,92
43608;2939;11,89
43609;2979;11,97
43610;2923;11,89
43611;2924;11,83
43612;3046;12,08
43613;3027;12,26
43614;2951;12,22
43615;2992;12,30
43616;3034;12,47
43617;2967;12,46
43618;2925;12,34
43619;2954;12,30
43620;3054;12,53
43621;2989;12,56
43622;2927;12,44
43634;2960;12,41
43635;2960;12,39
43636;2935;12,30
43637;3055;12,53
43638;2959;12,49
43639;2913;12,33
43640;2945;12,28
43641;2946;12,23
43642;2993;12,31
43643;2926;12,21
43644;2950;12,18
43645;2926;12,09
43646;2991;12,17
43647;2959;12,17
43648;2943;12,12
43649;2909;12,00
43650;2931;11,94
43651;3023;12,12
43652;2923;12,03
43663;2902;11,90
43664;2961;11,93
43665;2997;12,04
43666;2896;11,89
43667;2941;11,87
43668;2934;11,83
43669;3092;12,20
43670;2913;12,08
43671;2913;11,96
43672;2902;11,84
43673;2939;11,82
43674;2959;11,85
43675;2891;11,70
43676;2958;11,74
43677;2890;11,61
43678;2883;11,47
43679;2882;11,34
43680;2895;11,26
43691;2992;11,43
43692;2933;11,43
43693;3017;11,65
43694;2917;11,59
43695;2865;11,41
43696;2871;11,26
43697;3029;11,52
43698;3002;11,69
43699;2871;11,51
43700;2874;11,36
43701;2921;11,34
43702;2871;11,20
43703;3041;11,50
43704;2963;11,57
43705;2994;11,72
43706;2901;11,61
43707;2871;11,44
43708;3025;11,68
43709;2890;11,55
43720;2910;11,48
43721;2899;11,39
43722;2875;11,26
43723;2895;11,18
43724;2875;11,06
43725;2930;11,10
43726;2927;11,12
43727;2991;11,30
43728;2858;11,13
43729;2882;11,03
43730;2913;11,03
43731;2864;10,90
43732;2883;10,83
43733;2997;11,05
43734;2880;10,96
43735;2915;10,97
43736;3056;11,33
43737;2951;11,39
43749;2838;11,16
43750;2833;10,94
43751;2836;10,74
43752;2832;10,56
43753;2837;10,41
43754;2835;10,27
43755;2834;10,14
43756;2830;10,01
43757;2832;9,90
43758;2845;9,84
43759;2835;9,75
43760;2837;9,68
43761;2843;9,63
43762;2839;9,58
43763;2832;9,51
43764;2845;9,49
43765;2848;9,47
43766;2849;9,46
43767;2849;9,45
43768;2850;9,44
43769;2851;9,43
43780;2937;9,65
43781;3056;10,14
43782;2880;10,14
43783;3023;10,50
43784;2927;10,58
43785;2907;10,61
43786;2928;10,68
43787;2901;10,68
43788;3033;11,01
43789;2875;10,91
43790;2896;10,87
43791;2898;10,84
43792;2921;10,88
43793;2864;10,76
43794;2874;10,68
43795;2867;10,60
43796;2970;10,78
43797;2849;10,63
43798;2889;10,61
43809;2813;10,39
43810;2832;10,24
43811;2853;10,16
43812;2898;10,21
43813;2967;10,42
43814;2875;10,38
43815;2854;10,29
43816;2861;10,22
43817;2850;10,14
43818;2832;10,02
43819;2839;9,92
43820;2939;10,09
43821;2878;10,09
43822;2851;10,02
43823;2912;10,11
43824;2919;10,22
43825;2879;10,20
43826;2979;10,45
43837;2880;10,42
43838;2849;10,31
43839;2862;10,25
43840;2907;10,30
43841;2924;10,40
43842;2901;10,42
43843;2864;10,35
43844;2881;10,33
43845;3017;10,66
43846;2848;10,53
43847;2927;10,61
43848;2826;10,42
43849;2821;10,24
43850;2842;10,14
43851;2880;10,14
43852;2831;10,01
43853;2875;10,01
43854;2843;9,93
43855;3006;10,27
43866;2832;10,13
43867;2819;9,98
43868;2819;9,84
43869;2847;9,79
43870;2891;9,85
43871;2819;9,72
43872;2811;9,59
43873;2829;9,51
43874;2943;9,73
43875;2816;9,61
43876;2887;9,68
43877;2933;9,86
43878;2847;9,80
43879;2836;9,73
43880;2838;9,66
43881;2833;9,59
43882;2857;9,58
43883;2849;9,56
43884;2866;9,58
43885;2873;9,62
43886;2858;9,62
43898;2825;9,53
43899;2821;9,44
43900;2830;9,38
43901;2823;9,31
43902;2822;9,25
43903;2819;9,18
43904;2815;9,11
43905;2822;9,07
43906;2819;9,02
43907;2811;8,96
43908;2813;8,90
43909;2811;8,85
43910;2805;8,79
43911;2810;8,75
43912;2809;8,71
43913;2801;8,65
43914;2797;8,59
43915;2807;8,56
43916;2812;8,54
43917;2807;8,52
43918;2813;8,51
43919;2802;8,47
43930;2816;8,48
43931;2821;8,49
43932;2891;8,69
43933;2807;8,64
43934;2811;8,62
43935;2816;8,61
43936;2847;8,68
43937;2807;8,64
43938;2811;8,61
43939;2870;8,74
43940;2837;8,77
43941;2819;8,75
43942;2819;8,74
43943;2897;8,92
43944;2823;8,89
43945;2914;9,10
43946;2812;9,04
43947;2834;9,03
43948;2845;9,05
43949;2846;9,07
43950;2941;9,33
43951;2835;9,30
43962;3046;9,80
43963;2833;9,72
43964;2837;9,65
43965;2830;9,57
43966;2825;9,49
43967;2816;9,39
43968;2896;9,50
43969;2827;9,43
43970;2837;9,39
43971;2822;9,32
43972;2830;9,28
43973;3058;9,81
43974;2859;9,79
43975;2837;9,72
43976;2814;9,59
43977;2832;9,52
43978;2851;9,51
43979;2938;9,72
43980;2917;9,85
43981;2819;9,73
43982;2859;9,71
43983;2909;9,83
43994;2814;9,69
43995;2880;9,74
43996;2866;9,74
43997;2811;9,61
43998;2807;9,47
43999;2817;9,38
44000;2830;9,33
44001;2807;9,22
44002;2805;9,12
44003;2832;9,10
44004;2822;9,06
44005;2814;9,00
44006;2896;9,15
44007;2816;9,09
44008;2854;9,13
44009;2871;9,21
44010;2822;9,15
44011;2865;9,21
44012;2830;9,18
44013;2833;9,15
44014;2827;9,12
44015;2837;9,11
44027;2883;9,22
44028;2857;9,25
44029;2880;9,34
44030;2881;9,42
44031;2883;9,50
44032;2858;9,51
44033;2851;9,50
44034;2871;9,54
44035;2861;9,55
44036;2864;9,57
44037;2859;9,57
44038;2862;9,58
44039;2838;9,53
44040;2832;9,47
44041;2848;9,45
44042;2819;9,37
44043;2831;9,32
44044;2828;9,27
44045;2816;9,19
44046;2820;9,14
44047;2838;9,13
44048;2825;9,09
44059;2894;9,23
44060;2816;9,16
44061;2828;9,12
44062;2882;9,23
44063;2768;9,04
44064;2785;8,91
44065;2793;8,81
44066;2780;8,69
44067;2989;9,11
44068;2800;9,01
44069;2816;8,96
44070;2843;8,98
44071;2873;9,08
44072;2802;8,99
44073;2815;8,94
44074;2835;8,94
44075;2839;8,96
44076;2800;8,87
44077;2809;8,82
44078;2818;8,79
44079;2839;8,82
44080;2815;8,79
44091;2864;8,88
44092;2851;8,93
44093;2893;9,09
44094;2829;9,06
44095;2819;9,02
44096;2832;9,01
44097;2864;9,08
44098;2879;9,18
44099;2817;9,12
44100;2818;9,06
44101;2887;9,19
44102;2841;9,18
44103;2941;9,43
44104;2805;9,31
44105;2795;9,18
44106;2813;9,10
44107;2837;9,10
44108;2800;9,00
44109;2845;9,02
44110;2808;8,95
44111;2809;8,89
44112;2859;8,96
44123;2775;8,81
44124;2783;8,70
44125;2886;8,86
44126;2782;8,74
44127;2837;8,77
44128;2838;8,80
44129;2844;8,84
44130;2870;8,94
44131;2893;9,10
44132;2799;8,99
44133;2786;8,87
44134;2800;8,79
44135;2844;8,84
44136;2786;8,73
44137;2794;8,65
44138;2806;8,61
44139;2815;8,60
44140;2901;8,81
44141;2800;8,74
44142;2832;8,75
44143;2827;8,76
44144;2830;8,77
44156;2840;8,80
44157;2819;8,78
44158;2816;8,76
44159;2814;8,73
44160;2805;8,68
44161;2831;8,70
44162;2802;8,64
44163;2818;8,64
44164;2825;8,65
44165;2811;8,62
44166;2818;8,61
44167;2821;8,62
44168;2828;8,64
44169;2814;8,62
44170;2816;8,61
44171;2819;8,61
44172;2848;8,68
44173;2810;8,65
44174;2832;8,67
44175;2832;8,70
44176;2810;8,66
44177;2825;8,67
44188;2955;9,01
44189;2830;8,99
44190;2851;9,03
44191;2863;9,10
44192;2830;9,08
44193;2840;9,08
44194;2832;9,06
44195;2818;9,01
44196;2816;8,96
44197;2838;8,97
44198;2830;8,96
44199;2820;8,93
44200;2822;8,90
44201;2896;9,07
44202;2815;9,01
44203;2859;9,07
44204;2801;8,97
44205;2817;8,93
44206;2959;9,25
44207;2831;9,21
44208;2839;9,20
44209;2855;9,23
44220;2941;9,48
44221;2875;9,53
44222;2880;9,59
44223;2871;9,62
44224;2823;9,53
44225;2883;9,60
44226;2843;9,56
44227;2831;9,49
44228;2889;9,58
44229;2822;9,49
44230;2864;9,51
44231;2855;9,51
44232;2832;9,45
44233;2820;9,37
44234;2819;9,29
44235;2867;9,34
44236;2880;9,42
44237;2821;9,34
44238;2867;9,39
44239;2831;9,34
44240;2869;9,39
44241;2817;9,30
44252;2832;9,27
44253;2825;9,21
44254;2858;9,25
44255;2831;9,21
44256;2821;9,16
44257;2818;9,10
44258;2847;9,12
44259;2971;9,45
44260;2851;9,44
44261;2827;9,38
44262;2842;9,36
44263;2859;9,38
44264;2864;9,42
44265;2835;9,37
44266;2823;9,31
44267;2826;9,25
44268;2820;9,19
44269;2822;9,14
44270;2871;9,21
44271;2828;9,17
44272;2833;9,15
44273;2905;9,31
44285;2825;9,25
44286;2833;9,22
44287;2832;9,19
44288;2831;9,16
44289;2865;9,22
44290;2851;9,24
44291;2843;9,23
44292;2884;9,33
44293;2832;9,29
44294;2869;9,35
44295;2899;9,47
44296;2891;9,57
44297;2833;9,51
44298;2843;9,47
44299;2882;9,55
44300;2822;9,46
44301;2794;9,31
44302;2869;9,36
44303;2846;9,35
44304;2867;9,40
44305;2871;9,45
44306;2847;9,43
44317;2821;9,35
44318;2847;9,35
44319;2837;9,32
44320;2832;9,28
44321;2889;9,39
44322;2867;9,43
44323;2819;9,34
44324;2835;9,31
44325;2833;9,27
44326;2822;9,21
44327;2832;9,18
44328;2944;9,44
44329;2820;9,36
44330;2830;9,31
44331;2922;9,50
44332;2832;9,44
44333;2831;9,38
44334;2832;9,34
44335;2903;9,47
44336;2826;9,40
44337;2832;9,35
44338;2846;9,35
44349;2819;9,27
44350;2831;9,23
44351;2862;9,28
44352;2813;9,19
44353;2822;9,14
44354;2896;9,28
44355;2821;9,22
44356;2829;9,18
44357;2815;9,11
44358;2828;9,08
44359;2832;9,06
44360;2862;9,12
44361;2819;9,07
44362;2816;9,02
44363;2816;8,96
44364;2823;8,94
44365;2818;8,90
44366;2817;8,86
44367;2815;8,83
44368;2867;8,92
44369;2815;8,88
44370;2805;8,82
44381;2811;8,77
44382;2829;8,78
44383;2813;8,74
44384;2805;8,69
44385;2816;8,68
44386;2819;8,67
44387;2837;8,70
44388;2854;8,78
44389;2815;8,75
44390;2813;8,72
44391;2829;8,73
44392;2871;8,85
44393;2832;8,86
44394;2868;8,95
44395;2832;8,95
44396;2843;8,97
44397;2843;9,00
44398;2810;8,93
44399;2805;8,86
44400;2823;8,85
44401;2895;9,01
44402;2891;9,15
44414;2877;9,24
44415;2873;9,31
44416;2827;9,26
44417;2886;9,36
44418;2882;9,45
44419;2811;9,34
44420;2898;9,46
44421;2895;9,57
44422;2894;9,66
44423;2813;9,54
44424;2800;9,40
44425;2832;9,35
44426;2934;9,56
44427;2873;9,60
44428;2896;9,69
44429;2814;9,57
44430;2901;9,68
44431;2960;9,93
44432;2886;9,96
44433;2873;9,96
44434;2807;9,80
44435;2863;9,79
44446;2811;9,65
44447;2806;9,51
44448;2842;9,47
44449;2810;9,36
44450;2795;9,22
44451;2800;9,11
44452;2858;9,16
44453;2883;9,26
44454;2815;9,19
44455;2797;9,07
44456;2810;9,00
44457;2797;8,90
44458;2807;8,84
44459;2849;8,89
44460;2835;8,90
44461;2849;8,95
44462;2832;8,94
44463;2825;8,92
44464;2811;8,87
44465;2894;9,03
44466;2797;8,93
44467;2800;8,85
44478;2791;8,75
44479;2801;8,69
44480;2859;8,78
44481;2799;8,71
44482;2827;8,72
44483;2847;8,78
44484;2832;8,79
44485;2821;8,78
44486;2796;8,70
44487;2804;8,65
44488;2879;8,80
44489;2790;8,70
44490;2789;8,61
44491;2787;8,53
44492;2772;8,42
44493;2811;8,41
44494;2790;8,36
44495;2780;8,28
44496;2873;8,45
44497;2864;8,58
44498;2799;8,53
44499;2796;8,48
44510;2782;8,39
44511;2877;8,56
44512;2769;8,44
44513;2773;8,33
44514;2829;8,39
44515;2800;8,36
44516;2800;8,33
44517;2800;8,31
44518;2768;8,21
44519;2800;8,20
44520;2845;8,30
44521;2778;8,23
44522;2889;8,44
44523;2815;8,45
44524;2773;8,34
44525;2784;8,28
44526;2800;8,26
44527;2787;8,21
44528;2767;8,12
44529;2787;8,09
44530;2772;8,02
44531;2827;8,09
44543;2782;8,05
44544;2799;8,05
44545;2813;8,09
44546;2771;8,02
44547;2752;7,91
44548;2821;7,98
44549;2773;7,92
44550;2847;8,06
44551;2771;7,99
44552;2751;7,88
44553;2773;7,83
44554;2768;7,78
44555;2787;7,78
44556;2768;7,73
44557;2761;7,67
44558;2797;7,71
44559;2767;7,66
44560;2788;7,68
44561;2752;7,60
44562;2768;7,57
44563;2757;7,51
44564;2737;7,41
44575;2810;7,51
44576;2751;7,44
44577;2745;7,37
44578;2830;7,52
44579;2747;7,45
44580;2830;7,59
44581;2793;7,62
44582;2823;7,73
44583;2741;7,62
44584;2768;7,59
44585;2832;7,72
44586;2755;7,64
44587;2751;7,57
44588;2759;7,52
44589;2760;7,47
44590;2787;7,50
44591;2759;7,46
44592;2752;7,40
44593;2759;7,37
44594;2765;7,36
44595;2750;7,30
44596;2768;7,30
44607;2791;7,36
44608;2751;7,31
44609;2752;7,27
44610;2749;7,22
44611;2746;7,18
44612;2861;7,42
44613;2767;7,41
44614;2736;7,32
44615;2758;7,29
44616;2757;7,26
44617;2745;7,21
44618;2768;7,22
44619;2736;7,14
44620;2735;7,08
44621;2743;7,03
44622;2768;7,06
44623;2767;7,08
44624;2734;7,02
44625;2723;6,93
44626;2730;6,87
44627;2752;6,87
44628;2749;6,87
44640;2727;6,81
44641;2743;6,79
44642;2733;6,76
44643;2722;6,69
44644;2830;6,91
44645;2743;6,89
44646;2709;6,78
44647;2748;6,78
44648;2717;6,70
44649;2823;6,90
44650;2736;6,86
44651;2752;6,86
44652;2795;6,97
44653;2717;6,88
44654;2721;6,80
44655;2736;6,77
44656;2718;6,70
44657;2719;6,63
44658;2717;6,57
44659;2726;6,54
44660;2790;6,67
44661;2826;6,88
44672;2772;6,93
44673;2752;6,93
44674;2785;7,01
44675;2758;7,01
44676;2739;6,97
44677;2746;6,94
44678;2746;6,92
44679;2785;7,00
44680;2722;6,92
44681;2733;6,87
44682;2754;6,87
44683;2736;6,84
44684;2773;6,89
44685;2743;6,87
44686;2768;6,91
44687;2736;6,87
44688;2723;6,80
44689;2755;6,82
44690;2735;6,78
44691;2775;6,85
44692;2736;6,81
44693;2768;6,86
44704;2755;6,87
44705;2722;6,80
44706;2718;6,72
44707;2718;6,65
44708;2765;6,71
44709;2781;6,80
44710;2704;6,69
44711;2777;6,77
44712;2701;6,66
44713;2720;6,60
44714;2719;6,54
44715;2743;6,56
44716;2810;6,74
44717;2717;6,66
44718;2726;6,62
44719;2704;6,53
44720;2783;6,64
44721;2707;6,55
44722;2713;6,49
44723;2845;6,76
44724;2726;6,71
44725;2875;7,04
44736;2839;7,25
44737;2751;7,21
44738;2733;7,13
44739;2818;7,27
44740;2727;7,17
44741;2730;7,09
44742;2725;7,00
44743;2835;7,20
44744;2838;7,39
44745;2743;7,31
44746;2738;7,24
44747;2762;7,23
44748;2745;7,18
44749;2838;7,37
44750;2745;7,30
44751;2735;7,22
44752;2749;7,18
44753;2794;7,25
44754;2739;7,19
44755;2747;7,14
44756;2752;7,12
44757;2758;7,11
44769;2727;7,03
44770;2738;6,98
44771;2717;6,88
44772;2735;6,84
44773;2714;6,75
44774;2714;6,67
44775;2705;6,57
44776;2720;6,52
44777;2715;6,46
44778;2740;6,48
44779;2709;6,41
44780;2706;6,34
44781;2779;6,47
44782;2719;6,42
44783;2707;6,36
44784;2703;6,29
44785;2702;6,22
44786;2722;6,21
44787;2706;6,16
44788;2709;6,13
44789;2704;6,08
44790;2717;6,08
44801;2791;6,26
44802;2810;6,47
44803;2752;6,51
44804;2724;6,48
44805;2735;6,48
44806;2730;6,46
44807;2802;6,63
44808;2725;6,59
44809;2731;6,57
44810;2736;6,56
44811;2737;6,55
44812;2809;6,73
44813;2800;6,87
44814;2730;6,82
44815;2726;6,76
44816;2747;6,76
44817;2771;6,82
44818;2797;6,94
44819;2732;6,89
44820;2751;6,88
44821;2736;6,84
44822;2729;6,79
44833;2717;6,71
44834;2756;6,74
44835;2806;6,89
44836;2763;6,92
44837;2725;6,85
44838;2873;7,16
44839;2722;7,06
44840;2841;7,27
44841;2719;7,15
44842;2862;7,40
44843;2768;7,39
44844;2736;7,30
44845;2791;7,36
44846;2848;7,55
44847;2715;7,39
44848;2713;7,24
44849;2726;7,14
44850;2826;7,31
44851;2783;7,34
44852;2711;7,19
44853;2722;7,09
44854;2782;7,14
44865;2724;7,05
44866;2736;6,99
44867;2782;7,06
44868;2807;7,18
44869;2715;7,06
44870;2735;7,00
44871;2766;7,02
44872;2737;6,97
44873;2734;6,92
44874;2755;6,92
44875;2768;6,96
44876;2774;7,01
44877;2929;7,45
44878;2734;7,35
44879;2743;7,28
44880;2767;7,28
44881;2787;7,33
44882;2737;7,25
44883;2737;7,17
44884;2733;7,10
44885;2753;7,08
44886;2785;7,14
44898;2699;6,98
44899;2696;6,83
44900;2704;6,72
44901;2701;6,61
44902;2697;6,50
44903;2708;6,42
44904;2703;6,35
44905;2704;6,28
44906;2699;6,21
44907;2706;6,16
44908;2704;6,11
44909;2704;6,07
44910;2699;6,02
44911;2706;5,99
44912;2694;5,93
44913;2703;5,90
44914;2701;5,87
44915;2705;5,86
44916;2704;5,84
44917;2701;5,81
44918;2705;5,80
44919;2701;5,78
44930;2732;5,84
44931;2725;5,88
44932;2832;6,18
44933;2736;6,21
44934;2809;6,43
44935;2737;6,44
44936;2771;6,53
44937;2782;6,64
44938;2722;6,59
44939;2738;6,59
44940;2768;6,66
44941;2775;6,74
44942;2844;6,99
44943;2739;6,94
44944;2750;6,93
44945;2747;6,92
44946;2752;6,91
44947;2739;6,88
44948;2753;6,88
44949;2759;6,90
44950;2798;7,02
44951;2757;7,02
44962;2755;7,01
44963;2810;7,15
44964;2841;7,35
44965;2864;7,59
44966;2795;7,62
44967;2740;7,52
44968;2783;7,54
44969;2724;7,40
44970;2832;7,55
44971;2896;7,85
44972;2831;7,96
44973;2735;7,81
44974;2819;7,88
44975;2733;7,74
44976;2783;7,73
44977;2790;7,74
44978;2734;7,61
44979;2735;7,50
44980;2730;7,38
44981;2777;7,40
44982;2839;7,57
44983;2746;7,48
44994;2719;7,34
44995;2781;7,37
44996;2768;7,36
44997;2784;7,40
44998;2763;7,37
44999;2848;7,57
45000;2896;7,87
45001;2768;7,81
45002;2753;7,72
45003;2758;7,65
45004;2774;7,63
45005;2745;7,54
45006;2919;7,90
45007;2794;7,90
45008;2742;7,78
45009;2763;7,72
45010;2928;8,08
45011;2751;7,96
45012;2807;7,99
45013;2765;7,91
45014;2814;7,97
45015;2835;8,07
45027;2775;8,01
45028;2811;8,05
45029;2811;8,08
45030;2818;8,13
45031;2811;8,16
45032;2817;8,19
45033;2802;8,19
45034;2781;8,13
45035;2816;8,17
45036;2756;8,05
45037;2811;8,09
45038;2791;8,07
45039;2787;8,04
45040;2769;7,97
45041;2813;8,01
45042;2795;8,01
45043;2768;7,94
45044;2783;7,91
45045;2775;7,87
45046;2771;7,82
45047;2781;7,80
45048;2783;7,79
45059;2706;7,58
45060;2720;7,43
45061;2745;7,36
45062;2801;7,44
45063;2713;7,28
45064;2730;7,19
45065;2717;7,07
45066;2805;7,19
45067;2714;7,06
45068;2720;6,96
45069;2736;6,92
45070;2756;6,92
45071;2880;7,24
45072;2735;7,17
45073;2731;7,09
45074;2749;7,06
45075;2735;7,00
45076;2878;7,31
45077;2759;7,28
45078;2849;7,49
45079;2773;7,48
45080;2751;7,42
45091;2773;7,42
45092;2789;7,46
45093;2831;7,61
45094;2774;7,59
45095;2829;7,72
45096;2848;7,88
45097;2877;8,09
45098;2900;8,35
45099;2894;8,56
45100;2765;8,43
45101;2768;8,31
45102;2758;8,19
45103;2815;8,22
45104;2782;8,16
45105;2821;8,21
45106;2753;8,08
45107;2751;7,96
45108;2753;7,85
45109;2768;7,80
45110;2736;7,67
45111;2734;7,54
45112;2736;7,44
45123;2799;7,50
45124;2800;7,56
45125;2723;7,42
45126;2753;7,37
45127;2725;7,26
45128;2709;7,11
45129;2822;7,27
45130;2739;7,20
45131;2726;7,10
45132;2731;7,03
45133;2738;6,98
45134;2771;7,02
45135;2815;7,16
45136;2773;7,19
45137;2731;7,11
45138;2765;7,12
45139;2826;7,28
45140;2849;7,49
45141;2738;7,39
45142;2748;7,33
45143;2799;7,41
45144;2752;7,36
45156;2747;7,30
45157;2795;7,37
45158;2793;7,42
45159;2822;7,55
45160;2849;7,73
45161;2851;7,89
45162;2816;7,96
45163;2753;7,85
45164;2752;7,76
45165;2837;7,88
45166;2814;7,94
45167;2802;7,96
45168;2814;8,01
45169;2822;8,08
45170;2830;8,16
45171;2788;8,12
45172;2823;8,18
45173;2819;8,22
45174;2814;8,24
45175;2751;8,11
45176;2907;8,38
45177;2832;8,43
45188;2733;8,23
45189;2786;8,18
45190;2801;8,18
45191;2773;8,10
45192;2730;7,92
45193;2747;7,81
45194;2861;7,99
45195;2853;8,14
45196;2817;8,18
45197;2752;8,05
45198;2760;7,95
45199;2717;7,76
45200;2736;7,63
45201;2723;7,49
45202;2733;7,38
45203;2801;7,45
45204;2731;7,34
45205;2818;7,47
45206;2737;7,37
45207;2790;7,42
45208;2774;7,42
45209;2795;7,48
45220;2744;7,40
45221;2787;7,44
45222;2839;7,60
45223;2722;7,46
45224;2735;7,36
45225;2771;7,36
45226;2745;7,29
45227;2733;7,21
45228;2735;7,13
45229;2730;7,05
45230;2735;6,99
45231;2754;6,99
45232;2774;7,03
45233;2729;6,96
45234;2734;6,91
45235;2737;6,87
45236;2823;7,05
45237;2740;7,01
45238;2752;6,99
45239;2741;6,96
45240;2800;7,07
45241;2743;7,03
45252;2787;7,11
45253;2768;7,12
45254;2795;7,21
45255;2817;7,34
45256;2775;7,36
45257;2809;7,45
45258;2777;7,46
45259;2766;7,44
45260;2756;7,40
45261;2769;7,39
45262;2798;7,45
45263;2753;7,40
45264;2841;7,58
45265;2763;7,54
45266;2743;7,45
45267;2768;7,43
45268;2778;7,44
45269;2896;7,75
45270;2754;7,67
45271;2763;7,62
45272;2747;7,54
45273;2736;7,43
45285;2800;7,50
45286;2779;7,51
45287;2814;7,60
45288;2756;7,54
45289;2822;7,65
45290;2854;7,84
45291;2800;7,86
45292;2775;7,82
45293;2810;7,88
45294;2721;7,70
45295;2785;7,70
45296;2810;7,77
45297;2768;7,72
45298;2783;7,72
45299;2768;7,68
45300;2763;7,63
45301;2736;7,51
45302;2817;7,61
45303;2785;7,63
45304;2795;7,66
45305;2832;7,79
45306;2807;7,84
45317;2751;7,74
45318;2821;7,83
45319;2774;7,79
45320;2768;7,74
45321;2765;7,69
45322;2784;7,69
45323;2785;7,69
45324;2801;7,74
45325;2771;7,70
45326;2758;7,64
45327;2775;7,62
45328;2800;7,67
45329;2805;7,73
45330;2848;7,89
45331;2762;7,81
45332;2814;7,88
45333;2751;7,78
45334;2750;7,68
45335;2787;7,69
45336;2763;7,64
45337;2746;7,55
45338;2752;7,48
45349;2742;7,40
45350;2735;7,31
45351;2755;7,27
45352;2719;7,15
45353;2816;7,29
45354;2743;7,22
45355;2743;7,17
45356;2769;7,18
45357;2725;7,09
45358;2734;7,02
45359;2731;6,96
45360;2731;6,90
45361;2737;6,86
45362;2743;6,84
45363;2797;6,96
45364;2781;7,02
45365;2730;6,96
45366;2737;6,91
45367;2736;6,87
45368;2766;6,91
45369;2886;7,24
45370;2737;7,17
45381;2755;7,15
45382;2818;7,29
45383;2783;7,33
45384;2775;7,35
45385;2827;7,49
45386;2766;7,47
45387;2792;7,51
45388;2814;7,60
45389;2768;7,57
45390;2778;7,57
45391;2800;7,63
45392;2867;7,84
45393;2816;7,91
45394;2766;7,84
45395;2769;7,79
45396;2799;7,82
45397;2791;7,83
45398;2755;7,74
45399;2771;7,70
45400;2803;7,75
45401;2865;7,95
45402;2830;8,04
45414;2928;8,37
45415;2864;8,51
45416;2786;8,43
45417;2739;8,25
45418;2801;8,23
45419;2781;8,17
45420;2743;8,02
45421;2787;8,00
45422;2790;7,98
45423;2796;7,99
45424;2782;7,95
45425;2775;7,91
45426;2847;8,04
45427;2786;8,02
45428;2812;8,05
45429;2787;8,03
45430;2768;7,95
45431;2787;7,94
45432;2794;7,94
45433;2769;7,88
45434;2770;7,82
45435;2785;7,81
45446;2778;7,79
45447;2775;7,76
45448;2795;7,78
45449;2780;7,76
45450;2787;7,76
45451;2769;7,72
45452;2794;7,74
45453;2754;7,66
45454;2757;7,60
45455;2800;7,65
45456;2869;7,87
45457;2821;7,95
45458;2773;7,89
45459;2816;7,96
45460;2830;8,05
45461;2773;7,98
45462;2771;7,92
45463;2810;7,97
45464;2769;7,90
45465;2795;7,91
45466;2767;7,85
45467;2762;7,78
45478;2779;7,76
45479;2898;8,04
45480;2767;7,96
45481;2768;7,90
45482;2758;7,81
45483;2775;7,78
45484;2832;7,89
45485;2849;8,04
45486;2869;8,22
45487;2889;8,43
45488;2755;8,29
45489;2821;8,32
45490;2821;8,35
45491;2778;8,27
45492;2745;8,12
45493;2759;8,01
45494;2816;8,06
45495;2877;8,26
45496;2749;8,12
45497;2770;8,04
45498;2777;7,99
45499;2725;7,81
45510;2746;7,70
45511;2767;7,66
45512;2795;7,69
45513;2850;7,86
45514;2747;7,75
45515;2757;7,68
45516;2752;7,60
45517;2753;7,53
45518;2782;7,54
45519;2773;7,53
45520;2779;7,54
45521;2764;7,50
45522;2786;7,53
45523;2762;7,49
45524;2773;7,48
45525;2763;7,45
45526;2826;7,58
45527;2787;7,60
45528;2813;7,69
45529;2805;7,74
45530;2784;7,74
45531;2805;7,79
45543;2759;7,71
45544;2767;7,67
45545;2870;7,89
45546;2768;7,83
45547;2768;7,78
45548;2927;8,13
45549;2766;8,04
45550;2778;7,99
45551;2773;7,94
45552;2768;7,87
45553;2762;7,80
45554;2768;7,75
45555;2768;7,71
45556;2768;7,66
45557;2775;7,65
45558;2768;7,61
45559;2755;7,55
45560;2818;7,65
45561;2768;7,61
45562;2773;7,59
45563;2762;7,55
45564;2795;7,59
45575;2762;7,55
45576;2791;7,58
45577;2849;7,76
45578;2783;7,75
45579;2854;7,92
45580;2826;8,01
45581;2833;8,10
45582;2832;8,18
45583;2778;8,12
45584;2777;8,06
45585;2941;8,42
45586;2832;8,47
45587;2774;8,37
45588;2768;8,26
45589;2771;8,17
45590;2774;8,10
45591;2779;8,05
45592;2861;8,21
45593;2789;8,17
45594;2819;8,21
45595;2784;8,16
45596;2920;8,46
45607;2789;8,40
45608;2813;8,40
45609;2846;8,49
45610;2794;8,43
45611;2769;8,32
45612;2768;8,22
45613;2813;8,24
45614;2816;8,27
45615;2767;8,17
45616;2769;8,08
45617;2870;8,26
45618;2768;8,17
45619;2788;8,13
45620;2767;8,05
45621;2778;8,00
45622;2808;8,03
45623;2875;8,22
45624;2873;8,40
45625;2800;8,37
45626;2769;8,26
45627;2785;8,21
45628;2763;8,11
45640;2802;8,11
45641;2847;8,23
45642;2810;8,24
45643;2915;8,52
45644;2791;8,46
45645;2779;8,37
45646;2785;8,30
45647;2832;8,37
45648;2778;8,28
45649;2776;8,21
45650;2799;8,19
45651;2786;8,15
45652;2787;8,11
45653;2819;8,16
45654;2864;8,32
45655;2786;8,26
45656;2790;8,22
45657;2915;8,50
45658;2798;8,46
45659;2787;8,39
45660;2822;8,42
45661;2779;8,33
45672;2775;8,25
45673;2826;8,30
45674;2822;8,33
45675;2782;8,27
45676;2788;8,22
45677;2778;8,15
45678;2853;8,28
45679;2819;8,31
45680;2786;8,26
45681;2785;8,20
45682;2800;8,19
45683;2816;8,23
45684;2791;8,19
45685;2800;8,18
45686;2796;8,17
45687;2789;8,13
45688;2880;8,33
45689;2785;8,27
45690;2784;8,21
45691;2803;8,21
45692;2797;8,19
45693;2834;8,27
45704;2832;8,34
45705;2819;8,36
45706;2870;8,51
45707;2818;8,52
45708;2832;8,56
45709;2798;8,51
45710;2835;8,56
45711;2797;8,50
45712;2813;8,50
45713;2846;8,57
45714;2799;8,52
45715;2912;8,77
45716;2799;8,70
45717;2837;8,73
45718;2811;8,70
45719;2814;8,67
45720;2832;8,70
45721;2843;8,75
45722;2854;8,82
45723;2799;8,75
45724;2818;8,73
45725;2800;8,67
45736;2932;8,94
45737;2815;8,90
45738;2800;8,82
45739;2903;9,01
45740;2816;8,96
45741;2810;8,90
45742;2917;9,12
45743;2813;9,05
45744;2894;9,19
45745;2802;9,09
45746;2832;9,07
45747;2829;9,05
45748;2911;9,24
45749;2821;9,18
45750;2812;9,10
45751;2819;9,05
45752;2862;9,11
45753;2913;9,30
45754;2944;9,54
45755;2867;9,57
45756;2813;9,45
45757;2848;9,44
45769;2819;9,36
45770;2834;9,32
45771;2930;9,53
45772;2839;9,48
45773;2814;9,38
45774;2932;9,59
45775;2863;9,60
45776;2833;9,53
45777;2827;9,46
45778;2835;9,41
45779;2835;9,37
45780;2864;9,41
45781;2875;9,47
45782;2848;9,45
45783;2847;9,44
45784;2914;9,59
45785;2880;9,65
45786;2849;9,62
45787;2858;9,61
45788;2864;9,62
45789;2858;9,62
45790;2849;9,59
45801;2882;9,65
45802;2906;9,76
45803;2902;9,86
45804;2899;9,93
45805;2891;9,98
45806;2929;10,12
45807;2887;10,14
45808;2883;10,14
45809;2903;10,20
45810;2890;10,22
45811;2914;10,30
45812;2887;10,30
45813;2884;10,29
45814;2898;10,32
45815;2891;10,33
45816;2941;10,46
45817;2899;10,48
45818;2896;10,49
45819;2903;10,51
45820;2896;10,51
45831;2977;10,72
45832;2907;10,73
45833;2919;10,77
45834;2915;10,79
45835;2955;10,92
45836;2960;11,04
45837;2954;11,14
45838;2923;11,14
45839;2947;11,21
45840;2963;11,31
45841;2967;11,42
45842;2924;11,40
45843;2928;11,39
45844;2953;11,45
45845;2945;11,48
45846;2926;11,47
45847;2930;11,46
45848;2929;11,45
45859;2925;11,43
45860;2949;11,48
45861;2953;11,53
45862;2929;11,51
45863;2935;11,51
45864;2975;11,61
45865;2934;11,60
45866;2940;11,61
45867;2981;11,72
45868;2933;11,69
45869;2946;11,70
45870;2944;11,71
45871;2945;11,71
45872;2950;11,73
45873;2934;11,71
45874;3009;11,88
45875;2992;11,99
45876;2945;11,97
45877;2949;11,96
45888;2969;12,00
45889;2933;11,95
45890;2934;11,90
45891;2976;11,97
45892;2958;11,98
45893;2987;12,07
45894;3067;12,35
45895;2974;12,36
45896;2985;12,41
45897;2947;12,35
45898;2935;12,27
45899;2934;12,19
45900;2947;12,15
45901;2992;12,23
45902;2982;12,28
45903;3021;12,42
45904;3022;12,55
45905;2944;12,47
45917;2928;12,36
45918;2930;12,26
45919;2981;12,31
45920;2928;12,21
45921;2923;12,11
45922;2928;12,03
45923;2922;11,95
45924;2963;11,98
45925;2931;11,92
45926;2931;11,87
45927;2960;11,90
45928;2922;11,83
45929;2921;11,76
45930;2928;11,72
45931;2922;11,67
45932;3017;11,86
45933;2922;11,80
45934;2913;11,71
45935;2977;11,80
45946;2983;11,89
45947;2914;11,80
45948;2963;11,85
45949;3024;12,04
45950;2995;12,14
45951;3056;12,38
45952;2922;12,27
45953;2961;12,26
45954;3178;12,80
45955;3071;13,01
45956;2910;12,80
45957;2922;12,64
45958;2912;12,47
45959;2966;12,46
45960;2911;12,30
45961;2931;12,21
45962;2930;12,13
45963;2927;12,05
45974;2896;11,90
45975;2938;11,87
45976;3008;12,02
45977;2891;11,86
45978;2906;11,75
45979;2941;11,74
45980;2910;11,66
45981;2979;11,76
45982;3013;11,93
45983;2887;11,77
45984;2891;11,63
45985;2895;11,52
45986;2919;11,48
45987;2953;11,53
45988;2911;11,47
45989;3079;11,84
45990;2891;11,70
45991;3023;11,90
45992;2919;11,82
46003;2922;11,76
46004;2908;11,67
46005;2937;11,66
46006;2898;11,55
46007;2902;11,47
46008;2944;11,49
46009;2899;11,41
46010;2935;11,42
46011;3120;11,90
46012;2915;11,81
46013;2890;11,67
46014;2891;11,54
46015;2913;11,48
46016;2885;11,36
46017;2889;11,26
46018;3136;11,80
46019;2918;11,72
46020;2864;11,53
46032;2867;11,35
46033;2869;11,20
46034;2876;11,09
46035;2878;10,99
46036;2876;10,89
46037;2875;10,80
46038;2878;10,73
46039;2879;10,67
46040;2873;10,60
46041;2879;10,55
46042;2885;10,52
46043;2891;10,51
46044;2893;10,50
46045;2896;10,51
46046;2896;10,51
46047;2897;10,51
46048;2899;10,52
46049;2898;10,53
46050;2896;10,53
46061;2883;10,50
46062;2945;10,63
46063;2883;10,58
46064;2891;10,57
46065;2882;10,53
46066;2976;10,73
46067;2882;10,68
46068;2887;10,64
46069;2881;10,59
46070;2895;10,58
46071;2877;10,53
46072;2864;10,45
46073;2928;10,54
46074;3002;10,81
46075;2915;10,83
46076;2962;10,97
46077;2869;10,86
46078;2871;10,76
46089;2864;10,66
46090;2913;10,69
46091;2899;10,68
46092;2953;10,81
46093;2871;10,72
46094;2877;10,65
46095;2989;10,88
46096;2911;10,88
46097;2846;10,72
46098;2863;10,62
46099;2862;10,52
46100;2849;10,41
46101;2859;10,33
46102;2861;10,26
46103;2867;10,21
46104;2981;10,46
46105;2867;10,39
46106;3024;10,73
46107;2879;10,67
46118;2919;10,71
46119;2877;10,65
46120;2950;10,77
46121;2897;10,75
46122;2891;10,72
46123;2879;10,66
46124;2965;10,82
46125;2879;10,75
46126;2864;10,65
46127;2986;10,86
46128;2990;11,07
46129;2901;11,03
46130;2874;10,92
46131;2928;10,97
46132;2928;11,00
46133;2875;10,90
46134;2996;11,12
46135;2884;11,03
46146;2859;10,89
46147;2850;10,74
46148;2848;10,60
46149;2878;10,54
46150;2856;10,44
46151;2863;10,37
46152;2843;10,25
46153;2883;10,25
46154;2858;10,18
46155;2859;10,12
46156;2860;10,07
46157;2845;9,99
46158;3110;10,59
46159;2963;10,75
46160;2879;10,69
46161;2966;10,85
46162;2870;10,75
46163;2895;10,73
46164;2864;10,63
46176;2866;10,54
46177;2880;10,50
46178;2911;10,54
46179;2913;10,58
46180;2944;10,70
46181;2944;10,81
46182;2879;10,74
46183;2896;10,72
46184;2864;10,62
46185;2864;10,53
46186;2887;10,51
46187;2861;10,42
46188;2857;10,33
46189;2864;10,27
46190;2860;10,21
46191;2993;10,49
46192;2867;10,42
46193;2991;10,67
46204;2858;10,56
46205;2877;10,51
46206;2863;10,43
46207;2867;10,37
46208;2865;10,31
46209;2883;10,30
46210;2890;10,30
46211;2841;10,19
46212;2860;10,13
46213;2846;10,05
46214;2855;9,99
46215;2913;10,09
46216;2957;10,29
46217;2839;10,17
46218;2853;10,10
46219;2854;10,03
46220;2913;10,13
46221;2870;10,10
46222;2851;10,03
46233;2928;10,16
46234;2847;10,08
46235;2864;10,04
46236;2896;10,09
46237;2854;10,03
46238;2844;9,95
46239;2853;9,90
46240;2861;9,87
46241;2855;9,84
46242;2859;9,81
46243;2891;9,87
46244;2853;9,83
46245;2868;9,83
46246;2832;9,74
46247;2864;9,74
46248;2851;9,70
46249;2841;9,65
46250;2854;9,63
46251;2896;9,72
46252;2847;9,68
46253;2891;9,75
46264;2862;9,74
46265;2833;9,66
46266;2926;9,83
46267;2854;9,79
46268;2867;9,79
46269;2895;9,86
46270;2849;9,81
46271;2859;9,79
46272;2891;9,85
46273;2832;9,76
46274;2863;9,75
46275;2839;9,69
46276;2848;9,65
46277;2842;9,60
46278;2833;9,54
46279;2835;9,48
46280;2936;9,69
46281;2836;9,62
46282;2857;9,61
46283;2831;9,54
46284;2901;9,65
46285;2909;9,78
46297;2864;9,77
46298;2871;9,78
46299;2890;9,84
46300;2855;9,81
46301;2891;9,87
46302;2866;9,86
46303;2879;9,89
46304;2900;9,96
46305;2885;9,99
46306;2843;9,91
46307;2860;9,88
46308;2832;9,79
46309;2848;9,74
46310;2848;9,70
46311;2864;9,70
46312;2928;9,86
46313;2913;9,98
46314;2847;9,91
46315;2843;9,84
46316;2858;9,81
46317;2832;9,72
46318;2954;9,95
46329;2827;9,83
46330;2829;9,73
46331;2855;9,71
46332;2827;9,62
46333;2839;9,57
46334;2827;9,49
46335;2833;9,43
46336;2878;9,50
46337;2884;9,57
46338;2817;9,47
46339;2907;9,60
46340;2945;9,82
46341;2827;9,72
46342;2817;9,60
46343;2854;9,59
46344;2874;9,63
46345;2826;9,54
46346;2830;9,47
46347;2858;9,48
46348;2823;9,40
46349;2858;9,42
46350;2832;9,37
46361;2855;9,38
46362;2823;9,31
46363;2825;9,26
46364;2880;9,34
46365;2896;9,46
46366;2825;9,39
46367;2838;9,36
46368;2822;9,29
46369;2877;9,37
46370;2815;9,28
46371;2881;9,37
46372;2888;9,46
46373;2857;9,47
46374;2830;9,41
46375;2864;9,44
46376;2820;9,36
46377;2819;9,28
46378;2820;9,22
46379;2854;9,24
46380;2887;9,35
46381;2831;9,30
46392;2826;9,25
46393;2930;9,46
46394;2902;9,59
46395;2917;9,73
46396;2858;9,72
46397;2847;9,68
46398;2847;9,64
46399;2878;9,68
46400;2835;9,61
46401;2845;9,58
46402;2862;9,59
46403;2846;9,56
46404;2928;9,73
46405;2939;9,92
46406;2842;9,85
46407;2866;9,84
46408;2905;9,93
46409;2845;9,86
46410;2835;9,78
46411;2895;9,85
46412;2845;9,79
46413;2938;9,97
46424;2831;9,86
46425;2841;9,79
46426;2815;9,66
46427;2855;9,64
46428;2826;9,56
46429;2801;9,41
46430;2818;9,33
46431;2806;9,22
46432;2883;9,32
46433;2800;9,20
46434;2790;9,06
46435;2809;8,99
46436;2803;8,91
46437;2796;8,82
46438;2841;8,85
46439;2810;8,80
46440;2828;8,80
46441;2834;8,82
46442;2832;8,83
46443;2839;8,86
46444;2816;8,82
46445;2809;8,77
46457;2846;8,82
46458;2833;8,84
46459;2869;8,94
46460;2843;8,96
46461;2835;8,97
46462;2846;9,00
46463;2855;9,05
46464;2852;9,08
46465;2841;9,09
46466;2896;9,24
46467;2832;9,20
46468;2843;9,20
46469;2889;9,32
46470;2832;9,28
46471;2842;9,27
46472;2841;9,25
46473;2842;9,25
46474;2846;9,25
46475;2839;9,23
46476;2832;9,20
46477;2834;9,18
46478;2848;9,19
46489;2864;9,25
46490;2837;9,23
46491;2843;9,22
46492;2861;9,27
46493;2843;9,26
46494;2864;9,31
46495;2816;9,23
46496;2838;9,21
46497;2814;9,14
46498;2831;9,11
46499;2853;9,14
46500;2801;9,04
46501;2817;8,99
46502;2817;8,95
46503;2822;8,92
46504;2813;8,87
46505;2857;8,94
46506;2800;8,86
46507;2818;8,83
46508;2815;8,79
46509;2806;8,74
46510;2858;8,82
46521;2827;8,82
46522;2843;8,86
46523;2846;8,90
46524;2814;8,85
46525;2808;8,80
46526;2851;8,86
46527;2893;9,02
46528;2855;9,07
46529;2929;9,30
46530;2815;9,22
46531;2897;9,35
46532;2823;9,29
46533;2929;9,49
46534;2816;9,40
46535;2816;9,31
46536;2843;9,30
46537;2854;9,31
46538;2816;9,23
46539;2816;9,16
46540;2829;9,13
46541;2864;9,19
46542;2896;9,32
46553;2821;9,26
46554;2851;9,27
46555;2825;9,22
46556;2814;9,14
46557;2827;9,11
46558;2966;9,43
46559;2893;9,53
46560;2823;9,45
46561;2839;9,41
46562;2812;9,31
46563;2839;9,29
46564;2897;9,42
46565;2864;9,45
46566;2821;9,37
46567;2867;9,41
46568;2814;9,32
46569;2990;9,68
46570;2816;9,56
46571;2822;9,47
46572;2887;9,55
46573;2858;9,56
46574;2811;9,44
46586;2818;9,35
46587;2821;9,28
46588;2822;9,22
46589;2819;9,16
46590;2847;9,17
46591;2819;9,11
46592;2820;9,06
46593;2821;9,02
46594;2817;8,97
46595;2815;8,92
46596;2879;9,04
46597;2811;8,98
46598;2825;8,95
46599;2803;8,87
46600;2805;8,81
46601;2821;8,79
46602;2813;8,76
46603;2802;8,70
46604;2806;8,65
46605;2821;8,65
46606;2810;8,62
46607;2800;8,57
46618;2811;8,55
46619;2835;8,60
46620;2875;8,74
46621;2826;8,74
46622;2853;8,81
46623;2821;8,79
46624;2943;9,09
46625;2822;9,04
46626;2830;9,03
46627;2817;8,98
46628;2823;8,95
46629;2855;9,00
46630;2921;9,22
46631;2847;9,23
46632;2826;9,18
46633;2837;9,17
46634;2823;9,12
46635;2826;9,08
46636;2827;9,06
46637;2831;9,04
46638;2843;9,05
46639;2889;9,19
46650;2890;9,31
46651;2880;9,39
46652;2837;9,35
46653;2825;9,29
46654;2816;9,21
46655;2827;9,17
46656;2821;9,12
46657;2879;9,22
46658;2817;9,15
46659;2928;9,37
46660;2820;9,29
46661;2896;9,42
46662;2950;9,67
46663;2826;9,58
46664;2816;9,47
46665;2829;9,41
46666;2877;9,47
46667;2821;9,39
46668;2819;9,31
46669;2846;9,30
46670;2816;9,23
46671;2805;9,13
46682;2919;9,33
46683;2822;9,26
46684;2819;9,19
46685;2814;9,12
46686;2799;9,02
46687;2799;8,92
46688;2832;8,92
46689;2880;9,04
46690;2800;8,95
46691;2871;9,04
46692;2799;8,95
46693;2811;8,89
46694;2896;9,06
46695;2866;9,13
46696;2814;9,06
46697;2801;8,97
46698;2831;8,96
46699;2901;9,13
46700;2800;9,03
46701;2793;8,92
46702;2795;8,83
46703;2817;8,80
46715;2939;9,08
46716;2813;9,01
46717;2896;9,17
46718;2807;9,08
46719;2913;9,27
46720;2809;9,17
46721;2897;9,31
46722;2807;9,21
46723;2806;9,12
46724;2880;9,22
46725;2805;9,12
46726;2805;9,03
46727;2882;9,15
46728;2809;9,06
46729;2927;9,29
46730;2885;9,39
46731;2899;9,51
46732;2901;9,62
46733;2818;9,52
46734;2800;9,38
46735;2811;9,28
46736;2917;9,46
46747;2816;9,36
46748;2818;9,28
46749;2878;9,36
46750;2818;9,28
46751;2902;9,42
46752;2815;9,33
46753;2827;9,28
46754;2832;9,24
46755;2822;9,18
46756;2813;9,11
46757;2829;9,08
46758;2979;9,44
46759;2864;9,47
46760;2823;9,39
46761;2833;9,34
46762;2879;9,42
46763;2935;9,63
46764;2951;9,86
46765;2823;9,74
46766;2845;9,69
46767;2833;9,62
46768;2832;9,55
46779;2815;9,44
46780;2844;9,42
46781;2853;9,42
46782;2822;9,35
46783;2807;9,24
46784;2822;9,18
46785;2811;9,10
46786;2875;9,19
46787;2829;9,16
46788;2823;9,11
46789;2836;9,10
46790;2817;9,05
46791;2845;9,07
46792;2820;9,02
46793;2818;8,97
46794;2919;9,19
46795;2826;9,15
46796;2889;9,27
46797;2800;9,15
46798;2807;9,07
46799;2832;9,05
46800;2915;9,25
46811;2809;9,16
46812;2814;9,09
46813;2812;9,02
46814;2804;8,94
46815;2795;8,84
46816;2806;8,78
46817;2907;8,99
46818;2866;9,07
46819;2799;8,97
46820;2810;8,91
46821;2818;8,87
46822;2806;8,81
46823;2838;8,84
46824;2803;8,77
46825;2805;8,72
46826;2928;8,98
46827;2847;9,01
46828;2800;8,92
46829;2828;8,91
46830;2807;8,85
46831;2819;8,82
46832;2825;8,81
46844;2826;8,81
46845;2833;8,82
46846;2809;8,77
46847;2875;8,90
46848;2826;8,88
46849;2806;8,82
46850;2813;8,78
46851;2880;8,92
46852;2807;8,85
46853;2815;8,82
46854;2793;8,73
46855;2813;8,70
46856;2838;8,74
46857;2800;8,67
46858;2836;8,71
46859;2800;8,65
46860;2778;8,54
46861;2832;8,58
46862;2798;8,52
46863;2795;8,47
46864;2799;8,43
46865;2794;8,38
46876;2762;8,26
46877;2765;8,16
46878;2822;8,21
46879;2764;8,11
46880;2756;7,99
46881;2795;7,99
46882;2805;8,02
46883;2767;7,94
46884;2777;7,90
46885;2765;7,83
46886;2790;7,84
46887;2767;7,78
46888;2782;7,77
46889;2820;7,85
46890;2770;7,80
46891;2793;7,81
46892;2805;7,86
46893;2770;7,80
46894;2861;7,99
46895;2769;7,92
46896;2791;7,92
46897;2791;7,91
46908;2783;7,89
46909;2800;7,91
46910;2827;8,00
46911;2787;7,98
46912;2784;7,95
46913;2779;7,91
46914;2781;7,88
46915;2827;7,98
46916;2835;8,08
46917;2815;8,12
46918;2800;8,12
46919;2782;8,07
46920;2871;8,25
46921;2823;8,30
46922;2774;8,21
46923;2800;8,20
46924;2768;8,11
46925;2775;8,05
46926;2779;8,00
46927;2779;7,96
46928;2779;7,92
46929;2772;7,87
46940;2763;7,80
46941;2819;7,88
46942;2768;7,82
46943;2898;8,10
46944;2800;8,10
46945;2764;8,01
46946;2747;7,88
46947;2800;7,91
46948;2910;8,20
46949;2753;8,08
46950;2779;8,03
46951;2755;7,92
46952;2759;7,83
46953;2897;8,11
46954;2763;8,01
46955;2757;7,91
46956;2754;7,82
46957;2873;8,03
46958;2752;7,92
46959;2754;7,82
46960;2842;7,95
46961;2755;7,86
46973;2770;7,81
46974;2762;7,74
46975;2767;7,69
46976;2768;7,65
46977;2783;7,66
46978;2768;7,62
46979;2790;7,64
46980;2804;7,70
46981;2778;7,68
46982;2800;7,73
46983;2784;7,72
46984;2799;7,76
46985;2893;8,03
46986;2751;7,91
46987;2773;7,87
46988;2779;7,84
46989;2801;7,87
46990;2768;7,81
46991;2759;7,74
46992;2754;7,66
46993;2786;7,67
46994;2745;7,57
47005;2729;7,44
47006;2743;7,37
47007;2805;7,45
47008;2864;7,68
47009;2725;7,53
47010;2733;7,42
47011;2738;7,33
47012;2771;7,34
47013;2866;7,58
47014;2798;7,63
47015;2734;7,51
47016;2737;7,41
47017;2733;7,31
47018;2787;7,36
47019;2864;7,59
47020;2768;7,56
47021;2735;7,45
47022;2734;7,35
47023;2736;7,27
47024;2736;7,19
47025;2742;7,13
47026;2806;7,25
47037;2745;7,19
47038;2817;7,33
47039;2768;7,32
47040;2793;7,38
47041;2768;7,38
47042;2743;7,31
47043;2768;7,30
47044;2725;7,19
47045;2769;7,21
47046;2735;7,13
47047;2736;7,07
47048;2779;7,12
47049;2743;7,07
47050;2727;6,99
47051;2735;6,94
47052;2733;6,89
47053;2735;6,84
47054;2719;6,77
47055;2729;6,72
47056;2737;6,70
47057;2791;6,82
47058;2727;6,76
47070;2836;6,99
47071;2721;6,90
47072;2788;6,99
47073;2706;6,86
47074;2720;6,79
47075;2720;6,72
47076;2767;6,77
47077;2717;6,69
47078;2722;6,64
47079;2717;6,58
47080;2768;6,65
47081;2723;6,60
47082;2807;6,77
47083;2719;6,70
47084;2736;6,68
47085;2789;6,79
47086;2710;6,69
47087;2731;6,66
47088;2736;6,64
47089;2734;6,62
47090;2714;6,55
47091;2725;6,52
47102;2731;6,50
47103;2735;6,50
47104;2752;6,54
47105;2727;6,51
47106;2751;6,55
47107;2727;6,52
47108;2721;6,48
47109;2743;6,50
47110;2736;6,50
47111;2746;6,52
47112;2762;6,58
47113;2775;6,67
47114;2725;6,63
47115;2741;6,62
47116;2766;6,69
47117;2764;6,74
47118;2721;6,67
47119;2733;6,65
47120;2719;6,59
47121;2758;6,63
47122;2733;6,61
47123;2716;6,55
47134;2787;6,67
47135;2802;6,82
47136;2716;6,74
47137;2768;6,79
47138;2709;6,69
47139;2730;6,66
47140;2720;6,60
47141;2723;6,56
47142;2826;6,78
47143;2809;6,93
47144;2779;7,00
47145;2777;7,05
47146;2723;6,96
47147;2711;6,85
47148;2731;6,80
47149;2734;6,77
47150;2722;6,70
47151;2726;6,66
47152;2711;6,58
47153;2815;6,77
47154;2735;6,74
47155;2715;6,66
47166;2782;6,76
47167;2731;6,72
47168;2737;6,70
47169;2737;6,68
47170;2787;6,79
47171;2772;6,85
47172;2739;6,82
47173;2837;7,04
47174;2736;6,99
47175;2857;7,24
47176;2755;7,22
47177;2766;7,22
47178;2832;7,39
47179;2753;7,34
47180;2768;7,34
47181;2741;7,27
47182;2777;7,29
47183;2853;7,51
47184;2749;7,44
47185;2805;7,52
47186;2822;7,63
47187;2928;8,00
47199;2717;7,80
47200;2718;7,63
47201;2711;7,45
47202;2719;7,31
47203;2715;7,18
47204;2715;7,05
47205;2721;6,96
47206;2715;6,86
47207;2715;6,77
47208;2717;6,69
47209;2710;6,61
47210;2706;6,52
47211;2714;6,46
47212;2719;6,42
47213;2714;6,37
47214;2714;6,33
47215;2719;6,30
47216;2719;6,28
47217;2713;6,24
47218;2745;6,29
47219;2706;6,23
47220;2729;6,24
47231;2745;6,29
47232;2765;6,38
47233;2821;6,61
47234;2738;6,60
47235;2741;6,60
47236;2736;6,59
47237;2799;6,74
47238;2777;6,82
47239;2736;6,78
47240;2737;6,76
47241;2746;6,76
47242;2805;6,90
47243;2784;6,98
47244;2741;6,95
47245;2751;6,94
47246;2782;7,01
47247;2748;6,99
47248;2922;7,41
47249;2728;7,30
47250;2744;7,24
47251;2736;7,16
47252;2738;7,10
47263;2781;7,15
47264;2787;7,21
47265;2755;7,19
47266;2735;7,12
47267;2767;7,13
47268;2795;7,22
47269;2768;7,23
47270;2770;7,24
47271;2814;7,36
47272;2738;7,28
47273;2800;7,36
47274;2753;7,32
47275;2855;7,53
47276;2755;7,48
47277;2769;7,46
47278;2795;7,51
47279;2877;7,77
47280;2864;7,96
47281;2745;7,84
47282;2731;7,69
47283;2768;7,65
47284;2780;7,65
47295;2811;7,72
47296;2751;7,64
47297;2768;7,60
47298;2864;7,81
47299;2737;7,68
47300;2741;7,58
47301;2752;7,51
47302;2754;7,45
47303;2739;7,36
47304;2768;7,36
47305;2835;7,52
47306;2841;7,68
47307;2734;7,56
47308;2739;7,46
47309;2745;7,38
47310;2736;7,29
47311;2748;7,24
47312;2791;7,31
47313;2777;7,33
47314;2737;7,25
47315;2753;7,22
47316;2845;7,42
47328;2713;7,27
47329;2702;7,10
47330;2706;6,97
47331;2704;6,84
47332;2706;6,73
47333;2711;6,64
47334;2705;6,55
47335;2704;6,46
47336;2704;6,38
47337;2705;6,31
47338;2704;6,25
47339;2704;6,19
47340;2708;6,15
47341;2707;6,11
47342;2706;6,07
47343;2708;6,04
47344;2705;6,01
47345;2714;6,00
47346;2712;5,99
47347;2717;5,99
47348;2715;5,99
47349;2713;5,98
47360;2863;6,35
47361;2754;6,41
47362;2887;6,80
47363;2832;7,01
47364;2749;6,99
47365;2758;7,00
47366;2771;7,04
47367;2864;7,30
47368;2826;7,45
47369;2750;7,39
47370;2754;7,35
47371;2794;7,41
47372;2892;7,71
47373;2811;7,78
47374;2736;7,65
47375;2757;7,59
47376;2731;7,46
47377;2860;7,68
47378;2779;7,67
47379;2751;7,59
47380;2755;7,53
47381;2723;7,39
47392;2707;7,23
47393;2738;7,16
47394;2725;7,06
47395;2734;7,00
47396;2699;6,86
47397;2789;6,95
47398;2735;6,90
47399;2778;6,97
47400;2705;6,84
47401;2754;6,85
47402;2710;6,75
47403;2755;6,77
47404;2827;6,97
47405;2834;7,17
47406;2758;7,16
47407;2739;7,10
47408;2736;7,04
47409;2749;7,02
47410;2769;7,05
47411;2733;6,98
47412;2790;7,07
47413;2710;6,95
47424;2746;6,93
47425;2752;6,92
47426;2831;7,12
47427;2774;7,15
47428;2752;7,13
47429;2768;7,14
47430;2768;7,16
47431;2797;7,25
47432;2765;7,24
47433;2762;7,23
47434;2828;7,39
47435;2803;7,47
47436;2846;7,65
47437;2761;7,60
47438;2753;7,53
47439;2786;7,55
47440;2850;7,73
47441;2881;7,98
47442;2766;7,90
47443;2743;7,78
47444;2768;7,73
47445;2747;7,64
47457;2800;7,68
47458;2800;7,72
47459;2720;7,56
47460;2789;7,59
47461;2802;7,64
47462;2738;7,53
47463;2795;7,58
47464;2747;7,50
47465;2785;7,52
47466;2762;7,48
47467;2800;7,55
47468;2795;7,59
47469;2797;7,63
47470;2787;7,65
47471;2803;7,70
47472;2791;7,72
47473;2766;7,67
47474;2742;7,57
47475;2781;7,57
47476;2799;7,63
47477;2752;7,55
47478;2799;7,60
47489;2803;7,66
47490;2774;7,64
47491;2813;7,72
47492;2855;7,90
47493;2759;7,82
47494;2772;7,77
47495;2758;7,70
47496;2943;8,10
47497;2825;8,17
47498;2768;8,08
47499;2769;8,00
47500;2797;8,01
47501;2801;8,02
47502;2769;7,95
47503;2815;8,00
47504;2763;7,92
47505;2812;7,97
47506;2901;8,24
47507;2769;8,15
47508;2770;8,07
47509;2758;7,97
47510;2842;8,09
47521;2736;7,93
47522;2765;7,86
47523;2757;7,77
47524;2736;7,64
47525;2720;7,49
47526;2727;7,36
47527;2796;7,43
47528;2730;7,32
47529;2889;7,62
47530;2765;7,58
47531;2726;7,45
47532;2814;7,55
47533;2786;7,57
47534;2725;7,43
47535;2712;7,28
47536;2727;7,18
47537;2723;7,08
47538;2715;6,96
47539;2720;6,88
47540;2743;6,85
47541;2746;6,84
47542;2721;6,77
47553;2763;6,81
47554;2756;6,83
47555;2938;7,31
47556;2766;7,30
47557;2747;7,25
47558;2768;7,25
47559;2774;7,27
47560;2819;7,40
47561;2805;7,49
47562;2803;7,56
47563;2768;7,53
47564;2839;7,69
47565;2822;7,78
47566;2835;7,90
47567;2761;7,83
47568;2871;8,03
47569;2795;8,03
47570;2777;7,98
47571;2768;7,91
47572;2782;7,88
47573;2815;7,94
47574;2849;8,08
47586;2821;8,14
47587;2863;8,30
47588;2800;8,28
47589;2816;8,30
47590;2749;8,15
47591;2736;7,99
47592;2802;8,00
47593;2849;8,14
47594;2714;7,92
47595;2857;8,08
47596;2738;7,93
47597;2736;7,78
47598;2854;7,95
47599;2866;8,13
47600;2791;8,11
47601;2839;8,21
47602;2854;8,33
47603;2790;8,29
47604;2786;8,23
47605;2769;8,14
47606;2794;8,12
47607;2733;7,95
47618;2733;7,80
47619;2817;7,87
47620;2928;8,22
47621;2731;8,03
47622;2738;7,88
47623;2738;7,75
47624;2759;7,68
47625;2925;8,04
47626;2739;7,89
47627;2741;7,76
47628;2739;7,64
47629;2757;7,58
47630;2745;7,50
47631;2747;7,42
47632;2739;7,34
47633;2749;7,28
47634;2747;7,23
47635;2891;7,55
47636;2788;7,58
47637;2749;7,50
47638;2765;7,47
47639;2746;7,40
47650;2761;7,37
47651;2767;7,36
47652;2775;7,37
47653;2753;7,33
47654;2743;7,26
47655;2750;7,22
47656;2797;7,30
47657;2759;7,28
47658;2811;7,39
47659;2747;7,33
47660;2755;7,29
47661;2774;7,31
47662;2795;7,37
47663;2742;7,30
47664;2773;7,31
47665;2745;7,25
47666;2736;7,18
47667;2886;7,49
47668;2742;7,40
47669;2752;7,35
47670;2771;7,35
47671;2738;7,27
47682;2750;7,23
47683;2768;7,24
47684;2770;7,25
47685;2775;7,27
47686;2821;7,41
47687;2736;7,31
47688;2754;7,28
47689;2810;7,39
47690;2743;7,31
47691;2739;7,24
47692;2738;7,17
47693;2803;7,27
47694;2752;7,23
47695;2923;7,63
47696;2735;7,51
47697;2749;7,44
47698;2731;7,34
47699;2753;7,29
47700;2777;7,32
47701;2755;7,28
47702;2797;7,36
47703;2960;7,84
47715;2780;7,81
47716;2883;8,05
47717;2795;8,05
47718;2781;8,00
47719;2787;7,98
47720;2798;7,99
47721;2800;8,00
47722;2800;8,01
47723;2864;8,18
47724;2765;8,09
47725;2880;8,29
47726;2759;8,17
47727;2794;8,15
47728;2768;8,06
47729;2809;8,09
47730;2790;8,07
47731;2757;7,96
47732;2780;7,93
47733;2858;8,09
47734;2774;8,03
47735;2777;7,98
47736;2782;7,94
47747;2763;7,87
47748;2758;7,78
47749;2749;7,69
47750;2722;7,53
47751;2736;7,43
47752;2719;7,29
47753;2737;7,21
47754;2783;7,26
47755;2722;7,15
47756;2720;7,04
47757;2753;7,03
47758;2763;7,04
47759;2725;6,96
47760;2729;6,89
47761;2779;6,96
47762;2735;6,91
47763;2773;6,96
47764;2725;6,89
47765;2743;6,87
47766;2735;6,83
47767;2751;6,83
47768;2736;6,80
47779;2750;6,80
47780;2749;6,80
47781;2802;6,94
47782;2761;6,96
47783;2757;6,96
47784;2799;7,07
47785;2747;7,04
47786;2762;7,05
47787;2745;7,02
47788;2818;7,17
47789;2757;7,16
47790;2795;7,24
47791;2803;7,34
47792;2787;7,38
47793;2759;7,35
47794;2781;7,38
47795;2752;7,33
47796;2871;7,59
47797;2747;7,50
47798;2768;7,48
47799;2758;7,44
47800;2835;7,59
47811;2806;7,66
47812;2751;7,58
47813;2759;7,53
47814;2755;7,47
47815;2746;7,40
47816;2767;7,39
47817;2849;7,58
47818;2796;7,63
47819;2851;7,80
47820;2814;7,87
47821;2789;7,87
47822;2844;8,00
47823;2833;8,09
47824;2755;7,98
47825;2753;7,88
47826;2761;7,80
47827;2745;7,69
47828;2771;7,66
47829;2769;7,63
47830;2752;7,55
47831;2785;7,57
47832;2743;7,48
47844;2742;7,40
47845;2753;7,35
47846;2743;7,28
47847;2751;7,24
47848;2751;7,20
47849;2751;7,17
47850;2746;7,13
47851;2763;7,13
47852;2753;7,11
47853;2754;7,09
47854;2749;7,06
47855;2752;7,05
47856;2753;7,03
47857;2748;7,01
47858;2748;6,99
47859;2779;7,05
47860;2755;7,04
47861;2761;7,05
47862;2757;7,04
47863;2795;7,14
47864;2737;7,08
47865;2751;7,05
47876;2746;7,02
47877;2759;7,03
47878;2785;7,10
47879;2752;7,08
47880;2749;7,05
47881;2758;7,05
47882;2847;7,28
47883;2803;7,37
47884;2750;7,31
47885;2827;7,46
47886;2789;7,50
47887;2768;7,48
47888;2800;7,54
47889;2896;7,84
47890;2748;7,74
47891;2747;7,64
47892;2821;7,74
47893;2823;7,83
47894;2742;7,71
47895;2743;7,61
47896;2847;7,78
47897;2787;7,78
47908;2751;7,69
47909;2746;7,59
47910;2762;7,55
47911;2797;7,60
47912;2739;7,49
47913;2746;7,42
47914;2800;7,49
47915;2811;7,58
47916;2736;7,47
47917;2736;7,37
47918;2739;7,29
47919;2771;7,30
47920;2786;7,34
47921;2733;7,25
47922;2737;7,18
47923;2832;7,35
47924;2773;7,36
47925;2848;7,55
47926;2751;7,49
47927;2740;7,40
47928;2738;7,31
47929;2774;7,32
47940;2774;7,34
47941;2882;7,62
47942;2801;7,67
47943;2774;7,65
47944;2815;7,73
47945;2750;7,64
47946;2775;7,63
47947;2815;7,71
47948;2829;7,83
47949;2748;7,72
47950;2758;7,65
47951;2752;7,58
47952;2807;7,65
47953;2754;7,58
47954;2765;7,54
47955;2811;7,63
47956;2797;7,67
47957;2773;7,64
47958;2909;7,97
47959;2767;7,90
47960;2809;7,94
47961;2767;7,87
47973;2752;7,78
47974;2753;7,69
47975;2759;7,63
47976;2766;7,59
47977;2757;7,53
47978;2800;7,59
47979;2751;7,52
47980;2746;7,44
47981;2749;7,38
47982;2741;7,30
47983;2749;7,25
47984;2751;7,21
47985;2740;7,15
47986;2739;7,09
47987;2766;7,11
47988;2736;7,05
47989;2746;7,02
47990;2738;6,97
47991;2742;6,94
47992;2752;6,93
47993;2736;6,89
47994;2735;6,84
48005;2818;7,02
48006;2735;6,96
48007;2773;7,01
48008;2802;7,12
48009;2772;7,15
48010;2768;7,16
48011;2783;7,22
48012;2800;7,30
48013;2768;7,30
48014;2751;7,26
48015;2811;7,37
48016;2799;7,44
48017;2798;7,51
48018;2771;7,49
48019;2761;7,45
48020;2877;7,71
48021;2794;7,74
48022;2777;7,72
48023;2818;7,80
48024;2789;7,80
48025;2867;8,00
48026;2799;8,01
48037;2773;7,95
48038;2846;8,09
48039;2817;8,13
48040;2851;8,26
48041;2755;8,13
48042;2752;8,00
48043;2768;7,93
48044;2786;7,92
48045;2753;7,82
48046;2765;7,76
48047;2795;7,78
48048;2778;7,76
48049;2865;7,96
48050;2758;7,86
48051;2759;7,79
48052;2864;7,98
48053;2781;7,94
48054;2811;7,99
48055;2759;7,90
48056;2770;7,84
48057;2752;7,75
48058;2746;7,65
48070;2736;7,53
48071;2785;7,55
48072;2759;7,50
48073;2849;7,69
48074;2738;7,57
48075;2755;7,51
48076;2843;7,68
48077;2750;7,60
48078;2807;7,66
48079;2743;7,56
48080;2815;7,66
48081;2827;7,77
48082;2752;7,68
48083;2737;7,57
48084;2745;7,48
48085;2747;7,41
48086;2768;7,40
48087;2801;7,47
48088;2749;7,41
48089;2736;7,31
48090;2747;7,26
48091;2801;7,35
48102;2739;7,27
48103;2764;7,26
48104;2763;7,25
48105;2764;7,25
48106;2765;7,24
48107;2767;7,25
48108;2774;7,27
48109;2756;7,24
48110;2776;7,27
48111;2765;7,26
48112;2765;7,26
48113;2779;7,29
48114;2759;7,27
48115;2765;7,26
48116;2771;7,27
48117;2767;7,27
48118;2918;7,66
48119;2755;7,59
48120;2782;7,59
48121;2768;7,56
48122;2770;7,54
48123;2814;7,63
48134;2848;7,80
48135;2789;7,81
48136;2797;7,83
48137;2783;7,81
48138;2756;7,73
48139;2767;7,69
48140;2802;7,73
48141;2836;7,86
48142;2800;7,89
48143;2796;7,90
48144;2815;7,96
48145;2761;7,87
48146;2753;7,78
48147;2749;7,68
48148;2779;7,67
48149;2755;7,60
48150;2791;7,63
48151;2833;7,76
48152;2783;7,75
48153;2809;7,81
48154;2757;7,73
48155;2798;7,76
48166;2767;7,71
48167;2767;7,67
48168;2781;7,67
48169;2830;7,79
48170;2763;7,72
48171;2831;7,84
48172;2777;7,81
48173;2770;7,76
48174;2765;7,71
48175;2762;7,65
48176;2829;7,77
48177;2755;7,69
48178;2897;7,98
48179;2795;7,98
48180;2768;7,91
48181;2800;7,93
48182;2750;7,82
48183;2813;7,88
48184;2768;7,82
48185;2768;7,77
48186;2787;7,77
48187;2749;7,68
48199;2743;7,58
48200;2783;7,59
48201;2768;7,56
48202;2771;7,54
48203;2736;7,43
48204;2736;7,34
48205;2743;7,27
48206;2749;7,23
48207;2742;7,17
48208;2733;7,09
48209;2740;7,04
48210;2753;7,03
48211;2737;6,98
48212;2767;7,01
48213;2749;6,99
48214;2759;7,00
48215;2750;6,98
48216;2736;6,93
48217;2767;6,97
48218;2784;7,04
48219;2782;7,10
48220;2794;7,19
48231;2761;7,18
48232;2759;7,17
48233;2832;7,34
48234;2823;7,48
48235;2763;7,45
48236;2783;7,47
48237;2860;7,69
48238;2768;7,65
48239;2768;7,61
48240;2790;7,64
48241;2757;7,57
48242;2863;7,79
48243;2759;7,72
48244;2835;7,84
48245;2753;7,75
48246;2768;7,71
48247;2864;7,91
48248;2871;8,11
48249;2775;8,04
48250;2777;7,99
48251;2801;8,01
48252;2864;8,18
48263;2752;8,05
48264;2782;8,01
48265;2759;7,92
48266;2867;8,10
48267;2782;8,06
48268;2775;8,00
48269;2787;7,98
48270;2859;8,14
48271;2768;8,06
48272;2827;8,13
48273;2773;8,06
48274;2805;8,08
48275;2818;8,13
48276;2764;8,03
48277;2781;7,99
48278;2825;8,07
48279;2768;7,99
48280;2800;8,00
48281;2768;7,93
48282;2779;7,90
48283;2779;7,86
48284;2811;7,92
48295;2858;8,08
48296;2781;8,04
48297;2809;8,07
48298;2771;8,00
48299;2771;7,93
48300;2770;7,88
48301;2826;7,96
48302;2825;8,04
48303;2774;7,98
48304;2763;7,90
48305;2787;7,89
48306;2822;7,97
48307;2819;8,03
48308;2768;7,96
48309;2811;8,00
48310;2777;7,95
48311;2769;7,89
48312;2767;7,83
48313;2839;7,95
48314;2789;7,94
48315;2800;7,96
48316;2769;7,89
48328;2759;7,81
48329;2754;7,73
48330;2768;7,68
48331;2765;7,64
48332;2771;7,61
48333;2766;7,57
48334;2759;7,52
48335;2767;7,50
48336;2764;7,47
48337;2769;7,45
48338;2768;7,44
48339;2768;7,42
48340;2768;7,41
48341;2775;7,42
48342;2770;7,41
48343;2762;7,38
48344;2767;7,37
48345;2777;7,39
48346;2768;7,38
48347;2774;7,39
48348;2769;7,38
48349;2779;7,40
48360;2800;7,47
48361;2837;7,63
48362;2815;7,71
48363;2863;7,91
48364;2803;7,94
48365;2814;7,99
48366;2860;8,15
48367;2867;8,32
48368;2965;8,72
48369;2837;8,75
48370;2826;8,75
48371;2896;8,93
48372;3002;9,36
48373;2962;9,64
48374;2832;9,57
48375;2914;9,71
48376;2889;9,78
48377;2959;10,01
48378;2822;9,88
48379;2848;9,82
48380;2868;9,82
48381;2883;9,86
48392;2845;9,80
48393;2843;9,74
48394;2893;9,81
48395;2842;9,75
48396;2961;9,99
48397;2926;10,12
48398;2865;10,08
48399;2861;10,04
48400;2849;9,97
48401;2863;9,94
48402;2854;9,90
48403;2902;9,98
48404;2865;9,95
48405;2907;10,04
48406;2916;10,14
48407;2922;10,25
48408;2866;10,20
48409;2951;10,37
48410;2869;10,32
48411;2896;10,34
48422;2926;10,44
48423;2919;10,51
48424;2905;10,53
48425;2962;10,70
48426;2898;10,69
48427;2930;10,76
48428;2977;10,94
48429;2911;10,94
48430;2931;10,99
48431;2921;11,01
48432;3024;11,28
48433;2928;11,29
48434;2890;11,20
48435;2914;11,18
48436;2915;11,16
48437;2926;11,17
48438;2970;11,30
48439;3054;11,62
48440;2935;11,61
48451;2928;11,59
48452;2939;11,59
48453;2928;11,57
48454;2932;11,55
48455;2947;11,58
48456;2978;11,68
48457;2926;11,64
48458;2959;11,69
48459;2930;11,66
48460;2944;11,67
48461;3057;11,97
48462;2937;11,93
48463;2943;11,91
48464;3007;12,05
48465;2935;12,00
48466;3007;12,13
48467;2997;12,23
48468;2950;12,20
48480;3071;12,47
48481;3085;12,76
48482;2967;12,72
48483;3119;13,06
48484;3085;13,29
48485;2966;13,19
48486;3083;13,40
48487;2963;13,28
48488;3034;13,36
48489;3196;13,83
48490;2960;13,66
48491;3170;14,05
48492;3085;14,17
48493;3040;14,17
48494;3118;14,37
48495;2963;14,16
48496;3071;14,24
48497;2960;14,03
48498;3071;14,12
48509;3028;14,10
48510;2993;13,99
48511;3051;14,04
48512;2971;13,87
48513;3116;14,10
48514;3123;14,32
48515;2951;14,08
48516;2946;13,85
48517;3022;13,84
48518;3090;14,00
48519;3023;13,97
48520;2960;13,79
48521;2957;13,62
48522;3095;13,82
48523;3101;14,01
48524;3041;14,03
48525;2945;13,80
48526;3018;13,78
48537;2987;13,69
48538;2965;13,55
48539;2971;13,44
48540;2997;13,40
48541;3040;13,48
48542;3056;13,59
48543;2939;13,39
48544;2947;13,24
48545;2960;13,13
48546;2946;13,00
48547;2949;12,88
48548;2947;12,78
48549;2932;12,65
48550;2944;12,56
48551;3027;12,69
48552;2930;12,56
48553;2930;12,44
48554;2950;12,39
48555;2944;12,32
48566;2915;12,19
48567;2964;12,20
48568;2959;12,19
48569;2932;12,12
48570;2927;12,04
48571;2923;11,96
48572;2925;11,89
48573;2951;11,89
48574;2954;11,90
48575;2933;11,86
48576;2961;11,89
48577;2928;11,84
48578;2943;11,83
48579;2925;11,77
48580;2943;11,77
48581;2931;11,73
48582;2928;11,69
48583;2935;11,68
48595;2993;11,81
48596;2905;11,70
48597;2918;11,64
48598;2928;11,61
48599;3019;11,82
48600;3028;12,02
48601;2925;11,95
48602;2915;11,85
48603;2925;11,80
48604;2922;11,74
48605;3079;12,08
48606;2991;12,16
48607;2928;12,08
48608;2944;12,05
48609;2935;12,00
48610;2922;11,92
48611;2927;11,86
48612;2956;11,88
48613;3039;12,10
48624;2895;11,95
48625;2894;11,80
48626;2892;11,66
48627;2895;11,55
48628;2898;11,45
48629;2896;11,36
48630;2923;11,35
48631;2928;11,35
48632;2898;11,27
48633;2979;11,41
48634;2913;11,36
48635;2896;11,28
48636;2896;11,21
48637;2895;11,14
48638;2927;11,15
48639;2888;11,07
48640;2886;10,99
48641;2885;10,92
48652;2896;10,88
48653;2905;10,87
48654;2897;10,84
48655;2897;10,81
48656;2897;10,79
48657;2922;10,83
48658;2943;10,92
48659;2881;10,84
48660;2879;10,77
48661;2959;10,90
48662;2891;10,85
48663;2979;11,03
48664;2901;11,00
48665;2906;10,98
48666;2880;10,89
48667;2922;10,92
48668;2928;10,96
48669;2879;10,88
48670;2895;10,84
48681;2879;10,77
48682;2890;10,73
48683;2879;10,67
48684;2958;10,81
48685;2922;10,85
48686;2880;10,78
48687;2864;10,67
48688;2865;10,58
48689;2873;10,52
48690;2898;10,52
48691;2855;10,42
48692;2861;10,35
48693;2859;10,27
48694;2859;10,20
48695;2949;10,37
48696;2961;10,55
48697;2864;10,47
48698;2842;10,34
48709;2864;10,28
48710;2883;10,27
48711;2858;10,20
48712;2882;10,20
48713;2862;10,15
48714;2946;10,31
48715;2863;10,25
48716;2867;10,21
48717;2871;10,18
48718;2896;10,21
48719;2862;10,16
48720;2987;10,43
48721;2880;10,40
48722;3024;10,74
48723;2918;10,77
48724;3011;11,04
48725;2886;10,96
48726;2881;10,88
48727;2910;10,88
48739;2974;11,05
48740;2971;11,18
48741;2955;11,27
48742;3022;11,51
48743;3024;11,74
48744;2986;11,85
48745;2960;11,88
48746;2983;11,96
48747;3044;12,20
48748;3056;12,44
48749;3013;12,54
48750;2911;12,38
48751;2990;12,43
48752;2993;12,49
48753;2971;12,48
48754;2963;12,46
48755;2946;12,39
48756;2960;12,37
48767;2905;12,21
48768;2895;12,04
48769;2944;12,01
48770;2834;11,71
48771;2908;11,62
48772;2881;11,47
48773;2851;11,27
48774;2832;11,03
48775;2846;10,85
48776;2903;10,84
48777;2891;10,80
48778;2862;10,69
48779;2861;10,58
48780;2870;10,51
48781;2855;10,41
48782;2867;10,35
48783;2858;10,27
48784;2858;10,20
48785;2881;10,20
48796;2866;10,16
48797;2842;10,06
48798;2857;10,01
48799;2866;9,98
48800;2870;9,97
48801;2828;9,86
48802;2864;9,84
48803;2867;9,84
48804;2840;9,77
48805;2874;9,79
48806;2873;9,81
48807;2832;9,72
48808;2884;9,77
48809;2909;9,88
48810;2944;10,07
48811;2962;10,28
48812;2831;10,14
48813;2851;10,07
48814;2828;9,94
48815;2842;9,86
48826;2869;9,86
48827;2820;9,74
48828;2810;9,60
48829;2843;9,56
48830;2864;9,58
48831;2914;9,72
48832;2851;9,69
48833;2863;9,69
48834;2867;9,70
48835;2852;9,67
48836;2830;9,59
48837;2894;9,68
48838;2845;9,64
48839;2833;9,57
48840;2831;9,50
48841;2832;9,44
48842;2887;9,53
48843;2849;9,51
48844;2861;9,52
48845;2880;9,59
48846;2833;9,52
48847;2844;9,49
48858;2875;9,54
48859;2830;9,47
48860;2881;9,54
48861;2859;9,55
48862;2860;9,56
48863;2901;9,67
48864;2838;9,61
48865;2853;9,59
48866;2809;9,47
48867;2833;9,41
48868;2830;9,36
48869;2819;9,28
48870;2859;9,31
48871;2853;9,33
48872;2823;9,26
48873;2810;9,17
48874;2826;9,13
48875;2864;9,19
48876;2867;9,25
48877;2845;9,25
48878;2948;9,51
48879;2832;9,45
48891;2819;9,37
48892;2835;9,33
48893;2829;9,28
48894;2832;9,24
48895;2830;9,21
48896;2821;9,15
48897;2815;9,08
48898;2818;9,03
48899;2815;8,98
48900;2819;8,94
48901;2817;8,90
48902;2864;8,98
48903;2819;8,94
48904;2831;8,94
48905;2821;8,91
48906;2860;8,98
48907;2832;8,97
48908;2838;8,98
48909;2846;9,01
48910;2817;8,96
48911;2832;8,96
48912;2819;8,92
48923;2816;8,88
48924;2815;8,84
48925;2821;8,82
48926;2865;8,91
48927;2891;9,06
48928;2820;9,02
48929;2821;8,98
48930;2860;9,05
48931;2832;9,03
48932;2817;8,98
48933;2890;9,12
48934;2847;9,14
48935;2810;9,06
48936;2817;9,01
48937;2953;9,31
48938;2810;9,21
48939;2831;9,18
48940;2860;9,22
48941;2862;9,27
48942;2825;9,22
48943;2815;9,14
48944;2845;9,15
48955;2884;9,26
48956;2813;9,18
48957;2899;9,32
48958;2905;9,47
48959;2893;9,57
48960;2832;9,50
48961;2817;9,40
48962;2833;9,36
48963;2866;9,40
48964;2817;9,31
48965;2838;9,29
48966;2915;9,46
48967;2833;9,41
48968;2837;9,37
48969;2831;9,33
48970;2831;9,28
48971;2894;9,40
48972;2901;9,53
48973;2946;9,76
48974;2830;9,67
48975;2860;9,66
48986;2903;9,77
48987;2825;9,67
48988;2875;9,70
48989;2864;9,70
48990;2816;9,58
48991;2822;9,49
48992;2797;9,35
48993;2844;9,33
48994;2832;9,29
48995;2899;9,42
48996;2879;9,49
48997;2838;9,45
48998;2784;9,27
48999;2775;9,09
49000;2798;8,99
49001;2784;8,86
49002;2817;8,83
49003;2843;8,87
49004;2791;8,77
49005;2779;8,65
49006;2818;8,64
49007;2851;8,72
49019;2817;8,70
49020;2821;8,69
49021;2859;8,78
49022;2832;8,80
49023;2873;8,91
49024;2930;9,16
49025;2880;9,26
49026;2850;9,27
49027;2989;9,63
49028;2841;9,58
49029;2900;9,69
49030;2838;9,63
49031;2832;9,56
49032;2843;9,52
49033;2858;9,52
49034;2862;9,54
49035;2859;9,55
49036;2852;9,53
49037;2827;9,46
49038;2850;9,45
49039;2842;9,42
49040;2830;9,37
49051;2887;9,46
49052;2807;9,34
49053;2863;9,38
49054;2810;9,28
49055;2798;9,16
49056;2847;9,17
49057;2799;9,06
49058;2859;9,11
49059;2800;9,01
49060;2799;8,92
49061;2887;9,06
49062;2869;9,14
49063;2996;9,53
49064;2817;9,43
49065;2896;9,54
49066;2867;9,57
49067;2821;9,48
49068;2926;9,66
49069;2813;9,54
49070;2875;9,58
49071;2889;9,66
49072;2816;9,55
49083;2820;9,45
49084;2861;9,47
49085;2829;9,41
49086;2827;9,35
49087;2842;9,33
49088;2893;9,44
49089;2876;9,50
49090;2842;9,47
49091;2906;9,60
49092;2829;9,52
49093;2869;9,56
49094;2834;9,50
49095;2865;9,52
49096;2832;9,46
49097;2853;9,46
49098;2863;9,49
49099;2847;9,47
49100;2838;9,43
49101;2831;9,37
49102;2832;9,33
49103;2869;9,38
49104;2881;9,46
49115;2809;9,35
49116;2832;9,30
49117;2835;9,27
49118;2818;9,20
49119;2988;9,57
49120;2909;9,70
49121;2811;9,57
49122;2825;9,48
49123;2918;9,64
49124;2813;9,52
49125;2928;9,71
49126;2816;9,59
49127;2817;9,48
49128;2804;9,35
49129;2811;9,26
49130;2823;9,20
49131;2924;9,40
49132;2901;9,53
49133;2806;9,40
49134;2895;9,51
49135;2849;9,50
49136;2899;9,61
49148;2835;9,55
49149;2811;9,43
49150;2855;9,44
49151;2842;9,41
49152;2817;9,32
49153;2815;9,24
49154;2816;9,17
49155;2944;9,43
49156;2824;9,35
49157;2826;9,30
49158;2826;9,24
49159;2830;9,21
49160;2886;9,31
49161;2878;9,39
49162;2832;9,34
49163;2821;9,27
49164;2814;9,19
49165;2864;9,24
49166;2811;9,16
49167;2810;9,08
49168;2832;9,06
49169;2803;8,97
49180;2813;8,92
49181;2829;8,91
49182;2805;8,84
49183;2865;8,94
49184;2807;8,87
49185;2813;8,83
49186;2803;8,76
49187;2816;8,74
49188;2812;8,70
49189;2807;8,66
49190;2891;8,84
49191;2839;8,86
49192;2815;8,83
49193;2814;8,79
49194;2914;9,01
49195;2881;9,12
49196;2910;9,30
49197;2899;9,43
49198;2819;9,35
49199;2851;9,35
49200;2879;9,43
49201;2822;9,35
49212;2874;9,41
49213;2862;9,44
49214;2837;9,40
49215;2832;9,35
49216;2832;9,31
49217;2832;9,27
49218;2865;9,32
49219;2866;9,36
49220;2909;9,51
49221;2843;9,48
49222;2841;9,45
49223;2832;9,40
49224;2849;9,39
49225;2832;9,34
49226;2832;9,30
49227;2823;9,24
49228;2832;9,21
49229;2930;9,43
49230;2832;9,38
49231;2829;9,32
49232;2879;9,40
49233;2816;9,31
49244;2823;9,25
49245;2825;9,20
49246;2938;9,44
49247;2871;9,48
49248;2874;9,53
49249;2823;9,45
49250;2831;9,39
49251;2892;9,50
49252;2914;9,65
49253;2885;9,71
49254;2836;9,64
49255;2960;9,89
49256;2851;9,84
49257;2832;9,75
49258;2841;9,69
49259;2827;9,60
49260;2863;9,61
49261;2934;9,80
49262;2949;10,01
49263;2825;9,88
49264;2850;9,83
49265;2813;9,69
49277;2858;9,68
49278;2828;9,59
49279;2915;9,73
49280;2839;9,67
49281;2835;9,60
49282;2875;9,64
49283;2832;9,57
49284;2814;9,46
49285;2832;9,41
49286;2891;9,51
49287;2992;9,85
49288;2820;9,73
49289;2815;9,60
49290;2859;9,60
49291;2845;9,57
49292;2811;9,45
49293;2820;9,37
49294;2833;9,32
49295;2803;9,21
49296;2815;9,14
49297;2821;9,09
49298;2815;9,03
49309;2918;9,23
49310;2823;9,18
49311;2925;9,39
49312;2895;9,50
49313;2839;9,46
49314;2895;9,57
49315;2972;9,85
49316;2817;9,72
49317;2918;9,86
49318;2856;9,83
49319;2913;9,94
49320;2833;9,84
49321;2928;9,99
49322;2835;9,89
49323;2828;9,78
49324;2925;9,93
49325;2947;10,12
49326;2927;10,24
49327;2879;10,23
49328;2937;10,36
49329;2945;10,50
49340;2823;10,32
49341;2832;10,18
49342;2848;10,10
49343;2921;10,20
49344;2823;10,05
49345;2829;9,93
49346;2829;9,82
49347;2816;9,69
49348;2878;9,73
49349;2865;9,73
49350;2857;9,71
49351;2871;9,73
49352;2844;9,68
49353;2956;9,92
49354;2819;9,79
49355;2822;9,67
49356;2817;9,56
49357;2818;9,46
49358;2873;9,51
49359;2830;9,45
49360;2822;9,37
49371;2797;9,23
49372;2864;9,28
49373;2838;9,26
49374;2880;9,35
49375;2928;9,55
49376;2789;9,38
49377;2789;9,22
49378;2829;9,18
49379;2793;9,06
49380;2793;8,95
49381;2795;8,85
49382;2784;8,73
49383;2865;8,84
49384;2788;8,73
49385;2798;8,67
49386;2834;8,70
49387;2847;8,76
49388;2836;8,78
49389;2896;8,96
49390;2802;8,88
49391;2869;8,97
49392;2803;8,90
49403;2806;8,83
49404;2845;8,87
49405;2800;8,80
49406;2809;8,75
49407;2823;8,74
49408;2813;8,71
49409;2827;8,72
49410;2816;8,70
49411;2814;8,68
49412;2811;8,65
49413;2874;8,78
49414;2853;8,85
49415;2894;9,01
49416;2832;9,00
49417;2814;8,95
49418;2803;8,87
49419;2841;8,90
49420;2803;8,83
49421;2801;8,76
49422;2806;8,71
49423;2931;8,98
49424;2869;9,07
49436;2794;8,96
49437;2768;8,79
49438;2784;8,68
49439;2770;8,55
49440;2845;8,62
49441;2826;8,63
49442;2768;8,50
49443;2832;8,54
49444;2751;8,37
49445;2839;8,45
49446;2832;8,49
49447;2752;8,33
49448;2763;8,22
49449;2805;8,22
49450;2769;8,13
49451;2862;8,28
49452;2797;8,26
49453;2753;8,12
49454;2765;8,03
49455;2842;8,15
49456;2863;8,30
49457;2765;8,19
49468;2816;8,23
49469;2801;8,22
49470;2800;8,21
49471;2778;8,14
49472;2782;8,09
49473;2770;8,02
49474;2784;7,99
49475;2782;7,95
49476;2767;7,88
49477;2774;7,84
49478;2827;7,94
49479;2778;7,90
49480;2828;7,99
49481;2810;8,03
49482;2785;8,00
49483;2773;7,94
49484;2829;8,03
49485;2784;8,00
49486;2821;8,06
49487;2773;8,00
49488;2889;8,23
49499;2768;8,14
49500;2779;8,08
49501;2773;8,02
49502;2763;7,93
49503;2753;7,83
49504;2751;7,73
49505;2755;7,66
49506;2802;7,71
49507;2761;7,65
49508;2755;7,58
49509;2750;7,51
49510;2737;7,41
49511;2743;7,33
49512;2871;7,59
49513;2753;7,52
49514;2801;7,58
49515;2736;7,47
49516;2879;7,74
49517;2739;7,62
49518;2741;7,52
49519;2903;7,84
49520;2747;7,73
49531;2740;7,62
49532;2785;7,63
49533;2766;7,59
49534;2845;7,76
49535;2737;7,63
49536;2749;7,55
49537;2767;7,52
49538;2787;7,55
49539;2858;7,75
49540;2743;7,64
49541;2768;7,61
49542;2807;7,68
49543;2740;7,57
49544;2846;7,74
49545;2751;7,65
49546;2743;7,55
49547;2739;7,45
49548;2853;7,65
49549;2747;7,56
49550;2752;7,50
49551;2787;7,52
49552;2759;7,48
49563;2742;7,40
49564;2849;7,59
49565;2767;7,56
49566;2787;7,58
49567;2735;7,47
49568;2753;7,41
49569;2752;7,36
49570;2805;7,45
49571;2778;7,46
49572;2794;7,51
49573;2766;7,48
49574;2762;7,45
49575;2756;7,40
49576;2773;7,41
49577;2738;7,32
49578;2736;7,24
49579;2768;7,24
49580;2889;7,55
49581;2734;7,44
49582;2722;7,31
49583;2805;7,40
49584;2718;7,27
49596;2820;7,40
49597;2829;7,55
49598;2731;7,43
49599;2907;7,77
49600;2768;7,72
49601;2733;7,59
49602;2729;7,46
49603;2754;7,41
49604;2731;7,30
49605;2800;7,38
49606;2736;7,29
49607;2794;7,36
49608;2833;7,52
49609;2799;7,58
49610;2736;7,47
49611;2799;7,53
49612;2854;7,72
49613;2800;7,76
49614;2922;8,10
49615;2896;8,35
49616;2869;8,50
49617;2818;8,50
49628;2877;8,66
49629;2817;8,65
49630;2813;8,63
49631;2735;8,41
49632;2730;8,20
49633;2727;8,01
49634;2739;7,86
49635;2795;7,88
49636;2725;7,71
49637;2800;7,75
49638;2759;7,68
49639;2785;7,69
49640;2739;7,57
49641;2710;7,40
49642;2734;7,30
49643;2767;7,30
49644;2725;7,19
49645;2751;7,16
49646;2723;7,06
49647;2832;7,24
49648;2827;7,40
49649;2721;7,27
49660;2720;7,15
49661;2721;7,05
49662;2718;6,95
49663;2731;6,89
49664;2720;6,81
49665;2726;6,75
49666;2727;6,70
49667;2743;6,70
49668;2745;6,70
49669;2720;6,64
49670;2753;6,67
49671;2851;6,94
49672;2736;6,89
49673;2768;6,93
49674;2715;6,84
49675;2745;6,82
49676;2762;6,86
49677;2859;7,13
49678;2736;7,07
49679;2739;7,02
49680;2870;7,30
49681;2773;7,31
49692;2741;7,24
49693;2782;7,29
49694;2731;7,19
49695;2839;7,38
49696;2766;7,37
49697;2736;7,28
49698;2769;7,29
49699;2768;7,29
49700;2729;7,19
49701;2786;7,25
49702;2781;7,28
49703;2839;7,46
49704;2731;7,35
49705;2742;7,28
49706;2736;7,20
49707;2814;7,33
49708;2729;7,23
49709;2750;7,19
49710;2731;7,11
49711;2727;7,02
49712;2786;7,09
49713;2885;7,41
49725;2736;7,32
49726;2751;7,27
49727;2755;7,24
49728;2825;7,39
49729;2781;7,42
49730;2801;7,49
49731;2747;7,42
49732;2779;7,43
49733;2736;7,34
49734;2835;7,50
49735;2791;7,54
49736;2784;7,56
49737;2734;7,44
49738;2810;7,54
49739;2774;7,53
49740;2846;7,70
49741;2747;7,61
49742;2759;7,55
49743;2745;7,47
49744;2775;7,47
49745;2743;7,39
49746;2767;7,38
49757;2787;7,42
49758;2736;7,33
49759;2739;7,25
49760;2775;7,27
49761;2750;7,23
49762;2734;7,15
49763;2726;7,06
49764;2744;7,02
49765;2731;6,96
49766;2768;6,99
49767;2767;7,02
49768;2853;7,26
49769;2857;7,49
49770;2768;7,47
49771;2925;7,85
49772;2832;7,96
49773;2730;7,80
49774;2721;7,63
49775;2767;7,59
49776;2726;7,46
49777;2736;7,36
49778;2795;7,42
49789;2736;7,33
49790;2746;7,27
49791;2818;7,40
49792;2816;7,51
49793;2739;7,42
49794;2748;7,35
49795;2766;7,34
49796;2763;7,33
49797;2731;7,23
49798;2736;7,15
49799;2737;7,09
49800;2826;7,26
49801;2945;7,71
49802;2746;7,61
49803;2752;7,54
49804;2739;7,44
49805;2749;7,38
49806;2831;7,53
49807;2737;7,43
49808;2758;7,39
49809;2759;7,36
49810;2727;7,25
49822;2736;7,17
49823;2768;7,19
49824;2736;7,12
49825;2768;7,13
49826;2801;7,23
49827;2817;7,36
49828;2751;7,31
49829;2800;7,39
49830;2813;7,50
49831;2739;7,40
49832;2729;7,30
49833;2733;7,21
49834;2742;7,15
49835;2775;7,18
49836;2741;7,13
49837;2759;7,12
49838;2735;7,05
49839;2800;7,16
49840;2750;7,13
49841;2742;7,08
49842;2736;7,02
49843;2751;7,00
49854;2786;7,08
49855;2735;7,02
49856;2755;7,01
49857;2733;6,95
49858;2754;6,95
49859;2733;6,90
49860;2736;6,86
49861;2751;6,86
49862;2800;6,98
49863;2734;6,93
49864;2727;6,86
49865;2741;6,84
49866;2733;6,79
49867;2727;6,74
49868;2736;6,72
49869;2722;6,66
49870;2736;6,64
49871;2797;6,78
49872;2738;6,76
49873;2751;6,77
49874;2730;6,72
49875;2731;6,69
49886;2751;6,71
49887;2723;6,65
49888;2804;6,81
49889;2723;6,74
49890;2725;6,69
49891;2741;6,68
49892;2768;6,74
49893;2832;6,96
49894;2787;7,04
49895;2723;6,95
49896;2815;7,11
49897;2773;7,14
49898;2779;7,18
49899;2739;7,12
49900;2788;7,19
49901;2800;7,28
49902;2821;7,42
49903;2797;7,48
49904;2714;7,32
49905;2741;7,25
49906;2757;7,23
49907;2787;7,28
49918;2729;7,19
49919;2719;7,07
49920;2719;6,97
49921;2724;6,89
49922;2776;6,95
49923;2733;6,90
49924;2861;7,17
49925;2737;7,11
49926;2731;7,03
49927;2723;6,95
49928;2755;6,95
49929;2729;6,88
49930;2821;7,06
49931;2863;7,32
49932;2739;7,25
49933;2733;7,16
49934;2731;7,08
49935;2779;7,13
49936;2747;7,10
49937;2736;7,04
49938;2767;7,06
49939;2729;6,98
49951;2831;7,18
49952;2770;7,19
49953;2773;7,22
49954;2759;7,20
49955;2735;7,13
49956;2799;7,22
49957;2761;7,21
49958;2861;7,46
49959;2800;7,52
49960;2735;7,42
49961;2778;7,43
49962;2821;7,55
49963;2768;7,52
49964;2864;7,74
49965;2738;7,62
49966;2782;7,63
49967;2736;7,51
49968;2767;7,49
49969;2759;7,45
49970;2716;7,30
49971;2864;7,54
49972;2855;7,74
49983;2733;7,61
49984;2797;7,65
49985;2832;7,78
49986;2738;7,65
49987;2731;7,52
49988;2749;7,45
49989;2789;7,49
49990;2733;7,38
49991;2733;7,29
49992;2737;7,21
49993;2736;7,14
49994;2722;7,04
49995;2736;6,98
49996;2781;7,05
49997;2749;7,02
49998;2806;7,15
49999;2784;7,20
50000;2736;7,13
50001;2739;7,07
50002;2738;7,02
50003;2768;7,05
50004;2749;7,02
50015;2761;7,03
50016;2742;6,99
50017;2757;7,00
50018;2752;6,99
50019;2735;6,93
50020;2754;6,94
50021;2891;7,28
50022;2736;7,20
50023;2747;7,16
50024;2735;7,09
50025;2733;7,02
50026;2786;7,10
50027;2757;7,09
50028;2843;7,30
50029;2746;7,24
50030;2743;7,18
50031;2717;7,07
50032;2896;7,41
50033;2730;7,31
50034;2733;7,22
50035;2753;7,19
50036;2766;7,19
50047;2861;7,44
50048;2762;7,41
50049;2735;7,31
50050;2877;7,59
50051;2731;7,47
50052;2743;7,39
50053;2731;7,28
50054;2873;7,55
50055;2760;7,51
50056;2736;7,40
50057;2726;7,29
50058;2825;7,43
50059;2832;7,58
50060;2735;7,47
50061;2769;7,45
50062;2768;7,44
50063;2737;7,35
50064;2736;7,26
50065;2761;7,25
50066;2848;7,45
50067;2765;7,43
50068;2736;7,34
50080;2736;7,25
50081;2733;7,17
50082;2727;7,08
50083;2730;7,00
50084;2726;6,93
50085;2731;6,87
50086;2730;6,82
50087;2726;6,76
50088;2727;6,71
50089;2730;6,67
50090;2731;6,64
50091;2732;6,61
50092;2718;6,56
50093;2718;6,50
50094;2714;6,45
50095;2725;6,42
50096;2726;6,40
50097;2714;6,36
50098;2718;6,32
50099;2713;6,28
50100;2710;6,24
50101;2706;6,19
50112;2723;6,18
50113;2742;6,23
50114;2778;6,36
50115;2928;6,86
50116;2719;6,78
50117;2722;6,72
50118;2791;6,83
50119;2746;6,82
50120;2723;6,76
50121;2728;6,71
50122;2751;6,72
50123;2755;6,75
50124;2733;6,72
50125;2743;6,71
50126;2735;6,69
50127;2753;6,71
50128;2738;6,69
50129;2869;7,01
50130;2753;7,00
50131;2739;6,96
50132;2765;6,98
50133;2736;6,93
50144;2780;7,00
50145;2849;7,23
50146;2849;7,45
50147;2752;7,39
50148;2758;7,36
50149;2753;7,31
50150;2844;7,50
50151;2758;7,46
50152;2752;7,40
50153;2752;7,35
50154;2766;7,34
50155;2858;7,56
50156;2849;7,74
50157;2788;7,75
50158;2752;7,66
50159;2855;7,85
50160;2802;7,88
50161;2816;7,94
50162;2746;7,82
50163;2752;7,73
50164;2828;7,84
50165;2746;7,73
50176;2911;8,05
50177;2855;8,19
50178;2769;8,10
50179;2863;8,26
50180;2749;8,12
50181;2742;7,97
50182;2745;7,85
50183;2806;7,89
50184;2774;7,84
50185;2800;7,87
50186;2745;7,75
50187;2740;7,64
50188;2799;7,68
50189;2773;7,66
50190;2733;7,53
50191;2835;7,68
50192;2752;7,60
50193;2801;7,65
50194;2861;7,85
50195;2775;7,81
50196;2759;7,74
50197;2739;7,62
50209;2736;7,51
50210;2738;7,41
50211;2739;7,33
50212;2741;7,26
50213;2746;7,20
50214;2756;7,18
50215;2749;7,15
50216;2752;7,12
50217;2739;7,07
50218;2749;7,04
50219;2753;7,03
50220;2753;7,02
50221;2755;7,01
50222;2745;6,98
50223;2754;6,98
50224;2751;6,97
50225;2760;6,98
50226;2758;6,99
50227;2753;6,98
50228;2758;6,99
50229;2745;6,96
50230;2749;6,95
50241;2746;6,92
50242;2791;7,02
50243;2747;6,99
50244;2791;7,08
50245;2731;7,01
50246;2736;6,96
50247;2767;6,99
50248;2747;6,97
50249;2768;7,00
50250;2736;6,95
50251;2736;6,90
50252;2862;7,18
50253;2875;7,46
50254;2761;7,43
50255;2739;7,34
50256;2745;7,28
50257;2751;7,24
50258;2882;7,53
50259;2749;7,46
50260;2742;7,38
50261;2799;7,45
50262;2770;7,44
50273;2840;7,61
50274;2862;7,81
50275;2797;7,84
50276;2797;7,86
50277;2771;7,81
50278;2835;7,93
50279;2787;7,91
50280;2794;7,92
50281;2771;7,86
50282;2775;7,82
50283;2800;7,85
50284;2836;7,97
50285;2763;7,89
50286;2773;7,84
50287;2768;7,79
50288;2784;7,78
50289;2805;7,82
50290;2768;7,77
50291;2756;7,69
50292;2766;7,65
50293;2802;7,70
50294;2813;7,77
50305;2861;7,96
50306;2795;7,96
50307;2801;7,98
50308;2767;7,91
50309;2757;7,82
50310;2800;7,85
50311;2790;7,85
50312;2795;7,86
50313;2736;7,73
50314;2800;7,76
50315;2818;7,84
50316;2767;7,79
50317;2787;7,79
50318;2862;7,97
50319;2753;7,87
50320;2759;7,79
50321;2807;7,84
50322;2912;8,15
50323;2779;8,09
50324;2752;7,97
50325;2754;7,87
50326;2825;7,96
50338;2931;8,30
50339;2854;8,42
50340;2905;8,65
50341;2923;8,91
50342;2900;9,08
50343;2867;9,16
50344;2910;9,33
50345;2934;9,55
50346;2863;9,56
50347;2880;9,62
50348;2897;9,71
50349;2865;9,72
50350;2901;9,81
50351;2896;9,88
50352;2941;10,06
50353;2902;10,13
50354;2918;10,22
50355;2938;10,36
50356;2912;10,42
50357;2875;10,38
50358;2897;10,40
50369;2829;10,24
50370;2743;9,88
50371;2759;9,60
50372;2766;9,37
50373;2823;9,30
50374;2799;9,18
50375;2741;8,92
50376;2757;8,73
50377;2777;8,61
50378;2752;8,44
50379;2795;8,39
50380;2764;8,27
50381;2770;8,18
50382;2790;8,15
50383;2774;8,08
50384;2770;8,00
50385;2770;7,94
50386;2769;7,88
50387;2833;7,98
50388;2769;7,92
50389;2871;8,12
50390;2802;8,12
50401;2918;8,42
50402;2832;8,47
50403;2939;8,78
50404;2842;8,82
50405;2800;8,75
50406;2795;8,67
50407;2850;8,74
50408;2737;8,52
50409;2779;8,43
50410;2743;8,25
50411;2811;8,26
50412;2803;8,26
50413;2731;8,07
50414;2741;7,92
50415;2875;8,13
50416;2767;8,04
50417;2782;8,00
50418;2813;8,05
50419;2770;7,98
50420;2867;8,16
50421;2795;8,14
50422;2739;7,98
50433;2785;7,96
50434;2867;8,14
50435;2746;8,00
50436;2755;7,90
50437;2842;8,03
50438;2753;7,92
50439;2781;7,89
50440;2892;8,14
50441;2786;8,10
50442;2852;8,23
50443;2768;8,14
50444;2814;8,17
50445;2768;8,09
50446;2809;8,11
50447;2774;8,04
50448;2767;7,97
50449;2848;8,10
50450;2964;8,52
50451;2769;8,40
50452;2768;8,29
50453;2842;8,38
50454;2789;8,32
50465;2796;8,29
50466;2754;8,16
50467;2783;8,11
50468;2765;8,02
50469;2805;8,04
50470;2774;7,98
50471;2802;8,00
50472;2848;8,13
50473;2839;8,23
50474;2757;8,11
50475;2768;8,03
50476;2758;7,93
50477;2790;7,92
50478;2727;7,75
50479;2784;7,75
50480;2769;7,71
50481;2734;7,58
50482;2802;7,64
50483;2788;7,65
50484;2798;7,69
50485;2737;7,58
50497;2753;7,51
50498;2736;7,41
50499;2745;7,34
50500;2739;7,26
50501;2750;7,22
50502;2750;7,18
50503;2754;7,16
50504;2754;7,14
50505;2751;7,11
50506;2750;7,08
50507;2754;7,07
50508;2747;7,04
50509;2757;7,04
50510;2745;7,00
50511;2751;6,99
50512;2757;6,99
50513;2751;6,98
50514;2770;7,02
50515;2755;7,01
50516;2787;7,09
50517;2752;7,07
50518;2796;7,16
50529;2781;7,21
50530;2754;7,18
50531;2771;7,20
50532;2821;7,35
50533;2761;7,32
50534;2768;7,32
50535;2752;7,28
50536;2774;7,30
50537;2861;7,53
50538;2738;7,43
50539;2754;7,38
50540;2752;7,33
50541;2780;7,36
50542;2826;7,50
50543;2734;7,39
50544;2749;7,34
50545;2734;7,25
50546;2736;7,17
50547;2749;7,14
50548;2748;7,10
50549;2786;7,17
50550;2736;7,10
50561;2746;7,06
50562;2788;7,14
50563;2796;7,22
50564;2784;7,27
50565;2743;7,21
50566;2818;7,35
50567;2816;7,46
50568;2803;7,53
50569;2752;7,47
50570;2765;7,45
50571;2754;7,40
50572;2753;7,35
50573;2745;7,28
50574;2768;7,29
50575;2753;7,25
50576;2790;7,31
50577;2746;7,25
50578;2797;7,33
50579;2766;7,32
50580;2819;7,45
50581;2781;7,47
50582;2755;7,42
50593;2808;7,51
50594;2902;7,82
50595;2759;7,75
50596;2748;7,65
50597;2768;7,62
50598;2751;7,54
50599;2778;7,54
50600;2745;7,46
50601;2743;7,38
50602;2800;7,45
50603;2750;7,39
50604;2787;7,43
50605;2747;7,36
50606;2758;7,33
50607;2741;7,26
50608;2765;7,26
50609;2747;7,21
50610;2736;7,14
50611;2887;7,45
50612;2753;7,40
50613;2763;7,38
50614;2807;7,47
50626;2767;7,45
50627;2759;7,41
50628;2845;7,59
50629;2864;7,81
50630;2868;8,01
50631;2850;8,15
50632;2864;8,30
50633;2865;8,45
50634;2857;8,56
50635;2871;8,69
50636;2774;8,57
50637;2799;8,52
50638;2773;8,41
50639;2916;8,67
50640;2960;9,02
50641;2912;9,21
50642;2795;9,09
50643;2863;9,15
50644;2862;9,20
50645;2843;9,20
50646;2770;9,02
50647;2842;9,03
50658;2758;8,83
50659;2770;8,69
50660;2749;8,50
50661;2743;8,32
50662;2738;8,14
50663;2739;7,98
50664;2745;7,85
50665;2822;7,93
50666;2852;8,08
50667;2763;7,99
50668;2752;7,88
50669;2767;7,82
50670;2779;7,80
50671;2761;7,73
50672;2862;7,92
50673;2768;7,86
50674;2840;7,99
50675;2880;8,20
50676;2765;8,10
50677;2762;8,01
50678;2839;8,12
50679;2785;8,08
50690;2817;8,12
50691;2786;8,09
50692;2850;8,22
50693;2790;8,18
50694;2865;8,34
50695;2783;8,27
50696;2822;8,31
50697;2909;8,57
50698;2768;8,44
50699;2781;8,36
50700;2784;8,29
50701;2782;8,23
50702;2807;8,23
50703;2823;8,28
50704;2783;8,22
50705;2786;8,17
50706;2768;8,08
50707;2775;8,02
50708;2770;7,96
50709;2777;7,91
50710;2817;7,98
50711;2817;8,03
50722;2816;8,08
50723;2786;8,05
50724;2785;8,02
50725;2797;8,02
50726;2779;7,97
50727;2800;7,99
50728;2832;8,08
50729;2845;8,20
50730;2851;8,32
50731;2777;8,24
50732;2783;8,18
50733;2829;8,25
50734;2777;8,17
50735;2899;8,42
50736;2794;8,37
50737;2798;8,34
50738;2909;8,59
50739;2805;8,56
50740;2806;8,53
50741;2823;8,54
50742;2825;8,56
50743;2806;8,53
50755;2834;8,58
50756;2831;8,61
50757;2832;8,64
50758;2832;8,67
50759;2823;8,67
50760;2896;8,86
50761;2809;8,80
50762;2848;8,86
50763;2827;8,85
50764;2830;8,85
50765;2838;8,87
50766;2834;8,88
50767;2864;8,97
50768;2831;8,96
50769;2827;8,94
50770;2832;8,94
50771;2826;8,92
50772;2803;8,85
50773;2877;8,97
50774;2807;8,90
50775;2858;8,97
50776;2831;8,96
50787;2834;8,96
50788;2835;8,96
50789;2944;9,24
50790;2832;9,21
50791;2816;9,14
50792;2832;9,12
50793;2859;9,17
50794;2917;9,36
50795;2832;9,31
50796;2907;9,46
50797;2982;9,79
50798;2883;9,83
50799;2944;10,02
50800;2836;9,92
50801;2848;9,86
50802;2913;9,97
50803;2832;9,87
50804;3010;10,22
50805;2839;10,11
50806;2845;10,02
50807;2943;10,19
50818;2923;10,30
50819;2891;10,31
50820;2917;10,38
50821;2931;10,49
50822;2864;10,41
50823;2861;10,34
50824;2911;10,39
50825;2947;10,54
50826;2878;10,49
50827;2889;10,48
50828;2866;10,41
50829;2892;10,41
50830;2922;10,49
50831;2949;10,63
50832;2879;10,58
50833;2914;10,62
50834;2877;10,56
50835;2874;10,50
50836;2913;10,55
50847;2898;10,55
50848;2915;10,60
50849;2910;10,63
50850;2895;10,62
50851;2902;10,62
50852;2919;10,67
50853;2967;10,84
50854;2957;10,96
50855;2902;10,94
50856;2923;10,96
50857;2943;11,04
50858;2931;11,08
50859;2916;11,08
50860;2907;11,05
50861;2919;11,06
50862;2960;11,17
50863;2966;11,28
50864;2925;11,28
50876;2990;11,44
50877;3021;11,67
50878;2929;11,64
50879;2995;11,78
50880;2951;11,79
50881;2959;11,83
50882;2991;11,94
50883;3003;12,07
50884;2961;12,08
50885;2997;12,18
50886;2927;12,10
50887;2985;12,16
50888;3005;12,28
50889;3023;12,43
50890;3019;12,55
50891;3027;12,68
50892;3010;12,75
50893;2945;12,65
50894;3029;12,78
50905;2960;12,72
50906;3041;12,87
50907;3024;12,96
50908;2953;12,86
50909;2963;12,80
50910;3018;12,88
50911;3085;13,12
50912;2991;13,10
50913;2978;13,06
50914;2963;12,97
50915;2987;12,96
50916;2995;12,97
50917;2960;12,89
50918;3020;12,97
50919;3002;12,99
50920;2960;12,91
50921;3089;13,16
50922;2945;13,02
50933;2947;12,90
50934;3011;12,96
50935;3045;13,09
50936;2944;12,96
50937;3007;13,00
50938;2993;13,00
50939;3041;13,12
50940;2935;12,96
50941;3185;13,45
50942;3059;13,57
50943;3018;13,57
50944;2975;13,47
50945;3067;13,61
50946;2942;13,42
50947;2943;13,25
50948;2982;13,20
50949;3067;13,36
50950;3115;13,63
50951;2965;13,50
50962;2995;13,45
50963;2963;13,33
50964;3026;13,38
50965;3152;13,74
50966;2988;13,66
50967;2937;13,45
50968;2974;13,35
50969;2937;13,18
50970;2924;12,98
50971;2935;12,84
50972;2925;12,68
50973;2979;12,68
50974;2928;12,54
50975;2922;12,41
50976;2933;12,31
50977;2931;12,23
50978;2924;12,13
50979;2912;12,01
50991;2896;11,86
50992;2928;11,81
50993;2933;11,78
50994;2982;11,87
50995;2914;11,78
50996;2957;11,81
50997;2907;11,71
50998;3025;11,92
50999;2912;11,82
51000;3093;12,19
51001;2923;12,10
51002;2928;12,02
51003;2919;11,93
51004;2918;11,85
51005;2928;11,80
51006;2924;11,74
51007;2922;11,69
51008;2925;11,65
51009;2923;11,60
51020;2897;11,50
51021;2890;11,39
51022;2902;11,32
51023;2941;11,35
51024;2898;11,28
51025;2896;11,20
51026;2891;11,12
51027;2896;11,06
51028;2893;11,00
51029;2884;10,93
51030;2896;10,89
51031;2918;10,91
51032;2899;10,88
51033;2900;10,85
51034;2903;10,84
51035;2907;10,84
51036;2913;10,85
51037;2918;10,88
51048;2891;10,83
51049;2915;10,85
51050;2894;10,81
51051;2928;10,86
51052;2880;10,79
51053;2889;10,75
51054;2895;10,72
51055;2896;10,71
51056;2981;10,90
51057;2877;10,82
51058;2880;10,75
51059;2902;10,74
51060;2976;10,93
51061;2892;10,88
51062;2887;10,82
51063;2906;10,82
51064;2927;10,87
51065;2886;10,81
51066;2926;10,86
51077;2899;10,83
51078;2946;10,93
51079;2879;10,85
51080;2910;10,85
51081;2913;10,86
51082;2930;10,92
51083;2971;11,07
51084;2881;10,98
51085;2887;10,91
51086;2894;10,87
51087;2874;10,78
51088;2899;10,76
51089;2949;10,87
51090;2901;10,85
51091;2883;10,79
51092;2907;10,79
51093;2895;10,76
51094;2902;10,76
51105;2869;10,67
51106;2879;10,61
51107;2906;10,63
51108;2975;10,82
51109;2883;10,76
51110;2870;10,67
51111;2909;10,69
51112;2895;10,67
51113;2864;10,58
51114;2875;10,52
51115;2896;10,52
51116;2910;10,56
51117;2919;10,61
51118;2880;10,57
51119;2867;10,49
51120;2865;10,42
51121;2863;10,34
51122;2851;10,25
51123;2863;10,19
51135;2899;10,24
51136;2948;10,40
51137;2911;10,45
51138;2967;10,64
51139;2896;10,63
51140;2939;10,73
51141;2922;10,77
51142;2929;10,83
51143;2928;10,89
51144;2923;10,92
51145;2911;10,92
51146;2919;10,94
51147;2961;11,06
51148;2978;11,22
51149;2997;11,41
51150;2943;11,44
51151;2915;11,40
51152;2965;11,48
51163;2867;11,32
51164;2891;11,23
51165;2908;11,19
51166;2855;11,02
51167;2855;10,87
51168;2864;10,75
51169;2880;10,69
51170;2900;10,68
51171;2860;10,58
51172;2926;10,65
51173;2854;10,53
51174;2982;10,75
51175;2841;10,59
51176;2870;10,52
51177;2866;10,44
51178;2876;10,40
51179;2843;10,28
51180;2859;10,21
51181;2938;10,35
51192;2995;10,62
51193;2909;10,65
51194;2912;10,68
51195;2854;10,56
51196;2855;10,45
51197;2861;10,37
51198;2882;10,35
51199;2935;10,47
51200;2865;10,40
51201;2858;10,31
51202;2874;10,28
51203;3056;10,71
51204;2897;10,70
51205;2879;10,64
51206;2870;10,56
51207;2910;10,59
51208;3006;10,87
51209;2862;10,75
51220;2885;10,70
51221;2850;10,57
51222;2864;10,48
51223;2922;10,55
51224;2903;10,57
51225;2861;10,48
51226;2863;10,40
51227;2849;10,29
51228;2849;10,20
51229;2858;10,14
51230;2862;10,09
51231;2895;10,13
51232;2855;10,07
51233;2847;9,99
51234;2894;10,04
51235;2852;9,98
51236;2946;10,16
51237;2846;10,07
51238;2846;9,99
51250;2849;9,93
51251;2907;10,02
51252;2874;10,01
51253;2854;9,96
51254;2845;9,89
51255;2853;9,84
51256;2850;9,80
51257;2893;9,86
51258;2847;9,81
51259;2862;9,79
51260;2856;9,77
51261;2864;9,76
51262;2879;9,80
51263;2833;9,71
51264;2870;9,73
51265;2838;9,66
51266;2861;9,66
51267;2881;9,71
51268;2829;9,62
51269;2888;9,69
51270;2853;9,67
51271;2847;9,63
51282;2912;9,76
51283;2897;9,84
51284;2909;9,95
51285;2892;9,99
51286;2887;10,03
51287;2838;9,93
51288;2899;10,00
51289;2866;9,98
51290;2867;9,96
51291;2967;10,20
51292;2864;10,15
51293;2909;10,22
51294;3005;10,53
51295;2875;10,48
51296;2907;10,51
51297;2837;10,36
51298;2960;10,54
51299;2896;10,54
51300;2981;10,76
51301;2883;10,70
51312;2838;10,54
51313;2858;10,44
51314;2842;10,31
51315;2880;10,30
51316;2867;10,25
51317;2845;10,15
51318;2934;10,28
51319;2857;10,21
51320;2855;10,14
51321;2870;10,11
51322;2858;10,06
51323;2847;9,98
51324;2843;9,90
51325;2833;9,81
51326;2842;9,74
51327;2834;9,67
51328;2836;9,60
51329;2834;9,54
51330;2855;9,53
51341;2859;9,54
51342;2785;9,36
51343;2856;9,38
51344;2911;9,53
51345;2816;9,43
51346;2815;9,33
51347;2859;9,36
51348;2896;9,48
51349;2821;9,39
51350;2875;9,46
51351;2830;9,40
51352;2943;9,63
51353;2865;9,64
51354;2835;9,58
51355;2848;9,55
51356;2832;9,49
51357;2823;9,41
51358;2857;9,42
51359;2846;9,41
51360;2832;9,36
51361;2836;9,32
51362;2896;9,45
51373;2935;9,65
51374;2856;9,64
51375;2870;9,66
51376;2871;9,69
51377;2958;9,93
51378;2854;9,88
51379;2867;9,88
51380;2910;9,98
51381;2862;9,95
51382;2861;9,92
51383;2864;9,90
51384;2849;9,84
51385;2951;10,05
51386;2859;10,01
51387;2915;10,11
51388;2805;9,92
51389;2864;9,90
51390;2843;9,83
51391;2839;9,76
51392;2801;9,59
51393;2855;9,58
51394;2837;9,53
51406;2837;9,48
51407;2825;9,41
51408;2791;9,25
51409;2816;9,18
51410;2801;9,08
51411;2832;9,06
51412;2869;9,14
51413;2815;9,07
51414;2845;9,09
51415;2831;9,07
51416;2876;9,17
51417;2839;9,16
51418;2845;9,17
51419;2859;9,21
51420;2828;9,17
51421;2860;9,22
51422;2896;9,35
51423;2832;9,31
51424;2826;9,25
51425;2848;9,26
51426;2874;9,33
51427;2864;9,37
51438;2851;9,37
51439;2871;9,43
51440;2877;9,49
51441;2855;9,49
51442;2854;9,49
51443;2871;9,53
51444;2834;9,47
51445;2861;9,49
51446;2832;9,43
51447;2864;9,46
51448;2831;9,41
51449;2832;9,36
51450;2837;9,33
51451;2956;9,60
51452;2832;9,53
51453;2874;9,58
51454;2823;9,49
51455;2817;9,39
51456;2800;9,26
51457;2863;9,31
51458;2832;9,27
51459;2818;9,20
51470;2848;9,21
51471;2849;9,22
51472;2831;9,19
51473;2815;9,12
51474;2830;9,09
51475;2844;9,11
51476;2975;9,45
51477;2896;9,56
51478;2928;9,74
51479;2849;9,70
51480;2847;9,66
51481;2849;9,63
51482;2877;9,67
51483;2879;9,71
51484;2896;9,80
51485;2838;9,72
51486;2889;9,79
51487;2840;9,72
51488;2839;9,66
51489;2967;9,93
51490;2833;9,83
51501;2830;9,73
51502;2930;9,90
51503;2864;9,88
51504;2917;10,00
51505;2823;9,87
51506;2822;9,75
51507;2819;9,63
51508;2823;9,54
51509;2815;9,43
51510;2823;9,36
51511;2821;9,29
51512;2862;9,33
51513;2944;9,57
51514;2822;9,48
51515;2818;9,39
51516;2817;9,30
51517;2816;9,22
51518;2871;9,29
51519;2831;9,25
51520;2822;9,19
51521;2829;9,16
51522;2896;9,29
51534;2823;9,23
51535;2844;9,23
51536;2813;9,15
51537;2816;9,09
51538;2846;9,11
51538;2822;9,06
51540;2814;9,00
51541;2827;8,98
51542;2819;8,94
51542;2928;9,18
51544;2869;9,25
51545;2814;9,17
51546;2833;9,15
51547;2822;9,10
51548;2817;9,04
51549;2938;9,30
51550;2822;9,24
51551;2827;9,19
51552;2826;9,15
51553;2807;9,06
51554;2815;9,00
51554;2864;9,08
51566;2817;9,02
51567;2859;9,08
51568;2874;9,17
51569;2838;9,16
51570;2832;9,14
51571;2835;9,12
51572;2832;9,10
51573;2841;9,11
51574;2815;9,04
51575;2826;9,02
51576;2822;8,98
51577;2838;8,99
51578;2824;8,96
51579;2876;9,07
51580;2880;9,18
51581;2852;9,20
51582;2831;9,17
51583;2820;9,11
51584;2821;9,07
51585;2842;9,08
51586;2839;9,08
51587;2833;9,06
51598;2838;9,07
51599;2894;9,21
51600;2832;9,18
51601;2816;9,11
51602;2928;9,33
51603;2832;9,29
51604;2840;9,28
51605;2979;9,61
51606;2821;9,51
51607;2853;9,51
51608;2832;9,45
51609;2815;9,35
51610;2848;9,35
51611;2832;9,31
51612;2832;9,27
51613;2817;9,19
51614;2853;9,22
51615;2864;9,27
51616;2814;9,19
51617;2851;9,21
51618;2906;9,37
51619;2932;9,58
51630;2891;9,66
51631;2815;9,54
51632;2834;9,48
51633;2848;9,47
51634;2898;9,58
51635;2863;9,59
51636;2811;9,47
51637;2829;9,41
51638;2827;9,35
51639;2874;9,41
51640;2882;9,49
51641;2819;9,40
51642;2813;9,30
51643;2895;9,42
51644;2794;9,28
51645;2818;9,20
51646;2811;9,12
51647;2831;9,10
51648;2815;9,04
51649;2819;8,99
51650;2812;8,93
51651;2837;8,95
51662;2919;9,16
51663;2874;9,24
51664;2841;9,23
51665;2819;9,17
51666;2821;9,12
51667;2815;9,05
51668;2817;9,00
51669;2830;8,99
51670;2833;8,98
51671;2817;8,94
51672;2823;8,91
51673;2833;8,92
51674;2861;8,99
51675;2814;8,94
51676;2831;8,93
51677;2818;8,90
51678;2928;9,14
51679;2853;9,17
51680;2814;9,10
51681;2818;9,05
51682;2807;8,97
51693;2802;8,89
51694;2842;8,92
51695;2806;8,85
51696;2797;8,77
51697;2827;8,77
51698;2801;8,71
51699;2826;8,71
51700;2929;8,98
51701;2798;8,89
51702;2799;8,81
51703;2793;8,72
51704;2784;8,62
51705;2795;8,55
51706;2786;8,47
51707;2800;8,44
51708;2939;8,76
51709;2864;8,85
51710;2838;8,87
51711;2797;8,79
51712;2787;8,69
51713;2800;8,63
51714;2821;8,63
51726;2909;8,85
51727;2804;8,79
51728;2837;8,82
51729;2805;8,76
51730;2800;8,69
51731;2802;8,64
51732;2811;8,61
51733;2835;8,65
51734;2805;8,61
51735;2810;8,58
51736;2810;8,56
51737;2821;8,57
51738;2847;8,64
51739;2823;8,65
51740;2828;8,66
51741;2806;8,62
51742;2815;8,61
51743;2849;8,68
51744;2818;8,67
51745;2805;8,63
51746;2811;8,60
51747;2817;8,60
51758;2813;8,58
51759;2844;8,64
51760;2881;8,80
51761;2842;8,83
51762;2850;8,89
51763;2834;8,90
51764;2815;8,85
51765;2806;8,80
51766;2803;8,73
51767;2839;8,77
51768;2928;9,03
51769;2833;9,02
51770;2857;9,07
51771;2831;9,05
51772;2887;9,18
51773;2843;9,18
51774;2941;9,43
51775;2805;9,31
51776;2801;9,19
51777;2807;9,10
51778;2823;9,06
51779;2806;8,98
51790;2834;8,98
51791;2825;8,96
51792;2829;8,94
51793;2811;8,89
51794;2807;8,83
51795;2814;8,79
51796;2879;8,92
51797;2827;8,91
51798;2905;9,09
51799;2858;9,14
51800;2817;9,08
51801;2970;9,42
51802;2922;9,59
51803;2831;9,52
51804;2805;9,39
51805;2830;9,34
51806;2846;9,33
51807;2896;9,45
51808;2815;9,36
51809;2815;9,27
51810;2807;9,17
51811;2807;9,08
51823;2866;9,15
51824;2825;9,11
51825;2801;9,01
51826;2839;9,02
51827;2798;8,93
51828;2803;8,85
51829;2815;8,81
51830;2835;8,83
51831;2867;8,93
51832;2798;8,84
51833;2815;8,81
51834;2822;8,79
51835;2889;8,95
51836;2879;9,06
51837;2862;9,13
51838;2833;9,11
51839;2785;8,97
51840;2865;9,05
51841;2847;9,07
51842;2816;9,02
51843;2800;8,93
51844;2845;8,96
51855;2783;8,83
51856;2790;8,73
51857;2830;8,75
51858;2783;8,64
51859;2793;8,57
51860;2786;8,49
51861;2815;8,49
51862;2821;8,50
51863;2848;8,58
51864;2778;8,48
51865;2787;8,41
51866;2819;8,43
51867;2813;8,43
51868;2794;8,38
51869;2775;8,29
51870;2814;8,31
51871;2909;8,56
51872;2785;8,48
51873;2801;8,45
51874;2818;8,46
51875;2817;8,47
51876;2798;8,42
51887;2811;8,42
51888;2847;8,51
51889;2815;8,51
51890;2768;8,39
51891;2836;8,45
51892;2784;8,37
51893;2775;8,28
51894;2775;8,20
51895;2789;8,17
51896;2787;8,13
51897;2795;8,11
51898;2815;8,15
51899;2777;8,09
51900;2783;8,05
51901;2805;8,06
51902;2784;8,03
51903;2816;8,08
51904;2760;7,98
51905;2773;7,92
51906;2831;8,02
51907;2782;7,98
51908;2898;8,24
51919;2762;8,13
51920;2769;8,05
51921;2805;8,07
51922;2819;8,12
51923;2821;8,17
51924;2779;8,11
51925;2817;8,16
51926;2800;8,15
51927;2759;8,04
51928;2755;7,94
51929;2759;7,85
51930;2783;7,83
51931;2795;7,85
51932;2826;7,94
51933;2763;7,86
51934;2779;7,83
51935;2769;7,78
51936;2774;7,75
51937;2765;7,70
51938;2766;7,65
51939;2767;7,61
51940;2758;7,56
51952;2751;7,49
51953;2774;7,48
51954;2774;7,48
51955;2816;7,58
51956;2770;7,56
51957;2752;7,49
51958;2851;7,68
51959;2848;7,85
51960;2850;8,00
51961;2801;8,01
51962;2775;7,96
51963;2797;7,97
51964;2832;8,06
51965;2742;7,92
51966;2816;7,98
51967;2753;7,87
51968;2759;7,79
51969;2742;7,68
51970;2807;7,74
51971;2778;7,72
51972;2827;7,83
51973;2747;7,72
51984;2766;7,67
51985;2754;7,60
51986;2874;7,84
51987;2746;7,73
51988;2736;7,60
51989;2757;7,55
51990;2758;7,50
51991;2751;7,43
51992;2753;7,38
51993;2747;7,32
51994;2745;7,26
51995;2736;7,18
51996;2742;7,13
51997;2847;7,34
51998;2736;7,26
51999;2738;7,19
52000;2736;7,12
52001;2726;7,03
52002;2738;6,98
52003;2752;6,97
52004;2738;6,93
52005;2727;6,86
52016;2735;6,82
52017;2743;6,81
52018;2741;6,79
52019;2753;6,80
52020;2738;6,77
52021;2736;6,74
52022;2752;6,76
52023;2800;6,89
52024;2738;6,86
52025;2743;6,84
52026;2753;6,85
52027;2740;6,82
52028;2779;6,90
52029;2736;6,86
52030;2771;6,91
52031;2858;7,17
52032;2735;7,10
52033;2823;7,26
52034;2773;7,28
52035;2754;7,24
52036;2747;7,20
52037;2736;7,13
52048;2807;7,24
52049;2749;7,20
52050;2766;7,20
52051;2798;7,29
52052;2832;7,45
52053;2739;7,36
52054;2742;7,29
52055;2757;7,26
52056;2709;7,12
52057;2719;7,01
52058;2733;6,95
52059;2737;6,91
52060;2887;7,25
52061;2743;7,19
52062;2715;7,07
52063;2755;7,06
52064;2778;7,11
52065;2710;6,98
52066;2725;6,90
52067;2800;7,02
52068;2727;6,95
52069;2717;6,85
52081;2711;6,75
52082;2707;6,65
52083;2710;6,57
52084;2704;6,48
52085;2709;6,41
52086;2707;6,35
52087;2718;6,32
52088;2709;6,26
52089;2704;6,21
52090;2713;6,18
52091;2717;6,16
52092;2717;6,14
52093;2718;6,13
52094;2718;6,12
52095;2716;6,11
52096;2716;6,10
52097;2715;6,08
52098;2716;6,07
52099;2721;6,08
52100;2710;6,05
52101;2714;6,04
52102;2719;6,04
52113;2768;6,17
52114;2749;6,23
52115;2727;6,23
52116;2736;6,26
52117;2730;6,27
52118;2727;6,27
52119;2730;6,27
52120;2768;6,38
52121;2723;6,35
52122;2734;6,36
52123;2734;6,37
52124;2763;6,45
52125;2799;6,61
52126;2713;6,54
52127;2730;6,52
52128;2766;6,59
52129;2726;6,56
52130;2723;6,52
52131;2715;6,46
52132;2787;6,59
52133;2725;6,56
52134;2722;6,51
52145;2774;6,61
52146;2729;6,58
52147;2810;6,76
52148;2849;7,01
52149;2719;6,92
52150;2814;7,07
52151;2785;7,14
52152;2736;7,07
52153;2734;7,01
52154;2722;6,92
52155;2860;7,19
52156;2787;7,25
52157;2802;7,34
52158;2784;7,38
52159;2789;7,42
52160;2768;7,41
52161;2783;7,44
52162;2775;7,44
52163;2807;7,53
52164;2733;7,41
52165;2736;7,32
52166;2761;7,30
52177;2758;7,28
52178;2737;7,20
52179;2768;7,21
52180;2725;7,11
52181;2791;7,19
52182;2737;7,12
52183;2734;7,05
52184;2749;7,03
52185;2775;7,07
52186;2736;7,01
52187;2727;6,94
52188;2765;6,97
52189;2865;7,25
52190;2738;7,17
52191;2717;7,06
52192;2734;7,00
52193;2767;7,02
52194;2751;7,01
52195;2739;6,96
52196;2715;6,86
52197;2714;6,77
52198;2832;6,98
52210;2703;6,85
52211;2694;6,71
52212;2705;6,61
52213;2704;6,52
52214;2704;6,43
52215;2701;6,35
52216;2706;6,29
52217;2705;6,23
52218;2714;6,20
52219;2705;6,15
52220;2723;6,15
52221;2725;6,16
52222;2718;6,14
52223;2713;6,12
52224;2725;6,13
52225;2721;6,13
52226;2723;6,13
52227;2730;6,15
52228;2723;6,15
52229;2730;6,17
52230;2731;6,19
52231;2732;6,21
52242;2787;6,37
52243;2839;6,64
52244;2782;6,74
52245;2746;6,74
52246;2746;6,74
52247;2809;6,90
52248;2761;6,92
52249;2813;7,07
52250;2837;7,27
52251;2761;7,26
52252;2758;7,23
52253;2878;7,52
52254;2885;7,79
52255;2751;7,70
52256;2738;7,58
52257;2789;7,61
52258;2881;7,86
52259;2736;7,73
52260;2924;8,08
52261;2735;7,92
52262;2752;7,81
52263;2768;7,76
52274;2836;7,89
52275;2736;7,75
52276;2737;7,62
52277;2719;7,47
52278;2719;7,33
52279;2720;7,20
52280;2763;7,20
52281;2768;7,21
52282;2761;7,20
52283;2790;7,27
52284;2843;7,46
52285;2768;7,44
52286;2858;7,66
52287;2782;7,66
52288;2741;7,55
52289;2762;7,51
52290;2908;7,84
52291;2833;7,95
52292;2737;7,81
52293;2807;7,86
52294;2783;7,84
52295;2720;7,66
52306;2791;7,68
52307;2735;7,56
52308;2771;7,54
52309;2737;7,44
52310;2726;7,32
52311;2748;7,27
52312;2747;7,22
52313;2733;7,14
52314;2774;7,17
52315;2800;7,26
52316;2819;7,39
52317;2796;7,46
52318;2745;7,38
52319;2733;7,28
52320;2750;7,24
52321;2735;7,16
52322;2760;7,16
52323;2863;7,41
52324;2745;7,34
52325;2736;7,26
52326;2736;7,18
52327;2733;7,10
52339;2801;7,21
52340;2778;7,24
52341;2791;7,30
52342;2791;7,36
52343;2740;7,28
52344;2783;7,32
52345;2800;7,40
52346;2771;7,40
52347;2778;7,41
52348;2771;7,41
52349;2781;7,43
52350;2775;7,44
52351;2783;7,46
52352;2778;7,47
52353;2814;7,57
52354;2779;7,57
52355;2811;7,65
52356;2801;7,70
52357;2797;7,73
52358;2800;7,77
52359;2743;7,66
52360;2812;7,73
52371;2771;7,70
52372;2755;7,63
52373;2886;7,89
52374;2783;7,87
52375;2753;7,77
52376;2782;7,76
52377;2768;7,72
52378;2800;7,75
52379;2768;7,71
52380;2762;7,65
52381;2801;7,70
52382;2766;7,66
52383;2754;7,58
52384;2768;7,56
52385;2758;7,50
52386;2767;7,48
52387;2781;7,50
52388;2934;7,90
52389;2755;7,80
52390;2800;7,83
52391;2799;7,86
52392;2786;7,85
52403;2720;7,67
52404;2714;7,50
52405;2762;7,46
52406;2717;7,32
52407;2871;7,58
52408;2737;7,47
52409;2717;7,32
52410;2727;7,22
52411;2738;7,15
52412;2715;7,03
52413;2736;6,98
52414;2855;7,23
52415;2784;7,28
52416;2774;7,29
52417;2721;7,17
52418;2731;7,09
52419;2755;7,08
52420;2800;7,18
52421;2738;7,12
52422;2736;7,06
52423;2782;7,12
52424;2735;7,05
52435;2775;7,09
52436;2767;7,11
52437;2754;7,09
52438;2788;7,16
52439;2757;7,15
52440;2879;7,45
52441;2801;7,51
52442;2827;7,64
52443;2763;7,59
52444;2811;7,67
52445;2774;7,65
52446;2799;7,69
52447;2803;7,74
52448;2782;7,73
52449;2779;7,72
52450;2871;7,94
52451;2786;7,92
52452;2775;7,87
52453;2789;7,87
52454;2768;7,81
52455;2802;7,85
52456;2750;7,75
52468;2832;7,86
52469;2727;7,70
52470;2869;7,92
52471;2835;8,03
52472;2800;8,03
52473;2800;8,04
52474;2729;7,87
52475;2831;7,97
52476;2842;8,09
52477;2805;8,10
52478;2715;7,89
52479;2799;7,91
52480;2819;7,98
52481;2810;8,02
52482;2832;8,11
52483;2840;8,21
52484;2838;8,29
52485;2719;8,07
52486;2754;7,96
52487;2725;7,78
52488;2800;7,81
52489;2800;7,84
52500;2754;7,75
52501;2758;7,68
52502;2763;7,63
52503;2752;7,56
52504;2762;7,52
52505;2752;7,45
52506;2807;7,54
52507;2829;7,67
52508;2838;7,81
52509;2773;7,77
52510;2774;7,74
52511;2805;7,79
52512;2908;8,09
52513;2802;8,10
52514;2774;8,03
52515;2770;7,97
52516;2849;8,10
52517;2791;8,08
52518;2752;7,96
52519;2789;7,95
52520;2955;8,36
52521;2833;8,42
52532;2747;8,25
52533;2742;8,09
52534;2752;7,97
52535;2755;7,87
52536;2730;7,72
52537;2747;7,62
52538;2754;7,55
52539;2726;7,42
52540;2928;7,81
52541;2759;7,74
52542;2737;7,62
52543;2833;7,75
52544;2768;7,70
52545;2742;7,60
52546;2734;7,48
52547;2768;7,46
52548;2790;7,50
52549;2778;7,51
52550;2731;7,39
52551;2733;7,29
52552;2768;7,29
52553;2747;7,24
52564;2760;7,23
52565;2882;7,52
52566;2811;7,61
52567;2843;7,77
52568;2762;7,71
52569;2800;7,75
52570;2867;7,95
52571;2859;8,12
52572;2822;8,17
52573;2762;8,07
52574;2901;8,33
52575;2747;8,17
52576;2823;8,22
52577;2829;8,29
52578;2752;8,15
52579;2768;8,06
52580;2829;8,14
52581;2756;8,02
52582;2750;7,91
52583;3007;8,45
52584;2763;8,32
52585;2801;8,30
52597;2758;8,18
52598;2795;8,16
52599;2800;8,15
52600;2823;8,21
52601;2805;8,21
52602;2781;8,15
52603;2768;8,07
52604;2817;8,11
52605;2751;7,99
52606;2781;7,95
52607;2768;7,89
52608;2742;7,76
52609;2768;7,72
52610;2778;7,70
52611;2795;7,73
52612;2770;7,69
52613;2768;7,65
52614;2768;7,61
52615;2811;7,69
52616;2769;7,66
52617;2768;7,62
52618;2783;7,63
52629;2754;7,56
52630;2751;7,49
52631;2798;7,54
52632;2736;7,44
52633;2749;7,38
52634;2748;7,32
52635;2800;7,40
52636;2784;7,43
52637;2749;7,37
52638;2760;7,34
52639;2782;7,37
52640;2768;7,36
52641;2825;7,50
52642;2749;7,43
52643;2759;7,40
52644;2769;7,39
52645;2848;7,58
52646;2741;7,49
52647;2751;7,42
52648;2750;7,37
52649;2815;7,48
52650;2737;7,38
52661;2745;7,31
52662;2738;7,24
52663;2769;7,25
52664;2742;7,19
52665;2766;7,19
52666;2738;7,13
52667;2725;7,03
52668;2751;7,02
52669;2734;6,96
52670;2725;6,88
52671;2739;6,85
52672;2750;6,85
52673;2727;6,79
52674;2736;6,76
52675;2737;6,74
52676;2736;6,71
52677;2773;6,78
52678;2772;6,84
52679;2739;6,82
52680;2736;6,78
52681;2779;6,86
52682;2800;6,99
52693;2768;7,02
52694;2785;7,09
52695;2844;7,30
52696;2784;7,34
52697;2769;7,34
52698;2765;7,33
52699;2762;7,31
52700;2770;7,31
52701;2768;7,31
52702;2763;7,30
52703;2763;7,29
52704;2802;7,37
52705;2762;7,35
52706;2767;7,34
52707;2768;7,34
52708;2814;7,45
52709;2768;7,43
52710;2768;7,42
52711;2757;7,38
52712;2755;7,34
52713;2757;7,31
52714;2736;7,23
52726;2780;7,26
52727;2816;7,39
52728;2742;7,31
52729;2750;7,27
52730;2749;7,22
52731;2771;7,24
52732;2749;7,19
52733;2871;7,47
52734;2749;7,40
52735;2770;7,40
52736;2736;7,30
52737;2740;7,23
52738;2756;7,21
52739;2768;7,22
52740;2757;7,20
52741;2777;7,23
52742;2750;7,19
52743;2827;7,35
52744;2739;7,27
52745;2829;7,43
52746;2768;7,42
52747;2797;7,48
52758;2765;7,45
52759;2822;7,57
52760;2779;7,57
52761;2781;7,58
52762;2765;7,54
52763;2815;7,64
52764;2864;7,85
52765;2761;7,77
52766;2752;7,69
52767;2802;7,73
52768;2762;7,67
52769;2757;7,61
52770;2775;7,60
52771;2753;7,53
52772;2750;7,46
52773;2755;7,41
52774;2753;7,36
52775;2742;7,29
52776;2753;7,25
52777;2769;7,26
52778;2731;7,17
52779;2727;7,08
52790;2748;7,05
52791;2726;6,97
52792;2750;6,96
52793;2752;6,95
52794;2720;6,86
52795;2727;6,80
52796;2735;6,77
52797;2731;6,73
52798;2751;6,74
52799;2722;6,68
52800;2733;6,65
52801;2789;6,77
52802;2860;7,06
52803;2743;7,02
52804;2751;7,00
52805;2789;7,09
52806;2957;7,58
52807;2768;7,56
52808;2838;7,71
52809;2800;7,75
52810;2766;7,70
52811;2758;7,63
52822;2783;7,64
52823;2797;7,68
52824;2794;7,70
52825;2779;7,69
52826;2803;7,74
52827;2783;7,73
52828;2793;7,75
52829;2801;7,79
52830;2881;8,03
52831;2829;8,11
52832;2773;8,04
52833;2807;8,07
52834;2835;8,16
52835;2751;8,03
52836;2765;7,95
52837;2756;7,85
52838;2809;7,90
52839;2790;7,90
52840;2761;7,82
52841;2737;7,69
52842;2772;7,66
52843;2729;7,52
52855;2729;7,40
52856;2729;7,29
52857;2757;7,27
52858;2727;7,17
52859;2734;7,09
52860;2730;7,02
52861;2741;6,98
52862;2733;6,92
52863;2737;6,88
52864;2736;6,84
52865;2749;6,84
52866;2736;6,80
52867;2869;7,11
52868;2736;7,05
52869;2751;7,03
52870;2749;7,01
52871;2768;7,04
52872;2819;7,19
52873;2765;7,19
52874;2763;7,19
52875;2763;7,19
52876;2755;7,17
52887;2838;7,36
52888;2785;7,39
52889;2895;7,71
52890;2829;7,82
52891;2789;7,82
52892;2749;7,72
52893;2803;7,77
52894;2784;7,76
52895;2743;7,65
52896;2874;7,88
52897;2864;8,07
52898;2783;8,03
52899;2887;8,26
52900;2851;8,37
52901;2768;8,26
52902;2800;8,25
52903;2843;8,34
52904;2814;8,35
52905;2816;8,37
52906;2821;8,40
52907;2828;8,44
52908;2758;8,30
52919;2887;8,50
52920;2790;8,44
52921;2761;8,30
52922;2802;8,29
52923;2755;8,16
52924;2944;8,52
52925;2783;8,43
52926;2763;8,31
52927;2770;8,21
52928;2758;8,09
52929;2777;8,04
52930;2787;8,01
52931;2762;7,92
52932;2826;8,01
52933;2755;7,90
52934;2765;7,84
52935;2754;7,75
52936;2755;7,67
52937;2809;7,74
52938;2754;7,66
52939;2785;7,66
52940;2837;7,80
52952;2752;7,71
52953;2739;7,60
52954;2792;7,63
52955;2782;7,63
52956;2774;7,61
52957;2773;7,59
52958;2791;7,62
52959;2779;7,62
52960;2736;7,50
52961;2747;7,43
52962;2747;7,36
52963;2759;7,33
52964;2881;7,62
52965;2739;7,51
52966;2766;7,48
52967;2766;7,46
52968;2737;7,37
52969;2750;7,31
52970;2751;7,27
52971;2817;7,40
52972;2734;7,30
52973;2730;7,20
52984;2747;7,16
52985;2782;7,21
52986;2762;7,20
52987;2774;7,23
52988;2770;7,24
52989;2783;7,28
52990;2779;7,31
52991;2785;7,35
52992;2830;7,51
52993;2787;7,53
52994;2768;7,51
52995;2768;7,49
52996;2768;7,47
52997;2791;7,51
52998;2778;7,51
52999;2800;7,57
53000;2779;7,57
53001;2779;7,57
53002;2771;7,55
53003;2801;7,61
53004;2790;7,64
53005;2800;7,68
53016;2763;7,63
53017;2769;7,60
53018;2765;7,56
53019;2768;7,54
53020;2780;7,54
53021;2942;7,96
53022;2761;7,87
53023;2915;8,19
53024;2762;8,08
53025;2735;7,92
53026;2740;7,79
53027;2745;7,68
53028;2857;7,87
53029;2742;7,75
53030;2747;7,65
53031;2747;7,56
53032;2838;7,71
53033;2789;7,72
53034;2749;7,63
53035;2819;7,73
53036;2825;7,83
53037;2752;7,74
53048;2764;7,68
53049;2781;7,68
53050;2817;7,76
53051;2768;7,72
53052;2761;7,66
53053;2774;7,64
53054;2842;7,79
53055;2903;8,08
53056;2771;8,01
53057;2767;7,94
53058;2775;7,89
53059;2815;7,95
53060;2803;7,97
53061;2779;7,93
53062;2829;8,02
53063;2775;7,97
53064;2881;8,19
53065;2763;8,09
53066;2781;8,04
53067;2790;8,02
53068;2855;8,17
53069;2770;8,09
53081;2896;8,33
53082;2757;8,20
53083;2829;8,27
53084;2741;8,10
53085;2753;7,98
53086;2771;7,92
53087;2851;8,07
53088;2779;8,02
53089;2771;7,95
53090;2799;7,97
53091;2751;7,86
53092;2756;7,77
53093;2835;7,89
53094;2787;7,88
53095;2765;7,82
53096;2749;7,72
53097;2754;7,64
53098;2809;7,71
53099;2822;7,80
53100;2766;7,75
53101;2888;8,01
53102;2758;7,91
53113;2759;7,83
53114;2774;7,79
53115;2763;7,73
53116;2928;8,09
53117;2738;7,93
53118;2777;7,89
53119;2867;8,08
53120;2849;8,21
53121;2896;8,44
53122;2758;8,30
53123;2758;8,18
53124;2830;8,25
53125;2769;8,15
53126;2831;8,23
53127;2830;8,29
53128;2771;8,20
53129;2857;8,33
53130;2753;8,19
53131;2768;8,10
53132;2800;8,10
53133;2782;8,06
53134;2864;8,23
53145;2767;8,13
53146;2798;8,12
53147;2768;8,04
53148;2765;7,96
53149;2736;7,81
53150;2755;7,73
53151;2771;7,69
53152;2743;7,59
53153;2755;7,53
53154;2779;7,53
53155;2758;7,48
53156;2763;7,45
53157;2779;7,46
53158;2751;7,40
53159;2766;7,39
53160;2759;7,36
53161;2770;7,36
53162;2768;7,35
53163;2794;7,41
53164;2774;7,41
53165;2803;7,49
53166;2848;7,67
53177;2759;7,61
53178;2785;7,63
53179;2798;7,67
53180;2756;7,60
53181;2765;7,56
53182;2768;7,54
53183;2826;7,66
53184;2761;7,61
53185;2767;7,57
53186;2762;7,53
53187;2768;7,51
53188;2763;7,47
53189;2846;7,65
53190;2757;7,59
53191;2777;7,58
53192;2768;7,55
53193;2801;7,61
53194;2774;7,60
53195;2816;7,69
53196;2751;7,61
53197;2775;7,59
53198;2767;7,56
53210;2768;7,53
53211;2768;7,51
53212;2749;7,44
53213;2759;7,40
53214;2756;7,36
53215;2750;7,31
53216;2755;7,28
53217;2768;7,28
53218;2751;7,24
53219;2748;7,19
53220;2774;7,22
53221;2762;7,21
53222;2753;7,18
53223;2761;7,18
53224;2765;7,18
53225;2771;7,20
53226;2762;7,19
53227;2771;7,21
53228;2775;7,24
53229;2767;7,24
53230;2771;7,26
53231;2782;7,29
53242;2864;7,54
53243;2847;7,71
53244;2870;7,93
53245;2843;8,06
53246;2799;8,06
53247;2816;8,10
53248;2969;8,53
53249;2938;8,84
53250;2822;8,82
53251;2805;8,76
53252;2815;8,74
53253;2861;8,83
53254;2794;8,74
53255;2800;8,68
53256;2811;8,65
53257;2854;8,73
53258;2849;8,79
53259;2937;9,07
53260;2815;9,01
53261;2822;8,98
53262;2887;9,11
53263;2810;9,04
53274;2819;8,99
53275;2830;8,98
53276;2813;8,92
53277;2835;8,93
53278;2819;8,90
53279;2826;8,88
53280;2818;8,85
53281;2882;8,98
53282;2832;8,98
53283;2853;9,02
53284;2865;9,10
53285;2831;9,08
53286;2847;9,10
53287;2874;9,19
53288;2838;9,18
53289;2832;9,15
53290;2866;9,21
53291;2838;9,20
53292;2847;9,21
53293;2848;9,22
53294;2858;9,25
53295;2865;9,30
53306;2880;9,39
53307;2892;9,49
53308;2882;9,56
53309;2931;9,75
53310;2866;9,75
53311;2880;9,79
53312;2879;9,82
53313;2873;9,83
53314;2869;9,84
53315;2992;10,15
53316;2895;10,18
53317;2993;10,47
53318;2890;10,46
53319;2891;10,45
53320;2943;10,58
53321;2922;10,64
53322;2930;10,72
53323;2917;10,75
53324;2896;10,73
53325;2909;10,74
53337;2905;10,75
53338;2913;10,77
53339;2958;10,90
53340;2919;10,92
53341;2919;10,94
53342;2928;10,98
53343;2918;10,99
53344;2966;11,13
53345;2909;11,10
53346;2941;11,16
53347;2972;11,29
53348;2959;11,37
53349;2919;11,35
53350;2928;11,35
53351;2967;11,44
53352;2942;11,47
53353;2960;11,54
53354;3047;11,82
53355;2949;11,83
53366;2973;11,89
53367;2939;11,87
53368;2981;11,95
53369;2967;11,99
53370;3006;12,12
53371;2977;12,17
53372;2944;12,12
53373;2968;12,15
53374;3008;12,27
53375;3015;12,40
53376;3046;12,59
53377;2945;12,51
53378;2970;12,50
53379;2957;12,46
53380;3031;12,61
53381;3031;12,74
53382;2946;12,65
53383;2999;12,70
53394;2992;12,72
53395;2954;12,65
53396;2949;12,57
53397;3109;12,91
53398;2960;12,83
53399;3002;12,87
53400;2981;12,85
53401;2967;12,80
53402;2953;12,72
53403;2973;12,70
53404;3021;12,80
53405;2960;12,73
53406;2965;12,69
53407;2998;12,73
53408;2966;12,69
53409;2977;12,68
53410;2961;12,63
53411;2961;12,58
53412;2967;12,56
53423;2945;12,48
53424;3031;12,63
53425;2976;12,62
53426;2949;12,55
53427;2942;12,46
53428;2949;12,40
53429;2947;12,35
53430;2960;12,33
53431;2957;12,30
53432;2939;12,23
53433;2970;12,25
53434;2937;12,18
53435;2957;12,17
53436;2926;12,09
53437;2919;11,99
53438;2923;11,91
53439;2939;11,88
53440;3110;12,29
53451;2948;12,25
53452;2944;12,20
53453;2930;12,12
53454;2942;12,08
53455;2928;12,00
53456;2941;11,97
53457;2992;12,07
53458;2963;12,09
53459;2939;12,04
53460;2990;12,13
53461;2940;12,08
53462;3015;12,23
53463;2944;12,18
53464;2948;12,15
53465;2951;12,12
53466;2945;12,09
53467;2913;11,98
53468;2961;12,00
53469;2927;11,93
53481;2929;11,87
53482;2919;11,80
53483;2921;11,74
53484;2919;11,67
53485;2913;11,60
53486;2928;11,58
53487;2917;11,53
53488;2927;11,51
53489;2949;11,54
53490;2927;11,52
53491;2944;11,54
53492;2928;11,52
53493;2937;11,53
53494;2923;11,50
53495;2941;11,52
53496;3023;11,74
53497;2926;11,69
53498;2927;11,66
53509;2922;11,61
53510;3022;11,82
53511;3013;11,99
53512;2928;11,93
53513;2941;11,90
53514;2947;11,89
53515;2931;11,85
53516;2967;11,89
53517;2930;11,84
53518;2927;11,79
53519;2939;11,78
53520;2959;11,81
53521;2999;11,94
53522;2946;11,93
53523;2930;11,88
53524;2945;11,87
53525;2926;11,81
53526;2934;11,78
53527;2928;11,74
53538;2890;11,60
53539;2891;11,48
53540;2883;11,35
53541;2893;11,26
53542;2936;11,29
53543;3023;11,54
53544;2895;11,44
53545;2896;11,35
53546;2992;11,51
53547;2937;11,51
53548;2894;11,41
53549;2908;11,35
53550;2955;11,42
53551;2918;11,39
53552;2899;11,31
53553;2962;11,40
53554;2928;11,40
53555;2929;11,39
53566;2994;11,56
53567;2898;11,46
53568;2917;11,42
53569;2905;11,35
53570;2967;11,45
53571;2891;11,35
53572;2999;11,53
53573;2903;11,45
53574;2960;11,52
53575;2887;11,40
53576;2881;11,27
53577;2880;11,16
53578;3043;11,47
53579;2877;11,33
53580;2944;11,37
53581;2901;11,30
53582;2896;11,22
53583;2891;11,14
53584;2893;11,07
53596;2906;11,04
53597;2876;10,94
53598;2880;10,86
53599;2864;10,75
53600;2871;10,66
53601;2931;10,74
53602;2864;10,64
53603;2899;10,64
53604;2912;10,67
53605;2909;10,69
53606;2899;10,68
53607;2866;10,59
53608;2849;10,46
53609;2853;10,36
53610;2865;10,30
53611;2877;10,28
53612;2845;10,17
53613;2855;10,11
53624;2865;10,07
53625;2859;10,02
53626;2864;9,99
53627;2857;9,95
53628;2861;9,92
53629;2881;9,94
53630;2863;9,92
53631;2974;10,18
53632;2869;10,15
53633;2925;10,26
53634;2870;10,22
53635;2874;10,20
53636;2865;10,15
53637;2948;10,32
53638;2951;10,48
53639;2897;10,49
53640;2881;10,46
53641;2913;10,51
53642;2912;10,55
53643;2864;10,47
53654;2845;10,35
53655;2869;10,30
53656;2828;10,15
53657;2885;10,16
53658;2838;10,05
53659;2850;9,98
53660;2842;9,90
53661;2855;9,86
53662;2871;9,87
53663;2847;9,81
53664;2923;9,95
53665;2855;9,90
53666;2842;9,83
53667;2832;9,74
53668;2839;9,68
53669;2939;9,87
53670;2835;9,78
53671;2893;9,85
53672;2857;9,82
53673;2858;9,80
53684;2850;9,75
53685;2851;9,72
53686;2911;9,84
53687;2881;9,87
53688;2851;9,82
53689;2864;9,81
53690;2859;9,79
53691;2881;9,83
53692;2957;10,05
53693;2861;10,01
53694;2902;10,08
53695;2865;10,05
53696;2910;10,13
53697;2855;10,07
53698;2864;10,03
53699;2906;10,11
53700;2882;10,12
53701;2864;10,08
53702;2928;10,20
53703;2926;10,31
53714;2917;10,39
53715;2899;10,41
53716;2897;10,43
53717;2871;10,37
53718;2886;10,37
53719;2839;10,24
53720;2861;10,18
53721;2858;10,12
53722;3022;10,48
53723;2843;10,35
53724;2834;10,21
53725;2849;10,13
53726;2885;10,14
53727;2815;9,97
53728;2895;10,03
53729;2875;10,03
53730;2832;9,91
53731;2827;9,80
53732;2972;10,07
53744;2842;9,98
53745;2846;9,91
53746;2854;9,86
53747;2843;9,80
53748;2825;9,69
53749;2832;9,61
53750;2836;9,55
53751;2827;9,48
53752;2824;9,40
53753;2821;9,33
53754;2832;9,28
53755;2825;9,23
53756;2827;9,19
53757;2829;9,15
53758;2829;9,12
53759;2831;9,10
53760;2829;9,07
53761;2816;9,02
53762;2816;8,97
53763;2810;8,91
53764;2823;8,88
53765;2821;8,86
53776;2882;8,99
53777;2863;9,06
53778;2859;9,12
53779;2877;9,21
53780;2865;9,26
53781;2838;9,24
53782;2854;9,27
53783;2886;9,37
53784;2978;9,69
53785;2928;9,86
53786;2805;9,70
53787;2859;9,69
53788;2849;9,65
53789;2823;9,56
53790;2881;9,62
53791;3013;10,00
53792;2850;9,94
53793;2819;9,81
53794;2816;9,68
53795;2858;9,67
53796;2882;9,72
53797;2891;9,79
53808;2893;9,85
53809;2829;9,75
53810;2834;9,67
53811;2837;9,61
53812;2843;9,57
53813;2927;9,74
53814;2881;9,79
53815;2838;9,71
53816;2935;9,90
53817;2827;9,78
53818;2828;9,69
53819;2837;9,62
53820;2858;9,62
53821;2909;9,74
53822;2871;9,76
53823;2815;9,63
53824;2842;9,59
53825;2837;9,53
53826;2820;9,44
53827;2817;9,35
53828;2817;9,27
53839;2801;9,15
53840;2806;9,07
53841;2819;9,02
53842;2817;8,97
53843;2800;8,88
53844;2805;8,82
53845;2839;8,85
53846;2800;8,77
53847;2790;8,68
53848;2833;8,71
53849;2821;8,70
53850;2794;8,63
53851;2875;8,76
53852;2783;8,65
53853;2827;8,67
53854;2832;8,69
53855;2811;8,66
53856;2841;8,71
53857;2803;8,66
53858;2797;8,60
53859;2873;8,73
53860;2837;8,76
53871;2832;8,78
53872;2813;8,74
53873;2827;8,75
53874;2833;8,77
53875;2889;8,93
53876;2837;8,94
53877;2845;8,97
53878;2883;9,09
53879;2869;9,17
53880;2833;9,15
53881;2881;9,25
53882;2875;9,32
53883;2843;9,31
53884;2857;9,33
53885;2848;9,33
53886;2885;9,43
53887;2853;9,43
53888;2971;9,73
53889;2858;9,71
53890;2838;9,65
53891;2838;9,59
53892;2851;9,57
53904;2809;9,45
53905;2813;9,35
53906;2802;9,23
53907;2794;9,10
53908;2827;9,07
53909;2806;8,99
53910;2801;8,90
53911;2809;8,85
53912;2789;8,74
53913;2791;8,66
53914;2789;8,58
53915;2799;8,53
53916;2817;8,53
53917;2787;8,45
53918;2790;8,39
53919;2805;8,38
53920;2802;8,35
53921;2800;8,33
53922;2794;8,29
53923;2794;8,26
53924;2797;8,24
53925;2839;8,32
53936;2823;8,36
53937;2874;8,52
53938;2823;8,54
53939;2827;8,56
53940;2853;8,65
53941;2849;8,72
53942;2858;8,81
53943;2831;8,81
53944;2821;8,80
53945;2843;8,84
53946;2851;8,89
53947;2845;8,93
53948;2823;8,90
53949;2896;9,07
53950;2831;9,05
53951;2832;9,04
53952;2813;8,98
53953;2832;8,97
53954;2823;8,94
53955;2827;8,93
53956;2864;9,01
53957;2823;8,98
53968;2864;9,05
53969;2813;8,99
53970;2817;8,94
53971;2800;8,86
53972;2800;8,79
53973;2805;8,73
53974;2834;8,75
53975;2832;8,77
53976;2809;8,73
53977;2807;8,68
53978;2832;8,71
53979;2815;8,68
53980;2810;8,65
53981;2825;8,66
53982;2861;8,76
53983;2798;8,69
53984;2797;8,62
53985;2880;8,77
53986;2832;8,79
53987;2807;8,74
53988;2822;8,73
53989;2837;8,76
54000;2822;8,75
54001;2832;8,77
54002;2894;8,94
54003;2865;9,02
54004;2833;9,01
54005;2819;8,97
54006;2830;8,96
54007;2844;8,99
54008;2841;9,00
54009;2821;8,97
54010;2850;9,01
54011;2846;9,03
54012;2821;8,99
54013;2827;8,97
54014;2814;8,92
54015;2842;8,95
54016;2960;9,27
54017;2821;9,20
54018;2817;9,14
54019;2819;9,08
54020;2851;9,11
54021;2818;9,06
54033;2800;8,96
54034;2803;8,89
54035;2858;8,96
54036;2800;8,87
54037;2786;8,76
54038;2795;8,68
54039;2800;8,62
54040;2831;8,65
54041;2805;8,61
54042;2800;8,56
54043;2799;8,51
54044;2807;8,49
54045;2846;8,57
54046;2797;8,51
54047;2800;8,47
54048;2829;8,51
54049;2805;8,48
54050;2837;8,54
54051;2800;8,49
54052;2813;8,49
54053;2800;8,45
54054;2807;8,43
54065;2829;8,47
54066;2864;8,60
54067;2865;8,72
54068;2816;8,69
54069;2963;9,05
54070;2959;9,36
54071;2816;9,27
54072;2838;9,25
54073;2886;9,36
54074;2822;9,29
54075;2834;9,25
54076;2857;9,28
54077;2822;9,22
54078;2851;9,24
54079;2821;9,18
54080;2821;9,13
54081;2955;9,42
54082;2823;9,34
54083;2826;9,29
54084;2814;9,20
54085;2863;9,25
54086;2813;9,17
54097;2818;9,11
54098;2846;9,13
54099;2884;9,24
54100;2831;9,20
54101;2818;9,14
54102;2880;9,24
54103;2834;9,21
54104;2945;9,47
54105;2828;9,40
54106;2805;9,29
54107;2818;9,21
54108;2821;9,16
54109;2805;9,06
54110;2809;8,99
54111;2833;8,99
54112;2880;9,10
54113;2813;9,03
54114;2810;8,97
54115;2923;9,19
54116;2815;9,12
54117;2816;9,06
54118;2806;8,98
54130;2829;8,97
54131;2831;8,96
54132;2913;9,16
54133;2869;9,23
54134;2831;9,20
54135;2816;9,13
54136;2818;9,07
54137;2820;9,02
54138;2866;9,10
54139;2819;9,05
54140;2822;9,01
54141;2870;9,10
54142;2828;9,07
54143;2822;9,03
54144;2837;9,03
54145;2842;9,04
54146;2814;8,99
54147;2815;8,94
54148;2834;8,94
54149;2825;8,92
54150;2819;8,89
54151;2813;8,84
54162;2834;8,85
54163;2857;8,92
54164;2864;9,00
54165;2851;9,04
54166;2817;8,99
54167;2819;8,95
54168;2825;8,93
54169;2864;9,01
54170;2841;9,02
54171;2835;9,02
54172;2831;9,01
54173;2823;8,98
54174;2832;8,97
54175;2832;8,96
54176;2831;8,96
54177;2834;8,96
54178;2832;8,95
54179;2833;8,95
54180;2823;8,93
54181;2827;8,91
54182;2846;8,95
54183;2830;8,94
54194;2876;9,05
54195;2816;9,00
54196;2832;8,99
54197;2823;8,96
54198;2853;9,01
54199;2831;9,00
54200;2839;9,01
54201;2832;9,00
54202;2832;8,99
54203;2814;8,94
54204;2885;9,07
54205;2850;9,10
54206;2822;9,06
54207;2845;9,07
54208;2815;9,02
54209;2849;9,05
54210;2819;9,00
54211;2853;9,05
54212;2832;9,03
54213;2837;9,04
54214;2846;9,06
54215;2835;9,05
54226;2822;9,01
54227;2837;9,02
54228;2909;9,20
54229;2977;9,54
54230;2901;9,65
54231;2840;9,60
54232;2941;9,81
54233;2877;9,83
54234;2895;9,90
54235;2827;9,79
54236;2862;9,78
54237;2835;9,70
54238;2824;9,60
54239;2867;9,62
54240;2929;9,80
54241;2864;9,79
54242;2827;9,69
54243;2830;9,61
54244;2816;9,50
54245;2821;9,41
54246;2857;9,43
54247;2883;9,50
54259;2815;9,40
54260;2821;9,33
54261;2852;9,34
54262;2806;9,23
54263;2805;9,13
54264;2825;9,09
54265;2822;9,05
54266;2847;9,07
54267;2810;9,00
54268;2811;8,94
54269;2816;8,90
54270;2860;8,97
54271;2951;9,27
54272;2821;9,20
54273;2801;9,10
54274;2886;9,21
54275;2827;9,17
54276;2799;9,06
54277;2806;8,98
54278;2799;8,89
54279;2801;8,82
54280;2790;8,72
54291;2814;8,69
54292;2790;8,61
54293;2891;8,79
54294;2863;8,88
54295;2831;8,88
54296;2838;8,90
54297;2906;9,09
54298;2865;9,16
54299;2868;9,22
54300;2827;9,18
54301;2803;9,08
54302;2883;9,19
54303;2800;9,08
54304;2785;8,95
54305;2799;8,86
54306;2811;8,81
54307;2797;8,74
54308;2939;9,03
54309;2800;8,93
54310;2873;9,04
54311;2881;9,15
54312;2937;9,39
54323;2896;9,50
54324;2815;9,40
54325;2798;9,27
54326;2835;9,24
54327;2800;9,13
54328;2786;8,99
54329;2782;8,86
54330;2806;8,80
54331;2796;8,72
54332;2798;8,65
54333;2802;8,60
54334;2785;8,51
54335;2783;8,43
54336;2819;8,45
54337;2780;8,36
54338;2782;8,29
54339;2798;8,27
54340;2797;8,24
54341;2785;8,19
54342;2777;8,13
54343;2774;8,06
54344;2833;8,15
54355;2767;8,06
54356;2857;8,21
54357;2776;8,14
54358;2797;8,13
54359;2762;8,03
54360;2770;7,96
54361;2765;7,89
54362;2893;8,14
54363;2853;8,27
54364;2768;8,18
54365;2768;8,09
54366;2788;8,06
54367;2783;8,02
54368;2781;7,98
54369;2778;7,94
54370;2771;7,88
54371;2762;7,81
54372;2843;7,95
54373;2846;8,08
54374;2770;8,01
54375;2778;7,96
54376;2789;7,95
54388;2753;7,84
54389;2761;7,77
54390;2759;7,70
54391;2764;7,65
54392;2753;7,58
54393;2755;7,52
54394;2743;7,43
54395;2754;7,38
54396;2766;7,37
54397;2749;7,31
54398;2753;7,27
54399;2751;7,23
54400;2752;7,20
54401;2751;7,17
54402;2758;7,15
54403;2749;7,12
54404;2758;7,11
54405;2750;7,09
54406;2738;7,03
54407;2738;6,98
54408;2742;6,95
54409;2741;6,91
54420;2753;6,91
54421;2763;6,94
54422;2823;7,12
54423;2781;7,17
54424;2736;7,10
54425;2749;7,07
54426;2794;7,16
54427;2855;7,39
54428;2741;7,32
54429;2775;7,33
54430;2781;7,36
54431;2786;7,40
54432;2879;7,67
54433;2742;7,57
54434;2785;7,58
54435;2799;7,63
54436;2800;7,68
54437;2841;7,83
54438;2747;7,72
54439;2803;7,77
54440;2785;7,76
54441;2839;7,90
54452;2754;7,80
54453;2861;7,99
54454;2777;7,94
54455;2820;8,01
54456;2752;7,90
54457;2764;7,83
54458;2767;7,77
54459;2745;7,67
54460;2768;7,63
54461;2739;7,52
54462;2751;7,46
54463;2779;7,47
54464;2749;7,40
54465;2737;7,31
54466;2777;7,34
54467;2767;7,33
54468;2832;7,49
54469;2869;7,72
54470;2738;7,61
54471;2737;7,50
54472;2806;7,57
54473;2736;7,46
54484;2810;7,55
54485;2747;7,48
54486;2757;7,43
54487;2736;7,34
54488;2742;7,27
54489;2790;7,32
54490;2750;7,28
54491;2723;7,16
54492;2732;7,09
54493;2735;7,02
54494;2737;6,97
54495;2735;6,92
54496;2799;7,04
54497;2773;7,08
54498;2726;6,99
54499;2725;6,91
54500;2735;6,87
54501;2736;6,83
54502;2714;6,74
54503;2741;6,73
54504;2786;6,83
54505;2733;6,79
54517;2718;6,71
54518;2718;6,65
54519;2727;6,61
54520;2720;6,55
54521;2721;6,51
54522;2721;6,47
54523;2714;6,42
54524;2727;6,40
54525;2720;6,37
54526;2721;6,34
54527;2723;6,32
54528;2724;6,31
54529;2711;6,26
54530;2719;6,24
54531;2723;6,24
54532;2723;6,23
54533;2722;6,22
54534;2720;6,20
54535;2723;6,20
54536;2715;6,18
54537;2713;6,15
54538;2716;6,13
54549;2708;6,10
54550;2800;6,30
54551;2775;6,42
54552;2713;6,36
54553;2741;6,39
54554;2736;6,40
54555;2722;6,37
54556;2769;6,47
54557;2721;6,43
54558;2714;6,38
54559;2743;6,41
54560;2741;6,43
54561;2839;6,70
54562;2714;6,62
54563;2757;6,66
54564;2746;6,67
54565;2711;6,59
54566;2710;6,51
54567;2717;6,46
54568;2731;6,45
54569;2737;6,46
54570;2711;6,40
54581;2723;6,37
54582;2800;6,55
54583;2771;6,63
54584;2768;6,70
54585;2729;6,66
54586;2752;6,68
54587;2763;6,73
54588;2739;6,71
54589;2864;7,01
54590;2733;6,95
54591;2732;6,90
54592;2736;6,86
54593;2822;7,04
54594;2796;7,13
54595;2736;7,07
54596;2736;7,01
54597;2801;7,12
54598;2762;7,13
54599;2721;7,02
54600;2736;6,97
54601;2818;7,13
54602;2726;7,04
54613;2731;6,97
54614;2753;6,97
54615;2751;6,96
54616;2832;7,15
54617;2718;7,04
54618;2763;7,05
54619;2730;6,98
54620;2774;7,03
54621;2829;7,21
54622;2788;7,27
54623;2729;7,17
54624;2829;7,34
54625;2765;7,33
54626;2770;7,33
54627;2705;7,17
54628;2756;7,15
54629;2706;7,01
54630;2718;6,91
54631;2713;6,81
54632;2709;6,71
54633;2722;6,65
54634;2742;6,65
54646;2764;6,71
54647;2755;6,73
54648;2740;6,72
54649;2800;6,86
54650;2800;6,98
54651;2768;7,01
54652;2753;7,00
54653;2794;7,10
54654;2800;7,20
54655;2765;7,20
54656;2761;7,19
54657;2813;7,32
54658;2743;7,25
54659;2754;7,22
54660;2769;7,23
54661;2767;7,24
54662;2762;7,23
54663;2801;7,32
54664;2736;7,23
54665;2739;7,17
54666;2798;7,26
54667;2763;7,25
54678;2796;7,32
54679;2725;7,21
54680;2774;7,24
54681;2735;7,16
54682;2736;7,09
54683;2717;6,98
54684;2718;6,89
54685;2714;6,79
54686;2722;6,73
54687;2689;6,58
54688;2711;6,51
54689;2716;6,46
54690;2770;6,55
54691;2770;6,63
54692;2722;6,58
54693;2754;6,61
54694;2748;6,63
54695;2726;6,59
54696;2787;6,71
54697;2751;6,73
54698;2731;6,69
54699;2715;6,62
54710;2738;6,61
54711;2734;6,59
54712;2725;6,55
54713;2793;6,69
54714;2752;6,71
54715;2726;6,66
54716;2778;6,75
54717;2814;6,92
54718;2736;6,88
54719;2723;6,81
54720;2725;6,75
54721;2770;6,81
54722;2730;6,76
54723;2730;6,72
54724;2740;6,71
54725;2777;6,79
54726;2727;6,73
54727;2730;6,69
54728;2873;7,02
54729;2736;6,97
54730;2791;7,06
54731;2780;7,11
54742;2726;7,03
54743;2775;7,07
54744;2771;7,10
54745;2707;6,97
54746;2708;6,85
54747;2719;6,77
54748;2753;6,78
54749;2711;6,69
54750;2707;6,60
54751;2722;6,55
54752;2736;6,54
54753;2749;6,57
54754;2754;6,61
54755;2719;6,55
54756;2718;6,50
54757;2718;6,45
54758;2733;6,45
54759;2729;6,44
54760;2791;6,58
54761;2715;6,52
54762;2711;6,45
54763;2774;6,55
54775;2721;6,51
54776;2757;6,56
54777;2733;6,54
54778;2736;6,54
54779;2729;6,52
54780;2741;6,53
54781;2799;6,68
54782;2736;6,66
54783;2726;6,62
54784;2741;6,62
54785;2737;6,61
54786;2752;6,64
54787;2727;6,60
54788;2739;6,60
54789;2723;6,55
54790;2741;6,56
54791;2738;6,56
54792;2737;6,55
54793;2735;6,54
54794;2741;6,55
54795;2735;6,54
54796;2773;6,63
54807;2850;6,90
54808;2771;6,95
54809;2749;6,94
54810;2743;6,91
54811;2779;6,98
54812;2700;6,84
54813;2807;6,98
54814;2768;7,01
54815;2719;6,92
54816;2704;6,79
54817;2703;6,68
54818;2705;6,58
54819;2746;6,60
54820;2790;6,72
54821;2703;6,62
54822;2745;6,63
54823;2731;6,60
54824;2736;6,59
54825;2711;6,52
54826;2741;6,53
54827;2763;6,59
54828;2690;6,46
54839;2864;6,79
54840;2778;6,87
54841;2786;6,95
54842;2752;6,95
54843;2830;7,14
54844;2746;7,10
54845;2816;7,24
54846;2765;7,24
54847;2832;7,41
54848;2727;7,29
54849;2783;7,33
54850;2742;7,26
54851;2785;7,31
54852;2764;7,30
54853;2797;7,37
54854;2741;7,29
54855;2736;7,21
54856;2923;7,61
54857;2752;7,54
54858;2747;7,46
54859;2897;7,77
54860;2742;7,66
54871;2725;7,52
54872;2736;7,41
54873;2766;7,40
54874;2791;7,44
54875;2723;7,32
54876;2725;7,21
54877;2736;7,13
54878;2729;7,05
54879;2766;7,07
54880;2721;6,97
54881;2738;6,93
54882;2754;6,93
54883;2750;6,92
54884;2773;6,97
54885;2726;6,90
54886;2730;6,84
54887;2714;6,75
54888;2722;6,69
54889;2735;6,67
54890;2731;6,64
54891;2736;6,62
54892;2711;6,55
54904;2746;6,56
54905;2770;6,64
54906;2827;6,86
54907;2718;6,78
54908;2736;6,75
54909;2727;6,70
54910;2775;6,78
54911;2727;6,72
54912;2805;6,88
54913;2734;6,83
54914;2772;6,89
54915;2801;7,01
54916;2734;6,95
54917;2736;6,91
54918;2732;6,86
54919;2835;7,07
54920;2736;7,01
54921;2735;6,96
54922;2729;6,89
54923;2735;6,85
54924;2736;6,81
54925;2733;6,77
54936;2843;7,02
54937;2753;7,01
54938;2821;7,17
54939;2738;7,11
54940;2816;7,25
54941;2770;7,26
54942;2833;7,43
54943;2785;7,46
54944;2803;7,53
54945;2730;7,41
54946;2818;7,52
54947;2790;7,56
54948;2737;7,45
54949;2922;7,83
54950;2733;7,69
54951;2749;7,60
54952;2719;7,44
54953;2753;7,39
54954;2783;7,42
54955;2736;7,33
54956;2769;7,33
54957;2736;7,24
54968;2729;7,15
54969;2864;7,41
54970;2761;7,38
54971;2739;7,30
54972;2722;7,18
54973;2736;7,11
54974;2775;7,15
54975;2832;7,32
54976;2822;7,46
54977;2720;7,32
54978;2731;7,23
54979;2770;7,24
54980;2849;7,45
54981;2737;7,35
54982;2768;7,35
54983;2769;7,35
54984;2800;7,42
54985;2746;7,35
54986;2751;7,31
54987;2736;7,22
54988;2791;7,29
54989;2737;7,21
55000;2752;7,18
55001;2849;7,40
55002;2842;7,57
55003;2796;7,62
55004;2747;7,53
55005;2756;7,48
55006;2752;7,42
55007;2761;7,39
55008;2830;7,54
55009;2737;7,44
55010;2753;7,38
55011;2864;7,62
55012;2752;7,55
55013;2752;7,48
55014;2751;7,42
55015;2768;7,41
55016;2825;7,54
55017;2882;7,80
55018;2743;7,69
55019;2761;7,63
55020;2839;7,78
55021;2765;7,72
55033;2893;8,00
55034;2822;8,06
55035;2809;8,09
55036;2860;8,24
55037;2875;8,42
55038;2815;8,43
55039;2742;8,25
55040;2742;8,09
55041;2846;8,21
55042;2797;8,19
55043;2877;8,38
55044;2805;8,36
55045;2738;8,18
55046;2797;8,16
55047;2807;8,18
55048;2743;8,02
55049;2800;8,03
55050;2742;7,89
55051;2795;7,90
55052;2786;7,89
55053;2793;7,89
55054;2735;7,75
55065;2755;7,67
55066;2739;7,56
55067;2766;7,53
55068;2736;7,42
55069;2755;7,38
55070;2735;7,29
55071;2752;7,25
55072;2787;7,30
55073;2773;7,31
55074;2739;7,24
55075;2736;7,16
55076;2736;7,10
55077;2753;7,08
55078;2793;7,16
55079;2768;7,18
55080;2764;7,18
55081;2749;7,14
55082;2733;7,07
55083;2736;7,01
55084;2731;6,95
55085;2811;7,09
55086;2770;7,12
55097;2750;7,09
55098;2768;7,11
55099;2841;7,31
55100;2800;7,39
55101;2774;7,40
55102;2753;7,35
55103;2754;7,31
55104;2864;7,55
55105;2749;7,48
55106;2764;7,45
55107;2768;7,43
55108;2784;7,46
55109;2768;7,44
55110;2835;7,60
55111;2843;7,76
55112;2755;7,68
55113;2768;7,64
55114;2766;7,60
55115;2739;7,50
55116;2762;7,46
55117;2768;7,45
55118;2749;7,38
55130;2739;7,30
55131;2736;7,22
55132;2832;7,39
55133;2725;7,27
55134;2798;7,35
55135;2779;7,37
55136;2722;7,25
55137;2784;7,29
55138;2762;7,28
55139;2719;7,16
55140;2724;7,06
55141;2763;7,07
55142;2727;6,99
55143;2726;6,91
55144;2779;6,98
55145;2761;6,99
55146;2718;6,90
55147;2759;6,92
55148;2762;6,94
55149;2771;6,98
55150;2762;7,00
55151;2738;6,95
55162;2801;7,07
55163;2795;7,16
55164;2758;7,15
55165;2855;7,38
55166;2766;7,37
55167;2814;7,48
55168;2800;7,54
55169;2778;7,54
55170;2816;7,64
55171;2873;7,87
55172;2866;8,06
55173;2795;8,05
55174;2799;8,06
55175;2894;8,30
55176;2799;8,28
55177;2787;8,23
55178;2877;8,41
55179;2851;8,51
55180;2798;8,46
55181;2786;8,39
55182;2784;8,32
55183;2786;8,27
55194;2800;8,25
55195;2768;8,16
55196;2799;8,15
55197;2781;8,10
55198;2752;7,98
55199;2742;7,84
55200;2763;7,78
55201;2758;7,70
55202;2795;7,73
55203;2747;7,63
55204;2812;7,71
55205;2783;7,71
55206;2800;7,75
55207;2775;7,72
55208;2867;7,93
55209;2754;7,83
55210;2746;7,72
55211;2837;7,85
55212;2831;7,96
55213;2743;7,83
55214;2767;7,77
55215;2790;7,78
55226;2749;7,68
55227;2848;7,85
55228;2838;7,97
55229;2751;7,86
55230;2743;7,74
55231;2775;7,71
55232;2748;7,62
55233;2839;7,77
55234;2749;7,67
55235;2749;7,59
55236;2759;7,54
55237;2795;7,58
55238;2817;7,68
55239;2863;7,88
55240;2765;7,81
55241;2769;7,76
55242;2787;7,77
55243;2768;7,72
55244;2772;7,69
55245;2837;7,82
55246;2810;7,88
55247;2767;7,82
55259;2813;7,88
55260;2795;7,89
55261;2813;7,94
55262;2841;8,06
55263;2775;8,00
55264;2766;7,93
55265;2783;7,90
55266;2921;8,23
55267;2821;8,27
55268;2761;8,16
55269;2928;8,47
55270;2764;8,35
55271;2855;8,46
55272;2759;8,32
55273;2766;8,22
55274;2768;8,12
55275;2762;8,03
55276;2769;7,96
55277;2916;8,26
55278;2780;8,20
55279;2787;8,16
55280;2753;8,03
55291;2787;8,01
55292;2782;7,97
55293;2832;8,07
55294;2771;8,00
55295;2754;7,89
55296;2784;7,87
55297;2800;7,90
55298;2833;8,00
55299;2757;7,90
55300;2774;7,86
55301;2768;7,80
55302;2805;7,84
55303;2859;8,02
55304;2861;8,18
55305;2757;8,07
55306;2784;8,03
55307;2847;8,16
55308;2767;8,07
55309;2777;8,01
55310;2783;7,98
55311;2858;8,14
55312;2751;8,01
55323;2785;7,98
55324;2759;7,89
55325;2800;7,91
55326;2750;7,81
55327;2752;7,72
55328;2741;7,61
55329;2783;7,61
55330;2833;7,75
55331;2827;7,85
55332;2752;7,75
55333;2768;7,71
55334;2783;7,71
55335;2926;8,06
55336;2749;7,94
55337;2865;8,12
55338;2763;8,03
55339;2777;7,98
55340;2913;8,27
55341;2765;8,17
55342;2769;8,08
55343;2764;8,00
55344;2817;8,05
55355;2785;8,02
55356;2842;8,13
55357;2777;8,07
55358;2830;8,15
55359;2778;8,09
55360;2788;8,06
55361;2829;8,14
55362;2770;8,06
55363;2799;8,06
55364;2798;8,06
55365;2803;8,07
55366;2783;8,04
55367;2793;8,02
55368;2924;8,35
55369;2768;8,24
55370;2864;8,39
55371;2766;8,28
55372;2807;8,28
55373;2781;8,21
55374;2862;8,36
55375;2779;8,28
55376;2753;8,14
55388;2741;7,99
55389;2752;7,88
55390;2758;7,80
55391;2736;7,67
55392;2755;7,60
55393;2756;7,54
55394;2752;7,47
55395;2752;7,41
55396;2785;7,45
55397;2767;7,43
55398;2753;7,38
55399;2778;7,39
55400;2754;7,35
55401;2762;7,33
55402;2758;7,30
55403;2759;7,28
55404;2769;7,28
55405;2768;7,28
55406;2786;7,33
55407;2783;7,37
55408;2769;7,36
55409;2796;7,43
55420;2857;7,64
55421;2798;7,68
55422;2830;7,80
55423;2818;7,87
55424;2836;7,99
55425;2781;7,95
55426;2806;7,98
55427;2829;8,07
55428;2773;8,00
55429;2768;7,93
55430;2832;8,03
55431;2755;7,93
55432;2839;8,04
55433;2755;7,94
55434;2791;7,93
55435;2768;7,87
55436;2844;8,00
55437;2759;7,91
55438;2815;7,97
55439;2765;7,89
55440;2832;7,99
55441;2778;7,95
55452;2736;7,80
55453;2767;7,75
55454;2755;7,67
55455;2873;7,90
55456;2781;7,87
55457;2752;7,78
55458;2752;7,69
55459;2841;7,83
55460;2768;7,78
55461;2752;7,69
55462;2839;7,83
55463;2775;7,80
55464;2753;7,71
55465;2759;7,64
55466;2770;7,61
55467;2885;7,88
55468;2915;8,19
55469;2801;8,19
55470;2768;8,10
55471;2911;8,38
55472;2772;8,28
55473;2779;8,21
55484;2859;8,35
55485;2774;8,26
55486;2787;8,21
55487;2839;8,30
55488;2759;8,18
55489;2768;8,09
55490;2767;8,01
55491;2771;7,94
55492;2768;7,88
55493;2767;7,82
55494;2768;7,77
55495;2765;7,71
55496;2857;7,90
55497;2802;7,92
55498;2763;7,85
55499;2765;7,78
55500;2783;7,77
55501;2786;7,77
55502;2771;7,73
55503;2748;7,64
55504;2761;7,59
55505;2861;7,79
55517;2741;7,67
55518;2743;7,57
55519;2757;7,52
55520;2736;7,42
55521;2749;7,36
55522;2741;7,28
55523;2750;7,24
55524;2741;7,18
55525;2743;7,12
55526;2759;7,12
55527;2746;7,08
55528;2751;7,06
55529;2754;7,05
55530;2753;7,03
55531;2747;7,01
55532;2754;7,00
55533;2754;7,00
55534;2754;6,99
55535;2742;6,96
55536;2749;6,94
55537;2755;6,94
55538;2743;6,92
55549;2742;6,89
55550;2813;7,04
55551;2816;7,19
55552;2753;7,16
55553;2809;7,28
55554;2804;7,37
55555;2751;7,32
55556;2787;7,37
55557;2762;7,35
55558;2752;7,30
55559;2748;7,25
55560;2755;7,22
55561;2839;7,41
55562;2822;7,53
55563;2861;7,75
55564;2800;7,78
55565;2750;7,69
55566;2775;7,67
55567;2762;7,61
55568;2859;7,81
55569;2762;7,75
55570;2834;7,87
55581;2839;7,99
55582;2809;8,03
55583;2816;8,07
55584;2759;7,97
55585;2762;7,89
55586;2741;7,76
55587;2768;7,72
55588;2813;7,79
55589;2782;7,77
55590;2750;7,68
55591;2789;7,70
55592;2759;7,63
55593;2771;7,61
55594;2749;7,53
55595;2825;7,65
55596;2783;7,65
55597;2823;7,76
55598;2813;7,82
55599;2866;8,02
55600;2834;8,11
55601;2752;7,99
55602;2762;7,91
55613;2813;7,96
55614;2796;7,96
55615;2834;8,07
55616;2783;8,03
55617;2749;7,91
55618;2757;7,82
55619;2768;7,76
55620;2783;7,76
55621;2820;7,84
55622;2809;7,89
55623;2755;7,80
55624;2775;7,77
55625;2854;7,94
55626;2743;7,81
55627;2794;7,82
55628;2764;7,76
55629;2784;7,76
55630;2803;7,80
55631;2858;7,98
55632;2753;7,87
55633;2746;7,76
55634;2763;7,70
55646;2739;7,59
55647;2746;7,50
55648;2743;7,42
55649;2748;7,35
55650;2747;7,30
55651;2736;7,22
55652;2747;7,17
55653;2750;7,14
55654;2739;7,08
55655;2749;7,05
55656;2752;7,04
55657;2741;7,00
55658;2739;6,95
55659;2743;6,92
55660;2743;6,90
55661;2739;6,86
55662;2743;6,84
55663;2736;6,81
55664;2736;6,78
55665;2739;6,76
55666;2741;6,74
55667;2736;6,72
55678;2747;6,72
55679;2774;6,79
55680;2793;6,91
55681;2761;6,93
55682;2763;6,95
55683;2755;6,95
55684;2752;6,95
55685;2770;6,99
55686;2787;7,07
55687;2758;7,07
55688;2755;7,06
55689;2773;7,09
55690;2819;7,24
55691;2750;7,20
55692;2752;7,17
55693;2777;7,21
55694;2745;7,16
55695;2749;7,12
55696;2782;7,18
55697;2758;7,16
55698;2755;7,14
55699;2751;7,12
55710;2743;7,07
55711;2752;7,05
55712;2820;7,21
55713;2785;7,26
55714;2764;7,25
55715;2740;7,19
55716;2759;7,18
55717;2800;7,27
55718;2737;7,19
55719;2737;7,13
55720;2782;7,18
55721;2752;7,15
55722;2864;7,41
55723;2738;7,32
55724;2758;7,29
55725;2758;7,27
55726;2727;7,17
55727;2729;7,08
55728;2768;7,10
55729;2791;7,18
55730;2745;7,13
55731;2729;7,05
55742;2832;7,24
55743;2743;7,18
55744;2896;7,52
55745;2746;7,44
55746;2818;7,55
55747;2777;7,55
55748;2751;7,48
55749;2938;7,89
55750;2752;7,79
55751;2751;7,70
55752;2753;7,62
55753;2767;7,59
55754;2955;8,03
55755;2858;8,19
55756;2755;8,06
55757;2783;8,03
55758;2814;8,07
55759;2848;8,19
55760;2786;8,15
55761;2763;8,05
55762;2757;7,95
55763;2747;7,83
55775;2719;7,65
55776;2711;7,47
55777;2733;7,37
55778;2722;7,24
55779;2711;7,11
55780;2718;7,00
55781;2720;6,91
55782;2715;6,81
55783;2704;6,70
55784;2707;6,60
55785;2718;6,55
55786;2710;6,47
55787;2724;6,45
55788;2719;6,41
55789;2719;6,37
55790;2725;6,36
55791;2725;6,34
55792;2718;6,31
55793;2720;6,29
55794;2737;6,31
55795;2727;6,31
55796;2734;6,32
55807;2705;6,26
55808;2729;6,26
55809;2774;6,38
55810;2716;6,34
55811;2703;6,27
55812;2695;6,19
55813;2690;6,10
55814;2690;6,03
55815;2698;5,98
55816;2695;5,92
55817;2685;5,85
55818;2673;5,75
55819;2813;6,02
55820;2693;5,96
55821;2688;5,89
55822;2731;5,94
55823;2730;5,98
55824;2684;5,90
55825;2686;5,83
55826;2688;5,77
55827;2676;5,69
55828;2746;5,80
55839;2662;5,68
55840;2739;5,77
55841;2663;5,66
55842;2659;5,54
55843;2693;5,53
55844;2718;5,58
55845;2677;5,52
55846;2707;5,54
55847;2676;5,49
55848;2667;5,41
55849;2681;5,38
55850;2686;5,37
55851;2685;5,35
55852;2704;5,38
55853;2688;5,37
55854;2711;5,42
55855;2683;5,39
55856;2767;5,58
55857;2715;5,62
55858;2800;5,87
55859;2721;5,89
55860;2751;5,99
55871;2710;5,97
55872;2741;6,04
55873;2714;6,03
55874;2810;6,26
55875;2722;6,25
55876;2812;6,46
55877;2750;6,50
55878;2715;6,45
55879;2781;6,56
55880;2711;6,49
55881;2743;6,51
55882;2713;6,45
55883;2717;6,41
55884;2709;6,35
55885;2721;6,32
55886;2727;6,32
55887;2722;6,30
55888;2768;6,40
55889;2754;6,45
55890;2747;6,48
55891;2735;6,48
55892;2715;6,43
55904;2704;6,35
55905;2704;6,29
55906;2750;6,34
55907;2829;6,59
55908;2706;6,51
55909;2807;6,68
55910;2710;6,60
55911;2827;6,82
55912;2701;6,70
55913;2713;6,62
55914;2706;6,53
55915;2706;6,45
55916;2707;6,38
55917;2816;6,59
55918;2717;6,53
55919;2807;6,71
55920;2705;6,61
55921;2816;6,80
55922;2711;6,70
55923;2807;6,86
55924;2704;6,74
55925;2821;6,93
55936;2711;6,83
55937;2713;6,73
55938;2768;6,79
55939;2738;6,76
55940;2768;6,82
55941;2704;6,70
55942;2738;6,69
55943;2710;6,60
55944;2794;6,74
55945;2730;6,70
55946;2709;6,61
55947;2707;6,52
55948;2765;6,59
55949;2710;6,52
55950;2720;6,47
55951;2867;6,81
55952;2714;6,72
55953;2794;6,84
55954;2810;6,99
55955;2704;6,86
55956;2717;6,78
55957;2783;6,87
55968;2734;6,82
55969;2736;6,79
55970;2687;6,64
55971;2672;6,46
55972;2674;6,31
55973;2759;6,38
55974;2687;6,27
55975;2715;6,24
55976;2768;6,34
55977;2678;6,21
55978;2689;6,12
55979;2685;6,03
55980;2754;6,12
55981;2704;6,07
55982;2678;5,97
55983;2667;5,85
55984;2696;5,81
55985;2658;5,68
55986;2666;5,58
55987;2672;5,51
55988;2719;5,57
55989;2800;5,82
56000;2720;5,85
56001;2708;5,84
56002;2666;5,73
56003;2647;5,58
56004;2673;5,51
56005;2749;5,64
56006;2642;5,49
56007;2667;5,41
56008;2645;5,29
56009;2645;5,18
56010;2693;5,20
56011;2662;5,14
56012;2758;5,33
56013;2640;5,21
56014;2696;5,23
56015;2641;5,12
56016;2655;5,05
56017;2635;4,94
56018;2661;4,90
56019;2631;4,80
56020;2633;4,70
56021;2675;4,73
56033;2723;4,87
56034;2639;4,79
56035;2736;4,96
56036;2694;5,00
56037;2698;5,06
56038;2623;4,91
56039;2682;4,93
56040;2686;4,96
56041;2654;4,91
56042;2666;4,89
56043;2687;4,93
56044;2633;4,82
56045;2657;4,79
56046;2658;4,76
56047;2726;4,91
56048;2653;4,86
56049;2665;4,84
56050;2626;4,73
56051;2651;4,69
56052;2615;4,56
56053;2671;4,59
56054;2629;4,51
56065;2615;4,40
56066;2619;4,31
56067;2650;4,31
56068;2618;4,23
56069;2634;4,20
56070;2659;4,23
56071;2636;4,21
56072;2629;4,16
56073;2621;4,10
56074;2621;4,05
56075;2623;4,01
56076;2662;4,07
56077;2670;4,14
56078;2624;4,10
56079;2623;4,05
56080;2626;4,01
56081;2615;3,96
56082;2666;4,03
56083;2617;3,98
56084;2661;4,04
56085;2672;4,12
56086;2709;4,29
56097;2695;4,41
56098;2630;4,35
56099;2629;4,29
56100;2636;4,26
56101;2634;4,22
56102;2659;4,25
56103;2663;4,29
56104;2656;4,31
56105;2624;4,24
56106;2622;4,18
56107;2640;4,17
56108;2615;4,09
56109;2638;4,08
56110;2638;4,08
56111;2623;4,03
56112;2640;4,03
56113;2624;4,00
56114;2781;4,36
56115;2627;4,30
56116;2631;4,25
56117;2677;4,32
56118;2689;4,42
56129;2618;4,33
56130;2629;4,28
56131;2661;4,31
56132;2647;4,30
56133;2627;4,24
56134;2624;4,18
56135;2670;4,25
56136;2693;4,36
56137;2717;4,53
56138;2621;4,43
56139;2624;4,35
56140;2657;4,37
56141;2611;4,26
56142;2722;4,45
56143;2690;4,54
56144;2631;4,47
56145;2613;4,36
56146;2781;4,68
56147;2612;4,55
56148;2621;4,45
56149;2606;4,33
56150;2618;4,25
56162;2637;4,22
56163;2614;4,14
56164;2632;4,11
56165;2615;4,04
56166;2608;3,96
56167;2608;3,89
56168;2618;3,85
56169;2621;3,82
56170;2603;3,75
56171;2603;3,69
56172;2696;3,87
56173;2602;3,79
56174;2645;3,83
56175;2603;3,76
56176;2613;3,72
56177;2624;3,72
56178;2597;3,64
56179;2633;3,66
56180;2628;3,67
56181;2608;3,63
56182;2605;3,59
56183;2609;3,55
56194;2586;3,47
56195;2599;3,42
56196;2642;3,49
56197;2618;3,49
56198;2608;3,47
56199;2624;3,49
56200;2621;3,50
56201;2602;3,46
56202;2591;3,39
56203;2608;3,38
56204;2593;3,33
56205;2671;3,48
56206;2719;3,74
56207;2653;3,80
56208;2655;3,87
56209;2586;3,75
56210;2595;3,67
56211;2687;3,82
56212;2607;3,76
56213;2653;3,83
56214;2593;3,73
56215;2591;3,64
56226;2605;3,59
56227;2599;3,54
56228;2671;3,67
56229;2638;3,70
56230;2609;3,66
56231;2559;3,49
56232;2592;3,43
56233;2590;3,36
56234;2599;3,33
56235;2589;3,27
56236;2583;3,21
56237;2670;3,37
56238;2592;3,32
56239;2586;3,25
56240;2589;3,21
56241;2597;3,18
56242;2598;3,16
56243;2690;3,38
56244;2624;3,41
56245;2591;3,35
56246;2590;3,29
56247;2634;3,35
56259;2592;3,30
56260;2559;3,17
56261;2607;3,18
56262;2606;3,18
56263;2595;3,15
56264;2642;3,25
56265;2635;3,32
56266;2592;3,27
56267;2586;3,21
56268;2595;3,18
56269;2587;3,14
56270;2585;3,09
56271;2592;3,07
56272;2624;3,12
56273;2594;3,10
56274;2635;3,18
56275;2559;3,07
56276;2594;3,05
56277;2587;3,02
56278;2589;2,99
56279;2598;2,99
56280;2669;3,17
56291;2581;3,11
56292;2615;3,14
56293;2655;3,27
56294;2590;3,22
56295;2589;3,18
56296;2587;3,13
56297;2583;3,08
56298;2658;3,22
56299;2677;3,40
56300;2619;3,41
56301;2597;3,37
56302;2615;3,38
56303;2590;3,32
56304;2586;3,25
56305;2589;3,21
56306;2585;3,15
56307;2592;3,12
56308;2594;3,10
56309;2621;3,15
56310;2605;3,15
56311;2608;3,16
56312;2582;3,10
56323;2599;3,09
56324;2629;3,16
56325;2592;3,13
56326;2635;3,21
56327;2624;3,26
56328;2597;3,23
56329;2591;3,19
56330;2655;3,31
56331;2613;3,32
56332;2593;3,27
56333;2605;3,26
56334;2662;3,40
56335;2618;3,41
56336;2625;3,44
56337;2672;3,58
56338;2614;3,56
56339;2639;3,61
56340;2559;3,45
56341;2608;3,43
56342;2635;3,48
56343;2588;3,41
56344;2586;3,33
56355;2583;3,26
56356;2590;3,22
56357;2671;3,38
56358;2559;3,24
56359;2559;3,12
56360;2559;3,01
56361;2582;2,97
56362;2559;2,87
56363;2559;2,78
56364;2559;2,71
56365;2588;2,71
56366;2559;2,64
56367;2705;2,95
56368;2557;2,85
56369;2555;2,75
56370;2559;2,68
56371;2603;2,72
56372;2592;2,74
56373;2559;2,66
56374;2559;2,60
56375;2557;2,53
56376;2582;2,54
56388;2546;2,45
56389;2544;2,37
56390;2559;2,33
56391;2550;2,28
56392;2542;2,21
56393;2546;2,16
56394;2554;2,13
56395;2559;2,12
56396;2535;2,05
56397;2542;2,00
56398;2559;2,00
56399;2547;1,97
56400;2610;2,10
56401;2533;2,03
56402;2587;2,10
56403;2533;2,02
56404;2544;1,98
56405;2544;1,95
56406;2537;1,90
56407;2537;1,85
56408;2550;1,85
56409;2538;1,81
56420;2557;1,82
56421;2612;1,98
56422;2544;1,94
56423;2535;1,89
56424;2543;1,86
56425;2539;1,82
56426;2583;1,90
56427;2545;1,88
56428;2544;1,85
56429;2543;1,83
56430;2542;1,80
56431;2630;2,00
56432;2542;1,96
56433;2539;1,92
56434;2544;1,89
56435;2535;1,84
56436;2535;1,79
56437;2545;1,78
56438;2538;1,75
56439;2545;1,74
56440;2559;1,77
56441;2527;1,71
56452;2559;1,74
56453;2559;1,77
56454;2544;1,75
56455;2544;1,74
56456;2559;1,77
56457;2544;1,75
56458;2608;1,90
56459;2642;2,12
56460;2544;2,07
56461;2553;2,05
56462;2550;2,03
56463;2547;1,99
56464;2608;2,12
56465;2550;2,09
56466;2631;2,26
56467;2559;2,24
56468;2551;2,19
56469;2593;2,26
56470;2559;2,23
56471;2559;2,21
56472;2549;2,17
56473;2549;2,13
56484;2559;2,11
56485;2559;2,10
56486;2611;2,23
56487;2639;2,41
56488;2559;2,37
56489;2649;2,56
56490;2556;2,50
56491;2627;2,62
56492;2559;2,56
56493;2559;2,50
56494;2551;2,43
56495;2559;2,39
56496;2551;2,33
56497;2559;2,30
56498;2559;2,27
56499;2625;2,41
56500;2559;2,37
56501;2592;2,42
56502;2559;2,38
56503;2559;2,34
56504;2587;2,38
56505;2590;2,42
56517;2559;2,38
56518;2559;2,34
56519;2558;2,31
56520;2559;2,28
56521;2559;2,25
56522;2559;2,23
56523;2557;2,20
56524;2559;2,18
56525;2559;2,16
56526;2559;2,15
56527;2559;2,13
56528;2559;2,12
56529;2559;2,11
56530;2559;2,10
56531;2559;2,09
56532;2559;2,08
56533;2559;2,08
56534;2559;2,07
56535;2559;2,06
56536;2559;2,06
56537;2559;2,05
56538;2559;2,05
56549;2581;2,10
56550;2559;2,09
56551;2559;2,08
56552;2625;2,24
56553;2559;2,22
56554;2559;2,20
56555;2559;2,18
56556;2559;2,16
56557;2593;2,23
56558;2559;2,21
56559;2617;2,34
56560;2603;2,42
56561;2559;2,37
56562;2608;2,46
56563;2559;2,42
56564;2557;2,37
56565;2619;2,49
56566;2591;2,52
56567;2626;2,64
56568;2559;2,58
56569;2553;2,50
56570;2606;2,57
56581;2559;2,52
56582;2544;2,43
56583;2551;2,37
56584;2624;2,49
56585;2559;2,45
56586;2555;2,39
56587;2559;2,35
56588;2618;2,47
56589;2656;2,67
56590;2625;2,77
56591;2583;2,75
56592;2603;2,79
56593;2635;2,91
56594;2554;2,80
56595;2591;2,80
56596;2559;2,72
56597;2626;2,82
56598;2550;2,72
56599;2599;2,75
56600;2559;2,67
56601;2545;2,57
56602;2559;2,52
56613;2649;2,69
56614;2602;2,73
56615;2605;2,78
56616;2554;2,69
56617;2559;2,62
56618;2608;2,68
56619;2555;2,61
56620;2602;2,65
56621;2559;2,59
56622;2594;2,62
56623;2550;2,54
56624;2555;2,47
56625;2641;2,63
56626;2557;2,57
56627;2556;2,50
56628;2546;2,42
56629;2551;2,36
56630;2559;2,32
56631;2559;2,29
56632;2601;2,37
56633;2549;2,31
56634;2662;2,54
56646;2553;2,47
56647;2559;2,43
56648;2546;2,35
56649;2555;2,31
56650;2559;2,28
56651;2559;2,25
56652;2547;2,20
56653;2554;2,16
56654;2557;2,14
56655;2559;2,13
56656;2554;2,11
56657;2559;2,10
56658;2548;2,06
56659;2554;2,04
56660;2551;2,02
56661;2559;2,02
56662;2559;2,02
56663;2551;2,00
56664;2559;2,00
56665;2559;2,00
56666;2550;1,98
56667;2555;1,97
56678;2556;1,97
56679;2559;1,97
56680;2559;1,97
56681;2619;2,13
56682;2559;2,12
56683;2558;2,10
56684;2549;2,07
56685;2608;2,19
56686;2622;2,33
56687;2554;2,28
56688;2549;2,23
56689;2559;2,21
56690;2701;2,55
56691;2609;2,62
56692;2554;2,55
56693;2613;2,63
56694;2559;2,57
56695;2699;2,87
56696;2559;2,78
56697;2559;2,70
56698;2614;2,77
56699;2622;2,86
56710;2557;2,77
56711;2555;2,68
56712;2559;2,61
56713;2635;2,75
56714;2553;2,66
56715;2558;2,59
56716;2551;2,51
56717;2559;2,46
56718;2626;2,59
56719;2555;2,52
56720;2559;2,47
56721;2654;2,66
56722;2543;2,56
56723;2554;2,49
56724;2559;2,44
56725;2557;2,39
56726;2559;2,35
56727;2686;2,64
56728;2672;2,86
56729;2559;2,78
56730;2559;2,70
56731;2604;2,75
56742;2559;2,67
56743;2559;2,61
56744;2607;2,67
56745;2607;2,72
56746;2559;2,65
56747;2547;2,56
56748;2643;2,71
56749;2594;2,73
56750;2554;2,65
56751;2549;2,56
56752;2605;2,62
56753;2542;2,52
56754;2555;2,46
56755;2544;2,37
56756;2559;2,34
56757;2559;2,30
56758;2554;2,26
56759;2559;2,24
56760;2640;2,42
56761;2559;2,38
56762;2640;2,55
56763;2637;2,69
56775;2698;2,97
56776;2758;3,38
56777;2665;3,51
56778;2647;3,58
56779;2652;3,66
56780;2655;3,74
56781;2661;3,82
56782;2658;3,89
56783;2652;3,94
56784;2663;4,01
56785;2559;3,81
56786;2665;3,90
56787;2746;4,18
56788;2786;4,54
56789;2679;4,59
56790;2742;4,80
56791;2740;4,97
56792;2804;5,30
56793;2681;5,28
56794;2773;5,49
56795;2798;5,75
56796;2741;5,84
56807;2581;5,51
56808;2606;5,28
56809;2738;5,40
56810;2603;5,18
56811;2559;4,86
56812;2559;4,57
56813;2559;4,32
56814;2721;4,50
56815;2559;4,25
56816;2597;4,12
56817;2605;4,03
56818;2660;4,08
56819;2736;4,32
56820;2555;4,08
56821;2559;3,87
56822;2592;3,77
56823;2656;3,84
56824;2710;4,04
56825;2559;3,83
56826;2559;3,65
56827;2619;3,64
56828;2556;3,47
56839;2727;3,75
56840;2551;3,55
56841;2583;3,46
56842;2623;3,48
56843;2559;3,33
56844;2559;3,20
56845;2605;3,20
56846;2591;3,16
56847;2559;3,04
56848;2556;2,93
56849;2559;2,84
56850;2627;2,93
56851;2559;2,84
56852;2551;2,73
56853;2559;2,66
56854;2559;2,60
56855;2549;2,51
56856;2754;2,96
56857;2559;2,86
56858;2559;2,78
56859;2582;2,76
56860;2655;2,93
56871;2559;2,83
56872;2610;2,88
56873;2599;2,89
56874;2602;2,91
56875;2594;2,91
56876;2551;2,80
56877;2559;2,72
56878;2620;2,81
56879;2559;2,73
56880;2559;2,65
56881;2550;2,57
56882;2555;2,50
56883;2550;2,43
56884;2559;2,39
56885;2559;2,35
56886;2559;2,32
56887;2587;2,36
56888;2629;2,50
56889;2551;2,43
56890;2559;2,39
56891;2559;2,35
56892;2559;2,32
56904;2605;2,40
56905;2559;2,36
56906;2554;2,31
56907;2594;2,37
56908;2604;2,45
56909;2602;2,51
56910;2594;2,55
56911;2598;2,60
56912;2597;2,63
56913;2559;2,57
56914;2605;2,63
56915;2601;2,68
56916;2608;2,73
56917;2598;2,76
56918;2598;2,78
56919;2603;2,82
56920;2559;2,74
56921;2606;2,78
56922;2608;2,83
56923;2597;2,84
56924;2602;2,87
56925;2685;3,10
56936;2620;3,15
56937;2621;3,19
56938;2670;3,35
56939;2557;3,21
56940;2559;3,09
56941;2609;3,11
56942;2615;3,14
56943;2625;3,20
56944;2556;3,07
56945;2551;2,94
56946;2768;3,38
56947;2601;3,35
56948;2559;3,21
56949;2559;3,09
56950;2582;3,04
56951;2621;3,10
56952;2557;2,98
56953;2610;3,01
56954;2667;3,19
56955;2557;3,06
56956;2585;3,02
56957;2559;2,92
56968;2559;2,83
56969;2558;2,75
56970;2583;2,73
56971;2685;2,98
56972;2559;2,88
56973;2587;2,87
56974;2611;2,91
56975;2548;2,79
56976;2559;2,72
56977;2558;2,64
56978;2583;2,64
56979;2559;2,58
56980;2607;2,64
56981;2705;2,95
56982;2559;2,85
56983;2593;2,86
56984;2557;2,77
56985;2736;3,14
56986;2610;3,15
56987;2593;3,13
56988;2559;3,01
56989;2559;2,91
57000;2559;2,82
57001;2834;3,44
57002;2608;3,42
57003;2559;3,28
57004;2559;3,15
57005;2587;3,11
57006;2559;3,00
57007;2583;2,96
57008;2559;2,86
57009;2559;2,78
57010;2558;2,70
57011;2558;2,63
57012;2614;2,71
57013;2659;2,89
57014;2559;2,80
57015;2559;2,72
57016;2559;2,65
57017;2626;2,76
57018;2653;2,92
57019;2592;2,91
57020;2559;2,82
57021;2559;2,74
57033;2597;2,76
57034;2559;2,69
57035;2656;2,87
57036;2590;2,86
57037;2559;2,77
57038;2589;2,77
57039;2624;2,86
57040;2608;2,90
57041;2616;2,95
57042;2605;2,98
57043;2587;2,95
57044;2646;3,08
57045;2603;3,08
57046;2627;3,15
57047;2594;3,12
57048;2586;3,08
57049;2555;2,96
57050;2559;2,87
57051;2559;2,78
57052;2581;2,76
57053;2625;2,85
57054;2592;2,85
57065;2637;2,96
57066;2559;2,87
57067;2559;2,78
57068;2559;2,70
57069;2590;2,71
57070;2559;2,64
57071;2615;2,72
57072;2559;2,65
57073;2559;2,59
57074;2558;2,53
57075;2699;2,83
57076;2635;2,94
57077;2640;3,05
57078;2554;2,93
57079;2587;2,91
57080;2559;2,82
57081;2553;2,73
57082;2559;2,65
57083;2559;2,59
57084;2713;2,92
57085;2559;2,83
57086;2553;2,73
57097;2611;2,79
57098;2584;2,78
57099;2608;2,82
57100;2559;2,74
57101;2554;2,66
57102;2559;2,59
57103;2641;2,74
57104;2613;2,80
57105;2710;3,11
57106;2559;3,00
57107;2559;2,90
57108;2636;3,00
57109;2707;3,28
57110;2559;3,15
57111;2559;3,04
57112;2598;3,03
57113;2559;2,93
57114;2719;3,24
57115;2559;3,12
57116;2559;3,01
57117;2559;2,91
57118;2633;3,01
57129;2653;3,14
57130;2559;3,03
57131;2607;3,05
57132;2559;2,95
57133;2559;2,85
57134;2559;2,77
57135;2602;2,80
57136;2557;2,72
57137;2559;2,65
57138;2589;2,66
57139;2707;2,97
57140;2653;3,11
57141;2559;3,00
57142;2773;3,44
57143;2549;3,27
57144;2599;3,25
57145;2544;3,09
57146;2559;2,98
57147;2588;2,96
57148;2586;2,93
57149;2614;2,98
57150;2558;2,88
57162;2559;2,79
57163;2559;2,71
57164;2559;2,64
57165;2615;2,72
57166;2544;2,61
57167;2559;2,55
57168;2559;2,50
57169;2582;2,51
57170;2559;2,46
57171;2647;2,63
57172;2559;2,57
57173;2559;2,52
57174;2618;2,61
57175;2559;2,55
57176;2553;2,48
57177;2558;2,43
57178;2552;2,37
57179;2559;2,34
57180;2557;2,30
57181;2583;2,33
57182;2559;2,30
57183;2559;2,27
57194;2555;2,23
57195;2559;2,21
57196;2596;2,28
57197;2559;2,26
57198;2559;2,23
57199;2646;2,43
57200;2559;2,39
57201;2583;2,41
57202;2549;2,35
57203;2704;2,68
57204;2559;2,61
57205;2556;2,54
57206;2530;2,42
57207;2559;2,38
57208;2688;2,67
57209;2669;2,88
57210;2558;2,79
57211;2559;2,71
57212;2559;2,64
57213;2559;2,58
57214;2594;2,61
57215;2559;2,55
57226;2660;2,75
57227;2559;2,68
57228;2594;2,70
57229;2559;2,63
57230;2551;2,55
57231;2559;2,49
57232;2679;2,75
57233;2621;2,83
57234;2625;2,92
57235;2551;2,81
57236;2555;2,72
57237;2641;2,85
57238;2747;3,24
57239;2695;3,46
57240;2559;3,32
57241;2559;3,19
57242;2559;3,07
57243;2559;2,96
57244;2554;2,86
57245;2559;2,77
57246;2559;2,69
57247;2624;2,79
57258;2559;2,71
57259;2559;2,64
57260;2621;2,74
57261;2603;2,77
57262;2550;2,68
57263;2547;2,58
57264;2594;2,61
57265;2559;2,55
57266;2628;2,67
57267;2559;2,60
57268;2559;2,54
57269;2550;2,47
57270;2608;2,55
57271;2609;2,62
57272;2549;2,53
57273;2553;2,47
57274;2549;2,39
57275;2547;2,33
57276;2655;2,54
57277;2553;2,47
57278;2559;2,42
57279;2559;2,38
57291;2559;2,34
57292;2610;2,44
57293;2583;2,46
57294;2559;2,41
57295;2559;2,37
57296;2553;2,32
57297;2559;2,29
57298;2553;2,25
57299;2608;2,35
57300;2559;2,31
57301;2550;2,26
57302;2555;2,22
57303;2559;2,20
57304;2549;2,16
57305;2559;2,14
57306;2615;2,27
57307;2546;2,21
57308;2559;2,19
57309;2587;2,24
57310;2559;2,22
57311;2559;2,20
57312;2583;2,24
57323;2559;2,22
57324;2589;2,27
57325;2608;2,37
57326;2559;2,33
57327;2598;2,40
57328;2559;2,36
57329;2549;2,30
57330;2589;2,35
57331;2602;2,42
57332;2583;2,44
57333;2607;2,52
57334;2614;2,61
57335;2644;2,76
57336;2555;2,68
57337;2672;2,90
57338;2623;2,97
57339;2554;2,86
57340;2610;2,91
57341;2559;2,82
57342;2599;2,84
57343;2659;3,01
57344;2672;3,19
57355;2581;3,13
57356;2635;3,21
57357;2725;3,51
57358;2559;3,36
57359;2559;3,22
57360;2581;3,16
57361;2610;3,17
57362;2521;2,96
57363;2559;2,87
57364;2593;2,87
57365;2635;2,97
57366;2559;2,88
57367;2587;2,86
57368;2544;2,74
57369;2546;2,63
57370;2631;2,75
57371;2559;2,68
57372;2559;2,61
57373;2632;2,73
57374;2559;2,66
57375;2559;2,60
57376;2603;2,65
57388;2736;3,03
57389;2601;3,04
57390;2593;3,02
57391;2559;2,92
57392;2559;2,83
57393;2682;3,06
57394;2559;2,95
57395;2608;2,98
57396;2553;2,87
57397;2559;2,78
57398;2594;2,79
57399;2559;2,72
57400;2553;2,63
57401;2666;2,84
57402;2559;2,76
57403;2584;2,74
57404;2620;2,83
57405;2741;3,20
57406;2608;3,21
57407;2589;3,16
57408;2554;3,04
57409;2555;2,92
57420;2624;3,00
57421;2669;3,18
57422;2559;3,06
57423;2582;3,01
57424;2559;2,91
57425;2637;3,02
57426;2559;2,92
57427;2623;2,99
57428;2559;2,89
57429;2555;2,79
57430;2582;2,77
57431;2559;2,70
57432;2657;2,88
57433;2615;2,93
57434;2557;2,83
57435;2679;3,05
57436;2634;3,14
57437;2640;3,23
57438;2630;3,29
57439;2559;3,16
57440;2559;3,05
57441;2551;2,92
57452;2559;2,83
57453;2559;2,75
57454;2701;3,03
57455;2558;2,93
57456;2559;2,84
57457;2559;2,75
57458;2602;2,79
57459;2629;2,89
57460;2626;2,97
57461;2559;2,87
57462;2559;2,79
57463;2832;3,40
57464;2637;3,46
57465;2559;3,31
57466;2559;3,18
57467;2736;3,51
57468;2559;3,36
57469;2672;3,51
57470;2581;3,42
57471;2559;3,28
57472;2611;3,28
57473;2582;3,21
57484;2559;3,09
57485;2548;2,96
57486;2659;3,11
57487;2559;3,00
57488;2559;2,90
57489;2595;2,91
57490;2640;3,02
57491;2559;2,92
57492;2559;2,83
57493;2592;2,83
57494;2559;2,75
57495;2602;2,78
57496;2555;2,70
57497;2559;2,63
57498;2663;2,83
57499;2800;3,36
57500;2625;3,39
57501;2658;3,50
57502;2559;3,35
57503;2651;3,45
57504;2593;3,39
57505;2559;3,25
57517;2711;3,51
57518;2704;3,73
57519;2634;3,75
57520;2555;3,56
57521;2559;3,41
57522;2559;3,27
57523;2559;3,14
57524;2705;3,40
57525;2559;3,26
57526;2640;3,34
57527;2558;3,20
57528;2559;3,08
57529;2559;2,98
57530;2608;3,00
57531;2559;2,90
57532;2608;2,94
57533;2630;3,03
57534;2655;3,17
57535;2559;3,05
57536;2559;2,95
57537;2584;2,92
57538;2549;2,80
57549;2559;2,72
57550;2672;2,94
57551;2695;3,19
57552;2559;3,07
57553;2559;2,96
57554;2625;3,04
57555;2685;3,25
57556;2651;3,36
57557;2687;3,55
57558;2553;3,38
57559;2713;3,63
57560;2731;3,91
57561;2749;4,20
57562;2559;3,98
57563;2686;4,10
57564;2554;3,88
57565;2688;4,02
57566;2725;4,24
57567;2619;4,17
57568;2633;4,14
57569;2629;4,10
57570;2559;3,89
57581;2553;3,69
57582;2556;3,51
57583;2608;3,49
57584;2587;3,41
57585;2557;3,27
57586;2559;3,14
57587;2559;3,03
57588;2544;2,89
57589;2559;2,80
57590;2587;2,79
57591;2559;2,71
57592;2592;2,73
57593;2559;2,65
57594;2558;2,59
57595;2559;2,53
57596;2606;2,60
57597;2589;2,61
57598;2694;2,89
57599;2595;2,90
57600;2657;3,06
57601;2623;3,11
57602;2559;3,00
57613;2559;2,90
57614;2587;2,89
57615;2623;2,96
57616;2558;2,86
57617;2593;2,86
57618;2587;2,85
57619;2559;2,76
57620;2549;2,66
57621;2605;2,71
57622;2559;2,64
57623;2559;2,58
57624;2549;2,50
57625;2559;2,45
57626;2559;2,41
57627;2582;2,42
57628;2602;2,49
57629;2548;2,42
57630;2559;2,37
57631;2546;2,30
57632;2598;2,37
57633;2551;2,32
57634;2555;2,28
57646;2549;2,22
57647;2547;2,17
57648;2545;2,12
57649;2544;2,07
57650;2546;2,03
57651;2545;1,99
57652;2547;1,97
57653;2548;1,94
57654;2553;1,93
57655;2555;1,93
57656;2550;1,92
57657;2549;1,90
57658;2543;1,87
57659;2548;1,86
57660;2547;1,84
57661;2555;1,85
57662;2554;1,85
57663;2547;1,84
57664;2548;1,83
57665;2550;1,82
57666;2544;1,80
57667;2543;1,78
57678;2558;1,80
57679;2584;1,89
57680;2640;2,10
57681;2547;2,06
57682;2559;2,06
57683;2559;2,05
57684;2582;2,11
57685;2559;2,10
57686;2553;2,07
57687;2551;2,05
57688;2547;2,01
57689;2582;2,07
57690;2611;2,20
57691;2676;2,47
57692;2549;2,40
57693;2559;2,36
57694;2585;2,39
57695;2555;2,34
57696;2559;2,31
57697;2625;2,45
57698;2581;2,46
57699;2554;2,40
57710;2544;2,32
57711;2555;2,28
57712;2559;2,26
57713;2555;2,22
57714;2556;2,19
57715;2548;2,15
57716;2557;2,13
57717;2559;2,12
57718;2559;2,10
57719;2544;2,06
57720;2607;2,17
57721;2555;2,15
57722;2559;2,13
57723;2547;2,09
57724;2555;2,07
57725;2603;2,18
57726;2559;2,16
57727;2544;2,11
57728;2554;2,08
57729;2559;2,08
57730;2587;2,14
57731;2551;2,11
57742;2559;2,10
57743;2553;2,07
57744;2549;2,04
57745;2629;2,22
57746;2559;2,20
57747;2553;2,16
57748;2559;2,15
57749;2643;2,35
57750;2551;2,29
57751;2559;2,26
57752;2555;2,23
57753;2643;2,42
57754;2547;2,35
57755;2556;2,31
57756;2557;2,27
57757;2553;2,23
57758;2559;2,21
57759;2545;2,15
57760;2559;2,14
57761;2559;2,13
57762;2589;2,19
57763;2585;2,24
57775;2555;2,20
57776;2545;2,15
57777;2557;2,13
57778;2544;2,08
57779;2544;2,04
57780;2549;2,01
57781;2551;1,99
57782;2555;1,98
57783;2548;1,95
57784;2550;1,94
57785;2550;1,92
57786;2556;1,92
57787;2559;1,93
57788;2544;1,90
57789;2551;1,89
57790;2544;1,87
57791;2558;1,88
57792;2549;1,87
57793;2551;1,86
57794;2544;1,84
57795;2559;1,85
57796;2553;1,85
57807;2559;1,87
57808;2553;1,87
57809;2615;2,02
57810;2544;1,98
57811;2559;1,99
57812;2559;1,99
57813;2559;1,99
57814;2645;2,21
57815;2559;2,19
57816;2556;2,16
57817;2582;2,21
57818;2554;2,17
57819;2658;2,41
57820;2545;2,33
57821;2625;2,47
57822;2559;2,42
57823;2593;2,47
57824;2544;2,38
57825;2587;2,42
57826;2559;2,38
57827;2559;2,34
57828;2550;2,28
57839;2559;2,26
57840;2555;2,22
57841;2639;2,40
57842;2548;2,34
57843;2553;2,29
57844;2638;2,46
57845;2583;2,48
57846;2608;2,55
57847;2558;2,50
57848;2556;2,44
57849;2537;2,34
57850;2551;2,29
57851;2615;2,40
57852;2549;2,34
57853;2617;2,45
57854;2589;2,48
57855;2546;2,40
57856;2636;2,56
57857;2559;2,50
57858;2559;2,45
57859;2554;2,40
57860;2545;2,32
57871;2586;2,36
57872;2559;2,32
57873;2559;2,29
57874;2605;2,38
57875;2549;2,32
57876;2633;2,47
57877;2559;2,43
57878;2559;2,39
57879;2559;2,35
57880;2553;2,30
57881;2559;2,27
57882;2622;2,40
57883;2559;2,36
57884;2630;2,51
57885;2549;2,43
57886;2549;2,37
57887;2550;2,31
57888;2558;2,27
57889;2641;2,46
57890;2555;2,40
57891;2544;2,32
57892;2544;2,25
57904;2609;2,36
57905;2559;2,32
57906;2559;2,29
57907;2622;2,42
57908;2559;2,38
57909;2559;2,34
57910;2559;2,31
57911;2617;2,43
57912;2559;2,38
57913;2559;2,35
57914;2559;2,31
57915;2559;2,28
57916;2559;2,26
57917;2559;2,23
57918;2559;2,21
57919;2623;2,35
57920;2559;2,32
57921;2614;2,42
57922;2559;2,38
57923;2559;2,35
57924;2605;2,43
57925;2559;2,39
57936;2559;2,35
57937;2557;2,31
57938;2622;2,44
57939;2589;2,47
57940;2594;2,51
57941;2583;2,52
57942;2559;2,47
57943;2559;2,43
57944;2559;2,38
57945;2559;2,35
57946;2595;2,40
57947;2547;2,33
57948;2557;2,30
57949;2624;2,43
57950;2559;2,39
57951;2559;2,35
57952;2559;2,32
57953;2543;2,25
57954;2649;2,45
57955;2581;2,46
57956;2622;2,58
57957;2646;2,74
57968;2559;2,67
57969;2589;2,68
57970;2551;2,59
57971;2559;2,53
57972;2582;2,54
57973;2559;2,48
57974;2559;2,44
57975;2613;2,53
57976;2659;2,73
57977;2711;3,04
57978;2622;3,10
57979;2624;3,16
57980;2613;3,18
57981;2558;3,06
57982;2581;3,01
57983;2610;3,04
57984;2581;2,99
57985;2559;2,89
57986;2559;2,80
57987;2557;2,72
57988;2559;2,65
57989;2551;2,56
58000;2639;2,71
58001;2545;2,61
58002;2617;2,69
58003;2555;2,61
58004;2559;2,55
58005;2559;2,50
58006;2559;2,45
58007;2611;2,54
58008;2559;2,48
58009;2590;2,52
58010;2551;2,44
58011;2589;2,48
58012;2559;2,43
58013;2559;2,39
58014;2559;2,35
58015;2647;2,54
58016;2559;2,49
58017;2672;2,72
58018;2559;2,65
58019;2559;2,59
58020;2555;2,52
58021;2555;2,46
58033;2555;2,40
58034;2557;2,36
58035;2543;2,28
58036;2551;2,24
58037;2555;2,20
58038;2559;2,18
58039;2559;2,17
58040;2550;2,13
58041;2559;2,12
58042;2557;2,10
58043;2559;2,09
58044;2653;2,32
58045;2551;2,27
58046;2587;2,31
58047;2558;2,28
58048;2559;2,25
58049;2555;2,22
58050;2559;2,20
58051;2608;2,30
58052;2559;2,27
58053;2559;2,25
58054;2559;2,22
58065;2608;2,33
58066;2559;2,29
58067;2550;2,24
58068;2559;2,22
58069;2597;2,29
58070;2598;2,36
58071;2547;2,30
58072;2659;2,52
58073;2559;2,47
58074;2583;2,49
58075;2550;2,42
58076;2652;2,61
58077;2649;2,78
58078;2559;2,70
58079;2559;2,63
58080;2559;2,57
58081;2549;2,49
58082;2558;2,44
58083;2596;2,49
58084;2559;2,44
58085;2557;2,39
58086;2553;2,34
58097;2559;2,31
58098;2559;2,28
58099;2624;2,41
58100;2558;2,37
58101;2581;2,39
58102;2587;2,42
58103;2617;2,53
58104;2554;2,46
58105;2554;2,41
58106;2559;2,37
58107;2549;2,31
58108;2551;2,26
58109;2559;2,23
58110;2602;2,32
58111;2550;2,26
58112;2558;2,24
58113;2550;2,19
58114;2672;2,46
58115;2642;2,62
58116;2559;2,56
58117;2551;2,49
58118;2606;2,56
58129;2625;2,67
58130;2599;2,70
58131;2551;2,62
58132;2599;2,66
58133;2553;2,58
58134;2547;2,49
58135;2559;2,44
58136;2609;2,52
58137;2610;2,60
58138;2559;2,54
58139;2550;2,47
58140;2551;2,40
58141;2559;2,36
58142;2641;2,53
58143;2677;2,78
58144;2594;2,79
58145;2559;2,71
58146;2555;2,63
58147;2558;2,57
58148;2559;2,51
58149;2547;2,43
58150;2559;2,39
58162;2596;2,44
58163;2559;2,40
58164;2559;2,36
58165;2559;2,33
58166;2559;2,29
58167;2559;2,27
58168;2551;2,22
58169;2559;2,20
58170;2559;2,18
58171;2549;2,14
58172;2559;2,12
58173;2557;2,11
58174;2559;2,10
58175;2555;2,08
58176;2550;2,05
58177;2559;2,05
58178;2559;2,04
58179;2559;2,04
58180;2549;2,01
58181;2555;2,00
58182;2559;2,00
58183;2557;2,00
58194;2547;1,97
58195;2596;2,07
58196;2539;2,01
58197;2581;2,06
58198;2553;2,04
58199;2547;2,01
58200;2611;2,14
58201;2581;2,18
58202;2593;2,25
58203;2559;2,23
58204;2549;2,18
58205;2559;2,16
58206;2559;2,15
58207;2589;2,21
58208;2549;2,16
58209;2545;2,11
58210;2554;2,09
58211;2559;2,08
58212;2553;2,06
58213;2558;2,05
58214;2555;2,04
58215;2553;2,02
58226;2559;2,02
58227;2554;2,01
58228;2634;2,20
58229;2550;2,15
58230;2549;2,11
58231;2549;2,08
58232;2639;2,27
58233;2556;2,24
58234;2559;2,22
58235;2549;2,17
58236;2557;2,15
58237;2559;2,14
58238;2607;2,24
58239;2559;2,22
58240;2550;2,18
58241;2559;2,16
58242;2553;2,13
58243;2559;2,12
58244;2624;2,27
58245;2583;2,31
58246;2546;2,24
58247;2554;2,21
58258;2631;2,37
58259;2559;2,33
58260;2591;2,38
58261;2608;2,47
58262;2550;2,40
58263;2554;2,35
58264;2582;2,37
58265;2690;2,67
58266;2640;2,81
58267;2630;2,91
58268;2559;2,82
58269;2544;2,70
58270;2635;2,82
58271;2586;2,81
58272;2559;2,73
58273;2559;2,66
58274;2624;2,76
58275;2683;3,00
58276;2555;2,89
58277;2641;3,01
58278;2559;2,91
58279;2643;3,03
58291;2711;3,31
58292;2607;3,30
58293;2608;3,30
58294;2608;3,29
58295;2608;3,29
58296;2548;3,13
58297;2597;3,12
58298;2608;3,13
58299;2597;3,11
58300;2607;3,12
58301;2599;3,11
58302;2608;3,13
58303;2603;3,13
58304;2605;3,13
58305;2612;3,15
58306;2609;3,17
58307;2559;3,05
58308;2551;2,93
58309;2609;2,96
58310;2603;2,98
58311;2545;2,84
58312;2589;2,84
58323;2559;2,75
58324;2558;2,68
58325;2559;2,61
58326;2622;2,71
58327;2595;2,73
58328;2555;2,65
58329;2607;2,71
58330;2555;2,63
58331;2608;2,69
58332;2665;2,89
58333;2547;2,77
58334;2608;2,82
58335;2559;2,74
58336;2559;2,66
58337;2547;2,57
58338;2603;2,62
58339;2554;2,55
58340;2559;2,50
58341;2559;2,45
58342;2640;2,61
58343;2557;2,54
58344;2549;2,46
58355;2601;2,53
58356;2617;2,62
58357;2559;2,56
58358;2557;2,50
58359;2559;2,45
58360;2559;2,41
58361;2545;2,33
58362;2594;2,39
58363;2619;2,50
58364;2559;2,45
58365;2559;2,41
58366;2550;2,35
58367;2556;2,30
58368;2617;2,42
58369;2559;2,38
58370;2603;2,45
58371;2559;2,41
58372;2545;2,33
58373;2656;2,55
58374;2559;2,49
58375;2559;2,44
58376;2636;2,60
58388;2553;2,52
58389;2635;2,66
58390;2559;2,60
58391;2559;2,54
58392;2554;2,47
58393;2553;2,41
58394;2548;2,34
58395;2635;2,50
58396;2586;2,52
58397;2544;2,43
58398;2544;2,35
58399;2615;2,46
58400;2557;2,41
58401;2551;2,35
58402;2559;2,32
58403;2559;2,28
58404;2554;2,24
58405;2640;2,43
58406;2586;2,45
58407;2635;2,60
58408;2549;2,52
58409;2559;2,47
58420;2627;2,59
58421;2559;2,53
58422;2559;2,48
58423;2559;2,43
58424;2559;2,39
58425;2599;2,45
58426;2594;2,50
58427;2711;2,83
58428;2598;2,85
58429;2546;2,73
58430;2599;2,76
58431;2599;2,79
58432;2704;3,08
58433;2589;3,05
58434;2592;3,03
58435;2559;2,92
58436;2591;2,91
58437;2704;3,19
58438;2597;3,17
58439;2588;3,13
58440;2603;3,13
58441;2612;3,15
58452;2550;3,01
58453;2559;2,91
58454;2556;2,81
58455;2559;2,73
58456;2594;2,75
58457;2544;2,64
58458;2559;2,57
58459;2640;2,72
58460;2559;2,65
58461;2559;2,59
58462;2559;2,53
58463;2554;2,46
58464;2549;2,39
58465;2549;2,33
58466;2598;2,40
58467;2544;2,32
58468;2593;2,37
58469;2557;2,33
58470;2608;2,42
58471;2587;2,45
58472;2559;2,41
58473;2559;2,37
58484;2545;2,30
58485;2675;2,56
58486;2558;2,50
58487;2655;2,70
58488;2557;2,62
58489;2551;2,54
58490;2634;2,68
58491;2559;2,61
58492;2615;2,69
58493;2559;2,62
58494;2555;2,55
58495;2551;2,48
58496;2551;2,41
58497;2559;2,37
58498;2551;2,31
58499;2549;2,26
58500;2593;2,32
58501;2559;2,29
58502;2544;2,22
58503;2559;2,20
58504;2559;2,18
58505;2549;2,14
58517;2551;2,11
58518;2608;2,22
58519;2555;2,19
58520;2557;2,17
58521;2559;2,15
58522;2559;2,14
58523;2553;2,11
58524;2608;2,22
58525;2559;2,20
58526;2559;2,18
58527;2559;2,16
58528;2553;2,13
58529;2638;2,32
58530;2559;2,29
58531;2549;2,24
58532;2555;2,20
58533;2615;2,33
58534;2602;2,40
58535;2551;2,34
58536;2598;2,41
58537;2557;2,36
58538;2641;2,54
58549;2559;2,48
58550;2559;2,44
58551;2631;2,58
58552;2550;2,50
58553;2559;2,45
58554;2559;2,40
58555;2559;2,36
58556;2639;2,53
58557;2617;2,63
58558;2559;2,56
58559;2643;2,72
58560;2608;2,77
58561;2667;2,97
58562;2557;2,87
58563;2559;2,78
58564;2559;2,71
58565;2610;2,77
58566;2690;3,02
58567;2551;2,90
58568;2559;2,81
58569;2559;2,73
58570;2549;2,63
58581;2583;2,63
58582;2559;2,57
58583;2609;2,64
58584;2558;2,57
58585;2559;2,52
58586;2597;2,56
58587;2555;2,50
58588;2559;2,45
58589;2624;2,57
58590;2559;2,51
58591;2611;2,59
58592;2606;2,65
58593;2672;2,88
58594;2544;2,75
58595;2659;2,93
58596;2559;2,84
58597;2614;2,89
58598;2559;2,81
58599;2557;2,72
58600;2551;2,63
58601;2637;2,76
58602;2558;2,69
58613;2553;2,60
58614;2559;2,54
58615;2670;2,77
58616;2603;2,81
58617;2559;2,73
58618;2559;2,66
58619;2587;2,66
58620;2608;2,72
58621;2550;2,63
58622;2555;2,55
58623;2551;2,48
58624;2640;2,64
58625;2554;2,56
58626;2559;2,51
58627;2625;2,62
58628;2559;2,56
58629;2558;2,50
58630;2589;2,53
58631;2544;2,44
58632;2550;2,37
58633;2559;2,34
58634;2608;2,43
58646;2547;2,36
58647;2546;2,29
58648;2542;2,22
58649;2545;2,16
58650;2544;2,11
58651;2544;2,06
58652;2544;2,02
58653;2559;2,02
58654;2544;1,98
58655;2544;1,94
58656;2559;1,95
58657;2553;1,94
58658;2555;1,94
58659;2585;2,01
58660;2558;2,01
58661;2550;1,99
58662;2545;1,95
58663;2544;1,92
58664;2558;1,93
58665;2544;1,90
58666;2544;1,87
58667;2551;1,86
58678;2555;1,87
58679;2559;1,88
58680;2617;2,04
58681;2550;2,02
58682;2558;2,01
58683;2559;2,01
58684;2559;2,01
58685;2586;2,08
58686;2544;2,03
58687;2559;2,03
58688;2559;2,03
58689;2548;2,00
58690;2545;1,97
58691;2559;1,97
58692;2559;1,97
58693;2559;1,98
58694;2553;1,97
58695;2555;1,96
58696;2559;1,96
58697;2559;1,97
58698;2557;1,97
58699;2550;1,95
58710;2544;1,92
58711;2590;2,00
58712;2610;2,13
58713;2547;2,09
58714;2557;2,08
58715;2591;2,15
58716;2599;2,24
58717;2559;2,22
58718;2544;2,16
58719;2559;2,14
58720;2653;2,37
58721;2547;2,30
58722;2691;2,61
58723;2551;2,53
58724;2559;2,47
58725;2551;2,41
58726;2607;2,49
58727;2546;2,41
58728;2599;2,47
58729;2550;2,40
58730;2611;2,49
58731;2547;2,41
58742;2547;2,34
58743;2547;2,28
58744;2644;2,47
58745;2559;2,42
58746;2642;2,59
58747;2554;2,52
58748;2559;2,47
58749;2669;2,70
58750;2545;2,60
58751;2556;2,53
58752;2551;2,46
58753;2559;2,41
58754;2583;2,43
58755;2613;2,53
58756;2557;2,47
58757;2550;2,40
58758;2606;2,48
58759;2713;2,82
58760;2559;2,74
58761;2556;2,66
58762;2592;2,68
58763;2550;2,59
58775;2551;2,51
58776;2549;2,44
58777;2544;2,36
58778;2546;2,29
58779;2553;2,24
58780;2547;2,19
58781;2549;2,15
58782;2547;2,10
58783;2559;2,09
58784;2554;2,07
58785;2551;2,05
58786;2545;2,01
58787;2559;2,01
58788;2547;1,98
58789;2545;1,94
58790;2558;1,95
58791;2549;1,93
58792;2549;1,91
58793;2547;1,89
58794;2559;1,90
58795;2553;1,90
58796;2549;1,88
58807;2553;1,88
58808;2553;1,88
58809;2555;1,88
58810;2553;1,88
58811;2636;2,09
58812;2559;2,08
58813;2544;2,03
58814;2551;2,01
58815;2545;1,98
58816;2555;1,97
58817;2547;1,94
58818;2553;1,93
58819;2553;1,93
58820;2551;1,91
58821;2559;1,92
58822;2555;1,92
58823;2550;1,91
58824;2547;1,89
58825;2545;1,86
58826;2559;1,88
58827;2553;1,88
58828;2547;1,86
58839;2553;1,86
58840;2610;2,00
58841;2616;2,15
58842;2618;2,28
58843;2555;2,25
58844;2557;2,22
58845;2553;2,18
58846;2672;2,45
58847;2559;2,41
58848;2551;2,35
58849;2634;2,50
58850;2550;2,43
58851;2611;2,52
58852;2618;2,62
58853;2554;2,54
58854;2559;2,49
58855;2549;2,42
58856;2551;2,36
58857;2559;2,32
58858;2559;2,29
58859;2559;2,26
58860;2603;2,35
58871;2551;2,29
58872;2611;2,40
58873;2559;2,36
58874;2554;2,31
58875;2559;2,28
58876;2553;2,24
58877;2591;2,30
58878;2682;2,58
58879;2587;2,59
58880;2551;2,51
58881;2553;2,45
58882;2546;2,37
58883;2550;2,31
58884;2635;2,47
58885;2546;2,40
58886;2557;2,35
58887;2598;2,42
58888;2553;2,36
58889;2618;2,47
58890;2607;2,55
58891;2553;2,48
58892;2623;2,59
58904;2555;2,53
58905;2547;2,44
58906;2544;2,36
58907;2547;2,30
58908;2553;2,25
58909;2553;2,21
58910;2546;2,16
58911;2549;2,12
58912;2551;2,09
58913;2559;2,08
58914;2554;2,06
58915;2547;2,03
58916;2558;2,02
58917;2553;2,00
58918;2549;1,98
58919;2551;1,96
58920;2559;1,97
58921;2555;1,96
58922;2558;1,96
58923;2554;1,96
58924;2544;1,92
58925;2551;1,91
58936;2614;2,06
58937;2544;2,02
58938;2635;2,21
58939;2549;2,16
58940;2559;2,15
58941;2670;2,41
58942;2589;2,45
58943;2547;2,38
58944;2559;2,34
58945;2559;2,31
58946;2555;2,27
58947;2555;2,23
58948;2665;2,48
58949;2608;2,55
58950;2559;2,50
58951;2548;2,42
58952;2559;2,38
58953;2619;2,50
58954;2671;2,73
58955;2558;2,66
58956;2555;2,58
58957;2559;2,52
58968;2559;2,47
58969;2543;2,39
58970;2606;2,47
58971;2546;2,39
58972;2599;2,45
58973;2552;2,39
58974;2546;2,32
58975;2551;2,27
58976;2559;2,24
58977;2559;2,22
58978;2643;2,41
58979;2559;2,37
58980;2553;2,32
58981;2558;2,29
58982;2553;2,24
58983;2559;2,22
58984;2551;2,18
58985;2550;2,14
58986;2544;2,09
58987;2559;2,08
58988;2559;2,07
58989;2589;2,14
59000;2635;2,32
59001;2559;2,29
59002;2557;2,26
59003;2559;2,23
59004;2559;2,21
59005;2547;2,16
59006;2559;2,14
59007;2551;2,11
59008;2559;2,10
59009;2559;2,09
59010;2546;2,05
59011;2553;2,03
59012;2639;2,23
59013;2559;2,21
59014;2559;2,19
59015;2609;2,30
59016;2544;2,23
59017;2547;2,18
59018;2559;2,16
59019;2559;2,15
59020;2559;2,13
59021;2550;2,10
59033;2559;2,09
59034;2559;2,08
59035;2555;2,06
59036;2557;2,05
59037;2559;2,05
59038;2559;2,04
59039;2554;2,03
59040;2559;2,03
59041;2557;2,02
59042;2559;2,02
59043;2553;2,00
59044;2550;1,98
59045;2559;1,98
59046;2555;1,98
59047;2559;1,98
59048;2549;1,96
59049;2559;1,96
59050;2555;1,96
59051;2554;1,95
59052;2559;1,96
59053;2554;1,95
59054;2549;1,93
59065;2659;2,19
59066;2559;2,17
59067;2591;2,24
59068;2559;2,21
59069;2549;2,17
59070;2554;2,14
59071;2555;2,12
59072;2640;2,31
59073;2605;2,40
59074;2559;2,36
59075;2581;2,38
59076;2607;2,46
59077;2634;2,61
59078;2547;2,52
59079;2550;2,44
59080;2550;2,38
59081;2541;2,30
59082;2559;2,27
59083;2546;2,21
59084;2551;2,17
59085;2640;2,36
59086;2586;2,39
59097;2551;2,33
59098;2608;2,42
59099;2603;2,49
59100;2589;2,52
59101;2544;2,43
59102;2551;2,37
59103;2610;2,46
59104;2638;2,62
59105;2585;2,62
59106;2559;2,56
59107;2556;2,50
59108;2559;2,45
59109;2556;2,40
59110;2555;2,35
59111;2559;2,31
59112;2548;2,26
59113;2550;2,21
59114;2559;2,19
59115;2539;2,12
59116;2631;2,29
59117;2546;2,23
59118;2554;2,20
59129;2559;2,18
59130;2559;2,16
59131;2604;2,26
59132;2557;2,23
59133;2658;2,46
59134;2605;2,53
59135;2547;2,45
59136;2624;2,57
59137;2666;2,78
59138;2559;2,70
59139;2554;2,62
59140;2559;2,56
59141;2559;2,51
59142;2623;2,62
59143;2559;2,56
59144;2559;2,50
59145;2597;2,55
59146;2663;2,76
59147;2550;2,66
59148;2614;2,73
59149;2545;2,63
59150;2557;2,56
59162;2640;2,71
59163;2559;2,64
59164;2639;2,78
59165;2627;2,87
59166;2546;2,75
59167;2554;2,67
59168;2638;2,80
59169;2649;2,95
59170;2631;3,04
59171;2638;3,14
59172;2634;3,21
59173;2559;3,09
59174;2549;2,96
59175;2634;3,05
59176;2642;3,16
59177;2655;3,29
59178;2639;3,36
59179;2558;3,22
59180;2594;3,19
59181;2558;3,07
59182;2634;3,15
59183;2633;3,23
59194;2553;3,09
59195;2609;3,11
59196;2598;3,10
59197;2541;2,94
59198;2559;2,85
59199;2547;2,73
59200;2585;2,73
59201;2644;2,87
59202;2587;2,86
59203;2632;2,96
59204;2761;3,37
59205;2669;3,51
59206;2559;3,36
59207;2558;3,23
59208;2590;3,18
59209;2559;3,07
59210;2595;3,05
59211;2556;2,94
59212;2559;2,85
59213;2599;2,86
59214;2559;2,78
59215;2559;2,70
59226;2559;2,63
59227;2689;2,90
59228;2715;3,20
59229;2559;3,08
59230;2559;2,98
59231;2559;2,88
59232;2559;2,79
59233;2586;2,78
59234;2582;2,76
59235;2597;2,78
59236;2615;2,85
59237;2611;2,90
59238;2621;2,96
59239;2559;2,87
