Tempo(ms);ADC_Bruto;Forca(kg)
61822;2555;1,91
161833;2559;2,01
161834;2725;6,21
161835;2688;5,27
161836;2629;3,78
161837;2557;1,96
161838;2742;6,64
161839;2605;3,17
161840;2752;6,89
161841;2721;6,11
161842;2559;2,01
161843;2690;5,32
161844;2541;1,55
161845;2546;1,68
161846;2717;6,01
161847;2607;3,22
161848;2661;4,59
161849;2538;1,48
161850;2744;6,69
161851;2703;5,65
161862;2619;3,53
161863;2743;6,66
161864;2559;2,01
161865;2768;7,30
161866;2624;3,65
161867;2741;6,61
161868;2764;7,20
161869;2583;2,62
161870;2608;3,25
161871;2651;4,34
161872;2558;1,98
161873;2781;7,63
161874;2698;5,53
161875;2602;3,10
161876;2662;4,62
161877;2873;9,95
161878;2659;4,54
161879;2736;6,49
161891;2545;1,65
161892;2690;5,32
161893;2608;3,25
161894;2558;1,98
161895;2581;2,57
161896;2559;2,01
161897;2598;3,00
161898;2736;6,49
161899;2559;2,01
161900;2646;4,21
161901;2589;2,77
161902;2617;3,48
161903;2609;3,27
161904;2626;3,70
161905;2758;7,04
161906;2602;3,10
161907;2559;2,01
161908;2711;5,86
161909;2555;1,91
161920;2559;2,01
161921;2647;4,24
161922;2543;1,60
161923;2554;1,88
161924;2649;4,29
161925;2688;5,27
161926;2604;3,15
161927;2665;4,69
161928;2547;1,71
161929;2759;7,07
161930;2587;2,72
161931;2661;4,59
161932;2731;6,36
161933;2597;2,97
161934;2557;1,96
161935;2640;4,06
161936;2651;4,34
161937;2555;1,91
161948;2551;1,81
161949;2640;4,06
161950;2613;3,38
161951;2608;3,25
161952;2551;1,81
161953;2550;1,78
161954;2715;5,96
161955;2665;4,69
161956;2549;1,76
161957;2706;5,73
161958;2721;6,11
161959;2608;3,25
161960;2704;5,68
161961;2553;1,86
161962;2672;4,87
161963;2701;5,60
161964;2583;2,62
161965;2647;4,24
161966;2559;2,01
161977;2585;2,67
161978;2594;2,89
161979;2599;3,02
161980;2559;2,01
161981;2685;5,20
161982;2582;2,59
161983;2553;1,86
161984;2651;4,34
161985;2637;3,98
161986;2598;3,00
161987;2636;3,96
161988;2586;2,69
161989;2725;6,21
161990;2586;2,69
161991;2623;3,63
161992;2589;2,77
161993;2686;5,22
161994;2559;2,01
162005;2608;3,25
162006;2621;3,58
162007;2607;3,22
162008;2559;2,01
162009;2559;2,01
162010;2582;2,59
162011;2592;2,84
162012;2631;3,83
162013;2559;2,01
162014;2619;3,53
162015;2559;2,01
162016;2586;2,69
162017;2738;6,54
162018;2675;4,94
162019;2594;2,89
162020;2559;2,01
162021;2765;7,22
162022;2543;1,60
162023;2667;4,74
162035;2559;2,01
162036;2747;6,77
162037;2582;2,59
162038;2630;3,81
162039;2688;5,27
162040;2559;2,01
162041;2672;4,87
162042;2549;1,76
162043;2643;4,13
162044;2672;4,87
162045;2679;5,05
162046;2656;4,46
162047;2704;5,68
162048;2596;2,95
162049;2668;4,77
162050;2714;5,93
162051;2747;6,77
162052;2677;4,99
162063;2640;4,06
162064;2592;2,84
162065;2638;4,01
162066;2608;3,25
162067;2746;6,74
162068;2736;6,49
162069;2559;2,01
162070;2737;6,51
162071;2608;3,25
162072;2781;7,63
162073;2583;2,62
162074;2702;5,63
162075;2624;3,65
162076;2559;2,01
162077;2557;1,96
162078;2583;2,62
162079;2557;1,96
162080;2685;5,20
162081;2689;5,30
162092;2667;4,74
162093;2614;3,40
162094;2558;1,98
162095;2550;1,78
162096;2559;2,01
162097;2590;2,79
162098;2592;2,84
162099;2593;2,87
162100;2704;5,68
162101;2559;2,01
162102;2559;2,01
162103;2709;5,80
162104;2545;1,65
162105;2559;2,01
162106;2583;2,62
162107;2687;5,25
162108;2550;1,78
162109;2711;5,86
162120;2864;9,73
162121;2611;3,32
162122;2640;4,06
162123;2629;3,78
162124;2559;2,01
162125;2624;3,65
162126;2735;6,46
162127;2710;5,83
162128;2715;5,96
162129;2651;4,34
162130;2714;5,93
162131;2640;4,06
162132;2774;7,45
162133;2696;5,48
162134;2770;7,35
162135;2619;3,53
162136;2585;2,67
162137;2740;6,59
162138;2721;6,11
162150;2617;3,48
162151;2755;6,97
162152;2544;1,63
162153;2559;2,01
162154;2546;1,68
162155;2559;2,01
162156;2633;3,88
162157;2628;3,76
162158;2559;2,01
162159;2786;7,75
162160;2736;6,49
162161;2749;6,82
162162;2559;2,01
162163;2559;2,01
162164;2554;1,88
162165;2713;5,91
162166;2643;4,13
162167;2659;4,54
162178;2721;6,11
162179;2753;6,92
162180;2596;2,95
162181;2703;5,65
162182;2720;6,08
162183;2559;2,01
162184;2688;5,27
162185;2693;5,40
162186;2548;1,73
162187;2608;3,25
162188;2719;6,06
162189;2624;3,65
162190;2744;6,69
162191;2656;4,46
162192;2559;2,01
162193;2649;4,29
162194;2706;5,73
162195;2768;7,30
162196;2590;2,79
162207;2736;6,49
162208;2559;2,01
162209;2665;4,69
162210;2583;2,62
162211;2551;1,81
162212;2666;4,72
162213;2544;1,63
162214;2660;4,56
162215;2559;2,01
162216;2559;2,01
162217;2593;2,87
162218;2695;5,45
162219;2671;4,84
162220;2559;2,01
162221;2640;4,06
162222;2715;5,96
162223;2686;5,22
162224;2559;2,01
162235;2603;3,12
162236;2599;3,02
162237;2559;2,01
162238;2630;3,81
162239;2629;3,78
162240;2669;4,79
162241;2643;4,13
162242;2611;3,32
162243;2655;4,44
162244;2606;3,20
162245;2589;2,77
162246;2609;3,27
162247;2642;4,11
162248;2589;2,77
162249;2607;3,22
162250;2623;3,63
162251;2625;3,68
162252;2627;3,73
162253;2647;4,24
162264;2625;3,68
162265;2667;4,74
162266;2750;6,84
162267;2731;6,36
162268;2589;2,77
162269;2602;3,10
162270;2733;6,41
162271;2747;6,77
162272;2595;2,92
162273;2658;4,51
162274;2754;6,94
162275;2699;5,55
162276;2794;7,96
162277;2587;2,72
162278;2550;1,78
162279;2555;1,91
162280;2759;7,07
162281;2724;6,18
162293;2626;3,70
162294;2703;5,65
162295;2735;6,46
162296;2622;3,60
162297;2593;2,87
162298;2810;8,36
162299;2615;3,43
162300;2663;4,64
162301;2690;5,32
162302;2624;3,65
162303;2558;1,98
162304;2736;6,49
162305;2768;7,30
162306;2544;1,63
162307;2678;5,02
162308;2638;4,01
162309;2559;2,01
162310;2599;3,02
162311;2546;1,68
162322;2657;4,49
162323;2618;3,50
162324;2603;3,12
162325;2608;3,25
162326;2759;7,07
162327;2682;5,12
162328;2716;5,98
162329;2555;1,91
162330;2753;6,92
162331;2746;6,74
162332;2659;4,54
162333;2707;5,75
162334;2811;8,39
162335;2702;5,63
162336;2547;1,71
162337;2587;2,72
162338;2587;2,72
162339;2593;2,87
162350;2559;2,01
162351;2660;4,56
162352;2688;5,27
162353;2730;6,34
162354;2633;3,88
162355;2559;2,01
162356;2621;3,58
162357;2670;4,82
162358;2559;2,01
162359;2614;3,40
162360;2733;6,41
162361;2559;2,01
162362;2559;2,01
162363;2613;3,38
162364;2611;3,32
162365;2672;4,87
162366;2819;8,59
162367;2624;3,65
162368;2736;6,49
162379;2658;4,51
162380;2740;6,59
162381;2661;4,59
162382;2691;5,35
162383;2713;5,91
162384;2677;4,99
162385;2725;6,21
162386;2607;3,22
162387;2621;3,58
162388;2628;3,76
162389;2646;4,21
162390;2748;6,79
162391;2635;3,93
162392;2617;3,48
162393;2634;3,91
162394;2633;3,88
162395;2706;5,73
162396;2701;5,60
162408;2736;6,49
162409;2757;7,02
162410;2640;4,06
162411;2591;2,82
162412;2669;4,79
162413;2686;5,22
162414;2698;5,53
162415;2701;5,60
162416;2683;5,15
162417;2634;3,91
162418;2655;4,44
162419;2599;3,02
162420;2699;5,55
162421;2689;5,30
162422;2713;5,91
162423;2594;2,89
162424;2559;2,01
162425;2583;2,62
162426;2663;4,64
162437;2647;4,24
162438;2596;2,95
162439;2736;6,49
162440;2559;2,01
162441;2550;1,78
162442;2621;3,58
162443;2672;4,87
162444;2643;4,13
162445;2671;4,84
162446;2551;1,81
162447;2559;2,01
162448;2672;4,87
162449;2624;3,65
162450;2585;2,67
162451;2598;3,00
162452;2715;5,96
162453;2679;5,05
162454;2658;4,51
162465;2559;2,01
162466;2704;5,68
162467;2752;6,89
162468;2624;3,65
162469;2594;2,89
162470;2624;3,65
162471;2559;2,01
162472;2559;2,01
162473;2615;3,43
162474;2667;4,74
162475;2559;2,01
162476;2652;4,36
162477;2559;2,01
162478;2644;4,16
162479;2672;4,87
162480;2582;2,59
162481;2665;4,69
162482;2544;1,63
162483;2684;5,17
162494;2661;4,59
162495;2687;5,25
162496;2608;3,25
162497;2672;4,87
162498;2654;4,41
162499;2635;3,93
162500;2669;4,79
162501;2645;4,19
162502;2639;4,03
162503;2603;3,12
162504;2629;3,78
162505;2683;5,15
162506;2672;4,87
162507;2603;3,12
162508;2607;3,22
162509;2642;4,11
162510;2634;3,91
162511;2657;4,49
162522;2559;2,01
162523;2585;2,67
162524;2778;7,55
162525;2635;3,93
162526;2559;2,01
162527;2559;2,01
162528;2587;2,72
162529;2736;6,49
162530;2557;1,96
162531;2623;3,63
162532;2666;4,72
162533;2559;2,01
162534;2780;7,60
162535;2706;5,73
162536;2618;3,50
162537;2672;4,87
162538;2643;4,13
162539;2597;2,97
162540;2592;2,84
162552;2646;4,21
162553;2555;1,91
162554;2559;2,01
162555;2595;2,92
162556;2559;2,01
162557;2622;3,60
162558;2661;4,59
162559;2727;6,26
162560;2593;2,87
162561;2587;2,72
162562;2677;4,99
162563;2617;3,48
162564;2646;4,21
162565;2559;2,01
162566;2559;2,01
162567;2701;5,60
162568;2720;6,08
162569;2633;3,88
162580;2545;1,65
162581;2765;7,22
162582;2700;5,58
162583;2595;2,92
162584;2559;2,01
162585;2665;4,69
162586;2646;4,21
162587;2592;2,84
162588;2559;2,01
162589;2559;2,01
162590;2559;2,01
162591;2559;2,01
162592;2599;3,02
162593;2721;6,11
162594;2602;3,10
162595;2557;1,96
162596;2647;4,24
162597;2718;6,03
162598;2559;2,01
162609;2608;3,25
162610;2687;5,25
162611;2603;3,12
162612;2645;4,19
162613;2733;6,41
162614;2559;2,01
162615;2762;7,15
162616;2674;4,92
162617;2545;1,65
162618;2658;4,51
162619;2647;4,24
162620;2624;3,65
162621;2553;1,86
162622;2703;5,65
162623;2559;2,01
162624;2587;2,72
162625;2755;6,97
162626;2672;4,87
162637;2555;1,91
162638;2601;3,07
162639;2559;2,01
162640;2559;2,01
162641;2559;2,01
162642;2618;3,50
162643;2624;3,65
162644;2586;2,69
162645;2551;1,81
162646;2629;3,78
162647;2593;2,87
162648;2559;2,01
162649;2602;3,10
162650;2589;2,77
162651;2605;3,17
162652;2605;3,17
162653;2585;2,67
162654;2615;3,43
162655;2559;2,01
162667;2559;2,01
162668;2735;6,46
162669;2555;1,91
162670;2559;2,01
162671;2641;4,08
162672;2559;2,01
162673;2608;3,25
162674;2705;5,70
162675;2672;4,87
162676;2657;4,49
162677;2559;2,01
162678;2605;3,17
162679;2543;1,60
162680;2704;5,68
162681;2589;2,77
162682;2610;3,30
162683;2542;1,58
162684;2656;4,46
162695;2768;7,30
162696;2593;2,87
162697;2734;6,44
162698;2628;3,76
162699;2542;1,58
162700;2551;1,81
162701;2621;3,58
162702;2709;5,80
162703;2550;1,78
162704;2700;5,58
162705;2559;2,01
162706;2613;3,38
162707;2699;5,55
162708;2559;2,01
162709;2589;2,77
162710;2559;2,01
162711;2549;1,76
162712;2769;7,32
162713;2698;5,53
162724;2624;3,65
162725;2672;4,87
162726;2622;3,60
162727;2705;5,70
162728;2669;4,79
162729;2615;3,43
162730;2595;2,92
162731;2583;2,62
162732;2645;4,19
162733;2690;5,32
162734;2602;3,10
162735;2749;6,82
162736;2638;4,01
162737;2559;2,01
162738;2589;2,77
162739;2556;1,93
162740;2621;3,58
162741;2621;3,58
162752;2715;5,96
162753;2690;5,32
162754;2755;6,97
162755;2800;8,11
162756;2805;8,23
162757;2731;6,36
162758;2758;7,04
162759;2669;4,79
162760;2711;5,86
162761;2629;3,78
162762;2747;6,77
162763;2736;6,49
162764;2800;8,11
162765;2751;6,87
162766;2737;6,51
162767;2726;6,23
162768;2726;6,23
162769;2721;6,11
162770;2731;6,36
162781;2631;3,83
162782;2736;6,49
162783;2644;4,16
162784;2559;2,01
162785;2546;1,68
162786;2723;6,16
162787;2714;5,93
162788;2559;2,01
162789;2555;1,91
162790;2553;1,86
162791;2676;4,97
162792;2739;6,56
162793;2554;1,88
162794;2559;2,01
162795;2698;5,53
162796;2683;5,15
162797;2752;6,89
162798;2743;6,66
162810;2548;1,73
162811;2595;2,92
162812;2662;4,62
162813;2547;1,71
162814;2639;4,03
162815;2704;5,68
162816;2603;3,12
162817;2706;5,73
162818;2549;1,76
162819;2741;6,61
162820;2703;5,65
162821;2704;5,68
162822;2559;2,01
162823;2722;6,13
162824;2682;5,12
162825;2559;2,01
162826;2721;6,11
162827;2559;2,01
162828;2629;3,78
162839;2649;4,29
162840;2593;2,87
162841;2559;2,01
162842;2559;2,01
162843;2595;2,92
162844;2595;2,92
162845;2557;1,96
162846;2559;2,01
162847;2606;3,20
162848;2593;2,87
162849;2602;3,10
162850;2669;4,79
162851;2736;6,49
162852;2559;2,01
162853;2559;2,01
162854;2691;5,35
162855;2597;2,97
162856;2559;2,01
162867;2669;4,79
162868;2655;4,44
162869;2708;5,78
162870;2725;6,21
162871;2559;2,01
162872;2689;5,30
162873;2704;5,68
162874;2609;3,27
162875;2582;2,59
162876;2626;3,70
162877;2647;4,24
162878;2688;5,27
162879;2603;3,12
162880;2624;3,65
162881;2607;3,22
162882;2694;5,43
162883;2640;4,06
162884;2773;7,42
162885;2624;3,65
162896;2653;4,39
162897;2605;3,17
162898;2650;4,31
162899;2608;3,25
162900;2670;4,82
162901;2583;2,62
162902;2603;3,12
162903;2580;2,54
162904;2584;2,64
162905;2595;2,92
162906;2611;3,32
162907;2603;3,12
162908;2634;3,91
162909;2559;2,01
162910;2649;4,29
162911;2559;2,01
162912;2607;3,22
162913;2635;3,93
162925;2559;2,01
162926;2714;5,93
162927;2666;4,72
162928;2736;6,49
162929;2687;5,25
162930;2559;2,01
162931;2725;6,21
162932;2694;5,43
162933;2687;5,25
162934;2598;3,00
162935;2587;2,72
162936;2547;1,71
162937;2671;4,84
162938;2634;3,91
162939;2611;3,32
162940;2749;6,82
162941;2646;4,21
162942;2612;3,35
162943;2559;2,01
162954;2559;2,01
162955;2559;2,01
162956;2633;3,88
162957;2545;1,65
162958;2557;1,96
162959;2640;4,06
162960;2551;1,81
162961;2637;3,98
162962;2543;1,60
162963;2545;1,65
162964;2608;3,25
162965;2647;4,24
162966;2543;1,60
162967;2588;2,74
162968;2558;1,98
162969;2658;4,51
162970;2609;3,27
162971;2661;4,59
162982;2688;5,27
162983;2583;2,62
162984;2726;6,23
162985;2703;5,65
162986;2731;6,36
162987;2721;6,11
162988;2603;3,12
162989;2739;6,56
162990;2611;3,32
162991;2654;4,41
162992;2721;6,11
162993;2694;5,43
162994;2602;3,10
162995;2715;5,96
162996;2559;2,01
162997;2608;3,25
162998;2559;2,01
162999;2702;5,63
163000;2631;3,83
163011;2545;1,65
163012;2550;1,78
163013;2544;1,63
163014;2529;1,25
163015;2543;1,60
163016;2532;1,33
163017;2533;1,35
163018;2533;1,35
163019;2543;1,60
163020;2517;0,95
163021;2544;1,63
163022;2533;1,35
163023;2543;1,60
163024;2534;1,38
163025;2539;1,50
163026;2533;1,35
163027;2539;1,50
163028;2535;1,40
163039;2591;2,82
163040;2623;3,63
163041;2640;4,06
163042;2623;3,63
163043;2608;3,25
163044;2550;1,78
163045;2559;2,01
163046;2683;5,15
163047;2559;2,01
163048;2730;6,34
163049;2558;1,98
163050;2551;1,81
163051;2629;3,78
163052;2550;1,78
163053;2621;3,58
163054;2607;3,22
163055;2549;1,76
163056;2543;1,60
163057;2597;2,97
163069;2559;2,01
163070;2722;6,13
163071;2559;2,01
163072;2625;3,68
163073;2736;6,49
163074;2691;5,35
163075;2737;6,51
163076;2559;2,01
163077;2729;6,31
163078;2707;5,75
163079;2559;2,01
163080;2723;6,16
163081;2544;1,63
163082;2607;3,22
163083;2583;2,62
163084;2559;2,01
163085;2683;5,15
163086;2697;5,50
163097;2559;2,01
163098;2673;4,89
163099;2652;4,36
163100;2670;4,82
163101;2557;1,96
163102;2545;1,65
163103;2806;8,26
163104;2637;3,98
163105;2674;4,92
163106;2613;3,38
163107;2641;4,08
163108;2675;4,94
163109;2725;6,21
163110;2546;1,68
163111;2620;3,55
163112;2643;4,13
163113;2669;4,79
163114;2559;2,01
163115;2612;3,35
163126;2624;3,65
163127;2559;2,01
163128;2687;5,25
163129;2559;2,01
163130;2670;4,82
163131;2668;4,77
163132;2655;4,44
163133;2559;2,01
163134;2612;3,35
163135;2559;2,01
163136;2662;4,62
163137;2752;6,89
163138;2701;5,60
163139;2647;4,24
163140;2643;4,13
163141;2658;4,51
163142;2559;2,01
163143;2559;2,01
163154;2559;2,01
163155;2652;4,36
163156;2591;2,82
163157;2704;5,68
163158;2759;7,07
163159;2592;2,84
163160;2708;5,78
163161;2714;5,93
163162;2815;8,49
163163;2633;3,88
163164;2765;7,22
163165;2768;7,30
163166;2759;7,07
163167;2736;6,49
163168;2720;6,08
163169;2641;4,08
163170;2741;6,61
163171;2692;5,37
163172;2749;6,82
163184;2588;2,74
163185;2559;2,01
163186;2611;3,32
163187;2699;5,55
163188;2559;2,01
163189;2612;3,35
163190;2549;1,76
163191;2641;4,08
163192;2595;2,92
163193;2559;2,01
163194;2611;3,32
163195;2607;3,22
163196;2703;5,65
163197;2693;5,40
163198;2589;2,77
163199;2677;4,99
163200;2704;5,68
163201;2589;2,77
163212;2559;2,01
163213;2617;3,48
163214;2590;2,79
163215;2695;5,45
163216;2544;1,63
163217;2559;2,01
163218;2631;3,83
163219;2736;6,49
163220;2559;2,01
163221;2598;3,00
163222;2592;2,84
163223;2630;3,81
163224;2587;2,72
163225;2684;5,17
163226;2559;2,01
163227;2559;2,01
163228;2619;3,53
163229;2702;5,63
163230;2724;6,18
163241;2594;2,89
163242;2559;2,01
163243;2701;5,60
163244;2662;4,62
163245;2593;2,87
163246;2614;3,40
163247;2620;3,55
163248;2620;3,55
163249;2603;3,12
163250;2622;3,60
163251;2631;3,83
163252;2683;5,15
163253;2608;3,25
163254;2757;7,02
163255;2629;3,78
163256;2559;2,01
163257;2637;3,98
163258;2691;5,35
163269;2546;1,68
163270;2542;1,58
163271;2529;1,25
163272;2542;1,58
163273;2535;1,40
163274;2533;1,35
163275;2543;1,60
163276;2535;1,40
163277;2544;1,63
163278;2528;1,22
163279;2534;1,38
163280;2534;1,38
163281;2523;1,10
163282;2544;1,63
163283;2537;1,45
163284;2533;1,35
163285;2544;1,63
163286;2541;1,55
163287;2540;1,53
163298;2602;3,10
163299;2667;4,74
163300;2612;3,35
163301;2599;3,02
163302;2626;3,70
163303;2559;2,01
163304;2591;2,82
163305;2559;2,01
163306;2615;3,43
163307;2586;2,69
163308;2559;2,01
163309;2686;5,22
163310;2546;1,68
163311;2592;2,84
163312;2643;4,13
163313;2603;3,12
163314;2646;4,21
163315;2604;3,15
163327;2702;5,63
163328;2667;4,74
163329;2706;5,73
163330;2559;2,01
163331;2736;6,49
163332;2631;3,83
163333;2592;2,84
163334;2670;4,82
163335;2595;2,92
163336;2640;4,06
163337;2608;3,25
163338;2602;3,10
163339;2689;5,30
163340;2589;2,77
163341;2559;2,01
163342;2650;4,31
163343;2547;1,71
163344;2608;3,25
163345;2559;2,01
163356;2659;4,54
163357;2559;2,01
163358;2619;3,53
163359;2551;1,81
163360;2614;3,40
163361;2677;4,99
163362;2759;7,07
163363;2704;5,68
163364;2621;3,58
163365;2583;2,62
163366;2555;1,91
163367;2599;3,02
163368;2558;1,98
163369;2638;4,01
163370;2635;3,93
163371;2661;4,59
163372;2607;3,22
163373;2557;1,96
163384;2677;4,99
163385;2583;2,62
163386;2727;6,26
163387;2773;7,42
163388;2627;3,73
163389;2682;5,12
163390;2683;5,15
163391;2609;3,27
163392;2736;6,49
163393;2603;3,12
163394;2659;4,54
163395;2701;5,60
163396;2750;6,84
163397;2555;1,91
163398;2739;6,56
163399;2559;2,01
163400;2640;4,06
163401;2711;5,86
163402;2585;2,67
163413;2586;2,69
163414;2684;5,17
163415;2595;2,92
163416;2725;6,21
163417;2598;3,00
163418;2689;5,30
163419;2741;6,61
163420;2723;6,16
163421;2743;6,66
163422;2726;6,23
163423;2733;6,41
163424;2559;2,01
163425;2765;7,22
163426;2736;6,49
163427;2745;6,72
163428;2818;8,56
163429;2754;6,94
163430;2801;8,13
163442;2558;1,98
163443;2559;2,01
163444;2559;2,01
163445;2549;1,76
163446;2557;1,96
163447;2546;1,68
163448;2658;4,51
163449;2711;5,86
163450;2545;1,65
163451;2553;1,86
163452;2731;6,36
163453;2653;4,39
163454;2626;3,70
163455;2554;1,88
163456;2587;2,72
163457;2544;1,63
163458;2638;4,01
163459;2583;2,62
163460;2544;1,63
163471;2553;1,86
163472;2744;6,69
163473;2586;2,69
163474;2555;1,91
163475;2551;1,81
163476;2559;2,01
163477;2635;3,93
163478;2559;2,01
163479;2621;3,58
163480;2717;6,01
163481;2640;4,06
163482;2715;5,96
163483;2698;5,53
163484;2544;1,63
163485;2667;4,74
163486;2647;4,24
163487;2559;2,01
163488;2559;2,01
163499;2731;6,36
163500;2559;2,01
163501;2699;5,55
163502;2635;3,93
163503;2671;4,84
163504;2591;2,82
163505;2658;4,51
163506;2559;2,01
163507;2647;4,24
163508;2559;2,01
163509;2583;2,62
163510;2741;6,61
163511;2726;6,23
163512;2746;6,74
163513;2627;3,73
163514;2559;2,01
163515;2638;4,01
163516;2583;2,62
163517;2721;6,11
163528;2531;1,30
163529;2539;1,50
163530;2542;1,58
163531;2545;1,65
163532;2532;1,33
163533;2534;1,38
163534;2533;1,35
163535;2539;1,50
163536;2527;1,20
163537;2540;1,53
163538;2543;1,60
163539;2544;1,63
163540;2541;1,55
163541;2535;1,40
163542;2543;1,60
163543;2531;1,30
163544;2530;1,28
163545;2535;1,40
163556;2720;6,08
163557;2559;2,01
163558;2618;3,50
163559;2650;4,31
163560;2647;4,24
163561;2630;3,81
163562;2623;3,63
163563;2640;4,06
163564;2634;3,91
163565;2613;3,38
163566;2559;2,01
163567;2609;3,27
163568;2613;3,38
163569;2559;2,01
163570;2587;2,72
163571;2559;2,01
163572;2559;2,01
163573;2619;3,53
163574;2623;3,63
163586;2611;3,32
163587;2623;3,63
163588;2559;2,01
163589;2640;4,06
163590;2753;6,92
163591;2623;3,63
163592;2704;5,68
163593;2711;5,86
163594;2551;1,81
163595;2765;7,22
163596;2612;3,35
163597;2650;4,31
163598;2559;2,01
163599;2606;3,20
163600;2559;2,01
163601;2613;3,38
163602;2710;5,83
163603;2663;4,64
163614;2733;6,41
163615;2549;1,76
163616;2669;4,79
163617;2631;3,83
163618;2736;6,49
163619;2656;4,46
163620;2701;5,60
163621;2684;5,17
163622;2615;3,43
163623;2683;5,15
163624;2635;3,93
163625;2547;1,71
163626;2742;6,64
163627;2555;1,91
163628;2598;3,00
163629;2555;1,91
163630;2550;1,78
163631;2598;3,00
163632;2726;6,23
163643;2559;2,01
163644;2761;7,12
163645;2641;4,08
163646;2596;2,95
163647;2590;2,79
163648;2688;5,27
163649;2559;2,01
163650;2641;4,08
163651;2559;2,01
163652;2641;4,08
163653;2624;3,65
163654;2655;4,44
163655;2669;4,79
163656;2559;2,01
163657;2559;2,01
163658;2736;6,49
163659;2559;2,01
163660;2657;4,49
163671;2634;3,91
163672;2678;5,02
163673;2638;4,01
163674;2739;6,56
163675;2688;5,27
163676;2699;5,55
163677;2747;6,77
163678;2635;3,93
163679;2544;1,63
163680;2745;6,72
163681;2640;4,06
163682;2704;5,68
163683;2672;4,87
163684;2688;5,27
163685;2630;3,81
163686;2701;5,60
163687;2695;5,45
163688;2665;4,69
163689;2558;1,98
163701;2545;1,65
163702;2703;5,65
163703;2674;4,92
163704;2548;1,73
163705;2554;1,88
163706;2661;4,59
163707;2559;2,01
163708;2544;1,63
163709;2593;2,87
163710;2607;3,22
163711;2594;2,89
163712;2823;8,69
163713;2661;4,59
163714;2621;3,58
163715;2591;2,82
163716;2650;4,31
163717;2595;2,92
163718;2559;2,01
163729;2736;6,49
163730;2671;4,84
163731;2669;4,79
163732;2624;3,65
163733;2683;5,15
163734;2592;2,84
163735;2715;5,96
163736;2629;3,78
163737;2721;6,11
163738;2657;4,49
163739;2559;2,01
163740;2646;4,21
163741;2768;7,30
163742;2747;6,77
163743;2675;4,94
163744;2555;1,91
163745;2661;4,59
163746;2639;4,03
163747;2544;1,63
163758;2559;2,01
163759;2730;6,34
163760;2559;2,01
163761;2559;2,01
163762;2559;2,01
163763;2582;2,59
163764;2698;5,53
163765;2653;4,39
163766;2583;2,62
163767;2595;2,92
163768;2625;3,68
163769;2752;6,89
163770;2546;1,68
163771;2715;5,96
163772;2691;5,35
163773;2559;2,01
163774;2554;1,88
163775;2559;2,01
163786;2539;1,50
163787;2539;1,50
163788;2543;1,60
163789;2529;1,25
163790;2535;1,40
163791;2535;1,40
163792;2533;1,35
163793;2544;1,63
163794;2528;1,22
163795;2533;1,35
163796;2545;1,65
163797;2544;1,63
163798;2538;1,48
163799;2545;1,65
163800;2535;1,40
163801;2544;1,63
163802;2533;1,35
163803;2532;1,33
163804;2540;1,53
163815;2627;3,73
163816;2555;1,91
163817;2735;6,46
163818;2582;2,59
163819;2559;2,01
163820;2559;2,01
163821;2736;6,49
163822;2589;2,77
163823;2559;2,01
163824;2586;2,69
163825;2624;3,65
163826;2559;2,01
163827;2559;2,01
163828;2631;3,83
163829;2559;2,01
163830;2628;3,76
163831;2559;2,01
163832;2559;2,01
163844;2559;2,01
163845;2608;3,25
163846;2672;4,87
163847;2725;6,21
163848;2762;7,15
163849;2559;2,01
163850;2559;2,01
163851;2730;6,34
163852;2583;2,62
163853;2689;5,30
163854;2547;1,71
163855;2605;3,17
163856;2687;5,25
163857;2649;4,29
163858;2559;2,01
163859;2654;4,41
163860;2678;5,02
163861;2753;6,92
163862;2653;4,39
163873;2554;1,88
163874;2704;5,68
163875;2547;1,71
163876;2647;4,24
163877;2594;2,89
163878;2595;2,92
163879;2740;6,59
163880;2637;3,98
163881;2559;2,01
163882;2554;1,88
163883;2559;2,01
163884;2709;5,80
163885;2706;5,73
163886;2704;5,68
163887;2644;4,16
163888;2545;1,65
163889;2670;4,82
163890;2655;4,44
163901;2559;2,01
163902;2624;3,65
163903;2609;3,27
163904;2559;2,01
163905;2559;2,01
163906;2559;2,01
163907;2559;2,01
163908;2559;2,01
163909;2689;5,30
163910;2635;3,93
163911;2587;2,72
163912;2730;6,34
163913;2615;3,43
163914;2719;6,06
163915;2631;3,83
163916;2709;5,80
163917;2677;4,99
163918;2559;2,01
163919;2659;4,54
163930;2559;2,01
163931;2673;4,89
163932;2598;3,00
163933;2607;3,22
163934;2736;6,49
163935;2559;2,01
163936;2668;4,77
163937;2704;5,68
163938;2708;5,78
163939;2658;4,51
163940;2701;5,60
163941;2659;4,54
163942;2647;4,24
163943;2558;1,98
163944;2559;2,01
163945;2703;5,65
163946;2671;4,84
163947;2686;5,22
163959;2644;4,16
163960;2555;1,91
163961;2672;4,87
163962;2651;4,34
163963;2598;3,00
163964;2559;2,01
163965;2559;2,01
163966;2658;4,51
163967;2559;2,01
163968;2608;3,25
163969;2591;2,82
163970;2652;4,36
163971;2774;7,45
163972;2559;2,01
163973;2554;1,88
163974;2743;6,66
163975;2559;2,01
163976;2675;4,94
163977;2641;4,08
163988;2668;4,77
163989;2693;5,40
163990;2621;3,58
163991;2671;4,84
163992;2587;2,72
163993;2588;2,74
163994;2559;2,01
163995;2608;3,25
163996;2559;2,01
163997;2544;1,63
163998;2585;2,67
163999;2655;4,44
164000;2581;2,57
164001;2559;2,01
164002;2655;4,44
164003;2602;3,10
164004;2613;3,38
164005;2715;5,96
164016;2546;1,68
164017;2599;3,02
164018;2655;4,44
164019;2559;2,01
164020;2559;2,01
164021;2559;2,01
164022;2610;3,30
164023;2688;5,27
164024;2640;4,06
164025;2607;3,22
164026;2559;2,01
164027;2677;4,99
164028;2594;2,89
164029;2592;2,84
164030;2559;2,01
164031;2659;4,54
164032;2727;6,26
164033;2583;2,62
164034;2679;5,05
164045;2602;3,10
164046;2539;1,50
164047;2559;2,01
164048;2547;1,71
164049;2549;1,76
164050;2544;1,63
164051;2527;1,20
164052;2549;1,76
164053;2551;1,81
164054;2535;1,40
164055;2547;1,71
164056;2527;1,20
164057;2544;1,63
164058;2549;1,76
164059;2540;1,53
164060;2540;1,53
164061;2543;1,60
164062;2556;1,93
164073;2747;6,77
164074;2582;2,59
164075;2559;2,01
164076;2726;6,23
164077;2559;2,01
164078;2559;2,01
164079;2725;6,21
164080;2559;2,01
164081;2704;5,68
164082;2594;2,89
164083;2559;2,01
164084;2606;3,20
164085;2678;5,02
164086;2729;6,31
164087;2559;2,01
164088;2559;2,01
164089;2690;5,32
164090;2781;7,63
164091;2658;4,51
164103;2715;5,96
164104;2709;5,80
164105;2547;1,71
164106;2713;5,91
164107;2587;2,72
164108;2556;1,93
164109;2608;3,25
164110;2674;4,92
164111;2652;4,36
164112;2591;2,82
164113;2663;4,64
164114;2676;4,97
164115;2683;5,15
164116;2673;4,89
164117;2549;1,76
164118;2640;4,06
164119;2672;4,87
164120;2597;2,97
164131;2737;6,51
164132;2693;5,40
164133;2667;4,74
164134;2651;4,34
164135;2704;5,68
164136;2559;2,01
164137;2645;4,19
164138;2590;2,79
164139;2637;3,98
164140;2587;2,72
164141;2646;4,21
164142;2638;4,01
164143;2741;6,61
164144;2584;2,64
164145;2559;2,01
164146;2593;2,87
164147;2653;4,39
164148;2559;2,01
164149;2619;3,53
164160;2559;2,01
164161;2666;4,72
164162;2683;5,15
164163;2559;2,01
164164;2582;2,59
164165;2641;4,08
164166;2770;7,35
164167;2690;5,32
164168;2559;2,01
164169;2623;3,63
164170;2741;6,61
164171;2781;7,63
164172;2559;2,01
164173;2610;3,30
164174;2704;5,68
164175;2723;6,16
164176;2623;3,63
164177;2583;2,62
164188;2583;2,62
164189;2559;2,01
164190;2615;3,43
164191;2683;5,15
164192;2541;1,55
164193;2622;3,60
164194;2640;4,06
164195;2637;3,98
164196;2633;3,88
164197;2673;4,89
164198;2665;4,69
164199;2539;1,50
164200;2589;2,77
164201;2601;3,07
164202;2655;4,44
164203;2590;2,79
164204;2704;5,68
164205;2599;3,02
164206;2589;2,77
164218;2559;2,01
164219;2666;4,72
164220;2559;2,01
164221;2688;5,27
164222;2687;5,25
164223;2559;2,01
164224;2689;5,30
164225;2661;4,59
164226;2657;4,49
164227;2591;2,82
164228;2602;3,10
164229;2598;3,00
164230;2606;3,20
164231;2544;1,63
164232;2671;4,84
164233;2559;2,01
164234;2640;4,06
164235;2720;6,08
164246;2585;2,67
164247;2559;2,01
164248;2751;6,87
164249;2603;3,12
164250;2557;1,96
164251;2559;2,01
164252;2646;4,21
164253;2726;6,23
164254;2559;2,01
164255;2583;2,62
164256;2559;2,01
164257;2649;4,29
164258;2713;5,91
164259;2604;3,15
164260;2625;3,68
164261;2639;4,03
164262;2756;6,99
164263;2688;5,27
164264;2580;2,54
164275;2592;2,84
164276;2623;3,63
164277;2694;5,43
164278;2768;7,30
164279;2550;1,78
164280;2635;3,93
164281;2587;2,72
164282;2733;6,41
164283;2672;4,87
164284;2704;5,68
164285;2611;3,32
164286;2714;5,93
164287;2635;3,93
164288;2559;2,01
164289;2608;3,25
164290;2626;3,70
164291;2626;3,70
164292;2606;3,20
164303;2543;1,60
164304;2549;1,76
164305;2544;1,63
164306;2541;1,55
164307;2543;1,60
164308;2544;1,63
164309;2541;1,55
164310;2544;1,63
164311;2545;1,65
164312;2539;1,50
164313;2535;1,40
164314;2526;1,17
164315;2537;1,45
164316;2545;1,65
164317;2540;1,53
164318;2555;1,91
164319;2538;1,48
164320;2534;1,38
164321;2544;1,63
164332;2607;3,22
164333;2715;5,96
164334;2667;4,74
164335;2583;2,62
164336;2671;4,84
164337;2559;2,01
164338;2730;6,34
164339;2714;5,93
164340;2559;2,01
164341;2715;5,96
164342;2698;5,53
164343;2675;4,94
164344;2721;6,11
164345;2559;2,01
164346;2730;6,34
164347;2741;6,61
164348;2758;7,04
164349;2719;6,06
164361;2703;5,65
164362;2638;4,01
164363;2559;2,01
164364;2581;2,57
164365;2559;2,01
164366;2582;2,59
164367;2672;4,87
164368;2739;6,56
164369;2685;5,20
164370;2625;3,68
164371;2611;3,32
164372;2673;4,89
164373;2705;5,70
164374;2640;4,06
164375;2550;1,78
164376;2688;5,27
164377;2589;2,77
164378;2609;3,27
164379;2595;2,92
164390;2594;2,89
164391;2559;2,01
164392;2663;4,64
164393;2559;2,01
164394;2766;7,25
164395;2611;3,32
164396;2559;2,01
164397;2625;3,68
164398;2559;2,01
164399;2550;1,78
164400;2608;3,25
164401;2719;6,06
164402;2559;2,01
164403;2559;2,01
164404;2555;1,91
164405;2699;5,55
164406;2529;1,25
164407;2559;2,01
164418;2559;2,01
164419;2588;2,74
164420;2595;2,92
164421;2639;4,03
164422;2559;2,01
164423;2673;4,89
164424;2542;1,58
164425;2603;3,12
164426;2611;3,32
164427;2559;2,01
164428;2583;2,62
164429;2559;2,01
164430;2666;4,72
164431;2544;1,63
164432;2697;5,50
164433;2549;1,76
164434;2628;3,76
164435;2703;5,65
164436;2693;5,40
164447;2550;1,78
164448;2540;1,53
164449;2559;2,01
164450;2657;4,49
164451;2619;3,53
164452;2591;2,82
164453;2559;2,01
164454;2559;2,01
164455;2622;3,60
164456;2587;2,72
164457;2623;3,63
164458;2559;2,01
164459;2656;4,46
164460;2617;3,48
164461;2559;2,01
164462;2543;1,60
164463;2544;1,63
164464;2559;2,01
164476;2686;5,22
164477;2542;1,58
164478;2537;1,45
164479;2605;3,17
164480;2559;2,01
164481;2704;5,68
164482;2543;1,60
164483;2535;1,40
164484;2672;4,87
164485;2559;2,01
164486;2544;1,63
164487;2581;2,57
164488;2544;1,63
164489;2665;4,69
164490;2559;2,01
164491;2543;1,60
164492;2535;1,40
164493;2661;4,59
164494;2679;5,05
164505;2597;2,97
164506;2615;3,43
164507;2666;4,72
164508;2555;1,91
164509;2582;2,59
164510;2539;1,50
164511;2541;1,55
164512;2587;2,72
164513;2530;1,28
164514;2552;1,83
164515;2531;1,30
164516;2643;4,13
164517;2659;4,54
164518;2558;1,98
164519;2691;5,35
164520;2758;7,04
164521;2717;6,01
164522;2598;3,00
164533;2640;4,06
164534;2587;2,72
164535;2651;4,34
164536;2736;6,49
164537;2559;2,01
164538;2559;2,01
164539;2621;3,58
164540;2598;3,00
164541;2587;2,72
164542;2551;1,81
164543;2559;2,01
164544;2627;3,73
164545;2589;2,77
164546;2548;1,73
164547;2620;3,55
164548;2559;2,01
164549;2747;6,77
164550;2624;3,65
164551;2858;9,57
164562;2608;3,25
164563;2704;5,68
164564;2611;3,32
164565;2599;3,02
164566;2559;2,01
164567;2652;4,36
164568;2621;3,58
164569;2703;5,65
164570;2614;3,40
164571;2761;7,12
164572;2594;2,89
164573;2700;5,58
164574;2633;3,88
164575;2634;3,91
164576;2589;2,77
164577;2621;3,58
164578;2654;4,41
164579;2713;5,91
164590;2679;5,05
164591;2653;4,39
164592;2754;6,94
164593;2545;1,65
164594;2559;2,01
164595;2686;5,22
164596;2604;3,15
164597;2747;6,77
164598;2549;1,76
164599;2559;2,01
164600;2706;5,73
164601;2631;3,83
164602;2759;7,07
164603;2554;1,88
164604;2671;4,84
164605;2598;3,00
164606;2677;4,99
164607;2740;6,59
164608;2559;2,01
164620;2674;4,92
164621;2666;4,72
164622;2654;4,41
164623;2543;1,60
164624;2766;7,25
164625;2724;6,18
164626;2704;5,68
164627;2609;3,27
164628;2559;2,01
164629;2765;7,22
164630;2615;3,43
164631;2686;5,22
164632;2551;1,81
164633;2587;2,72
164634;2643;4,13
164635;2590;2,79
164636;2686;5,22
164637;2608;3,25
164648;2775;7,47
164649;2621;3,58
164650;2722;6,13
164651;2667;4,74
164652;2689;5,30
164653;2555;1,91
164654;2559;2,01
164655;2669;4,79
164656;2559;2,01
164657;2624;3,65
164658;2590;2,79
164659;2686;5,22
164660;2698;5,53
164661;2736;6,49
164662;2633;3,88
164663;2863;9,70
164664;2626;3,70
164665;2752;6,89
164666;2559;2,01
164677;2634;3,91
164678;2613;3,38
164679;2684;5,17
164680;2559;2,01
164681;2683;5,15
164682;2715;5,96
164683;2653;4,39
164684;2591;2,82
164685;2583;2,62
164686;2606;3,20
164687;2715;5,96
164688;2559;2,01
164689;2559;2,01
164690;2608;3,25
164691;2715;5,96
164692;2603;3,12
164693;2559;2,01
164694;2624;3,65
164705;2559;2,01
164706;2559;2,01
164707;2559;2,01
164708;2559;2,01
164709;2593;2,87
164710;2559;2,01
164711;2559;2,01
164712;2547;1,71
164713;2554;1,88
164714;2585;2,67
164715;2559;2,01
164716;2583;2,62
164717;2559;2,01
164718;2559;2,01
164719;2553;1,86
164720;2549;1,76
164721;2598;3,00
164722;2583;2,62
164723;2593;2,87
164734;2675;4,94
164735;2711;5,86
164736;2619;3,53
164737;2800;8,11
164738;2669;4,79
164739;2630;3,81
164740;2609;3,27
164741;2721;6,11
164742;2587;2,72
164743;2611;3,32
164744;2624;3,65
164745;2608;3,25
164746;2559;2,01
164747;2624;3,65
164748;2559;2,01
164749;2643;4,13
164750;2603;3,12
164751;2693;5,40
164763;2636;3,96
164764;2559;2,01
164765;2660;4,56
164766;2614;3,40
164767;2559;2,01
164768;2559;2,01
164769;2694;5,43
164770;2749;6,82
164771;2559;2,01
164772;2548;1,73
164773;2591;2,82
164774;2595;2,92
164775;2722;6,13
164776;2559;2,01
164777;2586;2,69
164778;2606;3,20
164779;2559;2,01
164780;2691;5,35
164781;2668;4,77
164792;2623;3,63
164793;2705;5,70
164794;2585;2,67
164795;2559;2,01
164796;2643;4,13
164797;2705;5,70
164798;2640;4,06
164799;2640;4,06
164800;2549;1,76
164801;2586;2,69
164802;2767;7,27
164803;2715;5,96
164804;2675;4,94
164805;2591;2,82
164806;2629;3,78
164807;2713;5,91
164808;2721;6,11
164809;2667;4,74
164820;2551;1,81
164821;2559;2,01
164822;2597;2,97
164823;2610;3,30
164824;2592;2,84
164825;2559;2,01
164826;2606;3,20
164827;2707;5,75
164828;2667;4,74
164829;2558;1,98
164830;2594;2,89
164831;2559;2,01
164832;2606;3,20
164833;2610;3,30
164834;2610;3,30
164835;2559;2,01
164836;2544;1,63
164837;2559;2,01
164838;2545;1,65
164849;2645;4,19
164850;2672;4,87
164851;2679;5,05
164852;2637;3,98
164853;2653;4,39
164854;2668;4,77
164855;2559;2,01
164856;2640;4,06
164857;2709;5,80
164858;2607;3,22
164859;2633;3,88
164860;2724;6,18
164861;2698;5,53
164862;2615;3,43
164863;2646;4,21
164864;2605;3,17
164865;2772;7,40
164866;2674;4,92
164878;2588;2,74
164879;2629;3,78
164880;2641;4,08
164881;2667;4,74
164882;2640;4,06
164883;2587;2,72
164884;2719;6,06
164885;2608;3,25
164886;2557;1,96
164887;2653;4,39
164888;2640;4,06
164889;2736;6,49
164890;2595;2,92
164891;2620;3,55
164892;2741;6,61
164893;2732;6,39
164894;2640;4,06
164895;2736;6,49
164896;2651;4,34
164907;2655;4,44
164908;2736;6,49
164909;2559;2,01
164910;2644;4,16
164911;2559;2,01
164912;2622;3,60
164913;2672;4,87
164914;2551;1,81
164915;2547;1,71
164916;2551;1,81
164917;2557;1,96
164918;2592;2,84
164919;2550;1,78
164920;2559;2,01
164921;2612;3,35
164922;2599;3,02
164923;2759;7,07
164924;2707;5,75
164935;2539;1,50
164936;2597;2,97
164937;2637;3,98
164938;2724;6,18
164939;2635;3,93
164940;2556;1,93
164941;2591;2,82
164942;2729;6,31
164943;2559;2,01
164944;2618;3,50
164945;2675;4,94
164946;2685;5,20
164947;2609;3,27
164948;2725;6,21
164949;2559;2,01
164950;2625;3,68
164951;2757;7,02
164952;2558;1,98
164953;2592;2,84
164964;2559;2,01
164965;2597;2,97
164966;2559;2,01
164967;2559;2,01
164968;2623;3,63
164969;2559;2,01
164970;2559;2,01
164971;2597;2,97
164972;2615;3,43
164973;2640;4,06
164974;2589;2,77
164975;2559;2,01
164976;2591;2,82
164977;2601;3,07
164978;2620;3,55
164979;2545;1,65
164980;2622;3,60
164981;2648;4,26
164993;2773;7,42
164994;2606;3,20
164995;2632;3,86
164996;2673;4,89
164997;2800;8,11
164998;2548;1,73
164999;2719;6,06
165000;2559;2,01
165001;2733;6,41
165002;2592;2,84
165003;2590;2,79
165004;2649;4,29
165005;2701;5,60
165006;2559;2,01
165007;2606;3,20
165008;2699;5,55
165009;2559;2,01
165010;2791;7,88
165011;2736;6,49
165022;2640;4,06
165023;2602;3,10
165024;2630;3,81
165025;2672;4,87
165026;2604;3,15
165027;2645;4,19
165028;2559;2,01
165029;2591;2,82
165030;2593;2,87
165031;2559;2,01
165032;2557;1,96
165033;2608;3,25
165034;2599;3,02
165035;2586;2,69
165036;2595;2,92
165037;2742;6,64
165038;2559;2,01
165039;2624;3,65
165050;2611;3,32
165051;2559;2,01
165052;2643;4,13
165053;2593;2,87
165054;2633;3,88
165055;2704;5,68
165056;2676;4,97
165057;2703;5,65
165058;2745;6,72
165059;2559;2,01
165060;2628;3,76
165061;2599;3,02
165062;2618;3,50
165063;2559;2,01
165064;2675;4,94
165065;2704;5,68
165066;2639;4,03
165067;2763;7,17
165068;2585;2,67
165079;2602;3,10
165080;2672;4,87
165081;2559;2,01
165082;2672;4,87
165083;2587;2,72
165084;2559;2,01
165085;2657;4,49
165086;2660;4,56
165087;2609;3,27
165088;2555;1,91
165089;2623;3,63
165090;2656;4,46
165091;2559;2,01
165092;2559;2,01
165093;2599;3,02
165094;2686;5,22
165095;2717;6,01
165096;2624;3,65
165107;2582;2,59
165108;2645;4,19
165109;2672;4,87
165110;2558;1,98
165111;2668;4,77
165112;2666;4,72
165113;2640;4,06
165114;2661;4,59
165115;2690;5,32
165116;2694;5,43
165117;2559;2,01
165118;2559;2,01
165119;2587;2,72
165120;2621;3,58
165121;2585;2,67
165122;2685;5,20
165123;2638;4,01
165124;2715;5,96
165125;2608;3,25
165137;2662;4,62
165138;2604;3,15
165139;2661;4,59
165140;2637;3,98
165141;2554;1,88
165142;2559;2,01
165143;2727;6,26
165144;2640;4,06
165145;2559;2,01
165146;2667;4,74
165147;2693;5,40
165148;2723;6,16
165149;2559;2,01
165150;2741;6,61
165151;2594;2,89
165152;2609;3,27
165153;2729;6,31
165154;2687;5,25
165165;2613;3,38
165166;2589;2,77
165167;2657;4,49
165168;2623;3,63
165169;2559;2,01
165170;2652;4,36
165171;2658;4,51
165172;2596;2,95
165173;2557;1,96
165174;2559;2,01
165175;2559;2,01
165176;2659;4,54
165177;2687;5,25
165178;2754;6,94
165179;2559;2,01
165180;2627;3,73
165181;2551;1,81
165182;2555;1,91
165183;2801;8,13
165194;2638;4,01
165195;2603;3,12
165196;2542;1,58
165197;2715;5,96
165198;2557;1,96
165199;2589;2,77
165200;2704;5,68
165201;2550;1,78
165202;2717;6,01
165203;2675;4,94
165204;2555;1,91
165205;2559;2,01
165206;2597;2,97
165207;2593;2,87
165208;2640;4,06
165209;2704;5,68
165210;2793;7,93
165211;2559;2,01
165222;2688;5,27
165223;2758;7,04
165224;2689;5,30
165225;2729;6,31
165226;2691;5,35
165227;2591;2,82
165228;2559;2,01
165229;2602;3,10
165230;2699;5,55
165231;2706;5,73
165232;2606;3,20
165233;2735;6,46
165234;2735;6,46
165235;2749;6,82
165236;2747;6,77
165237;2733;6,41
165238;2719;6,06
165239;2581;2,57
165240;2735;6,46
165251;2559;2,01
165252;2660;4,56
165253;2720;6,08
165254;2582;2,59
165255;2559;2,01
165256;2557;1,96
165257;2667;4,74
165258;2659;4,54
165259;2559;2,01
165260;2559;2,01
165261;2595;2,92
165262;2559;2,01
165263;2559;2,01
165264;2603;3,12
165265;2559;2,01
165266;2621;3,58
165267;2770;7,35
165268;2559;2,01
165280;2559;2,01
165281;2608;3,25
165282;2674;4,92
165283;2736;6,49
165284;2698;5,53
165285;2739;6,56
165286;2609;3,27
165287;2640;4,06
165288;2559;2,01
165289;2559;2,01
165290;2627;3,73
165291;2606;3,20
165292;2559;2,01
165293;2704;5,68
165294;2623;3,63
165295;2559;2,01
165296;2559;2,01
165297;2641;4,08
165298;2734;6,44
165309;2757;7,02
165310;2711;5,86
165311;2666;4,72
165312;2704;5,68
165313;2674;4,92
165314;2606;3,20
165315;2559;2,01
165316;2559;2,01
165317;2553;1,86
165318;2672;4,87
165319;2635;3,93
165320;2735;6,46
165321;2604;3,15
165322;2755;6,97
165323;2639;4,03
165324;2550;1,78
165325;2657;4,49
165326;2559;2,01
165337;2559;2,01
165338;2559;2,01
165339;2739;6,56
165340;2559;2,01
165341;2641;4,08
165342;2559;2,01
165343;2595;2,92
165344;2581;2,57
165345;2559;2,01
165346;2539;1,50
165347;2608;3,25
165348;2625;3,68
165349;2752;6,89
165350;2815;8,49
165351;2559;2,01
165352;2551;1,81
165353;2688;5,27
165354;2737;6,51
165355;2550;1,78
165366;2640;4,06
165367;2689;5,30
165368;2693;5,40
165369;2597;2,97
165370;2734;6,44
165371;2624;3,65
165372;2737;6,51
165373;2583;2,62
165374;2686;5,22
165375;2614;3,40
165376;2672;4,87
165377;2720;6,08
165378;2715;5,96
165379;2608;3,25
165380;2624;3,65
165381;2618;3,50
165382;2738;6,54
165383;2595;2,92
165395;2742;6,64
165396;2559;2,01
165397;2673;4,89
165398;2624;3,65
165399;2640;4,06
165400;2750;6,84
165401;2599;3,02
165402;2661;4,59
165403;2555;1,91
165404;2646;4,21
165405;2631;3,83
165406;2606;3,20
165407;2643;4,13
165408;2559;2,01
165409;2696;5,48
165410;2559;2,01
165411;2642;4,11
165412;2597;2,97
165413;2544;1,63
165424;2736;6,49
165425;2737;6,51
165426;2587;2,72
165427;2635;3,93
165428;2558;1,98
165429;2610;3,30
165430;2688;5,27
165431;2544;1,63
165432;2602;3,10
165433;2615;3,43
165434;2705;5,70
165435;2662;4,62
165436;2635;3,93
165437;2653;4,39
165438;2609;3,27
165439;2615;3,43
165440;2778;7,55
165441;2559;2,01
165452;2752;6,89
165453;2626;3,70
165454;2641;4,08
165455;2546;1,68
165456;2678;5,02
165457;2647;4,24
165458;2608;3,25
165459;2827;8,79
165460;2687;5,25
165461;2544;1,63
165462;2613;3,38
165463;2587;2,72
165464;2766;7,25
165465;2551;1,81
165466;2636;3,96
165467;2628;3,76
165468;2726;6,23
165469;2624;3,65
165470;2654;4,41
165481;2755;6,97
165482;2704;5,68
165483;2759;7,07
165484;2703;5,65
165485;2770;7,35
165486;2705;5,70
165487;2704;5,68
165488;2747;6,77
165489;2755;6,97
165490;2559;2,01
165491;2746;6,74
165492;2725;6,21
165493;2745;6,72
165494;2709;5,80
165495;2773;7,42
165496;2703;5,65
165497;2672;4,87
165498;2705;5,70
165509;2559;2,01
165510;2635;3,93
165511;2736;6,49
165512;2722;6,13
165513;2559;2,01
165514;2590;2,79
165515;2641;4,08
165516;2733;6,41
165517;2544;1,63
165518;2549;1,76
165519;2559;2,01
165520;2667;4,74
165521;2778;7,55
165522;2752;6,89
165523;2549;1,76
165524;2640;4,06
165525;2651;4,34
165526;2779;7,58
165527;2544;1,63
165539;2704;5,68
165540;2651;4,34
165541;2602;3,10
165542;2559;2,01
165543;2559;2,01
165544;2791;7,88
165545;2690;5,32
165546;2698;5,53
165547;2637;3,98
165548;2559;2,01
165549;2592;2,84
165550;2622;3,60
165551;2541;1,55
165552;2597;2,97
165553;2609;3,27
165554;2559;2,01
165555;2553;1,86
165556;2855;9,50
165567;2658;4,51
165568;2772;7,40
165569;2752;6,89
165570;2743;6,66
165571;2625;3,68
165572;2559;2,01
165573;2607;3,22
165574;2766;7,25
165575;2729;6,31
165576;2559;2,01
165577;2557;1,96
165578;2693;5,40
165579;2559;2,01
165580;2861;9,65
165581;2589;2,77
165582;2559;2,01
165583;2653;4,39
165584;2767;7,27
165585;2672;4,87
165596;2652;4,36
165597;2618;3,50
165598;2624;3,65
165599;2787;7,78
165600;2559;2,01
165601;2673;4,89
165602;2697;5,50
165603;2639;4,03
165604;2657;4,49
165605;2541;1,55
165606;2604;3,15
165607;2608;3,25
165608;2646;4,21
165609;2559;2,01
165610;2668;4,77
165611;2704;5,68
165612;2657;4,49
165613;2559;2,01
165624;2653;4,39
165625;2672;4,87
165626;2672;4,87
165627;2688;5,27
165628;2597;2,97
165629;2672;4,87
165630;2686;5,22
165631;2666;4,72
165632;2555;1,91
165633;2669;4,79
165634;2693;5,40
165635;2586;2,69
165636;2614;3,40
165637;2656;4,46
165638;2596;2,95
165639;2559;2,01
165640;2559;2,01
165641;2599;3,02
165642;2559;2,01
165654;2679;5,05
165655;2639;4,03
165656;2679;5,05
165657;2557;1,96
165658;2559;2,01
165659;2550;1,78
165660;2594;2,89
165661;2541;1,55
165662;2599;3,02
165663;2597;2,97
165664;2734;6,44
165665;2557;1,96
165666;2589;2,77
165667;2741;6,61
165668;2581;2,57
165669;2651;4,34
165670;2659;4,54
165671;2672;4,87
165682;2551;1,81
165683;2559;2,01
165684;2640;4,06
165685;2666;4,72
165686;2669;4,79
165687;2559;2,01
165688;2672;4,87
165689;2644;4,16
165690;2727;6,26
165691;2559;2,01
165692;2559;2,01
165693;2559;2,01
165694;2585;2,67
165695;2554;1,88
165696;2544;1,63
165697;2558;1,98
165698;2726;6,23
165699;2654;4,41
165700;2550;1,78
165711;2603;3,12
165712;2693;5,40
165713;2593;2,87
165714;2559;2,01
165715;2622;3,60
165716;2718;6,03
165717;2704;5,68
165718;2675;4,94
165719;2638;4,01
165720;2710;5,83
165721;2647;4,24
165722;2735;6,46
165723;2589;2,77
165724;2707;5,75
165725;2559;2,01
165726;2724;6,18
165727;2589;2,77
165728;2639;4,03
165739;2670;4,82
165740;2665;4,69
165741;2678;5,02
165742;2681;5,10
165743;2721;6,11
165744;2773;7,42
165745;2697;5,50
165746;2723;6,16
165747;2718;6,03
165748;2640;4,06
165749;2769;7,32
165750;2706;5,73
165751;2769;7,32
165752;2645;4,19
165753;2752;6,89
165754;2708;5,78
165755;2773;7,42
165756;2685;5,20
165757;2688;5,27
165768;2677;4,99
165769;2681;5,10
165770;2555;1,91
165771;2651;4,34
165772;2547;1,71
165773;2639;4,03
165774;2726;6,23
165775;2549;1,76
165776;2559;2,01
165777;2654;4,41
165778;2680;5,07
165779;2736;6,49
165780;2557;1,96
165781;2559;2,01
165782;2608;3,25
165783;2654;4,41
165784;2767;7,27
165785;2547;1,71
165797;2711;5,86
165798;2662;4,62
165799;2704;5,68
165800;2544;1,63
165801;2640;4,06
165802;2751;6,87
165803;2688;5,27
165804;2559;2,01
165805;2550;1,78
165806;2622;3,60
165807;2686;5,22
165808;2597;2,97
165809;2644;4,16
165810;2672;4,87
165811;2593;2,87
165812;2663;4,64
165813;2642;4,11
165814;2727;6,26
165815;2593;2,87
165826;2591;2,82
165827;2640;4,06
165828;2676;4,97
165829;2673;4,89
165830;2704;5,68
165831;2735;6,46
165832;2598;3,00
165833;2768;7,30
165834;2589;2,77
165835;2617;3,48
165836;2593;2,87
165837;2709;5,80
165838;2752;6,89
165839;2784;7,70
165840;2687;5,25
165841;2555;1,91
165842;2666;4,72
165843;2655;4,44
165854;2698;5,53
165855;2619;3,53
165856;2621;3,58
165857;2630;3,81
165858;2559;2,01
165859;2669;4,79
165860;2609;3,27
165861;2639;4,03
165862;2544;1,63
165863;2640;4,06
165864;2771;7,37
165865;2581;2,57
165866;2729;6,31
165867;2546;1,68
165868;2701;5,60
165869;2607;3,22
165870;2672;4,87
165871;2559;2,01
165872;2652;4,36
165883;2559;2,01
165884;2559;2,01
165885;2583;2,62
165886;2646;4,21
165887;2655;4,44
165888;2605;3,17
165889;2551;1,81
165890;2559;2,01
165891;2589;2,77
165892;2582;2,59
165893;2607;3,22
165894;2761;7,12
165895;2601;3,07
165896;2602;3,10
165897;2621;3,58
165898;2606;3,20
165899;2642;4,11
165900;2559;2,01
165912;2549;1,76
165913;2559;2,01
165914;2880;10,13
165915;2634;3,91
165916;2559;2,01
165917;2547;1,71
165918;2697;5,50
165919;2614;3,40
165920;2624;3,65
165921;2672;4,87
165922;2672;4,87
165923;2559;2,01
165924;2583;2,62
165925;2675;4,94
165926;2559;2,01
165927;2615;3,43
165928;2614;3,40
165929;2704;5,68
165930;2731;6,36
165941;2608;3,25
165942;2732;6,39
165943;2535;1,40
165944;2650;4,31
165945;2627;3,73
165946;2559;2,01
165947;2730;6,34
165948;2629;3,78
165949;2559;2,01
165950;2683;5,15
165951;2554;1,88
165952;2581;2,57
165953;2640;4,06
165954;2599;3,02
165955;2723;6,16
165956;2653;4,39
165957;2645;4,19
165958;2672;4,87
165969;2597;2,97
165970;2559;2,01
165971;2647;4,24
165972;2625;3,68
165973;2559;2,01
165974;2606;3,20
165975;2645;4,19
165976;2559;2,01
165977;2613;3,38
165978;2550;1,78
165979;2654;4,41
165980;2559;2,01
165981;2667;4,74
165982;2677;4,99
165983;2559;2,01
165984;2653;4,39
165985;2549;1,76
165986;2590;2,79
165987;2717;6,01
165998;2725;6,21
165999;2713;5,91
166000;2791;7,88
166001;2755;6,97
166002;2864;9,73
166003;2800;8,11
166004;2834;8,97
166005;2659;4,54
166006;2836;9,02
166007;2790;7,85
166008;2751;6,87
166009;2722;6,13
166010;2745;6,72
166011;2765;7,22
166012;2825;8,74
166013;2845;9,25
166014;2737;6,51
166015;2864;9,73
166026;2559;2,01
166027;2648;4,26
166028;2749;6,82
166029;2736;6,49
166030;2559;2,01
166031;2589;2,77
166032;2698;5,53
166033;2653;4,39
166034;2589;2,77
166035;2719;6,06
166036;2624;3,65
166037;2658;4,51
166038;2717;6,01
166039;2559;2,01
166040;2659;4,54
166041;2604;3,15
166042;2559;2,01
166043;2633;3,88
166044;2559;2,01
166056;2604;3,15
166057;2587;2,72
166058;2619;3,53
166059;2631;3,83
166060;2674;4,92
166061;2652;4,36
166062;2559;2,01
166063;2548;1,73
166064;2559;2,01
166065;2559;2,01
166066;2688;5,27
166067;2615;3,43
166068;2559;2,01
166069;2559;2,01
166070;2736;6,49
166071;2559;2,01
166072;2602;3,10
166073;2605;3,17
166084;2613;3,38
166085;2662;4,62
166086;2754;6,94
166087;2718;6,03
166088;2590;2,79
166089;2768;7,30
166090;2677;4,99
166091;2622;3,60
166092;2674;4,92
166093;2586;2,69
166094;2598;3,00
166095;2585;2,67
166096;2559;2,01
166097;2559;2,01
166098;2559;2,01
166099;2668;4,77
166100;2599;3,02
166101;2653;4,39
166102;2559;2,01
166113;2694;5,43
166114;2608;3,25
166115;2626;3,70
166116;2624;3,65
166117;2655;4,44
166118;2736;6,49
166119;2590;2,79
166120;2751;6,87
166121;2619;3,53
166122;2718;6,03
166123;2761;7,12
166124;2709;5,80
166125;2627;3,73
166126;2692;5,37
166127;2766;7,25
166128;2607;3,22
166129;2634;3,91
166130;2669;4,79
166141;2731;6,36
166142;2822;8,66
166143;2685;5,20
166144;2709;5,80
166145;2749;6,82
166146;2749;6,82
166147;2714;5,93
166148;2736;6,49
166149;2800;8,11
166150;2769;7,32
166151;2655;4,44
166152;2691;5,35
166153;2805;8,23
166154;2681;5,10
166155;2710;5,83
166156;2715;5,96
166157;2750;6,84
166158;2749;6,82
166159;2765;7,22
166171;2695;5,45
166172;2621;3,58
166173;2631;3,83
166174;2663;4,64
166175;2641;4,08
166176;2655;4,44
166177;2743;6,66
166178;2650;4,31
166179;2666;4,72
166180;2655;4,44
166181;2657;4,49
166182;2649;4,29
166183;2644;4,16
166184;2711;5,86
166185;2685;5,20
166186;2673;4,89
166187;2738;6,54
166188;2649;4,29
166199;2677;4,99
166200;2699;5,55
166201;2783;7,68
166202;2687;5,25
166203;2687;5,25
166204;2720;6,08
166205;2677;4,99
166206;2678;5,02
166207;2770;7,35
166208;2652;4,36
166209;2623;3,63
166210;2710;5,83
166211;2706;5,73
166212;2769;7,32
166213;2672;4,87
166214;2635;3,93
166215;2705;5,70
166216;2717;6,01
166217;2689;5,30
166228;2669;4,79
166229;2768;7,30
166230;2658;4,51
166231;2731;6,36
166232;2792;7,90
166233;2688;5,27
166234;2721;6,11
166235;2661;4,59
166236;2730;6,34
166237;2737;6,51
166238;2717;6,01
166239;2723;6,16
166240;2752;6,89
166241;2720;6,08
166242;2805;8,23
166243;2679;5,05
166244;2672;4,87
166245;2752;6,89
166256;2611;3,32
166257;2606;3,20
166258;2615;3,43
166259;2608;3,25
166260;2615;3,43
166261;2610;3,30
166262;2612;3,35
166263;2617;3,48
166264;2614;3,40
166265;2621;3,58
166266;2622;3,60
166267;2614;3,40
166268;2624;3,65
166269;2615;3,43
166270;2624;3,65
166271;2619;3,53
166272;2621;3,58
166273;2619;3,53
166274;2617;3,48
166285;2707;5,75
166286;2685;5,20
166287;2651;4,34
166288;2728;6,29
166289;2801;8,13
166290;2656;4,46
166291;2754;6,94
166292;2672;4,87
166293;2713;5,91
166294;2775;7,47
166295;2666;4,72
166296;2711;5,86
166297;2697;5,50
166298;2709;5,80
166299;2794;7,96
166300;2689;5,30
166301;2653;4,39
166302;2650;4,31
166314;2672;4,87
166315;2709;5,80
166316;2687;5,25
166317;2735;6,46
166318;2705;5,70
166319;2736;6,49
166320;2693;5,40
166321;2682;5,12
166322;2682;5,12
166323;2753;6,92
166324;2753;6,92
166325;2707;5,75
166326;2686;5,22
166327;2735;6,46
166328;2705;5,70
166329;2679;5,05
166330;2699;5,55
166331;2683;5,15
166332;2769;7,32
166343;2731;6,36
166344;2738;6,54
166345;2800;8,11
166346;2741;6,61
166347;2745;6,72
166348;2678;5,02
166349;2714;5,93
166350;2765;7,22
166351;2716;5,98
166352;2752;6,89
166353;2767;7,27
166354;2736;6,49
166355;2739;6,56
166356;2731;6,36
166357;2750;6,84
166358;2690;5,32
166359;2755;6,97
166360;2754;6,94
166371;2722;6,13
166372;2710;5,83
166373;2710;5,83
166374;2695;5,45
166375;2731;6,36
166376;2709;5,80
166377;2722;6,13
166378;2751;6,87
166379;2735;6,46
166380;2766;7,25
166381;2731;6,36
166382;2705;5,70
166383;2777;7,53
166384;2714;5,93
166385;2771;7,37
166386;2759;7,07
166387;2730;6,34
166388;2799;8,08
166389;2738;6,54
166400;2765;7,22
166401;2773;7,42
166402;2753;6,92
166403;2745;6,72
166404;2762;7,15
166405;2768;7,30
166406;2777;7,53
166407;2771;7,37
166408;2766;7,25
166409;2765;7,22
166410;2762;7,15
166411;2775;7,47
166412;2755;6,97
166413;2736;6,49
166414;2749;6,82
166415;2754;6,94
166416;2755;6,97
166417;2754;6,94
166429;2773;7,42
166430;2762;7,15
166431;2777;7,53
166432;2710;5,83
166433;2750;6,84
166434;2757;7,02
166435;2763;7,17
166436;2743;6,66
166437;2711;5,86
166438;2782;7,65
166439;2767;7,27
166440;2733;6,41
166441;2743;6,66
166442;2707;5,75
166443;2743;6,66
166444;2769;7,32
166445;2788;7,80
166446;2750;6,84
166447;2755;6,97
166458;2791;7,88
166459;2754;6,94
166460;2762;7,15
166461;2751;6,87
166462;2783;7,68
166463;2789;7,83
166464;2757;7,02
166465;2771;7,37
166466;2789;7,83
166467;2823;8,69
166468;2745;6,72
166469;2781;7,63
166470;2786;7,75
166471;2759;7,07
166472;2753;6,92
166473;2742;6,64
166474;2768;7,30
166475;2737;6,51
166486;2740;6,59
166487;2774;7,45
166488;2792;7,90
166489;2773;7,42
166490;2761;7,12
166491;2722;6,13
166492;2757;7,02
166493;2799;8,08
166494;2797;8,03
166495;2731;6,36
166496;2733;6,41
166497;2763;7,17
166498;2794;7,96
166499;2761;7,12
166500;2753;6,92
166501;2796;8,01
166502;2766;7,25
166503;2804;8,21
166504;2753;6,92
166515;2714;5,93
166516;2719;6,06
166517;2711;5,86
166518;2720;6,08
166519;2710;5,83
166520;2717;6,01
166521;2718;6,03
166522;2719;6,06
166523;2721;6,11
166524;2723;6,16
166525;2726;6,23
166526;2725;6,21
166527;2710;5,83
166528;2709;5,80
166529;2726;6,23
166530;2723;6,16
166531;2724;6,18
166532;2720;6,08
166543;2774;7,45
166544;2777;7,53
166545;2768;7,30
166546;2800;8,11
166547;2774;7,45
166548;2766;7,25
166549;2807;8,28
166550;2765;7,22
166551;2814;8,46
166552;2769;7,32
166553;2775;7,47
166554;2799;8,08
166555;2813;8,44
166556;2758;7,04
166557;2814;8,46
166558;2805;8,23
166559;2786;7,75
166560;2819;8,59
166561;2807;8,28
166573;2793;7,93
166574;2778;7,55
166575;2762;7,15
166576;2786;7,75
166577;2795;7,98
166578;2781;7,63
166579;2801;8,13
166580;2809;8,34
166581;2771;7,37
166582;2810;8,36
166583;2810;8,36
166584;2786;7,75
166585;2832;8,92
166586;2799;8,08
166587;2769;7,32
166588;2763;7,17
166589;2770;7,35
166590;2835;8,99
166601;2770;7,35
166602;2803;8,18
166603;2785;7,73
166604;2801;8,13
166605;2767;7,27
166606;2800;8,11
166607;2768;7,30
166608;2794;7,96
166609;2741;6,61
166610;2816;8,51
166611;2775;7,47
166612;2787;7,78
166613;2752;6,89
166614;2795;7,98
166615;2768;7,30
166616;2783;7,68
166617;2789;7,83
166618;2787;7,78
166619;2795;7,98
166630;2755;6,97
166631;2741;6,61
166632;2723;6,16
166633;2736;6,49
166634;2738;6,54
166635;2725;6,21
166636;2779;7,58
166637;2749;6,82
166638;2769;7,32
166639;2763;7,17
166640;2783;7,68
166641;2756;6,99
166642;2803;8,18
166643;2773;7,42
166644;2832;8,92
166645;2725;6,21
166646;2768;7,30
166647;2751;6,87
166658;2737;6,51
166659;2755;6,97
166660;2786;7,75
166661;2704;5,68
166662;2797;8,03
166663;2788;7,80
166664;2773;7,42
166665;2787;7,78
166666;2803;8,18
166667;2756;6,99
166668;2782;7,65
166669;2754;6,94
166670;2784;7,70
166671;2786;7,75
166672;2815;8,49
166673;2790;7,85
166674;2747;6,77
166675;2765;7,22
166676;2751;6,87
166688;2746;6,74
166689;2768;7,30
166690;2722;6,13
166691;2743;6,66
166692;2801;8,13
166693;2792;7,90
166694;2753;6,92
166695;2783;7,68
166696;2760;7,10
166697;2775;7,47
166698;2729;6,31
166699;2751;6,87
166700;2721;6,11
166701;2764;7,20
166702;2749;6,82
166703;2736;6,49
166704;2773;7,42
166705;2765;7,22
166716;2688;5,27
166717;2719;6,06
166718;2803;8,18
166719;2703;5,65
166720;2789;7,83
166721;2689;5,30
166722;2733;6,41
166723;2768;7,30
166724;2768;7,30
166725;2757;7,02
166726;2777;7,53
166727;2782;7,65
166728;2733;6,41
166729;2675;4,94
166730;2795;7,98
166731;2793;7,93
166732;2743;6,66
166733;2782;7,65
166734;2757;7,02
166745;2764;7,20
166746;2765;7,22
166747;2734;6,44
166748;2749;6,82
166749;2731;6,36
166750;2777;7,53
166751;2758;7,04
166752;2743;6,66
166753;2796;8,01
166754;2798;8,06
166755;2795;7,98
166756;2805;8,23
166757;2725;6,21
166758;2769;7,32
166759;2763;7,17
166760;2771;7,37
166761;2735;6,46
166762;2735;6,46
166773;2668;4,77
166774;2669;4,79
166775;2685;5,20
166776;2673;4,89
166777;2675;4,94
166778;2667;4,74
166779;2663;4,64
166780;2666;4,72
166781;2664;4,67
166782;2670;4,82
166783;2672;4,87
166784;2688;5,27
166785;2665;4,69
166786;2663;4,64
166787;2665;4,69
166788;2673;4,89
166789;2672;4,87
166790;2677;4,99
166791;2673;4,89
166802;2697;5,50
166803;2716;5,98
166804;2734;6,44
166805;2704;5,68
166806;2795;7,98
166807;2693;5,40
166808;2723;6,16
166809;2723;6,16
166810;2759;7,07
166811;2800;8,11
166812;2685;5,20
166813;2714;5,93
166814;2743;6,66
166815;2690;5,32
166816;2672;4,87
166817;2699;5,55
166818;2689;5,30
166819;2783;7,68
166831;2667;4,74
166832;2743;6,66
166833;2736;6,49
166834;2743;6,66
166835;2769;7,32
166836;2679;5,05
166837;2677;4,99
166838;2729;6,31
166839;2752;6,89
166840;2698;5,53
166841;2707;5,75
166842;2771;7,37
166843;2788;7,80
166844;2737;6,51
166845;2785;7,73
166846;2793;7,93
166847;2734;6,44
166848;2791;7,88
166849;2679;5,05
166860;2686;5,22
166861;2725;6,21
166862;2730;6,34
166863;2729;6,31
166864;2752;6,89
166865;2671;4,84
166866;2768;7,30
166867;2740;6,59
166868;2772;7,40
166869;2803;8,18
166870;2691;5,35
166871;2716;5,98
166872;2735;6,46
166873;2783;7,68
166874;2759;7,07
166875;2691;5,35
166876;2761;7,12
166877;2740;6,59
166888;2692;5,37
166889;2704;5,68
166890;2738;6,54
166891;2704;5,68
166892;2715;5,96
166893;2685;5,20
166894;2707;5,75
166895;2748;6,79
166896;2715;5,96
166897;2718;6,03
166898;2715;5,96
166899;2699;5,55
166900;2763;7,17
166901;2677;4,99
166902;2703;5,65
166903;2656;4,46
166904;2765;7,22
166905;2769;7,32
166906;2642;4,11
166917;2751;6,87
166918;2711;5,86
166919;2670;4,82
166920;2645;4,19
166921;2734;6,44
166922;2750;6,84
166923;2751;6,87
166924;2772;7,40
166925;2667;4,74
166926;2703;5,65
166927;2678;5,02
166928;2822;8,66
166929;2784;7,70
166930;2773;7,42
166931;2758;7,04
166932;2682;5,12
166933;2773;7,42
166934;2795;7,98
166946;2727;6,26
166947;2743;6,66
166948;2767;7,27
166949;2800;8,11
166950;2727;6,26
166951;2800;8,11
166952;2753;6,92
166953;2735;6,46
166954;2721;6,11
166955;2794;7,96
166956;2710;5,83
166957;2754;6,94
166958;2736;6,49
166959;2785;7,73
166960;2768;7,30
166961;2736;6,49
166962;2713;5,91
166963;2736;6,49
166964;2714;5,93
166975;2735;6,46
166976;2779;7,58
166977;2678;5,02
166978;2771;7,37
166979;2733;6,41
166980;2767;7,27
166981;2794;7,96
166982;2719;6,06
166983;2749;6,82
166984;2802;8,16
166985;2762;7,15
166986;2739;6,56
166987;2764;7,20
166988;2759;7,07
166989;2797;8,03
166990;2652;4,36
166991;2741;6,61
166992;2785;7,73
167003;2699;5,55
167004;2746;6,74
167005;2784;7,70
167006;2704;5,68
167007;2788;7,80
167008;2685;5,20
167009;2720;6,08
167010;2783;7,68
167011;2695;5,45
167012;2718;6,03
167013;2704;5,68
167014;2711;5,86
167015;2800;8,11
167016;2785;7,73
167017;2737;6,51
167018;2707;5,75
167019;2757;7,02
167020;2672;4,87
167021;2751;6,87
167032;2656;4,46
167033;2658;4,51
167034;2663;4,64
167035;2661;4,59
167036;2654;4,41
167037;2670;4,82
167038;2657;4,49
167039;2651;4,34
167040;2666;4,72
167041;2657;4,49
167042;2675;4,94
167043;2678;5,02
167044;2672;4,87
167045;2672;4,87
167046;2661;4,59
167047;2681;5,10
167048;2673;4,89
167049;2679;5,05
167060;2695;5,45
167061;2751;6,87
167062;2749;6,82
167063;2783;7,68
167064;2741;6,61
167065;2697;5,50
167066;2753;6,92
167067;2855;9,50
167068;2703;5,65
167069;2729;6,31
167070;2695;5,45
167071;2768;7,30
167072;2810;8,36
167073;2716;5,98
167074;2734;6,44
167075;2702;5,63
167076;2777;7,53
167077;2798;8,06
167078;2687;5,25
167090;2771;7,37
167091;2768;7,30
167092;2790;7,85
167093;2730;6,34
167094;2675;4,94
167095;2719;6,06
167096;2702;5,63
167097;2705;5,70
167098;2752;6,89
167099;2768;7,30
167100;2734;6,44
167101;2699;5,55
167102;2704;5,68
167103;2704;5,68
167104;2726;6,23
167105;2682;5,12
167106;2710;5,83
167107;2671;4,84
167118;2759;7,07
167119;2699;5,55
167120;2780;7,60
167121;2704;5,68
167122;2766;7,25
167123;2709;5,80
167124;2721;6,11
167125;2779;7,58
167126;2733;6,41
167127;2830;8,87
167128;2749;6,82
167129;2717;6,01
167130;2773;7,42
167131;2757;7,02
167132;2768;7,30
167133;2753;6,92
167134;2768;7,30
167135;2752;6,89
167136;2770;7,35
167147;2789;7,83
167148;2768;7,30
167149;2799;8,08
167150;2769;7,32
167151;2777;7,53
167152;2678;5,02
167153;2716;5,98
167154;2685;5,20
167155;2717;6,01
167156;2745;6,72
167157;2736;6,49
167158;2743;6,66
167159;2705;5,70
167160;2711;5,86
167161;2803;8,18
167162;2709;5,80
167163;2762;7,15
167164;2743;6,66
167175;2736;6,49
167176;2737;6,51
167177;2719;6,06
167178;2697;5,50
167179;2715;5,96
167180;2752;6,89
167181;2711;5,86
167182;2710;5,83
167183;2703;5,65
167184;2717;6,01
167185;2715;5,96
167186;2751;6,87
167187;2715;5,96
167188;2740;6,59
167189;2707;5,75
167190;2734;6,44
167191;2704;5,68
167192;2731;6,36
167193;2719;6,06
167205;2670;4,82
167206;2725;6,21
167207;2775;7,47
167208;2777;7,53
167209;2735;6,46
167210;2665;4,69
167211;2759;7,07
167212;2689;5,30
167213;2740;6,59
167214;2786;7,75
167215;2657;4,49
167216;2704;5,68
167217;2763;7,17
167218;2720;6,08
167219;2794;7,96
167220;2660;4,56
167221;2735;6,46
167222;2763;7,17
167233;2736;6,49
167234;2775;7,47
167235;2782;7,65
167236;2703;5,65
167237;2723;6,16
167238;2778;7,55
167239;2763;7,17
167240;2733;6,41
167241;2681;5,10
167242;2709;5,80
167243;2762;7,15
167244;2771;7,37
167245;2788;7,80
167246;2741;6,61
167247;2721;6,11
167248;2790;7,85
167249;2743;6,66
167250;2766;7,25
167251;2736;6,49
167262;2742;6,64
167263;2741;6,61
167264;2735;6,46
167265;2694;5,43
167266;2785;7,73
167267;2703;5,65
167268;2736;6,49
167269;2743;6,66
167270;2713;5,91
167271;2745;6,72
167272;2743;6,66
167273;2724;6,18
167274;2675;4,94
167275;2742;6,64
167276;2711;5,86
167277;2738;6,54
167278;2697;5,50
167279;2717;6,01
167290;2649;4,29
167291;2667;4,74
167292;2647;4,24
167293;2683;5,15
167294;2688;5,27
167295;2645;4,19
167296;2672;4,87
167297;2655;4,44
167298;2649;4,29
167299;2663;4,64
167300;2651;4,34
167301;2663;4,64
167302;2650;4,31
167303;2662;4,62
167304;2643;4,13
167305;2647;4,24
167306;2670;4,82
167307;2654;4,41
167308;2644;4,16
167319;2753;6,92
167320;2685;5,20
167321;2752;6,89
167322;2703;5,65
167323;2753;6,92
167324;2752;6,89
167325;2723;6,16
167326;2736;6,49
167327;2704;5,68
167328;2757;7,02
167329;2736;6,49
167330;2738;6,54
167331;2781;7,63
167332;2715;5,96
167333;2752;6,89
167334;2726;6,23
167335;2734;6,44
167336;2765;7,22
167348;2679;5,05
167349;2688;5,27
167350;2731;6,36
167351;2720;6,08
167352;2705;5,70
167353;2708;5,78
167354;2677;4,99
167355;2770;7,35
167356;2768;7,30
167357;2672;4,87
167358;2762;7,15
167359;2768;7,30
167360;2789;7,83
167361;2719;6,06
167362;2681;5,10
167363;2731;6,36
167364;2759;7,07
167365;2730;6,34
167366;2700;5,58
167377;2739;6,56
167378;2670;4,82
167379;2655;4,44
167380;2698;5,53
167381;2747;6,77
167382;2674;4,92
167383;2703;5,65
167384;2711;5,86
167385;2704;5,68
167386;2698;5,53
167387;2742;6,64
167388;2668;4,77
167389;2735;6,46
167390;2753;6,92
167391;2718;6,03
167392;2746;6,74
167393;2677;4,99
167394;2716;5,98
167405;2718;6,03
167406;2736;6,49
167407;2700;5,58
167408;2704;5,68
167409;2671;4,84
167410;2723;6,16
167411;2774;7,45
167412;2714;5,93
167413;2695;5,45
167414;2672;4,87
167415;2657;4,49
167416;2706;5,73
167417;2761;7,12
167418;2688;5,27
167419;2745;6,72
167420;2799;8,08
167421;2734;6,44
167422;2720;6,08
167423;2666;4,72
167434;2688;5,27
167435;2743;6,66
167436;2716;5,98
167437;2725;6,21
167438;2711;5,86
167439;2774;7,45
167440;2721;6,11
167441;2735;6,46
167442;2664;4,67
167443;2727;6,26
167444;2753;6,92
167445;2639;4,03
167446;2713;5,91
167447;2741;6,61
167448;2686;5,22
167449;2768;7,30
167450;2695;5,45
167451;2722;6,13
167463;2797;8,03
167464;2672;4,87
167465;2761;7,12
167466;2661;4,59
167467;2677;4,99
167468;2729;6,31
167469;2791;7,88
167470;2715;5,96
167471;2655;4,44
167472;2691;5,35
167473;2642;4,11
167474;2686;5,22
167475;2752;6,89
167476;2725;6,21
167477;2686;5,22
167478;2671;4,84
167479;2653;4,39
167480;2665;4,69
167481;2657;4,49
167492;2654;4,41
167493;2642;4,11
167494;2795;7,98
167495;2669;4,79
167496;2759;7,07
167497;2682;5,12
167498;2653;4,39
167499;2663;4,64
167500;2727;6,26
167501;2711;5,86
167502;2713;5,91
167503;2699;5,55
167504;2672;4,87
167505;2683;5,15
167506;2766;7,25
167507;2653;4,39
167508;2736;6,49
167509;2656;4,46
167520;2753;6,92
167521;2670;4,82
167522;2682;5,12
167523;2672;4,87
167524;2735;6,46
167525;2702;5,63
167526;2689;5,30
167527;2811;8,39
167528;2721;6,11
167529;2773;7,42
167530;2751;6,87
167531;2755;6,97
167532;2709;5,80
167533;2677;4,99
167534;2648;4,26
167535;2763;7,17
167536;2746;6,74
167537;2691;5,35
167538;2687;5,25
167549;2638;4,01
167550;2659;4,54
167551;2658;4,51
167552;2639;4,03
167553;2641;4,08
167554;2658;4,51
167555;2675;4,94
167556;2637;3,98
167557;2646;4,21
167558;2650;4,31
167559;2635;3,93
167560;2633;3,88
167561;2641;4,08
167562;2679;5,05
167563;2643;4,13
167564;2645;4,19
167565;2722;6,13
167566;2673;4,89
167577;2691;5,35
167578;2756;6,99
167579;2711;5,86
167580;2641;4,08
167581;2693;5,40
167582;2719;6,06
167583;2704;5,68
167584;2773;7,42
167585;2655;4,44
167586;2704;5,68
167587;2723;6,16
167588;2678;5,02
167589;2767;7,27
167590;2671;4,84
167591;2695;5,45
167592;2704;5,68
167593;2715;5,96
167594;2707;5,75
167595;2702;5,63
167607;2701;5,60
167608;2683;5,15
167609;2717;6,01
167610;2722;6,13
167611;2707;5,75
167612;2754;6,94
167613;2774;7,45
167614;2643;4,13
167615;2671;4,84
167616;2695;5,45
167617;2752;6,89
167618;2690;5,32
167619;2656;4,46
167620;2743;6,66
167621;2746;6,74
167622;2695;5,45
167623;2673;4,89
167624;2729;6,31
167635;2794;7,96
167636;2698;5,53
167637;2741;6,61
167638;2726;6,23
167639;2785;7,73
167640;2693;5,40
167641;2705;5,70
167642;2707;5,75
167643;2723;6,16
167644;2726;6,23
167645;2677;4,99
167646;2689;5,30
167647;2747;6,77
167648;2690;5,32
167649;2733;6,41
167650;2672;4,87
167651;2707;5,75
167652;2739;6,56
167653;2649;4,29
167664;2652;4,36
167665;2673;4,89
167666;2691;5,35
167667;2675;4,94
167668;2737;6,51
167669;2747;6,77
167670;2695;5,45
167671;2672;4,87
167672;2663;4,64
167673;2722;6,13
167674;2658;4,51
167675;2702;5,63
167676;2665;4,69
167677;2672;4,87
167678;2674;4,92
167679;2714;5,93
167680;2694;5,43
167681;2669;4,79
167692;2659;4,54
167693;2733;6,41
167694;2772;7,40
167695;2733;6,41
167696;2659;4,54
167697;2731;6,36
167698;2704;5,68
167699;2747;6,77
167700;2768;7,30
167701;2649;4,29
167702;2764;7,20
167703;2739;6,56
167704;2725;6,21
167705;2661;4,59
167706;2665;4,69
167707;2783;7,68
167708;2813;8,44
167709;2825;8,74
167710;2745;6,72
167722;2639;4,03
167723;2671;4,84
167724;2624;3,65
167725;2646;4,21
167726;2635;3,93
167727;2757;7,02
167728;2669;4,79
167729;2701;5,60
167730;2645;4,19
167731;2640;4,06
167732;2672;4,87
167733;2688;5,27
167734;2652;4,36
167735;2684;5,17
167736;2624;3,65
167737;2663;4,64
167738;2624;3,65
167739;2633;3,88
167750;2647;4,24
167751;2665;4,69
167752;2753;6,92
167753;2713;5,91
167754;2623;3,63
167755;2768;7,30
167756;2698;5,53
167757;2687;5,25
167758;2698;5,53
167759;2640;4,06
167760;2672;4,87
167761;2672;4,87
167762;2716;5,98
167763;2685;5,20
167764;2745;6,72
167765;2659;4,54
167766;2649;4,29
167767;2736;6,49
167768;2646;4,21
167779;2651;4,34
167780;2753;6,92
167781;2611;3,32
167782;2625;3,68
167783;2630;3,81
167784;2735;6,46
167785;2731;6,36
167786;2730;6,34
167787;2638;4,01
167788;2723;6,16
167789;2711;5,86
167790;2654;4,41
167791;2624;3,65
167792;2715;5,96
167793;2645;4,19
167794;2650;4,31
167795;2718;6,03
167796;2654;4,41
167807;2637;3,98
167808;2608;3,25
167809;2707;5,75
167810;2668;4,77
167811;2679;5,05
167812;2608;3,25
167813;2690;5,32
167814;2641;4,08
167815;2622;3,60
167816;2640;4,06
167817;2689;5,30
167818;2608;3,25
167819;2608;3,25
167820;2619;3,53
167821;2630;3,81
167822;2614;3,40
167823;2617;3,48
167824;2601;3,07
167825;2639;4,03
167836;2725;6,21
167837;2625;3,68
167838;2719;6,06
167839;2709;5,80
167840;2733;6,41
167841;2718;6,03
167842;2634;3,91
167843;2742;6,64
167844;2631;3,83
167845;2714;5,93
167846;2706;5,73
167847;2636;3,96
167848;2745;6,72
167849;2730;6,34
167850;2787;7,78
167851;2621;3,58
167852;2622;3,60
167853;2736;6,49
167865;2671;4,84
167866;2684;5,17
167867;2725;6,21
167868;2717;6,01
167869;2629;3,78
167870;2639;4,03
167871;2673;4,89
167872;2646;4,21
167873;2621;3,58
167874;2623;3,63
167875;2609;3,27
167876;2736;6,49
167877;2727;6,26
167878;2599;3,02
167879;2762;7,15
167880;2757;7,02
167881;2619;3,53
167882;2619;3,53
167883;2701;5,60
167894;2691;5,35
167895;2712;5,88
167896;2791;7,88
167897;2735;6,46
167898;2732;6,39
167899;2724;6,18
167900;2608;3,25
167901;2611;3,32
167902;2621;3,58
167903;2613;3,38
167904;2676;4,97
167905;2619;3,53
167906;2704;5,68
167907;2687;5,25
167908;2726;6,23
167909;2721;6,11
167910;2667;4,74
167911;2646;4,21
167922;2657;4,49
167923;2693;5,40
167924;2613;3,38
167925;2585;2,67
167926;2638;4,01
167927;2598;3,00
167928;2682;5,12
167929;2683;5,15
167930;2624;3,65
167931;2643;4,13
167932;2624;3,65
167933;2626;3,70
167934;2615;3,43
167935;2711;5,86
167936;2671;4,84
167937;2622;3,60
167938;2707;5,75
167939;2581;2,57
167940;2667;4,74
167951;2678;5,02
167952;2637;3,98
167953;2624;3,65
167954;2631;3,83
167955;2608;3,25
167956;2633;3,88
167957;2639;4,03
167958;2639;4,03
167959;2731;6,36
167960;2599;3,02
167961;2624;3,65
167962;2651;4,34
167963;2635;3,93
167964;2629;3,78
167965;2595;2,92
167966;2627;3,73
167967;2651;4,34
167968;2630;3,81
167980;2595;2,92
167981;2625;3,68
167982;2685;5,20
167983;2608;3,25
167984;2611;3,32
167985;2603;3,12
167986;2689;5,30
167987;2747;6,77
167988;2704;5,68
167989;2672;4,87
167990;2754;6,94
167991;2692;5,37
167992;2767;7,27
167993;2594;2,89
167994;2671;4,84
167995;2658;4,51
167996;2694;5,43
167997;2745;6,72
167998;2585;2,67
168009;2677;4,99
168010;2624;3,65
168011;2675;4,94
168012;2634;3,91
168013;2601;3,07
168014;2669;4,79
168015;2710;5,83
168016;2697;5,50
168017;2637;3,98
168018;2613;3,38
168019;2645;4,19
168020;2608;3,25
168021;2559;2,01
168022;2619;3,53
168023;2708;5,78
168024;2709;5,80
168025;2607;3,22
168026;2598;3,00
168037;2637;3,98
168038;2659;4,54
168039;2606;3,20
168040;2730;6,34
168041;2653;4,39
168042;2673;4,89
168043;2647;4,24
168044;2644;4,16
168045;2601;3,07
168046;2597;2,97
168047;2623;3,63
168048;2669;4,79
168049;2634;3,91
168050;2751;6,87
168051;2741;6,61
168052;2727;6,26
168053;2726;6,23
168054;2672;4,87
168055;2694;5,43
168066;2642;4,11
168067;2687;5,25
168068;2602;3,10
168069;2594;2,89
168070;2624;3,65
168071;2618;3,50
168072;2600;3,05
168073;2613;3,38
168074;2585;2,67
168075;2635;3,93
168076;2734;6,44
168077;2673;4,89
168078;2637;3,98
168079;2662;4,62
168080;2704;5,68
168081;2672;4,87
168082;2673;4,89
168083;2670;4,82
168094;2623;3,63
168095;2593;2,87
168096;2606;3,20
168097;2602;3,10
168098;2635;3,93
168099;2599;3,02
168100;2623;3,63
168101;2605;3,17
168102;2610;3,30
168103;2603;3,12
168104;2594;2,89
168105;2591;2,82
168106;2615;3,43
168107;2614;3,40
168108;2640;4,06
168109;2691;5,35
168110;2651;4,34
168111;2601;3,07
168112;2606;3,20
168124;2701;5,60
168125;2594;2,89
168126;2642;4,11
168127;2624;3,65
168128;2621;3,58
168129;2716;5,98
168130;2608;3,25
168131;2643;4,13
168132;2614;3,40
168133;2599;3,02
168134;2679;5,05
168135;2709;5,80
168136;2622;3,60
168137;2690;5,32
168138;2736;6,49
168139;2750;6,84
168140;2559;2,01
168141;2719;6,06
168152;2559;2,01
168153;2667;4,74
168154;2705;5,70
168155;2559;2,01
168156;2591;2,82
168157;2582;2,59
168158;2735;6,46
168159;2699;5,55
168160;2559;2,01
168161;2595;2,92
168162;2736;6,49
168163;2626;3,70
168164;2608;3,25
168165;2688;5,27
168166;2612;3,35
168167;2624;3,65
168168;2624;3,65
168169;2751;6,87
168170;2679;5,05
168181;2723;6,16
168182;2618;3,50
168183;2619;3,53
168184;2727;6,26
168185;2754;6,94
168186;2746;6,74
168187;2613;3,38
168188;2559;2,01
168189;2629;3,78
168190;2591;2,82
168191;2582;2,59
168192;2585;2,67
168193;2610;3,30
168194;2689;5,30
168195;2704;5,68
168196;2688;5,27
168197;2634;3,91
168198;2590;2,79
168209;2711;5,86
168210;2678;5,02
168211;2608;3,25
168212;2720;6,08
168213;2711;5,86
168214;2601;3,07
168215;2706;5,73
168216;2603;3,12
168217;2685;5,20
168218;2718;6,03
168219;2607;3,22
168220;2709;5,80
168221;2721;6,11
168222;2694;5,43
168223;2695;5,45
168224;2605;3,17
168225;2711;5,86
168226;2605;3,17
168227;2753;6,92
168239;2607;3,22
168240;2599;3,02
168241;2771;7,37
168242;2719;6,06
168243;2686;5,22
168244;2711;5,86
168245;2781;7,63
168246;2619;3,53
168247;2619;3,53
168248;2737;6,51
168249;2642;4,11
168250;2605;3,17
168251;2608;3,25
168252;2779;7,58
168253;2713;5,91
168254;2642;4,11
168255;2621;3,58
168256;2622;3,60
168267;2666;4,72
168268;2592;2,84
168269;2715;5,96
168270;2673;4,89
168271;2584;2,64
168272;2559;2,01
168273;2678;5,02
168274;2623;3,63
168275;2622;3,60
168276;2635;3,93
168277;2603;3,12
168278;2581;2,57
168279;2666;4,72
168280;2559;2,01
168281;2622;3,60
168282;2610;3,30
168283;2611;3,32
168284;2731;6,36
168285;2723;6,16
168296;2680;5,07
168297;2703;5,65
168298;2633;3,88
168299;2688;5,27
168300;2707;5,75
168301;2711;5,86
168302;2601;3,07
168303;2704;5,68
168304;2602;3,10
168305;2678;5,02
168306;2623;3,63
168307;2746;6,74
168308;2640;4,06
168309;2716;5,98
168310;2736;6,49
168311;2656;4,46
168312;2622;3,60
168313;2637;3,98
168324;2581;2,57
168325;2608;3,25
168326;2598;3,00
168327;2671;4,84
168328;2591;2,82
168329;2613;3,38
168330;2614;3,40
168331;2617;3,48
168332;2682;5,12
168333;2643;4,13
168334;2671;4,84
168335;2707;5,75
168336;2595;2,92
168337;2606;3,20
168338;2712;5,88
168339;2640;4,06
168340;2686;5,22
168341;2783;7,68
168342;2559;2,01
168353;2721;6,11
168354;2667;4,74
168355;2687;5,25
168356;2643;4,13
168357;2781;7,63
168358;2695;5,45
168359;2677;4,99
168360;2643;4,13
168361;2640;4,06
168362;2739;6,56
168363;2701;5,60
168364;2663;4,64
168365;2640;4,06
168366;2694;5,43
168367;2708;5,78
168368;2623;3,63
168369;2675;4,94
168370;2638;4,01
168382;2789;7,83
168383;2639;4,03
168384;2704;5,68
168385;2683;5,15
168386;2677;4,99
168387;2761;7,12
168388;2559;2,01
168389;2650;4,31
168390;2694;5,43
168391;2599;3,02
168392;2633;3,88
168393;2724;6,18
168394;2593;2,87
168395;2647;4,24
168396;2689;5,30
168397;2695;5,45
168398;2559;2,01
168399;2668;4,77
168400;2736;6,49
168411;2736;6,49
168412;2591;2,82
168413;2599;3,02
168414;2669;4,79
168415;2737;6,51
168416;2595;2,92
168417;2621;3,58
168418;2608;3,25
168419;2619;3,53
168420;2755;6,97
168421;2711;5,86
168422;2649;4,29
168423;2613;3,38
168424;2720;6,08
168425;2595;2,92
168426;2614;3,40
168427;2593;2,87
168428;2605;3,17
168439;2605;3,17
168440;2678;5,02
168441;2613;3,38
168442;2675;4,94
168443;2670;4,82
168444;2643;4,13
168445;2742;6,64
168446;2663;4,64
168447;2755;6,97
168448;2661;4,59
168449;2672;4,87
168450;2689;5,30
168451;2618;3,50
168452;2587;2,72
168453;2775;7,47
168454;2624;3,65
168455;2642;4,11
168456;2768;7,30
168457;2672;4,87
168468;2619;3,53
168469;2621;3,58
168470;2635;3,93
168471;2623;3,63
168472;2626;3,70
168473;2623;3,63
168474;2657;4,49
168475;2663;4,64
168476;2688;5,27
168477;2629;3,78
168478;2620;3,55
168479;2631;3,83
168480;2608;3,25
168481;2623;3,63
168482;2630;3,81
168483;2624;3,65
168484;2633;3,88
168485;2622;3,60
168496;2647;4,24
168497;2640;4,06
168498;2721;6,11
168499;2692;5,37
168500;2595;2,92
168501;2677;4,99
168502;2590;2,79
168503;2718;6,03
168504;2605;3,17
168505;2679;5,05
168506;2645;4,19
168507;2725;6,21
168508;2603;3,12
168509;2727;6,26
168510;2607;3,22
168511;2736;6,49
168512;2624;3,65
168513;2811;8,39
168514;2738;6,54
168526;2647;4,24
168527;2608;3,25
168528;2660;4,56
168529;2667;4,74
168530;2625;3,68
168531;2635;3,93
168532;2637;3,98
168533;2673;4,89
168534;2645;4,19
168535;2645;4,19
168536;2638;4,01
168537;2695;5,45
168538;2718;6,03
168539;2751;6,87
168540;2774;7,45
168541;2643;4,13
168542;2647;4,24
168543;2670;4,82
168554;2760;7,10
168555;2658;4,51
168556;2703;5,65
168557;2626;3,70
168558;2602;3,10
168559;2701;5,60
168560;2672;4,87
168561;2608;3,25
168562;2639;4,03
168563;2624;3,65
168564;2623;3,63
168565;2640;4,06
168566;2619;3,53
168567;2758;7,04
168568;2610;3,30
168569;2735;6,46
168570;2707;5,75
168571;2588;2,74
168572;2711;5,86
168583;2615;3,43
168584;2624;3,65
168585;2611;3,32
168586;2701;5,60
168587;2698;5,53
168588;2592;2,84
168589;2592;2,84
168590;2674;4,92
168591;2612;3,35
168592;2641;4,08
168593;2625;3,68
168594;2639;4,03
168595;2623;3,63
168596;2617;3,48
168597;2658;4,51
168598;2735;6,46
168599;2608;3,25
168600;2639;4,03
168611;2640;4,06
168612;2747;6,77
168613;2624;3,65
168614;2750;6,84
168615;2626;3,70
168616;2710;5,83
168617;2608;3,25
168618;2589;2,77
168619;2608;3,25
168620;2608;3,25
168621;2609;3,27
168622;2619;3,53
168623;2615;3,43
168624;2709;5,80
168625;2660;4,56
168626;2727;6,26
168627;2626;3,70
168628;2705;5,70
168629;2609;3,27
168641;2679;5,05
168642;2607;3,22
168643;2613;3,38
168644;2711;5,86
168645;2722;6,13
168646;2589;2,77
168647;2590;2,79
168648;2602;3,10
168649;2636;3,96
168650;2733;6,41
168651;2608;3,25
168652;2589;2,77
168653;2706;5,73
168654;2645;4,19
168655;2654;4,41
168656;2704;5,68
168657;2741;6,61
168658;2706;5,73
168669;2783;7,68
168670;2656;4,46
168671;2660;4,56
168672;2585;2,67
168673;2615;3,43
168674;2597;2,97
168675;2673;4,89
168676;2628;3,76
168677;2601;3,07
168678;2599;3,02
168679;2602;3,10
168680;2727;6,26
168681;2749;6,82
168682;2602;3,10
168683;2588;2,74
168684;2605;3,17
168685;2722;6,13
168686;2765;7,22
168687;2611;3,32
168698;2656;4,46
168699;2631;3,83
168700;2619;3,53
168701;2608;3,25
168702;2669;4,79
168703;2582;2,59
168704;2611;3,32
168705;2608;3,25
168706;2704;5,68
168707;2707;5,75
168708;2733;6,41
168709;2581;2,57
168710;2621;3,58
168711;2726;6,23
168712;2627;3,73
168713;2677;4,99
168714;2589;2,77
168715;2689;5,30
168726;2657;4,49
168727;2645;4,19
168728;2659;4,54
168729;2640;4,06
168730;2608;3,25
168731;2651;4,34
168732;2660;4,56
168733;2640;4,06
168734;2670;4,82
168735;2717;6,01
168736;2658;4,51
168737;2714;5,93
168738;2733;6,41
168739;2755;6,97
168740;2688;5,27
168741;2719;6,06
168742;2695;5,45
168743;2604;3,15
168744;2676;4,97
168755;2599;3,02
168756;2609;3,27
168757;2608;3,25
168758;2623;3,63
168759;2673;4,89
168760;2559;2,01
168761;2629;3,78
168762;2608;3,25
168763;2623;3,63
168764;2781;7,63
168765;2604;3,15
168766;2679;5,05
168767;2611;3,32
168768;2608;3,25
168769;2763;7,17
168770;2619;3,53
168771;2713;5,91
168772;2617;3,48
168784;2756;6,99
168785;2746;6,74
168786;2694;5,43
168787;2615;3,43
168788;2729;6,31
168789;2726;6,23
168790;2619;3,53
168791;2767;7,27
168792;2609;3,27
168793;2635;3,93
168794;2612;3,35
168795;2620;3,55
168796;2640;4,06
168797;2704;5,68
168798;2594;2,89
168799;2608;3,25
168800;2675;4,94
168801;2782;7,65
168802;2649;4,29
168813;2736;6,49
168814;2673;4,89
168815;2737;6,51
168816;2672;4,87
168817;2645;4,19
168818;2733;6,41
168819;2667;4,74
168820;2639;4,03
168821;2679;5,05
168822;2727;6,26
168823;2683;5,15
168824;2665;4,69
168825;2723;6,16
168826;2603;3,12
168827;2643;4,13
168828;2702;5,63
168829;2643;4,13
168830;2657;4,49
168841;2640;4,06
168842;2629;3,78
168843;2693;5,40
168844;2662;4,62
168845;2710;5,83
168846;2618;3,50
168847;2662;4,62
168848;2751;6,87
168849;2621;3,58
168850;2606;3,20
168851;2592;2,84
168852;2708;5,78
168853;2770;7,35
168854;2595;2,92
168855;2614;3,40
168856;2668;4,77
168857;2599;3,02
168858;2733;6,41
168859;2624;3,65
168870;2622;3,60
168871;2608;3,25
168872;2639;4,03
168873;2637;3,98
168874;2707;5,75
168875;2659;4,54
168876;2614;3,40
168877;2661;4,59
168878;2654;4,41
168879;2609;3,27
168880;2654;4,41
168881;2625;3,68
168882;2645;4,19
168883;2688;5,27
168884;2623;3,63
168885;2626;3,70
168886;2625;3,68
168887;2636;3,96
168899;2609;3,27
168900;2608;3,25
168901;2630;3,81
168902;2744;6,69
168903;2606;3,20
168904;2733;6,41
168905;2592;2,84
168906;2754;6,94
168907;2666;4,72
168908;2613;3,38
168909;2669;4,79
168910;2626;3,70
168911;2644;4,16
168912;2597;2,97
168913;2591;2,82
168914;2619;3,53
168915;2628;3,76
168916;2594;2,89
168917;2636;3,96
168928;2658;4,51
168929;2595;2,92
168930;2626;3,70
168931;2632;3,86
168932;2656;4,46
168933;2599;3,02
168934;2706;5,73
168935;2612;3,35
168936;2638;4,01
168937;2710;5,83
168938;2709;5,80
168939;2625;3,68
168940;2738;6,54
168941;2607;3,22
168942;2640;4,06
168943;2682;5,12
168944;2657;4,49
168945;2669;4,79
168956;2800;8,11
168957;2703;5,65
168958;2615;3,43
168959;2602;3,10
168960;2694;5,43
168961;2614;3,40
168962;2690;5,32
168963;2671;4,84
168964;2675;4,94
168965;2743;6,66
168966;2750;6,84
168967;2691;5,35
168968;2630;3,81
168969;2643;4,13
168970;2698;5,53
168971;2631;3,83
168972;2703;5,65
168973;2778;7,55
168974;2701;5,60
168985;2768;7,30
168986;2743;6,66
168987;2765;7,22
168988;2738;6,54
168989;2768;7,30
168990;2827;8,79
168991;2682;5,12
168992;2758;7,04
168993;2761;7,12
168994;2759;7,07
168995;2754;6,94
168996;2751;6,87
168997;2762;7,15
168998;2768;7,30
168999;2773;7,42
169000;2754;6,94
169001;2757;7,02
169002;2736;6,49
169013;2704;5,68
169014;2722;6,13
169015;2672;4,87
169016;2623;3,63
169017;2702;5,63
169018;2685;5,20
169019;2679;5,05
169020;2774;7,45
169021;2622;3,60
169022;2670;4,82
169023;2608;3,25
169024;2665;4,69
169025;2602;3,10
169026;2614;3,40
169027;2655;4,44
169028;2625;3,68
169029;2657;4,49
169030;2668;4,77
169031;2661;4,59
169043;2709;5,80
169044;2624;3,65
169045;2602;3,10
169046;2701;5,60
169047;2698;5,53
169048;2590;2,79
169049;2592;2,84
169050;2624;3,65
169051;2606;3,20
169052;2627;3,73
169053;2640;4,06
169054;2695;5,45
169055;2623;3,63
169056;2678;5,02
169057;2703;5,65
169058;2624;3,65
169059;2597;2,97
169060;2592;2,84
169071;2741;6,61
169072;2624;3,65
169073;2735;6,46
169074;2608;3,25
169075;2617;3,48
169076;2742;6,64
169077;2730;6,34
169078;2649;4,29
169079;2624;3,65
169080;2757;7,02
169081;2638;4,01
169082;2709;5,80
169083;2608;3,25
169084;2723;6,16
169085;2643;4,13
169086;2655;4,44
169087;2674;4,92
169088;2608;3,25
169089;2630;3,81
169100;2607;3,22
169101;2710;5,83
169102;2800;8,11
169103;2738;6,54
169104;2647;4,24
169105;2611;3,32
169106;2640;4,06
169107;2721;6,11
169108;2647;4,24
169109;2612;3,35
169110;2699;5,55
169111;2731;6,36
169112;2623;3,63
169113;2650;4,31
169114;2705;5,70
169115;2611;3,32
169116;2672;4,87
169117;2677;4,99
169128;2625;3,68
169129;2715;5,96
169130;2695;5,45
169131;2688;5,27
169132;2715;5,96
169133;2692;5,37
169134;2699;5,55
169135;2768;7,30
169136;2731;6,36
169137;2748;6,79
169138;2747;6,77
169139;2749;6,82
169140;2691;5,35
169141;2698;5,53
169142;2715;5,96
169143;2726;6,23
169144;2756;6,99
169145;2609;3,27
169146;2717;6,01
169158;2727;6,26
169159;2615;3,43
169160;2634;3,91
169161;2651;4,34
169162;2646;4,21
169163;2598;3,00
169164;2721;6,11
169165;2768;7,30
169166;2619;3,53
169167;2670;4,82
169168;2662;4,62
169169;2629;3,78
169170;2621;3,58
169171;2707;5,75
169172;2626;3,70
169173;2693;5,40
169174;2657;4,49
169175;2645;4,19
169186;2686;5,22
169187;2638;4,01
169188;2650;4,31
169189;2692;5,37
169190;2611;3,32
169191;2703;5,65
169192;2620;3,55
169193;2659;4,54
169194;2583;2,62
169195;2592;2,84
169196;2669;4,79
169197;2605;3,17
169198;2655;4,44
169199;2608;3,25
169200;2634;3,91
169201;2643;4,13
169202;2679;5,05
169203;2693;5,40
169204;2671;4,84
169215;2590;2,79
169216;2599;3,02
169217;2610;3,30
169218;2597;2,97
169219;2689;5,30
169220;2640;4,06
169221;2608;3,25
169222;2640;4,06
169223;2656;4,46
169224;2618;3,50
169225;2619;3,53
169226;2624;3,65
169227;2677;4,99
169228;2598;3,00
169229;2593;2,87
169230;2759;7,07
169231;2745;6,72
169232;2672;4,87
169243;2592;2,84
169244;2559;2,01
169245;2596;2,95
169246;2595;2,92
169247;2594;2,89
169248;2608;3,25
169249;2582;2,59
169250;2585;2,67
169251;2603;3,12
169252;2639;4,03
169253;2599;3,02
169254;2595;2,92
169255;2590;2,79
169256;2594;2,89
169257;2603;3,12
169258;2593;2,87
169259;2598;3,00
169260;2598;3,00
169261;2595;2,92
169272;2613;3,38
169273;2651;4,34
169274;2643;4,13
169275;2641;4,08
169276;2714;5,93
169277;2679;5,05
169278;2602;3,10
169279;2652;4,36
169280;2742;6,64
169281;2795;7,98
169282;2627;3,73
169283;2650;4,31
169284;2672;4,87
169285;2602;3,10
169286;2672;4,87
169287;2613;3,38
169288;2608;3,25
169289;2704;5,68
169301;2670;4,82
169302;2701;5,60
169303;2621;3,58
169304;2609;3,27
169305;2619;3,53
169306;2704;5,68
169307;2770;7,35
169308;2669;4,79
169309;2642;4,11
169310;2670;4,82
169311;2659;4,54
169312;2623;3,63
169313;2693;5,40
169314;2634;3,91
169315;2669;4,79
169316;2629;3,78
169317;2619;3,53
169318;2708;5,78
169319;2732;6,39
169330;2710;5,83
169331;2608;3,25
169332;2719;6,06
169333;2655;4,44
169334;2635;3,93
169335;2623;3,63
169336;2611;3,32
169337;2701;5,60
169338;2733;6,41
169339;2635;3,93
169340;2752;6,89
169341;2645;4,19
169342;2645;4,19
169343;2611;3,32
169344;2771;7,37
169345;2741;6,61
169346;2686;5,22
169347;2700;5,58
169358;2631;3,83
169359;2799;8,08
169360;2739;6,56
169361;2733;6,41
169362;2688;5,27
169363;2746;6,74
169364;2739;6,56
169365;2681;5,10
169366;2607;3,22
169367;2697;5,50
169368;2657;4,49
169369;2635;3,93
169370;2681;5,10
169371;2621;3,58
169372;2705;5,70
169373;2763;7,17
169374;2736;6,49
169375;2661;4,59
169376;2727;6,26
169387;2795;7,98
169388;2672;4,87
169389;2654;4,41
169390;2739;6,56
169391;2777;7,53
169392;2740;6,59
169393;2639;4,03
169394;2762;7,15
169395;2674;4,92
169396;2753;6,92
169397;2666;4,72
169398;2710;5,83
169399;2670;4,82
169400;2765;7,22
169401;2635;3,93
169402;2753;6,92
169403;2810;8,36
169404;2797;8,03
169416;2633;3,88
169417;2651;4,34
169418;2755;6,97
169419;2627;3,73
169420;2659;4,54
169421;2725;6,21
169422;2645;4,19
169423;2626;3,70
169424;2685;5,20
169425;2705;5,70
169426;2746;6,74
169427;2707;5,75
169428;2628;3,76
169429;2619;3,53
169430;2667;4,74
169431;2638;4,01
169432;2619;3,53
169433;2627;3,73
169434;2714;5,93
169445;2652;4,36
169446;2663;4,64
169447;2681;5,10
169448;2671;4,84
169449;2649;4,29
169450;2750;6,84
169451;2669;4,79
169452;2782;7,65
169453;2707;5,75
169454;2736;6,49
169455;2767;7,27
169456;2717;6,01
169457;2671;4,84
169458;2693;5,40
169459;2757;7,02
169460;2635;3,93
169461;2687;5,25
169462;2768;7,30
169473;2703;5,65
169474;2704;5,68
169475;2667;4,74
169476;2695;5,45
169477;2673;4,89
169478;2671;4,84
169479;2719;6,06
169480;2725;6,21
169481;2702;5,63
169482;2659;4,54
169483;2768;7,30
169484;2719;6,06
169485;2768;7,30
169486;2676;4,97
169487;2683;5,15
169488;2730;6,34
169489;2734;6,44
169490;2767;7,27
169491;2672;4,87
169502;2639;4,03
169503;2639;4,03
169504;2640;4,06
169505;2639;4,03
169506;2640;4,06
169507;2635;3,93
169508;2641;4,08
169509;2645;4,19
169510;2640;4,06
169511;2640;4,06
169512;2649;4,29
169513;2640;4,06
169514;2638;4,01
169515;2641;4,08
169516;2646;4,21
169517;2650;4,31
169518;2641;4,08
169519;2646;4,21
169530;2735;6,46
169531;2731;6,36
169532;2697;5,50
169533;2772;7,40
169534;2709;5,80
169535;2762;7,15
169536;2742;6,64
169537;2735;6,46
169538;2765;7,22
169539;2751;6,87
169540;2710;5,83
169541;2790;7,85
169542;2832;8,92
169543;2699;5,55
169544;2738;6,54
169545;2711;5,86
169546;2780;7,60
169547;2821;8,64
169548;2800;8,11
169560;2705;5,70
169561;2735;6,46
169562;2835;8,99
169563;2693;5,40
169564;2768;7,30
169565;2746;6,74
169566;2742;6,64
169567;2780;7,60
169568;2704;5,68
169569;2781;7,63
169570;2766;7,25
169571;2743;6,66
169572;2767;7,27
169573;2723;6,16
169574;2775;7,47
169575;2791;7,88
169576;2725;6,21
169577;2731;6,36
169588;2718;6,03
169589;2783;7,68
169590;2725;6,21
169591;2781;7,63
169592;2793;7,93
169593;2798;8,06
169594;2719;6,06
169595;2799;8,08
169596;2720;6,08
169597;2777;7,53
169598;2715;5,96
169599;2793;7,93
169600;2790;7,85
169601;2757;7,02
169602;2754;6,94
169603;2768;7,30
169604;2790;7,85
169605;2727;6,26
169606;2726;6,23
169617;2799;8,08
169618;2734;6,44
169619;2743;6,66
169620;2759;7,07
169621;2745;6,72
169622;2688;5,27
169623;2734;6,44
169624;2724;6,18
169625;2753;6,92
169626;2716;5,98
169627;2806;8,26
169628;2738;6,54
169629;2723;6,16
169630;2783;7,68
169631;2817;8,54
169632;2698;5,53
169633;2750;6,84
169634;2733;6,41
169645;2752;6,89
169646;2697;5,50
169647;2752;6,89
169648;2737;6,51
169649;2736;6,49
169650;2742;6,64
169651;2727;6,26
169652;2737;6,51
169653;2690;5,32
169654;2741;6,61
169655;2765;7,22
169656;2763;7,17
169657;2747;6,77
169658;2723;6,16
169659;2745;6,72
169660;2733;6,41
169661;2752;6,89
169662;2738;6,54
169663;2765;7,22
169675;2766;7,25
169676;2704;5,68
169677;2696;5,48
169678;2757;7,02
169679;2741;6,61
169680;2705;5,70
169681;2695;5,45
169682;2752;6,89
169683;2758;7,04
169684;2734;6,44
169685;2704;5,68
169686;2754;6,94
169687;2727;6,26
169688;2775;7,47
169689;2755;6,97
169690;2701;5,60
169691;2735;6,46
169692;2763;7,17
169703;2768;7,30
169704;2709;5,80
169705;2715;5,96
169706;2707;5,75
169707;2733;6,41
169708;2725;6,21
169709;2803;8,18
169710;2785;7,73
169711;2773;7,42
169712;2722;6,13
169713;2768;7,30
169714;2777;7,53
169715;2752;6,89
169716;2723;6,16
169717;2740;6,59
169718;2736;6,49
169719;2711;5,86
169720;2784;7,70
169721;2736;6,49
169732;2702;5,63
169733;2784;7,70
169734;2771;7,37
169735;2790;7,85
169736;2789;7,83
169737;2754;6,94
169738;2701;5,60
169739;2767;7,27
169740;2800;8,11
169741;2790;7,85
169742;2761;7,12
169743;2727;6,26
169744;2705;5,70
169745;2696;5,48
169746;2779;7,58
169747;2711;5,86
169748;2751;6,87
169749;2709;5,80
169760;2675;4,94
169761;2672;4,87
169762;2668;4,77
169763;2667;4,74
169764;2669;4,79
169765;2670;4,82
169766;2677;4,99
169767;2673;4,89
169768;2674;4,92
169769;2677;4,99
169770;2682;5,12
169771;2679;5,05
169772;2686;5,22
169773;2687;5,25
169774;2673;4,89
169775;2674;4,92
169776;2677;4,99
169777;2677;4,99
169778;2679;5,05
169789;2704;5,68
169790;2768;7,30
169791;2715;5,96
169792;2702;5,63
169793;2687;5,25
169794;2695;5,45
169795;2730;6,34
169796;2719;6,06
169797;2703;5,65
169798;2704;5,68
169799;2735;6,46
169800;2763;7,17
169801;2730;6,34
169802;2691;5,35
169803;2675;4,94
169804;2729;6,31
169805;2766;7,25
169806;2756;6,99
169818;2745;6,72
169819;2759;7,07
169820;2703;5,65
169821;2758;7,04
169822;2733;6,41
169823;2720;6,08
169824;2772;7,40
169825;2703;5,65
169826;2691;5,35
169827;2677;4,99
169828;2701;5,60
169829;2729;6,31
169830;2825;8,74
169831;2683;5,15
169832;2687;5,25
169833;2740;6,59
169834;2791;7,88
169835;2815;8,49
169836;2759;7,07
169847;2752;6,89
169848;2689;5,30
169849;2773;7,42
169850;2791;7,88
169851;2697;5,50
169852;2689;5,30
169853;2718;6,03
169854;2834;8,97
169855;2704;5,68
169856;2706;5,73
169857;2711;5,86
169858;2718;6,03
169859;2745;6,72
169860;2766;7,25
169861;2722;6,13
169862;2759;7,07
169863;2715;5,96
169864;2775;7,47
169875;2674;4,92
169876;2697;5,50
169877;2702;5,63
169878;2736;6,49
169879;2688;5,27
169880;2672;4,87
169881;2686;5,22
169882;2767;7,27
169883;2756;6,99
169884;2718;6,03
169885;2785;7,73
169886;2695;5,45
169887;2774;7,45
169888;2695;5,45
169889;2749;6,82
169890;2711;5,86
169891;2736;6,49
169892;2702;5,63
169893;2690;5,32
169904;2764;7,20
169905;2689;5,30
169906;2766;7,25
169907;2707;5,75
169908;2759;7,07
169909;2777;7,53
169910;2722;6,13
169911;2779;7,58
169912;2801;8,13
169913;2774;7,45
169914;2878;10,08
169915;2768;7,30
169916;2751;6,87
169917;2864;9,73
169918;2777;7,53
169919;2781;7,63
169920;2799;8,08
169921;2695;5,45
169933;2789;7,83
169934;2694;5,43
169935;2675;4,94
169936;2705;5,70
169937;2745;6,72
169938;2670;4,82
169939;2679;5,05
169940;2683;5,15
169941;2709;5,80
169942;2720;6,08
169943;2706;5,73
169944;2688;5,27
169945;2711;5,86
169946;2687;5,25
169947;2753;6,92
169948;2672;4,87
169949;2736;6,49
169950;2749;6,82
169951;2708;5,78
169962;2785;7,73
169963;2704;5,68
169964;2671;4,84
169965;2697;5,50
169966;2688;5,27
169967;2778;7,55
169968;2689;5,30
169969;2735;6,46
169970;2713;5,91
169971;2704;5,68
169972;2673;4,89
169973;2703;5,65
169974;2722;6,13
169975;2671;4,84
169976;2694;5,43
169977;2778;7,55
169978;2759;7,07
169979;2687;5,25
169990;2762;7,15
169991;2768;7,30
169992;2682;5,12
169993;2777;7,53
169994;2777;7,53
169995;2684;5,17
169996;2731;6,36
169997;2688;5,27
169998;2781;7,63
169999;2677;4,99
170000;2797;8,03
170001;2762;7,15
170002;2671;4,84
170003;2686;5,22
170004;2701;5,60
170005;2717;6,01
170006;2768;7,30
170007;2713;5,91
170008;2707;5,75
170019;2649;4,29
170020;2658;4,51
170021;2645;4,19
170022;2653;4,39
170023;2649;4,29
170024;2661;4,59
170025;2657;4,49
170026;2663;4,64
170027;2670;4,82
170028;2657;4,49
170029;2657;4,49
170030;2658;4,51
170031;2646;4,21
170032;2656;4,46
170033;2662;4,62
170034;2655;4,44
170035;2659;4,54
170036;2658;4,51
170047;2724;6,18
170048;2763;7,17
170049;2731;6,36
170050;2700;5,58
170051;2765;7,22
170052;2704;5,68
170053;2763;7,17
170054;2734;6,44
170055;2710;5,83
170056;2767;7,27
170057;2777;7,53
170058;2717;6,01
170059;2734;6,44
170060;2718;6,03
170061;2752;6,89
170062;2791;7,88
170063;2753;6,92
170064;2737;6,51
170065;2697;5,50
170077;2713;5,91
170078;2665;4,69
170079;2726;6,23
170080;2705;5,70
170081;2710;5,83
170082;2735;6,46
170083;2714;5,93
170084;2755;6,97
170085;2731;6,36
170086;2775;7,47
170087;2698;5,53
170088;2709;5,80
170089;2737;6,51
170090;2719;6,06
170091;2704;5,68
170092;2721;6,11
170093;2695;5,45
170094;2752;6,89
170105;2726;6,23
170106;2704;5,68
170107;2721;6,11
170108;2708;5,78
170109;2742;6,64
170110;2778;7,55
170111;2769;7,32
170112;2714;5,93
170113;2747;6,77
170114;2682;5,12
170115;2714;5,93
170116;2689;5,30
170117;2726;6,23
170118;2704;5,68
170119;2734;6,44
170120;2754;6,94
170121;2740;6,59
170122;2719;6,06
170123;2752;6,89
170134;2723;6,16
170135;2697;5,50
170136;2753;6,92
170137;2769;7,32
170138;2718;6,03
170139;2710;5,83
170140;2719;6,06
170141;2775;7,47
170142;2721;6,11
170143;2791;7,88
170144;2717;6,01
170145;2727;6,26
170146;2726;6,23
170147;2709;5,80
170148;2689;5,30
170149;2689;5,30
170150;2768;7,30
170151;2709;5,80
170162;2749;6,82
170163;2671;4,84
170164;2739;6,56
170165;2725;6,21
170166;2685;5,20
170167;2710;5,83
170168;2672;4,87
170169;2714;5,93
170170;2737;6,51
170171;2735;6,46
170172;2736;6,49
170173;2666;4,72
170174;2736;6,49
170175;2749;6,82
170176;2736;6,49
170177;2736;6,49
170178;2741;6,61
170179;2749;6,82
170180;2752;6,89
170192;2671;4,84
170193;2735;6,46
170194;2709;5,80
170195;2679;5,05
170196;2698;5,53
170197;2682;5,12
170198;2733;6,41
170199;2741;6,61
170200;2725;6,21
170201;2699;5,55
170202;2669;4,79
170203;2701;5,60
170204;2746;6,74
170205;2683;5,15
170206;2686;5,22
170207;2735;6,46
170208;2678;5,02
170209;2707;5,75
170220;2747;6,77
170221;2707;5,75
170222;2715;5,96
170223;2736;6,49
170224;2692;5,37
170225;2715;5,96
170226;2677;4,99
170227;2842;9,17
170228;2768;7,30
170229;2721;6,11
170230;2800;8,11
170231;2689;5,30
170232;2725;6,21
170233;2705;5,70
170234;2761;7,12
170235;2748;6,79
170236;2699;5,55
170237;2708;5,78
170238;2731;6,36
170249;2723;6,16
170250;2691;5,35
170251;2743;6,66
170252;2798;8,06
170253;2749;6,82
170254;2713;5,91
170255;2666;4,72
170256;2693;5,40
170257;2729;6,31
170258;2721;6,11
170259;2705;5,70
170260;2766;7,25
170261;2774;7,45
170262;2704;5,68
170263;2715;5,96
170264;2694;5,43
170265;2693;5,40
170266;2773;7,42
170277;2663;4,64
170278;2661;4,59
170279;2656;4,46
170280;2655;4,44
170281;2669;4,79
170282;2659;4,54
170283;2666;4,72
170284;2659;4,54
170285;2655;4,44
170286;2655;4,44
170287;2653;4,39
170288;2654;4,41
170289;2659;4,54
170290;2659;4,54
170291;2666;4,72
170292;2657;4,49
170293;2655;4,44
170294;2665;4,69
170295;2667;4,74
170306;2668;4,77
170307;2710;5,83
170308;2754;6,94
170309;2692;5,37
170310;2775;7,47
170311;2801;8,13
170312;2704;5,68
170313;2701;5,60
170314;2678;5,02
170315;2774;7,45
170316;2767;7,27
170317;2706;5,73
170318;2700;5,58
170319;2770;7,35
170320;2715;5,96
170321;2816;8,51
170322;2704;5,68
170323;2704;5,68
170335;2693;5,40
170336;2753;6,92
170337;2702;5,63
170338;2757;7,02
170339;2651;4,34
170340;2692;5,37
170341;2746;6,74
170342;2685;5,20
170343;2735;6,46
170344;2665;4,69
170345;2722;6,13
170346;2647;4,24
170347;2695;5,45
170348;2732;6,39
170349;2699;5,55
170350;2755;6,97
170351;2688;5,27
170352;2656;4,46
170353;2733;6,41
170364;2782;7,65
170365;2706;5,73
170366;2693;5,40
170367;2768;7,30
170368;2686;5,22
170369;2738;6,54
170370;2682;5,12
170371;2754;6,94
170372;2747;6,77
170373;2714;5,93
170374;2773;7,42
170375;2681;5,10
170376;2695;5,45
170377;2731;6,36
170378;2713;5,91
170379;2783;7,68
170380;2715;5,96
170381;2693;5,40
170392;2703;5,65
170393;2688;5,27
170394;2704;5,68
170395;2787;7,78
170396;2755;6,97
170397;2731;6,36
170398;2704;5,68
170399;2714;5,93
170400;2698;5,53
170401;2735;6,46
170402;2699;5,55
170403;2688;5,27
170404;2746;6,74
170405;2736;6,49
170406;2701;5,60
170407;2720;6,08
170408;2773;7,42
170409;2787;7,78
170410;2711;5,86
170421;2730;6,34
170422;2705;5,70
170423;2712;5,88
170424;2654;4,41
170425;2719;6,06
170426;2735;6,46
170427;2727;6,26
170428;2687;5,25
170429;2728;6,29
170430;2707;5,75
170431;2752;6,89
170432;2767;7,27
170433;2704;5,68
170434;2715;5,96
170435;2709;5,80
170436;2713;5,91
170437;2703;5,65
170438;2733;6,41
170450;2716;5,98
170451;2710;5,83
170452;2672;4,87
170453;2695;5,45
170454;2698;5,53
170455;2749;6,82
170456;2767;7,27
170457;2701;5,60
170458;2691;5,35
170459;2699;5,55
170460;2658;4,51
170461;2765;7,22
170462;2726;6,23
170463;2687;5,25
170464;2732;6,39
170465;2795;7,98
170466;2672;4,87
170467;2701;5,60
170468;2685;5,20
170479;2687;5,25
170480;2657;4,49
170481;2731;6,36
170482;2691;5,35
170483;2722;6,13
170484;2791;7,88
170485;2717;6,01
170486;2802;8,16
170487;2749;6,82
170488;2663;4,64
170489;2798;8,06
170490;2688;5,27
170491;2709;5,80
170492;2730;6,34
170493;2768;7,30
170494;2748;6,79
170495;2759;7,07
170496;2750;6,84
170507;2688;5,27
170508;2643;4,13
170509;2736;6,49
170510;2741;6,61
170511;2742;6,64
170512;2693;5,40
170513;2736;6,49
170514;2704;5,68
170515;2685;5,20
170516;2699;5,55
170517;2729;6,31
170518;2676;4,97
170519;2656;4,46
170520;2735;6,46
170521;2657;4,49
170522;2672;4,87
170523;2639;4,03
170524;2672;4,87
170525;2697;5,50
170536;2639;4,03
170537;2649;4,29
170538;2637;3,98
170539;2642;4,11
170540;2641;4,08
170541;2640;4,06
170542;2639;4,03
170543;2638;4,01
170544;2634;3,91
170545;2642;4,11
170546;2635;3,93
170547;2643;4,13
170548;2641;4,08
170549;2635;3,93
170550;2640;4,06
170551;2640;4,06
170552;2630;3,81
170553;2641;4,08
170564;2837;9,04
170565;2687;5,25
170566;2698;5,53
170567;2657;4,49
170568;2726;6,23
170569;2791;7,88
170570;2768;7,30
170571;2729;6,31
170572;2657;4,49
170573;2713;5,91
170574;2743;6,66
170575;2658;4,51
170576;2741;6,61
170577;2736;6,49
170578;2723;6,16
170579;2797;8,03
170580;2758;7,04
170581;2718;6,03
170582;2721;6,11
170594;2721;6,11
170595;2747;6,77
170596;2738;6,54
170597;2680;5,07
170598;2679;5,05
170599;2689;5,30
170600;2657;4,49
170601;2695;5,45
170602;2774;7,45
170603;2706;5,73
170604;2736;6,49
170605;2704;5,68
170606;2721;6,11
170607;2755;6,97
170608;2761;7,12
170609;2717;6,01
170610;2736;6,49
170611;2674;4,92
170622;2744;6,69
170623;2651;4,34
170624;2689;5,30
170625;2722;6,13
170626;2784;7,70
170627;2720;6,08
170628;2761;7,12
170629;2649;4,29
170630;2722;6,13
170631;2652;4,36
170632;2643;4,13
170633;2659;4,54
170634;2675;4,94
170635;2719;6,06
170636;2737;6,51
170637;2796;8,01
170638;2759;7,07
170639;2725;6,21
170640;2711;5,86
170651;2716;5,98
170652;2767;7,27
170653;2731;6,36
170654;2730;6,34
170655;2669;4,79
170656;2721;6,11
170657;2640;4,06
170658;2781;7,63
170659;2645;4,19
170660;2679;5,05
170661;2649;4,29
170662;2699;5,55
170663;2757;7,02
170664;2748;6,79
170665;2690;5,32
170666;2673;4,89
170667;2725;6,21
170668;2689;5,30
170679;2687;5,25
170680;2697;5,50
170681;2674;4,92
170682;2673;4,89
170683;2663;4,64
170684;2691;5,35
170685;2679;5,05
170686;2689;5,30
170687;2714;5,93
170688;2686;5,22
170689;2687;5,25
170690;2749;6,82
170691;2685;5,20
170692;2674;4,92
170693;2709;5,80
170694;2689;5,30
170695;2687;5,25
170696;2688;5,27
170697;2704;5,68
170709;2775;7,47
170710;2719;6,06
170711;2726;6,23
170712;2655;4,44
170713;2709;5,80
170714;2643;4,13
170715;2699;5,55
170716;2762;7,15
170717;2646;4,21
170718;2640;4,06
170719;2703;5,65
170720;2647;4,24
170721;2711;5,86
170722;2717;6,01
170723;2650;4,31
170724;2745;6,72
170725;2658;4,51
170726;2739;6,56
170737;2764;7,20
170738;2701;5,60
170739;2707;5,75
170740;2678;5,02
170741;2673;4,89
170742;2704;5,68
170743;2767;7,27
170744;2708;5,78
170745;2718;6,03
170746;2741;6,61
170747;2670;4,82
170748;2742;6,64
170749;2693;5,40
170750;2687;5,25
170751;2695;5,45
170752;2794;7,96
170753;2725;6,21
170754;2700;5,58
170755;2738;6,54
170766;2637;3,98
170767;2749;6,82
170768;2734;6,44
170769;2691;5,35
170770;2710;5,83
170771;2694;5,43
170772;2752;6,89
170773;2708;5,78
170774;2751;6,87
170775;2648;4,26
170776;2719;6,06
170777;2659;4,54
170778;2719;6,06
170779;2678;5,02
170780;2672;4,87
170781;2704;5,68
170782;2736;6,49
170783;2743;6,66
170794;2631;3,83
170795;2631;3,83
170796;2617;3,48
170797;2629;3,78
170798;2623;3,63
170799;2611;3,32
170800;2623;3,63
170801;2621;3,58
170802;2621;3,58
170803;2624;3,65
170804;2608;3,25
170805;2618;3,50
170806;2615;3,43
170807;2624;3,65
170808;2627;3,73
170809;2614;3,40
170810;2608;3,25
170811;2613;3,38
170812;2611;3,32
170823;2758;7,04
170824;2637;3,98
170825;2723;6,16
170826;2699;5,55
170827;2649;4,29
170828;2638;4,01
170829;2669;4,79
170830;2709;5,80
170831;2719;6,06
170832;2786;7,75
170833;2640;4,06
170834;2711;5,86
170835;2686;5,22
170836;2721;6,11
170837;2644;4,16
170838;2643;4,13
170839;2727;6,26
170840;2733;6,41
170852;2765;7,22
170853;2698;5,53
170854;2754;6,94
170855;2615;3,43
170856;2697;5,50
170857;2645;4,19
170858;2727;6,26
170859;2667;4,74
170860;2653;4,39
170861;2647;4,24
170862;2627;3,73
170863;2616;3,45
170864;2719;6,06
170865;2639;4,03
170866;2611;3,32
170867;2678;5,02
170868;2638;4,01
170869;2637;3,98
170870;2618;3,50
170881;2694;5,43
170882;2619;3,53
170883;2608;3,25
170884;2669;4,79
170885;2702;5,63
170886;2752;6,89
170887;2640;4,06
170888;2640;4,06
170889;2637;3,98
170890;2621;3,58
170891;2627;3,73
170892;2774;7,45
170893;2627;3,73
170894;2706;5,73
170895;2741;6,61
170896;2735;6,46
170897;2704;5,68
170898;2663;4,64
170909;2643;4,13
170910;2701;5,60
170911;2640;4,06
170912;2656;4,46
170913;2704;5,68
170914;2767;7,27
170915;2678;5,02
170916;2629;3,78
170917;2625;3,68
170918;2631;3,83
170919;2652;4,36
170920;2637;3,98
170921;2691;5,35
170922;2698;5,53
170923;2609;3,27
170924;2700;5,58
170925;2629;3,78
170926;2600;3,05
170927;2619;3,53
170938;2618;3,50
170939;2629;3,78
170940;2629;3,78
170941;2706;5,73
170942;2620;3,55
170943;2625;3,68
170944;2630;3,81
170945;2623;3,63
170946;2615;3,43
170947;2738;6,54
170948;2591;2,82
170949;2582;2,59
170950;2726;6,23
170951;2617;3,48
170952;2634;3,91
170953;2608;3,25
170954;2559;2,01
170955;2608;3,25
170967;2583;2,62
170968;2709;5,80
170969;2657;4,49
170970;2634;3,91
170971;2658;4,51
170972;2640;4,06
170973;2736;6,49
170974;2636;3,96
170975;2663;4,64
170976;2627;3,73
170977;2605;3,17
170978;2594;2,89
170979;2675;4,94
170980;2607;3,22
170981;2654;4,41
170982;2624;3,65
170983;2666;4,72
170984;2685;5,20
170985;2626;3,70
170996;2769;7,32
170997;2672;4,87
170998;2624;3,65
170999;2623;3,63
171000;2752;6,89
171001;2745;6,72
171002;2734;6,44
171003;2672;4,87
171004;2672;4,87
171005;2559;2,01
171006;2686;5,22
171007;2635;3,93
171008;2706;5,73
171009;2736;6,49
171010;2613;3,38
171011;2787;7,78
171012;2625;3,68
171013;2688;5,27
171024;2641;4,08
171025;2671;4,84
171026;2603;3,12
171027;2610;3,30
171028;2614;3,40
171029;2731;6,36
171030;2581;2,57
171031;2637;3,98
171032;2624;3,65
171033;2697;5,50
171034;2611;3,32
171035;2640;4,06
171036;2655;4,44
171037;2663;4,64
171038;2623;3,63
171039;2642;4,11
171040;2723;6,16
171041;2656;4,46
171042;2725;6,21
171053;2559;2,01
171054;2582;2,59
171055;2559;2,01
171056;2559;2,01
171057;2597;2,97
171058;2585;2,67
171059;2590;2,79
171060;2559;2,01
171061;2559;2,01
171062;2559;2,01
171063;2559;2,01
171064;2559;2,01
171065;2559;2,01
171066;2559;2,01
171067;2559;2,01
171068;2559;2,01
171069;2590;2,79
171070;2559;2,01
171081;2693;5,40
171082;2603;3,12
171083;2639;4,03
171084;2642;4,11
171085;2642;4,11
171086;2699;5,55
171087;2589;2,77
171088;2634;3,91
171089;2635;3,93
171090;2590;2,79
171091;2720;6,08
171092;2596;2,95
171093;2639;4,03
171094;2640;4,06
171095;2592;2,84
171096;2637;3,98
171097;2619;3,53
171098;2614;3,40
171099;2641;4,08
171111;2737;6,51
171112;2649;4,29
171113;2689;5,30
171114;2628;3,76
171115;2608;3,25
171116;2606;3,20
171117;2640;4,06
171118;2607;3,22
171119;2721;6,11
171120;2742;6,64
171121;2694;5,43
171122;2719;6,06
171123;2646;4,21
171124;2674;4,92
171125;2736;6,49
171126;2655;4,44
171127;2671;4,84
171128;2608;3,25
171139;2688;5,27
171140;2593;2,87
171141;2596;2,95
171142;2623;3,63
171143;2635;3,93
171144;2595;2,92
171145;2590;2,79
171146;2827;8,79
171147;2605;3,17
171148;2675;4,94
171149;2559;2,01
171150;2593;2,87
171151;2559;2,01
171152;2672;4,87
171153;2685;5,20
171154;2640;4,06
171155;2596;2,95
171156;2589;2,77
171157;2745;6,72
171168;2633;3,88
171169;2682;5,12
171170;2670;4,82
171171;2646;4,21
171172;2581;2,57
171173;2626;3,70
171174;2617;3,48
171175;2641;4,08
171176;2720;6,08
171177;2590;2,79
171178;2743;6,66
171179;2640;4,06
171180;2609;3,27
171181;2656;4,46
171182;2608;3,25
171183;2591;2,82
171184;2629;3,78
171185;2656;4,46
171196;2733;6,41
171197;2770;7,35
171198;2748;6,79
171199;2770;7,35
171200;2764;7,20
171201;2783;7,68
171202;2595;2,92
171203;2737;6,51
171204;2727;6,26
171205;2790;7,85
171206;2781;7,63
171207;2626;3,70
171208;2640;4,06
171209;2737;6,51
171210;2779;7,58
171211;2609;3,27
171212;2786;7,75
171213;2765;7,22
171214;2674;4,92
171226;2608;3,25
171227;2634;3,91
171228;2639;4,03
171229;2673;4,89
171230;2639;4,03
171231;2785;7,73
171232;2677;4,99
171233;2559;2,01
171234;2625;3,68
171235;2623;3,63
171236;2790;7,85
171237;2597;2,97
171238;2640;4,06
171239;2755;6,97
171240;2624;3,65
171241;2608;3,25
171242;2607;3,22
171243;2659;4,54
171254;2679;5,05
171255;2687;5,25
171256;2597;2,97
171257;2688;5,27
171258;2625;3,68
171259;2629;3,78
171260;2559;2,01
171261;2768;7,30
171262;2701;5,60
171263;2602;3,10
171264;2689;5,30
171265;2654;4,41
171266;2586;2,69
171267;2617;3,48
171268;2609;3,27
171269;2689;5,30
171270;2630;3,81
171271;2698;5,53
171272;2671;4,84
171283;2605;3,17
171284;2614;3,40
171285;2768;7,30
171286;2654;4,41
171287;2666;4,72
171288;2783;7,68
171289;2631;3,83
171290;2657;4,49
171291;2627;3,73
171292;2631;3,83
171293;2682;5,12
171294;2682;5,12
171295;2660;4,56
171296;2696;5,48
171297;2705;5,70
171298;2592;2,84
171299;2632;3,86
171300;2675;4,94
171311;2558;1,98
171312;2555;1,91
171313;2559;2,01
171314;2586;2,69
171315;2559;2,01
171316;2558;1,98
171317;2586;2,69
171318;2608;3,25
171319;2559;2,01
171320;2557;1,96
171321;2559;2,01
171322;2559;2,01
171323;2637;3,98
171324;2603;3,12
171325;2559;2,01
171326;2611;3,32
171327;2557;1,96
171328;2592;2,84
171329;2559;2,01
171340;2639;4,03
171341;2640;4,06
171342;2620;3,55
171343;2624;3,65
171344;2610;3,30
171345;2771;7,37
171346;2686;5,22
171347;2672;4,87
171348;2709;5,80
171349;2595;2,92
171350;2710;5,83
171351;2655;4,44
171352;2762;7,15
171353;2592;2,84
171354;2755;6,97
171355;2704;5,68
171356;2704;5,68
171357;2734;6,44
171369;2657;4,49
171370;2735;6,46
171371;2589;2,77
171372;2672;4,87
171373;2602;3,10
171374;2640;4,06
171375;2675;4,94
171376;2713;5,91
171377;2630;3,81
171378;2735;6,46
171379;2722;6,13
171380;2725;6,21
171381;2597;2,97
171382;2672;4,87
171383;2586;2,69
171384;2614;3,40
171385;2630;3,81
171386;2630;3,81
171387;2711;5,86
171398;2757;7,02
171399;2706;5,73
171400;2608;3,25
171401;2657;4,49
171402;2714;5,93
171403;2649;4,29
171404;2713;5,91
171405;2680;5,07
171406;2718;6,03
171407;2592;2,84
171408;2587;2,72
171409;2624;3,65
171410;2631;3,83
171411;2619;3,53
171412;2608;3,25
171413;2618;3,50
171414;2582;2,59
171415;2721;6,11
171426;2682;5,12
171427;2591;2,82
171428;2608;3,25
171429;2624;3,65
171430;2608;3,25
171431;2603;3,12
171432;2594;2,89
171433;2605;3,17
171434;2619;3,53
171435;2672;4,87
171436;2720;6,08
171437;2591;2,82
171438;2609;3,27
171439;2623;3,63
171440;2559;2,01
171441;2763;7,17
171442;2611;3,32
171443;2640;4,06
171444;2690;5,32
171455;2681;5,10
171456;2707;5,75
171457;2751;6,87
171458;2659;4,54
171459;2656;4,46
171460;2690;5,32
171461;2768;7,30
171462;2629;3,78
171463;2752;6,89
171464;2725;6,21
171465;2757;7,02
171466;2624;3,65
171467;2812;8,41
171468;2691;5,35
171469;2821;8,64
171470;2715;5,96
171471;2612;3,35
171472;2736;6,49
171484;2727;6,26
171485;2759;7,07
171486;2609;3,27
171487;2752;6,89
171488;2606;3,20
171489;2725;6,21
171490;2608;3,25
171491;2647;4,24
171492;2619;3,53
171493;2672;4,87
171494;2726;6,23
171495;2605;3,17
171496;2595;2,92
171497;2734;6,44
171498;2598;3,00
171499;2757;7,02
171500;2727;6,26
171501;2609;3,27
171502;2622;3,60
171513;2665;4,69
171514;2623;3,63
171515;2662;4,62
171516;2652;4,36
171517;2640;4,06
171518;2617;3,48
171519;2608;3,25
171520;2657;4,49
171521;2695;5,45
171522;2559;2,01
171523;2643;4,13
171524;2654;4,41
171525;2771;7,37
171526;2610;3,30
171527;2729;6,31
171528;2683;5,15
171529;2625;3,68
171530;2668;4,77
171541;2647;4,24
171542;2697;5,50
171543;2669;4,79
171544;2687;5,25
171545;2624;3,65
171546;2667;4,74
171547;2643;4,13
171548;2601;3,07
171549;2617;3,48
171550;2603;3,12
171551;2585;2,67
171552;2683;5,15
171553;2624;3,65
171554;2654;4,41
171555;2747;6,77
171556;2787;7,78
171557;2677;4,99
171558;2630;3,81
171559;2622;3,60
171570;2639;4,03
171571;2625;3,68
171572;2715;5,96
171573;2598;3,00
171574;2591;2,82
171575;2595;2,92
171576;2673;4,89
171577;2606;3,20
171578;2631;3,83
171579;2609;3,27
171580;2641;4,08
171581;2640;4,06
171582;2593;2,87
171583;2693;5,40
171584;2640;4,06
171585;2599;3,02
171586;2586;2,69
171587;2739;6,56
171598;2654;4,41
171599;2678;5,02
171600;2673;4,89
171601;2681;5,10
171602;2651;4,34
171603;2671;4,84
171604;2641;4,08
171605;2655;4,44
171606;2624;3,65
171607;2619;3,53
171608;2679;5,05
171609;2655;4,44
171610;2613;3,38
171611;2666;4,72
171612;2630;3,81
171613;2677;4,99
171614;2707;5,75
171615;2663;4,64
171616;2707;5,75
171628;2640;4,06
171629;2737;6,51
171630;2626;3,70
171631;2667;4,74
171632;2641;4,08
171633;2751;6,87
171634;2739;6,56
171635;2718;6,03
171636;2639;4,03
171637;2688;5,27
171638;2619;3,53
171639;2698;5,53
171640;2694;5,43
171641;2599;3,02
171642;2762;7,15
171643;2605;3,17
171644;2736;6,49
171645;2727;6,26
171656;2665;4,69
171657;2605;3,17
171658;2701;5,60
171659;2754;6,94
171660;2609;3,27
171661;2607;3,22
171662;2607;3,22
171663;2588;2,74
171664;2661;4,59
171665;2674;4,92
171666;2720;6,08
171667;2758;7,04
171668;2705;5,70
171669;2622;3,60
171670;2672;4,87
171671;2704;5,68
171672;2640;4,06
171673;2615;3,43
171674;2652;4,36
171685;2767;7,27
171686;2704;5,68
171687;2610;3,30
171688;2704;5,68
171689;2743;6,66
171690;2594;2,89
171691;2624;3,65
171692;2642;4,11
171693;2634;3,91
171694;2667;4,74
171695;2613;3,38
171696;2738;6,54
171697;2693;5,40
171698;2595;2,92
171699;2761;7,12
171700;2605;3,17
171701;2629;3,78
171702;2723;6,16
171713;2725;6,21
171714;2751;6,87
171715;2687;5,25
171716;2757;7,02
171717;2682;5,12
171718;2658;4,51
171719;2754;6,94
171720;2751;6,87
171721;2736;6,49
171722;2753;6,92
171723;2753;6,92
171724;2747;6,77
171725;2736;6,49
171726;2669;4,79
171727;2650;4,31
171728;2751;6,87
171729;2751;6,87
171730;2713;5,91
171731;2689;5,30
171743;2764;7,20
171744;2630;3,81
171745;2604;3,15
171746;2732;6,39
171747;2594;2,89
171748;2621;3,58
171749;2587;2,72
171750;2684;5,17
171751;2725;6,21
171752;2611;3,32
171753;2627;3,73
171754;2687;5,25
171755;2624;3,65
171756;2704;5,68
171757;2691;5,35
171758;2622;3,60
171759;2607;3,22
171760;2744;6,69
171771;2615;3,43
171772;2647;4,24
171773;2738;6,54
171774;2781;7,63
171775;2750;6,84
171776;2657;4,49
171777;2595;2,92
171778;2713;5,91
171779;2615;3,43
171780;2618;3,50
171781;2726;6,23
171782;2699;5,55
171783;2691;5,35
171784;2768;7,30
171785;2749;6,82
171786;2653;4,39
171787;2608;3,25
171788;2589;2,77
171789;2609;3,27
171800;2763;7,17
171801;2705;5,70
171802;2735;6,46
171803;2628;3,76
171804;2782;7,65
171805;2640;4,06
171806;2638;4,01
171807;2709;5,80
171808;2605;3,17
171809;2587;2,72
171810;2655;4,44
171811;2646;4,21
171812;2654;4,41
171813;2704;5,68
171814;2698;5,53
171815;2624;3,65
171816;2591;2,82
171817;2643;4,13
171828;2709;5,80
171829;2732;6,39
171830;2663;4,64
171831;2705;5,70
171832;2639;4,03
171833;2615;3,43
171834;2607;3,22
171835;2622;3,60
171836;2640;4,06
171837;2713;5,91
171838;2655;4,44
171839;2647;4,24
171840;2608;3,25
171841;2645;4,19
171842;2660;4,56
171843;2768;7,30
171844;2625;3,68
171845;2663;4,64
171846;2657;4,49
171857;2627;3,73
171858;2640;4,06
171859;2643;4,13
171860;2684;5,17
171861;2627;3,73
171862;2656;4,46
171863;2617;3,48
171864;2659;4,54
171865;2634;3,91
171866;2640;4,06
171867;2614;3,40
171868;2640;4,06
171869;2670;4,82
171870;2667;4,74
171871;2642;4,11
171872;2687;5,25
171873;2688;5,27
171874;2706;5,73
171886;2736;6,49
171887;2694;5,43
171888;2615;3,43
171889;2611;3,32
171890;2618;3,50
171891;2611;3,32
171892;2645;4,19
171893;2624;3,65
171894;2605;3,17
171895;2666;4,72
171896;2685;5,20
171897;2623;3,63
171898;2643;4,13
171899;2633;3,88
171900;2612;3,35
171901;2682;5,12
171902;2736;6,49
171903;2626;3,70
171904;2639;4,03
171915;2604;3,15
171916;2617;3,48
171917;2687;5,25
171918;2620;3,55
171919;2607;3,22
171920;2615;3,43
171921;2704;5,68
171922;2693;5,40
171923;2596;2,95
171924;2591;2,82
171925;2667;4,74
171926;2620;3,55
171927;2702;5,63
171928;2672;4,87
171929;2631;3,83
171930;2629;3,78
171931;2779;7,58
171932;2731;6,36
171943;2688;5,27
171944;2605;3,17
171945;2604;3,15
171946;2695;5,45
171947;2705;5,70
171948;2631;3,83
171949;2657;4,49
171950;2704;5,68
171951;2749;6,82
171952;2689;5,30
171953;2689;5,30
171954;2680;5,07
171955;2688;5,27
171956;2723;6,16
171957;2608;3,25
171958;2628;3,76
171959;2729;6,31
171960;2640;4,06
171961;2674;4,92
171972;2736;6,49
171973;2761;7,12
171974;2646;4,21
171975;2660;4,56
171976;2697;5,50
171977;2713;5,91
171978;2757;7,02
171979;2715;5,96
171980;2802;8,16
171981;2704;5,68
171982;2739;6,56
171983;2709;5,80
171984;2672;4,87
171985;2672;4,87
171986;2655;4,44
171987;2733;6,41
171988;2736;6,49
171989;2690;5,32
172001;2708;5,78
172002;2606;3,20
172003;2607;3,22
172004;2640;4,06
172005;2734;6,44
172006;2607;3,22
172007;2622;3,60
172008;2608;3,25
172009;2634;3,91
172010;2611;3,32
172011;2610;3,30
172012;2662;4,62
172013;2657;4,49
172014;2660;4,56
172015;2599;3,02
172016;2759;7,07
172017;2708;5,78
172018;2707;5,75
172019;2643;4,13
172030;2719;6,06
172031;2614;3,40
172032;2619;3,53
172033;2641;4,08
172034;2605;3,17
172035;2728;6,29
172036;2741;6,61
172037;2673;4,89
172038;2778;7,55
172039;2710;5,83
172040;2602;3,10
172041;2644;4,16
172042;2666;4,72
172043;2668;4,77
172044;2661;4,59
172045;2615;3,43
172046;2646;4,21
172047;2736;6,49
172058;2647;4,24
172059;2619;3,53
172060;2672;4,87
172061;2635;3,93
172062;2660;4,56
172063;2755;6,97
172064;2794;7,96
172065;2653;4,39
172066;2610;3,30
172067;2607;3,22
172068;2736;6,49
172069;2586;2,69
172070;2633;3,88
172071;2638;4,01
172072;2685;5,20
172073;2676;4,97
172074;2637;3,98
172075;2602;3,10
172076;2673;4,89
172087;2592;2,84
172088;2662;4,62
172089;2687;5,25
172090;2801;8,13
172091;2663;4,64
172092;2673;4,89
172093;2654;4,41
172094;2674;4,92
172095;2690;5,32
172096;2663;4,64
172097;2627;3,73
172098;2800;8,11
172099;2755;6,97
172100;2646;4,21
172101;2626;3,70
172102;2637;3,98
172103;2645;4,19
172104;2718;6,03
172115;2742;6,64
172116;2716;5,98
172117;2631;3,83
172118;2722;6,13
172119;2640;4,06
172120;2717;6,01
172121;2750;6,84
172122;2691;5,35
172123;2733;6,41
172124;2703;5,65
172125;2660;4,56
172126;2734;6,44
172127;2650;4,31
172128;2615;3,43
172129;2710;5,83
172130;2795;7,98
172131;2689;5,30
172132;2645;4,19
172133;2763;7,17
172145;2717;6,01
172146;2649;4,29
172147;2618;3,50
172148;2659;4,54
172149;2598;3,00
172150;2611;3,32
172151;2624;3,65
172152;2608;3,25
172153;2706;5,73
172154;2654;4,41
172155;2678;5,02
172156;2699;5,55
172157;2705;5,70
172158;2633;3,88
172159;2670;4,82
172160;2613;3,38
172161;2661;4,59
172162;2623;3,63
172173;2727;6,26
172174;2611;3,32
172175;2626;3,70
172176;2640;4,06
172177;2640;4,06
172178;2673;4,89
172179;2747;6,77
172180;2755;6,97
172181;2736;6,49
172182;2672;4,87
172183;2763;7,17
172184;2626;3,70
172185;2629;3,78
172186;2639;4,03
172187;2672;4,87
172188;2691;5,35
172189;2658;4,51
172190;2688;5,27
172191;2645;4,19
172202;2736;6,49
172203;2604;3,15
172204;2672;4,87
172205;2625;3,68
172206;2708;5,78
172207;2638;4,01
172208;2662;4,62
172209;2702;5,63
172210;2709;5,80
172211;2651;4,34
172212;2615;3,43
172213;2635;3,93
172214;2751;6,87
172215;2731;6,36
172216;2655;4,44
172217;2655;4,44
172218;2640;4,06
172219;2726;6,23
172230;2688;5,27
172231;2701;5,60
172232;2715;5,96
172233;2655;4,44
172234;2656;4,46
172235;2657;4,49
172236;2672;4,87
172237;2672;4,87
172238;2752;6,89
172239;2681;5,10
172240;2719;6,06
172241;2623;3,63
172242;2685;5,20
172243;2739;6,56
172244;2660;4,56
172245;2678;5,02
172246;2650;4,31
172247;2675;4,94
172248;2657;4,49
172260;2617;3,48
172261;2617;3,48
172262;2713;5,91
172263;2675;4,94
172264;2611;3,32
172265;2637;3,98
172266;2611;3,32
172267;2709;5,80
172268;2679;5,05
172269;2630;3,81
172270;2637;3,98
172271;2656;4,46
172272;2730;6,34
172273;2633;3,88
172274;2609;3,27
172275;2640;4,06
172276;2645;4,19
172277;2715;5,96
172288;2682;5,12
172289;2650;4,31
172290;2736;6,49
172291;2640;4,06
172292;2691;5,35
172293;2747;6,77
172294;2699;5,55
172295;2633;3,88
172296;2637;3,98
172297;2715;5,96
172298;2711;5,86
172299;2626;3,70
172300;2634;3,91
172301;2640;4,06
172302;2736;6,49
172303;2767;7,27
172304;2641;4,08
172305;2752;6,89
172306;2658;4,51
172317;2624;3,65
172318;2734;6,44
172319;2649;4,29
172320;2662;4,62
172321;2767;7,27
172322;2748;6,79
172323;2748;6,79
172324;2699;5,55
172325;2685;5,20
172326;2672;4,87
172327;2611;3,32
172328;2633;3,88
172329;2640;4,06
172330;2725;6,21
172331;2645;4,19
172332;2681;5,10
172333;2767;7,27
172334;2692;5,37
172345;2651;4,34
172346;2672;4,87
172347;2655;4,44
172348;2659;4,54
172349;2685;5,20
172350;2752;6,89
172351;2746;6,74
172352;2699;5,55
172353;2684;5,17
172354;2719;6,06
172355;2661;4,59
172356;2726;6,23
172357;2671;4,84
172358;2707;5,75
172359;2670;4,82
172360;2701;5,60
172361;2699;5,55
172362;2633;3,88
172363;2768;7,30
172374;2673;4,89
172375;2769;7,32
172376;2739;6,56
172377;2703;5,65
172378;2673;4,89
172379;2659;4,54
172380;2659;4,54
172381;2677;4,99
172382;2752;6,89
172383;2706;5,73
172384;2791;7,88
172385;2752;6,89
172386;2651;4,34
172387;2775;7,47
172388;2706;5,73
172389;2758;7,04
172390;2708;5,78
172391;2773;7,42
172403;2730;6,34
172404;2687;5,25
172405;2655;4,44
172406;2738;6,54
172407;2752;6,89
172408;2769;7,32
172409;2800;8,11
172410;2671;4,84
172411;2798;8,06
172412;2782;7,65
172413;2672;4,87
172414;2670;4,82
172415;2672;4,87
172416;2694;5,43
172417;2693;5,40
172418;2780;7,60
172419;2671;4,84
172420;2690;5,32
172421;2714;5,93
172432;2806;8,26
172433;2683;5,15
172434;2739;6,56
172435;2717;6,01
172436;2721;6,11
172437;2729;6,31
172438;2845;9,25
172439;2750;6,84
172440;2677;4,99
172441;2754;6,94
172442;2802;8,16
172443;2699;5,55
172444;2757;7,02
172445;2711;5,86
172446;2714;5,93
172447;2689;5,30
172448;2776;7,50
172449;2677;4,99
172460;2773;7,42
172461;2791;7,88
172462;2774;7,45
172463;2687;5,25
172464;2738;6,54
172465;2721;6,11
172466;2781;7,63
172467;2752;6,89
172468;2766;7,25
172469;2764;7,20
172470;2699;5,55
172471;2762;7,15
172472;2739;6,56
172473;2736;6,49
172474;2749;6,82
172475;2694;5,43
172476;2785;7,73
172477;2768;7,30
172478;2746;6,74
172489;2747;6,77
172490;2745;6,72
172491;2747;6,77
172492;2789;7,83
172493;2709;5,80
172494;2791;7,88
172495;2747;6,77
172496;2709;5,80
172497;2768;7,30
172498;2780;7,60
172499;2801;8,13
172500;2749;6,82
172501;2719;6,06
172502;2769;7,32
172503;2709;5,80
172504;2766;7,25
172505;2775;7,47
172506;2762;7,15
172517;2757;7,02
172518;2802;8,16
172519;2760;7,10
172520;2733;6,41
172521;2746;6,74
172522;2718;6,03
172523;2688;5,27
172524;2763;7,17
172525;2726;6,23
172526;2699;5,55
172527;2768;7,30
172528;2720;6,08
172529;2739;6,56
172530;2719;6,06
172531;2799;8,08
172532;2863;9,70
172533;2790;7,85
172534;2757;7,02
172535;2724;6,18
172547;2797;8,03
172548;2801;8,13
172549;2785;7,73
172550;2755;6,97
172551;2727;6,26
172552;2749;6,82
172553;2767;7,27
172554;2799;8,08
172555;2785;7,73
172556;2791;7,88
172557;2724;6,18
172558;2772;7,40
172559;2768;7,30
172560;2796;8,01
172561;2767;7,27
172562;2800;8,11
172563;2779;7,58
172564;2803;8,18
172575;2763;7,17
172576;2709;5,80
172577;2763;7,17
172578;2719;6,06
172579;2797;8,03
172580;2799;8,08
172581;2713;5,91
172582;2705;5,70
172583;2737;6,51
172584;2747;6,77
172585;2810;8,36
172586;2714;5,93
172587;2766;7,25
172588;2736;6,49
172589;2790;7,85
172590;2791;7,88
172591;2732;6,39
172592;2739;6,56
172593;2736;6,49
172604;2847;9,30
172605;2735;6,46
172606;2885;10,26
172607;2747;6,77
172608;2731;6,36
172609;2815;8,49
172610;2717;6,01
172611;2767;7,27
172612;2735;6,46
172613;2722;6,13
172614;2864;9,73
172615;2730;6,34
172616;2698;5,53
172617;2709;5,80
172618;2779;7,58
172619;2755;6,97
172620;2781;7,63
172621;2800;8,11
172632;2759;7,07
172633;2832;8,92
172634;2774;7,45
172635;2724;6,18
172636;2810;8,36
172637;2757;7,02
172638;2806;8,26
172639;2796;8,01
172640;2779;7,58
172641;2777;7,53
172642;2775;7,47
172643;2783;7,68
172644;2800;8,11
172645;2727;6,26
172646;2771;7,37
172647;2763;7,17
172648;2802;8,16
172649;2753;6,92
172650;2832;8,92
172662;2689;5,30
172663;2773;7,42
172664;2719;6,06
172665;2817;8,54
172666;2771;7,37
172667;2718;6,03
172668;2747;6,77
172669;2765;7,22
172670;2747;6,77
172671;2721;6,11
172672;2723;6,16
172673;2811;8,39
172674;2791;7,88
172675;2676;4,97
172676;2703;5,65
172677;2775;7,47
172678;2791;7,88
172679;2750;6,84
172690;2742;6,64
172691;2726;6,23
172692;2726;6,23
172693;2773;7,42
172694;2716;5,98
172695;2755;6,97
172696;2731;6,36
172697;2803;8,18
172698;2731;6,36
172699;2801;8,13
172700;2798;8,06
172701;2718;6,03
172702;2746;6,74
172703;2807;8,28
172704;2800;8,11
172705;2755;6,97
172706;2741;6,61
172707;2725;6,21
172708;2800;8,11
172719;2790;7,85
172720;2747;6,77
172721;2747;6,77
172722;2801;8,13
172723;2753;6,92
172724;2729;6,31
172725;2736;6,49
172726;2749;6,82
172727;2777;7,53
172728;2759;7,07
172729;2702;5,63
172730;2752;6,89
172731;2739;6,56
172732;2787;7,78
172733;2766;7,25
172734;2790;7,85
172735;2689;5,30
172736;2735;6,46
172747;2727;6,26
172748;2769;7,32
172749;2733;6,41
172750;2675;4,94
172751;2741;6,61
172752;2765;7,22
172753;2782;7,65
172754;2775;7,47
172755;2741;6,61
172756;2755;6,97
172757;2742;6,64
172758;2742;6,64
172759;2786;7,75
172760;2759;7,07
172761;2749;6,82
172762;2741;6,61
172763;2782;7,65
172764;2751;6,87
172765;2779;7,58
172777;2754;6,94
172778;2761;7,12
172779;2705;5,70
172780;2688;5,27
172781;2749;6,82
172782;2802;8,16
172783;2774;7,45
172784;2714;5,93
172785;2718;6,03
172786;2762;7,15
172787;2801;8,13
172788;2691;5,35
172789;2688;5,27
172790;2742;6,64
172791;2784;7,70
172792;2800;8,11
172793;2797;8,03
172794;2741;6,61
172805;2791;7,88
172806;2729;6,31
172807;2695;5,45
172808;2752;6,89
172809;2747;6,77
172810;2693;5,40
172811;2773;7,42
172812;2751;6,87
172813;2709;5,80
172814;2791;7,88
172815;2698;5,53
172816;2725;6,21
172817;2757;7,02
172818;2754;6,94
172819;2721;6,11
172820;2712;5,88
172821;2688;5,27
172822;2785;7,73
172823;2706;5,73
172834;2755;6,97
172835;2757;7,02
172836;2685;5,20
172837;2656;4,46
172838;2760;7,10
172839;2726;6,23
172840;2722;6,13
172841;2678;5,02
172842;2701;5,60
172843;2752;6,89
172844;2710;5,83
172845;2715;5,96
172846;2769;7,32
172847;2774;7,45
172848;2743;6,66
172849;2766;7,25
172850;2704;5,68
172851;2698;5,53
172862;2671;4,84
172863;2737;6,51
172864;2736;6,49
172865;2704;5,68
172866;2737;6,51
172867;2735;6,46
172868;2730;6,34
172869;2725;6,21
172870;2763;7,17
172871;2691;5,35
172872;2736;6,49
172873;2756;6,99
172874;2713;5,91
172875;2697;5,50
172876;2777;7,53
172877;2762;7,15
172878;2737;6,51
172879;2707;5,75
172880;2799;8,08
172891;2760;7,10
172892;2863;9,70
172893;2757;7,02
172894;2854;9,47
172895;2731;6,36
172896;2828;8,82
172897;2810;8,36
172898;2800;8,11
172899;2774;7,45
172900;2761;7,12
172901;2717;6,01
172902;2757;7,02
172903;2771;7,37
172904;2737;6,51
172905;2713;5,91
172906;2738;6,54
172907;2768;7,30
172908;2747;6,77
172920;2673;4,89
172921;2689;5,30
172922;2647;4,24
172923;2704;5,68
172924;2768;7,30
172925;2655;4,44
172926;2755;6,97
172927;2655;4,44
172928;2757;7,02
172929;2737;6,51
172930;2655;4,44
172931;2749;6,82
172932;2698;5,53
172933;2701;5,60
172934;2669;4,79
172935;2668;4,77
172936;2707;5,75
172937;2680;5,07
172938;2661;4,59
172949;2673;4,89
172950;2673;4,89
172951;2688;5,27
172952;2658;4,51
172953;2708;5,78
172954;2734;6,44
172955;2698;5,53
172956;2668;4,77
172957;2672;4,87
172958;2692;5,37
172959;2753;6,92
172960;2747;6,77
172961;2751;6,87
172962;2743;6,66
172963;2741;6,61
172964;2763;7,17
172965;2730;6,34
172966;2727;6,26
172977;2704;5,68
172978;2667;4,74
172979;2682;5,12
172980;2768;7,30
172981;2703;5,65
172982;2765;7,22
172983;2727;6,26
172984;2717;6,01
172985;2780;7,60
172986;2703;5,65
172987;2666;4,72
172988;2714;5,93
172989;2731;6,36
172990;2752;6,89
172991;2689;5,30
172992;2745;6,72
172993;2774;7,45
172994;2735;6,46
172995;2719;6,06
173006;2753;6,92
173007;2778;7,55
173008;2741;6,61
173009;2685;5,20
173010;2756;6,99
173011;2763;7,17
173012;2760;7,10
173013;2742;6,64
173014;2738;6,54
173015;2736;6,49
173016;2688;5,27
173017;2747;6,77
173018;2749;6,82
173019;2735;6,46
173020;2775;7,47
173021;2729;6,31
173022;2755;6,97
173023;2751;6,87
173034;2736;6,49
173035;2811;8,39
173036;2673;4,89
173037;2755;6,97
173038;2663;4,64
173039;2736;6,49
173040;2743;6,66
173041;2705;5,70
173042;2722;6,13
173043;2815;8,49
173044;2748;6,79
173045;2714;5,93
173046;2673;4,89
173047;2669;4,79
173048;2672;4,87
173049;2722;6,13
173050;2704;5,68
173051;2791;7,88
173052;2829;8,84
173064;2683;5,15
173065;2737;6,51
173066;2823;8,69
173067;2647;4,24
173068;2687;5,25
173069;2707;5,75
173070;2675;4,94
173071;2735;6,46
173072;2698;5,53
173073;2782;7,65
173074;2733;6,41
173075;2688;5,27
173076;2752;6,89
173077;2732;6,39
173078;2737;6,51
173079;2704;5,68
173080;2685;5,20
173081;2780;7,60
173092;2641;4,08
173093;2691;5,35
173094;2683;5,15
173095;2770;7,35
173096;2695;5,45
173097;2671;4,84
173098;2722;6,13
173099;2767;7,27
173100;2741;6,61
173101;2749;6,82
173102;2679;5,05
173103;2704;5,68
173104;2750;6,84
173105;2695;5,45
173106;2793;7,93
173107;2717;6,01
173108;2701;5,60
173109;2697;5,50
173110;2746;6,74
173121;2658;4,51
173122;2721;6,11
173123;2674;4,92
173124;2813;8,44
173125;2687;5,25
173126;2672;4,87
173127;2690;5,32
173128;2694;5,43
173129;2800;8,11
173130;2683;5,15
173131;2693;5,40
173132;2720;6,08
173133;2682;5,12
173134;2789;7,83
173135;2657;4,49
173136;2682;5,12
173137;2705;5,70
173138;2714;5,93
173149;2736;6,49
173150;2738;6,54
173151;2736;6,49
173152;2748;6,79
173153;2725;6,21
173154;2737;6,51
173155;2724;6,18
173156;2719;6,06
173157;2688;5,27
173158;2729;6,31
173159;2805;8,23
173160;2721;6,11
173161;2736;6,49
173162;2663;4,64
173163;2717;6,01
173164;2758;7,04
173165;2731;6,36
173166;2718;6,03
173167;2786;7,75
173179;2663;4,64
173180;2743;6,66
173181;2697;5,50
173182;2661;4,59
173183;2670;4,82
173184;2707;5,75
173185;2704;5,68
173186;2704;5,68
173187;2676;4,97
173188;2752;6,89
173189;2761;7,12
173190;2741;6,61
173191;2693;5,40
173192;2667;4,74
173193;2748;6,79
173194;2656;4,46
173195;2720;6,08
173196;2669;4,79
173207;2675;4,94
173208;2736;6,49
173209;2723;6,16
173210;2795;7,98
173211;2768;7,30
173212;2732;6,39
173213;2685;5,20
173214;2764;7,20
173215;2768;7,30
173216;2727;6,26
173217;2661;4,59
173218;2720;6,08
173219;2750;6,84
173220;2783;7,68
173221;2699;5,55
173222;2746;6,74
173223;2769;7,32
173224;2698;5,53
173225;2790;7,85
173236;2653;4,39
173237;2733;6,41
173238;2676;4,97
173239;2666;4,72
173240;2768;7,30
173241;2719;6,06
173242;2704;5,68
173243;2784;7,70
173244;2738;6,54
173245;2704;5,68
173246;2763;7,17
173247;2679;5,05
173248;2748;6,79
173249;2704;5,68
173250;2747;6,77
173251;2768;7,30
173252;2763;7,17
173253;2731;6,36
173264;2674;4,92
173265;2685;5,20
173266;2672;4,87
173267;2688;5,27
173268;2679;5,05
173269;2682;5,12
173270;2675;4,94
173271;2682;5,12
173272;2672;4,87
173273;2682;5,12
173274;2678;5,02
173275;2682;5,12
173276;2675;4,94
173277;2683;5,15
173278;2681;5,10
173279;2683;5,15
173280;2679;5,05
173281;2674;4,92
173282;2682;5,12
173293;2749;6,82
173294;2710;5,83
173295;2672;4,87
173296;2673;4,89
173297;2679;5,05
173298;2669;4,79
173299;2703;5,65
173300;2701;5,60
173301;2685;5,20
173302;2673;4,89
173303;2749;6,82
173304;2643;4,13
173305;2723;6,16
173306;2672;4,87
173307;2662;4,62
173308;2647;4,24
173309;2638;4,01
173310;2701;5,60
173322;2714;5,93
173323;2742;6,64
173324;2727;6,26
173325;2657;4,49
173326;2699;5,55
173327;2642;4,11
173328;2742;6,64
173329;2646;4,21
173330;2753;6,92
173331;2650;4,31
173332;2698;5,53
173333;2774;7,45
173334;2685;5,20
173335;2655;4,44
173336;2659;4,54
173337;2687;5,25
173338;2661;4,59
173339;2629;3,78
173340;2774;7,45
173351;2640;4,06
173352;2646;4,21
173353;2679;5,05
173354;2623;3,63
173355;2715;5,96
173356;2736;6,49
173357;2709;5,80
173358;2652;4,36
173359;2714;5,93
173360;2731;6,36
173361;2651;4,34
173362;2730;6,34
173363;2640;4,06
173364;2656;4,46
173365;2662;4,62
173366;2761;7,12
173367;2730;6,34
173368;2693;5,40
173379;2719;6,06
173380;2737;6,51
173381;2663;4,64
173382;2742;6,64
173383;2688;5,27
173384;2618;3,50
173385;2631;3,83
173386;2730;6,34
173387;2743;6,66
173388;2699;5,55
173389;2742;6,64
173390;2665;4,69
173391;2694;5,43
173392;2759;7,07
173393;2805;8,23
173394;2711;5,86
173395;2667;4,74
173396;2707;5,75
173397;2672;4,87
173408;2720;6,08
173409;2736;6,49
173410;2724;6,18
173411;2785;7,73
173412;2753;6,92
173413;2741;6,61
173414;2747;6,77
173415;2742;6,64
173416;2661;4,59
173417;2739;6,56
173418;2739;6,56
173419;2731;6,36
173420;2784;7,70
173421;2791;7,88
173422;2729;6,31
173423;2751;6,87
173424;2762;7,15
173425;2736;6,49
173437;2751;6,87
173438;2706;5,73
173439;2763;7,17
173440;2743;6,66
173441;2649;4,29
173442;2694;5,43
173443;2826;8,77
173444;2705;5,70
173445;2653;4,39
173446;2659;4,54
173447;2691;5,35
173448;2743;6,66
173449;2672;4,87
173450;2659;4,54
173451;2816;8,51
173452;2689;5,30
173453;2735;6,46
173454;2694;5,43
173455;2660;4,56
173466;2657;4,49
173467;2768;7,30
173468;2707;5,75
173469;2768;7,30
173470;2698;5,53
173471;2722;6,13
173472;2705;5,70
173473;2666;4,72
173474;2731;6,36
173475;2691;5,35
173476;2655;4,44
173477;2785;7,73
173478;2696;5,48
173479;2729;6,31
173480;2704;5,68
173481;2694;5,43
173482;2769;7,32
173483;2757;7,02
173494;2695;5,45
173495;2652;4,36
173496;2666;4,72
173497;2768;7,30
173498;2736;6,49
173499;2711;5,86
173500;2725;6,21
173501;2668;4,77
173502;2722;6,13
173503;2702;5,63
173504;2744;6,69
173505;2760;7,10
173506;2773;7,42
173507;2781;7,63
173508;2755;6,97
173509;2786;7,75
173510;2701;5,60
173511;2672;4,87
173512;2654;4,41
173523;2624;3,65
173524;2628;3,76
173525;2628;3,76
173526;2627;3,73
173527;2624;3,65
173528;2625;3,68
173529;2639;4,03
173530;2624;3,65
173531;2635;3,93
173532;2624;3,65
173533;2624;3,65
173534;2627;3,73
173535;2624;3,65
173536;2619;3,53
173537;2631;3,83
173538;2625;3,68
173539;2626;3,70
173540;2624;3,65
173551;2677;4,99
173552;2666;4,72
173553;2710;5,83
173554;2755;6,97
173555;2640;4,06
173556;2672;4,87
173557;2655;4,44
173558;2737;6,51
173559;2795;7,98
173560;2731;6,36
173561;2704;5,68
173562;2651;4,34
173563;2735;6,46
173564;2800;8,11
173565;2662;4,62
173566;2689;5,30
173567;2661;4,59
173568;2730;6,34
173569;2750;6,84
173581;2749;6,82
173582;2692;5,37
173583;2714;5,93
173584;2690;5,32
173585;2774;7,45
173586;2736;6,49
173587;2736;6,49
173588;2704;5,68
173589;2753;6,92
173590;2652;4,36
173591;2641;4,08
173592;2704;5,68
173593;2708;5,78
173594;2736;6,49
173595;2696;5,48
173596;2779;7,58
173597;2745;6,72
173598;2665;4,69
173609;2623;3,63
173610;2685;5,20
173611;2625;3,68
173612;2608;3,25
173613;2640;4,06
173614;2671;4,84
173615;2708;5,78
173616;2651;4,34
173617;2635;3,93
173618;2771;7,37
173619;2626;3,70
173620;2672;4,87
173621;2672;4,87
173622;2662;4,62
173623;2684;5,17
173624;2733;6,41
173625;2699;5,55
173626;2737;6,51
173627;2754;6,94
173638;2742;6,64
173639;2800;8,11
173640;2789;7,83
173641;2615;3,43
173642;2737;6,51
173643;2726;6,23
173644;2626;3,70
173645;2679;5,05
173646;2803;8,18
173647;2657;4,49
173648;2668;4,77
173649;2711;5,86
173650;2702;5,63
173651;2639;4,03
173652;2654;4,41
173653;2752;6,89
173654;2729;6,31
173655;2641;4,08
173666;2649;4,29
173667;2660;4,56
173668;2659;4,54
173669;2656;4,46
173670;2607;3,22
173671;2646;4,21
173672;2674;4,92
173673;2659;4,54
173674;2644;4,16
173675;2661;4,59
173676;2661;4,59
173677;2690;5,32
173678;2689;5,30
173679;2653;4,39
173680;2608;3,25
173681;2643;4,13
173682;2663;4,64
173683;2666;4,72
173684;2663;4,64
173696;2668;4,77
173697;2608;3,25
173698;2610;3,30
173699;2643;4,13
173700;2695;5,45
173701;2653;4,39
173702;2613;3,38
173703;2608;3,25
173704;2651;4,34
173705;2734;6,44
173706;2768;7,30
173707;2672;4,87
173708;2610;3,30
173709;2622;3,60
173710;2625;3,68
173711;2753;6,92
173712;2608;3,25
173713;2607;3,22
173724;2655;4,44
173725;2710;5,83
173726;2665;4,69
173727;2630;3,81
173728;2672;4,87
173729;2592;2,84
173730;2663;4,64
173731;2717;6,01
173732;2682;5,12
173733;2640;4,06
173734;2677;4,99
173735;2624;3,65
173736;2659;4,54
173737;2715;5,96
173738;2619;3,53
173739;2633;3,88
173740;2721;6,11
173741;2739;6,56
173742;2770;7,35
173753;2608;3,25
173754;2608;3,25
173755;2726;6,23
173756;2658;4,51
173757;2638;4,01
173758;2663;4,64
173759;2623;3,63
173760;2605;3,17
173761;2783;7,68
173762;2674;4,92
173763;2695;5,45
173764;2736;6,49
173765;2646;4,21
173766;2639;4,03
173767;2639;4,03
173768;2755;6,97
173769;2733;6,41
173770;2631;3,83
173781;2586;2,69
173782;2591;2,82
173783;2587;2,72
173784;2559;2,01
173785;2581;2,57
173786;2559;2,01
173787;2585;2,67
173788;2585;2,67
173789;2583;2,62
173790;2559;2,01
173791;2587;2,72
173792;2559;2,01
173793;2559;2,01
173794;2559;2,01
173795;2583;2,62
173796;2559;2,01
173797;2559;2,01
173798;2559;2,01
173799;2586;2,69
173810;2640;4,06
173811;2632;3,86
173812;2750;6,84
173813;2790;7,85
173814;2630;3,81
173815;2626;3,70
173816;2658;4,51
173817;2593;2,87
173818;2818;8,56
173819;2627;3,73
173820;2631;3,83
173821;2741;6,61
173822;2629;3,78
173823;2781;7,63
173824;2615;3,43
173825;2672;4,87
173826;2702;5,63
173827;2646;4,21
173839;2609;3,27
173840;2611;3,32
173841;2625;3,68
173842;2631;3,83
173843;2718;6,03
173844;2651;4,34
173845;2590;2,79
173846;2643;4,13
173847;2706;5,73
173848;2703;5,65
173849;2590;2,79
173850;2611;3,32
173851;2738;6,54
173852;2737;6,51
173853;2626;3,70
173854;2682;5,12
173855;2603;3,12
173856;2624;3,65
173857;2768;7,30
173868;2641;4,08
173869;2660;4,56
173870;2712;5,88
173871;2559;2,01
173872;2614;3,40
173873;2733;6,41
173874;2666;4,72
173875;2643;4,13
173876;2830;8,87
173877;2624;3,65
173878;2747;6,77
173879;2598;3,00
173880;2717;6,01
173881;2613;3,38
173882;2701;5,60
173883;2610;3,30
173884;2559;2,01
173885;2611;3,32
173896;2649;4,29
173897;2651;4,34
173898;2743;6,66
173899;2698;5,53
173900;2583;2,62
173901;2591;2,82
173902;2609;3,27
173903;2559;2,01
173904;2625;3,68
173905;2559;2,01
173906;2630;3,81
173907;2625;3,68
173908;2647;4,24
173909;2634;3,91
173910;2559;2,01
173911;2617;3,48
173912;2639;4,03
173913;2725;6,21
173914;2707;5,75
173925;2732;6,39
173926;2633;3,88
173927;2604;3,15
173928;2649;4,29
173929;2661;4,59
173930;2645;4,19
173931;2667;4,74
173932;2651;4,34
173933;2697;5,50
173934;2635;3,93
173935;2642;4,11
173936;2637;3,98
173937;2657;4,49
173938;2647;4,24
173939;2662;4,62
173940;2614;3,40
173941;2645;4,19
173942;2709;5,80
173954;2583;2,62
173955;2609;3,27
173956;2641;4,08
173957;2625;3,68
173958;2615;3,43
173959;2603;3,12
173960;2649;4,29
173961;2625;3,68
173962;2589;2,77
173963;2598;3,00
173964;2650;4,31
173965;2618;3,50
173966;2670;4,82
173967;2717;6,01
173968;2559;2,01
173969;2652;4,36
173970;2647;4,24
173971;2640;4,06
173972;2615;3,43
173983;2733;6,41
173984;2768;7,30
173985;2736;6,49
173986;2559;2,01
173987;2592;2,84
173988;2661;4,59
173989;2623;3,63
173990;2624;3,65
173991;2752;6,89
173992;2607;3,22
173993;2628;3,76
173994;2637;3,98
173995;2591;2,82
173996;2736;6,49
173997;2658;4,51
173998;2706;5,73
173999;2646;4,21
174000;2583;2,62
174011;2697;5,50
174012;2724;6,18
174013;2650;4,31
174014;2716;5,98
174015;2738;6,54
174016;2641;4,08
174017;2646;4,21
174018;2702;5,63
174019;2660;4,56
174020;2721;6,11
174021;2601;3,07
174022;2621;3,58
174023;2583;2,62
174024;2609;3,27
174025;2597;2,97
174026;2585;2,67
174027;2663;4,64
174028;2593;2,87
174029;2801;8,13
174040;2554;1,88
174041;2558;1,98
174042;2559;2,01
174043;2559;2,01
174044;2559;2,01
174045;2559;2,01
174046;2555;1,91
174047;2559;2,01
174048;2559;2,01
174049;2559;2,01
174050;2559;2,01
174051;2559;2,01
174052;2558;1,98
174053;2559;2,01
174054;2559;2,01
174055;2559;2,01
174056;2559;2,01
174057;2559;2,01
174068;2591;2,82
174069;2590;2,79
174070;2659;4,54
174071;2736;6,49
174072;2594;2,89
174073;2650;4,31
174074;2621;3,58
174075;2626;3,70
174076;2762;7,15
174077;2581;2,57
174078;2588;2,74
174079;2633;3,88
174080;2685;5,20
174081;2725;6,21
174082;2587;2,72
174083;2602;3,10
174084;2703;5,65
174085;2669;4,79
174086;2582;2,59
174098;2559;2,01
174099;2640;4,06
174100;2687;5,25
174101;2663;4,64
174102;2622;3,60
174103;2720;6,08
174104;2721;6,11
174105;2612;3,35
174106;2612;3,35
174107;2735;6,46
174108;2624;3,65
174109;2690;5,32
174110;2693;5,40
174111;2593;2,87
174112;2642;4,11
174113;2690;5,32
174114;2673;4,89
174115;2622;3,60
174126;2645;4,19
174127;2627;3,73
174128;2605;3,17
174129;2608;3,25
174130;2701;5,60
174131;2586;2,69
174132;2594;2,89
174133;2587;2,72
174134;2606;3,20
174135;2559;2,01
174136;2635;3,93
174137;2592;2,84
174138;2657;4,49
174139;2724;6,18
174140;2603;3,12
174141;2559;2,01
174142;2678;5,02
174143;2647;4,24
174144;2779;7,58
174155;2715;5,96
174156;2725;6,21
174157;2582;2,59
174158;2607;3,22
174159;2597;2,97
174160;2624;3,65
174161;2672;4,87
174162;2654;4,41
174163;2640;4,06
174164;2618;3,50
174165;2640;4,06
174166;2589;2,77
174167;2768;7,30
174168;2624;3,65
174169;2687;5,25
174170;2591;2,82
174171;2559;2,01
174172;2638;4,01
174183;2624;3,65
174184;2624;3,65
174185;2624;3,65
174186;2705;5,70
174187;2593;2,87
174188;2615;3,43
174189;2593;2,87
174190;2658;4,51
174191;2673;4,89
174192;2615;3,43
174193;2685;5,20
174194;2640;4,06
174195;2635;3,93
174196;2651;4,34
174197;2635;3,93
174198;2619;3,53
174199;2646;4,21
174200;2640;4,06
174201;2625;3,68
174213;2667;4,74
174214;2559;2,01
174215;2657;4,49
174216;2644;4,16
174217;2635;3,93
174218;2727;6,26
174219;2640;4,06
174220;2559;2,01
174221;2639;4,03
174222;2613;3,38
174223;2666;4,72
174224;2627;3,73
174225;2631;3,83
174226;2617;3,48
174227;2647;4,24
174228;2631;3,83
174229;2624;3,65
174230;2713;5,91
174241;2587;2,72
174242;2706;5,73
174243;2623;3,63
174244;2672;4,87
174245;2778;7,55
174246;2738;6,54
174247;2707;5,75
174248;2643;4,13
174249;2642;4,11
174250;2752;6,89
174251;2606;3,20
174252;2768;7,30
174253;2634;3,91
174254;2688;5,27
174255;2585;2,67
174256;2620;3,55
174257;2685;5,20
174258;2701;5,60
174259;2640;4,06
174270;2743;6,66
174271;2709;5,80
174272;2596;2,95
174273;2784;7,70
174274;2621;3,58
174275;2721;6,11
174276;2595;2,92
174277;2559;2,01
174278;2640;4,06
174279;2624;3,65
174280;2603;3,12
174281;2677;4,99
174282;2583;2,62
174283;2614;3,40
174284;2593;2,87
174285;2754;6,94
174286;2601;3,07
174287;2582;2,59
174298;2559;2,01
174299;2559;2,01
174300;2559;2,01
174301;2559;2,01
174302;2559;2,01
174303;2559;2,01
174304;2559;2,01
174305;2559;2,01
174306;2559;2,01
174307;2559;2,01
174308;2559;2,01
174309;2559;2,01
174310;2559;2,01
174311;2559;2,01
174312;2583;2,62
174313;2589;2,77
174314;2559;2,01
174315;2559;2,01
174316;2559;2,01
174327;2750;6,84
174328;2650;4,31
174329;2622;3,60
174330;2756;6,99
174331;2619;3,53
174332;2707;5,75
174333;2722;6,13
174334;2747;6,77
174335;2630;3,81
174336;2689;5,30
174337;2618;3,50
174338;2666;4,72
174339;2631;3,83
174340;2702;5,63
174341;2656;4,46
174342;2757;7,02
174343;2679;5,05
174344;2608;3,25
174356;2663;4,64
174357;2635;3,93
174358;2734;6,44
174359;2731;6,36
174360;2608;3,25
174361;2723;6,16
174362;2638;4,01
174363;2586;2,69
174364;2727;6,26
174365;2586;2,69
174366;2675;4,94
174367;2797;8,03
174368;2713;5,91
174369;2667;4,74
174370;2610;3,30
174371;2597;2,97
174372;2637;3,98
174373;2741;6,61
174374;2800;8,11
174385;2595;2,92
174386;2733;6,41
174387;2581;2,57
174388;2782;7,65
174389;2633;3,88
174390;2625;3,68
174391;2645;4,19
174392;2688;5,27
174393;2685;5,20
174394;2706;5,73
174395;2661;4,59
174396;2619;3,53
174397;2595;2,92
174398;2612;3,35
174399;2627;3,73
174400;2730;6,34
174401;2602;3,10
174402;2594;2,89
174413;2704;5,68
174414;2672;4,87
174415;2609;3,27
174416;2671;4,84
174417;2675;4,94
174418;2613;3,38
174419;2622;3,60
174420;2641;4,08
174421;2699;5,55
174422;2609;3,27
174423;2620;3,55
174424;2683;5,15
174425;2619;3,53
174426;2655;4,44
174427;2721;6,11
174428;2606;3,20
174429;2633;3,88
174430;2640;4,06
174431;2599;3,02
174442;2627;3,73
174443;2660;4,56
174444;2625;3,68
174445;2625;3,68
174446;2723;6,16
174447;2610;3,30
174448;2630;3,81
174449;2583;2,62
174450;2614;3,40
174451;2624;3,65
174452;2639;4,03
174453;2626;3,70
174454;2611;3,32
174455;2757;7,02
174456;2629;3,78
174457;2631;3,83
174458;2607;3,22
174459;2618;3,50
174471;2720;6,08
174472;2629;3,78
174473;2693;5,40
174474;2605;3,17
174475;2735;6,46
174476;2651;4,34
174477;2608;3,25
174478;2594;2,89
174479;2623;3,63
174480;2650;4,31
174481;2608;3,25
174482;2606;3,20
174483;2624;3,65
174484;2619;3,53
174485;2596;2,95
174486;2672;4,87
174487;2615;3,43
174488;2687;5,25
174489;2727;6,26
174500;2625;3,68
174501;2708;5,78
174502;2709;5,80
174503;2742;6,64
174504;2636;3,96
174505;2623;3,63
174506;2593;2,87
174507;2691;5,35
174508;2615;3,43
174509;2646;4,21
174510;2690;5,32
174511;2640;4,06
174512;2752;6,89
174513;2768;7,30
174514;2609;3,27
174515;2615;3,43
174516;2608;3,25
174517;2588;2,74
174528;2559;2,01
174529;2601;3,07
174530;2607;3,22
174531;2654;4,41
174532;2616;3,45
174533;2590;2,79
174534;2604;3,15
174535;2669;4,79
174536;2618;3,50
174537;2711;5,86
174538;2631;3,83
174539;2702;5,63
174540;2629;3,78
174541;2593;2,87
174542;2591;2,82
174543;2657;4,49
174544;2639;4,03
174545;2635;3,93
174546;2645;4,19
174557;2591;2,82
174558;2590;2,79
174559;2595;2,92
174560;2585;2,67
174561;2591;2,82
174562;2599;3,02
174563;2588;2,74
174564;2559;2,01
174565;2591;2,82
174566;2594;2,89
174567;2592;2,84
174568;2582;2,59
174569;2590;2,79
174570;2591;2,82
174571;2588;2,74
174572;2581;2,57
174573;2586;2,69
174574;2559;2,01
174585;2643;4,13
174586;2630;3,81
174587;2730;6,34
174588;2682;5,12
174589;2605;3,17
174590;2619;3,53
174591;2672;4,87
174592;2587;2,72
174593;2654;4,41
174594;2688;5,27
174595;2707;5,75
174596;2611;3,32
174597;2666;4,72
174598;2614;3,40
174599;2669;4,79
174600;2672;4,87
174601;2711;5,86
174602;2655;4,44
174603;2754;6,94
174615;2669;4,79
174616;2607;3,22
174617;2624;3,65
174618;2613;3,38
174619;2608;3,25
174620;2601;3,07
174621;2619;3,53
174622;2761;7,12
174623;2623;3,63
174624;2626;3,70
174625;2690;5,32
174626;2663;4,64
174627;2753;6,92
174628;2596;2,95
174629;2634;3,91
174630;2592;2,84
174631;2683;5,15
174632;2619;3,53
174643;2582;2,59
174644;2634;3,91
174645;2638;4,01
174646;2658;4,51
174647;2704;5,68
174648;2591;2,82
174649;2741;6,61
174650;2595;2,92
174651;2626;3,70
174652;2603;3,12
174653;2608;3,25
174654;2605;3,17
174655;2559;2,01
174656;2723;6,16
174657;2625;3,68
174658;2621;3,58
174659;2698;5,53
174660;2703;5,65
174661;2597;2,97
174672;2747;6,77
174673;2688;5,27
174674;2590;2,79
174675;2747;6,77
174676;2661;4,59
174677;2645;4,19
174678;2647;4,24
174679;2590;2,79
174680;2618;3,50
174681;2605;3,17
174682;2635;3,93
174683;2719;6,06
174684;2626;3,70
174685;2623;3,63
174686;2743;6,66
174687;2691;5,35
174688;2717;6,01
174689;2615;3,43
174700;2734;6,44
174701;2679;5,05
174702;2726;6,23
174703;2694;5,43
174704;2738;6,54
174705;2702;5,63
174706;2733;6,41
174707;2687;5,25
174708;2735;6,46
174709;2629;3,78
174710;2700;5,58
174711;2633;3,88
174712;2705;5,70
174713;2702;5,63
174714;2732;6,39
174715;2704;5,68
174716;2703;5,65
174717;2701;5,60
174718;2697;5,50
174730;2736;6,49
174731;2749;6,82
174732;2666;4,72
174733;2623;3,63
174734;2591;2,82
174735;2624;3,65
174736;2608;3,25
174737;2654;4,41
174738;2699;5,55
174739;2637;3,98
174740;2601;3,07
174741;2721;6,11
174742;2641;4,08
174743;2631;3,83
174744;2623;3,63
174745;2737;6,51
174746;2742;6,64
174747;2682;5,12
174758;2677;4,99
174759;2800;8,11
174760;2658;4,51
174761;2634;3,91
174762;2754;6,94
174763;2715;5,96
174764;2597;2,97
174765;2640;4,06
174766;2677;4,99
174767;2726;6,23
174768;2601;3,07
174769;2610;3,30
174770;2641;4,08
174771;2736;6,49
174772;2693;5,40
174773;2603;3,12
174774;2694;5,43
174775;2591;2,82
174776;2736;6,49
174787;2666;4,72
174788;2608;3,25
174789;2623;3,63
174790;2775;7,47
174791;2624;3,65
174792;2604;3,15
174793;2717;6,01
174794;2702;5,63
174795;2646;4,21
174796;2618;3,50
174797;2649;4,29
174798;2736;6,49
174799;2623;3,63
174800;2613;3,38
174801;2711;5,86
174802;2727;6,26
174803;2696;5,48
174804;2608;3,25
174815;2597;2,97
174816;2559;2,01
174817;2583;2,62
174818;2602;3,10
174819;2591;2,82
174820;2635;3,93
174821;2587;2,72
174822;2607;3,22
174823;2637;3,98
174824;2587;2,72
174825;2586;2,69
174826;2609;3,27
174827;2592;2,84
174828;2583;2,62
174829;2587;2,72
174830;2587;2,72
174831;2559;2,01
174832;2603;3,12
174833;2582;2,59
174844;2637;3,98
174845;2718;6,03
174846;2619;3,53
174847;2713;5,91
174848;2762;7,15
174849;2688;5,27
174850;2701;5,60
174851;2694;5,43
174852;2647;4,24
174853;2678;5,02
174854;2745;6,72
174855;2753;6,92
174856;2658;4,51
174857;2729;6,31
174858;2754;6,94
174859;2704;5,68
174860;2625;3,68
174861;2753;6,92
174873;2604;3,15
174874;2623;3,63
174875;2599;3,02
174876;2736;6,49
174877;2656;4,46
174878;2706;5,73
174879;2746;6,74
174880;2663;4,64
174881;2743;6,66
174882;2685;5,20
174883;2607;3,22
174884;2626;3,70
174885;2683;5,15
174886;2742;6,64
174887;2622;3,60
174888;2763;7,17
174889;2624;3,65
174890;2688;5,27
174891;2673;4,89
174902;2589;2,77
174903;2618;3,50
174904;2717;6,01
174905;2751;6,87
174906;2739;6,56
174907;2721;6,11
174908;2735;6,46
174909;2555;1,91
174910;2720;6,08
174911;2671;4,84
174912;2667;4,74
174913;2559;2,01
174914;2631;3,83
174915;2736;6,49
174916;2592;2,84
174917;2621;3,58
174918;2592;2,84
174919;2704;5,68
174930;2609;3,27
174931;2624;3,65
174932;2623;3,63
174933;2688;5,27
174934;2624;3,65
174935;2609;3,27
174936;2646;4,21
174937;2686;5,22
174938;2739;6,56
174939;2603;3,12
174940;2640;4,06
174941;2689;5,30
174942;2725;6,21
174943;2609;3,27
174944;2627;3,73
174945;2653;4,39
174946;2633;3,88
174947;2699;5,55
174948;2608;3,25
174959;2736;6,49
174960;2786;7,75
174961;2642;4,11
174962;2672;4,87
174963;2745;6,72
174964;2751;6,87
174965;2662;4,62
174966;2634;3,91
174967;2799;8,08
174968;2708;5,78
174969;2670;4,82
174970;2688;5,27
174971;2629;3,78
174972;2622;3,60
174973;2649;4,29
174974;2668;4,77
174975;2609;3,27
174976;2829;8,84
174988;2604;3,15
174989;2704;5,68
174990;2608;3,25
174991;2739;6,56
174992;2664;4,67
174993;2608;3,25
174994;2624;3,65
174995;2639;4,03
174996;2603;3,12
174997;2598;3,00
174998;2640;4,06
174999;2727;6,26
175000;2669;4,79
175001;2753;6,92
175002;2633;3,88
175003;2605;3,17
175004;2633;3,88
175005;2606;3,20
175006;2608;3,25
175017;2629;3,78
175018;2666;4,72
175019;2623;3,63
175020;2771;7,37
175021;2640;4,06
175022;2643;4,13
175023;2701;5,60
175024;2645;4,19
175025;2711;5,86
175026;2626;3,70
175027;2704;5,68
175028;2635;3,93
175029;2729;6,31
175030;2685;5,20
175031;2631;3,83
175032;2709;5,80
175033;2644;4,16
175034;2734;6,44
175045;2608;3,25
175046;2629;3,78
175047;2672;4,87
175048;2738;6,54
175049;2710;5,83
175050;2704;5,68
175051;2759;7,07
175052;2726;6,23
175053;2736;6,49
175054;2605;3,17
175055;2667;4,74
175056;2704;5,68
175057;2595;2,92
175058;2620;3,55
175059;2704;5,68
175060;2605;3,17
175061;2615;3,43
175062;2698;5,53
175063;2751;6,87
175074;2625;3,68
175075;2635;3,93
175076;2602;3,10
175077;2631;3,83
175078;2596;2,95
175079;2622;3,60
175080;2608;3,25
175081;2639;4,03
175082;2633;3,88
175083;2624;3,65
175084;2603;3,12
175085;2633;3,88
175086;2626;3,70
175087;2626;3,70
175088;2607;3,22
175089;2621;3,58
175090;2609;3,27
175091;2643;4,13
175102;2661;4,59
175103;2737;6,51
175104;2666;4,72
175105;2709;5,80
175106;2726;6,23
175107;2673;4,89
175108;2762;7,15
175109;2624;3,65
175110;2724;6,18
175111;2672;4,87
175112;2653;4,39
175113;2633;3,88
175114;2717;6,01
175115;2663;4,64
175116;2794;7,96
175117;2690;5,32
175118;2865;9,75
175119;2627;3,73
175120;2624;3,65
175132;2672;4,87
175133;2666;4,72
175134;2638;4,01
175135;2788;7,80
175136;2612;3,35
175137;2633;3,88
175138;2717;6,01
175139;2663;4,64
175140;2688;5,27
175141;2737;6,51
175142;2753;6,92
175143;2742;6,64
175144;2673;4,89
175145;2736;6,49
175146;2650;4,31
175147;2640;4,06
175148;2759;7,07
175149;2673;4,89
175160;2660;4,56
175161;2630;3,81
175162;2627;3,73
175163;2701;5,60
175164;2711;5,86
175165;2617;3,48
175166;2710;5,83
175167;2707;5,75
175168;2615;3,43
175169;2711;5,86
175170;2665;4,69
175171;2654;4,41
175172;2704;5,68
175173;2801;8,13
175174;2649;4,29
175175;2741;6,61
175176;2626;3,70
175177;2640;4,06
175178;2699;5,55
175189;2662;4,62
175190;2646;4,21
175191;2698;5,53
175192;2778;7,55
175193;2608;3,25
175194;2714;5,93
175195;2661;4,59
175196;2677;4,99
175197;2686;5,22
175198;2736;6,49
175199;2661;4,59
175200;2623;3,63
175201;2649;4,29
175202;2672;4,87
175203;2675;4,94
175204;2751;6,87
175205;2624;3,65
175206;2641;4,08
175217;2635;3,93
175218;2623;3,63
175219;2641;4,08
175220;2633;3,88
175221;2703;5,65
175222;2706;5,73
175223;2688;5,27
175224;2649;4,29
175225;2723;6,16
175226;2685;5,20
175227;2731;6,36
175228;2730;6,34
175229;2726;6,23
175230;2721;6,11
175231;2671;4,84
175232;2692;5,37
175233;2717;6,01
175234;2715;5,96
175235;2753;6,92
175247;2624;3,65
175248;2640;4,06
175249;2643;4,13
175250;2628;3,76
175251;2650;4,31
175252;2711;5,86
175253;2672;4,87
175254;2646;4,21
175255;2804;8,21
175256;2642;4,11
175257;2711;5,86
175258;2631;3,83
175259;2631;3,83
175260;2663;4,64
175261;2631;3,83
175262;2768;7,30
175263;2736;6,49
175264;2636;3,96
175275;2632;3,86
175276;2682;5,12
175277;2717;6,01
175278;2769;7,32
175279;2709;5,80
175280;2657;4,49
175281;2801;8,13
175282;2688;5,27
175283;2663;4,64
175284;2642;4,11
175285;2719;6,06
175286;2800;8,11
175287;2649;4,29
175288;2768;7,30
175289;2708;5,78
175290;2679;5,05
175291;2784;7,70
175292;2704;5,68
175293;2798;8,06
175304;2701;5,60
175305;2714;5,93
175306;2770;7,35
175307;2784;7,70
175308;2757;7,02
175309;2733;6,41
175310;2713;5,91
175311;2685;5,20
175312;2656;4,46
175313;2751;6,87
175314;2736;6,49
175315;2653;4,39
175316;2699;5,55
175317;2674;4,92
175318;2704;5,68
175319;2704;5,68
175320;2766;7,25
175321;2715;5,96
175332;2742;6,64
175333;2663;4,64
175334;2734;6,44
175335;2771;7,37
175336;2743;6,66
175337;2683;5,15
175338;2743;6,66
175339;2736;6,49
175340;2786;7,75
175341;2715;5,96
175342;2727;6,26
175343;2707;5,75
175344;2730;6,34
175345;2736;6,49
175346;2722;6,13
175347;2692;5,37
175348;2726;6,23
175349;2731;6,36
175350;2817;8,54
175361;2794;7,96
175362;2742;6,64
175363;2750;6,84
175364;2723;6,16
175365;2749;6,82
175366;2763;7,17
175367;2721;6,11
175368;2742;6,64
175369;2735;6,46
175370;2704;5,68
175371;2765;7,22
175372;2739;6,56
175373;2735;6,46
175374;2727;6,26
175375;2774;7,45
175376;2732;6,39
175377;2734;6,44
175378;2714;5,93
175390;2736;6,49
175391;2732;6,39
175392;2704;5,68
175393;2737;6,51
175394;2736;6,49
175395;2734;6,44
175396;2721;6,11
175397;2736;6,49
175398;2778;7,55
175399;2786;7,75
175400;2687;5,25
175401;2771;7,37
175402;2723;6,16
175403;2701;5,60
175404;2743;6,66
175405;2702;5,63
175406;2783;7,68
175407;2737;6,51
175408;2768;7,30
175419;2726;6,23
175420;2718;6,03
175421;2715;5,96
175422;2689;5,30
175423;2762;7,15
175424;2762;7,15
175425;2759;7,07
175426;2722;6,13
175427;2839;9,09
175428;2742;6,64
175429;2719;6,06
175430;2800;8,11
175431;2721;6,11
175432;2807;8,28
175433;2768;7,30
175434;2721;6,11
175435;2752;6,89
175436;2745;6,72
175447;2727;6,26
175448;2811;8,39
175449;2781;7,63
175450;2778;7,55
175451;2688;5,27
175452;2725;6,21
175453;2747;6,77
175454;2804;8,21
175455;2815;8,49
175456;2722;6,13
175457;2729;6,31
175458;2800;8,11
175459;2727;6,26
175460;2773;7,42
175461;2830;8,87
175462;2775;7,47
175463;2771;7,37
175464;2763;7,17
175465;2763;7,17
175476;2789;7,83
175477;2799;8,08
175478;2758;7,04
175479;2775;7,47
175480;2735;6,46
175481;2731;6,36
175482;2775;7,47
175483;2805;8,23
175484;2747;6,77
175485;2802;8,16
175486;2767;7,27
175487;2801;8,13
175488;2770;7,35
175489;2727;6,26
175490;2773;7,42
175491;2753;6,92
175492;2762;7,15
175493;2767;7,27
175505;2754;6,94
175506;2732;6,39
175507;2768;7,30
175508;2797;8,03
175509;2836;9,02
175510;2695;5,45
175511;2737;6,51
175512;2788;7,80
175513;2810;8,36
175514;2767;7,27
175515;2718;6,03
175516;2763;7,17
175517;2782;7,65
175518;2753;6,92
175519;2781;7,63
175520;2707;5,75
175521;2757;7,02
175522;2769;7,32
175523;2736;6,49
175534;2782;7,65
175535;2735;6,46
175536;2798;8,06
175537;2815;8,49
175538;2699;5,55
175539;2779;7,58
175540;2781;7,63
175541;2805;8,23
175542;2758;7,04
175543;2739;6,56
175544;2750;6,84
175545;2719;6,06
175546;2688;5,27
175547;2757;7,02
175548;2775;7,47
175549;2767;7,27
175550;2731;6,36
175551;2714;5,93
175562;2722;6,13
175563;2714;5,93
175564;2782;7,65
175565;2798;8,06
175566;2736;6,49
175567;2705;5,70
175568;2719;6,06
175569;2767;7,27
175570;2758;7,04
175571;2708;5,78
175572;2704;5,68
175573;2784;7,70
175574;2771;7,37
175575;2704;5,68
175576;2773;7,42
175577;2768;7,30
175578;2747;6,77
175579;2768;7,30
175580;2782;7,65
175591;2765;7,22
175592;2789;7,83
175593;2739;6,56
175594;2724;6,18
175595;2718;6,03
175596;2759;7,07
175597;2704;5,68
175598;2720;6,08
175599;2768;7,30
175600;2710;5,83
175601;2790;7,85
175602;2735;6,46
175603;2752;6,89
175604;2701;5,60
175605;2767;7,27
175606;2724;6,18
175607;2794;7,96
175608;2758;7,04
175619;2738;6,54
175620;2807;8,28
175621;2778;7,55
175622;2791;7,88
175623;2738;6,54
175624;2717;6,01
175625;2768;7,30
175626;2768;7,30
175627;2691;5,35
175628;2707;5,75
175629;2738;6,54
175630;2754;6,94
175631;2763;7,17
175632;2803;8,18
175633;2757;7,02
175634;2765;7,22
175635;2786;7,75
175636;2790;7,85
175637;2790;7,85
175649;2714;5,93
175650;2754;6,94
175651;2773;7,42
175652;2819;8,59
175653;2704;5,68
175654;2693;5,40
175655;2699;5,55
175656;2768;7,30
175657;2723;6,16
175658;2691;5,35
175659;2707;5,75
175660;2708;5,78
175661;2717;6,01
175662;2729;6,31
175663;2693;5,40
175664;2673;4,89
175665;2711;5,86
175666;2703;5,65
175677;2777;7,53
175678;2727;6,26
175679;2694;5,43
175680;2676;4,97
175681;2671;4,84
175682;2709;5,80
175683;2688;5,27
175684;2685;5,20
175685;2725;6,21
175686;2782;7,65
175687;2767;7,27
175688;2703;5,65
175689;2710;5,83
175690;2803;8,18
175691;2709;5,80
175692;2675;4,94
175693;2763;7,17
175694;2679;5,05
175695;2806;8,26
175706;2768;7,30
175707;2768;7,30
175708;2759;7,07
175709;2767;7,27
175710;2721;6,11
175711;2768;7,30
175712;2674;4,92
175713;2687;5,25
175714;2682;5,12
175715;2754;6,94
175716;2740;6,59
175717;2688;5,27
175718;2801;8,13
175719;2704;5,68
175720;2670;4,82
175721;2677;4,99
175722;2731;6,36
175723;2715;5,96
175734;2743;6,66
175735;2706;5,73
175736;2707;5,75
175737;2711;5,86
175738;2738;6,54
175739;2677;4,99
175740;2758;7,04
175741;2713;5,91
175742;2683;5,15
175743;2722;6,13
175744;2742;6,64
175745;2711;5,86
175746;2704;5,68
175747;2711;5,86
175748;2723;6,16
175749;2711;5,86
175750;2752;6,89
175751;2755;6,97
175752;2735;6,46
175764;2736;6,49
175765;2721;6,11
175766;2738;6,54
175767;2786;7,75
175768;2711;5,86
175769;2749;6,82
175770;2655;4,44
175771;2670;4,82
175772;2675;4,94
175773;2672;4,87
175774;2773;7,42
175775;2741;6,61
175776;2673;4,89
175777;2735;6,46
175778;2739;6,56
175779;2750;6,84
175780;2646;4,21
175781;2659;4,54
175792;2747;6,77
175793;2735;6,46
175794;2682;5,12
175795;2756;6,99
175796;2705;5,70
175797;2704;5,68
175798;2811;8,39
175799;2737;6,51
175800;2743;6,66
175801;2706;5,73
175802;2690;5,32
175803;2742;6,64
175804;2752;6,89
175805;2752;6,89
175806;2753;6,92
175807;2672;4,87
175808;2756;6,99
175809;2775;7,47
175810;2688;5,27
175821;2746;6,74
175822;2799;8,08
175823;2739;6,56
175824;2806;8,26
175825;2782;7,65
175826;2751;6,87
175827;2683;5,15
175828;2720;6,08
175829;2800;8,11
175830;2767;7,27
175831;2787;7,78
175832;2766;7,25
175833;2749;6,82
175834;2774;7,45
175835;2738;6,54
175836;2773;7,42
175837;2784;7,70
175838;2690;5,32
175849;2697;5,50
175850;2688;5,27
175851;2715;5,96
175852;2749;6,82
175853;2766;7,25
175854;2704;5,68
175855;2823;8,69
175856;2748;6,79
175857;2768;7,30
175858;2683;5,15
175859;2738;6,54
175860;2672;4,87
175861;2739;6,56
175862;2768;7,30
175863;2714;5,93
175864;2674;4,92
175865;2708;5,78
175866;2656;4,46
175867;2755;6,97
175878;2747;6,77
175879;2775;7,47
175880;2747;6,77
175881;2709;5,80
175882;2691;5,35
175883;2757;7,02
175884;2771;7,37
175885;2687;5,25
175886;2802;8,16
175887;2774;7,45
175888;2771;7,37
175889;2768;7,30
175890;2725;6,21
175891;2806;8,26
175892;2783;7,68
175893;2703;5,65
175894;2769;7,32
175895;2711;5,86
175907;2694;5,43
175908;2721;6,11
175909;2704;5,68
175910;2774;7,45
175911;2667;4,74
175912;2671;4,84
175913;2742;6,64
175914;2704;5,68
175915;2708;5,78
175916;2733;6,41
175917;2667;4,74
175918;2698;5,53
175919;2753;6,92
175920;2799;8,08
175921;2700;5,58
175922;2707;5,75
175923;2736;6,49
175924;2688;5,27
175925;2672;4,87
175936;2697;5,50
175937;2686;5,22
175938;2705;5,70
175939;2800;8,11
175940;2710;5,83
175941;2681;5,10
175942;2661;4,59
175943;2687;5,25
175944;2800;8,11
175945;2737;6,51
175946;2799;8,08
175947;2686;5,22
175948;2764;7,20
175949;2819;8,59
175950;2735;6,46
175951;2709;5,80
175952;2655;4,44
175953;2773;7,42
175964;2701;5,60
175965;2810;8,36
175966;2693;5,40
175967;2749;6,82
175968;2658;4,51
175969;2711;5,86
175970;2669;4,79
175971;2747;6,77
175972;2694;5,43
175973;2777;7,53
175974;2714;5,93
175975;2769;7,32
175976;2730;6,34
175977;2685;5,20
175978;2766;7,25
175979;2735;6,46
175980;2709;5,80
175981;2763;7,17
175982;2747;6,77
175993;2683;5,15
175994;2736;6,49
175995;2736;6,49
175996;2737;6,51
175997;2778;7,55
175998;2694;5,43
175999;2736;6,49
176000;2702;5,63
176001;2767;7,27
176002;2738;6,54
176003;2733;6,41
176004;2769;7,32
176005;2690;5,32
176006;2716;5,98
176007;2725;6,21
176008;2682;5,12
176009;2736;6,49
176010;2681;5,10
176021;2695;5,45
176022;2660;4,56
176023;2723;6,16
176024;2736;6,49
176025;2759;7,07
176026;2721;6,11
176027;2734;6,44
176028;2688;5,27
176029;2687;5,25
176030;2750;6,84
176031;2709;5,80
176032;2688;5,27
176033;2686;5,22
176034;2650;4,31
176035;2763;7,17
176036;2736;6,49
176037;2695;5,45
176038;2763;7,17
176039;2658;4,51
176051;2715;5,96
176052;2707;5,75
176053;2715;5,96
176054;2675;4,94
176055;2770;7,35
176056;2729;6,31
176057;2734;6,44
176058;2739;6,56
176059;2806;8,26
176060;2713;5,91
176061;2740;6,59
176062;2710;5,83
176063;2822;8,66
176064;2794;7,96
176065;2713;5,91
176066;2702;5,63
176067;2803;8,18
176068;2686;5,22
176079;2755;6,97
176080;2847;9,30
176081;2725;6,21
176082;2697;5,50
176083;2734;6,44
176084;2713;5,91
176085;2687;5,25
176086;2726;6,23
176087;2757;7,02
176088;2725;6,21
176089;2719;6,06
176090;2666;4,72
176091;2717;6,01
176092;2645;4,19
176093;2731;6,36
176094;2699;5,55
176095;2647;4,24
176096;2653;4,39
176097;2721;6,11
176108;2674;4,92
176109;2721;6,11
176110;2768;7,30
176111;2801;8,13
176112;2734;6,44
176113;2755;6,97
176114;2735;6,46
176115;2679;5,05
176116;2765;7,22
176117;2689;5,30
176118;2679;5,05
176119;2715;5,96
176120;2670;4,82
176121;2790;7,85
176122;2753;6,92
176123;2713;5,91
176124;2702;5,63
176125;2749;6,82
176136;2762;7,15
176137;2736;6,49
176138;2723;6,16
176139;2773;7,42
176140;2771;7,37
176141;2694;5,43
176142;2747;6,77
176143;2745;6,72
176144;2663;4,64
176145;2703;5,65
176146;2732;6,39
176147;2709;5,80
176148;2752;6,89
176149;2790;7,85
176150;2738;6,54
176151;2736;6,49
176152;2731;6,36
176153;2704;5,68
176154;2784;7,70
176166;2669;4,79
176167;2702;5,63
176168;2704;5,68
176169;2657;4,49
176170;2683;5,15
176171;2736;6,49
176172;2769;7,32
176173;2672;4,87
176174;2657;4,49
176175;2675;4,94
176176;2765;7,22
176177;2746;6,74
176178;2758;7,04
176179;2717;6,01
176180;2678;5,02
176181;2700;5,58
176182;2673;4,89
176183;2704;5,68
176194;2705;5,70
176195;2770;7,35
176196;2688;5,27
176197;2797;8,03
176198;2736;6,49
176199;2721;6,11
176200;2672;4,87
176201;2768;7,30
176202;2768;7,30
176203;2660;4,56
176204;2736;6,49
176205;2751;6,87
176206;2707;5,75
176207;2662;4,62
176208;2768;7,30
176209;2756;6,99
176210;2677;4,99
176211;2768;7,30
176212;2708;5,78
176223;2779;7,58
176224;2758;7,04
176225;2768;7,30
176226;2807;8,28
176227;2773;7,42
176228;2736;6,49
176229;2742;6,64
176230;2741;6,61
176231;2666;4,72
176232;2704;5,68
176233;2752;6,89
176234;2697;5,50
176235;2735;6,46
176236;2689;5,30
176237;2709;5,80
176238;2701;5,60
176239;2847;9,30
176240;2691;5,35
176251;2764;7,20
176252;2741;6,61
176253;2748;6,79
176254;2756;6,99
176255;2750;6,84
176256;2751;6,87
176257;2756;6,99
176258;2761;7,12
176259;2752;6,89
176260;2730;6,34
176261;2758;7,04
176262;2743;6,66
176263;2756;6,99
176264;2761;7,12
176265;2765;7,22
176266;2694;5,43
176267;2743;6,66
176268;2752;6,89
176269;2751;6,87
176280;2754;6,94
176281;2704;5,68
176282;2704;5,68
176283;2825;8,74
176284;2703;5,65
176285;2695;5,45
176286;2659;4,54
176287;2755;6,97
176288;2800;8,11
176289;2673;4,89
176290;2695;5,45
176291;2668;4,77
176292;2726;6,23
176293;2781;7,63
176294;2665;4,69
176295;2690;5,32
176296;2770;7,35
176297;2720;6,08
176309;2703;5,65
176310;2655;4,44
176311;2660;4,56
176312;2699;5,55
176313;2737;6,51
176314;2714;5,93
176315;2770;7,35
176316;2731;6,36
176317;2727;6,26
176318;2747;6,77
176319;2698;5,53
176320;2683;5,15
176321;2730;6,34
176322;2770;7,35
176323;2727;6,26
176324;2678;5,02
176325;2671;4,84
176326;2693;5,40
176327;2736;6,49
176338;2736;6,49
176339;2726;6,23
176340;2726;6,23
176341;2758;7,04
176342;2799;8,08
176343;2662;4,62
176344;2766;7,25
176345;2673;4,89
176346;2646;4,21
176347;2752;6,89
176348;2782;7,65
176349;2711;5,86
176350;2654;4,41
176351;2699;5,55
176352;2753;6,92
176353;2688;5,27
176354;2709;5,80
176355;2721;6,11
176366;2740;6,59
176367;2703;5,65
176368;2672;4,87
176369;2748;6,79
176370;2658;4,51
176371;2699;5,55
176372;2709;5,80
176373;2649;4,29
176374;2627;3,73
176375;2687;5,25
176376;2627;3,73
176377;2717;6,01
176378;2682;5,12
176379;2745;6,72
176380;2682;5,12
176381;2643;4,13
176382;2683;5,15
176383;2654;4,41
176384;2774;7,45
176395;2719;6,06
176396;2639;4,03
176397;2713;5,91
176398;2687;5,25
176399;2721;6,11
176400;2736;6,49
176401;2698;5,53
176402;2709;5,80
176403;2761;7,12
176404;2741;6,61
176405;2732;6,39
176406;2731;6,36
176407;2725;6,21
176408;2646;4,21
176409;2729;6,31
176410;2666;4,72
176411;2658;4,51
176412;2725;6,21
176424;2672;4,87
176425;2694;5,43
176426;2704;5,68
176427;2678;5,02
176428;2746;6,74
176429;2748;6,79
176430;2797;8,03
176431;2689;5,30
176432;2670;4,82
176433;2714;5,93
176434;2733;6,41
176435;2681;5,10
176436;2674;4,92
176437;2689;5,30
176438;2633;3,88
176439;2650;4,31
176440;2719;6,06
176441;2683;5,15
176442;2642;4,11
176453;2659;4,54
176454;2679;5,05
176455;2742;6,64
176456;2687;5,25
176457;2686;5,22
176458;2661;4,59
176459;2753;6,92
176460;2659;4,54
176461;2688;5,27
176462;2672;4,87
176463;2690;5,32
176464;2756;6,99
176465;2651;4,34
176466;2666;4,72
176467;2705;5,70
176468;2843;9,20
176469;2730;6,34
176470;2641;4,08
176481;2685;5,20
176482;2699;5,55
176483;2681;5,10
176484;2686;5,22
176485;2698;5,53
176486;2708;5,78
176487;2779;7,58
176488;2673;4,89
176489;2749;6,82
176490;2701;5,60
176491;2725;6,21
176492;2690;5,32
176493;2801;8,13
176494;2811;8,39
176495;2737;6,51
176496;2722;6,13
176497;2752;6,89
176498;2750;6,84
176499;2789;7,83
176510;2685;5,20
176511;2679;5,05
176512;2672;4,87
176513;2684;5,17
176514;2675;4,94
176515;2689;5,30
176516;2673;4,89
176517;2676;4,97
176518;2672;4,87
176519;2682;5,12
176520;2673;4,89
176521;2681;5,10
176522;2673;4,89
176523;2682;5,12
176524;2689;5,30
176525;2678;5,02
176526;2682;5,12
176527;2681;5,10
176538;2700;5,58
176539;2667;4,74
176540;2732;6,39
176541;2794;7,96
176542;2721;6,11
176543;2698;5,53
176544;2661;4,59
176545;2735;6,46
176546;2769;7,32
176547;2672;4,87
176548;2663;4,64
176549;2671;4,84
176550;2752;6,89
176551;2799;8,08
176552;2664;4,67
176553;2656;4,46
176554;2673;4,89
176555;2731;6,36
176556;2797;8,03
176568;2654;4,41
176569;2755;6,97
176570;2749;6,82
176571;2758;7,04
176572;2753;6,92
176573;2709;5,80
176574;2711;5,86
176575;2667;4,74
176576;2682;5,12
176577;2742;6,64
176578;2683;5,15
176579;2655;4,44
176580;2676;4,97
176581;2710;5,83
176582;2723;6,16
176583;2741;6,61
176584;2735;6,46
176585;2701;5,60
176596;2672;4,87
176597;2647;4,24
176598;2644;4,16
176599;2683;5,15
176600;2726;6,23
176601;2707;5,75
176602;2702;5,63
176603;2694;5,43
176604;2685;5,20
176605;2677;4,99
176606;2678;5,02
176607;2663;4,64
176608;2657;4,49
176609;2784;7,70
176610;2730;6,34
176611;2675;4,94
176612;2704;5,68
176613;2756;6,99
176614;2799;8,08
176625;2693;5,40
176626;2672;4,87
176627;2742;6,64
176628;2688;5,27
176629;2693;5,40
176630;2743;6,66
176631;2677;4,99
176632;2768;7,30
176633;2763;7,17
176634;2662;4,62
176635;2672;4,87
176636;2706;5,73
176637;2644;4,16
176638;2706;5,73
176639;2647;4,24
176640;2659;4,54
176641;2629;3,78
176642;2626;3,70
176653;2685;5,20
176654;2668;4,77
176655;2672;4,87
176656;2699;5,55
176657;2629;3,78
176658;2672;4,87
176659;2684;5,17
176660;2647;4,24
176661;2671;4,84
176662;2671;4,84
176663;2693;5,40
176664;2660;4,56
176665;2688;5,27
176666;2713;5,91
176667;2650;4,31
176668;2640;4,06
176669;2671;4,84
176670;2650;4,31
176671;2661;4,59
176683;2691;5,35
176684;2810;8,36
176685;2695;5,45
176686;2738;6,54
176687;2682;5,12
176688;2736;6,49
176689;2694;5,43
176690;2746;6,74
176691;2750;6,84
176692;2672;4,87
176693;2736;6,49
176694;2674;4,92
176695;2684;5,17
176696;2624;3,65
176697;2687;5,25
176698;2697;5,50
176699;2711;5,86
176700;2665;4,69
176711;2651;4,34
176712;2764;7,20
176713;2688;5,27
176714;2736;6,49
176715;2733;6,41
176716;2736;6,49
176717;2767;7,27
176718;2706;5,73
176719;2767;7,27
176720;2643;4,13
176721;2686;5,22
176722;2679;5,05
176723;2670;4,82
176724;2672;4,87
176725;2695;5,45
176726;2702;5,63
176727;2718;6,03
176728;2637;3,98
176729;2766;7,25
176740;2669;4,79
176741;2688;5,27
176742;2679;5,05
176743;2629;3,78
176744;2757;7,02
176745;2654;4,41
176746;2726;6,23
176747;2637;3,98
176748;2687;5,25
176749;2688;5,27
176750;2753;6,92
176751;2743;6,66
176752;2635;3,93
176753;2765;7,22
176754;2672;4,87
176755;2697;5,50
176756;2761;7,12
176757;2655;4,44
176768;2605;3,17
176769;2603;3,12
176770;2599;3,02
176771;2614;3,40
176772;2611;3,32
176773;2608;3,25
176774;2608;3,25
176775;2611;3,32
176776;2611;3,32
176777;2608;3,25
176778;2611;3,32
176779;2608;3,25
176780;2608;3,25
176781;2603;3,12
176782;2609;3,27
176783;2602;3,10
176784;2607;3,22
176785;2611;3,32
176786;2603;3,12
176797;2638;4,01
176798;2730;6,34
176799;2727;6,26
176800;2787;7,78
176801;2640;4,06
176802;2709;5,80
176803;2735;6,46
176804;2659;4,54
176805;2787;7,78
176806;2752;6,89
176807;2643;4,13
176808;2726;6,23
176809;2653;4,39
176810;2643;4,13
176811;2706;5,73
176812;2736;6,49
176813;2734;6,44
176814;2676;4,97
176826;2639;4,03
176827;2718;6,03
176828;2674;4,92
176829;2749;6,82
176830;2704;5,68
176831;2693;5,40
176832;2661;4,59
176833;2705;5,70
176834;2647;4,24
176835;2672;4,87
176836;2614;3,40
176837;2647;4,24
176838;2631;3,83
176839;2756;6,99
176840;2730;6,34
176841;2701;5,60
176842;2691;5,35
176843;2743;6,66
176844;2623;3,63
176855;2624;3,65
176856;2707;5,75
176857;2633;3,88
176858;2609;3,27
176859;2671;4,84
176860;2705;5,70
176861;2713;5,91
176862;2725;6,21
176863;2635;3,93
176864;2734;6,44
176865;2675;4,94
176866;2691;5,35
176867;2635;3,93
176868;2619;3,53
176869;2672;4,87
176870;2771;7,37
176871;2623;3,63
176872;2608;3,25
176883;2639;4,03
176884;2780;7,60
176885;2717;6,01
176886;2724;6,18
176887;2670;4,82
176888;2658;4,51
176889;2754;6,94
176890;2707;5,75
176891;2659;4,54
176892;2741;6,61
176893;2649;4,29
176894;2679;5,05
176895;2697;5,50
176896;2810;8,36
176897;2704;5,68
176898;2738;6,54
176899;2647;4,24
176900;2640;4,06
176901;2785;7,73
176912;2667;4,74
176913;2608;3,25
176914;2629;3,78
176915;2646;4,21
176916;2609;3,27
176917;2624;3,65
176918;2646;4,21
176919;2640;4,06
176920;2665;4,69
176921;2659;4,54
176922;2641;4,08
176923;2639;4,03
176924;2734;6,44
176925;2662;4,62
176926;2671;4,84
176927;2649;4,29
176928;2715;5,96
176929;2661;4,59
176941;2604;3,15
176942;2622;3,60
176943;2672;4,87
176944;2623;3,63
176945;2596;2,95
176946;2619;3,53
176947;2597;2,97
176948;2627;3,73
176949;2701;5,60
176950;2716;5,98
176951;2653;4,39
176952;2615;3,43
176953;2656;4,46
176954;2709;5,80
176955;2598;3,00
176956;2625;3,68
176957;2598;3,00
176958;2631;3,83
176959;2673;4,89
176970;2694;5,43
176971;2602;3,10
176972;2723;6,16
176973;2615;3,43
176974;2615;3,43
176975;2621;3,58
176976;2672;4,87
176977;2704;5,68
176978;2752;6,89
176979;2628;3,76
176980;2694;5,43
176981;2597;2,97
176982;2705;5,70
176983;2640;4,06
176984;2640;4,06
176985;2615;3,43
176986;2605;3,17
176987;2622;3,60
176998;2761;7,12
176999;2722;6,13
177000;2672;4,87
177001;2732;6,39
177002;2586;2,69
177003;2602;3,10
177004;2676;4,97
177005;2678;5,02
177006;2751;6,87
177007;2631;3,83
177008;2631;3,83
177009;2745;6,72
177010;2594;2,89
177011;2653;4,39
177012;2624;3,65
177013;2610;3,30
177014;2630;3,81
177015;2669;4,79
177016;2790;7,85
177027;2588;2,74
177028;2587;2,72
177029;2584;2,64
177030;2559;2,01
177031;2598;3,00
177032;2592;2,84
177033;2591;2,82
177034;2586;2,69
177035;2559;2,01
177036;2594;2,89
177037;2605;3,17
177038;2585;2,67
177039;2588;2,74
177040;2586;2,69
177041;2559;2,01
177042;2599;3,02
177043;2588;2,74
177044;2559;2,01
177055;2599;3,02
177056;2704;5,68
177057;2637;3,98
177058;2739;6,56
177059;2746;6,74
177060;2638;4,01
177061;2639;4,03
177062;2640;4,06
177063;2704;5,68
177064;2589;2,77
177065;2618;3,50
177066;2689;5,30
177067;2595;2,92
177068;2618;3,50
177069;2629;3,78
177070;2635;3,93
177071;2640;4,06
177072;2559;2,01
177073;2638;4,01
177085;2624;3,65
177086;2635;3,93
177087;2618;3,50
177088;2644;4,16
177089;2645;4,19
177090;2697;5,50
177091;2684;5,17
177092;2745;6,72
177093;2666;4,72
177094;2624;3,65
177095;2719;6,06
177096;2710;5,83
177097;2610;3,30
177098;2624;3,65
177099;2618;3,50
177100;2731;6,36
177101;2623;3,63
177102;2726;6,23
177113;2741;6,61
177114;2605;3,17
177115;2587;2,72
177116;2738;6,54
177117;2590;2,79
177118;2590;2,79
177119;2617;3,48
177120;2691;5,35
177121;2624;3,65
177122;2723;6,16
177123;2655;4,44
177124;2656;4,46
177125;2702;5,63
177126;2785;7,73
177127;2606;3,20
177128;2599;3,02
177129;2624;3,65
177130;2675;4,94
177131;2714;5,93
177142;2626;3,70
177143;2609;3,27
177144;2630;3,81
177145;2779;7,58
177146;2650;4,31
177147;2625;3,68
177148;2663;4,64
177149;2595;2,92
177150;2623;3,63
177151;2599;3,02
177152;2640;4,06
177153;2689;5,30
177154;2623;3,63
177155;2593;2,87
177156;2692;5,37
177157;2649;4,29
177158;2690;5,32
177159;2613;3,38
177170;2599;3,02
177171;2747;6,77
177172;2725;6,21
177173;2743;6,66
177174;2722;6,13
177175;2608;3,25
177176;2732;6,39
177177;2640;4,06
177178;2655;4,44
177179;2745;6,72
177180;2756;6,99
177181;2737;6,51
177182;2741;6,61
177183;2717;6,01
177184;2623;3,63
177185;2771;7,37
177186;2749;6,82
177187;2626;3,70
177188;2758;7,04
177200;2615;3,43
177201;2621;3,58
177202;2623;3,63
177203;2590;2,79
177204;2559;2,01
177205;2636;3,96
177206;2670;4,82
177207;2646;4,21
177208;2632;3,86
177209;2704;5,68
177210;2731;6,36
177211;2666;4,72
177212;2699;5,55
177213;2607;3,22
177214;2611;3,32
177215;2733;6,41
177216;2689;5,30
177217;2726;6,23
177228;2640;4,06
177229;2672;4,87
177230;2602;3,10
177231;2667;4,74
177232;2666;4,72
177233;2694;5,43
177234;2610;3,30
177235;2725;6,21
177236;2723;6,16
177237;2559;2,01
177238;2613;3,38
177239;2638;4,01
177240;2598;3,00
177241;2800;8,11
177242;2592;2,84
177243;2611;3,32
177244;2611;3,32
177245;2657;4,49
177246;2731;6,36
177257;2706;5,73
177258;2609;3,27
177259;2719;6,06
177260;2789;7,83
177261;2603;3,12
177262;2671;4,84
177263;2673;4,89
177264;2657;4,49
177265;2703;5,65
177266;2626;3,70
177267;2675;4,94
177268;2664;4,67
177269;2763;7,17
177270;2622;3,60
177271;2594;2,89
177272;2722;6,13
177273;2587;2,72
177274;2697;5,50
177285;2559;2,01
177286;2557;1,96
177287;2559;2,01
177288;2558;1,98
177289;2559;2,01
177290;2559;2,01
177291;2559;2,01
177292;2559;2,01
177293;2559;2,01
177294;2559;2,01
177295;2551;1,81
177296;2559;2,01
177297;2557;1,96
177298;2559;2,01
177299;2559;2,01
177300;2559;2,01
177301;2559;2,01
177302;2559;2,01
177303;2550;1,78
177314;2666;4,72
177315;2635;3,93
177316;2559;2,01
177317;2559;2,01
177318;2611;3,32
177319;2697;5,50
177320;2725;6,21
177321;2559;2,01
177322;2559;2,01
177323;2589;2,77
177324;2731;6,36
177325;2559;2,01
177326;2624;3,65
177327;2716;5,98
177328;2613;3,38
177329;2661;4,59
177330;2729;6,31
177331;2628;3,76
177343;2586;2,69
177344;2614;3,40
177345;2640;4,06
177346;2688;5,27
177347;2607;3,22
177348;2631;3,83
177349;2672;4,87
177350;2631;3,83
177351;2588;2,74
177352;2709;5,80
177353;2605;3,17
177354;2679;5,05
177355;2559;2,01
177356;2601;3,07
177357;2722;6,13
177358;2656;4,46
177359;2586;2,69
177360;2649;4,29
177361;2588;2,74
177372;2598;3,00
177373;2559;2,01
177374;2665;4,69
177375;2672;4,87
177376;2730;6,34
177377;2651;4,34
177378;2624;3,65
177379;2735;6,46
177380;2626;3,70
177381;2595;2,92
177382;2633;3,88
177383;2720;6,08
177384;2559;2,01
177385;2613;3,38
177386;2639;4,03
177387;2634;3,91
177388;2673;4,89
177389;2559;2,01
177400;2647;4,24
177401;2676;4,97
177402;2625;3,68
177403;2646;4,21
177404;2667;4,74
177405;2559;2,01
177406;2646;4,21
177407;2615;3,43
177408;2714;5,93
177409;2641;4,08
177410;2705;5,70
177411;2630;3,81
177412;2559;2,01
177413;2652;4,36
177414;2608;3,25
177415;2603;3,12
177416;2608;3,25
177417;2611;3,32
177418;2640;4,06
177429;2608;3,25
177430;2683;5,15
177431;2619;3,53
177432;2659;4,54
177433;2658;4,51
177434;2639;4,03
177435;2669;4,79
177436;2645;4,19
177437;2658;4,51
177438;2629;3,78
177439;2614;3,40
177440;2634;3,91
177441;2615;3,43
177442;2611;3,32
177443;2661;4,59
177444;2650;4,31
177445;2629;3,78
177446;2613;3,38
177458;2579;2,52
177459;2753;6,92
177460;2559;2,01
177461;2607;3,22
177462;2589;2,77
177463;2605;3,17
177464;2688;5,27
177465;2590;2,79
177466;2736;6,49
177467;2713;5,91
177468;2559;2,01
177469;2675;4,94
177470;2626;3,70
177471;2775;7,47
177472;2559;2,01
177473;2649;4,29
177474;2595;2,92
177475;2684;5,17
177476;2559;2,01
177487;2609;3,27
177488;2641;4,08
177489;2672;4,87
177490;2715;5,96
177491;2610;3,30
177492;2594;2,89
177493;2680;5,07
177494;2559;2,01
177495;2678;5,02
177496;2585;2,67
177497;2707;5,75
177498;2662;4,62
177499;2671;4,84
177500;2767;7,27
177501;2595;2,92
177502;2622;3,60
177503;2584;2,64
177504;2606;3,20
177515;2559;2,01
177516;2647;4,24
177517;2608;3,25
177518;2706;5,73
177519;2789;7,83
177520;2596;2,95
177521;2606;3,20
177522;2700;5,58
177523;2713;5,91
177524;2682;5,12
177525;2709;5,80
177526;2747;6,77
177527;2714;5,93
177528;2640;4,06
177529;2726;6,23
177530;2624;3,65
177531;2608;3,25
177532;2672;4,87
177533;2645;4,19
177544;2559;2,01
177545;2583;2,62
177546;2591;2,82
177547;2559;2,01
177548;2559;2,01
177549;2591;2,82
177550;2559;2,01
177551;2583;2,62
177552;2559;2,01
177553;2559;2,01
177554;2587;2,72
177555;2559;2,01
177556;2559;2,01
177557;2559;2,01
177558;2559;2,01
177559;2559;2,01
177560;2554;1,88
177561;2559;2,01
177572;2624;3,65
177573;2619;3,53
177574;2592;2,84
177575;2674;4,92
177576;2653;4,39
177577;2674;4,92
177578;2682;5,12
177579;2650;4,31
177580;2628;3,76
177581;2671;4,84
177582;2623;3,63
177583;2612;3,35
177584;2589;2,77
177585;2672;4,87
177586;2714;5,93
177587;2634;3,91
177588;2625;3,68
177589;2704;5,68
177590;2638;4,01
177602;2631;3,83
177603;2737;6,51
177604;2559;2,01
177605;2585;2,67
177606;2667;4,74
177607;2634;3,91
177608;2671;4,84
177609;2591;2,82
177610;2691;5,35
177611;2651;4,34
177612;2703;5,65
177613;2581;2,57
177614;2635;3,93
177615;2735;6,46
177616;2611;3,32
177617;2736;6,49
177618;2699;5,55
177619;2591;2,82
177630;2675;4,94
177631;2598;3,00
177632;2631;3,83
177633;2734;6,44
177634;2768;7,30
177635;2704;5,68
177636;2707;5,75
177637;2662;4,62
177638;2736;6,49
177639;2661;4,59
177640;2603;3,12
177641;2609;3,27
177642;2626;3,70
177643;2657;4,49
177644;2757;7,02
177645;2701;5,60
177646;2662;4,62
177647;2585;2,67
177648;2723;6,16
177659;2624;3,65
177660;2655;4,44
177661;2658;4,51
177662;2639;4,03
177663;2703;5,65
177664;2758;7,04
177665;2592;2,84
177666;2607;3,22
177667;2608;3,25
177668;2611;3,32
177669;2631;3,83
177670;2559;2,01
177671;2733;6,41
177672;2657;4,49
177673;2686;5,22
177674;2585;2,67
177675;2673;4,89
177676;2602;3,10
177687;2688;5,27
177688;2657;4,49
177689;2691;5,35
177690;2672;4,87
177691;2663;4,64
177692;2670;4,82
177693;2704;5,68
177694;2666;4,72
177695;2656;4,46
177696;2657;4,49
177697;2672;4,87
177698;2663;4,64
177699;2589;2,77
177700;2704;5,68
177701;2721;6,11
177702;2698;5,53
177703;2668;4,77
177704;2657;4,49
177705;2689;5,30
177717;2722;6,13
177718;2655;4,44
177719;2629;3,78
177720;2637;3,98
177721;2605;3,17
177722;2640;4,06
177723;2624;3,65
177724;2613;3,38
177725;2614;3,40
177726;2748;6,79
177727;2606;3,20
177728;2626;3,70
177729;2627;3,73
177730;2617;3,48
177731;2622;3,60
177732;2640;4,06
177733;2623;3,63
177734;2617;3,48
177745;2753;6,92
177746;2627;3,73
177747;2675;4,94
177748;2698;5,53
177749;2733;6,41
177750;2609;3,27
177751;2594;2,89
177752;2644;4,16
177753;2666;4,72
177754;2735;6,46
177755;2634;3,91
177756;2768;7,30
177757;2626;3,70
177758;2713;5,91
177759;2703;5,65
177760;2713;5,91
177761;2731;6,36
177762;2672;4,87
177763;2713;5,91
177774;2637;3,98
177775;2608;3,25
177776;2610;3,30
177777;2631;3,83
177778;2702;5,63
177779;2659;4,54
177780;2618;3,50
177781;2611;3,32
177782;2607;3,22
177783;2678;5,02
177784;2608;3,25
177785;2626;3,70
177786;2769;7,32
177787;2733;6,41
177788;2607;3,22
177789;2646;4,21
177790;2736;6,49
177791;2669;4,79
177802;2607;3,22
177803;2591;2,82
177804;2598;3,00
177805;2593;2,87
177806;2589;2,77
177807;2598;3,00
177808;2591;2,82
177809;2591;2,82
177810;2583;2,62
177811;2608;3,25
177812;2588;2,74
177813;2583;2,62
177814;2596;2,95
177815;2588;2,74
177816;2603;3,12
177817;2559;2,01
177818;2585;2,67
177819;2583;2,62
177820;2594;2,89
177831;2691;5,35
177832;2688;5,27
177833;2581;2,57
177834;2775;7,47
177835;2668;4,77
177836;2695;5,45
177837;2650;4,31
177838;2640;4,06
177839;2652;4,36
177840;2686;5,22
177841;2698;5,53
177842;2624;3,65
177843;2624;3,65
177844;2684;5,17
177845;2608;3,25
177846;2719;6,06
177847;2589;2,77
177848;2698;5,53
177860;2739;6,56
177861;2675;4,94
177862;2640;4,06
177863;2600;3,05
177864;2641;4,08
177865;2624;3,65
177866;2651;4,34
177867;2671;4,84
177868;2726;6,23
177869;2623;3,63
177870;2617;3,48
177871;2634;3,91
177872;2608;3,25
177873;2731;6,36
177874;2736;6,49
177875;2735;6,46
177876;2735;6,46
177877;2619;3,53
177878;2721;6,11
177889;2687;5,25
177890;2667;4,74
177891;2640;4,06
177892;2645;4,19
177893;2620;3,55
177894;2647;4,24
177895;2642;4,11
177896;2726;6,23
177897;2653;4,39
177898;2615;3,43
177899;2770;7,35
177900;2624;3,65
177901;2758;7,04
177902;2653;4,39
177903;2624;3,65
177904;2692;5,37
177905;2634;3,91
177906;2726;6,23
177917;2640;4,06
177918;2690;5,32
177919;2585;2,67
177920;2625;3,68
177921;2736;6,49
177922;2609;3,27
177923;2661;4,59
177924;2635;3,93
177925;2605;3,17
177926;2603;3,12
177927;2690;5,32
177928;2746;6,74
177929;2654;4,41
177930;2757;7,02
177931;2589;2,77
177932;2667;4,74
177933;2704;5,68
177934;2691;5,35
177935;2656;4,46
177946;2624;3,65
177947;2640;4,06
177948;2650;4,31
177949;2715;5,96
177950;2657;4,49
177951;2619;3,53
177952;2630;3,81
177953;2611;3,32
177954;2658;4,51
177955;2720;6,08
177956;2627;3,73
177957;2738;6,54
177958;2622;3,60
177959;2739;6,56
177960;2629;3,78
177961;2736;6,49
177962;2649;4,29
177963;2729;6,31
177975;2626;3,70
177976;2671;4,84
177977;2703;5,65
177978;2703;5,65
177979;2627;3,73
177980;2615;3,43
177981;2771;7,37
177982;2663;4,64
177983;2722;6,13
177984;2624;3,65
177985;2628;3,76
177986;2651;4,34
177987;2679;5,05
177988;2624;3,65
177989;2559;2,01
177990;2613;3,38
177991;2640;4,06
177992;2671;4,84
177993;2591;2,82
178004;2608;3,25
178005;2591;2,82
178006;2675;4,94
178007;2809;8,34
178008;2698;5,53
178009;2618;3,50
178010;2675;4,94
178011;2607;3,22
178012;2598;3,00
178013;2559;2,01
178014;2612;3,35
178015;2758;7,04
178016;2687;5,25
178017;2697;5,50
178018;2624;3,65
178019;2605;3,17
178020;2619;3,53
178021;2608;3,25
178032;2775;7,47
178033;2743;6,66
178034;2613;3,38
178035;2822;8,66
178036;2669;4,79
178037;2650;4,31
178038;2615;3,43
178039;2665;4,69
178040;2711;5,86
178041;2672;4,87
178042;2731;6,36
178043;2652;4,36
178044;2717;6,01
178045;2715;5,96
178046;2738;6,54
178047;2621;3,58
178048;2650;4,31
178049;2637;3,98
178050;2624;3,65
178061;2723;6,16
178062;2599;3,02
178063;2593;2,87
178064;2605;3,17
178065;2653;4,39
178066;2603;3,12
178067;2624;3,65
178068;2559;2,01
178069;2593;2,87
178070;2598;3,00
178071;2592;2,84
178072;2607;3,22
178073;2587;2,72
178074;2581;2,57
178075;2583;2,62
178076;2593;2,87
178077;2593;2,87
178078;2635;3,93
178089;2621;3,58
178090;2591;2,82
178091;2608;3,25
178092;2700;5,58
178093;2640;4,06
178094;2679;5,05
178095;2659;4,54
178096;2704;5,68
178097;2688;5,27
178098;2655;4,44
178099;2698;5,53
178100;2686;5,22
178101;2727;6,26
178102;2787;7,78
178103;2716;5,98
178104;2651;4,34
178105;2691;5,35
178106;2729;6,31
178107;2779;7,58
178119;2688;5,27
178120;2631;3,83
178121;2733;6,41
178122;2662;4,62
178123;2739;6,56
178124;2667;4,74
178125;2627;3,73
178126;2620;3,55
178127;2624;3,65
178128;2702;5,63
178129;2659;4,54
178130;2687;5,25
178131;2706;5,73
178132;2697;5,50
178133;2703;5,65
178134;2599;3,02
178135;2605;3,17
178136;2705;5,70
178147;2670;4,82
178148;2633;3,88
178149;2608;3,25
178150;2692;5,37
178151;2754;6,94
178152;2669;4,79
178153;2630;3,81
178154;2661;4,59
178155;2630;3,81
178156;2688;5,27
178157;2614;3,40
178158;2658;4,51
178159;2651;4,34
178160;2673;4,89
178161;2658;4,51
178162;2659;4,54
178163;2752;6,89
178164;2708;5,78
178165;2762;7,15
178176;2674;4,92
178177;2669;4,79
178178;2640;4,06
178179;2721;6,11
178180;2658;4,51
178181;2592;2,84
178182;2624;3,65
178183;2609;3,27
178184;2620;3,55
178185;2734;6,44
178186;2705;5,70
178187;2717;6,01
178188;2639;4,03
178189;2601;3,07
178190;2661;4,59
178191;2688;5,27
178192;2699;5,55
178193;2583;2,62
178204;2672;4,87
178205;2644;4,16
178206;2704;5,68
178207;2608;3,25
178208;2667;4,74
178209;2705;5,70
178210;2643;4,13
178211;2667;4,74
178212;2640;4,06
178213;2654;4,41
178214;2664;4,67
178215;2639;4,03
178216;2691;5,35
178217;2657;4,49
178218;2642;4,11
178219;2663;4,64
178220;2704;5,68
178221;2659;4,54
178222;2639;4,03
178234;2653;4,39
178235;2611;3,32
178236;2591;2,82
178237;2778;7,55
178238;2633;3,88
178239;2725;6,21
178240;2593;2,87
178241;2615;3,43
178242;2605;3,17
178243;2638;4,01
178244;2733;6,41
178245;2641;4,08
178246;2729;6,31
178247;2606;3,20
178248;2620;3,55
178249;2738;6,54
178250;2592;2,84
178251;2598;3,00
178262;2624;3,65
178263;2711;5,86
178264;2659;4,54
178265;2719;6,06
178266;2653;4,39
178267;2740;6,59
178268;2643;4,13
178269;2624;3,65
178270;2693;5,40
178271;2647;4,24
178272;2716;5,98
178273;2612;3,35
178274;2613;3,38
178275;2707;5,75
178276;2672;4,87
178277;2677;4,99
178278;2640;4,06
178279;2640;4,06
178280;2778;7,55
178291;2713;5,91
178292;2646;4,21
178293;2734;6,44
178294;2687;5,25
178295;2752;6,89
178296;2614;3,40
178297;2628;3,76
178298;2594;2,89
178299;2776;7,50
178300;2629;3,78
178301;2703;5,65
178302;2654;4,41
178303;2603;3,12
178304;2657;4,49
178305;2660;4,56
178306;2634;3,91
178307;2615;3,43
178308;2654;4,41
178319;2674;4,92
178320;2630;3,81
178321;2611;3,32
178322;2593;2,87
178323;2674;4,92
178324;2685;5,20
178325;2597;2,97
178326;2750;6,84
178327;2739;6,56
178328;2605;3,17
178329;2639;4,03
178330;2668;4,77
178331;2614;3,40
178332;2775;7,47
178333;2736;6,49
178334;2593;2,87
178335;2599;3,02
178336;2647;4,24
178337;2630;3,81
178348;2644;4,16
178349;2770;7,35
178350;2608;3,25
178351;2645;4,19
178352;2635;3,93
178353;2742;6,64
178354;2736;6,49
178355;2758;7,04
178356;2787;7,78
178357;2635;3,93
178358;2759;7,07
178359;2624;3,65
178360;2747;6,77
178361;2753;6,92
178362;2650;4,31
178363;2727;6,26
178364;2757;7,02
178365;2667;4,74
178377;2675;4,94
178378;2666;4,72
178379;2785;7,73
178380;2687;5,25
178381;2666;4,72
178382;2714;5,93
178383;2695;5,45
178384;2726;6,23
178385;2706;5,73
178386;2640;4,06
178387;2635;3,93
178388;2625;3,68
178389;2627;3,73
178390;2775;7,47
178391;2608;3,25
178392;2624;3,65
178393;2619;3,53
178394;2715;5,96
178395;2738;6,54
178406;2704;5,68
178407;2733;6,41
178408;2629;3,78
178409;2640;4,06
178410;2743;6,66
178411;2642;4,11
178412;2629;3,78
178413;2704;5,68
178414;2764;7,20
178415;2662;4,62
178416;2694;5,43
178417;2655;4,44
178418;2708;5,78
178419;2823;8,69
178420;2643;4,13
178421;2637;3,98
178422;2724;6,18
178423;2599;3,02
178434;2655;4,44
178435;2590;2,79
178436;2750;6,84
178437;2634;3,91
178438;2629;3,78
178439;2605;3,17
178440;2604;3,15
178441;2735;6,46
178442;2624;3,65
178443;2769;7,32
178444;2688;5,27
178445;2622;3,60
178446;2751;6,87
178447;2759;7,07
178448;2633;3,88
178449;2625;3,68
178450;2704;5,68
178451;2587;2,72
178452;2759;7,07
178463;2688;5,27
178464;2718;6,03
178465;2667;4,74
178466;2694;5,43
178467;2704;5,68
178468;2679;5,05
178469;2649;4,29
178470;2683;5,15
178471;2674;4,92
178472;2697;5,50
178473;2595;2,92
178474;2731;6,36
178475;2669;4,79
178476;2685;5,20
178477;2667;4,74
178478;2689;5,30
178479;2660;4,56
178480;2643;4,13
178492;2737;6,51
178493;2785;7,73
178494;2623;3,63
178495;2634;3,91
178496;2582;2,59
178497;2704;5,68
178498;2787;7,78
178499;2845;9,25
178500;2688;5,27
178501;2650;4,31
178502;2693;5,40
178503;2622;3,60
178504;2663;4,64
178505;2743;6,66
178506;2667;4,74
178507;2639;4,03
178508;2704;5,68
178509;2671;4,84
178510;2672;4,87
178521;2656;4,46
178522;2654;4,41
178523;2613;3,38
178524;2790;7,85
178525;2639;4,03
178526;2683;5,15
178527;2706;5,73
178528;2610;3,30
178529;2602;3,10
178530;2631;3,83
178531;2658;4,51
178532;2671;4,84
178533;2707;5,75
178534;2817;8,54
178535;2640;4,06
178536;2714;5,93
178537;2721;6,11
178538;2635;3,93
178549;2685;5,20
178550;2608;3,25
178551;2755;6,97
178552;2674;4,92
178553;2645;4,19
178554;2630;3,81
178555;2754;6,94
178556;2640;4,06
178557;2711;5,86
178558;2603;3,12
178559;2687;5,25
178560;2759;7,07
178561;2655;4,44
178562;2775;7,47
178563;2595;2,92
178564;2625;3,68
178565;2618;3,50
178566;2659;4,54
178567;2730;6,34
178578;2655;4,44
178579;2647;4,24
178580;2672;4,87
178581;2586;2,69
178582;2717;6,01
178583;2735;6,46
178584;2756;6,99
178585;2615;3,43
178586;2679;5,05
178587;2603;3,12
178588;2614;3,40
178589;2662;4,62
178590;2649;4,29
178591;2734;6,44
178592;2706;5,73
178593;2762;7,15
178594;2742;6,64
178595;2608;3,25
178606;2611;3,32
178607;2675;4,94
178608;2707;5,75
178609;2757;7,02
178610;2679;5,05
178611;2606;3,20
178612;2656;4,46
178613;2687;5,25
178614;2773;7,42
178615;2651;4,34
178616;2642;4,11
178617;2687;5,25
178618;2702;5,63
178619;2785;7,73
178620;2705;5,70
178621;2695;5,45
178622;2736;6,49
178623;2670;4,82
178624;2802;8,16
178636;2672;4,87
178637;2736;6,49
178638;2763;7,17
178639;2756;6,99
178640;2672;4,87
178641;2731;6,36
178642;2617;3,48
178643;2701;5,60
178644;2761;7,12
178645;2752;6,89
178646;2718;6,03
178647;2665;4,69
178648;2771;7,37
178649;2606;3,20
178650;2638;4,01
178651;2667;4,74
178652;2639;4,03
178653;2599;3,02
178664;2622;3,60
178665;2661;4,59
178666;2736;6,49
178667;2704;5,68
178668;2682;5,12
178669;2608;3,25
178670;2777;7,53
178671;2643;4,13
178672;2661;4,59
178673;2700;5,58
178674;2606;3,20
178675;2640;4,06
178676;2589;2,77
178677;2723;6,16
178678;2673;4,89
178679;2649;4,29
178680;2701;5,60
178681;2760;7,10
178682;2786;7,75
178693;2718;6,03
178694;2703;5,65
178695;2654;4,41
178696;2658;4,51
178697;2608;3,25
178698;2617;3,48
178699;2692;5,37
178700;2657;4,49
178701;2730;6,34
178702;2659;4,54
178703;2704;5,68
178704;2659;4,54
178705;2597;2,97
178706;2705;5,70
178707;2695;5,45
178708;2658;4,51
178709;2671;4,84
178710;2672;4,87
178721;2589;2,77
178722;2625;3,68
178723;2624;3,65
178724;2603;3,12
178725;2611;3,32
178726;2624;3,65
178727;2597;2,97
178728;2625;3,68
178729;2645;4,19
178730;2623;3,63
178731;2559;2,01
178732;2633;3,88
178733;2599;3,02
178734;2669;4,79
178735;2647;4,24
178736;2631;3,83
178737;2645;4,19
178738;2630;3,81
178739;2608;3,25
178751;2638;4,01
178752;2634;3,91
178753;2612;3,35
178754;2607;3,22
178755;2599;3,02
178756;2688;5,27
178757;2667;4,74
178758;2610;3,30
178759;2602;3,10
178760;2704;5,68
178761;2654;4,41
178762;2581;2,57
178763;2697;5,50
178764;2593;2,87
178765;2654;4,41
178766;2651;4,34
178767;2559;2,01
178768;2625;3,68
178779;2559;2,01
178780;2559;2,01
178781;2597;2,97
178782;2643;4,13
178783;2775;7,47
178784;2688;5,27
178785;2591;2,82
178786;2581;2,57
178787;2705;5,70
178788;2592;2,84
178789;2704;5,68
178790;2591;2,82
178791;2597;2,97
178792;2701;5,60
178793;2636;3,96
178794;2630;3,81
178795;2559;2,01
178796;2690;5,32
178797;2673;4,89
178808;2608;3,25
178809;2635;3,93
178810;2595;2,92
178811;2559;2,01
178812;2702;5,63
178813;2634;3,91
178814;2684;5,17
178815;2689;5,30
178816;2667;4,74
178817;2607;3,22
178818;2638;4,01
178819;2619;3,53
178820;2702;5,63
178821;2601;3,07
178822;2638;4,01
178823;2642;4,11
178824;2645;4,19
178825;2618;3,50
178836;2588;2,74
178837;2606;3,20
178838;2695;5,45
178839;2646;4,21
178840;2607;3,22
178841;2603;3,12
178842;2559;2,01
178843;2642;4,11
178844;2685;5,20
178845;2704;5,68
178846;2599;3,02
178847;2559;2,01
178848;2587;2,72
178849;2559;2,01
178850;2559;2,01
178851;2559;2,01
178852;2599;3,02
178853;2636;3,96
178854;2765;7,22
178865;2649;4,29
178866;2655;4,44
178867;2582;2,59
178868;2755;6,97
178869;2650;4,31
178870;2646;4,21
178871;2642;4,11
178872;2596;2,95
178873;2645;4,19
178874;2653;4,39
178875;2699;5,55
178876;2645;4,19
178877;2705;5,70
178878;2645;4,19
178879;2597;2,97
178880;2697;5,50
178881;2688;5,27
178882;2679;5,05
178894;2608;3,25
178895;2613;3,38
178896;2630;3,81
178897;2559;2,01
178898;2559;2,01
178899;2594;2,89
178900;2599;3,02
178901;2582;2,59
178902;2553;1,86
178903;2602;3,10
178904;2589;2,77
178905;2586;2,69
178906;2587;2,72
178907;2557;1,96
178908;2608;3,25
178909;2598;3,00
178910;2559;2,01
178911;2588;2,74
178912;2625;3,68
178923;2622;3,60
178924;2622;3,60
178925;2591;2,82
178926;2559;2,01
178927;2607;3,22
178928;2640;4,06
178929;2613;3,38
178930;2602;3,10
178931;2551;1,81
178932;2596;2,95
178933;2586;2,69
178934;2623;3,63
178935;2557;1,96
178936;2555;1,91
178937;2592;2,84
178938;2621;3,58
178939;2589;2,77
178940;2669;4,79
178951;2581;2,57
178952;2625;3,68
178953;2661;4,59
178954;2641;4,08
178955;2559;2,01
178956;2639;4,03
178957;2559;2,01
178958;2559;2,01
178959;2640;4,06
178960;2559;2,01
178961;2704;5,68
178962;2618;3,50
178963;2559;2,01
178964;2685;5,20
178965;2589;2,77
178966;2720;6,08
178967;2559;2,01
178968;2559;2,01
178969;2741;6,61
178980;2608;3,25
178981;2668;4,77
178982;2661;4,59
178983;2654;4,41
178984;2611;3,32
178985;2559;2,01
178986;2598;3,00
178987;2605;3,17
178988;2608;3,25
178989;2607;3,22
178990;2608;3,25
178991;2605;3,17
178992;2605;3,17
178993;2715;5,96
178994;2613;3,38
178995;2607;3,22
178996;2682;5,12
178997;2559;2,01
179009;2595;2,92
179010;2735;6,46
179011;2608;3,25
179012;2649;4,29
179013;2693;5,40
179014;2736;6,49
179015;2559;2,01
179016;2559;2,01
179017;2727;6,26
179018;2656;4,46
179019;2599;3,02
179020;2559;2,01
179021;2624;3,65
179022;2743;6,66
179023;2688;5,27
179024;2608;3,25
179025;2590;2,79
179026;2611;3,32
179027;2693;5,40
179038;2559;2,01
179039;2546;1,68
179040;2545;1,65
179041;2522;1,07
179042;2544;1,63
179043;2559;2,01
179044;2593;2,87
179045;2534;1,38
179046;2545;1,65
179047;2559;2,01
179048;2541;1,55
179049;2554;1,88
179050;2559;2,01
179051;2559;2,01
179052;2544;1,63
179053;2559;2,01
179054;2543;1,60
179055;2530;1,28
179066;2531;1,30
179067;2511;0,79
179068;2587;2,72
179069;2526;1,17
179070;2533;1,35
179071;2525;1,15
179072;2614;3,40
179073;2514;0,87
179074;2672;4,87
179075;2652;4,36
179076;2533;1,35
179077;2511;0,79
179078;2585;2,67
179079;2532;1,33
179080;2559;2,01
179081;2547;1,71
179082;2514;0,87
179083;2525;1,15
179084;2515;0,90
179095;2589;2,77
179096;2543;1,60
179097;2538;1,48
179098;2736;6,49
179099;2534;1,38
179100;2685;5,20
179101;2505;0,64
179102;2666;4,72
179103;2535;1,40
179104;2582;2,59
179105;2589;2,77
179106;2559;2,01
179107;2537;1,45
179108;2582;2,59
179109;2609;3,27
179110;2688;5,27
179111;2559;2,01
179112;2559;2,01
179123;2528;1,22
179124;2551;1,81
179125;2550;1,78
179126;2718;6,03
179127;2538;1,48
179128;2537;1,45
179129;2559;2,01
179130;2549;1,76
179131;2672;4,87
179132;2559;2,01
179133;2559;2,01
179134;2555;1,91
179135;2559;2,01
179136;2556;1,93
179137;2559;2,01
179138;2559;2,01
179139;2544;1,63
179140;2559;2,01
179141;2559;2,01
179153;2554;1,88
179154;2559;2,01
179155;2544;1,63
179156;2673;4,89
179157;2662;4,62
179158;2624;3,65
179159;2627;3,73
179160;2559;2,01
179161;2596;2,95
179162;2688;5,27
179163;2631;3,83
179164;2731;6,36
179165;2723;6,16
179166;2559;2,01
179167;2608;3,25
179168;2613;3,38
179169;2640;4,06
179170;2593;2,87
179181;2559;2,01
179182;2599;3,02
179183;2700;5,58
179184;2657;4,49
179185;2559;2,01
179186;2708;5,78
179187;2659;4,54
179188;2626;3,70
179189;2690;5,32
179190;2620;3,55
179191;2599;3,02
179192;2597;2,97
179193;2559;2,01
179194;2750;6,84
179195;2559;2,01
179196;2650;4,31
179197;2595;2,92
179198;2631;3,83
179199;2752;6,89
179210;2625;3,68
179211;2627;3,73
179212;2582;2,59
179213;2595;2,92
179214;2555;1,91
179215;2559;2,01
179216;2662;4,62
179217;2736;6,49
179218;2733;6,41
179219;2607;3,22
179220;2690;5,32
179221;2657;4,49
179222;2601;3,07
179223;2599;3,02
179224;2553;1,86
179225;2688;5,27
179226;2558;1,98
179227;2582;2,59
179238;2697;5,50
179239;2701;5,60
179240;2706;5,73
179241;2705;5,70
179242;2754;6,94
179243;2701;5,60
179244;2704;5,68
179245;2714;5,93
179246;2711;5,86
179247;2715;5,96
179248;2703;5,65
179249;2702;5,63
179250;2687;5,25
179251;2701;5,60
179252;2706;5,73
179253;2703;5,65
179254;2763;7,17
179255;2699;5,55
179256;2698;5,53
179268;2549;1,76
179269;2665;4,69
179270;2715;5,96
179271;2745;6,72
179272;2544;1,63
179273;2658;4,51
179274;2544;1,63
179275;2667;4,74
179276;2763;7,17
179277;2544;1,63
179278;2531;1,30
179279;2660;4,56
179280;2559;2,01
179281;2544;1,63
179282;2607;3,22
179283;2624;3,65
179284;2651;4,34
179285;2583;2,62
179296;2605;3,17
179297;2538;1,48
179298;2527;1,20
179299;2640;4,06
179300;2650;4,31
179301;2555;1,91
179302;2541;1,55
179303;2559;2,01
179304;2619;3,53
179305;2630;3,81
179306;2686;5,22
179307;2595;2,92
179308;2640;4,06
179309;2672;4,87
179310;2551;1,81
179311;2559;2,01
179312;2559;2,01
179313;2618;3,50
179314;2670;4,82
179325;2543;1,60
179326;2536;1,43
179327;2649;4,29
179328;2559;2,01
179329;2555;1,91
179330;2546;1,68
179331;2529;1,25
179332;2647;4,24
179333;2559;2,01
179334;2531;1,30
179335;2582;2,59
179336;2606;3,20
179337;2559;2,01
179338;2531;1,30
179339;2603;3,12
179340;2666;4,72
179341;2587;2,72
179342;2551;1,81
179353;2550;1,78
179354;2599;3,02
179355;2544;1,63
179356;2624;3,65
179357;2544;1,63
179358;2698;5,53
179359;2608;3,25
179360;2559;2,01
179361;2669;4,79
179362;2559;2,01
179363;2546;1,68
179364;2551;1,81
179365;2559;2,01
179366;2543;1,60
179367;2539;1,50
179368;2691;5,35
179369;2585;2,67
179370;2527;1,20
179371;2768;7,30
179382;2559;2,01
179383;2631;3,83
179384;2559;2,01
179385;2583;2,62
179386;2586;2,69
179387;2669;4,79
179388;2559;2,01
179389;2559;2,01
179390;2559;2,01
179391;2559;2,01
179392;2624;3,65
179393;2585;2,67
179394;2624;3,65
179395;2532;1,33
179396;2550;1,78
179397;2619;3,53
179398;2559;2,01
179399;2624;3,65
179411;2549;1,76
179412;2774;7,45
179413;2628;3,76
179414;2538;1,48
179415;2598;3,00
179416;2646;4,21
179417;2527;1,20
179418;2559;2,01
179419;2533;1,35
179420;2598;3,00
179421;2587;2,72
179422;2688;5,27
179423;2541;1,55
179424;2559;2,01
179425;2654;4,41
179426;2653;4,39
179427;2543;1,60
179428;2548;1,73
179429;2678;5,02
179440;2692;5,37
179441;2530;1,28
179442;2546;1,68
179443;2551;1,81
179444;2535;1,40
179445;2559;2,01
179446;2722;6,13
179447;2549;1,76
179448;2542;1,58
179449;2559;2,01
179450;2602;3,10
179451;2533;1,35
179452;2534;1,38
179453;2544;1,63
179454;2595;2,92
179455;2608;3,25
179456;2544;1,63
179457;2542;1,58
179468;2737;6,51
179469;2787;7,78
179470;2591;2,82
179471;2611;3,32
179472;2544;1,63
179473;2544;1,63
179474;2624;3,65
179475;2559;2,01
179476;2658;4,51
179477;2653;4,39
179478;2559;2,01
179479;2559;2,01
179480;2640;4,06
179481;2553;1,86
179482;2638;4,01
179483;2559;2,01
179484;2618;3,50
179485;2596;2,95
179486;2587;2,72
179497;2688;5,27
179498;2682;5,12
179499;2678;5,02
179500;2679;5,05
179501;2672;4,87
179502;2672;4,87
179503;2683;5,15
179504;2665;4,69
179505;2673;4,89
179506;2672;4,87
179507;2653;4,39
179508;2656;4,46
179509;2676;4,97
179510;2640;4,06
179511;2682;5,12
179512;2671;4,84
179513;2672;4,87
179514;2701;5,60
179525;2551;1,81
179526;2542;1,58
179527;2537;1,45
179528;2660;4,56
179529;2544;1,63
179530;2548;1,73
179531;2559;2,01
179532;2555;1,91
179533;2673;4,89
179534;2536;1,43
179535;2539;1,50
179536;2538;1,48
179537;2619;3,53
179538;2541;1,55
179539;2559;2,01
179540;2685;5,20
179541;2645;4,19
179542;2547;1,71
179543;2557;1,96
179555;2723;6,16
179556;2672;4,87
179557;2535;1,40
179558;2790;7,85
179559;2559;2,01
179560;2703;5,65
179561;2672;4,87
179562;2877;10,06
179563;2627;3,73
179564;2559;2,01
179565;2731;6,36
179566;2607;3,22
179567;2672;4,87
179568;2641;4,08
179569;2559;2,01
179570;2619;3,53
179571;2637;3,98
179572;2663;4,64
179583;2725;6,21
179584;2641;4,08
179585;2597;2,97
179586;2670;4,82
179587;2627;3,73
179588;2622;3,60
179589;2725;6,21
179590;2615;3,43
179591;2559;2,01
179592;2615;3,43
179593;2692;5,37
179594;2729;6,31
179595;2559;2,01
179596;2621;3,58
179597;2671;4,84
179598;2669;4,79
179599;2778;7,55
179600;2688;5,27
179611;2559;2,01
179612;2632;3,86
179613;2606;3,20
179614;2553;1,86
179615;2624;3,65
179616;2537;1,45
179617;2544;1,63
179618;2721;6,11
179619;2672;4,87
179620;2559;2,01
179621;2559;2,01
179622;2666;4,72
179623;2547;1,71
179624;2662;4,62
179625;2558;1,98
179626;2559;2,01
179627;2559;2,01
179628;2534;1,38
179629;2677;4,99
179640;2559;2,01
179641;2608;3,25
179642;2558;1,98
179643;2678;5,02
179644;2702;5,63
179645;2608;3,25
179646;2752;6,89
179647;2559;2,01
179648;2559;2,01
179649;2559;2,01
179650;2583;2,62
179651;2544;1,63
179652;2594;2,89
179653;2559;2,01
179654;2608;3,25
179655;2607;3,22
179656;2559;2,01
179657;2558;1,98
179669;2550;1,78
179670;2535;1,40
179671;2640;4,06
179672;2615;3,43
179673;2589;2,77
179674;2608;3,25
179675;2542;1,58
179676;2527;1,20
179677;2651;4,34
179678;2597;2,97
179679;2688;5,27
179680;2590;2,79
179681;2606;3,20
179682;2705;5,70
179683;2547;1,71
179684;2559;2,01
179685;2615;3,43
179686;2619;3,53
179687;2559;2,01
179698;2559;2,01
179699;2672;4,87
179700;2608;3,25
179701;2721;6,11
179702;2555;1,91
179703;2551;1,81
179704;2612;3,35
179705;2663;4,64
179706;2608;3,25
179707;2599;3,02
179708;2603;3,12
179709;2559;2,01
179710;2615;3,43
179711;2631;3,83
179712;2559;2,01
179713;2559;2,01
179714;2559;2,01
179715;2672;4,87
179726;2559;2,01
179727;2732;6,39
179728;2746;6,74
179729;2705;5,70
179730;2679;5,05
179731;2693;5,40
179732;2559;2,01
179733;2630;3,81
179734;2721;6,11
179735;2559;2,01
179736;2766;7,25
179737;2608;3,25
179738;2645;4,19
179739;2544;1,63
179740;2621;3,58
179741;2762;7,15
179742;2649;4,29
179743;2559;2,01
179744;2654;4,41
179755;2779;7,58
179756;2789;7,83
179757;2761;7,12
179758;2759;7,07
179759;2795;7,98
179760;2789;7,83
179761;2693;5,40
179762;2719;6,06
179763;2786;7,75
179764;2797;8,03
179765;2807;8,28
179766;2752;6,89
179767;2726;6,23
179768;2787;7,78
179769;2803;8,18
179770;2793;7,93
179771;2815;8,49
179772;2773;7,42
179784;2554;1,88
179785;2609;3,27
179786;2739;6,56
179787;2550;1,78
179788;2608;3,25
179789;2559;2,01
179790;2610;3,30
179791;2717;6,01
179792;2544;1,63
179793;2550;1,78
179794;2593;2,87
179795;2553;1,86
179796;2722;6,13
179797;2553;1,86
179798;2694;5,43
179799;2661;4,59
179800;2531;1,30
179801;2787;7,78
179802;2555;1,91
179813;2796;8,01
179814;2768;7,30
179815;2717;6,01
179816;2736;6,49
179817;2801;8,13
179818;2719;6,06
179819;2729;6,31
179820;2753;6,92
179821;2559;2,01
179822;2608;3,25
179823;2714;5,93
179824;2799;8,08
179825;2663;4,64
179826;2722;6,13
179827;2721;6,11
179828;2691;5,35
179829;2624;3,65
179830;2727;6,26
179841;2689;5,30
179842;2651;4,34
179843;2719;6,06
179844;2758;7,04
179845;2608;3,25
179846;2787;7,78
179847;2734;6,44
179848;2675;4,94
179849;2559;2,01
179850;2559;2,01
179851;2686;5,22
179852;2677;4,99
179853;2710;5,83
179854;2559;2,01
179855;2619;3,53
179856;2629;3,78
179857;2543;1,60
179858;2646;4,21
179859;2547;1,71
179870;2608;3,25
179871;2659;4,54
179872;2755;6,97
179873;2695;5,45
179874;2589;2,77
179875;2756;6,99
179876;2727;6,26
179877;2751;6,87
179878;2645;4,19
179879;2590;2,79
179880;2725;6,21
179881;2761;7,12
179882;2586;2,69
179883;2634;3,91
179884;2723;6,16
179885;2627;3,73
179886;2602;3,10
179887;2639;4,03
179898;2608;3,25
179899;2626;3,70
179900;2465;0,00
179901;2449;0,00
179902;2623;3,63
179903;2482;0,06
179904;2434;0,00
179905;2459;0,00
179906;2425;0,00
179907;2474;0,00
179908;2471;0,00
179909;2479;0,00
179910;2458;0,00
179911;2459;0,00
179912;2457;0,00
179913;2429;0,00
179914;2458;0,00
179915;2487;0,19
179916;2559;2,01
179928;2466;0,00
179929;2468;0,00
179930;2463;0,00
179931;2462;0,00
179932;2448;0,00
179933;2451;0,00
179934;2451;0,00
179935;2448;0,00
179936;2465;0,00
179937;2459;0,00
179938;2470;0,00
179939;2467;0,00
179940;2451;0,00
179941;2448;0,00
179942;2543;1,60
179943;2583;2,62
179944;2615;3,43
179945;2602;3,10
179956;2497;0,44
179957;2488;0,21
179958;2529;1,25
179959;2447;0,00
179960;2451;0,00
179961;2457;0,00
179962;2459;0,00
179963;2453;0,00
179964;2457;0,00
179965;2462;0,00
179966;2457;0,00
179967;2469;0,00
179968;2464;0,00
179969;2455;0,00
179970;2457;0,00
179971;2457;0,00
179972;2457;0,00
179973;2459;0,00
179974;2457;0,00
179985;2609;3,27
179986;2598;3,00
179987;2587;2,72
179988;2586;2,69
179989;2559;2,01
179990;2634;3,91
179991;2647;4,24
179992;2653;4,39
179993;2626;3,70
179994;2753;6,92
179995;2610;3,30
179996;2775;7,47
179997;2671;4,84
179998;2547;1,71
179999;2559;2,01
180000;2704;5,68
180001;2621;3,58
180002;2651;4,34
180013;2631;3,83
180014;2625;3,68
180015;2630;3,81
180016;2742;6,64
180017;2735;6,46
180018;2620;3,55
180019;2736;6,49
180020;2606;3,20
180021;2805;8,23
180022;2651;4,34
180023;2757;7,02
180024;2654;4,41
180025;2737;6,51
180026;2605;3,17
180027;2735;6,46
180028;2816;8,51
180029;2746;6,74
180030;2613;3,38
180031;2876;10,03
180043;2809;8,34
180044;2726;6,23
180045;2559;2,01
180046;2559;2,01
180047;2587;2,72
180048;2783;7,68
180049;2706;5,73
180050;2588;2,74
180051;2671;4,84
180052;2723;6,16
180053;2795;7,98
180054;2704;5,68
180055;2624;3,65
180056;2587;2,72
180057;2638;4,01
180058;2721;6,11
180059;2690;5,32
180060;2588;2,74
180071;2631;3,83
180072;2758;7,04
180073;2653;4,39
180074;2624;3,65
180075;2611;3,32
180076;2692;5,37
180077;2608;3,25
180078;2752;6,89
180079;2755;6,97
180080;2559;2,01
180081;2559;2,01
180082;2759;7,07
180083;2635;3,93
180084;2546;1,68
180085;2699;5,55
180086;2703;5,65
180087;2595;2,92
180088;2663;4,64
180089;2581;2,57
180100;2559;2,01
180101;2546;1,68
180102;2625;3,68
180103;2605;3,17
180104;2672;4,87
180105;2545;1,65
180106;2617;3,48
180107;2752;6,89
180108;2631;3,83
180109;2608;3,25
180110;2677;4,99
180111;2581;2,57
180112;2773;7,42
180113;2709;5,80
180114;2704;5,68
180115;2672;4,87
180116;2689;5,30
180117;2731;6,36
180128;2559;2,01
180129;2581;2,57
180130;2595;2,92
180131;2544;1,63
180132;2559;2,01
180133;2559;2,01
180134;2628;3,76
180135;2653;4,39
180136;2595;2,92
180137;2627;3,73
180138;2647;4,24
180139;2627;3,73
180140;2646;4,21
180141;2643;4,13
180142;2603;3,12
180143;2559;2,01
180144;2667;4,74
180145;2622;3,60
180146;2682;5,12
180157;2640;4,06
180158;2655;4,44
180159;2619;3,53
180160;2640;4,06
180161;2670;4,82
180162;2658;4,51
180163;2658;4,51
180164;2611;3,32
180165;2608;3,25
180166;2559;2,01
180167;2629;3,78
180168;2609;3,27
180169;2621;3,58
180170;2631;3,83
180171;2640;4,06
180172;2594;2,89
180173;2613;3,38
180174;2623;3,63
180186;2559;2,01
180187;2559;2,01
180188;2557;1,96
180189;2548;1,73
180190;2547;1,71
180191;2547;1,71
180192;2529;1,25
180193;2523;1,10
180194;2512;0,82
180195;2511;0,79
180196;2498;0,47
180197;2494;0,36
180198;2478;0,00
180199;2453;0,00
180200;2448;0,00
180201;2438;0,00
180202;2448;0,00
180203;2448;0,00
180204;2450;0,00
180215;2451;0,00
180216;2453;0,00
180217;2453;0,00
180218;2450;0,00
180219;2455;0,00
180220;2460;0,00
180221;2450;0,00
180222;2450;0,00
180223;2457;0,00
180224;2453;0,00
180225;2454;0,00
180226;2451;0,00
180227;2449;0,00
180228;2451;0,00
180229;2454;0,00
180230;2454;0,00
180231;2457;0,00
180232;2454;0,00
180243;2453;0,00
180244;2451;0,00
180245;2454;0,00
180246;2455;0,00
180247;2459;0,00
180248;2455;0,00
180249;2455;0,00
180250;2455;0,00
180251;2455;0,00
180252;2455;0,00
180253;2452;0,00
180254;2463;0,00
180255;2455;0,00
180256;2457;0,00
180257;2455;0,00
180258;2453;0,00
180259;2459;0,00
180260;2458;0,00
180261;2459;0,00
180272;2460;0,00
180273;2451;0,00
180274;2434;0,00
180275;2490;0,26
180276;2455;0,00
180277;2463;0,00
180278;2459;0,00
180279;2455;0,00
180280;2459;0,00
180281;2461;0,00
180282;2457;0,00
180283;2450;0,00
180284;2455;0,00
180285;2460;0,00
180286;2467;0,00
180287;2447;0,00
180288;2450;0,00
180289;2454;0,00
180300;2458;0,00
180301;2454;0,00
180302;2461;0,00
180303;2458;0,00
180304;2458;0,00
180305;2458;0,00
180306;2461;0,00
180307;2494;0,36
180308;2460;0,00
180309;2461;0,00
180310;2455;0,00
180311;2457;0,00
180312;2461;0,00
180313;2457;0,00
180314;2462;0,00
180315;2455;0,00
180316;2459;0,00
180317;2460;0,00
180318;2457;0,00
180330;2462;0,00
180331;2453;0,00
180332;2460;0,00
180333;2459;0,00
180334;2464;0,00
180335;2463;0,00
180336;2459;0,00
180337;2455;0,00
180338;2443;0,00
180339;2455;0,00
180340;2458;0,00
180341;2459;0,00
180342;2459;0,00
180343;2455;0,00
180344;2458;0,00
180345;2460;0,00
180346;2454;0,00
180347;2460;0,00
180358;2454;0,00
180359;2457;0,00
180360;2454;0,00
180361;2458;0,00
180362;2465;0,00
180363;2455;0,00
180364;2457;0,00
180365;2459;0,00
180366;2455;0,00
180367;2453;0,00
180368;2455;0,00
180369;2454;0,00
180370;2459;0,00
180371;2457;0,00
180372;2459;0,00
180373;2464;0,00
180374;2464;0,00
180375;2451;0,00
180376;2455;0,00
180387;2457;0,00
180388;2458;0,00
180389;2454;0,00
180390;2459;0,00
180391;2457;0,00
180392;2460;0,00
180393;2457;0,00
180394;2459;0,00
180395;2460;0,00
180396;2430;0,00
180397;2457;0,00
180398;2455;0,00
180399;2454;0,00
180400;2454;0,00
180401;2460;0,00
180402;2450;0,00
180403;2463;0,00
180404;2454;0,00
180415;2457;0,00
180416;2458;0,00
180417;2457;0,00
180418;2460;0,00
180419;2459;0,00
180420;2463;0,00
180421;2459;0,00
180422;2457;0,00
180423;2454;0,00
180424;2460;0,00
180425;2459;0,00
180426;2461;0,00
180427;2463;0,00
180428;2462;0,00
180429;2463;0,00
180430;2462;0,00
180431;2453;0,00
180432;2463;0,00
180433;2462;0,00
180445;2449;0,00
180446;2459;0,00
180447;2459;0,00
180448;2459;0,00
180449;2459;0,00
180450;2459;0,00
180451;2458;0,00
180452;2463;0,00
180453;2459;0,00
180454;2460;0,00
180455;2462;0,00
180456;2455;0,00
180457;2458;0,00
180458;2452;0,00
180459;2461;0,00
180460;2459;0,00
180461;2454;0,00
180462;2451;0,00
180473;2461;0,00
180474;2463;0,00
180475;2459;0,00
180476;2459;0,00
180477;2462;0,00
180478;2455;0,00
180479;2455;0,00
180480;2460;0,00
180481;2455;0,00
180482;2461;0,00
180483;2461;0,00
180484;2463;0,00
180485;2455;0,00
180486;2461;0,00
180487;2459;0,00
180488;2454;0,00
180489;2464;0,00
180490;2456;0,00
180491;2463;0,00
180502;2459;0,00
180503;2465;0,00
180504;2454;0,00
180505;2459;0,00
180506;2461;0,00
180507;2462;0,00
180508;2451;0,00
180509;2455;0,00
180510;2454;0,00
180511;2457;0,00
180512;2458;0,00
180513;2457;0,00
180514;2457;0,00
180515;2458;0,00
180516;2460;0,00
180517;2458;0,00
180518;2460;0,00
180519;2455;0,00
180530;2454;0,00
180531;2464;0,00
180532;2454;0,00
180533;2459;0,00
180534;2467;0,00
180535;2453;0,00
180536;2458;0,00
180537;2461;0,00
180538;2464;0,00
180539;2465;0,00
180540;2463;0,00
180541;2459;0,00
180542;2462;0,00
180543;2463;0,00
180544;2460;0,00
180545;2463;0,00
180546;2464;0,00
180547;2460;0,00
180548;2461;0,00
180559;2466;0,00
180560;2461;0,00
180561;2457;0,00
180562;2461;0,00
180563;2465;0,00
180564;2459;0,00
180565;2462;0,00
180566;2463;0,00
180567;2463;0,00
180568;2458;0,00
180569;2458;0,00
180570;2461;0,00
180571;2459;0,00
180572;2460;0,00
180573;2465;0,00
180574;2459;0,00
180575;2461;0,00
180576;2462;0,00
180588;2461;0,00
180589;2455;0,00
180590;2457;0,00
180591;2454;0,00
180592;2470;0,00
180593;2462;0,00
180594;2461;0,00
180595;2459;0,00
180596;2459;0,00
180597;2455;0,00
180598;2464;0,00
180599;2462;0,00
180600;2466;0,00
180601;2467;0,00
180602;2464;0,00
180603;2463;0,00
180604;2461;0,00
180605;2465;0,00
180606;2461;0,00
180617;2463;0,00
180618;2460;0,00
180619;2459;0,00
180620;2461;0,00
180621;2461;0,00
180622;2479;0,00
180623;2463;0,00
180624;2463;0,00
180625;2457;0,00
180626;2455;0,00
180627;2461;0,00
180628;2460;0,00
180629;2479;0,00
180630;2461;0,00
180631;2455;0,00
180632;2463;0,00
180633;2461;0,00
180634;2463;0,00
180645;2457;0,00
180646;2466;0,00
180647;2457;0,00
180648;2461;0,00
180649;2468;0,00
180650;2467;0,00
180651;2461;0,00
180652;2458;0,00
180653;2461;0,00
180654;2457;0,00
180655;2462;0,00
180656;2463;0,00
180657;2458;0,00
180658;2463;0,00
180659;2462;0,00
180660;2462;0,00
180661;2458;0,00
180662;2458;0,00
180663;2464;0,00
180674;2463;0,00
180675;2464;0,00
180676;2463;0,00
180677;2459;0,00
180678;2457;0,00
180679;2453;0,00
180680;2459;0,00
180681;2463;0,00
180682;2455;0,00
180683;2460;0,00
180684;2462;0,00
180685;2458;0,00
180686;2455;0,00
180687;2462;0,00
180688;2459;0,00
180689;2459;0,00
180690;2459;0,00
180691;2462;0,00
180703;2458;0,00
180704;2457;0,00
180705;2455;0,00
180706;2453;0,00
180707;2459;0,00
180708;2451;0,00
180709;2454;0,00
180710;2451;0,00
180711;2451;0,00
180712;2450;0,00
180713;2451;0,00
180714;2450;0,00
180715;2448;0,00
180716;2449;0,00
180717;2453;0,00
180718;2450;0,00
180719;2448;0,00
180720;2450;0,00
180721;2448;0,00
180732;2455;0,00
180733;2453;0,00
180734;2453;0,00
180735;2457;0,00
180736;2455;0,00
180737;2462;0,00
180738;2459;0,00
180739;2455;0,00
180740;2453;0,00
180741;2450;0,00
180742;2461;0,00
180743;2451;0,00
180744;2453;0,00
180745;2451;0,00
180746;2455;0,00
180747;2453;0,00
180748;2454;0,00
180749;2453;0,00
180760;2451;0,00
180761;2450;0,00
180762;2450;0,00
180763;2448;0,00
180764;2452;0,00
180765;2448;0,00
180766;2449;0,00
180767;2449;0,00
180768;2452;0,00
180769;2455;0,00
180770;2454;0,00
180771;2449;0,00
180772;2449;0,00
180773;2448;0,00
180774;2453;0,00
180775;2451;0,00
180776;2460;0,00
180777;2453;0,00
180778;2451;0,00
180789;2454;0,00
180790;2449;0,00
180791;2448;0,00
180792;2455;0,00
180793;2454;0,00
180794;2450;0,00
180795;2454;0,00
180796;2450;0,00
180797;2451;0,00
180798;2453;0,00
180799;2459;0,00
180800;2451;0,00
180801;2450;0,00
180802;2448;0,00
180803;2458;0,00
180804;2457;0,00
180805;2457;0,00
180806;2453;0,00
180817;2462;0,00
180818;2451;0,00
180819;2448;0,00
180820;2453;0,00
180821;2448;0,00
180822;2435;0,00
180823;2452;0,00
180824;2452;0,00
180825;2455;0,00
180826;2453;0,00
180827;2454;0,00
180828;2450;0,00
180829;2450;0,00
180830;2450;0,00
180831;2449;0,00
180832;2448;0,00
180833;2453;0,00
180834;2454;0,00
180835;2452;0,00
180847;2453;0,00
180848;2501;0,54
180849;2455;0,00
180850;2448;0,00
180851;2455;0,00
180852;2451;0,00
180853;2450;0,00
180854;2460;0,00
180855;2451;0,00
180856;2451;0,00
180857;2455;0,00
180858;2455;0,00
180859;2449;0,00
180860;2452;0,00
180861;2450;0,00
180862;2450;0,00
180863;2449;0,00
180864;2463;0,00
180875;2448;0,00
180876;2451;0,00
180877;2449;0,00
180878;2449;0,00
180879;2449;0,00
180880;2450;0,00
180881;2453;0,00
180882;2453;0,00
180883;2449;0,00
180884;2458;0,00
180885;2450;0,00
180886;2454;0,00
180887;2455;0,00
180888;2463;0,00
180889;2449;0,00
180890;2450;0,00
180891;2448;0,00
180892;2448;0,00
180893;2453;0,00
180904;2453;0,00
180905;2451;0,00
180906;2450;0,00
180907;2448;0,00
180908;2449;0,00
180909;2448;0,00
180910;2454;0,00
180911;2449;0,00
180912;2453;0,00
180913;2449;0,00
180914;2450;0,00
180915;2448;0,00
180916;2449;0,00
180917;2448;0,00
180918;2453;0,00
180919;2449;0,00
180920;2455;0,00
180921;2454;0,00
180932;2448;0,00
180933;2450;0,00
180934;2450;0,00
180935;2448;0,00
180936;2451;0,00
180937;2448;0,00
180938;2455;0,00
180939;2449;0,00
180940;2448;0,00
180941;2451;0,00
180942;2451;0,00
180943;2451;0,00
180944;2452;0,00
180945;2448;0,00
180946;2454;0,00
180947;2448;0,00
180948;2453;0,00
180949;2450;0,00
180950;2448;0,00
180962;2450;0,00
180963;2448;0,00
180964;2448;0,00
180965;2449;0,00
180966;2448;0,00
180967;2447;0,00
180968;2449;0,00
180969;2448;0,00
180970;2449;0,00
180971;2449;0,00
180972;2448;0,00
180973;2450;0,00
180974;2448;0,00
180975;2448;0,00
180976;2457;0,00
180977;2449;0,00
180978;2448;0,00
180979;2445;0,00
180990;2448;0,00
180991;2448;0,00
180992;2449;0,00
180993;2448;0,00
180994;2449;0,00
180995;2451;0,00
180996;2448;0,00
180997;2448;0,00
180998;2450;0,00
180999;2448;0,00
181000;2450;0,00
181001;2448;0,00
181002;2449;0,00
181003;2450;0,00
181004;2450;0,00
181005;2448;0,00
181006;2454;0,00
181007;2458;0,00
181008;2453;0,00
181019;2445;0,00
181020;2450;0,00
181021;2452;0,00
181022;2451;0,00
181023;2448;0,00
181024;2453;0,00
181025;2451;0,00
181026;2451;0,00
181027;2450;0,00
181028;2454;0,00
181029;2439;0,00
181030;2448;0,00
181031;2451;0,00
181032;2450;0,00
181033;2452;0,00
181034;2448;0,00
181035;2458;0,00
181036;2451;0,00
181047;2454;0,00
181048;2449;0,00
181049;2455;0,00
181050;2447;0,00
181051;2451;0,00
181052;2448;0,00
181053;2448;0,00
181054;2448;0,00
181055;2448;0,00
181056;2450;0,00
181057;2450;0,00
181058;2448;0,00
181059;2452;0,00
181060;2453;0,00
181061;2448;0,00
181062;2451;0,00
181063;2451;0,00
181064;2453;0,00
181065;2448;0,00
181076;2448;0,00
181077;2449;0,00
181078;2451;0,00
181079;2450;0,00
181080;2449;0,00
181081;2450;0,00
181082;2452;0,00
181083;2450;0,00
181084;2448;0,00
181085;2450;0,00
181086;2451;0,00
181087;2451;0,00
181088;2453;0,00
181089;2451;0,00
181090;2448;0,00
181091;2450;0,00
181092;2451;0,00
181093;2455;0,00
181105;2455;0,00
181106;2449;0,00
181107;2453;0,00
181108;2449;0,00
181109;2449;0,00
181110;2449;0,00
181111;2448;0,00
181112;2448;0,00
181113;2449;0,00
181114;2448;0,00
181115;2451;0,00
181116;2454;0,00
181117;2452;0,00
181118;2454;0,00
181119;2453;0,00
181120;2448;0,00
181121;2449;0,00
181122;2448;0,00
181123;2448;0,00
181134;2452;0,00
181135;2449;0,00
181136;2453;0,00
181137;2451;0,00
181138;2449;0,00
181139;2449;0,00
181140;2454;0,00
181141;2448;0,00
181142;2451;0,00
181143;2454;0,00
181144;2450;0,00
181145;2453;0,00
181146;2452;0,00
181147;2452;0,00
181148;2449;0,00
181149;2455;0,00
181150;2449;0,00
181151;2450;0,00
181162;2451;0,00
181163;2449;0,00
181164;2449;0,00
181165;2455;0,00
181166;2453;0,00
181167;2449;0,00
181168;2448;0,00
181169;2452;0,00
181170;2451;0,00
181171;2451;0,00
181172;2439;0,00
181173;2452;0,00
181174;2450;0,00
181175;2453;0,00
181176;2450;0,00
181177;2450;0,00
181178;2452;0,00
181179;2453;0,00
181180;2449;0,00
181191;2454;0,00
181192;2449;0,00
181193;2451;0,00
181194;2453;0,00
181195;2452;0,00
181196;2450;0,00
181197;2449;0,00
181198;2448;0,00
181199;2450;0,00
181200;2450;0,00
181201;2453;0,00
181202;2454;0,00
181203;2452;0,00
181204;2449;0,00
181205;2449;0,00
181206;2451;0,00
181207;2449;0,00
181208;2453;0,00
181220;2449;0,00
181221;2445;0,00
181222;2448;0,00
181223;2451;0,00
181224;2448;0,00
181225;2448;0,00
181226;2448;0,00
181227;2452;0,00
181228;2448;0,00
181229;2448;0,00
181230;2447;0,00
181231;2454;0,00
181232;2448;0,00
181233;2451;0,00
181234;2448;0,00
181235;2448;0,00
181236;2453;0,00
181237;2427;0,00
181238;2449;0,00
181249;2451;0,00
181250;2458;0,00
181251;2449;0,00
181252;2455;0,00
181253;2450;0,00
181254;2450;0,00
181255;2450;0,00
181256;2454;0,00
181257;2451;0,00
181258;2450;0,00
181259;2455;0,00
181260;2449;0,00
181261;2451;0,00
181262;2453;0,00
181263;2451;0,00
181264;2448;0,00
181265;2449;0,00
181266;2447;0,00
181277;2448;0,00
181278;2450;0,00
181279;2447;0,00
181280;2448;0,00
