Tempo_ms;ADC_Bruto;Forca_kg
197464;2519;0,91
197465;2559;1,92
197466;2517;0,86
197467;2518;0,88
197468;2517;0,86
197469;2519;0,91
197470;2517;0,86
197471;2523;1,01
197472;2519;0,91
197473;2513;0,75
197474;2523;1,01
197475;2514;0,78
197476;2518;0,88
197477;2522;0,98
197478;2517;0,86
197479;2523;1,01
197480;2518;0,88
197481;2516;0,83
197482;2516;0,83
197483;2519;0,91
197484;2519;0,91
197485;2522;0,98
197486;2518;0,88
197487;2514;0,78
197488;2516;0,83
197489;2512;0,73
197490;2517;0,86
197491;2518;0,88
197492;2517;0,86
197493;2512;0,73
197494;2519;0,91
197495;2513;0,75
197496;2517;0,86
197497;2512;0,73
197498;2515;0,80
197499;2515;0,80
197500;2513;0,75
197501;2514;0,78
197502;2516;0,83
197503;2519;0,91
197504;2517;0,86
197505;2514;0,78
197506;2508;0,63
197507;2516;0,83
197508;2512;0,73
197509;2507;0,60
197510;2518;0,88
197511;2515;0,80
197512;2512;0,73
197513;2511;0,70
197514;2513;0,75
197515;2512;0,73
197516;2512;0,73
197517;2519;0,91
197518;2512;0,73
197519;2513;0,75
197520;2515;0,80
197521;2520;0,93
197522;2512;0,73
197523;2522;0,98
197524;2522;0,98
197525;2517;0,86
197526;2515;0,80
197527;2518;0,88
197528;2515;0,80
197529;2512;0,73
197530;2512;0,73
197531;2512;0,73
197532;2512;0,73
197533;2513;0,75
197534;2512;0,73
197535;2513;0,75
197536;2517;0,86
197537;2516;0,83
197538;2513;0,75
197539;2512;0,73
197540;2512;0,73
197541;2515;0,80
197542;2517;0,86
197543;2512;0,73
197544;2512;0,73
197545;2519;0,91
197546;2515;0,80
197547;2512;0,73
197548;2512;0,73
197549;2512;0,73
197550;2512;0,73
197551;2516;0,83
197552;2521;0,96
197553;2513;0,75
197554;2519;0,91
197555;2512;0,73
197556;2513;0,75
197557;2512;0,73
197558;2515;0,80
197559;2511;0,70
197560;2511;0,70
197561;2522;0,98
197562;2511;0,70
197563;2511;0,70
197564;2517;0,86
197565;2514;0,78
197566;2512;0,73
197567;2510;0,68
197568;2512;0,73
197569;2516;0,83
197570;2511;0,70
197571;2507;0,60
197572;2512;0,73
197573;2509;0,65
197574;2514;0,78
197575;2512;0,73
197576;2515;0,80
197577;2511;0,70
197578;2512;0,73
197579;2506;0,58
197580;2512;0,73
197581;2512;0,73
197582;2513;0,75
197583;2512;0,73
197584;2514;0,78
197585;2511;0,70
197586;2516;0,83
197587;2510;0,68
197588;2511;0,70
197589;2507;0,60
197590;2511;0,70
197591;2513;0,75
197592;2511;0,70
197593;2509;0,65
197594;2513;0,75
197595;2506;0,58
197596;2517;0,86
197597;2514;0,78
197598;2514;0,78
197599;2511;0,70
197600;2510;0,68
197601;2512;0,73
197602;2512;0,73
197603;2507;0,60
197604;2512;0,73
197605;2511;0,70
197606;2512;0,73
197607;2512;0,73
197608;2511;0,70
197609;2509;0,65
197610;2511;0,70
197611;2512;0,73
197612;2511;0,70
197613;2509;0,65
197614;2510;0,68
197615;2512;0,73
197616;2512;0,73
197617;2510;0,68
197618;2512;0,73
197619;2512;0,73
197620;2511;0,70
197621;2503;0,50
197622;2506;0,58
197623;2511;0,70
197624;2507;0,60
197625;2513;0,75
197626;2514;0,78
197627;2507;0,60
197628;2514;0,78
197629;2510;0,68
197630;2509;0,65
197631;2516;0,83
197632;2506;0,58
197633;2512;0,73
197634;2515;0,80
197635;2512;0,73
197636;2512;0,73
197637;2512;0,73
197638;2512;0,73
197639;2512;0,73
197640;2503;0,50
197641;2498;0,37
197642;2511;0,70
197643;2510;0,68
197644;2512;0,73
197645;2501;0,45
197646;2512;0,73
197647;2507;0,60
197648;2515;0,80
197649;2528;1,13
197650;2512;0,73
197651;2506;0,58
197652;2512;0,73
197653;2512;0,73
197654;2522;0,98
197655;2511;0,70
197656;2519;0,91
197657;2512;0,73
197658;2515;0,80
197659;2512;0,73
197660;2513;0,75
197661;2512;0,73
197662;2513;0,75
197663;2512;0,73
197664;2513;0,75
197665;2514;0,78
197666;2515;0,80
197667;2512;0,73
197668;2519;0,91
197669;2513;0,75
197670;2514;0,78
197671;2516;0,83
197672;2517;0,86
197673;2511;0,70
197674;2522;0,98
197675;2507;0,60
197676;2512;0,73
197677;2509;0,65
197678;2522;0,98
197679;2513;0,75
197680;2519;0,91
197681;2512;0,73
197682;2515;0,80
197683;2522;0,98
197684;2519;0,91
197685;2513;0,75
197686;2514;0,78
197687;2511;0,70
197688;2519;0,91
197689;2513;0,75
197690;2518;0,88
197691;2511;0,70
197692;2512;0,73
197693;2518;0,88
197694;2518;0,88
197695;2512;0,73
197696;2521;0,96
197697;2511;0,70
197698;2512;0,73
197699;2512;0,73
197700;2514;0,78
197701;2507;0,60
197702;2529;1,16
197703;2523;1,01
197704;2519;0,91
197705;2512;0,73
197706;2517;0,86
197707;2512;0,73
197708;2526;1,08
197709;2516;0,83
197710;2521;0,96
197711;2511;0,70
197712;2524;1,03
197713;2516;0,83
197714;2526;1,08
197715;2517;0,86
197716;2515;0,80
197717;2512;0,73
197718;2519;0,91
197719;2515;0,80
197720;2531;1,21
197721;2515;0,80
197722;2517;0,86
197723;2514;0,78
197724;2526;1,08
197725;2517;0,86
197726;2521;0,96
197727;2515;0,80
197728;2512;0,73
197729;2514;0,78
197730;2525;1,06
197731;2511;0,70
197732;2513;0,75
197733;2512;0,73
197734;2513;0,75
197735;2512;0,73
197736;2546;1,59
197737;2522;0,98
197738;2521;0,96
197739;2513;0,75
197740;2519;0,91
197741;2517;0,86
197742;2527;1,11
197743;2522;0,98
197744;2548;1,64
197745;2519;0,91
197746;2522;0,98
197747;2513;0,75
197748;2517;0,86
197749;2514;0,78
197750;2533;1,26
197751;2517;0,86
197752;2527;1,11
197753;2514;0,78
197754;2537;1,36
197755;2522;0,98
197756;2533;1,26
197757;2513;0,75
197758;2528;1,13
197759;2522;0,98
197760;2528;1,13
197761;2521;0,96
197762;2517;0,86
197763;2523;1,01
197764;2521;0,96
197765;2519;0,91
197766;2526;1,08
197767;2515;0,80
197768;2523;1,01
197769;2521;0,96
197770;2528;1,13
197771;2521;0,96
197772;2526;1,08
197773;2523;1,01
197774;2529;1,16
197775;2521;0,96
197776;2515;0,80
197777;2518;0,88
197778;2538;1,39
197779;2515;0,80
197780;2526;1,08
197781;2528;1,13
197782;2526;1,08
197783;2525;1,06
197784;2530;1,18
197785;2529;1,16
197786;2529;1,16
197787;2515;0,80
197788;2525;1,06
197789;2519;0,91
197790;2525;1,06
197791;2523;1,01
197792;2531;1,21
197793;2515;0,80
197794;2519;0,91
197795;2537;1,36
197796;2529;1,16
197797;2517;0,86
197798;2515;0,80
197799;2528;1,13
197800;2519;0,91
197801;2525;1,06
197802;2526;1,08
197803;2512;0,73
197804;2526;1,08
197805;2521;0,96
197806;2519;0,91
197807;2513;0,75
197808;2525;1,06
197809;2514;0,78
197810;2519;0,91
197811;2514;0,78
197812;2531;1,21
197813;2521;0,96
197814;2512;0,73
197815;2519;0,91
197816;2527;1,11
197817;2521;0,96
197818;2523;1,01
197819;2512;0,73
197820;2543;1,51
197821;2527;1,11
197822;2521;0,96
197823;2512;0,73
197824;2517;0,86
197825;2521;0,96
197826;2531;1,21
197827;2521;0,96
197828;2525;1,06
197829;2515;0,80
197830;2528;1,13
197831;2508;0,63
197832;2522;0,98
197833;2519;0,91
197834;2512;0,73
197835;2516;0,83
197836;2528;1,13
197837;2512;0,73
197838;2518;0,88
197839;2515;0,80
197840;2517;0,86
197841;2515;0,80
197842;2529;1,16
197843;2515;0,80
197844;2523;1,01
197845;2519;0,91
197846;2517;0,86
197847;2523;1,01
197848;2525;1,06
197849;2518;0,88
197850;2530;1,18
197851;2527;1,11
197852;2526;1,08
197853;2517;0,86
197854;2526;1,08
197855;2512;0,73
197856;2532;1,23
197857;2521;0,96
197858;2518;0,88
197859;2515;0,80
197860;2531;1,21
197861;2513;0,75
197862;2517;0,86
197863;2522;0,98
197864;2529;1,16
197865;2521;0,96
197866;2531;1,21
197867;2515;0,80
197868;2534;1,29
197869;2518;0,88
197870;2517;0,86
197871;2519;0,91
197872;2515;0,80
197873;2518;0,88
197874;2519;0,91
197875;2510;0,68
197876;2514;0,78
197877;2519;0,91
197878;2523;1,01
197879;2512;0,73
197880;2517;0,86
197881;2511;0,70
197882;2517;0,86
197883;2512;0,73
197884;2534;1,29
197885;2511;0,70
197886;2523;1,01
197887;2512;0,73
197888;2529;1,16
197889;2512;0,73
197890;2518;0,88
197891;2512;0,73
197892;2545;1,56
197893;2512;0,73
197894;2515;0,80
197895;2514;0,78
197896;2523;1,01
197897;2513;0,75
197898;2523;1,01
197899;2518;0,88
197900;2525;1,06
197901;2512;0,73
197902;2525;1,06
197903;2513;0,75
197904;2519;0,91
197905;2521;0,96
197906;2532;1,23
197907;2512;0,73
197908;2544;1,54
197909;2512;0,73
197910;2525;1,06
197911;2512;0,73
197912;2526;1,08
197913;2513;0,75
197914;2531;1,21
197915;2519;0,91
197916;2531;1,21
197917;2514;0,78
197918;2522;0,98
197919;2519;0,91
197920;2528;1,13
197921;2524;1,03
197922;2534;1,29
197923;2533;1,26
197924;2531;1,21
197925;2515;0,80
197926;2515;0,80
197927;2515;0,80
197928;2529;1,16
197929;2517;0,86
197930;2521;0,96
197931;2512;0,73
197932;2525;1,06
197933;2513;0,75
197934;2533;1,26
197935;2510;0,68
197936;2519;0,91
197937;2513;0,75
197938;2534;1,29
197939;2512;0,73
197940;2527;1,11
197941;2517;0,86
197942;2528;1,13
197943;2517;0,86
197944;2516;0,83
197945;2518;0,88
197946;2541;1,46
197947;2513;0,75
197948;2527;1,11
197949;2515;0,80
197950;2526;1,08
197951;2515;0,80
197952;2528;1,13
197953;2514;0,78
197954;2524;1,03
197955;2518;0,88
197956;2527;1,11
197957;2515;0,80
197958;2531;1,21
197959;2523;1,01
197960;2535;1,31
197961;2515;0,80
197962;2518;0,88
197963;2526;1,08
197964;2521;0,96
197965;2523;1,01
197966;2521;0,96
197967;2517;0,86
197968;2533;1,26
197969;2516;0,83
197970;2527;1,11
197971;2518;0,88
197972;2527;1,11
197973;2525;1,06
197974;2533;1,26
197975;2518;0,88
197976;2517;0,86
197977;2519;0,91
197978;2542;1,49
197979;2522;0,98
197980;2521;0,96
197981;2515;0,80
197982;2537;1,36
197983;2521;0,96
197984;2525;1,06
197985;2514;0,78
197986;2531;1,21
197987;2521;0,96
197988;2539;1,41
197989;2514;0,78
197990;2535;1,31
197991;2516;0,83
197992;2531;1,21
197993;2516;0,83
197994;2528;1,13
197995;2523;1,01
197996;2533;1,26
197997;2530;1,18
197998;2526;1,08
197999;2519;0,91
198000;2523;1,01
198001;2522;0,98
198002;2532;1,23
198003;2518;0,88
198004;2559;1,92
198005;2531;1,21
198006;2537;1,36
198007;2523;1,01
198008;2538;1,39
198009;2522;0,98
198010;2527;1,11
198011;2527;1,11
198012;2526;1,08
198013;2532;1,23
198014;2525;1,06
198015;2525;1,06
198016;2525;1,06
198017;2527;1,11
198018;2550;1,69
198019;2522;0,98
198020;2517;0,86
198021;2530;1,18
198022;2531;1,21
198023;2531;1,21
198024;2526;1,08
198025;2522;0,98
198026;2526;1,08
198027;2528;1,13
198028;2544;1,54
198029;2527;1,11
198030;2555;1,82
198031;2524;1,03
198032;2544;1,54
198033;2521;0,96
198034;2532;1,23
198035;2527;1,11
198036;2534;1,29
198037;2527;1,11
198038;2544;1,54
198039;2525;1,06
198040;2541;1,46
198041;2531;1,21
198042;2535;1,31
198043;2531;1,21
198044;2543;1,51
198045;2531;1,21
198046;2535;1,31
198047;2531;1,21
198048;2551;1,72
198049;2533;1,26
198050;2531;1,21
198051;2534;1,29
198052;2531;1,21
198053;2530;1,18
198054;2555;1,82
198055;2527;1,11
198056;2554;1,79
198057;2526;1,08
198058;2535;1,31
198059;2544;1,54
198060;2555;1,82
198061;2532;1,23
198062;2541;1,46
198063;2530;1,18
198064;2545;1,56
198065;2529;1,16
198066;2547;1,61
198067;2528;1,13
198068;2550;1,69
198069;2538;1,39
198070;2538;1,39
198071;2548;1,64
198072;2542;1,49
198073;2538;1,39
198074;2539;1,41
198075;2538;1,39
198076;2555;1,82
198077;2541;1,46
198078;2542;1,49
198079;2529;1,16
198080;2547;1,61
198081;2544;1,54
198082;2558;1,89
198083;2543;1,51
198084;2545;1,56
198085;2542;1,49
198086;2553;1,77
198087;2544;1,54
198088;2546;1,59
198089;2539;1,41
198090;2549;1,66
198091;2542;1,49
198092;2545;1,56
198093;2539;1,41
198094;2551;1,72
198095;2535;1,31
198096;2548;1,64
198097;2534;1,29
198098;2544;1,54
198099;2530;1,18
198100;2550;1,69
198101;2535;1,31
198102;2547;1,61
198103;2537;1,36
198104;2551;1,72
198105;2536;1,34
198106;2551;1,72
198107;2544;1,54
198108;2544;1,54
198109;2535;1,31
198110;2554;1,79
198111;2535;1,31
198112;2551;1,72
198113;2537;1,36
198114;2544;1,54
198115;2539;1,41
198116;2544;1,54
198117;2539;1,41
198118;2540;1,44
198119;2544;1,54
198120;2555;1,82
198121;2535;1,31
198122;2549;1,66
198123;2533;1,26
198124;2544;1,54
198125;2535;1,31
198126;2549;1,66
198127;2535;1,31
198128;2558;1,89
198129;2541;1,46
198130;2546;1,59
198131;2535;1,31
198132;2545;1,56
198133;2541;1,46
198134;2539;1,41
198135;2541;1,46
198136;2551;1,72
198137;2543;1,51
198138;2544;1,54
198139;2535;1,31
198140;2554;1,79
198141;2544;1,54
198142;2539;1,41
198143;2543;1,51
198144;2550;1,69
198145;2542;1,49
198146;2538;1,39
198147;2535;1,31
198148;2556;1,84
198149;2537;1,36
198150;2541;1,46
198151;2543;1,51
198152;2541;1,46
198153;2534;1,29
198154;2543;1,51
198155;2542;1,49
198156;2545;1,56
198157;2534;1,29
198158;2554;1,79
198159;2543;1,51
198160;2544;1,54
198161;2541;1,46
198162;2548;1,64
198163;2543;1,51
198164;2544;1,54
198165;2543;1,51
198166;2547;1,61
198167;2544;1,54
198168;2551;1,72
198169;2540;1,44
198170;2544;1,54
198171;2532;1,23
198172;2545;1,56
198173;2544;1,54
198174;2544;1,54
198175;2538;1,39
198176;2539;1,41
198177;2539;1,41
198178;2555;1,82
198179;2533;1,26
198180;2542;1,49
198181;2533;1,26
198182;2541;1,46
198183;2544;1,54
198184;2551;1,72
198185;2538;1,39
198186;2539;1,41
198187;2544;1,54
198188;2596;2,85
198189;2542;1,49
198190;2537;1,36
198191;2542;1,49
198192;2537;1,36
198193;2543;1,51
198194;2553;1,77
198195;2541;1,46
198196;2552;1,74
198197;2535;1,31
198198;2544;1,54
198199;2541;1,46
198200;2551;1,72
198201;2540;1,44
198202;2551;1,72
198203;2543;1,51
198204;2544;1,54
198205;2534;1,29
198206;2559;1,92
198207;2543;1,51
198208;2544;1,54
198209;2530;1,18
198210;2548;1,64
198211;2542;1,49
198212;2544;1,54
198213;2528;1,13
198214;2559;1,92
198215;2528;1,13
198216;2558;1,89
198217;2541;1,46
198218;2555;1,82
198219;2533;1,26
198220;2559;1,92
198221;2535;1,31
198222;2552;1,74
198223;2535;1,31
198224;2545;1,56
198225;2535;1,31
198226;2539;1,41
198227;2530;1,18
198228;2557;1,87
198229;2535;1,31
198230;2533;1,26
198231;2533;1,26
198232;2544;1,54
198233;2539;1,41
198234;2547;1,61
198235;2534;1,29
198236;2555;1,82
198237;2537;1,36
198238;2544;1,54
198239;2559;1,92
198240;2535;1,31
198241;2533;1,26
198242;2554;1,79
198243;2535;1,31
198244;2547;1,61
198245;2531;1,21
198246;2545;1,56
198247;2538;1,39
198248;2551;1,72
198249;2532;1,23
198250;2544;1,54
198251;2538;1,39
198252;2557;1,87
198253;2538;1,39
198254;2541;1,46
198255;2531;1,21
198256;2559;1,92
198257;2546;1,59
198258;2544;1,54
198259;2535;1,31
198260;2559;1,92
198261;2544;1,54
198262;2544;1,54
198263;2539;1,41
198264;2555;1,82
198265;2539;1,41
198266;2605;3,08
198267;2543;1,51
198268;2553;1,77
198269;2539;1,41
198270;2595;2,83
198271;2539;1,41
198272;2555;1,82
198273;2543;1,51
198274;2543;1,51
198275;2544;1,54
198276;2539;1,41
198277;2549;1,66
198278;2557;1,87
198279;2540;1,44
198280;2555;1,82
198281;2538;1,39
198282;2559;1,92
198283;2534;1,29
198284;2545;1,56
198285;2539;1,41
198286;2557;1,87
198287;2538;1,39
198288;2545;1,56
198289;2537;1,36
198290;2550;1,69
198291;2541;1,46
198292;2541;1,46
198293;2541;1,46
198294;2544;1,54
198295;2538;1,39
198296;2549;1,66
198297;2531;1,21
198298;2541;1,46
198299;2539;1,41
198300;2559;1,92
198301;2534;1,29
198302;2528;1,13
198303;2539;1,41
198304;2558;1,89
198305;2543;1,51
198306;2544;1,54
198307;2544;1,54
198308;2544;1,54
198309;2538;1,39
198310;2558;1,89
198311;2537;1,36
198312;2544;1,54
198313;2544;1,54
198314;2581;2,47
198315;2538;1,39
198316;2546;1,59
198317;2538;1,39
198318;2559;1,92
198319;2543;1,51
198320;2559;1,92
198321;2551;1,72
198322;2543;1,51
198323;2543;1,51
198324;2559;1,92
198325;2537;1,36
198326;2544;1,54
198327;2539;1,41
198328;2542;1,49
198329;2541;1,46
198330;2544;1,54
198331;2539;1,41
198332;2549;1,66
198333;2540;1,44
198334;2559;1,92
198335;2553;1,77
198336;2545;1,56
198337;2544;1,54
198338;2559;1,92
198339;2544;1,54
198340;2549;1,66
198341;2543;1,51
198342;2559;1,92
198343;2544;1,54
198344;2551;1,72
198345;2543;1,51
198346;2550;1,69
198347;2545;1,56
198348;2554;1,79
198349;2543;1,51
198350;2559;1,92
198351;2545;1,56
198352;2558;1,89
198353;2556;1,84
198354;2558;1,89
198355;2544;1,54
198356;2559;1,92
198357;2542;1,49
198358;2558;1,89
198359;2549;1,66
198360;2549;1,66
198361;2555;1,82
198362;2559;1,92
198363;2547;1,61
198364;2559;1,92
198365;2551;1,72
198366;2588;2,65
198367;2555;1,82
198368;2559;1,92
198369;2558;1,89
198370;2545;1,56
198371;2558;1,89
198372;2589;2,68
198373;2548;1,64
198374;2555;1,82
198375;2544;1,54
198376;2553;1,77
198377;2553;1,77
198378;2554;1,79
198379;2546;1,59
198380;2559;1,92
198381;2549;1,66
198382;2559;1,92
198383;2544;1,54
198384;2557;1,87
198385;2543;1,51
198386;2559;1,92
198387;2543;1,51
198388;2547;1,61
198389;2548;1,64
198390;2543;1,51
198391;2545;1,56
198392;2549;1,66
198393;2544;1,54
198394;2551;1,72
198395;2535;1,31
198396;2559;1,92
198397;2544;1,54
198398;2547;1,61
198399;2544;1,54
198400;2550;1,69
198401;2541;1,46
198402;2555;1,82
198403;2544;1,54
198404;2544;1,54
198405;2542;1,49
198406;2551;1,72
198407;2544;1,54
198408;2547;1,61
198409;2539;1,41
198410;2608;3,16
198411;2535;1,31
198412;2548;1,64
198413;2540;1,44
198414;2544;1,54
198415;2538;1,39
198416;2544;1,54
198417;2537;1,36
198418;2547;1,61
198419;2538;1,39
198420;2544;1,54
198421;2544;1,54
198422;2544;1,54
198423;2544;1,54
198424;2551;1,72
198425;2554;1,79
198426;2550;1,69
198427;2543;1,51
198428;2555;1,82
198429;2544;1,54
198430;2553;1,77
198431;2544;1,54
198432;2559;1,92
198433;2542;1,49
198434;2537;1,36
198435;2544;1,54
198436;2559;1,92
198437;2539;1,41
198438;2559;1,92
198439;2549;1,66
198440;2557;1,87
198441;2544;1,54
198442;2559;1,92
198443;2544;1,54
198444;2582;2,50
198445;2554;1,79
198446;2559;1,92
198447;2554;1,79
198448;2550;1,69
198449;2543;1,51
198450;2547;1,61
198451;2553;1,77
198452;2558;1,89
198453;2545;1,56
198454;2555;1,82
198455;2551;1,72
198456;2556;1,84
198457;2543;1,51
198458;2559;1,92
198459;2546;1,59
198460;2557;1,87
198461;2551;1,72
198462;2553;1,77
198463;2549;1,66
198464;2559;1,92
198465;2545;1,56
198466;2553;1,77
198467;2555;1,82
198468;2545;1,56
198469;2553;1,77
198470;2559;1,92
198471;2549;1,66
198472;2559;1,92
198473;2547;1,61
198474;2598;2,90
198475;2546;1,59
198476;2554;1,79
198477;2549;1,66
198478;2602;3,01
198479;2550;1,69
198480;2559;1,92
198481;2550;1,69
198482;2559;1,92
198483;2555;1,82
198484;2559;1,92
198485;2551;1,72
198486;2559;1,92
198487;2548;1,64
198488;2559;1,92
198489;2551;1,72
198490;2559;1,92
198491;2548;1,64
198492;2559;1,92
198493;2549;1,66
198494;2559;1,92
198495;2554;1,79
198496;2587;2,63
198497;2557;1,87
198498;2559;1,92
198499;2559;1,92
198500;2559;1,92
198501;2556;1,84
198502;2559;1,92
198503;2559;1,92
198504;2559;1,92
198505;2559;1,92
198506;2559;1,92
198507;2557;1,87
198508;2559;1,92
198509;2551;1,72
198510;2559;1,92
198511;2558;1,89
198512;2559;1,92
198513;2551;1,72
198514;2559;1,92
198515;2555;1,82
198516;2587;2,63
198517;2559;1,92
198518;2584;2,55
198519;2553;1,77
198520;2583;2,53
198521;2559;1,92
198522;2583;2,53
198523;2559;1,92
198524;2581;2,47
198525;2559;1,92
198526;2592;2,75
198527;2559;1,92
198528;2559;1,92
198529;2559;1,92
198530;2559;1,92
198531;2559;1,92
198532;2559;1,92
198533;2559;1,92
198534;2592;2,75
198535;2559;1,92
198536;2559;1,92
198537;2559;1,92
198538;2559;1,92
198539;2559;1,92
198540;2590;2,70
198541;2559;1,92
198542;2559;1,92
198543;2559;1,92
198544;2559;1,92
198545;2559;1,92
198546;2559;1,92
198547;2559;1,92
198548;2583;2,53
198549;2559;1,92
198550;2559;1,92
198551;2559;1,92
198552;2581;2,47
198553;2559;1,92
198554;2591;2,73
198555;2559;1,92
198556;2587;2,63
198557;2559;1,92
198558;2559;1,92
198559;2559;1,92
198560;2591;2,73
198561;2559;1,92
198562;2591;2,73
198563;2559;1,92
198564;2590;2,70
198565;2559;1,92
198566;2559;1,92
198567;2559;1,92
198568;2610;3,21
198569;2559;1,92
198570;2587;2,63
198571;2559;1,92
198572;2559;1,92
198573;2559;1,92
198574;2559;1,92
198575;2559;1,92
198576;2591;2,73
198577;2559;1,92
198578;2559;1,92
198579;2559;1,92
198580;2593;2,78
198581;2559;1,92
198582;2611;3,23
198583;2559;1,92
198584;2591;2,73
198585;2581;2,47
198586;2599;2,93
198587;2559;1,92
198588;2590;2,70
198589;2559;1,92
198590;2559;1,92
198591;2559;1,92
198592;2559;1,92
198593;2559;1,92
198594;2590;2,70
198595;2559;1,92
198596;2559;1,92
198597;2583;2,53
198598;2589;2,68
198599;2559;1,92
198600;2599;2,93
198601;2559;1,92
198602;2583;2,53
198603;2583;2,53
198604;2586;2,60
198605;2559;1,92
198606;2597;2,88
198607;2583;2,53
198608;2603;3,03
198609;2585;2,58
198610;2608;3,16
198611;2559;1,92
198612;2589;2,68
198613;2559;1,92
198614;2605;3,08
198615;2559;1,92
198616;2586;2,60
198617;2583;2,53
198618;2559;1,92
198619;2559;1,92
198620;2559;1,92
198621;2591;2,73
198622;2592;2,75
198623;2559;1,92
198624;2592;2,75
198625;2581;2,47
198626;2603;3,03
198627;2587;2,63
198628;2597;2,88
198629;2559;1,92
198630;2581;2,47
198631;2581;2,47
198632;2599;2,93
198633;2559;1,92
198634;2603;3,03
198635;2559;1,92
198636;2582;2,50
198637;2588;2,65
198638;2582;2,50
198639;2559;1,92
198640;2583;2,53
198641;2584;2,55
198642;2593;2,78
198643;2582;2,50
198644;2609;3,18
198645;2580;2,45
198646;2597;2,88
198647;2585;2,58
198648;2607;3,13
198649;2584;2,55
198650;2590;2,70
198651;2559;1,92
198652;2605;3,08
198653;2582;2,50
198654;2592;2,75
198655;2581;2,47
198656;2587;2,63
198657;2559;1,92
198658;2601;2,98
198659;2559;1,92
198660;2592;2,75
198661;2559;1,92
198662;2587;2,63
198663;2559;1,92
198664;2587;2,63
198665;2587;2,63
198666;2590;2,70
198667;2559;1,92
198668;2601;2,98
198669;2588;2,65
198670;2609;3,18
198671;2582;2,50
198672;2594;2,80
198673;2583;2,53
198674;2606;3,11
198675;2583;2,53
198676;2589;2,68
198677;2559;1,92
198678;2598;2,90
198679;2592;2,75
198680;2624;3,56
198681;2583;2,53
198682;2603;3,03
198683;2587;2,63
198684;2605;3,08
198685;2581;2,47
198686;2643;4,04
198687;2584;2,55
198688;2602;3,01
198689;2559;1,92
198690;2605;3,08
198691;2589;2,68
198692;2586;2,60
198693;2582;2,50
198694;2598;2,90
198695;2583;2,53
198696;2598;2,90
198697;2585;2,58
198698;2592;2,75
198699;2583;2,53
198700;2595;2,83
198701;2585;2,58
198702;2608;3,16
198703;2587;2,63
198704;2598;2,90
198705;2580;2,45
198706;2614;3,31
198707;2592;2,75
198708;2608;3,16
198709;2590;2,70
198710;2600;2,96
198711;2587;2,63
198712;2586;2,60
198713;2591;2,73
198714;2596;2,85
198715;2590;2,70
198716;2596;2,85
198717;2585;2,58
198718;2608;3,16
198719;2597;2,88
198720;2608;3,16
198721;2592;2,75
198722;2598;2,90
198723;2582;2,50
198724;2599;2,93
198725;2591;2,73
198726;2608;3,16
198727;2587;2,63
198728;2605;3,08
198729;2591;2,73
198730;2615;3,34
198731;2583;2,53
198732;2595;2,83
198733;2593;2,78
198734;2601;2,98
198735;2587;2,63
198736;2601;2,98
198737;2587;2,63
198738;2599;2,93
198739;2590;2,70
198740;2597;2,88
198741;2599;2,93
198742;2614;3,31
198743;2587;2,63
198744;2593;2,78
198745;2589;2,68
198746;2596;2,85
198747;2593;2,78
198748;2603;3,03
198749;2599;2,93
198750;2615;3,34
198751;2593;2,78
198752;2639;3,94
198753;2592;2,75
198754;2608;3,16
198755;2591;2,73
198756;2604;3,06
198757;2594;2,80
198758;2607;3,13
198759;2598;2,90
198760;2608;3,16
198761;2591;2,73
198762;2608;3,16
198763;2589;2,68
198764;2617;3,39
198765;2589;2,68
198766;2595;2,83
198767;2593;2,78
198768;2597;2,88
198769;2594;2,80
198770;2602;3,01
198771;2592;2,75
198772;2609;3,18
198773;2590;2,70
198774;2601;2,98
198775;2589;2,68
198776;2605;3,08
198777;2588;2,65
198778;2607;3,13
198779;2598;2,90
198780;2592;2,75
198781;2599;2,93
198782;2598;2,90
198783;2589;2,68
198784;2611;3,23
198785;2586;2,60
198786;2592;2,75
198787;2591;2,73
198788;2605;3,08
198789;2592;2,75
198790;2614;3,31
198791;2595;2,83
198792;2597;2,88
198793;2594;2,80
198794;2608;3,16
198795;2591;2,73
198796;2608;3,16
198797;2602;3,01
198798;2603;3,03
198799;2590;2,70
198800;2615;3,34
198801;2593;2,78
198802;2592;2,75
198803;2595;2,83
198804;2608;3,16
198805;2592;2,75
198806;2596;2,85
198807;2588;2,65
198808;2607;3,13
198809;2592;2,75
198810;2597;2,88
198811;2598;2,90
198812;2599;2,93
198813;2594;2,80
198814;2613;3,28
198815;2595;2,83
198816;2598;2,90
198817;2593;2,78
198818;2605;3,08
198819;2594;2,80
198820;2608;3,16
198821;2598;2,90
198822;2602;3,01
198823;2601;2,98
198824;2601;2,98
198825;2593;2,78
198826;2604;3,06
198827;2598;2,90
198828;2623;3,54
198829;2596;2,85
198830;2606;3,11
198831;2595;2,83
198832;2609;3,18
198833;2603;3,03
198834;2608;3,16
198835;2605;3,08
198836;2599;2,93
198837;2597;2,88
198838;2602;3,01
198839;2601;2,98
198840;2608;3,16
198841;2606;3,11
198842;2609;3,18
198843;2599;2,93
198844;2608;3,16
198845;2603;3,03
198846;2621;3,49
198847;2595;2,83
198848;2606;3,11
198849;2603;3,03
198850;2618;3,41
198851;2595;2,83
198852;2610;3,21
198853;2595;2,83
198854;2622;3,51
198855;2596;2,85
198856;2613;3,28
198857;2598;2,90
198858;2617;3,39
198859;2604;3,06
198860;2619;3,44
198861;2599;2,93
198862;2615;3,34
198863;2590;2,70
198864;2608;3,16
198865;2597;2,88
198866;2613;3,28
198867;2592;2,75
198868;2611;3,23
198869;2603;3,03
198870;2608;3,16
198871;2599;2,93
198872;2607;3,13
198873;2598;2,90
198874;2621;3,49
198875;2608;3,16
198876;2619;3,44
198877;2607;3,13
198878;2608;3,16
198879;2605;3,08
198880;2608;3,16
198881;2601;2,98
198882;2608;3,16
198883;2598;2,90
198884;2624;3,56
198885;2598;2,90
198886;2608;3,16
198887;2598;2,90
198888;2622;3,51
198889;2602;3,01
198890;2608;3,16
198891;2601;2,98
198892;2611;3,23
198893;2599;2,93
198894;2623;3,54
198895;2599;2,93
198896;2621;3,49
198897;2602;3,01
198898;2611;3,23
198899;2608;3,16
198900;2608;3,16
198901;2604;3,06
198902;2621;3,49
198903;2603;3,03
198904;2607;3,13
198905;2602;3,01
198906;2608;3,16
198907;2607;3,13
198908;2599;2,93
198909;2604;3,06
198910;2606;3,11
198911;2605;3,08
198912;2620;3,46
198913;2599;2,93
198914;2620;3,46
198915;2608;3,16
198916;2614;3,31
198917;2608;3,16
198918;2619;3,44
198919;2605;3,08
198920;2618;3,41
198921;2599;2,93
198922;2627;3,64
198923;2605;3,08
198924;2608;3,16
198925;2608;3,16
198926;2615;3,34
198927;2604;3,06
198928;2622;3,51
198929;2605;3,08
198930;2600;2,96
198931;2606;3,11
198932;2626;3,61
198933;2606;3,11
198934;2614;3,31
198935;2610;3,21
198936;2645;4,09
198937;2601;2,98
198938;2623;3,54
198939;2606;3,11
198940;2626;3,61
198941;2611;3,23
198942;2608;3,16
198943;2601;2,98
198944;2629;3,69
198945;2608;3,16
198946;2623;3,54
198947;2602;3,01
198948;2615;3,34
198949;2608;3,16
198950;2631;3,74
198951;2608;3,16
198952;2621;3,49
198953;2607;3,13
198954;2630;3,71
198955;2617;3,39
198956;2611;3,23
198957;2607;3,13
198958;2624;3,56
198959;2606;3,11
198960;2655;4,35
198961;2615;3,34
198962;2620;3,46
198963;2610;3,21
198964;2625;3,59
198965;2605;3,08
198966;2623;3,54
198967;2605;3,08
198968;2615;3,34
198969;2608;3,16
198970;2617;3,39
198971;2603;3,03
198972;2630;3,71
198973;2608;3,16
198974;2608;3,16
198975;2608;3,16
198976;2608;3,16
198977;2611;3,23
198978;2624;3,56
198979;2618;3,41
198980;2622;3,51
198981;2607;3,13
198982;2611;3,23
198983;2608;3,16
198984;2617;3,39
198985;2608;3,16
198986;2629;3,69
198987;2615;3,34
198988;2618;3,41
198989;2608;3,16
198990;2611;3,23
198991;2611;3,23
198992;2621;3,49
198993;2617;3,39
198994;2621;3,49
198995;2608;3,16
198996;2615;3,34
198997;2611;3,23
198998;2608;3,16
198999;2608;3,16
199000;2635;3,84
199001;2608;3,16
199002;2634;3,82
199003;2608;3,16
199004;2628;3,66
199005;2607;3,13
199006;2629;3,69
199007;2601;2,98
199008;2622;3,51
199009;2610;3,21
199010;2624;3,56
199011;2604;3,06
199012;2624;3,56
199013;2612;3,26
199014;2627;3,64
199015;2608;3,16
199016;2627;3,64
199017;2606;3,11
199018;2610;3,21
199019;2610;3,21
199020;2624;3,56
199021;2602;3,01
199022;2626;3,61
199023;2607;3,13
199024;2629;3,69
199025;2608;3,16
199026;2625;3,59
199027;2608;3,16
199028;2618;3,41
199029;2611;3,23
199030;2629;3,69
199031;2606;3,11
199032;2608;3,16
199033;2602;3,01
199034;2611;3,23
199035;2606;3,11
199036;2626;3,61
199037;2607;3,13
199038;2630;3,71
199039;2615;3,34
199040;2613;3,28
199041;2606;3,11
199042;2628;3,66
199043;2612;3,26
199044;2627;3,64
199045;2610;3,21
199046;2637;3,89
199047;2607;3,13
199048;2630;3,71
199049;2603;3,03
199050;2624;3,56
199051;2615;3,34
199052;2614;3,31
199053;2608;3,16
199054;2635;3,84
199055;2610;3,21
199056;2625;3,59
199057;2608;3,16
199058;2614;3,31
199059;2612;3,26
199060;2614;3,31
199061;2609;3,18
199062;2615;3,34
199063;2608;3,16
199064;2624;3,56
199065;2609;3,18
199066;2635;3,84
199067;2608;3,16
199068;2636;3,87
199069;2605;3,08
199070;2608;3,16
199071;2609;3,18
199072;2613;3,28
199073;2608;3,16
199074;2608;3,16
199075;2604;3,06
199076;2623;3,54
199077;2596;2,85
199078;2627;3,64
199079;2608;3,16
199080;2622;3,51
199081;2609;3,18
199082;2625;3,59
199083;2602;3,01
199084;2624;3,56
199085;2603;3,03
199086;2623;3,54
199087;2606;3,11
199088;2621;3,49
199089;2607;3,13
199090;2610;3,21
199091;2606;3,11
199092;2607;3,13
199093;2608;3,16
199094;2619;3,44
199095;2605;3,08
199096;2624;3,56
199097;2608;3,16
199098;2623;3,54
199099;2603;3,03
199100;2614;3,31
199101;2606;3,11
199102;2607;3,13
199103;2611;3,23
199104;2611;3,23
199105;2608;3,16
199106;2631;3,74
199107;2617;3,39
199108;2618;3,41
199109;2615;3,34
199110;2627;3,64
199111;2614;3,31
199112;2619;3,44
199113;2611;3,23
199114;2625;3,59
199115;2608;3,16
199116;2618;3,41
199117;2614;3,31
199118;2619;3,44
199119;2613;3,28
199120;2614;3,31
199121;2615;3,34
199122;2615;3,34
199123;2609;3,18
199124;2616;3,36
199125;2612;3,26
199126;2621;3,49
199127;2613;3,28
199128;2627;3,64
199129;2608;3,16
199130;2629;3,69
199131;2615;3,34
199132;2613;3,28
199133;2610;3,21
199134;2636;3,87
199135;2617;3,39
199136;2622;3,51
199137;2621;3,49
199138;2622;3,51
199139;2608;3,16
199140;2625;3,59
199141;2618;3,41
199142;2618;3,41
199143;2613;3,28
199144;2618;3,41
199145;2611;3,23
199146;2617;3,39
199147;2609;3,18
199148;2614;3,31
199149;2611;3,23
199150;2622;3,51
199151;2611;3,23
199152;2635;3,84
199153;2612;3,26
199154;2623;3,54
199155;2608;3,16
199156;2633;3,79
199157;2608;3,16
199158;2631;3,74
199159;2607;3,13
199160;2611;3,23
199161;2608;3,16
199162;2621;3,49
199163;2608;3,16
199164;2623;3,54
199165;2605;3,08
199166;2619;3,44
199167;2608;3,16
199168;2629;3,69
199169;2605;3,08
199170;2622;3,51
199171;2608;3,16
199172;2626;3,61
199173;2611;3,23
199174;2624;3,56
199175;2611;3,23
199176;2619;3,44
199177;2611;3,23
199178;2621;3,49
199179;2613;3,28
199180;2612;3,26
199181;2608;3,16
199182;2613;3,28
199183;2608;3,16
199184;2631;3,74
199185;2610;3,21
199186;2625;3,59
199187;2618;3,41
199188;2615;3,34
199189;2611;3,23
199190;2635;3,84
199191;2610;3,21
199192;2634;3,82
199193;2613;3,28
199194;2618;3,41
199195;2619;3,44
199196;2625;3,59
199197;2608;3,16
199198;2619;3,44
199199;2611;3,23
199200;2621;3,49
199201;2614;3,31
199202;2635;3,84
199203;2624;3,56
199204;2631;3,74
199205;2615;3,34
199206;2624;3,56
199207;2619;3,44
199208;2624;3,56
199209;2608;3,16
199210;2640;3,97
199211;2613;3,28
199212;2637;3,89
199213;2621;3,49
199214;2628;3,66
199215;2612;3,26
199216;2634;3,82
199217;2617;3,39
199218;2617;3,39
199219;2615;3,34
199220;2635;3,84
199221;2611;3,23
199222;2624;3,56
199223;2610;3,21
199224;2634;3,82
199225;2611;3,23
199226;2632;3,77
199227;2610;3,21
199228;2627;3,64
199229;2609;3,18
199230;2629;3,69
199231;2613;3,28
199232;2624;3,56
199233;2611;3,23
199234;2656;4,37
199235;2613;3,28
199236;2638;3,92
199237;2611;3,23
199238;2635;3,84
199239;2613;3,28
199240;2617;3,39
199241;2609;3,18
199242;2617;3,39
199243;2613;3,28
199244;2629;3,69
199245;2610;3,21
199246;2637;3,89
199247;2610;3,21
199248;2640;3,97
199249;2624;3,56
199250;2624;3,56
199251;2618;3,41
199252;2619;3,44
199253;2611;3,23
199254;2641;3,99
199255;2623;3,54
199256;2624;3,56
199257;2613;3,28
199258;2650;4,22
199259;2624;3,56
199260;2618;3,41
199261;2624;3,56
199262;2624;3,56
199263;2623;3,54
199264;2643;4,04
199265;2622;3,51
199266;2642;4,02
199267;2619;3,44
199268;2639;3,94
199269;2624;3,56
199270;2627;3,64
199271;2618;3,41
199272;2640;3,97
199273;2629;3,69
199274;2639;3,94
199275;2622;3,51
199276;2640;3,97
199277;2622;3,51
199278;2624;3,56
199279;2624;3,56
199280;2651;4,25
199281;2623;3,54
199282;2643;4,04
199283;2628;3,66
199284;2627;3,64
199285;2622;3,51
199286;2636;3,87
199287;2619;3,44
199288;2649;4,20
199289;2615;3,34
199290;2624;3,56
199291;2622;3,51
199292;2629;3,69
199293;2623;3,54
199294;2685;5,11
199295;2619;3,44
199296;2669;4,70
199297;2618;3,41
199298;2660;4,47
199299;2622;3,51
199300;2665;4,60
199301;2621;3,49
199302;2640;3,97
199303;2624;3,56
199304;2667;4,65
199305;2624;3,56
199306;2631;3,74
199307;2615;3,34
199308;2656;4,37
199309;2623;3,54
199310;2623;3,54
199311;2624;3,56
199312;2624;3,56
199313;2618;3,41
199314;2624;3,56
199315;2624;3,56
199316;2622;3,51
199317;2626;3,61
199318;2621;3,49
199319;2623;3,54
199320;2623;3,54
199321;2626;3,61
199322;2619;3,44
199323;2624;3,56
199324;2622;3,51
199325;2624;3,56
199326;2624;3,56
199327;2623;3,54
199328;2625;3,59
199329;2626;3,61
199330;2627;3,64
199331;2626;3,61
199332;2627;3,64
199333;2629;3,69
199334;2633;3,79
199335;2623;3,54
199336;2628;3,66
199337;2625;3,59
199338;2630;3,71
199339;2625;3,59
199340;2625;3,59
199341;2624;3,56
199342;2626;3,61
199343;2636;3,87
199344;2624;3,56
199345;2626;3,61
199346;2627;3,64
199347;2627;3,64
199348;2626;3,61
199349;2633;3,79
199350;2633;3,79
199351;2635;3,84
199352;2635;3,84
199353;2627;3,64
199354;2631;3,74
199355;2625;3,59
199356;2625;3,59
199357;2629;3,69
199358;2656;4,37
199359;2632;3,77
199360;2642;4,02
199361;2627;3,64
199362;2677;4,90
199363;2627;3,64
199364;2643;4,04
199365;2639;3,94
199366;2641;3,99
199367;2633;3,79
199368;2672;4,78
199369;2624;3,56
199370;2645;4,09
199371;2626;3,61
199372;2643;4,04
199373;2633;3,79
199374;2677;4,90
199375;2629;3,69
199376;2651;4,25
199377;2631;3,74
199378;2669;4,70
199379;2635;3,84
199380;2645;4,09
199381;2638;3,92
199382;2693;5,31
199383;2634;3,82
199384;2650;4,22
199385;2637;3,89
199386;2669;4,70
199387;2638;3,92
199388;2635;3,84
199389;2637;3,89
199390;2652;4,27
199391;2642;4,02
199392;2672;4,78
199393;2644;4,07
199394;2685;5,11
199395;2640;3,97
199396;2668;4,68
199397;2641;3,99
199398;2655;4,35
199399;2640;3,97
199400;2663;4,55
199401;2631;3,74
199402;2650;4,22
199403;2635;3,84
199404;2640;3,97
199405;2640;3,97
199406;2659;4,45
199407;2639;3,94
199408;2670;4,73
199409;2640;3,97
199410;2660;4,47
199411;2631;3,74
199412;2635;3,84
199413;2638;3,92
199414;2656;4,37
199415;2637;3,89
199416;2635;3,84
199417;2626;3,61
199418;2651;4,25
199419;2631;3,74
199420;2640;3,97
199421;2633;3,79
199422;2643;4,04
199423;2622;3,51
199424;2651;4,25
199425;2626;3,61
199426;2637;3,89
199427;2624;3,56
199428;2629;3,69
199429;2624;3,56
199430;2630;3,71
199431;2624;3,56
199432;2651;4,25
199433;2621;3,49
199434;2639;3,94
199435;2631;3,74
199436;2642;4,02
199437;2624;3,56
199438;2640;3,97
199439;2625;3,59
199440;2629;3,69
199441;2624;3,56
199442;2645;4,09
199443;2626;3,61
199444;2640;3,97
199445;2629;3,69
199446;2640;3,97
199447;2625;3,59
199448;2639;3,94
199449;2627;3,64
199450;2647;4,14
199451;2640;3,97
199452;2654;4,32
199453;2629;3,69
199454;2640;3,97
199455;2625;3,59
199456;2650;4,22
199457;2630;3,71
199458;2643;4,04
199459;2628;3,66
199460;2642;4,02
199461;2628;3,66
199462;2645;4,09
199463;2629;3,69
199464;2645;4,09
199465;2627;3,64
199466;2640;3,97
199467;2630;3,71
199468;2645;4,09
199469;2631;3,74
199470;2647;4,14
199471;2635;3,84
199472;2639;3,94
199473;2634;3,82
199474;2643;4,04
199475;2635;3,84
199476;2666;4,63
199477;2626;3,61
199478;2653;4,30
199479;2629;3,69
199480;2640;3,97
199481;2631;3,74
199482;2642;4,02
199483;2630;3,71
199484;2631;3,74
199485;2627;3,64
199486;2651;4,25
199487;2629;3,69
199488;2635;3,84
199489;2633;3,79
199490;2651;4,25
199491;2630;3,71
199492;2631;3,74
199493;2630;3,71
199494;2660;4,47
199495;2631;3,74
199496;2646;4,12
199497;2628;3,66
199498;2637;3,89
199499;2625;3,59
199500;2640;3,97
199501;2625;3,59
199502;2646;4,12
199503;2626;3,61
199504;2640;3,97
199505;2632;3,77
199506;2637;3,89
199507;2625;3,59
199508;2648;4,17
199509;2626;3,61
199510;2642;4,02
199511;2634;3,82
199512;2644;4,07
199513;2637;3,89
199514;2655;4,35
199515;2635;3,84
199516;2642;4,02
199517;2637;3,89
199518;2633;3,79
199519;2631;3,74
199520;2651;4,25
199521;2627;3,64
199522;2647;4,14
199523;2629;3,69
199524;2635;3,84
199525;2627;3,64
199526;2655;4,35
199527;2629;3,69
199528;2653;4,30
199529;2629;3,69
199530;2635;3,84
199531;2635;3,84
199532;2640;3,97
199533;2636;3,87
199534;2653;4,30
199535;2629;3,69
199536;2650;4,22
199537;2639;3,94
199538;2639;3,94
199539;2638;3,92
199540;2629;3,69
199541;2637;3,89
199542;2635;3,84
199543;2639;3,94
199544;2631;3,74
199545;2633;3,79
199546;2666;4,63
199547;2625;3,59
199548;2649;4,20
199549;2631;3,74
199550;2651;4,25
199551;2634;3,82
199552;2651;4,25
199553;2638;3,92
199554;2658;4,42
199555;2631;3,74
199556;2645;4,09
199557;2634;3,82
199558;2640;3,97
199559;2625;3,59
199560;2640;3,97
199561;2629;3,69
199562;2657;4,40
199563;2629;3,69
199564;2660;4,47
199565;2634;3,82
199566;2645;4,09
199567;2627;3,64
199568;2651;4,25
199569;2627;3,64
199570;2641;3,99
199571;2631;3,74
199572;2649;4,20
199573;2640;3,97
199574;2643;4,04
199575;2635;3,84
199576;2651;4,25
199577;2633;3,79
199578;2665;4,60
199579;2633;3,79
199580;2641;3,99
199581;2628;3,66
199582;2643;4,04
199583;2640;3,97
199584;2640;3,97
199585;2628;3,66
199586;2650;4,22
199587;2640;3,97
199588;2657;4,40
199589;2627;3,64
199590;2638;3,92
199591;2625;3,59
199592;2640;3,97
199593;2628;3,66
199594;2646;4,12
199595;2634;3,82
199596;2646;4,12
199597;2628;3,66
199598;2640;3,97
199599;2633;3,79
199600;2643;4,04
199601;2630;3,71
199602;2640;3,97
199603;2635;3,84
199604;2640;3,97
199605;2629;3,69
199606;2658;4,42
199607;2631;3,74
199608;2639;3,94
199609;2639;3,94
199610;2635;3,84
199611;2637;3,89
199612;2646;4,12
199613;2634;3,82
199614;2631;3,74
199615;2631;3,74
199616;2646;4,12
199617;2627;3,64
199618;2655;4,35
199619;2628;3,66
199620;2635;3,84
199621;2630;3,71
199622;2630;3,71
199623;2638;3,92
199624;2639;3,94
199625;2634;3,82
199626;2653;4,30
199627;2640;3,97
199628;2642;4,02
199629;2634;3,82
199630;2640;3,97
199631;2640;3,97
199632;2643;4,04
199633;2629;3,69
199634;2655;4,35
199635;2639;3,94
199636;2659;4,45
199637;2633;3,79
199638;2661;4,50
199639;2638;3,92
199640;2640;3,97
199641;2635;3,84
199642;2647;4,14
199643;2635;3,84
199644;2659;4,45
199645;2637;3,89
199646;2654;4,32
199647;2641;3,99
199648;2631;3,74
199649;2635;3,84
199650;2643;4,04
199651;2646;4,12
199652;2646;4,12
199653;2644;4,07
199654;2641;3,99
199655;2642;4,02
199656;2640;3,97
199657;2638;3,92
199658;2640;3,97
199659;2640;3,97
199660;2668;4,68
199661;2638;3,92
199662;2659;4,45
199663;2640;3,97
199664;2648;4,17
199665;2644;4,07
199666;2672;4,78
199667;2641;3,99
199668;2642;4,02
199669;2635;3,84
199670;2674;4,83
199671;2640;3,97
199672;2640;3,97
199673;2637;3,89
199674;2663;4,55
199675;2640;3,97
199676;2641;3,99
199677;2640;3,97
199678;2662;4,52
199679;2640;3,97
199680;2637;3,89
199681;2640;3,97
199682;2651;4,25
199683;2640;3,97
199684;2660;4,47
199685;2647;4,14
199686;2647;4,14
199687;2641;3,99
199688;2646;4,12
199689;2638;3,92
199690;2667;4,65
199691;2640;3,97
199692;2655;4,35
199693;2642;4,02
199694;2640;3,97
199695;2641;3,99
199696;2639;3,94
199697;2639;3,94
199698;2640;3,97
199699;2638;3,92
199700;2647;4,14
199701;2640;3,97
199702;2639;3,94
199703;2640;3,97
199704;2642;4,02
199705;2633;3,79
199706;2639;3,94
199707;2635;3,84
199708;2635;3,84
199709;2638;3,92
199710;2661;4,50
199711;2635;3,84
199712;2636;3,87
199713;2642;4,02
199714;2629;3,69
199715;2640;3,97
199716;2635;3,84
199717;2634;3,82
199718;2630;3,71
199719;2629;3,69
199720;2639;3,94
199721;2630;3,71
199722;2625;3,59
199723;2630;3,71
199724;2635;3,84
199725;2625;3,59
199726;2629;3,69
199727;2629;3,69
199728;2639;3,94
199729;2631;3,74
199730;2635;3,84
199731;2625;3,59
199732;2624;3,56
199733;2627;3,64
199734;2631;3,74
199735;2629;3,69
199736;2631;3,74
199737;2635;3,84
199738;2629;3,69
199739;2631;3,74
199740;2625;3,59
199741;2630;3,71
199742;2634;3,82
199743;2630;3,71
199744;2639;3,94
199745;2623;3,54
199746;2631;3,74
199747;2631;3,74
199748;2636;3,87
199749;2628;3,66
199750;2635;3,84
199751;2633;3,79
199752;2634;3,82
199753;2635;3,84
199754;2639;3,94
199755;2640;3,97
199756;2639;3,94
199757;2638;3,92
199758;2642;4,02
199759;2639;3,94
199760;2645;4,09
199761;2635;3,84
199762;2639;3,94
199763;2624;3,56
199764;2638;3,92
199765;2624;3,56
199766;2637;3,89
199767;2631;3,74
199768;2638;3,92
199769;2627;3,64
199770;2640;3,97
199771;2630;3,71
199772;2626;3,61
199773;2636;3,87
199774;2627;3,64
199775;2631;3,74
199776;2640;3,97
199777;2637;3,89
199778;2631;3,74
199779;2638;3,92
199780;2651;4,25
199781;2637;3,89
199782;2642;4,02
199783;2655;4,35
199784;2640;3,97
199785;2639;3,94
199786;2643;4,04
199787;2634;3,82
199788;2630;3,71
199789;2638;3,92
199790;2637;3,89
199791;2635;3,84
199792;2638;3,92
199793;2639;3,94
199794;2639;3,94
199795;2638;3,92
199796;2629;3,69
199797;2638;3,92
199798;2643;4,04
199799;2641;3,99
199800;2636;3,87
199801;2640;3,97
199802;2640;3,97
199803;2640;3,97
199804;2637;3,89
199805;2636;3,87
199806;2629;3,69
199807;2638;3,92
199808;2639;3,94
199809;2635;3,84
199810;2640;3,97
199811;2640;3,97
199812;2640;3,97
199813;2638;3,92
199814;2636;3,87
199815;2649;4,20
199816;2646;4,12
199817;2631;3,74
199818;2640;3,97
199819;2633;3,79
199820;2640;3,97
199821;2638;3,92
199822;2637;3,89
199823;2636;3,87
199824;2647;4,14
199825;2637;3,89
199826;2634;3,82
199827;2637;3,89
199828;2638;3,92
199829;2640;3,97
199830;2649;4,20
199831;2636;3,87
199832;2638;3,92
199833;2639;3,94
199834;2646;4,12
199835;2639;3,94
199836;2642;4,02
199837;2647;4,14
199838;2640;3,97
199839;2635;3,84
199840;2641;3,99
199841;2640;3,97
199842;2637;3,89
199843;2640;3,97
199844;2637;3,89
199845;2639;3,94
199846;2640;3,97
199847;2640;3,97
199848;2639;3,94
199849;2642;4,02
199850;2639;3,94
199851;2638;3,92
199852;2642;4,02
199853;2639;3,94
199854;2642;4,02
199855;2640;3,97
199856;2637;3,89
199857;2643;4,04
199858;2651;4,25
199859;2640;3,97
199860;2631;3,74
199861;2640;3,97
199862;2639;3,94
199863;2631;3,74
199864;2647;4,14
199865;2640;3,97
199866;2640;3,97
199867;2639;3,94
199868;2637;3,89
199869;2643;4,04
199870;2640;3,97
199871;2640;3,97
199872;2638;3,92
199873;2650;4,22
199874;2641;3,99
199875;2639;3,94
199876;2643;4,04
199877;2637;3,89
199878;2640;3,97
199879;2635;3,84
199880;2640;3,97
199881;2654;4,32
199882;2642;4,02
199883;2634;3,82
199884;2643;4,04
199885;2640;3,97
199886;2645;4,09
199887;2637;3,89
199888;2638;3,92
199889;2640;3,97
199890;2640;3,97
199891;2640;3,97
199892;2646;4,12
199893;2640;3,97
199894;2640;3,97
199895;2643;4,04
199896;2640;3,97
199897;2637;3,89
199898;2647;4,14
199899;2642;4,02
199900;2641;3,99
199901;2636;3,87
199902;2639;3,94
199903;2644;4,07
199904;2637;3,89
199905;2639;3,94
199906;2645;4,09
199907;2640;3,97
199908;2640;3,97
199909;2640;3,97
199910;2639;3,94
199911;2637;3,89
199912;2641;3,99
199913;2650;4,22
199914;2637;3,89
199915;2640;3,97
199916;2639;3,94
199917;2639;3,94
199918;2643;4,04
199919;2641;3,99
199920;2650;4,22
199921;2640;3,97
199922;2641;3,99
199923;2639;3,94
199924;2640;3,97
199925;2636;3,87
199926;2650;4,22
199927;2640;3,97
199928;2640;3,97
199929;2635;3,84
199930;2637;3,89
199931;2643;4,04
199932;2637;3,89
199933;2639;3,94
199934;2638;3,92
199935;2645;4,09
199936;2640;3,97
199937;2631;3,74
199938;2640;3,97
199939;2639;3,94
199940;2641;3,99
199941;2640;3,97
199942;2640;3,97
199943;2642;4,02
199944;2639;3,94
199945;2637;3,89
199946;2640;3,97
199947;2636;3,87
199948;2642;4,02
199949;2631;3,74
199950;2637;3,89
199951;2633;3,79
199952;2634;3,82
199953;2637;3,89
199954;2631;3,74
199955;2640;3,97
199956;2640;3,97
199957;2635;3,84
199958;2639;3,94
199959;2633;3,79
199960;2646;4,12
199961;2645;4,09
199962;2640;3,97
199963;2640;3,97
199964;2653;4,30
199965;2639;3,94
199966;2640;3,97
199967;2640;3,97
199968;2642;4,02
199969;2635;3,84
199970;2651;4,25
199971;2640;3,97
199972;2639;3,94
199973;2646;4,12
199974;2633;3,79
199975;2631;3,74
199976;2641;3,99
199977;2647;4,14
199978;2638;3,92
199979;2638;3,92
199980;2637;3,89
199981;2639;3,94
199982;2640;3,97
199983;2631;3,74
199984;2639;3,94
199985;2639;3,94
199986;2647;4,14
199987;2635;3,84
199988;2640;3,97
199989;2639;3,94
199990;2641;3,99
199991;2636;3,87
199992;2640;3,97
199993;2637;3,89
199994;2640;3,97
199995;2640;3,97
199996;2630;3,71
199997;2640;3,97
199998;2635;3,84
199999;2639;3,94
200000;2638;3,92
200001;2639;3,94
200002;2639;3,94
200003;2646;4,12
200004;2643;4,04
200005;2637;3,89
200006;2643;4,04
200007;2635;3,84
200008;2639;3,94
200009;2639;3,94
200010;2638;3,92
200011;2647;4,14
200012;2635;3,84
200013;2640;3,97
200014;2630;3,71
200015;2643;4,04
200016;2640;3,97
200017;2640;3,97
200018;2639;3,94
200019;2635;3,84
200020;2639;3,94
200021;2642;4,02
200022;2640;3,97
200023;2641;3,99
200024;2638;3,92
200025;2638;3,92
200026;2643;4,04
200027;2640;3,97
200028;2643;4,04
200029;2640;3,97
200030;2640;3,97
200031;2639;3,94
200032;2647;4,14
200033;2640;3,97
200034;2646;4,12
200035;2643;4,04
200036;2650;4,22
200037;2640;3,97
200038;2639;3,94
200039;2640;3,97
200040;2635;3,84
200041;2640;3,97
200042;2642;4,02
200043;2642;4,02
200044;2640;3,97
200045;2640;3,97
200046;2642;4,02
200047;2638;3,92
200048;2655;4,35
200049;2645;4,09
200050;2640;3,97
200051;2640;3,97
200052;2638;3,92
200053;2640;3,97
200054;2646;4,12
200055;2640;3,97
200056;2639;3,94
200057;2641;3,99
200058;2640;3,97
200059;2638;3,92
200060;2640;3,97
200061;2640;3,97
200062;2644;4,07
200063;2639;3,94
200064;2640;3,97
200065;2640;3,97
200066;2633;3,79
200067;2640;3,97
200068;2638;3,92
200069;2641;3,99
200070;2641;3,99
200071;2636;3,87
200072;2647;4,14
200073;2637;3,89
200074;2643;4,04
200075;2639;3,94
200076;2640;3,97
200077;2631;3,74
200078;2645;4,09
200079;2639;3,94
200080;2644;4,07
200081;2639;3,94
200082;2630;3,71
200083;2639;3,94
200084;2641;3,99
200085;2629;3,69
200086;2640;3,97
200087;2633;3,79
200088;2640;3,97
200089;2637;3,89
200090;2640;3,97
200091;2635;3,84
200092;2643;4,04
200093;2640;3,97
200094;2640;3,97
200095;2639;3,94
200096;2643;4,04
200097;2642;4,02
200098;2643;4,04
200099;2638;3,92
200100;2646;4,12
200101;2640;3,97
200102;2655;4,35
200103;2635;3,84
200104;2635;3,84
200105;2639;3,94
200106;2654;4,32
200107;2640;3,97
200108;2651;4,25
200109;2640;3,97
200110;2641;3,99
200111;2643;4,04
200112;2640;3,97
200113;2640;3,97
200114;2637;3,89
200115;2641;3,99
200116;2646;4,12
200117;2640;3,97
200118;2639;3,94
200119;2639;3,94
200120;2640;3,97
200121;2633;3,79
200122;2635;3,84
200123;2640;3,97
200124;2651;4,25
200125;2640;3,97
200126;2640;3,97
200127;2637;3,89
200128;2651;4,25
200129;2637;3,89
200130;2638;3,92
200131;2638;3,92
200132;2651;4,25
200133;2640;3,97
200134;2638;3,92
200135;2637;3,89
200136;2642;4,02
200137;2643;4,04
200138;2634;3,82
200139;2637;3,89
200140;2640;3,97
200141;2631;3,74
200142;2645;4,09
200143;2640;3,97
200144;2639;3,94
200145;2640;3,97
200146;2647;4,14
200147;2640;3,97
200148;2651;4,25
200149;2637;3,89
200150;2642;4,02
200151;2640;3,97
200152;2641;3,99
200153;2640;3,97
200154;2635;3,84
200155;2640;3,97
200156;2638;3,92
200157;2639;3,94
200158;2647;4,14
200159;2639;3,94
200160;2649;4,20
200161;2635;3,84
200162;2661;4,50
200163;2640;3,97
200164;2639;3,94
200165;2640;3,97
200166;2634;3,82
200167;2637;3,89
200168;2640;3,97
200169;2643;4,04
200170;2638;3,92
200171;2637;3,89
200172;2639;3,94
200173;2640;3,97
200174;2637;3,89
200175;2639;3,94
200176;2645;4,09
200177;2640;3,97
200178;2635;3,84
200179;2635;3,84
200180;2649;4,20
200181;2642;4,02
200182;2635;3,84
200183;2637;3,89
200184;2639;3,94
200185;2630;3,71
200186;2641;3,99
200187;2640;3,97
200188;2639;3,94
200189;2641;3,99
200190;2634;3,82
200191;2640;3,97
200192;2635;3,84
200193;2639;3,94
200194;2640;3,97
200195;2640;3,97
200196;2640;3,97
200197;2638;3,92
200198;2635;3,84
200199;2640;3,97
200200;2637;3,89
200201;2644;4,07
200202;2640;3,97
200203;2640;3,97
200204;2637;3,89
200205;2639;3,94
200206;2626;3,61
200207;2639;3,94
200208;2653;4,30
200209;2638;3,92
200210;2640;3,97
200211;2640;3,97
200212;2651;4,25
200213;2640;3,97
200214;2634;3,82
200215;2640;3,97
200216;2635;3,84
200217;2638;3,92
200218;2640;3,97
200219;2640;3,97
200220;2644;4,07
200221;2640;3,97
200222;2640;3,97
200223;2645;4,09
200224;2640;3,97
200225;2638;3,92
200226;2655;4,35
200227;2643;4,04
200228;2639;3,94
200229;2640;3,97
200230;2645;4,09
200231;2638;3,92
200232;2635;3,84
200233;2640;3,97
200234;2641;3,99
200235;2639;3,94
200236;2640;3,97
200237;2639;3,94
200238;2638;3,92
200239;2640;3,97
200240;2645;4,09
200241;2641;3,99
200242;2658;4,42
200243;2643;4,04
200244;2645;4,09
200245;2645;4,09
200246;2640;3,97
200247;2642;4,02
200248;2645;4,09
200249;2642;4,02
200250;2644;4,07
200251;2645;4,09
200252;2645;4,09
200253;2641;3,99
200254;2640;3,97
200255;2643;4,04
200256;2645;4,09
200257;2642;4,02
200258;2643;4,04
200259;2639;3,94
200260;2641;3,99
200261;2646;4,12
200262;2653;4,30
200263;2646;4,12
200264;2642;4,02
200265;2646;4,12
200266;2645;4,09
200267;2646;4,12
200268;2647;4,14
200269;2656;4,37
200270;2655;4,35
200271;2651;4,25
200272;2649;4,20
200273;2657;4,40
200274;2650;4,22
200275;2647;4,14
200276;2649;4,20
200277;2655;4,35
200278;2659;4,45
200279;2653;4,30
200280;2665;4,60
200281;2659;4,45
200282;2656;4,37
200283;2659;4,45
200284;2656;4,37
200285;2666;4,63
200286;2659;4,45
200287;2670;4,73
200288;2654;4,32
200289;2666;4,63
200290;2658;4,42
200291;2666;4,63
200292;2671;4,75
200293;2667;4,65
200294;2665;4,60
200295;2672;4,78
200296;2667;4,65
200297;2663;4,55
200298;2666;4,63
200299;2678;4,93
200300;2671;4,75
200301;2669;4,70
200302;2670;4,73
200303;2673;4,80
200304;2669;4,70
200305;2669;4,70
200306;2672;4,78
200307;2667;4,65
200308;2673;4,80
200309;2675;4,85
200310;2679;4,95
200311;2675;4,85
200312;2675;4,85
200313;2689;5,21
200314;2692;5,28
200315;2681;5,01
200316;2681;5,01
200317;2678;4,93
200318;2691;5,26
200319;2688;5,18
200320;2689;5,21
200321;2675;4,85
200322;2682;5,03
200323;2683;5,06
200324;2687;5,16
200325;2691;5,26
200326;2705;5,61
200327;2687;5,16
200328;2693;5,31
200329;2698;5,44
200330;2688;5,18
200331;2699;5,46
200332;2693;5,31
200333;2695;5,36
200334;2698;5,44
200335;2704;5,59
200336;2722;6,04
200337;2702;5,54
200338;2704;5,59
200339;2703;5,56
200340;2704;5,59
200341;2704;5,59
200342;2704;5,59
200343;2703;5,56
200344;2706;5,64
200345;2715;5,87
200346;2720;5,99
200347;2708;5,69
200348;2718;5,94
200349;2718;5,94
200350;2725;6,12
200351;2720;5,99
200352;2720;5,99
200353;2734;6,35
200354;2725;6,12
200355;2730;6,24
200356;2734;6,35
200357;2733;6,32
200358;2736;6,40
200359;2739;6,47
200360;2735;6,37
200361;2737;6,42
200362;2747;6,68
200363;2739;6,47
200364;2750;6,75
200365;2741;6,52
200366;2746;6,65
200367;2752;6,80
200368;2756;6,90
200369;2752;6,80
200370;2766;7,16
200371;2753;6,83
200372;2767;7,18
200373;2761;7,03
200374;2770;7,26
200375;2763;7,08
200376;2761;7,03
200377;2763;7,08
200378;2768;7,21
200379;2770;7,26
200380;2777;7,43
200381;2768;7,21
200382;2782;7,56
200383;2770;7,26
200384;2792;7,81
200385;2786;7,66
200386;2786;7,66
200387;2786;7,66
200388;2785;7,64
200389;2783;7,59
200390;2799;7,99
200391;2786;7,66
200392;2800;8,02
200393;2789;7,74
200394;2788;7,71
200395;2793;7,84
200396;2789;7,74
200397;2799;7,99
200398;2799;7,99
200399;2793;7,84
200400;2796;7,91
200401;2792;7,81
200402;2794;7,86
200403;2800;8,02
200404;2789;7,74
200405;2790;7,76
200406;2805;8,14
200407;2800;8,02
200408;2800;8,02
200409;2800;8,02
200410;2793;7,84
200411;2794;7,86
200412;2802;8,07
200413;2800;8,02
200414;2805;8,14
200415;2800;8,02
200416;2798;7,97
200417;2802;8,07
200418;2805;8,14
200419;2800;8,02
200420;2798;7,97
200421;2803;8,09
200422;2802;8,07
200423;2802;8,07
200424;2817;8,45
200425;2814;8,37
200426;2804;8,12
200427;2815;8,40
200428;2815;8,40
200429;2810;8,27
200430;2809;8,24
200431;2811;8,29
200432;2815;8,40
200433;2816;8,42
200434;2815;8,40
200435;2818;8,47
200436;2817;8,45
200437;2826;8,67
200438;2822;8,57
200439;2818;8,47
200440;2832;8,83
200441;2819;8,50
200442;2837;8,95
200443;2821;8,55
200444;2829;8,75
200445;2832;8,83
200446;2842;9,08
200447;2839;9,00
200448;2837;8,95
200449;2844;9,13
200450;2853;9,36
200451;2841;9,05
200452;2839;9,00
200453;2835;8,90
200454;2847;9,21
200455;2850;9,28
200456;2847;9,21
200457;2854;9,38
200458;2852;9,33
200459;2857;9,46
200460;2864;9,64
200461;2854;9,38
200462;2860;9,53
200463;2851;9,31
200464;2860;9,53
200465;2863;9,61
200466;2864;9,64
200467;2860;9,53
200468;2859;9,51
200469;2867;9,71
200470;2871;9,81
200471;2864;9,64
200472;2861;9,56
200473;2857;9,46
200474;2861;9,56
200475;2871;9,81
200476;2870;9,79
200477;2864;9,64
200478;2867;9,71
200479;2863;9,61
200480;2873;9,86
200481;2863;9,61
200482;2867;9,71
200483;2867;9,71
200484;2859;9,51
200485;2864;9,64
200486;2883;10,12
200487;2864;9,64
200488;2865;9,66
200489;2861;9,56
200490;2869;9,76
200491;2864;9,64
200492;2865;9,66
200493;2867;9,71
200494;2862;9,59
200495;2864;9,64
200496;2870;9,79
200497;2862;9,59
200498;2864;9,64
200499;2864;9,64
200500;2871;9,81
200501;2870;9,79
200502;2870;9,79
200503;2864;9,64
200504;2868;9,74
200505;2863;9,61
200506;2864;9,64
200507;2867;9,71
200508;2867;9,71
200509;2865;9,66
200510;2867;9,71
200511;2873;9,86
200512;2886;10,19
200513;2866;9,69
200514;2867;9,71
200515;2870;9,79
200516;2875;9,91
200517;2872;9,84
200518;2882;10,09
200519;2877;9,96
200520;2883;10,12
200521;2891;10,32
200522;2876;9,94
200523;2878;9,99
200524;2879;10,02
200525;2874;9,89
200526;2880;10,04
200527;2875;9,91
200528;2880;10,04
200529;2882;10,09
200530;2884;10,14
200531;2880;10,04
200532;2886;10,19
200533;2887;10,22
200534;2888;10,24
200535;2884;10,14
200536;2883;10,12
200537;2893;10,37
200538;2881;10,07
200539;2889;10,27
200540;2890;10,29
200541;2886;10,19
200542;2886;10,19
200543;2892;10,34
200544;2896;10,45
200545;2887;10,22
200546;2897;10,47
200547;2890;10,29
200548;2885;10,17
200549;2886;10,19
200550;2886;10,19
200551;2889;10,27
200552;2896;10,45
200553;2886;10,19
200554;2887;10,22
200555;2895;10,42
200556;2895;10,42
200557;2894;10,39
200558;2893;10,37
200559;2896;10,45
200560;2887;10,22
200561;2896;10,45
200562;2898;10,50
200563;2896;10,45
200564;2902;10,60
200565;2895;10,42
200566;2892;10,34
200567;2896;10,45
200568;2896;10,45
200569;2894;10,39
200570;2894;10,39
200571;2891;10,32
200572;2896;10,45
200573;2897;10,47
200574;2891;10,32
200575;2902;10,60
200576;2915;10,93
200577;2896;10,45
200578;2898;10,50
200579;2896;10,45
200580;2891;10,32
200581;2898;10,50
200582;2896;10,45
200583;2897;10,47
200584;2898;10,50
200585;2892;10,34
200586;2888;10,24
200587;2894;10,39
200588;2896;10,45
200589;2894;10,39
200590;2895;10,42
200591;2896;10,45
200592;2899;10,52
200593;2897;10,47
200594;2903;10,62
200595;2902;10,60
200596;2899;10,52
200597;2898;10,50
200598;2896;10,45
200599;2907;10,72
200600;2903;10,62
200601;2903;10,62
200602;2899;10,52
200603;2898;10,50
200604;2902;10,60
200605;2897;10,47
200606;2902;10,60
200607;2927;11,23
200608;2912;10,85
200609;2909;10,77
200610;2899;10,52
200611;2901;10,57
200612;2903;10,62
200613;2907;10,72
200614;2907;10,72
200615;2905;10,67
200616;2905;10,67
200617;2906;10,70
200618;2907;10,72
200619;2914;10,90
200620;2912;10,85
200621;2917;10,98
200622;2916;10,95
200623;2907;10,72
200624;2916;10,95
200625;2915;10,93
200626;2903;10,62
200627;2908;10,75
200628;2914;10,90
200629;2909;10,77
200630;2915;10,93
200631;2917;10,98
200632;2915;10,93
200633;2917;10,98
200634;2917;10,98
200635;2928;11,26
200636;2925;11,18
200637;2926;11,20
200638;2917;10,98
200639;2917;10,98
200640;2926;11,20
200641;2924;11,15
200642;2915;10,93
200643;2920;11,05
200644;2924;11,15
200645;2919;11,03
200646;2923;11,13
200647;2930;11,31
200648;2927;11,23
200649;2927;11,23
200650;2925;11,18
200651;2924;11,15
200652;2928;11,26
200653;2923;11,13
200654;2925;11,18
200655;2919;11,03
200656;2926;11,20
200657;2918;11,00
200658;2927;11,23
200659;2925;11,18
200660;2927;11,23
200661;2919;11,03
200662;2922;11,10
200663;2926;11,20
200664;2923;11,13
200665;2921;11,08
200666;2921;11,08
200667;2923;11,13
200668;2918;11,00
200669;2913;10,88
200670;2924;11,15
200671;2923;11,13
200672;2912;10,85
200673;2912;10,85
200674;2919;11,03
200675;2915;10,93
200676;2918;11,00
200677;2914;10,90
200678;2923;11,13
200679;2918;11,00
200680;2923;11,13
200681;2919;11,03
200682;2912;10,85
200683;2922;11,10
200684;2928;11,26
200685;2915;10,93
200686;2919;11,03
200687;2918;11,00
200688;2919;11,03
200689;2917;10,98
200690;2928;11,26
200691;2913;10,88
200692;2911;10,82
200693;2910;10,80
200694;2911;10,82
200695;2921;11,08
200696;2921;11,08
200697;2916;10,95
200698;2915;10,93
200699;2913;10,88
200700;2915;10,93
200701;2918;11,00
200702;2916;10,95
200703;2918;11,00
200704;2928;11,26
200705;2918;11,00
200706;2922;11,10
200707;2919;11,03
200708;2915;10,93
200709;2926;11,20
200710;2917;10,98
200711;2922;11,10
200712;2923;11,13
200713;2918;11,00
200714;2925;11,18
200715;2928;11,26
200716;2917;10,98
200717;2928;11,26
200718;2928;11,26
200719;2928;11,26
200720;2927;11,23
200721;2927;11,23
200722;2933;11,38
200723;2928;11,26
200724;2930;11,31
200725;2930;11,31
200726;2930;11,31
200727;2933;11,38
200728;2927;11,23
200729;2935;11,43
200730;2943;11,63
200731;2930;11,31
200732;2931;11,33
200733;2928;11,26
200734;2931;11,33
200735;2931;11,33
200736;2935;11,43
200737;2935;11,43
200738;2927;11,23
200739;2935;11,43
200740;2931;11,33
200741;2929;11,28
200742;2928;11,26
200743;2935;11,43
200744;2931;11,33
200745;2930;11,31
200746;2928;11,26
200747;2935;11,43
200748;2928;11,26
200749;2928;11,26
200750;2926;11,20
200751;2921;11,08
200752;2925;11,18
200753;2930;11,31
200754;2928;11,26
200755;2943;11,63
200756;2929;11,28
200757;2938;11,51
200758;2934;11,41
200759;2940;11,56
200760;2946;11,71
200761;2946;11,71
200762;2943;11,63
200763;2939;11,53
200764;2941;11,58
200765;2949;11,79
200766;2938;11,51
200767;2939;11,53
200768;2935;11,43
200769;2931;11,33
200770;2943;11,63
200771;2939;11,53
200772;2937;11,48
200773;2931;11,33
200774;2947;11,74
200775;2935;11,43
200776;2929;11,28
200777;2935;11,43
200778;2941;11,58
200779;2943;11,63
200780;2933;11,38
200781;2942;11,61
200782;2933;11,38
200783;2933;11,38
200784;2933;11,38
200785;2935;11,43
200786;2935;11,43
200787;2934;11,41
200788;2939;11,53
200789;2935;11,43
200790;2935;11,43
200791;2941;11,58
200792;2935;11,43
200793;2933;11,38
200794;2922;11,10
200795;2935;11,43
200796;2941;11,58
200797;2933;11,38
200798;2931;11,33
200799;2935;11,43
200800;2942;11,61
200801;2937;11,48
200802;2927;11,23
200803;2945;11,69
200804;2945;11,69
200805;2945;11,69
200806;2940;11,56
200807;2944;11,66
200808;2933;11,38
200809;2943;11,63
200810;2934;11,41
200811;2947;11,74
200812;2943;11,63
200813;2959;12,04
200814;2950;11,81
200815;2943;11,63
200816;2937;11,48
200817;2950;11,81
200818;2945;11,69
200819;2930;11,31
200820;2942;11,61
200821;2940;11,56
200822;2934;11,41
200823;2947;11,74
200824;2950;11,81
200825;2941;11,58
200826;2935;11,43
200827;2939;11,53
200828;2928;11,26
200829;2927;11,23
200830;2928;11,26
200831;2945;11,69
200832;2945;11,69
200833;2951;11,84
200834;2938;11,51
200835;2941;11,58
200836;2941;11,58
200837;2943;11,63
200838;2931;11,33
200839;2931;11,33
200840;2941;11,58
200841;2934;11,41
200842;2947;11,74
200843;2928;11,26
200844;2934;11,41
200845;2935;11,43
200846;2943;11,63
200847;2931;11,33
200848;2934;11,41
200849;2919;11,03
200850;2928;11,26
200851;2928;11,26
200852;2938;11,51
200853;2918;11,00
200854;2922;11,10
200855;2928;11,26
200856;2909;10,77
200857;2917;10,98
200858;2915;10,93
200859;2922;11,10
200860;2912;10,85
200861;2918;11,00
200862;2906;10,70
200863;2928;11,26
200864;2908;10,75
200865;2908;10,75
200866;2912;10,85
200867;2918;11,00
200868;2921;11,08
200869;2911;10,82
200870;2916;10,95
200871;2924;11,15
200872;2918;11,00
200873;2922;11,10
200874;2931;11,33
200875;2926;11,20
200876;2917;10,98
200877;2929;11,28
200878;2921;11,08
200879;2928;11,26
200880;2929;11,28
200881;2937;11,48
200882;2933;11,38
200883;2944;11,66
200884;2935;11,43
200885;2934;11,41
200886;2947;11,74
200887;2928;11,26
200888;2929;11,28
200889;2931;11,33
200890;2944;11,66
200891;2935;11,43
200892;2934;11,41
200893;2945;11,69
200894;2944;11,66
200895;2937;11,48
200896;2933;11,38
200897;2930;11,31
200898;2934;11,41
200899;2935;11,43
200900;2935;11,43
200901;2933;11,38
200902;2935;11,43
200903;2931;11,33
200904;2934;11,41
200905;2939;11,53
200906;2939;11,53
200907;2941;11,58
200908;2934;11,41
200909;2917;10,98
200910;2928;11,26
200911;2927;11,23
200912;2925;11,18
200913;2922;11,10
200914;2928;11,26
200915;2929;11,28
200916;2917;10,98
200917;2919;11,03
200918;2919;11,03
200919;2919;11,03
200920;2918;11,00
200921;2926;11,20
200922;2920;11,05
200923;2925;11,18
200924;2922;11,10
200925;2928;11,26
200926;2928;11,26
200927;2927;11,23
200928;2938;11,51
200929;2926;11,20
200930;2918;11,00
200931;2914;10,90
200932;2923;11,13
200933;2911;10,82
200934;2917;10,98
200935;2923;11,13
200936;2910;10,80
200937;2915;10,93
200938;2914;10,90
200939;2918;11,00
200940;2903;10,62
200941;2901;10,57
200942;2920;11,05
200943;2916;10,95
200944;2899;10,52
200945;2911;10,82
200946;2910;10,80
200947;2902;10,60
200948;2905;10,67
200949;2903;10,62
200950;2911;10,82
200951;2909;10,77
200952;2905;10,67
200953;2896;10,45
200954;2911;10,82
200955;2911;10,82
200956;2910;10,80
200957;2907;10,72
200958;2892;10,34
200959;2896;10,45
200960;2896;10,45
200961;2894;10,39
200962;2896;10,45
200963;2901;10,57
200964;2898;10,50
200965;2909;10,77
200966;2915;10,93
200967;2898;10,50
200968;2886;10,19
200969;2889;10,27
200970;2882;10,09
200971;2896;10,45
200972;2899;10,52
200973;2897;10,47
200974;2895;10,42
200975;2900;10,55
200976;2903;10,62
200977;2913;10,88
200978;2914;10,90
200979;2921;11,08
200980;2922;11,10
200981;2929;11,28
200982;2937;11,48
200983;2934;11,41
200984;2958;12,01
200985;2951;11,84
200986;2945;11,69
200987;2960;12,06
200988;2943;11,63
200989;2930;11,31
200990;2931;11,33
200991;2944;11,66
200992;2935;11,43
200993;2934;11,41
200994;2929;11,28
200995;2926;11,20
200996;2914;10,90
200997;2914;10,90
200998;2923;11,13
200999;2901;10,57
201000;2896;10,45
201001;2898;10,50
201002;2895;10,42
201003;2897;10,47
201004;2896;10,45
201005;2902;10,60
201006;2897;10,47
201007;2902;10,60
201008;2899;10,52
201009;2894;10,39
201010;2897;10,47
201011;2895;10,42
201012;2903;10,62
201013;2896;10,45
201014;2894;10,39
201015;2879;10,02
201016;2865;9,66
201017;2867;9,71
201018;2867;9,71
201019;2863;9,61
201020;2859;9,51
201021;2859;9,51
201022;2869;9,76
201023;2859;9,51
201024;2871;9,81
201025;2864;9,64
201026;2855;9,41
201027;2853;9,36
201028;2845;9,15
201029;2856;9,43
201030;2864;9,64
201031;2874;9,89
201032;2879;10,02
201033;2896;10,45
201034;2883;10,12
201035;2881;10,07
201036;2879;10,02
201037;2881;10,07
201038;2883;10,12
201039;2896;10,45
201040;2903;10,62
201041;2907;10,72
201042;2913;10,88
201043;2903;10,62
201044;2897;10,47
201045;2898;10,50
201046;2907;10,72
201047;2909;10,77
201048;2907;10,72
201049;2895;10,42
201050;2928;11,26
201051;2901;10,57
201052;2898;10,50
201053;2907;10,72
201054;2892;10,34
201055;2890;10,29
201056;2887;10,22
201057;2882;10,09
201058;2880;10,04
201059;2881;10,07
201060;2882;10,09
201061;2878;9,99
201062;2865;9,66
201063;2864;9,64
201064;2864;9,64
201065;2864;9,64
201066;2857;9,46
201067;2857;9,46
201068;2841;9,05
201069;2836;8,93
201070;2839;9,00
201071;2847;9,21
201072;2826;8,67
201073;2859;9,51
201074;2837;8,95
201075;2850;9,28
201076;2855;9,41
201077;2861;9,56
201078;2863;9,61
201079;2851;9,31
201080;2847;9,21
201081;2850;9,28
201082;2862;9,59
201083;2868;9,74
201084;2881;10,07
201085;2879;10,02
201086;2889;10,27
201087;2879;10,02
201088;2882;10,09
201089;2910;10,80
201090;2880;10,04
201091;2881;10,07
201092;2880;10,04
201093;2877;9,96
201094;2879;10,02
201095;2881;10,07
201096;2876;9,94
201097;2877;9,96
201098;2883;10,12
201099;2884;10,14
201100;2882;10,09
201101;2885;10,17
201102;2879;10,02
201103;2869;9,76
201104;2864;9,64
201105;2867;9,71
201106;2870;9,79
201107;2877;9,96
201108;2873;9,86
201109;2861;9,56
201110;2859;9,51
201111;2848;9,23
201112;2843;9,10
201113;2839;9,00
201114;2834;8,88
201115;2834;8,88
201116;2837;8,95
201117;2837;8,95
201118;2849;9,26
201119;2843;9,10
201120;2841;9,05
201121;2850;9,28
201122;2846;9,18
201123;2846;9,18
201124;2853;9,36
201125;2838;8,98
201126;2837;8,95
201127;2845;9,15
201128;2835;8,90
201129;2837;8,95
201130;2842;9,08
201131;2838;8,98
201132;2859;9,51
201133;2832;8,83
201134;2830;8,78
201135;2829;8,75
201136;2825;8,65
201137;2832;8,83
201138;2841;9,05
201139;2847;9,21
201140;2859;9,51
201141;2848;9,23
201142;2848;9,23
201143;2854;9,38
201144;2857;9,46
201145;2866;9,69
201146;2866;9,69
201147;2860;9,53
201148;2869;9,76
201149;2870;9,79
201150;2860;9,53
201151;2877;9,96
201152;2874;9,89
201153;2871;9,81
201154;2869;9,76
201155;2859;9,51
201156;2847;9,21
201157;2863;9,61
201158;2859;9,51
201159;2857;9,46
201160;2852;9,33
201161;2852;9,33
201162;2832;8,83
201163;2835;8,90
201164;2819;8,50
201165;2829;8,75
201166;2819;8,50
201167;2810;8,27
201168;2814;8,37
201169;2815;8,40
201170;2825;8,65
201171;2815;8,40
201172;2809;8,24
201173;2812;8,32
201174;2811;8,29
201175;2815;8,40
201176;2818;8,47
201177;2822;8,57
201178;2803;8,09
201179;2819;8,50
201180;2818;8,47
201181;2828;8,72
201182;2827;8,70
201183;2846;9,18
201184;2843;9,10
201185;2839;9,00
201186;2833;8,85
201187;2834;8,88
201188;2845;9,15
201189;2858;9,48
201190;2885;10,17
201191;2875;9,91
201192;2869;9,76
201193;2867;9,71
201194;2870;9,79
201195;2877;9,96
201196;2864;9,64
201197;2864;9,64
201198;2871;9,81
201199;2871;9,81
201200;2854;9,38
201201;2854;9,38
201202;2858;9,48
201203;2862;9,59
201204;2859;9,51
201205;2848;9,23
201206;2845;9,15
201207;2832;8,83
201208;2832;8,83
201209;2832;8,83
201210;2832;8,83
201211;2832;8,83
201212;2827;8,70
201213;2822;8,57
201214;2821;8,55
201215;2818;8,47
201216;2817;8,45
201217;2814;8,37
201218;2800;8,02
201219;2799;7,99
201220;2803;8,09
201221;2807;8,19
201222;2815;8,40
201223;2810;8,27
201224;2800;8,02
201225;2801;8,04
201226;2788;7,71
201227;2783;7,59
201228;2779;7,48
201229;2787;7,69
201230;2806;8,17
201231;2785;7,64
201232;2788;7,71
201233;2799;7,99
201234;2799;7,99
201235;2800;8,02
201236;2800;8,02
201237;2809;8,24
201238;2813;8,35
201239;2814;8,37
201240;2813;8,35
201241;2816;8,42
201242;2831;8,80
201243;2831;8,80
201244;2829;8,75
201245;2839;9,00
201246;2830;8,78
201247;2842;9,08
201248;2839;9,00
201249;2866;9,69
201250;2848;9,23
201251;2847;9,21
201252;2845;9,15
201253;2836;8,93
201254;2845;9,15
201255;2843;9,10
201256;2834;8,88
201257;2837;8,95
201258;2831;8,80
201259;2843;9,10
201260;2830;8,78
201261;2833;8,85
201262;2830;8,78
201263;2829;8,75
201264;2816;8,42
201265;2806;8,17
201266;2802;8,07
201267;2818;8,47
201268;2797;7,94
201269;2789;7,74
201270;2797;7,94
201271;2793;7,84
201272;2799;7,99
201273;2785;7,64
201274;2787;7,69
201275;2786;7,66
201276;2778;7,46
201277;2778;7,46
201278;2775;7,38
201279;2780;7,51
201280;2778;7,46
201281;2787;7,69
201282;2797;7,94
201283;2795;7,89
201284;2795;7,89
201285;2796;7,91
201286;2809;8,24
201287;2805;8,14
201288;2805;8,14
201289;2807;8,19
201290;2813;8,35
201291;2812;8,32
201292;2818;8,47
201293;2813;8,35
201294;2815;8,40
201295;2822;8,57
201296;2822;8,57
201297;2817;8,45
201298;2825;8,65
201299;2816;8,42
201300;2815;8,40
201301;2822;8,57
201302;2817;8,45
201303;2816;8,42
201304;2832;8,83
201305;2814;8,37
201306;2814;8,37
201307;2805;8,14
201308;2810;8,27
201309;2811;8,29
201310;2816;8,42
201311;2810;8,27
201312;2821;8,55
201313;2805;8,14
201314;2802;8,07
201315;2811;8,29
201316;2795;7,89
201317;2794;7,86
201318;2786;7,66
201319;2791;7,79
201320;2789;7,74
201321;2785;7,64
201322;2785;7,64
201323;2786;7,66
201324;2784;7,61
201325;2781;7,54
201326;2780;7,51
201327;2782;7,56
201328;2769;7,23
201329;2773;7,33
201330;2765;7,13
201331;2766;7,16
201332;2767;7,18
201333;2789;7,74
201334;2768;7,21
201335;2767;7,18
201336;2767;7,18
201337;2768;7,21
201338;2763;7,08
201339;2758;6,95
201340;2768;7,21
201341;2761;7,03
201342;2768;7,21
201343;2768;7,21
201344;2769;7,23
201345;2772;7,31
201346;2785;7,64
201347;2795;7,89
201348;2797;7,94
201349;2791;7,79
201350;2806;8,17
201351;2800;8,02
201352;2801;8,04
201353;2805;8,14
201354;2816;8,42
201355;2817;8,45
201356;2822;8,57
201357;2822;8,57
201358;2822;8,57
201359;2831;8,80
201360;2831;8,80
201361;2825;8,65
201362;2817;8,45
201363;2806;8,17
201364;2814;8,37
201365;2810;8,27
201366;2815;8,40
201367;2810;8,27
201368;2812;8,32
201369;2804;8,12
201370;2803;8,09
201371;2805;8,14
201372;2798;7,97
201373;2789;7,74
201374;2789;7,74
201375;2794;7,86
201376;2784;7,61
201377;2785;7,64
201378;2779;7,48
201379;2775;7,38
201380;2775;7,38
201381;2773;7,33
201382;2768;7,21
201383;2768;7,21
201384;2768;7,21
201385;2763;7,08
201386;2768;7,21
201387;2770;7,26
201388;2780;7,51
201389;2768;7,21
201390;2781;7,54
201391;2768;7,21
201392;2768;7,21
201393;2765;7,13
201394;2770;7,26
201395;2762;7,05
201396;2755;6,88
201397;2754;6,85
201398;2754;6,85
201399;2761;7,03
201400;2753;6,83
201401;2755;6,88
201402;2763;7,08
201403;2756;6,90
201404;2765;7,13
201405;2767;7,18
201406;2766;7,16
201407;2762;7,05
201408;2767;7,18
201409;2774;7,36
201410;2769;7,23
201411;2778;7,46
201412;2790;7,76
201413;2787;7,69
201414;2783;7,59
201415;2790;7,76
201416;2791;7,79
201417;2797;7,94
201418;2795;7,89
201419;2798;7,97
201420;2793;7,84
201421;2805;8,14
201422;2793;7,84
201423;2800;8,02
201424;2799;7,99
201425;2800;8,02
201426;2799;7,99
201427;2800;8,02
201428;2807;8,19
201429;2807;8,19
201430;2800;8,02
201431;2807;8,19
201432;2803;8,09
201433;2800;8,02
201434;2798;7,97
201435;2802;8,07
201436;2799;7,99
201437;2796;7,91
201438;2791;7,79
201439;2795;7,89
201440;2783;7,59
201441;2793;7,84
201442;2773;7,33
201443;2784;7,61
201444;2779;7,48
201445;2780;7,51
201446;2768;7,21
201447;2768;7,21
201448;2768;7,21
201449;2768;7,21
201450;2763;7,08
201451;2765;7,13
201452;2767;7,18
201453;2770;7,26
201454;2758;6,95
201455;2765;7,13
201456;2768;7,21
201457;2759;6,98
201458;2765;7,13
201459;2768;7,21
201460;2768;7,21
201461;2763;7,08
201462;2766;7,16
201463;2774;7,36
201464;2783;7,59
201465;2778;7,46
201466;2771;7,28
201467;2783;7,59
201468;2784;7,61
201469;2789;7,74
201470;2775;7,38
201471;2791;7,79
201472;2787;7,69
201473;2795;7,89
201474;2800;8,02
201475;2799;7,99
201476;2813;8,35
201477;2806;8,17
201478;2807;8,19
201479;2805;8,14
201480;2816;8,42
201481;2814;8,37
201482;2813;8,35
201483;2811;8,29
201484;2815;8,40
201485;2813;8,35
201486;2811;8,29
201487;2805;8,14
201488;2815;8,40
201489;2806;8,17
201490;2807;8,19
201491;2803;8,09
201492;2791;7,79
201493;2800;8,02
201494;2793;7,84
201495;2785;7,64
201496;2789;7,74
201497;2794;7,86
201498;2793;7,84
201499;2786;7,66
201500;2786;7,66
201501;2782;7,56
201502;2785;7,64
201503;2779;7,48
201504;2775;7,38
201505;2774;7,36
201506;2779;7,48
201507;2777;7,43
201508;2774;7,36
201509;2786;7,66
201510;2785;7,64
201511;2778;7,46
201512;2775;7,38
201513;2778;7,46
201514;2773;7,33
201515;2794;7,86
201516;2779;7,48
201517;2779;7,48
201518;2787;7,69
201519;2787;7,69
201520;2774;7,36
201521;2775;7,38
201522;2783;7,59
201523;2783;7,59
201524;2785;7,64
201525;2785;7,64
201526;2787;7,69
201527;2785;7,64
201528;2801;8,04
201529;2794;7,86
201530;2793;7,84
201531;2790;7,76
201532;2791;7,79
201533;2802;8,07
201534;2797;7,94
201535;2795;7,89
201536;2800;8,02
201537;2799;7,99
201538;2794;7,86
201539;2791;7,79
201540;2798;7,97
201541;2795;7,89
201542;2795;7,89
201543;2801;8,04
201544;2800;8,02
201545;2807;8,19
201546;2798;7,97
201547;2796;7,91
201548;2786;7,66
201549;2796;7,91
201550;2782;7,56
201551;2797;7,94
201552;2782;7,56
201553;2788;7,71
201554;2785;7,64
201555;2799;7,99
201556;2796;7,91
201557;2803;8,09
201558;2798;7,97
201559;2790;7,76
201560;2784;7,61
201561;2785;7,64
201562;2779;7,48
201563;2790;7,76
201564;2787;7,69
201565;2798;7,97
201566;2797;7,94
201567;2795;7,89
201568;2786;7,66
201569;2787;7,69
201570;2794;7,86
201571;2797;7,94
201572;2799;7,99
201573;2795;7,89
201574;2786;7,66
201575;2795;7,89
201576;2789;7,74
201577;2800;8,02
201578;2798;7,97
201579;2800;8,02
201580;2805;8,14
201581;2799;7,99
201582;2801;8,04
201583;2802;8,07
201584;2794;7,86
201585;2811;8,29
201586;2799;7,99
201587;2787;7,69
201588;2806;8,17
201589;2808;8,22
201590;2800;8,02
201591;2800;8,02
201592;2802;8,07
201593;2805;8,14
201594;2807;8,19
201595;2807;8,19
201596;2807;8,19
201597;2803;8,09
201598;2801;8,04
201599;2813;8,35
201600;2806;8,17
201601;2814;8,37
201602;2809;8,24
201603;2815;8,40
201604;2800;8,02
201605;2807;8,19
201606;2807;8,19
201607;2810;8,27
201608;2801;8,04
201609;2804;8,12
201610;2802;8,07
201611;2799;7,99
201612;2802;8,07
201613;2802;8,07
201614;2799;7,99
201615;2799;7,99
201616;2793;7,84
201617;2791;7,79
201618;2793;7,84
201619;2800;8,02
201620;2804;8,12
201621;2795;7,89
201622;2793;7,84
201623;2791;7,79
201624;2786;7,66
201625;2795;7,89
201626;2797;7,94
201627;2789;7,74
201628;2800;8,02
201629;2791;7,79
201630;2791;7,79
201631;2789;7,74
201632;2797;7,94
201633;2800;8,02
201634;2789;7,74
201635;2791;7,79
201636;2802;8,07
201637;2797;7,94
201638;2793;7,84
201639;2797;7,94
201640;2790;7,76
201641;2801;8,04
201642;2797;7,94
201643;2799;7,99
201644;2801;8,04
201645;2800;8,02
201646;2813;8,35
201647;2806;8,17
201648;2813;8,35
201649;2810;8,27
201650;2806;8,17
201651;2816;8,42
201652;2801;8,04
201653;2817;8,45
201654;2802;8,07
201655;2833;8,85
201656;2800;8,02
201657;2814;8,37
201658;2800;8,02
201659;2813;8,35
201660;2800;8,02
201661;2810;8,27
201662;2811;8,29
201663;2807;8,19
201664;2801;8,04
201665;2815;8,40
201666;2801;8,04
201667;2818;8,47
201668;2804;8,12
201669;2825;8,65
201670;2789;7,74
201671;2823;8,60
201672;2796;7,91
201673;2829;8,75
201674;2791;7,79
201675;2825;8,65
201676;2796;7,91
201677;2800;8,02
201678;2789;7,74
201679;2799;7,99
201680;2794;7,86
201681;2806;8,17
201682;2789;7,74
201683;2802;8,07
201684;2786;7,66
201685;2800;8,02
201686;2789;7,74
201687;2801;8,04
201688;2787;7,69
201689;2800;8,02
201690;2782;7,56
201691;2795;7,89
201692;2779;7,48
201693;2815;8,40
201694;2783;7,59
201695;2800;8,02
201696;2774;7,36
201697;2795;7,89
201698;2779;7,48
201699;2800;8,02
201700;2778;7,46
201701;2805;8,14
201702;2775;7,38
201703;2805;8,14
201704;2790;7,76
201705;2814;8,37
201706;2775;7,38
201707;2780;7,51
201708;2784;7,61
201709;2813;8,35
201710;2782;7,56
201711;2793;7,84
201712;2775;7,38
201713;2794;7,86
201714;2768;7,21
201715;2803;8,09
201716;2775;7,38
201717;2791;7,79
201718;2773;7,33
201719;2783;7,59
201720;2774;7,36
201721;2788;7,71
201722;2770;7,26
201723;2781;7,54
201724;2768;7,21
201725;2798;7,97
201726;2777;7,43
201727;2798;7,97
201728;2770;7,26
201729;2777;7,43
201730;2768;7,21
201731;2788;7,71
201732;2766;7,16
201733;2786;7,66
201734;2768;7,21
201735;2785;7,64
201736;2767;7,18
201737;2788;7,71
201738;2768;7,21
201739;2807;8,19
201740;2771;7,28
201741;2801;8,04
201742;2768;7,21
201743;2806;8,17
201744;2765;7,13
201745;2788;7,71
201746;2769;7,23
201747;2781;7,54
201748;2780;7,51
201749;2789;7,74
201750;2778;7,46
201751;2812;8,32
201752;2775;7,38
201753;2781;7,54
201754;2773;7,33
201755;2796;7,91
201756;2767;7,18
201757;2800;8,02
201758;2768;7,21
201759;2787;7,69
201760;2768;7,21
201761;2787;7,69
201762;2766;7,16
201763;2829;8,75
201764;2765;7,13
201765;2790;7,76
201766;2766;7,16
201767;2815;8,40
201768;2757;6,93
201769;2805;8,14
201770;2765;7,13
201771;2781;7,54
201772;2757;6,93
201773;2784;7,61
201774;2755;6,88
201775;2805;8,14
201776;2763;7,08
201777;2789;7,74
201778;2752;6,80
201779;2795;7,89
201780;2761;7,03
201781;2763;7,08
201782;2752;6,80
201783;2768;7,21
201784;2743;6,57
201785;2777;7,43
201786;2759;6,98
201787;2738;6,45
201788;2745;6,62
201789;2791;7,79
201790;2749;6,73
201791;2770;7,26
201792;2751;6,78
201793;2767;7,18
201794;2751;6,78
201795;2768;7,21
201796;2753;6,83
201797;2768;7,21
201798;2753;6,83
201799;2795;7,89
201800;2746;6,65
201801;2758;6,95
201802;2739;6,47
201803;2745;6,62
201804;2742;6,55
201805;2768;7,21
201806;2755;6,88
201807;2775;7,38
201808;2746;6,65
201809;2798;7,97
201810;2743;6,57
201811;2766;7,16
201812;2755;6,88
201813;2754;6,85
201814;2752;6,80
201815;2767;7,18
201816;2751;6,78
201817;2750;6,75
201818;2741;6,52
201819;2752;6,80
201820;2751;6,78
201821;2758;6,95
201822;2751;6,78
201823;2765;7,13
201824;2747;6,68
201825;2784;7,61
201826;2741;6,52
201827;2754;6,85
201828;2750;6,75
201829;2785;7,64
201830;2752;6,80
201831;2777;7,43
201832;2749;6,73
201833;2805;8,14
201834;2749;6,73
201835;2795;7,89
201836;2745;6,62
201837;2755;6,88
201838;2741;6,52
201839;2770;7,26
201840;2738;6,45
201841;2753;6,83
201842;2750;6,75
201843;2775;7,38
201844;2742;6,55
201845;2754;6,85
201846;2739;6,47
201847;2767;7,18
201848;2745;6,62
201849;2784;7,61
201850;2742;6,55
201851;2752;6,80
201852;2733;6,32
201853;2753;6,83
201854;2748;6,70
201855;2757;6,93
201856;2736;6,40
201857;2762;7,05
201858;2741;6,52
201859;2754;6,85
201860;2735;6,37
201861;2783;7,59
201862;2739;6,47
201863;2752;6,80
201864;2737;6,42
201865;2768;7,21
201866;2735;6,37
201867;2763;7,08
201868;2735;6,37
201869;2747;6,68
201870;2736;6,40
201871;2741;6,52
201872;2736;6,40
201873;2783;7,59
201874;2733;6,32
201875;2757;6,93
201876;2736;6,40
201877;2733;6,32
201878;2736;6,40
201879;2703;5,56
201880;2733;6,32
201881;2741;6,52
201882;2727;6,17
201883;2780;7,51
201884;2729;6,22
201885;2801;8,04
201886;2730;6,24
201887;2751;6,78
201888;2729;6,22
201889;2763;7,08
201890;2727;6,17
201891;2758;6,95
201892;2722;6,04
201893;2741;6,52
201894;2726;6,14
201895;2731;6,27
201896;2723;6,07
201897;2720;5,99
201898;2735;6,37
201899;2768;7,21
201900;2736;6,40
201901;2753;6,83
201902;2727;6,17
201903;2723;6,07
201904;2731;6,27
201905;2769;7,23
201906;2722;6,04
201907;2719;5,97
201908;2719;5,97
201909;2736;6,40
201910;2734;6,35
201911;2747;6,68
201912;2733;6,32
201913;2767;7,18
201914;2718;5,94
201915;2756;6,90
201916;2725;6,12
201917;2719;5,97
201918;2731;6,27
201919;2707;5,66
201920;2723;6,07
201921;2788;7,71
201922;2736;6,40
201923;2719;5,97
201924;2726;6,14
201925;2711;5,76
201926;2719;5,97
201927;2752;6,80
201928;2726;6,14
201929;2759;6,98
201930;2723;6,07
201931;2750;6,75
201932;2726;6,14
201933;2775;7,38
201934;2729;6,22
201935;2753;6,83
201936;2734;6,35
201937;2745;6,62
201938;2719;5,97
201939;2740;6,50
201940;2734;6,35
201941;2737;6,42
201942;2738;6,45
201943;2774;7,36
201944;2723;6,07
201945;2746;6,65
201946;2731;6,27
201947;2723;6,07
201948;2736;6,40
201949;2751;6,78
201950;2734;6,35
201951;2743;6,57
201952;2730;6,24
201953;2751;6,78
201954;2734;6,35
201955;2737;6,42
201956;2736;6,40
201957;2755;6,88
201958;2735;6,37
201959;2742;6,55
201960;2731;6,27
201961;2747;6,68
201962;2735;6,37
201963;2753;6,83
201964;2733;6,32
201965;2783;7,59
201966;2725;6,12
201967;2763;7,08
201968;2731;6,27
201969;2757;6,93
201970;2731;6,27
201971;2741;6,52
201972;2727;6,17
201973;2752;6,80
201974;2734;6,35
201975;2779;7,48
201976;2731;6,27
201977;2720;5,99
201978;2734;6,35
201979;2757;6,93
201980;2730;6,24
201981;2752;6,80
201982;2732;6,30
201983;2770;7,26
201984;2733;6,32
201985;2748;6,70
201986;2734;6,35
201987;2756;6,90
201988;2735;6,37
201989;2751;6,78
201990;2734;6,35
201991;2765;7,13
201992;2730;6,24
201993;2749;6,73
201994;2736;6,40
201995;2789;7,74
201996;2736;6,40
201997;2754;6,85
201998;2735;6,37
201999;2765;7,13
202000;2740;6,50
202001;2775;7,38
202002;2736;6,40
202003;2775;7,38
202004;2737;6,42
202005;2762;7,05
202006;2736;6,40
202007;2731;6,27
202008;2739;6,47
202009;2757;6,93
202010;2743;6,57
202011;2763;7,08
202012;2736;6,40
202013;2740;6,50
202014;2750;6,75
202015;2794;7,86
202016;2740;6,50
202017;2737;6,42
202018;2739;6,47
202019;2765;7,13
202020;2751;6,78
202021;2741;6,52
202022;2746;6,65
202023;2736;6,40
202024;2751;6,78
202025;2768;7,21
202026;2751;6,78
202027;2755;6,88
202028;2747;6,68
202029;2771;7,28
202030;2748;6,70
202031;2736;6,40
202032;2745;6,62
202033;2769;7,23
202034;2737;6,42
202035;2768;7,21
202036;2750;6,75
202037;2766;7,16
202038;2756;6,90
202039;2768;7,21
202040;2759;6,98
202041;2779;7,48
202042;2750;6,75
202043;2768;7,21
202044;2749;6,73
202045;2762;7,05
202046;2750;6,75
202047;2812;8,32
202048;2743;6,57
202049;2761;7,03
202050;2743;6,57
202051;2772;7,31
202052;2746;6,65
202053;2786;7,66
202054;2743;6,57
202055;2759;6,98
202056;2741;6,52
202057;2757;6,93
202058;2739;6,47
202059;2763;7,08
202060;2743;6,57
202061;2781;7,54
202062;2746;6,65
202063;2734;6,35
202064;2738;6,45
202065;2751;6,78
202066;2736;6,40
202067;2753;6,83
202068;2733;6,32
202069;2757;6,93
202070;2737;6,42
202071;2750;6,75
202072;2737;6,42
202073;2753;6,83
202074;2734;6,35
202075;2754;6,85
202076;2737;6,42
202077;2762;7,05
202078;2737;6,42
202079;2754;6,85
202080;2742;6,55
202081;2726;6,14
202082;2742;6,55
202083;2740;6,50
202084;2734;6,35
202085;2765;7,13
202086;2738;6,45
202087;2753;6,83
202088;2750;6,75
202089;2735;6,37
202090;2739;6,47
202091;2749;6,73
202092;2733;6,32
202093;2751;6,78
202094;2742;6,55
202095;2727;6,17
202096;2736;6,40
202097;2750;6,75
202098;2735;6,37
202099;2731;6,27
202100;2736;6,40
202101;2761;7,03
202102;2741;6,52
202103;2797;7,94
202104;2736;6,40
202105;2760;7,00
202106;2733;6,32
202107;2743;6,57
202108;2737;6,42
202109;2753;6,83
202110;2736;6,40
202111;2753;6,83
202112;2734;6,35
202113;2768;7,21
202114;2734;6,35
202115;2762;7,05
202116;2733;6,32
202117;2751;6,78
202118;2737;6,42
202119;2762;7,05
202120;2736;6,40
202121;2767;7,18
202122;2726;6,14
202123;2758;6,95
202124;2735;6,37
202125;2755;6,88
202126;2735;6,37
202127;2765;7,13
202128;2727;6,17
202129;2758;6,95
202130;2733;6,32
202131;2719;5,97
202132;2736;6,40
202133;2754;6,85
202134;2733;6,32
202135;2755;6,88
202136;2734;6,35
202137;2768;7,21
202138;2732;6,30
202139;2749;6,73
202140;2731;6,27
202141;2758;6,95
202142;2736;6,40
202143;2754;6,85
202144;2729;6,22
202145;2738;6,45
202146;2730;6,24
202147;2751;6,78
202148;2736;6,40
202149;2720;5,99
202150;2729;6,22
202151;2752;6,80
202152;2739;6,47
202153;2706;5,64
202154;2727;6,17
202155;2731;6,27
202156;2726;6,14
202157;2752;6,80
202158;2737;6,42
202159;2764;7,11
202160;2745;6,62
202161;2714;5,84
202162;2734;6,35
202163;2752;6,80
202164;2733;6,32
202165;2752;6,80
202166;2736;6,40
202167;2738;6,45
202168;2731;6,27
202169;2743;6,57
202170;2735;6,37
202171;2753;6,83
202172;2736;6,40
202173;2743;6,57
202174;2731;6,27
202175;2753;6,83
202176;2725;6,12
202177;2743;6,57
202178;2736;6,40
202179;2749;6,73
202180;2723;6,07
202181;2752;6,80
202182;2733;6,32
202183;2759;6,98
202184;2736;6,40
202185;2724;6,09
202186;2733;6,32
202187;2739;6,47
202188;2729;6,22
202189;2709;5,71
202190;2725;6,12
202191;2767;7,18
202192;2734;6,35
202193;2743;6,57
202194;2725;6,12
202195;2736;6,40
202196;2737;6,42
202197;2755;6,88
202198;2725;6,12
202199;2719;5,97
202200;2727;6,17
202201;2742;6,55
202202;2719;5,97
202203;2746;6,65
202204;2725;6,12
202205;2736;6,40
202206;2725;6,12
202207;2748;6,70
202208;2718;5,94
202209;2739;6,47
202210;2724;6,09
202211;2743;6,57
202212;2711;5,76
202213;2735;6,37
202214;2719;5,97
202215;2724;6,09
202216;2722;6,04
202217;2741;6,52
202218;2722;6,04
202219;2738;6,45
202220;2721;6,02
202221;2740;6,50
202222;2716;5,89
202223;2741;6,52
202224;2718;5,94
202225;2753;6,83
202226;2717;5,92
202227;2746;6,65
202228;2721;6,02
202229;2739;6,47
202230;2720;5,99
202231;2781;7,54
202232;2715;5,87
202233;2757;6,93
202234;2715;5,87
202235;2743;6,57
202236;2721;6,02
202237;2736;6,40
202238;2725;6,12
202239;2710;5,74
202240;2721;6,02
202241;2695;5,36
202242;2715;5,87
202243;2739;6,47
202244;2715;5,87
202245;2737;6,42
202246;2711;5,76
202247;2726;6,14
202248;2723;6,07
202249;2723;6,07
202250;2711;5,76
202251;2704;5,59
202252;2722;6,04
202253;2735;6,37
202254;2715;5,87
202255;2768;7,21
202256;2707;5,66
202257;2727;6,17
202258;2710;5,74
202259;2730;6,24
202260;2704;5,59
202261;2722;6,04
202262;2709;5,71
202263;2753;6,83
202264;2713;5,81
202265;2705;5,61
202266;2705;5,61
202267;2736;6,40
202268;2704;5,59
202269;2730;6,24
202270;2702;5,54
202271;2758;6,95
202272;2703;5,56
202273;2747;6,68
202274;2701;5,51
202275;2706;5,64
202276;2697;5,41
202277;2736;6,40
202278;2697;5,41
202279;2726;6,14
202280;2704;5,59
202281;2716;5,89
202282;2704;5,59
202283;2695;5,36
202284;2717;5,92
202285;2726;6,14
202286;2699;5,46
202287;2707;5,66
202288;2699;5,46
202289;2679;4,95
202290;2699;5,46
202291;2711;5,76
202292;2695;5,36
202293;2735;6,37
202294;2698;5,44
202295;2672;4,78
202296;2695;5,36
202297;2728;6,19
202298;2695;5,36
202299;2704;5,59
202300;2695;5,36
202301;2714;5,84
202302;2695;5,36
202303;2707;5,66
202304;2695;5,36
202305;2739;6,47
202306;2690;5,23
202307;2719;5,97
202308;2691;5,26
202309;2681;5,01
202310;2696;5,38
202311;2691;5,26
202312;2697;5,41
202313;2704;5,59
202314;2688;5,18
202315;2704;5,59
202316;2690;5,23
202317;2715;5,87
202318;2699;5,46
202319;2711;5,76
202320;2695;5,36
202321;2715;5,87
202322;2695;5,36
202323;2675;4,85
202324;2699;5,46
202325;2687;5,16
202326;2699;5,46
202327;2726;6,14
202328;2698;5,44
202329;2688;5,18
202330;2693;5,31
202331;2722;6,04
202332;2689;5,21
202333;2701;5,51
202334;2694;5,33
202335;2719;5,97
202336;2691;5,26
202337;2714;5,84
202338;2692;5,28
202339;2707;5,66
202340;2699;5,46
202341;2719;5,97
202342;2694;5,33
202343;2739;6,47
202344;2695;5,36
202345;2705;5,61
202346;2692;5,28
202347;2717;5,92
202348;2691;5,26
202349;2711;5,76
202350;2697;5,41
202351;2710;5,74
202352;2690;5,23
202353;2710;5,74
202354;2694;5,33
202355;2714;5,84
202356;2687;5,16
202357;2704;5,59
202358;2691;5,26
202359;2702;5,54
202360;2691;5,26
202361;2704;5,59
202362;2692;5,28
202363;2703;5,56
202364;2688;5,18
202365;2704;5,59
202366;2689;5,21
202367;2735;6,37
202368;2690;5,23
202369;2726;6,14
202370;2695;5,36
202371;2705;5,61
202372;2690;5,23
202373;2704;5,59
202374;2686;5,13
202375;2723;6,07
202376;2693;5,31
202377;2709;5,71
202378;2695;5,36
202379;2717;5,92
202380;2693;5,31
202381;2715;5,87
202382;2697;5,41
202383;2713;5,81
202384;2703;5,56
202385;2714;5,84
202386;2701;5,51
202387;2736;6,40
202388;2704;5,59
202389;2695;5,36
202390;2702;5,54
202391;2723;6,07
202392;2699;5,46
202393;2722;6,04
202394;2703;5,56
202395;2672;4,78
202396;2704;5,59
202397;2747;6,68
202398;2705;5,61
202399;2718;5,94
202400;2698;5,44
202401;2727;6,17
202402;2704;5,59
202403;2715;5,87
202404;2705;5,61
202405;2718;5,94
202406;2701;5,51
202407;2710;5,74
202408;2706;5,64
202409;2723;6,07
202410;2709;5,71
202411;2704;5,59
202412;2705;5,61
202413;2723;6,07
202414;2701;5,51
202415;2705;5,61
202416;2695;5,36
202417;2717;5,92
202418;2694;5,33
202419;2736;6,40
202420;2690;5,23
202421;2712;5,79
202422;2689;5,21
202423;2704;5,59
202424;2682;5,03
202425;2707;5,66
202426;2688;5,18
202427;2705;5,61
202428;2691;5,26
202429;2703;5,56
202430;2690;5,23
202431;2707;5,66
202432;2691;5,26
202433;2706;5,64
202434;2688;5,18
202435;2707;5,66
202436;2688;5,18
202437;2701;5,51
202438;2690;5,23
202439;2736;6,40
202440;2692;5,28
202441;2707;5,66
202442;2697;5,41
202443;2706;5,64
202444;2701;5,51
202445;2679;4,95
202446;2698;5,44
202447;2699;5,46
202448;2690;5,23
202449;2714;5,84
202450;2693;5,31
202451;2727;6,17
202452;2697;5,41
202453;2720;5,99
202454;2697;5,41
202455;2707;5,66
202456;2703;5,56
202457;2723;6,07
202458;2703;5,56
202459;2673;4,80
202460;2699;5,46
202461;2693;5,31
202462;2698;5,44
202463;2723;6,07
202464;2703;5,56
202465;2723;6,07
202466;2704;5,59
202467;2723;6,07
202468;2704;5,59
202469;2719;5,97
202470;2703;5,56
202471;2699;5,46
202472;2704;5,59
202473;2717;5,92
202474;2701;5,51
202475;2702;5,54
202476;2707;5,66
202477;2715;5,87
202478;2704;5,59
202479;2727;6,17
202480;2704;5,59
202481;2723;6,07
202482;2705;5,61
202483;2715;5,87
202484;2703;5,56
202485;2740;6,50
202486;2706;5,64
202487;2721;6,02
202488;2703;5,56
202489;2731;6,27
202490;2707;5,66
202491;2711;5,76
202492;2705;5,61
202493;2733;6,32
202494;2710;5,74
202495;2721;6,02
202496;2711;5,76
202497;2726;6,14
202498;2704;5,59
202499;2730;6,24
202500;2717;5,92
202501;2748;6,70
202502;2710;5,74
202503;2743;6,57
202504;2710;5,74
202505;2748;6,70
202506;2706;5,64
202507;2726;6,14
202508;2709;5,71
202509;2721;6,02
202510;2711;5,76
202511;2737;6,42
202512;2704;5,59
202513;2736;6,40
202514;2706;5,64
202515;2724;6,09
202516;2713;5,81
202517;2710;5,74
202518;2704;5,59
202519;2733;6,32
202520;2688;5,18
202521;2733;6,32
202522;2700;5,49
202523;2703;5,56
202524;2719;5,97
202525;2720;5,99
202526;2703;5,56
202527;2723;6,07
202528;2697;5,41
202529;2699;5,46
202530;2693;5,31
202531;2678;4,93
202532;2695;5,36
202533;2691;5,26
202534;2690;5,23
202535;2706;5,64
202536;2685;5,11
202537;2704;5,59
202538;2690;5,23
202539;2703;5,56
202540;2686;5,13
202541;2687;5,16
202542;2693;5,31
202543;2711;5,76
202544;2687;5,16
202545;2697;5,41
202546;2690;5,23
202547;2705;5,61
202548;2685;5,11
202549;2734;6,35
202550;2688;5,18
202551;2715;5,87
202552;2695;5,36
202553;2736;6,40
202554;2687;5,16
202555;2718;5,94
202556;2691;5,26
202557;2704;5,59
202558;2691;5,26
202559;2700;5,49
202560;2695;5,36
202561;2723;6,07
202562;2699;5,46
202563;2677;4,90
202564;2691;5,26
202565;2704;5,59
202566;2689;5,21
202567;2699;5,46
202568;2691;5,26
202569;2705;5,61
202570;2687;5,16
202571;2674;4,83
202572;2698;5,44
202573;2713;5,81
202574;2690;5,23
202575;2713;5,81
202576;2687;5,16
202577;2688;5,18
202578;2689;5,21
202579;2736;6,40
202580;2688;5,18
202581;2704;5,59
202582;2691;5,26
202583;2704;5,59
202584;2702;5,54
202585;2704;5,59
202586;2686;5,13
202587;2728;6,19
202588;2690;5,23
202589;2705;5,61
202590;2687;5,16
202591;2714;5,84
202592;2691;5,26
202593;2709;5,71
202594;2688;5,18
202595;2736;6,40
202596;2689;5,21
202597;2704;5,59
202598;2693;5,31
202599;2715;5,87
202600;2690;5,23
202601;2704;5,59
202602;2694;5,33
202603;2685;5,11
202604;2688;5,18
202605;2713;5,81
202606;2691;5,26
202607;2700;5,49
202608;2688;5,18
202609;2705;5,61
202610;2688;5,18
202611;2704;5,59
202612;2691;5,26
202613;2720;5,99
202614;2690;5,23
202615;2702;5,54
202616;2689;5,21
202617;2704;5,59
202618;2688;5,18
202619;2720;5,99
202620;2692;5,28
202621;2706;5,64
202622;2695;5,36
202623;2714;5,84
202624;2703;5,56
202625;2727;6,17
202626;2689;5,21
202627;2731;6,27
202628;2687;5,16
202629;2704;5,59
202630;2689;5,21
202631;2706;5,64
202632;2695;5,36
202633;2697;5,41
202634;2691;5,26
202635;2713;5,81
202636;2691;5,26
202637;2689;5,21
202638;2699;5,46
202639;2692;5,28
202640;2701;5,51
202641;2687;5,16
202642;2700;5,49
202643;2711;5,76
202644;2688;5,18
202645;2714;5,84
202646;2694;5,33
202647;2701;5,51
202648;2703;5,56
202649;2688;5,18
202650;2695;5,36
202651;2714;5,84
202652;2701;5,51
202653;2711;5,76
202654;2705;5,61
202655;2714;5,84
202656;2695;5,36
202657;2721;6,02
202658;2699;5,46
202659;2718;5,94
202660;2704;5,59
202661;2730;6,24
202662;2699;5,46
202663;2704;5,59
202664;2699;5,46
202665;2708;5,69
202666;2708;5,69
202667;2721;6,02
202668;2710;5,74
202669;2704;5,59
202670;2701;5,51
202671;2704;5,59
202672;2704;5,59
202673;2735;6,37
202674;2698;5,44
202675;2673;4,80
202676;2703;5,56
202677;2720;5,99
202678;2704;5,59
202679;2699;5,46
202680;2704;5,59
202681;2718;5,94
202682;2707;5,66
202683;2721;6,02
202684;2702;5,54
202685;2718;5,94
202686;2699;5,46
202687;2695;5,36
202688;2715;5,87
202689;2704;5,59
202690;2706;5,64
202691;2734;6,35
202692;2694;5,33
202693;2690;5,23
202694;2706;5,64
202695;2727;6,17
202696;2700;5,49
202697;2719;5,97
202698;2700;5,49
202699;2720;5,99
202700;2703;5,56
202701;2709;5,71
202702;2704;5,59
202703;2727;6,17
202704;2709;5,71
202705;2723;6,07
202706;2705;5,61
202707;2736;6,40
202708;2709;5,71
202709;2723;6,07
202710;2709;5,71
202711;2718;5,94
202712;2717;5,92
202713;2723;6,07
202714;2710;5,74
202715;2704;5,59
202716;2714;5,84
202717;2749;6,73
202718;2721;6,02
202719;2731;6,27
202720;2721;6,02
202721;2722;6,04
202722;2722;6,04
202723;2713;5,81
202724;2718;5,94
202725;2719;5,97
202726;2723;6,07
202727;2727;6,17
202728;2714;5,84
202729;2736;6,40
202730;2715;5,87
202731;2704;5,59
202732;2719;5,97
202733;2718;5,94
202734;2727;6,17
202735;2719;5,97
202736;2721;6,02
202737;2713;5,81
202738;2707;5,66
202739;2703;5,56
202740;2714;5,84
202741;2714;5,84
202742;2710;5,74
202743;2726;6,14
202744;2707;5,66
202745;2724;6,09
202746;2705;5,61
202747;2729;6,22
202748;2725;6,12
202749;2686;5,13
202750;2704;5,59
202751;2736;6,40
202752;2702;5,54
202753;2690;5,23
202754;2701;5,51
202755;2726;6,14
202756;2695;5,36
202757;2706;5,64
202758;2703;5,56
202759;2727;6,17
202760;2697;5,41
202761;2723;6,07
202762;2698;5,44
202763;2688;5,18
202764;2695;5,36
202765;2709;5,71
202766;2693;5,31
202767;2732;6,30
202768;2709;5,71
202769;2706;5,64
202770;2713;5,81
202771;2687;5,16
202772;2704;5,59
202773;2687;5,16
202774;2695;5,36
202775;2736;6,40
202776;2702;5,54
202777;2717;5,92
202778;2699;5,46
202779;2737;6,42
202780;2704;5,59
202781;2719;5,97
202782;2704;5,59
202783;2721;6,02
202784;2715;5,87
202785;2690;5,23
202786;2702;5,54
202787;2723;6,07
202788;2704;5,59
202789;2736;6,40
202790;2711;5,76
202791;2717;5,92
202792;2706;5,64
202793;2674;4,83
202794;2727;6,17
202795;2722;6,04
202796;2711;5,76
202797;2704;5,59
202798;2711;5,76
202799;2724;6,09
202800;2705;5,61
202801;2723;6,07
202802;2701;5,51
202803;2736;6,40
202804;2703;5,56
202805;2715;5,87
202806;2704;5,59
202807;2716;5,89
202808;2701;5,51
202809;2702;5,54
202810;2698;5,44
202811;2717;5,92
202812;2704;5,59
202813;2690;5,23
202814;2693;5,31
202815;2676;4,88
202816;2714;5,84
202817;2708;5,69
202818;2688;5,18
202819;2706;5,64
202820;2702;5,54
202821;2724;6,09
202822;2687;5,16
202823;2715;5,87
202824;2698;5,44
202825;2683;5,06
202826;2704;5,59
202827;2689;5,21
202828;2685;5,11
202829;2702;5,54
202830;2690;5,23
202831;2704;5,59
202832;2701;5,51
202833;2704;5,59
202834;2685;5,11
202835;2705;5,61
202836;2704;5,59
202837;2704;5,59
202838;2694;5,33
202839;2690;5,23
202840;2694;5,33
202841;2719;5,97
202842;2675;4,85
202843;2735;6,37
202844;2695;5,36
202845;2709;5,71
202846;2699;5,46
202847;2731;6,27
202848;2702;5,54
202849;2678;4,93
202850;2695;5,36
202851;2693;5,31
202852;2708;5,69
202853;2725;6,12
202854;2715;5,87
202855;2695;5,36
202856;2711;5,76
202857;2688;5,18
202858;2719;5,97
202859;2740;6,50
202860;2721;6,02
202861;2698;5,44
202862;2715;5,87
202863;2743;6,57
202864;2727;6,17
202865;2740;6,50
202866;2721;6,02
202867;2706;5,64
202868;2727;6,17
202869;2717;5,92
202870;2718;5,94
202871;2749;6,73
202872;2733;6,32
202873;2743;6,57
202874;2722;6,04
202875;2741;6,52
202876;2729;6,22
202877;2715;5,87
202878;2723;6,07
202879;2719;5,97
202880;2713;5,81
202881;2748;6,70
202882;2706;5,64
202883;2734;6,35
202884;2711;5,76
202885;2729;6,22
202886;2707;5,66
202887;2693;5,31
202888;2704;5,59
202889;2683;5,06
202890;2703;5,56
202891;2682;5,03
202892;2693;5,31
202893;2699;5,46
202894;2702;5,54
202895;2736;6,40
202896;2704;5,59
202897;2724;6,09
202898;2704;5,59
202899;2735;6,37
202900;2698;5,44
202901;2672;4,78
202902;2703;5,56
202903;2709;5,71
202904;2703;5,56
202905;2691;5,26
202906;2704;5,59
202907;2704;5,59
202908;2711;5,76
202909;2727;6,17
202910;2715;5,87
202911;2720;5,99
202912;2709;5,71
202913;2734;6,35
202914;2717;5,92
202915;2736;6,40
202916;2723;6,07
202917;2720;5,99
202918;2720;5,99
202919;2710;5,74
202920;2722;6,04
202921;2747;6,68
202922;2718;5,94
202923;2738;6,45
202924;2718;5,94
202925;2704;5,59
202926;2723;6,07
202927;2737;6,42
202928;2736;6,40
202929;2734;6,35
202930;2733;6,32
202931;2748;6,70
202932;2721;6,02
202933;2758;6,95
202934;2730;6,24
202935;2704;5,59
202936;2721;6,02
202937;2717;5,92
202938;2716;5,89
202939;2706;5,64
202940;2720;5,99
202941;2717;5,92
202942;2711;5,76
202943;2731;6,27
202944;2721;6,02
202945;2717;5,92
202946;2707;5,66
202947;2701;5,51
202948;2706;5,64
202949;2735;6,37
202950;2702;5,54
202951;2736;6,40
202952;2704;5,59
202953;2695;5,36
202954;2715;5,87
202955;2681;5,01
202956;2698;5,44
202957;2694;5,33
202958;2704;5,59
202959;2711;5,76
202960;2716;5,89
202961;2691;5,26
202962;2711;5,76
202963;2701;5,51
202964;2723;6,07
202965;2710;5,74
202966;2716;5,89
202967;2733;6,32
202968;2723;6,07
202969;2758;6,95
202970;2722;6,04
202971;2707;5,66
202972;2730;6,24
202973;2758;6,95
202974;2736;6,40
202975;2716;5,89
202976;2742;6,55
202977;2757;6,93
202978;2731;6,27
202979;2700;5,49
202980;2731;6,27
202981;2704;5,59
202982;2722;6,04
202983;2755;6,88
202984;2719;5,97
202985;2738;6,45
202986;2727;6,17
202987;2742;6,55
202988;2720;5,99
202989;2730;6,24
202990;2716;5,89
202991;2735;6,37
202992;2718;5,94
202993;2716;5,89
202994;2715;5,87
202995;2727;6,17
202996;2706;5,64
202997;2714;5,84
202998;2716;5,89
202999;2728;6,19
203000;2711;5,76
203001;2690;5,23
203002;2703;5,56
203003;2729;6,22
203004;2704;5,59
203005;2688;5,18
203006;2693;5,31
203007;2707;5,66
203008;2698;5,44
203009;2718;5,94
203010;2700;5,49
203011;2722;6,04
203012;2702;5,54
203013;2695;5,36
203014;2725;6,12
203015;2688;5,18
203016;2706;5,64
203017;2729;6,22
203018;2705;5,61
203019;2736;6,40
203020;2735;6,37
203021;2704;5,59
203022;2716;5,89
203023;2703;5,56
203024;2718;5,94
203025;2699;5,46
203026;2714;5,84
203027;2736;6,40
203028;2733;6,32
203029;2739;6,47
203030;2718;5,94
203031;2767;7,18
203032;2721;6,02
203033;2699;5,46
203034;2727;6,17
203035;2743;6,57
203036;2731;6,27
203037;2750;6,75
203038;2729;6,22
203039;2717;5,92
203040;2722;6,04
203041;2709;5,71
203042;2718;5,94
203043;2694;5,33
203044;2741;6,52
203045;2742;6,55
203046;2716;5,89
203047;2743;6,57
203048;2726;6,14
203049;2733;6,32
203050;2727;6,17
203051;2710;5,74
203052;2714;5,84
203053;2736;6,40
203054;2704;5,59
203055;2690;5,23
203056;2705;5,61
203057;2704;5,59
203058;2711;5,76
203059;2690;5,23
203060;2699;5,46
203061;2688;5,18
203062;2698;5,44
203063;2687;5,16
203064;2688;5,18
203065;2725;6,12
203066;2695;5,36
203067;2675;4,85
203068;2690;5,23
203069;2686;5,13
203070;2691;5,26
203071;2676;4,88
203072;2695;5,36
203073;2706;5,64
203074;2694;5,33
203075;2727;6,17
203076;2690;5,23
203077;2702;5,54
203078;2693;5,31
203079;2735;6,37
203080;2701;5,51
203081;2730;6,24
203082;2700;5,49
203083;2730;6,24
203084;2707;5,66
203085;2693;5,31
203086;2722;6,04
203087;2736;6,40
203088;2723;6,07
203089;2703;5,56
203090;2720;5,99
203091;2717;5,92
203092;2736;6,40
203093;2770;7,26
203094;2755;6,88
203095;2749;6,73
203096;2763;7,08
203097;2775;7,38
203098;2752;6,80
203099;2795;7,89
203100;2754;6,85
203101;2795;7,89
203102;2765;7,13
203103;2794;7,86
203104;2755;6,88
203105;2791;7,79
203106;2750;6,75
203107;2787;7,69
203108;2737;6,42
203109;2768;7,21
203110;2746;6,65
203111;2752;6,80
203112;2735;6,37
203113;2757;6,93
203114;2731;6,27
203115;2719;5,97
203116;2717;5,92
203117;2718;5,94
203118;2715;5,87
203119;2739;6,47
203120;2708;5,69
203121;2729;6,22
203122;2704;5,59
203123;2689;5,21
203124;2706;5,64
203125;2685;5,11
203126;2702;5,54
203127;2683;5,06
203128;2693;5,31
203129;2709;5,71
203130;2677;4,90
203131;2657;4,40
203132;2678;4,93
203133;2698;5,44
203134;2677;4,90
203135;2721;6,02
203136;2688;5,18
203137;2708;5,69
203138;2679;4,95
203139;2714;5,84
203140;2690;5,23
203141;2711;5,76
203142;2690;5,23
203143;2726;6,14
203144;2693;5,31
203145;2704;5,59
203146;2687;5,16
203147;2689;5,21
203148;2705;5,61
203149;2736;6,40
203150;2706;5,64
203151;2724;6,09
203152;2711;5,76
203153;2735;6,37
203154;2723;6,07
203155;2754;6,85
203156;2717;5,92
203157;2704;5,59
203158;2723;6,07
203159;2738;6,45
203160;2727;6,17
203161;2714;5,84
203162;2721;6,02
203163;2759;6,98
203164;2730;6,24
203165;2706;5,64
203166;2736;6,40
203167;2762;7,05
203168;2724;6,09
203169;2759;6,98
203170;2725;6,12
203171;2736;6,40
203172;2719;5,97
203173;2732;6,30
203174;2709;5,71
203175;2743;6,57
203176;2703;5,56
203177;2693;5,31
203178;2704;5,59
203179;2687;5,16
203180;2694;5,33
203181;2686;5,13
203182;2703;5,56
203183;2726;6,14
203184;2700;5,49
203185;2721;6,02
203186;2695;5,36
203187;2713;5,81
203188;2696;5,38
203189;2711;5,76
203190;2695;5,36
203191;2714;5,84
203192;2697;5,41
203193;2677;4,90
203194;2690;5,23
203195;2725;6,12
203196;2698;5,44
203197;2691;5,26
203198;2704;5,59
203199;2741;6,52
203200;2713;5,81
203201;2731;6,27
203202;2725;6,12
203203;2717;5,92
203204;2722;6,04
203205;2704;5,59
203206;2733;6,32
203207;2714;5,84
203208;2709;5,71
203209;2749;6,73
203210;2734;6,35
203211;2751;6,78
203212;2727;6,17
203213;2752;6,80
203214;2731;6,27
203215;2745;6,62
203216;2724;6,09
203217;2743;6,57
203218;2725;6,12
203219;2735;6,37
203220;2716;5,89
203221;2709;5,71
203222;2725;6,12
203223;2706;5,64
203224;2721;6,02
203225;2705;5,61
203226;2715;5,87
203227;2738;6,45
203228;2709;5,71
203229;2715;5,87
203230;2704;5,59
203231;2701;5,51
203232;2701;5,51
203233;2689;5,21
203234;2702;5,54
203235;2725;6,12
203236;2703;5,56
203237;2687;5,16
203238;2686;5,13
203239;2685;5,11
203240;2701;5,51
203241;2678;4,93
203242;2695;5,36
203243;2735;6,37
203244;2691;5,26
203245;2689;5,21
203246;2703;5,56
203247;2697;5,41
203248;2707;5,66
203249;2704;5,59
203250;2699;5,46
203251;2729;6,22
203252;2699;5,46
203253;2687;5,16
203254;2703;5,56
203255;2721;6,02
203256;2701;5,51
203257;2694;5,33
203258;2704;5,59
203259;2690;5,23
203260;2717;5,92
203261;2695;5,36
203262;2707;5,66
203263;2703;5,56
203264;2708;5,69
203265;2697;5,41
203266;2709;5,71
203267;2741;6,52
203268;2711;5,76
203269;2703;5,56
203270;2723;6,07
203271;2705;5,61
203272;2716;5,89
203273;2706;5,64
203274;2718;5,94
203275;2735;6,37
203276;2722;6,04
203277;2735;6,37
203278;2729;6,22
203279;2737;6,42
203280;2710;5,74
203281;2701;5,51
203282;2713;5,81
203283;2703;5,56
203284;2707;5,66
203285;2731;6,27
203286;2707;5,66
203287;2721;6,02
203288;2725;6,12
203289;2737;6,42
203290;2715;5,87
203291;2704;5,59
203292;2718;5,94
203293;2697;5,41
203294;2736;6,40
203295;2742;6,55
203296;2704;5,59
203297;2691;5,26
203298;2706;5,64
203299;2705;5,61
203300;2715;5,87
203301;2695;5,36
203302;2715;5,87
203303;2698;5,44
203304;2707;5,66
203305;2699;5,46
203306;2704;5,59
203307;2715;5,87
203308;2739;6,47
203309;2738;6,45
203310;2719;5,97
203311;2736;6,40
203312;2719;5,97
203313;2750;6,75
203314;2715;5,87
203315;2707;5,66
203316;2722;6,04
203317;2765;7,13
203318;2736;6,40
203319;2751;6,78
203320;2722;6,04
203321;2722;6,04
203322;2719;5,97
203323;2707;5,66
203324;2722;6,04
203325;2743;6,57
203326;2721;6,02
203327;2705;5,61
203328;2715;5,87
203329;2706;5,64
203330;2735;6,37
203331;2743;6,57
203332;2711;5,76
203333;2704;5,59
203334;2707;5,66
203335;2725;6,12
203336;2711;5,76
203337;2736;6,40
203338;2736;6,40
203339;2734;6,35
203340;2705;5,61
203341;2750;6,75
203342;2716;5,89
203343;2741;6,52
203344;2713;5,81
203345;2716;5,89
203346;2711;5,76
203347;2736;6,40
203348;2705;5,61
203349;2752;6,80
203350;2720;5,99
203351;2690;5,23
203352;2713;5,81
203353;2711;5,76
203354;2714;5,84
203355;2743;6,57
203356;2726;6,14
203357;2704;5,59
203358;2719;5,97
203359;2725;6,12
203360;2736;6,40
203361;2741;6,52
203362;2739;6,47
203363;2751;6,78
203364;2729;6,22
203365;2715;5,87
203366;2727;6,17
203367;2767;7,18
203368;2736;6,40
203369;2768;7,21
203370;2742;6,55
203371;2733;6,32
203372;2750;6,75
203373;2736;6,40
203374;2752;6,80
203375;2748;6,70
203376;2759;6,98
203377;2750;6,75
203378;2751;6,78
203379;2773;7,33
203380;2753;6,83
203381;2747;6,68
203382;2750;6,75
203383;2737;6,42
203384;2745;6,62
203385;2736;6,40
203386;2739;6,47
203387;2722;6,04
203388;2740;6,50
203389;2736;6,40
203390;2739;6,47
203391;2768;7,21
203392;2731;6,27
203393;2752;6,80
203394;2731;6,27
203395;2758;6,95
203396;2717;5,92
203397;2704;5,59
203398;2718;5,94
203399;2720;5,99
203400;2721;6,02
203401;2697;5,41
203402;2706;5,64
203403;2730;6,24
203404;2704;5,59
203405;2713;5,81
203406;2703;5,56
203407;2689;5,21
203408;2698;5,44
203409;2693;5,31
203410;2706;5,64
203411;2742;6,55
203412;2702;5,54
203413;2689;5,21
203414;2704;5,59
203415;2710;5,74
203416;2711;5,76
203417;2735;6,37
203418;2733;6,32
203419;2734;6,35
203420;2727;6,17
203421;2705;5,61
203422;2715;5,87
203423;2758;6,95
203424;2724;6,09
203425;2727;6,17
203426;2726;6,14
203427;2719;5,97
203428;2737;6,42
203429;2754;6,85
203430;2736;6,40
203431;2737;6,42
203432;2737;6,42
203433;2765;7,13
203434;2743;6,57
203435;2721;6,02
203436;2738;6,45
203437;2733;6,32
203438;2755;6,88
203439;2767;7,18
203440;2757;6,93
203441;2781;7,54
203442;2743;6,57
203443;2768;7,21
203444;2747;6,68
203445;2727;6,17
203446;2738;6,45
203447;2759;6,98
203448;2736;6,40
203449;2768;7,21
203450;2726;6,14
203451;2742;6,55
203452;2727;6,17
203453;2751;6,78
203454;2730;6,24
203455;2743;6,57
203456;2720;5,99
203457;2753;6,83
203458;2712;5,79
203459;2741;6,52
203460;2707;5,66
203461;2700;5,49
203462;2721;6,02
203463;2727;6,17
203464;2704;5,59
203465;2739;6,47
203466;2705;5,61
203467;2689;5,21
203468;2702;5,54
203469;2726;6,14
203470;2703;5,56
203471;2699;5,46
203472;2707;5,66
203473;2723;6,07
203474;2715;5,87
203475;2699;5,46
203476;2706;5,64
203477;2736;6,40
203478;2713;5,81
203479;2704;5,59
203480;2715;5,87
203481;2711;5,76
203482;2723;6,07
203483;2714;5,84
203484;2717;5,92
203485;2721;6,02
203486;2722;6,04
203487;2707;5,66
203488;2729;6,22
203489;2766;7,16
203490;2727;6,17
203491;2720;5,99
203492;2734;6,35
203493;2736;6,40
203494;2748;6,70
203495;2759;6,98
203496;2743;6,57
203497;2743;6,57
203498;2752;6,80
203499;2754;6,85
203500;2756;6,90
203501;2793;7,84
203502;2767;7,18
203503;2775;7,38
203504;2759;6,98
203505;2769;7,23
203506;2757;6,93
203507;2751;6,78
203508;2748;6,70
203509;2739;6,47
203510;2749;6,73
203511;2754;6,85
203512;2736;6,40
203513;2727;6,17
203514;2749;6,73
203515;2725;6,12
203516;2741;6,52
203517;2761;7,03
203518;2730;6,24
203519;2752;6,80
203520;2736;6,40
203521;2755;6,88
203522;2735;6,37
203523;2704;5,59
203524;2720;5,99
203525;2754;6,85
203526;2720;5,99
203527;2704;5,59
203528;2710;5,74
203529;2703;5,56
203530;2723;6,07
203531;2753;6,83
203532;2718;5,94
203533;2736;6,40
203534;2709;5,71
203535;2704;5,59
203536;2705;5,61
203537;2693;5,31
203538;2707;5,66
203539;2693;5,31
203540;2715;5,87
203541;2700;5,49
203542;2732;6,30
203543;2742;6,55
203544;2715;5,87
203545;2743;6,57
203546;2736;6,40
203547;2748;6,70
203548;2728;6,19
203549;2747;6,68
203550;2743;6,57
203551;2722;6,04
203552;2736;6,40
203553;2773;7,33
203554;2768;7,21
203555;2723;6,07
203556;2747;6,68
203557;2735;6,37
203558;2752;6,80
203559;2772;7,31
203560;2747;6,68
203561;2755;6,88
203562;2749;6,73
203563;2764;7,11
203564;2751;6,78
203565;2739;6,47
203566;2750;6,75
203567;2736;6,40
203568;2746;6,65
203569;2734;6,35
203570;2736;6,40
203571;2735;6,37
203572;2753;6,83
203573;2753;6,83
203574;2737;6,42
203575;2718;5,94
203576;2737;6,42
203577;2734;6,35
203578;2731;6,27
203579;2729;6,22
203580;2742;6,55
203581;2730;6,24
203582;2727;6,17
203583;2750;6,75
203584;2719;5,97
203585;2735;6,37
203586;2709;5,71
203587;2719;5,97
203588;2750;6,75
203589;2704;5,59
203590;2714;5,84
203591;2734;6,35
203592;2733;6,32
203593;2736;6,40
203594;2707;5,66
203595;2707;5,66
203596;2711;5,76
203597;2710;5,74
203598;2714;5,84
203599;2741;6,52
203600;2721;6,02
203601;2734;6,35
203602;2714;5,84
203603;2738;6,45
203604;2707;5,66
203605;2743;6,57
203606;2719;5,97
203607;2742;6,55
203608;2720;5,99
203609;2741;6,52
203610;2738;6,45
203611;2730;6,24
203612;2735;6,37
203613;2768;7,21
203614;2736;6,40
203615;2739;6,47
203616;2730;6,24
203617;2723;6,07
203618;2731;6,27
203619;2750;6,75
203620;2727;6,17
203621;2736;6,40
203622;2726;6,14
203623;2739;6,47
203624;2738;6,45
203625;2739;6,47
203626;2736;6,40
203627;2751;6,78
203628;2729;6,22
203629;2736;6,40
203630;2736;6,40
203631;2727;6,17
203632;2734;6,35
203633;2734;6,35
203634;2729;6,22
203635;2737;6,42
203636;2726;6,14
203637;2749;6,73
203638;2723;6,07
203639;2747;6,68
203640;2725;6,12
203641;2738;6,45
203642;2719;5,97
203643;2715;5,87
203644;2729;6,22
203645;2714;5,84
203646;2718;5,94
203647;2723;6,07
203648;2722;6,04
203649;2734;6,35
203650;2709;5,71
203651;2742;6,55
203652;2721;6,02
203653;2731;6,27
203654;2716;5,89
203655;2751;6,78
203656;2720;5,99
203657;2741;6,52
203658;2722;6,04
203659;2739;6,47
203660;2731;6,27
203661;2718;5,94
203662;2714;5,84
203663;2747;6,68
203664;2725;6,12
203665;2720;5,99
203666;2718;5,94
203667;2743;6,57
203668;2730;6,24
203669;2730;6,24
203670;2718;5,94
203671;2720;5,99
203672;2718;5,94
203673;2716;5,89
203674;2717;5,92
203675;2726;6,14
203676;2726;6,14
203677;2732;6,30
203678;2735;6,37
203679;2730;6,24
203680;2725;6,12
203681;2726;6,14
203682;2727;6,17
203683;2730;6,24
203684;2717;5,92
203685;2736;6,40
203686;2718;5,94
203687;2736;6,40
203688;2719;5,97
203689;2747;6,68
203690;2736;6,40
203691;2718;5,94
203692;2727;6,17
203693;2741;6,52
203694;2724;6,09
203695;2718;5,94
203696;2717;5,92
203697;2721;6,02
203698;2717;5,92
203699;2750;6,75
203700;2716;5,89
203701;2752;6,80
203702;2714;5,84
203703;2721;6,02
203704;2715;5,87
203705;2742;6,55
203706;2716;5,89
203707;2731;6,27
203708;2723;6,07
203709;2720;5,99
203710;2733;6,32
203711;2720;5,99
203712;2717;5,92
203713;2736;6,40
203714;2721;6,02
203715;2733;6,32
203716;2720;5,99
203717;2738;6,45
203718;2722;6,04
203719;2727;6,17
203720;2736;6,40
203721;2713;5,81
203722;2727;6,17
203723;2732;6,30
203724;2735;6,37
203725;2721;6,02
203726;2725;6,12
203727;2737;6,42
203728;2727;6,17
203729;2738;6,45
203730;2725;6,12
203731;2729;6,22
203732;2719;5,97
203733;2731;6,27
203734;2739;6,47
203735;2736;6,40
203736;2726;6,14
203737;2729;6,22
203738;2729;6,22
203739;2733;6,32
203740;2732;6,30
203741;2731;6,27
203742;2721;6,02
203743;2736;6,40
203744;2738;6,45
203745;2733;6,32
203746;2736;6,40
203747;2730;6,24
203748;2722;6,04
203749;2730;6,24
203750;2733;6,32
203751;2748;6,70
203752;2734;6,35
203753;2725;6,12
203754;2721;6,02
203755;2727;6,17
203756;2732;6,30
203757;2745;6,62
203758;2729;6,22
203759;2727;6,17
203760;2730;6,24
203761;2727;6,17
203762;2734;6,35
203763;2737;6,42
203764;2735;6,37
203765;2741;6,52
203766;2733;6,32
203767;2736;6,40
203768;2721;6,02
203769;2736;6,40
203770;2733;6,32
203771;2733;6,32
203772;2730;6,24
203773;2736;6,40
203774;2727;6,17
203775;2739;6,47
203776;2731;6,27
203777;2735;6,37
203778;2736;6,40
203779;2735;6,37
203780;2739;6,47
203781;2731;6,27
203782;2731;6,27
203783;2723;6,07
203784;2725;6,12
203785;2730;6,24
203786;2736;6,40
203787;2735;6,37
203788;2736;6,40
203789;2733;6,32
203790;2719;5,97
203791;2727;6,17
203792;2733;6,32
203793;2721;6,02
203794;2723;6,07
203795;2735;6,37
203796;2738;6,45
203797;2723;6,07
203798;2730;6,24
203799;2725;6,12
203800;2723;6,07
203801;2719;5,97
203802;2718;5,94
203803;2723;6,07
203804;2733;6,32
203805;2722;6,04
203806;2719;5,97
203807;2730;6,24
203808;2719;5,97
203809;2727;6,17
203810;2723;6,07
203811;2722;6,04
203812;2720;5,99
203813;2714;5,84
203814;2723;6,07
203815;2720;5,99
203816;2720;5,99
203817;2718;5,94
203818;2711;5,76
203819;2719;5,97
203820;2707;5,66
203821;2715;5,87
203822;2714;5,84
203823;2730;6,24
203824;2716;5,89
203825;2718;5,94
203826;2711;5,76
203827;2724;6,09
203828;2725;6,12
203829;2716;5,89
203830;2714;5,84
203831;2730;6,24
203832;2719;5,97
203833;2747;6,68
203834;2720;5,99
203835;2717;5,92
203836;2736;6,40
203837;2722;6,04
203838;2729;6,22
203839;2721;6,02
203840;2725;6,12
203841;2721;6,02
203842;2731;6,27
203843;2727;6,17
203844;2733;6,32
203845;2725;6,12
203846;2735;6,37
203847;2724;6,09
203848;2722;6,04
203849;2737;6,42
203850;2720;5,99
203851;2730;6,24
203852;2767;7,18
203853;2722;6,04
203854;2736;6,40
203855;2730;6,24
203856;2736;6,40
203857;2727;6,17
203858;2726;6,14
203859;2722;6,04
203860;2726;6,14
203861;2717;5,92
203862;2709;5,71
203863;2722;6,04
203864;2724;6,09
203865;2738;6,45
203866;2714;5,84
203867;2721;6,02
203868;2717;5,92
203869;2772;7,31
203870;2725;6,12
203871;2755;6,88
203872;2718;5,94
203873;2709;5,71
203874;2715;5,87
203875;2737;6,42
203876;2716;5,89
203877;2719;5,97
203878;2717;5,92
203879;2725;6,12
203880;2726;6,14
203881;2706;5,64
203882;2713;5,81
203883;2747;6,68
203884;2714;5,84
203885;2754;6,85
203886;2709;5,71
203887;2714;5,84
203888;2725;6,12
203889;2751;6,78
203890;2715;5,87
203891;2729;6,22
203892;2719;5,97
203893;2714;5,84
203894;2722;6,04
203895;2717;5,92
203896;2722;6,04
203897;2725;6,12
203898;2725;6,12
203899;2719;5,97
203900;2720;5,99
203901;2725;6,12
203902;2723;6,07
203903;2741;6,52
203904;2725;6,12
203905;2743;6,57
203906;2737;6,42
203907;2727;6,17
203908;2727;6,17
203909;2725;6,12
203910;2726;6,14
203911;2708;5,69
203912;2722;6,04
203913;2727;6,17
203914;2731;6,27
203915;2736;6,40
203916;2725;6,12
203917;2736;6,40
203918;2720;5,99
203919;2751;6,78
203920;2730;6,24
203921;2759;6,98
203922;2730;6,24
203923;2733;6,32
203924;2736;6,40
203925;2752;6,80
203926;2753;6,83
203927;2726;6,14
203928;2743;6,57
203929;2736;6,40
203930;2736;6,40
203931;2762;7,05
203932;2731;6,27
203933;2754;6,85
203934;2737;6,42
203935;2722;6,04
203936;2739;6,47
203937;2733;6,32
203938;2736;6,40
203939;2743;6,57
203940;2747;6,68
203941;2768;7,21
203942;2737;6,42
203943;2735;6,37
203944;2735;6,37
203945;2751;6,78
203946;2736;6,40
203947;2738;6,45
203948;2736;6,40
203949;2765;7,13
203950;2737;6,42
203951;2738;6,45
203952;2737;6,42
203953;2743;6,57
203954;2736;6,40
203955;2762;7,05
203956;2735;6,37
203957;2741;6,52
203958;2733;6,32
203959;2774;7,36
203960;2725;6,12
203961;2746;6,65
203962;2736;6,40
203963;2778;7,46
203964;2735;6,37
203965;2738;6,45
203966;2736;6,40
203967;2743;6,57
203968;2739;6,47
203969;2768;7,21
203970;2749;6,73
203971;2735;6,37
203972;2739;6,47
203973;2768;7,21
203974;2735;6,37
203975;2743;6,57
203976;2746;6,65
203977;2755;6,88
203978;2743;6,57
203979;2739;6,47
203980;2734;6,35
203981;2742;6,55
203982;2741;6,52
203983;2735;6,37
203984;2749;6,73
203985;2759;6,98
203986;2749;6,73
203987;2747;6,68
203988;2738;6,45
203989;2777;7,43
203990;2736;6,40
203991;2789;7,74
203992;2776;7,41
203993;2754;6,85
203994;2747;6,68
203995;2777;7,43
203996;2746;6,65
203997;2742;6,55
203998;2737;6,42
203999;2745;6,62
204000;2742;6,55
204001;2754;6,85
204002;2752;6,80
204003;2749;6,73
204004;2741;6,52
204005;2777;7,43
204006;2746;6,65
204007;2759;6,98
204008;2750;6,75
204009;2755;6,88
204010;2752;6,80
204011;2751;6,78
204012;2747;6,68
204013;2771;7,28
204014;2763;7,08
204015;2784;7,61
204016;2746;6,65
204017;2771;7,28
204018;2753;6,83
204019;2767;7,18
204020;2743;6,57
204021;2753;6,83
204022;2753;6,83
204023;2754;6,85
204024;2746;6,65
204025;2749;6,73
204026;2750;6,75
204027;2771;7,28
204028;2754;6,85
204029;2759;6,98
204030;2755;6,88
204031;2766;7,16
204032;2747;6,68
204033;2773;7,33
204034;2762;7,05
204035;2785;7,64
204036;2752;6,80
204037;2737;6,42
204038;2766;7,16
204039;2757;6,93
204040;2753;6,83
204041;2783;7,59
204042;2761;7,03
204043;2783;7,59
204044;2757;6,93
204045;2791;7,79
204046;2747;6,68
204047;2798;7,97
204048;2768;7,21
204049;2786;7,66
204050;2764;7,11
204051;2756;6,90
204052;2768;7,21
204053;2751;6,78
204054;2767;7,18
204055;2800;8,02
204056;2768;7,21
204057;2796;7,91
204058;2763;7,08
204059;2768;7,21
204060;2777;7,43
204061;2770;7,26
204062;2770;7,26
204063;2791;7,79
204064;2770;7,26
204065;2798;7,97
204066;2782;7,56
204067;2798;7,97
204068;2775;7,38
204069;2788;7,71
204070;2775;7,38
204071;2791;7,79
204072;2786;7,66
204073;2819;8,50
204074;2789;7,74
204075;2816;8,42
204076;2785;7,64
204077;2829;8,75
204078;2775;7,38
204079;2828;8,72
204080;2790;7,76
204081;2809;8,24
204082;2797;7,94
204083;2812;8,32
204084;2819;8,50
204085;2801;8,04
204086;2800;8,02
204087;2811;8,29
204088;2799;7,99
204089;2832;8,83
204090;2850;9,28
204091;2785;7,64
204092;2797;7,94
204093;2835;8,90
204094;2800;8,02
204095;2800;8,02
204096;2790;7,76
204097;2801;8,04
204098;2811;8,29
204099;2837;8,95
204100;2818;8,47
204101;2842;9,08
204102;2817;8,45
204103;2847;9,21
204104;2818;8,47
204105;2843;9,10
204106;2819;8,50
204107;2874;9,89
204108;2833;8,85
204109;2880;10,04
204110;2832;8,83
204111;2832;8,83
204112;2843;9,10
204113;2854;9,38
204114;2832;8,83
204115;2849;9,26
204116;2869;9,76
204117;2865;9,66
204118;2854;9,38
204119;2887;10,22
204120;2866;9,69
204121;2880;10,04
204122;2862;9,59
204123;2859;9,51
204124;2862;9,59
204125;2868;9,74
204126;2880;10,04
204127;2876;9,94
204128;2868;9,74
204129;2880;10,04
204130;2883;10,12
204131;2887;10,22
204132;2880;10,04
204133;2889;10,27
204134;2882;10,09
204135;2886;10,19
204136;2896;10,45
204137;2889;10,27
204138;2893;10,37
204139;2900;10,55
204140;2896;10,45
204141;2932;11,36
204142;2913;10,88
204143;2912;10,85
204144;2913;10,88
204145;2926;11,20
204146;2928;11,26
204147;2911;10,82
204148;2912;10,85
204149;2899;10,52
204150;2917;10,98
204151;2943;11,63
204152;2924;11,15
204153;2927;11,23
204154;2921;11,08
204155;2924;11,15
204156;2929;11,28
204157;2943;11,63
204158;2939;11,53
204159;2929;11,28
204160;2937;11,48
204161;2942;11,61
204162;2941;11,58
204163;2954;11,91
204164;2972;12,37
204165;2945;11,69
204166;2933;11,38
204167;2933;11,38
204168;2945;11,69
204169;2959;12,04
204170;2943;11,63
204171;2981;12,60
204172;2956;11,96
204173;2947;11,74
204174;2953;11,89
204175;2971;12,34
204176;2960;12,06
204177;2978;12,52
204178;2960;12,06
204179;2975;12,44
204180;2970;12,32
204181;2992;12,87
204182;2974;12,42
204183;2975;12,44
204184;2977;12,49
204185;2983;12,65
204186;2982;12,62
204187;2992;12,87
204188;2987;12,75
204189;2988;12,77
204190;2976;12,47
204191;2999;13,05
204192;2981;12,60
204193;2992;12,87
204194;2981;12,60
204195;3010;13,33
204196;2995;12,95
204197;3005;13,20
204198;2983;12,65
204199;3008;13,28
204200;2993;12,90
204201;3015;13,46
204202;3014;13,43
204203;3001;13,10
204204;3003;13,15
204205;3013;13,41
204206;2993;12,90
204207;3009;13,30
204208;3015;13,46
204209;2991;12,85
204210;2989;12,80
204211;2994;12,93
204212;2995;12,95
204213;2992;12,87
204214;2995;12,95
204215;2992;12,87
204216;2999;13,05
204217;2999;13,05
204218;2992;12,87
204219;3024;13,68
204220;3008;13,28
204221;3024;13,68
204222;2995;12,95
204223;3004;13,18
204224;3007;13,25
204225;3018;13,53
204226;2999;13,05
204227;2997;13,00
204228;3009;13,30
204229;3023;13,66
204230;3002;13,13
204231;3015;13,46
204232;3023;13,66
204233;3011;13,36
204234;3008;13,28
204235;3004;13,18
204236;3005;13,20
204237;3011;13,36
204238;3010;13,33
204239;3015;13,46
204240;3017;13,51
204241;3013;13,41
204242;3045;14,22
204243;3024;13,68
204244;3011;13,36
204245;3024;13,68
204246;3026;13,73
204247;3008;13,28
204248;3011;13,36
204249;3021;13,61
204250;2997;13,00
204251;2992;12,87
204252;3021;13,61
204253;3024;13,68
204254;2997;13,00
204255;2994;12,93
204256;3014;13,43
204257;2985;12,70
204258;2983;12,65
204259;2999;13,05
204260;2987;12,75
204261;3009;13,30
204262;2986;12,72
204263;2988;12,77
204264;2983;12,65
204265;2979;12,55
204266;2979;12,55
204267;2977;12,49
204268;2972;12,37
204269;2994;12,93
204270;2978;12,52
204271;2978;12,52
204272;2965;12,19
204273;2963;12,14
204274;2965;12,19
204275;2987;12,75
204276;2961;12,09
204277;2995;12,95
204278;2979;12,55
204279;2975;12,44
204280;2975;12,44
204281;2999;13,05
204282;2972;12,37
204283;2994;12,93
204284;2978;12,52
204285;2981;12,60
204286;2979;12,55
204287;2973;12,39
204288;2992;12,87
204289;2992;12,87
204290;2995;12,95
204291;2990;12,82
204292;2993;12,90
204293;2991;12,85
204294;3003;13,15
204295;3006;13,23
204296;2993;12,90
204297;3001;13,10
204298;2989;12,80
204299;2998;13,03
204300;2987;12,75
204301;3007;13,25
204302;2987;12,75
204303;3008;13,28
204304;2983;12,65
204305;2991;12,85
204306;2967;12,24
204307;2976;12,47
204308;2968;12,27
204309;2989;12,80
204310;2966;12,22
204311;2973;12,39
204312;2971;12,34
204313;2974;12,42
204314;2974;12,42
204315;2977;12,49
204316;2978;12,52
204317;2967;12,24
204318;2960;12,06
204319;2967;12,24
204320;2949;11,79
204321;2951;11,84
204322;2965;12,19
204323;2979;12,55
204324;2971;12,34
204325;2979;12,55
204326;2960;12,06
204327;2960;12,06
204328;2966;12,22
204329;2960;12,06
204330;2960;12,06
204331;2973;12,39
204332;2959;12,04
204333;2975;12,44
204334;2967;12,24
204335;2962;12,12
204336;2961;12,09
204337;2970;12,32
204338;2955;11,94
204339;2956;11,96
204340;2942;11,61
204341;2967;12,24
204342;2966;12,22
204343;2942;11,61
204344;2960;12,06
204345;2981;12,60
204346;2962;12,12
204347;2979;12,55
204348;2958;12,01
204349;2974;12,42
204350;2950;11,81
204351;2958;12,01
204352;2958;12,01
204353;2955;11,94
204354;2951;11,84
204355;2975;12,44
204356;2956;11,96
204357;2964;12,17
204358;2949;11,79
204359;2950;11,81
204360;2959;12,04
204361;2974;12,42
204362;2944;11,66
204363;2948;11,76
204364;2935;11,43
204365;2952;11,86
204366;2930;11,31
204367;2941;11,58
204368;2949;11,79
204369;2946;11,71
204370;2933;11,38
204371;2961;12,09
204372;2944;11,66
204373;2951;11,84
204374;2927;11,23
204375;2946;11,71
204376;2928;11,26
204377;2954;11,91
204378;2931;11,33
204379;2960;12,06
204380;2929;11,28
204381;2925;11,18
204382;2911;10,82
204383;2911;10,82
204384;2907;10,72
204385;2911;10,82
204386;2934;11,41
204387;2928;11,26
204388;2941;11,58
204389;2933;11,38
204390;2928;11,26
204391;2948;11,76
204392;2939;11,53
204393;2980;12,57
204394;2953;11,89
204395;2957;11,99
204396;2956;11,96
204397;2967;12,24
204398;2960;12,06
204399;2992;12,87
204400;2963;12,14
204401;2953;11,89
204402;2947;11,74
204403;2942;11,61
204404;2945;11,69
204405;2942;11,61
204406;2967;12,24
204407;2960;12,06
204408;2960;12,06
204409;2964;12,17
204410;2966;12,22
204411;2958;12,01
204412;2953;11,89
204413;2945;11,69
204414;2953;11,89
204415;2966;12,22
204416;2940;11,56
204417;2939;11,53
204418;2926;11,20
204419;2906;10,70
204420;2885;10,17
204421;2869;9,76
204422;2875;9,91
204423;2908;10,75
204424;2891;10,32
204425;2880;10,04
204426;2870;9,79
204427;2885;10,17
204428;2865;9,66
204429;2894;10,39
204430;2877;9,96
204431;2885;10,17
204432;2897;10,47
204433;2902;10,60
204434;2867;9,71
204435;2867;9,71
204436;2855;9,41
204437;2896;10,45
204438;2877;9,96
204439;2915;10,93
204440;2871;9,81
204441;2930;11,31
204442;2896;10,45
204443;2886;10,19
204444;2889;10,27
204445;2890;10,29
204446;2890;10,29
204447;2889;10,27
204448;2876;9,94
204449;2883;10,12
204450;2883;10,12
204451;2871;9,81
204452;2869;9,76
204453;2879;10,02
204454;2866;9,69
204455;2882;10,09
204456;2874;9,89
204457;2870;9,79
204458;2849;9,26
204459;2846;9,18
204460;2833;8,85
204461;2853;9,36
204462;2859;9,51
204463;2864;9,64
204464;2870;9,79
204465;2909;10,77
204466;2869;9,76
204467;2866;9,69
204468;2865;9,66
204469;2873;9,86
204470;2869;9,76
204471;2876;9,94
204472;2872;9,84
204473;2878;9,99
204474;2877;9,96
204475;2862;9,59
204476;2859;9,51
204477;2863;9,61
204478;2858;9,48
204479;2883;10,12
204480;2855;9,41
204481;2858;9,48
204482;2853;9,36
204483;2871;9,81
204484;2879;10,02
204485;2899;10,52
204486;2869;9,76
204487;2866;9,69
204488;2866;9,69
204489;2865;9,66
204490;2855;9,41
204491;2854;9,38
204492;2859;9,51
204493;2836;8,93
204494;2823;8,60
204495;2834;8,88
204496;2824;8,62
204497;2838;8,98
204498;2831;8,80
204499;2838;8,98
204500;2853;9,36
204501;2845;9,15
204502;2832;8,83
204503;2847;9,21
204504;2841;9,05
204505;2832;8,83
204506;2829;8,75
204507;2835;8,90
204508;2847;9,21
204509;2835;8,90
204510;2832;8,83
204511;2815;8,40
204512;2815;8,40
204513;2825;8,65
204514;2829;8,75
204515;2827;8,70
204516;2815;8,40
204517;2826;8,67
204518;2826;8,67
204519;2826;8,67
204520;2823;8,60
204521;2854;9,38
204522;2848;9,23
204523;2857;9,46
204524;2839;9,00
204525;2847;9,21
204526;2832;8,83
204527;2842;9,08
204528;2832;8,83
204529;2846;9,18
204530;2840;9,03
204531;2845;9,15
204532;2840;9,03
204533;2853;9,36
204534;2826;8,67
204535;2827;8,70
204536;2828;8,72
204537;2823;8,60
204538;2827;8,70
204539;2820;8,52
204540;2822;8,57
204541;2804;8,12
204542;2809;8,24
204543;2822;8,57
204544;2823;8,60
204545;2846;9,18
204546;2851;9,31
204547;2822;8,57
204548;2821;8,55
204549;2822;8,57
204550;2817;8,45
204551;2831;8,80
204552;2829;8,75
204553;2842;9,08
204554;2825;8,65
204555;2833;8,85
204556;2829;8,75
204557;2843;9,10
204558;2837;8,95
204559;2833;8,85
204560;2846;9,18
204561;2858;9,48
204562;2863;9,61
204563;2851;9,31
204564;2855;9,41
204565;2877;9,96
204566;2842;9,08
204567;2836;8,93
204568;2831;8,80
204569;2833;8,85
204570;2832;8,83
204571;2825;8,65
204572;2818;8,47
204573;2833;8,85
204574;2835;8,90
204575;2823;8,60
204576;2819;8,50
204577;2821;8,55
204578;2827;8,70
204579;2819;8,50
204580;2800;8,02
204581;2800;8,02
204582;2801;8,04
204583;2826;8,67
204584;2814;8,37
204585;2813;8,35
204586;2804;8,12
204587;2795;7,89
204588;2801;8,04
204589;2794;7,86
204590;2785;7,64
204591;2802;8,07
204592;2781;7,54
204593;2800;8,02
204594;2802;8,07
204595;2813;8,35
204596;2814;8,37
204597;2809;8,24
204598;2815;8,40
204599;2825;8,65
204600;2805;8,14
204601;2803;8,09
204602;2800;8,02
204603;2806;8,17
204604;2815;8,40
204605;2826;8,67
204606;2833;8,85
204607;2837;8,95
204608;2839;9,00
204609;2845;9,15
204610;2838;8,98
204611;2830;8,78
204612;2817;8,45
204613;2819;8,50
204614;2807;8,19
204615;2814;8,37
204616;2804;8,12
204617;2809;8,24
204618;2802;8,07
204619;2801;8,04
204620;2813;8,35
204621;2786;7,66
204622;2784;7,61
204623;2798;7,97
204624;2770;7,26
204625;2768;7,21
204626;2774;7,36
204627;2775;7,38
204628;2771;7,28
204629;2768;7,21
204630;2768;7,21
204631;2777;7,43
204632;2762;7,05
204633;2772;7,31
204634;2769;7,23
204635;2768;7,21
204636;2768;7,21
204637;2777;7,43
204638;2769;7,23
204639;2770;7,26
204640;2782;7,56
204641;2793;7,84
204642;2774;7,36
204643;2788;7,71
204644;2797;7,94
204645;2785;7,64
204646;2795;7,89
204647;2789;7,74
204648;2797;7,94
204649;2800;8,02
204650;2799;7,99
204651;2800;8,02
204652;2790;7,76
204653;2813;8,35
204654;2799;7,99
204655;2814;8,37
204656;2807;8,19
204657;2797;7,94
204658;2800;8,02
204659;2809;8,24
204660;2799;7,99
204661;2785;7,64
204662;2805;8,14
204663;2797;7,94
204664;2801;8,04
204665;2797;7,94
204666;2780;7,51
204667;2783;7,59
204668;2784;7,61
204669;2782;7,56
204670;2783;7,59
204671;2775;7,38
204672;2774;7,36
204673;2783;7,59
204674;2768;7,21
204675;2770;7,26
204676;2767;7,18
204677;2756;6,90
204678;2762;7,05
204679;2800;8,02
204680;2763;7,08
204681;2762;7,05
204682;2757;6,93
204683;2762;7,05
204684;2745;6,62
204685;2753;6,83
204686;2737;6,42
204687;2733;6,32
204688;2746;6,65
204689;2734;6,35
204690;2736;6,40
204691;2736;6,40
204692;2755;6,88
204693;2773;7,33
204694;2752;6,80
204695;2765;7,13
204696;2759;6,98
204697;2752;6,80
204698;2768;7,21
204699;2771;7,28
204700;2773;7,33
204701;2782;7,56
204702;2782;7,56
204703;2803;8,09
204704;2800;8,02
204705;2797;7,94
204706;2801;8,04
204707;2789;7,74
204708;2800;8,02
204709;2787;7,69
204710;2777;7,43
204711;2787;7,69
204712;2800;8,02
204713;2798;7,97
204714;2784;7,61
204715;2768;7,21
204716;2821;8,55
204717;2787;7,69
204718;2816;8,42
204719;2786;7,66
204720;2787;7,69
204721;2800;8,02
204722;2768;7,21
204723;2775;7,38
204724;2766;7,16
204725;2758;6,95
204726;2762;7,05
204727;2779;7,48
204728;2770;7,26
204729;2758;6,95
204730;2756;6,90
204731;2763;7,08
204732;2737;6,42
204733;2757;6,93
204734;2739;6,47
204735;2729;6,22
204736;2733;6,32
204737;2738;6,45
204738;2734;6,35
204739;2738;6,45
204740;2741;6,52
204741;2747;6,68
204742;2742;6,55
204743;2755;6,88
204744;2754;6,85
204745;2755;6,88
204746;2754;6,85
204747;2763;7,08
204748;2749;6,73
204749;2763;7,08
204750;2757;6,93
204751;2763;7,08
204752;2769;7,23
204753;2768;7,21
204754;2775;7,38
204755;2778;7,46
204756;2782;7,56
204757;2784;7,61
204758;2779;7,48
204759;2790;7,76
204760;2786;7,66
204761;2779;7,48
204762;2793;7,84
204763;2791;7,79
204764;2797;7,94
204765;2791;7,79
204766;2802;8,07
204767;2795;7,89
204768;2801;8,04
204769;2794;7,86
204770;2786;7,66
204771;2789;7,74
204772;2789;7,74
204773;2798;7,97
204774;2795;7,89
204775;2794;7,86
204776;2786;7,66
204777;2779;7,48
204778;2768;7,21
204779;2783;7,59
204780;2765;7,13
204781;2779;7,48
204782;2768;7,21
204783;2754;6,85
204784;2753;6,83
204785;2755;6,88
204786;2766;7,16
204787;2761;7,03
204788;2748;6,70
204789;2751;6,78
204790;2752;6,80
204791;2754;6,85
204792;2741;6,52
204793;2743;6,57
204794;2744;6,60
204795;2749;6,73
204796;2736;6,40
204797;2738;6,45
204798;2741;6,52
204799;2747;6,68
204800;2754;6,85
204801;2759;6,98
204802;2746;6,65
204803;2757;6,93
204804;2743;6,57
204805;2768;7,21
204806;2751;6,78
204807;2757;6,93
204808;2762;7,05
204809;2747;6,68
204810;2761;7,03
204811;2781;7,54
204812;2761;7,03
204813;2766;7,16
204814;2768;7,21
204815;2774;7,36
204816;2768;7,21
204817;2768;7,21
204818;2767;7,18
204819;2808;8,22
204820;2795;7,89
204821;2782;7,56
204822;2768;7,21
204823;2770;7,26
204824;2787;7,69
204825;2771;7,28
204826;2783;7,59
204827;2810;8,27
204828;2782;7,56
204829;2787;7,69
204830;2793;7,84
204831;2790;7,76
204832;2782;7,56
204833;2781;7,54
204834;2782;7,56
204835;2783;7,59
204836;2773;7,33
204837;2774;7,36
204838;2767;7,18
204839;2768;7,21
204840;2783;7,59
204841;2793;7,84
204842;2771;7,28
204843;2774;7,36
204844;2770;7,26
204845;2765;7,13
204846;2767;7,18
204847;2775;7,38
204848;2782;7,56
204849;2774;7,36
204850;2803;8,09
204851;2783;7,59
204852;2769;7,23
204853;2771;7,28
204854;2768;7,21
204855;2780;7,51
204856;2790;7,76
204857;2784;7,61
204858;2783;7,59
204859;2777;7,43
204860;2800;8,02
204861;2800;8,02
204862;2794;7,86
204863;2790;7,76
204864;2788;7,71
204865;2793;7,84
204866;2793;7,84
204867;2810;8,27
204868;2786;7,66
204869;2807;8,19
204870;2795;7,89
204871;2801;8,04
204872;2783;7,59
204873;2803;8,09
204874;2795;7,89
204875;2810;8,27
204876;2811;8,29
204877;2799;7,99
204878;2789;7,74
204879;2800;8,02
204880;2795;7,89
204881;2800;8,02
204882;2791;7,79
204883;2818;8,47
204884;2794;7,86
204885;2787;7,69
204886;2805;8,14
204887;2802;8,07
204888;2801;8,04
204889;2794;7,86
204890;2790;7,76
204891;2810;8,27
204892;2789;7,74
204893;2781;7,54
204894;2798;7,97
204895;2815;8,40
204896;2805;8,14
204897;2809;8,24
204898;2807;8,19
204899;2817;8,45
204900;2800;8,02
204901;2812;8,32
204902;2811;8,29
204903;2810;8,27
204904;2815;8,40
204905;2809;8,24
204906;2803;8,09
204907;2814;8,37
204908;2806;8,17
204909;2819;8,50
204910;2807;8,19
204911;2813;8,35
204912;2816;8,42
204913;2818;8,47
204914;2811;8,29
204915;2811;8,29
204916;2810;8,27
204917;2811;8,29
204918;2812;8,32
204919;2829;8,75
204920;2816;8,42
204921;2820;8,52
204922;2826;8,67
204923;2833;8,85
204924;2819;8,50
204925;2813;8,35
204926;2832;8,83
204927;2827;8,70
204928;2827;8,70
204929;2830;8,78
204930;2857;9,46
204931;2816;8,42
204932;2822;8,57
204933;2832;8,83
204934;2821;8,55
204935;2834;8,88
204936;2823;8,60
204937;2836;8,93
204938;2816;8,42
204939;2837;8,95
204940;2832;8,83
204941;2839;9,00
204942;2830;8,78
204943;2832;8,83
204944;2832;8,83
204945;2853;9,36
204946;2837;8,95
204947;2842;9,08
204948;2834;8,88
204949;2848;9,23
204950;2844;9,13
204951;2845;9,15
204952;2837;8,95
204953;2851;9,31
204954;2852;9,33
204955;2835;8,90
204956;2843;9,10
204957;2855;9,41
204958;2834;8,88
204959;2846;9,18
204960;2847;9,21
204961;2850;9,28
204962;2842;9,08
204963;2862;9,59
204964;2850;9,28
204965;2847;9,21
204966;2842;9,08
204967;2847;9,21
204968;2864;9,64
204969;2854;9,38
204970;2845;9,15
204971;2855;9,41
204972;2855;9,41
204973;2857;9,46
204974;2855;9,41
204975;2858;9,48
204976;2860;9,53
204977;2853;9,36
204978;2864;9,64
204979;2854;9,38
204980;2857;9,46
204981;2863;9,61
204982;2864;9,64
204983;2864;9,64
204984;2864;9,64
204985;2867;9,71
204986;2855;9,41
204987;2857;9,46
204988;2879;10,02
204989;2873;9,86
204990;2874;9,89
204991;2860;9,53
204992;2875;9,91
204993;2862;9,59
204994;2874;9,89
204995;2861;9,56
204996;2861;9,56
204997;2864;9,64
204998;2878;9,99
204999;2869;9,76
205000;2870;9,79
205001;2882;10,09
205002;2867;9,71
205003;2863;9,61
205004;2878;9,99
205005;2880;10,04
205006;2894;10,39
205007;2864;9,64
205008;2864;9,64
205009;2881;10,07
205010;2867;9,71
205011;2876;9,94
205012;2874;9,89
205013;2875;9,91
205014;2878;9,99
205015;2864;9,64
205016;2881;10,07
205017;2865;9,66
205018;2863;9,61
205019;2866;9,69
205020;2868;9,74
205021;2873;9,86
205022;2884;10,14
205023;2864;9,64
205024;2857;9,46
205025;2877;9,96
205026;2871;9,81
205027;2885;10,17
205028;2869;9,76
205029;2865;9,66
205030;2871;9,81
205031;2871;9,81
205032;2864;9,64
205033;2878;9,99
205034;2866;9,69
205035;2874;9,89
205036;2864;9,64
205037;2867;9,71
205038;2850;9,28
205039;2875;9,91
205040;2869;9,76
205041;2887;10,22
205042;2869;9,76
205043;2858;9,48
205044;2855;9,41
205045;2864;9,64
205046;2857;9,46
205047;2864;9,64
205048;2867;9,71
205049;2871;9,81
205050;2867;9,71
205051;2871;9,81
205052;2858;9,48
205053;2859;9,51
205054;2862;9,59
205055;2861;9,56
205056;2859;9,51
205057;2867;9,71
205058;2864;9,64
205059;2874;9,89
205060;2853;9,36
205061;2869;9,76
205062;2860;9,53
205063;2852;9,33
205064;2865;9,66
205065;2860;9,53
205066;2861;9,56
205067;2864;9,64
205068;2874;9,89
205069;2861;9,56
205070;2855;9,41
205071;2864;9,64
205072;2859;9,51
205073;2861;9,56
205074;2862;9,59
205075;2847;9,21
205076;2860;9,53
205077;2864;9,64
205078;2871;9,81
205079;2882;10,09
205080;2859;9,51
205081;2855;9,41
205082;2853;9,36
205083;2863;9,61
205084;2854;9,38
205085;2855;9,41
205086;2865;9,66
205087;2853;9,36
205088;2859;9,51
205089;2875;9,91
205090;2859;9,51
205091;2854;9,38
205092;2855;9,41
205093;2863;9,61
205094;2842;9,08
205095;2863;9,61
205096;2857;9,46
205097;2843;9,10
205098;2862;9,59
205099;2861;9,56
205100;2863;9,61
205101;2859;9,51
205102;2850;9,28
205103;2859;9,51
205104;2853;9,36
205105;2853;9,36
205106;2859;9,51
205107;2865;9,66
205108;2862;9,59
205109;2845;9,15
205110;2846;9,18
205111;2850;9,28
205112;2844;9,13
205113;2847;9,21
205114;2845;9,15
205115;2859;9,51
205116;2841;9,05
205117;2858;9,48
205118;2833;8,85
205119;2848;9,23
205120;2840;9,03
205121;2847;9,21
205122;2836;8,93
205123;2859;9,51
205124;2832;8,83
205125;2836;8,93
205126;2841;9,05
205127;2838;8,98
205128;2835;8,90
205129;2832;8,83
205130;2841;9,05
205131;2846;9,18
205132;2833;8,85
205133;2843;9,10
205134;2831;8,80
205135;2833;8,85
205136;2835;8,90
205137;2832;8,83
205138;2845;9,15
205139;2837;8,95
205140;2820;8,52
205141;2831;8,80
205142;2834;8,88
205143;2818;8,47
205144;2823;8,60
205145;2827;8,70
205146;2825;8,65
205147;2826;8,67
205148;2819;8,50
205149;2822;8,57
205150;2825;8,65
205151;2831;8,80
205152;2841;9,05
205153;2827;8,70
205154;2831;8,80
205155;2830;8,78
205156;2822;8,57
205157;2830;8,78
205158;2827;8,70
205159;2818;8,47
205160;2838;8,98
205161;2832;8,83
205162;2819;8,50
205163;2832;8,83
205164;2822;8,57
205165;2853;9,36
205166;2833;8,85
205167;2819;8,50
205168;2823;8,60
205169;2817;8,45
205170;2818;8,47
205171;2825;8,65
205172;2817;8,45
205173;2817;8,45
205174;2817;8,45
205175;2821;8,55
205176;2815;8,40
205177;2830;8,78
205178;2817;8,45
205179;2816;8,42
205180;2815;8,40
205181;2819;8,50
205182;2811;8,29
205183;2821;8,55
205184;2810;8,27
205185;2817;8,45
205186;2823;8,60
205187;2827;8,70
205188;2819;8,50
205189;2819;8,50
205190;2812;8,32
205191;2806;8,17
205192;2799;7,99
205193;2815;8,40
205194;2815;8,40
205195;2815;8,40
205196;2832;8,83
205197;2815;8,40
205198;2815;8,40
205199;2823;8,60
205200;2806;8,17
205201;2811;8,29
205202;2816;8,42
205203;2805;8,14
205204;2815;8,40
205205;2801;8,04
205206;2815;8,40
205207;2818;8,47
205208;2815;8,40
205209;2817;8,45
205210;2814;8,37
205211;2809;8,24
205212;2807;8,19
205213;2804;8,12
205214;2815;8,40
205215;2812;8,32
205216;2825;8,65
205217;2799;7,99
205218;2813;8,35
205219;2815;8,40
205220;2800;8,02
205221;2809;8,24
205222;2806;8,17
205223;2809;8,24
205224;2800;8,02
205225;2818;8,47
205226;2809;8,24
205227;2827;8,70
205228;2825;8,65
205229;2803;8,09
205230;2809;8,24
205231;2804;8,12
205232;2803;8,09
205233;2832;8,83
205234;2795;7,89
205235;2800;8,02
205236;2805;8,14
205237;2796;7,91
205238;2797;7,94
205239;2801;8,04
205240;2801;8,04
205241;2791;7,79
205242;2788;7,71
205243;2790;7,76
205244;2791;7,79
205245;2795;7,89
205246;2791;7,79
205247;2803;8,09
205248;2775;7,38
205249;2790;7,76
205250;2800;8,02
205251;2795;7,89
205252;2783;7,59
205253;2789;7,74
205254;2793;7,84
205255;2799;7,99
205256;2791;7,79
205257;2807;8,19
205258;2803;8,09
205259;2794;7,86
205260;2794;7,86
205261;2799;7,99
205262;2787;7,69
205263;2800;8,02
205264;2798;7,97
205265;2797;7,94
205266;2797;7,94
205267;2793;7,84
205268;2781;7,54
205269;2811;8,29
205270;2791;7,79
205271;2788;7,71
205272;2787;7,69
205273;2795;7,89
205274;2782;7,56
205275;2784;7,61
205276;2789;7,74
205277;2803;8,09
205278;2785;7,64
205279;2783;7,59
205280;2781;7,54
205281;2787;7,69
205282;2781;7,54
205283;2801;8,04
205284;2783;7,59
205285;2777;7,43
205286;2773;7,33
205287;2795;7,89
205288;2782;7,56
205289;2790;7,76
205290;2771;7,28
205291;2779;7,48
205292;2783;7,59
205293;2770;7,26
205294;2783;7,59
205295;2788;7,71
205296;2743;6,57
205297;2782;7,56
205298;2768;7,21
205299;2787;7,69
205300;2771;7,28
205301;2789;7,74
205302;2774;7,36
205303;2771;7,28
205304;2786;7,66
205305;2781;7,54
205306;2770;7,26
205307;2800;8,02
205308;2769;7,23
205309;2779;7,48
205310;2779;7,48
205311;2778;7,46
205312;2767;7,18
205313;2780;7,51
205314;2779;7,48
205315;2783;7,59
205316;2785;7,64
205317;2768;7,21
205318;2771;7,28
205319;2768;7,21
205320;2779;7,48
205321;2790;7,76
205322;2775;7,38
205323;2775;7,38
205324;2768;7,21
205325;2772;7,31
205326;2769;7,23
205327;2746;6,65
205328;2773;7,33
205329;2783;7,59
205330;2771;7,28
205331;2768;7,21
205332;2779;7,48
205333;2782;7,56
205334;2774;7,36
205335;2785;7,64
205336;2771;7,28
205337;2768;7,21
205338;2780;7,51
205339;2779;7,48
205340;2767;7,18
205341;2774;7,36
205342;2772;7,31
205343;2779;7,48
205344;2784;7,61
205345;2773;7,33
205346;2770;7,26
205347;2774;7,36
205348;2783;7,59
205349;2768;7,21
205350;2771;7,28
205351;2742;6,55
205352;2768;7,21
205353;2769;7,23
205354;2767;7,18
205355;2765;7,13
205356;2763;7,08
205357;2771;7,28
205358;2771;7,28
205359;2765;7,13
205360;2765;7,13
205361;2763;7,08
205362;2763;7,08
205363;2751;6,78
205364;2755;6,88
205365;2781;7,54
205366;2763;7,08
205367;2735;6,37
205368;2753;6,83
205369;2783;7,59
205370;2756;6,90
205371;2761;7,03
205372;2758;6,95
205373;2770;7,26
205374;2773;7,33
205375;2765;7,13
205376;2756;6,90
205377;2766;7,16
205378;2768;7,21
205379;2768;7,21
205380;2767;7,18
205381;2767;7,18
205382;2737;6,42
205383;2756;6,90
205384;2762;7,05
205385;2758;6,95
205386;2754;6,85
205387;2763;7,08
205388;2757;6,93
205389;2759;6,98
205390;2755;6,88
205391;2763;7,08
205392;2764;7,11
205393;2763;7,08
205394;2779;7,48
205395;2761;7,03
205396;2763;7,08
205397;2753;6,83
205398;2742;6,55
205399;2771;7,28
205400;2755;6,88
205401;2761;7,03
205402;2758;6,95
205403;2766;7,16
205404;2756;6,90
205405;2749;6,73
205406;2747;6,68
205407;2756;6,90
205408;2753;6,83
205409;2759;6,98
205410;2754;6,85
205411;2748;6,70
205412;2749;6,73
205413;2743;6,57
205414;2757;6,93
205415;2768;7,21
205416;2751;6,78
205417;2757;6,93
205418;2745;6,62
205419;2745;6,62
205420;2751;6,78
205421;2754;6,85
205422;2752;6,80
205423;2758;6,95
205424;2752;6,80
205425;2768;7,21
205426;2746;6,65
205427;2755;6,88
205428;2743;6,57
205429;2754;6,85
205430;2747;6,68
205431;2749;6,73
205432;2742;6,55
205433;2751;6,78
205434;2742;6,55
205435;2757;6,93
205436;2739;6,47
205437;2768;7,21
205438;2745;6,62
205439;2761;7,03
205440;2746;6,65
205441;2758;6,95
205442;2750;6,75
205443;2773;7,33
205444;2759;6,98
205445;2749;6,73
205446;2742;6,55
205447;2757;6,93
205448;2752;6,80
205449;2723;6,07
205450;2747;6,68
205451;2766;7,16
205452;2748;6,70
205453;2761;7,03
205454;2747;6,68
205455;2768;7,21
205456;2739;6,47
205457;2751;6,78
205458;2745;6,62
205459;2749;6,73
205460;2743;6,57
205461;2762;7,05
205462;2742;6,55
205463;2746;6,65
205464;2738;6,45
205465;2756;6,90
205466;2736;6,40
205467;2741;6,52
205468;2736;6,40
205469;2763;7,08
205470;2741;6,52
205471;2751;6,78
205472;2742;6,55
205473;2742;6,55
205474;2731;6,27
205475;2719;5,97
205476;2746;6,65
205477;2749;6,73
205478;2736;6,40
205479;2742;6,55
205480;2737;6,42
205481;2734;6,35
205482;2733;6,32
205483;2756;6,90
205484;2736;6,40
205485;2741;6,52
205486;2717;5,92
205487;2736;6,40
205488;2731;6,27
205489;2726;6,14
205490;2736;6,40
205491;2741;6,52
205492;2736;6,40
205493;2736;6,40
205494;2731;6,27
205495;2740;6,50
205496;2736;6,40
205497;2741;6,52
205498;2736;6,40
205499;2740;6,50
205500;2730;6,24
205501;2737;6,42
205502;2731;6,27
205503;2746;6,65
205504;2735;6,37
205505;2746;6,65
205506;2736;6,40
205507;2751;6,78
205508;2729;6,22
205509;2747;6,68
205510;2740;6,50
205511;2752;6,80
205512;2746;6,65
205513;2739;6,47
205514;2731;6,27
205515;2734;6,35
205516;2742;6,55
205517;2752;6,80
205518;2733;6,32
205519;2736;6,40
205520;2738;6,45
205521;2750;6,75
205522;2736;6,40
205523;2705;5,61
205524;2739;6,47
205525;2751;6,78
205526;2742;6,55
205527;2740;6,50
205528;2736;6,40
205529;2737;6,42
205530;2743;6,57
205531;2739;6,47
205532;2745;6,62
205533;2739;6,47
205534;2745;6,62
205535;2739;6,47
205536;2735;6,37
205537;2743;6,57
205538;2735;6,37
205539;2747;6,68
205540;2740;6,50
205541;2739;6,47
205542;2751;6,78
205543;2734;6,35
205544;2736;6,40
205545;2750;6,75
205546;2737;6,42
205547;2751;6,78
205548;2742;6,55
205549;2711;5,76
205550;2736;6,40
205551;2747;6,68
205552;2736;6,40
205553;2736;6,40
205554;2737;6,42
205555;2740;6,50
205556;2747;6,68
205557;2722;6,04
205558;2731;6,27
205559;2718;5,94
205560;2742;6,55
205561;2741;6,52
205562;2736;6,40
205563;2734;6,35
205564;2731;6,27
205565;2722;6,04
205566;2736;6,40
205567;2752;6,80
205568;2739;6,47
205569;2703;5,56
205570;2732;6,30
205571;2726;6,14
205572;2734;6,35
205573;2738;6,45
205574;2720;5,99
205575;2734;6,35
205576;2720;5,99
205577;2731;6,27
205578;2727;6,17
205579;2711;5,76
205580;2731;6,27
205581;2737;6,42
205582;2727;6,17
205583;2738;6,45
205584;2715;5,87
205585;2718;5,94
205586;2716;5,89
205587;2727;6,17
205588;2701;5,51
205589;2736;6,40
205590;2720;5,99
205591;2725;6,12
205592;2729;6,22
205593;2720;5,99
205594;2721;6,02
205595;2718;5,94
205596;2727;6,17
205597;2723;6,07
205598;2714;5,84
205599;2723;6,07
205600;2689;5,21
205601;2713;5,81
205602;2699;5,46
205603;2734;6,35
205604;2685;5,11
205605;2723;6,07
205606;2702;5,54
205607;2726;6,14
205608;2694;5,33
205609;2731;6,27
205610;2704;5,59
205611;2721;6,02
205612;2704;5,59
205613;2731;6,27
205614;2705;5,61
205615;2727;6,17
205616;2698;5,44
205617;2729;6,22
205618;2691;5,26
205619;2736;6,40
205620;2700;5,49
205621;2729;6,22
205622;2703;5,56
205623;2736;6,40
205624;2698;5,44
205625;2733;6,32
205626;2703;5,56
205627;2736;6,40
205628;2711;5,76
205629;2738;6,45
205630;2699;5,46
205631;2722;6,04
205632;2702;5,54
205633;2734;6,35
205634;2701;5,51
205635;2737;6,42
205636;2698;5,44
205637;2738;6,45
205638;2689;5,21
205639;2715;5,87
205640;2693;5,31
205641;2729;6,22
205642;2694;5,33
205643;2719;5,97
205644;2701;5,51
205645;2736;6,40
205646;2691;5,26
205647;2731;6,27
205648;2725;6,12
205649;2720;5,99
205650;2689;5,21
205651;2722;6,04
205652;2692;5,28
205653;2720;5,99
205654;2690;5,23
205655;2719;5,97
205656;2690;5,23
205657;2719;5,97
205658;2702;5,54
205659;2723;6,07
205660;2692;5,28
205661;2711;5,76
205662;2695;5,36
205663;2719;5,97
205664;2691;5,26
205665;2723;6,07
205666;2702;5,54
205667;2709;5,71
205668;2684;5,08
205669;2726;6,14
205670;2687;5,16
205671;2715;5,87
205672;2691;5,26
205673;2719;5,97
205674;2688;5,18
205675;2716;5,89
205676;2686;5,13
205677;2715;5,87
205678;2686;5,13
205679;2704;5,59
205680;2679;4,95
205681;2716;5,89
205682;2679;4,95
205683;2721;6,02
205684;2677;4,90
205685;2717;5,92
205686;2679;4,95
205687;2704;5,59
205688;2678;4,93
205689;2713;5,81
205690;2676;4,88
205691;2713;5,81
205692;2674;4,83
205693;2704;5,59
205694;2668;4,68
205695;2715;5,87
205696;2674;4,83
205697;2698;5,44
205698;2675;4,85
205699;2727;6,17
205700;2683;5,06
205701;2705;5,61
205702;2702;5,54
205703;2706;5,64
205704;2682;5,03
205705;2714;5,84
205706;2686;5,13
205707;2714;5,84
205708;2675;4,85
205709;2704;5,59
205710;2686;5,13
205711;2723;6,07
205712;2682;5,03
205713;2706;5,64
205714;2682;5,03
205715;2717;5,92
205716;2690;5,23
205717;2713;5,81
205718;2683;5,06
205719;2672;4,78
205720;2685;5,11
205721;2715;5,87
205722;2688;5,18
205723;2714;5,84
205724;2685;5,11
205725;2718;5,94
205726;2687;5,16
205727;2709;5,71
205728;2690;5,23
205729;2716;5,89
205730;2688;5,18
205731;2723;6,07
205732;2693;5,31
205733;2709;5,71
205734;2693;5,31
205735;2722;6,04
205736;2690;5,23
205737;2719;5,97
205738;2706;5,64
205739;2727;6,17
205740;2691;5,26
205741;2713;5,81
205742;2683;5,06
205743;2726;6,14
205744;2693;5,31
205745;2730;6,24
205746;2692;5,28
205747;2713;5,81
205748;2693;5,31
205749;2722;6,04
205750;2690;5,23
205751;2725;6,12
205752;2695;5,36
205753;2725;6,12
205754;2691;5,26
205755;2720;5,99
205756;2707;5,66
205757;2725;6,12
205758;2694;5,33
205759;2733;6,32
205760;2688;5,18
205761;2724;6,09
205762;2694;5,33
205763;2721;6,02
205764;2694;5,33
205765;2731;6,27
205766;2695;5,36
205767;2720;5,99
205768;2688;5,18
205769;2726;6,14
205770;2688;5,18
205771;2729;6,22
205772;2687;5,16
205773;2719;5,97
205774;2684;5,08
205775;2711;5,76
205776;2686;5,13
205777;2720;5,99
205778;2679;4,95
205779;2720;5,99
205780;2681;5,01
205781;2715;5,87
205782;2717;5,92
205783;2735;6,37
205784;2682;5,03
205785;2704;5,59
205786;2688;5,18
205787;2722;6,04
205788;2682;5,03
205789;2704;5,59
205790;2686;5,13
205791;2725;6,12
205792;2689;5,21
205793;2725;6,12
205794;2697;5,41
205795;2733;6,32
205796;2694;5,33
205797;2731;6,27
205798;2700;5,49
205799;2727;6,17
205800;2702;5,54
205801;2715;5,87
205802;2716;5,89
205803;2715;5,87
205804;2697;5,41
205805;2731;6,27
205806;2691;5,26
205807;2744;6,60
205808;2716;5,89
205809;2721;6,02
205810;2694;5,33
205811;2713;5,81
205812;2702;5,54
205813;2715;5,87
205814;2694;5,33
205815;2728;6,19
205816;2703;5,56
205817;2722;6,04
205818;2689;5,21
205819;2732;6,30
205820;2687;5,16
205821;2736;6,40
205822;2704;5,59
205823;2721;6,02
205824;2690;5,23
205825;2718;5,94
205826;2699;5,46
205827;2714;5,84
205828;2730;6,24
205829;2725;6,12
205830;2685;5,11
205831;2727;6,17
205832;2699;5,46
205833;2716;5,89
205834;2694;5,33
205835;2725;6,12
205836;2701;5,51
205837;2722;6,04
205838;2691;5,26
205839;2731;6,27
205840;2686;5,13
205841;2732;6,30
205842;2677;4,90
205843;2720;5,99
205844;2721;6,02
205845;2717;5,92
205846;2691;5,26
205847;2714;5,84
205848;2686;5,13
205849;2711;5,76
205850;2683;5,06
205851;2709;5,71
205852;2662;4,52
205853;2717;5,92
205854;2685;5,11
205855;2736;6,40
205856;2685;5,11
205857;2705;5,61
205858;2693;5,31
205859;2714;5,84
205860;2679;4,95
205861;2722;6,04
205862;2675;4,85
205863;2706;5,64
205864;2703;5,56
205865;2736;6,40
205866;2673;4,80
205867;2725;6,12
205868;2673;4,80
205869;2735;6,37
205870;2679;4,95
205871;2665;4,60
205872;2691;5,26
205873;2717;5,92
205874;2686;5,13
205875;2688;5,18
205876;2682;5,03
205877;2719;5,97
205878;2689;5,21
205879;2693;5,31
205880;2693;5,31
205881;2725;6,12
205882;2704;5,59
205883;2736;6,40
205884;2686;5,13
205885;2736;6,40
205886;2694;5,33
205887;2719;5,97
205888;2701;5,51
205889;2746;6,65
205890;2689;5,21
205891;2730;6,24
205892;2694;5,33
205893;2713;5,81
205894;2695;5,36
205895;2739;6,47
205896;2677;4,90
205897;2746;6,65
205898;2708;5,69
205899;2737;6,42
205900;2688;5,18
205901;2736;6,40
205902;2705;5,61
205903;2715;5,87
205904;2692;5,28
205905;2717;5,92
205906;2682;5,03
205907;2736;6,40
205908;2703;5,56
205909;2709;5,71
205910;2683;5,06
205911;2738;6,45
205912;2687;5,16
205913;2714;5,84
205914;2690;5,23
205915;2704;5,59
205916;2683;5,06
205917;2703;5,56
205918;2686;5,13
205919;2705;5,61
205920;2672;4,78
205921;2699;5,46
205922;2683;5,06
205923;2717;5,92
205924;2669;4,70
205925;2717;5,92
205926;2673;4,80
205927;2705;5,61
205928;2672;4,78
205929;2719;5,97
205930;2676;4,88
205931;2704;5,59
205932;2674;4,83
205933;2721;6,02
205934;2672;4,78
205935;2719;5,97
205936;2672;4,78
205937;2725;6,12
205938;2668;4,68
205939;2699;5,46
205940;2673;4,80
205941;2708;5,69
205942;2682;5,03
205943;2710;5,74
205944;2677;4,90
205945;2709;5,71
205946;2693;5,31
205947;2724;6,09
205948;2692;5,28
205949;2685;5,11
205950;2698;5,44
205951;2739;6,47
205952;2703;5,56
205953;2718;5,94
205954;2704;5,59
205955;2731;6,27
205956;2703;5,56
205957;2736;6,40
205958;2736;6,40
205959;2726;6,14
205960;2699;5,46
205961;2736;6,40
205962;2713;5,81
205963;2736;6,40
205964;2704;5,59
205965;2737;6,42
205966;2709;5,71
205967;2736;6,40
205968;2705;5,61
205969;2743;6,57
205970;2706;5,64
205971;2739;6,47
205972;2723;6,07
205973;2755;6,88
205974;2704;5,59
205975;2738;6,45
205976;2698;5,44
205977;2736;6,40
205978;2711;5,76
205979;2747;6,68
205980;2700;5,49
205981;2743;6,57
205982;2705;5,61
205983;2739;6,47
205984;2704;5,59
205985;2741;6,52
205986;2678;4,93
205987;2735;6,37
205988;2688;5,18
205989;2731;6,27
205990;2689;5,21
205991;2736;6,40
205992;2690;5,23
205993;2713;5,81
205994;2685;5,11
205995;2703;5,56
205996;2677;4,90
205997;2727;6,17
205998;2674;4,83
205999;2719;5,97
206000;2668;4,68
206001;2704;5,59
206002;2703;5,56
206003;2704;5,59
206004;2673;4,80
206005;2736;6,40
206006;2672;4,78
206007;2719;5,97
206008;2685;5,11
206009;2710;5,74
206010;2706;5,64
206011;2711;5,76
206012;2674;4,83
206013;2716;5,89
206014;2673;4,80
206015;2725;6,12
206016;2688;5,18
206017;2720;5,99
206018;2687;5,16
206019;2720;5,99
206020;2703;5,56
206021;2736;6,40
206022;2702;5,54
206023;2742;6,55
206024;2702;5,54
206025;2725;6,12
206026;2704;5,59
206027;2736;6,40
206028;2720;5,99
206029;2709;5,71
206030;2704;5,59
206031;2735;6,37
206032;2704;5,59
206033;2734;6,35
206034;2716;5,89
206035;2747;6,68
206036;2718;5,94
206037;2739;6,47
206038;2721;6,02
206039;2755;6,88
206040;2714;5,84
206041;2738;6,45
206042;2716;5,89
206043;2736;6,40
206044;2711;5,76
206045;2705;5,61
206046;2717;5,92
206047;2736;6,40
206048;2714;5,84
206049;2736;6,40
206050;2703;5,56
206051;2702;5,54
206052;2708;5,69
206053;2741;6,52
206054;2697;5,41
206055;2722;6,04
206056;2699;5,46
206057;2746;6,65
206058;2694;5,33
206059;2731;6,27
206060;2699;5,46
206061;2705;5,61
206062;2689;5,21
206063;2718;5,94
206064;2720;5,99
206065;2715;5,87
206066;2725;6,12
206067;2746;6,65
206068;2686;5,13
206069;2718;5,94
206070;2710;5,74
206071;2715;5,87
206072;2678;4,93
206073;2726;6,14
206074;2686;5,13
206075;2724;6,09
206076;2691;5,26
206077;2735;6,37
206078;2690;5,23
206079;2721;6,02
206080;2684;5,08
206081;2723;6,07
206082;2692;5,28
206083;2721;6,02
206084;2689;5,21
206085;2718;5,94
206086;2683;5,06
206087;2733;6,32
206088;2695;5,36
206089;2725;6,12
206090;2693;5,31
206091;2715;5,87
206092;2718;5,94
206093;2727;6,17
206094;2691;5,26
206095;2731;6,27
206096;2703;5,56
206097;2737;6,42
206098;2717;5,92
206099;2738;6,45
206100;2696;5,38
206101;2724;6,09
206102;2704;5,59
206103;2746;6,65
206104;2716;5,89
206105;2736;6,40
206106;2704;5,59
206107;2743;6,57
206108;2710;5,74
206109;2753;6,83
206110;2707;5,66
206111;2741;6,52
206112;2705;5,61
206113;2733;6,32
206114;2716;5,89
206115;2762;7,05
206116;2705;5,61
206117;2733;6,32
206118;2717;5,92
206119;2742;6,55
206120;2704;5,59
206121;2739;6,47
206122;2711;5,76
206123;2745;6,62
206124;2704;5,59
206125;2742;6,55
206126;2714;5,84
206127;2767;7,18
206128;2711;5,76
206129;2739;6,47
206130;2709;5,71
206131;2754;6,85
206132;2709;5,71
206133;2738;6,45
206134;2704;5,59
206135;2736;6,40
206136;2705;5,61
206137;2737;6,42
206138;2705;5,61
206139;2723;6,07
206140;2709;5,71
206141;2737;6,42
206142;2705;5,61
206143;2734;6,35
206144;2710;5,74
206145;2733;6,32
206146;2703;5,56
206147;2734;6,35
206148;2711;5,76
206149;2731;6,27
206150;2706;5,64
206151;2735;6,37
206152;2702;5,54
206153;2756;6,90
206154;2704;5,59
206155;2741;6,52
206156;2703;5,56
206157;2733;6,32
206158;2700;5,49
206159;2740;6,50
206160;2707;5,66
206161;2736;6,40
206162;2708;5,69
206163;2731;6,27
206164;2703;5,56
206165;2763;7,08
206166;2708;5,69
206167;2736;6,40
206168;2704;5,59
206169;2746;6,65
206170;2714;5,84
206171;2738;6,45
206172;2704;5,59
206173;2738;6,45
206174;2704;5,59
206175;2735;6,37
206176;2697;5,41
206177;2741;6,52
206178;2706;5,64
206179;2746;6,65
206180;2689;5,21
206181;2713;5,81
206182;2704;5,59
206183;2731;6,27
206184;2685;5,11
206185;2733;6,32
206186;2700;5,49
206187;2722;6,04
206188;2694;5,33
206189;2745;6,62
206190;2704;5,59
206191;2730;6,24
206192;2689;5,21
206193;2726;6,14
206194;2686;5,13
206195;2720;5,99
206196;2688;5,18
206197;2720;5,99
206198;2694;5,33
206199;2750;6,75
206200;2704;5,59
206201;2736;6,40
206202;2703;5,56
206203;2736;6,40
206204;2704;5,59
206205;2702;5,54
206206;2698;5,44
206207;2766;7,16
206208;2705;5,61
206209;2734;6,35
206210;2700;5,49
206211;2743;6,57
206212;2709;5,71
206213;2768;7,21
206214;2702;5,54
206215;2767;7,18
206216;2709;5,71
206217;2748;6,70
206218;2716;5,89
206219;2750;6,75
206220;2703;5,56
206221;2738;6,45
206222;2717;5,92
206223;2741;6,52
206224;2704;5,59
206225;2736;6,40
206226;2701;5,51
206227;2739;6,47
206228;2701;5,51
206229;2736;6,40
206230;2698;5,44
206231;2762;7,05
206232;2701;5,51
206233;2743;6,57
206234;2688;5,18
206235;2735;6,37
206236;2685;5,11
206237;2718;5,94
206238;2684;5,08
206239;2736;6,40
206240;2687;5,16
206241;2719;5,97
206242;2673;4,80
206243;2716;5,89
206244;2682;5,03
206245;2704;5,59
206246;2677;4,90
206247;2717;5,92
206248;2682;5,03
206249;2711;5,76
206250;2699;5,46
206251;2710;5,74
206252;2673;4,80
206253;2691;5,26
206254;2690;5,23
206255;2710;5,74
206256;2689;5,21
206257;2721;6,02
206258;2701;5,51
206259;2735;6,37
206260;2702;5,54
206261;2739;6,47
206262;2701;5,51
206263;2743;6,57
206264;2708;5,69
206265;2751;6,78
206266;2711;5,76
206267;2752;6,80
206268;2711;5,76
206269;2742;6,55
206270;2720;5,99
206271;2768;7,21
206272;2715;5,87
206273;2751;6,78
206274;2725;6,12
206275;2743;6,57
206276;2715;5,87
206277;2752;6,80
206278;2714;5,84
206279;2745;6,62
206280;2701;5,51
206281;2753;6,83
206282;2668;4,68
206283;2740;6,50
206284;2687;5,16
206285;2726;6,14
206286;2698;5,44
206287;2698;5,44
206288;2695;5,36
206289;2727;6,17
206290;2695;5,36
206291;2722;6,04
206292;2691;5,26
206293;2720;5,99
206294;2702;5,54
206295;2723;6,07
206296;2683;5,06
206297;2726;6,14
206298;2689;5,21
206299;2736;6,40
206300;2694;5,33
206301;2727;6,17
206302;2698;5,44
206303;2736;6,40
206304;2689;5,21
206305;2720;5,99
206306;2703;5,56
206307;2738;6,45
206308;2692;5,28
206309;2734;6,35
206310;2705;5,61
206311;2751;6,78
206312;2743;6,57
206313;2731;6,27
206314;2704;5,59
206315;2747;6,68
206316;2717;5,92
206317;2753;6,83
206318;2718;5,94
206319;2758;6,95
206320;2721;6,02
206321;2770;7,26
206322;2731;6,27
206323;2775;7,38
206324;2735;6,37
206325;2786;7,66
206326;2736;6,40
206327;2771;7,28
206328;2734;6,35
206329;2753;6,83
206330;2736;6,40
206331;2752;6,80
206332;2731;6,27
206333;2780;7,51
206334;2723;6,07
206335;2789;7,74
206336;2731;6,27
206337;2763;7,08
206338;2725;6,12
206339;2757;6,93
206340;2722;6,04
206341;2774;7,36
206342;2704;5,59
206343;2747;6,68
206344;2707;5,66
206345;2733;6,32
206346;2720;5,99
206347;2747;6,68
206348;2705;5,61
206349;2742;6,55
206350;2693;5,31
206351;2739;6,47
206352;2684;5,08
206353;2701;5,51
206354;2675;4,85
206355;2726;6,14
206356;2677;4,90
206357;2706;5,64
206358;2682;5,03
206359;2710;5,74
206360;2675;4,85
206361;2738;6,45
206362;2679;4,95
206363;2719;5,97
206364;2684;5,08
206365;2724;6,09
206366;2692;5,28
206367;2731;6,27
206368;2693;5,31
206369;2739;6,47
206370;2704;5,59
206371;2736;6,40
206372;2727;6,17
206373;2753;6,83
206374;2726;6,14
206375;2772;7,31
206376;2735;6,37
206377;2772;7,31
206378;2723;6,07
206379;2770;7,26
206380;2733;6,32
206381;2770;7,26
206382;2723;6,07
206383;2780;7,51
206384;2737;6,42
206385;2781;7,54
206386;2736;6,40
206387;2761;7,03
206388;2747;6,68
206389;2790;7,76
206390;2768;7,21
206391;2767;7,18
206392;2736;6,40
206393;2765;7,13
206394;2723;6,07
206395;2750;6,75
206396;2717;5,92
206397;2753;6,83
206398;2709;5,71
206399;2758;6,95
206400;2707;5,66
206401;2736;6,40
206402;2707;5,66
206403;2754;6,85
206404;2688;5,18
206405;2736;6,40
206406;2693;5,31
206407;2689;5,21
206408;2688;5,18
206409;2720;5,99
206410;2687;5,16
206411;2727;6,17
206412;2688;5,18
206413;2688;5,18
206414;2695;5,36
206415;2747;6,68
206416;2698;5,44
206417;2741;6,52
206418;2698;5,44
206419;2736;6,40
206420;2701;5,51
206421;2690;5,23
206422;2700;5,49
206423;2750;6,75
206424;2704;5,59
206425;2752;6,80
206426;2704;5,59
206427;2736;6,40
206428;2704;5,59
206429;2741;6,52
206430;2709;5,71
206431;2739;6,47
206432;2707;5,66
206433;2751;6,78
206434;2707;5,66
206435;2768;7,21
206436;2713;5,81
206437;2758;6,95
206438;2717;5,92
206439;2754;6,85
206440;2711;5,76
206441;2750;6,75
206442;2713;5,81
206443;2753;6,83
206444;2705;5,61
206445;2759;6,98
206446;2745;6,62
206447;2753;6,83
206448;2719;5,97
206449;2747;6,68
206450;2714;5,84
206451;2757;6,93
206452;2699;5,46
206453;2754;6,85
206454;2704;5,59
206455;2751;6,78
206456;2704;5,59
206457;2759;6,98
206458;2708;5,69
206459;2758;6,95
206460;2705;5,61
206461;2736;6,40
206462;2702;5,54
206463;2748;6,70
206464;2704;5,59
206465;2734;6,35
206466;2704;5,59
206467;2736;6,40
206468;2704;5,59
206469;2760;7,00
206470;2711;5,76
206471;2745;6,62
206472;2711;5,76
206473;2738;6,45
206474;2715;5,87
206475;2743;6,57
206476;2704;5,59
206477;2739;6,47
206478;2704;5,59
206479;2749;6,73
206480;2704;5,59
206481;2736;6,40
206482;2711;5,76
206483;2765;7,13
206484;2717;5,92
206485;2755;6,88
206486;2705;5,61
206487;2768;7,21
206488;2714;5,84
206489;2755;6,88
206490;2707;5,66
206491;2747;6,68
206492;2704;5,59
206493;2765;7,13
206494;2710;5,74
206495;2769;7,23
206496;2714;5,84
206497;2742;6,55
206498;2707;5,66
206499;2753;6,83
206500;2723;6,07
206501;2775;7,38
206502;2723;6,07
206503;2748;6,70
206504;2723;6,07
206505;2767;7,18
206506;2723;6,07
206507;2723;6,07
206508;2724;6,09
206509;2768;7,21
206510;2720;5,99
206511;2751;6,78
206512;2717;5,92
206513;2754;6,85
206514;2714;5,84
206515;2763;7,08
206516;2719;5,97
206517;2713;5,81
206518;2711;5,76
206519;2768;7,21
206520;2715;5,87
206521;2749;6,73
206522;2711;5,76
206523;2737;6,42
206524;2705;5,61
206525;2762;7,05
206526;2705;5,61
206527;2731;6,27
206528;2703;5,56
206529;2736;6,40
206530;2711;5,76
206531;2739;6,47
206532;2703;5,56
206533;2752;6,80
206534;2702;5,54
206535;2748;6,70
206536;2697;5,41
206537;2750;6,75
206538;2703;5,56
206539;2742;6,55
206540;2703;5,56
206541;2736;6,40
206542;2699;5,46
206543;2747;6,68
206544;2707;5,66
206545;2760;7,00
206546;2703;5,56
206547;2754;6,85
206548;2703;5,56
206549;2736;6,40
206550;2717;5,92
206551;2695;5,36
206552;2709;5,71
206553;2761;7,03
206554;2709;5,71
206555;2755;6,88
206556;2704;5,59
206557;2747;6,68
206558;2720;5,99
206559;2761;7,03
206560;2711;5,76
206561;2770;7,26
206562;2720;5,99
206563;2755;6,88
206564;2730;6,24
206565;2742;6,55
206566;2734;6,35
206567;2770;7,26
206568;2736;6,40
206569;2736;6,40
206570;2732;6,30
206571;2778;7,46
206572;2738;6,45
206573;2795;7,89
206574;2737;6,42
206575;2736;6,40
206576;2742;6,55
206577;2779;7,48
206578;2738;6,45
206579;2738;6,45
206580;2729;6,22
206581;2768;7,21
206582;2733;6,32
206583;2796;7,91
206584;2729;6,22
206585;2751;6,78
206586;2727;6,17
206587;2793;7,84
206588;2719;5,97
206589;2768;7,21
206590;2714;5,84
206591;2757;6,93
206592;2716;5,89
206593;2756;6,90
206594;2717;5,92
206595;2757;6,93
206596;2715;5,87
206597;2775;7,38
206598;2717;5,92
206599;2759;6,98
206600;2705;5,61
206601;2704;5,59
206602;2699;5,46
206603;2751;6,78
206604;2711;5,76
206605;2757;6,93
206606;2709;5,71
206607;2764;7,11
206608;2710;5,74
206609;2707;5,66
206610;2709;5,71
206611;2745;6,62
206612;2711;5,76
206613;2764;7,11
206614;2723;6,07
206615;2775;7,38
206616;2726;6,14
206617;2774;7,36
206618;2725;6,12
206619;2769;7,23
206620;2740;6,50
206621;2767;7,18
206622;2731;6,27
206623;2769;7,23
206624;2732;6,30
206625;2786;7,66
206626;2736;6,40
206627;2775;7,38
206628;2736;6,40
206629;2781;7,54
206630;2734;6,35
206631;2811;8,29
206632;2736;6,40
206633;2768;7,21
206634;2736;6,40
206635;2736;6,40
206636;2730;6,24
206637;2747;6,68
206638;2721;6,02
206639;2769;7,23
206640;2727;6,17
206641;2772;7,31
206642;2718;5,94
206643;2768;7,21
206644;2715;5,87
206645;2753;6,83
206646;2707;5,66
206647;2767;7,18
206648;2711;5,76
206649;2768;7,21
206650;2707;5,66
206651;2735;6,37
206652;2709;5,71
206653;2733;6,32
206654;2708;5,69
206655;2768;7,21
206656;2698;5,44
206657;2754;6,85
206658;2699;5,46
206659;2757;6,93
206660;2701;5,51
206661;2747;6,68
206662;2703;5,56
206663;2758;6,95
206664;2706;5,64
206665;2757;6,93
206666;2705;5,61
206667;2765;7,13
206668;2726;6,14
206669;2765;7,13
206670;2723;6,07
206671;2769;7,23
206672;2731;6,27
206673;2786;7,66
206674;2747;6,68
206675;2774;7,36
206676;2749;6,73
206677;2800;8,02
206678;2753;6,83
206679;2799;7,99
206680;2753;6,83
206681;2798;7,97
206682;2760;7,00
206683;2815;8,40
206684;2772;7,31
206685;2821;8,55
206686;2762;7,05
206687;2796;7,91
206688;2754;6,85
206689;2798;7,97
206690;2758;6,95
206691;2757;6,93
206692;2759;6,98
206693;2811;8,29
206694;2752;6,80
206695;2783;7,59
206696;2758;6,95
206697;2803;8,09
206698;2752;6,80
206699;2798;7,97
206700;2743;6,57
206701;2736;6,40
206702;2739;6,47
206703;2759;6,98
206704;2723;6,07
206705;2779;7,48
206706;2729;6,22
206707;2787;7,69
206708;2718;5,94
206709;2787;7,69
206710;2714;5,84
206711;2706;5,64
206712;2705;5,61
206713;2777;7,43
206714;2703;5,56
206715;2749;6,73
206716;2701;5,51
206717;2746;6,65
206718;2704;5,59
206719;2771;7,28
206720;2707;5,66
206721;2741;6,52
206722;2692;5,28
206723;2770;7,26
206724;2702;5,54
206725;2754;6,85
206726;2694;5,33
206727;2750;6,75
206728;2701;5,51
206729;2741;6,52
206730;2715;5,87
206731;2754;6,85
206732;2709;5,71
206733;2766;7,16
206734;2713;5,81
206735;2738;6,45
206736;2715;5,87
206737;2766;7,16
206738;2721;6,02
206739;2771;7,28
206740;2733;6,32
206741;2784;7,61
206742;2725;6,12
206743;2780;7,51
206744;2737;6,42
206745;2777;7,43
206746;2736;6,40
206747;2783;7,59
206748;2736;6,40
206749;2772;7,31
206750;2745;6,62
206751;2782;7,56
206752;2739;6,47
206753;2783;7,59
206754;2747;6,68
206755;2752;6,80
206756;2739;6,47
206757;2779;7,48
206758;2749;6,73
206759;2805;8,14
206760;2743;6,57
206761;2779;7,48
206762;2739;6,47
206763;2732;6,30
206764;2743;6,57
206765;2768;7,21
206766;2739;6,47
206767;2789;7,74
206768;2742;6,55
206769;2768;7,21
206770;2733;6,32
206771;2734;6,35
206772;2733;6,32
206773;2767;7,18
206774;2733;6,32
206775;2771;7,28
206776;2720;5,99
206777;2803;8,09
206778;2733;6,32
206779;2770;7,26
206780;2725;6,12
206781;2775;7,38
206782;2714;5,84
206783;2758;6,95
206784;2716;5,89
206785;2768;7,21
206786;2710;5,74
206787;2779;7,48
206788;2704;5,59
206789;2749;6,73
206790;2704;5,59
206791;2748;6,70
206792;2700;5,49
206793;2739;6,47
206794;2707;5,66
206795;2751;6,78
206796;2707;5,66
206797;2736;6,40
206798;2695;5,36
206799;2756;6,90
206800;2699;5,46
206801;2742;6,55
206802;2699;5,46
206803;2746;6,65
206804;2704;5,59
206805;2752;6,80
206806;2704;5,59
206807;2748;6,70
206808;2699;5,46
206809;2747;6,68
206810;2700;5,49
206811;2750;6,75
206812;2704;5,59
206813;2743;6,57
206814;2704;5,59
206815;2741;6,52
206816;2709;5,71
206817;2789;7,74
206818;2708;5,69
206819;2759;6,98
206820;2705;5,61
206821;2755;6,88
206822;2704;5,59
206823;2746;6,65
206824;2714;5,84
206825;2764;7,11
206826;2706;5,64
206827;2750;6,75
206828;2714;5,84
206829;2754;6,85
206830;2723;6,07
206831;2761;7,03
206832;2729;6,22
206833;2710;5,74
206834;2719;5,97
206835;2768;7,21
206836;2707;5,66
206837;2777;7,43
206838;2721;6,02
206839;2771;7,28
206840;2722;6,04
206841;2770;7,26
206842;2722;6,04
206843;2763;7,08
206844;2709;5,71
206845;2755;6,88
206846;2720;5,99
206847;2754;6,85
206848;2709;5,71
206849;2715;5,87
206850;2717;5,92
206851;2762;7,05
206852;2711;5,76
206853;2762;7,05
206854;2717;5,92
206855;2774;7,36
206856;2707;5,66
206857;2752;6,80
206858;2709;5,71
206859;2767;7,18
206860;2709;5,71
206861;2773;7,33
206862;2705;5,61
206863;2756;6,90
206864;2718;5,94
206865;2736;6,40
206866;2721;6,02
206867;2767;7,18
206868;2707;5,66
206869;2771;7,28
206870;2708;5,69
206871;2706;5,64
206872;2715;5,87
206873;2738;6,45
206874;2711;5,76
206875;2765;7,13
206876;2725;6,12
206877;2767;7,18
206878;2723;6,07
206879;2768;7,21
206880;2731;6,27
206881;2735;6,37
206882;2725;6,12
206883;2772;7,31
206884;2731;6,27
206885;2784;7,61
206886;2736;6,40
206887;2766;7,16
206888;2733;6,32
206889;2773;7,33
206890;2736;6,40
206891;2767;7,18
206892;2733;6,32
206893;2789;7,74
206894;2733;6,32
206895;2787;7,69
206896;2719;5,97
206897;2783;7,59
206898;2729;6,22
206899;2795;7,89
206900;2719;5,97
206901;2725;6,12
206902;2718;5,94
206903;2717;5,92
206904;2725;6,12
206905;2794;7,86
206906;2727;6,17
206907;2775;7,38
206908;2726;6,14
206909;2765;7,13
206910;2720;5,99
206911;2762;7,05
206912;2730;6,24
206913;2759;6,98
206914;2722;6,04
206915;2774;7,36
206916;2713;5,81
206917;2768;7,21
206918;2715;5,87
206919;2707;5,66
206920;2709;5,71
206921;2709;5,71
206922;2710;5,74
206923;2714;5,84
206924;2707;5,66
206925;2704;5,59
206926;2722;6,04
206927;2718;5,94
206928;2710;5,74
206929;2762;7,05
206930;2717;5,92
206931;2759;6,98
206932;2707;5,66
206933;2743;6,57
206934;2713;5,81
206935;2713;5,81
206936;2709;5,71
206937;2781;7,54
206938;2715;5,87
206939;2765;7,13
206940;2719;5,97
206941;2767;7,18
206942;2718;5,94
206943;2774;7,36
206944;2715;5,87
206945;2773;7,33
206946;2718;5,94
206947;2766;7,16
206948;2711;5,76
206949;2778;7,46
206950;2713;5,81
206951;2752;6,80
206952;2718;5,94
206953;2765;7,13
206954;2716;5,89
206955;2750;6,75
206956;2704;5,59
206957;2754;6,85
206958;2719;5,97
206959;2710;5,74
206960;2704;5,59
206961;2752;6,80
206962;2711;5,76
206963;2763;7,08
206964;2715;5,87
206965;2741;6,52
206966;2713;5,81
206967;2742;6,55
206968;2710;5,74
206969;2703;5,56
206970;2699;5,46
206971;2763;7,08
206972;2708;5,69
206973;2742;6,55
206974;2709;5,71
206975;2739;6,47
206976;2715;5,87
206977;2768;7,21
206978;2711;5,76
206979;2753;6,83
206980;2710;5,74
206981;2758;6,95
206982;2704;5,59
206983;2743;6,57
206984;2704;5,59
206985;2750;6,75
206986;2723;6,07
206987;2748;6,70
206988;2704;5,59
206989;2738;6,45
206990;2704;5,59
206991;2760;7,00
206992;2714;5,84
206993;2704;5,59
206994;2709;5,71
206995;2753;6,83
206996;2707;5,66
206997;2735;6,37
206998;2706;5,64
206999;2749;6,73
207000;2704;5,59
207001;2762;7,05
207002;2706;5,64
207003;2762;7,05
207004;2718;5,94
207005;2769;7,23
207006;2715;5,87
207007;2777;7,43
207008;2707;5,66
207009;2767;7,18
207010;2723;6,07
207011;2738;6,45
207012;2714;5,84
207013;2762;7,05
207014;2711;5,76
207015;2737;6,42
207016;2718;5,94
207017;2765;7,13
207018;2727;6,17
207019;2762;7,05
207020;2719;5,97
207021;2719;5,97
207022;2729;6,22
207023;2778;7,46
207024;2726;6,14
207025;2768;7,21
207026;2722;6,04
207027;2758;6,95
207028;2727;6,17
207029;2767;7,18
207030;2729;6,22
207031;2762;7,05
207032;2726;6,14
207033;2721;6,02
207034;2723;6,07
207035;2718;5,94
207036;2718;5,94
207037;2752;6,80
207038;2720;5,99
207039;2764;7,11
207040;2719;5,97
207041;2778;7,46
207042;2721;6,02
207043;2771;7,28
207044;2725;6,12
207045;2752;6,80
207046;2725;6,12
207047;2791;7,79
207048;2723;6,07
207049;2767;7,18
207050;2723;6,07
207051;2775;7,38
207052;2720;5,99
207053;2721;6,02
207054;2725;6,12
207055;2768;7,21
207056;2718;5,94
207057;2754;6,85
207058;2726;6,14
207059;2773;7,33
207060;2717;5,92
207061;2787;7,69
207062;2731;6,27
207063;2786;7,66
207064;2719;5,97
207065;2772;7,31
207066;2733;6,32
207067;2777;7,43
207068;2726;6,14
207069;2776;7,41
207070;2732;6,30
207071;2789;7,74
207072;2731;6,27
207073;2768;7,21
207074;2723;6,07
207075;2768;7,21
207076;2732;6,30
207077;2799;7,99
207078;2731;6,27
207079;2779;7,48
207080;2729;6,22
207081;2768;7,21
207082;2735;6,37
207083;2783;7,59
207084;2736;6,40
207085;2785;7,64
207086;2730;6,24
207087;2783;7,59
207088;2729;6,22
207089;2779;7,48
207090;2734;6,35
207091;2770;7,26
207092;2734;6,35
207093;2767;7,18
207094;2733;6,32
207095;2783;7,59
207096;2725;6,12
207097;2800;8,02
207098;2725;6,12
207099;2775;7,38
207100;2733;6,32
207101;2783;7,59
207102;2740;6,50
207103;2767;7,18
207104;2734;6,35
207105;2774;7,36
207106;2737;6,42
207107;2768;7,21
207108;2737;6,42
207109;2775;7,38
207110;2741;6,52
207111;2779;7,48
207112;2739;6,47
207113;2774;7,36
207114;2739;6,47
207115;2775;7,38
207116;2736;6,40
207117;2782;7,56
207118;2737;6,42
207119;2785;7,64
207120;2740;6,50
207121;2794;7,86
207122;2739;6,47
207123;2811;8,29
207124;2751;6,78
207125;2778;7,46
207126;2746;6,65
207127;2815;8,40
207128;2754;6,85
207129;2809;8,24
207130;2752;6,80
207131;2816;8,42
207132;2752;6,80
207133;2788;7,71
207134;2753;6,83
207135;2805;8,14
207136;2756;6,90
207137;2815;8,40
207138;2766;7,16
207139;2800;8,02
207140;2762;7,05
207141;2800;8,02
207142;2756;6,90
207143;2800;8,02
207144;2765;7,13
207145;2816;8,42
207146;2766;7,16
207147;2768;7,21
207148;2768;7,21
207149;2827;8,70
207150;2768;7,21
207151;2819;8,50
207152;2768;7,21
207153;2815;8,40
207154;2768;7,21
207155;2804;8,12
207156;2762;7,05
207157;2816;8,42
207158;2768;7,21
207159;2774;7,36
207160;2765;7,13
207161;2811;8,29
207162;2774;7,36
207163;2833;8,85
207164;2774;7,36
207165;2805;8,14
207166;2771;7,28
207167;2815;8,40
207168;2782;7,56
207169;2817;8,45
207170;2779;7,48
207171;2829;8,75
207172;2781;7,54
207173;2843;9,10
207174;2781;7,54
207175;2816;8,42
207176;2787;7,69
207177;2839;9,00
207178;2786;7,66
207179;2826;8,67
207180;2789;7,74
207181;2823;8,60
207182;2787;7,69
207183;2848;9,23
207184;2791;7,79
207185;2853;9,36
207186;2794;7,86
207187;2842;9,08
207188;2794;7,86
207189;2862;9,59
207190;2797;7,94
207191;2798;7,97
207192;2795;7,89
207193;2797;7,94
207194;2809;8,24
207195;2833;8,85
207196;2805;8,14
207197;2853;9,36
207198;2813;8,35
207199;2874;9,89
207200;2813;8,35
207201;2861;9,56
207202;2832;8,83
207203;2853;9,36
207204;2829;8,75
207205;2881;10,07
207206;2832;8,83
207207;2864;9,64
207208;2845;9,15
207209;2868;9,74
207210;2836;8,93
207211;2880;10,04
207212;2850;9,28
207213;2883;10,12
207214;2857;9,46
207215;2849;9,26
207216;2863;9,61
207217;2896;10,45
207218;2861;9,56
207219;2880;10,04
207220;2863;9,61
207221;2914;10,90
207222;2875;9,91
207223;2926;11,20
207224;2874;9,89
207225;2908;10,75
207226;2875;9,91
207227;2929;11,28
207228;2880;10,04
207229;2913;10,88
207230;2886;10,19
207231;2942;11,61
207232;2887;10,22
207233;2910;10,80
207234;2896;10,45
207235;2928;11,26
207236;2897;10,47
207237;2902;10,60
207238;2897;10,47
207239;2947;11,74
207240;2919;11,03
207241;2960;12,06
207242;2905;10,67
207243;2913;10,88
207244;2921;11,08
207245;2967;12,24
207246;2922;11,10
207247;2962;12,12
207248;2915;10,93
207249;2960;12,06
207250;2928;11,26
207251;2963;12,14
207252;2929;11,28
207253;2992;12,87
207254;2937;11,48
207255;2981;12,60
207256;2938;11,51
207257;2992;12,87
207258;2953;11,89
207259;2989;12,80
207260;2946;11,71
207261;2983;12,65
207262;2954;11,91
207263;2979;12,55
207264;2960;12,06
207265;2992;12,87
207266;2949;11,79
207267;2977;12,49
207268;2953;11,89
207269;2970;12,32
207270;2957;11,99
207271;3003;13,15
207272;2960;12,06
207273;2992;12,87
207274;2963;12,14
207275;2991;12,85
207276;2970;12,32
207277;2992;12,87
207278;2967;12,24
207279;3000;13,08
207280;2973;12,39
207281;2974;12,42
207282;2970;12,32
207283;3009;13,30
207284;2972;12,37
207285;3017;13,51
207286;2987;12,75
207287;2996;12,98
207288;2974;12,42
207289;2993;12,90
207290;2983;12,65
207291;3006;13,23
207292;2992;12,87
207293;3024;13,68
207294;2992;12,87
207295;3007;13,25
207296;2993;12,90
207297;2992;12,87
207298;2999;13,05
207299;3040;14,09
207300;3001;13,10
207301;3025;13,71
207302;3007;13,25
207303;3005;13,20
207304;2999;13,05
207305;3027;13,76
207306;2997;13,00
207307;3003;13,15
207308;3005;13,20
207309;3024;13,68
207310;3013;13,41
207311;3022;13,63
207312;2999;13,05
207313;3040;14,09
207314;3008;13,28
207315;3026;13,73
207316;3011;13,36
207317;3025;13,71
207318;3010;13,33
207319;3039;14,06
207320;3007;13,25
207321;3023;13,66
207322;3001;13,10
207323;3036;13,99
207324;2997;13,00
207325;3023;13,66
207326;2994;12,93
207327;3028;13,79
207328;3002;13,13
207329;3029;13,81
207330;2989;12,80
207331;3007;13,25
207332;2988;12,77
207333;3031;13,86
207334;2991;12,85
207335;2996;12,98
207336;3008;13,28
207337;3024;13,68
207338;2992;12,87
207339;3017;13,51
207340;2995;12,95
207341;3013;13,41
207342;2994;12,93
207343;3030;13,84
207344;2979;12,55
207345;3023;13,66
207346;2998;13,03
207347;3012;13,38
207348;2991;12,85
207349;3024;13,68
207350;2994;12,93
207351;2993;12,90
207352;2989;12,80
207353;3031;13,86
207354;2990;12,82
207355;2985;12,70
207356;2991;12,85
207357;3010;13,33
207358;3007;13,25
207359;3006;13,23
207360;2983;12,65
207361;2995;12,95
207362;2974;12,42
207363;3003;13,15
207364;2975;12,44
207365;3005;13,20
207366;2975;12,44
207367;2970;12,32
207368;2962;12,12
207369;2985;12,70
207370;2986;12,72
207371;2987;12,75
207372;2945;11,69
207373;2993;12,90
207374;2958;12,01
207375;2993;12,90
207376;2962;12,12
207377;2967;12,24
207378;3008;13,28
207379;3001;13,10
207380;2970;12,32
207381;3007;13,25
207382;2963;12,14
207383;2977;12,49
207384;2986;12,72
207385;3024;13,68
207386;2992;12,87
207387;3020;13,58
207388;2992;12,87
207389;2985;12,70
207390;2993;12,90
207391;3024;13,68
207392;2985;12,70
207393;3005;13,20
207394;2974;12,42
207395;3027;13,76
207396;2990;12,82
207397;3012;13,38
207398;2992;12,87
207399;3024;13,68
207400;2999;13,05
207401;3021;13,61
207402;2995;12,95
207403;3034;13,94
207404;3011;13,36
207405;3039;14,06
207406;3006;13,23
207407;3027;13,76
207408;2996;12,98
207409;3020;13,58
207410;2985;12,70
207411;2991;12,85
207412;2964;12,17
207413;2997;13,00
207414;2982;12,62
207415;2989;12,80
207416;2961;12,09
207417;2981;12,60
207418;2973;12,39
207419;2967;12,24
207420;2963;12,14
207421;2940;11,56
207422;2923;11,13
207423;2960;12,06
207424;2912;10,85
207425;2975;12,44
207426;2959;12,04
207427;2955;11,94
207428;2954;11,91
207429;2957;11,99
207430;2930;11,31
207431;2976;12,47
207432;2966;12,22
207433;2959;12,04
207434;2910;10,80
207435;2957;11,99
207436;2917;10,98
207437;2962;12,12
207438;2928;11,26
207439;2960;12,06
207440;2928;11,26
207441;2973;12,39
207442;2923;11,13
207443;2965;12,19
207444;2931;11,33
207445;2976;12,47
207446;2971;12,34
207447;2972;12,37
207448;2985;12,70
207449;2996;12,98
207450;2989;12,80
207451;2973;12,39
207452;2967;12,24
207453;2985;12,70
207454;2990;12,82
207455;2982;12,62
207456;2945;11,69
207457;2966;12,22
207458;2928;11,26
207459;2911;10,82
207460;2899;10,52
207461;2962;12,12
207462;2919;11,03
207463;2982;12,62
207464;2919;11,03
207465;2965;12,19
207466;2901;10,57
207467;2970;12,32
207468;2919;11,03
207469;2947;11,74
207470;2951;11,84
207471;2954;11,91
207472;2914;10,90
207473;2957;11,99
207474;2925;11,18
207475;2949;11,79
207476;2948;11,76
207477;2987;12,75
207478;2934;11,41
207479;2947;11,74
207480;2944;11,66
207481;2934;11,41
207482;2919;11,03
207483;2977;12,49
207484;2961;12,09
207485;2943;11,63
207486;2931;11,33
207487;2928;11,26
207488;2887;10,22
207489;2931;11,33
207490;2880;10,04
207491;2913;10,88
207492;2944;11,66
207493;2919;11,03
207494;2899;10,52
207495;2897;10,47
207496;2834;8,88
207497;2882;10,09
207498;2858;9,48
207499;2904;10,65
207500;2883;10,12
207501;2893;10,37
207502;2927;11,23
207503;2917;10,98
207504;2865;9,66
207505;2882;10,09
207506;2869;9,76
207507;2879;10,02
207508;2896;10,45
207509;2912;10,85
207510;2869;9,76
207511;2922;11,10
207512;2908;10,75
207513;2893;10,37
207514;2853;9,36
207515;2898;10,50
207516;2909;10,77
207517;2919;11,03
207518;2912;10,85
207519;2913;10,88
207520;2934;11,41
207521;2925;11,18
207522;2885;10,17
207523;2933;11,38
207524;2918;11,00
207525;2887;10,22
207526;2902;10,60
207527;2883;10,12
207528;2846;9,18
207529;2874;9,89
207530;2887;10,22
207531;2879;10,02
207532;2878;9,99
207533;2880;10,04
207534;2896;10,45
207535;2863;9,61
207536;2887;10,22
207537;2887;10,22
207538;2844;9,13
207539;2847;9,21
207540;2879;10,02
207541;2881;10,07
207542;2875;9,91
207543;2877;9,96
207544;2850;9,28
207545;2861;9,56
207546;2866;9,69
207547;2880;10,04
207548;2884;10,14
207549;2835;8,90
207550;2863;9,61
207551;2864;9,64
207552;2864;9,64
207553;2848;9,23
207554;2895;10,42
207555;2867;9,71
207556;2847;9,21
207557;2864;9,64
207558;2886;10,19
207559;2866;9,69
207560;2831;8,80
207561;2831;8,80
207562;2864;9,64
207563;2876;9,94
207564;2851;9,31
207565;2864;9,64
207566;2859;9,51
207567;2877;9,96
207568;2838;8,98
207569;2852;9,33
207570;2829;8,75
207571;2848;9,23
207572;2819;8,50
207573;2821;8,55
207574;2817;8,45
207575;2845;9,15
207576;2848;9,23
207577;2826;8,67
207578;2799;7,99
207579;2845;9,15
207580;2880;10,04
207581;2828;8,72
207582;2880;10,04
207583;2881;10,07
207584;2864;9,64
207585;2832;8,83
207586;2847;9,21
207587;2869;9,76
207588;2880;10,04
207589;2864;9,64
207590;2883;10,12
207591;2896;10,45
207592;2902;10,60
207593;2912;10,85
207594;2882;10,09
207595;2851;9,31
207596;2878;9,99
207597;2871;9,81
207598;2859;9,51
207599;2849;9,26
207600;2847;9,21
207601;2871;9,81
207602;2868;9,74
207603;2873;9,86
207604;2858;9,48
207605;2891;10,32
207606;2879;10,02
207607;2854;9,38
207608;2805;8,14
207609;2842;9,08
207610;2854;9,38
207611;2877;9,96
207612;2843;9,10
207613;2834;8,88
207614;2864;9,64
207615;2822;8,57
207616;2830;8,78
207617;2810;8,27
207618;2823;8,60
207619;2791;7,79
207620;2813;8,35
207621;2834;8,88
207622;2784;7,61
207623;2827;8,70
207624;2800;8,02
207625;2838;8,98
207626;2817;8,45
207627;2810;8,27
207628;2818;8,47
207629;2797;7,94
207630;2830;8,78
207631;2848;9,23
207632;2847;9,21
207633;2831;8,80
207634;2826;8,67
207635;2816;8,42
207636;2813;8,35
207637;2817;8,45
207638;2818;8,47
207639;2768;7,21
207640;2804;8,12
207641;2773;7,33
207642;2834;8,88
207643;2769;7,23
207644;2774;7,36
207645;2815;8,40
207646;2799;7,99
207647;2802;8,07
207648;2800;8,02
207649;2786;7,66
207650;2791;7,79
207651;2791;7,79
207652;2800;8,02
207653;2793;7,84
207654;2806;8,17
207655;2832;8,83
207656;2823;8,60
207657;2811;8,29
207658;2816;8,42
207659;2809;8,24
207660;2771;7,28
207661;2800;8,02
207662;2815;8,40
207663;2854;9,38
207664;2775;7,38
207665;2804;8,12
207666;2798;7,97
207667;2830;8,78
207668;2831;8,80
207669;2800;8,02
207670;2819;8,50
207671;2827;8,70
207672;2768;7,21
207673;2768;7,21
207674;2768;7,21
207675;2825;8,65
207676;2832;8,83
207677;2793;7,84
207678;2828;8,72
207679;2822;8,57
207680;2812;8,32
207681;2801;8,04
207682;2800;8,02
207683;2831;8,80
207684;2769;7,23
207685;2805;8,14
207686;2806;8,17
207687;2787;7,69
207688;2768;7,21
207689;2773;7,33
207690;2753;6,83
207691;2743;6,57
207692;2773;7,33
207693;2773;7,33
207694;2790;7,76
207695;2798;7,97
207696;2747;6,68
207697;2775;7,38
207698;2782;7,56
207699;2784;7,61
207700;2770;7,26
207701;2738;6,45
207702;2752;6,80
207703;2715;5,87
207704;2715;5,87
207705;2779;7,48
207706;2741;6,52
207707;2797;7,94
207708;2786;7,66
207709;2783;7,59
207710;2775;7,38
207711;2816;8,42
207712;2766;7,16
207713;2768;7,21
207714;2809;8,24
207715;2731;6,27
207716;2762;7,05
207717;2759;6,98
207718;2769;7,23
207719;2784;7,61
207720;2807;8,19
207721;2779;7,48
207722;2733;6,32
207723;2753;6,83
207724;2768;7,21
207725;2755;6,88
207726;2745;6,62
207727;2794;7,86
207728;2784;7,61
207729;2746;6,65
207730;2773;7,33
207731;2763;7,08
207732;2746;6,65
207733;2803;8,09
207734;2799;7,99
207735;2787;7,69
207736;2725;6,12
207737;2782;7,56
207738;2783;7,59
207739;2752;6,80
207740;2737;6,42
207741;2767;7,18
207742;2761;7,03
207743;2796;7,91
207744;2724;6,09
207745;2721;6,02
207746;2730;6,24
207747;2800;8,02
207748;2768;7,21
207749;2755;6,88
207750;2800;8,02
207751;2783;7,59
207752;2779;7,48
207753;2771;7,28
207754;2788;7,71
207755;2810;8,27
207756;2818;8,47
207757;2755;6,88
207758;2739;6,47
207759;2777;7,43
207760;2798;7,97
207761;2777;7,43
207762;2787;7,69
207763;2781;7,54
207764;2798;7,97
207765;2767;7,18
207766;2794;7,86
207767;2832;8,83
207768;2814;8,37
207769;2742;6,55
207770;2789;7,74
207771;2799;7,99
207772;2736;6,40
207773;2767;7,18
207774;2786;7,66
207775;2818;8,47
207776;2735;6,37
207777;2796;7,91
207778;2799;7,99
207779;2812;8,32
207780;2798;7,97
207781;2791;7,79
207782;2786;7,66
207783;2737;6,42
207784;2778;7,46
207785;2798;7,97
207786;2731;6,27
207787;2801;8,04
207788;2764;7,11
207789;2783;7,59
207790;2801;8,04
207791;2800;8,02
207792;2737;6,42
207793;2800;8,02
207794;2743;6,57
207795;2759;6,98
207796;2725;6,12
207797;2752;6,80
207798;2761;7,03
207799;2785;7,64
207800;2742;6,55
207801;2720;5,99
207802;2800;8,02
207803;2726;6,14
207804;2771;7,28
207805;2795;7,89
207806;2732;6,30
207807;2770;7,26
207808;2721;6,02
207809;2767;7,18
207810;2717;5,92
207811;2723;6,07
207812;2751;6,78
207813;2775;7,38
207814;2799;7,99
207815;2774;7,36
207816;2793;7,84
207817;2800;8,02
207818;2784;7,61
207819;2789;7,74
207820;2799;7,99
207821;2758;6,95
207822;2801;8,04
207823;2832;8,83
207824;2769;7,23
207825;2809;8,24
207826;2803;8,09
207827;2800;8,02
207828;2823;8,60
207829;2758;6,95
207830;2731;6,27
207831;2793;7,84
207832;2765;7,13
207833;2848;9,23
207834;2763;7,08
207835;2821;8,55
207836;2768;7,21
207837;2819;8,50
207838;2739;6,47
207839;2791;7,79
207840;2749;6,73
207841;2752;6,80
207842;2823;8,60
207843;2786;7,66
207844;2757;6,93
207845;2809;8,24
207846;2757;6,93
207847;2765;7,13
207848;2751;6,78
207849;2747;6,68
207850;2786;7,66
207851;2810;8,27
207852;2753;6,83
207853;2759;6,98
207854;2806;8,17
207855;2751;6,78
207856;2738;6,45
207857;2781;7,54
207858;2785;7,64
207859;2819;8,50
207860;2736;6,40
207861;2737;6,42
207862;2800;8,02
207863;2762;7,05
207864;2739;6,47
207865;2769;7,23
207866;2743;6,57
207867;2782;7,56
207868;2748;6,70
207869;2773;7,33
207870;2737;6,42
207871;2805;8,14
207872;2736;6,40
207873;2799;7,99
207874;2787;7,69
207875;2803;8,09
207876;2764;7,11
207877;2803;8,09
207878;2763;7,08
207879;2791;7,79
207880;2806;8,17
207881;2810;8,27
207882;2762;7,05
207883;2820;8,52
207884;2753;6,83
207885;2816;8,42
207886;2830;8,78
207887;2765;7,13
207888;2768;7,21
207889;2832;8,83
207890;2775;7,38
207891;2786;7,66
207892;2763;7,08
207893;2823;8,60
207894;2827;8,70
207895;2805;8,14
207896;2801;8,04
207897;2768;7,21
207898;2772;7,31
207899;2830;8,78
207900;2769;7,23
207901;2820;8,52
207902;2821;8,55
207903;2841;9,05
207904;2770;7,26
207905;2849;9,26
207906;2770;7,26
207907;2799;7,99
207908;2818;8,47
207909;2786;7,66
207910;2768;7,21
207911;2805;8,14
207912;2804;8,12
207913;2842;9,08
207914;2827;8,70
207915;2775;7,38
207916;2769;7,23
207917;2781;7,54
207918;2771;7,28
207919;2779;7,48
207920;2774;7,36
207921;2831;8,80
207922;2768;7,21
207923;2809;8,24
207924;2813;8,35
207925;2811;8,29
207926;2770;7,26
207927;2825;8,65
207928;2832;8,83
207929;2813;8,35
207930;2768;7,21
207931;2799;7,99
207932;2770;7,26
207933;2800;8,02
207934;2768;7,21
207935;2822;8,57
207936;2823;8,60
207937;2810;8,27
207938;2758;6,95
207939;2775;7,38
207940;2818;8,47
207941;2830;8,78
207942;2819;8,50
207943;2800;8,02
207944;2804;8,12
207945;2781;7,54
207946;2802;8,07
207947;2806;8,17
207948;2761;7,03
207949;2818;8,47
207950;2813;8,35
207951;2794;7,86
207952;2829;8,75
207953;2773;7,33
207954;2811;8,29
207955;2829;8,75
207956;2846;9,18
207957;2763;7,08
207958;2769;7,23
207959;2765;7,13
207960;2811;8,29
207961;2787;7,69
207962;2822;8,57
207963;2820;8,52
207964;2827;8,70
207965;2807;8,19
207966;2837;8,95
207967;2775;7,38
207968;2845;9,15
207969;2804;8,12
207970;2833;8,85
207971;2810;8,27
207972;2831;8,80
207973;2782;7,56
207974;2810;8,27
207975;2822;8,57
207976;2816;8,42
207977;2839;9,00
207978;2787;7,69
207979;2814;8,37
207980;2800;8,02
207981;2825;8,65
207982;2839;9,00
207983;2790;7,76
207984;2819;8,50
207985;2775;7,38
207986;2815;8,40
207987;2823;8,60
207988;2839;9,00
207989;2782;7,56
207990;2774;7,36
207991;2802;8,07
207992;2832;8,83
207993;2819;8,50
207994;2779;7,48
207995;2768;7,21
207996;2812;8,32
207997;2797;7,94
207998;2800;8,02
207999;2767;7,18
208000;2761;7,03
208001;2753;6,83
208002;2779;7,48
208003;2749;6,73
208004;2811;8,29
208005;2775;7,38
208006;2800;8,02
208007;2785;7,64
208008;2800;8,02
208009;2751;6,78
208010;2801;8,04
208011;2766;7,16
208012;2753;6,83
208013;2768;7,21
208014;2800;8,02
208015;2807;8,19
208016;2752;6,80
208017;2783;7,59
208018;2751;6,78
208019;2741;6,52
208020;2755;6,88
208021;2755;6,88
208022;2798;7,97
208023;2811;8,29
208024;2759;6,98
208025;2801;8,04
208026;2755;6,88
208027;2801;8,04
208028;2765;7,13
208029;2767;7,18
208030;2801;8,04
208031;2799;7,99
208032;2814;8,37
208033;2812;8,32
208034;2774;7,36
208035;2787;7,69
208036;2763;7,08
208037;2777;7,43
208038;2814;8,37
208039;2786;7,66
208040;2768;7,21
208041;2765;7,13
208042;2763;7,08
208043;2791;7,79
208044;2761;7,03
208045;2800;8,02
208046;2807;8,19
208047;2795;7,89
208048;2800;8,02
208049;2779;7,48
208050;2777;7,43
208051;2733;6,32
208052;2771;7,28
208053;2803;8,09
208054;2739;6,47
208055;2774;7,36
208056;2738;6,45
208057;2737;6,42
208058;2736;6,40
208059;2745;6,62
208060;2771;7,28
208061;2736;6,40
208062;2779;7,48
208063;2749;6,73
208064;2723;6,07
208065;2763;7,08
208066;2751;6,78
208067;2766;7,16
208068;2739;6,47
208069;2727;6,17
208070;2784;7,61
208071;2720;5,99
208072;2733;6,32
208073;2768;7,21
208074;2719;5,97
208075;2763;7,08
208076;2733;6,32
208077;2778;7,46
208078;2770;7,26
208079;2785;7,64
208080;2726;6,14
208081;2752;6,80
208082;2768;7,21
208083;2768;7,21
208084;2722;6,04
208085;2745;6,62
208086;2722;6,04
208087;2727;6,17
208088;2738;6,45
208089;2736;6,40
208090;2721;6,02
208091;2729;6,22
208092;2734;6,35
208093;2747;6,68
208094;2741;6,52
208095;2757;6,93
208096;2790;7,76
208097;2736;6,40
208098;2735;6,37
208099;2768;7,21
208100;2738;6,45
208101;2736;6,40
208102;2736;6,40
208103;2736;6,40
208104;2735;6,37
208105;2751;6,78
208106;2769;7,23
208107;2783;7,59
208108;2735;6,37
208109;2754;6,85
208110;2730;6,24
208111;2757;6,93
208112;2735;6,37
208113;2739;6,47
208114;2741;6,52
208115;2750;6,75
208116;2738;6,45
208117;2737;6,42
208118;2777;7,43
208119;2787;7,69
208120;2734;6,35
208121;2735;6,37
208122;2730;6,24
208123;2784;7,61
208124;2791;7,79
208125;2733;6,32
208126;2740;6,50
208127;2729;6,22
208128;2753;6,83
208129;2783;7,59
208130;2730;6,24
208131;2747;6,68
208132;2773;7,33
208133;2757;6,93
208134;2741;6,52
208135;2753;6,83
208136;2763;7,08
208137;2719;5,97
208138;2726;6,14
208139;2717;5,92
208140;2723;6,07
208141;2737;6,42
208142;2726;6,14
208143;2736;6,40
208144;2722;6,04
208145;2731;6,27
208146;2747;6,68
208147;2753;6,83
208148;2711;5,76
208149;2726;6,14
208150;2718;5,94
208151;2765;7,13
208152;2773;7,33
208153;2739;6,47
208154;2717;5,92
208155;2715;5,87
208156;2736;6,40
208157;2755;6,88
208158;2710;5,74
208159;2738;6,45
208160;2719;5,97
208161;2757;6,93
208162;2711;5,76
208163;2735;6,37
208164;2706;5,64
208165;2743;6,57
208166;2757;6,93
208167;2721;6,02
208168;2717;5,92
208169;2733;6,32
208170;2698;5,44
208171;2722;6,04
208172;2769;7,23
208173;2713;5,81
208174;2771;7,28
208175;2736;6,40
208176;2719;5,97
208177;2750;6,75
208178;2731;6,27
208179;2736;6,40
208180;2713;5,81
208181;2768;7,21
208182;2768;7,21
208183;2757;6,93
208184;2711;5,76
208185;2758;6,95
208186;2758;6,95
208187;2714;5,84
208188;2704;5,59
208189;2736;6,40
208190;2773;7,33
208191;2761;7,03
208192;2749;6,73
208193;2717;5,92
208194;2698;5,44
208195;2751;6,78
208196;2715;5,87
208197;2768;7,21
208198;2733;6,32
208199;2714;5,84
208200;2743;6,57
208201;2711;5,76
208202;2705;5,61
208203;2736;6,40
208204;2740;6,50
208205;2733;6,32
208206;2711;5,76
208207;2723;6,07
208208;2736;6,40
208209;2742;6,55
208210;2707;5,66
208211;2705;5,61
208212;2751;6,78
208213;2719;5,97
208214;2712;5,79
208215;2737;6,42
208216;2734;6,35
208217;2731;6,27
208218;2704;5,59
208219;2734;6,35
208220;2709;5,71
208221;2704;5,59
208222;2736;6,40
208223;2731;6,27
208224;2736;6,40
208225;2701;5,51
208226;2720;5,99
208227;2707;5,66
208228;2725;6,12
208229;2709;5,71
208230;2706;5,64
208231;2779;7,48
208232;2743;6,57
208233;2701;5,51
208234;2767;7,18
208235;2721;6,02
208236;2702;5,54
208237;2727;6,17
208238;2730;6,24
208239;2704;5,59
208240;2736;6,40
208241;2773;7,33
208242;2706;5,64
208243;2744;6,60
208244;2704;5,59
208245;2733;6,32
208246;2715;5,87
208247;2729;6,22
208248;2765;7,13
208249;2706;5,64
208250;2770;7,26
208251;2701;5,51
208252;2742;6,55
208253;2715;5,87
208254;2705;5,61
208255;2707;5,66
208256;2726;6,14
208257;2720;5,99
208258;2703;5,56
208259;2734;6,35
208260;2731;6,27
208261;2703;5,56
208262;2734;6,35
208263;2734;6,35
208264;2704;5,59
208265;2721;6,02
208266;2731;6,27
208267;2738;6,45
208268;2736;6,40
208269;2735;6,37
208270;2721;6,02
208271;2743;6,57
208272;2731;6,27
208273;2736;6,40
208274;2724;6,09
208275;2738;6,45
208276;2747;6,68
208277;2730;6,24
208278;2713;5,81
208279;2722;6,04
208280;2766;7,16
208281;2739;6,47
208282;2711;5,76
208283;2736;6,40
208284;2755;6,88
208285;2736;6,40
208286;2730;6,24
208287;2757;6,93
208288;2700;5,49
208289;2736;6,40
208290;2704;5,59
208291;2692;5,28
208292;2726;6,14
208293;2705;5,61
208294;2746;6,65
208295;2726;6,14
208296;2703;5,56
208297;2735;6,37
208298;2754;6,85
208299;2694;5,33
208300;2727;6,17
208301;2701;5,51
208302;2731;6,27
208303;2715;5,87
208304;2699;5,46
208305;2729;6,22
208306;2717;5,92
208307;2736;6,40
208308;2703;5,56
208309;2693;5,31
208310;2765;7,13
208311;2726;6,14
208312;2713;5,81
208313;2726;6,14
208314;2727;6,17
208315;2699;5,46
208316;2747;6,68
208317;2703;5,56
208318;2735;6,37
208319;2716;5,89
208320;2771;7,28
208321;2734;6,35
208322;2684;5,08
208323;2739;6,47
208324;2709;5,71
208325;2778;7,46
208326;2708;5,69
208327;2731;6,27
208328;2698;5,44
208329;2741;6,52
208330;2702;5,54
208331;2727;6,17
208332;2719;5,97
208333;2704;5,59
208334;2733;6,32
208335;2700;5,49
208336;2700;5,49
208337;2704;5,59
208338;2717;5,92
208339;2704;5,59
208340;2737;6,42
208341;2751;6,78
208342;2704;5,59
208343;2725;6,12
208344;2698;5,44
208345;2717;5,92
208346;2701;5,51
208347;2711;5,76
208348;2726;6,14
208349;2704;5,59
208350;2756;6,90
208351;2725;6,12
208352;2719;5,97
208353;2735;6,37
208354;2770;7,26
208355;2743;6,57
208356;2767;7,18
208357;2736;6,40
208358;2736;6,40
208359;2723;6,07
208360;2729;6,22
208361;2729;6,22
208362;2714;5,84
208363;2761;7,03
208364;2723;6,07
208365;2746;6,65
208366;2766;7,16
208367;2698;5,44
208368;2714;5,84
208369;2714;5,84
208370;2738;6,45
208371;2737;6,42
208372;2704;5,59
208373;2736;6,40
208374;2759;6,98
208375;2708;5,69
208376;2711;5,76
208377;2679;4,95
208378;2736;6,40
208379;2704;5,59
208380;2702;5,54
208381;2699;5,46
208382;2717;5,92
208383;2704;5,59
208384;2768;7,21
208385;2707;5,66
208386;2761;7,03
208387;2736;6,40
208388;2711;5,76
208389;2771;7,28
208390;2736;6,40
208391;2718;5,94
208392;2709;5,71
208393;2735;6,37
208394;2723;6,07
208395;2725;6,12
208396;2704;5,59
208397;2690;5,23
208398;2723;6,07
208399;2719;5,97
208400;2735;6,37
208401;2770;7,26
208402;2725;6,12
208403;2705;5,61
208404;2753;6,83
208405;2708;5,69
208406;2752;6,80
208407;2726;6,14
208408;2704;5,59
208409;2718;5,94
208410;2727;6,17
208411;2704;5,59
208412;2723;6,07
208413;2730;6,24
208414;2688;5,18
208415;2699;5,46
208416;2717;5,92
208417;2704;5,59
208418;2734;6,35
208419;2739;6,47
208420;2723;6,07
208421;2753;6,83
208422;2714;5,84
208423;2709;5,71
208424;2754;6,85
208425;2754;6,85
208426;2704;5,59
208427;2709;5,71
208428;2743;6,57
208429;2701;5,51
208430;2759;6,98
208431;2738;6,45
208432;2699;5,46
208433;2706;5,64
208434;2755;6,88
208435;2752;6,80
208436;2707;5,66
208437;2767;7,18
208438;2736;6,40
208439;2706;5,64
208440;2771;7,28
208441;2773;7,33
208442;2704;5,59
208443;2743;6,57
208444;2708;5,69
208445;2725;6,12
208446;2713;5,81
208447;2743;6,57
208448;2767;7,18
208449;2719;5,97
208450;2717;5,92
208451;2731;6,27
208452;2746;6,65
208453;2725;6,12
208454;2761;7,03
208455;2710;5,74
208456;2709;5,71
208457;2709;5,71
208458;2765;7,13
208459;2714;5,84
208460;2751;6,78
208461;2753;6,83
208462;2784;7,61
208463;2713;5,81
208464;2711;5,76
208465;2726;6,14
208466;2770;7,26
208467;2713;5,81
208468;2723;6,07
208469;2736;6,40
208470;2753;6,83
208471;2741;6,52
208472;2759;6,98
208473;2736;6,40
208474;2767;7,18
208475;2716;5,89
208476;2720;5,99
208477;2706;5,64
208478;2758;6,95
208479;2718;5,94
208480;2715;5,87
208481;2715;5,87
208482;2742;6,55
208483;2710;5,74
208484;2736;6,40
208485;2709;5,71
208486;2735;6,37
208487;2735;6,37
208488;2698;5,44
208489;2721;6,02
208490;2737;6,42
208491;2711;5,76
208492;2725;6,12
208493;2719;5,97
208494;2771;7,28
208495;2711;5,76
208496;2765;7,13
208497;2715;5,87
208498;2739;6,47
208499;2727;6,17
208500;2705;5,61
208501;2706;5,64
208502;2742;6,55
208503;2709;5,71
208504;2691;5,26
208505;2743;6,57
208506;2704;5,59
208507;2704;5,59
208508;2757;6,93
208509;2737;6,42
208510;2736;6,40
208511;2706;5,64
208512;2746;6,65
208513;2714;5,84
208514;2713;5,81
208515;2715;5,87
208516;2770;7,26
208517;2721;6,02
208518;2736;6,40
208519;2709;5,71
208520;2739;6,47
208521;2737;6,42
208522;2765;7,13
208523;2736;6,40
208524;2733;6,32
208525;2719;5,97
208526;2721;6,02
208527;2713;5,81
208528;2735;6,37
208529;2737;6,42
208530;2749;6,73
208531;2714;5,84
208532;2733;6,32
208533;2723;6,07
208534;2707;5,66
208535;2726;6,14
208536;2704;5,59
208537;2704;5,59
208538;2731;6,27
208539;2752;6,80
208540;2702;5,54
208541;2697;5,41
208542;2701;5,51
208543;2699;5,46
208544;2730;6,24
208545;2707;5,66
208546;2707;5,66
208547;2697;5,41
208548;2691;5,26
208549;2706;5,64
208550;2730;6,24
208551;2703;5,56
208552;2699;5,46
208553;2727;6,17
208554;2694;5,33
208555;2713;5,81
208556;2702;5,54
208557;2695;5,36
208558;2725;6,12
208559;2732;6,30
208560;2705;5,61
208561;2719;5,97
208562;2755;6,88
208563;2711;5,76
208564;2722;6,04
208565;2725;6,12
208566;2734;6,35
208567;2719;5,97
208568;2747;6,68
208569;2699;5,46
208570;2719;5,97
208571;2704;5,59
208572;2727;6,17
208573;2715;5,87
208574;2712;5,79
208575;2723;6,07
208576;2725;6,12
208577;2711;5,76
208578;2715;5,87
208579;2704;5,59
208580;2700;5,49
208581;2709;5,71
208582;2715;5,87
208583;2727;6,17
208584;2735;6,37
208585;2704;5,59
208586;2738;6,45
208587;2692;5,28
208588;2700;5,49
208589;2725;6,12
208590;2726;6,14
208591;2699;5,46
208592;2733;6,32
208593;2736;6,40
208594;2718;5,94
208595;2704;5,59
208596;2704;5,59
208597;2704;5,59
208598;2707;5,66
208599;2731;6,27
208600;2757;6,93
208601;2703;5,56
208602;2734;6,35
208603;2743;6,57
208604;2704;5,59
208605;2709;5,71
208606;2715;5,87
208607;2754;6,85
208608;2753;6,83
208609;2736;6,40
208610;2731;6,27
208611;2736;6,40
208612;2726;6,14
208613;2710;5,74
208614;2704;5,59
208615;2698;5,44
208616;2742;6,55
208617;2711;5,76
208618;2707;5,66
208619;2706;5,64
208620;2702;5,54
208621;2698;5,44
208622;2712;5,79
208623;2697;5,41
208624;2722;6,04
208625;2719;5,97
208626;2743;6,57
208627;2743;6,57
208628;2704;5,59
208629;2723;6,07
208630;2726;6,14
208631;2725;6,12
208632;2719;5,97
208633;2703;5,56
208634;2738;6,45
208635;2699;5,46
208636;2736;6,40
208637;2701;5,51
208638;2699;5,46
208639;2704;5,59
208640;2699;5,46
208641;2699;5,46
208642;2714;5,84
208643;2714;5,84
208644;2692;5,28
208645;2714;5,84
208646;2719;5,97
208647;2702;5,54
208648;2683;5,06
208649;2720;5,99
208650;2735;6,37
208651;2704;5,59
208652;2727;6,17
208653;2695;5,36
208654;2706;5,64
208655;2725;6,12
208656;2721;6,02
208657;2719;5,97
208658;2703;5,56
208659;2681;5,01
208660;2735;6,37
208661;2695;5,36
208662;2694;5,33
208663;2685;5,11
208664;2697;5,41
208665;2698;5,44
208666;2710;5,74
208667;2695;5,36
208668;2718;5,94
208669;2713;5,81
208670;2704;5,59
208671;2700;5,49
208672;2701;5,51
208673;2699;5,46
208674;2687;5,16
208675;2675;4,85
208676;2723;6,07
208677;2704;5,59
208678;2727;6,17
208679;2719;5,97
208680;2737;6,42
208681;2723;6,07
208682;2747;6,68
208683;2677;4,90
208684;2738;6,45
208685;2705;5,61
208686;2705;5,61
208687;2713;5,81
208688;2743;6,57
208689;2704;5,59
208690;2735;6,37
208691;2709;5,71
208692;2711;5,76
208693;2722;6,04
208694;2765;7,13
208695;2749;6,73
208696;2750;6,75
208697;2706;5,64
208698;2710;5,74
208699;2704;5,59
208700;2746;6,65
208701;2746;6,65
208702;2702;5,54
208703;2735;6,37
208704;2721;6,02
208705;2694;5,33
208706;2702;5,54
208707;2704;5,59
208708;2719;5,97
208709;2718;5,94
208710;2729;6,22
208711;2724;6,09
208712;2685;5,11
208713;2714;5,84
208714;2729;6,22
208715;2697;5,41
208716;2706;5,64
208717;2713;5,81
208718;2751;6,78
208719;2686;5,13
208720;2706;5,64
208721;2704;5,59
208722;2705;5,61
208723;2672;4,78
208724;2677;4,90
208725;2679;4,95
208726;2690;5,23
208727;2725;6,12
208728;2701;5,51
208729;2689;5,21
208730;2729;6,22
208731;2711;5,76
208732;2736;6,40
208733;2687;5,16
208734;2735;6,37
208735;2683;5,06
208736;2678;4,93
208737;2685;5,11
208738;2735;6,37
208739;2683;5,06
208740;2704;5,59
208741;2688;5,18
208742;2685;5,11
208743;2693;5,31
208744;2704;5,59
208745;2736;6,40
208746;2761;7,03
208747;2698;5,44
208748;2692;5,28
208749;2689;5,21
208750;2727;6,17
208751;2722;6,04
208752;2690;5,23
208753;2719;5,97
208754;2699;5,46
208755;2695;5,36
208756;2752;6,80
208757;2711;5,76
208758;2727;6,17
208759;2718;5,94
208760;2735;6,37
208761;2704;5,59
208762;2747;6,68
208763;2704;5,59
208764;2710;5,74
208765;2714;5,84
208766;2718;5,94
208767;2718;5,94
208768;2733;6,32
208769;2705;5,61
208770;2742;6,55
208771;2718;5,94
208772;2718;5,94
208773;2704;5,59
208774;2736;6,40
208775;2704;5,59
208776;2739;6,47
208777;2709;5,71
208778;2715;5,87
208779;2703;5,56
208780;2702;5,54
208781;2725;6,12
208782;2694;5,33
208783;2708;5,69
208784;2723;6,07
208785;2704;5,59
208786;2704;5,59
208787;2689;5,21
208788;2712;5,79
208789;2725;6,12
208790;2692;5,28
208791;2731;6,27
208792;2695;5,36
208793;2691;5,26
208794;2709;5,71
208795;2679;4,95
208796;2752;6,80
208797;2702;5,54
208798;2733;6,32
208799;2709;5,71
208800;2694;5,33
208801;2689;5,21
208802;2722;6,04
208803;2692;5,28
208804;2707;5,66
208805;2726;6,14
208806;2688;5,18
208807;2721;6,02
208808;2686;5,13
208809;2695;5,36
208810;2695;5,36
208811;2694;5,33
208812;2694;5,33
208813;2701;5,51
208814;2698;5,44
208815;2694;5,33
208816;2711;5,76
208817;2690;5,23
208818;2698;5,44
208819;2736;6,40
208820;2689;5,21
208821;2721;6,02
208822;2704;5,59
208823;2693;5,31
208824;2704;5,59
208825;2702;5,54
208826;2735;6,37
208827;2692;5,28
208828;2688;5,18
208829;2704;5,59
208830;2698;5,44
208831;2697;5,41
208832;2730;6,24
208833;2704;5,59
208834;2695;5,36
208835;2691;5,26
208836;2689;5,21
208837;2681;5,01
208838;2729;6,22
208839;2692;5,28
208840;2698;5,44
208841;2678;4,93
208842;2690;5,23
208843;2730;6,24
208844;2678;4,93
208845;2687;5,16
208846;2678;4,93
208847;2716;5,89
208848;2686;5,13
208849;2687;5,16
208850;2695;5,36
208851;2697;5,41
208852;2736;6,40
208853;2682;5,03
208854;2719;5,97
208855;2686;5,13
208856;2688;5,18
208857;2691;5,26
208858;2712;5,79
208859;2769;7,23
208860;2695;5,36
208861;2691;5,26
208862;2733;6,32
208863;2687;5,16
208864;2694;5,33
208865;2695;5,36
208866;2705;5,61
208867;2697;5,41
208868;2735;6,37
208869;2702;5,54
208870;2761;7,03
208871;2691;5,26
208872;2713;5,81
208873;2693;5,31
208874;2724;6,09
208875;2687;5,16
208876;2695;5,36
208877;2704;5,59
208878;2709;5,71
208879;2718;5,94
208880;2766;7,16
208881;2699;5,46
208882;2709;5,71
208883;2704;5,59
208884;2698;5,44
208885;2708;5,69
208886;2672;4,78
208887;2704;5,59
208888;2742;6,55
208889;2702;5,54
208890;2687;5,16
208891;2730;6,24
208892;2719;5,97
208893;2698;5,44
208894;2691;5,26
208895;2698;5,44
208896;2688;5,18
208897;2691;5,26
208898;2711;5,76
208899;2695;5,36
208900;2688;5,18
208901;2691;5,26
208902;2688;5,18
208903;2697;5,41
208904;2689;5,21
208905;2704;5,59
208906;2735;6,37
208907;2693;5,31
208908;2715;5,87
208909;2688;5,18
208910;2691;5,26
208911;2689;5,21
208912;2687;5,16
208913;2711;5,76
208914;2698;5,44
208915;2734;6,35
208916;2701;5,51
208917;2688;5,18
208918;2689;5,21
208919;2693;5,31
208920;2700;5,49
208921;2686;5,13
208922;2693;5,31
208923;2684;5,08
208924;2721;6,02
208925;2695;5,36
208926;2686;5,13
208927;2691;5,26
208928;2726;6,14
208929;2691;5,26
208930;2704;5,59
208931;2691;5,26
208932;2685;5,11
208933;2688;5,18
208934;2698;5,44
208935;2704;5,59
208936;2690;5,23
208937;2688;5,18
208938;2698;5,44
208939;2693;5,31
208940;2691;5,26
208941;2700;5,49
208942;2719;5,97
208943;2717;5,92
208944;2703;5,56
208945;2690;5,23
208946;2703;5,56
208947;2721;6,02
208948;2694;5,33
208949;2692;5,28
208950;2704;5,59
208951;2704;5,59
208952;2739;6,47
208953;2710;5,74
208954;2699;5,46
208955;2699;5,46
208956;2703;5,56
208957;2702;5,54
208958;2704;5,59
208959;2700;5,49
208960;2703;5,56
208961;2701;5,51
208962;2703;5,56
208963;2691;5,26
208964;2704;5,59
208965;2699;5,46
208966;2702;5,54
208967;2701;5,51
208968;2703;5,56
208969;2695;5,36
208970;2706;5,64
208971;2689;5,21
208972;2701;5,51
208973;2706;5,64
208974;2695;5,36
208975;2699;5,46
208976;2726;6,14
208977;2695;5,36
208978;2719;5,97
208979;2706;5,64
208980;2719;5,97
208981;2691;5,26
208982;2691;5,26
208983;2689;5,21
208984;2687;5,16
208985;2693;5,31
208986;2727;6,17
208987;2687;5,16
208988;2687;5,16
208989;2685;5,11
208990;2692;5,28
208991;2687;5,16
208992;2704;5,59
208993;2687;5,16
208994;2672;4,78
208995;2678;4,93
208996;2706;5,64
208997;2695;5,36
208998;2695;5,36
208999;2720;5,99
209000;2699;5,46
209001;2693;5,31
209002;2698;5,44
209003;2723;6,07
209004;2715;5,87
209005;2687;5,16
209006;2692;5,28
209007;2694;5,33
209008;2715;5,87
209009;2727;6,17
209010;2682;5,03
209011;2721;6,02
209012;2704;5,59
209013;2687;5,16
209014;2711;5,76
209015;2704;5,59
209016;2704;5,59
209017;2702;5,54
209018;2740;6,50
209019;2699;5,46
209020;2697;5,41
209021;2694;5,33
209022;2723;6,07
209023;2698;5,44
209024;2689;5,21
209025;2699;5,46
209026;2687;5,16
209027;2704;5,59
209028;2717;5,92
209029;2704;5,59
209030;2725;6,12
209031;2726;6,14
209032;2733;6,32
209033;2704;5,59
209034;2701;5,51
209035;2701;5,51
209036;2702;5,54
209037;2715;5,87
209038;2704;5,59
209039;2705;5,61
209040;2727;6,17
209041;2698;5,44
209042;2732;6,30
209043;2689;5,21
209044;2703;5,56
209045;2694;5,33
209046;2714;5,84
209047;2695;5,36
209048;2715;5,87
209049;2686;5,13
209050;2699;5,46
209051;2681;5,01
209052;2695;5,36
209053;2673;4,80
209054;2692;5,28
209055;2683;5,06
209056;2681;5,01
209057;2679;4,95
209058;2712;5,79
209059;2686;5,13
209060;2676;4,88
209061;2673;4,80
209062;2684;5,08
209063;2683;5,06
209064;2679;4,95
209065;2675;4,85
209066;2677;4,90
209067;2682;5,03
209068;2685;5,11
209069;2689;5,21
209070;2688;5,18
209071;2690;5,23
209072;2689;5,21
209073;2689;5,21
209074;2693;5,31
209075;2691;5,26
209076;2694;5,33
209077;2695;5,36
209078;2699;5,46
209079;2692;5,28
209080;2719;5,97
209081;2699;5,46
209082;2737;6,42
209083;2695;5,36
209084;2729;6,22
209085;2688;5,18
209086;2736;6,40
209087;2700;5,49
209088;2704;5,59
209089;2695;5,36
209090;2704;5,59
209091;2724;6,09
209092;2706;5,64
209093;2704;5,59
209094;2704;5,59
209095;2704;5,59
209096;2704;5,59
209097;2718;5,94
209098;2736;6,40
209099;2704;5,59
209100;2713;5,81
209101;2697;5,41
209102;2704;5,59
209103;2704;5,59
209104;2698;5,44
209105;2703;5,56
209106;2711;5,76
209107;2706;5,64
209108;2711;5,76
209109;2704;5,59
209110;2725;6,12
209111;2709;5,71
209112;2705;5,61
209113;2701;5,51
209114;2707;5,66
209115;2704;5,59
209116;2723;6,07
209117;2715;5,87
209118;2709;5,71
209119;2706;5,64
209120;2693;5,31
209121;2697;5,41
209122;2698;5,44
209123;2704;5,59
209124;2704;5,59
209125;2702;5,54
209126;2689;5,21
209127;2704;5,59
209128;2701;5,51
209129;2697;5,41
209130;2731;6,27
209131;2705;5,61
209132;2723;6,07
209133;2699;5,46
209134;2690;5,23
209135;2690;5,23
209136;2693;5,31
209137;2699;5,46
209138;2704;5,59
209139;2697;5,41
209140;2689;5,21
209141;2694;5,33
209142;2710;5,74
209143;2692;5,28
209144;2704;5,59
209145;2688;5,18
209146;2688;5,18
209147;2693;5,31
209148;2716;5,89
209149;2688;5,18
209150;2697;5,41
209151;2688;5,18
209152;2715;5,87
209153;2711;5,76
209154;2694;5,33
209155;2691;5,26
209156;2703;5,56
209157;2689;5,21
209158;2704;5,59
209159;2736;6,40
209160;2711;5,76
209161;2694;5,33
209162;2705;5,61
209163;2702;5,54
209164;2706;5,64
209165;2715;5,87
209166;2714;5,84
209167;2711;5,76
209168;2701;5,51
209169;2704;5,59
209170;2705;5,61
209171;2693;5,31
209172;2738;6,45
209173;2703;5,56
209174;2704;5,59
209175;2706;5,64
209176;2705;5,61
209177;2704;5,59
209178;2737;6,42
209179;2702;5,54
209180;2706;5,64
209181;2706;5,64
209182;2735;6,37
209183;2717;5,92
209184;2705;5,61
209185;2704;5,59
209186;2713;5,81
209187;2701;5,51
209188;2731;6,27
209189;2707;5,66
209190;2704;5,59
209191;2704;5,59
209192;2724;6,09
209193;2702;5,54
209194;2711;5,76
209195;2721;6,02
209196;2711;5,76
209197;2701;5,51
209198;2694;5,33
209199;2702;5,54
209200;2702;5,54
209201;2693;5,31
209202;2698;5,44
209203;2698;5,44
209204;2697;5,41
209205;2700;5,49
209206;2695;5,36
209207;2703;5,56
209208;2693;5,31
209209;2704;5,59
209210;2685;5,11
209211;2695;5,36
209212;2718;5,94
209213;2693;5,31
209214;2692;5,28
209215;2690;5,23
209216;2689;5,21
209217;2694;5,33
209218;2693;5,31
209219;2670;4,73
209220;2718;5,94
209221;2722;6,04
209222;2686;5,13
209223;2690;5,23
209224;2695;5,36
209225;2688;5,18
209226;2688;5,18
209227;2688;5,18
209228;2688;5,18
209229;2688;5,18
209230;2695;5,36
209231;2687;5,16
209232;2693;5,31
209233;2691;5,26
209234;2691;5,26
209235;2684;5,08
209236;2683;5,06
209237;2689;5,21
209238;2695;5,36
209239;2693;5,31
209240;2699;5,46
209241;2702;5,54
209242;2702;5,54
209243;2704;5,59
209244;2709;5,71
209245;2717;5,92
209246;2704;5,59
209247;2709;5,71
209248;2704;5,59
209249;2709;5,71
209250;2714;5,84
209251;2705;5,61
209252;2717;5,92
209253;2711;5,76
209254;2715;5,87
209255;2713;5,81
209256;2715;5,87
209257;2721;6,02
209258;2720;5,99
209259;2721;6,02
209260;2732;6,30
209261;2710;5,74
209262;2714;5,84
209263;2710;5,74
209264;2713;5,81
209265;2710;5,74
209266;2736;6,40
209267;2709;5,71
209268;2718;5,94
209269;2745;6,62
209270;2707;5,66
209271;2710;5,74
209272;2707;5,66
209273;2710;5,74
209274;2705;5,61
209275;2704;5,59
209276;2707;5,66
209277;2698;5,44
209278;2699;5,46
209279;2735;6,37
209280;2703;5,56
209281;2695;5,36
209282;2702;5,54
209283;2690;5,23
209284;2690;5,23
209285;2693;5,31
209286;2688;5,18
209287;2722;6,04
209288;2684;5,08
209289;2685;5,11
209290;2681;5,01
209291;2688;5,18
209292;2679;4,95
209293;2685;5,11
209294;2686;5,13
209295;2689;5,21
209296;2693;5,31
209297;2695;5,36
209298;2690;5,23
209299;2703;5,56
209300;2690;5,23
209301;2699;5,46
209302;2687;5,16
209303;2699;5,46
209304;2695;5,36
209305;2704;5,59
209306;2699;5,46
209307;2701;5,51
209308;2699;5,46
209309;2707;5,66
209310;2695;5,36
209311;2713;5,81
209312;2704;5,59
209313;2719;5,97
209314;2710;5,74
209315;2715;5,87
209316;2720;5,99
209317;2721;6,02
209318;2722;6,04
209319;2723;6,07
209320;2714;5,84
209321;2725;6,12
209322;2704;5,59
209323;2719;5,97
209324;2707;5,66
209325;2722;6,04
209326;2711;5,76
209327;2723;6,07
209328;2704;5,59
209329;2723;6,07
209330;2704;5,59
209331;2710;5,74
209332;2701;5,51
209333;2705;5,61
209334;2705;5,61
209335;2705;5,61
209336;2702;5,54
209337;2704;5,59
209338;2704;5,59
209339;2720;5,99
209340;2702;5,54
209341;2713;5,81
209342;2691;5,26
209343;2704;5,59
209344;2693;5,31
209345;2711;5,76
209346;2704;5,59
209347;2705;5,61
209348;2701;5,51
209349;2701;5,51
209350;2695;5,36
209351;2706;5,64
209352;2695;5,36
209353;2695;5,36
209354;2707;5,66
209355;2701;5,51
209356;2690;5,23
209357;2703;5,56
209358;2694;5,33
209359;2703;5,56
209360;2708;5,69
209361;2707;5,66
209362;2690;5,23
209363;2704;5,59
209364;2702;5,54
209365;2692;5,28
209366;2701;5,51
209367;2693;5,31
209368;2681;5,01
209369;2707;5,66
209370;2685;5,11
209371;2691;5,26
209372;2687;5,16
209373;2704;5,59
209374;2688;5,18
209375;2688;5,18
209376;2681;5,01
209377;2699;5,46
209378;2711;5,76
209379;2682;5,03
209380;2687;5,16
209381;2689;5,21
209382;2687;5,16
209383;2696;5,38
209384;2687;5,16
209385;2697;5,41
209386;2685;5,11
209387;2691;5,26
209388;2697;5,41
209389;2701;5,51
209390;2683;5,06
209391;2697;5,41
209392;2687;5,16
209393;2709;5,71
209394;2698;5,44
209395;2714;5,84
209396;2699;5,46
209397;2701;5,51
209398;2703;5,56
209399;2706;5,64
209400;2705;5,61
209401;2714;5,84
209402;2705;5,61
209403;2719;5,97
209404;2705;5,61
209405;2721;6,02
209406;2710;5,74
209407;2717;5,92
209408;2711;5,76
209409;2711;5,76
209410;2711;5,76
209411;2722;6,04
209412;2718;5,94
209413;2718;5,94
209414;2736;6,40
209415;2719;5,97
209416;2710;5,74
209417;2707;5,66
209418;2704;5,59
209419;2710;5,74
209420;2701;5,51
209421;2706;5,64
209422;2709;5,71
209423;2704;5,59
209424;2694;5,33
209425;2701;5,51
209426;2687;5,16
209427;2698;5,44
209428;2695;5,36
209429;2691;5,26
209430;2695;5,36
209431;2697;5,41
209432;2681;5,01
209433;2686;5,13
209434;2675;4,85
209435;2688;5,18
209436;2699;5,46
209437;2691;5,26
209438;2682;5,03
209439;2681;5,01
209440;2671;4,75
209441;2686;5,13
209442;2687;5,16
209443;2675;4,85
209444;2680;4,98
209445;2685;5,11
209446;2677;4,90
209447;2687;5,16
209448;2695;5,36
209449;2694;5,33
209450;2684;5,08
209451;2698;5,44
209452;2690;5,23
209453;2703;5,56
209454;2691;5,26
209455;2693;5,31
209456;2698;5,44
209457;2705;5,61
209458;2702;5,54
209459;2705;5,61
209460;2703;5,56
209461;2709;5,71
209462;2706;5,64
209463;2717;5,92
209464;2703;5,56
209465;2719;5,97
209466;2709;5,71
209467;2711;5,76
209468;2711;5,76
209469;2727;6,17
209470;2707;5,66
209471;2755;6,88
209472;2711;5,76
209473;2710;5,74
209474;2704;5,59
209475;2715;5,87
209476;2699;5,46
209477;2717;5,92
209478;2704;5,59
209479;2704;5,59
209480;2697;5,41
209481;2720;5,99
209482;2704;5,59
209483;2715;5,87
209484;2699;5,46
209485;2704;5,59
209486;2691;5,26
209487;2703;5,56
209488;2691;5,26
209489;2731;6,27
209490;2687;5,16
209491;2690;5,23
209492;2687;5,16
209493;2685;5,11
209494;2689;5,21
209495;2693;5,31
209496;2682;5,03
209497;2682;5,03
209498;2683;5,06
209499;2685;5,11
209500;2677;4,90
209501;2687;5,16
209502;2672;4,78
209503;2705;5,61
209504;2687;5,16
209505;2706;5,64
209506;2677;4,90
209507;2704;5,59
209508;2677;4,90
209509;2695;5,36
209510;2687;5,16
209511;2693;5,31
209512;2687;5,16
209513;2699;5,46
209514;2693;5,31
209515;2699;5,46
209516;2689;5,21
209517;2704;5,59
209518;2694;5,33
209519;2711;5,76
209520;2707;5,66
209521;2705;5,61
209522;2706;5,64
209523;2725;6,12
209524;2706;5,64
209525;2723;6,07
209526;2705;5,61
209527;2735;6,37
209528;2716;5,89
209529;2723;6,07
209530;2723;6,07
209531;2733;6,32
209532;2726;6,14
209533;2753;6,83
209534;2721;6,02
209535;2722;6,04
209536;2731;6,27
209537;2720;5,99
209538;2734;6,35
209539;2719;5,97
209540;2731;6,27
209541;2725;6,12
209542;2717;5,92
209543;2720;5,99
209544;2719;5,97
209545;2718;5,94
209546;2715;5,87
209547;2719;5,97
209548;2702;5,54
209549;2704;5,59
209550;2707;5,66
209551;2702;5,54
209552;2697;5,41
209553;2701;5,51
209554;2691;5,26
209555;2702;5,54
209556;2689;5,21
209557;2699;5,46
209558;2700;5,49
209559;2705;5,61
209560;2694;5,33
209561;2691;5,26
209562;2682;5,03
209563;2699;5,46
209564;2693;5,31
209565;2704;5,59
209566;2686;5,13
209567;2703;5,56
209568;2699;5,46
209569;2700;5,49
209570;2696;5,38
209571;2714;5,84
209572;2695;5,36
209573;2706;5,64
209574;2701;5,51
209575;2709;5,71
209576;2704;5,59
209577;2717;5,92
209578;2704;5,59
209579;2711;5,76
209580;2709;5,71
209581;2746;6,65
209582;2713;5,81
209583;2714;5,84
209584;2707;5,66
209585;2731;6,27
209586;2711;5,76
209587;2730;6,24
209588;2717;5,92
209589;2729;6,22
209590;2711;5,76
209591;2733;6,32
209592;2724;6,09
209593;2724;6,09
209594;2720;5,99
209595;2730;6,24
209596;2718;5,94
209597;2730;6,24
209598;2718;5,94
209599;2724;6,09
209600;2723;6,07
209601;2732;6,30
209602;2715;5,87
209603;2719;5,97
209604;2706;5,64
209605;2715;5,87
209606;2707;5,66
209607;2715;5,87
209608;2704;5,59
209609;2714;5,84
209610;2709;5,71
209611;2710;5,74
209612;2700;5,49
209613;2718;5,94
209614;2699;5,46
209615;2707;5,66
209616;2699;5,46
209617;2715;5,87
209618;2702;5,54
209619;2701;5,51
209620;2697;5,41
209621;2701;5,51
209622;2700;5,49
209623;2695;5,36
209624;2695;5,36
209625;2711;5,76
209626;2695;5,36
209627;2703;5,56
209628;2690;5,23
209629;2710;5,74
209630;2706;5,64
209631;2715;5,87
209632;2699;5,46
209633;2720;5,99
209634;2703;5,56
209635;2705;5,61
209636;2704;5,59
209637;2710;5,74
209638;2705;5,61
209639;2720;5,99
209640;2713;5,81
209641;2717;5,92
209642;2717;5,92
209643;2734;6,35
209644;2721;6,02
209645;2736;6,40
209646;2721;6,02
209647;2727;6,17
209648;2723;6,07
209649;2736;6,40
209650;2729;6,22
209651;2734;6,35
209652;2727;6,17
209653;2735;6,37
209654;2723;6,07
209655;2734;6,35
209656;2723;6,07
209657;2730;6,24
209658;2721;6,02
209659;2726;6,14
209660;2717;5,92
209661;2741;6,52
209662;2725;6,12
209663;2726;6,14
209664;2715;5,87
209665;2726;6,14
209666;2722;6,04
209667;2723;6,07
209668;2704;5,59
209669;2704;5,59
209670;2701;5,51
209671;2716;5,89
209672;2706;5,64
209673;2711;5,76
209674;2702;5,54
209675;2715;5,87
209676;2703;5,56
209677;2719;5,97
209678;2704;5,59
209679;2706;5,64
209680;2702;5,54
209681;2704;5,59
209682;2704;5,59
209683;2706;5,64
209684;2704;5,59
209685;2722;6,04
209686;2706;5,64
209687;2717;5,92
209688;2713;5,81
209689;2718;5,94
209690;2705;5,61
209691;2727;6,17
209692;2720;5,99
209693;2723;6,07
209694;2725;6,12
209695;2733;6,32
209696;2729;6,22
209697;2745;6,62
209698;2723;6,07
209699;2743;6,57
209700;2746;6,65
209701;2768;7,21
209702;2733;6,32
209703;2746;6,65
209704;2736;6,40
209705;2741;6,52
209706;2741;6,52
209707;2761;7,03
209708;2743;6,57
209709;2751;6,78
209710;2737;6,42
209711;2751;6,78
209712;2737;6,42
209713;2752;6,80
209714;2743;6,57
209715;2750;6,75
209716;2734;6,35
209717;2741;6,52
209718;2723;6,07
209719;2737;6,42
209720;2729;6,22
209721;2729;6,22
209722;2715;5,87
209723;2736;6,40
209724;2719;5,97
209725;2715;5,87
209726;2720;5,99
209727;2720;5,99
209728;2704;5,59
209729;2719;5,97
209730;2698;5,44
209731;2747;6,68
209732;2695;5,36
209733;2701;5,51
209734;2688;5,18
209735;2716;5,89
209736;2699;5,46
209737;2693;5,31
209738;2699;5,46
209739;2695;5,36
209740;2693;5,31
209741;2704;5,59
209742;2688;5,18
209743;2695;5,36
209744;2695;5,36
209745;2695;5,36
209746;2695;5,36
209747;2706;5,64
209748;2694;5,33
209749;2698;5,44
209750;2693;5,31
209751;2704;5,59
209752;2698;5,44
209753;2706;5,64
209754;2694;5,33
209755;2707;5,66
209756;2698;5,44
209757;2717;5,92
209758;2707;5,66
209759;2719;5,97
209760;2709;5,71
209761;2723;6,07
209762;2714;5,84
209763;2725;6,12
209764;2717;5,92
209765;2723;6,07
209766;2727;6,17
209767;2736;6,40
209768;2733;6,32
209769;2733;6,32
209770;2736;6,40
209771;2739;6,47
209772;2740;6,50
209773;2752;6,80
209774;2741;6,52
209775;2751;6,78
209776;2739;6,47
209777;2749;6,73
209778;2743;6,57
209779;2751;6,78
209780;2736;6,40
209781;2747;6,68
209782;2735;6,37
209783;2751;6,78
209784;2736;6,40
209785;2736;6,40
209786;2734;6,35
209787;2749;6,73
209788;2730;6,24
209789;2737;6,42
209790;2723;6,07
209791;2755;6,88
209792;2722;6,04
209793;2714;5,84
209794;2725;6,12
209795;2746;6,65
209796;2704;5,59
209797;2715;5,87
209798;2710;5,74
209799;2722;6,04
209800;2707;5,66
209801;2707;5,66
209802;2694;5,33
209803;2704;5,59
209804;2704;5,59
209805;2704;5,59
209806;2702;5,54
209807;2710;5,74
209808;2703;5,56
209809;2707;5,66
209810;2699;5,46
209811;2721;6,02
209812;2693;5,31
209813;2719;5,97
209814;2699;5,46
209815;2704;5,59
209816;2703;5,56
209817;2719;5,97
209818;2705;5,61
209819;2705;5,61
209820;2704;5,59
209821;2706;5,64
209822;2698;5,44
209823;2723;6,07
209824;2709;5,71
209825;2732;6,30
209826;2718;5,94
209827;2742;6,55
209828;2720;5,99
209829;2731;6,27
209830;2717;5,92
209831;2737;6,42
209832;2722;6,04
209833;2732;6,30
209834;2722;6,04
209835;2735;6,37
209836;2722;6,04
209837;2736;6,40
209838;2729;6,22
209839;2736;6,40
209840;2731;6,27
209841;2736;6,40
209842;2718;5,94
209843;2733;6,32
209844;2722;6,04
209845;2738;6,45
209846;2727;6,17
209847;2745;6,62
209848;2727;6,17
209849;2721;6,02
209850;2718;5,94
209851;2736;6,40
209852;2718;5,94
209853;2736;6,40
209854;2719;5,97
209855;2717;5,92
209856;2712;5,79
209857;2731;6,27
209858;2706;5,64
209859;2715;5,87
209860;2715;5,87
209861;2710;5,74
209862;2704;5,59
209863;2736;6,40
209864;2700;5,49
209865;2711;5,76
209866;2704;5,59
209867;2704;5,59
209868;2693;5,31
209869;2721;6,02
209870;2704;5,59
209871;2702;5,54
209872;2698;5,44
209873;2704;5,59
209874;2704;5,59
209875;2704;5,59
209876;2704;5,59
209877;2706;5,64
209878;2710;5,74
209879;2704;5,59
209880;2704;5,59
209881;2722;6,04
209882;2706;5,64
209883;2723;6,07
209884;2704;5,59
209885;2729;6,22
209886;2715;5,87
209887;2720;5,99
209888;2707;5,66
209889;2726;6,14
209890;2719;5,97
209891;2731;6,27
209892;2714;5,84
209893;2745;6,62
209894;2711;5,76
209895;2732;6,30
209896;2719;5,97
209897;2736;6,40
209898;2723;6,07
209899;2717;5,92
209900;2719;5,97
209901;2735;6,37
209902;2721;6,02
209903;2727;6,17
209904;2726;6,14
209905;2729;6,22
209906;2719;5,97
209907;2733;6,32
209908;2704;5,59
209909;2720;5,99
209910;2719;5,97
209911;2727;6,17
209912;2705;5,61
209913;2729;6,22
209914;2707;5,66
209915;2715;5,87
209916;2702;5,54
209917;2731;6,27
209918;2709;5,71
209919;2714;5,84
209920;2703;5,56
209921;2721;6,02
209922;2704;5,59
209923;2721;6,02
209924;2704;5,59
209925;2722;6,04
209926;2701;5,51
209927;2711;5,76
209928;2717;5,92
209929;2727;6,17
209930;2705;5,61
209931;2713;5,81
209932;2709;5,71
209933;2720;5,99
209934;2704;5,59
209935;2721;6,02
209936;2719;5,97
209937;2715;5,87
209938;2704;5,59
209939;2714;5,84
209940;2705;5,61
209941;2721;6,02
209942;2710;5,74
209943;2714;5,84
209944;2707;5,66
209945;2716;5,89
209946;2711;5,76
209947;2722;6,04
209948;2709;5,71
209949;2733;6,32
209950;2714;5,84
209951;2723;6,07
209952;2725;6,12
209953;2719;5,97
209954;2721;6,02
209955;2734;6,35
209956;2721;6,02
209957;2731;6,27
209958;2719;5,97
209959;2725;6,12
209960;2712;5,79
209961;2735;6,37
209962;2711;5,76
209963;2727;6,17
209964;2710;5,74
209965;2730;6,24
209966;2715;5,87
209967;2724;6,09
209968;2709;5,71
209969;2726;6,14
209970;2711;5,76
209971;2726;6,14
209972;2707;5,66
209973;2723;6,07
209974;2706;5,64
209975;2717;5,92
209976;2707;5,66
209977;2709;5,71
209978;2711;5,76
209979;2710;5,74
209980;2711;5,76
209981;2723;6,07
209982;2704;5,59
209983;2714;5,84
209984;2704;5,59
209985;2707;5,66
209986;2705;5,61
209987;2732;6,30
209988;2704;5,59
209989;2719;5,97
209990;2705;5,61
209991;2719;5,97
209992;2707;5,66
209993;2720;5,99
209994;2715;5,87
209995;2722;6,04
209996;2707;5,66
209997;2709;5,71
209998;2710;5,74
209999;2726;6,14
210000;2713;5,81
210001;2714;5,84
210002;2713;5,81
210003;2722;6,04
210004;2713;5,81
210005;2731;6,27
210006;2717;5,92
210007;2721;6,02
210008;2714;5,84
210009;2725;6,12
210010;2721;6,02
210011;2730;6,24
210012;2713;5,81
210013;2725;6,12
210014;2721;6,02
210015;2737;6,42
210016;2737;6,42
210017;2727;6,17
210018;2723;6,07
210019;2733;6,32
210020;2720;5,99
210021;2722;6,04
210022;2709;5,71
210023;2719;5,97
210024;2705;5,61
210025;2719;5,97
210026;2711;5,76
210027;2723;6,07
210028;2710;5,74
210029;2715;5,87
210030;2716;5,89
210031;2724;6,09
210032;2704;5,59
210033;2717;5,92
210034;2704;5,59
210035;2716;5,89
210036;2704;5,59
210037;2709;5,71
210038;2715;5,87
210039;2717;5,92
210040;2704;5,59
210041;2743;6,57
210042;2710;5,74
210043;2718;5,94
210044;2703;5,56
210045;2719;5,97
210046;2704;5,59
210047;2709;5,71
210048;2707;5,66
210049;2710;5,74
210050;2704;5,59
210051;2715;5,87
210052;2705;5,61
210053;2710;5,74
210054;2706;5,64
210055;2723;6,07
210056;2703;5,56
210057;2723;6,07
210058;2701;5,51
210059;2715;5,87
210060;2706;5,64
210061;2710;5,74
210062;2707;5,66
210063;2719;5,97
210064;2705;5,61
210065;2722;6,04
210066;2704;5,59
210067;2709;5,71
210068;2711;5,76
210069;2704;5,59
210070;2706;5,64
210071;2720;5,99
210072;2704;5,59
210073;2720;5,99
210074;2704;5,59
210075;2706;5,64
210076;2705;5,61
210077;2714;5,84
210078;2701;5,51
210079;2703;5,56
210080;2702;5,54
210081;2719;5,97
210082;2698;5,44
210083;2715;5,87
210084;2704;5,59
210085;2717;5,92
210086;2695;5,36
210087;2706;5,64
210088;2700;5,49
210089;2701;5,51
210090;2705;5,61
210091;2709;5,71
210092;2700;5,49
210093;2737;6,42
210094;2703;5,56
210095;2719;5,97
210096;2701;5,51
210097;2709;5,71
210098;2698;5,44
210099;2704;5,59
210100;2701;5,51
210101;2704;5,59
210102;2696;5,38
210103;2701;5,51
210104;2700;5,49
210105;2715;5,87
210106;2700;5,49
210107;2722;6,04
210108;2694;5,33
210109;2726;6,14
210110;2693;5,31
210111;2704;5,59
210112;2704;5,59
210113;2711;5,76
210114;2701;5,51
210115;2710;5,74
210116;2704;5,59
210117;2718;5,94
210118;2703;5,56
210119;2706;5,64
210120;2695;5,36
210121;2699;5,46
210122;2699;5,46
210123;2708;5,69
210124;2707;5,66
210125;2714;5,84
210126;2703;5,56
210127;2704;5,59
210128;2704;5,59
210129;2698;5,44
210130;2704;5,59
210131;2711;5,76
210132;2695;5,36
210133;2715;5,87
210134;2695;5,36
210135;2708;5,69
210136;2697;5,41
210137;2704;5,59
210138;2705;5,61
210139;2723;6,07
210140;2699;5,46
210141;2704;5,59
210142;2704;5,59
210143;2709;5,71
210144;2702;5,54
210145;2704;5,59
210146;2700;5,49
210147;2707;5,66
210148;2700;5,49
210149;2709;5,71
210150;2702;5,54
210151;2708;5,69
210152;2703;5,56
210153;2706;5,64
210154;2704;5,59
210155;2723;6,07
210156;2704;5,59
210157;2715;5,87
210158;2704;5,59
210159;2733;6,32
210160;2707;5,66
210161;2716;5,89
210162;2703;5,56
210163;2718;5,94
210164;2699;5,46
210165;2724;6,09
210166;2709;5,71
210167;2711;5,76
210168;2704;5,59
210169;2730;6,24
210170;2705;5,61
210171;2710;5,74
210172;2705;5,61
210173;2717;5,92
210174;2703;5,56
210175;2706;5,64
210176;2709;5,71
210177;2727;6,17
210178;2703;5,56
210179;2723;6,07
210180;2706;5,64
210181;2721;6,02
210182;2704;5,59
210183;2708;5,69
210184;2701;5,51
210185;2713;5,81
210186;2705;5,61
210187;2706;5,64
210188;2704;5,59
210189;2710;5,74
210190;2702;5,54
210191;2705;5,61
210192;2701;5,51
210193;2709;5,71
210194;2703;5,56
210195;2708;5,69
210196;2695;5,36
210197;2709;5,71
210198;2701;5,51
210199;2704;5,59
210200;2704;5,59
210201;2719;5,97
210202;2701;5,51
210203;2704;5,59
210204;2698;5,44
210205;2714;5,84
210206;2695;5,36
210207;2706;5,64
210208;2694;5,33
210209;2705;5,61
210210;2699;5,46
210211;2708;5,69
210212;2699;5,46
210213;2709;5,71
210214;2704;5,59
210215;2720;5,99
210216;2701;5,51
210217;2722;6,04
210218;2704;5,59
210219;2720;5,99
210220;2698;5,44
210221;2719;5,97
210222;2697;5,41
210223;2705;5,61
210224;2704;5,59
210225;2720;5,99
210226;2700;5,49
210227;2705;5,61
210228;2704;5,59
210229;2725;6,12
210230;2704;5,59
210231;2717;5,92
210232;2710;5,74
210233;2707;5,66
210234;2704;5,59
210235;2719;5,97
210236;2699;5,46
210237;2710;5,74
210238;2702;5,54
210239;2716;5,89
210240;2708;5,69
210241;2706;5,64
210242;2702;5,54
210243;2706;5,64
210244;2694;5,33
210245;2707;5,66
210246;2702;5,54
210247;2699;5,46
210248;2695;5,36
210249;2704;5,59
210250;2701;5,51
210251;2707;5,66
210252;2699;5,46
210253;2715;5,87
210254;2704;5,59
210255;2707;5,66
210256;2700;5,49
210257;2713;5,81
210258;2695;5,36
210259;2712;5,79
210260;2716;5,89
210261;2704;5,59
210262;2702;5,54
210263;2706;5,64
210264;2697;5,41
210265;2711;5,76
210266;2701;5,51
210267;2719;5,97
210268;2706;5,64
210269;2707;5,66
210270;2705;5,61
210271;2707;5,66
210272;2698;5,44
210273;2704;5,59
210274;2704;5,59
210275;2710;5,74
210276;2704;5,59
210277;2714;5,84
210278;2704;5,59
210279;2720;5,99
210280;2704;5,59
210281;2715;5,87
210282;2699;5,46
210283;2704;5,59
210284;2704;5,59
210285;2707;5,66
210286;2704;5,59
210287;2704;5,59
210288;2699;5,46
210289;2714;5,84
210290;2704;5,59
210291;2704;5,59
210292;2694;5,33
210293;2714;5,84
210294;2701;5,51
210295;2701;5,51
210296;2697;5,41
210297;2705;5,61
210298;2703;5,56
210299;2703;5,56
210300;2703;5,56
210301;2701;5,51
210302;2699;5,46
210303;2701;5,51
210304;2693;5,31
210305;2710;5,74
210306;2697;5,41
210307;2695;5,36
210308;2695;5,36
210309;2711;5,76
210310;2702;5,54
210311;2707;5,66
210312;2695;5,36
210313;2718;5,94
210314;2704;5,59
210315;2715;5,87
210316;2693;5,31
210317;2720;5,99
210318;2704;5,59
210319;2711;5,76
210320;2704;5,59
210321;2719;5,97
210322;2704;5,59
210323;2750;6,75
210324;2700;5,49
210325;2718;5,94
210326;2692;5,28
210327;2705;5,61
210328;2705;5,61
210329;2704;5,59
210330;2698;5,44
210331;2726;6,14
210332;2701;5,51
210333;2725;6,12
210334;2699;5,46
210335;2703;5,56
210336;2704;5,59
210337;2713;5,81
210338;2707;5,66
210339;2710;5,74
210340;2704;5,59
210341;2706;5,64
210342;2704;5,59
210343;2727;6,17
210344;2711;5,76
210345;2718;5,94
210346;2705;5,61
210347;2718;5,94
210348;2704;5,59
210349;2732;6,30
210350;2717;5,92
210351;2715;5,87
210352;2720;5,99
210353;2717;5,92
210354;2719;5,97
210355;2726;6,14
210356;2711;5,76
210357;2719;5,97
210358;2718;5,94
210359;2729;6,22
210360;2726;6,14
210361;2727;6,17
210362;2720;5,99
210363;2735;6,37
210364;2722;6,04
210365;2732;6,30
210366;2723;6,07
210367;2751;6,78
210368;2736;6,40
210369;2731;6,27
210370;2727;6,17
210371;2742;6,55
210372;2733;6,32
210373;2758;6,95
210374;2731;6,27
210375;2755;6,88
210376;2746;6,65
210377;2745;6,62
210378;2735;6,37
210379;2751;6,78
210380;2746;6,65
210381;2762;7,05
210382;2746;6,65
210383;2764;7,11
210384;2756;6,90
210385;2765;7,13
210386;2758;6,95
210387;2763;7,08
210388;2754;6,85
210389;2763;7,08
210390;2755;6,88
210391;2770;7,26
210392;2764;7,11
210393;2762;7,05
210394;2768;7,21
210395;2763;7,08
210396;2787;7,69
210397;2767;7,18
210398;2762;7,05
210399;2787;7,69
210400;2769;7,23
210401;2775;7,38
210402;2775;7,38
210403;2794;7,86
210404;2778;7,46
210405;2775;7,38
210406;2771;7,28
210407;2782;7,56
210408;2777;7,43
210409;2779;7,48
210410;2775;7,38
210411;2789;7,74
210412;2791;7,79
210413;2781;7,54
210414;2786;7,66
210415;2803;8,09
210416;2785;7,64
210417;2791;7,79
210418;2798;7,97
210419;2811;8,29
210420;2800;8,02
210421;2800;8,02
210422;2799;7,99
210423;2805;8,14
210424;2798;7,97
210425;2815;8,40
210426;2803;8,09
210427;2818;8,47
210428;2803;8,09
210429;2826;8,67
210430;2803;8,09
210431;2816;8,42
210432;2805;8,14
210433;2813;8,35
210434;2815;8,40
210435;2823;8,60
210436;2810;8,27
210437;2829;8,75
210438;2815;8,40
210439;2830;8,78
210440;2815;8,40
210441;2832;8,83
210442;2818;8,47
210443;2832;8,83
210444;2838;8,98
210445;2834;8,88
210446;2828;8,72
210447;2847;9,21
210448;2835;8,90
210449;2834;8,88
210450;2834;8,88
210451;2853;9,36
210452;2837;8,95
210453;2839;9,00
210454;2845;9,15
210455;2861;9,56
210456;2845;9,15
210457;2859;9,51
210458;2845;9,15
210459;2874;9,89
210460;2850;9,28
210461;2881;10,07
210462;2859;9,51
210463;2865;9,66
210464;2864;9,64
210465;2882;10,09
210466;2869;9,76
210467;2890;10,29
210468;2877;9,96
210469;2893;10,37
210470;2870;9,79
210471;2896;10,45
210472;2881;10,07
210473;2901;10,57
210474;2882;10,09
210475;2896;10,45
210476;2889;10,27
210477;2898;10,50
210478;2895;10,42
210479;2903;10,62
210480;2893;10,37
210481;2900;10,55
210482;2890;10,29
210483;2904;10,65
210484;2898;10,50
210485;2919;11,03
210486;2905;10,67
210487;2931;11,33
210488;2915;10,93
210489;2914;10,90
210490;2917;10,98
210491;2947;11,74
210492;2926;11,20
210493;2930;11,31
210494;2919;11,03
210495;2937;11,48
210496;2935;11,43
210497;2957;11,99
210498;2934;11,41
210499;2949;11,79
210500;2941;11,58
210501;2960;12,06
210502;2954;11,91
210503;2955;11,94
210504;2960;12,06
210505;2976;12,47
210506;2967;12,24
210507;2991;12,85
210508;2973;12,39
210509;2983;12,65
210510;2974;12,42
210511;2992;12,87
210512;2976;12,47
210513;2993;12,90
210514;2978;12,52
210515;2997;13,00
210516;2986;12,72
210517;3005;13,20
210518;2991;12,85
210519;3007;13,25
210520;2991;12,85
210521;3013;13,41
210522;2997;13,00
210523;3024;13,68
210524;2994;12,93
210525;3007;13,25
210526;2992;12,87
210527;3002;13,13
210528;2999;13,05
210529;3005;13,20
210530;2995;12,95
210531;3009;13,30
210532;3006;13,23
210533;3024;13,68
210534;3007;13,25
210535;3024;13,68
210536;2995;12,95
210537;3011;13,36
210538;2992;12,87
210539;3002;13,13
210540;2995;12,95
210541;3030;13,84
210542;3001;13,10
210543;3021;13,61
210544;3009;13,30
210545;3015;13,46
210546;3018;13,53
210547;3021;13,61
210548;3008;13,28
210549;3009;13,30
210550;3006;13,23
210551;3024;13,68
210552;3013;13,41
210553;3024;13,68
210554;3011;13,36
210555;3015;13,46
210556;3008;13,28
210557;3021;13,61
210558;3019;13,56
210559;3019;13,56
210560;3014;13,43
210561;3026;13,73
210562;3024;13,68
210563;3031;13,86
210564;3023;13,66
210565;3024;13,68
210566;3024;13,68
210567;3047;14,27
210568;3033;13,91
210569;3038;14,04
210570;3031;13,86
210571;3061;14,62
210572;3042;14,14
210573;3038;14,04
210574;3040;14,09
210575;3050;14,34
210576;3019;13,56
210577;3034;13,94
210578;3039;14,06
210579;3052;14,39
210580;3050;14,34
210581;3038;14,04
210582;3035;13,96
210583;3041;14,11
210584;3035;13,96
210585;3055;14,47
210586;3039;14,06
210587;3040;14,09
210588;3024;13,68
210589;3038;14,04
210590;3019;13,56
210591;3024;13,68
210592;3011;13,36
210593;3014;13,43
210594;3008;13,28
210595;3014;13,43
210596;3014;13,43
210597;3020;13,58
210598;3005;13,20
210599;3010;13,33
210600;3007;13,25
210601;2998;13,03
210602;2995;12,95
210603;3002;13,13
210604;2991;12,85
210605;2983;12,65
210606;2979;12,55
210607;2989;12,80
210608;2982;12,62
210609;2992;12,87
210610;2978;12,52
210611;3002;13,13
210612;2978;12,52
210613;2992;12,87
210614;2982;12,62
210615;2989;12,80
210616;2975;12,44
210617;2981;12,60
210618;2975;12,44
210619;2978;12,52
210620;2976;12,47
210621;2995;12,95
210622;2974;12,42
210623;2983;12,65
210624;2965;12,19
210625;2969;12,29
210626;2955;11,94
210627;2975;12,44
210628;2963;12,14
210629;2981;12,60
210630;2985;12,70
210631;2989;12,80
210632;2977;12,49
210633;3002;13,13
210634;2977;12,49
210635;2990;12,82
210636;2978;12,52
210637;2982;12,62
210638;2983;12,65
210639;2999;13,05
210640;2977;12,49
210641;2975;12,44
210642;2969;12,29
210643;2975;12,44
210644;2963;12,14
210645;2984;12,67
210646;2975;12,44
210647;2991;12,85
210648;2976;12,47
210649;2991;12,85
210650;2974;12,42
210651;2994;12,93
210652;2973;12,39
210653;2989;12,80
210654;2977;12,49
210655;2983;12,65
210656;2976;12,47
210657;2979;12,55
210658;2959;12,04
210659;2963;12,14
210660;2961;12,09
210661;2960;12,06
210662;2945;11,69
210663;2940;11,56
210664;2941;11,58
210665;2928;11,26
210666;2897;10,47
210667;2890;10,29
210668;2879;10,02
210669;2895;10,42
210670;2895;10,42
210671;2887;10,22
210672;2875;9,91
210673;2873;9,86
210674;2880;10,04
210675;2896;10,45
210676;2891;10,32
210677;2912;10,85
210678;2912;10,85
210679;2919;11,03
210680;2897;10,47
210681;2925;11,18
210682;2909;10,77
210683;2928;11,26
210684;2896;10,45
210685;2913;10,88
210686;2903;10,62
210687;2930;11,31
210688;2939;11,53
210689;2946;11,71
210690;2918;11,00
210691;2926;11,20
210692;2949;11,79
210693;2961;12,09
210694;2937;11,48
210695;2949;11,79
210696;2949;11,79
210697;2958;12,01
210698;2946;11,71
210699;2928;11,26
210700;2921;11,08
210701;2919;11,03
210702;2903;10,62
210703;2921;11,08
210704;2902;10,60
210705;2928;11,26
210706;2892;10,34
210707;2885;10,17
210708;2893;10,37
210709;2943;11,63
210710;2916;10,95
210711;2931;11,33
210712;2901;10,57
210713;2909;10,77
210714;2873;9,86
210715;2907;10,72
210716;2886;10,19
210717;2903;10,62
210718;2907;10,72
210719;2917;10,98
210720;2885;10,17
210721;2923;11,13
210722;2866;9,69
210723;2863;9,61
210724;2874;9,89
210725;2902;10,60
210726;2874;9,89
210727;2864;9,64
210728;2843;9,10
210729;2847;9,21
210730;2838;8,98
210731;2859;9,51
210732;2843;9,10
210733;2859;9,51
210734;2831;8,80
210735;2832;8,83
210736;2826;8,67
210737;2807;8,19
210738;2818;8,47
210739;2832;8,83
210740;2838;8,98
210741;2851;9,31
210742;2855;9,41
210743;2861;9,56
210744;2845;9,15
210745;2875;9,91
210746;2859;9,51
210747;2877;9,96
210748;2865;9,66
210749;2869;9,76
210750;2862;9,59
210751;2871;9,81
210752;2864;9,64
210753;2888;10,24
210754;2885;10,17
210755;2886;10,19
210756;2874;9,89
210757;2885;10,17
210758;2878;9,99
210759;2886;10,19
210760;2879;10,02
210761;2912;10,85
210762;2889;10,27
210763;2887;10,22
210764;2864;9,64
210765;2864;9,64
210766;2842;9,08
210767;2855;9,41
210768;2832;8,83
210769;2838;8,98
210770;2832;8,83
210771;2851;9,31
210772;2817;8,45
210773;2826;8,67
210774;2821;8,55
210775;2829;8,75
210776;2823;8,60
210777;2826;8,67
210778;2803;8,09
210779;2819;8,50
210780;2800;8,02
210781;2817;8,45
210782;2790;7,76
210783;2805;8,14
210784;2785;7,64
210785;2804;8,12
210786;2798;7,97
210787;2797;7,94
210788;2794;7,86
210789;2816;8,42
210790;2795;7,89
210791;2806;8,17
210792;2807;8,19
210793;2827;8,70
210794;2817;8,45
210795;2815;8,40
210796;2795;7,89
210797;2809;8,24
210798;2801;8,04
210799;2829;8,75
210800;2802;8,07
210801;2818;8,47
210802;2800;8,02
210803;2815;8,40
210804;2801;8,04
210805;2822;8,57
210806;2796;7,91
210807;2801;8,04
210808;2792;7,81
210809;2809;8,24
210810;2791;7,79
210811;2816;8,42
210812;2800;8,02
210813;2799;7,99
210814;2803;8,09
210815;2820;8,52
210816;2806;8,17
210817;2827;8,70
210818;2812;8,32
210819;2825;8,65
210820;2823;8,60
210821;2829;8,75
210822;2811;8,29
210823;2825;8,65
210824;2815;8,40
210825;2839;9,00
210826;2817;8,45
210827;2838;8,98
210828;2825;8,65
210829;2837;8,95
210830;2813;8,35
210831;2834;8,88
210832;2816;8,42
210833;2837;8,95
210834;2819;8,50
210835;2828;8,72
210836;2800;8,02
210837;2804;8,12
210838;2800;8,02
210839;2831;8,80
210840;2811;8,29
210841;2813;8,35
210842;2799;7,99
210843;2805;8,14
210844;2781;7,54
210845;2789;7,74
210846;2784;7,61
210847;2815;8,40
210848;2791;7,79
210849;2792;7,81
210850;2768;7,21
210851;2757;6,93
210852;2757;6,93
210853;2759;6,98
210854;2761;7,03
210855;2768;7,21
210856;2766;7,16
210857;2782;7,56
210858;2770;7,26
210859;2796;7,91
210860;2779;7,48
210861;2795;7,89
210862;2775;7,38
210863;2799;7,99
210864;2779;7,48
210865;2779;7,48
210866;2777;7,43
210867;2801;8,04
210868;2779;7,48
210869;2803;8,09
210870;2796;7,91
210871;2800;8,02
210872;2740;6,50
210873;2800;8,02
210874;2773;7,33
210875;2787;7,69
210876;2768;7,21
210877;2779;7,48
210878;2768;7,21
210879;2785;7,64
210880;2765;7,13
210881;2767;7,18
210882;2759;6,98
210883;2775;7,38
210884;2758;6,95
210885;2768;7,21
210886;2752;6,80
210887;2768;7,21
210888;2759;6,98
210889;2790;7,76
210890;2760;7,00
210891;2785;7,64
210892;2762;7,05
210893;2768;7,21
210894;2753;6,83
210895;2780;7,51
210896;2768;7,21
210897;2783;7,59
210898;2771;7,28
210899;2781;7,54
210900;2768;7,21
210901;2781;7,54
210902;2750;6,75
210903;2751;6,78
210904;2742;6,55
210905;2777;7,43
210906;2775;7,38
210907;2789;7,74
210908;2751;6,78
210909;2761;7,03
210910;2747;6,68
210911;2757;6,93
210912;2759;6,98
210913;2768;7,21
210914;2749;6,73
210915;2741;6,52
210916;2731;6,27
210917;2738;6,45
210918;2750;6,75
210919;2773;7,33
210920;2759;6,98
210921;2747;6,68
210922;2736;6,40
210923;2744;6,60
210924;2738;6,45
210925;2743;6,57
210926;2736;6,40
210927;2746;6,65
210928;2736;6,40
210929;2736;6,40
210930;2719;5,97
210931;2723;6,07
210932;2706;5,64
210933;2719;5,97
210934;2711;5,76
210935;2733;6,32
210936;2736;6,40
210937;2748;6,70
210938;2733;6,32
210939;2751;6,78
210940;2736;6,40
210941;2756;6,90
210942;2740;6,50
210943;2757;6,93
210944;2749;6,73
210945;2771;7,28
210946;2775;7,38
210947;2790;7,76
210948;2770;7,26
210949;2786;7,66
210950;2757;6,93
210951;2785;7,64
210952;2749;6,73
210953;2743;6,57
210954;2736;6,40
210955;2752;6,80
210956;2729;6,22
210957;2755;6,88
210958;2741;6,52
210959;2743;6,57
210960;2737;6,42
210961;2738;6,45
210962;2727;6,17
210963;2739;6,47
210964;2719;5,97
210965;2724;6,09
210966;2710;5,74
210967;2731;6,27
210968;2717;5,92
210969;2736;6,40
210970;2711;5,76
210971;2715;5,87
210972;2705;5,61
210973;2710;5,74
210974;2690;5,23
210975;2714;5,84
210976;2689;5,21
210977;2718;5,94
210978;2704;5,59
210979;2726;6,14
210980;2704;5,59
210981;2723;6,07
210982;2710;5,74
210983;2724;6,09
210984;2710;5,74
210985;2734;6,35
210986;2720;5,99
210987;2722;6,04
210988;2710;5,74
210989;2737;6,42
210990;2736;6,40
210991;2737;6,42
210992;2731;6,27
210993;2742;6,55
210994;2736;6,40
210995;2750;6,75
210996;2735;6,37
210997;2739;6,47
210998;2733;6,32
210999;2743;6,57
211000;2734;6,35
211001;2761;7,03
211002;2737;6,42
211003;2768;7,21
211004;2740;6,50
211005;2763;7,08
211006;2741;6,52
211007;2763;7,08
211008;2741;6,52
211009;2755;6,88
211010;2733;6,32
211011;2745;6,62
211012;2737;6,42
211013;2733;6,32
211014;2725;6,12
211015;2749;6,73
211016;2738;6,45
211017;2741;6,52
211018;2720;5,99
211019;2736;6,40
211020;2727;6,17
211021;2738;6,45
211022;2721;6,02
211023;2737;6,42
211024;2721;6,02
211025;2733;6,32
211026;2729;6,22
211027;2750;6,75
211028;2738;6,45
211029;2751;6,78
211030;2730;6,24
211031;2731;6,27
211032;2718;5,94
211033;2733;6,32
211034;2722;6,04
211035;2724;6,09
211036;2726;6,14
211037;2725;6,12
211038;2722;6,04
211039;2721;6,02
211040;2726;6,14
211041;2745;6,62
211042;2714;5,84
211043;2723;6,07
211044;2721;6,02
211045;2734;6,35
211046;2718;5,94
211047;2722;6,04
211048;2727;6,17
211049;2736;6,40
211050;2729;6,22
211051;2753;6,83
211052;2736;6,40
211053;2743;6,57
211054;2736;6,40
211055;2743;6,57
211056;2753;6,83
211057;2764;7,11
211058;2752;6,80
211059;2783;7,59
211060;2752;6,80
211061;2771;7,28
211062;2762;7,05
211063;2775;7,38
211064;2762;7,05
211065;2777;7,43
211066;2779;7,48
211067;2783;7,59
211068;2762;7,05
211069;2775;7,38
211070;2769;7,23
211071;2768;7,21
211072;2818;8,47
211073;2783;7,59
211074;2770;7,26
211075;2773;7,33
211076;2760;7,00
211077;2784;7,61
211078;2754;6,85
211079;2768;7,21
211080;2752;6,80
211081;2754;6,85
211082;2742;6,55
211083;2743;6,57
211084;2736;6,40
211085;2757;6,93
211086;2739;6,47
211087;2763;7,08
211088;2740;6,50
211089;2756;6,90
211090;2735;6,37
211091;2740;6,50
211092;2736;6,40
211093;2753;6,83
211094;2735;6,37
211095;2753;6,83
211096;2731;6,27
211097;2738;6,45
211098;2731;6,27
211099;2746;6,65
211100;2730;6,24
211101;2737;6,42
211102;2734;6,35
211103;2736;6,40
211104;2739;6,47
211105;2755;6,88
211106;2733;6,32
211107;2747;6,68
211108;2733;6,32
211109;2747;6,68
211110;2736;6,40
211111;2757;6,93
211112;2743;6,57
211113;2770;7,26
211114;2749;6,73
211115;2754;6,85
211116;2757;6,93
211117;2770;7,26
211118;2752;6,80
211119;2782;7,56
211120;2751;6,78
211121;2771;7,28
211122;2767;7,18
211123;2773;7,33
211124;2754;6,85
211125;2765;7,13
211126;2762;7,05
211127;2779;7,48
211128;2763;7,08
211129;2771;7,28
211130;2761;7,03
211131;2763;7,08
211132;2761;7,03
211133;2761;7,03
211134;2760;7,00
211135;2781;7,54
211136;2767;7,18
211137;2774;7,36
211138;2757;6,93
211139;2779;7,48
211140;2762;7,05
211141;2766;7,16
211142;2752;6,80
211143;2758;6,95
211144;2751;6,78
211145;2755;6,88
211146;2749;6,73
211147;2770;7,26
211148;2749;6,73
211149;2754;6,85
211150;2751;6,78
211151;2785;7,64
211152;2753;6,83
211153;2762;7,05
211154;2751;6,78
211155;2751;6,78
211156;2747;6,68
211157;2768;7,21
211158;2750;6,75
211159;2755;6,88
211160;2748;6,70
211161;2754;6,85
211162;2754;6,85
211163;2751;6,78
211164;2752;6,80
211165;2757;6,93
211166;2742;6,55
211167;2750;6,75
211168;2753;6,83
211169;2757;6,93
211170;2743;6,57
211171;2763;7,08
211172;2750;6,75
211173;2753;6,83
211174;2757;6,93
211175;2753;6,83
211176;2765;7,13
211177;2757;6,93
211178;2753;6,83
211179;2757;6,93
211180;2749;6,73
211181;2759;6,98
211182;2759;6,98
211183;2778;7,46
211184;2755;6,88
211185;2757;6,93
211186;2758;6,95
211187;2768;7,21
211188;2762;7,05
211189;2781;7,54
211190;2761;7,03
211191;2762;7,05
211192;2753;6,83
211193;2765;7,13
211194;2769;7,23
211195;2769;7,23
211196;2767;7,18
211197;2773;7,33
211198;2768;7,21
211199;2775;7,38
211200;2766;7,16
211201;2782;7,56
211202;2775;7,38
211203;2769;7,23
211204;2775;7,38
211205;2768;7,21
211206;2768;7,21
211207;2775;7,38
211208;2770;7,26
211209;2772;7,31
211210;2777;7,43
211211;2768;7,21
211212;2773;7,33
211213;2779;7,48
211214;2779;7,48
211215;2782;7,56
211216;2768;7,21
211217;2775;7,38
211218;2775;7,38
211219;2767;7,18
211220;2779;7,48
211221;2767;7,18
211222;2763;7,08
211223;2768;7,21
211224;2766;7,16
211225;2775;7,38
211226;2767;7,18
211227;2773;7,33
211228;2767;7,18
211229;2770;7,26
211230;2766;7,16
211231;2778;7,46
211232;2768;7,21
211233;2772;7,31
211234;2764;7,11
211235;2767;7,18
211236;2758;6,95
211237;2768;7,21
211238;2759;6,98
211239;2774;7,36
211240;2770;7,26
211241;2767;7,18
211242;2766;7,16
211243;2762;7,05
211244;2766;7,16
211245;2759;6,98
211246;2800;8,02
211247;2765;7,13
211248;2756;6,90
211249;2763;7,08
211250;2763;7,08
211251;2759;6,98
211252;2755;6,88
211253;2758;6,95
211254;2758;6,95
211255;2771;7,28
211256;2755;6,88
211257;2764;7,11
211258;2758;6,95
211259;2765;7,13
211260;2758;6,95
211261;2766;7,16
211262;2762;7,05
211263;2768;7,21
211264;2758;6,95
211265;2777;7,43
211266;2765;7,13
211267;2770;7,26
211268;2764;7,11
211269;2763;7,08
211270;2763;7,08
211271;2766;7,16
211272;2763;7,08
211273;2763;7,08
211274;2761;7,03
211275;2767;7,18
211276;2763;7,08
211277;2767;7,18
211278;2768;7,21
211279;2763;7,08
211280;2765;7,13
211281;2755;6,88
211282;2759;6,98
211283;2767;7,18
211284;2761;7,03
211285;2768;7,21
211286;2755;6,88
211287;2765;7,13
211288;2767;7,18
211289;2764;7,11
211290;2764;7,11
211291;2755;6,88
211292;2752;6,80
211293;2756;6,90
211294;2766;7,16
211295;2755;6,88
211296;2755;6,88
211297;2753;6,83
211298;2754;6,85
211299;2752;6,80
211300;2751;6,78
211301;2753;6,83
211302;2752;6,80
211303;2752;6,80
211304;2752;6,80
211305;2749;6,73
211306;2752;6,80
211307;2747;6,68
211308;2747;6,68
211309;2745;6,62
211310;2742;6,55
211311;2749;6,73
211312;2741;6,52
211313;2746;6,65
211314;2736;6,40
211315;2741;6,52
211316;2747;6,68
211317;2741;6,52
211318;2739;6,47
211319;2740;6,50
211320;2739;6,47
211321;2741;6,52
211322;2739;6,47
211323;2743;6,57
211324;2751;6,78
211325;2741;6,52
211326;2745;6,62
211327;2747;6,68
211328;2739;6,47
211329;2739;6,47
211330;2742;6,55
211331;2753;6,83
211332;2742;6,55
211333;2740;6,50
211334;2737;6,42
211335;2745;6,62
211336;2742;6,55
211337;2739;6,47
211338;2747;6,68
211339;2748;6,70
211340;2745;6,62
211341;2741;6,52
211342;2741;6,52
211343;2752;6,80
211344;2747;6,68
211345;2742;6,55
211346;2749;6,73
211347;2751;6,78
211348;2752;6,80
211349;2748;6,70
211350;2751;6,78
211351;2747;6,68
211352;2751;6,78
211353;2763;7,08
211354;2747;6,68
211355;2745;6,62
211356;2751;6,78
211357;2752;6,80
211358;2742;6,55
211359;2757;6,93
211360;2746;6,65
211361;2750;6,75
211362;2751;6,78
211363;2751;6,78
211364;2746;6,65
211365;2741;6,52
211366;2743;6,57
211367;2751;6,78
211368;2743;6,57
211369;2747;6,68
211370;2748;6,70
211371;2749;6,73
211372;2746;6,65
211373;2741;6,52
211374;2743;6,57
211375;2742;6,55
211376;2745;6,62
211377;2741;6,52
211378;2739;6,47
211379;2745;6,62
211380;2751;6,78
211381;2736;6,40
211382;2742;6,55
211383;2752;6,80
211384;2746;6,65
211385;2743;6,57
211386;2739;6,47
211387;2742;6,55
211388;2743;6,57
211389;2739;6,47
211390;2739;6,47
211391;2747;6,68
211392;2739;6,47
211393;2743;6,57
211394;2736;6,40
211395;2743;6,57
211396;2737;6,42
211397;2752;6,80
211398;2745;6,62
211399;2745;6,62
211400;2741;6,52
211401;2739;6,47
211402;2736;6,40
211403;2738;6,45
211404;2737;6,42
211405;2741;6,52
211406;2749;6,73
211407;2741;6,52
211408;2742;6,55
211409;2743;6,57
211410;2745;6,62
211411;2740;6,50
211412;2743;6,57
211413;2741;6,52
211414;2736;6,40
211415;2751;6,78
211416;2741;6,52
211417;2737;6,42
211418;2736;6,40
211419;2743;6,57
211420;2738;6,45
211421;2741;6,52
211422;2746;6,65
211423;2747;6,68
211424;2737;6,42
211425;2740;6,50
211426;2736;6,40
211427;2736;6,40
211428;2739;6,47
211429;2736;6,40
211430;2735;6,37
211431;2737;6,42
211432;2736;6,40
211433;2735;6,37
211434;2730;6,24
211435;2720;5,99
211436;2738;6,45
211437;2727;6,17
211438;2735;6,37
211439;2735;6,37
211440;2733;6,32
211441;2739;6,47
211442;2737;6,42
211443;2735;6,37
211444;2731;6,27
211445;2746;6,65
211446;2734;6,35
211447;2733;6,32
211448;2731;6,27
211449;2735;6,37
211450;2735;6,37
211451;2736;6,40
211452;2735;6,37
211453;2735;6,37
211454;2733;6,32
211455;2731;6,27
211456;2727;6,17
211457;2737;6,42
211458;2737;6,42
211459;2735;6,37
211460;2734;6,35
211461;2734;6,35
211462;2735;6,37
211463;2736;6,40
211464;2739;6,47
211465;2736;6,40
211466;2739;6,47
211467;2738;6,45
211468;2736;6,40
211469;2740;6,50
211470;2734;6,35
211471;2736;6,40
211472;2739;6,47
211473;2739;6,47
211474;2738;6,45
211475;2737;6,42
211476;2735;6,37
211477;2738;6,45
211478;2736;6,40
211479;2736;6,40
211480;2739;6,47
211481;2736;6,40
211482;2736;6,40
211483;2743;6,57
211484;2738;6,45
211485;2737;6,42
211486;2737;6,42
211487;2738;6,45
211488;2733;6,32
211489;2736;6,40
211490;2734;6,35
211491;2737;6,42
211492;2736;6,40
211493;2736;6,40
211494;2736;6,40
211495;2731;6,27
211496;2739;6,47
211497;2731;6,27
211498;2732;6,30
211499;2734;6,35
211500;2736;6,40
211501;2734;6,35
211502;2734;6,35
211503;2735;6,37
211504;2729;6,22
211505;2726;6,14
211506;2742;6,55
211507;2738;6,45
211508;2736;6,40
211509;2730;6,24
211510;2730;6,24
211511;2738;6,45
211512;2730;6,24
211513;2734;6,35
211514;2727;6,17
211515;2735;6,37
211516;2730;6,24
211517;2730;6,24
211518;2730;6,24
211519;2735;6,37
211520;2735;6,37
211521;2729;6,22
211522;2733;6,32
211523;2735;6,37
211524;2734;6,35
211525;2730;6,24
211526;2729;6,22
211527;2727;6,17
211528;2736;6,40
211529;2725;6,12
211530;2731;6,27
211531;2725;6,12
211532;2726;6,14
211533;2732;6,30
211534;2736;6,40
211535;2736;6,40
211536;2732;6,30
211537;2731;6,27
211538;2739;6,47
211539;2733;6,32
211540;2730;6,24
211541;2734;6,35
211542;2730;6,24
211543;2729;6,22
211544;2727;6,17
211545;2735;6,37
211546;2725;6,12
211547;2726;6,14
211548;2735;6,37
211549;2734;6,35
211550;2731;6,27
211551;2749;6,73
211552;2736;6,40
211553;2723;6,07
211554;2742;6,55
211555;2736;6,40
211556;2729;6,22
211557;2727;6,17
211558;2731;6,27
211559;2729;6,22
211560;2722;6,04
211561;2726;6,14
211562;2725;6,12
211563;2731;6,27
211564;2736;6,40
211565;2724;6,09
211566;2739;6,47
211567;2723;6,07
211568;2732;6,30
211569;2720;5,99
211570;2719;5,97
211571;2727;6,17
211572;2723;6,07
211573;2726;6,14
211574;2729;6,22
211575;2726;6,14
211576;2722;6,04
211577;2729;6,22
211578;2723;6,07
211579;2723;6,07
211580;2723;6,07
211581;2720;5,99
211582;2717;5,92
211583;2733;6,32
211584;2723;6,07
211585;2729;6,22
211586;2724;6,09
211587;2731;6,27
211588;2725;6,12
211589;2727;6,17
211590;2717;5,92
211591;2736;6,40
211592;2722;6,04
211593;2731;6,27
211594;2718;5,94
211595;2717;5,92
211596;2722;6,04
211597;2729;6,22
211598;2713;5,81
211599;2719;5,97
211600;2720;5,99
211601;2716;5,89
211602;2721;6,02
211603;2719;5,97
211604;2723;6,07
211605;2725;6,12
211606;2729;6,22
211607;2725;6,12
211608;2722;6,04
211609;2737;6,42
211610;2723;6,07
211611;2731;6,27
211612;2725;6,12
211613;2718;5,94
211614;2720;5,99
211615;2722;6,04
211616;2723;6,07
211617;2731;6,27
211618;2720;5,99
211619;2723;6,07
211620;2717;5,92
211621;2730;6,24
211622;2730;6,24
211623;2723;6,07
211624;2720;5,99
211625;2731;6,27
211626;2729;6,22
211627;2733;6,32
211628;2725;6,12
211629;2721;6,02
211630;2727;6,17
211631;2735;6,37
211632;2723;6,07
211633;2721;6,02
211634;2715;5,87
211635;2726;6,14
211636;2726;6,14
211637;2736;6,40
211638;2725;6,12
211639;2725;6,12
211640;2719;5,97
211641;2730;6,24
211642;2723;6,07
211643;2719;5,97
211644;2721;6,02
211645;2721;6,02
211646;2717;5,92
211647;2730;6,24
211648;2720;5,99
211649;2722;6,04
211650;2723;6,07
211651;2735;6,37
211652;2717;5,92
211653;2723;6,07
211654;2724;6,09
211655;2725;6,12
211656;2722;6,04
211657;2732;6,30
211658;2718;5,94
211659;2723;6,07
211660;2730;6,24
211661;2722;6,04
211662;2719;5,97
211663;2728;6,19
211664;2724;6,09
211665;2731;6,27
211666;2726;6,14
211667;2719;5,97
211668;2720;5,99
211669;2722;6,04
211670;2731;6,27
211671;2721;6,02
211672;2720;5,99
211673;2723;6,07
211674;2725;6,12
211675;2730;6,24
211676;2717;5,92
211677;2722;6,04
211678;2723;6,07
211679;2731;6,27
211680;2726;6,14
211681;2711;5,76
211682;2717;5,92
211683;2726;6,14
211684;2723;6,07
211685;2721;6,02
211686;2715;5,87
211687;2725;6,12
211688;2715;5,87
211689;2714;5,84
211690;2711;5,76
211691;2721;6,02
211692;2721;6,02
211693;2723;6,07
211694;2720;5,99
211695;2707;5,66
211696;2719;5,97
211697;2715;5,87
211698;2707;5,66
211699;2721;6,02
211700;2712;5,79
211701;2720;5,99
211702;2714;5,84
211703;2723;6,07
211704;2742;6,55
211705;2724;6,09
211706;2711;5,76
211707;2720;5,99
211708;2710;5,74
211709;2718;5,94
211710;2716;5,89
211711;2715;5,87
211712;2719;5,97
211713;2719;5,97
211714;2718;5,94
211715;2714;5,84
211716;2710;5,74
211717;2723;6,07
211718;2718;5,94
211719;2722;6,04
211720;2719;5,97
211721;2719;5,97
211722;2715;5,87
211723;2710;5,74
211724;2719;5,97
211725;2721;6,02
211726;2719;5,97
211727;2707;5,66
211728;2719;5,97
211729;2721;6,02
211730;2710;5,74
211731;2725;6,12
211732;2718;5,94
211733;2725;6,12
211734;2719;5,97
211735;2718;5,94
211736;2707;5,66
211737;2711;5,76
211738;2709;5,71
211739;2709;5,71
211740;2707;5,66
211741;2715;5,87
211742;2707;5,66
211743;2710;5,74
211744;2704;5,59
211745;2711;5,76
211746;2717;5,92
211747;2713;5,81
211748;2705;5,61
211749;2704;5,59
211750;2704;5,59
211751;2706;5,64
211752;2710;5,74
211753;2719;5,97
211754;2699;5,46
211755;2720;5,99
211756;2710;5,74
211757;2707;5,66
211758;2713;5,81
211759;2712;5,79
211760;2705;5,61
211761;2710;5,74
211762;2720;5,99
211763;2723;6,07
211764;2705;5,61
211765;2709;5,71
211766;2707;5,66
211767;2709;5,71
211768;2704;5,59
211769;2716;5,89
211770;2705;5,61
211771;2706;5,64
211772;2704;5,59
211773;2709;5,71
211774;2714;5,84
211775;2704;5,59
211776;2702;5,54
211777;2711;5,76
211778;2707;5,66
211779;2711;5,76
211780;2704;5,59
211781;2704;5,59
211782;2704;5,59
211783;2704;5,59
211784;2737;6,42
211785;2701;5,51
211786;2702;5,54
211787;2704;5,59
211788;2697;5,41
211789;2708;5,69
211790;2699;5,46
211791;2704;5,59
211792;2711;5,76
211793;2704;5,59
211794;2697;5,41
211795;2694;5,33
211796;2704;5,59
211797;2704;5,59
211798;2705;5,61
211799;2704;5,59
211800;2704;5,59
211801;2704;5,59
211802;2704;5,59
211803;2698;5,44
211804;2702;5,54
211805;2704;5,59
211806;2703;5,56
211807;2704;5,59
211808;2704;5,59
211809;2713;5,81
211810;2704;5,59
211811;2705;5,61
211812;2704;5,59
211813;2701;5,51
211814;2704;5,59
211815;2710;5,74
211816;2708;5,69
211817;2707;5,66
211818;2708;5,69
211819;2710;5,74
211820;2704;5,59
211821;2711;5,76
211822;2706;5,64
211823;2704;5,59
211824;2707;5,66
211825;2720;5,99
211826;2705;5,61
211827;2704;5,59
211828;2713;5,81
211829;2704;5,59
211830;2717;5,92
211831;2707;5,66
211832;2708;5,69
211833;2710;5,74
211834;2720;5,99
211835;2707;5,66
211836;2706;5,64
211837;2713;5,81
211838;2707;5,66
211839;2704;5,59
211840;2707;5,66
211841;2705;5,61
211842;2704;5,59
211843;2710;5,74
211844;2706;5,64
211845;2715;5,87
211846;2704;5,59
211847;2704;5,59
211848;2711;5,76
211849;2708;5,69
211850;2704;5,59
211851;2703;5,56
211852;2700;5,49
211853;2700;5,49
211854;2707;5,66
211855;2704;5,59
211856;2703;5,56
211857;2704;5,59
211858;2709;5,71
211859;2704;5,59
211860;2709;5,71
211861;2713;5,81
211862;2704;5,59
211863;2711;5,76
211864;2707;5,66
211865;2716;5,89
211866;2704;5,59
211867;2701;5,51
211868;2724;6,09
211869;2709;5,71
211870;2707;5,66
211871;2719;5,97
211872;2716;5,89
211873;2711;5,76
211874;2721;6,02
211875;2709;5,71
211876;2718;5,94
211877;2720;5,99
211878;2715;5,87
211879;2723;6,07
211880;2715;5,87
211881;2715;5,87
211882;2720;5,99
211883;2716;5,89
211884;2714;5,84
211885;2731;6,27
211886;2711;5,76
211887;2717;5,92
211888;2714;5,84
211889;2711;5,76
211890;2714;5,84
211891;2720;5,99
211892;2713;5,81
211893;2733;6,32
211894;2715;5,87
211895;2714;5,84
211896;2722;6,04
211897;2722;6,04
211898;2719;5,97
211899;2717;5,92
211900;2715;5,87
211901;2719;5,97
211902;2717;5,92
211903;2731;6,27
211904;2704;5,59
211905;2715;5,87
211906;2718;5,94
211907;2717;5,92
211908;2714;5,84
211909;2715;5,87
211910;2704;5,59
211911;2720;5,99
211912;2709;5,71
211913;2711;5,76
211914;2711;5,76
211915;2718;5,94
211916;2710;5,74
211917;2715;5,87
211918;2715;5,87
211919;2719;5,97
211920;2709;5,71
211921;2731;6,27
211922;2709;5,71
211923;2717;5,92
211924;2706;5,64
211925;2719;5,97
211926;2715;5,87
211927;2704;5,59
211928;2711;5,76
211929;2715;5,87
211930;2709;5,71
211931;2704;5,59
211932;2704;5,59
211933;2707;5,66
211934;2710;5,74
211935;2721;6,02
211936;2709;5,71
211937;2711;5,76
211938;2704;5,59
211939;2706;5,64
211940;2705;5,61
211941;2715;5,87
211942;2704;5,59
211943;2717;5,92
211944;2713;5,81
211945;2720;5,99
211946;2708;5,69
211947;2707;5,66
211948;2705;5,61
211949;2714;5,84
211950;2705;5,61
211951;2705;5,61
211952;2708;5,69
211953;2706;5,64
211954;2704;5,59
211955;2709;5,71
211956;2702;5,54
211957;2706;5,64
211958;2705;5,61
211959;2713;5,81
211960;2704;5,59
211961;2704;5,59
211962;2704;5,59
211963;2704;5,59
211964;2702;5,54
211965;2711;5,76
211966;2704;5,59
211967;2704;5,59
211968;2703;5,56
211969;2703;5,56
211970;2713;5,81
211971;2707;5,66
211972;2736;6,40
211973;2699;5,46
211974;2703;5,56
211975;2704;5,59
211976;2704;5,59
211977;2699;5,46
211978;2704;5,59
211979;2703;5,56
211980;2703;5,56
211981;2698;5,44
211982;2705;5,61
211983;2701;5,51
211984;2700;5,49
211985;2707;5,66
211986;2709;5,71
211987;2699;5,46
211988;2702;5,54
211989;2702;5,54
211990;2701;5,51
211991;2702;5,54
211992;2703;5,56
211993;2707;5,66
211994;2705;5,61
211995;2701;5,51
211996;2698;5,44
211997;2704;5,59
211998;2709;5,71
211999;2704;5,59
212000;2703;5,56
212001;2704;5,59
212002;2696;5,38
212003;2706;5,64
212004;2713;5,81
212005;2704;5,59
212006;2706;5,64
212007;2719;5,97
212008;2698;5,44
212009;2703;5,56
212010;2701;5,51
212011;2704;5,59
212012;2702;5,54
212013;2701;5,51
212014;2707;5,66
212015;2717;5,92
212016;2703;5,56
212017;2704;5,59
212018;2704;5,59
212019;2707;5,66
212020;2704;5,59
212021;2707;5,66
212022;2702;5,54
212023;2706;5,64
212024;2704;5,59
212025;2705;5,61
212026;2704;5,59
212027;2714;5,84
212028;2707;5,66
212029;2711;5,76
212030;2702;5,54
212031;2710;5,74
212032;2704;5,59
212033;2708;5,69
212034;2704;5,59
212035;2714;5,84
212036;2711;5,76
212037;2704;5,59
212038;2710;5,74
212039;2718;5,94
212040;2704;5,59
212041;2714;5,84
212042;2705;5,61
212043;2713;5,81
212044;2707;5,66
212045;2709;5,71
212046;2704;5,59
212047;2715;5,87
212048;2702;5,54
212049;2699;5,46
212050;2704;5,59
212051;2704;5,59
212052;2701;5,51
212053;2704;5,59
212054;2711;5,76
212055;2703;5,56
212056;2697;5,41
212057;2699;5,46
212058;2699;5,46
212059;2691;5,26
212060;2693;5,31
212061;2694;5,33
212062;2699;5,46
212063;2699;5,46
212064;2703;5,56
212065;2704;5,59
212066;2704;5,59
212067;2702;5,54
212068;2695;5,36
212069;2693;5,31
212070;2703;5,56
212071;2701;5,51
212072;2697;5,41
212073;2698;5,44
212074;2695;5,36
212075;2702;5,54
212076;2704;5,59
212077;2701;5,51
212078;2693;5,31
212079;2694;5,33
212080;2698;5,44
212081;2699;5,46
212082;2705;5,61
212083;2697;5,41
212084;2698;5,44
212085;2705;5,61
212086;2705;5,61
212087;2711;5,76
212088;2707;5,66
212089;2705;5,61
212090;2713;5,81
212091;2704;5,59
212092;2704;5,59
212093;2703;5,56
212094;2706;5,64
212095;2705;5,61
212096;2704;5,59
212097;2703;5,56
212098;2707;5,66
212099;2704;5,59
212100;2702;5,54
212101;2703;5,56
212102;2698;5,44
212103;2703;5,56
212104;2704;5,59
212105;2699;5,46
212106;2691;5,26
212107;2690;5,23
212108;2690;5,23
212109;2693;5,31
212110;2695;5,36
212111;2687;5,16
212112;2689;5,21
212113;2690;5,23
212114;2697;5,41
212115;2693;5,31
212116;2698;5,44
212117;2701;5,51
212118;2699;5,46
212119;2697;5,41
212120;2699;5,46
212121;2699;5,46
212122;2688;5,18
212123;2698;5,44
212124;2695;5,36
212125;2697;5,41
212126;2699;5,46
212127;2702;5,54
212128;2701;5,51
212129;2698;5,44
212130;2695;5,36
212131;2698;5,44
212132;2700;5,49
212133;2698;5,44
212134;2703;5,56
212135;2698;5,44
212136;2694;5,33
212137;2704;5,59
212138;2701;5,51
212139;2701;5,51
212140;2704;5,59
212141;2701;5,51
212142;2693;5,31
212143;2703;5,56
212144;2708;5,69
212145;2701;5,51
212146;2704;5,59
212147;2700;5,49
212148;2699;5,46
212149;2707;5,66
212150;2699;5,46
212151;2692;5,28
212152;2693;5,31
212153;2688;5,18
212154;2701;5,51
212155;2703;5,56
212156;2691;5,26
212157;2679;4,95
212158;2687;5,16
212159;2690;5,23
212160;2704;5,59
212161;2690;5,23
212162;2678;4,93
212163;2678;4,93
212164;2705;5,61
212165;2703;5,56
212166;2677;4,90
212167;2682;5,03
212168;2694;5,33
212169;2695;5,36
212170;2693;5,31
212171;2689;5,21
212172;2710;5,74
212173;2688;5,18
212174;2679;4,95
212175;2704;5,59
212176;2704;5,59
212177;2686;5,13
212178;2701;5,51
212179;2709;5,71
212180;2698;5,44
212181;2695;5,36
212182;2702;5,54
212183;2698;5,44
212184;2704;5,59
212185;2717;5,92
212186;2701;5,51
212187;2706;5,64
212188;2707;5,66
212189;2701;5,51
212190;2710;5,74
212191;2704;5,59
212192;2705;5,61
212193;2720;5,99
212194;2715;5,87
212195;2691;5,26
212196;2710;5,74
212197;2719;5,97
212198;2702;5,54
212199;2704;5,59
212200;2726;6,14
212201;2701;5,51
212202;2703;5,56
212203;2715;5,87
212204;2723;6,07
212205;2704;5,59
212206;2704;5,59
212207;2720;5,99
212208;2704;5,59
212209;2705;5,61
212210;2707;5,66
212211;2705;5,61
212212;2697;5,41
212213;2713;5,81
212214;2706;5,64
212215;2694;5,33
212216;2705;5,61
212217;2706;5,64
212218;2702;5,54
212219;2695;5,36
212220;2704;5,59
212221;2699;5,46
212222;2702;5,54
212223;2719;5,97
212224;2688;5,18
212225;2701;5,51
212226;2704;5,59
212227;2699;5,46
212228;2694;5,33
212229;2704;5,59
212230;2693;5,31
212231;2688;5,18
212232;2703;5,56
212233;2689;5,21
212234;2687;5,16
212235;2698;5,44
212236;2697;5,41
212237;2689;5,21
212238;2698;5,44
212239;2693;5,31
212240;2690;5,23
212241;2694;5,33
212242;2703;5,56
212243;2699;5,46
212244;2693;5,31
212245;2697;5,41
212246;2696;5,38
212247;2693;5,31
212248;2690;5,23
212249;2695;5,36
212250;2697;5,41
212251;2695;5,36
212252;2692;5,28
212253;2699;5,46
212254;2699;5,46
212255;2699;5,46
212256;2693;5,31
212257;2690;5,23
212258;2703;5,56
212259;2688;5,18
212260;2693;5,31
212261;2705;5,61
212262;2693;5,31
212263;2690;5,23
212264;2694;5,33
212265;2694;5,33
212266;2692;5,28
212267;2697;5,41
212268;2691;5,26
212269;2701;5,51
212270;2690;5,23
212271;2688;5,18
212272;2692;5,28
212273;2689;5,21
212274;2698;5,44
212275;2695;5,36
212276;2692;5,28
212277;2689;5,21
212278;2689;5,21
212279;2691;5,26
212280;2690;5,23
212281;2689;5,21
212282;2679;4,95
212283;2683;5,06
212284;2695;5,36
212285;2688;5,18
212286;2686;5,13
212287;2692;5,28
212288;2699;5,46
212289;2685;5,11
212290;2685;5,11
212291;2690;5,23
212292;2688;5,18
212293;2686;5,13
212294;2689;5,21
212295;2689;5,21
212296;2693;5,31
212297;2690;5,23
212298;2695;5,36
212299;2691;5,26
212300;2689;5,21
212301;2701;5,51
212302;2699;5,46
212303;2696;5,38
212304;2688;5,18
212305;2688;5,18
212306;2693;5,31
212307;2693;5,31
212308;2703;5,56
212309;2698;5,44
212310;2690;5,23
212311;2697;5,41
212312;2693;5,31
212313;2694;5,33
212314;2690;5,23
212315;2704;5,59
212316;2704;5,59
212317;2704;5,59
212318;2704;5,59
212319;2699;5,46
212320;2698;5,44
212321;2701;5,51
212322;2699;5,46
212323;2703;5,56
212324;2702;5,54
212325;2703;5,56
212326;2708;5,69
212327;2701;5,51
212328;2701;5,51
212329;2699;5,46
212330;2702;5,54
212331;2696;5,38
212332;2702;5,54
212333;2704;5,59
212334;2699;5,46
212335;2695;5,36
212336;2699;5,46
212337;2701;5,51
212338;2703;5,56
212339;2701;5,51
212340;2699;5,46
212341;2693;5,31
212342;2691;5,26
212343;2704;5,59
212344;2694;5,33
212345;2695;5,36
212346;2692;5,28
212347;2695;5,36
212348;2698;5,44
212349;2694;5,33
212350;2694;5,33
212351;2689;5,21
212352;2694;5,33
212353;2695;5,36
212354;2693;5,31
212355;2698;5,44
212356;2688;5,18
212357;2690;5,23
212358;2704;5,59
212359;2695;5,36
212360;2694;5,33
212361;2702;5,54
212362;2703;5,56
212363;2699;5,46
212364;2694;5,33
212365;2704;5,59
212366;2693;5,31
212367;2701;5,51
212368;2694;5,33
212369;2703;5,56
212370;2704;5,59
212371;2702;5,54
212372;2696;5,38
212373;2699;5,46
212374;2701;5,51
212375;2695;5,36
212376;2693;5,31
212377;2704;5,59
212378;2704;5,59
212379;2695;5,36
212380;2697;5,41
212381;2697;5,41
212382;2692;5,28
212383;2704;5,59
212384;2691;5,26
212385;2689;5,21
212386;2702;5,54
212387;2693;5,31
212388;2689;5,21
212389;2688;5,18
212390;2688;5,18
212391;2691;5,26
212392;2689;5,21
212393;2691;5,26
212394;2687;5,16
212395;2688;5,18
212396;2687;5,16
212397;2690;5,23
212398;2687;5,16
212399;2688;5,18
212400;2688;5,18
212401;2698;5,44
212402;2691;5,26
212403;2691;5,26
212404;2688;5,18
212405;2701;5,51
212406;2689;5,21
212407;2692;5,28
212408;2690;5,23
212409;2690;5,23
212410;2689;5,21
212411;2695;5,36
212412;2699;5,46
212413;2694;5,33
212414;2692;5,28
212415;2691;5,26
212416;2698;5,44
212417;2693;5,31
212418;2693;5,31
212419;2692;5,28
212420;2703;5,56
212421;2694;5,33
212422;2691;5,26
212423;2695;5,36
212424;2699;5,46
212425;2702;5,54
212426;2701;5,51
212427;2700;5,49
212428;2704;5,59
212429;2704;5,59
212430;2694;5,33
212431;2694;5,33
212432;2703;5,56
212433;2704;5,59
212434;2695;5,36
212435;2689;5,21
212436;2701;5,51
212437;2688;5,18
212438;2693;5,31
212439;2688;5,18
212440;2693;5,31
212441;2686;5,13
212442;2680;4,98
212443;2688;5,18
212444;2691;5,26
212445;2698;5,44
212446;2687;5,16
212447;2689;5,21
212448;2686;5,13
212449;2698;5,44
212450;2694;5,33
212451;2693;5,31
212452;2692;5,28
212453;2688;5,18
212454;2693;5,31
212455;2686;5,13
212456;2685;5,11
212457;2687;5,16
212458;2690;5,23
212459;2698;5,44
212460;2672;4,78
212461;2718;5,94
212462;2691;5,26
212463;2672;4,78
212464;2685;5,11
212465;2686;5,13
212466;2685;5,11
212467;2678;4,93
212468;2690;5,23
212469;2690;5,23
212470;2681;5,01
212471;2696;5,38
212472;2689;5,21
212473;2685;5,11
212474;2690;5,23
212475;2695;5,36
212476;2690;5,23
212477;2682;5,03
212478;2689;5,21
212479;2689;5,21
212480;2692;5,28
212481;2694;5,33
212482;2700;5,49
212483;2685;5,11
212484;2707;5,66
212485;2703;5,56
212486;2691;5,26
212487;2711;5,76
212488;2702;5,54
212489;2709;5,71
212490;2699;5,46
212491;2704;5,59
212492;2704;5,59
212493;2703;5,56
212494;2701;5,51
212495;2705;5,61
212496;2704;5,59
212497;2705;5,61
212498;2704;5,59
212499;2713;5,81
212500;2711;5,76
212501;2705;5,61
212502;2709;5,71
212503;2715;5,87
212504;2723;6,07
212505;2709;5,71
212506;2714;5,84
212507;2709;5,71
212508;2703;5,56
212509;2714;5,84
212510;2713;5,81
212511;2706;5,64
212512;2700;5,49
212513;2704;5,59
212514;2703;5,56
212515;2704;5,59
212516;2704;5,59
212517;2703;5,56
212518;2697;5,41
212519;2692;5,28
212520;2702;5,54
212521;2695;5,36
212522;2693;5,31
212523;2698;5,44
212524;2690;5,23
212525;2697;5,41
212526;2689;5,21
212527;2697;5,41
212528;2689;5,21
212529;2688;5,18
212530;2691;5,26
212531;2695;5,36
212532;2688;5,18
212533;2688;5,18
212534;2691;5,26
212535;2695;5,36
212536;2688;5,18
212537;2695;5,36
212538;2703;5,56
212539;2703;5,56
212540;2695;5,36
212541;2697;5,41
212542;2695;5,36
212543;2707;5,66
212544;2701;5,51
212545;2693;5,31
212546;2700;5,49
212547;2704;5,59
212548;2704;5,59
212549;2704;5,59
212550;2703;5,56
212551;2704;5,59
212552;2704;5,59
212553;2701;5,51
212554;2704;5,59
212555;2703;5,56
212556;2703;5,56
212557;2701;5,51
212558;2705;5,61
212559;2697;5,41
212560;2702;5,54
212561;2707;5,66
212562;2695;5,36
212563;2691;5,26
212564;2700;5,49
212565;2707;5,66
212566;2697;5,41
212567;2690;5,23
212568;2701;5,51
212569;2697;5,41
212570;2702;5,54
212571;2699;5,46
212572;2703;5,56
212573;2701;5,51
212574;2698;5,44
212575;2700;5,49
212576;2693;5,31
212577;2694;5,33
212578;2705;5,61
212579;2701;5,51
212580;2704;5,59
212581;2700;5,49
212582;2701;5,51
212583;2704;5,59
212584;2707;5,66
212585;2711;5,76
212586;2707;5,66
212587;2706;5,64
212588;2710;5,74
212589;2710;5,74
212590;2704;5,59
212591;2717;5,92
212592;2715;5,87
212593;2721;6,02
212594;2717;5,92
212595;2706;5,64
212596;2720;5,99
212597;2715;5,87
212598;2710;5,74
212599;2719;5,97
212600;2731;6,27
212601;2713;5,81
212602;2711;5,76
212603;2719;5,97
212604;2720;5,99
212605;2714;5,84
212606;2714;5,84
212607;2713;5,81
212608;2717;5,92
212609;2707;5,66
212610;2709;5,71
212611;2704;5,59
212612;2705;5,61
212613;2709;5,71
212614;2703;5,56
212615;2701;5,51
212616;2703;5,56
212617;2704;5,59
212618;2704;5,59
212619;2704;5,59
212620;2704;5,59
212621;2704;5,59
212622;2695;5,36
212623;2704;5,59
212624;2699;5,46
212625;2705;5,61
212626;2701;5,51
212627;2695;5,36
212628;2704;5,59
212629;2699;5,46
212630;2699;5,46
212631;2699;5,46
212632;2699;5,46
212633;2702;5,54
212634;2701;5,51
212635;2698;5,44
212636;2701;5,51
212637;2699;5,46
212638;2699;5,46
212639;2694;5,33
212640;2709;5,71
212641;2705;5,61
212642;2704;5,59
212643;2704;5,59
212644;2705;5,61
212645;2713;5,81
212646;2709;5,71
212647;2705;5,61
212648;2704;5,59
212649;2710;5,74
212650;2710;5,74
212651;2698;5,44
212652;2691;5,26
212653;2701;5,51
212654;2713;5,81
212655;2718;5,94
212656;2708;5,69
212657;2704;5,59
212658;2698;5,44
212659;2703;5,56
212660;2717;5,92
212661;2709;5,71
212662;2711;5,76
212663;2715;5,87
212664;2717;5,92
212665;2707;5,66
212666;2713;5,81
212667;2732;6,30
212668;2718;5,94
212669;2709;5,71
212670;2709;5,71
212671;2718;5,94
212672;2719;5,97
212673;2714;5,84
212674;2706;5,64
212675;2704;5,59
212676;2705;5,61
212677;2706;5,64
212678;2710;5,74
212679;2720;5,99
212680;2703;5,56
212681;2706;5,64
212682;2699;5,46
212683;2704;5,59
212684;2703;5,56
212685;2699;5,46
212686;2703;5,56
212687;2704;5,59
212688;2707;5,66
212689;2700;5,49
212690;2702;5,54
212691;2701;5,51
212692;2705;5,61
212693;2706;5,64
212694;2710;5,74
212695;2705;5,61
212696;2704;5,59
212697;2704;5,59
212698;2704;5,59
212699;2704;5,59
212700;2704;5,59
212701;2709;5,71
212702;2702;5,54
212703;2706;5,64
212704;2707;5,66
212705;2704;5,59
212706;2704;5,59
212707;2704;5,59
212708;2706;5,64
212709;2704;5,59
212710;2708;5,69
212711;2721;6,02
212712;2717;5,92
212713;2713;5,81
212714;2709;5,71
212715;2707;5,66
212716;2709;5,71
212717;2715;5,87
212718;2715;5,87
212719;2709;5,71
212720;2706;5,64
212721;2709;5,71
212722;2717;5,92
212723;2715;5,87
212724;2707;5,66
212725;2702;5,54
212726;2704;5,59
212727;2701;5,51
212728;2706;5,64
212729;2704;5,59
212730;2704;5,59
212731;2698;5,44
212732;2699;5,46
212733;2701;5,51
212734;2695;5,36
212735;2699;5,46
212736;2702;5,54
212737;2691;5,26
212738;2695;5,36
212739;2697;5,41
212740;2692;5,28
212741;2695;5,36
212742;2695;5,36
212743;2689;5,21
212744;2697;5,41
212745;2698;5,44
212746;2695;5,36
212747;2698;5,44
212748;2703;5,56
212749;2694;5,33
212750;2694;5,33
212751;2689;5,21
212752;2694;5,33
212753;2694;5,33
212754;2693;5,31
212755;2691;5,26
212756;2698;5,44
212757;2699;5,46
212758;2704;5,59
212759;2704;5,59
212760;2699;5,46
212761;2706;5,64
212762;2701;5,51
212763;2704;5,59
212764;2704;5,59
212765;2704;5,59
212766;2707;5,66
212767;2710;5,74
212768;2705;5,61
212769;2705;5,61
212770;2714;5,84
212771;2710;5,74
212772;2710;5,74
212773;2711;5,76
212774;2706;5,64
212775;2709;5,71
212776;2715;5,87
212777;2720;5,99
212778;2709;5,71
212779;2718;5,94
212780;2708;5,69
212781;2708;5,69
212782;2719;5,97
212783;2714;5,84
212784;2717;5,92
212785;2711;5,76
212786;2710;5,74
212787;2706;5,64
212788;2713;5,81
212789;2709;5,71
212790;2706;5,64
212791;2707;5,66
212792;2707;5,66
212793;2699;5,46
212794;2700;5,49
212795;2724;6,09
212796;2690;5,23
212797;2691;5,26
212798;2693;5,31
212799;2693;5,31
212800;2685;5,11
212801;2701;5,51
212802;2693;5,31
212803;2687;5,16
212804;2690;5,23
212805;2686;5,13
212806;2689;5,21
212807;2686;5,13
212808;2679;4,95
212809;2688;5,18
212810;2677;4,90
212811;2688;5,18
212812;2673;4,80
212813;2682;5,03
212814;2681;5,01
212815;2687;5,16
212816;2693;5,31
212817;2682;5,03
212818;2687;5,16
212819;2679;4,95
212820;2685;5,11
212821;2686;5,13
212822;2686;5,13
212823;2684;5,08
212824;2678;4,93
212825;2689;5,21
212826;2688;5,18
212827;2683;5,06
212828;2702;5,54
212829;2695;5,36
212830;2698;5,44
212831;2704;5,59
212832;2695;5,36
212833;2703;5,56
212834;2697;5,41
212835;2709;5,71
212836;2711;5,76
212837;2711;5,76
212838;2711;5,76
212839;2713;5,81
212840;2717;5,92
212841;2716;5,89
212842;2714;5,84
212843;2717;5,92
212844;2715;5,87
212845;2723;6,07
212846;2731;6,27
212847;2715;5,87
212848;2729;6,22
212849;2727;6,17
212850;2727;6,17
212851;2723;6,07
212852;2725;6,12
212853;2720;5,99
212854;2727;6,17
212855;2735;6,37
212856;2719;5,97
212857;2742;6,55
212858;2721;6,02
212859;2726;6,14
212860;2717;5,92
212861;2717;5,92
212862;2723;6,07
212863;2715;5,87
212864;2729;6,22
212865;2706;5,64
212866;2711;5,76
212867;2705;5,61
212868;2704;5,59
212869;2704;5,59
212870;2703;5,56
212871;2699;5,46
212872;2695;5,36
212873;2701;5,51
212874;2693;5,31
212875;2690;5,23
212876;2698;5,44
212877;2694;5,33
212878;2691;5,26
212879;2691;5,26
212880;2701;5,51
212881;2682;5,03
212882;2688;5,18
212883;2683;5,06
212884;2693;5,31
212885;2699;5,46
212886;2687;5,16
212887;2694;5,33
212888;2685;5,11
212889;2690;5,23
212890;2688;5,18
212891;2693;5,31
212892;2698;5,44
212893;2694;5,33
212894;2701;5,51
212895;2701;5,51
212896;2699;5,46
212897;2704;5,59
212898;2704;5,59
212899;2703;5,56
212900;2704;5,59
212901;2704;5,59
212902;2704;5,59
212903;2704;5,59
212904;2713;5,81
212905;2725;6,12
212906;2710;5,74
212907;2718;5,94
212908;2715;5,87
212909;2722;6,04
212910;2707;5,66
212911;2736;6,40
212912;2717;5,92
212913;2714;5,84
212914;2722;6,04
212915;2722;6,04
212916;2736;6,40
212917;2730;6,24
212918;2725;6,12
212919;2721;6,02
212920;2719;5,97
212921;2720;5,99
212922;2715;5,87
212923;2736;6,40
212924;2727;6,17
212925;2715;5,87
212926;2715;5,87
212927;2708;5,69
212928;2705;5,61
212929;2711;5,76
212930;2704;5,59
212931;2709;5,71
212932;2703;5,56
212933;2715;5,87
212934;2704;5,59
212935;2703;5,56
212936;2706;5,64
212937;2700;5,49
212938;2695;5,36
212939;2695;5,36
212940;2693;5,31
212941;2698;5,44
212942;2701;5,51
212943;2693;5,31
212944;2683;5,06
212945;2687;5,16
212946;2689;5,21
212947;2689;5,21
212948;2692;5,28
212949;2690;5,23
212950;2688;5,18
212951;2684;5,08
212952;2694;5,33
212953;2699;5,46
212954;2681;5,01
212955;2691;5,26
212956;2694;5,33
212957;2690;5,23
212958;2690;5,23
212959;2692;5,28
212960;2702;5,54
212961;2701;5,51
212962;2691;5,26
212963;2695;5,36
212964;2690;5,23
212965;2704;5,59
212966;2699;5,46
212967;2715;5,87
212968;2695;5,36
212969;2713;5,81
212970;2714;5,84
212971;2704;5,59
212972;2707;5,66
212973;2711;5,76
212974;2716;5,89
212975;2717;5,92
212976;2715;5,87
212977;2717;5,92
212978;2711;5,76
212979;2726;6,14
212980;2715;5,87
212981;2722;6,04
212982;2718;5,94
212983;2715;5,87
212984;2715;5,87
212985;2707;5,66
212986;2715;5,87
212987;2710;5,74
212988;2707;5,66
212989;2703;5,56
212990;2708;5,69
212991;2713;5,81
212992;2701;5,51
212993;2705;5,61
212994;2707;5,66
212995;2701;5,51
212996;2715;5,87
212997;2698;5,44
212998;2706;5,64
212999;2716;5,89
213000;2703;5,56
213001;2699;5,46
213002;2699;5,46
213003;2703;5,56
213004;2693;5,31
213005;2701;5,51
213006;2704;5,59
213007;2703;5,56
213008;2708;5,69
213009;2702;5,54
213010;2704;5,59
213011;2703;5,56
213012;2702;5,54
213013;2705;5,61
213014;2703;5,56
213015;2714;5,84
213016;2720;5,99
213017;2711;5,76
213018;2717;5,92
213019;2713;5,81
213020;2732;6,30
213021;2723;6,07
213022;2715;5,87
213023;2730;6,24
213024;2721;6,02
213025;2726;6,14
213026;2720;5,99
213027;2723;6,07
213028;2718;5,94
213029;2730;6,24
213030;2725;6,12
213031;2722;6,04
213032;2718;5,94
213033;2721;6,02
213034;2727;6,17
213035;2725;6,12
213036;2726;6,14
213037;2727;6,17
213038;2722;6,04
213039;2712;5,79
213040;2719;5,97
213041;2718;5,94
213042;2715;5,87
213043;2707;5,66
213044;2720;5,99
213045;2718;5,94
213046;2707;5,66
213047;2711;5,76
213048;2705;5,61
213049;2705;5,61
213050;2721;6,02
213051;2705;5,61
213052;2706;5,64
213053;2704;5,59
213054;2701;5,51
213055;2707;5,66
213056;2694;5,33
213057;2694;5,33
213058;2704;5,59
213059;2705;5,61
213060;2694;5,33
213061;2703;5,56
213062;2701;5,51
213063;2704;5,59
213064;2702;5,54
213065;2688;5,18
213066;2691;5,26
213067;2688;5,18
213068;2689;5,21
213069;2695;5,36
213070;2695;5,36
213071;2703;5,56
213072;2692;5,28
213073;2694;5,33
213074;2690;5,23
213075;2697;5,41
213076;2704;5,59
213077;2697;5,41
213078;2697;5,41
213079;2705;5,61
213080;2702;5,54
213081;2704;5,59
213082;2709;5,71
213083;2704;5,59
213084;2718;5,94
213085;2717;5,92
213086;2721;6,02
213087;2721;6,02
213088;2722;6,04
213089;2718;5,94
213090;2731;6,27
213091;2733;6,32
213092;2736;6,40
213093;2736;6,40
213094;2733;6,32
213095;2730;6,24
213096;2749;6,73
213097;2743;6,57
213098;2745;6,62
213099;2749;6,73
213100;2746;6,65
213101;2739;6,47
213102;2741;6,52
213103;2739;6,47
213104;2748;6,70
213105;2736;6,40
213106;2737;6,42
213107;2736;6,40
213108;2736;6,40
213109;2736;6,40
213110;2726;6,14
213111;2729;6,22
213112;2733;6,32
213113;2728;6,19
213114;2730;6,24
213115;2723;6,07
213116;2723;6,07
213117;2730;6,24
213118;2727;6,17
213119;2710;5,74
213120;2720;5,99
213121;2706;5,64
213122;2711;5,76
213123;2705;5,61
213124;2703;5,56
213125;2706;5,64
213126;2711;5,76
213127;2705;5,61
213128;2707;5,66
213129;2698;5,44
213130;2706;5,64
213131;2703;5,56
213132;2709;5,71
213133;2707;5,66
213134;2706;5,64
213135;2709;5,71
213136;2717;5,92
213137;2708;5,69
213138;2707;5,66
213139;2716;5,89
213140;2707;5,66
213141;2715;5,87
213142;2720;5,99
213143;2715;5,87
213144;2730;6,24
213145;2721;6,02
213146;2722;6,04
213147;2723;6,07
213148;2725;6,12
213149;2727;6,17
213150;2736;6,40
213151;2729;6,22
213152;2752;6,80
213153;2736;6,40
213154;2742;6,55
213155;2742;6,55
213156;2739;6,47
213157;2742;6,55
213158;2749;6,73
213159;2751;6,78
213160;2742;6,55
213161;2738;6,45
213162;2741;6,52
213163;2735;6,37
213164;2731;6,27
213165;2725;6,12
213166;2738;6,45
213167;2727;6,17
213168;2738;6,45
213169;2721;6,02
213170;2732;6,30
213171;2715;5,87
213172;2745;6,62
213173;2710;5,74
213174;2715;5,87
213175;2714;5,84
213176;2710;5,74
213177;2709;5,71
213178;2736;6,40
213179;2706;5,64
213180;2705;5,61
213181;2704;5,59
213182;2704;5,59
213183;2703;5,56
213184;2729;6,22
213185;2704;5,59
213186;2703;5,56
213187;2698;5,44
213188;2707;5,66
213189;2701;5,51
213190;2702;5,54
213191;2711;5,76
213192;2719;5,97
213193;2709;5,71
213194;2711;5,76
213195;2703;5,56
213196;2723;6,07
213197;2710;5,74
213198;2736;6,40
213199;2706;5,64
213200;2735;6,37
213201;2721;6,02
213202;2736;6,40
213203;2710;5,74
213204;2731;6,27
213205;2715;5,87
213206;2735;6,37
213207;2725;6,12
213208;2752;6,80
213209;2733;6,32
213210;2749;6,73
213211;2741;6,52
213212;2758;6,95
213213;2733;6,32
213214;2755;6,88
213215;2733;6,32
213216;2736;6,40
213217;2730;6,24
213218;2762;7,05
213219;2733;6,32
213220;2743;6,57
213221;2727;6,17
213222;2745;6,62
213223;2730;6,24
213224;2763;7,08
213225;2736;6,40
213226;2742;6,55
213227;2738;6,45
213228;2755;6,88
213229;2731;6,27
213230;2743;6,57
213231;2743;6,57
213232;2737;6,42
213233;2733;6,32
213234;2752;6,80
213235;2721;6,02
213236;2734;6,35
213237;2727;6,17
213238;2751;6,78
213239;2727;6,17
213240;2730;6,24
213241;2722;6,04
213242;2736;6,40
213243;2715;5,87
213244;2738;6,45
213245;2716;5,89
213246;2733;6,32
213247;2718;5,94
213248;2738;6,45
213249;2727;6,17
213250;2720;5,99
213251;2717;5,92
213252;2722;6,04
213253;2710;5,74
213254;2727;6,17
213255;2707;5,66
213256;2742;6,55
213257;2721;6,02
213258;2724;6,09
213259;2721;6,02
213260;2736;6,40
213261;2713;5,81
213262;2736;6,40
213263;2719;5,97
213264;2723;6,07
213265;2717;5,92
213266;2758;6,95
213267;2721;6,02
213268;2718;5,94
213269;2707;5,66
213270;2723;6,07
213271;2725;6,12
213272;2733;6,32
213273;2708;5,69
213274;2771;7,28
213275;2718;5,94
213276;2723;6,07
213277;2722;6,04
213278;2731;6,27
213279;2720;5,99
213280;2758;6,95
213281;2731;6,27
213282;2756;6,90
213283;2710;5,74
213284;2739;6,47
213285;2722;6,04
213286;2737;6,42
213287;2715;5,87
213288;2735;6,37
213289;2733;6,32
213290;2743;6,57
213291;2723;6,07
213292;2762;7,05
213293;2721;6,02
213294;2768;7,21
213295;2730;6,24
213296;2730;6,24
213297;2725;6,12
213298;2767;7,18
213299;2721;6,02
213300;2736;6,40
213301;2716;5,89
213302;2761;7,03
213303;2723;6,07
213304;2763;7,08
213305;2717;5,92
213306;2765;7,13
213307;2707;5,66
213308;2731;6,27
213309;2711;5,76
213310;2707;5,66
213311;2709;5,71
213312;2726;6,14
213313;2718;5,94
213314;2758;6,95
213315;2711;5,76
213316;2756;6,90
213317;2704;5,59
213318;2729;6,22
213319;2717;5,92
213320;2717;5,92
213321;2710;5,74
213322;2757;6,93
213323;2719;5,97
213324;2761;7,03
213325;2716;5,89
213326;2755;6,88
213327;2707;5,66
213328;2736;6,40
213329;2711;5,76
213330;2725;6,12
213331;2713;5,81
213332;2783;7,59
213333;2706;5,64
213334;2759;6,98
213335;2709;5,71
213336;2735;6,37
213337;2705;5,61
213338;2720;5,99
213339;2703;5,56
213340;2746;6,65
213341;2705;5,61
213342;2733;6,32
213343;2707;5,66
213344;2764;7,11
213345;2705;5,61
213346;2721;6,02
213347;2717;5,92
213348;2752;6,80
213349;2721;6,02
213350;2740;6,50
213351;2710;5,74
213352;2715;5,87
213353;2713;5,81
213354;2721;6,02
213355;2706;5,64
213356;2719;5,97
213357;2708;5,69
213358;2736;6,40
213359;2715;5,87
213360;2757;6,93
213361;2706;5,64
213362;2753;6,83
213363;2711;5,76
213364;2721;6,02
213365;2709;5,71
213366;2755;6,88
213367;2704;5,59
213368;2735;6,37
213369;2704;5,59
213370;2731;6,27
213371;2710;5,74
213372;2745;6,62
213373;2717;5,92
213374;2748;6,70
213375;2713;5,81
213376;2721;6,02
213377;2721;6,02
213378;2765;7,13
213379;2725;6,12
213380;2761;7,03
213381;2717;5,92
213382;2753;6,83
213383;2731;6,27
213384;2743;6,57
213385;2720;5,99
213386;2757;6,93
213387;2708;5,69
213388;2768;7,21
213389;2719;5,97
213390;2726;6,14
213391;2721;6,02
213392;2768;7,21
213393;2722;6,04
213394;2747;6,68
213395;2715;5,87
213396;2718;5,94
213397;2708;5,69
213398;2727;6,17
213399;2712;5,79
213400;2727;6,17
213401;2718;5,94
213402;2733;6,32
213403;2719;5,97
213404;2755;6,88
213405;2712;5,79
213406;2758;6,95
213407;2709;5,71
213408;2719;5,97
213409;2704;5,59
213410;2727;6,17
213411;2716;5,89
213412;2768;7,21
213413;2711;5,76
213414;2753;6,83
213415;2711;5,76
213416;2739;6,47
213417;2703;5,56
213418;2754;6,85
213419;2714;5,84
213420;2745;6,62
213421;2722;6,04
213422;2752;6,80
213423;2720;5,99
213424;2741;6,52
213425;2717;5,92
213426;2724;6,09
213427;2709;5,71
213428;2736;6,40
213429;2721;6,02
213430;2752;6,80
213431;2722;6,04
213432;2759;6,98
213433;2718;5,94
213434;2774;7,36
213435;2715;5,87
213436;2736;6,40
213437;2721;6,02
213438;2767;7,18
213439;2733;6,32
213440;2768;7,21
213441;2735;6,37
213442;2765;7,13
213443;2724;6,09
213444;2768;7,21
213445;2727;6,17
213446;2736;6,40
213447;2720;5,99
213448;2785;7,64
213449;2725;6,12
213450;2775;7,38
213451;2711;5,76
213452;2741;6,52
213453;2715;5,87
213454;2742;6,55
213455;2715;5,87
213456;2736;6,40
213457;2713;5,81
213458;2778;7,46
213459;2722;6,04
213460;2732;6,30
213461;2726;6,14
213462;2752;6,80
213463;2709;5,71
213464;2746;6,65
213465;2717;5,92
213466;2745;6,62
213467;2711;5,76
213468;2731;6,27
213469;2707;5,66
213470;2768;7,21
213471;2704;5,59
213472;2735;6,37
213473;2715;5,87
213474;2739;6,47
213475;2705;5,61
213476;2763;7,08
213477;2713;5,81
213478;2737;6,42
213479;2706;5,64
213480;2768;7,21
213481;2724;6,09
213482;2766;7,16
213483;2709;5,71
213484;2738;6,45
213485;2715;5,87
213486;2730;6,24
213487;2719;5,97
213488;2762;7,05
213489;2725;6,12
213490;2722;6,04
213491;2711;5,76
213492;2751;6,78
213493;2714;5,84
213494;2741;6,52
213495;2711;5,76
213496;2730;6,24
213497;2707;5,66
213498;2753;6,83
213499;2711;5,76
213500;2736;6,40
213501;2709;5,71
213502;2782;7,56
213503;2713;5,81
213504;2755;6,88
213505;2707;5,66
213506;2727;6,17
213507;2704;5,59
213508;2719;5,97
213509;2725;6,12
213510;2720;5,99
213511;2719;5,97
213512;2732;6,30
213513;2719;5,97
213514;2714;5,84
213515;2707;5,66
213516;2765;7,13
213517;2704;5,59
213518;2767;7,18
213519;2707;5,66
213520;2735;6,37
213521;2699;5,46
213522;2753;6,83
213523;2697;5,41
213524;2757;6,93
213525;2704;5,59
213526;2749;6,73
213527;2704;5,59
213528;2720;5,99
213529;2704;5,59
213530;2752;6,80
213531;2711;5,76
213532;2741;6,52
213533;2707;5,66
213534;2729;6,22
213535;2702;5,54
213536;2720;5,99
213537;2703;5,56
213538;2746;6,65
213539;2709;5,71
213540;2727;6,17
213541;2701;5,51
213542;2713;5,81
213543;2704;5,59
213544;2723;6,07
213545;2704;5,59
213546;2742;6,55
213547;2709;5,71
213548;2757;6,93
213549;2707;5,66
213550;2751;6,78
213551;2711;5,76
213552;2750;6,75
213553;2709;5,71
213554;2718;5,94
213555;2717;5,92
213556;2711;5,76
213557;2711;5,76
213558;2766;7,16
213559;2704;5,59
213560;2727;6,17
213561;2710;5,74
213562;2742;6,55
213563;2707;5,66
213564;2729;6,22
213565;2714;5,84
213566;2755;6,88
213567;2709;5,71
213568;2765;7,13
213569;2705;5,61
213570;2734;6,35
213571;2717;5,92
213572;2749;6,73
213573;2711;5,76
213574;2751;6,78
213575;2709;5,71
213576;2726;6,14
213577;2710;5,74
213578;2758;6,95
213579;2709;5,71
213580;2726;6,14
213581;2719;5,97
213582;2754;6,85
213583;2709;5,71
213584;2718;5,94
213585;2713;5,81
213586;2721;6,02
213587;2721;6,02
213588;2739;6,47
213589;2711;5,76
213590;2734;6,35
213591;2704;5,59
213592;2721;6,02
213593;2707;5,66
213594;2778;7,46
213595;2709;5,71
213596;2768;7,21
213597;2709;5,71
213598;2745;6,62
213599;2713;5,81
213600;2723;6,07
213601;2708;5,69
213602;2721;6,02
213603;2702;5,54
213604;2752;6,80
213605;2718;5,94
213606;2720;5,99
213607;2704;5,59
213608;2713;5,81
213609;2715;5,87
213610;2719;5,97
213611;2708;5,69
213612;2722;6,04
213613;2709;5,71
213614;2765;7,13
213615;2706;5,64
213616;2717;5,92
213617;2717;5,92
213618;2759;6,98
213619;2718;5,94
213620;2735;6,37
213621;2711;5,76
213622;2770;7,26
213623;2705;5,61
213624;2745;6,62
213625;2710;5,74
213626;2752;6,80
213627;2710;5,74
213628;2735;6,37
213629;2713;5,81
213630;2742;6,55
213631;2722;6,04
213632;2758;6,95
213633;2719;5,97
213634;2709;5,71
213635;2711;5,76
213636;2753;6,83
213637;2716;5,89
213638;2768;7,21
213639;2709;5,71
213640;2750;6,75
213641;2714;5,84
213642;2757;6,93
213643;2706;5,64
213644;2718;5,94
213645;2705;5,61
213646;2720;5,99
213647;2714;5,84
213648;2714;5,84
213649;2711;5,76
213650;2732;6,30
213651;2707;5,66
213652;2755;6,88
213653;2704;5,59
213654;2717;5,92
213655;2705;5,61
213656;2731;6,27
213657;2707;5,66
213658;2723;6,07
213659;2705;5,61
213660;2743;6,57
213661;2706;5,64
213662;2714;5,84
213663;2714;5,84
213664;2715;5,87
213665;2706;5,64
213666;2736;6,40
213667;2704;5,59
213668;2737;6,42
213669;2721;6,02
213670;2749;6,73
213671;2707;5,66
213672;2752;6,80
213673;2708;5,69
213674;2702;5,54
213675;2721;6,02
213676;2725;6,12
213677;2705;5,61
213678;2708;5,69
213679;2720;5,99
213680;2769;7,23
213681;2711;5,76
213682;2750;6,75
213683;2711;5,76
213684;2726;6,14
213685;2718;5,94
213686;2751;6,78
213687;2707;5,66
213688;2733;6,32
213689;2707;5,66
213690;2736;6,40
213691;2715;5,87
213692;2731;6,27
213693;2710;5,74
213694;2723;6,07
213695;2713;5,81
213696;2762;7,05
213697;2704;5,59
213698;2752;6,80
213699;2720;5,99
213700;2749;6,73
213701;2724;6,09
213702;2739;6,47
213703;2714;5,84
213704;2752;6,80
213705;2717;5,92
213706;2734;6,35
213707;2720;5,99
213708;2756;6,90
213709;2711;5,76
213710;2762;7,05
213711;2714;5,84
213712;2730;6,24
213713;2716;5,89
213714;2741;6,52
213715;2709;5,71
213716;2775;7,38
213717;2719;5,97
213718;2746;6,65
213719;2715;5,87
213720;2731;6,27
213721;2713;5,81
213722;2767;7,18
213723;2721;6,02
213724;2737;6,42
213725;2725;6,12
213726;2769;7,23
213727;2721;6,02
213728;2707;5,66
213729;2715;5,87
213730;2739;6,47
213731;2725;6,12
213732;2753;6,83
213733;2714;5,84
213734;2741;6,52
213735;2715;5,87
213736;2746;6,65
213737;2720;5,99
213738;2743;6,57
213739;2720;5,99
213740;2733;6,32
213741;2723;6,07
213742;2752;6,80
213743;2724;6,09
213744;2762;7,05
213745;2715;5,87
213746;2763;7,08
213747;2729;6,22
213748;2766;7,16
213749;2720;5,99
213750;2734;6,35
213751;2721;6,02
213752;2750;6,75
213753;2731;6,27
213754;2777;7,43
213755;2727;6,17
213756;2767;7,18
213757;2730;6,24
213758;2737;6,42
213759;2724;6,09
213760;2773;7,33
213761;2727;6,17
213762;2785;7,64
213763;2722;6,04
213764;2758;6,95
213765;2717;5,92
213766;2767;7,18
213767;2724;6,09
213768;2759;6,98
213769;2722;6,04
213770;2778;7,46
213771;2731;6,27
213772;2756;6,90
213773;2735;6,37
213774;2738;6,45
213775;2723;6,07
213776;2771;7,28
213777;2727;6,17
213778;2741;6,52
213779;2726;6,14
213780;2768;7,21
213781;2730;6,24
213782;2757;6,93
213783;2729;6,22
213784;2739;6,47
213785;2726;6,14
213786;2761;7,03
213787;2733;6,32
213788;2738;6,45
213789;2741;6,52
213790;2758;6,95
213791;2733;6,32
213792;2761;7,03
213793;2733;6,32
213794;2753;6,83
213795;2724;6,09
213796;2769;7,23
213797;2727;6,17
213798;2743;6,57
213799;2730;6,24
213800;2789;7,74
213801;2739;6,47
213802;2750;6,75
213803;2736;6,40
213804;2770;7,26
213805;2738;6,45
213806;2777;7,43
213807;2733;6,32
213808;2749;6,73
213809;2726;6,14
213810;2795;7,89
213811;2724;6,09
213812;2774;7,36
213813;2732;6,30
213814;2778;7,46
213815;2734;6,35
213816;2740;6,50
213817;2735;6,37
213818;2731;6,27
213819;2736;6,40
213820;2763;7,08
213821;2729;6,22
213822;2768;7,21
213823;2746;6,65
213824;2752;6,80
213825;2735;6,37
213826;2758;6,95
213827;2739;6,47
213828;2758;6,95
213829;2738;6,45
213830;2774;7,36
213831;2750;6,75
213832;2800;8,02
213833;2739;6,47
213834;2780;7,51
213835;2738;6,45
213836;2786;7,66
213837;2742;6,55
213838;2757;6,93
213839;2748;6,70
213840;2799;7,99
213841;2743;6,57
213842;2753;6,83
213843;2743;6,57
213844;2754;6,85
213845;2768;7,21
213846;2767;7,18
213847;2755;6,88
213848;2783;7,59
213849;2747;6,68
213850;2786;7,66
213851;2747;6,68
213852;2799;7,99
213853;2751;6,78
213854;2773;7,33
213855;2761;7,03
213856;2766;7,16
213857;2739;6,47
213858;2802;8,07
213859;2755;6,88
213860;2781;7,54
213861;2756;6,90
213862;2759;6,98
213863;2756;6,90
213864;2808;8,22
213865;2753;6,83
213866;2775;7,38
213867;2754;6,85
213868;2789;7,74
213869;2766;7,16
213870;2774;7,36
213871;2762;7,05
213872;2807;8,19
213873;2753;6,83
213874;2766;7,16
213875;2759;6,98
213876;2803;8,09
213877;2768;7,21
213878;2774;7,36
213879;2761;7,03
213880;2773;7,33
213881;2753;6,83
213882;2783;7,59
213883;2765;7,13
213884;2800;8,02
213885;2755;6,88
213886;2810;8,27
213887;2765;7,13
213888;2775;7,38
213889;2759;6,98
213890;2807;8,19
213891;2757;6,93
213892;2783;7,59
213893;2769;7,23
213894;2830;8,78
213895;2767;7,18
213896;2821;8,55
213897;2768;7,21
213898;2814;8,37
213899;2768;7,21
213900;2803;8,09
213901;2768;7,21
213902;2781;7,54
213903;2780;7,51
213904;2812;8,32
213905;2768;7,21
213906;2827;8,70
213907;2782;7,56
213908;2835;8,90
213909;2773;7,33
213910;2800;8,02
213911;2778;7,46
213912;2800;8,02
213913;2789;7,74
213914;2809;8,24
213915;2782;7,56
213916;2817;8,45
213917;2784;7,61
213918;2785;7,64
213919;2783;7,59
213920;2802;8,07
213921;2790;7,76
213922;2832;8,83
213923;2786;7,66
213924;2815;8,40
213925;2790;7,76
213926;2832;8,83
213927;2797;7,94
213928;2821;8,55
213929;2798;7,97
213930;2811;8,29
213931;2799;7,99
213932;2839;9,00
213933;2800;8,02
213934;2853;9,36
213935;2811;8,29
213936;2832;8,83
213937;2811;8,29
213938;2860;9,53
213939;2816;8,42
213940;2832;8,83
213941;2812;8,32
213942;2843;9,10
213943;2821;8,55
213944;2828;8,72
213945;2821;8,55
213946;2877;9,96
213947;2826;8,67
213948;2842;9,08
213949;2832;8,83
213950;2848;9,23
213951;2832;8,83
213952;2871;9,81
213953;2832;8,83
213954;2866;9,69
213955;2835;8,90
213956;2846;9,18
213957;2835;8,90
213958;2858;9,48
213959;2843;9,10
213960;2883;10,12
213961;2842;9,08
213962;2853;9,36
213963;2842;9,08
213964;2893;10,37
213965;2855;9,41
213966;2882;10,09
213967;2846;9,18
213968;2897;10,47
213969;2849;9,26
213970;2868;9,74
213971;2855;9,41
213972;2871;9,81
213973;2857;9,46
213974;2898;10,50
213975;2862;9,59
213976;2890;10,29
213977;2859;9,51
213978;2891;10,32
213979;2855;9,41
213980;2863;9,61
213981;2865;9,66
213982;2916;10,95
213983;2864;9,64
213984;2883;10,12
213985;2867;9,71
213986;2909;10,77
213987;2864;9,64
213988;2882;10,09
213989;2879;10,02
213990;2897;10,47
213991;2865;9,66
213992;2896;10,45
213993;2873;9,86
213994;2891;10,32
213995;2878;9,99
213996;2896;10,45
213997;2879;10,02
213998;2897;10,47
213999;2881;10,07
214000;2915;10,93
214001;2887;10,22
214002;2940;11,56
214003;2883;10,12
214004;2913;10,88
214005;2885;10,17
214006;2906;10,70
214007;2891;10,32
214008;2942;11,61
214009;2896;10,45
214010;2918;11,00
214011;2907;10,72
214012;2891;10,32
214013;2894;10,39
214014;2911;10,82
214015;2898;10,50
214016;2907;10,72
214017;2901;10,57
214018;2938;11,51
214019;2905;10,67
214020;2939;11,53
214021;2905;10,67
214022;2932;11,36
214023;2901;10,57
214024;2896;10,45
214025;2899;10,52
214026;2928;11,26
214027;2902;10,60
214028;2950;11,81
214029;2903;10,62
214030;2960;12,06
214031;2902;10,60
214032;2940;11,56
214033;2901;10,57
214034;2934;11,41
214035;2906;10,70
214036;2921;11,08
214037;2907;10,72
214038;2928;11,26
214039;2905;10,67
214040;2957;11,99
214041;2901;10,57
214042;2939;11,53
214043;2910;10,80
214044;2899;10,52
214045;2911;10,82
214046;2922;11,10
214047;2913;10,88
214048;2923;11,13
214049;2907;10,72
214050;2940;11,56
214051;2925;11,18
214052;2947;11,74
214053;2914;10,90
214054;2943;11,63
214055;2918;11,00
214056;2929;11,28
214057;2919;11,03
214058;2936;11,46
214059;2935;11,43
214060;2928;11,26
214061;2930;11,31
214062;2955;11,94
214063;2925;11,18
214064;2967;12,24
214065;2927;11,23
214066;2959;12,04
214067;2933;11,38
214068;2950;11,81
214069;2938;11,51
214070;2939;11,53
214071;2942;11,61
214072;2956;11,96
214073;2938;11,51
214074;2960;12,06
214075;2945;11,69
214076;2959;12,04
214077;2931;11,33
214078;2951;11,84
214079;2929;11,28
214080;2952;11,86
214081;2928;11,26
214082;2952;11,86
214083;2928;11,26
214084;2967;12,24
214085;2928;11,26
214086;2962;12,12
214087;2919;11,03
214088;2948;11,76
214089;2919;11,03
214090;2938;11,51
214091;2913;10,88
214092;2919;11,03
214093;2907;10,72
214094;2898;10,50
214095;2918;11,00
214096;2937;11,48
214097;2898;10,50
214098;2914;10,90
214099;2897;10,47
214100;2913;10,88
214101;2903;10,62
214102;2907;10,72
214103;2910;10,80
214104;2928;11,26
214105;2901;10,57
214106;2906;10,70
214107;2889;10,27
214108;2939;11,53
214109;2908;10,75
214110;2945;11,69
214111;2911;10,82
214112;2912;10,85
214113;2913;10,88
214114;2951;11,84
214115;2917;10,98
214116;2928;11,26
214117;2902;10,60
214118;2928;11,26
214119;2909;10,77
214120;2951;11,84
214121;2919;11,03
214122;2969;12,29
214123;2924;11,15
214124;2944;11,66
214125;2928;11,26
214126;2965;12,19
214127;2929;11,28
214128;2960;12,06
214129;2935;11,43
214130;2967;12,24
214131;2930;11,31
214132;2946;11,71
214133;2928;11,26
214134;2939;11,53
214135;2931;11,33
214136;2939;11,53
214137;2928;11,26
214138;2992;12,87
214139;2941;11,58
214140;2970;12,32
214141;2927;11,23
214142;2951;11,84
214143;2934;11,41
214144;2977;12,49
214145;2959;12,04
214146;2982;12,62
214147;2929;11,28
214148;2975;12,44
214149;2940;11,56
214150;2943;11,63
214151;2928;11,26
214152;2952;11,86
214153;2931;11,33
214154;2930;11,31
214155;2917;10,98
214156;2944;11,66
214157;2926;11,20
214158;2960;12,06
214159;2925;11,18
214160;2962;12,12
214161;2921;11,08
214162;2913;10,88
214163;2915;10,93
214164;2960;12,06
214165;2911;10,82
214166;2955;11,94
214167;2913;10,88
214168;2928;11,26
214169;2906;10,70
214170;2951;11,84
214171;2902;10,60
214172;2921;11,08
214173;2890;10,29
214174;2911;10,82
214175;2902;10,60
214176;2946;11,71
214177;2930;11,31
214178;2944;11,66
214179;2906;10,70
214180;2912;10,85
214181;2908;10,75
214182;2945;11,69
214183;2895;10,42
214184;2928;11,26
214185;2896;10,45
214186;2928;11,26
214187;2883;10,12
214188;2899;10,52
214189;2892;10,34
214190;2903;10,62
214191;2897;10,47
214192;2917;10,98
214193;2896;10,45
214194;2922;11,10
214195;2896;10,45
214196;2955;11,94
214197;2901;10,57
214198;2951;11,84
214199;2911;10,82
214200;2925;11,18
214201;2911;10,82
214202;2921;11,08
214203;2926;11,20
214204;2928;11,26
214205;2910;10,80
214206;2960;12,06
214207;2911;10,82
214208;2965;12,19
214209;2919;11,03
214210;2941;11,58
214211;2917;10,98
214212;2947;11,74
214213;2913;10,88
214214;2947;11,74
214215;2921;11,08
214216;2955;11,94
214217;2930;11,31
214218;2961;12,09
214219;2925;11,18
214220;2957;11,99
214221;2929;11,28
214222;2962;12,12
214223;2928;11,26
214224;2941;11,58
214225;2929;11,28
214226;2958;12,01
214227;2925;11,18
214228;2962;12,12
214229;2913;10,88
214230;2959;12,04
214231;2913;10,88
214232;2896;10,45
214233;2922;11,10
214234;2917;10,98
214235;2912;10,85
214236;2939;11,53
214237;2922;11,10
214238;2928;11,26
214239;2912;10,85
214240;2965;12,19
214241;2914;10,90
214242;2918;11,00
214243;2903;10,62
214244;2950;11,81
214245;2915;10,93
214246;2923;11,13
214247;2913;10,88
214248;2925;11,18
214249;2919;11,03
214250;2928;11,26
214251;2913;10,88
214252;2950;11,81
214253;2898;10,50
214254;2943;11,63
214255;2886;10,19
214256;2907;10,72
214257;2896;10,45
214258;2899;10,52
214259;2887;10,22
214260;2937;11,48
214261;2879;10,02
214262;2896;10,45
214263;2864;9,64
214264;2858;9,48
214265;2845;9,15
214266;2869;9,76
214267;2855;9,41
214268;2875;9,91
214269;2854;9,38
214270;2889;10,27
214271;2846;9,18
214272;2906;10,70
214273;2862;9,59
214274;2915;10,93
214275;2878;9,99
214276;2884;10,14
214277;2876;9,94
214278;2907;10,72
214279;2891;10,32
214280;2889;10,27
214281;2891;10,32
214282;2944;11,66
214283;2896;10,45
214284;2934;11,41
214285;2907;10,72
214286;2926;11,20
214287;2889;10,27
214288;2897;10,47
214289;2887;10,22
214290;2943;11,63
214291;2911;10,82
214292;2950;11,81
214293;2883;10,12
214294;2939;11,53
214295;2912;10,85
214296;2897;10,47
214297;2903;10,62
214298;2932;11,36
214299;2897;10,47
214300;2898;10,50
214301;2899;10,52
214302;2934;11,41
214303;2905;10,67
214304;2914;10,90
214305;2907;10,72
214306;2914;10,90
214307;2892;10,34
214308;2903;10,62
214309;2864;9,64
214310;2853;9,36
214311;2855;9,41
214312;2912;10,85
214313;2867;9,71
214314;2896;10,45
214315;2846;9,18
214316;2850;9,28
214317;2835;8,90
214318;2861;9,56
214319;2829;8,75
214320;2847;9,21
214321;2835;8,90
214322;2849;9,26
214323;2837;8,95
214324;2916;10,95
214325;2859;9,51
214326;2868;9,74
214327;2864;9,64
214328;2907;10,72
214329;2864;9,64
214330;2928;11,26
214331;2865;9,66
214332;2874;9,89
214333;2879;10,02
214334;2903;10,62
214335;2880;10,04
214336;2897;10,47
214337;2871;9,81
214338;2896;10,45
214339;2875;9,91
214340;2906;10,70
214341;2868;9,74
214342;2883;10,12
214343;2868;9,74
214344;2925;11,18
214345;2875;9,91
214346;2902;10,60
214347;2877;9,96
214348;2926;11,20
214349;2855;9,41
214350;2911;10,82
214351;2863;9,61
214352;2858;9,48
214353;2843;9,10
214354;2858;9,48
214355;2851;9,31
214356;2867;9,71
214357;2839;9,00
214358;2855;9,41
214359;2832;8,83
214360;2880;10,04
214361;2837;8,95
214362;2868;9,74
214363;2825;8,65
214364;2881;10,07
214365;2823;8,60
214366;2892;10,34
214367;2830;8,78
214368;2864;9,64
214369;2832;8,83
214370;2890;10,29
214371;2861;9,56
214372;2880;10,04
214373;2847;9,21
214374;2865;9,66
214375;2847;9,21
214376;2880;10,04
214377;2869;9,76
214378;2890;10,29
214379;2869;9,76
214380;2892;10,34
214381;2858;9,48
214382;2879;10,02
214383;2859;9,51
214384;2884;10,14
214385;2863;9,61
214386;2902;10,60
214387;2871;9,81
214388;2892;10,34
214389;2867;9,71
214390;2897;10,47
214391;2857;9,46
214392;2923;11,13
214393;2865;9,66
214394;2882;10,09
214395;2877;9,96
214396;2883;10,12
214397;2865;9,66
214398;2909;10,77
214399;2855;9,41
214400;2891;10,32
214401;2855;9,41
214402;2899;10,52
214403;2853;9,36
214404;2880;10,04
214405;2837;8,95
214406;2871;9,81
214407;2821;8,55
214408;2832;8,83
214409;2813;8,35
214410;2847;9,21
214411;2803;8,09
214412;2818;8,47
214413;2800;8,02
214414;2862;9,59
214415;2811;8,29
214416;2813;8,35
214417;2811;8,29
214418;2821;8,55
214419;2799;7,99
214420;2837;8,95
214421;2816;8,42
214422;2839;9,00
214423;2816;8,42
214424;2851;9,31
214425;2800;8,02
214426;2854;9,38
214427;2813;8,35
214428;2865;9,66
214429;2817;8,45
214430;2826;8,67
214431;2818;8,47
214432;2834;8,88
214433;2818;8,47
214434;2844;9,13
214435;2821;8,55
214436;2861;9,56
214437;2815;8,40
214438;2852;9,33
214439;2835;8,90
214440;2867;9,71
214441;2847;9,21
214442;2893;10,37
214443;2848;9,23
214444;2864;9,64
214445;2847;9,21
214446;2891;10,32
214447;2849;9,26
214448;2905;10,67
214449;2850;9,28
214450;2862;9,59
214451;2849;9,26
214452;2887;10,22
214453;2849;9,26
214454;2863;9,61
214455;2845;9,15
214456;2860;9,53
214457;2835;8,90
214458;2849;9,26
214459;2826;8,67
214460;2845;9,15
214461;2821;8,55
214462;2834;8,88
214463;2805;8,14
214464;2850;9,28
214465;2800;8,02
214466;2814;8,37
214467;2800;8,02
214468;2807;8,19
214469;2785;7,64
214470;2832;8,83
214471;2795;7,89
214472;2830;8,78
214473;2779;7,48
214474;2832;8,83
214475;2794;7,86
214476;2853;9,36
214477;2799;7,99
214478;2849;9,26
214479;2811;8,29
214480;2853;9,36
214481;2809;8,24
214482;2830;8,78
214483;2842;9,08
214484;2864;9,64
214485;2822;8,57
214486;2824;8,62
214487;2827;8,70
214488;2850;9,28
214489;2841;9,05
214490;2857;9,46
214491;2848;9,23
214492;2855;9,41
214493;2853;9,36
214494;2896;10,45
214495;2864;9,64
214496;2892;10,34
214497;2859;9,51
214498;2901;10,57
214499;2853;9,36
214500;2861;9,56
214501;2845;9,15
214502;2857;9,46
214503;2851;9,31
214504;2886;10,19
214505;2854;9,38
214506;2832;8,83
214507;2832;8,83
214508;2841;9,05
214509;2816;8,42
214510;2870;9,79
214511;2811;8,29
214512;2853;9,36
214513;2817;8,45
214514;2855;9,41
214515;2802;8,07
214516;2838;8,98
214517;2800;8,02
214518;2833;8,85
214519;2795;7,89
214520;2848;9,23
214521;2789;7,74
214522;2819;8,50
214523;2783;7,59
214524;2817;8,45
214525;2810;8,27
214526;2807;8,19
214527;2798;7,97
214528;2805;8,14
214529;2794;7,86
214530;2808;8,22
214531;2786;7,66
214532;2817;8,45
214533;2802;8,07
214534;2838;8,98
214535;2807;8,19
214536;2802;8,07
214537;2796;7,91
214538;2847;9,21
214539;2802;8,07
214540;2855;9,41
214541;2815;8,40
214542;2835;8,90
214543;2807;8,19
214544;2863;9,61
214545;2822;8,57
214546;2889;10,27
214547;2835;8,90
214548;2890;10,29
214549;2843;9,10
214550;2870;9,79
214551;2846;9,18
214552;2887;10,22
214553;2848;9,23
214554;2879;10,02
214555;2839;9,00
214556;2887;10,22
214557;2861;9,56
214558;2879;10,02
214559;2845;9,15
214560;2873;9,86
214561;2862;9,59
214562;2860;9,53
214563;2828;8,72
214564;2846;9,18
214565;2818;8,47
214566;2835;8,90
214567;2831;8,80
214568;2867;9,71
214569;2815;8,40
214570;2859;9,51
214571;2788;7,71
214572;2786;7,66
214573;2787;7,69
214574;2807;8,19
214575;2780;7,51
214576;2783;7,59
214577;2771;7,28
214578;2785;7,64
214579;2773;7,33
214580;2812;8,32
214581;2772;7,31
214582;2781;7,54
214583;2789;7,74
214584;2786;7,66
214585;2760;7,00
214586;2796;7,91
214587;2765;7,13
214588;2793;7,84
214589;2769;7,23
214590;2818;8,47
214591;2799;7,99
214592;2807;8,19
214593;2774;7,36
214594;2815;8,40
214595;2785;7,64
214596;2802;8,07
214597;2794;7,86
214598;2832;8,83
214599;2814;8,37
214600;2821;8,55
214601;2815;8,40
214602;2866;9,69
214603;2815;8,40
214604;2851;9,31
214605;2828;8,72
214606;2845;9,15
214607;2822;8,57
214608;2864;9,64
214609;2824;8,62
214610;2831;8,80
214611;2815;8,40
214612;2854;9,38
214613;2832;8,83
214614;2847;9,21
214615;2813;8,35
214616;2821;8,55
214617;2810;8,27
214618;2832;8,83
214619;2804;8,12
214620;2823;8,60
214621;2822;8,57
214622;2810;8,27
214623;2807;8,19
214624;2823;8,60
214625;2801;8,04
214626;2823;8,60
214627;2800;8,02
214628;2807;8,19
214629;2798;7,97
214630;2838;8,98
214631;2800;8,02
214632;2825;8,65
214633;2789;7,74
214634;2805;8,14
214635;2799;7,99
214636;2811;8,29
214637;2799;7,99
214638;2795;7,89
214639;2799;7,99
214640;2822;8,57
214641;2795;7,89
214642;2799;7,99
214643;2819;8,50
214644;2830;8,78
214645;2795;7,89
214646;2830;8,78
214647;2794;7,86
214648;2837;8,95
214649;2800;8,02
214650;2818;8,47
214651;2800;8,02
214652;2814;8,37
214653;2800;8,02
214654;2811;8,29
214655;2783;7,59
214656;2821;8,55
214657;2785;7,64
214658;2832;8,83
214659;2793;7,84
214660;2797;7,94
214661;2782;7,56
214662;2810;8,27
214663;2786;7,66
214664;2803;8,09
214665;2787;7,69
214666;2815;8,40
214667;2785;7,64
214668;2817;8,45
214669;2793;7,84
214670;2826;8,67
214671;2806;8,17
214672;2832;8,83
214673;2805;8,14
214674;2832;8,83
214675;2799;7,99
214676;2826;8,67
214677;2814;8,37
214678;2859;9,51
214679;2820;8,52
214680;2832;8,83
214681;2826;8,67
214682;2851;9,31
214683;2830;8,78
214684;2851;9,31
214685;2842;9,08
214686;2854;9,38
214687;2816;8,42
214688;2836;8,93
214689;2808;8,22
214690;2826;8,67
214691;2812;8,32
214692;2791;7,79
214693;2815;8,40
214694;2802;8,07
214695;2781;7,54
214696;2809;8,24
214697;2790;7,76
214698;2819;8,50
214699;2781;7,54
214700;2819;8,50
214701;2768;7,21
214702;2816;8,42
214703;2795;7,89
214704;2789;7,74
214705;2768;7,21
214706;2795;7,89
214707;2774;7,36
214708;2786;7,66
214709;2775;7,38
214710;2800;8,02
214711;2770;7,26
214712;2799;7,99
214713;2782;7,56
214714;2803;8,09
214715;2777;7,43
214716;2786;7,66
214717;2774;7,36
214718;2839;9,00
214719;2790;7,76
214720;2816;8,42
214721;2795;7,89
214722;2809;8,24
214723;2790;7,76
214724;2812;8,32
214725;2795;7,89
214726;2852;9,33
214727;2796;7,91
214728;2820;8,52
214729;2804;8,12
214730;2818;8,47
214731;2801;8,04
214732;2851;9,31
214733;2800;8,02
214734;2821;8,55
214735;2802;8,07
214736;2818;8,47
214737;2799;7,99
214738;2791;7,79
214739;2799;7,99
214740;2833;8,85
214741;2806;8,17
214742;2821;8,55
214743;2807;8,19
214744;2810;8,27
214745;2805;8,14
214746;2816;8,42
214747;2797;7,94
214748;2833;8,85
214749;2794;7,86
214750;2816;8,42
214751;2798;7,97
214752;2811;8,29
214753;2791;7,79
214754;2805;8,14
214755;2798;7,97
214756;2809;8,24
214757;2787;7,69
214758;2816;8,42
214759;2791;7,79
214760;2807;8,19
214761;2795;7,89
214762;2813;8,35
214763;2798;7,97
214764;2801;8,04
214765;2797;7,94
214766;2804;8,12
214767;2810;8,27
214768;2829;8,75
214769;2803;8,09
214770;2823;8,60
214771;2805;8,14
214772;2867;9,71
214773;2802;8,07
214774;2818;8,47
214775;2802;8,07
214776;2816;8,42
214777;2799;7,99
214778;2821;8,55
214779;2803;8,09
214780;2834;8,88
214781;2801;8,04
214782;2839;9,00
214783;2799;7,99
214784;2834;8,88
214785;2805;8,14
214786;2851;9,31
214787;2801;8,04
214788;2834;8,88
214789;2810;8,27
214790;2858;9,48
214791;2799;7,99
214792;2822;8,57
214793;2801;8,04
214794;2829;8,75
214795;2800;8,02
214796;2849;9,26
214797;2799;7,99
214798;2820;8,52
214799;2798;7,97
214800;2826;8,67
214801;2810;8,27
214802;2834;8,88
214803;2817;8,45
214804;2861;9,56
214805;2801;8,04
214806;2818;8,47
214807;2800;8,02
214808;2813;8,35
214809;2815;8,40
214810;2833;8,85
214811;2810;8,27
214812;2832;8,83
214813;2800;8,02
214814;2819;8,50
214815;2814;8,37
214816;2844;9,13
214817;2803;8,09
214818;2795;7,89
214819;2800;8,02
214820;2821;8,55
214821;2814;8,37
214822;2818;8,47
214823;2804;8,12
214824;2835;8,90
214825;2799;7,99
214826;2832;8,83
214827;2805;8,14
214828;2843;9,10
214829;2800;8,02
214830;2822;8,57
214831;2795;7,89
214832;2838;8,98
214833;2800;8,02
214834;2809;8,24
214835;2791;7,79
214836;2800;8,02
214837;2806;8,17
214838;2799;7,99
214839;2798;7,97
214840;2814;8,37
214841;2793;7,84
214842;2811;8,29
214843;2801;8,04
214844;2813;8,35
214845;2797;7,94
214846;2816;8,42
214847;2800;8,02
214848;2817;8,45
214849;2801;8,04
214850;2827;8,70
214851;2801;8,04
214852;2815;8,40
214853;2802;8,07
214854;2826;8,67
214855;2803;8,09
214856;2835;8,90
214857;2805;8,14
214858;2842;9,08
214859;2801;8,04
214860;2832;8,83
214861;2806;8,17
214862;2852;9,33
214863;2816;8,42
214864;2827;8,70
214865;2814;8,37
214866;2835;8,90
214867;2815;8,40
214868;2835;8,90
214869;2806;8,17
214870;2832;8,83
214871;2809;8,24
214872;2854;9,38
214873;2823;8,60
214874;2829;8,75
214875;2817;8,45
214876;2855;9,41
214877;2807;8,19
214878;2830;8,78
214879;2808;8,22
214880;2829;8,75
214881;2811;8,29
214882;2811;8,29
214883;2817;8,45
214884;2831;8,80
214885;2815;8,40
214886;2829;8,75
214887;2810;8,27
214888;2831;8,80
214889;2819;8,50
214890;2848;9,23
214891;2816;8,42
214892;2823;8,60
214893;2813;8,35
214894;2815;8,40
214895;2810;8,27
214896;2822;8,57
214897;2800;8,02
214898;2807;8,19
214899;2798;7,97
214900;2800;8,02
214901;2803;8,09
214902;2821;8,55
214903;2815;8,40
214904;2818;8,47
214905;2795;7,89
214906;2831;8,80
214907;2795;7,89
214908;2816;8,42
214909;2795;7,89
214910;2813;8,35
214911;2791;7,79
214912;2791;7,79
214913;2797;7,94
214914;2835;8,90
214915;2795;7,89
214916;2810;8,27
214917;2800;8,02
214918;2804;8,12
214919;2782;7,56
214920;2835;8,90
214921;2799;7,99
214922;2835;8,90
214923;2800;8,02
214924;2815;8,40
214925;2799;7,99
214926;2839;9,00
214927;2810;8,27
214928;2813;8,35
214929;2800;8,02
214930;2843;9,10
214931;2813;8,35
214932;2833;8,85
214933;2816;8,42
214934;2831;8,80
214935;2823;8,60
214936;2835;8,90
214937;2829;8,75
214938;2835;8,90
214939;2827;8,70
214940;2849;9,26
214941;2845;9,15
214942;2861;9,56
214943;2832;8,83
214944;2827;8,70
214945;2850;9,28
214946;2847;9,21
214947;2829;8,75
214948;2829;8,75
214949;2826;8,67
214950;2839;9,00
214951;2817;8,45
214952;2835;8,90
214953;2818;8,47
214954;2851;9,31
214955;2825;8,65
214956;2818;8,47
214957;2820;8,52
214958;2813;8,35
214959;2818;8,47
214960;2833;8,85
214961;2813;8,35
214962;2831;8,80
214963;2821;8,55
214964;2830;8,78
214965;2815;8,40
214966;2807;8,19
214967;2807;8,19
214968;2813;8,35
214969;2815;8,40
214970;2826;8,67
214971;2812;8,32
214972;2813;8,35
214973;2805;8,14
214974;2837;8,95
214975;2817;8,45
214976;2822;8,57
214977;2807;8,19
214978;2807;8,19
214979;2806;8,17
214980;2823;8,60
214981;2802;8,07
214982;2818;8,47
214983;2807;8,19
214984;2803;8,09
214985;2813;8,35
214986;2809;8,24
214987;2814;8,37
214988;2823;8,60
214989;2838;8,98
214990;2847;9,21
214991;2811;8,29
214992;2834;8,88
214993;2815;8,40
214994;2801;8,04
214995;2832;8,83
214996;2807;8,19
214997;2805;8,14
214998;2817;8,45
214999;2810;8,27
215000;2829;8,75
215001;2816;8,42
215002;2820;8,52
215003;2823;8,60
215004;2815;8,40
215005;2820;8,52
215006;2832;8,83
215007;2837;8,95
215008;2847;9,21
215009;2829;8,75
215010;2821;8,55
215011;2823;8,60
215012;2818;8,47
215013;2832;8,83
215014;2839;9,00
215015;2831;8,80
215016;2822;8,57
215017;2831;8,80
215018;2826;8,67
215019;2825;8,65
215020;2843;9,10
215021;2834;8,88
215022;2834;8,88
215023;2832;8,83
215024;2827;8,70
215025;2823;8,60
215026;2825;8,65
215027;2832;8,83
215028;2822;8,57
215029;2831;8,80
215030;2830;8,78
215031;2822;8,57
215032;2841;9,05
215033;2831;8,80
215034;2834;8,88
215035;2832;8,83
215036;2823;8,60
215037;2826;8,67
215038;2817;8,45
215039;2823;8,60
215040;2818;8,47
215041;2819;8,50
215042;2831;8,80
215043;2822;8,57
215044;2835;8,90
215045;2823;8,60
215046;2835;8,90
215047;2818;8,47
215048;2830;8,78
215049;2822;8,57
215050;2838;8,98
215051;2815;8,40
215052;2810;8,27
215053;2834;8,88
215054;2831;8,80
215055;2815;8,40
215056;2816;8,42
215057;2814;8,37
215058;2825;8,65
215059;2831;8,80
215060;2814;8,37
215061;2818;8,47
215062;2815;8,40
215063;2818;8,47
215064;2811;8,29
215065;2815;8,40
215066;2816;8,42
215067;2818;8,47
215068;2817;8,45
215069;2814;8,37
215070;2813;8,35
215071;2813;8,35
215072;2811;8,29
215073;2813;8,35
215074;2807;8,19
215075;2810;8,27
215076;2806;8,17
215077;2821;8,55
215078;2810;8,27
215079;2814;8,37
215080;2805;8,14
215081;2813;8,35
215082;2811;8,29
215083;2813;8,35
215084;2806;8,17
215085;2810;8,27
215086;2807;8,19
215087;2807;8,19
215088;2807;8,19
215089;2811;8,29
215090;2814;8,37
215091;2809;8,24
215092;2807;8,19
215093;2807;8,19
215094;2816;8,42
215095;2825;8,65
215096;2817;8,45
215097;2819;8,50
215098;2818;8,47
215099;2816;8,42
215100;2825;8,65
215101;2815;8,40
215102;2828;8,72
215103;2817;8,45
215104;2832;8,83
215105;2829;8,75
215106;2824;8,62
215107;2831;8,80
215108;2825;8,65
215109;2834;8,88
215110;2832;8,83
215111;2839;9,00
215112;2827;8,70
215113;2830;8,78
215114;2837;8,95
215115;2832;8,83
215116;2827;8,70
215117;2837;8,95
215118;2832;8,83
215119;2829;8,75
215120;2831;8,80
215121;2825;8,65
215122;2825;8,65
215123;2829;8,75
215124;2821;8,55
215125;2819;8,50
215126;2830;8,78
215127;2816;8,42
215128;2812;8,32
215129;2823;8,60
215130;2811;8,29
215131;2816;8,42
215132;2809;8,24
215133;2810;8,27
215134;2804;8,12
215135;2805;8,14
215136;2803;8,09
215137;2802;8,07
215138;2803;8,09
215139;2806;8,17
215140;2800;8,02
215141;2799;7,99
215142;2811;8,29
215143;2800;8,02
215144;2800;8,02
215145;2794;7,86
215146;2788;7,71
215147;2783;7,59
215148;2789;7,74
215149;2797;7,94
215150;2787;7,69
215151;2797;7,94
215152;2800;8,02
215153;2801;8,04
215154;2805;8,14
215155;2797;7,94
215156;2799;7,99
215157;2794;7,86
215158;2818;8,47
215159;2800;8,02
215160;2801;8,04
215161;2799;7,99
215162;2797;7,94
215163;2795;7,89
215164;2800;8,02
215165;2797;7,94
215166;2800;8,02
215167;2800;8,02
215168;2800;8,02
215169;2800;8,02
215170;2800;8,02
215171;2800;8,02
215172;2800;8,02
215173;2802;8,07
215174;2800;8,02
215175;2798;7,97
215176;2800;8,02
215177;2793;7,84
215178;2800;8,02
215179;2795;7,89
215180;2791;7,79
215181;2791;7,79
215182;2794;7,86
215183;2791;7,79
215184;2789;7,74
215185;2794;7,86
215186;2790;7,76
215187;2798;7,97
215188;2791;7,79
215189;2800;8,02
215190;2799;7,99
215191;2800;8,02
215192;2795;7,89
215193;2787;7,69
215194;2797;7,94
215195;2786;7,66
215196;2791;7,79
215197;2800;8,02
215198;2802;8,07
215199;2803;8,09
215200;2793;7,84
215201;2799;7,99
215202;2790;7,76
215203;2799;7,99
215204;2797;7,94
215205;2801;8,04
215206;2798;7,97
215207;2794;7,86
215208;2798;7,97
215209;2790;7,76
215210;2794;7,86
215211;2794;7,86
215212;2800;8,02
215213;2799;7,99
215214;2816;8,42
215215;2798;7,97
215216;2795;7,89
215217;2800;8,02
215218;2795;7,89
215219;2800;8,02
215220;2789;7,74
215221;2797;7,94
215222;2799;7,99
215223;2810;8,27
215224;2799;7,99
215225;2804;8,12
215226;2800;8,02
215227;2800;8,02
215228;2833;8,85
215229;2797;7,94
215230;2801;8,04
215231;2800;8,02
215232;2815;8,40
215233;2800;8,02
215234;2810;8,27
215235;2815;8,40
215236;2795;7,89
215237;2801;8,04
215238;2823;8,60
215239;2809;8,24
215240;2801;8,04
215241;2801;8,04
215242;2800;8,02
215243;2795;7,89
215244;2799;7,99
215245;2802;8,07
215246;2800;8,02
215247;2801;8,04
215248;2800;8,02
215249;2800;8,02
215250;2800;8,02
215251;2800;8,02
215252;2800;8,02
215253;2803;8,09
215254;2803;8,09
215255;2791;7,79
215256;2802;8,07
215257;2795;7,89
215258;2807;8,19
215259;2799;7,99
215260;2791;7,79
215261;2795;7,89
215262;2780;7,51
215263;2793;7,84
215264;2789;7,74
215265;2785;7,64
215266;2819;8,50
215267;2786;7,66
215268;2786;7,66
215269;2785;7,64
215270;2781;7,54
215271;2798;7,97
215272;2797;7,94
215273;2779;7,48
215274;2802;8,07
215275;2790;7,76
215276;2783;7,59
215277;2783;7,59
215278;2784;7,61
215279;2786;7,66
215280;2783;7,59
215281;2791;7,79
215282;2787;7,69
215283;2795;7,89
215284;2794;7,86
215285;2811;8,29
215286;2794;7,86
215287;2795;7,89
215288;2826;8,67
215289;2791;7,79
215290;2785;7,64
215291;2791;7,79
215292;2793;7,84
215293;2791;7,79
215294;2801;8,04
215295;2796;7,91
215296;2815;8,40
215297;2800;8,02
215298;2803;8,09
215299;2789;7,74
215300;2815;8,40
215301;2800;8,02
215302;2823;8,60
215303;2795;7,89
215304;2804;8,12
215305;2800;8,02
215306;2798;7,97
215307;2801;8,04
215308;2793;7,84
215309;2800;8,02
215310;2802;8,07
215311;2816;8,42
215312;2797;7,94
215313;2800;8,02
215314;2789;7,74
215315;2801;8,04
215316;2801;8,04
215317;2793;7,84
215318;2794;7,86
215319;2793;7,84
215320;2799;7,99
215321;2786;7,66
215322;2790;7,76
215323;2800;8,02
215324;2789;7,74
215325;2800;8,02
215326;2805;8,14
215327;2800;8,02
215328;2810;8,27
215329;2787;7,69
215330;2794;7,86
215331;2794;7,86
215332;2807;8,19
215333;2799;7,99
215334;2806;8,17
215335;2836;8,93
215336;2791;7,79
215337;2800;8,02
215338;2784;7,61
215339;2799;7,99
215340;2798;7,97
215341;2797;7,94
215342;2791;7,79
215343;2795;7,89
215344;2797;7,94
215345;2797;7,94
215346;2798;7,97
215347;2803;8,09
215348;2801;8,04
215349;2805;8,14
215350;2800;8,02
215351;2812;8,32
215352;2795;7,89
215353;2800;8,02
215354;2827;8,70
215355;2801;8,04
215356;2803;8,09
215357;2805;8,14
215358;2819;8,50
215359;2800;8,02
215360;2802;8,07
215361;2805;8,14
215362;2811;8,29
215363;2797;7,94
215364;2790;7,76
215365;2805;8,14
215366;2798;7,97
215367;2798;7,97
215368;2798;7,97
215369;2799;7,99
215370;2801;8,04
215371;2800;8,02
215372;2785;7,64
215373;2797;7,94
215374;2800;8,02
215375;2785;7,64
215376;2788;7,71
215377;2786;7,66
215378;2783;7,59
215379;2782;7,56
215380;2782;7,56
215381;2773;7,33
215382;2787;7,69
215383;2778;7,46
215384;2773;7,33
215385;2771;7,28
215386;2796;7,91
215387;2775;7,38
215388;2793;7,84
215389;2769;7,23
215390;2768;7,21
215391;2810;8,27
215392;2782;7,56
215393;2767;7,18
215394;2769;7,23
215395;2766;7,16
215396;2770;7,26
215397;2769;7,23
215398;2768;7,21
215399;2771;7,28
215400;2771;7,28
215401;2771;7,28
215402;2774;7,36
215403;2767;7,18
215404;2764;7,11
215405;2768;7,21
215406;2779;7,48
215407;2763;7,08
215408;2764;7,11
215409;2767;7,18
215410;2768;7,21
215411;2768;7,21
215412;2766;7,16
215413;2771;7,28
215414;2777;7,43
215415;2768;7,21
215416;2765;7,13
215417;2768;7,21
215418;2789;7,74
215419;2771;7,28
215420;2781;7,54
215421;2771;7,28
215422;2787;7,69
215423;2768;7,21
215424;2787;7,69
215425;2772;7,31
215426;2791;7,79
215427;2773;7,33
215428;2768;7,21
215429;2766;7,16
215430;2789;7,74
215431;2783;7,59
215432;2795;7,89
215433;2781;7,54
215434;2800;8,02
215435;2772;7,31
215436;2767;7,18
215437;2782;7,56
215438;2785;7,64
215439;2771;7,28
215440;2791;7,79
215441;2772;7,31
215442;2762;7,05
215443;2769;7,23
215444;2767;7,18
215445;2768;7,21
215446;2787;7,69
215447;2774;7,36
215448;2778;7,46
215449;2773;7,33
215450;2779;7,48
215451;2765;7,13
215452;2759;6,98
215453;2757;6,93
215454;2768;7,21
215455;2753;6,83
215456;2784;7,61
215457;2763;7,08
215458;2769;7,23
215459;2753;6,83
215460;2779;7,48
215461;2752;6,80
215462;2784;7,61
215463;2752;6,80
215464;2764;7,11
215465;2751;6,78
215466;2753;6,83
215467;2747;6,68
215468;2767;7,18
215469;2749;6,73
215470;2747;6,68
215471;2750;6,75
215472;2751;6,78
215473;2753;6,83
215474;2743;6,57
215475;2742;6,55
215476;2751;6,78
215477;2747;6,68
215478;2754;6,85
215479;2747;6,68
215480;2751;6,78
215481;2742;6,55
215482;2775;7,38
215483;2752;6,80
215484;2756;6,90
215485;2754;6,85
215486;2755;6,88
215487;2759;6,98
215488;2750;6,75
215489;2755;6,88
215490;2752;6,80
215491;2757;6,93
215492;2754;6,85
215493;2755;6,88
215494;2753;6,83
215495;2756;6,90
215496;2759;6,98
215497;2758;6,95
215498;2757;6,93
215499;2759;6,98
215500;2757;6,93
215501;2761;7,03
215502;2763;7,08
215503;2755;6,88
215504;2777;7,43
215505;2761;7,03
215506;2791;7,79
215507;2767;7,18
215508;2766;7,16
215509;2759;6,98
215510;2753;6,83
215511;2755;6,88
215512;2757;6,93
215513;2754;6,85
215514;2782;7,56
215515;2746;6,65
215516;2768;7,21
215517;2757;6,93
215518;2753;6,83
215519;2761;7,03
215520;2752;6,80
215521;2750;6,75
215522;2766;7,16
215523;2750;6,75
215524;2781;7,54
215525;2749;6,73
215526;2752;6,80
215527;2747;6,68
215528;2745;6,62
215529;2747;6,68
215530;2741;6,52
215531;2747;6,68
215532;2739;6,47
215533;2736;6,40
215534;2747;6,68
215535;2753;6,83
215536;2743;6,57
215537;2741;6,52
215538;2747;6,68
215539;2739;6,47
215540;2759;6,98
215541;2746;6,65
215542;2743;6,57
215543;2749;6,73
215544;2739;6,47
215545;2736;6,40
215546;2742;6,55
215547;2743;6,57
215548;2751;6,78
215549;2736;6,40
215550;2753;6,83
215551;2738;6,45
215552;2740;6,50
215553;2738;6,45
215554;2750;6,75
215555;2746;6,65
215556;2755;6,88
215557;2746;6,65
215558;2736;6,40
215559;2739;6,47
215560;2742;6,55
215561;2752;6,80
215562;2756;6,90
215563;2751;6,78
215564;2768;7,21
215565;2751;6,78
215566;2768;7,21
215567;2751;6,78
215568;2743;6,57
215569;2743;6,57
215570;2778;7,46
215571;2748;6,70
215572;2742;6,55
215573;2757;6,93
215574;2758;6,95
215575;2743;6,57
215576;2754;6,85
215577;2748;6,70
215578;2735;6,37
215579;2741;6,52
215580;2771;7,28
215581;2742;6,55
215582;2753;6,83
215583;2758;6,95
215584;2739;6,47
215585;2742;6,55
215586;2768;7,21
215587;2742;6,55
215588;2743;6,57
215589;2749;6,73
215590;2763;7,08
215591;2741;6,52
215592;2767;7,18
215593;2741;6,52
215594;2739;6,47
215595;2741;6,52
215596;2750;6,75
215597;2732;6,30
215598;2763;7,08
215599;2741;6,52
215600;2736;6,40
215601;2739;6,47
215602;2751;6,78
215603;2742;6,55
215604;2731;6,27
215605;2736;6,40
215606;2736;6,40
215607;2737;6,42
215608;2742;6,55
215609;2742;6,55
215610;2756;6,90
215611;2745;6,62
215612;2747;6,68
215613;2737;6,42
215614;2766;7,16
215615;2736;6,40
215616;2749;6,73
215617;2739;6,47
215618;2752;6,80
215619;2735;6,37
215620;2751;6,78
215621;2739;6,47
215622;2725;6,12
215623;2735;6,37
215624;2730;6,24
215625;2736;6,40
215626;2752;6,80
215627;2742;6,55
215628;2737;6,42
215629;2737;6,42
215630;2763;7,08
215631;2736;6,40
215632;2743;6,57
215633;2735;6,37
215634;2766;7,16
215635;2735;6,37
215636;2763;7,08
215637;2736;6,40
215638;2735;6,37
215639;2736;6,40
215640;2729;6,22
215641;2738;6,45
215642;2736;6,40
215643;2736;6,40
215644;2734;6,35
215645;2751;6,78
215646;2737;6,42
215647;2746;6,65
215648;2746;6,65
215649;2752;6,80
215650;2735;6,37
215651;2736;6,40
215652;2743;6,57
215653;2746;6,65
215654;2738;6,45
215655;2741;6,52
215656;2751;6,78
215657;2743;6,57
215658;2742;6,55
215659;2743;6,57
215660;2758;6,95
215661;2735;6,37
215662;2759;6,98
215663;2733;6,32
215664;2729;6,22
215665;2740;6,50
215666;2741;6,52
215667;2736;6,40
215668;2736;6,40
215669;2736;6,40
215670;2735;6,37
215671;2745;6,62
215672;2736;6,40
215673;2736;6,40
215674;2737;6,42
215675;2723;6,07
215676;2753;6,83
215677;2733;6,32
215678;2731;6,27
215679;2726;6,14
215680;2735;6,37
215681;2726;6,14
215682;2731;6,27
215683;2732;6,30
215684;2733;6,32
215685;2722;6,04
215686;2751;6,78
215687;2719;5,97
215688;2737;6,42
215689;2723;6,07
215690;2717;5,92
215691;2729;6,22
215692;2735;6,37
215693;2731;6,27
215694;2723;6,07
215695;2726;6,14
215696;2723;6,07
215697;2723;6,07
215698;2735;6,37
215699;2725;6,12
215700;2731;6,27
215701;2733;6,32
215702;2721;6,02
215703;2722;6,04
215704;2746;6,65
215705;2727;6,17
215706;2723;6,07
215707;2728;6,19
215708;2751;6,78
215709;2731;6,27
215710;2756;6,90
215711;2713;5,81
215712;2719;5,97
215713;2726;6,14
215714;2713;5,81
215715;2718;5,94
215716;2742;6,55
215717;2723;6,07
215718;2741;6,52
215719;2720;5,99
215720;2741;6,52
215721;2721;6,02
215722;2719;5,97
215723;2717;5,92
215724;2714;5,84
215725;2726;6,14
215726;2743;6,57
215727;2713;5,81
215728;2731;6,27
215729;2715;5,87
215730;2711;5,76
215731;2721;6,02
215732;2763;7,08
215733;2720;5,99
215734;2711;5,76
215735;2721;6,02
215736;2736;6,40
215737;2705;5,61
215738;2717;5,92
215739;2718;5,94
215740;2705;5,61
215741;2721;6,02
215742;2753;6,83
215743;2716;5,89
215744;2715;5,87
215745;2713;5,81
215746;2747;6,68
215747;2718;5,94
215748;2713;5,81
215749;2713;5,81
215750;2720;5,99
215751;2715;5,87
215752;2718;5,94
215753;2711;5,76
215754;2714;5,84
215755;2722;6,04
215756;2713;5,81
215757;2715;5,87
215758;2711;5,76
215759;2715;5,87
215760;2711;5,76
215761;2711;5,76
215762;2711;5,76
215763;2711;5,76
215764;2717;5,92
215765;2726;6,14
215766;2726;6,14
215767;2717;5,92
215768;2714;5,84
215769;2707;5,66
215770;2735;6,37
215771;2718;5,94
215772;2710;5,74
215773;2725;6,12
215774;2710;5,74
215775;2714;5,84
215776;2719;5,97
215777;2724;6,09
215778;2715;5,87
215779;2707;5,66
215780;2714;5,84
215781;2723;6,07
215782;2718;5,94
215783;2734;6,35
215784;2715;5,87
215785;2719;5,97
215786;2735;6,37
215787;2719;5,97
215788;2714;5,84
215789;2707;5,66
215790;2720;5,99
215791;2710;5,74
215792;2734;6,35
215793;2726;6,14
215794;2714;5,84
215795;2721;6,02
215796;2738;6,45
215797;2721;6,02
215798;2718;5,94
215799;2722;6,04
215800;2714;5,84
215801;2732;6,30
215802;2717;5,92
215803;2733;6,32
215804;2751;6,78
215805;2724;6,09
215806;2717;5,92
215807;2717;5,92
215808;2720;5,99
215809;2719;5,97
215810;2757;6,93
215811;2721;6,02
215812;2734;6,35
215813;2722;6,04
215814;2734;6,35
215815;2723;6,07
215816;2720;5,99
215817;2719;5,97
215818;2719;5,97
215819;2726;6,14
215820;2714;5,84
215821;2715;5,87
215822;2742;6,55
215823;2715;5,87
215824;2747;6,68
215825;2721;6,02
215826;2718;5,94
215827;2716;5,89
215828;2711;5,76
215829;2725;6,12
215830;2717;5,92
215831;2715;5,87
215832;2709;5,71
215833;2709;5,71
215834;2715;5,87
215835;2718;5,94
215836;2709;5,71
215837;2719;5,97
215838;2711;5,76
215839;2717;5,92
215840;2722;6,04
215841;2714;5,84
215842;2714;5,84
215843;2723;6,07
215844;2709;5,71
215845;2715;5,87
215846;2703;5,56
215847;2721;6,02
215848;2708;5,69
215849;2707;5,66
215850;2713;5,81
215851;2717;5,92
215852;2705;5,61
215853;2723;6,07
215854;2709;5,71
215855;2704;5,59
215856;2705;5,61
215857;2707;5,66
215858;2707;5,66
215859;2710;5,74
215860;2729;6,22
215861;2719;5,97
215862;2708;5,69
215863;2703;5,56
215864;2716;5,89
215865;2710;5,74
215866;2720;5,99
215867;2711;5,76
215868;2708;5,69
215869;2705;5,61
215870;2709;5,71
215871;2720;5,99
215872;2704;5,59
215873;2705;5,61
215874;2710;5,74
215875;2711;5,76
215876;2710;5,74
215877;2710;5,74
215878;2715;5,87
215879;2707;5,66
215880;2711;5,76
215881;2704;5,59
215882;2704;5,59
215883;2704;5,59
215884;2704;5,59
215885;2704;5,59
215886;2711;5,76
215887;2710;5,74
215888;2702;5,54
215889;2704;5,59
215890;2707;5,66
215891;2707;5,66
215892;2710;5,74
215893;2704;5,59
215894;2704;5,59
215895;2706;5,64
215896;2736;6,40
215897;2704;5,59
215898;2711;5,76
215899;2710;5,74
215900;2709;5,71
215901;2709;5,71
215902;2706;5,64
215903;2736;6,40
215904;2710;5,74
215905;2714;5,84
215906;2720;5,99
215907;2721;6,02
215908;2707;5,66
215909;2718;5,94
215910;2718;5,94
215911;2723;6,07
215912;2714;5,84
215913;2722;6,04
215914;2730;6,24
215915;2731;6,27
215916;2725;6,12
215917;2723;6,07
215918;2745;6,62
215919;2727;6,17
215920;2717;5,92
215921;2722;6,04
215922;2721;6,02
215923;2720;5,99
215924;2722;6,04
215925;2731;6,27
215926;2726;6,14
215927;2722;6,04
215928;2718;5,94
215929;2722;6,04
215930;2722;6,04
215931;2735;6,37
215932;2729;6,22
215933;2725;6,12
215934;2724;6,09
215935;2726;6,14
215936;2747;6,68
215937;2723;6,07
215938;2717;5,92
215939;2728;6,19
215940;2753;6,83
215941;2717;5,92
215942;2725;6,12
215943;2713;5,81
215944;2722;6,04
215945;2711;5,76
215946;2714;5,84
215947;2717;5,92
215948;2713;5,81
215949;2711;5,76
215950;2708;5,69
215951;2714;5,84
215952;2707;5,66
215953;2705;5,61
215954;2706;5,64
215955;2709;5,71
215956;2709;5,71
215957;2708;5,69
215958;2711;5,76
215959;2717;5,92
215960;2713;5,81
215961;2709;5,71
215962;2704;5,59
215963;2713;5,81
215964;2708;5,69
215965;2711;5,76
215966;2704;5,59
215967;2707;5,66
215968;2707;5,66
215969;2707;5,66
215970;2710;5,74
215971;2704;5,59
215972;2702;5,54
215973;2709;5,71
215974;2714;5,84
215975;2714;5,84
215976;2717;5,92
215977;2709;5,71
215978;2704;5,59
215979;2704;5,59
215980;2706;5,64
215981;2704;5,59
215982;2706;5,64
215983;2711;5,76
215984;2704;5,59
215985;2704;5,59
215986;2703;5,56
215987;2711;5,76
215988;2706;5,64
215989;2707;5,66
215990;2705;5,61
215991;2707;5,66
215992;2704;5,59
215993;2709;5,71
215994;2698;5,44
215995;2700;5,49
215996;2701;5,51
215997;2691;5,26
215998;2700;5,49
215999;2704;5,59
216000;2703;5,56
216001;2704;5,59
216002;2705;5,61
216003;2704;5,59
216004;2703;5,56
216005;2703;5,56
216006;2716;5,89
216007;2707;5,66
216008;2704;5,59
216009;2698;5,44
216010;2698;5,44
216011;2711;5,76
216012;2703;5,56
216013;2705;5,61
216014;2699;5,46
216015;2711;5,76
216016;2703;5,56
216017;2726;6,14
216018;2703;5,56
216019;2707;5,66
216020;2705;5,61
216021;2720;5,99
216022;2710;5,74
216023;2721;6,02
216024;2714;5,84
216025;2704;5,59
216026;2715;5,87
216027;2711;5,76
216028;2724;6,09
216029;2707;5,66
216030;2709;5,71
216031;2713;5,81
216032;2711;5,76
216033;2723;6,07
216034;2717;5,92
216035;2711;5,76
216036;2732;6,30
216037;2718;5,94
216038;2726;6,14
216039;2722;6,04
216040;2719;5,97
216041;2718;5,94
216042;2717;5,92
216043;2721;6,02
216044;2718;5,94
216045;2717;5,92
216046;2718;5,94
216047;2721;6,02
216048;2721;6,02
216049;2719;5,97
216050;2711;5,76
216051;2727;6,17
216052;2711;5,76
216053;2717;5,92
216054;2715;5,87
216055;2714;5,84
216056;2706;5,64
216057;2720;5,99
216058;2720;5,99
216059;2711;5,76
216060;2711;5,76
216061;2723;6,07
216062;2711;5,76
216063;2724;6,09
216064;2723;6,07
216065;2717;5,92
216066;2718;5,94
216067;2713;5,81
216068;2717;5,92
216069;2722;6,04
216070;2717;5,92
216071;2720;5,99
216072;2705;5,61
216073;2717;5,92
216074;2719;5,97
216075;2718;5,94
216076;2715;5,87
216077;2714;5,84
216078;2711;5,76
216079;2705;5,61
216080;2715;5,87
216081;2706;5,64
216082;2706;5,64
216083;2723;6,07
216084;2714;5,84
216085;2717;5,92
216086;2709;5,71
216087;2727;6,17
216088;2710;5,74
216089;2714;5,84
216090;2709;5,71
216091;2716;5,89
216092;2715;5,87
216093;2706;5,64
216094;2704;5,59
216095;2704;5,59
216096;2710;5,74
216097;2717;5,92
216098;2713;5,81
216099;2727;6,17
216100;2704;5,59
216101;2717;5,92
216102;2707;5,66
216103;2705;5,61
216104;2719;5,97
216105;2713;5,81
216106;2715;5,87
216107;2710;5,74
216108;2707;5,66
216109;2705;5,61
216110;2702;5,54
216111;2735;6,37
216112;2709;5,71
216113;2714;5,84
216114;2715;5,87
216115;2704;5,59
216116;2709;5,71
216117;2714;5,84
216118;2706;5,64
216119;2715;5,87
216120;2711;5,76
216121;2726;6,14
216122;2704;5,59
216123;2716;5,89
216124;2717;5,92
216125;2714;5,84
216126;2706;5,64
216127;2704;5,59
216128;2707;5,66
216129;2709;5,71
216130;2701;5,51
216131;2705;5,61
216132;2715;5,87
216133;2709;5,71
216134;2705;5,61
216135;2711;5,76
216136;2704;5,59
216137;2719;5,97
216138;2736;6,40
216139;2699;5,46
216140;2706;5,64
216141;2713;5,81
216142;2707;5,66
216143;2703;5,56
216144;2703;5,56
216145;2706;5,64
216146;2703;5,56
216147;2703;5,56
216148;2715;5,87
216149;2704;5,59
216150;2711;5,76
216151;2706;5,64
216152;2694;5,33
216153;2726;6,14
216154;2706;5,64
216155;2706;5,64
216156;2711;5,76
216157;2713;5,81
216158;2722;6,04
216159;2708;5,69
216160;2709;5,71
216161;2711;5,76
216162;2704;5,59
216163;2704;5,59
216164;2704;5,59
216165;2712;5,79
216166;2708;5,69
216167;2707;5,66
216168;2706;5,64
216169;2719;5,97
216170;2704;5,59
216171;2714;5,84
216172;2704;5,59
216173;2710;5,74
216174;2699;5,46
216175;2704;5,59
216176;2698;5,44
216177;2717;5,92
216178;2707;5,66
216179;2709;5,71
216180;2704;5,59
216181;2705;5,61
216182;2704;5,59
216183;2703;5,56
216184;2705;5,61
216185;2706;5,64
216186;2739;6,47
216187;2700;5,49
216188;2704;5,59
216189;2700;5,49
216190;2699;5,46
216191;2705;5,61
216192;2699;5,46
216193;2711;5,76
216194;2707;5,66
216195;2704;5,59
216196;2690;5,23
216197;2731;6,27
216198;2708;5,69
216199;2713;5,81
216200;2704;5,59
216201;2711;5,76
216202;2715;5,87
216203;2716;5,89
216204;2714;5,84
216205;2720;5,99
216206;2724;6,09
216207;2717;5,92
216208;2711;5,76
216209;2709;5,71
216210;2719;5,97
216211;2719;5,97
216212;2706;5,64
216213;2722;6,04
216214;2726;6,14
216215;2727;6,17
216216;2727;6,17
216217;2723;6,07
216218;2752;6,80
216219;2733;6,32
216220;2736;6,40
216221;2721;6,02
216222;2731;6,27
216223;2741;6,52
216224;2725;6,12
216225;2729;6,22
216226;2736;6,40
216227;2718;5,94
216228;2731;6,27
216229;2719;5,97
216230;2729;6,22
216231;2725;6,12
216232;2721;6,02
216233;2729;6,22
216234;2718;5,94
216235;2714;5,84
216236;2725;6,12
216237;2743;6,57
216238;2710;5,74
216239;2726;6,14
216240;2715;5,87
216241;2711;5,76
216242;2714;5,84
216243;2705;5,61
216244;2704;5,59
216245;2704;5,59
216246;2706;5,64
216247;2703;5,56
216248;2706;5,64
216249;2705;5,61
216250;2706;5,64
216251;2704;5,59
216252;2704;5,59
216253;2704;5,59
216254;2707;5,66
216255;2702;5,54
216256;2722;6,04
216257;2704;5,59
216258;2703;5,56
216259;2705;5,61
216260;2714;5,84
216261;2710;5,74
216262;2699;5,46
216263;2704;5,59
216264;2706;5,64
216265;2704;5,59
216266;2704;5,59
216267;2711;5,76
216268;2699;5,46
216269;2711;5,76
216270;2705;5,61
216271;2707;5,66
216272;2705;5,61
216273;2704;5,59
216274;2710;5,74
216275;2719;5,97
216276;2715;5,87
216277;2718;5,94
216278;2704;5,59
216279;2725;6,12
216280;2711;5,76
216281;2711;5,76
216282;2722;6,04
216283;2709;5,71
216284;2718;5,94
216285;2722;6,04
216286;2719;5,97
216287;2724;6,09
216288;2725;6,12
216289;2713;5,81
216290;2714;5,84
216291;2721;6,02
216292;2727;6,17
216293;2731;6,27
216294;2722;6,04
216295;2731;6,27
216296;2717;5,92
216297;2721;6,02
216298;2714;5,84
216299;2715;5,87
216300;2715;5,87
216301;2717;5,92
216302;2721;6,02
216303;2751;6,78
216304;2718;5,94
216305;2714;5,84
216306;2715;5,87
216307;2714;5,84
216308;2709;5,71
216309;2719;5,97
216310;2712;5,79
216311;2711;5,76
216312;2717;5,92
216313;2719;5,97
216314;2713;5,81
216315;2711;5,76
216316;2706;5,64
216317;2724;6,09
216318;2708;5,69
216319;2716;5,89
216320;2704;5,59
216321;2721;6,02
216322;2714;5,84
216323;2717;5,92
216324;2711;5,76
216325;2711;5,76
216326;2718;5,94
216327;2719;5,97
216328;2725;6,12
216329;2711;5,76
216330;2718;5,94
216331;2726;6,14
216332;2714;5,84
216333;2720;5,99
216334;2724;6,09
216335;2723;6,07
216336;2722;6,04
216337;2721;6,02
216338;2717;5,92
216339;2713;5,81
216340;2719;5,97
216341;2709;5,71
216342;2709;5,71
216343;2713;5,81
216344;2709;5,71
216345;2720;5,99
216346;2714;5,84
216347;2704;5,59
216348;2714;5,84
216349;2706;5,64
216350;2704;5,59
216351;2704;5,59
216352;2709;5,71
216353;2707;5,66
216354;2706;5,64
216355;2705;5,61
216356;2704;5,59
216357;2711;5,76
216358;2707;5,66
216359;2711;5,76
216360;2714;5,84
216361;2704;5,59
216362;2705;5,61
216363;2705;5,61
216364;2705;5,61
216365;2706;5,64
216366;2706;5,64
216367;2717;5,92
216368;2704;5,59
216369;2719;5,97
216370;2716;5,89
216371;2721;6,02
216372;2711;5,76
216373;2720;5,99
216374;2699;5,46
216375;2719;5,97
216376;2718;5,94
216377;2721;6,02
216378;2730;6,24
216379;2721;6,02
216380;2735;6,37
216381;2719;5,97
216382;2721;6,02
216383;2718;5,94
216384;2738;6,45
216385;2715;5,87
216386;2721;6,02
216387;2723;6,07
216388;2709;5,71
216389;2715;5,87
216390;2720;5,99
216391;2722;6,04
216392;2723;6,07
216393;2719;5,97
216394;2718;5,94
216395;2736;6,40
216396;2721;6,02
216397;2720;5,99
216398;2724;6,09
216399;2725;6,12
216400;2731;6,27
216401;2733;6,32
216402;2718;5,94
216403;2713;5,81
216404;2723;6,07
216405;2723;6,07
216406;2714;5,84
216407;2710;5,74
216408;2711;5,76
216409;2717;5,92
216410;2721;6,02
216411;2707;5,66
216412;2715;5,87
216413;2704;5,59
216414;2705;5,61
216415;2714;5,84
216416;2707;5,66
216417;2707;5,66
216418;2704;5,59
216419;2709;5,71
216420;2707;5,66
216421;2717;5,92
216422;2707;5,66
216423;2705;5,61
216424;2702;5,54
216425;2713;5,81
216426;2701;5,51
216427;2702;5,54
216428;2707;5,66
216429;2704;5,59
216430;2704;5,59
216431;2704;5,59
216432;2708;5,69
216433;2723;6,07
216434;2699;5,46
216435;2704;5,59
216436;2710;5,74
216437;2721;6,02
216438;2704;5,59
216439;2736;6,40
216440;2710;5,74
216441;2715;5,87
216442;2713;5,81
216443;2730;6,24
216444;2714;5,84
216445;2727;6,17
216446;2710;5,74
216447;2711;5,76
216448;2709;5,71
216449;2717;5,92
216450;2719;5,97
216451;2719;5,97
216452;2739;6,47
216453;2724;6,09
216454;2716;5,89
216455;2710;5,74
216456;2719;5,97
216457;2710;5,74
216458;2715;5,87
216459;2720;5,99
216460;2723;6,07
216461;2717;5,92
216462;2710;5,74
216463;2727;6,17
216464;2719;5,97
216465;2719;5,97
216466;2734;6,35
216467;2723;6,07
216468;2721;6,02
216469;2721;6,02
216470;2727;6,17
216471;2711;5,76
216472;2719;5,97
216473;2735;6,37
216474;2719;5,97
216475;2722;6,04
216476;2726;6,14
216477;2721;6,02
216478;2738;6,45
216479;2726;6,14
216480;2725;6,12
216481;2733;6,32
216482;2719;5,97
216483;2727;6,17
216484;2722;6,04
216485;2726;6,14
216486;2720;5,99
216487;2733;6,32
216488;2721;6,02
216489;2726;6,14
216490;2724;6,09
216491;2736;6,40
216492;2718;5,94
216493;2721;6,02
216494;2733;6,32
216495;2730;6,24
216496;2733;6,32
216497;2724;6,09
216498;2736;6,40
216499;2736;6,40
216500;2732;6,30
216501;2717;5,92
216502;2729;6,22
216503;2719;5,97
216504;2735;6,37
216505;2731;6,27
216506;2725;6,12
216507;2769;7,23
216508;2733;6,32
216509;2725;6,12
216510;2730;6,24
216511;2736;6,40
216512;2741;6,52
216513;2739;6,47
216514;2738;6,45
216515;2734;6,35
216516;2736;6,40
216517;2742;6,55
216518;2732;6,30
216519;2736;6,40
216520;2729;6,22
216521;2726;6,14
216522;2734;6,35
216523;2753;6,83
216524;2729;6,22
216525;2725;6,12
216526;2720;5,99
216527;2735;6,37
216528;2726;6,14
216529;2736;6,40
216530;2722;6,04
216531;2725;6,12
216532;2719;5,97
216533;2733;6,32
216534;2725;6,12
216535;2720;5,99
216536;2717;5,92
216537;2719;5,97
216538;2734;6,35
216539;2718;5,94
216540;2722;6,04
216541;2724;6,09
216542;2726;6,14
216543;2725;6,12
216544;2721;6,02
216545;2717;5,92
216546;2723;6,07
216547;2723;6,07
216548;2720;5,99
216549;2718;5,94
216550;2754;6,85
216551;2750;6,75
216552;2719;5,97
216553;2719;5,97
216554;2710;5,74
216555;2711;5,76
216556;2718;5,94
216557;2723;6,07
216558;2719;5,97
216559;2713;5,81
216560;2717;5,92
216561;2703;5,56
216562;2707;5,66
216563;2696;5,38
216564;2711;5,76
216565;2715;5,87
216566;2710;5,74
216567;2706;5,64
216568;2716;5,89
216569;2704;5,59
216570;2704;5,59
216571;2703;5,56
216572;2707;5,66
216573;2710;5,74
216574;2698;5,44
216575;2704;5,59
216576;2718;5,94
216577;2714;5,84
216578;2717;5,92
216579;2704;5,59
216580;2712;5,79
216581;2707;5,66
216582;2706;5,64
216583;2709;5,71
216584;2713;5,81
216585;2704;5,59
216586;2706;5,64
216587;2715;5,87
216588;2720;5,99
216589;2719;5,97
216590;2717;5,92
216591;2723;6,07
216592;2722;6,04
216593;2717;5,92
216594;2714;5,84
216595;2709;5,71
216596;2714;5,84
216597;2719;5,97
216598;2706;5,64
216599;2703;5,56
216600;2704;5,59
216601;2717;5,92
216602;2708;5,69
216603;2725;6,12
216604;2704;5,59
216605;2719;5,97
216606;2711;5,76
216607;2710;5,74
216608;2715;5,87
216609;2714;5,84
216610;2710;5,74
216611;2717;5,92
216612;2718;5,94
216613;2711;5,76
216614;2704;5,59
216615;2709;5,71
216616;2698;5,44
216617;2713;5,81
216618;2705;5,61
216619;2705;5,61
216620;2704;5,59
216621;2705;5,61
216622;2705;5,61
216623;2713;5,81
216624;2696;5,38
216625;2702;5,54
216626;2699;5,46
216627;2719;5,97
216628;2711;5,76
216629;2712;5,79
216630;2697;5,41
216631;2699;5,46
216632;2715;5,87
216633;2720;5,99
216634;2693;5,31
216635;2697;5,41
216636;2714;5,84
216637;2737;6,42
216638;2695;5,36
216639;2720;5,99
216640;2710;5,74
216641;2701;5,51
216642;2707;5,66
216643;2714;5,84
216644;2715;5,87
216645;2713;5,81
216646;2707;5,66
216647;2720;5,99
216648;2715;5,87
216649;2707;5,66
216650;2705;5,61
216651;2711;5,76
216652;2707;5,66
216653;2715;5,87
216654;2722;6,04
216655;2727;6,17
216656;2708;5,69
216657;2735;6,37
216658;2727;6,17
216659;2714;5,84
216660;2720;5,99
216661;2721;6,02
216662;2704;5,59
216663;2708;5,69
216664;2721;6,02
216665;2707;5,66
216666;2721;6,02
216667;2725;6,12
216668;2709;5,71
216669;2718;5,94
216670;2711;5,76
216671;2704;5,59
216672;2722;6,04
216673;2695;5,36
216674;2707;5,66
216675;2725;6,12
216676;2698;5,44
216677;2711;5,76
216678;2726;6,14
216679;2695;5,36
216680;2710;5,74
216681;2731;6,27
216682;2707;5,66
216683;2690;5,23
216684;2725;6,12
216685;2710;5,74
216686;2694;5,33
216687;2719;5,97
216688;2711;5,76
216689;2689;5,21
216690;2710;5,74
216691;2704;5,59
216692;2703;5,56
216693;2705;5,61
216694;2718;5,94
216695;2702;5,54
216696;2717;5,92
216697;2716;5,89
216698;2704;5,59
216699;2705;5,61
216700;2707;5,66
216701;2704;5,59
216702;2704;5,59
216703;2710;5,74
216704;2706;5,64
216705;2713;5,81
216706;2710;5,74
216707;2707;5,66
216708;2702;5,54
216709;2705;5,61
216710;2699;5,46
216711;2702;5,54
216712;2704;5,59
216713;2698;5,44
216714;2697;5,41
216715;2719;5,97
216716;2699;5,46
216717;2705;5,61
216718;2730;6,24
216719;2702;5,54
216720;2693;5,31
216721;2730;6,24
216722;2703;5,56
216723;2704;5,59
216724;2703;5,56
216725;2705;5,61
216726;2707;5,66
216727;2704;5,59
216728;2707;5,66
216729;2702;5,54
216730;2713;5,81
216731;2711;5,76
216732;2704;5,59
216733;2703;5,56
216734;2701;5,51
216735;2704;5,59
216736;2704;5,59
216737;2702;5,54
216738;2718;5,94
216739;2703;5,56
216740;2698;5,44
216741;2705;5,61
216742;2704;5,59
216743;2707;5,66
216744;2705;5,61
216745;2704;5,59
216746;2715;5,87
216747;2715;5,87
216748;2704;5,59
216749;2713;5,81
216750;2704;5,59
216751;2707;5,66
216752;2690;5,23
216753;2706;5,64
216754;2710;5,74
216755;2707;5,66
216756;2704;5,59
216757;2713;5,81
216758;2705;5,61
216759;2720;5,99
216760;2708;5,69
216761;2714;5,84
216762;2715;5,87
216763;2731;6,27
216764;2706;5,64
216765;2715;5,87
216766;2709;5,71
216767;2709;5,71
216768;2727;6,17
216769;2711;5,76
216770;2711;5,76
216771;2718;5,94
216772;2710;5,74
216773;2717;5,92
216774;2711;5,76
216775;2705;5,61
216776;2705;5,61
216777;2704;5,59
216778;2704;5,59
216779;2706;5,64
216780;2704;5,59
216781;2717;5,92
216782;2704;5,59
216783;2705;5,61
216784;2704;5,59
216785;2705;5,61
216786;2704;5,59
216787;2704;5,59
216788;2694;5,33
216789;2704;5,59
216790;2704;5,59
216791;2703;5,56
216792;2701;5,51
216793;2704;5,59
216794;2698;5,44
216795;2705;5,61
216796;2698;5,44
216797;2698;5,44
216798;2698;5,44
216799;2706;5,64
216800;2695;5,36
216801;2705;5,61
216802;2702;5,54
216803;2705;5,61
216804;2699;5,46
216805;2698;5,44
216806;2691;5,26
216807;2705;5,61
216808;2700;5,49
216809;2698;5,44
216810;2703;5,56
216811;2692;5,28
216812;2706;5,64
216813;2704;5,59
216814;2703;5,56
216815;2703;5,56
216816;2689;5,21
216817;2705;5,61
216818;2704;5,59
216819;2697;5,41
216820;2704;5,59
216821;2707;5,66
216822;2707;5,66
216823;2698;5,44
216824;2706;5,64
216825;2705;5,61
216826;2703;5,56
216827;2710;5,74
216828;2706;5,64
216829;2704;5,59
216830;2721;6,02
216831;2706;5,64
216832;2707;5,66
216833;2709;5,71
216834;2719;5,97
216835;2715;5,87
216836;2726;6,14
216837;2714;5,84
216838;2731;6,27
216839;2725;6,12
216840;2718;5,94
216841;2724;6,09
216842;2736;6,40
216843;2723;6,07
216844;2728;6,19
216845;2732;6,30
216846;2731;6,27
216847;2715;5,87
216848;2726;6,14
216849;2737;6,42
216850;2722;6,04
216851;2738;6,45
216852;2742;6,55
216853;2733;6,32
216854;2723;6,07
216855;2726;6,14
216856;2751;6,78
216857;2734;6,35
216858;2710;5,74
216859;2719;5,97
216860;2721;6,02
216861;2729;6,22
216862;2717;5,92
216863;2722;6,04
216864;2709;5,71
216865;2711;5,76
216866;2729;6,22
216867;2706;5,64
216868;2719;5,97
216869;2711;5,76
216870;2703;5,56
216871;2705;5,61
216872;2708;5,69
216873;2703;5,56
216874;2710;5,74
216875;2704;5,59
216876;2701;5,51
216877;2704;5,59
216878;2704;5,59
216879;2690;5,23
216880;2690;5,23
216881;2705;5,61
216882;2704;5,59
216883;2691;5,26
216884;2694;5,33
216885;2701;5,51
216886;2701;5,51
216887;2689;5,21
216888;2698;5,44
216889;2702;5,54
216890;2703;5,56
216891;2694;5,33
216892;2682;5,03
216893;2703;5,56
216894;2706;5,64
216895;2694;5,33
216896;2707;5,66
216897;2704;5,59
216898;2704;5,59
216899;2704;5,59
216900;2703;5,56
216901;2703;5,56
216902;2704;5,59
216903;2704;5,59
216904;2711;5,76
216905;2713;5,81
216906;2709;5,71
216907;2712;5,79
216908;2717;5,92
216909;2717;5,92
216910;2711;5,76
216911;2718;5,94
216912;2717;5,92
216913;2726;6,14
216914;2734;6,35
216915;2710;5,74
216916;2723;6,07
216917;2727;6,17
216918;2719;5,97
216919;2736;6,40
216920;2736;6,40
216921;2717;5,92
216922;2736;6,40
216923;2751;6,78
216924;2733;6,32
216925;2746;6,65
216926;2721;6,02
216927;2747;6,68
216928;2722;6,04
216929;2736;6,40
216930;2723;6,07
216931;2743;6,57
216932;2715;5,87
216933;2736;6,40
216934;2719;5,97
216935;2739;6,47
216936;2714;5,84
216937;2736;6,40
216938;2704;5,59
216939;2727;6,17
216940;2738;6,45
216941;2749;6,73
216942;2719;5,97
216943;2731;6,27
216944;2711;5,76
216945;2729;6,22
216946;2707;5,66
216947;2722;6,04
216948;2705;5,61
216949;2740;6,50
216950;2721;6,02
216951;2730;6,24
216952;2704;5,59
216953;2721;6,02
216954;2704;5,59
216955;2693;5,31
216956;2711;5,76
216957;2703;5,56
216958;2703;5,56
216959;2722;6,04
216960;2704;5,59
216961;2749;6,73
216962;2705;5,61
216963;2736;6,40
216964;2706;5,64
216965;2736;6,40
216966;2703;5,56
216967;2722;6,04
216968;2704;5,59
216969;2727;6,17
216970;2713;5,81
216971;2731;6,27
216972;2715;5,87
216973;2713;5,81
216974;2695;5,36
216975;2734;6,35
216976;2733;6,32
216977;2718;5,94
216978;2689;5,21
216979;2711;5,76
216980;2699;5,46
216981;2733;6,32
216982;2704;5,59
216983;2717;5,92
216984;2679;4,95
216985;2715;5,87
216986;2700;5,49
216987;2736;6,40
216988;2717;5,92
216989;2733;6,32
216990;2702;5,54
216991;2730;6,24
216992;2710;5,74
216993;2733;6,32
216994;2704;5,59
216995;2725;6,12
216996;2706;5,64
216997;2735;6,37
216998;2713;5,81
216999;2731;6,27
217000;2720;5,99
217001;2725;6,12
217002;2729;6,22
217003;2735;6,37
217004;2717;5,92
217005;2735;6,37
217006;2709;5,71
217007;2741;6,52
217008;2721;6,02
217009;2740;6,50
217010;2756;6,90
217011;2699;5,46
217012;2720;5,99
217013;2703;5,56
217014;2726;6,14
217015;2704;5,59
217016;2715;5,87
217017;2704;5,59
217018;2722;6,04
217019;2699;5,46
217020;2714;5,84
217021;2704;5,59
217022;2719;5,97
217023;2704;5,59
217024;2721;6,02
217025;2704;5,59
217026;2729;6,22
217027;2704;5,59
217028;2723;6,07
217029;2730;6,24
217030;2718;5,94
217031;2706;5,64
217032;2722;6,04
217033;2704;5,59
217034;2721;6,02
217035;2705;5,61
217036;2721;6,02
217037;2706;5,64
217038;2715;5,87
217039;2709;5,71
217040;2745;6,62
217041;2710;5,74
217042;2724;6,09
217043;2780;7,51
217044;2733;6,32
217045;2761;7,03
217046;2734;6,35
217047;2758;6,95
217048;2747;6,68
217049;2706;5,64
217050;2719;5,97
217051;2753;6,83
217052;2719;5,97
217053;2703;5,56
217054;2726;6,14
217055;2747;6,68
217056;2736;6,40
217057;2704;5,59
217058;2718;5,94
217059;2773;7,33
217060;2715;5,87
217061;2704;5,59
217062;2719;5,97
217063;2694;5,33
217064;2719;5,97
217065;2709;5,71
217066;2703;5,56
217067;2695;5,36
217068;2750;6,75
217069;2693;5,31
217070;2729;6,22
217071;2692;5,28
217072;2706;5,64
217073;2735;6,37
217074;2705;5,61
217075;2752;6,80
217076;2713;5,81
217077;2698;5,44
217078;2707;5,66
217079;2686;5,13
217080;2736;6,40
217081;2687;5,16
217082;2706;5,64
217083;2693;5,31
217084;2714;5,84
217085;2695;5,36
217086;2721;6,02
217087;2693;5,31
217088;2732;6,30
217089;2747;6,68
217090;2717;5,92
217091;2704;5,59
217092;2726;6,14
217093;2743;6,57
217094;2730;6,24
217095;2708;5,69
217096;2727;6,17
217097;2752;6,80
217098;2731;6,27
217099;2759;6,98
217100;2717;5,92
217101;2708;5,69
217102;2726;6,14
217103;2720;5,99
217104;2731;6,27
217105;2711;5,76
217106;2722;6,04
217107;2711;5,76
217108;2717;5,92
217109;2717;5,92
217110;2726;6,14
217111;2736;6,40
217112;2735;6,37
217113;2704;5,59
217114;2731;6,27
217115;2758;6,95
217116;2721;6,02
217117;2717;5,92
217118;2736;6,40
217119;2731;6,27
217120;2729;6,22
217121;2714;5,84
217122;2733;6,32
217123;2707;5,66
217124;2727;6,17
217125;2778;7,46
217126;2722;6,04
217127;2714;5,84
217128;2725;6,12
217129;2749;6,73
217130;2730;6,24
217131;2707;5,66
217132;2722;6,04
217133;2724;6,09
217134;2727;6,17
217135;2708;5,69
217136;2724;6,09
217137;2762;7,05
217138;2723;6,07
217139;2715;5,87
217140;2725;6,12
217141;2719;5,97
217142;2733;6,32
217143;2719;5,97
217144;2727;6,17
217145;2716;5,89
217146;2725;6,12
217147;2715;5,87
217148;2721;6,02
217149;2708;5,69
217150;2736;6,40
217151;2717;5,92
217152;2736;6,40
217153;2704;5,59
217154;2720;5,99
217155;2709;5,71
217156;2718;5,94
217157;2705;5,61
217158;2729;6,22
217159;2749;6,73
217160;2743;6,57
217161;2699;5,46
217162;2717;5,92
217163;2704;5,59
217164;2727;6,17
217165;2745;6,62
217166;2706;5,64
217167;2697;5,41
217168;2719;5,97
217169;2737;6,42
217170;2717;5,92
217171;2691;5,26
217172;2704;5,59
217173;2694;5,33
217174;2704;5,59
217175;2747;6,68
217176;2714;5,84
217177;2703;5,56
217178;2707;5,66
217179;2724;6,09
217180;2713;5,81
217181;2742;6,55
217182;2733;6,32
217183;2698;5,44
217184;2722;6,04
217185;2762;7,05
217186;2724;6,09
217187;2707;5,66
217188;2727;6,17
217189;2733;6,32
217190;2726;6,14
217191;2757;6,93
217192;2733;6,32
217193;2719;5,97
217194;2734;6,35
217195;2712;5,79
217196;2768;7,21
217197;2739;6,47
217198;2746;6,65
217199;2779;7,48
217200;2726;6,14
217201;2736;6,40
217202;2727;6,17
217203;2752;6,80
217204;2731;6,27
217205;2707;5,66
217206;2729;6,22
217207;2775;7,38
217208;2743;6,57
217209;2706;5,64
217210;2741;6,52
217211;2718;5,94
217212;2726;6,14
217213;2704;5,59
217214;2725;6,12
217215;2710;5,74
217216;2726;6,14
217217;2704;5,59
217218;2719;5,97
217219;2697;5,41
217220;2730;6,24
217221;2700;5,49
217222;2707;5,66
217223;2733;6,32
217224;2702;5,54
217225;2693;5,31
217226;2704;5,59
217227;2692;5,28
217228;2704;5,59
217229;2686;5,13
217230;2709;5,71
217231;2685;5,11
217232;2714;5,84
217233;2734;6,35
217234;2715;5,87
217235;2721;6,02
217236;2686;5,13
217237;2735;6,37
217238;2703;5,56
217239;2686;5,13
217240;2704;5,59
217241;2708;5,69
217242;2711;5,76
217243;2720;5,99
217244;2725;6,12
217245;2690;5,23
217246;2717;5,92
217247;2690;5,23
217248;2706;5,64
217249;2729;6,22
217250;2704;5,59
217251;2686;5,13
217252;2720;5,99
217253;2721;6,02
217254;2734;6,35
217255;2704;5,59
217256;2715;5,87
217257;2714;5,84
217258;2714;5,84
217259;2703;5,56
217260;2721;6,02
217261;2746;6,65
217262;2722;6,04
217263;2706;5,64
217264;2731;6,27
217265;2733;6,32
217266;2723;6,07
217267;2715;5,87
217268;2726;6,14
217269;2747;6,68
217270;2735;6,37
217271;2714;5,84
217272;2727;6,17
217273;2704;5,59
217274;2727;6,17
217275;2736;6,40
217276;2735;6,37
217277;2748;6,70
217278;2736;6,40
217279;2768;7,21
217280;2754;6,85
217281;2709;5,71
217282;2734;6,35
217283;2768;7,21
217284;2723;6,07
217285;2703;5,56
217286;2725;6,12
217287;2709;5,71
217288;2732;6,30
217289;2706;5,64
217290;2719;5,97
217291;2695;5,36
217292;2708;5,69
217293;2688;5,18
217294;2721;6,02
217295;2702;5,54
217296;2713;5,81
217297;2723;6,07
217298;2704;5,59
217299;2695;5,36
217300;2721;6,02
217301;2738;6,45
217302;2729;6,22
217303;2745;6,62
217304;2717;5,92
217305;2748;6,70
217306;2711;5,76
217307;2775;7,38
217308;2712;5,79
217309;2700;5,49
217310;2717;5,92
217311;2739;6,47
217312;2727;6,17
217313;2752;6,80
217314;2723;6,07
217315;2703;5,56
217316;2724;6,09
217317;2706;5,64
217318;2731;6,27
217319;2707;5,66
217320;2730;6,24
217321;2709;5,71
217322;2731;6,27
217323;2717;5,92
217324;2739;6,47
217325;2788;7,71
217326;2741;6,52
217327;2718;5,94
217328;2739;6,47
217329;2722;6,04
217330;2767;7,18
217331;2738;6,45
217332;2746;6,65
217333;2721;6,02
217334;2731;6,27
217335;2722;6,04
217336;2743;6,57
217337;2727;6,17
217338;2742;6,55
217339;2713;5,81
217340;2739;6,47
217341;2707;5,66
217342;2731;6,27
217343;2720;5,99
217344;2736;6,40
217345;2704;5,59
217346;2738;6,45
217347;2709;5,71
217348;2731;6,27
217349;2709;5,71
217350;2727;6,17
217351;2739;6,47
217352;2727;6,17
217353;2714;5,84
217354;2726;6,14
217355;2691;5,26
217356;2721;6,02
217357;2727;6,17
217358;2731;6,27
217359;2754;6,85
217360;2740;6,50
217361;2714;5,84
217362;2733;6,32
217363;2747;6,68
217364;2717;5,92
217365;2709;5,71
217366;2735;6,37
217367;2706;5,64
217368;2717;5,92
217369;2721;6,02
217370;2757;6,93
217371;2716;5,89
217372;2729;6,22
217373;2753;6,83
217374;2726;6,14
217375;2708;5,69
217376;2720;5,99
217377;2704;5,59
217378;2749;6,73
217379;2704;5,59
217380;2736;6,40
217381;2751;6,78
217382;2733;6,32
217383;2704;5,59
217384;2723;6,07
217385;2704;5,59
217386;2721;6,02
217387;2721;6,02
217388;2736;6,40
217389;2731;6,27
217390;2724;6,09
217391;2715;5,87
217392;2738;6,45
217393;2752;6,80
217394;2734;6,35
217395;2749;6,73
217396;2736;6,40
217397;2709;5,71
217398;2735;6,37
217399;2736;6,40
217400;2730;6,24
217401;2767;7,18
217402;2736;6,40
217403;2743;6,57
217404;2739;6,47
217405;2767;7,18
217406;2736;6,40
217407;2767;7,18
217408;2749;6,73
217409;2716;5,89
217410;2749;6,73
217411;2771;7,28
217412;2749;6,73
217413;2725;6,12
217414;2787;7,69
217415;2768;7,21
217416;2752;6,80
217417;2729;6,22
217418;2752;6,80
217419;2735;6,37
217420;2750;6,75
217421;2777;7,43
217422;2750;6,75
217423;2749;6,73
217424;2746;6,65
217425;2730;6,24
217426;2737;6,42
217427;2725;6,12
217428;2753;6,83
217429;2727;6,17
217430;2751;6,78
217431;2725;6,12
217432;2736;6,40
217433;2773;7,33
217434;2742;6,55
217435;2802;8,07
217436;2745;6,62
217437;2774;7,36
217438;2738;6,45
217439;2721;6,02
217440;2737;6,42
217441;2724;6,09
217442;2746;6,65
217443;2741;6,52
217444;2732;6,30
217445;2752;6,80
217446;2738;6,45
217447;2740;6,50
217448;2739;6,47
217449;2715;5,87
217450;2743;6,57
217451;2753;6,83
217452;2747;6,68
217453;2717;5,92
217454;2736;6,40
217455;2718;5,94
217456;2737;6,42
217457;2747;6,68
217458;2740;6,50
217459;2711;5,76
217460;2739;6,47
217461;2751;6,78
217462;2727;6,17
217463;2719;5,97
217464;2720;5,99
217465;2715;5,87
217466;2736;6,40
217467;2759;6,98
217468;2738;6,45
217469;2768;7,21
217470;2749;6,73
217471;2715;5,87
217472;2737;6,42
217473;2768;7,21
217474;2742;6,55
217475;2737;6,42
217476;2749;6,73
217477;2725;6,12
217478;2750;6,75
217479;2777;7,43
217480;2764;7,11
217481;2727;6,17
217482;2746;6,65
217483;2736;6,40
217484;2752;6,80
217485;2736;6,40
217486;2752;6,80
217487;2736;6,40
217488;2768;7,21
217489;2736;6,40
217490;2761;7,03
217491;2735;6,37
217492;2783;7,59
217493;2733;6,32
217494;2764;7,11
217495;2732;6,30
217496;2754;6,85
217497;2781;7,54
217498;2758;6,95
217499;2741;6,52
217500;2752;6,80
217501;2725;6,12
217502;2751;6,78
217503;2736;6,40
217504;2752;6,80
217505;2759;6,98
217506;2745;6,62
217507;2770;7,26
217508;2758;6,95
217509;2720;5,99
217510;2752;6,80
217511;2720;5,99
217512;2738;6,45
217513;2733;6,32
217514;2736;6,40
217515;2713;5,81
217516;2736;6,40
217517;2721;6,02
217518;2747;6,68
217519;2716;5,89
217520;2750;6,75
217521;2751;6,78
217522;2736;6,40
217523;2751;6,78
217524;2742;6,55
217525;2717;5,92
217526;2741;6,52
217527;2719;5,97
217528;2738;6,45
217529;2712;5,79
217530;2733;6,32
217531;2722;6,04
217532;2743;6,57
217533;2719;5,97
217534;2741;6,52
217535;2730;6,24
217536;2741;6,52
217537;2751;6,78
217538;2762;7,05
217539;2749;6,73
217540;2746;6,65
217541;2762;7,05
217542;2751;6,78
217543;2726;6,14
217544;2736;6,40
217545;2736;6,40
217546;2736;6,40
217547;2713;5,81
217548;2736;6,40
217549;2733;6,32
217550;2739;6,47
217551;2758;6,95
217552;2746;6,65
217553;2715;5,87
217554;2725;6,12
217555;2707;5,66
217556;2738;6,45
217557;2766;7,16
217558;2741;6,52
217559;2737;6,42
217560;2731;6,27
217561;2733;6,32
217562;2739;6,47
217563;2749;6,73
217564;2734;6,35
217565;2706;5,64
217566;2736;6,40
217567;2719;5,97
217568;2719;5,97
217569;2709;5,71
217570;2721;6,02
217571;2731;6,27
217572;2719;5,97
217573;2708;5,69
217574;2741;6,52
217575;2752;6,80
217576;2738;6,45
217577;2719;5,97
217578;2727;6,17
217579;2768;7,21
217580;2743;6,57
217581;2771;7,28
217582;2736;6,40
217583;2712;5,79
217584;2734;6,35
217585;2715;5,87
217586;2731;6,27
217587;2742;6,55
217588;2736;6,40
217589;2720;5,99
217590;2736;6,40
217591;2720;5,99
217592;2739;6,47
217593;2731;6,27
217594;2740;6,50
217595;2724;6,09
217596;2747;6,68
217597;2729;6,22
217598;2743;6,57
217599;2735;6,37
217600;2754;6,85
217601;2751;6,78
217602;2739;6,47
217603;2719;5,97
217604;2743;6,57
217605;2757;6,93
217606;2736;6,40
217607;2736;6,40
217608;2743;6,57
217609;2718;5,94
217610;2739;6,47
217611;2747;6,68
217612;2746;6,65
217613;2715;5,87
217614;2754;6,85
217615;2719;5,97
217616;2752;6,80
217617;2733;6,32
217618;2735;6,37
217619;2751;6,78
217620;2757;6,93
217621;2751;6,78
217622;2741;6,52
217623;2753;6,83
217624;2736;6,40
217625;2710;5,74
217626;2743;6,57
217627;2741;6,52
217628;2753;6,83
217629;2759;6,98
217630;2730;6,24
217631;2737;6,42
217632;2727;6,17
217633;2713;5,81
217634;2724;6,09
217635;2711;5,76
217636;2731;6,27
217637;2741;6,52
217638;2738;6,45
217639;2721;6,02
217640;2747;6,68
217641;2748;6,70
217642;2730;6,24
217643;2719;5,97
217644;2726;6,14
217645;2731;6,27
217646;2736;6,40
217647;2713;5,81
217648;2746;6,65
217649;2713;5,81
217650;2736;6,40
217651;2720;5,99
217652;2740;6,50
217653;2727;6,17
217654;2736;6,40
217655;2717;5,92
217656;2752;6,80
217657;2769;7,23
217658;2736;6,40
217659;2721;6,02
217660;2773;7,33
217661;2748;6,70
217662;2739;6,47
217663;2719;5,97
217664;2739;6,47
217665;2717;5,92
217666;2720;5,99
217667;2736;6,40
217668;2747;6,68
217669;2683;5,06
217670;2741;6,52
217671;2719;5,97
217672;2739;6,47
217673;2715;5,87
217674;2732;6,30
217675;2721;6,02
217676;2746;6,65
217677;2719;5,97
217678;2736;6,40
217679;2709;5,71
217680;2737;6,42
217681;2717;5,92
217682;2741;6,52
217683;2706;5,64
217684;2742;6,55
217685;2705;5,61
217686;2724;6,09
217687;2707;5,66
217688;2726;6,14
217689;2717;5,92
217690;2720;5,99
217691;2711;5,76
217692;2736;6,40
217693;2706;5,64
217694;2730;6,24
217695;2704;5,59
217696;2727;6,17
217697;2715;5,87
217698;2722;6,04
217699;2748;6,70
217700;2735;6,37
217701;2704;5,59
217702;2753;6,83
217703;2735;6,37
217704;2719;5,97
217705;2704;5,59
217706;2741;6,52
217707;2707;5,66
217708;2739;6,47
217709;2714;5,84
217710;2730;6,24
217711;2736;6,40
217712;2759;6,98
217713;2710;5,74
217714;2717;5,92
217715;2705;5,61
217716;2733;6,32
217717;2718;5,94
217718;2731;6,27
217719;2703;5,56
217720;2729;6,22
217721;2702;5,54
217722;2736;6,40
217723;2709;5,71
217724;2720;5,99
217725;2708;5,69
217726;2736;6,40
217727;2711;5,76
217728;2736;6,40
217729;2720;5,99
217730;2707;5,66
217731;2705;5,61
217732;2730;6,24
217733;2723;6,07
217734;2723;6,07
217735;2773;7,33
217736;2722;6,04
217737;2736;6,40
217738;2728;6,19
217739;2699;5,46
217740;2732;6,30
217741;2699;5,46
217742;2718;5,94
217743;2704;5,59
217744;2731;6,27
217745;2693;5,31
217746;2736;6,40
217747;2698;5,44
217748;2733;6,32
217749;2734;6,35
217750;2715;5,87
217751;2694;5,33
217752;2710;5,74
217753;2695;5,36
217754;2715;5,87
217755;2702;5,54
217756;2730;6,24
217757;2702;5,54
217758;2715;5,87
217759;2700;5,49
217760;2720;5,99
217761;2694;5,33
217762;2724;6,09
217763;2687;5,16
217764;2721;6,02
217765;2694;5,33
217766;2720;5,99
217767;2701;5,51
217768;2715;5,87
217769;2704;5,59
217770;2711;5,76
217771;2736;6,40
217772;2723;6,07
217773;2722;6,04
217774;2705;5,61
217775;2718;5,94
217776;2734;6,35
217777;2701;5,51
217778;2735;6,37
217779;2710;5,74
217780;2715;5,87
217781;2707;5,66
217782;2720;5,99
217783;2693;5,31
217784;2722;6,04
217785;2691;5,26
217786;2722;6,04
217787;2701;5,51
217788;2713;5,81
217789;2720;5,99
217790;2728;6,19
217791;2700;5,49
217792;2711;5,76
217793;2702;5,54
217794;2706;5,64
217795;2721;6,02
217796;2725;6,12
217797;2693;5,31
217798;2737;6,42
217799;2752;6,80
217800;2726;6,14
217801;2726;6,14
217802;2734;6,35
217803;2698;5,44
217804;2721;6,02
217805;2703;5,56
217806;2724;6,09
217807;2688;5,18
217808;2714;5,84
217809;2691;5,26
217810;2718;5,94
217811;2688;5,18
217812;2711;5,76
217813;2687;5,16
217814;2709;5,71
217815;2677;4,90
217816;2711;5,76
217817;2688;5,18
217818;2719;5,97
217819;2679;4,95
217820;2711;5,76
217821;2683;5,06
217822;2718;5,94
217823;2711;5,76
217824;2694;5,33
217825;2719;5,97
217826;2715;5,87
217827;2701;5,51
217828;2712;5,79
217829;2685;5,11
217830;2722;6,04
217831;2694;5,33
217832;2706;5,64
217833;2691;5,26
217834;2715;5,87
217835;2704;5,59
217836;2708;5,69
217837;2687;5,16
217838;2711;5,76
217839;2688;5,18
217840;2721;6,02
217841;2695;5,36
217842;2714;5,84
217843;2716;5,89
217844;2706;5,64
217845;2691;5,26
217846;2746;6,65
217847;2745;6,62
217848;2722;6,04
217849;2689;5,21
217850;2725;6,12
217851;2718;5,94
217852;2715;5,87
217853;2691;5,26
217854;2722;6,04
217855;2698;5,44
217856;2767;7,18
217857;2703;5,56
217858;2704;5,59
217859;2720;5,99
217860;2711;5,76
217861;2691;5,26
217862;2761;7,03
217863;2697;5,41
217864;2727;6,17
217865;2690;5,23
217866;2715;5,87
217867;2693;5,31
217868;2719;5,97
217869;2674;4,83
217870;2710;5,74
217871;2685;5,11
217872;2710;5,74
217873;2690;5,23
217874;2717;5,92
217875;2701;5,51
217876;2721;6,02
217877;2722;6,04
217878;2734;6,35
217879;2690;5,23
217880;2722;6,04
217881;2694;5,33
217882;2721;6,02
217883;2703;5,56
217884;2735;6,37
217885;2726;6,14
217886;2726;6,14
217887;2704;5,59
217888;2726;6,14
217889;2711;5,76
217890;2740;6,50
217891;2710;5,74
217892;2727;6,17
217893;2726;6,14
217894;2731;6,27
217895;2708;5,69
217896;2730;6,24
217897;2711;5,76
217898;2736;6,40
217899;2704;5,59
217900;2739;6,47
217901;2706;5,64
217902;2745;6,62
217903;2705;5,61
217904;2735;6,37
217905;2737;6,42
217906;2732;6,30
217907;2707;5,66
217908;2725;6,12
217909;2709;5,71
217910;2737;6,42
217911;2711;5,76
217912;2736;6,40
217913;2714;5,84
217914;2743;6,57
217915;2736;6,40
217916;2734;6,35
217917;2710;5,74
217918;2747;6,68
217919;2746;6,65
217920;2736;6,40
217921;2715;5,87
217922;2725;6,12
217923;2702;5,54
217924;2736;6,40
217925;2701;5,51
217926;2734;6,35
217927;2702;5,54
217928;2723;6,07
217929;2700;5,49
217930;2736;6,40
217931;2702;5,54
217932;2726;6,14
217933;2719;5,97
217934;2720;5,99
217935;2727;6,17
217936;2739;6,47
217937;2700;5,49
217938;2719;5,97
217939;2715;5,87
217940;2717;5,92
217941;2693;5,31
217942;2735;6,37
217943;2702;5,54
217944;2720;5,99
217945;2695;5,36
217946;2736;6,40
217947;2708;5,69
217948;2746;6,65
217949;2700;5,49
217950;2729;6,22
217951;2701;5,51
217952;2715;5,87
217953;2703;5,56
217954;2729;6,22
217955;2701;5,51
217956;2730;6,24
217957;2709;5,71
217958;2729;6,22
217959;2695;5,36
217960;2719;5,97
217961;2701;5,51
217962;2732;6,30
217963;2731;6,27
217964;2730;6,24
217965;2703;5,56
217966;2736;6,40
217967;2703;5,56
217968;2747;6,68
217969;2723;6,07
217970;2736;6,40
217971;2701;5,51
217972;2734;6,35
217973;2706;5,64
217974;2731;6,27
217975;2704;5,59
217976;2730;6,24
217977;2703;5,56
217978;2721;6,02
217979;2703;5,56
217980;2731;6,27
217981;2705;5,61
217982;2725;6,12
217983;2710;5,74
217984;2727;6,17
217985;2721;6,02
217986;2723;6,07
217987;2704;5,59
217988;2738;6,45
217989;2705;5,61
217990;2723;6,07
217991;2694;5,33
217992;2723;6,07
217993;2697;5,41
217994;2727;6,17
217995;2690;5,23
217996;2733;6,32
217997;2691;5,26
217998;2725;6,12
217999;2698;5,44
218000;2708;5,69
218001;2675;4,85
218002;2735;6,37
218003;2697;5,41
218004;2734;6,35
218005;2698;5,44
218006;2704;5,59
218007;2698;5,44
218008;2711;5,76
218009;2690;5,23
218010;2725;6,12
218011;2689;5,21
218012;2707;5,66
218013;2695;5,36
218014;2731;6,27
218015;2706;5,64
218016;2725;6,12
218017;2703;5,56
218018;2720;5,99
218019;2701;5,51
218020;2722;6,04
218021;2704;5,59
218022;2749;6,73
218023;2714;5,84
218024;2736;6,40
218025;2701;5,51
218026;2736;6,40
218027;2707;5,66
218028;2727;6,17
218029;2704;5,59
218030;2750;6,75
218031;2702;5,54
218032;2718;5,94
218033;2709;5,71
218034;2718;5,94
218035;2722;6,04
218036;2735;6,37
218037;2711;5,76
218038;2750;6,75
218039;2699;5,46
218040;2727;6,17
218041;2704;5,59
218042;2736;6,40
218043;2699;5,46
218044;2736;6,40
218045;2715;5,87
218046;2731;6,27
218047;2713;5,81
218048;2731;6,27
218049;2720;5,99
218050;2741;6,52
218051;2707;5,66
218052;2742;6,55
218053;2706;5,64
218054;2736;6,40
218055;2714;5,84
218056;2730;6,24
218057;2709;5,71
218058;2737;6,42
218059;2720;5,99
218060;2751;6,78
218061;2711;5,76
218062;2749;6,73
218063;2735;6,37
218064;2741;6,52
218065;2706;5,64
218066;2751;6,78
218067;2709;5,71
218068;2735;6,37
218069;2715;5,87
218070;2752;6,80
218071;2713;5,81
218072;2741;6,52
218073;2711;5,76
218074;2741;6,52
218075;2715;5,87
218076;2751;6,78
218077;2711;5,76
218078;2739;6,47
218079;2707;5,66
218080;2750;6,75
218081;2710;5,74
218082;2736;6,40
218083;2706;5,64
218084;2768;7,21
218085;2743;6,57
218086;2730;6,24
218087;2739;6,47
218088;2734;6,35
218089;2721;6,02
218090;2737;6,42
218091;2717;5,92
218092;2741;6,52
218093;2707;5,66
218094;2711;5,76
218095;2715;5,87
218096;2737;6,42
218097;2722;6,04
218098;2738;6,45
218099;2715;5,87
218100;2750;6,75
218101;2747;6,68
218102;2751;6,78
218103;2723;6,07
218104;2737;6,42
218105;2717;5,92
218106;2775;7,38
218107;2720;5,99
218108;2743;6,57
218109;2723;6,07
218110;2742;6,55
218111;2738;6,45
218112;2769;7,23
218113;2727;6,17
218114;2758;6,95
218115;2734;6,35
218116;2749;6,73
218117;2736;6,40
218118;2752;6,80
218119;2731;6,27
218120;2772;7,31
218121;2735;6,37
218122;2768;7,21
218123;2734;6,35
218124;2763;7,08
218125;2750;6,75
218126;2758;6,95
218127;2731;6,27
218128;2768;7,21
218129;2731;6,27
218130;2763;7,08
218131;2775;7,38
218132;2763;7,08
218133;2746;6,65
218134;2762;7,05
218135;2730;6,24
218136;2752;6,80
218137;2717;5,92
218138;2771;7,28
218139;2722;6,04
218140;2750;6,75
218141;2733;6,32
218142;2787;7,69
218143;2727;6,17
218144;2767;7,18
218145;2726;6,14
218146;2734;6,35
218147;2724;6,09
218148;2751;6,78
218149;2731;6,27
218150;2746;6,65
218151;2723;6,07
218152;2764;7,11
218153;2728;6,19
218154;2748;6,70
218155;2724;6,09
218156;2770;7,26
218157;2729;6,22
218158;2757;6,93
218159;2726;6,14
218160;2747;6,68
218161;2722;6,04
218162;2751;6,78
218163;2736;6,40
218164;2750;6,75
218165;2742;6,55
218166;2771;7,28
218167;2733;6,32
218168;2755;6,88
218169;2733;6,32
218170;2768;7,21
218171;2755;6,88
218172;2769;7,23
218173;2736;6,40
218174;2758;6,95
218175;2736;6,40
218176;2759;6,98
218177;2742;6,55
218178;2757;6,93
218179;2737;6,42
218180;2768;7,21
218181;2736;6,40
218182;2779;7,48
218183;2741;6,52
218184;2764;7,11
218185;2745;6,62
218186;2763;7,08
218187;2743;6,57
218188;2768;7,21
218189;2768;7,21
218190;2774;7,36
218191;2758;6,95
218192;2770;7,26
218193;2751;6,78
218194;2783;7,59
218195;2752;6,80
218196;2770;7,26
218197;2751;6,78
218198;2775;7,38
218199;2751;6,78
218200;2787;7,69
218201;2755;6,88
218202;2791;7,79
218203;2771;7,28
218204;2785;7,64
218205;2752;6,80
218206;2799;7,99
218207;2753;6,83
218208;2780;7,51
218209;2747;6,68
218210;2782;7,56
218211;2749;6,73
218212;2807;8,19
218213;2749;6,73
218214;2785;7,64
218215;2765;7,13
218216;2799;7,99
218217;2763;7,08
218218;2793;7,84
218219;2767;7,18
218220;2800;8,02
218221;2772;7,31
218222;2783;7,59
218223;2766;7,16
218224;2800;8,02
218225;2770;7,26
218226;2805;8,14
218227;2770;7,26
218228;2801;8,04
218229;2779;7,48
218230;2807;8,19
218231;2783;7,59
218232;2816;8,42
218233;2787;7,69
218234;2816;8,42
218235;2782;7,56
218236;2841;9,05
218237;2783;7,59
218238;2812;8,32
218239;2797;7,94
218240;2832;8,83
218241;2801;8,04
218242;2827;8,70
218243;2815;8,40
218244;2830;8,78
218245;2810;8,27
218246;2836;8,93
218247;2805;8,14
218248;2835;8,90
218249;2807;8,19
218250;2852;9,33
218251;2821;8,55
218252;2858;9,48
218253;2848;9,23
218254;2883;10,12
218255;2832;8,83
218256;2863;9,61
218257;2832;8,83
218258;2885;10,17
218259;2835;8,90
218260;2870;9,79
218261;2845;9,15
218262;2891;10,32
218263;2848;9,23
218264;2865;9,66
218265;2858;9,48
218266;2881;10,07
218267;2858;9,48
218268;2880;10,04
218269;2855;9,41
218270;2880;10,04
218271;2865;9,66
218272;2890;10,29
218273;2869;9,76
218274;2893;10,37
218275;2870;9,79
218276;2903;10,62
218277;2874;9,89
218278;2907;10,72
218279;2880;10,04
218280;2910;10,80
218281;2871;9,81
218282;2897;10,47
218283;2925;11,18
218284;2912;10,85
218285;2887;10,22
218286;2901;10,57
218287;2885;10,17
218288;2902;10,60
218289;2891;10,32
218290;2923;11,13
218291;2897;10,47
218292;2929;11,28
218293;2938;11,51
218294;2934;11,41
218295;2914;10,90
218296;2938;11,51
218297;2905;10,67
218298;2921;11,08
218299;2906;10,70
218300;2938;11,51
218301;2964;12,17
218302;2934;11,41
218303;2902;10,60
218304;2927;11,23
218305;2907;10,72
218306;2930;11,31
218307;2913;10,88
218308;2948;11,76
218309;2916;10,95
218310;2934;11,41
218311;2915;10,93
218312;2939;11,53
218313;2923;11,13
218314;2938;11,51
218315;2919;11,03
218316;2928;11,26
218317;2926;11,20
218318;2949;11,79
218319;2947;11,74
218320;2972;12,37
218321;2930;11,31
218322;2950;11,81
218323;2946;11,71
218324;2951;11,84
218325;2928;11,26
218326;2959;12,04
218327;2943;11,63
218328;2960;12,06
218329;2939;11,53
218330;2957;11,99
218331;2949;11,79
218332;2951;11,84
218333;2914;10,90
218334;2954;11,91
218335;2929;11,28
218336;2945;11,69
218337;2931;11,33
218338;2945;11,69
218339;2939;11,53
218340;2949;11,79
218341;2928;11,26
218342;2954;11,91
218343;2928;11,26
218344;2950;11,81
218345;2934;11,41
218346;2960;12,06
218347;2934;11,41
218348;2941;11,58
218349;2954;11,91
218350;2948;11,76
218351;2927;11,23
218352;2945;11,69
218353;2935;11,43
218354;2951;11,84
218355;2942;11,61
218356;2950;11,81
218357;2934;11,41
218358;2941;11,58
218359;2937;11,48
218360;2954;11,91
218361;2950;11,81
218362;2952;11,86
218363;2941;11,58
218364;2941;11,58
218365;2922;11,10
218366;2950;11,81
218367;2928;11,26
218368;2937;11,48
218369;2927;11,23
218370;2951;11,84
218371;2958;12,01
218372;2960;12,06
218373;2931;11,33
218374;2943;11,63
218375;2933;11,38
218376;2938;11,51
218377;2939;11,53
218378;2965;12,19
218379;2943;11,63
218380;2961;12,09
218381;2949;11,79
218382;2960;12,06
218383;2947;11,74
218384;2973;12,39
218385;2944;11,66
218386;2966;12,22
218387;2951;11,84
218388;2986;12,72
218389;2948;11,76
218390;2968;12,27
218391;2951;11,84
218392;2979;12,55
218393;2949;11,79
218394;2971;12,34
218395;2961;12,09
218396;2940;11,56
218397;2953;11,89
218398;2971;12,34
218399;2942;11,61
218400;2971;12,34
218401;2971;12,34
218402;2980;12,57
218403;2949;11,79
218404;2976;12,47
218405;2938;11,51
218406;2975;12,44
218407;2941;11,58
218408;2957;11,99
218409;2945;11,69
218410;2962;12,12
218411;2944;11,66
218412;2941;11,58
218413;2950;11,81
218414;2967;12,24
218415;2947;11,74
218416;2958;12,01
218417;2937;11,48
218418;2966;12,22
218419;2944;11,66
218420;2970;12,32
218421;2939;11,53
218422;2931;11,33
218423;2932;11,36
218424;2961;12,09
218425;2934;11,41
218426;2961;12,09
218427;2937;11,48
218428;2954;11,91
218429;2931;11,33
218430;2887;10,22
218431;2923;11,13
218432;2954;11,91
218433;2922;11,10
218434;2946;11,71
218435;2919;11,03
218436;2944;11,66
218437;2915;10,93
218438;2946;11,71
218439;2917;10,98
218440;2960;12,06
218441;2914;10,90
218442;2945;11,69
218443;2919;11,03
218444;2954;11,91
218445;2927;11,23
218446;2937;11,48
218447;2915;10,93
218448;2943;11,63
218449;2918;11,00
218450;2922;11,10
218451;2911;10,82
218452;2951;11,84
218453;2919;11,03
218454;2938;11,51
218455;2913;10,88
218456;2939;11,53
218457;2908;10,75
218458;2941;11,58
218459;2930;11,31
218460;2932;11,36
218461;2901;10,57
218462;2951;11,84
218463;2938;11,51
218464;2949;11,79
218465;2946;11,71
218466;2960;12,06
218467;2949;11,79
218468;2960;12,06
218469;2935;11,43
218470;2962;12,12
218471;2938;11,51
218472;2955;11,94
218473;2943;11,63
218474;2967;12,24
218475;2935;11,43
218476;2944;11,66
218477;2921;11,08
218478;2950;11,81
218479;2919;11,03
218480;2923;11,13
218481;2927;11,23
218482;2945;11,69
218483;2898;10,50
218484;2931;11,33
218485;2893;10,37
218486;2901;10,57
218487;2881;10,07
218488;2909;10,77
218489;2873;9,86
218490;2881;10,07
218491;2851;9,31
218492;2879;10,02
218493;2867;9,71
218494;2903;10,62
218495;2875;9,91
218496;2880;10,04
218497;2864;9,64
218498;2896;10,45
218499;2881;10,07
218500;2919;11,03
218501;2896;10,45
218502;2909;10,77
218503;2928;11,26
218504;2910;10,80
218505;2903;10,62
218506;2927;11,23
218507;2911;10,82
218508;2914;10,90
218509;2874;9,89
218510;2896;10,45
218511;2905;10,67
218512;2921;11,08
218513;2880;10,04
218514;2903;10,62
218515;2880;10,04
218516;2905;10,67
218517;2879;10,02
218518;2901;10,57
218519;2887;10,22
218520;2926;11,20
218521;2889;10,27
218522;2914;10,90
218523;2884;10,14
218524;2928;11,26
218525;2891;10,32
218526;2918;11,00
218527;2879;10,02
218528;2914;10,90
218529;2890;10,29
218530;2915;10,93
218531;2880;10,04
218532;2912;10,85
218533;2870;9,79
218534;2887;10,22
218535;2849;9,26
218536;2869;9,76
218537;2859;9,51
218538;2880;10,04
218539;2862;9,59
218540;2860;9,53
218541;2829;8,75
218542;2826;8,67
218543;2821;8,55
218544;2849;9,26
218545;2819;8,50
218546;2869;9,76
218547;2854;9,38
218548;2881;10,07
218549;2876;9,94
218550;2885;10,17
218551;2854;9,38
218552;2887;10,22
218553;2879;10,02
218554;2891;10,32
218555;2863;9,61
218556;2887;10,22
218557;2861;9,56
218558;2928;11,26
218559;2890;10,29
218560;2924;11,15
218561;2880;10,04
218562;2928;11,26
218563;2865;9,66
218564;2901;10,57
218565;2871;9,81
218566;2926;11,20
218567;2875;9,91
218568;2922;11,10
218569;2886;10,19
218570;2918;11,00
218571;2886;10,19
218572;2889;10,27
218573;2859;9,51
218574;2885;10,17
218575;2864;9,64
218576;2883;10,12
218577;2852;9,33
218578;2871;9,81
218579;2852;9,33
218580;2865;9,66
218581;2833;8,85
218582;2866;9,69
218583;2818;8,47
218584;2849;9,26
218585;2807;8,19
218586;2832;8,83
218587;2804;8,12
218588;2848;9,23
218589;2816;8,42
218590;2833;8,85
218591;2817;8,45
218592;2861;9,56
218593;2831;8,80
218594;2875;9,91
218595;2822;8,57
218596;2853;9,36
218597;2832;8,83
218598;2894;10,39
218599;2837;8,95
218600;2879;10,02
218601;2863;9,61
218602;2880;10,04
218603;2851;9,31
218604;2886;10,19
218605;2857;9,46
218606;2890;10,29
218607;2862;9,59
218608;2896;10,45
218609;2855;9,41
218610;2898;10,50
218611;2869;9,76
218612;2897;10,47
218613;2874;9,89
218614;2896;10,45
218615;2892;10,34
218616;2912;10,85
218617;2875;9,91
218618;2896;10,45
218619;2875;9,91
218620;2903;10,62
218621;2870;9,79
218622;2895;10,42
218623;2875;9,91
218624;2881;10,07
218625;2848;9,23
218626;2877;9,96
218627;2864;9,64
218628;2864;9,64
218629;2827;8,70
218630;2851;9,31
218631;2814;8,37
218632;2836;8,93
218633;2800;8,02
218634;2820;8,52
218635;2799;7,99
218636;2830;8,78
218637;2801;8,04
218638;2842;9,08
218639;2801;8,04
218640;2829;8,75
218641;2800;8,02
218642;2828;8,72
218643;2791;7,79
218644;2822;8,57
218645;2787;7,69
218646;2827;8,70
218647;2799;7,99
218648;2810;8,27
218649;2799;7,99
218650;2816;8,42
218651;2797;7,94
218652;2827;8,70
218653;2789;7,74
218654;2830;8,78
218655;2800;8,02
218656;2834;8,88
218657;2800;8,02
218658;2842;9,08
218659;2862;9,59
218660;2839;9,00
218661;2811;8,29
218662;2859;9,51
218663;2823;8,60
218664;2863;9,61
218665;2827;8,70
218666;2861;9,56
218667;2834;8,88
218668;2853;9,36
218669;2876;9,94
218670;2863;9,61
218671;2830;8,78
218672;2864;9,64
218673;2832;8,83
218674;2870;9,79
218675;2876;9,94
218676;2878;9,99
218677;2821;8,55
218678;2848;9,23
218679;2838;8,98
218680;2832;8,83
218681;2800;8,02
218682;2832;8,83
218683;2795;7,89
218684;2832;8,83
218685;2791;7,79
218686;2805;8,14
218687;2819;8,50
218688;2791;7,79
218689;2795;7,89
218690;2790;7,76
218691;2768;7,21
218692;2800;8,02
218693;2768;7,21
218694;2800;8,02
218695;2800;8,02
218696;2809;8,24
218697;2770;7,26
218698;2811;8,29
218699;2807;8,19
218700;2815;8,40
218701;2826;8,67
218702;2817;8,45
218703;2791;7,79
218704;2816;8,42
218705;2779;7,48
218706;2829;8,75
218707;2791;7,79
218708;2816;8,42
218709;2801;8,04
218710;2831;8,80
218711;2821;8,55
218712;2853;9,36
218713;2864;9,64
218714;2861;9,56
218715;2864;9,64
218716;2866;9,69
218717;2862;9,59
218718;2863;9,61
218719;2832;8,83
218720;2882;10,09
218721;2865;9,66
218722;2877;9,96
218723;2877;9,96
218724;2873;9,86
218725;2832;8,83
218726;2864;9,64
218727;2864;9,64
218728;2864;9,64
218729;2820;8,52
218730;2855;9,41
218731;2816;8,42
218732;2853;9,36
218733;2837;8,95
218734;2864;9,64
218735;2816;8,42
218736;2829;8,75
218737;2799;7,99
218738;2839;9,00
218739;2809;8,24
218740;2831;8,80
218741;2830;8,78
218742;2832;8,83
218743;2785;7,64
218744;2833;8,85
218745;2783;7,59
218746;2820;8,52
218747;2826;8,67
218748;2811;8,29
218749;2804;8,12
218750;2800;8,02
218751;2783;7,59
218752;2799;7,99
218753;2755;6,88
218754;2799;7,99
218755;2787;7,69
218756;2827;8,70
218757;2775;7,38
218758;2803;8,09
218759;2789;7,74
218760;2783;7,59
218761;2773;7,33
218762;2809;8,24
218763;2821;8,55
218764;2819;8,50
218765;2800;8,02
218766;2827;8,70
218767;2832;8,83
218768;2849;9,26
218769;2834;8,88
218770;2794;7,86
218771;2787;7,69
218772;2819;8,50
218773;2804;8,12
218774;2832;8,83
218775;2842;9,08
218776;2837;8,95
218777;2853;9,36
218778;2840;9,03
218779;2864;9,64
218780;2802;8,07
218781;2818;8,47
218782;2827;8,70
218783;2833;8,85
218784;2842;9,08
218785;2853;9,36
218786;2797;7,94
218787;2775;7,38
218788;2808;8,22
218789;2799;7,99
218790;2811;8,29
218791;2788;7,71
218792;2822;8,57
218793;2756;6,90
218794;2779;7,48
218795;2749;6,73
218796;2784;7,61
218797;2746;6,65
218798;2789;7,74
218799;2803;8,09
218800;2777;7,43
218801;2734;6,35
218802;2769;7,23
218803;2784;7,61
218804;2790;7,76
218805;2798;7,97
218806;2782;7,56
218807;2768;7,21
218808;2789;7,74
218809;2801;8,04
218810;2806;8,17
218811;2799;7,99
218812;2790;7,76
218813;2775;7,38
218814;2815;8,40
218815;2773;7,33
218816;2823;8,60
218817;2790;7,76
218818;2837;8,95
218819;2839;9,00
218820;2822;8,57
218821;2830;8,78
218822;2833;8,85
218823;2800;8,02
218824;2829;8,75
218825;2831;8,80
218826;2828;8,72
218827;2839;9,00
218828;2831;8,80
218829;2823;8,60
218830;2831;8,80
218831;2823;8,60
218832;2815;8,40
218833;2825;8,65
218834;2834;8,88
218835;2819;8,50
218836;2827;8,70
218837;2763;7,08
218838;2822;8,57
218839;2775;7,38
218840;2805;8,14
218841;2795;7,89
218842;2767;7,18
218843;2761;7,03
218844;2798;7,97
218845;2800;8,02
218846;2797;7,94
218847;2801;8,04
218848;2781;7,54
218849;2785;7,64
218850;2782;7,56
218851;2786;7,66
218852;2800;8,02
218853;2797;7,94
218854;2790;7,76
218855;2813;8,35
218856;2803;8,09
218857;2815;8,40
218858;2807;8,19
218859;2800;8,02
218860;2803;8,09
218861;2799;7,99
218862;2815;8,40
218863;2809;8,24
218864;2805;8,14
218865;2819;8,50
218866;2813;8,35
218867;2821;8,55
218868;2819;8,50
218869;2818;8,47
218870;2815;8,40
218871;2816;8,42
218872;2816;8,42
218873;2791;7,79
218874;2832;8,83
218875;2806;8,17
218876;2845;9,15
218877;2796;7,91
218878;2817;8,45
218879;2819;8,50
218880;2827;8,70
218881;2820;8,52
218882;2829;8,75
218883;2810;8,27
218884;2809;8,24
218885;2821;8,55
218886;2821;8,55
218887;2805;8,14
218888;2794;7,86
218889;2807;8,19
218890;2812;8,32
218891;2819;8,50
218892;2811;8,29
218893;2823;8,60
218894;2825;8,65
218895;2815;8,40
218896;2797;7,94
218897;2811;8,29
218898;2818;8,47
218899;2833;8,85
218900;2823;8,60
218901;2854;9,38
218902;2854;9,38
218903;2831;8,80
218904;2847;9,21
218905;2830;8,78
218906;2842;9,08
218907;2832;8,83
218908;2802;8,07
218909;2851;9,31
218910;2840;9,03
218911;2862;9,59
218912;2835;8,90
218913;2835;8,90
218914;2843;9,10
218915;2850;9,28
218916;2851;9,31
218917;2851;9,31
218918;2849;9,26
218919;2847;9,21
218920;2833;8,85
218921;2848;9,23
218922;2827;8,70
218923;2831;8,80
218924;2830;8,78
218925;2832;8,83
218926;2850;9,28
218927;2826;8,67
218928;2842;9,08
218929;2814;8,37
218930;2841;9,05
218931;2829;8,75
218932;2832;8,83
218933;2816;8,42
218934;2806;8,17
218935;2815;8,40
218936;2818;8,47
218937;2805;8,14
218938;2819;8,50
218939;2803;8,09
218940;2815;8,40
218941;2827;8,70
218942;2811;8,29
218943;2832;8,83
218944;2825;8,65
218945;2823;8,60
218946;2779;7,48
218947;2817;8,45
218948;2814;8,37
218949;2831;8,80
218950;2830;8,78
218951;2833;8,85
218952;2834;8,88
218953;2834;8,88
218954;2833;8,85
218955;2862;9,59
218956;2857;9,46
218957;2841;9,05
218958;2826;8,67
218959;2800;8,02
218960;2850;9,28
218961;2851;9,31
218962;2848;9,23
218963;2842;9,08
218964;2842;9,08
218965;2827;8,70
218966;2863;9,61
218967;2859;9,51
218968;2845;9,15
218969;2839;9,00
218970;2864;9,64
218971;2837;8,95
218972;2829;8,75
218973;2846;9,18
218974;2832;8,83
218975;2849;9,26
218976;2833;8,85
218977;2825;8,65
218978;2829;8,75
218979;2821;8,55
218980;2822;8,57
218981;2831;8,80
218982;2841;9,05
218983;2849;9,26
218984;2814;8,37
218985;2827;8,70
218986;2827;8,70
218987;2790;7,76
218988;2827;8,70
218989;2796;7,91
218990;2807;8,19
218991;2800;8,02
218992;2826;8,67
218993;2804;8,12
218994;2838;8,98
218995;2797;7,94
218996;2834;8,88
218997;2859;9,51
218998;2837;8,95
218999;2835;8,90
219000;2797;7,94
219001;2849;9,26
219002;2841;9,05
219003;2832;8,83
219004;2816;8,42
219005;2858;9,48
219006;2838;8,98
219007;2851;9,31
219008;2834;8,88
219009;2847;9,21
219010;2843;9,10
219011;2801;8,04
219012;2848;9,23
219013;2833;8,85
219014;2860;9,53
219015;2858;9,48
219016;2841;9,05
219017;2860;9,53
219018;2859;9,51
219019;2848;9,23
219020;2836;8,93
219021;2838;8,98
219022;2831;8,80
219023;2863;9,61
219024;2839;9,00
219025;2850;9,28
219026;2855;9,41
219027;2845;9,15
219028;2835;8,90
219029;2851;9,31
219030;2831;8,80
219031;2845;9,15
219032;2838;8,98
219033;2800;8,02
219034;2826;8,67
219035;2798;7,97
219036;2845;9,15
219037;2838;8,98
219038;2830;8,78
219039;2849;9,26
219040;2832;8,83
219041;2831;8,80
219042;2849;9,26
219043;2841;9,05
219044;2833;8,85
219045;2846;9,18
219046;2832;8,83
219047;2835;8,90
219048;2855;9,41
219049;2836;8,93
219050;2842;9,08
219051;2825;8,65
219052;2839;9,00
219053;2845;9,15
219054;2835;8,90
219055;2862;9,59
219056;2864;9,64
219057;2862;9,59
219058;2848;9,23
219059;2845;9,15
219060;2851;9,31
219061;2848;9,23
219062;2860;9,53
219063;2866;9,69
219064;2858;9,48
219065;2855;9,41
219066;2846;9,18
219067;2858;9,48
219068;2859;9,51
219069;2862;9,59
219070;2809;8,24
219071;2815;8,40
219072;2864;9,64
219073;2817;8,45
219074;2852;9,33
219075;2849;9,26
219076;2815;8,40
219077;2821;8,55
219078;2845;9,15
219079;2864;9,64
219080;2835;8,90
219081;2848;9,23
219082;2848;9,23
219083;2811;8,29
219084;2847;9,21
219085;2809;8,24
219086;2839;9,00
219087;2848;9,23
219088;2832;8,83
219089;2847;9,21
219090;2838;8,98
219091;2837;8,95
219092;2832;8,83
219093;2836;8,93
219094;2859;9,51
219095;2849;9,26
219096;2828;8,72
219097;2832;8,83
219098;2826;8,67
219099;2841;9,05
219100;2832;8,83
219101;2817;8,45
219102;2823;8,60
219103;2847;9,21
219104;2795;7,89
219105;2843;9,10
219106;2843;9,10
219107;2793;7,84
219108;2842;9,08
219109;2803;8,09
219110;2857;9,46
219111;2833;8,85
219112;2845;9,15
219113;2823;8,60
219114;2853;9,36
219115;2847;9,21
219116;2848;9,23
219117;2811;8,29
219118;2855;9,41
219119;2817;8,45
219120;2864;9,64
219121;2880;10,04
219122;2862;9,59
219123;2823;8,60
219124;2860;9,53
219125;2865;9,66
219126;2863;9,61
219127;2834;8,88
219128;2862;9,59
219129;2835;8,90
219130;2892;10,34
219131;2873;9,86
219132;2868;9,74
219133;2832;8,83
219134;2863;9,61
219135;2865;9,66
219136;2879;10,02
219137;2864;9,64
219138;2865;9,66
219139;2871;9,81
219140;2853;9,36
219141;2826;8,67
219142;2864;9,64
219143;2866;9,69
219144;2855;9,41
219145;2826;8,67
219146;2866;9,69
219147;2870;9,79
219148;2880;10,04
219149;2861;9,56
219150;2821;8,55
219151;2859;9,51
219152;2861;9,56
219153;2879;10,02
219154;2859;9,51
219155;2847;9,21
219156;2837;8,95
219157;2871;9,81
219158;2817;8,45
219159;2871;9,81
219160;2843;9,10
219161;2871;9,81
219162;2863;9,61
219163;2865;9,66
219164;2874;9,89
219165;2848;9,23
219166;2855;9,41
219167;2817;8,45
219168;2845;9,15
219169;2815;8,40
219170;2850;9,28
219171;2826;8,67
219172;2845;9,15
219173;2819;8,50
219174;2851;9,31
219175;2845;9,15
219176;2860;9,53
219177;2848;9,23
219178;2851;9,31
219179;2853;9,36
219180;2845;9,15
219181;2832;8,83
219182;2850;9,28
219183;2849;9,26
219184;2854;9,38
219185;2817;8,45
219186;2848;9,23
219187;2867;9,71
219188;2851;9,31
219189;2823;8,60
219190;2863;9,61
219191;2861;9,56
219192;2875;9,91
219193;2834;8,88
219194;2858;9,48
219195;2875;9,91
219196;2830;8,78
219197;2864;9,64
219198;2867;9,71
219199;2886;10,19
219200;2831;8,80
219201;2870;9,79
219202;2864;9,64
219203;2882;10,09
219204;2879;10,02
219205;2877;9,96
219206;2858;9,48
219207;2828;8,72
219208;2871;9,81
219209;2848;9,23
219210;2861;9,56
219211;2829;8,75
219212;2864;9,64
219213;2862;9,59
219214;2851;9,31
219215;2863;9,61
219216;2851;9,31
219217;2816;8,42
219218;2863;9,61
219219;2816;8,42
219220;2855;9,41
219221;2842;9,08
219222;2864;9,64
219223;2855;9,41
219224;2822;8,57
219225;2841;9,05
219226;2847;9,21
219227;2815;8,40
219228;2858;9,48
219229;2829;8,75
219230;2847;9,21
219231;2863;9,61
219232;2859;9,51
219233;2842;9,08
219234;2854;9,38
219235;2865;9,66
219236;2843;9,10
219237;2830;8,78
219238;2844;9,13
219239;2862;9,59
219240;2852;9,33
219241;2848;9,23
219242;2863;9,61
219243;2873;9,86
219244;2859;9,51
219245;2819;8,50
219246;2864;9,64
219247;2875;9,91
219248;2855;9,41
219249;2862;9,59
219250;2850;9,28
219251;2853;9,36
219252;2847;9,21
219253;2833;8,85
219254;2845;9,15
219255;2861;9,56
219256;2866;9,69
219257;2832;8,83
219258;2847;9,21
219259;2826;8,67
219260;2861;9,56
219261;2849;9,26
219262;2847;9,21
219263;2864;9,64
219264;2850;9,28
219265;2834;8,88
219266;2849;9,26
219267;2850;9,28
219268;2855;9,41
219269;2864;9,64
219270;2863;9,61
219271;2846;9,18
219272;2883;10,12
219273;2864;9,64
219274;2850;9,28
219275;2859;9,51
219276;2859;9,51
219277;2830;8,78
219278;2875;9,91
219279;2871;9,81
219280;2871;9,81
219281;2827;8,70
219282;2873;9,86
219283;2832;8,83
219284;2870;9,79
219285;2864;9,64
219286;2864;9,64
219287;2832;8,83
219288;2869;9,76
219289;2858;9,48
219290;2879;10,02
219291;2838;8,98
219292;2865;9,66
219293;2884;10,14
219294;2871;9,81
219295;2829;8,75
219296;2886;10,19
219297;2830;8,78
219298;2869;9,76
219299;2832;8,83
219300;2879;10,02
219301;2847;9,21
219302;2871;9,81
219303;2830;8,78
219304;2869;9,76
219305;2826;8,67
219306;2877;9,96
219307;2864;9,64
219308;2866;9,69
219309;2877;9,96
219310;2867;9,71
219311;2893;10,37
219312;2882;10,09
219313;2882;10,09
219314;2890;10,29
219315;2881;10,07
219316;2864;9,64
219317;2832;8,83
219318;2864;9,64
219319;2894;10,39
219320;2865;9,66
219321;2870;9,79
219322;2875;9,91
219323;2839;9,00
219324;2870;9,79
219325;2880;10,04
219326;2871;9,81
219327;2867;9,71
219328;2865;9,66
219329;2893;10,37
219330;2864;9,64
219331;2833;8,85
219332;2864;9,64
219333;2893;10,37
219334;2864;9,64
219335;2822;8,57
219336;2863;9,61
219337;2869;9,76
219338;2861;9,56
219339;2829;8,75
219340;2864;9,64
219341;2863;9,61
219342;2850;9,28
219343;2853;9,36
219344;2861;9,56
219345;2835;8,90
219346;2863;9,61
219347;2822;8,57
219348;2884;10,14
219349;2864;9,64
219350;2863;9,61
219351;2861;9,56
219352;2858;9,48
219353;2855;9,41
219354;2865;9,66
219355;2823;8,60
219356;2864;9,64
219357;2853;9,36
219358;2829;8,75
219359;2882;10,09
219360;2864;9,64
219361;2864;9,64
219362;2863;9,61
219363;2856;9,43
219364;2859;9,51
219365;2880;10,04
219366;2890;10,29
219367;2885;10,17
219368;2871;9,81
219369;2875;9,91
219370;2876;9,94
219371;2861;9,56
219372;2870;9,79
219373;2871;9,81
219374;2875;9,91
219375;2875;9,91
219376;2864;9,64
219377;2883;10,12
219378;2865;9,66
219379;2863;9,61
219380;2859;9,51
219381;2865;9,66
219382;2869;9,76
219383;2895;10,42
219384;2837;8,95
219385;2829;8,75
219386;2842;9,08
219387;2880;10,04
219388;2864;9,64
219389;2870;9,79
219390;2874;9,89
219391;2834;8,88
219392;2864;9,64
219393;2879;10,02
219394;2870;9,79
219395;2833;8,85
219396;2865;9,66
219397;2864;9,64
219398;2864;9,64
219399;2827;8,70
219400;2874;9,89
219401;2859;9,51
219402;2864;9,64
219403;2873;9,86
219404;2864;9,64
219405;2890;10,29
219406;2875;9,91
219407;2883;10,12
219408;2864;9,64
219409;2826;8,67
219410;2868;9,74
219411;2823;8,60
219412;2855;9,41
219413;2865;9,66
219414;2869;9,76
219415;2821;8,55
219416;2865;9,66
219417;2870;9,79
219418;2854;9,38
219419;2861;9,56
219420;2817;8,45
219421;2850;9,28
219422;2852;9,33
219423;2815;8,40
219424;2823;8,60
219425;2864;9,64
219426;2861;9,56
219427;2811;8,29
219428;2829;8,75
219429;2807;8,19
219430;2846;9,18
219431;2811;8,29
219432;2842;9,08
219433;2853;9,36
219434;2841;9,05
219435;2849;9,26
219436;2807;8,19
219437;2847;9,21
219438;2861;9,56
219439;2811;8,29
219440;2865;9,66
219441;2846;9,18
219442;2850;9,28
219443;2817;8,45
219444;2851;9,31
219445;2856;9,43
219446;2832;8,83
219447;2862;9,59
219448;2853;9,36
219449;2817;8,45
219450;2811;8,29
219451;2838;8,98
219452;2837;8,95
219453;2854;9,38
219454;2865;9,66
219455;2846;9,18
219456;2843;9,10
219457;2818;8,47
219458;2857;9,46
219459;2861;9,56
219460;2864;9,64
219461;2854;9,38
219462;2849;9,26
219463;2816;8,42
219464;2852;9,33
219465;2851;9,31
219466;2857;9,46
219467;2846;9,18
219468;2833;8,85
219469;2841;9,05
219470;2853;9,36
219471;2859;9,51
219472;2845;9,15
219473;2855;9,41
219474;2802;8,07
219475;2805;8,14
219476;2844;9,13
219477;2858;9,48
219478;2841;9,05
219479;2846;9,18
219480;2832;8,83
219481;2855;9,41
219482;2843;9,10
219483;2833;8,85
219484;2833;8,85
219485;2837;8,95
219486;2831;8,80
219487;2822;8,57
219488;2835;8,90
219489;2846;9,18
219490;2833;8,85
219491;2835;8,90
219492;2832;8,83
219493;2832;8,83
219494;2831;8,80
219495;2823;8,60
219496;2821;8,55
219497;2774;7,36
219498;2832;8,83
219499;2785;7,64
219500;2818;8,47
219501;2832;8,83
219502;2832;8,83
219503;2782;7,56
219504;2825;8,65
219505;2837;8,95
219506;2813;8,35
219507;2819;8,50
219508;2825;8,65
219509;2827;8,70
219510;2838;8,98
219511;2834;8,88
219512;2821;8,55
219513;2794;7,86
219514;2835;8,90
219515;2833;8,85
219516;2832;8,83
219517;2832;8,83
219518;2835;8,90
219519;2826;8,67
219520;2831;8,80
219521;2827;8,70
219522;2831;8,80
219523;2794;7,86
219524;2816;8,42
219525;2832;8,83
219526;2817;8,45
219527;2824;8,62
219528;2814;8,37
219529;2822;8,57
219530;2825;8,65
219531;2813;8,35
219532;2811;8,29
219533;2779;7,48
219534;2813;8,35
219535;2783;7,59
219536;2803;8,09
219537;2769;7,23
219538;2800;8,02
219539;2830;8,78
219540;2805;8,14
219541;2775;7,38
219542;2800;8,02
219543;2795;7,89
219544;2814;8,37
219545;2795;7,89
219546;2805;8,14
219547;2768;7,21
219548;2797;7,94
219549;2807;8,19
219550;2790;7,76
219551;2758;6,95
219552;2800;8,02
219553;2798;7,97
219554;2799;7,99
219555;2806;8,17
219556;2793;7,84
219557;2801;8,04
219558;2786;7,66
219559;2759;6,98
219560;2772;7,31
219561;2768;7,21
219562;2802;8,07
219563;2755;6,88
219564;2801;8,04
219565;2752;6,80
219566;2757;6,93
219567;2752;6,80
219568;2785;7,64
219569;2800;8,02
219570;2797;7,94
219571;2811;8,29
219572;2785;7,64
219573;2757;6,93
219574;2800;8,02
219575;2790;7,76
219576;2803;8,09
219577;2801;8,04
219578;2791;7,79
219579;2791;7,79
219580;2787;7,69
219581;2801;8,04
219582;2794;7,86
219583;2789;7,74
219584;2779;7,48
219585;2787;7,69
219586;2800;8,02
219587;2797;7,94
219588;2799;7,99
219589;2791;7,79
219590;2775;7,38
219591;2752;6,80
219592;2800;8,02
219593;2798;7,97
219594;2777;7,43
219595;2773;7,33
219596;2782;7,56
219597;2786;7,66
219598;2783;7,59
219599;2785;7,64
219600;2775;7,38
219601;2797;7,94
219602;2774;7,36
219603;2790;7,76
219604;2782;7,56
219605;2747;6,68
219606;2778;7,46
219607;2798;7,97
219608;2780;7,51
219609;2774;7,36
219610;2779;7,48
219611;2745;6,62
219612;2785;7,64
219613;2789;7,74
219614;2775;7,38
219615;2799;7,99
219616;2773;7,33
219617;2768;7,21
219618;2790;7,76
219619;2773;7,33
219620;2780;7,51
219621;2774;7,36
219622;2774;7,36
219623;2737;6,42
219624;2767;7,18
219625;2793;7,84
219626;2784;7,61
219627;2778;7,46
219628;2768;7,21
219629;2779;7,48
219630;2775;7,38
219631;2768;7,21
219632;2763;7,08
219633;2778;7,46
219634;2771;7,28
219635;2771;7,28
219636;2780;7,51
219637;2773;7,33
219638;2774;7,36
219639;2773;7,33
219640;2769;7,23
219641;2787;7,69
219642;2767;7,18
219643;2775;7,38
219644;2767;7,18
219645;2763;7,08
219646;2759;6,98
219647;2785;7,64
219648;2736;6,40
219649;2756;6,90
219650;2769;7,23
219651;2769;7,23
219652;2757;6,93
219653;2755;6,88
219654;2757;6,93
219655;2720;5,99
219656;2767;7,18
219657;2734;6,35
219658;2768;7,21
219659;2723;6,07
219660;2768;7,21
219661;2767;7,18
219662;2755;6,88
219663;2759;6,98
219664;2765;7,13
219665;2770;7,26
219666;2758;6,95
219667;2746;6,65
219668;2761;7,03
219669;2763;7,08
219670;2751;6,78
219671;2753;6,83
219672;2757;6,93
219673;2764;7,11
219674;2745;6,62
219675;2709;5,71
219676;2749;6,73
219677;2742;6,55
219678;2762;7,05
219679;2747;6,68
219680;2758;6,95
219681;2758;6,95
219682;2757;6,93
219683;2769;7,23
219684;2777;7,43
219685;2717;5,92
219686;2769;7,23
219687;2769;7,23
219688;2747;6,68
219689;2752;6,80
219690;2771;7,28
219691;2751;6,78
219692;2766;7,16
219693;2736;6,40
219694;2758;6,95
219695;2759;6,98
219696;2759;6,98
219697;2781;7,54
219698;2761;7,03
219699;2763;7,08
219700;2749;6,73
219701;2765;7,13
219702;2777;7,43
219703;2768;7,21
219704;2769;7,23
219705;2768;7,21
219706;2763;7,08
219707;2766;7,16
219708;2768;7,21
219709;2758;6,95
219710;2751;6,78
219711;2759;6,98
219712;2770;7,26
219713;2723;6,07
219714;2769;7,23
219715;2765;7,13
219716;2754;6,85
219717;2779;7,48
219718;2765;7,13
219719;2755;6,88
219720;2765;7,13
219721;2768;7,21
219722;2763;7,08
219723;2767;7,18
219724;2754;6,85
219725;2771;7,28
219726;2707;5,66
219727;2771;7,28
219728;2762;7,05
219729;2755;6,88
219730;2747;6,68
219731;2736;6,40
219732;2741;6,52
219733;2778;7,46
219734;2752;6,80
219735;2765;7,13
219736;2752;6,80
219737;2773;7,33
219738;2741;6,52
219739;2740;6,50
219740;2759;6,98
219741;2766;7,16
219742;2753;6,83
219743;2735;6,37
219744;2773;7,33
219745;2745;6,62
219746;2752;6,80
219747;2750;6,75
219748;2760;7,00
219749;2742;6,55
219750;2753;6,83
219751;2711;5,76
219752;2738;6,45
219753;2704;5,59
219754;2752;6,80
219755;2755;6,88
219756;2753;6,83
219757;2746;6,65
219758;2763;7,08
219759;2708;5,69
219760;2746;6,65
219761;2768;7,21
219762;2755;6,88
219763;2782;7,56
219764;2755;6,88
219765;2764;7,11
219766;2745;6,62
219767;2704;5,59
219768;2743;6,57
219769;2762;7,05
219770;2751;6,78
219771;2761;7,03
219772;2753;6,83
219773;2765;7,13
219774;2753;6,83
219775;2755;6,88
219776;2726;6,14
219777;2758;6,95
219778;2711;5,76
219779;2747;6,68
219780;2747;6,68
219781;2761;7,03
219782;2752;6,80
219783;2752;6,80
219784;2726;6,14
219785;2753;6,83
219786;2765;7,13
219787;2711;5,76
219788;2750;6,75
219789;2761;7,03
219790;2746;6,65
219791;2741;6,52
219792;2761;7,03
219793;2766;7,16
219794;2723;6,07
219795;2753;6,83
219796;2749;6,73
219797;2755;6,88
219798;2751;6,78
219799;2767;7,18
219800;2739;6,47
219801;2762;7,05
219802;2748;6,70
219803;2704;5,59
219804;2739;6,47
219805;2756;6,90
219806;2759;6,98
219807;2766;7,16
219808;2753;6,83
219809;2745;6,62
219810;2761;7,03
219811;2753;6,83
219812;2752;6,80
219813;2709;5,71
219814;2768;7,21
219815;2752;6,80
219816;2762;7,05
219817;2765;7,13
219818;2730;6,24
219819;2768;7,21
219820;2772;7,31
219821;2752;6,80
219822;2757;6,93
219823;2758;6,95
219824;2763;7,08
219825;2710;5,74
219826;2759;6,98
219827;2750;6,75
219828;2751;6,78
219829;2758;6,95
219830;2768;7,21
219831;2749;6,73
219832;2752;6,80
219833;2765;7,13
219834;2746;6,65
219835;2762;7,05
219836;2763;7,08
219837;2757;6,93
219838;2765;7,13
219839;2757;6,93
219840;2747;6,68
219841;2753;6,83
219842;2747;6,68
219843;2749;6,73
219844;2761;7,03
219845;2731;6,27
219846;2751;6,78
219847;2761;7,03
219848;2739;6,47
219849;2768;7,21
219850;2735;6,37
219851;2737;6,42
219852;2736;6,40
219853;2736;6,40
219854;2735;6,37
219855;2738;6,45
219856;2712;5,79
219857;2754;6,85
219858;2765;7,13
219859;2741;6,52
219860;2725;6,12
219861;2753;6,83
219862;2753;6,83
219863;2745;6,62
219864;2734;6,35
219865;2736;6,40
219866;2755;6,88
219867;2736;6,40
219868;2755;6,88
219869;2725;6,12
219870;2731;6,27
219871;2724;6,09
219872;2736;6,40
219873;2737;6,42
219874;2755;6,88
219875;2746;6,65
219876;2748;6,70
219877;2753;6,83
219878;2752;6,80
219879;2741;6,52
219880;2751;6,78
219881;2758;6,95
219882;2755;6,88
219883;2757;6,93
219884;2753;6,83
219885;2770;7,26
219886;2706;5,64
219887;2750;6,75
219888;2704;5,59
219889;2739;6,47
219890;2750;6,75
219891;2738;6,45
219892;2738;6,45
219893;2745;6,62
219894;2755;6,88
219895;2736;6,40
219896;2750;6,75
219897;2761;7,03
219898;2725;6,12
219899;2735;6,37
219900;2743;6,57
219901;2752;6,80
219902;2752;6,80
219903;2742;6,55
219904;2735;6,37
219905;2736;6,40
219906;2745;6,62
219907;2738;6,45
219908;2742;6,55
219909;2767;7,18
219910;2743;6,57
219911;2753;6,83
219912;2743;6,57
219913;2742;6,55
219914;2752;6,80
219915;2752;6,80
219916;2740;6,50
219917;2730;6,24
219918;2755;6,88
219919;2763;7,08
219920;2754;6,85
219921;2733;6,32
219922;2749;6,73
219923;2753;6,83
219924;2735;6,37
219925;2749;6,73
219926;2742;6,55
219927;2746;6,65
219928;2736;6,40
219929;2755;6,88
219930;2739;6,47
219931;2754;6,85
219932;2748;6,70
219933;2736;6,40
219934;2722;6,04
219935;2741;6,52
219936;2757;6,93
219937;2735;6,37
219938;2753;6,83
219939;2725;6,12
219940;2739;6,47
219941;2735;6,37
219942;2736;6,40
219943;2734;6,35
219944;2727;6,17
219945;2757;6,93
219946;2747;6,68
219947;2739;6,47
219948;2753;6,83
219949;2721;6,02
219950;2730;6,24
219951;2707;5,66
219952;2743;6,57
219953;2736;6,40
219954;2725;6,12
219955;2741;6,52
219956;2736;6,40
219957;2753;6,83
219958;2743;6,57
219959;2736;6,40
219960;2740;6,50
219961;2737;6,42
219962;2733;6,32
219963;2736;6,40
219964;2734;6,35
219965;2750;6,75
219966;2747;6,68
219967;2737;6,42
219968;2695;5,36
219969;2751;6,78
219970;2751;6,78
219971;2757;6,93
219972;2741;6,52
219973;2750;6,75
219974;2739;6,47
219975;2729;6,22
219976;2745;6,62
219977;2747;6,68
219978;2757;6,93
219979;2754;6,85
219980;2704;5,59
219981;2749;6,73
219982;2745;6,62
219983;2747;6,68
219984;2736;6,40
219985;2757;6,93
219986;2731;6,27
219987;2745;6,62
219988;2747;6,68
219989;2750;6,75
219990;2746;6,65
219991;2749;6,73
219992;2738;6,45
219993;2751;6,78
219994;2735;6,37
219995;2757;6,93
219996;2735;6,37
219997;2735;6,37
219998;2738;6,45
219999;2749;6,73
220000;2736;6,40
220001;2739;6,47
220002;2734;6,35
220003;2736;6,40
220004;2746;6,65
220005;2737;6,42
220006;2741;6,52
220007;2752;6,80
220008;2747;6,68
220009;2752;6,80
220010;2737;6,42
220011;2747;6,68
220012;2752;6,80
220013;2694;5,33
220014;2745;6,62
220015;2743;6,57
220016;2751;6,78
220017;2750;6,75
220018;2725;6,12
220019;2742;6,55
220020;2743;6,57
220021;2709;5,71
220022;2747;6,68
220023;2743;6,57
220024;2743;6,57
220025;2697;5,41
220026;2745;6,62
220027;2756;6,90
220028;2749;6,73
220029;2743;6,57
220030;2717;5,92
220031;2765;7,13
220032;2761;7,03
220033;2704;5,59
220034;2737;6,42
220035;2750;6,75
220036;2735;6,37
220037;2754;6,85
220038;2747;6,68
220039;2741;6,52
220040;2736;6,40
220041;2753;6,83
220042;2743;6,57
220043;2755;6,88
220044;2766;7,16
220045;2736;6,40
220046;2734;6,35
220047;2736;6,40
220048;2752;6,80
220049;2727;6,17
220050;2741;6,52
220051;2673;4,80
220052;2751;6,78
220053;2742;6,55
220054;2739;6,47
220055;2722;6,04
220056;2741;6,52
220057;2741;6,52
220058;2741;6,52
220059;2741;6,52
220060;2738;6,45
220061;2733;6,32
220062;2720;5,99
220063;2725;6,12
220064;2737;6,42
220065;2734;6,35
220066;2741;6,52
220067;2750;6,75
220068;2736;6,40
220069;2757;6,93
220070;2736;6,40
220071;2753;6,83
220072;2721;6,02
220073;2754;6,85
220074;2743;6,57
220075;2750;6,75
220076;2737;6,42
220077;2717;5,92
220078;2764;7,11
220079;2747;6,68
220080;2756;6,90
220081;2769;7,23
220082;2751;6,78
220083;2765;7,13
220084;2741;6,52
220085;2761;7,03
220086;2743;6,57
220087;2745;6,62
220088;2765;7,13
220089;2727;6,17
220090;2734;6,35
220091;2751;6,78
220092;2751;6,78
220093;2750;6,75
220094;2747;6,68
220095;2731;6,27
220096;2754;6,85
220097;2750;6,75
220098;2714;5,84
220099;2700;5,49
220100;2738;6,45
220101;2741;6,52
220102;2747;6,68
220103;2710;5,74
220104;2755;6,88
220105;2740;6,50
220106;2738;6,45
220107;2751;6,78
220108;2751;6,78
220109;2707;5,66
220110;2710;5,74
220111;2718;5,94
220112;2736;6,40
220113;2730;6,24
220114;2761;7,03
220115;2751;6,78
220116;2747;6,68
220117;2747;6,68
220118;2742;6,55
220119;2743;6,57
220120;2693;5,31
220121;2749;6,73
220122;2743;6,57
220123;2767;7,18
220124;2722;6,04
220125;2722;6,04
220126;2756;6,90
220127;2689;5,21
220128;2739;6,47
220129;2701;5,51
220130;2756;6,90
220131;2743;6,57
220132;2737;6,42
220133;2755;6,88
220134;2759;6,98
220135;2765;7,13
220136;2743;6,57
220137;2768;7,21
220138;2722;6,04
220139;2776;7,41
220140;2757;6,93
220141;2755;6,88
220142;2736;6,40
220143;2753;6,83
220144;2744;6,60
220145;2718;5,94
220146;2761;7,03
220147;2747;6,68
220148;2736;6,40
220149;2747;6,68
220150;2754;6,85
220151;2721;6,02
220152;2719;5,97
220153;2746;6,65
220154;2751;6,78
220155;2759;6,98
220156;2737;6,42
220157;2747;6,68
220158;2736;6,40
220159;2736;6,40
220160;2763;7,08
220161;2722;6,04
220162;2746;6,65
220163;2714;5,84
220164;2736;6,40
220165;2736;6,40
220166;2725;6,12
220167;2751;6,78
220168;2757;6,93
220169;2761;7,03
220170;2753;6,83
220171;2707;5,66
220172;2711;5,76
220173;2752;6,80
220174;2768;7,21
220175;2746;6,65
220176;2715;5,87
220177;2715;5,87
220178;2736;6,40
220179;2711;5,76
220180;2734;6,35
220181;2743;6,57
220182;2705;5,61
220183;2750;6,75
220184;2722;6,04
220185;2733;6,32
220186;2722;6,04
220187;2706;5,64
220188;2746;6,65
220189;2736;6,40
220190;2738;6,45
220191;2721;6,02
220192;2733;6,32
220193;2751;6,78
220194;2727;6,17
220195;2711;5,76
220196;2749;6,73
220197;2738;6,45
220198;2723;6,07
220199;2711;5,76
220200;2685;5,11
220201;2736;6,40
220202;2752;6,80
220203;2721;6,02
220204;2729;6,22
220205;2743;6,57
220206;2732;6,30
220207;2737;6,42
220208;2741;6,52
220209;2762;7,05
220210;2737;6,42
220211;2731;6,27
220212;2727;6,17
220213;2729;6,22
220214;2745;6,62
220215;2736;6,40
220216;2705;5,61
220217;2739;6,47
220218;2719;5,97
220219;2689;5,21
220220;2710;5,74
220221;2752;6,80
220222;2736;6,40
220223;2737;6,42
220224;2738;6,45
220225;2763;7,08
220226;2749;6,73
220227;2714;5,84
220228;2751;6,78
220229;2729;6,22
220230;2745;6,62
220231;2718;5,94
220232;2718;5,94
220233;2745;6,62
220234;2690;5,23
220235;2743;6,57
220236;2717;5,92
220237;2702;5,54
220238;2725;6,12
220239;2736;6,40
220240;2752;6,80
220241;2691;5,26
220242;2740;6,50
220243;2745;6,62
220244;2735;6,37
220245;2738;6,45
220246;2759;6,98
220247;2727;6,17
220248;2738;6,45
220249;2736;6,40
220250;2742;6,55
220251;2734;6,35
220252;2729;6,22
220253;2736;6,40
220254;2737;6,42
220255;2694;5,33
220256;2746;6,65
220257;2736;6,40
220258;2741;6,52
220259;2717;5,92
220260;2736;6,40
220261;2717;5,92
220262;2699;5,46
220263;2725;6,12
220264;2706;5,64
220265;2752;6,80
220266;2723;6,07
220267;2751;6,78
220268;2702;5,54
220269;2726;6,14
220270;2738;6,45
220271;2721;6,02
220272;2746;6,65
220273;2704;5,59
220274;2735;6,37
220275;2705;5,61
220276;2718;5,94
220277;2738;6,45
220278;2759;6,98
220279;2688;5,18
220280;2718;5,94
220281;2768;7,21
220282;2721;6,02
220283;2716;5,89
220284;2731;6,27
220285;2736;6,40
220286;2714;5,84
220287;2729;6,22
220288;2704;5,59
220289;2753;6,83
220290;2731;6,27
220291;2713;5,81
220292;2704;5,59
220293;2749;6,73
220294;2755;6,88
220295;2691;5,26
220296;2758;6,95
220297;2731;6,27
220298;2752;6,80
220299;2759;6,98
220300;2757;6,93
220301;2759;6,98
220302;2708;5,69
220303;2734;6,35
220304;2752;6,80
220305;2752;6,80
220306;2763;7,08
220307;2720;5,99
220308;2774;7,36
220309;2726;6,14
220310;2755;6,88
220311;2758;6,95
220312;2770;7,26
220313;2755;6,88
220314;2740;6,50
220315;2736;6,40
220316;2734;6,35
220317;2757;6,93
220318;2743;6,57
220319;2771;7,28
220320;2736;6,40
220321;2735;6,37
220322;2732;6,30
220323;2753;6,83
220324;2735;6,37
220325;2705;5,61
220326;2738;6,45
220327;2742;6,55
220328;2731;6,27
220329;2730;6,24
220330;2768;7,21
220331;2715;5,87
220332;2704;5,59
220333;2758;6,95
220334;2737;6,42
220335;2719;5,97
220336;2739;6,47
220337;2747;6,68
220338;2704;5,59
220339;2727;6,17
220340;2768;7,21
220341;2711;5,76
220342;2734;6,35
220343;2715;5,87
220344;2713;5,81
220345;2752;6,80
220346;2750;6,75
220347;2693;5,31
220348;2731;6,27
220349;2711;5,76
220350;2704;5,59
220351;2768;7,21
220352;2752;6,80
220353;2731;6,27
220354;2704;5,59
220355;2704;5,59
220356;2751;6,78
220357;2756;6,90
220358;2742;6,55
220359;2726;6,14
220360;2736;6,40
220361;2675;4,85
220362;2743;6,57
220363;2736;6,40
220364;2746;6,65
220365;2743;6,57
220366;2731;6,27
220367;2723;6,07
220368;2742;6,55
220369;2766;7,16
220370;2749;6,73
220371;2734;6,35
220372;2746;6,65
220373;2731;6,27
220374;2741;6,52
220375;2765;7,13
220376;2720;5,99
220377;2688;5,18
220378;2751;6,78
220379;2691;5,26
220380;2755;6,88
220381;2699;5,46
220382;2754;6,85
220383;2711;5,76
220384;2763;7,08
220385;2742;6,55
220386;2764;7,11
220387;2743;6,57
220388;2755;6,88
220389;2759;6,98
220390;2745;6,62
220391;2749;6,73
220392;2704;5,59
220393;2733;6,32
220394;2752;6,80
220395;2727;6,17
220396;2721;6,02
220397;2749;6,73
220398;2737;6,42
220399;2749;6,73
220400;2741;6,52
220401;2738;6,45
220402;2761;7,03
220403;2746;6,65
220404;2743;6,57
220405;2762;7,05
220406;2768;7,21
220407;2739;6,47
220408;2717;5,92
220409;2749;6,73
220410;2740;6,50
220411;2749;6,73
220412;2707;5,66
220413;2706;5,64
220414;2734;6,35
220415;2715;5,87
220416;2726;6,14
220417;2703;5,56
220418;2722;6,04
220419;2714;5,84
220420;2747;6,68
220421;2688;5,18
220422;2730;6,24
220423;2705;5,61
220424;2741;6,52
220425;2750;6,75
220426;2736;6,40
220427;2735;6,37
220428;2729;6,22
220429;2730;6,24
220430;2736;6,40
220431;2705;5,61
220432;2737;6,42
220433;2723;6,07
220434;2691;5,26
220435;2704;5,59
220436;2677;4,90
220437;2727;6,17
220438;2747;6,68
220439;2719;5,97
220440;2737;6,42
220441;2719;5,97
220442;2754;6,85
220443;2738;6,45
220444;2736;6,40
220445;2745;6,62
220446;2747;6,68
220447;2688;5,18
220448;2742;6,55
220449;2719;5,97
220450;2710;5,74
220451;2742;6,55
220452;2718;5,94
220453;2706;5,64
220454;2756;6,90
220455;2736;6,40
220456;2721;6,02
220457;2749;6,73
220458;2729;6,22
220459;2719;5,97
220460;2690;5,23
220461;2755;6,88
220462;2730;6,24
220463;2752;6,80
220464;2761;7,03
220465;2742;6,55
220466;2727;6,17
220467;2755;6,88
220468;2731;6,27
220469;2717;5,92
220470;2751;6,78
220471;2734;6,35
220472;2756;6,90
220473;2750;6,75
220474;2759;6,98
220475;2763;7,08
220476;2713;5,81
220477;2768;7,21
220478;2750;6,75
220479;2683;5,06
220480;2715;5,87
220481;2735;6,37
220482;2704;5,59
220483;2693;5,31
220484;2738;6,45
220485;2736;6,40
220486;2704;5,59
220487;2721;6,02
220488;2704;5,59
220489;2758;6,95
220490;2718;5,94
220491;2751;6,78
220492;2747;6,68
220493;2717;5,92
220494;2752;6,80
220495;2694;5,33
220496;2737;6,42
220497;2736;6,40
220498;2736;6,40
220499;2747;6,68
220500;2736;6,40
220501;2722;6,04
220502;2750;6,75
220503;2737;6,42
220504;2721;6,02
220505;2717;5,92
220506;2736;6,40
220507;2743;6,57
220508;2743;6,57
220509;2737;6,42
220510;2745;6,62
220511;2721;6,02
220512;2746;6,65
220513;2755;6,88
220514;2702;5,54
220515;2736;6,40
220516;2753;6,83
220517;2678;4,93
220518;2741;6,52
220519;2720;5,99
220520;2751;6,78
220521;2738;6,45
220522;2719;5,97
220523;2751;6,78
220524;2737;6,42
220525;2748;6,70
220526;2746;6,65
220527;2755;6,88
220528;2704;5,59
220529;2723;6,07
220530;2763;7,08
220531;2719;5,97
220532;2736;6,40
220533;2737;6,42
220534;2746;6,65
220535;2726;6,14
220536;2745;6,62
220537;2737;6,42
220538;2752;6,80
220539;2758;6,95
220540;2749;6,73
220541;2733;6,32
220542;2734;6,35
220543;2778;7,46
220544;2755;6,88
220545;2718;5,94
220546;2749;6,73
220547;2736;6,40
220548;2710;5,74
220549;2743;6,57
220550;2701;5,51
220551;2727;6,17
220552;2754;6,85
220553;2690;5,23
220554;2752;6,80
220555;2734;6,35
220556;2746;6,65
220557;2723;6,07
220558;2707;5,66
220559;2751;6,78
220560;2736;6,40
220561;2743;6,57
220562;2706;5,64
220563;2757;6,93
220564;2754;6,85
220565;2763;7,08
220566;2743;6,57
220567;2737;6,42
220568;2743;6,57
220569;2711;5,76
220570;2768;7,21
220571;2729;6,22
220572;2741;6,52
220573;2752;6,80
220574;2705;5,61
220575;2748;6,70
220576;2703;5,56
220577;2731;6,27
220578;2726;6,14
220579;2741;6,52
220580;2747;6,68
220581;2741;6,52
220582;2733;6,32
220583;2749;6,73
220584;2767;7,18
220585;2704;5,59
220586;2761;7,03
220587;2694;5,33
220588;2750;6,75
220589;2754;6,85
220590;2755;6,88
220591;2722;6,04
220592;2704;5,59
220593;2769;7,23
220594;2768;7,21
220595;2740;6,50
220596;2735;6,37
220597;2751;6,78
220598;2727;6,17
220599;2755;6,88
220600;2743;6,57
220601;2710;5,74
220602;2723;6,07
220603;2749;6,73
220604;2746;6,65
220605;2739;6,47
220606;2719;5,97
220607;2752;6,80
220608;2771;7,28
220609;2725;6,12
220610;2704;5,59
220611;2711;5,76
220612;2725;6,12
220613;2751;6,78
220614;2743;6,57
220615;2706;5,64
220616;2733;6,32
220617;2693;5,31
220618;2735;6,37
220619;2726;6,14
220620;2719;5,97
220621;2733;6,32
220622;2693;5,31
220623;2755;6,88
220624;2710;5,74
220625;2683;5,06
220626;2691;5,26
220627;2717;5,92
220628;2733;6,32
220629;2706;5,64
220630;2724;6,09
220631;2736;6,40
220632;2736;6,40
220633;2737;6,42
220634;2704;5,59
220635;2711;5,76
220636;2736;6,40
220637;2698;5,44
220638;2736;6,40
220639;2699;5,46
220640;2736;6,40
220641;2757;6,93
220642;2737;6,42
220643;2691;5,26
220644;2721;6,02
220645;2705;5,61
220646;2705;5,61
220647;2736;6,40
220648;2755;6,88
220649;2753;6,83
220650;2736;6,40
220651;2767;7,18
220652;2749;6,73
220653;2731;6,27
220654;2757;6,93
220655;2721;6,02
220656;2722;6,04
220657;2719;5,97
220658;2754;6,85
220659;2733;6,32
220660;2743;6,57
220661;2721;6,02
220662;2751;6,78
220663;2707;5,66
220664;2736;6,40
220665;2733;6,32
220666;2752;6,80
220667;2687;5,16
220668;2735;6,37
220669;2747;6,68
220670;2737;6,42
220671;2705;5,61
220672;2719;5,97
220673;2708;5,69
220674;2733;6,32
220675;2711;5,76
220676;2693;5,31
220677;2722;6,04
220678;2736;6,40
220679;2757;6,93
220680;2707;5,66
220681;2691;5,26
220682;2723;6,07
220683;2726;6,14
220684;2683;5,06
220685;2718;5,94
220686;2709;5,71
220687;2683;5,06
220688;2734;6,35
220689;2693;5,31
220690;2739;6,47
220691;2742;6,55
220692;2688;5,18
220693;2699;5,46
220694;2701;5,51
220695;2720;5,99
220696;2736;6,40
220697;2709;5,71
220698;2731;6,27
220699;2726;6,14
220700;2735;6,37
220701;2722;6,04
220702;2734;6,35
220703;2734;6,35
220704;2736;6,40
220705;2704;5,59
220706;2742;6,55
220707;2727;6,17
220708;2752;6,80
220709;2704;5,59
220710;2720;5,99
220711;2701;5,51
220712;2752;6,80
220713;2703;5,56
220714;2743;6,57
220715;2688;5,18
220716;2741;6,52
220717;2699;5,46
220718;2748;6,70
220719;2689;5,21
220720;2747;6,68
220721;2740;6,50
220722;2715;5,87
220723;2690;5,23
220724;2736;6,40
220725;2733;6,32
220726;2754;6,85
220727;2737;6,42
220728;2753;6,83
220729;2699;5,46
220730;2763;7,08
220731;2752;6,80
220732;2783;7,59
220733;2704;5,59
220734;2742;6,55
220735;2747;6,68
220736;2775;7,38
220737;2746;6,65
220738;2752;6,80
220739;2688;5,18
220740;2751;6,78
220741;2737;6,42
220742;2769;7,23
220743;2748;6,70
220744;2703;5,56
220745;2718;5,94
220746;2749;6,73
220747;2688;5,18
220748;2742;6,55
220749;2701;5,51
220750;2762;7,05
220751;2714;5,84
220752;2759;6,98
220753;2741;6,52
220754;2711;5,76
220755;2693;5,31
220756;2751;6,78
220757;2702;5,54
220758;2736;6,40
220759;2747;6,68
220760;2706;5,64
220761;2752;6,80
220762;2700;5,49
220763;2689;5,21
220764;2736;6,40
220765;2743;6,57
220766;2743;6,57
220767;2688;5,18
220768;2743;6,57
220769;2705;5,61
220770;2735;6,37
220771;2690;5,23
220772;2733;6,32
220773;2688;5,18
220774;2705;5,61
220775;2724;6,09
220776;2757;6,93
220777;2709;5,71
220778;2704;5,59
220779;2720;5,99
220780;2736;6,40
220781;2735;6,37
220782;2725;6,12
220783;2738;6,45
220784;2719;5,97
220785;2748;6,70
220786;2743;6,57
220787;2699;5,46
220788;2725;6,12
220789;2699;5,46
220790;2703;5,56
220791;2699;5,46
220792;2755;6,88
220793;2729;6,22
220794;2763;7,08
220795;2721;6,02
220796;2753;6,83
220797;2714;5,84
220798;2754;6,85
220799;2724;6,09
220800;2771;7,28
220801;2707;5,66
220802;2762;7,05
220803;2714;5,84
220804;2758;6,95
220805;2739;6,47
220806;2719;5,97
220807;2719;5,97
220808;2709;5,71
220809;2785;7,64
220810;2718;5,94
220811;2711;5,76
220812;2730;6,24
220813;2722;6,04
220814;2707;5,66
220815;2725;6,12
220816;2718;5,94
220817;2739;6,47
220818;2713;5,81
220819;2778;7,46
220820;2714;5,84
220821;2769;7,23
220822;2718;5,94
220823;2726;6,14
220824;2714;5,84
220825;2714;5,84
220826;2710;5,74
220827;2704;5,59
220828;2708;5,69
220829;2715;5,87
220830;2707;5,66
220831;2736;6,40
220832;2713;5,81
220833;2780;7,51
220834;2705;5,61
220835;2701;5,51
220836;2702;5,54
220837;2711;5,76
220838;2708;5,69
220839;2737;6,42
220840;2704;5,59
220841;2705;5,61
220842;2704;5,59
220843;2734;6,35
220844;2699;5,46
220845;2702;5,54
220846;2705;5,61
220847;2700;5,49
220848;2704;5,59
220849;2727;6,17
220850;2706;5,64
220851;2729;6,22
220852;2702;5,54
220853;2699;5,46
220854;2705;5,61
220855;2714;5,84
220856;2701;5,51
220857;2691;5,26
220858;2704;5,59
220859;2727;6,17
220860;2703;5,56
220861;2693;5,31
220862;2701;5,51
220863;2691;5,26
220864;2698;5,44
220865;2715;5,87
220866;2700;5,49
220867;2698;5,44
220868;2699;5,46
220869;2697;5,41
220870;2704;5,59
220871;2693;5,31
220872;2693;5,31
220873;2709;5,71
220874;2692;5,28
220875;2699;5,46
220876;2694;5,33
220877;2714;5,84
220878;2699;5,46
220879;2688;5,18
220880;2704;5,59
220881;2752;6,80
220882;2693;5,31
220883;2723;6,07
220884;2701;5,51
220885;2701;5,51
220886;2701;5,51
220887;2694;5,33
220888;2701;5,51
220889;2695;5,36
220890;2704;5,59
220891;2704;5,59
220892;2701;5,51
220893;2731;6,27
220894;2709;5,71
220895;2695;5,36
220896;2701;5,51
220897;2731;6,27
220898;2735;6,37
220899;2733;6,32
220900;2704;5,59
220901;2725;6,12
220902;2704;5,59
220903;2703;5,56
220904;2704;5,59
220905;2723;6,07
220906;2711;5,76
220907;2715;5,87
220908;2701;5,51
220909;2702;5,54
220910;2711;5,76
220911;2692;5,28
220912;2716;5,89
220913;2743;6,57
220914;2717;5,92
220915;2710;5,74
220916;2715;5,87
220917;2730;6,24
220918;2713;5,81
220919;2707;5,66
220920;2721;6,02
220921;2707;5,66
220922;2717;5,92
220923;2737;6,42
220924;2725;6,12
220925;2755;6,88
220926;2707;5,66
220927;2762;7,05
220928;2713;5,81
220929;2730;6,24
220930;2704;5,59
220931;2720;5,99
220932;2704;5,59
220933;2704;5,59
220934;2702;5,54
220935;2699;5,46
220936;2704;5,59
220937;2721;6,02
220938;2704;5,59
220939;2688;5,18
220940;2701;5,51
220941;2706;5,64
220942;2691;5,26
220943;2725;6,12
220944;2695;5,36
220945;2694;5,33
220946;2698;5,44
220947;2690;5,23
220948;2689;5,21
220949;2687;5,16
220950;2702;5,54
220951;2694;5,33
220952;2688;5,18
220953;2689;5,21
220954;2702;5,54
220955;2691;5,26
220956;2693;5,31
220957;2736;6,40
220958;2700;5,49
220959;2699;5,46
220960;2693;5,31
220961;2693;5,31
220962;2698;5,44
220963;2714;5,84
220964;2693;5,31
220965;2726;6,14
220966;2703;5,56
220967;2685;5,11
220968;2693;5,31
220969;2698;5,44
220970;2702;5,54
220971;2734;6,35
220972;2704;5,59
220973;2721;6,02
220974;2704;5,59
220975;2702;5,54
220976;2711;5,76
220977;2704;5,59
220978;2704;5,59
220979;2721;6,02
220980;2703;5,56
220981;2736;6,40
220982;2704;5,59
220983;2703;5,56
220984;2705;5,61
220985;2704;5,59
220986;2718;5,94
220987;2738;6,45
220988;2705;5,61
220989;2706;5,64
220990;2715;5,87
220991;2710;5,74
220992;2702;5,54
220993;2720;5,99
220994;2705;5,61
220995;2693;5,31
220996;2704;5,59
220997;2739;6,47
220998;2709;5,71
220999;2727;6,17
221000;2698;5,44
221001;2697;5,41
221002;2704;5,59
221003;2705;5,61
221004;2701;5,51
221005;2704;5,59
221006;2705;5,61
221007;2707;5,66
221008;2705;5,61
221009;2705;5,61
221010;2707;5,66
221011;2733;6,32
221012;2704;5,59
221013;2736;6,40
221014;2699;5,46
221015;2706;5,64
221016;2704;5,59
221017;2704;5,59
221018;2714;5,84
221019;2704;5,59
221020;2714;5,84
221021;2741;6,52
221022;2718;5,94
221023;2705;5,61
221024;2713;5,81
221025;2719;5,97
221026;2716;5,89
221027;2706;5,64
221028;2705;5,61
221029;2703;5,56
221030;2704;5,59
221031;2697;5,41
221032;2710;5,74
221033;2705;5,61
221034;2704;5,59
221035;2703;5,56
221036;2707;5,66
221037;2717;5,92
221038;2706;5,64
221039;2726;6,14
221040;2703;5,56
221041;2707;5,66
221042;2701;5,51
221043;2735;6,37
221044;2704;5,59
221045;2695;5,36
221046;2703;5,56
221047;2721;6,02
221048;2707;5,66
221049;2698;5,44
221050;2704;5,59
221051;2717;5,92
221052;2704;5,59
221053;2690;5,23
221054;2689;5,21
221055;2698;5,44
221056;2694;5,33
221057;2751;6,78
221058;2687;5,16
221059;2697;5,41
221060;2695;5,36
221061;2688;5,18
221062;2719;5,97
221063;2684;5,08
221064;2691;5,26
221065;2719;5,97
221066;2686;5,13
221067;2691;5,26
221068;2688;5,18
221069;2697;5,41
221070;2696;5,38
221071;2727;6,17
221072;2703;5,56
221073;2681;5,01
221074;2695;5,36
221075;2688;5,18
221076;2699;5,46
221077;2701;5,51
221078;2691;5,26
221079;2697;5,41
221080;2709;5,71
221081;2733;6,32
221082;2698;5,44
221083;2704;5,59
221084;2721;6,02
221085;2695;5,36
221086;2704;5,59
221087;2737;6,42
221088;2710;5,74
221089;2735;6,37
221090;2704;5,59
221091;2736;6,40
221092;2711;5,76
221093;2734;6,35
221094;2709;5,71
221095;2703;5,56
221096;2704;5,59
221097;2704;5,59
221098;2721;6,02
221099;2725;6,12
221100;2709;5,71
221101;2704;5,59
221102;2711;5,76
221103;2704;5,59
221104;2723;6,07
221105;2707;5,66
221106;2722;6,04
221107;2752;6,80
221108;2713;5,81
221109;2719;5,97
221110;2714;5,84
221111;2741;6,52
221112;2707;5,66
221113;2705;5,61
221114;2717;5,92
221115;2713;5,81
221116;2705;5,61
221117;2738;6,45
221118;2705;5,61
221119;2705;5,61
221120;2708;5,69
221121;2726;6,14
221122;2707;5,66
221123;2704;5,59
221124;2707;5,66
221125;2688;5,18
221126;2704;5,59
221127;2698;5,44
221128;2695;5,36
221129;2688;5,18
221130;2698;5,44
221131;2708;5,69
221132;2698;5,44
221133;2682;5,03
221134;2691;5,26
221135;2688;5,18
221136;2694;5,33
221137;2691;5,26
221138;2685;5,11
221139;2688;5,18
221140;2688;5,18
221141;2687;5,16
221142;2691;5,26
221143;2693;5,31
221144;2695;5,36
221145;2687;5,16
221146;2694;5,33
221147;2675;4,85
221148;2693;5,31
221149;2685;5,11
221150;2701;5,51
221151;2690;5,23
221152;2696;5,38
221153;2706;5,64
221154;2690;5,23
221155;2693;5,31
221156;2706;5,64
221157;2701;5,51
221158;2694;5,33
221159;2711;5,76
221160;2704;5,59
221161;2701;5,51
221162;2704;5,59
221163;2693;5,31
221164;2704;5,59
221165;2755;6,88
221166;2714;5,84
221167;2725;6,12
221168;2718;5,94
221169;2704;5,59
221170;2717;5,92
221171;2727;6,17
221172;2711;5,76
221173;2702;5,54
221174;2706;5,64
221175;2699;5,46
221176;2721;6,02
221177;2739;6,47
221178;2719;5,97
221179;2711;5,76
221180;2719;5,97
221181;2718;5,94
221182;2720;5,99
221183;2705;5,61
221184;2715;5,87
221185;2711;5,76
221186;2721;6,02
221187;2711;5,76
221188;2718;5,94
221189;2710;5,74
221190;2715;5,87
221191;2715;5,87
221192;2711;5,76
221193;2719;5,97
221194;2718;5,94
221195;2731;6,27
221196;2713;5,81
221197;2703;5,56
221198;2704;5,59
221199;2706;5,64
221200;2704;5,59
221201;2710;5,74
221202;2713;5,81
221203;2732;6,30
221204;2715;5,87
221205;2719;5,97
221206;2714;5,84
221207;2723;6,07
221208;2717;5,92
221209;2730;6,24
221210;2719;5,97
221211;2736;6,40
221212;2714;5,84
221213;2705;5,61
221214;2704;5,59
221215;2717;5,92
221216;2714;5,84
221217;2727;6,17
221218;2716;5,89
221219;2707;5,66
221220;2710;5,74
221221;2736;6,40
221222;2720;5,99
221223;2710;5,74
221224;2718;5,94
221225;2738;6,45
221226;2721;6,02
221227;2719;5,97
221228;2715;5,87
221229;2737;6,42
221230;2722;6,04
221231;2739;6,47
221232;2730;6,24
221233;2720;5,99
221234;2724;6,09
221235;2723;6,07
221236;2726;6,14
221237;2723;6,07
221238;2721;6,02
221239;2708;5,69
221240;2724;6,09
221241;2718;5,94
221242;2725;6,12
221243;2735;6,37
221244;2723;6,07
221245;2709;5,71
221246;2729;6,22
221247;2724;6,09
221248;2733;6,32
221249;2721;6,02
221250;2731;6,27
221251;2726;6,14
221252;2727;6,17
221253;2731;6,27
221254;2726;6,14
221255;2733;6,32
221256;2727;6,17
221257;2723;6,07
221258;2736;6,40
221259;2735;6,37
221260;2737;6,42
221261;2725;6,12
221262;2727;6,17
221263;2736;6,40
221264;2730;6,24
221265;2734;6,35
221266;2737;6,42
221267;2723;6,07
221268;2733;6,32
221269;2719;5,97
221270;2725;6,12
221271;2748;6,70
221272;2725;6,12
221273;2718;5,94
221274;2714;5,84
221275;2710;5,74
221276;2705;5,61
221277;2726;6,14
221278;2715;5,87
221279;2717;5,92
221280;2703;5,56
221281;2733;6,32
221282;2699;5,46
221283;2689;5,21
221284;2703;5,56
221285;2695;5,36
221286;2704;5,59
221287;2701;5,51
221288;2714;5,84
221289;2704;5,59
221290;2704;5,59
221291;2709;5,71
221292;2702;5,54
221293;2718;5,94
221294;2706;5,64
221295;2704;5,59
221296;2707;5,66
221297;2711;5,76
221298;2703;5,56
221299;2690;5,23
221300;2711;5,76
221301;2695;5,36
221302;2709;5,71
221303;2698;5,44
221304;2720;5,99
221305;2713;5,81
221306;2709;5,71
221307;2722;6,04
221308;2727;6,17
221309;2726;6,14
221310;2719;5,97
221311;2711;5,76
221312;2721;6,02
221313;2717;5,92
221314;2730;6,24
221315;2711;5,76
221316;2727;6,17
221317;2729;6,22
221318;2717;5,92
221319;2711;5,76
221320;2718;5,94
221321;2713;5,81
221322;2720;5,99
221323;2720;5,99
221324;2720;5,99
221325;2730;6,24
221326;2715;5,87
221327;2723;6,07
221328;2725;6,12
221329;2764;7,11
221330;2725;6,12
221331;2720;5,99
221332;2736;6,40
221333;2738;6,45
221334;2736;6,40
221335;2738;6,45
221336;2728;6,19
221337;2722;6,04
221338;2727;6,17
221339;2741;6,52
221340;2730;6,24
221341;2724;6,09
221342;2721;6,02
221343;2720;5,99
221344;2725;6,12
221345;2726;6,14
221346;2737;6,42
221347;2736;6,40
221348;2751;6,78
221349;2736;6,40
221350;2736;6,40
221351;2744;6,60
221352;2736;6,40
221353;2738;6,45
221354;2730;6,24
221355;2750;6,75
221356;2739;6,47
221357;2755;6,88
221358;2736;6,40
221359;2742;6,55
221360;2739;6,47
221361;2763;7,08
221362;2723;6,07
221363;2741;6,52
221364;2739;6,47
221365;2733;6,32
221366;2742;6,55
221367;2736;6,40
221368;2733;6,32
221369;2739;6,47
221370;2735;6,37
221371;2736;6,40
221372;2739;6,47
221373;2736;6,40
221374;2737;6,42
221375;2736;6,40
221376;2736;6,40
221377;2734;6,35
221378;2736;6,40
221379;2731;6,27
221380;2730;6,24
221381;2745;6,62
221382;2752;6,80
221383;2743;6,57
221384;2736;6,40
221385;2718;5,94
221386;2749;6,73
221387;2765;7,13
221388;2734;6,35
221389;2771;7,28
221390;2746;6,65
221391;2747;6,68
221392;2748;6,70
221393;2736;6,40
221394;2720;5,99
221395;2746;6,65
221396;2771;7,28
221397;2729;6,22
221398;2751;6,78
221399;2741;6,52
221400;2753;6,83
221401;2748;6,70
221402;2736;6,40
221403;2730;6,24
221404;2752;6,80
221405;2741;6,52
221406;2731;6,27
221407;2739;6,47
221408;2746;6,65
221409;2763;7,08
221410;2711;5,76
221411;2775;7,38
221412;2741;6,52
221413;2757;6,93
221414;2736;6,40
221415;2734;6,35
221416;2733;6,32
221417;2725;6,12
221418;2737;6,42
221419;2741;6,52
221420;2737;6,42
221421;2736;6,40
221422;2735;6,37
221423;2733;6,32
221424;2739;6,47
221425;2733;6,32
221426;2720;5,99
221427;2725;6,12
221428;2719;5,97
221429;2736;6,40
221430;2733;6,32
221431;2723;6,07
221432;2738;6,45
221433;2727;6,17
221434;2730;6,24
221435;2715;5,87
221436;2726;6,14
221437;2731;6,27
221438;2748;6,70
221439;2706;5,64
221440;2730;6,24
221441;2719;5,97
221442;2723;6,07
221443;2725;6,12
221444;2736;6,40
221445;2717;5,92
221446;2735;6,37
221447;2734;6,35
221448;2736;6,40
221449;2747;6,68
221450;2727;6,17
221451;2731;6,27
221452;2745;6,62
221453;2717;5,92
221454;2735;6,37
221455;2733;6,32
221456;2717;5,92
221457;2734;6,35
221458;2721;6,02
221459;2722;6,04
221460;2718;5,94
221461;2733;6,32
221462;2725;6,12
221463;2731;6,27
221464;2740;6,50
221465;2736;6,40
221466;2755;6,88
221467;2766;7,16
221468;2737;6,42
221469;2731;6,27
221470;2721;6,02
221471;2723;6,07
221472;2736;6,40
221473;2715;5,87
221474;2727;6,17
221475;2733;6,32
221476;2730;6,24
221477;2734;6,35
221478;2723;6,07
221479;2733;6,32
221480;2723;6,07
221481;2731;6,27
221482;2726;6,14
221483;2723;6,07
221484;2737;6,42
221485;2730;6,24
221486;2733;6,32
221487;2725;6,12
221488;2725;6,12
221489;2729;6,22
221490;2742;6,55
221491;2738;6,45
221492;2721;6,02
221493;2723;6,07
221494;2736;6,40
221495;2743;6,57
221496;2746;6,65
221497;2715;5,87
221498;2713;5,81
221499;2740;6,50
221500;2705;5,61
221501;2715;5,87
221502;2741;6,52
221503;2726;6,14
221504;2739;6,47
221505;2727;6,17
221506;2711;5,76
221507;2736;6,40
221508;2726;6,14
221509;2746;6,65
221510;2706;5,64
221511;2731;6,27
221512;2726;6,14
221513;2736;6,40
221514;2729;6,22
221515;2726;6,14
221516;2734;6,35
221517;2719;5,97
221518;2736;6,40
221519;2738;6,45
221520;2726;6,14
221521;2721;6,02
221522;2719;5,97
221523;2717;5,92
221524;2714;5,84
221525;2717;5,92
221526;2723;6,07
221527;2727;6,17
221528;2714;5,84
221529;2719;5,97
221530;2729;6,22
221531;2713;5,81
221532;2724;6,09
221533;2727;6,17
221534;2736;6,40
221535;2734;6,35
221536;2714;5,84
221537;2721;6,02
221538;2715;5,87
221539;2734;6,35
221540;2701;5,51
221541;2736;6,40
221542;2729;6,22
221543;2737;6,42
221544;2728;6,19
221545;2742;6,55
221546;2725;6,12
221547;2719;5,97
221548;2763;7,08
221549;2721;6,02
221550;2721;6,02
221551;2707;5,66
221552;2722;6,04
221553;2736;6,40
221554;2721;6,02
221555;2732;6,30
221556;2676;4,88
221557;2742;6,55
221558;2735;6,37
221559;2731;6,27
221560;2726;6,14
221561;2720;5,99
221562;2722;6,04
221563;2718;5,94
221564;2709;5,71
221565;2725;6,12
221566;2719;5,97
221567;2739;6,47
221568;2738;6,45
221569;2723;6,07
221570;2746;6,65
221571;2731;6,27
221572;2743;6,57
221573;2719;5,97
221574;2736;6,40
221575;2722;6,04
221576;2731;6,27
221577;2718;5,94
221578;2734;6,35
221579;2727;6,17
221580;2721;6,02
221581;2721;6,02
221582;2707;5,66
221583;2719;5,97
221584;2730;6,24
221585;2717;5,92
221586;2720;5,99
221587;2723;6,07
221588;2711;5,76
221589;2706;5,64
221590;2731;6,27
221591;2702;5,54
221592;2702;5,54
221593;2715;5,87
221594;2735;6,37
221595;2714;5,84
221596;2736;6,40
221597;2700;5,49
221598;2698;5,44
221599;2706;5,64
221600;2702;5,54
221601;2704;5,59
221602;2715;5,87
221603;2707;5,66
221604;2723;6,07
221605;2707;5,66
221606;2688;5,18
221607;2710;5,74
221608;2708;5,69
221609;2703;5,56
221610;2703;5,56
221611;2701;5,51
221612;2706;5,64
221613;2706;5,64
221614;2709;5,71
221615;2714;5,84
221616;2727;6,17
221617;2699;5,46
221618;2714;5,84
221619;2704;5,59
221620;2683;5,06
221621;2703;5,56
221622;2686;5,13
221623;2711;5,76
221624;2705;5,61
221625;2706;5,64
221626;2700;5,49
221627;2687;5,16
221628;2707;5,66
221629;2695;5,36
221630;2683;5,06
221631;2704;5,59
221632;2703;5,56
221633;2695;5,36
221634;2735;6,37
221635;2704;5,59
221636;2703;5,56
221637;2719;5,97
221638;2705;5,61
221639;2733;6,32
221640;2708;5,69
221641;2707;5,66
221642;2683;5,06
221643;2688;5,18
221644;2706;5,64
221645;2719;5,97
221646;2695;5,36
221647;2705;5,61
221648;2704;5,59
221649;2692;5,28
221650;2736;6,40
221651;2708;5,69
221652;2703;5,56
221653;2704;5,59
221654;2703;5,56
221655;2691;5,26
221656;2713;5,81
221657;2703;5,56
221658;2685;5,11
221659;2694;5,33
221660;2683;5,06
221661;2687;5,16
221662;2704;5,59
221663;2690;5,23
221664;2689;5,21
221665;2719;5,97
221666;2697;5,41
221667;2693;5,31
221668;2693;5,31
221669;2704;5,59
221670;2709;5,71
221671;2702;5,54
221672;2678;4,93
221673;2717;5,92
221674;2704;5,59
221675;2703;5,56
221676;2703;5,56
221677;2690;5,23
221678;2694;5,33
221679;2711;5,76
221680;2711;5,76
221681;2699;5,46
221682;2702;5,54
221683;2697;5,41
221684;2703;5,56
221685;2671;4,75
221686;2710;5,74
221687;2691;5,26
221688;2704;5,59
221689;2709;5,71
221690;2705;5,61
221691;2701;5,51
221692;2691;5,26
221693;2704;5,59
221694;2690;5,23
221695;2705;5,61
221696;2711;5,76
221697;2691;5,26
221698;2703;5,56
221699;2687;5,16
221700;2699;5,46
221701;2730;6,24
221702;2686;5,13
221703;2697;5,41
221704;2697;5,41
221705;2729;6,22
221706;2673;4,80
221707;2705;5,61
221708;2688;5,18
221709;2688;5,18
221710;2705;5,61
221711;2718;5,94
221712;2676;4,88
221713;2688;5,18
221714;2731;6,27
221715;2698;5,44
221716;2693;5,31
221717;2699;5,46
221718;2704;5,59
221719;2704;5,59
221720;2695;5,36
221721;2691;5,26
221722;2675;4,85
221723;2703;5,56
221724;2673;4,80
221725;2694;5,33
221726;2682;5,03
221727;2703;5,56
221728;2687;5,16
221729;2699;5,46
221730;2701;5,51
221731;2701;5,51
221732;2717;5,92
221733;2679;4,95
221734;2673;4,80
221735;2701;5,51
221736;2688;5,18
221737;2709;5,71
221738;2719;5,97
221739;2678;4,93
221740;2681;5,01
221741;2688;5,18
221742;2715;5,87
221743;2679;4,95
221744;2711;5,76
221745;2682;5,03
221746;2709;5,71
221747;2706;5,64
221748;2704;5,59
221749;2685;5,11
221750;2704;5,59
221751;2704;5,59
221752;2704;5,59
221753;2707;5,66
221754;2683;5,06
221755;2685;5,11
221756;2697;5,41
221757;2693;5,31
221758;2709;5,71
221759;2709;5,71
221760;2710;5,74
221761;2703;5,56
221762;2687;5,16
221763;2672;4,78
221764;2703;5,56
221765;2696;5,38
221766;2704;5,59
221767;2703;5,56
221768;2703;5,56
221769;2704;5,59
221770;2701;5,51
221771;2706;5,64
221772;2713;5,81
221773;2703;5,56
221774;2710;5,74
221775;2646;4,12
221776;2685;5,11
221777;2717;5,92
221778;2714;5,84
221779;2705;5,61
221780;2713;5,81
221781;2708;5,69
221782;2690;5,23
221783;2710;5,74
221784;2706;5,64
221785;2706;5,64
221786;2704;5,59
221787;2731;6,27
221788;2698;5,44
221789;2698;5,44
221790;2715;5,87
221791;2721;6,02
221792;2721;6,02
221793;2695;5,36
221794;2716;5,89
221795;2706;5,64
221796;2707;5,66
221797;2701;5,51
221798;2690;5,23
221799;2683;5,06
221800;2689;5,21
221801;2704;5,59
221802;2697;5,41
221803;2688;5,18
221804;2704;5,59
221805;2737;6,42
221806;2688;5,18
221807;2702;5,54
221808;2705;5,61
221809;2687;5,16
221810;2691;5,26
221811;2708;5,69
221812;2717;5,92
221813;2696;5,38
221814;2707;5,66
221815;2699;5,46
221816;2714;5,84
221817;2705;5,61
221818;2709;5,71
221819;2710;5,74
221820;2713;5,81
221821;2704;5,59
221822;2739;6,47
221823;2722;6,04
221824;2690;5,23
221825;2702;5,54
221826;2721;6,02
221827;2683;5,06
221828;2721;6,02
221829;2721;6,02
221830;2719;5,97
221831;2717;5,92
221832;2711;5,76
221833;2711;5,76
221834;2703;5,56
221835;2704;5,59
221836;2701;5,51
221837;2707;5,66
221838;2711;5,76
221839;2715;5,87
221840;2717;5,92
221841;2687;5,16
221842;2701;5,51
221843;2704;5,59
221844;2658;4,42
221845;2713;5,81
221846;2675;4,85
221847;2663;4,55
221848;2709;5,71
221849;2706;5,64
221850;2692;5,28
221851;2693;5,31
221852;2704;5,59
221853;2704;5,59
221854;2702;5,54
221855;2695;5,36
221856;2707;5,66
221857;2723;6,07
221858;2714;5,84
221859;2710;5,74
221860;2705;5,61
221861;2722;6,04
221862;2698;5,44
221863;2700;5,49
221864;2699;5,46
221865;2707;5,66
221866;2701;5,51
221867;2705;5,61
221868;2695;5,36
221869;2708;5,69
221870;2736;6,40
221871;2707;5,66
221872;2740;6,50
221873;2716;5,89
221874;2705;5,61
221875;2704;5,59
221876;2706;5,64
221877;2711;5,76
221878;2706;5,64
221879;2697;5,41
221880;2698;5,44
221881;2688;5,18
221882;2710;5,74
221883;2693;5,31
221884;2705;5,61
221885;2736;6,40
221886;2704;5,59
221887;2709;5,71
221888;2705;5,61
221889;2715;5,87
221890;2731;6,27
221891;2709;5,71
221892;2711;5,76
221893;2689;5,21
221894;2704;5,59
221895;2704;5,59
221896;2719;5,97
221897;2715;5,87
221898;2747;6,68
221899;2722;6,04
221900;2715;5,87
221901;2725;6,12
221902;2693;5,31
221903;2711;5,76
221904;2716;5,89
221905;2718;5,94
221906;2719;5,97
221907;2714;5,84
221908;2687;5,16
221909;2702;5,54
221910;2687;5,16
221911;2711;5,76
221912;2689;5,21
221913;2715;5,87
221914;2695;5,36
221915;2721;6,02
221916;2721;6,02
221917;2714;5,84
221918;2720;5,99
221919;2709;5,71
221920;2697;5,41
221921;2719;5,97
221922;2733;6,32
221923;2731;6,27
221924;2707;5,66
221925;2708;5,69
221926;2722;6,04
221927;2699;5,46
221928;2736;6,40
221929;2709;5,71
221930;2750;6,75
221931;2714;5,84
221932;2714;5,84
221933;2720;5,99
221934;2709;5,71
221935;2717;5,92
221936;2702;5,54
221937;2723;6,07
221938;2721;6,02
221939;2731;6,27
221940;2704;5,59
221941;2704;5,59
221942;2714;5,84
221943;2734;6,35
221944;2703;5,56
221945;2704;5,59
221946;2715;5,87
221947;2702;5,54
221948;2727;6,17
221949;2725;6,12
221950;2717;5,92
221951;2735;6,37
221952;2703;5,56
221953;2717;5,92
221954;2712;5,79
221955;2701;5,51
221956;2720;5,99
221957;2717;5,92
221958;2722;6,04
221959;2729;6,22
221960;2724;6,09
221961;2729;6,22
221962;2721;6,02
221963;2730;6,24
221964;2727;6,17
221965;2704;5,59
221966;2718;5,94
221967;2731;6,27
221968;2726;6,14
221969;2702;5,54
221970;2715;5,87
221971;2730;6,24
221972;2718;5,94
221973;2727;6,17
221974;2717;5,92
221975;2725;6,12
221976;2717;5,92
221977;2762;7,05
221978;2735;6,37
221979;2742;6,55
221980;2719;5,97
221981;2727;6,17
221982;2717;5,92
221983;2724;6,09
221984;2727;6,17
221985;2715;5,87
221986;2714;5,84
221987;2718;5,94
221988;2715;5,87
221989;2736;6,40
221990;2720;5,99
221991;2717;5,92
221992;2729;6,22
221993;2711;5,76
221994;2717;5,92
221995;2725;6,12
221996;2721;6,02
221997;2717;5,92
221998;2715;5,87
221999;2722;6,04
222000;2720;5,99
222001;2727;6,17
222002;2724;6,09
222003;2703;5,56
222004;2750;6,75
222005;2725;6,12
222006;2718;5,94
222007;2741;6,52
222008;2720;5,99
222009;2714;5,84
222010;2732;6,30
222011;2731;6,27
222012;2735;6,37
222013;2706;5,64
222014;2721;6,02
222015;2719;5,97
222016;2717;5,92
222017;2720;5,99
222018;2729;6,22
222019;2718;5,94
222020;2759;6,98
222021;2723;6,07
222022;2768;7,21
222023;2730;6,24
222024;2731;6,27
222025;2718;5,94
222026;2725;6,12
222027;2725;6,12
222028;2729;6,22
222029;2735;6,37
222030;2730;6,24
222031;2723;6,07
222032;2735;6,37
222033;2730;6,24
222034;2738;6,45
222035;2729;6,22
222036;2734;6,35
222037;2731;6,27
222038;2726;6,14
222039;2741;6,52
222040;2731;6,27
222041;2715;5,87
222042;2758;6,95
222043;2729;6,22
222044;2731;6,27
222045;2710;5,74
222046;2721;6,02
222047;2735;6,37
222048;2719;5,97
222049;2742;6,55
222050;2715;5,87
222051;2715;5,87
222052;2733;6,32
222053;2704;5,59
222054;2702;5,54
222055;2699;5,46
222056;2717;5,92
222057;2693;5,31
222058;2699;5,46
222059;2685;5,11
222060;2695;5,36
222061;2685;5,11
222062;2719;5,97
222063;2681;5,01
222064;2674;4,83
222065;2690;5,23
222066;2687;5,16
222067;2691;5,26
222068;2685;5,11
222069;2683;5,06
222070;2702;5,54
222071;2672;4,78
222072;2692;5,28
222073;2679;4,95
222074;2739;6,47
222075;2681;5,01
222076;2698;5,44
222077;2694;5,33
222078;2725;6,12
222079;2694;5,33
222080;2725;6,12
222081;2702;5,54
222082;2721;6,02
222083;2704;5,59
222084;2713;5,81
222085;2710;5,74
222086;2720;5,99
222087;2768;7,21
222088;2720;5,99
222089;2729;6,22
222090;2730;6,24
222091;2711;5,76
222092;2725;6,12
222093;2704;5,59
222094;2736;6,40
222095;2696;5,38
222096;2697;5,41
222097;2683;5,06
222098;2701;5,51
222099;2661;4,50
222100;2659;4,45
222101;2643;4,04
222102;2656;4,37
222103;2624;3,56
222104;2628;3,66
222105;2605;3,08
222106;2631;3,74
222107;2608;3,16
222108;2624;3,56
222109;2611;3,23
222110;2607;3,13
222111;2598;2,90
222112;2611;3,23
222113;2602;3,01
222114;2625;3,59
222115;2605;3,08
222116;2633;3,79
222117;2604;3,06
222118;2640;3,97
222119;2611;3,23
222120;2624;3,56
222121;2608;3,16
222122;2624;3,56
222123;2620;3,46
222124;2623;3,54
222125;2615;3,34
222126;2608;3,16
222127;2615;3,34
222128;2619;3,44
222129;2615;3,34
222130;2620;3,46
222131;2624;3,56
222132;2619;3,44
222133;2618;3,41
222134;2624;3,56
222135;2644;4,07
222136;2634;3,82
222137;2624;3,56
222138;2650;4,22
222139;2640;3,97
222140;2640;3,97
222141;2647;4,14
222142;2642;4,02
222143;2647;4,14
222144;2653;4,30
222145;2655;4,35
222146;2655;4,35
222147;2672;4,78
222148;2656;4,37
222149;2671;4,75
222150;2660;4,47
222151;2672;4,78
222152;2674;4,83
222153;2673;4,80
222154;2671;4,75
222155;2672;4,78
222156;2674;4,83
222157;2692;5,28
222158;2672;4,78
222159;2695;5,36
222160;2675;4,85
222161;2686;5,13
222162;2675;4,85
222163;2683;5,06
222164;2682;5,03
222165;2688;5,18
222166;2677;4,90
222167;2688;5,18
222168;2687;5,16
222169;2683;5,06
222170;2687;5,16
222171;2675;4,85
222172;2686;5,13
222173;2685;5,11
222174;2685;5,11
222175;2695;5,36
222176;2682;5,03
222177;2678;4,93
222178;2693;5,31
222179;2683;5,06
222180;2674;4,83
222181;2678;4,93
222182;2676;4,88
222183;2675;4,85
222184;2677;4,90
222185;2686;5,13
222186;2672;4,78
222187;2677;4,90
222188;2706;5,64
222189;2672;4,78
222190;2678;4,93
222191;2672;4,78
222192;2682;5,03
222193;2699;5,46
222194;2681;5,01
222195;2702;5,54
222196;2684;5,08
222197;2673;4,80
222198;2699;5,46
222199;2683;5,06
222200;2683;5,06
222201;2689;5,21
222202;2688;5,18
222203;2675;4,85
222204;2688;5,18
222205;2684;5,08
222206;2675;4,85
222207;2691;5,26
222208;2677;4,90
222209;2688;5,18
222210;2683;5,06
222211;2704;5,59
222212;2686;5,13
222213;2676;4,88
222214;2679;4,95
222215;2685;5,11
222216;2688;5,18
222217;2679;4,95
222218;2682;5,03
222219;2675;4,85
222220;2698;5,44
222221;2685;5,11
222222;2686;5,13
222223;2690;5,23
222224;2672;4,78
222225;2673;4,80
222226;2697;5,41
222227;2679;4,95
222228;2688;5,18
222229;2672;4,78
222230;2684;5,08
222231;2691;5,26
222232;2682;5,03
222233;2676;4,88
222234;2689;5,21
222235;2672;4,78
222236;2687;5,16
222237;2674;4,83
222238;2668;4,68
222239;2678;4,93
222240;2669;4,70
222241;2662;4,52
222242;2674;4,83
222243;2655;4,35
222244;2666;4,63
222245;2663;4,55
222246;2651;4,25
222247;2647;4,14
222248;2643;4,04
222249;2663;4,55
222250;2650;4,22
222251;2638;3,92
222252;2640;3,97
222253;2652;4,27
222254;2651;4,25
222255;2640;3,97
222256;2640;3,97
222257;2640;3,97
222258;2651;4,25
222259;2640;3,97
222260;2650;4,22
222261;2645;4,09
222262;2634;3,82
222263;2630;3,71
222264;2637;3,89
222265;2618;3,41
222266;2653;4,30
222267;2651;4,25
222268;2623;3,54
222269;2619;3,44
222270;2626;3,61
222271;2611;3,23
222272;2628;3,66
222273;2612;3,26
222274;2623;3,54
222275;2608;3,16
222276;2626;3,61
222277;2626;3,61
222278;2602;3,01
222279;2624;3,56
222280;2610;3,21
222281;2601;2,98
222282;2608;3,16
222283;2597;2,88
222284;2594;2,80
222285;2615;3,34
222286;2593;2,78
222287;2612;3,26
222288;2599;2,93
222289;2586;2,60
222290;2615;3,34
222291;2603;3,03
222292;2559;1,92
222293;2601;2,98
222294;2604;3,06
222295;2559;1,92
222296;2590;2,70
222297;2559;1,92
222298;2582;2,50
222299;2589;2,68
222300;2559;1,92
222301;2608;3,16
222302;2599;2,93
222303;2559;1,92
222304;2559;1,92
222305;2559;1,92
222306;2559;1,92
222307;2559;1,92
222308;2559;1,92
222309;2583;2,53
222310;2559;1,92
222311;2583;2,53
222312;2583;2,53
222313;2559;1,92
222314;2559;1,92
222315;2559;1,92
222316;2559;1,92
222317;2559;1,92
222318;2559;1,92
222319;2559;1,92
222320;2559;1,92
222321;2554;1,79
222322;2559;1,92
222323;2559;1,92
222324;2559;1,92
222325;2557;1,87
222326;2550;1,69
222327;2546;1,59
222328;2559;1,92
222329;2547;1,61
222330;2559;1,92
222331;2549;1,66
222332;2550;1,69
222333;2556;1,84
222334;2552;1,74
222335;2544;1,54
222336;2557;1,87
222337;2553;1,77
222338;2544;1,54
222339;2558;1,89
222340;2547;1,61
222341;2543;1,51
222342;2549;1,66
222343;2541;1,46
222344;2539;1,41
222345;2549;1,66
222346;2546;1,59
222347;2559;1,92
222348;2547;1,61
222349;2539;1,41
222350;2557;1,87
222351;2535;1,31
222352;2537;1,36
222353;2546;1,59
222354;2551;1,72
222355;2537;1,36
222356;2539;1,41
222357;2542;1,49
222358;2543;1,51
222359;2544;1,54
222360;2534;1,29
222361;2544;1,54
222362;2530;1,18
222363;2537;1,36
222364;2541;1,46
222365;2532;1,23
222366;2555;1,82
222367;2544;1,54
222368;2533;1,26
222369;2546;1,59
222370;2542;1,49
222371;2539;1,41
222372;2556;1,84
222373;2558;1,89
222374;2550;1,69
222375;2546;1,59
222376;2539;1,41
222377;2539;1,41
222378;2549;1,66
222379;2536;1,34
222380;2544;1,54
222381;2550;1,69
222382;2534;1,29
222383;2539;1,41
222384;2546;1,59
222385;2547;1,61
222386;2537;1,36
222387;2559;1,92
222388;2549;1,66
222389;2541;1,46
222390;2533;1,26
222391;2538;1,39
222392;2544;1,54
222393;2537;1,36
222394;2534;1,29
222395;2555;1,82
222396;2539;1,41
222397;2536;1,34
222398;2559;1,92
222399;2549;1,66
222400;2534;1,29
222401;2539;1,41
222402;2544;1,54
222403;2529;1,16
222404;2530;1,18
222405;2534;1,29
222406;2545;1,56
222407;2534;1,29
222408;2559;1,92
222409;2545;1,56
222410;2528;1,13
222411;2542;1,49
222412;2544;1,54
222413;2545;1,56
222414;2541;1,46
222415;2539;1,41
222416;2526;1,08
222417;2539;1,41
222418;2531;1,21
222419;2544;1,54
222420;2529;1,16
222421;2548;1,64
222422;2555;1,82
222423;2553;1,77
222424;2528;1,13
222425;2526;1,08
222426;2546;1,59
222427;2523;1,01
222428;2541;1,46
222429;2537;1,36
222430;2550;1,69
222431;2543;1,51
222432;2535;1,31
222433;2529;1,16
222434;2545;1,56
222435;2545;1,56
222436;2534;1,29
222437;2530;1,18
222438;2520;0,93
222439;2535;1,31
222440;2547;1,61
222441;2547;1,61
222442;2525;1,06
222443;2554;1,79
222444;2523;1,01
222445;2521;0,96
222446;2543;1,51
222447;2539;1,41
222448;2544;1,54
222449;2551;1,72
222450;2518;0,88
222451;2530;1,18
222452;2533;1,26
222453;2530;1,18
222454;2544;1,54
222455;2532;1,23
222456;2525;1,06
222457;2538;1,39
222458;2551;1,72
222459;2546;1,59
222460;2547;1,61
222461;2531;1,21
222462;2528;1,13
222463;2547;1,61
222464;2524;1,03
222465;2542;1,49
222466;2518;0,88
222467;2513;0,75
222468;2534;1,29
222469;2525;1,06
222470;2521;0,96
222471;2535;1,31
222472;2525;1,06
222473;2537;1,36
222474;2531;1,21
222475;2542;1,49
222476;2532;1,23
222477;2514;0,78
222478;2535;1,31
222479;2510;0,68
222480;2512;0,73
222481;2527;1,11
222482;2512;0,73
222483;2526;1,08
222484;2519;0,91
222485;2525;1,06
222486;2546;1,59
222487;2513;0,75
222488;2509;0,65
222489;2529;1,16
222490;2515;0,80
222491;2512;0,73
222492;2523;1,01
222493;2525;1,06
222494;2515;0,80
222495;2506;0,58
222496;2523;1,01
222497;2513;0,75
222498;2512;0,73
222499;2532;1,23
222500;2512;0,73
222501;2537;1,36
222502;2518;0,88
222503;2511;0,70
222504;2507;0,60
222505;2513;0,75
222506;2519;0,91
222507;2512;0,73
222508;2507;0,60
222509;2509;0,65
222510;2511;0,70
222511;2509;0,65
222512;2506;0,58
222513;2511;0,70
222514;2509;0,65
222515;2503;0,50
222516;2503;0,50
222517;2505;0,55
222518;2507;0,60
222519;2511;0,70
222520;2544;1,54
222521;2559;1,92
222522;2539;1,41
222523;2502;0,48
222524;2512;0,73
222525;2507;0,60
222526;2499;0,40
222527;2499;0,40
222528;2509;0,65
222529;2509;0,65
222530;2507;0,60
222531;2515;0,80
222532;2510;0,68
222533;2502;0,48
222534;2507;0,60
222535;2499;0,40
222536;2512;0,73
222537;2513;0,75
222538;2510;0,68
222539;2501;0,45
222540;2500;0,43
222541;2508;0,63
222542;2510;0,68
222543;2506;0,58
222544;2510;0,68
222545;2508;0,63
222546;2510;0,68
222547;2510;0,68
222548;2512;0,73
222549;2509;0,65
222550;2509;0,65
222551;2505;0,55
222552;2507;0,60
222553;2509;0,65
222554;2511;0,70
222555;2514;0,78
222556;2507;0,60
222557;2501;0,45
222558;2502;0,48
222559;2506;0,58
222560;2499;0,40
222561;2510;0,68
222562;2503;0,50
222563;2512;0,73
222564;2509;0,65
222565;2511;0,70
222566;2514;0,78
222567;2507;0,60
222568;2510;0,68
222569;2509;0,65
222570;2503;0,50
222571;2512;0,73
222572;2502;0,48
222573;2511;0,70
222574;2503;0,50
222575;2503;0,50
222576;2501;0,45
222577;2509;0,65
222578;2503;0,50
222579;2512;0,73
222580;2501;0,45
222581;2509;0,65
222582;2506;0,58
222583;2507;0,60
222584;2503;0,50
222585;2501;0,45
222586;2511;0,70
222587;2512;0,73
222588;2509;0,65
222589;2509;0,65
222590;2503;0,50
222591;2512;0,73
222592;2500;0,43
222593;2502;0,48
222594;2513;0,75
222595;2507;0,60
222596;2506;0,58
222597;2501;0,45
222598;2503;0,50
222599;2512;0,73
222600;2502;0,48
222601;2501;0,45
222602;2501;0,45
222603;2494;0,27
222604;2494;0,27
222605;2487;0,10
222606;2494;0,27
222607;2489;0,15
222608;2491;0,20
222609;2496;0,32
222610;2494;0,27
222611;2495;0,30
222612;2487;0,10
222613;2500;0,43
222614;2486;0,07
222615;2498;0,37
222616;2491;0,20
222617;2495;0,30
222618;2491;0,20
222619;2493;0,25
222620;2483;0,00
222621;2487;0,10
222622;2489;0,15
222623;2495;0,30
222624;2492;0,22
222625;2485;0,05
222626;2482;0,00
222627;2485;0,05
222628;2483;0,00
222629;2480;0,00
222630;2480;0,00
222631;2482;0,00
222632;2484;0,02
222633;2481;0,00
222634;2478;0,00
222635;2480;0,00
222636;2478;0,00
222637;2480;0,00
222638;2480;0,00
222639;2480;0,00
222640;2469;0,00
222641;2480;0,00
222642;2481;0,00
222643;2474;0,00
222644;2477;0,00
222645;2473;0,00
222646;2467;0,00
222647;2479;0,00
222648;2475;0,00
222649;2464;0,00
222650;2473;0,00
222651;2465;0,00
222652;2467;0,00
222653;2478;0,00
222654;2473;0,00
222655;2467;0,00
222656;2467;0,00
222657;2467;0,00
222658;2466;0,00
222659;2465;0,00
222660;2459;0,00
222661;2471;0,00
222662;2467;0,00
222663;2463;0,00
222664;2474;0,00
222665;2464;0,00
222666;2463;0,00
222667;2463;0,00
222668;2459;0,00
222669;2461;0,00
222670;2465;0,00
222671;2468;0,00
222672;2464;0,00
222673;2463;0,00
222674;2459;0,00
222675;2478;0,00
222676;2466;0,00
222677;2464;0,00
222678;2463;0,00
222679;2464;0,00
222680;2461;0,00
222681;2462;0,00
222682;2459;0,00
222683;2462;0,00
222684;2464;0,00
222685;2459;0,00
222686;2458;0,00
222687;2459;0,00
222688;2459;0,00
222689;2464;0,00
222690;2458;0,00
222691;2451;0,00
222692;2462;0,00
222693;2460;0,00
222694;2454;0,00
222695;2464;0,00
222696;2455;0,00
222697;2467;0,00
222698;2467;0,00
222699;2463;0,00
222700;2462;0,00
222701;2464;0,00
222702;2458;0,00
222703;2460;0,00
222704;2469;0,00
222705;2467;0,00
222706;2464;0,00
222707;2465;0,00
222708;2462;0,00
222709;2470;0,00
222710;2466;0,00
222711;2471;0,00
222712;2462;0,00
222713;2465;0,00
222714;2465;0,00
222715;2464;0,00
222716;2466;0,00
222717;2479;0,00
222718;2464;0,00
222719;2469;0,00
222720;2475;0,00
222721;2462;0,00
222722;2470;0,00
222723;2465;0,00
222724;2480;0,00
222725;2471;0,00
222726;2479;0,00
222727;2477;0,00
222728;2466;0,00
222729;2478;0,00
222730;2471;0,00
222731;2480;0,00
222732;2479;0,00
222733;2468;0,00
222734;2479;0,00
222735;2470;0,00
222736;2479;0,00
222737;2476;0,00
222738;2471;0,00
222739;2480;0,00
222740;2480;0,00
222741;2479;0,00
222742;2478;0,00
222743;2471;0,00
222744;2478;0,00
222745;2479;0,00
222746;2478;0,00
222747;2482;0,00
222748;2477;0,00
222749;2480;0,00
222750;2480;0,00
222751;2483;0,00
222752;2481;0,00
222753;2487;0,10
222754;2485;0,05
222755;2479;0,00
222756;2483;0,00
222757;2477;0,00
222758;2485;0,05
222759;2480;0,00
222760;2481;0,00
222761;2485;0,05
222762;2486;0,07
222763;2493;0,25
222764;2484;0,02
222765;2489;0,15
222766;2495;0,30
222767;2495;0,30
222768;2484;0,02
222769;2493;0,25
222770;2483;0,00
222771;2487;0,10
222772;2492;0,22
222773;2487;0,10
222774;2491;0,20
222775;2483;0,00
222776;2489;0,15
222777;2491;0,20
222778;2487;0,10
222779;2495;0,30
222780;2491;0,20
222781;2489;0,15
222782;2491;0,20
222783;2501;0,45
222784;2492;0,22
222785;2499;0,40
222786;2496;0,32
222787;2497;0,35
222788;2483;0,00
222789;2490;0,17
222790;2490;0,17
222791;2490;0,17
222792;2490;0,17
222793;2486;0,07
222794;2498;0,37
222795;2486;0,07
222796;2492;0,22
222797;2492;0,22
222798;2496;0,32
222799;2485;0,05
222800;2485;0,05
222801;2494;0,27
222802;2491;0,20
222803;2485;0,05
222804;2489;0,15
222805;2493;0,25
222806;2480;0,00
222807;2493;0,25
222808;2480;0,00
222809;2496;0,32
222810;2489;0,15
222811;2491;0,20
222812;2486;0,07
222813;2480;0,00
222814;2480;0,00
222815;2490;0,17
222816;2480;0,00
222817;2485;0,05
222818;2480;0,00
222819;2487;0,10
222820;2481;0,00
222821;2475;0,00
222822;2481;0,00
222823;2485;0,05
222824;2479;0,00
222825;2477;0,00
222826;2486;0,07
222827;2479;0,00
222828;2480;0,00
222829;2477;0,00
222830;2480;0,00
222831;2480;0,00
222832;2480;0,00
222833;2481;0,00
222834;2480;0,00
222835;2479;0,00
222836;2472;0,00
222837;2478;0,00
222838;2474;0,00
222839;2473;0,00
222840;2477;0,00
222841;2468;0,00
222842;2473;0,00
222843;2469;0,00
222844;2473;0,00
222845;2469;0,00
222846;2473;0,00
222847;2475;0,00
222848;2477;0,00
222849;2469;0,00
222850;2466;0,00
222851;2479;0,00
222852;2469;0,00
222853;2463;0,00
222854;2469;0,00
222855;2475;0,00
222856;2474;0,00
222857;2463;0,00
222858;2467;0,00
222859;2463;0,00
222860;2468;0,00
222861;2469;0,00
222862;2463;0,00
222863;2466;0,00
222864;2467;0,00
222865;2464;0,00
222866;2464;0,00
222867;2460;0,00
222868;2469;0,00
222869;2466;0,00
222870;2464;0,00
222871;2465;0,00
222872;2463;0,00
222873;2459;0,00
222874;2465;0,00
222875;2461;0,00
222876;2466;0,00
222877;2474;0,00
222878;2466;0,00
222879;2465;0,00
222880;2463;0,00
222881;2463;0,00
222882;2463;0,00
222883;2477;0,00
222884;2467;0,00
222885;2470;0,00
222886;2462;0,00
222887;2465;0,00
222888;2467;0,00
222889;2454;0,00
222890;2463;0,00
222891;2460;0,00
222892;2465;0,00
222893;2461;0,00
222894;2463;0,00
222895;2469;0,00
222896;2464;0,00
222897;2464;0,00
222898;2467;0,00
222899;2463;0,00
222900;2467;0,00
222901;2458;0,00
222902;2465;0,00
222903;2466;0,00
222904;2471;0,00
222905;2463;0,00
222906;2467;0,00
222907;2470;0,00
222908;2462;0,00
222909;2469;0,00
222910;2465;0,00
222911;2462;0,00
222912;2477;0,00
222913;2463;0,00
222914;2470;0,00
222915;2469;0,00
222916;2463;0,00
222917;2469;0,00
222918;2455;0,00
222919;2467;0,00
222920;2474;0,00
222921;2469;0,00
222922;2464;0,00
222923;2469;0,00
222924;2466;0,00
222925;2466;0,00
222926;2474;0,00
222927;2474;0,00
222928;2468;0,00
222929;2466;0,00
222930;2480;0,00
222931;2467;0,00
222932;2471;0,00
222933;2469;0,00
222934;2470;0,00
222935;2470;0,00
222936;2467;0,00
222937;2464;0,00
222938;2468;0,00
222939;2461;0,00
222940;2466;0,00
222941;2467;0,00
222942;2471;0,00
222943;2466;0,00
222944;2472;0,00
222945;2462;0,00
222946;2467;0,00
222947;2467;0,00
222948;2468;0,00
222949;2471;0,00
222950;2469;0,00
222951;2465;0,00
222952;2473;0,00
222953;2462;0,00
222954;2475;0,00
222955;2465;0,00
222956;2470;0,00
222957;2470;0,00
222958;2465;0,00
222959;2479;0,00
222960;2478;0,00
222961;2470;0,00
222962;2467;0,00
222963;2477;0,00
222964;2474;0,00
222965;2475;0,00
222966;2469;0,00
222967;2470;0,00
222968;2471;0,00
222969;2475;0,00
222970;2474;0,00
222971;2471;0,00
222972;2473;0,00
222973;2479;0,00
222974;2474;0,00
222975;2469;0,00
222976;2466;0,00
222977;2475;0,00
222978;2477;0,00
222979;2479;0,00
222980;2471;0,00
222981;2471;0,00
222982;2471;0,00
222983;2477;0,00
222984;2477;0,00
222985;2471;0,00
222986;2470;0,00
222987;2468;0,00
222988;2476;0,00
222989;2471;0,00
222990;2475;0,00
222991;2480;0,00
222992;2465;0,00
222993;2477;0,00
222994;2475;0,00
222995;2477;0,00
222996;2471;0,00
222997;2480;0,00
222998;2478;0,00
222999;2477;0,00
223000;2472;0,00
223001;2466;0,00
223002;2479;0,00
223003;2475;0,00
223004;2473;0,00
223005;2469;0,00
223006;2467;0,00
223007;2471;0,00
223008;2480;0,00
223009;2476;0,00
223010;2475;0,00
223011;2471;0,00
223012;2478;0,00
223013;2475;0,00
223014;2480;0,00
223015;2471;0,00
223016;2474;0,00
223017;2475;0,00
223018;2475;0,00
223019;2473;0,00
223020;2469;0,00
223021;2479;0,00
223022;2480;0,00
223023;2478;0,00
223024;2474;0,00
223025;2478;0,00
223026;2479;0,00
223027;2470;0,00
223028;2480;0,00
223029;2475;0,00
223030;2474;0,00
223031;2480;0,00
223032;2473;0,00
223033;2474;0,00
223034;2471;0,00
223035;2481;0,00
223036;2475;0,00
223037;2474;0,00
223038;2475;0,00
223039;2479;0,00
223040;2474;0,00
223041;2473;0,00
223042;2480;0,00
223043;2475;0,00
223044;2467;0,00
223045;2475;0,00
223046;2471;0,00
223047;2474;0,00
223048;2473;0,00
223049;2478;0,00
223050;2480;0,00
223051;2467;0,00
223052;2475;0,00
223053;2477;0,00
223054;2477;0,00
223055;2482;0,00
223056;2481;0,00
223057;2469;0,00
223058;2475;0,00
223059;2477;0,00
223060;2465;0,00
223061;2477;0,00
223062;2481;0,00
223063;2475;0,00
223064;2475;0,00
223065;2469;0,00
223066;2479;0,00
223067;2477;0,00
223068;2478;0,00
223069;2480;0,00
223070;2478;0,00
223071;2476;0,00
223072;2471;0,00
223073;2471;0,00
223074;2464;0,00
223075;2467;0,00
223076;2478;0,00
223077;2477;0,00
223078;2478;0,00
223079;2471;0,00
223080;2477;0,00
223081;2481;0,00
223082;2469;0,00
223083;2467;0,00
223084;2480;0,00
223085;2477;0,00
223086;2477;0,00
223087;2471;0,00
223088;2473;0,00
223089;2476;0,00
223090;2473;0,00
223091;2474;0,00
223092;2464;0,00
223093;2473;0,00
223094;2470;0,00
223095;2473;0,00
223096;2477;0,00
223097;2475;0,00
223098;2475;0,00
223099;2466;0,00
223100;2476;0,00
223101;2469;0,00
223102;2470;0,00
223103;2478;0,00
223104;2480;0,00
223105;2466;0,00
223106;2477;0,00
223107;2478;0,00
223108;2476;0,00
223109;2470;0,00
223110;2483;0,00
223111;2479;0,00
223112;2479;0,00
223113;2473;0,00
223114;2481;0,00
223115;2479;0,00
223116;2478;0,00
223117;2477;0,00
223118;2476;0,00
223119;2474;0,00
223120;2478;0,00
223121;2475;0,00
223122;2479;0,00
223123;2478;0,00
223124;2476;0,00
223125;2473;0,00
223126;2479;0,00
223127;2477;0,00
223128;2477;0,00
223129;2470;0,00
223130;2474;0,00
223131;2478;0,00
223132;2480;0,00
223133;2477;0,00
223134;2468;0,00
223135;2473;0,00
223136;2471;0,00
223137;2478;0,00
223138;2480;0,00
223139;2480;0,00
223140;2483;0,00
223141;2480;0,00
223142;2479;0,00
