Tempo_ms;ADC_Bruto;Forca_kg
150940;2583;2,53
150941;2559;1,92
150942;2591;2,73
150943;2559;1,92
150944;2608;3,16
150945;2559;1,92
150946;2625;3,59
150947;2586;2,60
150948;2595;2,83
150949;2594;2,80
150950;2590;2,70
150951;2559;1,92
150952;2593;2,78
150953;2559;1,92
150954;2589;2,68
150955;2559;1,92
150956;2597;2,88
150957;2595;2,83
150958;2608;3,16
150959;2559;1,92
150960;2559;1,92
150961;2559;1,92
150962;2615;3,34
150963;2587;2,63
150964;2607;3,13
150965;2559;1,92
150966;2610;3,21
150967;2597;2,88
150968;2590;2,70
150969;2559;1,92
150970;2602;3,01
150971;2559;1,92
150972;2586;2,60
150973;2559;1,92
150974;2618;3,41
150975;2593;2,78
150976;2581;2,47
150977;2559;1,92
150978;2605;3,08
150979;2559;1,92
150980;2624;3,56
150981;2583;2,53
150982;2595;2,83
150983;2559;1,92
150984;2590;2,70
150985;2559;1,92
150986;2587;2,63
150987;2559;1,92
150988;2590;2,70
150989;2559;1,92
150990;2606;3,11
150991;2594;2,80
150992;2559;1,92
150993;2595;2,83
150994;2559;1,92
150995;2559;1,92
150996;2602;3,01
150997;2601;2,98
150998;2585;2,58
150999;2622;3,51
151000;2599;2,93
151001;2592;2,75
151002;2594;2,80
151003;2583;2,53
151004;2582;2,50
151005;2623;3,54
151006;2598;2,90
151007;2591;2,73
151008;2614;3,31
151009;2559;1,92
151010;2589;2,68
151011;2559;1,92
151012;2559;1,92
151013;2587;2,63
151014;2559;1,92
151015;2594;2,80
151016;2602;3,01
151017;2602;3,01
151018;2593;2,78
151019;2608;3,16
151020;2559;1,92
151021;2559;1,92
151022;2587;2,63
151023;2559;1,92
151024;2597;2,88
151025;2599;2,93
151026;2605;3,08
151027;2559;1,92
151028;2559;1,92
151029;2608;3,16
151030;2605;3,08
151031;2559;1,92
151032;2559;1,92
151033;2559;1,92
151034;2559;1,92
151035;2559;1,92
151036;2559;1,92
151037;2583;2,53
151038;2559;1,92
151039;2559;1,92
151040;2586;2,60
151041;2559;1,92
151042;2559;1,92
151043;2605;3,08
151044;2559;1,92
151045;2559;1,92
151046;2559;1,92
151047;2559;1,92
151048;2559;1,92
151049;2559;1,92
151050;2609;3,18
151051;2599;2,93
151052;2559;1,92
151053;2559;1,92
151054;2559;1,92
151055;2559;1,92
151056;2559;1,92
151057;2559;1,92
151058;2559;1,92
151059;2559;1,92
151060;2593;2,78
151061;2581;2,47
151062;2559;1,92
151063;2559;1,92
151064;2581;2,47
151065;2559;1,92
151066;2559;1,92
151067;2608;3,16
151068;2596;2,85
151069;2559;1,92
151070;2559;1,92
151071;2559;1,92
151072;2559;1,92
151073;2597;2,88
151074;2559;1,92
151075;2559;1,92
151076;2559;1,92
151077;2602;3,01
151078;2605;3,08
151079;2559;1,92
151080;2559;1,92
151081;2589;2,68
151082;2597;2,88
151083;2608;3,16
151084;2559;1,92
151085;2597;2,88
151086;2559;1,92
151087;2591;2,73
151088;2559;1,92
151089;2585;2,58
151090;2559;1,92
151091;2607;3,13
151092;2559;1,92
151093;2591;2,73
151094;2597;2,88
151095;2585;2,58
151096;2589;2,68
151097;2581;2,47
151098;2583;2,53
151099;2601;2,98
151100;2559;1,92
151101;2589;2,68
151102;2559;1,92
151103;2598;2,90
151104;2590;2,70
151105;2559;1,92
151106;2587;2,63
151107;2559;1,92
151108;2601;2,98
151109;2559;1,92
151110;2588;2,65
151111;2559;1,92
151112;2587;2,63
151113;2559;1,92
151114;2559;1,92
151115;2559;1,92
151116;2586;2,60
151117;2583;2,53
151118;2559;1,92
151119;2559;1,92
151120;2559;1,92
151121;2601;2,98
151122;2596;2,85
151123;2586;2,60
151124;2559;1,92
151125;2590;2,70
151126;2592;2,75
151127;2588;2,65
151128;2590;2,70
151129;2559;1,92
151130;2592;2,75
151131;2586;2,60
151132;2583;2,53
151133;2585;2,58
151134;2598;2,90
151135;2587;2,63
151136;2559;1,92
151137;2598;2,90
151138;2559;1,92
151139;2586;2,60
151140;2559;1,92
151141;2595;2,83
151142;2595;2,83
151143;2559;1,92
151144;2590;2,70
151145;2591;2,73
151146;2594;2,80
151147;2589;2,68
151148;2559;1,92
151149;2602;3,01
151150;2559;1,92
151151;2559;1,92
151152;2590;2,70
151153;2559;1,92
151154;2559;1,92
151155;2589;2,68
151156;2597;2,88
151157;2589;2,68
151158;2598;2,90
151159;2585;2,58
151160;2592;2,75
151161;2559;1,92
151162;2590;2,70
151163;2591;2,73
151164;2559;1,92
151165;2581;2,47
151166;2608;3,16
151167;2559;1,92
151168;2608;3,16
151169;2559;1,92
151170;2559;1,92
151171;2586;2,60
151172;2559;1,92
151173;2608;3,16
151174;2559;1,92
151175;2613;3,28
151176;2559;1,92
151177;2585;2,58
151178;2581;2,47
151179;2594;2,80
151180;2594;2,80
151181;2585;2,58
151182;2559;1,92
151183;2559;1,92
151184;2559;1,92
151185;2590;2,70
151186;2592;2,75
151187;2603;3,03
151188;2582;2,50
151189;2582;2,50
151190;2559;1,92
151191;2603;3,03
151192;2559;1,92
151193;2644;4,07
151194;2607;3,13
151195;2595;2,83
151196;2591;2,73
151197;2608;3,16
151198;2559;1,92
151199;2593;2,78
151200;2559;1,92
151201;2590;2,70
151202;2584;2,55
151203;2595;2,83
151204;2602;3,01
151205;2595;2,83
151206;2590;2,70
151207;2592;2,75
151208;2605;3,08
151209;2559;1,92
151210;2601;2,98
151211;2559;1,92
151212;2590;2,70
151213;2603;3,03
151214;2559;1,92
151215;2582;2,50
151216;2606;3,11
151217;2559;1,92
151218;2559;1,92
151219;2559;1,92
151220;2586;2,60
151221;2595;2,83
151222;2559;1,92
151223;2559;1,92
151224;2595;2,83
151225;2559;1,92
151226;2597;2,88
151227;2586;2,60
151228;2559;1,92
151229;2559;1,92
151230;2619;3,44
151231;2598;2,90
151232;2559;1,92
151233;2559;1,92
151234;2559;1,92
151235;2559;1,92
151236;2585;2,58
151237;2586;2,60
151238;2559;1,92
151239;2559;1,92
151240;2588;2,65
151241;2602;3,01
151242;2559;1,92
151243;2559;1,92
151244;2581;2,47
151245;2590;2,70
151246;2559;1,92
151247;2559;1,92
151248;2559;1,92
151249;2595;2,83
151250;2559;1,92
151251;2591;2,73
151252;2597;2,88
151253;2598;2,90
151254;2559;1,92
151255;2592;2,75
151256;2592;2,75
151257;2588;2,65
151258;2559;1,92
151259;2559;1,92
151260;2593;2,78
151261;2559;1,92
151262;2594;2,80
151263;2582;2,50
151264;2559;1,92
151265;2559;1,92
151266;2620;3,46
151267;2585;2,58
151268;2582;2,50
151269;2559;1,92
151270;2559;1,92
151271;2602;3,01
151272;2559;1,92
151273;2559;1,92
151274;2607;3,13
151275;2590;2,70
151276;2609;3,18
151277;2623;3,54
151278;2586;2,60
151279;2582;2,50
151280;2559;1,92
151281;2586;2,60
151282;2594;2,80
151283;2559;1,92
151284;2591;2,73
151285;2559;1,92
151286;2585;2,58
151287;2608;3,16
151288;2559;1,92
151289;2559;1,92
151290;2589;2,68
151291;2591;2,73
151292;2559;1,92
151293;2601;2,98
151294;2559;1,92
151295;2604;3,06
151296;2559;1,92
151297;2596;2,85
151298;2593;2,78
151299;2598;2,90
151300;2608;3,16
151301;2559;1,92
151302;2559;1,92
151303;2559;1,92
151304;2559;1,92
151305;2595;2,83
151306;2559;1,92
151307;2585;2,58
151308;2587;2,63
151309;2603;3,03
151310;2588;2,65
151311;2601;2,98
151312;2559;1,92
151313;2599;2,93
151314;2608;3,16
151315;2602;3,01
151316;2587;2,63
151317;2559;1,92
151318;2599;2,93
151319;2601;2,98
151320;2559;1,92
151321;2582;2,50
151322;2585;2,58
151323;2594;2,80
151324;2559;1,92
151325;2586;2,60
151326;2591;2,73
151327;2588;2,65
151328;2604;3,06
151329;2585;2,58
151330;2559;1,92
151331;2606;3,11
151332;2583;2,53
151333;2559;1,92
151334;2583;2,53
151335;2581;2,47
151336;2581;2,47
151337;2559;1,92
151338;2603;3,03
151339;2590;2,70
151340;2591;2,73
151341;2597;2,88
151342;2596;2,85
151343;2586;2,60
151344;2593;2,78
151345;2559;1,92
151346;2559;1,92
151347;2586;2,60
151348;2559;1,92
151349;2603;3,03
151350;2590;2,70
151351;2559;1,92
151352;2592;2,75
151353;2586;2,60
151354;2559;1,92
151355;2585;2,58
151356;2559;1,92
151357;2559;1,92
151358;2585;2,58
151359;2559;1,92
151360;2594;2,80
151361;2581;2,47
151362;2585;2,58
151363;2559;1,92
151364;2592;2,75
151365;2559;1,92
151366;2589;2,68
151367;2581;2,47
151368;2559;1,92
151369;2595;2,83
151370;2586;2,60
151371;2559;1,92
151372;2587;2,63
151373;2595;2,83
151374;2582;2,50
151375;2597;2,88
151376;2605;3,08
151377;2559;1,92
151378;2595;2,83
151379;2587;2,63
151380;2559;1,92
151381;2593;2,78
151382;2597;2,88
151383;2587;2,63
151384;2595;2,83
151385;2559;1,92
151386;2559;1,92
151387;2595;2,83
151388;2598;2,90
151389;2583;2,53
151390;2581;2,47
151391;2601;2,98
151392;2593;2,78
151393;2592;2,75
151394;2639;3,94
151395;2559;1,92
151396;2585;2,58
151397;2589;2,68
151398;2582;2,50
151399;2605;3,08
151400;2589;2,68
151401;2608;3,16
151402;2608;3,16
151403;2582;2,50
151404;2608;3,16
151405;2559;1,92
151406;2608;3,16
151407;2606;3,11
151408;2602;3,01
151409;2559;1,92
151410;2607;3,13
151411;2602;3,01
151412;2594;2,80
151413;2598;2,90
151414;2559;1,92
151415;2592;2,75
151416;2603;3,03
151417;2587;2,63
151418;2589;2,68
151419;2608;3,16
151420;2585;2,58
151421;2594;2,80
151422;2599;2,93
151423;2605;3,08
151424;2591;2,73
151425;2598;2,90
151426;2600;2,96
151427;2559;1,92
151428;2591;2,73
151429;2597;2,88
151430;2582;2,50
151431;2559;1,92
151432;2606;3,11
151433;2559;1,92
151434;2587;2,63
151435;2559;1,92
151436;2559;1,92
151437;2559;1,92
151438;2559;1,92
151439;2590;2,70
151440;2593;2,78
151441;2586;2,60
151442;2599;2,93
151443;2559;1,92
151444;2599;2,93
151445;2595;2,83
151446;2582;2,50
151447;2586;2,60
151448;2586;2,60
151449;2591;2,73
151450;2606;3,11
151451;2594;2,80
151452;2591;2,73
151453;2583;2,53
151454;2591;2,73
151455;2593;2,78
151456;2608;3,16
151457;2559;1,92
151458;2589;2,68
151459;2585;2,58
151460;2591;2,73
151461;2559;1,92
151462;2591;2,73
151463;2580;2,45
151464;2594;2,80
151465;2559;1,92
151466;2591;2,73
151467;2595;2,83
151468;2595;2,83
151469;2586;2,60
151470;2592;2,75
151471;2594;2,80
151472;2592;2,75
151473;2586;2,60
151474;2599;2,93
151475;2583;2,53
151476;2591;2,73
151477;2598;2,90
151478;2593;2,78
151479;2608;3,16
151480;2590;2,70
151481;2581;2,47
151482;2603;3,03
151483;2586;2,60
151484;2591;2,73
151485;2606;3,11
151486;2619;3,44
151487;2582;2,50
151488;2602;3,01
151489;2559;1,92
151490;2559;1,92
151491;2593;2,78
151492;2594;2,80
151493;2610;3,21
151494;2602;3,01
151495;2608;3,16
151496;2590;2,70
151497;2607;3,13
151498;2608;3,16
151499;2587;2,63
151500;2597;2,88
151501;2589;2,68
151502;2595;2,83
151503;2599;2,93
151504;2608;3,16
151505;2559;1,92
151506;2591;2,73
151507;2559;1,92
151508;2595;2,83
151509;2608;3,16
151510;2587;2,63
151511;2583;2,53
151512;2559;1,92
151513;2559;1,92
151514;2589;2,68
151515;2583;2,53
151516;2594;2,80
151517;2604;3,06
151518;2585;2,58
151519;2599;2,93
151520;2596;2,85
151521;2599;2,93
151522;2615;3,34
151523;2596;2,85
151524;2588;2,65
151525;2583;2,53
151526;2587;2,63
151527;2591;2,73
151528;2559;1,92
151529;2599;2,93
151530;2586;2,60
151531;2559;1,92
151532;2598;2,90
151533;2621;3,49
151534;2559;1,92
151535;2587;2,63
151536;2601;2,98
151537;2587;2,63
151538;2559;1,92
151539;2610;3,21
151540;2605;3,08
151541;2590;2,70
151542;2592;2,75
151543;2594;2,80
151544;2559;1,92
151545;2583;2,53
151546;2609;3,18
151547;2598;2,90
151548;2603;3,03
151549;2591;2,73
151550;2586;2,60
151551;2559;1,92
151552;2595;2,83
151553;2559;1,92
151554;2590;2,70
151555;2586;2,60
151556;2608;3,16
151557;2603;3,03
151558;2602;3,01
151559;2608;3,16
151560;2559;1,92
151561;2609;3,18
151562;2593;2,78
151563;2606;3,11
151564;2601;2,98
151565;2559;1,92
151566;2591;2,73
151567;2583;2,53
151568;2606;3,11
151569;2559;1,92
151570;2582;2,50
151571;2605;3,08
151572;2582;2,50
151573;2559;1,92
151574;2607;3,13
151575;2613;3,28
151576;2590;2,70
151577;2605;3,08
151578;2589;2,68
151579;2608;3,16
151580;2559;1,92
151581;2585;2,58
151582;2592;2,75
151583;2591;2,73
151584;2559;1,92
151585;2559;1,92
151586;2589;2,68
151587;2559;1,92
151588;2584;2,55
151589;2607;3,13
151590;2589;2,68
151591;2559;1,92
151592;2605;3,08
151593;2587;2,63
151594;2559;1,92
151595;2604;3,06
151596;2585;2,58
151597;2606;3,11
151598;2584;2,55
151599;2602;3,01
151600;2587;2,63
151601;2559;1,92
151602;2590;2,70
151603;2599;2,93
151604;2583;2,53
151605;2586;2,60
151606;2559;1,92
151607;2590;2,70
151608;2595;2,83
151609;2597;2,88
151610;2599;2,93
151611;2583;2,53
151612;2599;2,93
151613;2589;2,68
151614;2559;1,92
151615;2598;2,90
151616;2608;3,16
151617;2583;2,53
151618;2598;2,90
151619;2589;2,68
151620;2613;3,28
151621;2559;1,92
151622;2592;2,75
151623;2593;2,78
151624;2590;2,70
151625;2601;2,98
151626;2589;2,68
151627;2597;2,88
151628;2559;1,92
151629;2602;3,01
151630;2591;2,73
151631;2591;2,73
151632;2602;3,01
151633;2582;2,50
151634;2559;1,92
151635;2559;1,92
151636;2599;2,93
151637;2605;3,08
151638;2559;1,92
151639;2588;2,65
151640;2594;2,80
151641;2586;2,60
151642;2608;3,16
151643;2584;2,55
151644;2587;2,63
151645;2587;2,63
151646;2594;2,80
151647;2587;2,63
151648;2606;3,11
151649;2559;1,92
151650;2602;3,01
151651;2559;1,92
151652;2608;3,16
151653;2599;2,93
151654;2596;2,85
151655;2583;2,53
151656;2582;2,50
151657;2603;3,03
151658;2594;2,80
151659;2582;2,50
151660;2603;3,03
151661;2593;2,78
151662;2591;2,73
151663;2593;2,78
151664;2593;2,78
151665;2595;2,83
151666;2599;2,93
151667;2605;3,08
151668;2595;2,83
151669;2583;2,53
151670;2597;2,88
151671;2586;2,60
151672;2590;2,70
151673;2602;3,01
151674;2593;2,78
151675;2585;2,58
151676;2559;1,92
151677;2585;2,58
151678;2605;3,08
151679;2581;2,47
151680;2591;2,73
151681;2582;2,50
151682;2597;2,88
151683;2585;2,58
151684;2599;2,93
151685;2559;1,92
151686;2559;1,92
151687;2559;1,92
151688;2590;2,70
151689;2592;2,75
151690;2595;2,83
151691;2559;1,92
151692;2589;2,68
151693;2592;2,75
151694;2581;2,47
151695;2601;2,98
151696;2583;2,53
151697;2594;2,80
151698;2599;2,93
151699;2611;3,23
151700;2559;1,92
151701;2587;2,63
151702;2559;1,92
151703;2559;1,92
151704;2583;2,53
151705;2582;2,50
151706;2589;2,68
151707;2593;2,78
151708;2603;3,03
151709;2559;1,92
151710;2594;2,80
151711;2590;2,70
151712;2587;2,63
151713;2592;2,75
151714;2607;3,13
151715;2593;2,78
151716;2603;3,03
151717;2586;2,60
151718;2583;2,53
151719;2608;3,16
151720;2593;2,78
151721;2559;1,92
151722;2602;3,01
151723;2583;2,53
151724;2593;2,78
151725;2614;3,31
151726;2581;2,47
151727;2596;2,85
151728;2599;2,93
151729;2594;2,80
151730;2594;2,80
151731;2583;2,53
151732;2559;1,92
151733;2604;3,06
151734;2583;2,53
151735;2598;2,90
151736;2607;3,13
151737;2602;3,01
151738;2596;2,85
151739;2601;2,98
151740;2559;1,92
151741;2588;2,65
151742;2597;2,88
151743;2583;2,53
151744;2605;3,08
151745;2605;3,08
151746;2610;3,21
151747;2595;2,83
151748;2605;3,08
151749;2583;2,53
151750;2594;2,80
151751;2600;2,96
151752;2591;2,73
151753;2592;2,75
151754;2597;2,88
151755;2559;1,92
151756;2599;2,93
151757;2559;1,92
151758;2559;1,92
151759;2559;1,92
151760;2559;1,92
151761;2589;2,68
151762;2595;2,83
151763;2559;1,92
151764;2581;2,47
151765;2559;1,92
151766;2597;2,88
151767;2598;2,90
151768;2582;2,50
151769;2588;2,65
151770;2592;2,75
151771;2559;1,92
151772;2599;2,93
151773;2582;2,50
151774;2605;3,08
151775;2597;2,88
151776;2559;1,92
151777;2608;3,16
151778;2590;2,70
151779;2581;2,47
151780;2559;1,92
151781;2559;1,92
151782;2559;1,92
151783;2592;2,75
151784;2559;1,92
151785;2607;3,13
151786;2581;2,47
151787;2604;3,06
151788;2583;2,53
151789;2606;3,11
151790;2559;1,92
151791;2597;2,88
151792;2587;2,63
151793;2581;2,47
151794;2559;1,92
151795;2582;2,50
151796;2559;1,92
151797;2599;2,93
151798;2559;1,92
151799;2603;3,03
151800;2559;1,92
151801;2607;3,13
151802;2605;3,08
151803;2592;2,75
151804;2582;2,50
151805;2559;1,92
151806;2559;1,92
151807;2606;3,11
151808;2594;2,80
151809;2599;2,93
151810;2559;1,92
151811;2559;1,92
151812;2559;1,92
151813;2559;1,92
151814;2559;1,92
151815;2559;1,92
151816;2559;1,92
151817;2590;2,70
151818;2597;2,88
151819;2559;1,92
151820;2559;1,92
151821;2605;3,08
151822;2559;1,92
151823;2559;1,92
151824;2591;2,73
151825;2605;3,08
151826;2589;2,68
151827;2559;1,92
151828;2589;2,68
151829;2559;1,92
151830;2599;2,93
151831;2559;1,92
151832;2597;2,88
151833;2589;2,68
151834;2590;2,70
151835;2607;3,13
151836;2582;2,50
151837;2559;1,92
151838;2559;1,92
151839;2559;1,92
151840;2559;1,92
151841;2559;1,92
151842;2608;3,16
151843;2592;2,75
151844;2559;1,92
151845;2559;1,92
151846;2595;2,83
151847;2559;1,92
151848;2559;1,92
151849;2559;1,92
151850;2587;2,63
151851;2602;3,01
151852;2559;1,92
151853;2589;2,68
151854;2559;1,92
151855;2592;2,75
151856;2592;2,75
151857;2559;1,92
151858;2585;2,58
151859;2559;1,92
151860;2559;1,92
151861;2559;1,92
151862;2559;1,92
151863;2559;1,92
151864;2559;1,92
151865;2595;2,83
151866;2559;1,92
151867;2559;1,92
151868;2559;1,92
151869;2589;2,68
151870;2559;1,92
151871;2559;1,92
151872;2582;2,50
151873;2559;1,92
151874;2582;2,50
151875;2559;1,92
151876;2559;1,92
151877;2559;1,92
151878;2559;1,92
151879;2596;2,85
151880;2603;3,03
151881;2559;1,92
151882;2586;2,60
151883;2590;2,70
151884;2559;1,92
151885;2589;2,68
151886;2559;1,92
151887;2559;1,92
151888;2559;1,92
151889;2559;1,92
151890;2559;1,92
151891;2557;1,87
151892;2559;1,92
151893;2558;1,89
151894;2559;1,92
151895;2588;2,65
151896;2559;1,92
151897;2585;2,58
151898;2559;1,92
151899;2586;2,60
151900;2559;1,92
151901;2559;1,92
151902;2559;1,92
151903;2559;1,92
151904;2559;1,92
151905;2559;1,92
151906;2559;1,92
151907;2559;1,92
151908;2559;1,92
151909;2559;1,92
151910;2559;1,92
151911;2587;2,63
151912;2559;1,92
151913;2587;2,63
151914;2554;1,79
151915;2558;1,89
151916;2549;1,66
151917;2559;1,92
151918;2559;1,92
151919;2559;1,92
151920;2557;1,87
151921;2557;1,87
151922;2554;1,79
151923;2555;1,82
151924;2555;1,82
151925;2547;1,61
151926;2559;1,92
151927;2558;1,89
151928;2595;2,83
151929;2559;1,92
151930;2557;1,87
151931;2551;1,72
151932;2559;1,92
151933;2550;1,69
151934;2559;1,92
151935;2550;1,69
151936;2548;1,64
151937;2559;1,92
151938;2554;1,79
151939;2559;1,92
151940;2553;1,77
151941;2554;1,79
151942;2559;1,92
151943;2559;1,92
151944;2547;1,61
151945;2542;1,49
151946;2546;1,59
151947;2533;1,26
151948;2559;1,92
151949;2544;1,54
151950;2543;1,51
151951;2557;1,87
151952;2559;1,92
151953;2547;1,61
151954;2545;1,56
151955;2551;1,72
151956;2546;1,59
151957;2559;1,92
151958;2539;1,41
151959;2547;1,61
151960;2559;1,92
151961;2559;1,92
151962;2555;1,82
151963;2559;1,92
151964;2546;1,59
151965;2544;1,54
151966;2547;1,61
151967;2549;1,66
151968;2544;1,54
151969;2559;1,92
151970;2543;1,51
151971;2559;1,92
151972;2547;1,61
151973;2545;1,56
151974;2549;1,66
151975;2559;1,92
151976;2541;1,46
151977;2559;1,92
151978;2547;1,61
151979;2539;1,41
151980;2541;1,46
151981;2559;1,92
151982;2543;1,51
151983;2559;1,92
151984;2534;1,29
151985;2544;1,54
151986;2583;2,53
151987;2559;1,92
151988;2557;1,87
151989;2541;1,46
151990;2550;1,69
151991;2542;1,49
151992;2551;1,72
151993;2530;1,18
151994;2542;1,49
151995;2559;1,92
151996;2557;1,87
151997;2541;1,46
151998;2530;1,18
151999;2531;1,21
152000;2544;1,54
152001;2542;1,49
152002;2544;1,54
152003;2535;1,31
152004;2535;1,31
152005;2538;1,39
152006;2530;1,18
152007;2533;1,26
152008;2559;1,92
152009;2542;1,49
152010;2537;1,36
152011;2549;1,66
152012;2529;1,16
152013;2537;1,36
152014;2528;1,13
152015;2544;1,54
152016;2537;1,36
152017;2544;1,54
152018;2537;1,36
152019;2544;1,54
152020;2585;2,58
152021;2533;1,26
152022;2559;1,92
152023;2555;1,82
152024;2528;1,13
152025;2539;1,41
152026;2531;1,21
152027;2524;1,03
152028;2527;1,11
152029;2533;1,26
152030;2538;1,39
152031;2535;1,31
152032;2533;1,26
152033;2531;1,21
152034;2554;1,79
152035;2544;1,54
152036;2528;1,13
152037;2525;1,06
152038;2533;1,26
152039;2529;1,16
152040;2519;0,91
152041;2514;0,78
152042;2528;1,13
152043;2559;1,92
152044;2525;1,06
152045;2545;1,56
152046;2524;1,03
152047;2551;1,72
152048;2537;1,36
152049;2521;0,96
152050;2522;0,98
152051;2523;1,01
152052;2527;1,11
152053;2532;1,23
152054;2523;1,01
152055;2539;1,41
152056;2541;1,46
152057;2543;1,51
152058;2559;1,92
152059;2522;0,98
152060;2524;1,03
152061;2522;0,98
152062;2517;0,86
152063;2535;1,31
152064;2525;1,06
152065;2526;1,08
152066;2530;1,18
152067;2523;1,01
152068;2523;1,01
152069;2523;1,01
152070;2543;1,51
152071;2544;1,54
152072;2545;1,56
152073;2531;1,21
152074;2512;0,73
152075;2515;0,80
152076;2528;1,13
152077;2507;0,60
152078;2508;0,63
152079;2515;0,80
152080;2503;0,50
152081;2527;1,11
152082;2510;0,68
152083;2517;0,86
152084;2502;0,48
152085;2517;0,86
152086;2519;0,91
152087;2511;0,70
152088;2512;0,73
152089;2525;1,06
152090;2506;0,58
152091;2511;0,70
152092;2507;0,60
152093;2507;0,60
152094;2498;0,37
152095;2509;0,65
152096;2496;0,32
152097;2512;0,73
152098;2499;0,40
152099;2507;0,60
152100;2512;0,73
152101;2525;1,06
152102;2505;0,55
152103;2506;0,58
152104;2511;0,70
152105;2527;1,11
152106;2513;0,75
152107;2534;1,29
152108;2501;0,45
152109;2499;0,40
152110;2498;0,37
152111;2529;1,16
152112;2501;0,45
152113;2512;0,73
152114;2495;0,30
152115;2495;0,30
152116;2496;0,32
152117;2500;0,43
152118;2491;0,20
152119;2503;0,50
152120;2496;0,32
152121;2517;0,86
152122;2496;0,32
152123;2495;0,30
152124;2507;0,60
152125;2522;0,98
152126;2501;0,45
152127;2496;0,32
152128;2501;0,45
152129;2501;0,45
152130;2508;0,63
152131;2509;0,65
152132;2510;0,68
152133;2503;0,50
152134;2503;0,50
152135;2501;0,45
152136;2506;0,58
152137;2510;0,68
152138;2504;0,53
152139;2511;0,70
152140;2504;0,53
152141;2501;0,45
152142;2502;0,48
152143;2510;0,68
152144;2509;0,65
152145;2505;0,55
152146;2502;0,48
152147;2512;0,73
152148;2512;0,73
152149;2515;0,80
152150;2510;0,68
152151;2509;0,65
152152;2507;0,60
152153;2514;0,78
152154;2509;0,65
152155;2533;1,26
152156;2511;0,70
152157;2509;0,65
152158;2512;0,73
152159;2512;0,73
152160;2514;0,78
152161;2553;1,77
152162;2519;0,91
152163;2538;1,39
152164;2511;0,70
152165;2512;0,73
152166;2533;1,26
152167;2544;1,54
152168;2512;0,73
152169;2525;1,06
152170;2525;1,06
152171;2529;1,16
152172;2530;1,18
152173;2512;0,73
152174;2517;0,86
152175;2512;0,73
152176;2513;0,75
152177;2515;0,80
152178;2517;0,86
152179;2522;0,98
152180;2519;0,91
152181;2519;0,91
152182;2557;1,87
152183;2525;1,06
152184;2554;1,79
152185;2541;1,46
152186;2523;1,01
152187;2544;1,54
152188;2556;1,84
152189;2537;1,36
152190;2514;0,78
152191;2512;0,73
152192;2519;0,91
152193;2557;1,87
152194;2518;0,88
152195;2514;0,78
152196;2523;1,01
152197;2541;1,46
152198;2517;0,86
152199;2545;1,56
152200;2514;0,78
152201;2519;0,91
152202;2522;0,98
152203;2529;1,16
152204;2526;1,08
152205;2518;0,88
152206;2523;1,01
152207;2530;1,18
152208;2538;1,39
152209;2517;0,86
152210;2525;1,06
152211;2523;1,01
152212;2522;0,98
152213;2553;1,77
152214;2513;0,75
152215;2525;1,06
152216;2525;1,06
152217;2517;0,86
152218;2530;1,18
152219;2525;1,06
152220;2555;1,82
152221;2537;1,36
152222;2518;0,88
152223;2518;0,88
152224;2512;0,73
152225;2544;1,54
152226;2513;0,75
152227;2523;1,01
152228;2515;0,80
152229;2523;1,01
152230;2544;1,54
152231;2546;1,59
152232;2522;0,98
152233;2529;1,16
152234;2512;0,73
152235;2530;1,18
152236;2521;0,96
152237;2522;0,98
152238;2519;0,91
152239;2512;0,73
152240;2543;1,51
152241;2522;0,98
152242;2539;1,41
152243;2544;1,54
152244;2521;0,96
152245;2528;1,13
152246;2517;0,86
152247;2547;1,61
152248;2516;0,83
152249;2525;1,06
152250;2545;1,56
152251;2530;1,18
152252;2517;0,86
152253;2527;1,11
152254;2523;1,01
152255;2547;1,61
152256;2525;1,06
152257;2529;1,16
152258;2556;1,84
152259;2527;1,11
152260;2524;1,03
152261;2535;1,31
152262;2529;1,16
152263;2531;1,21
152264;2553;1,77
152265;2551;1,72
152266;2512;0,73
152267;2532;1,23
152268;2541;1,46
152269;2554;1,79
152270;2518;0,88
152271;2528;1,13
152272;2528;1,13
152273;2543;1,51
152274;2525;1,06
152275;2543;1,51
152276;2544;1,54
152277;2526;1,08
152278;2525;1,06
152279;2523;1,01
152280;2516;0,83
152281;2530;1,18
152282;2523;1,01
152283;2531;1,21
152284;2528;1,13
152285;2554;1,79
152286;2514;0,78
152287;2535;1,31
152288;2523;1,01
152289;2540;1,44
152290;2525;1,06
152291;2529;1,16
152292;2512;0,73
152293;2527;1,11
152294;2527;1,11
152295;2535;1,31
152296;2512;0,73
152297;2557;1,87
152298;2525;1,06
152299;2529;1,16
152300;2525;1,06
152301;2525;1,06
152302;2526;1,08
152303;2515;0,80
152304;2528;1,13
152305;2519;0,91
152306;2551;1,72
152307;2519;0,91
152308;2548;1,64
152309;2518;0,88
152310;2511;0,70
152311;2517;0,86
152312;2512;0,73
152313;2545;1,56
152314;2518;0,88
152315;2521;0,96
152316;2512;0,73
152317;2559;1,92
152318;2512;0,73
152319;2544;1,54
152320;2512;0,73
152321;2517;0,86
152322;2515;0,80
152323;2517;0,86
152324;2523;1,01
152325;2512;0,73
152326;2528;1,13
152327;2525;1,06
152328;2512;0,73
152329;2512;0,73
152330;2523;1,01
152331;2531;1,21
152332;2535;1,31
152333;2509;0,65
152334;2513;0,75
152335;2517;0,86
152336;2509;0,65
152337;2513;0,75
152338;2539;1,41
152339;2513;0,75
152340;2513;0,75
152341;2512;0,73
152342;2512;0,73
152343;2511;0,70
152344;2505;0,55
152345;2516;0,83
152346;2512;0,73
152347;2512;0,73
152348;2512;0,73
152349;2514;0,78
152350;2508;0,63
152351;2532;1,23
152352;2512;0,73
152353;2512;0,73
152354;2512;0,73
152355;2512;0,73
152356;2512;0,73
152357;2507;0,60
152358;2521;0,96
152359;2513;0,75
152360;2509;0,65
152361;2538;1,39
152362;2506;0,58
152363;2508;0,63
152364;2534;1,29
152365;2524;1,03
152366;2528;1,13
152367;2511;0,70
152368;2519;0,91
152369;2509;0,65
152370;2516;0,83
152371;2498;0,37
152372;2509;0,65
152373;2507;0,60
152374;2511;0,70
152375;2501;0,45
152376;2497;0,35
152377;2527;1,11
152378;2496;0,32
152379;2520;0,93
152380;2507;0,60
152381;2494;0,27
152382;2539;1,41
152383;2497;0,35
152384;2507;0,60
152385;2529;1,16
152386;2513;0,75
152387;2497;0,35
152388;2512;0,73
152389;2528;1,13
152390;2496;0,32
152391;2497;0,35
152392;2538;1,39
152393;2492;0,22
152394;2492;0,22
152395;2497;0,35
152396;2497;0,35
152397;2505;0,55
152398;2512;0,73
152399;2518;0,88
152400;2511;0,70
152401;2511;0,70
152402;2496;0,32
152403;2512;0,73
152404;2513;0,75
152405;2492;0,22
152406;2493;0,25
152407;2496;0,32
152408;2498;0,37
152409;2495;0,30
152410;2509;0,65
152411;2496;0,32
152412;2496;0,32
152413;2486;0,07
152414;2493;0,25
152415;2506;0,58
152416;2501;0,45
152417;2512;0,73
152418;2497;0,35
152419;2493;0,25
152420;2489;0,15
152421;2487;0,10
152422;2499;0,40
152423;2509;0,65
152424;2493;0,25
152425;2498;0,37
152426;2492;0,22
152427;2502;0,48
152428;2496;0,32
152429;2511;0,70
152430;2486;0,07
152431;2501;0,45
152432;2496;0,32
152433;2485;0,05
152434;2501;0,45
152435;2499;0,40
152436;2494;0,27
152437;2481;0,00
152438;2496;0,32
152439;2496;0,32
152440;2491;0,20
152441;2496;0,32
152442;2491;0,20
152443;2492;0,22
152444;2491;0,20
152445;2487;0,10
152446;2482;0,00
152447;2497;0,35
152448;2512;0,73
152449;2484;0,02
152450;2487;0,10
152451;2498;0,37
152452;2495;0,30
152453;2490;0,17
152454;2495;0,30
152455;2481;0,00
152456;2493;0,25
152457;2493;0,25
152458;2496;0,32
152459;2483;0,00
152460;2482;0,00
152461;2486;0,07
152462;2480;0,00
152463;2493;0,25
152464;2480;0,00
152465;2495;0,30
152466;2491;0,20
152467;2496;0,32
152468;2484;0,02
152469;2496;0,32
152470;2487;0,10
152471;2496;0,32
152472;2481;0,00
152473;2495;0,30
152474;2497;0,35
152475;2499;0,40
152476;2496;0,32
152477;2496;0,32
152478;2493;0,25
152479;2493;0,25
152480;2492;0,22
152481;2492;0,22
152482;2519;0,91
152483;2510;0,68
152484;2490;0,17
152485;2493;0,25
152486;2497;0,35
152487;2495;0,30
152488;2491;0,20
152489;2494;0,27
152490;2499;0,40
152491;2497;0,35
152492;2494;0,27
152493;2496;0,32
152494;2498;0,37
152495;2492;0,22
152496;2494;0,27
152497;2512;0,73
152498;2496;0,32
152499;2506;0,58
152500;2503;0,50
152501;2496;0,32
152502;2511;0,70
152503;2517;0,86
152504;2496;0,32
152505;2497;0,35
152506;2491;0,20
152507;2502;0,48
152508;2507;0,60
152509;2497;0,35
152510;2511;0,70
152511;2515;0,80
152512;2497;0,35
152513;2512;0,73
152514;2499;0,40
152515;2511;0,70
152516;2497;0,35
152517;2518;0,88
152518;2491;0,20
152519;2499;0,40
152520;2518;0,88
152521;2499;0,40
152522;2499;0,40
152523;2494;0,27
152524;2496;0,32
152525;2507;0,60
152526;2494;0,27
152527;2501;0,45
152528;2498;0,37
152529;2512;0,73
152530;2503;0,50
152531;2503;0,50
152532;2512;0,73
152533;2486;0,07
152534;2494;0,27
152535;2501;0,45
152536;2502;0,48
152537;2496;0,32
152538;2493;0,25
152539;2498;0,37
152540;2499;0,40
152541;2506;0,58
152542;2499;0,40
152543;2487;0,10
152544;2541;1,46
152545;2514;0,78
152546;2499;0,40
152547;2496;0,32
152548;2493;0,25
152549;2512;0,73
152550;2533;1,26
152551;2509;0,65
152552;2500;0,43
152553;2501;0,45
152554;2502;0,48
152555;2507;0,60
152556;2497;0,35
152557;2498;0,37
152558;2507;0,60
152559;2498;0,37
152560;2522;0,98
152561;2503;0,50
152562;2497;0,35
152563;2502;0,48
152564;2501;0,45
152565;2511;0,70
152566;2506;0,58
152567;2512;0,73
152568;2533;1,26
152569;2530;1,18
152570;2512;0,73
152571;2511;0,70
152572;2517;0,86
152573;2516;0,83
152574;2515;0,80
152575;2513;0,75
152576;2513;0,75
152577;2519;0,91
152578;2523;1,01
152579;2544;1,54
152580;2525;1,06
152581;2542;1,49
152582;2515;0,80
152583;2536;1,34
152584;2507;0,60
152585;2540;1,44
152586;2512;0,73
152587;2534;1,29
152588;2522;0,98
152589;2543;1,51
152590;2538;1,39
152591;2545;1,56
152592;2531;1,21
152593;2555;1,82
152594;2519;0,91
152595;2539;1,41
152596;2523;1,01
152597;2515;0,80
152598;2518;0,88
152599;2547;1,61
152600;2523;1,01
152601;2559;1,92
152602;2526;1,08
152603;2558;1,89
152604;2521;0,96
152605;2559;1,92
152606;2555;1,82
152607;2542;1,49
152608;2550;1,69
152609;2555;1,82
152610;2546;1,59
152611;2559;1,92
152612;2529;1,16
152613;2535;1,31
152614;2527;1,11
152615;2559;1,92
152616;2525;1,06
152617;2538;1,39
152618;2547;1,61
152619;2554;1,79
152620;2547;1,61
152621;2559;1,92
152622;2536;1,34
152623;2559;1,92
152624;2544;1,54
152625;2559;1,92
152626;2534;1,29
152627;2559;1,92
152628;2534;1,29
152629;2559;1,92
152630;2534;1,29
152631;2559;1,92
152632;2559;1,92
152633;2544;1,54
152634;2533;1,26
152635;2559;1,92
152636;2559;1,92
152637;2553;1,77
152638;2587;2,63
152639;2559;1,92
152640;2559;1,92
152641;2583;2,53
152642;2544;1,54
152643;2559;1,92
152644;2541;1,46
152645;2559;1,92
152646;2544;1,54
152647;2559;1,92
152648;2544;1,54
152649;2581;2,47
152650;2545;1,56
152651;2559;1,92
152652;2543;1,51
152653;2544;1,54
152654;2544;1,54
152655;2555;1,82
152656;2551;1,72
152657;2559;1,92
152658;2533;1,26
152659;2559;1,92
152660;2539;1,41
152661;2559;1,92
152662;2545;1,56
152663;2558;1,89
152664;2539;1,41
152665;2559;1,92
152666;2539;1,41
152667;2559;1,92
152668;2535;1,31
152669;2559;1,92
152670;2540;1,44
152671;2559;1,92
152672;2543;1,51
152673;2547;1,61
152674;2530;1,18
152675;2525;1,06
152676;2541;1,46
152677;2559;1,92
152678;2545;1,56
152679;2527;1,11
152680;2559;1,92
152681;2515;0,80
152682;2544;1,54
152683;2556;1,84
152684;2539;1,41
152685;2518;0,88
152686;2542;1,49
152687;2559;1,92
152688;2559;1,92
152689;2523;1,01
152690;2541;1,46
152691;2520;0,93
152692;2559;1,92
152693;2519;0,91
152694;2540;1,44
152695;2520;0,93
152696;2538;1,39
152697;2559;1,92
152698;2544;1,54
152699;2538;1,39
152700;2545;1,56
152701;2559;1,92
152702;2546;1,59
152703;2559;1,92
152704;2549;1,66
152705;2526;1,08
152706;2544;1,54
152707;2522;0,98
152708;2544;1,54
152709;2519;0,91
152710;2544;1,54
152711;2525;1,06
152712;2535;1,31
152713;2558;1,89
152714;2540;1,44
152715;2559;1,92
152716;2544;1,54
152717;2559;1,92
152718;2539;1,41
152719;2526;1,08
152720;2550;1,69
152721;2601;2,98
152722;2541;1,46
152723;2559;1,92
152724;2543;1,51
152725;2534;1,29
152726;2559;1,92
152727;2543;1,51
152728;2544;1,54
152729;2534;1,29
152730;2538;1,39
152731;2529;1,16
152732;2549;1,66
152733;2530;1,18
152734;2559;1,92
152735;2535;1,31
152736;2559;1,92
152737;2533;1,26
152738;2555;1,82
152739;2544;1,54
152740;2544;1,54
152741;2559;1,92
152742;2534;1,29
152743;2527;1,11
152744;2544;1,54
152745;2529;1,16
152746;2545;1,56
152747;2539;1,41
152748;2558;1,89
152749;2532;1,23
152750;2549;1,66
152751;2535;1,31
152752;2559;1,92
152753;2593;2,78
152754;2539;1,41
152755;2533;1,26
152756;2555;1,82
152757;2594;2,80
152758;2559;1,92
152759;2559;1,92
152760;2554;1,79
152761;2541;1,46
152762;2559;1,92
152763;2540;1,44
152764;2553;1,77
152765;2542;1,49
152766;2534;1,29
152767;2589;2,68
152768;2555;1,82
152769;2601;2,98
152770;2553;1,77
152771;2538;1,39
152772;2559;1,92
152773;2547;1,61
152774;2559;1,92
152775;2544;1,54
152776;2559;1,92
152777;2542;1,49
152778;2559;1,92
152779;2534;1,29
152780;2558;1,89
152781;2602;3,01
152782;2587;2,63
152783;2538;1,39
152784;2557;1,87
152785;2544;1,54
152786;2559;1,92
152787;2541;1,46
152788;2598;2,90
152789;2544;1,54
152790;2559;1,92
152791;2541;1,46
152792;2559;1,92
152793;2559;1,92
152794;2553;1,77
152795;2608;3,16
152796;2559;1,92
152797;2543;1,51
152798;2586;2,60
152799;2543;1,51
152800;2545;1,56
152801;2542;1,49
152802;2557;1,87
152803;2544;1,54
152804;2550;1,69
152805;2597;2,88
152806;2593;2,78
152807;2582;2,50
152808;2559;1,92
152809;2559;1,92
152810;2555;1,82
152811;2583;2,53
152812;2559;1,92
152813;2618;3,41
152814;2557;1,87
152815;2596;2,85
152816;2558;1,89
152817;2545;1,56
152818;2559;1,92
152819;2553;1,77
152820;2559;1,92
152821;2546;1,59
152822;2597;2,88
152823;2602;3,01
152824;2590;2,70
152825;2549;1,66
152826;2559;1,92
152827;2559;1,92
152828;2557;1,87
152829;2547;1,61
152830;2559;1,92
152831;2547;1,61
152832;2559;1,92
152833;2608;3,16
152834;2559;1,92
152835;2545;1,56
152836;2547;1,61
152837;2538;1,39
152838;2559;1,92
152839;2544;1,54
152840;2551;1,72
152841;2598;2,90
152842;2559;1,92
152843;2547;1,61
152844;2559;1,92
152845;2559;1,92
152846;2589;2,68
152847;2558;1,89
152848;2551;1,72
152849;2544;1,54
152850;2592;2,75
152851;2558;1,89
152852;2557;1,87
152853;2548;1,64
152854;2605;3,08
152855;2553;1,77
152856;2559;1,92
152857;2556;1,84
152858;2555;1,82
152859;2546;1,59
152860;2593;2,78
152861;2554;1,79
152862;2606;3,11
152863;2551;1,72
152864;2559;1,92
152865;2553;1,77
152866;2559;1,92
152867;2607;3,13
152868;2582;2,50
152869;2598;2,90
152870;2559;1,92
152871;2550;1,69
152872;2559;1,92
152873;2547;1,61
152874;2559;1,92
152875;2559;1,92
152876;2593;2,78
152877;2556;1,84
152878;2559;1,92
152879;2554;1,79
152880;2559;1,92
152881;2583;2,53
152882;2559;1,92
152883;2559;1,92
152884;2559;1,92
152885;2629;3,69
152886;2595;2,83
152887;2559;1,92
152888;2581;2,47
152889;2559;1,92
152890;2559;1,92
152891;2559;1,92
152892;2586;2,60
152893;2559;1,92
152894;2608;3,16
152895;2559;1,92
152896;2559;1,92
152897;2623;3,54
152898;2587;2,63
152899;2557;1,87
152900;2602;3,01
152901;2559;1,92
152902;2591;2,73
152903;2559;1,92
152904;2559;1,92
152905;2559;1,92
152906;2559;1,92
152907;2559;1,92
152908;2559;1,92
152909;2620;3,46
152910;2559;1,92
152911;2559;1,92
152912;2608;3,16
152913;2608;3,16
152914;2559;1,92
152915;2559;1,92
152916;2601;2,98
152917;2559;1,92
152918;2604;3,06
152919;2624;3,56
152920;2598;2,90
152921;2607;3,13
152922;2592;2,75
152923;2559;1,92
152924;2559;1,92
152925;2559;1,92
152926;2589;2,68
152927;2620;3,46
152928;2582;2,50
152929;2621;3,49
152930;2587;2,63
152931;2559;1,92
152932;2590;2,70
152933;2559;1,92
152934;2599;2,93
152935;2559;1,92
152936;2599;2,93
152937;2586;2,60
152938;2595;2,83
152939;2559;1,92
152940;2588;2,65
152941;2608;3,16
152942;2593;2,78
152943;2581;2,47
152944;2602;3,01
152945;2601;2,98
152946;2590;2,70
152947;2559;1,92
152948;2596;2,85
152949;2613;3,28
152950;2593;2,78
152951;2559;1,92
152952;2595;2,83
152953;2582;2,50
152954;2590;2,70
152955;2608;3,16
152956;2602;3,01
152957;2559;1,92
152958;2601;2,98
152959;2625;3,59
152960;2603;3,03
152961;2559;1,92
152962;2597;2,88
152963;2559;1,92
152964;2589;2,68
152965;2627;3,64
152966;2595;2,83
152967;2607;3,13
152968;2583;2,53
152969;2559;1,92
152970;2595;2,83
152971;2617;3,39
152972;2587;2,63
152973;2601;2,98
152974;2586;2,60
152975;2623;3,54
152976;2588;2,65
152977;2640;3,97
152978;2587;2,63
152979;2602;3,01
152980;2592;2,75
152981;2583;2,53
152982;2594;2,80
152983;2582;2,50
152984;2593;2,78
152985;2627;3,64
152986;2589;2,68
152987;2559;1,92
152988;2607;3,13
152989;2582;2,50
152990;2589;2,68
152991;2559;1,92
152992;2582;2,50
152993;2591;2,73
152994;2587;2,63
152995;2559;1,92
152996;2585;2,58
152997;2559;1,92
152998;2608;3,16
152999;2559;1,92
153000;2620;3,46
153001;2585;2,58
153002;2607;3,13
153003;2559;1,92
153004;2599;2,93
153005;2615;3,34
153006;2592;2,75
153007;2559;1,92
153008;2617;3,39
153009;2559;1,92
153010;2600;2,96
153011;2559;1,92
153012;2590;2,70
153013;2599;2,93
153014;2602;3,01
153015;2624;3,56
153016;2594;2,80
153017;2585;2,58
153018;2597;2,88
153019;2624;3,56
153020;2594;2,80
153021;2589;2,68
153022;2589;2,68
153023;2582;2,50
153024;2601;2,98
153025;2630;3,71
153026;2595;2,83
153027;2635;3,84
153028;2594;2,80
153029;2587;2,63
153030;2593;2,78
153031;2590;2,70
153032;2608;3,16
153033;2591;2,73
153034;2595;2,83
153035;2609;3,18
153036;2605;3,08
153037;2621;3,49
153038;2598;2,90
153039;2583;2,53
153040;2598;2,90
153041;2591;2,73
153042;2613;3,28
153043;2590;2,70
153044;2597;2,88
153045;2589;2,68
153046;2606;3,11
153047;2631;3,74
153048;2615;3,34
153049;2630;3,71
153050;2600;2,96
153051;2627;3,64
153052;2595;2,83
153053;2592;2,75
153054;2611;3,23
153055;2592;2,75
153056;2594;2,80
153057;2625;3,59
153058;2603;3,03
153059;2586;2,60
153060;2599;2,93
153061;2586;2,60
153062;2655;4,35
153063;2586;2,60
153064;2595;2,83
153065;2559;1,92
153066;2608;3,16
153067;2587;2,63
153068;2608;3,16
153069;2597;2,88
153070;2608;3,16
153071;2639;3,94
153072;2608;3,16
153073;2607;3,13
153074;2608;3,16
153075;2594;2,80
153076;2605;3,08
153077;2595;2,83
153078;2603;3,03
153079;2646;4,12
153080;2629;3,69
153081;2647;4,14
153082;2603;3,03
153083;2598;2,90
153084;2608;3,16
153085;2589;2,68
153086;2596;2,85
153087;2597;2,88
153088;2610;3,21
153089;2586;2,60
153090;2601;2,98
153091;2589;2,68
153092;2608;3,16
153093;2592;2,75
153094;2605;3,08
153095;2588;2,65
153096;2610;3,21
153097;2585;2,58
153098;2603;3,03
153099;2581;2,47
153100;2612;3,26
153101;2645;4,09
153102;2603;3,03
153103;2647;4,14
153104;2603;3,03
153105;2588;2,65
153106;2603;3,03
153107;2591;2,73
153108;2612;3,26
153109;2640;3,97
153110;2609;3,18
153111;2589;2,68
153112;2613;3,28
153113;2602;3,01
153114;2599;2,93
153115;2597;2,88
153116;2606;3,11
153117;2647;4,14
153118;2629;3,69
153119;2602;3,01
153120;2608;3,16
153121;2592;2,75
153122;2612;3,26
153123;2587;2,63
153124;2599;2,93
153125;2591;2,73
153126;2637;3,89
153127;2657;4,40
153128;2620;3,46
153129;2642;4,02
153130;2615;3,34
153131;2601;2,98
153132;2627;3,64
153133;2634;3,82
153134;2632;3,77
153135;2601;2,98
153136;2609;3,18
153137;2599;2,93
153138;2635;3,84
153139;2594;2,80
153140;2613;3,28
153141;2603;3,03
153142;2613;3,28
153143;2601;2,98
153144;2626;3,61
153145;2596;2,85
153146;2618;3,41
153147;2605;3,08
153148;2618;3,41
153149;2606;3,11
153150;2605;3,08
153151;2608;3,16
153152;2613;3,28
153153;2606;3,11
153154;2647;4,14
153155;2597;2,88
153156;2612;3,26
153157;2593;2,78
153158;2611;3,23
153159;2597;2,88
153160;2611;3,23
153161;2624;3,56
153162;2608;3,16
153163;2607;3,13
153164;2608;3,16
153165;2593;2,78
153166;2608;3,16
153167;2626;3,61
153168;2610;3,21
153169;2598;2,90
153170;2608;3,16
153171;2602;3,01
153172;2612;3,26
153173;2642;4,02
153174;2640;3,97
153175;2598;2,90
153176;2605;3,08
153177;2598;2,90
153178;2611;3,23
153179;2640;3,97
153180;2630;3,71
153181;2601;2,98
153182;2593;2,78
153183;2594;2,80
153184;2624;3,56
153185;2642;4,02
153186;2641;3,99
153187;2591;2,73
153188;2641;3,99
153189;2595;2,83
153190;2610;3,21
153191;2607;3,13
153192;2611;3,23
153193;2606;3,11
153194;2613;3,28
153195;2608;3,16
153196;2652;4,27
153197;2641;3,99
153198;2623;3,54
153199;2608;3,16
153200;2617;3,39
153201;2661;4,50
153202;2624;3,56
153203;2611;3,23
153204;2609;3,18
153205;2640;3,97
153206;2619;3,44
153207;2608;3,16
153208;2661;4,50
153209;2599;2,93
153210;2614;3,31
153211;2607;3,13
153212;2623;3,54
153213;2640;3,97
153214;2610;3,21
153215;2631;3,74
153216;2640;3,97
153217;2603;3,03
153218;2621;3,49
153219;2666;4,63
153220;2614;3,31
153221;2598;2,90
153222;2611;3,23
153223;2593;2,78
153224;2618;3,41
153225;2647;4,14
153226;2615;3,34
153227;2608;3,16
153228;2608;3,16
153229;2643;4,04
153230;2618;3,41
153231;2635;3,84
153232;2615;3,34
153233;2586;2,60
153234;2608;3,16
153235;2625;3,59
153236;2614;3,31
153237;2638;3,92
153238;2602;3,01
153239;2599;2,93
153240;2611;3,23
153241;2642;4,02
153242;2608;3,16
153243;2650;4,22
153244;2613;3,28
153245;2627;3,64
153246;2608;3,16
153247;2624;3,56
153248;2608;3,16
153249;2601;2,98
153250;2607;3,13
153251;2645;4,09
153252;2609;3,18
153253;2601;2,98
153254;2608;3,16
153255;2590;2,70
153256;2611;3,23
153257;2630;3,71
153258;2627;3,64
153259;2650;4,22
153260;2611;3,23
153261;2594;2,80
153262;2608;3,16
153263;2641;3,99
153264;2608;3,16
153265;2603;3,03
153266;2607;3,13
153267;2603;3,03
153268;2611;3,23
153269;2603;3,03
153270;2614;3,31
153271;2651;4,25
153272;2610;3,21
153273;2643;4,04
153274;2611;3,23
153275;2598;2,90
153276;2624;3,56
153277;2597;2,88
153278;2643;4,04
153279;2642;4,02
153280;2630;3,71
153281;2598;2,90
153282;2624;3,56
153283;2594;2,80
153284;2611;3,23
153285;2603;3,03
153286;2609;3,18
153287;2603;3,03
153288;2608;3,16
153289;2590;2,70
153290;2615;3,34
153291;2595;2,83
153292;2605;3,08
153293;2650;4,22
153294;2623;3,54
153295;2598;2,90
153296;2608;3,16
153297;2597;2,88
153298;2624;3,56
153299;2599;2,93
153300;2616;3,36
153301;2591;2,73
153302;2614;3,31
153303;2592;2,75
153304;2608;3,16
153305;2585;2,58
153306;2605;3,08
153307;2586;2,60
153308;2608;3,16
153309;2589;2,68
153310;2615;3,34
153311;2594;2,80
153312;2609;3,18
153313;2614;3,31
153314;2599;2,93
153315;2640;3,97
153316;2598;2,90
153317;2592;2,75
153318;2606;3,11
153319;2645;4,09
153320;2607;3,13
153321;2624;3,56
153322;2608;3,16
153323;2585;2,58
153324;2639;3,94
153325;2588;2,65
153326;2597;2,88
153327;2589;2,68
153328;2601;2,98
153329;2586;2,60
153330;2607;3,13
153331;2583;2,53
153332;2608;3,16
153333;2586;2,60
153334;2610;3,21
153335;2597;2,88
153336;2633;3,79
153337;2559;1,92
153338;2594;2,80
153339;2647;4,14
153340;2593;2,78
153341;2559;1,92
153342;2619;3,44
153343;2626;3,61
153344;2615;3,34
153345;2559;1,92
153346;2597;2,88
153347;2559;1,92
153348;2603;3,03
153349;2559;1,92
153350;2594;2,80
153351;2559;1,92
153352;2603;3,03
153353;2559;1,92
153354;2592;2,75
153355;2599;2,93
153356;2559;1,92
153357;2581;2,47
153358;2583;2,53
153359;2586;2,60
153360;2590;2,70
153361;2559;1,92
153362;2582;2,50
153363;2599;2,93
153364;2587;2,63
153365;2595;2,83
153366;2583;2,53
153367;2596;2,85
153368;2559;1,92
153369;2559;1,92
153370;2559;1,92
153371;2595;2,83
153372;2559;1,92
153373;2559;1,92
153374;2597;2,88
153375;2559;1,92
153376;2559;1,92
153377;2559;1,92
153378;2559;1,92
153379;2559;1,92
153380;2559;1,92
153381;2559;1,92
153382;2559;1,92
153383;2559;1,92
153384;2559;1,92
153385;2559;1,92
153386;2559;1,92
153387;2559;1,92
153388;2559;1,92
153389;2603;3,03
153390;2559;1,92
153391;2559;1,92
153392;2545;1,56
153393;2559;1,92
153394;2559;1,92
153395;2559;1,92
153396;2593;2,78
153397;2559;1,92
153398;2559;1,92
153399;2581;2,47
153400;2559;1,92
153401;2559;1,92
153402;2551;1,72
153403;2559;1,92
153404;2557;1,87
153405;2559;1,92
153406;2559;1,92
153407;2559;1,92
153408;2558;1,89
153409;2559;1,92
153410;2583;2,53
153411;2610;3,21
153412;2559;1,92
153413;2559;1,92
153414;2559;1,92
153415;2559;1,92
153416;2559;1,92
153417;2583;2,53
153418;2559;1,92
153419;2617;3,39
153420;2557;1,87
153421;2559;1,92
153422;2551;1,72
153423;2559;1,92
153424;2557;1,87
153425;2608;3,16
153426;2546;1,59
153427;2559;1,92
153428;2554;1,79
153429;2559;1,92
153430;2550;1,69
153431;2559;1,92
153432;2603;3,03
153433;2559;1,92
153434;2545;1,56
153435;2559;1,92
153436;2548;1,64
153437;2559;1,92
153438;2544;1,54
153439;2559;1,92
153440;2605;3,08
153441;2559;1,92
153442;2544;1,54
153443;2559;1,92
153444;2550;1,69
153445;2559;1,92
153446;2551;1,72
153447;2611;3,23
153448;2544;1,54
153449;2559;1,92
153450;2586;2,60
153451;2559;1,92
153452;2544;1,54
153453;2559;1,92
153454;2551;1,72
153455;2559;1,92
153456;2544;1,54
153457;2559;1,92
153458;2608;3,16
153459;2608;3,16
153460;2551;1,72
153461;2559;1,92
153462;2622;3,51
153463;2559;1,92
153464;2537;1,36
153465;2559;1,92
153466;2558;1,89
153467;2559;1,92
153468;2544;1,54
153469;2559;1,92
153470;2544;1,54
153471;2613;3,28
153472;2554;1,79
153473;2559;1,92
153474;2544;1,54
153475;2559;1,92
153476;2553;1,77
153477;2559;1,92
153478;2556;1,84
153479;2559;1,92
153480;2544;1,54
153481;2559;1,92
153482;2555;1,82
153483;2559;1,92
153484;2559;1,92
153485;2559;1,92
153486;2598;2,90
153487;2599;2,93
153488;2559;1,92
153489;2606;3,11
153490;2553;1,77
153491;2559;1,92
153492;2559;1,92
153493;2559;1,92
153494;2547;1,61
153495;2559;1,92
153496;2624;3,56
153497;2580;2,45
153498;2555;1,82
153499;2559;1,92
153500;2549;1,66
153501;2559;1,92
153502;2559;1,92
153503;2559;1,92
153504;2554;1,79
153505;2559;1,92
153506;2550;1,69
153507;2559;1,92
153508;2617;3,39
153509;2549;1,66
153510;2546;1,59
153511;2582;2,50
153512;2548;1,64
153513;2559;1,92
153514;2549;1,66
153515;2559;1,92
153516;2547;1,61
153517;2582;2,50
153518;2548;1,64
153519;2557;1,87
153520;2559;1,92
153521;2606;3,11
153522;2559;1,92
153523;2559;1,92
153524;2604;3,06
153525;2559;1,92
153526;2545;1,56
153527;2559;1,92
153528;2550;1,69
153529;2559;1,92
153530;2548;1,64
153531;2589;2,68
153532;2547;1,61
153533;2594;2,80
153534;2549;1,66
153535;2559;1,92
153536;2549;1,66
153537;2559;1,92
153538;2555;1,82
153539;2559;1,92
153540;2544;1,54
153541;2559;1,92
153542;2559;1,92
153543;2559;1,92
153544;2551;1,72
153545;2614;3,31
153546;2554;1,79
153547;2582;2,50
153548;2544;1,54
153549;2599;2,93
153550;2549;1,66
153551;2559;1,92
153552;2551;1,72
153553;2559;1,92
153554;2558;1,89
153555;2583;2,53
153556;2548;1,64
153557;2588;2,65
153558;2559;1,92
153559;2559;1,92
153560;2547;1,61
153561;2559;1,92
153562;2608;3,16
153563;2594;2,80
153564;2551;1,72
153565;2559;1,92
153566;2557;1,87
153567;2612;3,26
153568;2554;1,79
153569;2559;1,92
153570;2549;1,66
153571;2559;1,92
153572;2549;1,66
153573;2559;1,92
153574;2593;2,78
153575;2559;1,92
153576;2557;1,87
153577;2589;2,68
153578;2551;1,72
153579;2559;1,92
153580;2555;1,82
153581;2617;3,39
153582;2611;3,23
153583;2583;2,53
153584;2598;2,90
153585;2559;1,92
153586;2544;1,54
153587;2559;1,92
153588;2559;1,92
153589;2587;2,63
153590;2556;1,84
153591;2559;1,92
153592;2555;1,82
153593;2586;2,60
153594;2559;1,92
153595;2559;1,92
153596;2551;1,72
153597;2586;2,60
153598;2559;1,92
153599;2559;1,92
153600;2618;3,41
153601;2588;2,65
153602;2559;1,92
153603;2603;3,03
153604;2557;1,87
153605;2591;2,73
153606;2555;1,82
153607;2586;2,60
153608;2624;3,56
153609;2603;3,03
153610;2559;1,92
153611;2596;2,85
153612;2559;1,92
153613;2594;2,80
153614;2559;1,92
153615;2601;2,98
153616;2623;3,54
153617;2612;3,26
153618;2559;1,92
153619;2583;2,53
153620;2559;1,92
153621;2593;2,78
153622;2628;3,66
153623;2583;2,53
153624;2613;3,28
153625;2615;3,34
153626;2559;1,92
153627;2587;2,63
153628;2559;1,92
153629;2597;2,88
153630;2607;3,13
153631;2590;2,70
153632;2559;1,92
153633;2592;2,75
153634;2631;3,74
153635;2627;3,64
153636;2631;3,74
153637;2607;3,13
153638;2559;1,92
153639;2598;2,90
153640;2582;2,50
153641;2607;3,13
153642;2559;1,92
153643;2642;4,02
153644;2590;2,70
153645;2595;2,83
153646;2593;2,78
153647;2605;3,08
153648;2606;3,11
153649;2590;2,70
153650;2559;1,92
153651;2601;2,98
153652;2588;2,65
153653;2605;3,08
153654;2559;1,92
153655;2595;2,83
153656;2581;2,47
153657;2608;3,16
153658;2581;2,47
153659;2589;2,68
153660;2590;2,70
153661;2607;3,13
153662;2621;3,49
153663;2607;3,13
153664;2583;2,53
153665;2602;3,01
153666;2559;1,92
153667;2608;3,16
153668;2586;2,60
153669;2608;3,16
153670;2583;2,53
153671;2635;3,84
153672;2589;2,68
153673;2643;4,04
153674;2581;2,47
153675;2608;3,16
153676;2630;3,71
153677;2607;3,13
153678;2591;2,73
153679;2633;3,79
153680;2595;2,83
153681;2604;3,06
153682;2641;3,99
153683;2606;3,11
153684;2629;3,69
153685;2635;3,84
153686;2624;3,56
153687;2619;3,44
153688;2590;2,70
153689;2622;3,51
153690;2631;3,74
153691;2640;3,97
153692;2590;2,70
153693;2640;3,97
153694;2595;2,83
153695;2619;3,44
153696;2594;2,80
153697;2615;3,34
153698;2629;3,69
153699;2647;4,14
153700;2634;3,82
153701;2608;3,16
153702;2614;3,31
153703;2642;4,02
153704;2602;3,01
153705;2611;3,23
153706;2594;2,80
153707;2621;3,49
153708;2603;3,03
153709;2630;3,71
153710;2624;3,56
153711;2620;3,46
153712;2649;4,20
153713;2606;3,11
153714;2605;3,08
153715;2613;3,28
153716;2595;2,83
153717;2617;3,39
153718;2599;2,93
153719;2624;3,56
153720;2631;3,74
153721;2614;3,31
153722;2607;3,13
153723;2615;3,34
153724;2604;3,06
153725;2638;3,92
153726;2603;3,03
153727;2639;3,94
153728;2605;3,08
153729;2621;3,49
153730;2605;3,08
153731;2658;4,42
153732;2602;3,01
153733;2619;3,44
153734;2607;3,13
153735;2634;3,82
153736;2605;3,08
153737;2618;3,41
153738;2606;3,11
153739;2620;3,46
153740;2609;3,18
153741;2645;4,09
153742;2608;3,16
153743;2637;3,89
153744;2607;3,13
153745;2621;3,49
153746;2651;4,25
153747;2624;3,56
153748;2608;3,16
153749;2625;3,59
153750;2607;3,13
153751;2635;3,84
153752;2606;3,11
153753;2630;3,71
153754;2651;4,25
153755;2632;3,77
153756;2609;3,18
153757;2655;4,35
153758;2614;3,31
153759;2624;3,56
153760;2608;3,16
153761;2628;3,66
153762;2607;3,13
153763;2630;3,71
153764;2609;3,18
153765;2646;4,12
153766;2610;3,21
153767;2630;3,71
153768;2608;3,16
153769;2663;4,55
153770;2647;4,14
153771;2639;3,94
153772;2609;3,18
153773;2634;3,82
153774;2611;3,23
153775;2625;3,59
153776;2609;3,18
153777;2645;4,09
153778;2624;3,56
153779;2641;3,99
153780;2615;3,34
153781;2640;3,97
153782;2623;3,54
153783;2634;3,82
153784;2642;4,02
153785;2647;4,14
153786;2665;4,60
153787;2643;4,04
153788;2623;3,54
153789;2642;4,02
153790;2663;4,55
153791;2658;4,42
153792;2673;4,80
153793;2663;4,55
153794;2672;4,78
153795;2657;4,40
153796;2637;3,89
153797;2653;4,30
153798;2666;4,63
153799;2654;4,32
153800;2690;5,23
153801;2670;4,73
153802;2679;4,95
153803;2677;4,90
153804;2672;4,78
153805;2667;4,65
153806;2662;4,52
153807;2676;4,88
153808;2672;4,78
153809;2661;4,50
153810;2655;4,35
153811;2673;4,80
153812;2653;4,30
153813;2670;4,73
153814;2647;4,14
153815;2682;5,03
153816;2706;5,64
153817;2659;4,45
153818;2658;4,42
153819;2685;5,11
153820;2679;4,95
153821;2663;4,55
153822;2645;4,09
153823;2672;4,78
153824;2641;3,99
153825;2671;4,75
153826;2646;4,12
153827;2665;4,60
153828;2677;4,90
153829;2670;4,73
153830;2642;4,02
153831;2657;4,40
153832;2640;3,97
153833;2667;4,65
153834;2640;3,97
153835;2657;4,40
153836;2640;3,97
153837;2660;4,47
153838;2640;3,97
153839;2658;4,42
153840;2671;4,75
153841;2670;4,73
153842;2686;5,13
153843;2657;4,40
153844;2635;3,84
153845;2657;4,40
153846;2678;4,93
153847;2654;4,32
153848;2635;3,84
153849;2656;4,37
153850;2677;4,90
153851;2671;4,75
153852;2640;3,97
153853;2660;4,47
153854;2670;4,73
153855;2662;4,52
153856;2647;4,14
153857;2661;4,50
153858;2674;4,83
153859;2669;4,70
153860;2653;4,30
153861;2669;4,70
153862;2695;5,36
153863;2672;4,78
153864;2671;4,75
153865;2675;4,85
153866;2682;5,03
153867;2664;4,57
153868;2709;5,71
153869;2670;4,73
153870;2676;4,88
153871;2685;5,11
153872;2653;4,30
153873;2677;4,90
153874;2643;4,04
153875;2669;4,70
153876;2654;4,32
153877;2678;4,93
153878;2651;4,25
153879;2677;4,90
153880;2647;4,14
153881;2677;4,90
153882;2659;4,45
153883;2672;4,78
153884;2657;4,40
153885;2683;5,06
153886;2651;4,25
153887;2666;4,63
153888;2655;4,35
153889;2672;4,78
153890;2689;5,21
153891;2682;5,03
153892;2649;4,20
153893;2675;4,85
153894;2646;4,12
153895;2679;4,95
153896;2647;4,14
153897;2656;4,37
153898;2643;4,04
153899;2667;4,65
153900;2646;4,12
153901;2677;4,90
153902;2694;5,33
153903;2666;4,63
153904;2701;5,51
153905;2664;4,57
153906;2653;4,30
153907;2677;4,90
153908;2677;4,90
153909;2681;5,01
153910;2649;4,20
153911;2672;4,78
153912;2649;4,20
153913;2673;4,80
153914;2655;4,35
153915;2672;4,78
153916;2653;4,30
153917;2668;4,68
153918;2647;4,14
153919;2683;5,06
153920;2647;4,14
153921;2675;4,85
153922;2685;5,11
153923;2678;4,93
153924;2704;5,59
153925;2681;5,01
153926;2704;5,59
153927;2671;4,75
153928;2650;4,22
153929;2687;5,16
153930;2652;4,27
153931;2685;5,11
153932;2659;4,45
153933;2671;4,75
153934;2658;4,42
153935;2678;4,93
153936;2699;5,46
153937;2686;5,13
153938;2656;4,37
153939;2685;5,11
153940;2660;4,47
153941;2676;4,88
153942;2688;5,18
153943;2675;4,85
153944;2661;4,50
153945;2691;5,26
153946;2665;4,60
153947;2693;5,31
153948;2663;4,55
153949;2700;5,49
153950;2713;5,81
153951;2689;5,21
153952;2665;4,60
153953;2685;5,11
153954;2665;4,60
153955;2689;5,21
153956;2719;5,97
153957;2690;5,23
153958;2721;6,02
153959;2674;4,83
153960;2700;5,49
153961;2685;5,11
153962;2719;5,97
153963;2686;5,13
153964;2667;4,65
153965;2704;5,59
153966;2692;5,28
153967;2698;5,44
153968;2671;4,75
153969;2702;5,54
153970;2666;4,63
153971;2688;5,18
153972;2668;4,68
153973;2682;5,03
153974;2719;5,97
153975;2685;5,11
153976;2672;4,78
153977;2693;5,31
153978;2669;4,70
153979;2688;5,18
153980;2670;4,73
153981;2699;5,46
153982;2670;4,73
153983;2693;5,31
153984;2716;5,89
153985;2684;5,08
153986;2692;5,28
153987;2717;5,92
153988;2673;4,80
153989;2689;5,21
153990;2704;5,59
153991;2716;5,89
153992;2720;5,99
153993;2683;5,06
153994;2705;5,61
153995;2693;5,31
153996;2671;4,75
153997;2672;4,78
153998;2672;4,78
153999;2698;5,44
154000;2710;5,74
154001;2694;5,33
154002;2672;4,78
154003;2702;5,54
154004;2705;5,61
154005;2694;5,33
154006;2672;4,78
154007;2724;6,09
154008;2673;4,80
154009;2689;5,21
154010;2673;4,80
154011;2685;5,11
154012;2693;5,31
154013;2699;5,46
154014;2672;4,78
154015;2693;5,31
154016;2674;4,83
154017;2687;5,16
154018;2670;4,73
154019;2688;5,18
154020;2677;4,90
154021;2700;5,49
154022;2672;4,78
154023;2701;5,51
154024;2666;4,63
154025;2697;5,41
154026;2698;5,44
154027;2699;5,46
154028;2711;5,76
154029;2697;5,41
154030;2673;4,80
154031;2725;6,12
154032;2698;5,44
154033;2690;5,23
154034;2724;6,09
154035;2701;5,51
154036;2687;5,16
154037;2721;6,02
154038;2670;4,73
154039;2691;5,26
154040;2704;5,59
154041;2704;5,59
154042;2678;4,93
154043;2704;5,59
154044;2679;4,95
154045;2696;5,38
154046;2716;5,89
154047;2701;5,51
154048;2704;5,59
154049;2687;5,16
154050;2672;4,78
154051;2707;5,66
154052;2672;4,78
154053;2689;5,21
154054;2673;4,80
154055;2695;5,36
154056;2681;5,01
154057;2690;5,23
154058;2672;4,78
154059;2690;5,23
154060;2736;6,40
154061;2695;5,36
154062;2685;5,11
154063;2710;5,74
154064;2674;4,83
154065;2692;5,28
154066;2678;4,93
154067;2699;5,46
154068;2707;5,66
154069;2693;5,31
154070;2697;5,41
154071;2691;5,26
154072;2675;4,85
154073;2720;5,99
154074;2675;4,85
154075;2694;5,33
154076;2683;5,06
154077;2690;5,23
154078;2678;4,93
154079;2706;5,64
154080;2707;5,66
154081;2704;5,59
154082;2753;6,83
154083;2704;5,59
154084;2679;4,95
154085;2704;5,59
154086;2682;5,03
154087;2714;5,84
154088;2672;4,78
154089;2704;5,59
154090;2677;4,90
154091;2695;5,36
154092;2673;4,80
154093;2704;5,59
154094;2683;5,06
154095;2695;5,36
154096;2726;6,14
154097;2704;5,59
154098;2720;5,99
154099;2711;5,76
154100;2682;5,03
154101;2692;5,28
154102;2686;5,13
154103;2704;5,59
154104;2685;5,11
154105;2699;5,46
154106;2736;6,40
154107;2701;5,51
154108;2681;5,01
154109;2703;5,56
154110;2699;5,46
154111;2701;5,51
154112;2687;5,16
154113;2717;5,92
154114;2688;5,18
154115;2704;5,59
154116;2685;5,11
154117;2704;5,59
154118;2683;5,06
154119;2736;6,40
154120;2682;5,03
154121;2716;5,89
154122;2689;5,21
154123;2722;6,04
154124;2741;6,52
154125;2704;5,59
154126;2685;5,11
154127;2694;5,33
154128;2688;5,18
154129;2705;5,61
154130;2679;4,95
154131;2707;5,66
154132;2690;5,23
154133;2711;5,76
154134;2704;5,59
154135;2733;6,32
154136;2689;5,21
154137;2734;6,35
154138;2687;5,16
154139;2717;5,92
154140;2707;5,66
154141;2718;5,94
154142;2694;5,33
154143;2749;6,73
154144;2693;5,31
154145;2706;5,64
154146;2689;5,21
154147;2727;6,17
154148;2695;5,36
154149;2704;5,59
154150;2704;5,59
154151;2737;6,42
154152;2694;5,33
154153;2717;5,92
154154;2720;5,99
154155;2718;5,94
154156;2701;5,51
154157;2714;5,84
154158;2697;5,41
154159;2717;5,92
154160;2689;5,21
154161;2736;6,40
154162;2698;5,44
154163;2704;5,59
154164;2704;5,59
154165;2717;5,92
154166;2699;5,46
154167;2730;6,24
154168;2688;5,18
154169;2714;5,84
154170;2699;5,46
154171;2729;6,22
154172;2700;5,49
154173;2722;6,04
154174;2703;5,56
154175;2711;5,76
154176;2693;5,31
154177;2707;5,66
154178;2701;5,51
154179;2733;6,32
154180;2699;5,46
154181;2718;5,94
154182;2752;6,80
154183;2703;5,56
154184;2704;5,59
154185;2719;5,97
154186;2694;5,33
154187;2711;5,76
154188;2724;6,09
154189;2731;6,27
154190;2703;5,56
154191;2718;5,94
154192;2702;5,54
154193;2711;5,76
154194;2701;5,51
154195;2736;6,40
154196;2700;5,49
154197;2714;5,84
154198;2700;5,49
154199;2721;6,02
154200;2698;5,44
154201;2721;6,02
154202;2730;6,24
154203;2720;5,99
154204;2704;5,59
154205;2718;5,94
154206;2704;5,59
154207;2732;6,30
154208;2704;5,59
154209;2729;6,22
154210;2704;5,59
154211;2742;6,55
154212;2703;5,56
154213;2743;6,57
154214;2701;5,51
154215;2729;6,22
154216;2707;5,66
154217;2762;7,05
154218;2717;5,92
154219;2727;6,17
154220;2710;5,74
154221;2727;6,17
154222;2738;6,45
154223;2736;6,40
154224;2715;5,87
154225;2742;6,55
154226;2736;6,40
154227;2736;6,40
154228;2721;6,02
154229;2758;6,95
154230;2737;6,42
154231;2748;6,70
154232;2719;5,97
154233;2752;6,80
154234;2719;5,97
154235;2739;6,47
154236;2733;6,32
154237;2753;6,83
154238;2730;6,24
154239;2752;6,80
154240;2729;6,22
154241;2752;6,80
154242;2730;6,24
154243;2758;6,95
154244;2729;6,22
154245;2755;6,88
154246;2734;6,35
154247;2767;7,18
154248;2736;6,40
154249;2757;6,93
154250;2737;6,42
154251;2765;7,13
154252;2739;6,47
154253;2749;6,73
154254;2731;6,27
154255;2758;6,95
154256;2768;7,21
154257;2751;6,78
154258;2767;7,18
154259;2785;7,64
154260;2768;7,21
154261;2759;6,98
154262;2727;6,17
154263;2739;6,47
154264;2737;6,42
154265;2742;6,55
154266;2731;6,27
154267;2768;7,21
154268;2736;6,40
154269;2768;7,21
154270;2730;6,24
154271;2751;6,78
154272;2759;6,98
154273;2752;6,80
154274;2736;6,40
154275;2755;6,88
154276;2743;6,57
154277;2751;6,78
154278;2730;6,24
154279;2749;6,73
154280;2737;6,42
154281;2767;7,18
154282;2741;6,52
154283;2751;6,78
154284;2735;6,37
154285;2767;7,18
154286;2755;6,88
154287;2768;7,21
154288;2768;7,21
154289;2768;7,21
154290;2752;6,80
154291;2761;7,03
154292;2741;6,52
154293;2773;7,33
154294;2750;6,75
154295;2791;7,79
154296;2761;7,03
154297;2779;7,48
154298;2753;6,83
154299;2774;7,36
154300;2755;6,88
154301;2770;7,26
154302;2800;8,02
154303;2770;7,26
154304;2819;8,50
154305;2783;7,59
154306;2811;8,29
154307;2787;7,69
154308;2808;8,22
154309;2779;7,48
154310;2785;7,64
154311;2785;7,64
154312;2759;6,98
154313;2785;7,64
154314;2765;7,13
154315;2800;8,02
154316;2767;7,18
154317;2791;7,79
154318;2770;7,26
154319;2802;8,07
154320;2784;7,61
154321;2787;7,69
154322;2775;7,38
154323;2795;7,89
154324;2768;7,21
154325;2791;7,79
154326;2772;7,31
154327;2815;8,40
154328;2801;8,04
154329;2817;8,45
154330;2829;8,75
154331;2827;8,70
154332;2777;7,43
154333;2813;8,35
154334;2775;7,38
154335;2801;8,04
154336;2819;8,50
154337;2791;7,79
154338;2807;8,19
154339;2816;8,42
154340;2778;7,46
154341;2805;8,14
154342;2795;7,89
154343;2807;8,19
154344;2798;7,97
154345;2771;7,28
154346;2781;7,54
154347;2837;8,95
154348;2782;7,56
154349;2816;8,42
154350;2783;7,59
154351;2803;8,09
154352;2784;7,61
154353;2832;8,83
154354;2814;8,37
154355;2817;8,45
154356;2783;7,59
154357;2806;8,17
154358;2799;7,99
154359;2823;8,60
154360;2787;7,69
154361;2806;8,17
154362;2834;8,88
154363;2807;8,19
154364;2793;7,84
154365;2827;8,70
154366;2786;7,66
154367;2838;8,98
154368;2794;7,86
154369;2822;8,57
154370;2816;8,42
154371;2818;8,47
154372;2799;7,99
154373;2797;7,94
154374;2799;7,99
154375;2823;8,60
154376;2795;7,89
154377;2827;8,70
154378;2832;8,83
154379;2821;8,55
154380;2787;7,69
154381;2832;8,83
154382;2802;8,07
154383;2803;8,09
154384;2832;8,83
154385;2823;8,60
154386;2800;8,02
154387;2832;8,83
154388;2807;8,19
154389;2835;8,90
154390;2800;8,02
154391;2852;9,33
154392;2815;8,40
154393;2830;8,78
154394;2816;8,42
154395;2854;9,38
154396;2811;8,29
154397;2847;9,21
154398;2827;8,70
154399;2833;8,85
154400;2813;8,35
154401;2855;9,41
154402;2819;8,50
154403;2870;9,79
154404;2838;8,98
154405;2849;9,26
154406;2819;8,50
154407;2837;8,95
154408;2826;8,67
154409;2864;9,64
154410;2851;9,31
154411;2881;10,07
154412;2825;8,65
154413;2852;9,33
154414;2825;8,65
154415;2877;9,96
154416;2825;8,65
154417;2869;9,76
154418;2832;8,83
154419;2867;9,71
154420;2864;9,64
154421;2855;9,41
154422;2832;8,83
154423;2875;9,91
154424;2830;8,78
154425;2859;9,51
154426;2859;9,51
154427;2856;9,43
154428;2826;8,67
154429;2864;9,64
154430;2831;8,80
154431;2861;9,56
154432;2832;8,83
154433;2850;9,28
154434;2829;8,75
154435;2819;8,50
154436;2843;9,10
154437;2839;9,00
154438;2830;8,78
154439;2882;10,09
154440;2827;8,70
154441;2855;9,41
154442;2823;8,60
154443;2837;8,95
154444;2818;8,47
154445;2835;8,90
154446;2826;8,67
154447;2841;9,05
154448;2827;8,70
154449;2847;9,21
154450;2818;8,47
154451;2832;8,83
154452;2837;8,95
154453;2841;9,05
154454;2821;8,55
154455;2866;9,69
154456;2823;8,60
154457;2864;9,64
154458;2829;8,75
154459;2873;9,86
154460;2830;8,78
154461;2837;8,95
154462;2816;8,42
154463;2851;9,31
154464;2816;8,42
154465;2854;9,38
154466;2830;8,78
154467;2860;9,53
154468;2827;8,70
154469;2819;8,50
154470;2839;9,00
154471;2837;8,95
154472;2827;8,70
154473;2864;9,64
154474;2828;8,72
154475;2832;8,83
154476;2833;8,85
154477;2863;9,61
154478;2819;8,50
154479;2864;9,64
154480;2832;8,83
154481;2864;9,64
154482;2819;8,50
154483;2874;9,89
154484;2822;8,57
154485;2855;9,41
154486;2821;8,55
154487;2845;9,15
154488;2823;8,60
154489;2843;9,10
154490;2834;8,88
154491;2854;9,38
154492;2820;8,52
154493;2862;9,59
154494;2825;8,65
154495;2863;9,61
154496;2821;8,55
154497;2849;9,26
154498;2825;8,65
154499;2834;8,88
154500;2815;8,40
154501;2857;9,46
154502;2871;9,81
154503;2893;10,37
154504;2826;8,67
154505;2855;9,41
154506;2839;9,00
154507;2850;9,28
154508;2826;8,67
154509;2847;9,21
154510;2835;8,90
154511;2827;8,70
154512;2832;8,83
154513;2867;9,71
154514;2835;8,90
154515;2855;9,41
154516;2831;8,80
154517;2867;9,71
154518;2832;8,83
154519;2870;9,79
154520;2859;9,51
154521;2859;9,51
154522;2831;8,80
154523;2859;9,51
154524;2826;8,67
154525;2848;9,23
154526;2819;8,50
154527;2841;9,05
154528;2845;9,15
154529;2845;9,15
154530;2823;8,60
154531;2847;9,21
154532;2814;8,37
154533;2862;9,59
154534;2809;8,24
154535;2827;8,70
154536;2821;8,55
154537;2852;9,33
154538;2820;8,52
154539;2835;8,90
154540;2815;8,40
154541;2830;8,78
154542;2815;8,40
154543;2833;8,85
154544;2807;8,19
154545;2826;8,67
154546;2823;8,60
154547;2837;8,95
154548;2803;8,09
154549;2830;8,78
154550;2799;7,99
154551;2843;9,10
154552;2795;7,89
154553;2822;8,57
154554;2796;7,91
154555;2832;8,83
154556;2800;8,02
154557;2846;9,18
154558;2797;7,94
154559;2814;8,37
154560;2810;8,27
154561;2842;9,08
154562;2802;8,07
154563;2807;8,19
154564;2805;8,14
154565;2846;9,18
154566;2811;8,29
154567;2839;9,00
154568;2838;8,98
154569;2839;9,00
154570;2823;8,60
154571;2843;9,10
154572;2832;8,83
154573;2813;8,35
154574;2817;8,45
154575;2836;8,93
154576;2829;8,75
154577;2838;8,98
154578;2827;8,70
154579;2859;9,51
154580;2823;8,60
154581;2838;8,98
154582;2817;8,45
154583;2845;9,15
154584;2820;8,52
154585;2839;9,00
154586;2811;8,29
154587;2847;9,21
154588;2831;8,80
154589;2831;8,80
154590;2807;8,19
154591;2831;8,80
154592;2801;8,04
154593;2806;8,17
154594;2833;8,85
154595;2815;8,40
154596;2793;7,84
154597;2831;8,80
154598;2787;7,69
154599;2826;8,67
154600;2786;7,66
154601;2833;8,85
154602;2815;8,40
154603;2862;9,59
154604;2793;7,84
154605;2838;8,98
154606;2794;7,86
154607;2813;8,35
154608;2783;7,59
154609;2818;8,47
154610;2793;7,84
154611;2817;8,45
154612;2774;7,36
154613;2807;8,19
154614;2800;8,02
154615;2798;7,97
154616;2789;7,74
154617;2830;8,78
154618;2789;7,74
154619;2811;8,29
154620;2789;7,74
154621;2793;7,84
154622;2779;7,48
154623;2813;8,35
154624;2800;8,02
154625;2833;8,85
154626;2807;8,19
154627;2863;9,61
154628;2806;8,17
154629;2835;8,90
154630;2811;8,29
154631;2835;8,90
154632;2819;8,50
154633;2837;8,95
154634;2813;8,35
154635;2857;9,46
154636;2812;8,32
154637;2837;8,95
154638;2833;8,85
154639;2801;8,04
154640;2801;8,04
154641;2833;8,85
154642;2851;9,31
154643;2800;8,02
154644;2870;9,79
154645;2829;8,75
154646;2842;9,08
154647;2831;8,80
154648;2805;8,14
154649;2825;8,65
154650;2794;7,86
154651;2826;8,67
154652;2788;7,71
154653;2789;7,74
154654;2794;7,86
154655;2815;8,40
154656;2794;7,86
154657;2799;7,99
154658;2788;7,71
154659;2849;9,26
154660;2797;7,94
154661;2793;7,84
154662;2768;7,21
154663;2791;7,79
154664;2748;6,70
154665;2745;6,62
154666;2743;6,57
154667;2768;7,21
154668;2752;6,80
154669;2802;8,07
154670;2760;7,00
154671;2805;8,14
154672;2766;7,16
154673;2789;7,74
154674;2758;6,95
154675;2795;7,89
154676;2769;7,23
154677;2784;7,61
154678;2785;7,64
154679;2777;7,43
154680;2771;7,28
154681;2791;7,79
154682;2759;6,98
154683;2803;8,09
154684;2785;7,64
154685;2818;8,47
154686;2799;7,99
154687;2817;8,45
154688;2806;8,17
154689;2823;8,60
154690;2804;8,12
154691;2834;8,88
154692;2811;8,29
154693;2850;9,28
154694;2814;8,37
154695;2851;9,31
154696;2813;8,35
154697;2851;9,31
154698;2820;8,52
154699;2846;9,18
154700;2813;8,35
154701;2789;7,74
154702;2800;8,02
154703;2817;8,45
154704;2776;7,41
154705;2768;7,21
154706;2768;7,21
154707;2789;7,74
154708;2755;6,88
154709;2775;7,38
154710;2753;6,83
154711;2768;7,21
154712;2738;6,45
154713;2787;7,69
154714;2772;7,31
154715;2767;7,18
154716;2755;6,88
154717;2777;7,43
154718;2771;7,28
154719;2783;7,59
154720;2742;6,55
154721;2782;7,56
154722;2738;6,45
154723;2768;7,21
154724;2738;6,45
154725;2782;7,56
154726;2746;6,65
154727;2786;7,66
154728;2743;6,57
154729;2790;7,76
154730;2766;7,16
154731;2766;7,16
154732;2749;6,73
154733;2761;7,03
154734;2761;7,03
154735;2770;7,26
154736;2751;6,78
154737;2746;6,65
154738;2738;6,45
154739;2759;6,98
154740;2739;6,47
154741;2774;7,36
154742;2750;6,75
154743;2772;7,31
154744;2745;6,62
154745;2730;6,24
154746;2736;6,40
154747;2763;7,08
154748;2711;5,76
154749;2756;6,90
154750;2721;6,02
154751;2737;6,42
154752;2739;6,47
154753;2775;7,38
154754;2754;6,85
154755;2769;7,23
154756;2745;6,62
154757;2767;7,18
154758;2736;6,40
154759;2749;6,73
154760;2736;6,40
154761;2768;7,21
154762;2750;6,75
154763;2782;7,56
154764;2751;6,78
154765;2783;7,59
154766;2743;6,57
154767;2779;7,48
154768;2754;6,85
154769;2745;6,62
154770;2773;7,33
154771;2790;7,76
154772;2739;6,47
154773;2784;7,61
154774;2753;6,83
154775;2784;7,61
154776;2749;6,73
154777;2767;7,18
154778;2742;6,55
154779;2773;7,33
154780;2729;6,22
154781;2747;6,68
154782;2710;5,74
154783;2730;6,24
154784;2704;5,59
154785;2733;6,32
154786;2704;5,59
154787;2725;6,12
154788;2713;5,81
154789;2741;6,52
154790;2726;6,14
154791;2747;6,68
154792;2730;6,24
154793;2721;6,02
154794;2722;6,04
154795;2733;6,32
154796;2693;5,31
154797;2715;5,87
154798;2683;5,06
154799;2722;6,04
154800;2695;5,36
154801;2719;5,97
154802;2691;5,26
154803;2752;6,80
154804;2711;5,76
154805;2762;7,05
154806;2704;5,59
154807;2743;6,57
154808;2693;5,31
154809;2701;5,51
154810;2702;5,54
154811;2726;6,14
154812;2711;5,76
154813;2737;6,42
154814;2706;5,64
154815;2720;5,99
154816;2704;5,59
154817;2690;5,23
154818;2695;5,36
154819;2730;6,24
154820;2704;5,59
154821;2690;5,23
154822;2690;5,23
154823;2687;5,16
154824;2675;4,85
154825;2736;6,40
154826;2703;5,56
154827;2723;6,07
154828;2689;5,21
154829;2685;5,11
154830;2683;5,06
154831;2702;5,54
154832;2666;4,63
154833;2701;5,51
154834;2659;4,45
154835;2647;4,14
154836;2656;4,37
154837;2704;5,59
154838;2658;4,42
154839;2671;4,75
154840;2671;4,75
154841;2673;4,80
154842;2672;4,78
154843;2707;5,66
154844;2672;4,78
154845;2683;5,06
154846;2677;4,90
154847;2710;5,74
154848;2706;5,64
154849;2740;6,50
154850;2694;5,33
154851;2730;6,24
154852;2697;5,41
154853;2727;6,17
154854;2737;6,42
154855;2751;6,78
154856;2707;5,66
154857;2704;5,59
154858;2709;5,71
154859;2733;6,32
154860;2727;6,17
154861;2725;6,12
154862;2690;5,23
154863;2704;5,59
154864;2691;5,26
154865;2749;6,73
154866;2703;5,56
154867;2722;6,04
154868;2691;5,26
154869;2689;5,21
154870;2685;5,11
154871;2745;6,62
154872;2686;5,13
154873;2710;5,74
154874;2682;5,03
154875;2712;5,79
154876;2682;5,03
154877;2723;6,07
154878;2678;4,93
154879;2691;5,26
154880;2690;5,23
154881;2693;5,31
154882;2663;4,55
154883;2689;5,21
154884;2661;4,50
154885;2675;4,85
154886;2662;4,52
154887;2684;5,08
154888;2668;4,68
154889;2659;4,45
154890;2646;4,12
154891;2689;5,21
154892;2657;4,40
154893;2684;5,08
154894;2652;4,27
154895;2711;5,76
154896;2653;4,30
154897;2686;5,13
154898;2643;4,04
154899;2629;3,69
154900;2650;4,22
154901;2685;5,11
154902;2674;4,83
154903;2683;5,06
154904;2684;5,08
154905;2697;5,41
154906;2665;4,60
154907;2706;5,64
154908;2646;4,12
154909;2677;4,90
154910;2666;4,63
154911;2695;5,36
154912;2663;4,55
154913;2674;4,83
154914;2667;4,65
154915;2661;4,50
154916;2672;4,78
154917;2640;3,97
154918;2651;4,25
154919;2688;5,18
154920;2651;4,25
154921;2698;5,44
154922;2646;4,12
154923;2673;4,80
154924;2659;4,45
154925;2688;5,18
154926;2649;4,20
154927;2645;4,09
154928;2656;4,37
154929;2646;4,12
154930;2640;3,97
154931;2685;5,11
154932;2642;4,02
154933;2639;3,94
154934;2642;4,02
154935;2659;4,45
154936;2646;4,12
154937;2671;4,75
154938;2651;4,25
154939;2681;5,01
154940;2660;4,47
154941;2687;5,16
154942;2651;4,25
154943;2690;5,23
154944;2643;4,04
154945;2669;4,70
154946;2657;4,40
154947;2702;5,54
154948;2666;4,63
154949;2659;4,45
154950;2653;4,30
154951;2646;4,12
154952;2650;4,22
154953;2685;5,11
154954;2643;4,04
154955;2676;4,88
154956;2643;4,04
154957;2645;4,09
154958;2638;3,92
154959;2675;4,85
154960;2634;3,82
154961;2669;4,70
154962;2640;3,97
154963;2645;4,09
154964;2634;3,82
154965;2675;4,85
154966;2656;4,37
154967;2672;4,78
154968;2639;3,94
154969;2670;4,73
154970;2635;3,84
154971;2672;4,78
154972;2631;3,74
154973;2672;4,78
154974;2627;3,64
154975;2631;3,74
154976;2631;3,74
154977;2668;4,68
154978;2630;3,71
154979;2665;4,60
154980;2624;3,56
154981;2663;4,55
154982;2624;3,56
154983;2647;4,14
154984;2631;3,74
154985;2638;3,92
154986;2637;3,89
154987;2671;4,75
154988;2641;3,99
154989;2653;4,30
154990;2634;3,82
154991;2640;3,97
154992;2630;3,71
154993;2678;4,93
154994;2627;3,64
154995;2672;4,78
154996;2637;3,89
154997;2666;4,63
154998;2623;3,54
154999;2633;3,79
155000;2636;3,87
155001;2672;4,78
155002;2628;3,66
155003;2677;4,90
155004;2630;3,71
155005;2661;4,50
155006;2653;4,30
155007;2675;4,85
155008;2609;3,18
155009;2638;3,92
155010;2624;3,56
155011;2667;4,65
155012;2640;3,97
155013;2698;5,44
155014;2651;4,25
155015;2701;5,51
155016;2662;4,52
155017;2673;4,80
155018;2669;4,70
155019;2661;4,50
155020;2670;4,73
155021;2707;5,66
155022;2688;5,18
155023;2716;5,89
155024;2684;5,08
155025;2731;6,27
155026;2688;5,18
155027;2733;6,32
155028;2688;5,18
155029;2721;6,02
155030;2688;5,18
155031;2729;6,22
155032;2679;4,95
155033;2720;5,99
155034;2690;5,23
155035;2673;4,80
155036;2682;5,03
155037;2717;5,92
155038;2700;5,49
155039;2672;4,78
155040;2686;5,13
155041;2679;4,95
155042;2719;5,97
155043;2684;5,08
155044;2687;5,16
155045;2702;5,54
155046;2685;5,11
155047;2716;5,89
155048;2670;4,73
155049;2689;5,21
155050;2654;4,32
155051;2711;5,76
155052;2689;5,21
155053;2715;5,87
155054;2674;4,83
155055;2679;4,95
155056;2653;4,30
155057;2655;4,35
155058;2661;4,50
155059;2688;5,18
155060;2646;4,12
155061;2660;4,47
155062;2706;5,64
155063;2695;5,36
155064;2715;5,87
155065;2677;4,90
155066;2661;4,50
155067;2693;5,31
155068;2658;4,42
155069;2694;5,33
155070;2682;5,03
155071;2700;5,49
155072;2671;4,75
155073;2704;5,59
155074;2661;4,50
155075;2697;5,41
155076;2686;5,13
155077;2699;5,46
155078;2668;4,68
155079;2695;5,36
155080;2672;4,78
155081;2719;5,97
155082;2673;4,80
155083;2672;4,78
155084;2694;5,33
155085;2672;4,78
155086;2718;5,94
155087;2672;4,78
155088;2700;5,49
155089;2710;5,74
155090;2704;5,59
155091;2704;5,59
155092;2718;5,94
155093;2717;5,92
155094;2738;6,45
155095;2675;4,85
155096;2709;5,71
155097;2727;6,17
155098;2736;6,40
155099;2708;5,69
155100;2699;5,46
155101;2721;6,02
155102;2693;5,31
155103;2672;4,78
155104;2672;4,78
155105;2722;6,04
155106;2711;5,76
155107;2719;5,97
155108;2704;5,59
155109;2695;5,36
155110;2727;6,17
155111;2701;5,51
155112;2713;5,81
155113;2704;5,59
155114;2687;5,16
155115;2645;4,09
155116;2668;4,68
155117;2690;5,23
155118;2688;5,18
155119;2694;5,33
155120;2693;5,31
155121;2657;4,40
155122;2656;4,37
155123;2698;5,44
155124;2682;5,03
155125;2658;4,42
155126;2659;4,45
155127;2693;5,31
155128;2687;5,16
155129;2655;4,35
155130;2709;5,71
155131;2672;4,78
155132;2697;5,41
155133;2691;5,26
155134;2653;4,30
155135;2651;4,25
155136;2658;4,42
155137;2682;5,03
155138;2677;4,90
155139;2649;4,20
155140;2655;4,35
155141;2690;5,23
155142;2674;4,83
155143;2697;5,41
155144;2671;4,75
155145;2695;5,36
155146;2683;5,06
155147;2679;4,95
155148;2649;4,20
155149;2685;5,11
155150;2723;6,07
155151;2695;5,36
155152;2691;5,26
155153;2673;4,80
155154;2688;5,18
155155;2699;5,46
155156;2688;5,18
155157;2714;5,84
155158;2661;4,50
155159;2661;4,50
155160;2697;5,41
155161;2694;5,33
155162;2653;4,30
155163;2704;5,59
155164;2695;5,36
155165;2702;5,54
155166;2718;5,94
155167;2715;5,87
155168;2718;5,94
155169;2725;6,12
155170;2668;4,68
155171;2720;5,99
155172;2674;4,83
155173;2694;5,33
155174;2695;5,36
155175;2705;5,61
155176;2695;5,36
155177;2732;6,30
155178;2675;4,85
155179;2718;5,94
155180;2704;5,59
155181;2704;5,59
155182;2704;5,59
155183;2707;5,66
155184;2671;4,75
155185;2669;4,70
155186;2705;5,61
155187;2694;5,33
155188;2673;4,80
155189;2699;5,46
155190;2695;5,36
155191;2707;5,66
155192;2699;5,46
155193;2655;4,35
155194;2697;5,41
155195;2704;5,59
155196;2686;5,13
155197;2709;5,71
155198;2703;5,56
155199;2704;5,59
155200;2707;5,66
155201;2667;4,65
155202;2657;4,40
155203;2651;4,25
155204;2692;5,28
155205;2691;5,26
155206;2658;4,42
155207;2711;5,76
155208;2659;4,45
155209;2655;4,35
155210;2688;5,18
155211;2651;4,25
155212;2675;4,85
155213;2650;4,22
155214;2711;5,76
155215;2686;5,13
155216;2691;5,26
155217;2661;4,50
155218;2655;4,35
155219;2699;5,46
155220;2693;5,31
155221;2672;4,78
155222;2686;5,13
155223;2687;5,16
155224;2695;5,36
155225;2688;5,18
155226;2706;5,64
155227;2710;5,74
155228;2704;5,59
155229;2701;5,51
155230;2672;4,78
155231;2672;4,78
155232;2706;5,64
155233;2721;6,02
155234;2707;5,66
155235;2704;5,59
155236;2669;4,70
155237;2672;4,78
155238;2721;6,02
155239;2675;4,85
155240;2671;4,75
155241;2675;4,85
155242;2704;5,59
155243;2707;5,66
155244;2709;5,71
155245;2724;6,09
155246;2678;4,93
155247;2675;4,85
155248;2706;5,64
155249;2670;4,73
155250;2687;5,16
155251;2673;4,80
155252;2701;5,51
155253;2691;5,26
155254;2717;5,92
155255;2710;5,74
155256;2691;5,26
155257;2687;5,16
155258;2703;5,56
155259;2699;5,46
155260;2689;5,21
155261;2658;4,42
155262;2665;4,60
155263;2693;5,31
155264;2691;5,26
155265;2685;5,11
155266;2651;4,25
155267;2693;5,31
155268;2688;5,18
155269;2686;5,13
155270;2641;3,99
155271;2683;5,06
155272;2683;5,06
155273;2686;5,13
155274;2637;3,89
155275;2681;5,01
155276;2640;3,97
155277;2678;4,93
155278;2655;4,35
155279;2667;4,65
155280;2698;5,44
155281;2673;4,80
155282;2638;3,92
155283;2693;5,31
155284;2659;4,45
155285;2634;3,82
155286;2671;4,75
155287;2679;4,95
155288;2689;5,21
155289;2671;4,75
155290;2671;4,75
155291;2637;3,89
155292;2631;3,74
155293;2685;5,11
155294;2663;4,55
155295;2641;3,99
155296;2685;5,11
155297;2670;4,73
155298;2677;4,90
155299;2640;3,97
155300;2640;3,97
155301;2640;3,97
155302;2663;4,55
155303;2657;4,40
155304;2640;3,97
155305;2635;3,84
155306;2643;4,04
155307;2639;3,94
155308;2669;4,70
155309;2689;5,21
155310;2640;3,97
155311;2673;4,80
155312;2662;4,52
155313;2695;5,36
155314;2686;5,13
155315;2674;4,83
155316;2662;4,52
155317;2640;3,97
155318;2639;3,94
155319;2643;4,04
155320;2677;4,90
155321;2686;5,13
155322;2681;5,01
155323;2688;5,18
155324;2673;4,80
155325;2677;4,90
155326;2672;4,78
155327;2687;5,16
155328;2674;4,83
155329;2643;4,04
155330;2675;4,85
155331;2683;5,06
155332;2665;4,60
155333;2677;4,90
155334;2662;4,52
155335;2685;5,11
155336;2667;4,65
155337;2679;4,95
155338;2674;4,83
155339;2672;4,78
155340;2658;4,42
155341;2674;4,83
155342;2661;4,50
155343;2673;4,80
155344;2665;4,60
155345;2637;3,89
155346;2667;4,65
155347;2656;4,37
155348;2656;4,37
155349;2639;3,94
155350;2675;4,85
155351;2679;4,95
155352;2631;3,74
155353;2671;4,75
155354;2659;4,45
155355;2657;4,40
155356;2672;4,78
155357;2672;4,78
155358;2624;3,56
155359;2662;4,52
155360;2624;3,56
155361;2634;3,82
155362;2677;4,90
155363;2672;4,78
155364;2623;3,54
155365;2677;4,90
155366;2630;3,71
155367;2627;3,64
155368;2627;3,64
155369;2638;3,92
155370;2672;4,78
155371;2653;4,30
155372;2654;4,32
155373;2654;4,32
155374;2635;3,84
155375;2637;3,89
155376;2657;4,40
155377;2630;3,71
155378;2630;3,71
155379;2663;4,55
155380;2635;3,84
155381;2635;3,84
155382;2663;4,55
155383;2657;4,40
155384;2659;4,45
155385;2668;4,68
155386;2635;3,84
155387;2643;4,04
155388;2656;4,37
155389;2667;4,65
155390;2658;4,42
155391;2675;4,85
155392;2667;4,65
155393;2679;4,95
155394;2652;4,27
155395;2672;4,78
155396;2624;3,56
155397;2656;4,37
155398;2672;4,78
155399;2653;4,30
155400;2655;4,35
155401;2628;3,66
155402;2659;4,45
155403;2675;4,85
155404;2661;4,50
155405;2678;4,93
155406;2675;4,85
155407;2685;5,11
155408;2677;4,90
155409;2618;3,41
155410;2622;3,51
155411;2670;4,73
155412;2626;3,61
155413;2671;4,75
155414;2633;3,79
155415;2667;4,65
155416;2674;4,83
155417;2657;4,40
155418;2647;4,14
155419;2653;4,30
155420;2665;4,60
155421;2642;4,02
155422;2621;3,49
155423;2615;3,34
155424;2650;4,22
155425;2618;3,41
155426;2647;4,14
155427;2647;4,14
155428;2660;4,47
155429;2614;3,31
155430;2612;3,26
155431;2640;3,97
155432;2613;3,28
155433;2653;4,30
155434;2611;3,23
155435;2658;4,42
155436;2621;3,49
155437;2651;4,25
155438;2633;3,79
155439;2654;4,32
155440;2645;4,09
155441;2608;3,16
155442;2622;3,51
155443;2653;4,30
155444;2647;4,14
155445;2608;3,16
155446;2651;4,25
155447;2656;4,37
155448;2613;3,28
155449;2609;3,18
155450;2640;3,97
155451;2602;3,01
155452;2640;3,97
155453;2657;4,40
155454;2623;3,54
155455;2654;4,32
155456;2640;3,97
155457;2640;3,97
155458;2659;4,45
155459;2621;3,49
155460;2640;3,97
155461;2640;3,97
155462;2636;3,87
155463;2647;4,14
155464;2642;4,02
155465;2651;4,25
155466;2609;3,18
155467;2641;3,99
155468;2611;3,23
155469;2650;4,22
155470;2672;4,78
155471;2614;3,31
155472;2619;3,44
155473;2655;4,35
155474;2653;4,30
155475;2614;3,31
155476;2642;4,02
155477;2667;4,65
155478;2622;3,51
155479;2614;3,31
155480;2617;3,39
155481;2624;3,56
155482;2619;3,44
155483;2619;3,44
155484;2619;3,44
155485;2672;4,78
155486;2673;4,80
155487;2646;4,12
155488;2622;3,51
155489;2661;4,50
155490;2672;4,78
155491;2618;3,41
155492;2620;3,46
155493;2661;4,50
155494;2619;3,44
155495;2647;4,14
155496;2654;4,32
155497;2645;4,09
155498;2613;3,28
155499;2675;4,85
155500;2645;4,09
155501;2615;3,34
155502;2620;3,46
155503;2654;4,32
155504;2623;3,54
155505;2619;3,44
155506;2621;3,49
155507;2656;4,37
155508;2611;3,23
155509;2659;4,45
155510;2609;3,18
155511;2663;4,55
155512;2651;4,25
155513;2657;4,40
155514;2621;3,49
155515;2619;3,44
155516;2623;3,54
155517;2672;4,78
155518;2637;3,89
155519;2626;3,61
155520;2625;3,59
155521;2663;4,55
155522;2645;4,09
155523;2626;3,61
155524;2628;3,66
155525;2624;3,56
155526;2659;4,45
155527;2669;4,70
155528;2665;4,60
155529;2672;4,78
155530;2625;3,59
155531;2626;3,61
155532;2623;3,54
155533;2626;3,61
155534;2672;4,78
155535;2630;3,71
155536;2634;3,82
155537;2627;3,64
155538;2637;3,89
155539;2671;4,75
155540;2632;3,77
155541;2666;4,63
155542;2661;4,50
155543;2637;3,89
155544;2631;3,74
155545;2633;3,79
155546;2635;3,84
155547;2661;4,50
155548;2631;3,74
155549;2657;4,40
155550;2625;3,59
155551;2659;4,45
155552;2670;4,73
155553;2679;4,95
155554;2656;4,37
155555;2627;3,64
155556;2655;4,35
155557;2631;3,74
155558;2637;3,89
155559;2657;4,40
155560;2634;3,82
155561;2670;4,73
155562;2624;3,56
155563;2678;4,93
155564;2624;3,56
155565;2678;4,93
155566;2645;4,09
155567;2662;4,52
155568;2624;3,56
155569;2659;4,45
155570;2628;3,66
155571;2619;3,44
155572;2621;3,49
155573;2665;4,60
155574;2672;4,78
155575;2671;4,75
155576;2667;4,65
155577;2621;3,49
155578;2667;4,65
155579;2662;4,52
155580;2622;3,51
155581;2626;3,61
155582;2647;4,14
155583;2663;4,55
155584;2614;3,31
155585;2627;3,64
155586;2653;4,30
155587;2615;3,34
155588;2635;3,84
155589;2657;4,40
155590;2641;3,99
155591;2614;3,31
155592;2643;4,04
155593;2662;4,52
155594;2618;3,41
155595;2622;3,51
155596;2619;3,44
155597;2639;3,94
155598;2610;3,21
155599;2601;2,98
155600;2614;3,31
155601;2651;4,25
155602;2639;3,94
155603;2655;4,35
155604;2618;3,41
155605;2614;3,31
155606;2609;3,18
155607;2617;3,39
155608;2623;3,54
155609;2615;3,34
155610;2615;3,34
155611;2644;4,07
155612;2656;4,37
155613;2651;4,25
155614;2619;3,44
155615;2674;4,83
155616;2622;3,51
155617;2655;4,35
155618;2621;3,49
155619;2622;3,51
155620;2665;4,60
155621;2650;4,22
155622;2624;3,56
155623;2663;4,55
155624;2610;3,21
155625;2615;3,34
155626;2657;4,40
155627;2662;4,52
155628;2655;4,35
155629;2671;4,75
155630;2627;3,64
155631;2671;4,75
155632;2614;3,31
155633;2683;5,06
155634;2623;3,54
155635;2674;4,83
155636;2619;3,44
155637;2612;3,26
155638;2629;3,69
155639;2660;4,47
155640;2661;4,50
155641;2618;3,41
155642;2609;3,18
155643;2669;4,70
155644;2608;3,16
155645;2642;4,02
155646;2608;3,16
155647;2646;4,12
155648;2649;4,20
155649;2669;4,70
155650;2605;3,08
155651;2661;4,50
155652;2608;3,16
155653;2611;3,23
155654;2611;3,23
155655;2645;4,09
155656;2642;4,02
155657;2609;3,18
155658;2609;3,18
155659;2609;3,18
155660;2612;3,26
155661;2606;3,11
155662;2606;3,11
155663;2607;3,13
155664;2624;3,56
155665;2656;4,37
155666;2608;3,16
155667;2621;3,49
155668;2639;3,94
155669;2639;3,94
155670;2613;3,28
155671;2641;3,99
155672;2606;3,11
155673;2607;3,13
155674;2599;2,93
155675;2658;4,42
155676;2640;3,97
155677;2610;3,21
155678;2602;3,01
155679;2655;4,35
155680;2638;3,92
155681;2635;3,84
155682;2629;3,69
155683;2603;3,03
155684;2597;2,88
155685;2643;4,04
155686;2606;3,11
155687;2640;3,97
155688;2641;3,99
155689;2604;3,06
155690;2603;3,03
155691;2656;4,37
155692;2598;2,90
155693;2599;2,93
155694;2639;3,94
155695;2645;4,09
155696;2640;3,97
155697;2635;3,84
155698;2647;4,14
155699;2599;2,93
155700;2655;4,35
155701;2598;2,90
155702;2621;3,49
155703;2602;3,01
155704;2644;4,07
155705;2651;4,25
155706;2654;4,32
155707;2592;2,75
155708;2587;2,63
155709;2594;2,80
155710;2590;2,70
155711;2640;3,97
155712;2597;2,88
155713;2657;4,40
155714;2661;4,50
155715;2596;2,85
155716;2597;2,88
155717;2595;2,83
155718;2595;2,83
155719;2640;3,97
155720;2608;3,16
155721;2598;2,90
155722;2593;2,78
155723;2646;4,12
155724;2607;3,13
155725;2645;4,09
155726;2651;4,25
155727;2635;3,84
155728;2607;3,13
155729;2590;2,70
155730;2593;2,78
155731;2624;3,56
155732;2599;2,93
155733;2607;3,13
155734;2649;4,20
155735;2624;3,56
155736;2588;2,65
155737;2623;3,54
155738;2633;3,79
155739;2593;2,78
155740;2583;2,53
155741;2593;2,78
155742;2559;1,92
155743;2618;3,41
155744;2590;2,70
155745;2640;3,97
155746;2628;3,66
155747;2659;4,45
155748;2582;2,50
155749;2630;3,71
155750;2583;2,53
155751;2588;2,65
155752;2586;2,60
155753;2590;2,70
155754;2624;3,56
155755;2581;2,47
155756;2582;2,50
155757;2603;3,03
155758;2586;2,60
155759;2581;2,47
155760;2603;3,03
155761;2607;3,13
155762;2643;4,04
155763;2593;2,78
155764;2631;3,74
155765;2601;2,98
155766;2594;2,80
155767;2594;2,80
155768;2590;2,70
155769;2597;2,88
155770;2588;2,65
155771;2619;3,44
155772;2594;2,80
155773;2620;3,46
155774;2599;2,93
155775;2595;2,83
155776;2590;2,70
155777;2613;3,28
155778;2598;2,90
155779;2597;2,88
155780;2593;2,78
155781;2609;3,18
155782;2606;3,11
155783;2640;3,97
155784;2599;2,93
155785;2595;2,83
155786;2617;3,39
155787;2611;3,23
155788;2595;2,83
155789;2642;4,02
155790;2602;3,01
155791;2601;2,98
155792;2597;2,88
155793;2604;3,06
155794;2598;2,90
155795;2609;3,18
155796;2592;2,75
155797;2604;3,06
155798;2606;3,11
155799;2655;4,35
155800;2595;2,83
155801;2621;3,49
155802;2655;4,35
155803;2637;3,89
155804;2662;4,52
155805;2635;3,84
155806;2641;3,99
155807;2657;4,40
155808;2593;2,78
155809;2587;2,63
155810;2589;2,68
155811;2624;3,56
155812;2596;2,85
155813;2623;3,54
155814;2637;3,89
155815;2637;3,89
155816;2590;2,70
155817;2626;3,61
155818;2629;3,69
155819;2583;2,53
155820;2559;1,92
155821;2635;3,84
155822;2660;4,47
155823;2626;3,61
155824;2589;2,68
155825;2595;2,83
155826;2587;2,63
155827;2589;2,68
155828;2633;3,79
155829;2615;3,34
155830;2592;2,75
155831;2640;3,97
155832;2594;2,80
155833;2585;2,58
155834;2641;3,99
155835;2635;3,84
155836;2635;3,84
155837;2591;2,73
155838;2633;3,79
155839;2591;2,73
155840;2592;2,75
155841;2657;4,40
155842;2594;2,80
155843;2592;2,75
155844;2583;2,53
155845;2653;4,30
155846;2594;2,80
155847;2603;3,03
155848;2603;3,03
155849;2650;4,22
155850;2633;3,79
155851;2641;3,99
155852;2645;4,09
155853;2602;3,01
155854;2602;3,01
155855;2643;4,04
155856;2607;3,13
155857;2603;3,03
155858;2644;4,07
155859;2609;3,18
155860;2607;3,13
155861;2605;3,08
155862;2605;3,08
155863;2609;3,18
155864;2602;3,01
155865;2671;4,75
155866;2603;3,03
155867;2608;3,16
155868;2603;3,03
155869;2640;3,97
155870;2608;3,16
155871;2652;4,27
155872;2608;3,16
155873;2608;3,16
155874;2646;4,12
155875;2610;3,21
155876;2608;3,16
155877;2643;4,04
155878;2614;3,31
155879;2666;4,63
155880;2602;3,01
155881;2608;3,16
155882;2643;4,04
155883;2658;4,42
155884;2621;3,49
155885;2645;4,09
155886;2611;3,23
155887;2664;4,57
155888;2654;4,32
155889;2609;3,18
155890;2652;4,27
155891;2662;4,52
155892;2640;3,97
155893;2601;2,98
155894;2602;3,01
155895;2608;3,16
155896;2606;3,11
155897;2607;3,13
155898;2667;4,65
155899;2635;3,84
155900;2672;4,78
155901;2599;2,93
155902;2646;4,12
155903;2653;4,30
155904;2674;4,83
155905;2604;3,06
155906;2638;3,92
155907;2595;2,83
155908;2604;3,06
155909;2646;4,12
155910;2660;4,47
155911;2669;4,70
155912;2625;3,59
155913;2665;4,60
155914;2646;4,12
155915;2607;3,13
155916;2657;4,40
155917;2596;2,85
155918;2656;4,37
155919;2598;2,90
155920;2650;4,22
155921;2599;2,93
155922;2597;2,88
155923;2589;2,68
155924;2599;2,93
155925;2659;4,45
155926;2631;3,74
155927;2598;2,90
155928;2634;3,82
155929;2603;3,03
155930;2591;2,73
155931;2624;3,56
155932;2650;4,22
155933;2645;4,09
155934;2644;4,07
155935;2597;2,88
155936;2608;3,16
155937;2603;3,03
155938;2634;3,82
155939;2606;3,11
155940;2644;4,07
155941;2657;4,40
155942;2651;4,25
155943;2653;4,30
155944;2607;3,13
155945;2647;4,14
155946;2646;4,12
155947;2644;4,07
155948;2651;4,25
155949;2675;4,85
155950;2666;4,63
155951;2605;3,08
155952;2656;4,37
155953;2608;3,16
155954;2623;3,54
155955;2657;4,40
155956;2640;3,97
155957;2603;3,03
155958;2640;3,97
155959;2673;4,80
155960;2666;4,63
155961;2651;4,25
155962;2608;3,16
155963;2646;4,12
155964;2687;5,16
155965;2638;3,92
155966;2599;2,93
155967;2608;3,16
155968;2661;4,50
155969;2607;3,13
155970;2673;4,80
155971;2653;4,30
155972;2659;4,45
155973;2649;4,20
155974;2661;4,50
155975;2598;2,90
155976;2678;4,93
155977;2653;4,30
155978;2625;3,59
155979;2674;4,83
155980;2643;4,04
155981;2640;3,97
155982;2608;3,16
155983;2606;3,11
155984;2651;4,25
155985;2631;3,74
155986;2671;4,75
155987;2608;3,16
155988;2640;3,97
155989;2655;4,35
155990;2650;4,22
155991;2657;4,40
155992;2650;4,22
155993;2630;3,71
155994;2640;3,97
155995;2605;3,08
155996;2672;4,78
155997;2656;4,37
155998;2627;3,64
155999;2599;2,93
156000;2643;4,04
156001;2655;4,35
156002;2635;3,84
156003;2634;3,82
156004;2593;2,78
156005;2638;3,92
156006;2609;3,18
156007;2587;2,63
156008;2624;3,56
156009;2655;4,35
156010;2658;4,42
156011;2640;3,97
156012;2642;4,02
156013;2634;3,82
156014;2586;2,60
156015;2623;3,54
156016;2623;3,54
156017;2618;3,41
156018;2582;2,50
156019;2590;2,70
156020;2645;4,09
156021;2629;3,69
156022;2634;3,82
156023;2589;2,68
156024;2626;3,61
156025;2655;4,35
156026;2597;2,88
156027;2591;2,73
156028;2619;3,44
156029;2651;4,25
156030;2649;4,20
156031;2596;2,85
156032;2594;2,80
156033;2594;2,80
156034;2654;4,32
156035;2597;2,88
156036;2643;4,04
156037;2629;3,69
156038;2656;4,37
156039;2641;3,99
156040;2677;4,90
156041;2634;3,82
156042;2657;4,40
156043;2645;4,09
156044;2636;3,87
156045;2605;3,08
156046;2670;4,73
156047;2631;3,74
156048;2670;4,73
156049;2604;3,06
156050;2671;4,75
156051;2609;3,18
156052;2657;4,40
156053;2685;5,11
156054;2669;4,70
156055;2655;4,35
156056;2655;4,35
156057;2609;3,18
156058;2655;4,35
156059;2608;3,16
156060;2667;4,65
156061;2662;4,52
156062;2654;4,32
156063;2688;5,18
156064;2651;4,25
156065;2679;4,95
156066;2619;3,44
156067;2661;4,50
156068;2645;4,09
156069;2614;3,31
156070;2619;3,44
156071;2607;3,13
156072;2659;4,45
156073;2613;3,28
156074;2639;3,94
156075;2611;3,23
156076;2655;4,35
156077;2673;4,80
156078;2651;4,25
156079;2655;4,35
156080;2679;4,95
156081;2605;3,08
156082;2659;4,45
156083;2599;2,93
156084;2640;3,97
156085;2643;4,04
156086;2640;3,97
156087;2656;4,37
156088;2670;4,73
156089;2599;2,93
156090;2644;4,07
156091;2645;4,09
156092;2662;4,52
156093;2631;3,74
156094;2643;4,04
156095;2603;3,03
156096;2651;4,25
156097;2666;4,63
156098;2663;4,55
156099;2588;2,65
156100;2646;4,12
156101;2583;2,53
156102;2629;3,69
156103;2640;3,97
156104;2631;3,74
156105;2586;2,60
156106;2635;3,84
156107;2591;2,73
156108;2590;2,70
156109;2596;2,85
156110;2622;3,51
156111;2591;2,73
156112;2631;3,74
156113;2629;3,69
156114;2624;3,56
156115;2642;4,02
156116;2643;4,04
156117;2589;2,68
156118;2638;3,92
156119;2639;3,94
156120;2640;3,97
156121;2642;4,02
156122;2628;3,66
156123;2642;4,02
156124;2642;4,02
156125;2603;3,03
156126;2637;3,89
156127;2639;3,94
156128;2643;4,04
156129;2640;3,97
156130;2631;3,74
156131;2592;2,75
156132;2595;2,83
156133;2633;3,79
156134;2653;4,30
156135;2603;3,03
156136;2645;4,09
156137;2655;4,35
156138;2641;3,99
156139;2642;4,02
156140;2634;3,82
156141;2611;3,23
156142;2644;4,07
156143;2617;3,39
156144;2656;4,37
156145;2671;4,75
156146;2618;3,41
156147;2657;4,40
156148;2661;4,50
156149;2678;4,93
156150;2687;5,16
156151;2627;3,64
156152;2671;4,75
156153;2624;3,56
156154;2672;4,78
156155;2627;3,64
156156;2672;4,78
156157;2629;3,69
156158;2625;3,59
156159;2636;3,87
156160;2671;4,75
156161;2624;3,56
156162;2623;3,54
156163;2675;4,85
156164;2685;5,11
156165;2674;4,83
156166;2693;5,31
156167;2676;4,88
156168;2663;4,55
156169;2659;4,45
156170;2672;4,78
156171;2660;4,47
156172;2672;4,78
156173;2661;4,50
156174;2656;4,37
156175;2615;3,34
156176;2665;4,60
156177;2658;4,42
156178;2659;4,45
156179;2672;4,78
156180;2656;4,37
156181;2608;3,16
156182;2647;4,14
156183;2608;3,16
156184;2611;3,23
156185;2657;4,40
156186;2667;4,65
156187;2640;3,97
156188;2647;4,14
156189;2643;4,04
156190;2635;3,84
156191;2608;3,16
156192;2653;4,30
156193;2598;2,90
156194;2655;4,35
156195;2652;4,27
156196;2658;4,42
156197;2608;3,16
156198;2640;3,97
156199;2657;4,40
156200;2642;4,02
156201;2650;4,22
156202;2605;3,08
156203;2610;3,21
156204;2650;4,22
156205;2640;3,97
156206;2615;3,34
156207;2658;4,42
156208;2662;4,52
156209;2640;3,97
156210;2611;3,23
156211;2611;3,23
156212;2661;4,50
156213;2672;4,78
156214;2615;3,34
156215;2613;3,28
156216;2640;3,97
156217;2657;4,40
156218;2613;3,28
156219;2621;3,49
156220;2652;4,27
156221;2656;4,37
156222;2691;5,26
156223;2624;3,56
156224;2655;4,35
156225;2659;4,45
156226;2615;3,34
156227;2675;4,85
156228;2614;3,31
156229;2655;4,35
156230;2615;3,34
156231;2624;3,56
156232;2643;4,04
156233;2617;3,39
156234;2661;4,50
156235;2652;4,27
156236;2665;4,60
156237;2615;3,34
156238;2673;4,80
156239;2651;4,25
156240;2641;3,99
156241;2610;3,21
156242;2674;4,83
156243;2659;4,45
156244;2677;4,90
156245;2608;3,16
156246;2652;4,27
156247;2656;4,37
156248;2641;3,99
156249;2657;4,40
156250;2609;3,18
156251;2604;3,06
156252;2643;4,04
156253;2608;3,16
156254;2659;4,45
156255;2606;3,11
156256;2649;4,20
156257;2656;4,37
156258;2653;4,30
156259;2603;3,03
156260;2645;4,09
156261;2626;3,61
156262;2656;4,37
156263;2672;4,78
156264;2649;4,20
156265;2641;3,99
156266;2657;4,40
156267;2610;3,21
156268;2649;4,20
156269;2651;4,25
156270;2643;4,04
156271;2614;3,31
156272;2678;4,93
156273;2655;4,35
156274;2671;4,75
156275;2671;4,75
156276;2618;3,41
156277;2679;4,95
156278;2628;3,66
156279;2688;5,18
156280;2663;4,55
156281;2667;4,65
156282;2675;4,85
156283;2624;3,56
156284;2672;4,78
156285;2672;4,78
156286;2669;4,70
156287;2624;3,56
156288;2688;5,18
156289;2619;3,44
156290;2666;4,63
156291;2672;4,78
156292;2659;4,45
156293;2660;4,47
156294;2672;4,78
156295;2672;4,78
156296;2678;4,93
156297;2659;4,45
156298;2617;3,39
156299;2659;4,45
156300;2651;4,25
156301;2617;3,39
156302;2663;4,55
156303;2652;4,27
156304;2652;4,27
156305;2653;4,30
156306;2683;5,06
156307;2649;4,20
156308;2672;4,78
156309;2670;4,73
156310;2641;3,99
156311;2649;4,20
156312;2647;4,14
156313;2610;3,21
156314;2607;3,13
156315;2633;3,79
156316;2669;4,70
156317;2653;4,30
156318;2627;3,64
156319;2669;4,70
156320;2597;2,88
156321;2646;4,12
156322;2642;4,02
156323;2643;4,04
156324;2665;4,60
156325;2605;3,08
156326;2640;3,97
156327;2608;3,16
156328;2660;4,47
156329;2650;4,22
156330;2655;4,35
156331;2599;2,93
156332;2646;4,12
156333;2643;4,04
156334;2605;3,08
156335;2608;3,16
156336;2635;3,84
156337;2608;3,16
156338;2607;3,13
156339;2660;4,47
156340;2671;4,75
156341;2643;4,04
156342;2634;3,82
156343;2608;3,16
156344;2657;4,40
156345;2624;3,56
156346;2656;4,37
156347;2608;3,16
156348;2656;4,37
156349;2653;4,30
156350;2673;4,80
156351;2657;4,40
156352;2650;4,22
156353;2656;4,37
156354;2669;4,70
156355;2665;4,60
156356;2662;4,52
156357;2672;4,78
156358;2651;4,25
156359;2672;4,78
156360;2675;4,85
156361;2671;4,75
156362;2651;4,25
156363;2623;3,54
156364;2672;4,78
156365;2674;4,83
156366;2687;5,16
156367;2624;3,56
156368;2686;5,13
156369;2687;5,16
156370;2641;3,99
156371;2666;4,63
156372;2659;4,45
156373;2687;5,16
156374;2658;4,42
156375;2629;3,69
156376;2661;4,50
156377;2677;4,90
156378;2699;5,46
156379;2671;4,75
156380;2658;4,42
156381;2621;3,49
156382;2623;3,54
156383;2672;4,78
156384;2662;4,52
156385;2618;3,41
156386;2667;4,65
156387;2653;4,30
156388;2658;4,42
156389;2608;3,16
156390;2613;3,28
156391;2607;3,13
156392;2612;3,26
156393;2655;4,35
156394;2625;3,59
156395;2648;4,17
156396;2646;4,12
156397;2599;2,93
156398;2601;2,98
156399;2597;2,88
156400;2641;3,99
156401;2599;2,93
156402;2590;2,70
156403;2593;2,78
156404;2640;3,97
156405;2640;3,97
156406;2586;2,60
156407;2607;3,13
156408;2626;3,61
156409;2617;3,39
156410;2601;2,98
156411;2628;3,66
156412;2612;3,26
156413;2613;3,28
156414;2586;2,60
156415;2596;2,85
156416;2634;3,82
156417;2640;3,97
156418;2590;2,70
156419;2637;3,89
156420;2652;4,27
156421;2642;4,02
156422;2633;3,79
156423;2633;3,79
156424;2640;3,97
156425;2651;4,25
156426;2631;3,74
156427;2659;4,45
156428;2640;3,97
156429;2624;3,56
156430;2625;3,59
156431;2629;3,69
156432;2618;3,41
156433;2623;3,54
156434;2681;5,01
156435;2659;4,45
156436;2651;4,25
156437;2672;4,78
156438;2637;3,89
156439;2629;3,69
156440;2629;3,69
156441;2677;4,90
156442;2635;3,84
156443;2682;5,03
156444;2640;3,97
156445;2694;5,33
156446;2675;4,85
156447;2634;3,82
156448;2655;4,35
156449;2638;3,92
156450;2634;3,82
156451;2621;3,49
156452;2645;4,09
156453;2668;4,68
156454;2611;3,23
156455;2666;4,63
156456;2608;3,16
156457;2667;4,65
156458;2665;4,60
156459;2663;4,55
156460;2647;4,14
156461;2644;4,07
156462;2629;3,69
156463;2603;3,03
156464;2629;3,69
156465;2645;4,09
156466;2640;3,97
156467;2635;3,84
156468;2599;2,93
156469;2591;2,73
156470;2640;3,97
156471;2592;2,75
156472;2625;3,59
156473;2589;2,68
156474;2586;2,60
156475;2635;3,84
156476;2587;2,63
156477;2624;3,56
156478;2648;4,17
156479;2635;3,84
156480;2647;4,14
156481;2634;3,82
156482;2589;2,68
156483;2589;2,68
156484;2594;2,80
156485;2607;3,13
156486;2595;2,83
156487;2624;3,56
156488;2608;3,16
156489;2639;3,94
156490;2637;3,89
156491;2655;4,35
156492;2647;4,14
156493;2608;3,16
156494;2646;4,12
156495;2662;4,52
156496;2614;3,31
156497;2653;4,30
156498;2666;4,63
156499;2654;4,32
156500;2618;3,41
156501;2631;3,74
156502;2626;3,61
156503;2692;5,28
156504;2633;3,79
156505;2624;3,56
156506;2672;4,78
156507;2629;3,69
156508;2663;4,55
156509;2686;5,13
156510;2628;3,66
156511;2668;4,68
156512;2677;4,90
156513;2624;3,56
156514;2671;4,75
156515;2672;4,78
156516;2655;4,35
156517;2620;3,46
156518;2672;4,78
156519;2618;3,41
156520;2662;4,52
156521;2668;4,68
156522;2677;4,90
156523;2666;4,63
156524;2689;5,21
156525;2610;3,21
156526;2685;5,11
156527;2627;3,64
156528;2643;4,04
156529;2635;3,84
156530;2637;3,89
156531;2647;4,14
156532;2603;3,03
156533;2656;4,37
156534;2647;4,14
156535;2602;3,01
156536;2618;3,41
156537;2586;2,60
156538;2643;4,04
156539;2649;4,20
156540;2641;3,99
156541;2640;3,97
156542;2597;2,88
156543;2590;2,70
156544;2589;2,68
156545;2646;4,12
156546;2640;3,97
156547;2591;2,73
156548;2637;3,89
156549;2640;3,97
156550;2592;2,75
156551;2656;4,37
156552;2622;3,51
156553;2640;3,97
156554;2596;2,85
156555;2591;2,73
156556;2661;4,50
156557;2608;3,16
156558;2594;2,80
156559;2608;3,16
156560;2651;4,25
156561;2610;3,21
156562;2646;4,12
156563;2609;3,18
156564;2615;3,34
156565;2662;4,52
156566;2657;4,40
156567;2623;3,54
156568;2623;3,54
156569;2623;3,54
156570;2675;4,85
156571;2683;5,06
156572;2666;4,63
156573;2644;4,07
156574;2665;4,60
156575;2672;4,78
156576;2663;4,55
156577;2626;3,61
156578;2625;3,59
156579;2663;4,55
156580;2629;3,69
156581;2674;4,83
156582;2687;5,16
156583;2656;4,37
156584;2695;5,36
156585;2659;4,45
156586;2635;3,84
156587;2642;4,02
156588;2624;3,56
156589;2657;4,40
156590;2627;3,64
156591;2671;4,75
156592;2666;4,63
156593;2653;4,30
156594;2640;3,97
156595;2654;4,32
156596;2620;3,46
156597;2655;4,35
156598;2635;3,84
156599;2608;3,16
156600;2611;3,23
156601;2614;3,31
156602;2670;4,73
156603;2638;3,92
156604;2640;3,97
156605;2607;3,13
156606;2651;4,25
156607;2624;3,56
156608;2608;3,16
156609;2611;3,23
156610;2618;3,41
156611;2657;4,40
156612;2635;3,84
156613;2613;3,28
156614;2642;4,02
156615;2633;3,79
156616;2604;3,06
156617;2634;3,82
156618;2641;3,99
156619;2642;4,02
156620;2602;3,01
156621;2611;3,23
156622;2661;4,50
156623;2646;4,12
156624;2608;3,16
156625;2640;3,97
156626;2609;3,18
156627;2620;3,46
156628;2649;4,20
156629;2645;4,09
156630;2611;3,23
156631;2643;4,04
156632;2672;4,78
156633;2646;4,12
156634;2675;4,85
156635;2612;3,26
156636;2653;4,30
156637;2617;3,39
156638;2670;4,73
156639;2614;3,31
156640;2649;4,20
156641;2620;3,46
156642;2642;4,02
156643;2655;4,35
156644;2654;4,32
156645;2645;4,09
156646;2656;4,37
156647;2644;4,07
156648;2672;4,78
156649;2626;3,61
156650;2657;4,40
156651;2656;4,37
156652;2669;4,70
156653;2629;3,69
156654;2615;3,34
156655;2627;3,64
156656;2623;3,54
156657;2624;3,56
156658;2655;4,35
156659;2618;3,41
156660;2645;4,09
156661;2645;4,09
156662;2671;4,75
156663;2618;3,41
156664;2667;4,65
156665;2619;3,44
156666;2671;4,75
156667;2663;4,55
156668;2661;4,50
156669;2624;3,56
156670;2611;3,23
156671;2640;3,97
156672;2667;4,65
156673;2674;4,83
156674;2643;4,04
156675;2667;4,65
156676;2656;4,37
156677;2661;4,50
156678;2670;4,73
156679;2671;4,75
156680;2645;4,09
156681;2679;4,95
156682;2608;3,16
156683;2618;3,41
156684;2645;4,09
156685;2640;3,97
156686;2659;4,45
156687;2610;3,21
156688;2662;4,52
156689;2609;3,18
156690;2603;3,03
156691;2609;3,18
156692;2642;4,02
156693;2647;4,14
156694;2631;3,74
156695;2633;3,79
156696;2613;3,28
156697;2674;4,83
156698;2602;3,01
156699;2660;4,47
156700;2656;4,37
156701;2603;3,03
156702;2608;3,16
156703;2615;3,34
156704;2608;3,16
156705;2626;3,61
156706;2631;3,74
156707;2622;3,51
156708;2606;3,11
156709;2667;4,65
156710;2623;3,54
156711;2624;3,56
156712;2641;3,99
156713;2657;4,40
156714;2617;3,39
156715;2619;3,44
156716;2661;4,50
156717;2659;4,45
156718;2617;3,39
156719;2640;3,97
156720;2660;4,47
156721;2649;4,20
156722;2673;4,80
156723;2639;3,94
156724;2629;3,69
156725;2647;4,14
156726;2625;3,59
156727;2689;5,21
156728;2687;5,16
156729;2626;3,61
156730;2685;5,11
156731;2685;5,11
156732;2627;3,64
156733;2673;4,80
156734;2688;5,18
156735;2659;4,45
156736;2629;3,69
156737;2623;3,54
156738;2670;4,73
156739;2641;3,99
156740;2686;5,13
156741;2683;5,06
156742;2654;4,32
156743;2679;4,95
156744;2673;4,80
156745;2656;4,37
156746;2617;3,39
156747;2679;4,95
156748;2625;3,59
156749;2613;3,28
156750;2677;4,90
156751;2653;4,30
156752;2609;3,18
156753;2673;4,80
156754;2623;3,54
156755;2662;4,52
156756;2613;3,28
156757;2662;4,52
156758;2656;4,37
156759;2630;3,71
156760;2665;4,60
156761;2610;3,21
156762;2620;3,46
156763;2608;3,16
156764;2608;3,16
156765;2608;3,16
156766;2656;4,37
156767;2611;3,23
156768;2608;3,16
156769;2615;3,34
156770;2647;4,14
156771;2606;3,11
156772;2611;3,23
156773;2609;3,18
156774;2662;4,52
156775;2610;3,21
156776;2611;3,23
156777;2618;3,41
156778;2617;3,39
156779;2626;3,61
156780;2663;4,55
156781;2617;3,39
156782;2633;3,79
156783;2627;3,64
156784;2641;3,99
156785;2631;3,74
156786;2642;4,02
156787;2625;3,59
156788;2635;3,84
156789;2636;3,87
156790;2671;4,75
156791;2625;3,59
156792;2679;4,95
156793;2637;3,89
156794;2687;5,16
156795;2633;3,79
156796;2685;5,11
156797;2631;3,74
156798;2687;5,16
156799;2646;4,12
156800;2690;5,23
156801;2654;4,32
156802;2687;5,16
156803;2638;3,92
156804;2638;3,92
156805;2635;3,84
156806;2671;4,75
156807;2630;3,71
156808;2679;4,95
156809;2633;3,79
156810;2677;4,90
156811;2627;3,64
156812;2625;3,59
156813;2633;3,79
156814;2667;4,65
156815;2631;3,74
156816;2672;4,78
156817;2624;3,56
156818;2681;5,01
156819;2622;3,51
156820;2661;4,50
156821;2618;3,41
156822;2654;4,32
156823;2619;3,44
156824;2619;3,44
156825;2615;3,34
156826;2647;4,14
156827;2615;3,34
156828;2618;3,41
156829;2619;3,44
156830;2610;3,21
156831;2608;3,16
156832;2669;4,70
156833;2605;3,08
156834;2656;4,37
156835;2609;3,18
156836;2611;3,23
156837;2605;3,08
156838;2662;4,52
156839;2617;3,39
156840;2613;3,28
156841;2621;3,49
156842;2640;3,97
156843;2610;3,21
156844;2643;4,04
156845;2609;3,18
156846;2615;3,34
156847;2625;3,59
156848;2615;3,34
156849;2611;3,23
156850;2640;3,97
156851;2631;3,74
156852;2657;4,40
156853;2624;3,56
156854;2624;3,56
156855;2618;3,41
156856;2644;4,07
156857;2624;3,56
156858;2622;3,51
156859;2624;3,56
156860;2678;4,93
156861;2640;3,97
156862;2630;3,71
156863;2637;3,89
156864;2678;4,93
156865;2640;3,97
156866;2676;4,88
156867;2634;3,82
156868;2637;3,89
156869;2661;4,50
156870;2639;3,94
156871;2635;3,84
156872;2697;5,41
156873;2642;4,02
156874;2624;3,56
156875;2624;3,56
156876;2687;5,16
156877;2630;3,71
156878;2644;4,07
156879;2624;3,56
156880;2624;3,56
156881;2630;3,71
156882;2655;4,35
156883;2620;3,46
156884;2645;4,09
156885;2614;3,31
156886;2624;3,56
156887;2613;3,28
156888;2620;3,46
156889;2611;3,23
156890;2624;3,56
156891;2609;3,18
156892;2608;3,16
156893;2615;3,34
156894;2642;4,02
156895;2611;3,23
156896;2656;4,37
156897;2608;3,16
156898;2657;4,40
156899;2613;3,28
156900;2603;3,03
156901;2608;3,16
156902;2649;4,20
156903;2617;3,39
156904;2666;4,63
156905;2614;3,31
156906;2635;3,84
156907;2613;3,28
156908;2672;4,78
156909;2606;3,11
156910;2609;3,18
156911;2618;3,41
156912;2617;3,39
156913;2619;3,44
156914;2632;3,77
156915;2615;3,34
156916;2608;3,16
156917;2608;3,16
156918;2671;4,75
156919;2609;3,18
156920;2592;2,75
156921;2618;3,41
156922;2635;3,84
156923;2623;3,54
156924;2652;4,27
156925;2619;3,44
156926;2621;3,49
156927;2619;3,44
156928;2685;5,11
156929;2635;3,84
156930;2630;3,71
156931;2631;3,74
156932;2675;4,85
156933;2628;3,66
156934;2619;3,44
156935;2639;3,94
156936;2661;4,50
156937;2640;3,97
156938;2629;3,69
156939;2637;3,89
156940;2684;5,08
156941;2640;3,97
156942;2704;5,59
156943;2641;3,99
156944;2658;4,42
156945;2644;4,07
156946;2672;4,78
156947;2659;4,45
156948;2635;3,84
156949;2640;3,97
156950;2640;3,97
156951;2666;4,63
156952;2682;5,03
156953;2641;3,99
156954;2655;4,35
156955;2625;3,59
156956;2658;4,42
156957;2624;3,56
156958;2668;4,68
156959;2623;3,54
156960;2647;4,14
156961;2640;3,97
156962;2622;3,51
156963;2618;3,41
156964;2633;3,79
156965;2627;3,64
156966;2640;3,97
156967;2624;3,56
156968;2634;3,82
156969;2609;3,18
156970;2625;3,59
156971;2616;3,36
156972;2617;3,39
156973;2615;3,34
156974;2615;3,34
156975;2616;3,36
156976;2614;3,31
156977;2609;3,18
156978;2647;4,14
156979;2607;3,13
156980;2608;3,16
156981;2608;3,16
156982;2629;3,69
156983;2624;3,56
156984;2630;3,71
156985;2614;3,31
156986;2622;3,51
156987;2615;3,34
156988;2673;4,80
156989;2624;3,56
156990;2672;4,78
156991;2611;3,23
156992;2643;4,04
156993;2614;3,31
156994;2610;3,21
156995;2615;3,34
156996;2623;3,54
156997;2609;3,18
156998;2613;3,28
156999;2620;3,46
157000;2608;3,16
157001;2615;3,34
157002;2639;3,94
157003;2627;3,64
157004;2671;4,75
157005;2615;3,34
157006;2628;3,66
157007;2623;3,54
157008;2619;3,44
157009;2621;3,49
157010;2668;4,68
157011;2619;3,44
157012;2611;3,23
157013;2618;3,41
157014;2653;4,30
157015;2629;3,69
157016;2653;4,30
157017;2619;3,44
157018;2609;3,18
157019;2617;3,39
157020;2626;3,61
157021;2622;3,51
157022;2643;4,04
157023;2627;3,64
157024;2629;3,69
157025;2626;3,61
157026;2618;3,41
157027;2623;3,54
157028;2665;4,60
157029;2621;3,49
157030;2650;4,22
157031;2624;3,56
157032;2657;4,40
157033;2614;3,31
157034;2614;3,31
157035;2640;3,97
157036;2619;3,44
157037;2619;3,44
157038;2603;3,03
157039;2625;3,59
157040;2618;3,41
157041;2617;3,39
157042;2638;3,92
157043;2623;3,54
157044;2639;3,94
157045;2625;3,59
157046;2642;4,02
157047;2623;3,54
157048;2624;3,56
157049;2624;3,56
157050;2615;3,34
157051;2608;3,16
157052;2647;4,14
157053;2620;3,46
157054;2678;4,93
157055;2614;3,31
157056;2621;3,49
157057;2623;3,54
157058;2614;3,31
157059;2619;3,44
157060;2613;3,28
157061;2617;3,39
157062;2676;4,88
157063;2623;3,54
157064;2645;4,09
157065;2620;3,46
157066;2639;3,94
157067;2638;3,92
157068;2615;3,34
157069;2624;3,56
157070;2654;4,32
157071;2619;3,44
157072;2643;4,04
157073;2615;3,34
157074;2652;4,27
157075;2622;3,51
157076;2625;3,59
157077;2623;3,54
157078;2608;3,16
157079;2618;3,41
157080;2669;4,70
157081;2639;3,94
157082;2667;4,65
157083;2624;3,56
157084;2619;3,44
157085;2621;3,49
157086;2614;3,31
157087;2617;3,39
157088;2613;3,28
157089;2618;3,41
157090;2683;5,06
157091;2627;3,64
157092;2622;3,51
157093;2632;3,77
157094;2610;3,21
157095;2631;3,74
157096;2654;4,32
157097;2629;3,69
157098;2608;3,16
157099;2608;3,16
157100;2678;4,93
157101;2610;3,21
157102;2613;3,28
157103;2617;3,39
157104;2673;4,80
157105;2608;3,16
157106;2667;4,65
157107;2621;3,49
157108;2663;4,55
157109;2630;3,71
157110;2634;3,82
157111;2621;3,49
157112;2623;3,54
157113;2619;3,44
157114;2618;3,41
157115;2624;3,56
157116;2620;3,46
157117;2631;3,74
157118;2618;3,41
157119;2623;3,54
157120;2679;4,95
157121;2630;3,71
157122;2623;3,54
157123;2627;3,64
157124;2656;4,37
157125;2625;3,59
157126;2619;3,44
157127;2623;3,54
157128;2635;3,84
157129;2647;4,14
157130;2673;4,80
157131;2625;3,59
157132;2674;4,83
157133;2633;3,79
157134;2623;3,54
157135;2634;3,82
157136;2640;3,97
157137;2623;3,54
157138;2664;4,57
157139;2625;3,59
157140;2619;3,44
157141;2624;3,56
157142;2615;3,34
157143;2631;3,74
157144;2622;3,51
157145;2615;3,34
157146;2656;4,37
157147;2619;3,44
157148;2624;3,56
157149;2634;3,82
157150;2606;3,11
157151;2629;3,69
157152;2672;4,78
157153;2612;3,26
157154;2666;4,63
157155;2611;3,23
157156;2608;3,16
157157;2624;3,56
157158;2610;3,21
157159;2601;2,98
157160;2661;4,50
157161;2612;3,26
157162;2606;3,11
157163;2602;3,01
157164;2662;4,52
157165;2612;3,26
157166;2600;2,96
157167;2622;3,51
157168;2602;3,01
157169;2624;3,56
157170;2626;3,61
157171;2635;3,84
157172;2603;3,03
157173;2608;3,16
157174;2607;3,13
157175;2616;3,36
157176;2651;4,25
157177;2623;3,54
157178;2645;4,09
157179;2608;3,16
157180;2646;4,12
157181;2621;3,49
157182;2617;3,39
157183;2621;3,49
157184;2609;3,18
157185;2619;3,44
157186;2610;3,21
157187;2615;3,34
157188;2609;3,18
157189;2624;3,56
157190;2617;3,39
157191;2624;3,56
157192;2611;3,23
157193;2615;3,34
157194;2619;3,44
157195;2626;3,61
157196;2663;4,55
157197;2627;3,64
157198;2640;3,97
157199;2624;3,56
157200;2622;3,51
157201;2634;3,82
157202;2624;3,56
157203;2623;3,54
157204;2629;3,69
157205;2643;4,04
157206;2627;3,64
157207;2622;3,51
157208;2683;5,06
157209;2629;3,69
157210;2661;4,50
157211;2628;3,66
157212;2619;3,44
157213;2618;3,41
157214;2613;3,28
157215;2622;3,51
157216;2666;4,63
157217;2619;3,44
157218;2624;3,56
157219;2624;3,56
157220;2637;3,89
157221;2619;3,44
157222;2662;4,52
157223;2614;3,31
157224;2614;3,31
157225;2614;3,31
157226;2608;3,16
157227;2608;3,16
157228;2627;3,64
157229;2629;3,69
157230;2658;4,42
157231;2619;3,44
157232;2644;4,07
157233;2599;2,93
157234;2642;4,02
157235;2609;3,18
157236;2603;3,03
157237;2605;3,08
157238;2619;3,44
157239;2626;3,61
157240;2608;3,16
157241;2605;3,08
157242;2609;3,18
157243;2611;3,23
157244;2602;3,01
157245;2608;3,16
157246;2655;4,35
157247;2610;3,21
157248;2592;2,75
157249;2624;3,56
157250;2615;3,34
157251;2608;3,16
157252;2639;3,94
157253;2606;3,11
157254;2642;4,02
157255;2633;3,79
157256;2611;3,23
157257;2620;3,46
157258;2611;3,23
157259;2617;3,39
157260;2677;4,90
157261;2624;3,56
157262;2623;3,54
157263;2618;3,41
157264;2640;3,97
157265;2626;3,61
157266;2621;3,49
157267;2634;3,82
157268;2640;3,97
157269;2624;3,56
157270;2623;3,54
157271;2643;4,04
157272;2640;3,97
157273;2640;3,97
157274;2625;3,59
157275;2635;3,84
157276;2631;3,74
157277;2635;3,84
157278;2691;5,26
157279;2635;3,84
157280;2672;4,78
157281;2636;3,87
157282;2647;4,14
157283;2645;4,09
157284;2655;4,35
157285;2654;4,32
157286;2626;3,61
157287;2629;3,69
157288;2672;4,78
157289;2623;3,54
157290;2623;3,54
157291;2639;3,94
157292;2619;3,44
157293;2626;3,61
157294;2625;3,59
157295;2637;3,89
157296;2624;3,56
157297;2620;3,46
157298;2618;3,41
157299;2623;3,54
157300;2621;3,49
157301;2634;3,82
157302;2663;4,55
157303;2637;3,89
157304;2667;4,65
157305;2639;3,94
157306;2630;3,71
157307;2641;3,99
157308;2620;3,46
157309;2622;3,51
157310;2609;3,18
157311;2621;3,49
157312;2660;4,47
157313;2615;3,34
157314;2659;4,45
157315;2630;3,71
157316;2608;3,16
157317;2610;3,21
157318;2655;4,35
157319;2615;3,34
157320;2675;4,85
157321;2606;3,11
157322;2609;3,18
157323;2621;3,49
157324;2605;3,08
157325;2613;3,28
157326;2635;3,84
157327;2625;3,59
157328;2606;3,11
157329;2626;3,61
157330;2640;3,97
157331;2633;3,79
157332;2615;3,34
157333;2623;3,54
157334;2613;3,28
157335;2624;3,56
157336;2659;4,45
157337;2623;3,54
157338;2614;3,31
157339;2615;3,34
157340;2615;3,34
157341;2622;3,51
157342;2645;4,09
157343;2627;3,64
157344;2615;3,34
157345;2644;4,07
157346;2641;3,99
157347;2640;3,97
157348;2633;3,79
157349;2626;3,61
157350;2624;3,56
157351;2622;3,51
157352;2643;4,04
157353;2631;3,74
157354;2623;3,54
157355;2621;3,49
157356;2645;4,09
157357;2624;3,56
157358;2639;3,94
157359;2624;3,56
157360;2645;4,09
157361;2640;3,97
157362;2618;3,41
157363;2619;3,44
157364;2608;3,16
157365;2626;3,61
157366;2615;3,34
157367;2623;3,54
157368;2623;3,54
157369;2641;3,99
157370;2647;4,14
157371;2610;3,21
157372;2659;4,45
157373;2615;3,34
157374;2615;3,34
157375;2615;3,34
157376;2639;3,94
157377;2628;3,66
157378;2611;3,23
157379;2615;3,34
157380;2679;4,95
157381;2622;3,51
157382;2624;3,56
157383;2635;3,84
157384;2608;3,16
157385;2618;3,41
157386;2656;4,37
157387;2618;3,41
157388;2611;3,23
157389;2617;3,39
157390;2644;4,07
157391;2615;3,34
157392;2623;3,54
157393;2619;3,44
157394;2650;4,22
157395;2617;3,39
157396;2608;3,16
157397;2613;3,28
157398;2621;3,49
157399;2608;3,16
157400;2643;4,04
157401;2635;3,84
157402;2642;4,02
157403;2619;3,44
157404;2694;5,33
157405;2634;3,82
157406;2611;3,23
157407;2626;3,61
157408;2619;3,44
157409;2625;3,59
157410;2618;3,41
157411;2618;3,41
157412;2621;3,49
157413;2617;3,39
157414;2646;4,12
157415;2610;3,21
157416;2642;4,02
157417;2617;3,39
157418;2653;4,30
157419;2620;3,46
157420;2663;4,55
157421;2621;3,49
157422;2608;3,16
157423;2615;3,34
157424;2637;3,89
157425;2642;4,02
157426;2670;4,73
157427;2607;3,13
157428;2608;3,16
157429;2617;3,39
157430;2609;3,18
157431;2618;3,41
157432;2618;3,41
157433;2626;3,61
157434;2611;3,23
157435;2609;3,18
157436;2630;3,71
157437;2611;3,23
157438;2617;3,39
157439;2635;3,84
157440;2637;3,89
157441;2623;3,54
157442;2605;3,08
157443;2615;3,34
157444;2638;3,92
157445;2614;3,31
157446;2613;3,28
157447;2608;3,16
157448;2614;3,31
157449;2614;3,31
157450;2621;3,49
157451;2608;3,16
157452;2608;3,16
157453;2677;4,90
157454;2669;4,70
157455;2625;3,59
157456;2661;4,50
157457;2640;3,97
157458;2609;3,18
157459;2622;3,51
157460;2608;3,16
157461;2640;3,97
157462;2659;4,45
157463;2626;3,61
157464;2609;3,18
157465;2610;3,21
157466;2608;3,16
157467;2633;3,79
157468;2605;3,08
157469;2610;3,21
157470;2614;3,31
157471;2615;3,34
157472;2654;4,32
157473;2620;3,46
157474;2621;3,49
157475;2611;3,23
157476;2651;4,25
157477;2628;3,66
157478;2608;3,16
157479;2633;3,79
157480;2611;3,23
157481;2630;3,71
157482;2608;3,16
157483;2620;3,46
157484;2625;3,59
157485;2610;3,21
157486;2629;3,69
157487;2639;3,94
157488;2623;3,54
157489;2639;3,94
157490;2631;3,74
157491;2624;3,56
157492;2608;3,16
157493;2635;3,84
157494;2608;3,16
157495;2617;3,39
157496;2612;3,26
157497;2635;3,84
157498;2609;3,18
157499;2608;3,16
157500;2605;3,08
157501;2640;3,97
157502;2604;3,06
157503;2602;3,01
157504;2608;3,16
157505;2610;3,21
157506;2608;3,16
157507;2611;3,23
157508;2610;3,21
157509;2630;3,71
157510;2614;3,31
157511;2611;3,23
157512;2605;3,08
157513;2606;3,11
157514;2607;3,13
157515;2617;3,39
157516;2659;4,45
157517;2633;3,79
157518;2655;4,35
157519;2613;3,28
157520;2599;2,93
157521;2608;3,16
157522;2650;4,22
157523;2621;3,49
157524;2607;3,13
157525;2608;3,16
157526;2641;3,99
157527;2623;3,54
157528;2624;3,56
157529;2608;3,16
157530;2606;3,11
157531;2602;3,01
157532;2640;3,97
157533;2610;3,21
157534;2613;3,28
157535;2638;3,92
157536;2608;3,16
157537;2621;3,49
157538;2612;3,26
157539;2624;3,56
157540;2610;3,21
157541;2624;3,56
157542;2606;3,11
157543;2618;3,41
157544;2628;3,66
157545;2640;3,97
157546;2608;3,16
157547;2609;3,18
157548;2613;3,28
157549;2615;3,34
157550;2640;3,97
157551;2634;3,82
157552;2635;3,84
157553;2614;3,31
157554;2610;3,21
157555;2639;3,94
157556;2630;3,71
157557;2639;3,94
157558;2609;3,18
157559;2611;3,23
157560;2667;4,65
157561;2658;4,42
157562;2613;3,28
157563;2610;3,21
157564;2607;3,13
157565;2608;3,16
157566;2608;3,16
157567;2623;3,54
157568;2605;3,08
157569;2608;3,16
157570;2605;3,08
157571;2607;3,13
157572;2608;3,16
157573;2613;3,28
157574;2607;3,13
157575;2607;3,13
157576;2624;3,56
157577;2640;3,97
157578;2603;3,03
157579;2618;3,41
157580;2615;3,34
157581;2612;3,26
157582;2619;3,44
157583;2614;3,31
157584;2640;3,97
157585;2617;3,39
157586;2615;3,34
157587;2624;3,56
157588;2611;3,23
157589;2631;3,74
157590;2608;3,16
157591;2619;3,44
157592;2611;3,23
157593;2615;3,34
157594;2611;3,23
157595;2618;3,41
157596;2595;2,83
157597;2608;3,16
157598;2658;4,42
157599;2621;3,49
157600;2621;3,49
157601;2618;3,41
157602;2608;3,16
157603;2638;3,92
157604;2617;3,39
157605;2619;3,44
157606;2618;3,41
157607;2627;3,64
157608;2608;3,16
157609;2615;3,34
157610;2623;3,54
157611;2631;3,74
157612;2635;3,84
157613;2624;3,56
157614;2613;3,28
157615;2621;3,49
157616;2615;3,34
157617;2623;3,54
157618;2660;4,47
157619;2617;3,39
157620;2610;3,21
157621;2623;3,54
157622;2614;3,31
157623;2640;3,97
157624;2657;4,40
157625;2625;3,59
157626;2590;2,70
157627;2619;3,44
157628;2615;3,34
157629;2625;3,59
157630;2614;3,31
157631;2608;3,16
157632;2601;2,98
157633;2667;4,65
157634;2630;3,71
157635;2618;3,41
157636;2611;3,23
157637;2615;3,34
157638;2639;3,94
157639;2630;3,71
157640;2624;3,56
157641;2626;3,61
157642;2615;3,34
157643;2623;3,54
157644;2593;2,78
157645;2624;3,56
157646;2624;3,56
157647;2623;3,54
157648;2624;3,56
157649;2625;3,59
157650;2619;3,44
157651;2640;3,97
157652;2640;3,97
157653;2628;3,66
157654;2630;3,71
157655;2642;4,02
157656;2651;4,25
157657;2628;3,66
157658;2657;4,40
157659;2635;3,84
157660;2630;3,71
157661;2630;3,71
157662;2633;3,79
157663;2661;4,50
157664;2635;3,84
157665;2643;4,04
157666;2666;4,63
157667;2687;5,16
157668;2640;3,97
157669;2637;3,89
157670;2675;4,85
157671;2633;3,79
157672;2631;3,74
157673;2634;3,82
157674;2624;3,56
157675;2639;3,94
157676;2627;3,64
157677;2637;3,89
157678;2651;4,25
157679;2640;3,97
157680;2695;5,36
157681;2640;3,97
157682;2672;4,78
157683;2640;3,97
157684;2661;4,50
157685;2666;4,63
157686;2670;4,73
157687;2640;3,97
157688;2635;3,84
157689;2642;4,02
157690;2652;4,27
157691;2641;3,99
157692;2665;4,60
157693;2639;3,94
157694;2688;5,18
157695;2643;4,04
157696;2644;4,07
157697;2640;3,97
157698;2626;3,61
157699;2643;4,04
157700;2639;3,94
157701;2645;4,09
157702;2642;4,02
157703;2650;4,22
157704;2639;3,94
157705;2641;3,99
157706;2643;4,04
157707;2647;4,14
157708;2653;4,30
157709;2657;4,40
157710;2649;4,20
157711;2657;4,40
157712;2645;4,09
157713;2657;4,40
157714;2683;5,06
157715;2656;4,37
157716;2700;5,49
157717;2660;4,47
157718;2671;4,75
157719;2670;4,73
157720;2657;4,40
157721;2683;5,06
157722;2663;4,55
157723;2678;4,93
157724;2666;4,63
157725;2684;5,08
157726;2682;5,03
157727;2688;5,18
157728;2669;4,70
157729;2685;5,11
157730;2703;5,56
157731;2673;4,80
157732;2687;5,16
157733;2672;4,78
157734;2672;4,78
157735;2673;4,80
157736;2677;4,90
157737;2702;5,54
157738;2674;4,83
157739;2688;5,18
157740;2674;4,83
157741;2689;5,21
157742;2685;5,11
157743;2699;5,46
157744;2683;5,06
157745;2675;4,85
157746;2686;5,13
157747;2686;5,13
157748;2706;5,64
157749;2694;5,33
157750;2682;5,03
157751;2704;5,59
157752;2710;5,74
157753;2725;6,12
157754;2688;5,18
157755;2690;5,23
157756;2686;5,13
157757;2696;5,38
157758;2686;5,13
157759;2701;5,51
157760;2675;4,85
157761;2722;6,04
157762;2683;5,06
157763;2698;5,44
157764;2727;6,17
157765;2689;5,21
157766;2724;6,09
157767;2687;5,16
157768;2736;6,40
157769;2691;5,26
157770;2689;5,21
157771;2721;6,02
157772;2711;5,76
157773;2736;6,40
157774;2704;5,59
157775;2710;5,74
157776;2700;5,49
157777;2718;5,94
157778;2754;6,85
157779;2731;6,27
157780;2706;5,64
157781;2713;5,81
157782;2711;5,76
157783;2717;5,92
157784;2729;6,22
157785;2717;5,92
157786;2741;6,52
157787;2728;6,19
157788;2720;5,99
157789;2723;6,07
157790;2736;6,40
157791;2771;7,28
157792;2753;6,83
157793;2736;6,40
157794;2747;6,68
157795;2768;7,21
157796;2741;6,52
157797;2750;6,75
157798;2737;6,42
157799;2739;6,47
157800;2747;6,68
157801;2753;6,83
157802;2743;6,57
157803;2752;6,80
157804;2768;7,21
157805;2759;6,98
157806;2754;6,85
157807;2762;7,05
157808;2811;8,29
157809;2759;6,98
157810;2754;6,85
157811;2757;6,93
157812;2791;7,79
157813;2774;7,36
157814;2757;6,93
157815;2768;7,21
157816;2816;8,42
157817;2775;7,38
157818;2763;7,08
157819;2769;7,23
157820;2769;7,23
157821;2793;7,84
157822;2769;7,23
157823;2789;7,74
157824;2798;7,97
157825;2779;7,48
157826;2784;7,61
157827;2778;7,46
157828;2774;7,36
157829;2779;7,48
157830;2800;8,02
157831;2779;7,48
157832;2766;7,16
157833;2793;7,84
157834;2781;7,54
157835;2806;8,17
157836;2781;7,54
157837;2790;7,76
157838;2795;7,89
157839;2789;7,74
157840;2832;8,83
157841;2799;7,99
157842;2794;7,86
157843;2790;7,76
157844;2785;7,64
157845;2800;8,02
157846;2847;9,21
157847;2807;8,19
157848;2798;7,97
157849;2828;8,72
157850;2806;8,17
157851;2797;7,94
157852;2800;8,02
157853;2810;8,27
157854;2810;8,27
157855;2816;8,42
157856;2805;8,14
157857;2821;8,55
157858;2803;8,09
157859;2815;8,40
157860;2859;9,51
157861;2816;8,42
157862;2813;8,35
157863;2816;8,42
157864;2825;8,65
157865;2819;8,50
157866;2821;8,55
157867;2828;8,72
157868;2863;9,61
157869;2829;8,75
157870;2859;9,51
157871;2838;8,98
157872;2848;9,23
157873;2825;8,65
157874;2823;8,60
157875;2841;9,05
157876;2853;9,36
157877;2838;8,98
157878;2853;9,36
157879;2832;8,83
157880;2819;8,50
157881;2837;8,95
157882;2857;9,46
157883;2822;8,57
157884;2859;9,51
157885;2832;8,83
157886;2821;8,55
157887;2831;8,80
157888;2865;9,66
157889;2819;8,50
157890;2822;8,57
157891;2822;8,57
157892;2825;8,65
157893;2832;8,83
157894;2832;8,83
157895;2839;9,00
157896;2859;9,51
157897;2832;8,83
157898;2832;8,83
157899;2832;8,83
157900;2831;8,80
157901;2842;9,08
157902;2837;8,95
157903;2834;8,88
157904;2864;9,64
157905;2842;9,08
157906;2842;9,08
157907;2865;9,66
157908;2847;9,21
157909;2837;8,95
157910;2864;9,64
157911;2832;8,83
157912;2864;9,64
157913;2849;9,26
157914;2845;9,15
157915;2837;8,95
157916;2839;9,00
157917;2864;9,64
157918;2866;9,69
157919;2848;9,23
157920;2830;8,78
157921;2832;8,83
157922;2848;9,23
157923;2833;8,85
157924;2850;9,28
157925;2842;9,08
157926;2832;8,83
157927;2832;8,83
157928;2829;8,75
157929;2832;8,83
157930;2822;8,57
157931;2823;8,60
157932;2849;9,26
157933;2821;8,55
157934;2807;8,19
157935;2805;8,14
157936;2844;9,13
157937;2809;8,24
157938;2800;8,02
157939;2801;8,04
157940;2803;8,09
157941;2800;8,02
157942;2832;8,83
157943;2800;8,02
157944;2838;8,98
157945;2821;8,55
157946;2819;8,50
157947;2793;7,84
157948;2789;7,74
157949;2797;7,94
157950;2800;8,02
157951;2820;8,52
157952;2783;7,59
157953;2785;7,64
157954;2793;7,84
157955;2814;8,37
157956;2786;7,66
157957;2794;7,86
157958;2795;7,89
157959;2797;7,94
157960;2794;7,86
157961;2816;8,42
157962;2795;7,89
157963;2813;8,35
157964;2828;8,72
157965;2827;8,70
157966;2830;8,78
157967;2798;7,97
157968;2805;8,14
157969;2797;7,94
157970;2798;7,97
157971;2800;8,02
157972;2834;8,88
157973;2802;8,07
157974;2815;8,40
157975;2799;7,99
157976;2797;7,94
157977;2805;8,14
157978;2800;8,02
157979;2813;8,35
157980;2837;8,95
157981;2825;8,65
157982;2807;8,19
157983;2805;8,14
157984;2795;7,89
157985;2795;7,89
157986;2815;8,40
157987;2785;7,64
157988;2799;7,99
157989;2799;7,99
157990;2789;7,74
157991;2785;7,64
157992;2803;8,09
157993;2784;7,61
157994;2800;8,02
157995;2810;8,27
157996;2787;7,69
157997;2795;7,89
157998;2784;7,61
157999;2787;7,69
158000;2774;7,36
158001;2799;7,99
158002;2801;8,04
158003;2779;7,48
158004;2785;7,64
158005;2806;8,17
158006;2779;7,48
158007;2768;7,21
158008;2786;7,66
158009;2806;8,17
158010;2768;7,21
158011;2778;7,46
158012;2759;6,98
158013;2765;7,13
158014;2755;6,88
158015;2759;6,98
158016;2782;7,56
158017;2815;8,40
158018;2780;7,51
158019;2788;7,71
158020;2795;7,89
158021;2810;8,27
158022;2781;7,54
158023;2793;7,84
158024;2814;8,37
158025;2793;7,84
158026;2793;7,84
158027;2787;7,69
158028;2805;8,14
158029;2785;7,64
158030;2787;7,69
158031;2784;7,61
158032;2815;8,40
158033;2802;8,07
158034;2771;7,28
158035;2779;7,48
158036;2787;7,69
158037;2809;8,24
158038;2787;7,69
158039;2779;7,48
158040;2775;7,38
158041;2785;7,64
158042;2782;7,56
158043;2794;7,86
158044;2798;7,97
158045;2800;8,02
158046;2778;7,46
158047;2784;7,61
158048;2779;7,48
158049;2775;7,38
158050;2770;7,26
158051;2800;8,02
158052;2759;6,98
158053;2759;6,98
158054;2751;6,78
158055;2785;7,64
158056;2745;6,62
158057;2738;6,45
158058;2757;6,93
158059;2736;6,40
158060;2732;6,30
158061;2752;6,80
158062;2769;7,23
158063;2743;6,57
158064;2741;6,52
158065;2781;7,54
158066;2737;6,42
158067;2781;7,54
158068;2754;6,85
158069;2802;8,07
158070;2765;7,13
158071;2784;7,61
158072;2774;7,36
158073;2752;6,80
158074;2761;7,03
158075;2759;6,98
158076;2789;7,74
158077;2771;7,28
158078;2759;6,98
158079;2768;7,21
158080;2759;6,98
158081;2768;7,21
158082;2763;7,08
158083;2779;7,48
158084;2796;7,91
158085;2791;7,79
158086;2788;7,71
158087;2780;7,51
158088;2769;7,23
158089;2774;7,36
158090;2794;7,86
158091;2783;7,59
158092;2771;7,28
158093;2775;7,38
158094;2765;7,13
158095;2767;7,18
158096;2795;7,89
158097;2761;7,03
158098;2734;6,35
158099;2769;7,23
158100;2738;6,45
158101;2722;6,04
158102;2779;7,48
158103;2731;6,27
158104;2738;6,45
158105;2733;6,32
158106;2773;7,33
158107;2731;6,27
158108;2751;6,78
158109;2773;7,33
158110;2730;6,24
158111;2721;6,02
158112;2725;6,12
158113;2736;6,40
158114;2725;6,12
158115;2739;6,47
158116;2721;6,02
158117;2745;6,62
158118;2736;6,40
158119;2755;6,88
158120;2740;6,50
158121;2740;6,50
158122;2736;6,40
158123;2754;6,85
158124;2739;6,47
158125;2736;6,40
158126;2773;7,33
158127;2766;7,16
158128;2741;6,52
158129;2745;6,62
158130;2761;7,03
158131;2747;6,68
158132;2740;6,50
158133;2754;6,85
158134;2734;6,35
158135;2742;6,55
158136;2757;6,93
158137;2768;7,21
158138;2751;6,78
158139;2737;6,42
158140;2783;7,59
158141;2746;6,65
158142;2773;7,33
158143;2735;6,37
158144;2749;6,73
158145;2718;5,94
158146;2729;6,22
158147;2751;6,78
158148;2770;7,26
158149;2754;6,85
158150;2736;6,40
158151;2737;6,42
158152;2731;6,27
158153;2735;6,37
158154;2737;6,42
158155;2767;7,18
158156;2753;6,83
158157;2740;6,50
158158;2736;6,40
158159;2769;7,23
158160;2759;6,98
158161;2775;7,38
158162;2745;6,62
158163;2735;6,37
158164;2740;6,50
158165;2733;6,32
158166;2734;6,35
158167;2753;6,83
158168;2744;6,60
158169;2742;6,55
158170;2735;6,37
158171;2730;6,24
158172;2733;6,32
158173;2747;6,68
158174;2723;6,07
158175;2751;6,78
158176;2714;5,84
158177;2717;5,92
158178;2705;5,61
158179;2709;5,71
158180;2725;6,12
158181;2702;5,54
158182;2734;6,35
158183;2708;5,69
158184;2709;5,71
158185;2713;5,81
158186;2717;5,92
158187;2737;6,42
158188;2741;6,52
158189;2706;5,64
158190;2711;5,76
158191;2733;6,32
158192;2716;5,89
158193;2704;5,59
158194;2704;5,59
158195;2702;5,54
158196;2727;6,17
158197;2703;5,56
158198;2711;5,76
158199;2722;6,04
158200;2701;5,51
158201;2704;5,59
158202;2693;5,31
158203;2704;5,59
158204;2699;5,46
158205;2703;5,56
158206;2701;5,51
158207;2701;5,51
158208;2703;5,56
158209;2715;5,87
158210;2711;5,76
158211;2704;5,59
158212;2698;5,44
158213;2743;6,57
158214;2704;5,59
158215;2714;5,84
158216;2703;5,56
158217;2713;5,81
158218;2703;5,56
158219;2733;6,32
158220;2707;5,66
158221;2715;5,87
158222;2694;5,33
158223;2695;5,36
158224;2688;5,18
158225;2688;5,18
158226;2694;5,33
158227;2733;6,32
158228;2688;5,18
158229;2704;5,59
158230;2673;4,80
158231;2688;5,18
158232;2672;4,78
158233;2672;4,78
158234;2662;4,52
158235;2671;4,75
158236;2645;4,09
158237;2671;4,75
158238;2666;4,63
158239;2671;4,75
158240;2675;4,85
158241;2671;4,75
158242;2687;5,16
158243;2682;5,03
158244;2672;4,78
158245;2672;4,78
158246;2673;4,80
158247;2690;5,23
158248;2697;5,41
158249;2701;5,51
158250;2690;5,23
158251;2706;5,64
158252;2702;5,54
158253;2711;5,76
158254;2703;5,56
158255;2704;5,59
158256;2693;5,31
158257;2710;5,74
158258;2722;6,04
158259;2737;6,42
158260;2704;5,59
158261;2713;5,81
158262;2705;5,61
158263;2714;5,84
158264;2704;5,59
158265;2727;6,17
158266;2705;5,61
158267;2704;5,59
158268;2765;7,13
158269;2704;5,59
158270;2711;5,76
158271;2714;5,84
158272;2691;5,26
158273;2704;5,59
158274;2679;4,95
158275;2701;5,51
158276;2682;5,03
158277;2691;5,26
158278;2683;5,06
158279;2687;5,16
158280;2679;4,95
158281;2686;5,13
158282;2734;6,35
158283;2683;5,06
158284;2691;5,26
158285;2671;4,75
158286;2659;4,45
158287;2654;4,32
158288;2665;4,60
158289;2667;4,65
158290;2660;4,47
158291;2655;4,35
158292;2652;4,27
158293;2669;4,70
158294;2657;4,40
158295;2662;4,52
158296;2667;4,65
158297;2655;4,35
158298;2653;4,30
158299;2656;4,37
158300;2655;4,35
158301;2686;5,13
158302;2659;4,45
158303;2653;4,30
158304;2657;4,40
158305;2670;4,73
158306;2681;5,01
158307;2660;4,47
158308;2669;4,70
158309;2690;5,23
158310;2664;4,57
158311;2681;5,01
158312;2674;4,83
158313;2713;5,81
158314;2683;5,06
158315;2682;5,03
158316;2688;5,18
158317;2694;5,33
158318;2687;5,16
158319;2707;5,66
158320;2678;4,93
158321;2688;5,18
158322;2695;5,36
158323;2743;6,57
158324;2688;5,18
158325;2695;5,36
158326;2646;4,12
158327;2688;5,18
158328;2687;5,16
158329;2709;5,71
158330;2679;4,95
158331;2682;5,03
158332;2677;4,90
158333;2672;4,78
158334;2694;5,33
158335;2681;5,01
158336;2671;4,75
158337;2672;4,78
158338;2673;4,80
158339;2663;4,55
158340;2663;4,55
158341;2675;4,85
158342;2662;4,52
158343;2672;4,78
158344;2687;5,16
158345;2731;6,27
158346;2672;4,78
158347;2670;4,73
158348;2672;4,78
158349;2675;4,85
158350;2704;5,59
158351;2692;5,28
158352;2673;4,80
158353;2679;4,95
158354;2670;4,73
158355;2674;4,83
158356;2683;5,06
158357;2684;5,08
158358;2688;5,18
158359;2717;5,92
158360;2687;5,16
158361;2704;5,59
158362;2680;4,98
158363;2681;5,01
158364;2674;4,83
158365;2687;5,16
158366;2669;4,70
158367;2688;5,18
158368;2681;5,01
158369;2715;5,87
158370;2674;4,83
158371;2673;4,80
158372;2729;6,22
158373;2675;4,85
158374;2667;4,65
158375;2666;4,63
158376;2690;5,23
158377;2673;4,80
158378;2668;4,68
158379;2673;4,80
158380;2667;4,65
158381;2662;4,52
158382;2672;4,78
158383;2704;5,59
158384;2693;5,31
158385;2671;4,75
158386;2672;4,78
158387;2678;4,93
158388;2699;5,46
158389;2686;5,13
158390;2670;4,73
158391;2669;4,70
158392;2690;5,23
158393;2708;5,69
158394;2682;5,03
158395;2661;4,50
158396;2670;4,73
158397;2673;4,80
158398;2668;4,68
158399;2665;4,60
158400;2666;4,63
158401;2673;4,80
158402;2677;4,90
158403;2667;4,65
158404;2657;4,40
158405;2675;4,85
158406;2688;5,18
158407;2666;4,63
158408;2657;4,40
158409;2663;4,55
158410;2642;4,02
158411;2645;4,09
158412;2668;4,68
158413;2647;4,14
158414;2640;3,97
158415;2654;4,32
158416;2642;4,02
158417;2652;4,27
158418;2649;4,20
158419;2658;4,42
158420;2717;5,92
158421;2665;4,60
158422;2651;4,25
158423;2667;4,65
158424;2665;4,60
158425;2673;4,80
158426;2699;5,46
158427;2679;4,95
158428;2688;5,18
158429;2697;5,41
158430;2695;5,36
158431;2691;5,26
158432;2695;5,36
158433;2718;5,94
158434;2695;5,36
158435;2720;5,99
158436;2704;5,59
158437;2715;5,87
158438;2704;5,59
158439;2705;5,61
158440;2705;5,61
158441;2713;5,81
158442;2709;5,71
158443;2714;5,84
158444;2696;5,38
158445;2711;5,76
158446;2733;6,32
158447;2698;5,44
158448;2693;5,31
158449;2690;5,23
158450;2689;5,21
158451;2704;5,59
158452;2704;5,59
158453;2694;5,33
158454;2675;4,85
158455;2677;4,90
158456;2673;4,80
158457;2672;4,78
158458;2679;4,95
158459;2666;4,63
158460;2661;4,50
158461;2669;4,70
158462;2661;4,50
158463;2672;4,78
158464;2659;4,45
158465;2674;4,83
158466;2658;4,42
158467;2666;4,63
158468;2659;4,45
158469;2655;4,35
158470;2653;4,30
158471;2650;4,22
158472;2656;4,37
158473;2678;4,93
158474;2655;4,35
158475;2659;4,45
158476;2657;4,40
158477;2658;4,42
158478;2683;5,06
158479;2668;4,68
158480;2652;4,27
158481;2663;4,55
158482;2675;4,85
158483;2659;4,45
158484;2662;4,52
158485;2670;4,73
158486;2656;4,37
158487;2668;4,68
158488;2672;4,78
158489;2672;4,78
158490;2662;4,52
158491;2683;5,06
158492;2665;4,60
158493;2689;5,21
158494;2667;4,65
158495;2695;5,36
158496;2688;5,18
158497;2679;4,95
158498;2661;4,50
158499;2683;5,06
158500;2672;4,78
158501;2678;4,93
158502;2668;4,68
158503;2674;4,83
158504;2671;4,75
158505;2675;4,85
158506;2679;4,95
158507;2679;4,95
158508;2683;5,06
158509;2689;5,21
158510;2667;4,65
158511;2694;5,33
158512;2675;4,85
158513;2672;4,78
158514;2672;4,78
158515;2678;4,93
158516;2675;4,85
158517;2687;5,16
158518;2676;4,88
158519;2678;4,93
158520;2679;4,95
158521;2672;4,78
158522;2691;5,26
158523;2679;4,95
158524;2685;5,11
158525;2695;5,36
158526;2672;4,78
158527;2674;4,83
158528;2674;4,83
158529;2672;4,78
158530;2667;4,65
158531;2660;4,47
158532;2657;4,40
158533;2662;4,52
158534;2657;4,40
158535;2668;4,68
158536;2673;4,80
158537;2715;5,87
158538;2650;4,22
158539;2658;4,42
158540;2658;4,42
158541;2651;4,25
158542;2650;4,22
158543;2698;5,44
158544;2674;4,83
158545;2655;4,35
158546;2670;4,73
158547;2667;4,65
158548;2654;4,32
158549;2667;4,65
158550;2655;4,35
158551;2673;4,80
158552;2654;4,32
158553;2655;4,35
158554;2645;4,09
158555;2665;4,60
158556;2665;4,60
158557;2668;4,68
158558;2663;4,55
158559;2674;4,83
158560;2677;4,90
158561;2688;5,18
158562;2656;4,37
158563;2702;5,54
158564;2690;5,23
158565;2690;5,23
158566;2688;5,18
158567;2688;5,18
158568;2671;4,75
158569;2678;4,93
158570;2672;4,78
158571;2672;4,78
158572;2669;4,70
158573;2678;4,93
158574;2677;4,90
158575;2689;5,21
158576;2672;4,78
158577;2688;5,18
158578;2693;5,31
158579;2675;4,85
158580;2673;4,80
158581;2682;5,03
158582;2674;4,83
158583;2681;5,01
158584;2674;4,83
158585;2683;5,06
158586;2673;4,80
158587;2688;5,18
158588;2673;4,80
158589;2695;5,36
158590;2672;4,78
158591;2688;5,18
158592;2685;5,11
158593;2694;5,33
158594;2674;4,83
158595;2689;5,21
158596;2685;5,11
158597;2687;5,16
158598;2677;4,90
158599;2689;5,21
158600;2699;5,46
158601;2689;5,21
158602;2695;5,36
158603;2688;5,18
158604;2679;4,95
158605;2687;5,16
158606;2675;4,85
158607;2674;4,83
158608;2686;5,13
158609;2682;5,03
158610;2677;4,90
158611;2685;5,11
158612;2682;5,03
158613;2726;6,14
158614;2677;4,90
158615;2693;5,31
158616;2698;5,44
158617;2679;4,95
158618;2676;4,88
158619;2687;5,16
158620;2672;4,78
158621;2690;5,23
158622;2675;4,85
158623;2693;5,31
158624;2684;5,08
158625;2738;6,45
158626;2687;5,16
158627;2707;5,66
158628;2677;4,90
158629;2740;6,50
158630;2671;4,75
158631;2695;5,36
158632;2694;5,33
158633;2694;5,33
158634;2683;5,06
158635;2689;5,21
158636;2688;5,18
158637;2704;5,59
158638;2736;6,40
158639;2714;5,84
158640;2692;5,28
158641;2691;5,26
158642;2690;5,23
158643;2707;5,66
158644;2691;5,26
158645;2690;5,23
158646;2695;5,36
158647;2694;5,33
158648;2709;5,71
158649;2699;5,46
158650;2692;5,28
158651;2698;5,44
158652;2701;5,51
158653;2702;5,54
158654;2698;5,44
158655;2704;5,59
158656;2704;5,59
158657;2704;5,59
158658;2694;5,33
158659;2699;5,46
158660;2693;5,31
158661;2715;5,87
158662;2688;5,18
158663;2688;5,18
158664;2727;6,17
158665;2715;5,87
158666;2701;5,51
158667;2702;5,54
158668;2691;5,26
158669;2717;5,92
158670;2693;5,31
158671;2695;5,36
158672;2689;5,21
158673;2689;5,21
158674;2687;5,16
158675;2698;5,44
158676;2687;5,16
158677;2689;5,21
158678;2679;4,95
158679;2686;5,13
158680;2688;5,18
158681;2688;5,18
158682;2688;5,18
158683;2687;5,16
158684;2686;5,13
158685;2687;5,16
158686;2672;4,78
158687;2688;5,18
158688;2689;5,21
158689;2701;5,51
158690;2672;4,78
158691;2693;5,31
158692;2734;6,35
158693;2694;5,33
158694;2675;4,85
158695;2682;5,03
158696;2706;5,64
158697;2679;4,95
158698;2672;4,78
158699;2683;5,06
158700;2673;4,80
158701;2682;5,03
158702;2677;4,90
158703;2688;5,18
158704;2672;4,78
158705;2672;4,78
158706;2693;5,31
158707;2673;4,80
158708;2678;4,93
158709;2672;4,78
158710;2657;4,40
158711;2679;4,95
158712;2673;4,80
158713;2677;4,90
158714;2685;5,11
158715;2672;4,78
158716;2672;4,78
158717;2682;5,03
158718;2675;4,85
158719;2683;5,06
158720;2672;4,78
158721;2685;5,11
158722;2711;5,76
158723;2679;4,95
158724;2672;4,78
158725;2679;4,95
158726;2677;4,90
158727;2678;4,93
158728;2681;5,01
158729;2679;4,95
158730;2672;4,78
158731;2673;4,80
158732;2678;4,93
158733;2683;5,06
158734;2674;4,83
158735;2678;4,93
158736;2674;4,83
158737;2683;5,06
158738;2678;4,93
158739;2686;5,13
158740;2694;5,33
158741;2678;4,93
158742;2694;5,33
158743;2678;4,93
158744;2671;4,75
158745;2681;5,01
158746;2671;4,75
158747;2691;5,26
158748;2679;4,95
158749;2679;4,95
158750;2667;4,65
158751;2672;4,78
158752;2672;4,78
158753;2686;5,13
158754;2672;4,78
158755;2660;4,47
158756;2659;4,45
158757;2670;4,73
158758;2665;4,60
158759;2672;4,78
158760;2658;4,42
158761;2662;4,52
158762;2667;4,65
158763;2659;4,45
158764;2667;4,65
158765;2659;4,45
158766;2655;4,35
158767;2672;4,78
158768;2657;4,40
158769;2672;4,78
158770;2670;4,73
158771;2662;4,52
158772;2656;4,37
158773;2663;4,55
158774;2640;3,97
158775;2660;4,47
158776;2654;4,32
158777;2657;4,40
158778;2657;4,40
158779;2653;4,30
158780;2658;4,42
158781;2658;4,42
158782;2652;4,27
158783;2655;4,35
158784;2641;3,99
158785;2650;4,22
158786;2650;4,22
158787;2650;4,22
158788;2652;4,27
158789;2647;4,14
158790;2650;4,22
158791;2655;4,35
158792;2642;4,02
158793;2647;4,14
158794;2640;3,97
158795;2647;4,14
158796;2646;4,12
158797;2663;4,55
158798;2640;3,97
158799;2655;4,35
158800;2645;4,09
158801;2649;4,20
158802;2643;4,04
158803;2643;4,04
158804;2642;4,02
158805;2651;4,25
158806;2653;4,30
158807;2643;4,04
158808;2651;4,25
158809;2657;4,40
158810;2665;4,60
158811;2651;4,25
158812;2645;4,09
158813;2645;4,09
158814;2640;3,97
158815;2651;4,25
158816;2657;4,40
158817;2649;4,20
158818;2640;3,97
158819;2643;4,04
158820;2640;3,97
158821;2645;4,09
158822;2639;3,94
158823;2649;4,20
158824;2640;3,97
158825;2637;3,89
158826;2633;3,79
158827;2647;4,14
158828;2635;3,84
158829;2641;3,99
158830;2640;3,97
158831;2645;4,09
158832;2641;3,99
158833;2650;4,22
158834;2640;3,97
158835;2642;4,02
158836;2640;3,97
158837;2637;3,89
158838;2640;3,97
158839;2639;3,94
158840;2643;4,04
158841;2646;4,12
158842;2638;3,92
158843;2641;3,99
158844;2633;3,79
158845;2645;4,09
158846;2638;3,92
158847;2646;4,12
158848;2638;3,92
158849;2639;3,94
158850;2628;3,66
158851;2639;3,94
158852;2628;3,66
158853;2630;3,71
158854;2655;4,35
158855;2638;3,92
158856;2625;3,59
158857;2630;3,71
158858;2625;3,59
158859;2633;3,79
158860;2629;3,69
158861;2634;3,82
158862;2630;3,71
158863;2637;3,89
158864;2627;3,64
158865;2636;3,87
158866;2624;3,56
158867;2639;3,94
158868;2626;3,61
158869;2623;3,54
158870;2623;3,54
158871;2623;3,54
158872;2622;3,51
158873;2635;3,84
158874;2624;3,56
158875;2630;3,71
158876;2630;3,71
158877;2629;3,69
158878;2624;3,56
158879;2624;3,56
158880;2630;3,71
158881;2638;3,92
158882;2629;3,69
158883;2638;3,92
158884;2629;3,69
158885;2626;3,61
158886;2623;3,54
158887;2630;3,71
158888;2625;3,59
158889;2633;3,79
158890;2619;3,44
158891;2638;3,92
158892;2640;3,97
158893;2630;3,71
158894;2618;3,41
158895;2626;3,61
158896;2618;3,41
158897;2629;3,69
158898;2625;3,59
158899;2637;3,89
158900;2624;3,56
158901;2638;3,92
158902;2625;3,59
158903;2634;3,82
158904;2623;3,54
158905;2631;3,74
158906;2622;3,51
158907;2617;3,39
158908;2623;3,54
158909;2631;3,74
158910;2618;3,41
158911;2622;3,51
158912;2625;3,59
158913;2624;3,56
158914;2628;3,66
158915;2635;3,84
158916;2621;3,49
158917;2625;3,59
158918;2621;3,49
158919;2637;3,89
158920;2626;3,61
158921;2637;3,89
158922;2617;3,39
158923;2636;3,87
158924;2623;3,54
158925;2630;3,71
158926;2624;3,56
158927;2634;3,82
158928;2630;3,71
158929;2621;3,49
158930;2624;3,56
158931;2629;3,69
158932;2613;3,28
158933;2624;3,56
158934;2617;3,39
158935;2626;3,61
158936;2611;3,23
158937;2624;3,56
158938;2619;3,44
158939;2613;3,28
158940;2626;3,61
158941;2623;3,54
158942;2618;3,41
158943;2625;3,59
158944;2610;3,21
158945;2620;3,46
158946;2619;3,44
158947;2631;3,74
158948;2614;3,31
158949;2624;3,56
158950;2615;3,34
158951;2613;3,28
158952;2614;3,31
158953;2624;3,56
158954;2620;3,46
158955;2624;3,56
158956;2610;3,21
158957;2622;3,51
158958;2605;3,08
158959;2618;3,41
158960;2615;3,34
158961;2623;3,54
158962;2609;3,18
158963;2619;3,44
158964;2622;3,51
158965;2651;4,25
158966;2608;3,16
158967;2608;3,16
158968;2609;3,18
158969;2609;3,18
158970;2608;3,16
158971;2608;3,16
158972;2607;3,13
158973;2615;3,34
158974;2609;3,18
158975;2624;3,56
158976;2609;3,18
158977;2613;3,28
158978;2619;3,44
158979;2614;3,31
158980;2608;3,16
158981;2619;3,44
158982;2606;3,11
158983;2609;3,18
158984;2606;3,11
158985;2617;3,39
158986;2659;4,45
158987;2614;3,31
158988;2614;3,31
158989;2607;3,13
158990;2603;3,03
158991;2618;3,41
158992;2611;3,23
158993;2614;3,31
158994;2608;3,16
158995;2613;3,28
158996;2608;3,16
158997;2610;3,21
158998;2610;3,21
158999;2619;3,44
159000;2615;3,34
159001;2624;3,56
159002;2613;3,28
159003;2615;3,34
159004;2618;3,41
159005;2623;3,54
159006;2617;3,39
159007;2621;3,49
159008;2625;3,59
159009;2623;3,54
159010;2621;3,49
159011;2621;3,49
159012;2622;3,51
159013;2624;3,56
159014;2625;3,59
159015;2624;3,56
159016;2624;3,56
159017;2633;3,79
159018;2617;3,39
159019;2633;3,79
159020;2624;3,56
159021;2630;3,71
159022;2623;3,54
159023;2624;3,56
159024;2619;3,44
159025;2621;3,49
159026;2623;3,54
159027;2622;3,51
159028;2621;3,49
159029;2627;3,64
159030;2621;3,49
159031;2627;3,64
159032;2623;3,54
159033;2630;3,71
159034;2624;3,56
159035;2627;3,64
159036;2619;3,44
159037;2634;3,82
159038;2624;3,56
159039;2624;3,56
159040;2613;3,28
159041;2630;3,71
159042;2624;3,56
159043;2624;3,56
159044;2611;3,23
159045;2623;3,54
159046;2622;3,51
159047;2608;3,16
159048;2607;3,13
159049;2606;3,11
159050;2622;3,51
159051;2609;3,18
159052;2607;3,13
159053;2608;3,16
159054;2608;3,16
159055;2634;3,82
159056;2627;3,64
159057;2607;3,13
159058;2606;3,11
159059;2607;3,13
159060;2607;3,13
159061;2627;3,64
159062;2607;3,13
159063;2607;3,13
159064;2607;3,13
159065;2594;2,80
159066;2605;3,08
159067;2609;3,18
159068;2602;3,01
159069;2604;3,06
159070;2607;3,13
159071;2608;3,16
159072;2605;3,08
159073;2602;3,01
159074;2598;2,90
159075;2608;3,16
159076;2602;3,01
159077;2608;3,16
159078;2608;3,16
159079;2608;3,16
159080;2605;3,08
159081;2639;3,94
159082;2623;3,54
159083;2612;3,26
159084;2613;3,28
159085;2608;3,16
159086;2614;3,31
159087;2608;3,16
159088;2617;3,39
159089;2615;3,34
159090;2623;3,54
159091;2618;3,41
159092;2614;3,31
159093;2612;3,26
159094;2623;3,54
159095;2619;3,44
159096;2625;3,59
159097;2615;3,34
159098;2623;3,54
159099;2621;3,49
159100;2630;3,71
159101;2622;3,51
159102;2640;3,97
159103;2625;3,59
159104;2672;4,78
159105;2631;3,74
159106;2618;3,41
159107;2654;4,32
159108;2668;4,68
159109;2621;3,49
159110;2627;3,64
159111;2624;3,56
159112;2624;3,56
159113;2651;4,25
159114;2624;3,56
159115;2624;3,56
159116;2626;3,61
159117;2624;3,56
159118;2621;3,49
159119;2626;3,61
159120;2629;3,69
159121;2625;3,59
159122;2621;3,49
159123;2615;3,34
159124;2636;3,87
159125;2618;3,41
159126;2613;3,28
159127;2608;3,16
159128;2609;3,18
159129;2611;3,23
159130;2640;3,97
159131;2661;4,50
159132;2605;3,08
159133;2608;3,16
159134;2606;3,11
159135;2605;3,08
159136;2640;3,97
159137;2608;3,16
159138;2608;3,16
159139;2604;3,06
159140;2603;3,03
159141;2594;2,80
159142;2598;2,90
159143;2599;2,93
159144;2603;3,03
159145;2606;3,11
159146;2608;3,16
159147;2598;2,90
159148;2597;2,88
159149;2599;2,93
159150;2603;3,03
159151;2599;2,93
159152;2598;2,90
159153;2595;2,83
159154;2599;2,93
159155;2601;2,98
159156;2599;2,93
159157;2608;3,16
159158;2606;3,11
159159;2608;3,16
159160;2605;3,08
159161;2614;3,31
159162;2608;3,16
159163;2608;3,16
159164;2617;3,39
159165;2602;3,01
159166;2608;3,16
159167;2613;3,28
159168;2613;3,28
159169;2620;3,46
159170;2615;3,34
159171;2617;3,39
159172;2611;3,23
159173;2613;3,28
159174;2614;3,31
159175;2615;3,34
159176;2641;3,99
159177;2621;3,49
159178;2627;3,64
159179;2624;3,56
159180;2614;3,31
159181;2614;3,31
159182;2613;3,28
159183;2613;3,28
159184;2614;3,31
159185;2617;3,39
159186;2613;3,28
159187;2617;3,39
159188;2608;3,16
159189;2614;3,31
159190;2610;3,21
159191;2609;3,18
159192;2609;3,18
159193;2610;3,21
159194;2608;3,16
159195;2613;3,28
159196;2608;3,16
159197;2613;3,28
159198;2607;3,13
159199;2603;3,03
159200;2607;3,13
159201;2607;3,13
159202;2603;3,03
159203;2608;3,16
159204;2599;2,93
159205;2608;3,16
159206;2606;3,11
159207;2595;2,83
159208;2599;2,93
159209;2601;2,98
159210;2607;3,13
159211;2598;2,90
159212;2592;2,75
159213;2595;2,83
159214;2594;2,80
159215;2603;3,03
159216;2597;2,88
159217;2602;3,01
159218;2603;3,03
159219;2597;2,88
159220;2599;2,93
159221;2592;2,75
159222;2597;2,88
159223;2602;3,01
159224;2589;2,68
159225;2601;2,98
159226;2595;2,83
159227;2587;2,63
159228;2591;2,73
159229;2590;2,70
159230;2594;2,80
159231;2597;2,88
159232;2589;2,68
159233;2593;2,78
159234;2590;2,70
159235;2595;2,83
159236;2595;2,83
159237;2590;2,70
159238;2602;3,01
159239;2594;2,80
159240;2594;2,80
159241;2597;2,88
159242;2593;2,78
159243;2594;2,80
159244;2599;2,93
159245;2595;2,83
159246;2603;3,03
159247;2597;2,88
159248;2602;3,01
159249;2601;2,98
159250;2597;2,88
159251;2597;2,88
159252;2626;3,61
159253;2603;3,03
159254;2597;2,88
159255;2608;3,16
159256;2603;3,03
159257;2619;3,44
159258;2604;3,06
159259;2605;3,08
159260;2615;3,34
159261;2611;3,23
159262;2607;3,13
159263;2607;3,13
159264;2613;3,28
159265;2609;3,18
159266;2609;3,18
159267;2615;3,34
159268;2608;3,16
159269;2608;3,16
159270;2608;3,16
159271;2608;3,16
159272;2608;3,16
159273;2618;3,41
159274;2631;3,74
159275;2608;3,16
159276;2609;3,18
159277;2609;3,18
159278;2614;3,31
159279;2657;4,40
159280;2607;3,13
159281;2606;3,11
159282;2601;2,98
159283;2608;3,16
159284;2606;3,11
159285;2609;3,18
159286;2601;2,98
159287;2641;3,99
159288;2596;2,85
159289;2599;2,93
159290;2603;3,03
159291;2601;2,98
159292;2596;2,85
159293;2595;2,83
159294;2601;2,98
159295;2601;2,98
159296;2605;3,08
159297;2608;3,16
159298;2599;2,93
159299;2607;3,13
159300;2608;3,16
159301;2593;2,78
159302;2597;2,88
159303;2609;3,18
159304;2606;3,11
159305;2602;3,01
159306;2608;3,16
159307;2598;2,90
159308;2602;3,01
159309;2614;3,31
159310;2603;3,03
159311;2607;3,13
159312;2607;3,13
159313;2608;3,16
159314;2605;3,08
159315;2608;3,16
159316;2608;3,16
159317;2608;3,16
159318;2609;3,18
159319;2603;3,03
159320;2605;3,08
159321;2607;3,13
159322;2605;3,08
159323;2610;3,21
159324;2602;3,01
159325;2609;3,18
159326;2614;3,31
159327;2613;3,28
159328;2621;3,49
159329;2608;3,16
159330;2611;3,23
159331;2613;3,28
159332;2621;3,49
159333;2608;3,16
159334;2611;3,23
159335;2615;3,34
159336;2625;3,59
159337;2612;3,26
159338;2617;3,39
159339;2615;3,34
159340;2615;3,34
159341;2623;3,54
159342;2613;3,28
159343;2621;3,49
159344;2618;3,41
159345;2621;3,49
159346;2619;3,44
159347;2609;3,18
159348;2619;3,44
159349;2613;3,28
159350;2646;4,12
159351;2614;3,31
159352;2613;3,28
159353;2608;3,16
159354;2611;3,23
159355;2608;3,16
159356;2615;3,34
159357;2618;3,41
159358;2608;3,16
159359;2610;3,21
159360;2611;3,23
159361;2609;3,18
159362;2603;3,03
159363;2607;3,13
159364;2610;3,21
159365;2607;3,13
159366;2608;3,16
159367;2618;3,41
159368;2607;3,13
159369;2606;3,11
159370;2608;3,16
159371;2603;3,03
159372;2605;3,08
159373;2601;2,98
159374;2603;3,03
159375;2607;3,13
159376;2602;3,01
159377;2602;3,01
159378;2602;3,01
159379;2608;3,16
159380;2608;3,16
159381;2599;2,93
159382;2603;3,03
159383;2603;3,03
159384;2609;3,18
159385;2602;3,01
159386;2601;2,98
159387;2609;3,18
159388;2602;3,01
159389;2605;3,08
159390;2608;3,16
159391;2607;3,13
159392;2608;3,16
159393;2605;3,08
159394;2609;3,18
159395;2607;3,13
159396;2608;3,16
159397;2606;3,11
159398;2608;3,16
159399;2606;3,11
159400;2608;3,16
159401;2603;3,03
159402;2608;3,16
159403;2613;3,28
159404;2617;3,39
159405;2611;3,23
159406;2610;3,21
159407;2611;3,23
159408;2618;3,41
159409;2610;3,21
159410;2622;3,51
159411;2613;3,28
159412;2611;3,23
159413;2613;3,28
159414;2614;3,31
159415;2615;3,34
159416;2617;3,39
159417;2621;3,49
159418;2614;3,31
159419;2621;3,49
159420;2630;3,71
159421;2624;3,56
159422;2621;3,49
159423;2621;3,49
159424;2619;3,44
159425;2626;3,61
159426;2623;3,54
159427;2625;3,59
159428;2620;3,46
159429;2624;3,56
159430;2624;3,56
159431;2624;3,56
159432;2619;3,44
159433;2618;3,41
159434;2618;3,41
159435;2621;3,49
159436;2619;3,44
159437;2608;3,16
159438;2617;3,39
159439;2614;3,31
159440;2608;3,16
159441;2614;3,31
159442;2624;3,56
159443;2618;3,41
159444;2611;3,23
159445;2614;3,31
159446;2606;3,11
159447;2609;3,18
159448;2612;3,26
159449;2608;3,16
159450;2618;3,41
159451;2608;3,16
159452;2608;3,16
159453;2607;3,13
159454;2603;3,03
159455;2605;3,08
159456;2611;3,23
159457;2608;3,16
159458;2605;3,08
159459;2611;3,23
159460;2603;3,03
159461;2608;3,16
159462;2608;3,16
159463;2603;3,03
159464;2606;3,11
159465;2608;3,16
159466;2603;3,03
159467;2608;3,16
159468;2608;3,16
159469;2607;3,13
159470;2608;3,16
159471;2618;3,41
159472;2607;3,13
159473;2608;3,16
159474;2608;3,16
159475;2607;3,13
159476;2603;3,03
159477;2611;3,23
159478;2608;3,16
159479;2612;3,26
159480;2610;3,21
159481;2610;3,21
159482;2609;3,18
159483;2609;3,18
159484;2608;3,16
159485;2611;3,23
159486;2617;3,39
159487;2612;3,26
159488;2608;3,16
159489;2613;3,28
159490;2614;3,31
159491;2621;3,49
159492;2621;3,49
159493;2623;3,54
159494;2611;3,23
159495;2619;3,44
159496;2613;3,28
159497;2614;3,31
159498;2622;3,51
159499;2612;3,26
159500;2623;3,54
159501;2621;3,49
159502;2614;3,31
159503;2620;3,46
159504;2624;3,56
159505;2624;3,56
159506;2624;3,56
159507;2618;3,41
159508;2619;3,44
159509;2622;3,51
159510;2615;3,34
159511;2617;3,39
159512;2624;3,56
159513;2659;4,45
159514;2621;3,49
159515;2637;3,89
159516;2628;3,66
159517;2613;3,28
159518;2614;3,31
159519;2621;3,49
159520;2612;3,26
159521;2621;3,49
159522;2614;3,31
159523;2618;3,41
159524;2618;3,41
159525;2617;3,39
159526;2624;3,56
159527;2608;3,16
159528;2614;3,31
159529;2615;3,34
159530;2608;3,16
159531;2618;3,41
159532;2615;3,34
159533;2611;3,23
159534;2614;3,31
159535;2615;3,34
159536;2611;3,23
159537;2607;3,13
159538;2618;3,41
159539;2613;3,28
159540;2608;3,16
159541;2614;3,31
159542;2613;3,28
159543;2610;3,21
159544;2609;3,18
159545;2619;3,44
159546;2612;3,26
159547;2614;3,31
159548;2610;3,21
159549;2607;3,13
159550;2608;3,16
159551;2615;3,34
159552;2610;3,21
159553;2606;3,11
159554;2606;3,11
159555;2607;3,13
159556;2614;3,31
159557;2617;3,39
159558;2610;3,21
159559;2610;3,21
159560;2608;3,16
159561;2614;3,31
159562;2613;3,28
159563;2609;3,18
159564;2612;3,26
159565;2621;3,49
159566;2607;3,13
159567;2623;3,54
159568;2620;3,46
159569;2645;4,09
159570;2605;3,08
159571;2610;3,21
159572;2610;3,21
159573;2610;3,21
159574;2619;3,44
159575;2621;3,49
159576;2615;3,34
159577;2615;3,34
159578;2609;3,18
159579;2623;3,54
159580;2618;3,41
159581;2613;3,28
159582;2624;3,56
159583;2626;3,61
159584;2630;3,71
159585;2624;3,56
159586;2624;3,56
159587;2625;3,59
159588;2635;3,84
159589;2635;3,84
159590;2633;3,79
159591;2627;3,64
159592;2636;3,87
159593;2633;3,79
159594;2640;3,97
159595;2636;3,87
159596;2629;3,69
159597;2640;3,97
159598;2634;3,82
159599;2635;3,84
159600;2633;3,79
159601;2635;3,84
159602;2627;3,64
159603;2627;3,64
159604;2635;3,84
159605;2633;3,79
159606;2627;3,64
159607;2634;3,82
159608;2627;3,64
159609;2624;3,56
159610;2626;3,61
159611;2634;3,82
159612;2634;3,82
159613;2633;3,79
159614;2633;3,79
159615;2624;3,56
159616;2637;3,89
159617;2633;3,79
159618;2627;3,64
159619;2621;3,49
159620;2619;3,44
159621;2623;3,54
159622;2613;3,28
159623;2619;3,44
159624;2624;3,56
159625;2624;3,56
159626;2619;3,44
159627;2615;3,34
159628;2618;3,41
159629;2617;3,39
159630;2624;3,56
159631;2623;3,54
159632;2611;3,23
159633;2613;3,28
159634;2611;3,23
159635;2611;3,23
159636;2619;3,44
159637;2610;3,21
159638;2614;3,31
159639;2612;3,26
159640;2609;3,18
159641;2614;3,31
159642;2615;3,34
159643;2617;3,39
159644;2614;3,31
159645;2614;3,31
159646;2608;3,16
159647;2645;4,09
159648;2609;3,18
159649;2618;3,41
159650;2614;3,31
159651;2614;3,31
159652;2614;3,31
159653;2615;3,34
159654;2613;3,28
159655;2615;3,34
159656;2614;3,31
159657;2615;3,34
159658;2613;3,28
159659;2615;3,34
159660;2617;3,39
159661;2612;3,26
159662;2609;3,18
159663;2614;3,31
159664;2622;3,51
159665;2613;3,28
159666;2624;3,56
159667;2626;3,61
159668;2614;3,31
159669;2615;3,34
159670;2619;3,44
159671;2625;3,59
159672;2619;3,44
159673;2624;3,56
159674;2613;3,28
159675;2622;3,51
159676;2615;3,34
159677;2621;3,49
159678;2621;3,49
159679;2620;3,46
159680;2615;3,34
159681;2615;3,34
159682;2615;3,34
159683;2623;3,54
159684;2617;3,39
159685;2611;3,23
159686;2622;3,51
159687;2617;3,39
159688;2619;3,44
159689;2619;3,44
159690;2617;3,39
159691;2612;3,26
159692;2613;3,28
159693;2619;3,44
159694;2613;3,28
159695;2621;3,49
159696;2614;3,31
159697;2627;3,64
159698;2611;3,23
159699;2615;3,34
159700;2609;3,18
159701;2621;3,49
159702;2614;3,31
159703;2608;3,16
159704;2614;3,31
159705;2622;3,51
159706;2619;3,44
159707;2611;3,23
159708;2610;3,21
159709;2615;3,34
159710;2613;3,28
159711;2618;3,41
159712;2610;3,21
159713;2608;3,16
159714;2608;3,16
159715;2617;3,39
159716;2611;3,23
159717;2608;3,16
159718;2615;3,34
159719;2611;3,23
159720;2611;3,23
159721;2609;3,18
159722;2601;2,98
159723;2603;3,03
159724;2608;3,16
159725;2610;3,21
159726;2608;3,16
159727;2644;4,07
159728;2608;3,16
159729;2606;3,11
159730;2615;3,34
159731;2602;3,01
159732;2593;2,78
159733;2611;3,23
159734;2613;3,28
159735;2621;3,49
159736;2605;3,08
159737;2601;2,98
159738;2608;3,16
159739;2620;3,46
159740;2619;3,44
159741;2613;3,28
159742;2635;3,84
159743;2635;3,84
159744;2649;4,20
159745;2622;3,51
159746;2617;3,39
159747;2635;3,84
159748;2619;3,44
159749;2619;3,44
159750;2634;3,82
159751;2608;3,16
159752;2610;3,21
159753;2626;3,61
159754;2621;3,49
159755;2613;3,28
159756;2643;4,04
159757;2611;3,23
159758;2608;3,16
159759;2624;3,56
159760;2623;3,54
159761;2623;3,54
159762;2618;3,41
159763;2627;3,64
159764;2624;3,56
159765;2623;3,54
159766;2611;3,23
159767;2611;3,23
159768;2610;3,21
159769;2617;3,39
159770;2617;3,39
159771;2617;3,39
159772;2627;3,64
159773;2622;3,51
159774;2619;3,44
159775;2624;3,56
159776;2618;3,41
159777;2621;3,49
159778;2613;3,28
159779;2619;3,44
159780;2623;3,54
159781;2619;3,44
159782;2624;3,56
159783;2622;3,51
159784;2667;4,65
159785;2620;3,46
159786;2625;3,59
159787;2617;3,39
159788;2614;3,31
159789;2624;3,56
159790;2615;3,34
159791;2624;3,56
159792;2618;3,41
159793;2613;3,28
159794;2624;3,56
159795;2614;3,31
159796;2614;3,31
159797;2609;3,18
159798;2619;3,44
159799;2650;4,22
159800;2665;4,60
159801;2617;3,39
159802;2621;3,49
159803;2624;3,56
159804;2621;3,49
159805;2625;3,59
159806;2613;3,28
159807;2609;3,18
159808;2621;3,49
159809;2619;3,44
159810;2614;3,31
159811;2626;3,61
159812;2613;3,28
159813;2622;3,51
159814;2639;3,94
159815;2624;3,56
159816;2621;3,49
159817;2615;3,34
159818;2613;3,28
159819;2629;3,69
159820;2617;3,39
159821;2619;3,44
159822;2611;3,23
159823;2619;3,44
159824;2615;3,34
159825;2623;3,54
159826;2613;3,28
159827;2630;3,71
159828;2608;3,16
159829;2617;3,39
159830;2637;3,89
159831;2621;3,49
159832;2612;3,26
159833;2641;3,99
159834;2609;3,18
159835;2618;3,41
159836;2607;3,13
159837;2614;3,31
159838;2610;3,21
159839;2613;3,28
159840;2613;3,28
159841;2608;3,16
159842;2611;3,23
159843;2609;3,18
159844;2614;3,31
159845;2608;3,16
159846;2607;3,13
159847;2622;3,51
159848;2606;3,11
159849;2607;3,13
159850;2608;3,16
159851;2608;3,16
159852;2613;3,28
159853;2618;3,41
159854;2609;3,18
159855;2611;3,23
159856;2619;3,44
159857;2611;3,23
159858;2622;3,51
159859;2611;3,23
159860;2609;3,18
159861;2619;3,44
159862;2609;3,18
159863;2611;3,23
159864;2609;3,18
159865;2611;3,23
159866;2627;3,64
159867;2621;3,49
159868;2617;3,39
159869;2624;3,56
159870;2622;3,51
159871;2624;3,56
159872;2619;3,44
159873;2620;3,46
159874;2629;3,69
159875;2623;3,54
159876;2619;3,44
159877;2624;3,56
159878;2624;3,56
159879;2627;3,64
159880;2637;3,89
159881;2619;3,44
159882;2640;3,97
159883;2627;3,64
159884;2622;3,51
159885;2622;3,51
159886;2635;3,84
159887;2625;3,59
159888;2624;3,56
159889;2624;3,56
159890;2625;3,59
159891;2635;3,84
159892;2617;3,39
159893;2640;3,97
159894;2614;3,31
159895;2627;3,64
159896;2617;3,39
159897;2619;3,44
159898;2616;3,36
159899;2622;3,51
159900;2622;3,51
159901;2622;3,51
159902;2615;3,34
159903;2624;3,56
159904;2624;3,56
159905;2615;3,34
159906;2612;3,26
159907;2614;3,31
159908;2621;3,49
159909;2611;3,23
159910;2611;3,23
159911;2623;3,54
159912;2613;3,28
159913;2610;3,21
159914;2608;3,16
159915;2608;3,16
159916;2606;3,11
159917;2601;2,98
159918;2608;3,16
159919;2608;3,16
159920;2608;3,16
159921;2599;2,93
159922;2613;3,28
159923;2605;3,08
159924;2623;3,54
159925;2608;3,16
159926;2607;3,13
159927;2609;3,18
159928;2624;3,56
159929;2621;3,49
159930;2614;3,31
159931;2608;3,16
159932;2608;3,16
159933;2606;3,11
159934;2608;3,16
159935;2608;3,16
159936;2608;3,16
159937;2605;3,08
159938;2610;3,21
159939;2614;3,31
159940;2608;3,16
159941;2614;3,31
159942;2609;3,18
159943;2617;3,39
159944;2609;3,18
159945;2615;3,34
159946;2620;3,46
159947;2611;3,23
159948;2624;3,56
159949;2611;3,23
159950;2627;3,64
159951;2621;3,49
159952;2618;3,41
159953;2624;3,56
159954;2625;3,59
159955;2629;3,69
159956;2621;3,49
159957;2624;3,56
159958;2624;3,56
159959;2636;3,87
159960;2625;3,59
159961;2630;3,71
159962;2623;3,54
159963;2625;3,59
159964;2624;3,56
159965;2618;3,41
159966;2624;3,56
159967;2638;3,92
159968;2624;3,56
159969;2618;3,41
159970;2627;3,64
159971;2621;3,49
159972;2626;3,61
159973;2623;3,54
159974;2640;3,97
159975;2633;3,79
159976;2624;3,56
159977;2624;3,56
159978;2623;3,54
159979;2625;3,59
159980;2615;3,34
159981;2626;3,61
159982;2620;3,46
159983;2630;3,71
159984;2621;3,49
159985;2614;3,31
159986;2618;3,41
159987;2609;3,18
159988;2608;3,16
159989;2612;3,26
159990;2614;3,31
159991;2615;3,34
159992;2608;3,16
159993;2610;3,21
159994;2631;3,74
159995;2608;3,16
159996;2609;3,18
159997;2614;3,31
159998;2603;3,03
159999;2602;3,01
160000;2608;3,16
160001;2609;3,18
160002;2607;3,13
160003;2603;3,03
160004;2613;3,28
160005;2611;3,23
160006;2612;3,26
160007;2603;3,03
160008;2614;3,31
160009;2609;3,18
160010;2598;2,90
160011;2598;2,90
160012;2608;3,16
160013;2617;3,39
160014;2606;3,11
160015;2608;3,16
160016;2613;3,28
160017;2599;2,93
160018;2608;3,16
160019;2609;3,18
160020;2613;3,28
160021;2608;3,16
160022;2637;3,89
160023;2608;3,16
160024;2621;3,49
160025;2622;3,51
160026;2609;3,18
160027;2622;3,51
160028;2614;3,31
160029;2610;3,21
160030;2615;3,34
160031;2615;3,34
160032;2617;3,39
160033;2619;3,44
160034;2615;3,34
160035;2620;3,46
160036;2619;3,44
160037;2625;3,59
160038;2625;3,59
160039;2618;3,41
160040;2621;3,49
160041;2631;3,74
160042;2624;3,56
160043;2621;3,49
160044;2626;3,61
160045;2622;3,51
160046;2621;3,49
160047;2619;3,44
160048;2618;3,41
160049;2624;3,56
160050;2629;3,69
160051;2610;3,21
160052;2619;3,44
160053;2627;3,64
160054;2621;3,49
160055;2619;3,44
160056;2617;3,39
160057;2615;3,34
160058;2618;3,41
160059;2608;3,16
160060;2614;3,31
160061;2622;3,51
160062;2611;3,23
160063;2614;3,31
160064;2608;3,16
160065;2613;3,28
160066;2608;3,16
160067;2611;3,23
160068;2608;3,16
160069;2601;2,98
160070;2604;3,06
160071;2611;3,23
160072;2608;3,16
160073;2599;2,93
160074;2608;3,16
160075;2608;3,16
160076;2603;3,03
160077;2607;3,13
160078;2597;2,88
160079;2608;3,16
160080;2608;3,16
160081;2607;3,13
160082;2601;2,98
160083;2596;2,85
160084;2601;2,98
160085;2605;3,08
160086;2614;3,31
160087;2608;3,16
160088;2611;3,23
160089;2599;2,93
160090;2599;2,93
160091;2608;3,16
160092;2604;3,06
160093;2592;2,75
160094;2599;2,93
160095;2605;3,08
160096;2611;3,23
160097;2610;3,21
160098;2612;3,26
160099;2603;3,03
160100;2598;2,90
160101;2603;3,03
160102;2613;3,28
160103;2612;3,26
160104;2603;3,03
160105;2604;3,06
160106;2617;3,39
160107;2615;3,34
160108;2596;2,85
160109;2605;3,08
160110;2617;3,39
160111;2614;3,31
160112;2617;3,39
160113;2605;3,08
160114;2608;3,16
160115;2608;3,16
160116;2609;3,18
160117;2653;4,30
160118;2624;3,56
160119;2609;3,18
160120;2605;3,08
160121;2608;3,16
160122;2625;3,59
160123;2608;3,16
160124;2609;3,18
160125;2606;3,11
160126;2609;3,18
160127;2611;3,23
160128;2608;3,16
160129;2618;3,41
160130;2611;3,23
160131;2614;3,31
160132;2613;3,28
160133;2608;3,16
160134;2622;3,51
160135;2608;3,16
160136;2618;3,41
160137;2613;3,28
160138;2611;3,23
160139;2608;3,16
160140;2614;3,31
160141;2622;3,51
160142;2615;3,34
160143;2624;3,56
160144;2613;3,28
160145;2615;3,34
160146;2623;3,54
160147;2623;3,54
160148;2613;3,28
160149;2614;3,31
160150;2611;3,23
160151;2615;3,34
160152;2622;3,51
160153;2613;3,28
160154;2624;3,56
160155;2621;3,49
160156;2618;3,41
160157;2620;3,46
160158;2625;3,59
160159;2619;3,44
160160;2618;3,41
160161;2608;3,16
160162;2611;3,23
160163;2609;3,18
160164;2614;3,31
160165;2617;3,39
160166;2610;3,21
160167;2607;3,13
160168;2606;3,11
160169;2617;3,39
160170;2601;2,98
160171;2615;3,34
160172;2624;3,56
160173;2608;3,16
160174;2605;3,08
160175;2609;3,18
160176;2655;4,35
160177;2609;3,18
160178;2617;3,39
160179;2605;3,08
160180;2613;3,28
160181;2605;3,08
160182;2606;3,11
160183;2608;3,16
160184;2607;3,13
160185;2608;3,16
160186;2640;3,97
160187;2597;2,88
160188;2619;3,44
160189;2608;3,16
160190;2603;3,03
160191;2603;3,03
160192;2607;3,13
160193;2607;3,13
160194;2608;3,16
160195;2607;3,13
160196;2607;3,13
160197;2619;3,44
160198;2619;3,44
160199;2619;3,44
160200;2613;3,28
160201;2615;3,34
160202;2609;3,18
160203;2608;3,16
160204;2630;3,71
160205;2617;3,39
160206;2618;3,41
160207;2609;3,18
160208;2619;3,44
160209;2626;3,61
160210;2611;3,23
160211;2624;3,56
160212;2628;3,66
160213;2617;3,39
160214;2619;3,44
160215;2631;3,74
160216;2626;3,61
160217;2617;3,39
160218;2651;4,25
160219;2625;3,59
160220;2679;4,95
160221;2626;3,61
160222;2637;3,89
160223;2630;3,71
160224;2632;3,77
160225;2627;3,64
160226;2622;3,51
160227;2633;3,79
160228;2623;3,54
160229;2626;3,61
160230;2623;3,54
160231;2622;3,51
160232;2618;3,41
160233;2619;3,44
160234;2613;3,28
160235;2624;3,56
160236;2624;3,56
160237;2611;3,23
160238;2624;3,56
160239;2612;3,26
160240;2624;3,56
160241;2617;3,39
160242;2631;3,74
160243;2639;3,94
160244;2624;3,56
160245;2607;3,13
160246;2621;3,49
160247;2614;3,31
160248;2613;3,28
160249;2609;3,18
160250;2619;3,44
160251;2615;3,34
160252;2611;3,23
160253;2608;3,16
160254;2608;3,16
160255;2610;3,21
160256;2610;3,21
160257;2610;3,21
160258;2643;4,04
160259;2608;3,16
160260;2609;3,18
160261;2612;3,26
160262;2608;3,16
160263;2607;3,13
160264;2609;3,18
160265;2609;3,18
160266;2607;3,13
160267;2609;3,18
160268;2605;3,08
160269;2610;3,21
160270;2613;3,28
160271;2608;3,16
160272;2608;3,16
160273;2619;3,44
160274;2623;3,54
160275;2613;3,28
160276;2610;3,21
160277;2605;3,08
160278;2608;3,16
160279;2610;3,21
160280;2609;3,18
160281;2611;3,23
160282;2608;3,16
160283;2609;3,18
160284;2640;3,97
160285;2611;3,23
160286;2610;3,21
160287;2605;3,08
160288;2608;3,16
160289;2611;3,23
160290;2609;3,18
160291;2615;3,34
160292;2609;3,18
160293;2609;3,18
160294;2608;3,16
160295;2608;3,16
160296;2608;3,16
160297;2604;3,06
160298;2615;3,34
160299;2607;3,13
160300;2606;3,11
160301;2605;3,08
160302;2607;3,13
160303;2607;3,13
160304;2610;3,21
160305;2608;3,16
160306;2611;3,23
160307;2607;3,13
160308;2605;3,08
160309;2613;3,28
160310;2607;3,13
160311;2610;3,21
160312;2597;2,88
160313;2607;3,13
160314;2604;3,06
160315;2607;3,13
160316;2607;3,13
160317;2597;2,88
160318;2609;3,18
160319;2638;3,92
160320;2608;3,16
160321;2610;3,21
160322;2599;2,93
160323;2608;3,16
160324;2609;3,18
160325;2616;3,36
160326;2611;3,23
160327;2614;3,31
160328;2621;3,49
160329;2624;3,56
160330;2623;3,54
160331;2619;3,44
160332;2623;3,54
160333;2630;3,71
160334;2659;4,45
160335;2624;3,56
160336;2623;3,54
160337;2624;3,56
160338;2622;3,51
160339;2624;3,56
160340;2620;3,46
160341;2624;3,56
160342;2622;3,51
160343;2626;3,61
160344;2625;3,59
160345;2636;3,87
160346;2634;3,82
160347;2623;3,54
160348;2621;3,49
160349;2625;3,59
160350;2624;3,56
160351;2629;3,69
160352;2629;3,69
160353;2631;3,74
160354;2625;3,59
160355;2624;3,56
160356;2623;3,54
160357;2627;3,64
160358;2631;3,74
160359;2631;3,74
160360;2624;3,56
160361;2624;3,56
160362;2634;3,82
160363;2624;3,56
160364;2624;3,56
160365;2624;3,56
160366;2618;3,41
160367;2614;3,31
160368;2624;3,56
160369;2653;4,30
160370;2614;3,31
160371;2610;3,21
160372;2610;3,21
160373;2611;3,23
160374;2611;3,23
160375;2611;3,23
160376;2624;3,56
160377;2618;3,41
160378;2608;3,16
160379;2607;3,13
160380;2608;3,16
160381;2611;3,23
160382;2608;3,16
160383;2608;3,16
160384;2612;3,26
160385;2609;3,18
160386;2603;3,03
160387;2606;3,11
160388;2608;3,16
160389;2607;3,13
160390;2609;3,18
160391;2615;3,34
160392;2609;3,18
160393;2613;3,28
160394;2613;3,28
160395;2609;3,18
160396;2612;3,26
160397;2611;3,23
160398;2623;3,54
160399;2619;3,44
160400;2624;3,56
160401;2618;3,41
160402;2621;3,49
160403;2621;3,49
160404;2630;3,71
160405;2624;3,56
160406;2629;3,69
160407;2635;3,84
160408;2640;3,97
160409;2629;3,69
160410;2640;3,97
160411;2640;3,97
160412;2635;3,84
160413;2640;3,97
160414;2638;3,92
160415;2644;4,07
160416;2635;3,84
160417;2650;4,22
160418;2640;3,97
160419;2646;4,12
160420;2643;4,04
160421;2655;4,35
160422;2650;4,22
160423;2660;4,47
160424;2658;4,42
160425;2655;4,35
160426;2647;4,14
160427;2655;4,35
160428;2644;4,07
160429;2654;4,32
160430;2647;4,14
160431;2640;3,97
160432;2645;4,09
160433;2647;4,14
160434;2628;3,66
160435;2633;3,79
160436;2630;3,71
160437;2637;3,89
160438;2631;3,74
160439;2626;3,61
160440;2633;3,79
160441;2624;3,56
160442;2621;3,49
160443;2619;3,44
160444;2618;3,41
160445;2608;3,16
160446;2613;3,28
160447;2605;3,08
160448;2608;3,16
160449;2612;3,26
160450;2602;3,01
160451;2608;3,16
160452;2608;3,16
160453;2615;3,34
160454;2605;3,08
160455;2608;3,16
160456;2595;2,83
160457;2601;2,98
160458;2606;3,11
160459;2608;3,16
160460;2607;3,13
160461;2608;3,16
160462;2603;3,03
160463;2607;3,13
160464;2599;2,93
160465;2608;3,16
160466;2608;3,16
160467;2601;2,98
160468;2599;2,93
160469;2608;3,16
160470;2608;3,16
160471;2610;3,21
160472;2609;3,18
160473;2634;3,82
160474;2614;3,31
160475;2613;3,28
160476;2657;4,40
160477;2627;3,64
160478;2619;3,44
160479;2624;3,56
160480;2663;4,55
160481;2631;3,74
160482;2634;3,82
160483;2633;3,79
160484;2634;3,82
160485;2635;3,84
160486;2645;4,09
160487;2645;4,09
160488;2653;4,30
160489;2653;4,30
160490;2651;4,25
160491;2651;4,25
160492;2653;4,30
160493;2646;4,12
160494;2653;4,30
160495;2662;4,52
160496;2658;4,42
160497;2656;4,37
160498;2660;4,47
160499;2662;4,52
160500;2657;4,40
160501;2661;4,50
160502;2650;4,22
160503;2655;4,35
160504;2647;4,14
160505;2649;4,20
160506;2658;4,42
160507;2642;4,02
160508;2650;4,22
160509;2644;4,07
160510;2650;4,22
160511;2640;3,97
160512;2640;3,97
160513;2643;4,04
160514;2630;3,71
160515;2641;3,99
160516;2630;3,71
160517;2625;3,59
160518;2628;3,66
160519;2627;3,64
160520;2639;3,94
160521;2624;3,56
160522;2620;3,46
160523;2627;3,64
160524;2627;3,64
160525;2626;3,61
160526;2623;3,54
160527;2619;3,44
160528;2624;3,56
160529;2624;3,56
160530;2625;3,59
160531;2624;3,56
160532;2624;3,56
160533;2626;3,61
160534;2629;3,69
160535;2622;3,51
160536;2627;3,64
160537;2623;3,54
160538;2625;3,59
160539;2621;3,49
160540;2626;3,61
160541;2624;3,56
160542;2624;3,56
160543;2620;3,46
160544;2627;3,64
160545;2631;3,74
160546;2624;3,56
160547;2627;3,64
160548;2635;3,84
160549;2625;3,59
160550;2626;3,61
160551;2630;3,71
160552;2624;3,56
160553;2624;3,56
160554;2619;3,44
160555;2635;3,84
160556;2636;3,87
160557;2661;4,50
160558;2640;3,97
160559;2646;4,12
160560;2645;4,09
160561;2637;3,89
160562;2638;3,92
160563;2638;3,92
160564;2647;4,14
160565;2640;3,97
160566;2641;3,99
160567;2661;4,50
160568;2640;3,97
160569;2643;4,04
160570;2643;4,04
160571;2647;4,14
160572;2650;4,22
160573;2650;4,22
160574;2647;4,14
160575;2641;3,99
160576;2683;5,06
160577;2640;3,97
160578;2643;4,04
160579;2639;3,94
160580;2642;4,02
160581;2640;3,97
160582;2642;4,02
160583;2640;3,97
160584;2671;4,75
160585;2638;3,92
160586;2640;3,97
160587;2640;3,97
160588;2640;3,97
160589;2629;3,69
160590;2634;3,82
160591;2627;3,64
160592;2625;3,59
160593;2633;3,79
160594;2627;3,64
160595;2628;3,66
160596;2631;3,74
160597;2635;3,84
160598;2631;3,74
160599;2618;3,41
160600;2635;3,84
160601;2624;3,56
160602;2621;3,49
160603;2630;3,71
160604;2619;3,44
160605;2617;3,39
160606;2626;3,61
160607;2621;3,49
160608;2614;3,31
160609;2619;3,44
160610;2621;3,49
160611;2623;3,54
160612;2624;3,56
160613;2627;3,64
160614;2623;3,54
160615;2617;3,39
160616;2618;3,41
160617;2626;3,61
160618;2615;3,34
160619;2617;3,39
160620;2615;3,34
160621;2621;3,49
160622;2624;3,56
160623;2623;3,54
160624;2631;3,74
160625;2624;3,56
160626;2629;3,69
160627;2635;3,84
160628;2629;3,69
160629;2630;3,71
160630;2623;3,54
160631;2634;3,82
160632;2626;3,61
160633;2631;3,74
160634;2640;3,97
160635;2629;3,69
160636;2633;3,79
160637;2631;3,74
160638;2639;3,94
160639;2635;3,84
160640;2631;3,74
160641;2635;3,84
160642;2641;3,99
160643;2637;3,89
160644;2634;3,82
160645;2640;3,97
160646;2629;3,69
160647;2640;3,97
160648;2635;3,84
160649;2637;3,89
160650;2630;3,71
160651;2630;3,71
160652;2631;3,74
160653;2629;3,69
160654;2629;3,69
160655;2624;3,56
160656;2637;3,89
160657;2625;3,59
160658;2624;3,56
160659;2624;3,56
160660;2621;3,49
160661;2633;3,79
160662;2626;3,61
160663;2624;3,56
160664;2628;3,66
160665;2623;3,54
160666;2624;3,56
160667;2624;3,56
160668;2627;3,64
160669;2629;3,69
160670;2627;3,64
160671;2626;3,61
160672;2637;3,89
160673;2621;3,49
160674;2633;3,79
160675;2624;3,56
160676;2627;3,64
160677;2623;3,54
160678;2627;3,64
160679;2635;3,84
160680;2630;3,71
160681;2625;3,59
160682;2634;3,82
160683;2619;3,44
160684;2629;3,69
160685;2626;3,61
160686;2629;3,69
160687;2626;3,61
160688;2626;3,61
160689;2628;3,66
160690;2637;3,89
160691;2627;3,64
160692;2630;3,71
160693;2630;3,71
160694;2636;3,87
160695;2642;4,02
160696;2636;3,87
160697;2630;3,71
160698;2636;3,87
160699;2627;3,64
160700;2629;3,69
160701;2631;3,74
160702;2642;4,02
160703;2634;3,82
160704;2641;3,99
160705;2633;3,79
160706;2645;4,09
160707;2640;3,97
160708;2647;4,14
160709;2636;3,87
160710;2639;3,94
160711;2637;3,89
160712;2640;3,97
160713;2630;3,71
160714;2645;4,09
160715;2638;3,92
160716;2635;3,84
160717;2633;3,79
160718;2634;3,82
160719;2635;3,84
160720;2640;3,97
160721;2627;3,64
160722;2643;4,04
160723;2641;3,99
160724;2638;3,92
160725;2637;3,89
160726;2642;4,02
160727;2638;3,92
160728;2637;3,89
160729;2637;3,89
160730;2634;3,82
160731;2629;3,69
160732;2637;3,89
160733;2628;3,66
160734;2637;3,89
160735;2624;3,56
160736;2676;4,88
160737;2640;3,97
160738;2633;3,79
160739;2645;4,09
160740;2638;3,92
160741;2639;3,94
160742;2637;3,89
160743;2626;3,61
160744;2650;4,22
160745;2633;3,79
160746;2671;4,75
160747;2640;3,97
160748;2640;3,97
160749;2675;4,85
160750;2639;3,94
160751;2642;4,02
160752;2655;4,35
160753;2634;3,82
160754;2650;4,22
160755;2636;3,87
160756;2652;4,27
160757;2626;3,61
160758;2634;3,82
160759;2639;3,94
160760;2649;4,20
160761;2642;4,02
160762;2634;3,82
160763;2634;3,82
160764;2640;3,97
160765;2641;3,99
160766;2672;4,78
160767;2646;4,12
160768;2658;4,42
160769;2640;3,97
160770;2653;4,30
160771;2640;3,97
160772;2660;4,47
160773;2634;3,82
160774;2647;4,14
160775;2633;3,79
160776;2647;4,14
160777;2637;3,89
160778;2638;3,92
160779;2643;4,04
160780;2639;3,94
160781;2636;3,87
160782;2642;4,02
160783;2642;4,02
160784;2640;3,97
160785;2646;4,12
160786;2640;3,97
160787;2639;3,94
160788;2658;4,42
160789;2635;3,84
160790;2663;4,55
160791;2646;4,12
160792;2658;4,42
160793;2635;3,84
160794;2641;3,99
160795;2641;3,99
160796;2668;4,68
160797;2650;4,22
160798;2635;3,84
160799;2642;4,02
160800;2647;4,14
160801;2640;3,97
160802;2679;4,95
160803;2637;3,89
160804;2640;3,97
160805;2647;4,14
160806;2650;4,22
160807;2640;3,97
160808;2637;3,89
160809;2639;3,94
160810;2637;3,89
160811;2631;3,74
160812;2638;3,92
160813;2640;3,97
160814;2653;4,30
160815;2647;4,14
160816;2642;4,02
160817;2640;3,97
160818;2656;4,37
160819;2642;4,02
160820;2656;4,37
160821;2637;3,89
160822;2675;4,85
160823;2640;3,97
160824;2663;4,55
160825;2645;4,09
160826;2666;4,63
160827;2646;4,12
160828;2657;4,40
160829;2654;4,32
160830;2666;4,63
160831;2652;4,27
160832;2657;4,40
160833;2659;4,45
160834;2651;4,25
160835;2659;4,45
160836;2707;5,66
160837;2691;5,26
160838;2651;4,25
160839;2655;4,35
160840;2653;4,30
160841;2655;4,35
160842;2647;4,14
160843;2649;4,20
160844;2682;5,03
160845;2662;4,52
160846;2678;4,93
160847;2663;4,55
160848;2720;5,99
160849;2663;4,55
160850;2663;4,55
160851;2670;4,73
160852;2679;4,95
160853;2674;4,83
160854;2677;4,90
160855;2671;4,75
160856;2721;6,02
160857;2672;4,78
160858;2680;4,98
160859;2670;4,73
160860;2677;4,90
160861;2683;5,06
160862;2691;5,26
160863;2672;4,78
160864;2685;5,11
160865;2679;4,95
160866;2689;5,21
160867;2676;4,88
160868;2700;5,49
160869;2685;5,11
160870;2690;5,23
160871;2679;4,95
160872;2691;5,26
160873;2688;5,18
160874;2716;5,89
160875;2687;5,16
160876;2711;5,76
160877;2686;5,13
160878;2710;5,74
160879;2690;5,23
160880;2705;5,61
160881;2693;5,31
160882;2694;5,33
160883;2697;5,41
160884;2709;5,71
160885;2704;5,59
160886;2707;5,66
160887;2711;5,76
160888;2736;6,40
160889;2702;5,54
160890;2711;5,76
160891;2711;5,76
160892;2729;6,22
160893;2724;6,09
160894;2735;6,37
160895;2714;5,84
160896;2720;5,99
160897;2711;5,76
160898;2740;6,50
160899;2727;6,17
160900;2730;6,24
160901;2730;6,24
160902;2775;7,38
160903;2739;6,47
160904;2749;6,73
160905;2731;6,27
160906;2743;6,57
160907;2735;6,37
160908;2737;6,42
160909;2747;6,68
160910;2751;6,78
160911;2742;6,55
160912;2771;7,28
160913;2751;6,78
160914;2774;7,36
160915;2752;6,80
160916;2777;7,43
160917;2765;7,13
160918;2781;7,54
160919;2768;7,21
160920;2821;8,55
160921;2768;7,21
160922;2789;7,74
160923;2765;7,13
160924;2785;7,64
160925;2769;7,23
160926;2768;7,21
160927;2767;7,18
160928;2783;7,59
160929;2771;7,28
160930;2780;7,51
160931;2770;7,26
160932;2805;8,14
160933;2784;7,61
160934;2791;7,79
160935;2773;7,33
160936;2800;8,02
160937;2770;7,26
160938;2798;7,97
160939;2783;7,59
160940;2818;8,47
160941;2775;7,38
160942;2781;7,54
160943;2777;7,43
160944;2777;7,43
160945;2780;7,51
160946;2798;7,97
160947;2781;7,54
160948;2784;7,61
160949;2794;7,86
160950;2787;7,69
160951;2781;7,54
160952;2791;7,79
160953;2789;7,74
160954;2782;7,56
160955;2829;8,75
160956;2813;8,35
160957;2834;8,88
160958;2806;8,17
160959;2783;7,59
160960;2809;8,24
160961;2794;7,86
160962;2783;7,59
160963;2796;7,91
160964;2817;8,45
160965;2791;7,79
160966;2789;7,74
160967;2789;7,74
160968;2841;9,05
160969;2800;8,02
160970;2815;8,40
160971;2794;7,86
160972;2813;8,35
160973;2804;8,12
160974;2854;9,38
160975;2864;9,64
160976;2809;8,24
160977;2802;8,07
160978;2813;8,35
160979;2815;8,40
160980;2831;8,80
160981;2816;8,42
160982;2830;8,78
160983;2821;8,55
160984;2842;9,08
160985;2811;8,29
160986;2818;8,47
160987;2832;8,83
160988;2847;9,21
160989;2864;9,64
160990;2820;8,52
160991;2814;8,37
160992;2829;8,75
160993;2813;8,35
160994;2832;8,83
160995;2819;8,50
160996;2837;8,95
160997;2815;8,40
160998;2825;8,65
160999;2807;8,19
161000;2822;8,57
161001;2803;8,09
161002;2831;8,80
161003;2801;8,04
161004;2841;9,05
161005;2804;8,12
161006;2816;8,42
161007;2810;8,27
161008;2821;8,55
161009;2800;8,02
161010;2802;8,07
161011;2800;8,02
161012;2816;8,42
161013;2787;7,69
161014;2800;8,02
161015;2797;7,94
161016;2811;8,29
161017;2786;7,66
161018;2820;8,52
161019;2831;8,80
161020;2815;8,40
161021;2787;7,69
161022;2789;7,74
161023;2791;7,79
161024;2831;8,80
161025;2794;7,86
161026;2801;8,04
161027;2797;7,94
161028;2800;8,02
161029;2800;8,02
161030;2821;8,55
161031;2799;7,99
161032;2823;8,60
161033;2807;8,19
161034;2811;8,29
161035;2810;8,27
161036;2819;8,50
161037;2819;8,50
161038;2832;8,83
161039;2832;8,83
161040;2832;8,83
161041;2832;8,83
161042;2843;9,10
161043;2833;8,85
161044;2839;9,00
161045;2846;9,18
161046;2846;9,18
161047;2831;8,80
161048;2848;9,23
161049;2835;8,90
161050;2862;9,59
161051;2830;8,78
161052;2834;8,88
161053;2823;8,60
161054;2847;9,21
161055;2816;8,42
161056;2833;8,85
161057;2818;8,47
161058;2827;8,70
161059;2818;8,47
161060;2837;8,95
161061;2811;8,29
161062;2825;8,65
161063;2814;8,37
161064;2831;8,80
161065;2818;8,47
161066;2827;8,70
161067;2814;8,37
161068;2819;8,50
161069;2806;8,17
161070;2833;8,85
161071;2812;8,32
161072;2816;8,42
161073;2815;8,40
161074;2831;8,80
161075;2818;8,47
161076;2812;8,32
161077;2819;8,50
161078;2806;8,17
161079;2838;8,98
161080;2849;9,26
161081;2786;7,66
161082;2818;8,47
161083;2786;7,66
161084;2815;8,40
161085;2789;7,74
161086;2834;8,88
161087;2796;7,91
161088;2800;8,02
161089;2779;7,48
161090;2778;7,46
161091;2771;7,28
161092;2794;7,86
161093;2769;7,23
161094;2780;7,51
161095;2783;7,59
161096;2802;8,07
161097;2803;8,09
161098;2800;8,02
161099;2799;7,99
161100;2816;8,42
161101;2800;8,02
161102;2822;8,57
161103;2799;7,99
161104;2818;8,47
161105;2810;8,27
161106;2819;8,50
161107;2814;8,37
161108;2827;8,70
161109;2816;8,42
161110;2839;9,00
161111;2832;8,83
161112;2817;8,45
161113;2801;8,04
161114;2813;8,35
161115;2807;8,19
161116;2815;8,40
161117;2801;8,04
161118;2823;8,60
161119;2802;8,07
161120;2797;7,94
161121;2799;7,99
161122;2791;7,79
161123;2782;7,56
161124;2802;8,07
161125;2782;7,56
161126;2781;7,54
161127;2771;7,28
161128;2797;7,94
161129;2774;7,36
161130;2798;7,97
161131;2783;7,59
161132;2768;7,21
161133;2761;7,03
161134;2755;6,88
161135;2747;6,68
161136;2771;7,28
161137;2747;6,68
161138;2751;6,78
161139;2736;6,40
161140;2768;7,21
161141;2754;6,85
161142;2771;7,28
161143;2763;7,08
161144;2799;7,99
161145;2755;6,88
161146;2758;6,95
161147;2755;6,88
161148;2769;7,23
161149;2756;6,90
161150;2790;7,76
161151;2758;6,95
161152;2783;7,59
161153;2775;7,38
161154;2795;7,89
161155;2769;7,23
161156;2793;7,84
161157;2778;7,46
161158;2811;8,29
161159;2768;7,21
161160;2789;7,74
161161;2768;7,21
161162;2809;8,24
161163;2782;7,56
161164;2791;7,79
161165;2771;7,28
161166;2797;7,94
161167;2783;7,59
161168;2797;7,94
161169;2787;7,69
161170;2809;8,24
161171;2775;7,38
161172;2798;7,97
161173;2764;7,11
161174;2768;7,21
161175;2778;7,46
161176;2788;7,71
161177;2759;6,98
161178;2770;7,26
161179;2757;6,93
161180;2788;7,71
161181;2758;6,95
161182;2809;8,24
161183;2754;6,85
161184;2759;6,98
161185;2748;6,70
161186;2771;7,28
161187;2769;7,23
161188;2778;7,46
161189;2769;7,23
161190;2755;6,88
161191;2745;6,62
161192;2768;7,21
161193;2749;6,73
161194;2786;7,66
161195;2743;6,57
161196;2743;6,57
161197;2750;6,75
161198;2747;6,68
161199;2749;6,73
161200;2755;6,88
161201;2736;6,40
161202;2785;7,64
161203;2734;6,35
161204;2750;6,75
161205;2736;6,40
161206;2751;6,78
161207;2741;6,52
161208;2765;7,13
161209;2744;6,60
161210;2759;6,98
161211;2749;6,73
161212;2787;7,69
161213;2736;6,40
161214;2739;6,47
161215;2737;6,42
161216;2742;6,55
161217;2743;6,57
161218;2742;6,55
161219;2741;6,52
161220;2769;7,23
161221;2740;6,50
161222;2725;6,12
161223;2737;6,42
161224;2751;6,78
161225;2743;6,57
161226;2746;6,65
161227;2736;6,40
161228;2753;6,83
161229;2722;6,04
161230;2714;5,84
161231;2697;5,41
161232;2735;6,37
161233;2704;5,59
161234;2717;5,92
161235;2715;5,87
161236;2731;6,27
161237;2727;6,17
161238;2736;6,40
161239;2722;6,04
161240;2723;6,07
161241;2727;6,17
161242;2727;6,17
161243;2724;6,09
161244;2736;6,40
161245;2718;5,94
161246;2731;6,27
161247;2723;6,07
161248;2752;6,80
161249;2735;6,37
161250;2752;6,80
161251;2735;6,37
161252;2737;6,42
161253;2741;6,52
161254;2749;6,73
161255;2742;6,55
161256;2766;7,16
161257;2736;6,40
161258;2752;6,80
161259;2720;5,99
161260;2736;6,40
161261;2738;6,45
161262;2737;6,42
161263;2735;6,37
161264;2757;6,93
161265;2735;6,37
161266;2752;6,80
161267;2738;6,45
161268;2725;6,12
161269;2722;6,04
161270;2731;6,27
161271;2717;5,92
161272;2729;6,22
161273;2752;6,80
161274;2727;6,17
161275;2722;6,04
161276;2736;6,40
161277;2704;5,59
161278;2721;6,02
161279;2714;5,84
161280;2762;7,05
161281;2699;5,46
161282;2703;5,56
161283;2694;5,33
161284;2705;5,61
161285;2687;5,16
161286;2719;5,97
161287;2698;5,44
161288;2707;5,66
161289;2704;5,59
161290;2747;6,68
161291;2698;5,44
161292;2703;5,56
161293;2682;5,03
161294;2704;5,59
161295;2690;5,23
161296;2715;5,87
161297;2694;5,33
161298;2708;5,69
161299;2701;5,51
161300;2720;5,99
161301;2703;5,56
161302;2764;7,11
161303;2699;5,46
161304;2736;6,40
161305;2707;5,66
161306;2715;5,87
161307;2688;5,18
161308;2735;6,37
161309;2691;5,26
161310;2699;5,46
161311;2687;5,16
161312;2703;5,56
161313;2689;5,21
161314;2714;5,84
161315;2679;4,95
161316;2683;5,06
161317;2661;4,50
161318;2659;4,45
161319;2674;4,83
161320;2688;5,18
161321;2669;4,70
161322;2688;5,18
161323;2657;4,40
161324;2689;5,21
161325;2660;4,47
161326;2708;5,69
161327;2713;5,81
161328;2687;5,16
161329;2667;4,65
161330;2721;6,02
161331;2672;4,78
161332;2678;4,93
161333;2663;4,55
161334;2709;5,71
161335;2667;4,65
161336;2724;6,09
161337;2667;4,65
161338;2683;5,06
161339;2673;4,80
161340;2650;4,22
161341;2662;4,52
161342;2684;5,08
161343;2657;4,40
161344;2686;5,13
161345;2660;4,47
161346;2704;5,59
161347;2654;4,32
161348;2677;4,90
161349;2651;4,25
161350;2689;5,21
161351;2659;4,45
161352;2662;4,52
161353;2645;4,09
161354;2673;4,80
161355;2640;3,97
161356;2643;4,04
161357;2645;4,09
161358;2671;4,75
161359;2642;4,02
161360;2642;4,02
161361;2650;4,22
161362;2645;4,09
161363;2635;3,84
161364;2658;4,42
161365;2643;4,04
161366;2641;3,99
161367;2642;4,02
161368;2653;4,30
161369;2623;3,54
161370;2624;3,56
161371;2620;3,46
161372;2670;4,73
161373;2622;3,51
161374;2624;3,56
161375;2623;3,54
161376;2629;3,69
161377;2615;3,34
161378;2633;3,79
161379;2636;3,87
161380;2638;3,92
161381;2631;3,74
161382;2672;4,78
161383;2623;3,54
161384;2644;4,07
161385;2637;3,89
161386;2619;3,44
161387;2646;4,12
161388;2672;4,78
161389;2653;4,30
161390;2672;4,78
161391;2659;4,45
161392;2667;4,65
161393;2669;4,70
161394;2668;4,68
161395;2669;4,70
161396;2655;4,35
161397;2657;4,40
161398;2662;4,52
161399;2668;4,68
161400;2659;4,45
161401;2653;4,30
161402;2656;4,37
161403;2655;4,35
161404;2654;4,32
161405;2647;4,14
161406;2653;4,30
161407;2645;4,09
161408;2670;4,73
161409;2642;4,02
161410;2658;4,42
161411;2640;3,97
161412;2661;4,50
161413;2638;3,92
161414;2652;4,27
161415;2643;4,04
161416;2629;3,69
161417;2629;3,69
161418;2633;3,79
161419;2632;3,77
161420;2594;2,80
161421;2634;3,82
161422;2631;3,74
161423;2621;3,49
161424;2624;3,56
161425;2608;3,16
161426;2611;3,23
161427;2610;3,21
161428;2615;3,34
161429;2608;3,16
161430;2635;3,84
161431;2608;3,16
161432;2623;3,54
161433;2608;3,16
161434;2627;3,64
161435;2595;2,83
161436;2640;3,97
161437;2601;2,98
161438;2631;3,74
161439;2604;3,06
161440;2624;3,56
161441;2603;3,03
161442;2634;3,82
161443;2605;3,08
161444;2611;3,23
161445;2602;3,01
161446;2613;3,28
161447;2606;3,11
161448;2648;4,17
161449;2615;3,34
161450;2639;3,94
161451;2624;3,56
161452;2629;3,69
161453;2626;3,61
161454;2621;3,49
161455;2631;3,74
161456;2634;3,82
161457;2629;3,69
161458;2631;3,74
161459;2633;3,79
161460;2661;4,50
161461;2638;3,92
161462;2640;3,97
161463;2640;3,97
161464;2640;3,97
161465;2644;4,07
161466;2654;4,32
161467;2661;4,50
161468;2675;4,85
161469;2657;4,40
161470;2672;4,78
161471;2657;4,40
161472;2681;5,01
161473;2658;4,42
161474;2672;4,78
161475;2653;4,30
161476;2698;5,44
161477;2658;4,42
161478;2667;4,65
161479;2659;4,45
161480;2672;4,78
161481;2667;4,65
161482;2661;4,50
161483;2659;4,45
161484;2687;5,16
161485;2653;4,30
161486;2674;4,83
161487;2647;4,14
161488;2683;5,06
161489;2644;4,07
161490;2672;4,78
161491;2646;4,12
161492;2659;4,45
161493;2658;4,42
161494;2662;4,52
161495;2651;4,25
161496;2670;4,73
161497;2647;4,14
161498;2665;4,60
161499;2637;3,89
161500;2677;4,90
161501;2639;3,94
161502;2640;3,97
161503;2637;3,89
161504;2668;4,68
161505;2638;3,92
161506;2681;5,01
161507;2631;3,74
161508;2647;4,14
161509;2646;4,12
161510;2646;4,12
161511;2641;3,99
161512;2640;3,97
161513;2639;3,94
161514;2645;4,09
161515;2646;4,12
161516;2661;4,50
161517;2650;4,22
161518;2636;3,87
161519;2640;3,97
161520;2647;4,14
161521;2652;4,27
161522;2656;4,37
161523;2650;4,22
161524;2658;4,42
161525;2651;4,25
161526;2671;4,75
161527;2672;4,78
161528;2658;4,42
161529;2662;4,52
161530;2701;5,51
161531;2661;4,50
161532;2659;4,45
161533;2670;4,73
161534;2668;4,68
161535;2673;4,80
161536;2691;5,26
161537;2678;4,93
161538;2704;5,59
161539;2687;5,16
161540;2683;5,06
161541;2685;5,11
161542;2707;5,66
161543;2691;5,26
161544;2711;5,76
161545;2690;5,23
161546;2704;5,59
161547;2686;5,13
161548;2689;5,21
161549;2686;5,13
161550;2693;5,31
161551;2688;5,18
161552;2704;5,59
161553;2689;5,21
161554;2694;5,33
161555;2689;5,21
161556;2690;5,23
161557;2690;5,23
161558;2707;5,66
161559;2681;5,01
161560;2698;5,44
161561;2687;5,16
161562;2682;5,03
161563;2675;4,85
161564;2677;4,90
161565;2683;5,06
161566;2698;5,44
161567;2674;4,83
161568;2691;5,26
161569;2667;4,65
161570;2695;5,36
161571;2672;4,78
161572;2669;4,70
161573;2673;4,80
161574;2676;4,88
161575;2661;4,50
161576;2671;4,75
161577;2662;4,52
161578;2672;4,78
161579;2670;4,73
161580;2681;5,01
161581;2665;4,60
161582;2663;4,55
161583;2661;4,50
161584;2672;4,78
161585;2667;4,65
161586;2681;5,01
161587;2669;4,70
161588;2661;4,50
161589;2672;4,78
161590;2688;5,18
161591;2669;4,70
161592;2673;4,80
161593;2669;4,70
161594;2693;5,31
161595;2675;4,85
161596;2686;5,13
161597;2672;4,78
161598;2692;5,28
161599;2683;5,06
161600;2679;4,95
161601;2674;4,83
161602;2704;5,59
161603;2683;5,06
161604;2701;5,51
161605;2690;5,23
161606;2697;5,41
161607;2690;5,23
161608;2704;5,59
161609;2699;5,46
161610;2694;5,33
161611;2684;5,08
161612;2711;5,76
161613;2693;5,31
161614;2713;5,81
161615;2690;5,23
161616;2687;5,16
161617;2688;5,18
161618;2691;5,26
161619;2687;5,16
161620;2697;5,41
161621;2693;5,31
161622;2703;5,56
161623;2689;5,21
161624;2719;5,97
161625;2674;4,83
161626;2694;5,33
161627;2673;4,80
161628;2704;5,59
161629;2673;4,80
161630;2679;4,95
161631;2673;4,80
161632;2675;4,85
161633;2688;5,18
161634;2694;5,33
161635;2675;4,85
161636;2673;4,80
161637;2676;4,88
161638;2672;4,78
161639;2665;4,60
161640;2677;4,90
161641;2677;4,90
161642;2688;5,18
161643;2675;4,85
161644;2673;4,80
161645;2668;4,68
161646;2690;5,23
161647;2667;4,65
161648;2679;4,95
161649;2672;4,78
161650;2674;4,83
161651;2662;4,52
161652;2704;5,59
161653;2671;4,75
161654;2704;5,59
161655;2669;4,70
161656;2699;5,46
161657;2672;4,78
161658;2699;5,46
161659;2672;4,78
161660;2684;5,08
161661;2673;4,80
161662;2695;5,36
161663;2679;4,95
161664;2690;5,23
161665;2681;5,01
161666;2695;5,36
161667;2671;4,75
161668;2688;5,18
161669;2675;4,85
161670;2687;5,16
161671;2675;4,85
161672;2684;5,08
161673;2677;4,90
161674;2704;5,59
161675;2673;4,80
161676;2701;5,51
161677;2672;4,78
161678;2704;5,59
161679;2674;4,83
161680;2684;5,08
161681;2675;4,85
161682;2679;4,95
161683;2672;4,78
161684;2702;5,54
161685;2672;4,78
161686;2704;5,59
161687;2672;4,78
161688;2672;4,78
161689;2670;4,73
161690;2672;4,78
161691;2672;4,78
161692;2673;4,80
161693;2673;4,80
161694;2672;4,78
161695;2662;4,52
161696;2655;4,35
161697;2678;4,93
161698;2684;5,08
161699;2667;4,65
161700;2663;4,55
161701;2671;4,75
161702;2658;4,42
161703;2674;4,83
161704;2666;4,63
161705;2661;4,50
161706;2665;4,60
161707;2657;4,40
161708;2698;5,44
161709;2658;4,42
161710;2677;4,90
161711;2655;4,35
161712;2693;5,31
161713;2654;4,32
161714;2683;5,06
161715;2657;4,40
161716;2678;4,93
161717;2658;4,42
161718;2654;4,32
161719;2654;4,32
161720;2672;4,78
161721;2660;4,47
161722;2660;4,47
161723;2651;4,25
161724;2672;4,78
161725;2654;4,32
161726;2665;4,60
161727;2658;4,42
161728;2692;5,28
161729;2657;4,40
161730;2666;4,63
161731;2659;4,45
161732;2666;4,63
161733;2654;4,32
161734;2673;4,80
161735;2655;4,35
161736;2645;4,09
161737;2658;4,42
161738;2659;4,45
161739;2655;4,35
161740;2687;5,16
161741;2659;4,45
161742;2646;4,12
161743;2647;4,14
161744;2656;4,37
161745;2652;4,27
161746;2672;4,78
161747;2660;4,47
161748;2672;4,78
161749;2659;4,45
161750;2656;4,37
161751;2653;4,30
161752;2665;4,60
161753;2658;4,42
161754;2675;4,85
161755;2657;4,40
161756;2665;4,60
161757;2656;4,37
161758;2669;4,70
161759;2647;4,14
161760;2690;5,23
161761;2654;4,32
161762;2672;4,78
161763;2649;4,20
161764;2674;4,83
161765;2643;4,04
161766;2672;4,78
161767;2644;4,07
161768;2675;4,85
161769;2651;4,25
161770;2674;4,83
161771;2646;4,12
161772;2667;4,65
161773;2645;4,09
161774;2662;4,52
161775;2662;4,52
161776;2661;4,50
161777;2650;4,22
161778;2667;4,65
161779;2649;4,20
161780;2675;4,85
161781;2643;4,04
161782;2669;4,70
161783;2651;4,25
161784;2669;4,70
161785;2654;4,32
161786;2672;4,78
161787;2642;4,02
161788;2663;4,55
161789;2654;4,32
161790;2667;4,65
161791;2646;4,12
161792;2687;5,16
161793;2647;4,14
161794;2639;3,94
161795;2656;4,37
161796;2657;4,40
161797;2656;4,37
161798;2681;5,01
161799;2656;4,37
161800;2649;4,20
161801;2655;4,35
161802;2660;4,47
161803;2656;4,37
161804;2685;5,11
161805;2661;4,50
161806;2647;4,14
161807;2656;4,37
161808;2649;4,20
161809;2651;4,25
161810;2674;4,83
161811;2653;4,30
161812;2656;4,37
161813;2656;4,37
161814;2679;4,95
161815;2672;4,78
161816;2676;4,88
161817;2656;4,37
161818;2674;4,83
161819;2654;4,32
161820;2684;5,08
161821;2668;4,68
161822;2653;4,30
161823;2661;4,50
161824;2672;4,78
161825;2658;4,42
161826;2679;4,95
161827;2654;4,32
161828;2657;4,40
161829;2658;4,42
161830;2662;4,52
161831;2660;4,47
161832;2684;5,08
161833;2657;4,40
161834;2651;4,25
161835;2658;4,42
161836;2672;4,78
161837;2655;4,35
161838;2669;4,70
161839;2652;4,27
161840;2681;5,01
161841;2645;4,09
161842;2685;5,11
161843;2653;4,30
161844;2644;4,07
161845;2641;3,99
161846;2652;4,27
161847;2662;4,52
161848;2656;4,37
161849;2649;4,20
161850;2672;4,78
161851;2647;4,14
161852;2673;4,80
161853;2640;3,97
161854;2647;4,14
161855;2653;4,30
161856;2672;4,78
161857;2660;4,47
161858;2651;4,25
161859;2641;3,99
161860;2652;4,27
161861;2647;4,14
161862;2652;4,27
161863;2646;4,12
161864;2679;4,95
161865;2650;4,22
161866;2650;4,22
161867;2644;4,07
161868;2647;4,14
161869;2646;4,12
161870;2657;4,40
161871;2638;3,92
161872;2673;4,80
161873;2651;4,25
161874;2669;4,70
161875;2647;4,14
161876;2654;4,32
161877;2646;4,12
161878;2674;4,83
161879;2649;4,20
161880;2677;4,90
161881;2659;4,45
161882;2672;4,78
161883;2642;4,02
161884;2653;4,30
161885;2649;4,20
161886;2659;4,45
161887;2658;4,42
161888;2679;4,95
161889;2647;4,14
161890;2663;4,55
161891;2641;3,99
161892;2654;4,32
161893;2647;4,14
161894;2654;4,32
161895;2640;3,97
161896;2651;4,25
161897;2650;4,22
161898;2692;5,28
161899;2644;4,07
161900;2654;4,32
161901;2652;4,27
161902;2654;4,32
161903;2655;4,35
161904;2656;4,37
161905;2643;4,04
161906;2672;4,78
161907;2650;4,22
161908;2661;4,50
161909;2646;4,12
161910;2662;4,52
161911;2642;4,02
161912;2683;5,06
161913;2642;4,02
161914;2669;4,70
161915;2654;4,32
161916;2637;3,89
161917;2648;4,17
161918;2638;3,92
161919;2671;4,75
161920;2668;4,68
161921;2640;3,97
161922;2673;4,80
161923;2641;3,99
161924;2667;4,65
161925;2643;4,04
161926;2643;4,04
161927;2640;3,97
161928;2663;4,55
161929;2640;3,97
161930;2634;3,82
161931;2640;3,97
161932;2639;3,94
161933;2672;4,78
161934;2640;3,97
161935;2645;4,09
161936;2641;3,99
161937;2640;3,97
161938;2667;4,65
161939;2658;4,42
161940;2655;4,35
161941;2638;3,92
161942;2639;3,94
161943;2645;4,09
161944;2670;4,73
161945;2645;4,09
161946;2637;3,89
161947;2662;4,52
161948;2630;3,71
161949;2655;4,35
161950;2638;3,92
161951;2635;3,84
161952;2658;4,42
161953;2640;3,97
161954;2640;3,97
161955;2638;3,92
161956;2672;4,78
161957;2646;4,12
161958;2654;4,32
161959;2643;4,04
161960;2657;4,40
161961;2634;3,82
161962;2640;3,97
161963;2631;3,74
161964;2657;4,40
161965;2639;3,94
161966;2661;4,50
161967;2637;3,89
161968;2645;4,09
161969;2634;3,82
161970;2641;3,99
161971;2637;3,89
161972;2661;4,50
161973;2634;3,82
161974;2639;3,94
161975;2631;3,74
161976;2672;4,78
161977;2633;3,79
161978;2649;4,20
161979;2653;4,30
161980;2651;4,25
161981;2634;3,82
161982;2655;4,35
161983;2630;3,71
161984;2666;4,63
161985;2629;3,69
161986;2642;4,02
161987;2634;3,82
161988;2635;3,84
161989;2638;3,92
161990;2650;4,22
161991;2640;3,97
161992;2643;4,04
161993;2627;3,64
161994;2653;4,30
161995;2635;3,84
161996;2637;3,89
161997;2627;3,64
161998;2627;3,64
161999;2624;3,56
162000;2658;4,42
162001;2632;3,77
162002;2646;4,12
162003;2637;3,89
162004;2643;4,04
162005;2634;3,82
162006;2642;4,02
162007;2638;3,92
162008;2630;3,71
162009;2629;3,69
162010;2633;3,79
162011;2624;3,56
162012;2639;3,94
162013;2643;4,04
162014;2650;4,22
162015;2640;3,97
162016;2623;3,54
162017;2626;3,61
162018;2658;4,42
162019;2643;4,04
162020;2624;3,56
162021;2627;3,64
162022;2653;4,30
162023;2629;3,69
162024;2624;3,56
162025;2624;3,56
162026;2642;4,02
162027;2631;3,74
162028;2638;3,92
162029;2640;3,97
162030;2657;4,40
162031;2635;3,84
162032;2653;4,30
162033;2621;3,49
162034;2640;3,97
162035;2614;3,31
162036;2628;3,66
162037;2629;3,69
162038;2625;3,59
162039;2625;3,59
162040;2619;3,44
162041;2631;3,74
162042;2628;3,66
162043;2633;3,79
162044;2630;3,71
162045;2624;3,56
162046;2639;3,94
162047;2617;3,39
162048;2633;3,79
162049;2629;3,69
162050;2631;3,74
162051;2622;3,51
162052;2641;3,99
162053;2631;3,74
162054;2631;3,74
162055;2619;3,44
162056;2624;3,56
162057;2637;3,89
162058;2640;3,97
162059;2615;3,34
162060;2643;4,04
162061;2625;3,59
162062;2641;3,99
162063;2615;3,34
162064;2628;3,66
162065;2624;3,56
162066;2627;3,64
162067;2615;3,34
162068;2643;4,04
162069;2641;3,99
162070;2624;3,56
162071;2624;3,56
162072;2641;3,99
162073;2619;3,44
162074;2625;3,59
162075;2624;3,56
162076;2646;4,12
162077;2622;3,51
162078;2625;3,59
162079;2624;3,56
162080;2640;3,97
162081;2622;3,51
162082;2624;3,56
162083;2619;3,44
162084;2615;3,34
162085;2617;3,39
162086;2649;4,20
162087;2624;3,56
162088;2622;3,51
162089;2621;3,49
162090;2629;3,69
162091;2618;3,41
162092;2619;3,44
162093;2621;3,49
162094;2624;3,56
162095;2619;3,44
162096;2631;3,74
162097;2617;3,39
162098;2640;3,97
162099;2636;3,87
162100;2657;4,40
162101;2614;3,31
162102;2643;4,04
162103;2617;3,39
162104;2642;4,02
162105;2624;3,56
162106;2618;3,41
162107;2640;3,97
162108;2625;3,59
162109;2620;3,46
162110;2624;3,56
162111;2631;3,74
162112;2639;3,94
162113;2623;3,54
162114;2621;3,49
162115;2622;3,51
162116;2608;3,16
162117;2617;3,39
162118;2626;3,61
162119;2627;3,64
162120;2636;3,87
162121;2624;3,56
162122;2640;3,97
162123;2619;3,44
162124;2646;4,12
162125;2627;3,64
162126;2670;4,73
162127;2620;3,46
162128;2611;3,23
162129;2615;3,34
162130;2639;3,94
162131;2649;4,20
162132;2657;4,40
162133;2629;3,69
162134;2615;3,34
162135;2621;3,49
162136;2642;4,02
162137;2641;3,99
162138;2635;3,84
162139;2621;3,49
162140;2627;3,64
162141;2624;3,56
162142;2637;3,89
162143;2613;3,28
162144;2635;3,84
162145;2624;3,56
162146;2635;3,84
162147;2624;3,56
162148;2645;4,09
162149;2626;3,61
162150;2641;3,99
162151;2624;3,56
162152;2654;4,32
162153;2624;3,56
162154;2640;3,97
162155;2624;3,56
162156;2625;3,59
162157;2624;3,56
162158;2651;4,25
162159;2624;3,56
162160;2622;3,51
162161;2631;3,74
162162;2638;3,92
162163;2622;3,51
162164;2640;3,97
162165;2637;3,89
162166;2651;4,25
162167;2623;3,54
162168;2633;3,79
162169;2633;3,79
162170;2652;4,27
162171;2630;3,71
162172;2660;4,47
162173;2640;3,97
162174;2646;4,12
162175;2631;3,74
162176;2643;4,04
162177;2626;3,61
162178;2637;3,89
162179;2634;3,82
162180;2627;3,64
162181;2631;3,74
162182;2637;3,89
162183;2639;3,94
162184;2641;3,99
162185;2629;3,69
162186;2657;4,40
162187;2634;3,82
162188;2646;4,12
162189;2636;3,87
162190;2642;4,02
162191;2625;3,59
162192;2656;4,37
162193;2635;3,84
162194;2633;3,79
162195;2639;3,94
162196;2631;3,74
162197;2627;3,64
162198;2657;4,40
162199;2633;3,79
162200;2647;4,14
162201;2627;3,64
162202;2651;4,25
162203;2624;3,56
162204;2665;4,60
162205;2625;3,59
162206;2663;4,55
162207;2643;4,04
162208;2659;4,45
162209;2626;3,61
162210;2666;4,63
162211;2630;3,71
162212;2638;3,92
162213;2629;3,69
162214;2645;4,09
162215;2637;3,89
162216;2650;4,22
162217;2635;3,84
162218;2655;4,35
162219;2629;3,69
162220;2647;4,14
162221;2640;3,97
162222;2666;4,63
162223;2631;3,74
162224;2637;3,89
162225;2629;3,69
162226;2640;3,97
162227;2627;3,64
162228;2655;4,35
162229;2639;3,94
162230;2635;3,84
162231;2630;3,71
162232;2635;3,84
162233;2638;3,92
162234;2651;4,25
162235;2624;3,56
162236;2645;4,09
162237;2639;3,94
162238;2641;3,99
162239;2634;3,82
162240;2667;4,65
162241;2626;3,61
162242;2640;3,97
162243;2624;3,56
162244;2643;4,04
162245;2630;3,71
162246;2635;3,84
162247;2624;3,56
162248;2659;4,45
162249;2633;3,79
162250;2646;4,12
162251;2629;3,69
162252;2652;4,27
162253;2621;3,49
162254;2647;4,14
162255;2626;3,61
162256;2634;3,82
162257;2633;3,79
162258;2657;4,40
162259;2626;3,61
162260;2653;4,30
162261;2634;3,82
162262;2651;4,25
162263;2630;3,71
162264;2629;3,69
162265;2629;3,69
162266;2655;4,35
162267;2628;3,66
162268;2683;5,06
162269;2624;3,56
162270;2645;4,09
162271;2623;3,54
162272;2610;3,21
162273;2624;3,56
162274;2629;3,69
162275;2625;3,59
162276;2621;3,49
162277;2636;3,87
162278;2645;4,09
162279;2640;3,97
162280;2642;4,02
162281;2628;3,66
162282;2648;4,17
162283;2619;3,44
162284;2642;4,02
162285;2624;3,56
162286;2633;3,79
162287;2619;3,44
162288;2647;4,14
162289;2619;3,44
162290;2640;3,97
162291;2627;3,64
162292;2645;4,09
162293;2635;3,84
162294;2633;3,79
162295;2620;3,46
162296;2633;3,79
162297;2624;3,56
162298;2628;3,66
162299;2612;3,26
162300;2624;3,56
162301;2620;3,46
162302;2640;3,97
162303;2631;3,74
162304;2630;3,71
162305;2625;3,59
162306;2603;3,03
162307;2623;3,54
162308;2625;3,59
162309;2617;3,39
162310;2650;4,22
162311;2624;3,56
162312;2640;3,97
162313;2619;3,44
162314;2640;3,97
162315;2637;3,89
162316;2658;4,42
162317;2625;3,59
162318;2633;3,79
162319;2609;3,18
162320;2640;3,97
162321;2617;3,39
162322;2640;3,97
162323;2625;3,59
162324;2624;3,56
162325;2621;3,49
162326;2640;3,97
162327;2615;3,34
162328;2625;3,59
162329;2615;3,34
162330;2624;3,56
162331;2615;3,34
162332;2640;3,97
162333;2619;3,44
162334;2640;3,97
162335;2630;3,71
162336;2640;3,97
162337;2622;3,51
162338;2624;3,56
162339;2615;3,34
162340;2621;3,49
162341;2613;3,28
162342;2640;3,97
162343;2608;3,16
162344;2641;3,99
162345;2608;3,16
162346;2640;3,97
162347;2623;3,54
162348;2624;3,56
162349;2611;3,23
162350;2608;3,16
162351;2611;3,23
162352;2625;3,59
162353;2626;3,61
162354;2618;3,41
162355;2611;3,23
162356;2621;3,49
162357;2610;3,21
162358;2643;4,04
162359;2618;3,41
162360;2617;3,39
162361;2613;3,28
162362;2621;3,49
162363;2620;3,46
162364;2629;3,69
162365;2611;3,23
162366;2614;3,31
162367;2611;3,23
162368;2650;4,22
162369;2613;3,28
162370;2621;3,49
162371;2615;3,34
162372;2624;3,56
162373;2611;3,23
162374;2622;3,51
162375;2633;3,79
162376;2606;3,11
162377;2621;3,49
162378;2623;3,54
162379;2613;3,28
162380;2640;3,97
162381;2619;3,44
162382;2620;3,46
162383;2609;3,18
162384;2647;4,14
162385;2624;3,56
162386;2653;4,30
162387;2622;3,51
162388;2652;4,27
162389;2612;3,26
162390;2615;3,34
162391;2613;3,28
162392;2646;4,12
162393;2629;3,69
162394;2621;3,49
162395;2615;3,34
162396;2651;4,25
162397;2629;3,69
162398;2623;3,54
162399;2623;3,54
162400;2643;4,04
162401;2615;3,34
162402;2625;3,59
162403;2624;3,56
162404;2640;3,97
162405;2623;3,54
162406;2650;4,22
162407;2623;3,54
162408;2637;3,89
162409;2632;3,77
162410;2630;3,71
162411;2623;3,54
162412;2633;3,79
162413;2619;3,44
162414;2647;4,14
162415;2624;3,56
162416;2631;3,74
162417;2635;3,84
162418;2642;4,02
162419;2623;3,54
162420;2643;4,04
162421;2626;3,61
162422;2656;4,37
162423;2629;3,69
162424;2634;3,82
162425;2613;3,28
162426;2631;3,74
162427;2619;3,44
162428;2630;3,71
162429;2621;3,49
162430;2640;3,97
162431;2620;3,46
162432;2629;3,69
162433;2627;3,64
162434;2655;4,35
162435;2624;3,56
162436;2643;4,04
162437;2625;3,59
162438;2666;4,63
162439;2622;3,51
162440;2640;3,97
162441;2631;3,74
162442;2625;3,59
162443;2618;3,41
162444;2624;3,56
162445;2635;3,84
162446;2630;3,71
162447;2629;3,69
162448;2627;3,64
162449;2620;3,46
162450;2640;3,97
162451;2628;3,66
162452;2642;4,02
162453;2622;3,51
162454;2625;3,59
162455;2621;3,49
162456;2665;4,60
162457;2640;3,97
162458;2663;4,55
162459;2624;3,56
162460;2659;4,45
162461;2630;3,71
162462;2655;4,35
162463;2628;3,66
162464;2631;3,74
162465;2636;3,87
162466;2629;3,69
162467;2630;3,71
162468;2640;3,97
162469;2640;3,97
162470;2634;3,82
162471;2624;3,56
162472;2656;4,37
162473;2635;3,84
162474;2638;3,92
162475;2624;3,56
162476;2659;4,45
162477;2638;3,92
162478;2646;4,12
162479;2627;3,64
162480;2636;3,87
162481;2624;3,56
162482;2641;3,99
162483;2627;3,64
162484;2622;3,51
162485;2624;3,56
162486;2634;3,82
162487;2625;3,59
162488;2617;3,39
162489;2612;3,26
162490;2626;3,61
162491;2623;3,54
162492;2640;3,97
162493;2639;3,94
162494;2642;4,02
162495;2625;3,59
162496;2633;3,79
162497;2627;3,64
162498;2640;3,97
162499;2626;3,61
162500;2640;3,97
162501;2618;3,41
162502;2647;4,14
162503;2624;3,56
162504;2627;3,64
162505;2619;3,44
162506;2642;4,02
162507;2627;3,64
162508;2653;4,30
162509;2627;3,64
162510;2637;3,89
162511;2613;3,28
162512;2644;4,07
162513;2618;3,41
162514;2608;3,16
162515;2609;3,18
162516;2641;3,99
162517;2624;3,56
162518;2645;4,09
162519;2622;3,51
162520;2617;3,39
162521;2628;3,66
162522;2640;3,97
162523;2624;3,56
162524;2657;4,40
162525;2619;3,44
162526;2625;3,59
162527;2630;3,71
162528;2643;4,04
162529;2624;3,56
162530;2621;3,49
162531;2627;3,64
162532;2643;4,04
162533;2619;3,44
162534;2645;4,09
162535;2624;3,56
162536;2651;4,25
162537;2619;3,44
162538;2626;3,61
162539;2624;3,56
162540;2634;3,82
162541;2621;3,49
162542;2645;4,09
162543;2629;3,69
162544;2657;4,40
162545;2623;3,54
162546;2624;3,56
162547;2617;3,39
162548;2621;3,49
162549;2621;3,49
162550;2656;4,37
162551;2639;3,94
162552;2656;4,37
162553;2627;3,64
162554;2651;4,25
162555;2630;3,71
162556;2624;3,56
162557;2631;3,74
162558;2619;3,44
162559;2613;3,28
162560;2627;3,64
162561;2621;3,49
162562;2625;3,59
162563;2626;3,61
162564;2624;3,56
162565;2619;3,44
162566;2645;4,09
162567;2635;3,84
162568;2610;3,21
162569;2623;3,54
162570;2643;4,04
162571;2618;3,41
162572;2657;4,40
162573;2625;3,59
162574;2641;3,99
162575;2635;3,84
162576;2650;4,22
162577;2626;3,61
162578;2622;3,51
162579;2619;3,44
162580;2643;4,04
162581;2625;3,59
162582;2632;3,77
162583;2618;3,41
162584;2625;3,59
162585;2611;3,23
162586;2626;3,61
162587;2618;3,41
162588;2624;3,56
162589;2614;3,31
162590;2647;4,14
162591;2613;3,28
162592;2651;4,25
162593;2610;3,21
162594;2624;3,56
162595;2611;3,23
162596;2624;3,56
162597;2602;3,01
162598;2623;3,54
162599;2605;3,08
162600;2623;3,54
162601;2608;3,16
162602;2631;3,74
162603;2610;3,21
162604;2612;3,26
162605;2613;3,28
162606;2624;3,56
162607;2612;3,26
162608;2647;4,14
162609;2611;3,23
162610;2633;3,79
162611;2624;3,56
162612;2615;3,34
162613;2606;3,11
162614;2627;3,64
162615;2610;3,21
162616;2618;3,41
162617;2599;2,93
162618;2630;3,71
162619;2608;3,16
162620;2651;4,25
162621;2619;3,44
162622;2633;3,79
162623;2608;3,16
162624;2638;3,92
162625;2605;3,08
162626;2609;3,18
162627;2626;3,61
162628;2638;3,92
162629;2609;3,18
162630;2607;3,13
162631;2608;3,16
162632;2640;3,97
162633;2618;3,41
162634;2608;3,16
162635;2610;3,21
162636;2615;3,34
162637;2605;3,08
162638;2608;3,16
162639;2608;3,16
162640;2617;3,39
162641;2608;3,16
162642;2615;3,34
162643;2605;3,08
162644;2649;4,20
162645;2605;3,08
162646;2640;3,97
162647;2606;3,11
162648;2634;3,82
162649;2624;3,56
162650;2609;3,18
162651;2599;2,93
162652;2610;3,21
162653;2608;3,16
162654;2608;3,16
162655;2605;3,08
162656;2633;3,79
162657;2607;3,13
162658;2588;2,65
162659;2603;3,03
162660;2635;3,84
162661;2603;3,03
162662;2647;4,14
162663;2607;3,13
162664;2613;3,28
162665;2597;2,88
162666;2640;3,97
162667;2606;3,11
162668;2624;3,56
162669;2599;2,93
162670;2607;3,13
162671;2586;2,60
162672;2608;3,16
162673;2598;2,90
162674;2630;3,71
162675;2598;2,90
162676;2605;3,08
162677;2595;2,83
162678;2637;3,89
162679;2601;2,98
162680;2606;3,11
162681;2603;3,03
162682;2607;3,13
162683;2597;2,88
162684;2624;3,56
162685;2604;3,06
162686;2615;3,34
162687;2608;3,16
162688;2594;2,80
162689;2601;2,98
162690;2590;2,70
162691;2602;3,01
162692;2617;3,39
162693;2608;3,16
162694;2607;3,13
162695;2613;3,28
162696;2619;3,44
162697;2592;2,75
162698;2619;3,44
162699;2597;2,88
162700;2624;3,56
162701;2592;2,75
162702;2624;3,56
162703;2601;2,98
162704;2621;3,49
162705;2603;3,03
162706;2637;3,89
162707;2598;2,90
162708;2639;3,94
162709;2598;2,90
162710;2607;3,13
162711;2604;3,06
162712;2615;3,34
162713;2597;2,88
162714;2629;3,69
162715;2589;2,68
162716;2619;3,44
162717;2592;2,75
162718;2622;3,51
162719;2603;3,03
162720;2619;3,44
162721;2601;2,98
162722;2620;3,46
162723;2590;2,70
162724;2626;3,61
162725;2593;2,78
162726;2593;2,78
162727;2591;2,73
162728;2619;3,44
162729;2598;2,90
162730;2628;3,66
162731;2608;3,16
162732;2608;3,16
162733;2606;3,11
162734;2605;3,08
162735;2595;2,83
162736;2624;3,56
162737;2601;2,98
162738;2620;3,46
162739;2608;3,16
162740;2614;3,31
162741;2607;3,13
162742;2624;3,56
162743;2615;3,34
162744;2621;3,49
162745;2640;3,97
162746;2633;3,79
162747;2589;2,68
162748;2629;3,69
162749;2607;3,13
162750;2608;3,16
162751;2609;3,18
162752;2608;3,16
162753;2623;3,54
162754;2606;3,11
162755;2608;3,16
162756;2631;3,74
162757;2624;3,56
162758;2626;3,61
162759;2602;3,01
162760;2624;3,56
162761;2606;3,11
162762;2628;3,66
162763;2606;3,11
162764;2621;3,49
162765;2606;3,11
162766;2622;3,51
162767;2595;2,83
162768;2608;3,16
162769;2598;2,90
162770;2640;3,97
162771;2641;3,99
162772;2607;3,13
162773;2608;3,16
162774;2629;3,69
162775;2608;3,16
162776;2622;3,51
162777;2594;2,80
162778;2617;3,39
162779;2593;2,78
162780;2608;3,16
162781;2595;2,83
162782;2638;3,92
162783;2608;3,16
162784;2631;3,74
162785;2602;3,01
162786;2633;3,79
162787;2603;3,03
162788;2624;3,56
162789;2593;2,78
162790;2608;3,16
162791;2604;3,06
162792;2608;3,16
162793;2595;2,83
162794;2624;3,56
162795;2604;3,06
162796;2608;3,16
162797;2608;3,16
162798;2603;3,03
162799;2594;2,80
162800;2603;3,03
162801;2615;3,34
162802;2642;4,02
162803;2608;3,16
162804;2639;3,94
162805;2604;3,06
162806;2598;2,90
162807;2608;3,16
162808;2612;3,26
162809;2594;2,80
162810;2629;3,69
162811;2609;3,18
162812;2613;3,28
162813;2619;3,44
162814;2640;3,97
162815;2607;3,13
162816;2633;3,79
162817;2599;2,93
162818;2634;3,82
162819;2626;3,61
162820;2624;3,56
162821;2608;3,16
162822;2622;3,51
162823;2623;3,54
162824;2637;3,89
162825;2603;3,03
162826;2611;3,23
162827;2619;3,44
162828;2624;3,56
162829;2608;3,16
162830;2653;4,30
162831;2599;2,93
162832;2640;3,97
162833;2613;3,28
162834;2624;3,56
162835;2616;3,36
162836;2640;3,97
162837;2609;3,18
162838;2618;3,41
162839;2608;3,16
162840;2609;3,18
162841;2608;3,16
162842;2615;3,34
162843;2616;3,36
162844;2640;3,97
162845;2605;3,08
162846;2630;3,71
162847;2621;3,49
162848;2629;3,69
162849;2611;3,23
162850;2640;3,97
162851;2605;3,08
162852;2641;3,99
162853;2617;3,39
162854;2640;3,97
162855;2627;3,64
162856;2644;4,07
162857;2607;3,13
162858;2623;3,54
162859;2607;3,13
162860;2627;3,64
162861;2605;3,08
162862;2621;3,49
162863;2608;3,16
162864;2633;3,79
162865;2631;3,74
162866;2640;3,97
162867;2613;3,28
162868;2652;4,27
162869;2603;3,03
162870;2640;3,97
162871;2611;3,23
162872;2621;3,49
162873;2599;2,93
162874;2619;3,44
162875;2636;3,87
162876;2622;3,51
162877;2607;3,13
162878;2640;3,97
162879;2614;3,31
162880;2638;3,92
162881;2607;3,13
162882;2653;4,30
162883;2627;3,64
162884;2650;4,22
162885;2609;3,18
162886;2618;3,41
162887;2616;3,36
162888;2651;4,25
162889;2611;3,23
162890;2641;3,99
162891;2622;3,51
162892;2652;4,27
162893;2641;3,99
162894;2624;3,56
162895;2606;3,11
162896;2656;4,37
162897;2610;3,21
162898;2619;3,44
162899;2614;3,31
162900;2621;3,49
162901;2618;3,41
162902;2622;3,51
162903;2640;3,97
162904;2649;4,20
162905;2613;3,28
162906;2611;3,23
162907;2603;3,03
162908;2626;3,61
162909;2624;3,56
162910;2619;3,44
162911;2613;3,28
162912;2615;3,34
162913;2619;3,44
162914;2627;3,64
162915;2615;3,34
162916;2636;3,87
162917;2618;3,41
162918;2622;3,51
162919;2614;3,31
162920;2641;3,99
162921;2611;3,23
162922;2640;3,97
162923;2612;3,26
162924;2621;3,49
162925;2607;3,13
162926;2620;3,46
162927;2608;3,16
162928;2615;3,34
162929;2608;3,16
162930;2626;3,61
162931;2622;3,51
162932;2634;3,82
162933;2610;3,21
162934;2609;3,18
162935;2625;3,59
162936;2634;3,82
162937;2614;3,31
162938;2626;3,61
162939;2601;2,98
162940;2641;3,99
162941;2642;4,02
162942;2607;3,13
162943;2604;3,06
162944;2621;3,49
162945;2608;3,16
162946;2621;3,49
162947;2608;3,16
162948;2638;3,92
162949;2624;3,56
162950;2635;3,84
162951;2603;3,03
162952;2640;3,97
162953;2615;3,34
162954;2608;3,16
162955;2611;3,23
162956;2591;2,73
162957;2612;3,26
162958;2651;4,25
162959;2618;3,41
162960;2625;3,59
162961;2606;3,11
162962;2624;3,56
162963;2608;3,16
162964;2609;3,18
162965;2608;3,16
162966;2599;2,93
162967;2604;3,06
162968;2647;4,14
162969;2622;3,51
162970;2615;3,34
162971;2611;3,23
162972;2623;3,54
162973;2614;3,31
162974;2610;3,21
162975;2653;4,30
162976;2656;4,37
162977;2617;3,39
162978;2613;3,28
162979;2610;3,21
162980;2639;3,94
162981;2630;3,71
162982;2636;3,87
162983;2643;4,04
162984;2629;3,69
162985;2623;3,54
162986;2615;3,34
162987;2601;2,98
162988;2640;3,97
162989;2631;3,74
162990;2611;3,23
162991;2626;3,61
162992;2628;3,66
162993;2625;3,59
162994;2640;3,97
162995;2611;3,23
162996;2605;3,08
162997;2615;3,34
162998;2640;3,97
162999;2614;3,31
163000;2625;3,59
163001;2622;3,51
163002;2651;4,25
163003;2617;3,39
163004;2650;4,22
163005;2610;3,21
163006;2615;3,34
163007;2605;3,08
163008;2640;3,97
163009;2603;3,03
163010;2622;3,51
163011;2606;3,11
163012;2641;3,99
163013;2604;3,06
163014;2647;4,14
163015;2610;3,21
163016;2619;3,44
163017;2605;3,08
163018;2606;3,11
163019;2626;3,61
163020;2640;3,97
163021;2615;3,34
163022;2615;3,34
163023;2608;3,16
163024;2641;3,99
163025;2622;3,51
163026;2618;3,41
163027;2619;3,44
163028;2662;4,52
163029;2625;3,59
163030;2624;3,56
163031;2630;3,71
163032;2611;3,23
163033;2623;3,54
163034;2637;3,89
163035;2624;3,56
163036;2646;4,12
163037;2624;3,56
163038;2661;4,50
163039;2635;3,84
163040;2603;3,03
163041;2614;3,31
163042;2614;3,31
163043;2621;3,49
163044;2615;3,34
163045;2633;3,79
163046;2611;3,23
163047;2617;3,39
163048;2627;3,64
163049;2608;3,16
163050;2643;4,04
163051;2626;3,61
163052;2608;3,16
163053;2610;3,21
163054;2619;3,44
163055;2607;3,13
163056;2627;3,64
163057;2615;3,34
163058;2617;3,39
163059;2608;3,16
163060;2649;4,20
163061;2603;3,03
163062;2624;3,56
163063;2612;3,26
163064;2643;4,04
163065;2619;3,44
163066;2630;3,71
163067;2619;3,44
163068;2607;3,13
163069;2609;3,18
163070;2639;3,94
163071;2613;3,28
163072;2640;3,97
163073;2623;3,54
163074;2601;2,98
163075;2611;3,23
163076;2618;3,41
163077;2606;3,11
163078;2615;3,34
163079;2599;2,93
163080;2638;3,92
163081;2599;2,93
163082;2618;3,41
163083;2605;3,08
163084;2607;3,13
163085;2598;2,90
163086;2642;4,02
163087;2608;3,16
163088;2619;3,44
163089;2608;3,16
163090;2624;3,56
163091;2608;3,16
163092;2608;3,16
163093;2607;3,13
163094;2653;4,30
163095;2618;3,41
163096;2623;3,54
163097;2608;3,16
163098;2613;3,28
163099;2607;3,13
163100;2623;3,54
163101;2624;3,56
163102;2608;3,16
163103;2610;3,21
163104;2614;3,31
163105;2614;3,31
163106;2611;3,23
163107;2608;3,16
163108;2621;3,49
163109;2624;3,56
163110;2611;3,23
163111;2603;3,03
163112;2611;3,23
163113;2614;3,31
163114;2609;3,18
163115;2608;3,16
163116;2608;3,16
163117;2610;3,21
163118;2618;3,41
163119;2608;3,16
163120;2608;3,16
163121;2605;3,08
163122;2613;3,28
163123;2615;3,34
163124;2608;3,16
163125;2608;3,16
163126;2614;3,31
163127;2607;3,13
163128;2608;3,16
163129;2610;3,21
163130;2613;3,28
163131;2622;3,51
163132;2606;3,11
163133;2611;3,23
163134;2597;2,88
163135;2624;3,56
163136;2615;3,34
163137;2603;3,03
163138;2621;3,49
163139;2615;3,34
163140;2615;3,34
163141;2624;3,56
163142;2608;3,16
163143;2608;3,16
163144;2613;3,28
163145;2606;3,11
163146;2631;3,74
163147;2614;3,31
163148;2637;3,89
163149;2631;3,74
163150;2631;3,74
163151;2619;3,44
163152;2623;3,54
163153;2607;3,13
163154;2650;4,22
163155;2622;3,51
163156;2619;3,44
163157;2622;3,51
163158;2623;3,54
163159;2623;3,54
163160;2625;3,59
163161;2622;3,51
163162;2623;3,54
163163;2661;4,50
163164;2625;3,59
163165;2629;3,69
163166;2631;3,74
163167;2621;3,49
163168;2638;3,92
163169;2628;3,66
163170;2637;3,89
163171;2624;3,56
163172;2633;3,79
163173;2627;3,64
163174;2637;3,89
163175;2624;3,56
163176;2631;3,74
163177;2612;3,26
163178;2637;3,89
163179;2623;3,54
163180;2622;3,51
163181;2617;3,39
163182;2627;3,64
163183;2625;3,59
163184;2614;3,31
163185;2616;3,36
163186;2609;3,18
163187;2609;3,18
163188;2612;3,26
163189;2609;3,18
163190;2624;3,56
163191;2617;3,39
163192;2615;3,34
163193;2609;3,18
163194;2611;3,23
163195;2605;3,08
163196;2617;3,39
163197;2614;3,31
163198;2611;3,23
163199;2620;3,46
163200;2624;3,56
163201;2614;3,31
163202;2608;3,16
163203;2610;3,21
163204;2605;3,08
163205;2608;3,16
163206;2607;3,13
163207;2606;3,11
163208;2608;3,16
163209;2607;3,13
163210;2599;2,93
163211;2619;3,44
163212;2610;3,21
163213;2615;3,34
163214;2615;3,34
163215;2621;3,49
163216;2623;3,54
163217;2618;3,41
163218;2618;3,41
163219;2617;3,39
163220;2617;3,39
163221;2608;3,16
163222;2615;3,34
163223;2623;3,54
163224;2607;3,13
163225;2633;3,79
163226;2611;3,23
163227;2622;3,51
163228;2607;3,13
163229;2624;3,56
163230;2624;3,56
163231;2614;3,31
163232;2618;3,41
163233;2610;3,21
163234;2608;3,16
163235;2621;3,49
163236;2612;3,26
163237;2613;3,28
163238;2619;3,44
163239;2620;3,46
163240;2623;3,54
163241;2610;3,21
163242;2621;3,49
163243;2608;3,16
163244;2609;3,18
163245;2610;3,21
163246;2610;3,21
163247;2606;3,11
163248;2608;3,16
163249;2614;3,31
163250;2624;3,56
163251;2608;3,16
163252;2608;3,16
163253;2607;3,13
163254;2608;3,16
163255;2607;3,13
163256;2599;2,93
163257;2608;3,16
163258;2607;3,13
163259;2605;3,08
163260;2606;3,11
163261;2608;3,16
163262;2601;2,98
163263;2608;3,16
163264;2653;4,30
163265;2606;3,11
163266;2599;2,93
163267;2608;3,16
163268;2606;3,11
163269;2608;3,16
163270;2614;3,31
163271;2613;3,28
163272;2610;3,21
163273;2603;3,03
163274;2619;3,44
163275;2617;3,39
163276;2621;3,49
163277;2620;3,46
163278;2618;3,41
163279;2613;3,28
163280;2618;3,41
163281;2624;3,56
163282;2620;3,46
163283;2618;3,41
163284;2622;3,51
163285;2621;3,49
163286;2629;3,69
163287;2617;3,39
163288;2628;3,66
163289;2640;3,97
163290;2624;3,56
163291;2622;3,51
163292;2623;3,54
163293;2624;3,56
163294;2631;3,74
163295;2628;3,66
163296;2642;4,02
163297;2635;3,84
163298;2638;3,92
163299;2624;3,56
163300;2625;3,59
163301;2631;3,74
163302;2641;3,99
163303;2640;3,97
163304;2626;3,61
163305;2624;3,56
163306;2621;3,49
163307;2618;3,41
163308;2624;3,56
163309;2629;3,69
163310;2624;3,56
163311;2611;3,23
163312;2615;3,34
163313;2621;3,49
163314;2618;3,41
163315;2612;3,26
163316;2624;3,56
163317;2601;2,98
163318;2608;3,16
163319;2622;3,51
163320;2621;3,49
163321;2624;3,56
163322;2608;3,16
163323;2619;3,44
163324;2623;3,54
163325;2606;3,11
163326;2617;3,39
163327;2608;3,16
163328;2608;3,16
163329;2609;3,18
163330;2610;3,21
163331;2620;3,46
163332;2608;3,16
163333;2611;3,23
163334;2608;3,16
163335;2622;3,51
163336;2624;3,56
163337;2609;3,18
163338;2608;3,16
163339;2613;3,28
163340;2624;3,56
163341;2633;3,79
163342;2639;3,94
163343;2611;3,23
163344;2611;3,23
163345;2608;3,16
163346;2627;3,64
163347;2614;3,31
163348;2613;3,28
163349;2611;3,23
163350;2624;3,56
163351;2615;3,34
163352;2622;3,51
163353;2627;3,64
163354;2624;3,56
163355;2624;3,56
163356;2622;3,51
163357;2624;3,56
163358;2624;3,56
163359;2640;3,97
163360;2624;3,56
163361;2634;3,82
163362;2629;3,69
163363;2629;3,69
163364;2630;3,71
163365;2634;3,82
163366;2635;3,84
163367;2631;3,74
163368;2643;4,04
163369;2640;3,97
163370;2624;3,56
163371;2630;3,71
163372;2639;3,94
163373;2640;3,97
163374;2631;3,74
163375;2636;3,87
163376;2629;3,69
163377;2625;3,59
163378;2630;3,71
163379;2638;3,92
163380;2637;3,89
163381;2631;3,74
163382;2638;3,92
163383;2640;3,97
163384;2646;4,12
163385;2657;4,40
163386;2635;3,84
163387;2631;3,74
163388;2631;3,74
163389;2635;3,84
163390;2626;3,61
163391;2629;3,69
163392;2640;3,97
163393;2635;3,84
163394;2641;3,99
163395;2625;3,59
163396;2624;3,56
163397;2630;3,71
163398;2623;3,54
163399;2640;3,97
163400;2626;3,61
163401;2618;3,41
163402;2626;3,61
163403;2631;3,74
163404;2624;3,56
163405;2618;3,41
163406;2617;3,39
163407;2608;3,16
163408;2611;3,23
163409;2656;4,37
163410;2615;3,34
163411;2606;3,11
163412;2621;3,49
163413;2613;3,28
163414;2611;3,23
163415;2619;3,44
163416;2611;3,23
163417;2608;3,16
163418;2611;3,23
163419;2606;3,11
163420;2597;2,88
163421;2609;3,18
163422;2602;3,01
163423;2607;3,13
163424;2608;3,16
163425;2609;3,18
163426;2607;3,13
163427;2615;3,34
163428;2608;3,16
163429;2612;3,26
163430;2611;3,23
163431;2619;3,44
163432;2623;3,54
163433;2610;3,21
163434;2622;3,51
163435;2630;3,71
163436;2635;3,84
163437;2625;3,59
163438;2619;3,44
163439;2624;3,56
163440;2630;3,71
163441;2639;3,94
163442;2634;3,82
163443;2639;3,94
163444;2640;3,97
163445;2653;4,30
163446;2637;3,89
163447;2641;3,99
163448;2639;3,94
163449;2661;4,50
163450;2640;3,97
163451;2640;3,97
163452;2643;4,04
163453;2637;3,89
163454;2644;4,07
163455;2641;3,99
163456;2644;4,07
163457;2643;4,04
163458;2642;4,02
163459;2639;3,94
163460;2651;4,25
163461;2643;4,04
163462;2640;3,97
163463;2633;3,79
163464;2651;4,25
163465;2631;3,74
163466;2627;3,64
163467;2662;4,52
163468;2634;3,82
163469;2624;3,56
163470;2624;3,56
163471;2623;3,54
163472;2619;3,44
163473;2627;3,64
163474;2619;3,44
163475;2618;3,41
163476;2646;4,12
163477;2618;3,41
163478;2615;3,34
163479;2611;3,23
163480;2614;3,31
163481;2608;3,16
163482;2608;3,16
163483;2610;3,21
163484;2613;3,28
163485;2618;3,41
163486;2615;3,34
163487;2610;3,21
163488;2625;3,59
163489;2606;3,11
163490;2614;3,31
163491;2603;3,03
163492;2604;3,06
163493;2610;3,21
163494;2605;3,08
163495;2608;3,16
163496;2610;3,21
163497;2608;3,16
163498;2609;3,18
163499;2624;3,56
163500;2615;3,34
163501;2625;3,59
163502;2626;3,61
163503;2621;3,49
163504;2631;3,74
163505;2623;3,54
163506;2640;3,97
163507;2620;3,46
163508;2624;3,56
163509;2628;3,66
163510;2636;3,87
163511;2623;3,54
163512;2636;3,87
163513;2622;3,51
163514;2637;3,89
163515;2624;3,56
163516;2625;3,59
163517;2631;3,74
163518;2632;3,77
163519;2634;3,82
163520;2624;3,56
163521;2630;3,71
163522;2630;3,71
163523;2627;3,64
163524;2624;3,56
163525;2624;3,56
163526;2622;3,51
163527;2624;3,56
163528;2624;3,56
163529;2623;3,54
163530;2612;3,26
163531;2626;3,61
163532;2630;3,71
163533;2620;3,46
163534;2615;3,34
163535;2623;3,54
163536;2613;3,28
163537;2615;3,34
163538;2614;3,31
163539;2608;3,16
163540;2617;3,39
163541;2607;3,13
163542;2611;3,23
163543;2625;3,59
163544;2606;3,11
163545;2608;3,16
163546;2600;2,96
163547;2623;3,54
163548;2605;3,08
163549;2619;3,44
163550;2606;3,11
163551;2605;3,08
163552;2603;3,03
163553;2623;3,54
163554;2611;3,23
163555;2608;3,16
163556;2604;3,06
163557;2609;3,18
163558;2606;3,11
163559;2609;3,18
163560;2608;3,16
163561;2610;3,21
163562;2605;3,08
163563;2619;3,44
163564;2607;3,13
163565;2608;3,16
163566;2610;3,21
163567;2619;3,44
163568;2605;3,08
163569;2608;3,16
163570;2614;3,31
163571;2624;3,56
163572;2610;3,21
163573;2613;3,28
163574;2613;3,28
163575;2627;3,64
163576;2624;3,56
163577;2631;3,74
163578;2624;3,56
163579;2625;3,59
163580;2624;3,56
163581;2619;3,44
163582;2622;3,51
163583;2624;3,56
163584;2617;3,39
163585;2630;3,71
163586;2622;3,51
163587;2623;3,54
163588;2624;3,56
163589;2637;3,89
163590;2619;3,44
163591;2623;3,54
163592;2622;3,51
163593;2642;4,02
163594;2635;3,84
163595;2648;4,17
163596;2624;3,56
163597;2623;3,54
163598;2624;3,56
163599;2623;3,54
163600;2637;3,89
163601;2627;3,64
163602;2633;3,79
163603;2624;3,56
163604;2629;3,69
163605;2631;3,74
163606;2630;3,71
163607;2622;3,51
163608;2617;3,39
163609;2620;3,46
163610;2609;3,18
163611;2618;3,41
163612;2623;3,54
163613;2625;3,59
163614;2628;3,66
163615;2629;3,69
163616;2627;3,64
163617;2637;3,89
163618;2624;3,56
163619;2638;3,92
163620;2611;3,23
163621;2625;3,59
163622;2609;3,18
163623;2624;3,56
163624;2609;3,18
163625;2622;3,51
163626;2617;3,39
163627;2626;3,61
163628;2613;3,28
163629;2612;3,26
163630;2617;3,39
163631;2617;3,39
163632;2608;3,16
163633;2609;3,18
163634;2608;3,16
163635;2611;3,23
163636;2611;3,23
163637;2624;3,56
163638;2631;3,74
163639;2619;3,44
163640;2633;3,79
163641;2635;3,84
163642;2626;3,61
163643;2639;3,94
163644;2631;3,74
163645;2623;3,54
163646;2634;3,82
163647;2628;3,66
163648;2640;3,97
163649;2626;3,61
163650;2624;3,56
163651;2640;3,97
163652;2640;3,97
163653;2634;3,82
163654;2634;3,82
163655;2642;4,02
163656;2640;3,97
163657;2638;3,92
163658;2643;4,04
163659;2641;3,99
163660;2654;4,32
163661;2640;3,97
163662;2631;3,74
163663;2630;3,71
163664;2630;3,71
163665;2643;4,04
163666;2644;4,07
163667;2640;3,97
163668;2647;4,14
163669;2676;4,88
163670;2633;3,79
163671;2631;3,74
163672;2627;3,64
163673;2628;3,66
163674;2630;3,71
163675;2635;3,84
163676;2640;3,97
163677;2645;4,09
163678;2657;4,40
163679;2631;3,74
163680;2623;3,54
163681;2619;3,44
163682;2629;3,69
163683;2614;3,31
163684;2626;3,61
163685;2615;3,34
163686;2624;3,56
163687;2621;3,49
163688;2631;3,74
163689;2613;3,28
163690;2634;3,82
163691;2620;3,46
163692;2614;3,31
163693;2615;3,34
163694;2624;3,56
163695;2618;3,41
163696;2614;3,31
163697;2608;3,16
163698;2614;3,31
163699;2608;3,16
163700;2635;3,84
163701;2613;3,28
163702;2656;4,37
163703;2607;3,13
163704;2628;3,66
163705;2619;3,44
163706;2608;3,16
163707;2625;3,59
163708;2615;3,34
163709;2609;3,18
163710;2618;3,41
163711;2618;3,41
163712;2618;3,41
163713;2608;3,16
163714;2619;3,44
163715;2608;3,16
163716;2619;3,44
163717;2608;3,16
163718;2613;3,28
163719;2620;3,46
163720;2618;3,41
163721;2610;3,21
163722;2633;3,79
163723;2626;3,61
163724;2626;3,61
163725;2624;3,56
163726;2628;3,66
163727;2624;3,56
163728;2626;3,61
163729;2621;3,49
163730;2637;3,89
163731;2633;3,79
163732;2617;3,39
163733;2633;3,79
163734;2634;3,82
163735;2618;3,41
163736;2624;3,56
163737;2624;3,56
163738;2617;3,39
163739;2618;3,41
163740;2615;3,34
163741;2619;3,44
163742;2615;3,34
163743;2618;3,41
163744;2619;3,44
163745;2621;3,49
163746;2627;3,64
163747;2610;3,21
163748;2619;3,44
163749;2616;3,36
163750;2621;3,49
163751;2608;3,16
163752;2626;3,61
163753;2623;3,54
163754;2623;3,54
163755;2614;3,31
163756;2618;3,41
163757;2612;3,26
163758;2610;3,21
163759;2623;3,54
163760;2608;3,16
163761;2614;3,31
163762;2609;3,18
163763;2612;3,26
163764;2621;3,49
163765;2617;3,39
163766;2619;3,44
163767;2619;3,44
163768;2621;3,49
163769;2624;3,56
163770;2624;3,56
163771;2621;3,49
163772;2627;3,64
163773;2621;3,49
163774;2630;3,71
163775;2623;3,54
163776;2637;3,89
163777;2627;3,64
163778;2615;3,34
163779;2629;3,69
163780;2629;3,69
163781;2629;3,69
163782;2630;3,71
163783;2635;3,84
163784;2645;4,09
163785;2651;4,25
163786;2634;3,82
163787;2648;4,17
163788;2636;3,87
163789;2625;3,59
163790;2631;3,74
163791;2627;3,64
163792;2621;3,49
163793;2626;3,61
163794;2630;3,71
163795;2633;3,79
163796;2686;5,13
163797;2622;3,51
163798;2634;3,82
163799;2623;3,54
163800;2624;3,56
163801;2618;3,41
163802;2616;3,36
163803;2631;3,74
163804;2617;3,39
163805;2634;3,82
163806;2611;3,23
163807;2622;3,51
163808;2622;3,51
163809;2624;3,56
163810;2615;3,34
163811;2615;3,34
163812;2635;3,84
163813;2624;3,56
163814;2624;3,56
163815;2624;3,56
163816;2615;3,34
163817;2624;3,56
163818;2618;3,41
163819;2642;4,02
163820;2626;3,61
163821;2616;3,36
163822;2625;3,59
163823;2622;3,51
163824;2631;3,74
163825;2640;3,97
163826;2624;3,56
163827;2619;3,44
163828;2626;3,61
163829;2617;3,39
163830;2614;3,31
163831;2621;3,49
163832;2624;3,56
163833;2647;4,14
163834;2624;3,56
163835;2630;3,71
163836;2627;3,64
163837;2634;3,82
163838;2628;3,66
163839;2633;3,79
163840;2639;3,94
163841;2637;3,89
163842;2641;3,99
163843;2631;3,74
163844;2633;3,79
163845;2615;3,34
163846;2685;5,11
163847;2640;3,97
163848;2631;3,74
163849;2639;3,94
163850;2640;3,97
163851;2635;3,84
163852;2655;4,35
163853;2639;3,94
163854;2663;4,55
163855;2661;4,50
163856;2657;4,40
163857;2683;5,06
163858;2640;3,97
163859;2650;4,22
163860;2642;4,02
163861;2635;3,84
163862;2633;3,79
163863;2640;3,97
163864;2639;3,94
163865;2631;3,74
163866;2640;3,97
163867;2641;3,99
163868;2627;3,64
163869;2643;4,04
163870;2621;3,49
163871;2637;3,89
163872;2625;3,59
163873;2620;3,46
163874;2619;3,44
163875;2645;4,09
163876;2623;3,54
163877;2614;3,31
163878;2634;3,82
163879;2609;3,18
163880;2602;3,01
163881;2619;3,44
163882;2624;3,56
163883;2619;3,44
163884;2613;3,28
163885;2618;3,41
163886;2631;3,74
163887;2640;3,97
163888;2625;3,59
163889;2592;2,75
163890;2601;2,98
163891;2611;3,23
163892;2606;3,11
163893;2604;3,06
163894;2605;3,08
163895;2605;3,08
163896;2608;3,16
163897;2611;3,23
163898;2624;3,56
163899;2628;3,66
163900;2626;3,61
163901;2608;3,16
163902;2609;3,18
163903;2628;3,66
163904;2608;3,16
163905;2619;3,44
163906;2621;3,49
163907;2605;3,08
163908;2624;3,56
163909;2618;3,41
163910;2608;3,16
163911;2633;3,79
163912;2612;3,26
163913;2610;3,21
163914;2640;3,97
163915;2624;3,56
163916;2623;3,54
163917;2640;3,97
163918;2640;3,97
163919;2625;3,59
163920;2634;3,82
163921;2629;3,69
163922;2651;4,25
163923;2638;3,92
163924;2646;4,12
163925;2627;3,64
163926;2630;3,71
163927;2627;3,64
163928;2646;4,12
163929;2631;3,74
163930;2644;4,07
163931;2646;4,12
163932;2642;4,02
163933;2639;3,94
163934;2630;3,71
163935;2636;3,87
163936;2631;3,74
163937;2639;3,94
163938;2634;3,82
163939;2634;3,82
163940;2638;3,92
163941;2653;4,30
163942;2641;3,99
163943;2633;3,79
163944;2639;3,94
163945;2627;3,64
163946;2627;3,64
163947;2628;3,66
163948;2640;3,97
163949;2634;3,82
163950;2641;3,99
163951;2624;3,56
163952;2622;3,51
163953;2630;3,71
163954;2621;3,49
163955;2617;3,39
163956;2621;3,49
163957;2623;3,54
163958;2611;3,23
163959;2617;3,39
163960;2624;3,56
163961;2620;3,46
163962;2612;3,26
163963;2608;3,16
163964;2611;3,23
163965;2635;3,84
163966;2631;3,74
163967;2635;3,84
163968;2619;3,44
163969;2615;3,34
163970;2639;3,94
163971;2615;3,34
163972;2629;3,69
163973;2622;3,51
163974;2620;3,46
163975;2625;3,59
163976;2618;3,41
163977;2629;3,69
163978;2608;3,16
163979;2612;3,26
163980;2611;3,23
163981;2608;3,16
163982;2619;3,44
163983;2631;3,74
163984;2613;3,28
163985;2629;3,69
163986;2640;3,97
163987;2612;3,26
163988;2624;3,56
163989;2627;3,64
163990;2624;3,56
163991;2640;3,97
163992;2630;3,71
163993;2638;3,92
163994;2627;3,64
163995;2630;3,71
163996;2625;3,59
163997;2651;4,25
163998;2647;4,14
163999;2637;3,89
164000;2633;3,79
164001;2637;3,89
164002;2655;4,35
164003;2640;3,97
164004;2653;4,30
164005;2640;3,97
164006;2643;4,04
164007;2656;4,37
164008;2656;4,37
164009;2669;4,70
164010;2639;3,94
164011;2659;4,45
164012;2630;3,71
164013;2637;3,89
164014;2643;4,04
164015;2638;3,92
164016;2634;3,82
164017;2651;4,25
164018;2641;3,99
164019;2667;4,65
164020;2655;4,35
164021;2635;3,84
164022;2639;3,94
164023;2663;4,55
164024;2629;3,69
164025;2640;3,97
164026;2629;3,69
164027;2634;3,82
164028;2631;3,74
164029;2634;3,82
164030;2635;3,84
164031;2627;3,64
164032;2639;3,94
164033;2627;3,64
164034;2624;3,56
164035;2628;3,66
164036;2624;3,56
164037;2625;3,59
164038;2626;3,61
164039;2624;3,56
164040;2623;3,54
164041;2624;3,56
164042;2627;3,64
164043;2629;3,69
164044;2623;3,54
164045;2617;3,39
164046;2640;3,97
164047;2641;3,99
164048;2625;3,59
164049;2618;3,41
164050;2625;3,59
164051;2615;3,34
164052;2611;3,23
164053;2627;3,64
164054;2624;3,56
164055;2623;3,54
164056;2650;4,22
164057;2624;3,56
164058;2614;3,31
164059;2614;3,31
164060;2618;3,41
164061;2635;3,84
164062;2610;3,21
164063;2612;3,26
164064;2612;3,26
164065;2622;3,51
164066;2623;3,54
164067;2622;3,51
164068;2619;3,44
164069;2624;3,56
164070;2615;3,34
164071;2621;3,49
164072;2618;3,41
164073;2643;4,04
164074;2621;3,49
164075;2624;3,56
164076;2619;3,44
164077;2624;3,56
164078;2634;3,82
164079;2626;3,61
164080;2623;3,54
164081;2678;4,93
164082;2628;3,66
164083;2635;3,84
164084;2628;3,66
164085;2634;3,82
164086;2629;3,69
164087;2641;3,99
164088;2663;4,55
164089;2656;4,37
164090;2628;3,66
164091;2634;3,82
164092;2631;3,74
164093;2637;3,89
164094;2639;3,94
164095;2640;3,97
164096;2638;3,92
164097;2642;4,02
164098;2640;3,97
164099;2628;3,66
164100;2653;4,30
164101;2626;3,61
164102;2635;3,84
164103;2634;3,82
164104;2640;3,97
164105;2647;4,14
164106;2638;3,92
164107;2672;4,78
164108;2638;3,92
164109;2646;4,12
164110;2629;3,69
164111;2631;3,74
164112;2627;3,64
164113;2652;4,27
164114;2629;3,69
164115;2642;4,02
164116;2631;3,74
164117;2627;3,64
164118;2624;3,56
164119;2629;3,69
164120;2623;3,54
164121;2621;3,49
164122;2635;3,84
164123;2615;3,34
164124;2629;3,69
164125;2621;3,49
164126;2618;3,41
164127;2621;3,49
164128;2619;3,44
164129;2614;3,31
164130;2634;3,82
164131;2617;3,39
164132;2618;3,41
164133;2615;3,34
164134;2614;3,31
164135;2620;3,46
164136;2625;3,59
164137;2640;3,97
164138;2613;3,28
164139;2640;3,97
164140;2621;3,49
164141;2623;3,54
164142;2640;3,97
164143;2653;4,30
164144;2633;3,79
164145;2641;3,99
164146;2625;3,59
164147;2634;3,82
164148;2631;3,74
164149;2627;3,64
164150;2637;3,89
164151;2635;3,84
164152;2640;3,97
164153;2659;4,45
164154;2637;3,89
164155;2641;3,99
164156;2640;3,97
164157;2640;3,97
164158;2639;3,94
164159;2638;3,92
164160;2640;3,97
164161;2649;4,20
164162;2640;3,97
164163;2641;3,99
164164;2653;4,30
164165;2655;4,35
164166;2643;4,04
164167;2651;4,25
164168;2646;4,12
164169;2654;4,32
164170;2640;3,97
164171;2667;4,65
164172;2642;4,02
164173;2644;4,07
164174;2644;4,07
164175;2640;3,97
164176;2668;4,68
164177;2646;4,12
164178;2649;4,20
164179;2646;4,12
164180;2640;3,97
164181;2641;3,99
164182;2638;3,92
164183;2640;3,97
164184;2653;4,30
164185;2647;4,14
164186;2637;3,89
164187;2634;3,82
164188;2627;3,64
164189;2635;3,84
164190;2631;3,74
164191;2642;4,02
164192;2625;3,59
164193;2624;3,56
164194;2619;3,44
164195;2624;3,56
164196;2625;3,59
164197;2638;3,92
164198;2619;3,44
164199;2635;3,84
164200;2635;3,84
164201;2629;3,69
164202;2635;3,84
164203;2627;3,64
164204;2621;3,49
164205;2621;3,49
164206;2622;3,51
164207;2623;3,54
164208;2633;3,79
164209;2630;3,71
164210;2633;3,79
164211;2625;3,59
164212;2637;3,89
164213;2634;3,82
164214;2637;3,89
164215;2634;3,82
164216;2639;3,94
164217;2645;4,09
164218;2623;3,54
164219;2629;3,69
164220;2627;3,64
164221;2626;3,61
164222;2649;4,20
164223;2631;3,74
164224;2640;3,97
164225;2642;4,02
164226;2643;4,04
164227;2639;3,94
164228;2621;3,49
164229;2622;3,51
164230;2637;3,89
164231;2638;3,92
164232;2640;3,97
164233;2639;3,94
164234;2626;3,61
164235;2639;3,94
164236;2635;3,84
164237;2631;3,74
164238;2638;3,92
164239;2631;3,74
164240;2661;4,50
164241;2638;3,92
164242;2654;4,32
164243;2639;3,94
164244;2637;3,89
164245;2635;3,84
164246;2631;3,74
164247;2634;3,82
164248;2631;3,74
164249;2630;3,71
164250;2629;3,69
164251;2645;4,09
164252;2626;3,61
164253;2627;3,64
164254;2636;3,87
164255;2654;4,32
164256;2621;3,49
164257;2629;3,69
164258;2624;3,56
164259;2627;3,64
164260;2640;3,97
164261;2624;3,56
164262;2624;3,56
164263;2623;3,54
164264;2624;3,56
164265;2651;4,25
164266;2628;3,66
164267;2624;3,56
164268;2620;3,46
164269;2629;3,69
164270;2666;4,63
164271;2647;4,14
164272;2621;3,49
164273;2624;3,56
164274;2631;3,74
164275;2621;3,49
164276;2626;3,61
164277;2626;3,61
164278;2624;3,56
164279;2618;3,41
164280;2644;4,07
164281;2647;4,14
164282;2640;3,97
164283;2624;3,56
164284;2625;3,59
164285;2634;3,82
164286;2650;4,22
164287;2633;3,79
164288;2626;3,61
164289;2624;3,56
164290;2640;3,97
164291;2638;3,92
164292;2625;3,59
164293;2628;3,66
164294;2635;3,84
164295;2633;3,79
164296;2646;4,12
164297;2641;3,99
164298;2636;3,87
164299;2640;3,97
164300;2654;4,32
164301;2642;4,02
164302;2641;3,99
164303;2640;3,97
164304;2637;3,89
164305;2640;3,97
164306;2665;4,60
164307;2638;3,92
164308;2630;3,71
164309;2651;4,25
164310;2644;4,07
164311;2640;3,97
164312;2641;3,99
164313;2645;4,09
164314;2640;3,97
164315;2641;3,99
164316;2633;3,79
164317;2637;3,89
164318;2637;3,89
164319;2647;4,14
164320;2628;3,66
164321;2641;3,99
164322;2640;3,97
164323;2638;3,92
164324;2636;3,87
164325;2640;3,97
164326;2634;3,82
164327;2640;3,97
164328;2633;3,79
164329;2636;3,87
164330;2640;3,97
164331;2640;3,97
164332;2640;3,97
164333;2638;3,92
164334;2627;3,64
164335;2639;3,94
164336;2630;3,71
164337;2667;4,65
164338;2631;3,74
164339;2659;4,45
164340;2640;3,97
164341;2629;3,69
164342;2633;3,79
164343;2624;3,56
164344;2624;3,56
164345;2629;3,69
164346;2639;3,94
164347;2638;3,92
164348;2629;3,69
164349;2649;4,20
164350;2649;4,20
164351;2640;3,97
164352;2639;3,94
164353;2624;3,56
164354;2638;3,92
164355;2629;3,69
164356;2657;4,40
164357;2659;4,45
164358;2634;3,82
164359;2655;4,35
164360;2655;4,35
164361;2637;3,89
164362;2635;3,84
164363;2629;3,69
164364;2639;3,94
164365;2631;3,74
164366;2640;3,97
164367;2641;3,99
164368;2640;3,97
164369;2643;4,04
164370;2642;4,02
164371;2640;3,97
164372;2640;3,97
164373;2662;4,52
164374;2654;4,32
164375;2651;4,25
164376;2643;4,04
164377;2641;3,99
164378;2645;4,09
164379;2662;4,52
164380;2657;4,40
164381;2651;4,25
164382;2646;4,12
164383;2643;4,04
164384;2645;4,09
164385;2659;4,45
164386;2659;4,45
164387;2651;4,25
164388;2654;4,32
164389;2665;4,60
164390;2649;4,20
164391;2655;4,35
164392;2646;4,12
164393;2656;4,37
164394;2658;4,42
164395;2679;4,95
164396;2652;4,27
164397;2662;4,52
164398;2663;4,55
164399;2663;4,55
164400;2655;4,35
164401;2665;4,60
164402;2657;4,40
164403;2662;4,52
164404;2656;4,37
164405;2662;4,52
164406;2666;4,63
164407;2683;5,06
164408;2667;4,65
164409;2663;4,55
164410;2661;4,50
164411;2661;4,50
164412;2684;5,08
164413;2663;4,55
164414;2662;4,52
164415;2660;4,47
164416;2671;4,75
164417;2661;4,50
164418;2667;4,65
164419;2665;4,60
164420;2672;4,78
164421;2672;4,78
164422;2687;5,16
164423;2672;4,78
164424;2678;4,93
164425;2675;4,85
164426;2675;4,85
164427;2679;4,95
164428;2682;5,03
164429;2688;5,18
164430;2687;5,16
164431;2688;5,18
164432;2676;4,88
164433;2683;5,06
164434;2679;4,95
164435;2703;5,56
164436;2693;5,31
164437;2687;5,16
164438;2714;5,84
164439;2706;5,64
164440;2695;5,36
164441;2713;5,81
164442;2702;5,54
164443;2711;5,76
164444;2725;6,12
164445;2704;5,59
164446;2731;6,27
164447;2722;6,04
164448;2694;5,33
164449;2731;6,27
164450;2707;5,66
164451;2727;6,17
164452;2709;5,71
164453;2716;5,89
164454;2717;5,92
164455;2711;5,76
164456;2721;6,02
164457;2739;6,47
164458;2719;5,97
164459;2710;5,74
164460;2736;6,40
164461;2750;6,75
164462;2756;6,90
164463;2733;6,32
164464;2727;6,17
164465;2737;6,42
164466;2737;6,42
164467;2742;6,55
164468;2737;6,42
164469;2735;6,37
164470;2738;6,45
164471;2753;6,83
164472;2739;6,47
164473;2741;6,52
164474;2768;7,21
164475;2752;6,80
164476;2765;7,13
164477;2758;6,95
164478;2749;6,73
164479;2754;6,85
164480;2777;7,43
164481;2765;7,13
164482;2768;7,21
164483;2779;7,48
164484;2785;7,64
164485;2758;6,95
164486;2771;7,28
164487;2766;7,16
164488;2773;7,33
164489;2798;7,97
164490;2768;7,21
164491;2767;7,18
164492;2769;7,23
164493;2767;7,18
164494;2777;7,43
164495;2770;7,26
164496;2769;7,23
164497;2771;7,28
164498;2800;8,02
164499;2781;7,54
164500;2762;7,05
164501;2774;7,36
164502;2777;7,43
164503;2773;7,33
164504;2771;7,28
164505;2784;7,61
164506;2788;7,71
164507;2779;7,48
164508;2800;8,02
164509;2789;7,74
164510;2784;7,61
164511;2802;8,07
164512;2785;7,64
164513;2783;7,59
164514;2802;8,07
164515;2804;8,12
164516;2791;7,79
164517;2798;7,97
164518;2798;7,97
164519;2794;7,86
164520;2787;7,69
164521;2800;8,02
164522;2800;8,02
164523;2809;8,24
164524;2797;7,94
164525;2825;8,65
164526;2796;7,91
164527;2813;8,35
164528;2790;7,76
164529;2800;8,02
164530;2816;8,42
164531;2825;8,65
164532;2802;8,07
164533;2800;8,02
164534;2829;8,75
164535;2811;8,29
164536;2810;8,27
164537;2828;8,72
164538;2817;8,45
164539;2835;8,90
164540;2827;8,70
164541;2807;8,19
164542;2813;8,35
164543;2815;8,40
164544;2839;9,00
164545;2832;8,83
164546;2817;8,45
164547;2827;8,70
164548;2821;8,55
164549;2821;8,55
164550;2822;8,57
164551;2819;8,50
164552;2823;8,60
164553;2816;8,42
164554;2805;8,14
164555;2838;8,98
164556;2805;8,14
164557;2816;8,42
164558;2819;8,50
164559;2853;9,36
164560;2815;8,40
164561;2832;8,83
164562;2818;8,47
164563;2834;8,88
164564;2847;9,21
164565;2836;8,93
164566;2814;8,37
164567;2837;8,95
164568;2810;8,27
164569;2854;9,38
164570;2817;8,45
164571;2849;9,26
164572;2838;8,98
164573;2847;9,21
164574;2846;9,18
164575;2836;8,93
164576;2822;8,57
164577;2818;8,47
164578;2834;8,88
164579;2847;9,21
164580;2823;8,60
164581;2832;8,83
164582;2816;8,42
164583;2814;8,37
164584;2811;8,29
164585;2805;8,14
164586;2798;7,97
164587;2812;8,32
164588;2833;8,85
164589;2813;8,35
164590;2812;8,32
164591;2805;8,14
164592;2805;8,14
164593;2813;8,35
164594;2815;8,40
164595;2814;8,37
164596;2816;8,42
164597;2849;9,26
164598;2822;8,57
164599;2843;9,10
164600;2820;8,52
164601;2826;8,67
164602;2826;8,67
164603;2827;8,70
164604;2820;8,52
164605;2817;8,45
164606;2831;8,80
164607;2830;8,78
164608;2815;8,40
164609;2845;9,15
164610;2816;8,42
164611;2816;8,42
164612;2814;8,37
164613;2827;8,70
164614;2811;8,29
164615;2815;8,40
164616;2811;8,29
164617;2822;8,57
164618;2832;8,83
164619;2818;8,47
164620;2816;8,42
164621;2819;8,50
164622;2817;8,45
164623;2811;8,29
164624;2837;8,95
164625;2830;8,78
164626;2814;8,37
164627;2838;8,98
164628;2817;8,45
164629;2843;9,10
164630;2827;8,70
164631;2830;8,78
164632;2817;8,45
164633;2818;8,47
164634;2816;8,42
164635;2832;8,83
164636;2812;8,32
164637;2832;8,83
164638;2832;8,83
164639;2815;8,40
164640;2805;8,14
164641;2806;8,17
164642;2806;8,17
164643;2788;7,71
164644;2780;7,51
164645;2806;8,17
164646;2789;7,74
164647;2797;7,94
164648;2787;7,69
164649;2800;8,02
164650;2800;8,02
164651;2789;7,74
164652;2788;7,71
164653;2800;8,02
164654;2787;7,69
164655;2791;7,79
164656;2801;8,04
164657;2803;8,09
164658;2820;8,52
164659;2817;8,45
164660;2830;8,78
164661;2832;8,83
164662;2819;8,50
164663;2834;8,88
164664;2817;8,45
164665;2811;8,29
164666;2841;9,05
164667;2820;8,52
164668;2851;9,31
164669;2843;9,10
164670;2823;8,60
164671;2830;8,78
164672;2813;8,35
164673;2813;8,35
164674;2800;8,02
164675;2783;7,59
164676;2789;7,74
164677;2801;8,04
164678;2793;7,84
164679;2799;7,99
164680;2800;8,02
164681;2809;8,24
164682;2786;7,66
164683;2795;7,89
164684;2794;7,86
164685;2800;8,02
164686;2813;8,35
164687;2794;7,86
164688;2774;7,36
164689;2785;7,64
164690;2773;7,33
164691;2777;7,43
164692;2790;7,76
164693;2761;7,03
164694;2759;6,98
164695;2762;7,05
164696;2751;6,78
164697;2761;7,03
164698;2754;6,85
164699;2745;6,62
164700;2751;6,78
164701;2747;6,68
164702;2751;6,78
164703;2736;6,40
164704;2749;6,73
164705;2768;7,21
164706;2761;7,03
164707;2767;7,18
164708;2768;7,21
164709;2753;6,83
164710;2752;6,80
164711;2769;7,23
164712;2781;7,54
164713;2779;7,48
164714;2777;7,43
164715;2795;7,89
164716;2784;7,61
164717;2786;7,66
164718;2806;8,17
164719;2797;7,94
164720;2783;7,59
164721;2787;7,69
164722;2769;7,23
164723;2781;7,54
164724;2778;7,46
164725;2775;7,38
164726;2781;7,54
164727;2795;7,89
164728;2778;7,46
164729;2785;7,64
164730;2800;8,02
164731;2767;7,18
164732;2762;7,05
164733;2757;6,93
164734;2768;7,21
164735;2768;7,21
164736;2788;7,71
164737;2783;7,59
164738;2761;7,03
164739;2754;6,85
164740;2752;6,80
164741;2752;6,80
164742;2768;7,21
164743;2746;6,65
164744;2743;6,57
164745;2749;6,73
164746;2757;6,93
164747;2764;7,11
164748;2757;6,93
164749;2754;6,85
164750;2745;6,62
164751;2769;7,23
164752;2773;7,33
164753;2762;7,05
164754;2759;6,98
164755;2737;6,42
164756;2763;7,08
164757;2762;7,05
164758;2751;6,78
164759;2739;6,47
164760;2745;6,62
164761;2768;7,21
164762;2731;6,27
164763;2741;6,52
164764;2738;6,45
164765;2743;6,57
164766;2738;6,45
164767;2765;7,13
164768;2736;6,40
164769;2746;6,65
164770;2749;6,73
164771;2761;7,03
164772;2774;7,36
164773;2768;7,21
164774;2753;6,83
164775;2759;6,98
164776;2743;6,57
164777;2758;6,95
164778;2726;6,14
164779;2737;6,42
164780;2740;6,50
164781;2751;6,78
164782;2723;6,07
164783;2746;6,65
164784;2743;6,57
164785;2759;6,98
164786;2736;6,40
164787;2759;6,98
164788;2734;6,35
164789;2773;7,33
164790;2733;6,32
164791;2763;7,08
164792;2768;7,21
164793;2771;7,28
164794;2729;6,22
164795;2736;6,40
164796;2736;6,40
164797;2754;6,85
164798;2737;6,42
164799;2753;6,83
164800;2737;6,42
164801;2723;6,07
164802;2723;6,07
164803;2734;6,35
164804;2738;6,45
164805;2724;6,09
164806;2756;6,90
164807;2748;6,70
164808;2719;5,97
164809;2737;6,42
164810;2753;6,83
164811;2753;6,83
164812;2737;6,42
164813;2750;6,75
164814;2729;6,22
164815;2727;6,17
164816;2715;5,87
164817;2741;6,52
164818;2715;5,87
164819;2742;6,55
164820;2752;6,80
164821;2753;6,83
164822;2752;6,80
164823;2745;6,62
164824;2749;6,73
164825;2720;5,99
164826;2727;6,17
164827;2736;6,40
164828;2710;5,74
164829;2717;5,92
164830;2709;5,71
164831;2736;6,40
164832;2704;5,59
164833;2721;6,02
164834;2708;5,69
164835;2704;5,59
164836;2679;4,95
164837;2702;5,54
164838;2687;5,16
164839;2711;5,76
164840;2719;5,97
164841;2704;5,59
164842;2725;6,12
164843;2707;5,66
164844;2729;6,22
164845;2723;6,07
164846;2695;5,36
164847;2722;6,04
164848;2699;5,46
164849;2694;5,33
164850;2710;5,74
164851;2701;5,51
164852;2713;5,81
164853;2736;6,40
164854;2729;6,22
164855;2708;5,69
164856;2719;5,97
164857;2719;5,97
164858;2734;6,35
164859;2756;6,90
164860;2750;6,75
164861;2745;6,62
164862;2733;6,32
164863;2717;5,92
164864;2736;6,40
164865;2729;6,22
164866;2726;6,14
164867;2751;6,78
164868;2729;6,22
164869;2757;6,93
164870;2753;6,83
164871;2741;6,52
164872;2730;6,24
164873;2743;6,57
164874;2751;6,78
164875;2703;5,56
164876;2733;6,32
164877;2701;5,51
164878;2721;6,02
164879;2737;6,42
164880;2729;6,22
164881;2737;6,42
164882;2704;5,59
164883;2697;5,41
164884;2719;5,97
164885;2688;5,18
164886;2688;5,18
164887;2687;5,16
164888;2693;5,31
164889;2676;4,88
164890;2687;5,16
164891;2681;5,01
164892;2683;5,06
164893;2672;4,78
164894;2688;5,18
164895;2724;6,09
164896;2689;5,21
164897;2681;5,01
164898;2717;5,92
164899;2677;4,90
164900;2694;5,33
164901;2660;4,47
164902;2701;5,51
164903;2725;6,12
164904;2693;5,31
164905;2679;4,95
164906;2731;6,27
164907;2706;5,64
164908;2737;6,42
164909;2736;6,40
164910;2703;5,56
164911;2689;5,21
164912;2717;5,92
164913;2695;5,36
164914;2702;5,54
164915;2736;6,40
164916;2702;5,54
164917;2703;5,56
164918;2699;5,46
164919;2697;5,41
164920;2723;6,07
164921;2736;6,40
164922;2690;5,23
164923;2673;4,80
164924;2686;5,13
164925;2707;5,66
164926;2679;4,95
164927;2671;4,75
164928;2677;4,90
164929;2667;4,65
164930;2669;4,70
164931;2661;4,50
164932;2677;4,90
164933;2661;4,50
164934;2672;4,78
164935;2717;5,92
164936;2685;5,11
164937;2672;4,78
164938;2689;5,21
164939;2704;5,59
164940;2674;4,83
164941;2666;4,63
164942;2693;5,31
164943;2679;4,95
164944;2679;4,95
164945;2704;5,59
164946;2697;5,41
164947;2713;5,81
164948;2677;4,90
164949;2671;4,75
164950;2683;5,06
164951;2672;4,78
164952;2682;5,03
164953;2683;5,06
164954;2680;4,98
164955;2713;5,81
164956;2685;5,11
164957;2673;4,80
164958;2704;5,59
164959;2670;4,73
164960;2679;4,95
164961;2666;4,63
164962;2681;5,01
164963;2703;5,56
164964;2700;5,49
164965;2685;5,11
164966;2668;4,68
164967;2640;3,97
164968;2665;4,60
164969;2653;4,30
164970;2666;4,63
164971;2647;4,14
164972;2665;4,60
164973;2688;5,18
164974;2667;4,65
164975;2694;5,33
164976;2651;4,25
164977;2681;5,01
164978;2669;4,70
164979;2697;5,41
164980;2673;4,80
164981;2647;4,14
164982;2669;4,70
164983;2641;3,99
164984;2645;4,09
164985;2624;3,56
164986;2662;4,52
164987;2634;3,82
164988;2663;4,55
164989;2654;4,32
164990;2665;4,60
164991;2629;3,69
164992;2634;3,82
164993;2630;3,71
164994;2634;3,82
164995;2638;3,92
164996;2673;4,80
164997;2643;4,04
164998;2645;4,09
164999;2627;3,64
165000;2663;4,55
165001;2650;4,22
165002;2670;4,73
165003;2684;5,08
165004;2656;4,37
165005;2657;4,40
165006;2672;4,78
165007;2704;5,59
165008;2683;5,06
165009;2669;4,70
165010;2681;5,01
165011;2743;6,57
165012;2704;5,59
165013;2672;4,78
165014;2678;4,93
165015;2694;5,33
165016;2688;5,18
165017;2674;4,83
165018;2672;4,78
165019;2711;5,76
165020;2678;4,93
165021;2699;5,46
165022;2671;4,75
165023;2699;5,46
165024;2667;4,65
165025;2659;4,45
165026;2681;5,01
165027;2691;5,26
165028;2684;5,08
165029;2640;3,97
165030;2647;4,14
165031;2640;3,97
165032;2647;4,14
165033;2678;4,93
165034;2644;4,07
165035;2668;4,68
165036;2654;4,32
165037;2662;4,52
165038;2639;3,94
165039;2671;4,75
165040;2640;3,97
165041;2633;3,79
165042;2638;3,92
165043;2647;4,14
165044;2628;3,66
165045;2609;3,18
165046;2651;4,25
165047;2633;3,79
165048;2649;4,20
165049;2635;3,84
165050;2634;3,82
165051;2656;4,37
165052;2642;4,02
165053;2621;3,49
165054;2633;3,79
165055;2648;4,17
165056;2640;3,97
165057;2603;3,03
165058;2614;3,31
165059;2602;3,01
165060;2611;3,23
165061;2608;3,16
165062;2621;3,49
165063;2607;3,13
165064;2627;3,64
165065;2624;3,56
165066;2615;3,34
165067;2615;3,34
165068;2611;3,23
165069;2610;3,21
165070;2639;3,94
165071;2623;3,54
165072;2650;4,22
165073;2649;4,20
165074;2627;3,64
165075;2651;4,25
165076;2627;3,64
165077;2657;4,40
165078;2672;4,78
165079;2625;3,59
165080;2672;4,78
165081;2662;4,52
165082;2654;4,32
165083;2639;3,94
165084;2673;4,80
165085;2671;4,75
165086;2673;4,80
165087;2688;5,18
165088;2679;4,95
165089;2679;4,95
165090;2688;5,18
165091;2650;4,22
165092;2674;4,83
165093;2640;3,97
165094;2663;4,55
165095;2651;4,25
165096;2667;4,65
165097;2704;5,59
165098;2666;4,63
165099;2663;4,55
165100;2661;4,50
165101;2647;4,14
165102;2678;4,93
165103;2720;5,99
165104;2659;4,45
165105;2646;4,12
165106;2672;4,78
165107;2688;5,18
165108;2665;4,60
165109;2687;5,16
165110;2643;4,04
165111;2670;4,73
165112;2645;4,09
165113;2670;4,73
165114;2665;4,60
165115;2635;3,84
165116;2658;4,42
165117;2640;3,97
165118;2650;4,22
165119;2635;3,84
165120;2646;4,12
165121;2634;3,82
165122;2647;4,14
165123;2639;3,94
165124;2650;4,22
165125;2674;4,83
165126;2647;4,14
165127;2671;4,75
165128;2647;4,14
165129;2642;4,02
165130;2641;3,99
165131;2655;4,35
165132;2649;4,20
165133;2656;4,37
165134;2649;4,20
165135;2662;4,52
165136;2640;3,97
165137;2672;4,78
165138;2672;4,78
165139;2625;3,59
165140;2656;4,37
165141;2640;3,97
165142;2650;4,22
165143;2645;4,09
165144;2661;4,50
165145;2659;4,45
165146;2669;4,70
165147;2661;4,50
165148;2666;4,63
165149;2655;4,35
165150;2687;5,16
165151;2679;4,95
165152;2692;5,28
165153;2660;4,47
165154;2675;4,85
165155;2669;4,70
165156;2682;5,03
165157;2659;4,45
165158;2702;5,54
165159;2714;5,84
165160;2701;5,51
165161;2699;5,46
165162;2685;5,11
165163;2673;4,80
165164;2698;5,44
165165;2683;5,06
165166;2702;5,54
165167;2689;5,21
165168;2703;5,56
165169;2676;4,88
165170;2679;4,95
165171;2674;4,83
165172;2687;5,16
165173;2681;5,01
165174;2686;5,13
165175;2672;4,78
165176;2693;5,31
165177;2688;5,18
165178;2689;5,21
165179;2671;4,75
165180;2688;5,18
165181;2675;4,85
165182;2677;4,90
165183;2665;4,60
165184;2692;5,28
165185;2667;4,65
165186;2672;4,78
165187;2717;5,92
165188;2671;4,75
165189;2662;4,52
165190;2686;5,13
165191;2673;4,80
165192;2672;4,78
165193;2662;4,52
165194;2672;4,78
165195;2701;5,51
165196;2667;4,65
165197;2667;4,65
165198;2671;4,75
165199;2663;4,55
165200;2675;4,85
165201;2661;4,50
165202;2672;4,78
165203;2667;4,65
165204;2678;4,93
165205;2686;5,13
165206;2681;5,01
165207;2674;4,83
165208;2685;5,11
165209;2670;4,73
165210;2704;5,59
165211;2667;4,65
165212;2675;4,85
165213;2682;5,03
165214;2687;5,16
165215;2655;4,35
165216;2705;5,61
165217;2673;4,80
165218;2667;4,65
165219;2678;4,93
165220;2682;5,03
165221;2674;4,83
165222;2685;5,11
165223;2710;5,74
165224;2691;5,26
165225;2671;4,75
165226;2709;5,71
165227;2672;4,78
165228;2706;5,64
165229;2706;5,64
165230;2694;5,33
165231;2672;4,78
165232;2704;5,59
165233;2720;5,99
165234;2678;4,93
165235;2669;4,70
165236;2695;5,36
165237;2674;4,83
165238;2699;5,46
165239;2669;4,70
165240;2683;5,06
165241;2672;4,78
165242;2697;5,41
165243;2723;6,07
165244;2673;4,80
165245;2669;4,70
165246;2690;5,23
165247;2665;4,60
165248;2681;5,01
165249;2690;5,23
165250;2673;4,80
165251;2701;5,51
165252;2672;4,78
165253;2670;4,73
165254;2695;5,36
165255;2668;4,68
165256;2672;4,78
165257;2687;5,16
165258;2663;4,55
165259;2665;4,60
165260;2672;4,78
165261;2651;4,25
165262;2665;4,60
165263;2704;5,59
165264;2668;4,68
165265;2661;4,50
165266;2663;4,55
165267;2688;5,18
165268;2663;4,55
165269;2677;4,90
165270;2671;4,75
165271;2687;5,16
165272;2684;5,08
165273;2654;4,32
165274;2666;4,63
165275;2657;4,40
165276;2661;4,50
165277;2650;4,22
165278;2662;4,52
165279;2673;4,80
165280;2685;5,11
165281;2687;5,16
165282;2667;4,65
165283;2654;4,32
165284;2656;4,37
165285;2653;4,30
165286;2664;4,57
165287;2681;5,01
165288;2661;4,50
165289;2653;4,30
165290;2674;4,83
165291;2657;4,40
165292;2672;4,78
165293;2661;4,50
165294;2657;4,40
165295;2688;5,18
165296;2659;4,45
165297;2672;4,78
165298;2657;4,40
165299;2687;5,16
165300;2668;4,68
165301;2645;4,09
165302;2657;4,40
165303;2643;4,04
165304;2665;4,60
165305;2640;3,97
165306;2671;4,75
165307;2678;4,93
165308;2683;5,06
165309;2691;5,26
165310;2659;4,45
165311;2690;5,23
165312;2667;4,65
165313;2681;5,01
165314;2652;4,27
165315;2642;4,02
165316;2657;4,40
165317;2658;4,42
165318;2679;4,95
165319;2650;4,22
165320;2661;4,50
165321;2644;4,07
165322;2661;4,50
165323;2643;4,04
165324;2670;4,73
165325;2689;5,21
165326;2663;4,55
165327;2642;4,02
165328;2657;4,40
165329;2689;5,21
165330;2667;4,65
165331;2688;5,18
165332;2653;4,30
165333;2675;4,85
165334;2674;4,83
165335;2643;4,04
165336;2650;4,22
165337;2682;5,03
165338;2686;5,13
165339;2700;5,49
165340;2651;4,25
165341;2672;4,78
165342;2654;4,32
165343;2667;4,65
165344;2669;4,70
165345;2642;4,02
165346;2646;4,12
165347;2656;4,37
165348;2671;4,75
165349;2637;3,89
165350;2646;4,12
165351;2640;3,97
165352;2662;4,52
165353;2637;3,89
165354;2643;4,04
165355;2640;3,97
165356;2653;4,30
165357;2640;3,97
165358;2650;4,22
165359;2640;3,97
165360;2667;4,65
165361;2631;3,74
165362;2642;4,02
165363;2688;5,18
165364;2666;4,63
165365;2640;3,97
165366;2657;4,40
165367;2639;3,94
165368;2647;4,14
165369;2635;3,84
165370;2653;4,30
165371;2633;3,79
165372;2641;3,99
165373;2631;3,74
165374;2653;4,30
165375;2635;3,84
165376;2672;4,78
165377;2640;3,97
165378;2646;4,12
165379;2672;4,78
165380;2647;4,14
165381;2635;3,84
165382;2661;4,50
165383;2631;3,74
165384;2640;3,97
165385;2668;4,68
165386;2643;4,04
165387;2670;4,73
165388;2639;3,94
165389;2633;3,79
165390;2650;4,22
165391;2628;3,66
165392;2643;4,04
165393;2667;4,65
165394;2635;3,84
165395;2631;3,74
165396;2645;4,09
165397;2627;3,64
165398;2641;3,99
165399;2667;4,65
165400;2640;3,97
165401;2630;3,71
165402;2675;4,85
165403;2662;4,52
165404;2637;3,89
165405;2638;3,92
165406;2638;3,92
165407;2667;4,65
165408;2669;4,70
165409;2633;3,79
165410;2640;3,97
165411;2627;3,64
165412;2638;3,92
165413;2630;3,71
165414;2662;4,52
165415;2660;4,47
165416;2637;3,89
165417;2674;4,83
165418;2640;3,97
165419;2631;3,74
165420;2631;3,74
165421;2671;4,75
165422;2635;3,84
165423;2624;3,56
165424;2641;3,99
165425;2622;3,51
165426;2641;3,99
165427;2631;3,74
165428;2640;3,97
165429;2667;4,65
165430;2639;3,94
165431;2663;4,55
165432;2640;3,97
165433;2631;3,74
165434;2638;3,92
165435;2653;4,30
165436;2643;4,04
165437;2630;3,71
165438;2642;4,02
165439;2672;4,78
165440;2646;4,12
165441;2683;5,06
165442;2658;4,42
165443;2631;3,74
165444;2650;4,22
165445;2619;3,44
165446;2655;4,35
165447;2640;3,97
165448;2660;4,47
165449;2635;3,84
165450;2638;3,92
165451;2640;3,97
165452;2672;4,78
165453;2630;3,71
165454;2661;4,50
165455;2636;3,87
165456;2651;4,25
165457;2640;3,97
165458;2659;4,45
165459;2640;3,97
165460;2643;4,04
165461;2629;3,69
165462;2647;4,14
165463;2637;3,89
165464;2643;4,04
165465;2686;5,13
165466;2659;4,45
165467;2635;3,84
165468;2656;4,37
165469;2640;3,97
165470;2650;4,22
165471;2671;4,75
165472;2650;4,22
165473;2642;4,02
165474;2668;4,68
165475;2635;3,84
165476;2641;3,99
165477;2671;4,75
165478;2643;4,04
165479;2635;3,84
165480;2658;4,42
165481;2660;4,47
165482;2656;4,37
165483;2639;3,94
165484;2650;4,22
165485;2688;5,18
165486;2666;4,63
165487;2670;4,73
165488;2640;3,97
165489;2672;4,78
165490;2646;4,12
165491;2637;3,89
165492;2645;4,09
165493;2637;3,89
165494;2672;4,78
165495;2673;4,80
165496;2645;4,09
165497;2638;3,92
165498;2651;4,25
165499;2633;3,79
165500;2669;4,70
165501;2636;3,87
165502;2659;4,45
165503;2673;4,80
165504;2650;4,22
165505;2637;3,89
165506;2647;4,14
165507;2665;4,60
165508;2655;4,35
165509;2633;3,79
165510;2667;4,65
165511;2672;4,78
165512;2647;4,14
165513;2685;5,11
165514;2649;4,20
165515;2634;3,82
165516;2666;4,63
165517;2639;3,94
165518;2657;4,40
165519;2643;4,04
165520;2650;4,22
165521;2633;3,79
165522;2646;4,12
165523;2675;4,85
165524;2663;4,55
165525;2639;3,94
165526;2643;4,04
165527;2640;3,97
165528;2650;4,22
165529;2639;3,94
165530;2657;4,40
165531;2629;3,69
165532;2640;3,97
165533;2640;3,97
165534;2674;4,83
165535;2641;3,99
165536;2642;4,02
165537;2640;3,97
165538;2657;4,40
165539;2635;3,84
165540;2638;3,92
165541;2636;3,87
165542;2643;4,04
165543;2637;3,89
165544;2641;3,99
165545;2626;3,61
165546;2649;4,20
165547;2637;3,89
165548;2639;3,94
165549;2638;3,92
165550;2639;3,94
165551;2640;3,97
165552;2644;4,07
165553;2631;3,74
165554;2640;3,97
165555;2668;4,68
165556;2663;4,55
165557;2675;4,85
165558;2630;3,71
165559;2670;4,73
165560;2673;4,80
165561;2634;3,82
165562;2642;4,02
165563;2640;3,97
165564;2627;3,64
165565;2630;3,71
165566;2646;4,12
165567;2681;5,01
165568;2651;4,25
165569;2666;4,63
165570;2645;4,09
165571;2630;3,71
165572;2660;4,47
165573;2628;3,66
165574;2643;4,04
165575;2657;4,40
165576;2643;4,04
165577;2630;3,71
165578;2645;4,09
165579;2624;3,56
165580;2654;4,32
165581;2631;3,74
165582;2626;3,61
165583;2631;3,74
165584;2640;3,97
165585;2661;4,50
165586;2638;3,92
165587;2663;4,55
165588;2658;4,42
165589;2626;3,61
165590;2640;3,97
165591;2675;4,85
165592;2634;3,82
165593;2669;4,70
165594;2636;3,87
165595;2624;3,56
165596;2641;3,99
165597;2623;3,54
165598;2638;3,92
165599;2675;4,85
165600;2640;3,97
165601;2627;3,64
165602;2645;4,09
165603;2625;3,59
165604;2634;3,82
165605;2622;3,51
165606;2634;3,82
165607;2659;4,45
165608;2667;4,65
165609;2657;4,40
165610;2638;3,92
165611;2642;4,02
165612;2640;3,97
165613;2623;3,54
165614;2629;3,69
165615;2613;3,28
165616;2653;4,30
165617;2623;3,54
165618;2639;3,94
165619;2660;4,47
165620;2625;3,59
165621;2619;3,44
165622;2639;3,94
165623;2625;3,59
165624;2628;3,66
165625;2655;4,35
165626;2667;4,65
165627;2656;4,37
165628;2624;3,56
165629;2653;4,30
165630;2624;3,56
165631;2615;3,34
165632;2659;4,45
165633;2620;3,46
165634;2623;3,54
165635;2653;4,30
165636;2626;3,61
165637;2624;3,56
165638;2621;3,49
165639;2619;3,44
165640;2650;4,22
165641;2613;3,28
165642;2624;3,56
165643;2640;3,97
165644;2653;4,30
165645;2663;4,55
165646;2625;3,59
165647;2616;3,36
165648;2637;3,89
165649;2653;4,30
165650;2630;3,71
165651;2649;4,20
165652;2623;3,54
165653;2611;3,23
165654;2629;3,69
165655;2615;3,34
165656;2641;3,99
165657;2614;3,31
165658;2654;4,32
165659;2618;3,41
165660;2621;3,49
165661;2646;4,12
165662;2649;4,20
165663;2609;3,18
165664;2650;4,22
165665;2621;3,49
165666;2629;3,69
165667;2657;4,40
165668;2622;3,51
165669;2624;3,56
165670;2631;3,74
165671;2646;4,12
165672;2626;3,61
165673;2645;4,09
165674;2620;3,46
165675;2610;3,21
165676;2618;3,41
165677;2608;3,16
165678;2618;3,41
165679;2610;3,21
165680;2623;3,54
165681;2614;3,31
165682;2620;3,46
165683;2643;4,04
165684;2615;3,34
165685;2637;3,89
165686;2615;3,34
165687;2603;3,03
165688;2614;3,31
165689;2640;3,97
165690;2638;3,92
165691;2651;4,25
165692;2618;3,41
165693;2647;4,14
165694;2621;3,49
165695;2606;3,11
165696;2660;4,47
165697;2640;3,97
165698;2614;3,31
165699;2598;2,90
165700;2611;3,23
165701;2602;3,01
165702;2608;3,16
165703;2608;3,16
165704;2637;3,89
165705;2601;2,98
165706;2614;3,31
165707;2599;2,93
165708;2624;3,56
165709;2603;3,03
165710;2622;3,51
165711;2645;4,09
165712;2626;3,61
165713;2608;3,16
165714;2624;3,56
165715;2605;3,08
165716;2634;3,82
165717;2652;4,27
165718;2624;3,56
165719;2607;3,13
165720;2624;3,56
165721;2609;3,18
165722;2608;3,16
165723;2633;3,79
165724;2611;3,23
165725;2607;3,13
165726;2631;3,74
165727;2611;3,23
165728;2639;3,94
165729;2603;3,03
165730;2635;3,84
165731;2604;3,06
165732;2627;3,64
165733;2640;3,97
165734;2615;3,34
165735;2613;3,28
165736;2641;3,99
165737;2604;3,06
165738;2612;3,26
165739;2633;3,79
165740;2657;4,40
165741;2607;3,13
165742;2641;3,99
165743;2597;2,88
165744;2636;3,87
165745;2619;3,44
165746;2618;3,41
165747;2607;3,13
165748;2618;3,41
165749;2603;3,03
165750;2640;3,97
165751;2647;4,14
165752;2619;3,44
165753;2608;3,16
165754;2623;3,54
165755;2640;3,97
165756;2621;3,49
165757;2645;4,09
165758;2641;3,99
165759;2640;3,97
165760;2624;3,56
165761;2608;3,16
165762;2647;4,14
165763;2618;3,41
165764;2641;3,99
165765;2609;3,18
165766;2647;4,14
165767;2607;3,13
165768;2644;4,07
165769;2615;3,34
165770;2641;3,99
165771;2611;3,23
165772;2622;3,51
165773;2608;3,16
165774;2630;3,71
165775;2608;3,16
165776;2618;3,41
165777;2610;3,21
165778;2627;3,64
165779;2613;3,28
165780;2637;3,89
165781;2624;3,56
165782;2624;3,56
165783;2652;4,27
165784;2624;3,56
165785;2645;4,09
165786;2644;4,07
165787;2610;3,21
165788;2624;3,56
165789;2613;3,28
165790;2623;3,54
165791;2615;3,34
165792;2627;3,64
165793;2615;3,34
165794;2620;3,46
165795;2644;4,07
165796;2634;3,82
165797;2650;4,22
165798;2649;4,20
165799;2614;3,31
165800;2624;3,56
165801;2611;3,23
165802;2637;3,89
165803;2611;3,23
165804;2657;4,40
165805;2655;4,35
165806;2623;3,54
165807;2655;4,35
165808;2656;4,37
165809;2613;3,28
165810;2666;4,63
165811;2613;3,28
165812;2621;3,49
165813;2661;4,50
165814;2624;3,56
165815;2613;3,28
165816;2626;3,61
165817;2653;4,30
165818;2642;4,02
165819;2622;3,51
165820;2624;3,56
165821;2615;3,34
165822;2622;3,51
165823;2641;3,99
165824;2652;4,27
165825;2611;3,23
165826;2646;4,12
165827;2649;4,20
165828;2624;3,56
165829;2611;3,23
165830;2640;3,97
165831;2612;3,26
165832;2621;3,49
165833;2662;4,52
165834;2623;3,54
165835;2619;3,44
165836;2640;3,97
165837;2610;3,21
165838;2623;3,54
165839;2607;3,13
165840;2624;3,56
165841;2646;4,12
165842;2622;3,51
165843;2650;4,22
165844;2624;3,56
165845;2608;3,16
165846;2619;3,44
165847;2609;3,18
165848;2621;3,49
165849;2608;3,16
165850;2645;4,09
165851;2613;3,28
165852;2622;3,51
165853;2609;3,18
165854;2619;3,44
165855;2610;3,21
165856;2620;3,46
165857;2654;4,32
165858;2640;3,97
165859;2640;3,97
165860;2619;3,44
165861;2612;3,26
165862;2622;3,51
165863;2647;4,14
165864;2624;3,56
165865;2609;3,18
165866;2624;3,56
165867;2609;3,18
165868;2611;3,23
165869;2610;3,21
165870;2640;3,97
165871;2628;3,66
165872;2665;4,60
165873;2603;3,03
165874;2631;3,74
165875;2608;3,16
165876;2624;3,56
165877;2607;3,13
165878;2624;3,56
165879;2667;4,65
165880;2642;4,02
165881;2613;3,28
165882;2638;3,92
165883;2627;3,64
165884;2631;3,74
165885;2608;3,16
165886;2621;3,49
165887;2609;3,18
165888;2630;3,71
165889;2619;3,44
165890;2619;3,44
165891;2607;3,13
165892;2624;3,56
165893;2619;3,44
165894;2640;3,97
165895;2646;4,12
165896;2640;3,97
165897;2613;3,28
165898;2628;3,66
165899;2614;3,31
165900;2624;3,56
165901;2608;3,16
165902;2623;3,54
165903;2613;3,28
165904;2624;3,56
165905;2609;3,18
165906;2642;4,02
165907;2613;3,28
165908;2619;3,44
165909;2606;3,11
165910;2629;3,69
165911;2646;4,12
165912;2624;3,56
165913;2615;3,34
165914;2640;3,97
165915;2650;4,22
165916;2643;4,04
165917;2603;3,03
165918;2627;3,64
165919;2614;3,31
165920;2643;4,04
165921;2605;3,08
165922;2646;4,12
165923;2603;3,03
165924;2624;3,56
165925;2645;4,09
165926;2618;3,41
165927;2613;3,28
165928;2613;3,28
165929;2640;3,97
165930;2646;4,12
165931;2597;2,88
165932;2619;3,44
165933;2601;2,98
165934;2654;4,32
165935;2629;3,69
165936;2624;3,56
165937;2608;3,16
165938;2637;3,89
165939;2604;3,06
165940;2637;3,89
165941;2606;3,11
165942;2614;3,31
165943;2608;3,16
165944;2641;3,99
165945;2608;3,16
165946;2640;3,97
165947;2637;3,89
165948;2630;3,71
165949;2645;4,09
165950;2618;3,41
165951;2640;3,97
165952;2610;3,21
165953;2606;3,11
165954;2614;3,31
165955;2647;4,14
165956;2631;3,74
165957;2641;3,99
165958;2612;3,26
165959;2601;2,98
165960;2608;3,16
165961;2605;3,08
165962;2615;3,34
165963;2642;4,02
165964;2611;3,23
165965;2646;4,12
165966;2613;3,28
165967;2604;3,06
165968;2629;3,69
165969;2595;2,83
165970;2629;3,69
165971;2609;3,18
165972;2630;3,71
165973;2593;2,78
165974;2627;3,64
165975;2639;3,94
165976;2604;3,06
165977;2640;3,97
165978;2606;3,11
165979;2591;2,73
165980;2608;3,16
165981;2639;3,94
165982;2607;3,13
165983;2602;3,01
165984;2606;3,11
165985;2598;2,90
165986;2628;3,66
165987;2589;2,68
165988;2611;3,23
165989;2595;2,83
165990;2595;2,83
165991;2595;2,83
165992;2624;3,56
165993;2640;3,97
165994;2623;3,54
165995;2640;3,97
165996;2605;3,08
165997;2587;2,63
165998;2625;3,59
165999;2611;3,23
166000;2603;3,03
166001;2630;3,71
166002;2626;3,61
166003;2598;2,90
166004;2606;3,11
166005;2619;3,44
166006;2608;3,16
166007;2593;2,78
166008;2637;3,89
166009;2589;2,68
166010;2610;3,21
166011;2627;3,64
166012;2608;3,16
166013;2559;1,92
166014;2625;3,59
166015;2592;2,75
166016;2606;3,11
166017;2588;2,65
166018;2627;3,64
166019;2601;2,98
166020;2637;3,89
166021;2595;2,83
166022;2640;3,97
166023;2603;3,03
166024;2627;3,64
166025;2589;2,68
166026;2620;3,46
166027;2590;2,70
166028;2599;2,93
166029;2603;3,03
166030;2603;3,03
166031;2597;2,88
166032;2599;2,93
166033;2603;3,03
166034;2608;3,16
166035;2627;3,64
166036;2608;3,16
166037;2612;3,26
166038;2605;3,08
166039;2598;2,90
166040;2605;3,08
166041;2601;2,98
166042;2613;3,28
166043;2591;2,73
166044;2605;3,08
166045;2602;3,01
166046;2614;3,31
166047;2612;3,26
166048;2608;3,16
166049;2596;2,85
166050;2634;3,82
166051;2602;3,01
166052;2610;3,21
166053;2601;2,98
166054;2614;3,31
166055;2645;4,09
166056;2639;3,94
166057;2625;3,59
166058;2609;3,18
166059;2559;1,92
166060;2609;3,18
166061;2635;3,84
166062;2611;3,23
166063;2606;3,11
166064;2613;3,28
166065;2595;2,83
166066;2642;4,02
166067;2601;2,98
166068;2618;3,41
166069;2607;3,13
166070;2624;3,56
166071;2644;4,07
166072;2624;3,56
166073;2606;3,11
166074;2618;3,41
166075;2607;3,13
166076;2637;3,89
166077;2608;3,16
166078;2624;3,56
166079;2655;4,35
166080;2624;3,56
166081;2608;3,16
166082;2613;3,28
166083;2650;4,22
166084;2614;3,31
166085;2662;4,52
166086;2624;3,56
166087;2605;3,08
166088;2663;4,55
166089;2611;3,23
166090;2618;3,41
166091;2617;3,39
166092;2624;3,56
166093;2608;3,16
166094;2615;3,34
166095;2610;3,21
166096;2615;3,34
166097;2607;3,13
166098;2621;3,49
166099;2608;3,16
166100;2615;3,34
166101;2610;3,21
166102;2622;3,51
166103;2638;3,92
166104;2625;3,59
166105;2663;4,55
166106;2640;3,97
166107;2603;3,03
166108;2641;3,99
166109;2668;4,68
166110;2624;3,56
166111;2608;3,16
166112;2630;3,71
166113;2618;3,41
166114;2640;3,97
166115;2637;3,89
166116;2621;3,49
166117;2608;3,16
166118;2622;3,51
166119;2611;3,23
166120;2624;3,56
166121;2607;3,13
166122;2660;4,47
166123;2608;3,16
166124;2623;3,54
166125;2614;3,31
166126;2646;4,12
166127;2654;4,32
166128;2618;3,41
166129;2648;4,17
166130;2621;3,49
166131;2608;3,16
166132;2614;3,31
166133;2617;3,39
166134;2624;3,56
166135;2607;3,13
166136;2624;3,56
166137;2622;3,51
166138;2657;4,40
166139;2642;4,02
166140;2625;3,59
166141;2609;3,18
166142;2638;3,92
166143;2659;4,45
166144;2619;3,44
166145;2613;3,28
166146;2645;4,09
166147;2646;4,12
166148;2624;3,56
166149;2611;3,23
166150;2639;3,94
166151;2618;3,41
166152;2661;4,50
166153;2626;3,61
166154;2623;3,54
166155;2622;3,51
166156;2665;4,60
166157;2613;3,28
166158;2661;4,50
166159;2624;3,56
166160;2622;3,51
166161;2617;3,39
166162;2630;3,71
166163;2663;4,55
166164;2627;3,64
166165;2643;4,04
166166;2629;3,69
166167;2608;3,16
166168;2650;4,22
166169;2612;3,26
166170;2625;3,59
166171;2623;3,54
166172;2619;3,44
166173;2612;3,26
166174;2639;3,94
166175;2620;3,46
166176;2650;4,22
166177;2615;3,34
166178;2629;3,69
166179;2616;3,36
166180;2633;3,79
166181;2610;3,21
166182;2668;4,68
166183;2655;4,35
166184;2624;3,56
166185;2624;3,56
166186;2657;4,40
166187;2609;3,18
166188;2630;3,71
166189;2619;3,44
166190;2621;3,49
166191;2615;3,34
166192;2621;3,49
166193;2618;3,41
166194;2627;3,64
166195;2671;4,75
166196;2656;4,37
166197;2611;3,23
166198;2617;3,39
166199;2619;3,44
166200;2645;4,09
166201;2613;3,28
166202;2646;4,12
166203;2682;5,03
166204;2624;3,56
166205;2609;3,18
166206;2622;3,51
166207;2611;3,23
166208;2638;3,92
166209;2608;3,16
166210;2649;4,20
166211;2642;4,02
166212;2642;4,02
166213;2658;4,42
166214;2634;3,82
166215;2607;3,13
166216;2669;4,70
166217;2607;3,13
166218;2627;3,64
166219;2613;3,28
166220;2629;3,69
166221;2658;4,42
166222;2624;3,56
166223;2647;4,14
166224;2624;3,56
166225;2629;3,69
166226;2623;3,54
166227;2651;4,25
166228;2665;4,60
166229;2615;3,34
166230;2624;3,56
166231;2640;3,97
166232;2650;4,22
166233;2650;4,22
166234;2641;3,99
166235;2672;4,78
166236;2657;4,40
166237;2609;3,18
166238;2625;3,59
166239;2608;3,16
166240;2634;3,82
166241;2608;3,16
166242;2635;3,84
166243;2669;4,70
166244;2649;4,20
166245;2613;3,28
166246;2623;3,54
166247;2610;3,21
166248;2638;3,92
166249;2608;3,16
166250;2620;3,46
166251;2615;3,34
166252;2623;3,54
166253;2608;3,16
166254;2625;3,59
166255;2606;3,11
166256;2622;3,51
166257;2674;4,83
166258;2623;3,54
166259;2610;3,21
166260;2608;3,16
166261;2601;2,98
166262;2645;4,09
166263;2649;4,20
166264;2608;3,16
166265;2631;3,74
166266;2649;4,20
166267;2604;3,06
166268;2613;3,28
166269;2603;3,03
166270;2654;4,32
166271;2672;4,78
166272;2662;4,52
166273;2605;3,08
166274;2613;3,28
166275;2559;1,92
166276;2592;2,75
166277;2678;4,93
166278;2655;4,35
166279;2666;4,63
166280;2655;4,35
166281;2618;3,41
166282;2643;4,04
166283;2616;3,36
166284;2631;3,74
166285;2654;4,32
166286;2627;3,64
166287;2683;5,06
166288;2654;4,32
166289;2619;3,44
166290;2645;4,09
166291;2621;3,49
166292;2635;3,84
166293;2642;4,02
166294;2624;3,56
166295;2662;4,52
166296;2631;3,74
166297;2611;3,23
166298;2650;4,22
166299;2661;4,50
166300;2673;4,80
166301;2608;3,16
166302;2626;3,61
166303;2618;3,41
166304;2639;3,94
166305;2624;3,56
166306;2635;3,84
166307;2609;3,18
166308;2624;3,56
166309;2663;4,55
166310;2625;3,59
166311;2607;3,13
166312;2665;4,60
166313;2665;4,60
166314;2623;3,54
166315;2612;3,26
166316;2649;4,20
166317;2662;4,52
166318;2662;4,52
166319;2611;3,23
166320;2623;3,54
166321;2651;4,25
166322;2618;3,41
166323;2605;3,08
166324;2654;4,32
166325;2610;3,21
166326;2618;3,41
166327;2645;4,09
166328;2637;3,89
166329;2645;4,09
166330;2640;3,97
166331;2639;3,94
166332;2624;3,56
166333;2611;3,23
166334;2620;3,46
166335;2599;2,93
166336;2606;3,11
166337;2594;2,80
166338;2631;3,74
166339;2599;2,93
166340;2629;3,69
166341;2598;2,90
166342;2628;3,66
166343;2655;4,35
166344;2608;3,16
166345;2595;2,83
166346;2624;3,56
166347;2670;4,73
166348;2639;3,94
166349;2604;3,06
166350;2619;3,44
166351;2609;3,18
166352;2622;3,51
166353;2657;4,40
166354;2641;3,99
166355;2660;4,47
166356;2621;3,49
166357;2605;3,08
166358;2640;3,97
166359;2657;4,40
166360;2627;3,64
166361;2661;4,50
166362;2622;3,51
166363;2608;3,16
166364;2641;3,99
166365;2608;3,16
166366;2619;3,44
166367;2657;4,40
166368;2650;4,22
166369;2614;3,31
166370;2618;3,41
166371;2667;4,65
166372;2645;4,09
166373;2607;3,13
166374;2671;4,75
166375;2671;4,75
166376;2639;3,94
166377;2608;3,16
166378;2638;3,92
166379;2608;3,16
166380;2618;3,41
166381;2609;3,18
166382;2613;3,28
166383;2599;2,93
166384;2654;4,32
166385;2602;3,01
166386;2608;3,16
166387;2653;4,30
166388;2615;3,34
166389;2639;3,94
166390;2613;3,28
166391;2603;3,03
166392;2630;3,71
166393;2599;2,93
166394;2615;3,34
166395;2599;2,93
166396;2611;3,23
166397;2597;2,88
166398;2625;3,59
166399;2643;4,04
166400;2606;3,11
166401;2608;3,16
166402;2613;3,28
166403;2599;2,93
166404;2641;3,99
166405;2604;3,06
166406;2618;3,41
166407;2608;3,16
166408;2617;3,39
166409;2608;3,16
166410;2607;3,13
166411;2654;4,32
166412;2637;3,89
166413;2605;3,08
166414;2615;3,34
166415;2605;3,08
166416;2660;4,47
166417;2608;3,16
166418;2631;3,74
166419;2608;3,16
166420;2656;4,37
166421;2610;3,21
166422;2631;3,74
166423;2677;4,90
166424;2633;3,79
166425;2665;4,60
166426;2630;3,71
166427;2608;3,16
166428;2627;3,64
166429;2618;3,41
166430;2662;4,52
166431;2615;3,34
166432;2630;3,71
166433;2615;3,34
166434;2641;3,99
166435;2619;3,44
166436;2638;3,92
166437;2659;4,45
166438;2630;3,71
166439;2656;4,37
166440;2658;4,42
166441;2613;3,28
166442;2627;3,64
166443;2671;4,75
166444;2624;3,56
166445;2607;3,13
166446;2624;3,56
166447;2608;3,16
166448;2635;3,84
166449;2608;3,16
166450;2629;3,69
166451;2653;4,30
166452;2624;3,56
166453;2661;4,50
166454;2640;3,97
166455;2608;3,16
166456;2647;4,14
166457;2603;3,03
166458;2638;3,92
166459;2656;4,37
166460;2627;3,64
166461;2594;2,80
166462;2643;4,04
166463;2627;3,64
166464;2639;3,94
166465;2651;4,25
166466;2636;3,87
166467;2667;4,65
166468;2626;3,61
166469;2606;3,11
166470;2663;4,55
166471;2607;3,13
166472;2630;3,71
166473;2659;4,45
166474;2622;3,51
166475;2596;2,85
166476;2654;4,32
166477;2639;3,94
166478;2646;4,12
166479;2613;3,28
166480;2640;3,97
166481;2603;3,03
166482;2624;3,56
166483;2643;4,04
166484;2619;3,44
166485;2601;2,98
166486;2643;4,04
166487;2612;3,26
166488;2624;3,56
166489;2655;4,35
166490;2637;3,89
166491;2653;4,30
166492;2622;3,51
166493;2670;4,73
166494;2625;3,59
166495;2617;3,39
166496;2640;3,97
166497;2613;3,28
166498;2622;3,51
166499;2656;4,37
166500;2663;4,55
166501;2607;3,13
166502;2627;3,64
166503;2610;3,21
166504;2626;3,61
166505;2650;4,22
166506;2623;3,54
166507;2607;3,13
166508;2657;4,40
166509;2608;3,16
166510;2624;3,56
166511;2622;3,51
166512;2618;3,41
166513;2615;3,34
166514;2612;3,26
166515;2658;4,42
166516;2617;3,39
166517;2602;3,01
166518;2622;3,51
166519;2602;3,01
166520;2637;3,89
166521;2659;4,45
166522;2612;3,26
166523;2631;3,74
166524;2613;3,28
166525;2601;2,98
166526;2609;3,18
166527;2599;2,93
166528;2640;3,97
166529;2605;3,08
166530;2624;3,56
166531;2598;2,90
166532;2640;3,97
166533;2590;2,70
166534;2621;3,49
166535;2639;3,94
166536;2608;3,16
166537;2589;2,68
166538;2631;3,74
166539;2591;2,73
166540;2626;3,61
166541;2595;2,83
166542;2608;3,16
166543;2595;2,83
166544;2621;3,49
166545;2605;3,08
166546;2608;3,16
166547;2596;2,85
166548;2611;3,23
166549;2597;2,88
166550;2615;3,34
166551;2597;2,88
166552;2628;3,66
166553;2608;3,16
166554;2671;4,75
166555;2610;3,21
166556;2622;3,51
166557;2607;3,13
166558;2619;3,44
166559;2618;3,41
166560;2662;4,52
166561;2621;3,49
166562;2646;4,12
166563;2617;3,39
166564;2630;3,71
166565;2608;3,16
166566;2660;4,47
166567;2608;3,16
166568;2631;3,74
166569;2621;3,49
166570;2639;3,94
166571;2659;4,45
166572;2626;3,61
166573;2657;4,40
166574;2633;3,79
166575;2614;3,31
166576;2631;3,74
166577;2611;3,23
166578;2646;4,12
166579;2656;4,37
166580;2642;4,02
166581;2608;3,16
166582;2628;3,66
166583;2613;3,28
166584;2624;3,56
166585;2607;3,13
166586;2619;3,44
166587;2658;4,42
166588;2654;4,32
166589;2607;3,13
166590;2608;3,16
166591;2602;3,01
166592;2615;3,34
166593;2607;3,13
166594;2640;3,97
166595;2605;3,08
166596;2628;3,66
166597;2605;3,08
166598;2657;4,40
166599;2609;3,18
166600;2651;4,25
166601;2637;3,89
166602;2617;3,39
166603;2608;3,16
166604;2629;3,69
166605;2609;3,18
166606;2618;3,41
166607;2655;4,35
166608;2646;4,12
166609;2610;3,21
166610;2615;3,34
166611;2608;3,16
166612;2631;3,74
166613;2609;3,18
166614;2650;4,22
166615;2608;3,16
166616;2661;4,50
166617;2632;3,77
166618;2643;4,04
166619;2608;3,16
166620;2661;4,50
166621;2613;3,28
166622;2624;3,56
166623;2609;3,18
166624;2654;4,32
166625;2671;4,75
166626;2631;3,74
166627;2643;4,04
166628;2646;4,12
166629;2614;3,31
166630;2666;4,63
166631;2674;4,83
166632;2637;3,89
166633;2618;3,41
166634;2639;3,94
166635;2624;3,56
166636;2642;4,02
166637;2619;3,44
166638;2653;4,30
166639;2615;3,34
166640;2653;4,30
166641;2619;3,44
166642;2650;4,22
166643;2620;3,46
166644;2635;3,84
166645;2619;3,44
166646;2634;3,82
166647;2622;3,51
166648;2630;3,71
166649;2663;4,55
166650;2641;3,99
166651;2672;4,78
166652;2635;3,84
166653;2647;4,14
166654;2640;3,97
166655;2646;4,12
166656;2669;4,70
166657;2614;3,31
166658;2631;3,74
166659;2623;3,54
166660;2627;3,64
166661;2661;4,50
166662;2634;3,82
166663;2657;4,40
166664;2656;4,37
166665;2611;3,23
166666;2642;4,02
166667;2615;3,34
166668;2638;3,92
166669;2647;4,14
166670;2650;4,22
166671;2623;3,54
166672;2630;3,71
166673;2634;3,82
166674;2624;3,56
166675;2613;3,28
166676;2629;3,69
166677;2634;3,82
166678;2658;4,42
166679;2614;3,31
166680;2633;3,79
166681;2645;4,09
166682;2624;3,56
166683;2657;4,40
166684;2627;3,64
166685;2615;3,34
166686;2621;3,49
166687;2610;3,21
166688;2614;3,31
166689;2605;3,08
166690;2644;4,07
166691;2634;3,82
166692;2623;3,54
166693;2640;3,97
166694;2628;3,66
166695;2608;3,16
166696;2623;3,54
166697;2640;3,97
166698;2624;3,56
166699;2640;3,97
166700;2622;3,51
166701;2602;3,01
166702;2624;3,56
166703;2607;3,13
166704;2615;3,34
166705;2597;2,88
166706;2640;3,97
166707;2607;3,13
166708;2630;3,71
166709;2654;4,32
166710;2622;3,51
166711;2607;3,13
166712;2626;3,61
166713;2608;3,16
166714;2645;4,09
166715;2611;3,23
166716;2635;3,84
166717;2611;3,23
166718;2634;3,82
166719;2615;3,34
166720;2643;4,04
166721;2635;3,84
166722;2635;3,84
166723;2624;3,56
166724;2647;4,14
166725;2670;4,73
166726;2634;3,82
166727;2636;3,87
166728;2641;3,99
166729;2662;4,52
166730;2640;3,97
166731;2667;4,65
166732;2642;4,02
166733;2627;3,64
166734;2640;3,97
166735;2625;3,59
166736;2660;4,47
166737;2652;4,27
166738;2637;3,89
166739;2623;3,54
166740;2656;4,37
166741;2617;3,39
166742;2637;3,89
166743;2613;3,28
166744;2640;3,97
166745;2661;4,50
166746;2624;3,56
166747;2654;4,32
166748;2614;3,31
166749;2649;4,20
166750;2635;3,84
166751;2619;3,44
166752;2629;3,69
166753;2607;3,13
166754;2630;3,71
166755;2608;3,16
166756;2624;3,56
166757;2631;3,74
166758;2613;3,28
166759;2640;3,97
166760;2619;3,44
166761;2629;3,69
166762;2620;3,46
166763;2623;3,54
166764;2614;3,31
166765;2597;2,88
166766;2613;3,28
166767;2631;3,74
166768;2654;4,32
166769;2601;2,98
166770;2621;3,49
166771;2640;3,97
166772;2622;3,51
166773;2607;3,13
166774;2622;3,51
166775;2653;4,30
166776;2629;3,69
166777;2608;3,16
166778;2627;3,64
166779;2613;3,28
166780;2634;3,82
166781;2649;4,20
166782;2631;3,74
166783;2611;3,23
166784;2634;3,82
166785;2672;4,78
166786;2631;3,74
166787;2615;3,34
166788;2640;3,97
166789;2645;4,09
166790;2624;3,56
166791;2609;3,18
166792;2627;3,64
166793;2659;4,45
166794;2634;3,82
166795;2661;4,50
166796;2621;3,49
166797;2622;3,51
166798;2659;4,45
166799;2611;3,23
166800;2631;3,74
166801;2615;3,34
166802;2658;4,42
166803;2614;3,31
166804;2637;3,89
166805;2608;3,16
166806;2615;3,34
166807;2609;3,18
166808;2622;3,51
166809;2607;3,13
166810;2615;3,34
166811;2613;3,28
166812;2622;3,51
166813;2606;3,11
166814;2611;3,23
166815;2624;3,56
166816;2620;3,46
166817;2595;2,83
166818;2608;3,16
166819;2594;2,80
166820;2617;3,39
166821;2586;2,60
166822;2605;3,08
166823;2634;3,82
166824;2615;3,34
166825;2624;3,56
166826;2609;3,18
166827;2596;2,85
166828;2615;3,34
166829;2591;2,73
166830;2608;3,16
166831;2606;3,11
166832;2605;3,08
166833;2583;2,53
166834;2624;3,56
166835;2597;2,88
166836;2593;2,78
166837;2599;2,93
166838;2616;3,36
166839;2599;2,93
166840;2635;3,84
166841;2610;3,21
166842;2631;3,74
166843;2608;3,16
166844;2625;3,59
166845;2611;3,23
166846;2642;4,02
166847;2608;3,16
166848;2631;3,74
166849;2646;4,12
166850;2646;4,12
166851;2613;3,28
166852;2631;3,74
166853;2622;3,51
166854;2640;3,97
166855;2661;4,50
166856;2640;3,97
166857;2625;3,59
166858;2626;3,61
166859;2649;4,20
166860;2631;3,74
166861;2655;4,35
166862;2651;4,25
166863;2621;3,49
166864;2647;4,14
166865;2624;3,56
166866;2655;4,35
166867;2653;4,30
166868;2655;4,35
166869;2624;3,56
166870;2635;3,84
166871;2619;3,44
166872;2637;3,89
166873;2611;3,23
166874;2622;3,51
166875;2613;3,28
166876;2640;3,97
166877;2644;4,07
166878;2606;3,11
166879;2611;3,23
166880;2625;3,59
166881;2597;2,88
166882;2621;3,49
166883;2604;3,06
166884;2627;3,64
166885;2602;3,01
166886;2624;3,56
166887;2627;3,64
166888;2610;3,21
166889;2598;2,90
166890;2621;3,49
166891;2608;3,16
166892;2608;3,16
166893;2649;4,20
166894;2631;3,74
166895;2636;3,87
166896;2618;3,41
166897;2659;4,45
166898;2619;3,44
166899;2607;3,13
166900;2619;3,44
166901;2607;3,13
166902;2627;3,64
166903;2608;3,16
166904;2640;3,97
166905;2620;3,46
166906;2635;3,84
166907;2636;3,87
166908;2635;3,84
166909;2609;3,18
166910;2633;3,79
166911;2623;3,54
166912;2662;4,52
166913;2618;3,41
166914;2637;3,89
166915;2619;3,44
166916;2640;3,97
166917;2622;3,51
166918;2641;3,99
166919;2621;3,49
166920;2647;4,14
166921;2650;4,22
166922;2662;4,52
166923;2620;3,46
166924;2643;4,04
166925;2640;3,97
166926;2631;3,74
166927;2672;4,78
166928;2642;4,02
166929;2625;3,59
166930;2638;3,92
166931;2621;3,49
166932;2640;3,97
166933;2640;3,97
166934;2628;3,66
166935;2614;3,31
166936;2624;3,56
166937;2655;4,35
166938;2639;3,94
166939;2608;3,16
166940;2625;3,59
166941;2610;3,21
166942;2628;3,66
166943;2647;4,14
166944;2624;3,56
166945;2609;3,18
166946;2626;3,61
166947;2597;2,88
166948;2624;3,56
166949;2630;3,71
166950;2608;3,16
166951;2601;2,98
166952;2614;3,31
166953;2583;2,53
166954;2617;3,39
166955;2592;2,75
166956;2604;3,06
166957;2613;3,28
166958;2614;3,31
166959;2619;3,44
166960;2604;3,06
166961;2644;4,07
166962;2608;3,16
166963;2593;2,78
166964;2624;3,56
166965;2630;3,71
166966;2608;3,16
166967;2590;2,70
166968;2615;3,34
166969;2608;3,16
166970;2612;3,26
166971;2589;2,68
166972;2614;3,31
166973;2629;3,69
166974;2610;3,21
166975;2586;2,60
166976;2617;3,39
166977;2595;2,83
166978;2613;3,28
166979;2624;3,56
166980;2629;3,69
166981;2595;2,83
166982;2610;3,21
166983;2629;3,69
166984;2626;3,61
166985;2641;3,99
166986;2624;3,56
166987;2611;3,23
166988;2623;3,54
166989;2640;3,97
166990;2640;3,97
166991;2659;4,45
166992;2650;4,22
166993;2619;3,44
166994;2639;3,94
166995;2623;3,54
166996;2650;4,22
166997;2627;3,64
166998;2643;4,04
166999;2655;4,35
167000;2660;4,47
167001;2631;3,74
167002;2653;4,30
167003;2694;5,33
167004;2663;4,55
167005;2656;4,37
167006;2688;5,18
167007;2628;3,66
167008;2662;4,52
167009;2646;4,12
167010;2649;4,20
167011;2626;3,61
167012;2666;4,63
167013;2641;3,99
167014;2645;4,09
167015;2631;3,74
167016;2655;4,35
167017;2647;4,14
167018;2645;4,09
167019;2642;4,02
167020;2662;4,52
167021;2652;4,27
167022;2629;3,69
167023;2614;3,31
167024;2640;3,97
167025;2640;3,97
167026;2621;3,49
167027;2609;3,18
167028;2635;3,84
167029;2615;3,34
167030;2625;3,59
167031;2603;3,03
167032;2623;3,54
167033;2627;3,64
167034;2623;3,54
167035;2599;2,93
167036;2637;3,89
167037;2615;3,34
167038;2623;3,54
167039;2598;2,90
167040;2622;3,51
167041;2625;3,59
167042;2627;3,64
167043;2611;3,23
167044;2629;3,69
167045;2607;3,13
167046;2621;3,49
167047;2672;4,78
167048;2625;3,59
167049;2608;3,16
167050;2609;3,18
167051;2639;3,94
167052;2641;3,99
167053;2613;3,28
167054;2658;4,42
167055;2611;3,23
167056;2628;3,66
167057;2619;3,44
167058;2645;4,09
167059;2651;4,25
167060;2647;4,14
167061;2630;3,71
167062;2644;4,07
167063;2618;3,41
167064;2647;4,14
167065;2649;4,20
167066;2649;4,20
167067;2626;3,61
167068;2683;5,06
167069;2671;4,75
167070;2672;4,78
167071;2651;4,25
167072;2640;3,97
167073;2682;5,03
167074;2659;4,45
167075;2625;3,59
167076;2646;4,12
167077;2638;3,92
167078;2656;4,37
167079;2633;3,79
167080;2649;4,20
167081;2629;3,69
167082;2647;4,14
167083;2677;4,90
167084;2606;3,11
167085;2643;4,04
167086;2646;4,12
167087;2623;3,54
167088;2640;3,97
167089;2615;3,34
167090;2640;3,97
167091;2670;4,73
167092;2637;3,89
167093;2637;3,89
167094;2633;3,79
167095;2655;4,35
167096;2638;3,92
167097;2640;3,97
167098;2633;3,79
167099;2624;3,56
167100;2629;3,69
167101;2642;4,02
167102;2613;3,28
167103;2625;3,59
167104;2626;3,61
167105;2650;4,22
167106;2615;3,34
167107;2638;3,92
167108;2646;4,12
167109;2637;3,89
167110;2624;3,56
167111;2627;3,64
167112;2622;3,51
167113;2621;3,49
167114;2615;3,34
167115;2621;3,49
167116;2636;3,87
167117;2639;3,94
167118;2623;3,54
167119;2637;3,89
167120;2643;4,04
167121;2685;5,11
167122;2639;3,94
167123;2641;3,99
167124;2651;4,25
167125;2650;4,22
167126;2631;3,74
167127;2626;3,61
167128;2640;3,97
167129;2647;4,14
167130;2645;4,09
167131;2658;4,42
167132;2639;3,94
167133;2637;3,89
167134;2643;4,04
167135;2666;4,63
167136;2662;4,52
167137;2687;5,16
167138;2672;4,78
167139;2651;4,25
167140;2655;4,35
167141;2657;4,40
167142;2666;4,63
167143;2660;4,47
167144;2663;4,55
167145;2658;4,42
167146;2674;4,83
167147;2662;4,52
167148;2651;4,25
167149;2679;4,95
167150;2659;4,45
167151;2672;4,78
167152;2661;4,50
167153;2681;5,01
167154;2640;3,97
167155;2675;4,85
167156;2669;4,70
167157;2662;4,52
167158;2651;4,25
167159;2629;3,69
167160;2658;4,42
167161;2647;4,14
167162;2645;4,09
167163;2640;3,97
167164;2649;4,20
167165;2651;4,25
167166;2643;4,04
167167;2655;4,35
167168;2640;3,97
167169;2640;3,97
167170;2635;3,84
167171;2638;3,92
167172;2647;4,14
167173;2668;4,68
167174;2642;4,02
167175;2637;3,89
167176;2626;3,61
167177;2641;3,99
167178;2633;3,79
167179;2630;3,71
167180;2627;3,64
167181;2636;3,87
167182;2629;3,69
167183;2637;3,89
167184;2623;3,54
167185;2613;3,28
167186;2615;3,34
167187;2622;3,51
167188;2626;3,61
167189;2626;3,61
167190;2618;3,41
167191;2619;3,44
167192;2624;3,56
167193;2661;4,50
167194;2631;3,74
167195;2595;2,83
167196;2637;3,89
167197;2630;3,71
167198;2639;3,94
167199;2621;3,49
167200;2626;3,61
167201;2629;3,69
167202;2631;3,74
167203;2653;4,30
167204;2647;4,14
167205;2659;4,45
167206;2659;4,45
167207;2652;4,27
167208;2651;4,25
167209;2653;4,30
167210;2656;4,37
167211;2652;4,27
167212;2658;4,42
167213;2663;4,55
167214;2667;4,65
167215;2656;4,37
167216;2668;4,68
167217;2656;4,37
167218;2669;4,70
167219;2665;4,60
167220;2668;4,68
167221;2678;4,93
167222;2661;4,50
167223;2671;4,75
167224;2671;4,75
167225;2662;4,52
167226;2662;4,52
167227;2656;4,37
167228;2658;4,42
167229;2667;4,65
167230;2652;4,27
167231;2662;4,52
167232;2642;4,02
167233;2657;4,40
167234;2646;4,12
167235;2639;3,94
167236;2640;3,97
167237;2640;3,97
167238;2631;3,74
167239;2635;3,84
167240;2635;3,84
167241;2637;3,89
167242;2624;3,56
167243;2637;3,89
167244;2637;3,89
167245;2650;4,22
167246;2627;3,64
167247;2623;3,54
167248;2624;3,56
167249;2656;4,37
167250;2622;3,51
167251;2626;3,61
167252;2667;4,65
167253;2626;3,61
167254;2625;3,59
167255;2623;3,54
167256;2613;3,28
167257;2623;3,54
167258;2642;4,02
167259;2636;3,87
167260;2625;3,59
167261;2640;3,97
167262;2624;3,56
167263;2626;3,61
167264;2633;3,79
167265;2639;3,94
167266;2631;3,74
167267;2647;4,14
167268;2637;3,89
167269;2646;4,12
167270;2640;3,97
167271;2655;4,35
167272;2638;3,92
167273;2647;4,14
167274;2624;3,56
167275;2641;3,99
167276;2683;5,06
167277;2672;4,78
167278;2653;4,30
167279;2651;4,25
167280;2653;4,30
167281;2657;4,40
167282;2663;4,55
167283;2656;4,37
167284;2653;4,30
167285;2648;4,17
167286;2645;4,09
167287;2659;4,45
167288;2650;4,22
167289;2670;4,73
167290;2634;3,82
167291;2653;4,30
167292;2659;4,45
167293;2661;4,50
167294;2658;4,42
167295;2642;4,02
167296;2640;3,97
167297;2665;4,60
167298;2625;3,59
167299;2650;4,22
167300;2647;4,14
167301;2633;3,79
167302;2642;4,02
167303;2658;4,42
167304;2642;4,02
167305;2640;3,97
167306;2636;3,87
167307;2634;3,82
167308;2651;4,25
167309;2647;4,14
167310;2666;4,63
167311;2645;4,09
167312;2645;4,09
167313;2640;3,97
167314;2639;3,94
167315;2638;3,92
167316;2636;3,87
167317;2661;4,50
167318;2640;3,97
167319;2672;4,78
167320;2637;3,89
167321;2646;4,12
167322;2637;3,89
167323;2656;4,37
167324;2655;4,35
167325;2640;3,97
167326;2643;4,04
167327;2651;4,25
167328;2653;4,30
167329;2654;4,32
167330;2655;4,35
167331;2643;4,04
167332;2655;4,35
167333;2666;4,63
167334;2651;4,25
167335;2672;4,78
167336;2661;4,50
167337;2672;4,78
167338;2668;4,68
167339;2699;5,46
167340;2665;4,60
167341;2655;4,35
167342;2672;4,78
167343;2639;3,94
167344;2682;5,03
167345;2665;4,60
167346;2661;4,50
167347;2669;4,70
167348;2646;4,12
167349;2627;3,64
167350;2654;4,32
167351;2658;4,42
167352;2682;5,03
167353;2655;4,35
167354;2662;4,52
167355;2650;4,22
167356;2661;4,50
167357;2655;4,35
167358;2653;4,30
167359;2672;4,78
167360;2658;4,42
167361;2662;4,52
167362;2655;4,35
167363;2663;4,55
167364;2639;3,94
167365;2685;5,11
167366;2658;4,42
167367;2652;4,27
167368;2640;3,97
167369;2648;4,17
167370;2649;4,20
167371;2651;4,25
167372;2662;4,52
167373;2661;4,50
167374;2641;3,99
167375;2646;4,12
167376;2637;3,89
167377;2644;4,07
167378;2655;4,35
167379;2644;4,07
167380;2654;4,32
167381;2640;3,97
167382;2624;3,56
167383;2623;3,54
167384;2643;4,04
167385;2677;4,90
167386;2654;4,32
167387;2642;4,02
167388;2640;3,97
167389;2658;4,42
167390;2650;4,22
167391;2659;4,45
167392;2643;4,04
167393;2643;4,04
167394;2653;4,30
167395;2667;4,65
167396;2653;4,30
167397;2672;4,78
167398;2653;4,30
167399;2654;4,32
167400;2656;4,37
167401;2672;4,78
167402;2657;4,40
167403;2662;4,52
167404;2656;4,37
167405;2626;3,61
167406;2675;4,85
167407;2663;4,55
167408;2661;4,50
167409;2655;4,35
167410;2663;4,55
167411;2658;4,42
167412;2672;4,78
167413;2704;5,59
167414;2655;4,35
167415;2682;5,03
167416;2655;4,35
167417;2667;4,65
167418;2654;4,32
167419;2635;3,84
167420;2656;4,37
167421;2626;3,61
167422;2668;4,68
167423;2675;4,85
167424;2672;4,78
167425;2659;4,45
167426;2667;4,65
167427;2674;4,83
167428;2656;4,37
167429;2666;4,63
167430;2647;4,14
167431;2670;4,73
167432;2651;4,25
167433;2672;4,78
167434;2671;4,75
167435;2644;4,07
167436;2657;4,40
167437;2671;4,75
167438;2667;4,65
167439;2649;4,20
167440;2657;4,40
167441;2667;4,65
167442;2646;4,12
167443;2667;4,65
167444;2658;4,42
167445;2629;3,69
167446;2662;4,52
167447;2647;4,14
167448;2649;4,20
167449;2657;4,40
167450;2647;4,14
167451;2640;3,97
167452;2654;4,32
167453;2653;4,30
167454;2667;4,65
167455;2643;4,04
167456;2655;4,35
167457;2662;4,52
167458;2647;4,14
167459;2689;5,21
167460;2655;4,35
167461;2647;4,14
167462;2652;4,27
167463;2706;5,64
167464;2679;4,95
167465;2660;4,47
167466;2654;4,32
167467;2670;4,73
167468;2660;4,47
167469;2675;4,85
167470;2652;4,27
167471;2663;4,55
167472;2654;4,32
167473;2640;3,97
167474;2668;4,68
167475;2653;4,30
167476;2665;4,60
167477;2667;4,65
167478;2656;4,37
167479;2671;4,75
167480;2658;4,42
167481;2675;4,85
167482;2671;4,75
167483;2690;5,23
167484;2663;4,55
167485;2663;4,55
167486;2663;4,55
167487;2667;4,65
167488;2669;4,70
167489;2672;4,78
167490;2663;4,55
167491;2669;4,70
167492;2663;4,55
167493;2681;5,01
167494;2671;4,75
167495;2676;4,88
167496;2658;4,42
167497;2679;4,95
167498;2684;5,08
167499;2667;4,65
167500;2677;4,90
167501;2671;4,75
167502;2667;4,65
167503;2701;5,51
167504;2672;4,78
167505;2679;4,95
167506;2675;4,85
167507;2675;4,85
167508;2678;4,93
167509;2672;4,78
167510;2677;4,90
167511;2679;4,95
167512;2679;4,95
167513;2655;4,35
167514;2682;5,03
167515;2694;5,33
167516;2685;5,11
167517;2688;5,18
167518;2698;5,44
167519;2694;5,33
167520;2683;5,06
167521;2704;5,59
167522;2698;5,44
167523;2657;4,40
167524;2698;5,44
167525;2702;5,54
167526;2691;5,26
167527;2678;4,93
167528;2685;5,11
167529;2709;5,71
167530;2697;5,41
167531;2692;5,28
167532;2707;5,66
167533;2691;5,26
167534;2693;5,31
167535;2695;5,36
167536;2705;5,61
167537;2704;5,59
167538;2699;5,46
167539;2699;5,46
167540;2719;5,97
167541;2704;5,59
167542;2704;5,59
167543;2708;5,69
167544;2718;5,94
167545;2710;5,74
167546;2704;5,59
167547;2719;5,97
167548;2715;5,87
167549;2695;5,36
167550;2718;5,94
167551;2719;5,97
167552;2704;5,59
167553;2715;5,87
167554;2715;5,87
167555;2690;5,23
167556;2714;5,84
167557;2724;6,09
167558;2721;6,02
167559;2745;6,62
167560;2719;5,97
167561;2719;5,97
167562;2717;5,92
167563;2688;5,18
167564;2731;6,27
167565;2717;5,92
167566;2725;6,12
167567;2729;6,22
167568;2728;6,19
167569;2743;6,57
167570;2730;6,24
167571;2747;6,68
167572;2735;6,37
167573;2747;6,68
167574;2731;6,27
167575;2779;7,48
167576;2727;6,17
167577;2731;6,27
167578;2775;7,38
167579;2749;6,73
167580;2753;6,83
167581;2755;6,88
167582;2751;6,78
167583;2748;6,70
167584;2758;6,95
167585;2768;7,21
167586;2784;7,61
167587;2758;6,95
167588;2741;6,52
167589;2752;6,80
167590;2759;6,98
167591;2778;7,46
167592;2755;6,88
167593;2749;6,73
167594;2761;7,03
167595;2765;7,13
167596;2768;7,21
167597;2754;6,85
167598;2771;7,28
167599;2774;7,36
167600;2773;7,33
167601;2768;7,21
167602;2784;7,61
167603;2753;6,83
167604;2772;7,31
167605;2781;7,54
167606;2795;7,89
167607;2779;7,48
167608;2778;7,46
167609;2777;7,43
167610;2786;7,66
167611;2800;8,02
167612;2784;7,61
167613;2795;7,89
167614;2815;8,40
167615;2789;7,74
167616;2800;8,02
167617;2758;6,95
167618;2787;7,69
167619;2799;7,99
167620;2786;7,66
167621;2783;7,59
167622;2805;8,14
167623;2811;8,29
167624;2804;8,12
167625;2781;7,54
167626;2798;7,97
167627;2801;8,04
167628;2794;7,86
167629;2774;7,36
167630;2787;7,69
167631;2777;7,43
167632;2800;8,02
167633;2779;7,48
167634;2818;8,47
167635;2781;7,54
167636;2800;8,02
167637;2818;8,47
167638;2800;8,02
167639;2803;8,09
167640;2787;7,69
167641;2815;8,40
167642;2809;8,24
167643;2775;7,38
167644;2807;8,19
167645;2781;7,54
167646;2810;8,27
167647;2799;7,99
167648;2794;7,86
167649;2775;7,38
167650;2803;8,09
167651;2777;7,43
167652;2803;8,09
167653;2839;9,00
167654;2812;8,32
167655;2812;8,32
167656;2800;8,02
167657;2831;8,80
167658;2806;8,17
167659;2805;8,14
167660;2809;8,24
167661;2815;8,40
167662;2821;8,55
167663;2805;8,14
167664;2823;8,60
167665;2814;8,37
167666;2807;8,19
167667;2845;9,15
167668;2828;8,72
167669;2812;8,32
167670;2806;8,17
167671;2790;7,76
167672;2819;8,50
167673;2784;7,61
167674;2816;8,42
167675;2821;8,55
167676;2815;8,40
167677;2817;8,45
167678;2822;8,57
167679;2820;8,52
167680;2818;8,47
167681;2807;8,19
167682;2801;8,04
167683;2790;7,76
167684;2829;8,75
167685;2806;8,17
167686;2807;8,19
167687;2818;8,47
167688;2818;8,47
167689;2799;7,99
167690;2813;8,35
167691;2807;8,19
167692;2817;8,45
167693;2797;7,94
167694;2816;8,42
167695;2788;7,71
167696;2826;8,67
167697;2830;8,78
167698;2816;8,42
167699;2836;8,93
167700;2829;8,75
167701;2838;8,98
167702;2822;8,57
167703;2832;8,83
167704;2833;8,85
167705;2843;9,10
167706;2832;8,83
167707;2797;7,94
167708;2798;7,97
167709;2837;8,95
167710;2823;8,60
167711;2807;8,19
167712;2835;8,90
167713;2829;8,75
167714;2832;8,83
167715;2833;8,85
167716;2834;8,88
167717;2813;8,35
167718;2834;8,88
167719;2832;8,83
167720;2823;8,60
167721;2843;9,10
167722;2819;8,50
167723;2828;8,72
167724;2836;8,93
167725;2848;9,23
167726;2823;8,60
167727;2819;8,50
167728;2829;8,75
167729;2846;9,18
167730;2827;8,70
167731;2832;8,83
167732;2823;8,60
167733;2826;8,67
167734;2843;9,10
167735;2830;8,78
167736;2838;8,98
167737;2840;9,03
167738;2832;8,83
167739;2821;8,55
167740;2830;8,78
167741;2832;8,83
167742;2817;8,45
167743;2823;8,60
167744;2820;8,52
167745;2817;8,45
167746;2820;8,52
167747;2819;8,50
167748;2815;8,40
167749;2817;8,45
167750;2811;8,29
167751;2774;7,36
167752;2806;8,17
167753;2785;7,64
167754;2795;7,89
167755;2798;7,97
167756;2799;7,99
167757;2794;7,86
167758;2791;7,79
167759;2817;8,45
167760;2820;8,52
167761;2809;8,24
167762;2807;8,19
167763;2817;8,45
167764;2825;8,65
167765;2816;8,42
167766;2846;9,18
167767;2853;9,36
167768;2843;9,10
167769;2835;8,90
167770;2855;9,41
167771;2860;9,53
167772;2853;9,36
167773;2842;9,08
167774;2843;9,10
167775;2848;9,23
167776;2831;8,80
167777;2854;9,38
167778;2845;9,15
167779;2847;9,21
167780;2842;9,08
167781;2864;9,64
167782;2859;9,51
167783;2854;9,38
167784;2832;8,83
167785;2832;8,83
167786;2791;7,79
167787;2820;8,52
167788;2823;8,60
167789;2817;8,45
167790;2815;8,40
167791;2834;8,88
167792;2820;8,52
167793;2800;8,02
167794;2833;8,85
167795;2817;8,45
167796;2801;8,04
167797;2816;8,42
167798;2821;8,55
167799;2827;8,70
167800;2825;8,65
167801;2781;7,54
167802;2818;8,47
167803;2800;8,02
167804;2791;7,79
167805;2798;7,97
167806;2771;7,28
167807;2782;7,56
167808;2775;7,38
167809;2795;7,89
167810;2780;7,51
167811;2780;7,51
167812;2782;7,56
167813;2754;6,85
167814;2786;7,66
167815;2780;7,51
167816;2758;6,95
167817;2784;7,61
167818;2770;7,26
167819;2759;6,98
167820;2803;8,09
167821;2762;7,05
167822;2800;8,02
167823;2789;7,74
167824;2801;8,04
167825;2766;7,16
167826;2798;7,97
167827;2798;7,97
167828;2796;7,91
167829;2801;8,04
167830;2801;8,04
167831;2801;8,04
167832;2813;8,35
167833;2816;8,42
167834;2815;8,40
167835;2809;8,24
167836;2795;7,89
167837;2801;8,04
167838;2811;8,29
167839;2803;8,09
167840;2816;8,42
167841;2810;8,27
167842;2802;8,07
167843;2795;7,89
167844;2802;8,07
167845;2709;5,71
167846;2798;7,97
167847;2790;7,76
167848;2793;7,84
167849;2769;7,23
167850;2789;7,74
167851;2795;7,89
167852;2782;7,56
167853;2783;7,59
167854;2773;7,33
167855;2777;7,43
167856;2767;7,18
167857;2768;7,21
167858;2762;7,05
167859;2773;7,33
167860;2763;7,08
167861;2756;6,90
167862;2781;7,54
167863;2783;7,59
167864;2775;7,38
167865;2745;6,62
167866;2777;7,43
167867;2789;7,74
167868;2768;7,21
167869;2767;7,18
167870;2776;7,41
167871;2799;7,99
167872;2777;7,43
167873;2800;8,02
167874;2798;7,97
167875;2767;7,18
167876;2800;8,02
167877;2812;8,32
167878;2785;7,64
167879;2802;8,07
167880;2805;8,14
167881;2803;8,09
167882;2806;8,17
167883;2802;8,07
167884;2815;8,40
167885;2801;8,04
167886;2802;8,07
167887;2815;8,40
167888;2773;7,33
167889;2797;7,94
167890;2790;7,76
167891;2816;8,42
167892;2783;7,59
167893;2797;7,94
167894;2787;7,69
167895;2748;6,70
167896;2759;6,98
167897;2781;7,54
167898;2767;7,18
167899;2785;7,64
167900;2766;7,16
167901;2762;7,05
167902;2784;7,61
167903;2779;7,48
167904;2789;7,74
167905;2779;7,48
167906;2765;7,13
167907;2755;6,88
167908;2778;7,46
167909;2755;6,88
167910;2754;6,85
167911;2732;6,30
167912;2737;6,42
167913;2714;5,84
167914;2737;6,42
167915;2746;6,65
167916;2733;6,32
167917;2721;6,02
167918;2723;6,07
167919;2704;5,59
167920;2736;6,40
167921;2747;6,68
167922;2743;6,57
167923;2711;5,76
167924;2751;6,78
167925;2723;6,07
167926;2766;7,16
167927;2751;6,78
167928;2752;6,80
167929;2752;6,80
167930;2752;6,80
167931;2751;6,78
167932;2746;6,65
167933;2765;7,13
167934;2756;6,90
167935;2752;6,80
167936;2752;6,80
167937;2723;6,07
167938;2768;7,21
167939;2752;6,80
167940;2752;6,80
167941;2736;6,40
167942;2749;6,73
167943;2736;6,40
167944;2745;6,62
167945;2734;6,35
167946;2733;6,32
167947;2717;5,92
167948;2721;6,02
167949;2733;6,32
167950;2723;6,07
167951;2672;4,78
167952;2706;5,64
167953;2752;6,80
167954;2739;6,47
167955;2714;5,84
167956;2745;6,62
167957;2724;6,09
167958;2721;6,02
167959;2710;5,74
167960;2727;6,17
167961;2731;6,27
167962;2739;6,47
167963;2737;6,42
167964;2746;6,65
167965;2736;6,40
167966;2743;6,57
167967;2753;6,83
167968;2739;6,47
167969;2748;6,70
167970;2755;6,88
167971;2768;7,21
167972;2749;6,73
167973;2723;6,07
167974;2736;6,40
167975;2736;6,40
167976;2770;7,26
167977;2750;6,75
167978;2736;6,40
167979;2736;6,40
167980;2736;6,40
167981;2735;6,37
167982;2749;6,73
167983;2717;5,92
167984;2745;6,62
167985;2736;6,40
167986;2705;5,61
167987;2736;6,40
167988;2731;6,27
167989;2726;6,14
167990;2736;6,40
167991;2749;6,73
167992;2726;6,14
167993;2701;5,51
167994;2687;5,16
167995;2714;5,84
167996;2688;5,18
167997;2709;5,71
167998;2710;5,74
167999;2704;5,59
168000;2681;5,01
168001;2679;4,95
168002;2699;5,46
168003;2715;5,87
168004;2705;5,61
168005;2718;5,94
168006;2725;6,12
168007;2715;5,87
168008;2700;5,49
168009;2735;6,37
168010;2713;5,81
168011;2704;5,59
168012;2708;5,69
168013;2698;5,44
168014;2697;5,41
168015;2725;6,12
168016;2704;5,59
168017;2735;6,37
168018;2726;6,14
168019;2714;5,84
168020;2736;6,40
168021;2742;6,55
168022;2730;6,24
168023;2698;5,44
168024;2722;6,04
168025;2736;6,40
168026;2704;5,59
168027;2720;5,99
168028;2756;6,90
168029;2722;6,04
168030;2711;5,76
168031;2718;5,94
168032;2699;5,46
168033;2714;5,84
168034;2675;4,85
168035;2722;6,04
168036;2705;5,61
168037;2699;5,46
168038;2695;5,36
168039;2714;5,84
168040;2704;5,59
168041;2687;5,16
168042;2704;5,59
168043;2704;5,59
168044;2709;5,71
168045;2699;5,46
168046;2722;6,04
168047;2704;5,59
168048;2704;5,59
168049;2710;5,74
168050;2715;5,87
168051;2717;5,92
168052;2710;5,74
168053;2705;5,61
168054;2705;5,61
168055;2687;5,16
168056;2704;5,59
168057;2708;5,69
168058;2707;5,66
168059;2702;5,54
168060;2708;5,69
168061;2714;5,84
168062;2722;6,04
168063;2707;5,66
168064;2714;5,84
168065;2705;5,61
168066;2704;5,59
168067;2700;5,49
168068;2695;5,36
168069;2694;5,33
168070;2695;5,36
168071;2699;5,46
168072;2686;5,13
168073;2699;5,46
168074;2692;5,28
168075;2662;4,52
168076;2699;5,46
168077;2689;5,21
168078;2704;5,59
168079;2683;5,06
168080;2689;5,21
168081;2694;5,33
168082;2689;5,21
168083;2704;5,59
168084;2688;5,18
168085;2672;4,78
168086;2675;4,85
168087;2655;4,35
168088;2671;4,75
168089;2640;3,97
168090;2666;4,63
168091;2669;4,70
168092;2679;4,95
168093;2672;4,78
168094;2669;4,70
168095;2672;4,78
168096;2668;4,68
168097;2681;5,01
168098;2675;4,85
168099;2705;5,61
168100;2695;5,36
168101;2691;5,26
168102;2690;5,23
168103;2703;5,56
168104;2701;5,51
168105;2709;5,71
168106;2715;5,87
168107;2709;5,71
168108;2699;5,46
168109;2705;5,61
168110;2707;5,66
168111;2706;5,64
168112;2699;5,46
168113;2703;5,56
168114;2715;5,87
168115;2701;5,51
168116;2693;5,31
168117;2705;5,61
168118;2707;5,66
168119;2695;5,36
168120;2689;5,21
168121;2668;4,68
168122;2663;4,55
168123;2655;4,35
168124;2672;4,78
168125;2650;4,22
168126;2681;5,01
168127;2691;5,26
168128;2667;4,65
168129;2686;5,13
168130;2683;5,06
168131;2670;4,73
168132;2677;4,90
168133;2642;4,02
168134;2645;4,09
168135;2662;4,52
168136;2662;4,52
168137;2649;4,20
168138;2654;4,32
168139;2672;4,78
168140;2653;4,30
168141;2668;4,68
168142;2640;3,97
168143;2642;4,02
168144;2642;4,02
168145;2640;3,97
168146;2649;4,20
168147;2619;3,44
168148;2651;4,25
168149;2643;4,04
168150;2642;4,02
168151;2650;4,22
168152;2653;4,30
168153;2653;4,30
168154;2624;3,56
168155;2656;4,37
168156;2627;3,64
168157;2655;4,35
168158;2663;4,55
168159;2653;4,30
168160;2661;4,50
168161;2654;4,32
168162;2640;3,97
168163;2639;3,94
168164;2661;4,50
168165;2668;4,68
168166;2673;4,80
168167;2681;5,01
168168;2670;4,73
168169;2677;4,90
168170;2677;4,90
168171;2677;4,90
168172;2685;5,11
168173;2687;5,16
168174;2675;4,85
168175;2661;4,50
168176;2679;4,95
168177;2686;5,13
168178;2685;5,11
168179;2703;5,56
168180;2702;5,54
168181;2691;5,26
168182;2685;5,11
168183;2697;5,41
168184;2669;4,70
168185;2678;4,93
168186;2666;4,63
168187;2699;5,46
168188;2688;5,18
168189;2687;5,16
168190;2685;5,11
168191;2686;5,13
168192;2685;5,11
168193;2697;5,41
168194;2688;5,18
168195;2704;5,59
168196;2681;5,01
168197;2688;5,18
168198;2677;4,90
168199;2695;5,36
168200;2687;5,16
168201;2703;5,56
168202;2685;5,11
168203;2676;4,88
168204;2682;5,03
168205;2689;5,21
168206;2687;5,16
168207;2673;4,80
168208;2678;4,93
168209;2649;4,20
168210;2669;4,70
168211;2682;5,03
168212;2683;5,06
168213;2672;4,78
168214;2672;4,78
168215;2671;4,75
168216;2675;4,85
168217;2679;4,95
168218;2672;4,78
168219;2654;4,32
168220;2667;4,65
168221;2653;4,30
168222;2666;4,63
168223;2687;5,16
168224;2657;4,40
168225;2681;5,01
168226;2668;4,68
168227;2671;4,75
168228;2646;4,12
168229;2668;4,68
168230;2656;4,37
168231;2669;4,70
168232;2693;5,31
168233;2701;5,51
168234;2690;5,23
168235;2673;4,80
168236;2683;5,06
168237;2689;5,21
168238;2690;5,23
168239;2682;5,03
168240;2701;5,51
168241;2693;5,31
168242;2690;5,23
168243;2704;5,59
168244;2697;5,41
168245;2705;5,61
168246;2704;5,59
168247;2711;5,76
168248;2713;5,81
168249;2717;5,92
168250;2715;5,87
168251;2726;6,14
168252;2711;5,76
168253;2703;5,56
168254;2733;6,32
168255;2717;5,92
168256;2720;5,99
168257;2726;6,14
168258;2734;6,35
168259;2726;6,14
168260;2723;6,07
168261;2720;5,99
168262;2715;5,87
168263;2720;5,99
168264;2714;5,84
168265;2723;6,07
168266;2730;6,24
168267;2709;5,71
168268;2717;5,92
168269;2709;5,71
168270;2713;5,81
168271;2702;5,54
168272;2694;5,33
168273;2706;5,64
168274;2714;5,84
168275;2672;4,78
168276;2704;5,59
168277;2693;5,31
168278;2688;5,18
168279;2704;5,59
168280;2692;5,28
168281;2706;5,64
168282;2697;5,41
168283;2692;5,28
168284;2678;4,93
168285;2691;5,26
168286;2687;5,16
168287;2672;4,78
168288;2709;5,71
168289;2695;5,36
168290;2703;5,56
168291;2704;5,59
168292;2686;5,13
168293;2706;5,64
168294;2704;5,59
168295;2706;5,64
168296;2704;5,59
168297;2693;5,31
168298;2693;5,31
168299;2669;4,70
168300;2693;5,31
168301;2707;5,66
168302;2701;5,51
168303;2725;6,12
168304;2717;5,92
168305;2708;5,69
168306;2710;5,74
168307;2711;5,76
168308;2713;5,81
168309;2724;6,09
168310;2735;6,37
168311;2734;6,35
168312;2743;6,57
168313;2733;6,32
168314;2723;6,07
168315;2726;6,14
168316;2729;6,22
168317;2740;6,50
168318;2725;6,12
168319;2743;6,57
168320;2726;6,14
168321;2733;6,32
168322;2734;6,35
168323;2731;6,27
168324;2723;6,07
168325;2736;6,40
168326;2734;6,35
168327;2736;6,40
168328;2743;6,57
168329;2751;6,78
168330;2726;6,14
168331;2734;6,35
168332;2738;6,45
168333;2752;6,80
168334;2743;6,57
168335;2698;5,44
168336;2722;6,04
168337;2731;6,27
168338;2727;6,17
168339;2731;6,27
168340;2701;5,51
168341;2717;5,92
168342;2725;6,12
168343;2711;5,76
168344;2723;6,07
168345;2729;6,22
168346;2704;5,59
168347;2704;5,59
168348;2704;5,59
168349;2729;6,22
168350;2702;5,54
168351;2731;6,27
168352;2704;5,59
168353;2708;5,69
168354;2707;5,66
168355;2714;5,84
168356;2701;5,51
168357;2705;5,61
168358;2686;5,13
168359;2704;5,59
168360;2708;5,69
168361;2703;5,56
168362;2694;5,33
168363;2718;5,94
168364;2705;5,61
168365;2717;5,92
168366;2703;5,56
168367;2702;5,54
168368;2709;5,71
168369;2714;5,84
168370;2703;5,56
168371;2699;5,46
168372;2707;5,66
168373;2703;5,56
168374;2725;6,12
168375;2698;5,44
168376;2706;5,64
168377;2717;5,92
168378;2720;5,99
168379;2703;5,56
168380;2705;5,61
168381;2724;6,09
168382;2723;6,07
168383;2711;5,76
168384;2725;6,12
168385;2741;6,52
168386;2733;6,32
168387;2718;5,94
168388;2720;5,99
168389;2726;6,14
168390;2729;6,22
168391;2732;6,30
168392;2743;6,57
168393;2736;6,40
168394;2759;6,98
168395;2706;5,64
168396;2745;6,62
168397;2737;6,42
168398;2746;6,65
168399;2739;6,47
168400;2749;6,73
168401;2752;6,80
168402;2734;6,35
168403;2747;6,68
168404;2737;6,42
168405;2739;6,47
168406;2750;6,75
168407;2750;6,75
168408;2736;6,40
168409;2738;6,45
168410;2736;6,40
168411;2702;5,54
168412;2747;6,68
168413;2746;6,65
168414;2725;6,12
168415;2742;6,55
168416;2722;6,04
168417;2721;6,02
168418;2720;5,99
168419;2718;5,94
168420;2727;6,17
168421;2688;5,18
168422;2703;5,56
168423;2729;6,22
168424;2711;5,76
168425;2727;6,17
168426;2730;6,24
168427;2717;5,92
168428;2710;5,74
168429;2720;5,99
168430;2702;5,54
168431;2704;5,59
168432;2704;5,59
168433;2672;4,78
168434;2700;5,49
168435;2704;5,59
168436;2691;5,26
168437;2707;5,66
168438;2702;5,54
168439;2711;5,76
168440;2705;5,61
168441;2699;5,46
168442;2699;5,46
168443;2695;5,36
168444;2706;5,64
168445;2704;5,59
168446;2706;5,64
168447;2707;5,66
168448;2706;5,64
168449;2707;5,66
168450;2707;5,66
168451;2706;5,64
168452;2694;5,33
168453;2695;5,36
168454;2707;5,66
168455;2701;5,51
168456;2677;4,90
168457;2705;5,61
168458;2699;5,46
168459;2704;5,59
168460;2704;5,59
168461;2704;5,59
168462;2701;5,51
168463;2711;5,76
168464;2704;5,59
168465;2704;5,59
168466;2686;5,13
168467;2704;5,59
168468;2703;5,56
168469;2709;5,71
168470;2711;5,76
168471;2711;5,76
168472;2690;5,23
168473;2699;5,46
168474;2704;5,59
168475;2723;6,07
168476;2693;5,31
168477;2704;5,59
168478;2715;5,87
168479;2703;5,56
168480;2694;5,33
168481;2699;5,46
168482;2691;5,26
168483;2706;5,64
168484;2689;5,21
168485;2704;5,59
168486;2688;5,18
168487;2698;5,44
168488;2703;5,56
168489;2687;5,16
168490;2677;4,90
168491;2667;4,65
168492;2702;5,54
168493;2658;4,42
168494;2672;4,78
168495;2674;4,83
168496;2681;5,01
168497;2673;4,80
168498;2689;5,21
168499;2687;5,16
168500;2678;4,93
168501;2674;4,83
168502;2672;4,78
168503;2674;4,83
168504;2674;4,83
168505;2680;4,98
168506;2663;4,55
168507;2675;4,85
168508;2683;5,06
168509;2672;4,78
168510;2687;5,16
168511;2682;5,03
168512;2672;4,78
168513;2691;5,26
168514;2682;5,03
168515;2684;5,08
168516;2672;4,78
168517;2684;5,08
168518;2704;5,59
168519;2675;4,85
168520;2663;4,55
168521;2680;4,98
168522;2679;4,95
168523;2681;5,01
168524;2669;4,70
168525;2678;4,93
168526;2677;4,90
168527;2674;4,83
168528;2669;4,70
168529;2675;4,85
168530;2687;5,16
168531;2685;5,11
168532;2688;5,18
168533;2687;5,16
168534;2688;5,18
168535;2685;5,11
168536;2687;5,16
168537;2683;5,06
168538;2671;4,75
168539;2694;5,33
168540;2672;4,78
168541;2686;5,13
168542;2659;4,45
168543;2670;4,73
168544;2662;4,52
168545;2677;4,90
168546;2655;4,35
168547;2699;5,46
168548;2679;4,95
168549;2683;5,06
168550;2675;4,85
168551;2670;4,73
168552;2650;4,22
168553;2672;4,78
168554;2672;4,78
168555;2687;5,16
168556;2681;5,01
168557;2655;4,35
168558;2643;4,04
168559;2644;4,07
168560;2640;3,97
168561;2679;4,95
168562;2682;5,03
168563;2640;3,97
168564;2674;4,83
168565;2641;3,99
168566;2680;4,98
168567;2683;5,06
168568;2675;4,85
168569;2681;5,01
168570;2688;5,18
168571;2689;5,21
168572;2672;4,78
168573;2678;4,93
168574;2675;4,85
168575;2670;4,73
168576;2683;5,06
168577;2688;5,18
168578;2679;4,95
168579;2682;5,03
168580;2685;5,11
168581;2670;4,73
168582;2673;4,80
168583;2673;4,80
168584;2689;5,21
168585;2672;4,78
168586;2683;5,06
168587;2672;4,78
168588;2686;5,13
168589;2689;5,21
168590;2672;4,78
168591;2671;4,75
168592;2671;4,75
168593;2679;4,95
168594;2639;3,94
168595;2675;4,85
168596;2674;4,83
168597;2675;4,85
168598;2670;4,73
168599;2686;5,13
168600;2667;4,65
168601;2688;5,18
168602;2672;4,78
168603;2679;4,95
168604;2676;4,88
168605;2672;4,78
168606;2672;4,78
168607;2676;4,88
168608;2671;4,75
168609;2672;4,78
168610;2672;4,78
168611;2670;4,73
168612;2639;3,94
168613;2663;4,55
168614;2674;4,83
168615;2670;4,73
168616;2666;4,63
168617;2671;4,75
168618;2674;4,83
168619;2651;4,25
168620;2672;4,78
168621;2672;4,78
168622;2685;5,11
168623;2672;4,78
168624;2667;4,65
168625;2674;4,83
168626;2668;4,68
168627;2667;4,65
168628;2670;4,73
168629;2641;3,99
168630;2669;4,70
168631;2672;4,78
168632;2673;4,80
168633;2669;4,70
168634;2678;4,93
168635;2665;4,60
168636;2659;4,45
168637;2677;4,90
168638;2677;4,90
168639;2667;4,65
168640;2647;4,14
168641;2657;4,40
168642;2659;4,45
168643;2663;4,55
168644;2661;4,50
168645;2666;4,63
168646;2630;3,71
168647;2653;4,30
168648;2655;4,35
168649;2673;4,80
168650;2655;4,35
168651;2657;4,40
168652;2656;4,37
168653;2663;4,55
168654;2640;3,97
168655;2647;4,14
168656;2657;4,40
168657;2669;4,70
168658;2668;4,68
168659;2667;4,65
168660;2667;4,65
168661;2645;4,09
168662;2658;4,42
168663;2672;4,78
168664;2663;4,55
168665;2654;4,32
168666;2667;4,65
168667;2667;4,65
168668;2657;4,40
168669;2667;4,65
168670;2675;4,85
168671;2667;4,65
168672;2657;4,40
168673;2627;3,64
168674;2670;4,73
168675;2672;4,78
168676;2670;4,73
168677;2662;4,52
168678;2663;4,55
168679;2663;4,55
168680;2662;4,52
168681;2672;4,78
168682;2658;4,42
168683;2674;4,83
168684;2663;4,55
168685;2686;5,13
168686;2658;4,42
168687;2668;4,68
168688;2654;4,32
168689;2660;4,47
168690;2665;4,60
168691;2627;3,64
168692;2675;4,85
168693;2672;4,78
168694;2655;4,35
168695;2630;3,71
168696;2655;4,35
168697;2671;4,75
168698;2655;4,35
168699;2652;4,27
168700;2646;4,12
168701;2655;4,35
168702;2649;4,20
168703;2649;4,20
168704;2647;4,14
168705;2619;3,44
168706;2640;3,97
168707;2643;4,04
168708;2599;2,93
168709;2649;4,20
168710;2640;3,97
168711;2637;3,89
168712;2636;3,87
168713;2673;4,80
168714;2643;4,04
168715;2654;4,32
168716;2639;3,94
168717;2559;1,92
168718;2633;3,79
168719;2647;4,14
168720;2608;3,16
168721;2634;3,82
168722;2630;3,71
168723;2645;4,09
168724;2640;3,97
168725;2656;4,37
168726;2609;3,18
168727;2639;3,94
168728;2626;3,61
168729;2643;4,04
168730;2631;3,74
168731;2631;3,74
168732;2622;3,51
168733;2640;3,97
168734;2624;3,56
168735;2643;4,04
168736;2621;3,49
168737;2644;4,07
168738;2641;3,99
168739;2654;4,32
168740;2640;3,97
168741;2643;4,04
168742;2634;3,82
168743;2651;4,25
168744;2634;3,82
168745;2649;4,20
168746;2629;3,69
168747;2645;4,09
168748;2634;3,82
168749;2643;4,04
168750;2630;3,71
168751;2645;4,09
168752;2629;3,69
168753;2651;4,25
168754;2635;3,84
168755;2641;3,99
168756;2640;3,97
168757;2647;4,14
168758;2637;3,89
168759;2663;4,55
168760;2640;3,97
168761;2666;4,63
168762;2640;3,97
168763;2645;4,09
168764;2639;3,94
168765;2650;4,22
168766;2643;4,04
168767;2647;4,14
168768;2641;3,99
168769;2649;4,20
168770;2640;3,97
168771;2661;4,50
168772;2639;3,94
168773;2647;4,14
168774;2652;4,27
168775;2640;3,97
168776;2635;3,84
168777;2621;3,49
168778;2640;3,97
168779;2647;4,14
168780;2643;4,04
168781;2645;4,09
168782;2642;4,02
168783;2650;4,22
168784;2640;3,97
168785;2661;4,50
168786;2626;3,61
168787;2650;4,22
168788;2639;3,94
168789;2643;4,04
168790;2640;3,97
168791;2674;4,83
168792;2640;3,97
168793;2643;4,04
168794;2643;4,04
168795;2656;4,37
168796;2630;3,71
168797;2647;4,14
168798;2621;3,49
168799;2640;3,97
168800;2659;4,45
168801;2656;4,37
168802;2654;4,32
168803;2649;4,20
168804;2628;3,66
168805;2650;4,22
168806;2621;3,49
168807;2643;4,04
168808;2667;4,65
168809;2640;3,97
168810;2655;4,35
168811;2640;3,97
168812;2640;3,97
168813;2643;4,04
168814;2650;4,22
168815;2641;3,99
168816;2649;4,20
168817;2659;4,45
168818;2654;4,32
168819;2640;3,97
168820;2652;4,27
168821;2644;4,07
168822;2653;4,30
168823;2668;4,68
168824;2644;4,07
168825;2652;4,27
168826;2645;4,09
168827;2666;4,63
168828;2670;4,73
168829;2672;4,78
168830;2649;4,20
168831;2641;3,99
168832;2643;4,04
168833;2642;4,02
168834;2623;3,54
168835;2666;4,63
168836;2650;4,22
168837;2643;4,04
168838;2639;3,94
168839;2640;3,97
168840;2640;3,97
168841;2640;3,97
168842;2643;4,04
168843;2666;4,63
168844;2647;4,14
168845;2650;4,22
168846;2653;4,30
168847;2655;4,35
168848;2649;4,20
168849;2654;4,32
168850;2651;4,25
168851;2649;4,20
168852;2639;3,94
168853;2653;4,30
168854;2646;4,12
168855;2665;4,60
168856;2656;4,37
168857;2664;4,57
168858;2610;3,21
168859;2662;4,52
168860;2644;4,07
168861;2651;4,25
168862;2641;3,99
168863;2640;3,97
168864;2642;4,02
168865;2647;4,14
168866;2628;3,66
168867;2640;3,97
168868;2654;4,32
168869;2635;3,84
168870;2639;3,94
168871;2643;4,04
168872;2639;3,94
168873;2640;3,97
168874;2609;3,18
168875;2637;3,89
168876;2640;3,97
168877;2607;3,13
168878;2642;4,02
168879;2663;4,55
168880;2637;3,89
168881;2662;4,52
168882;2653;4,30
168883;2638;3,92
168884;2640;3,97
168885;2655;4,35
168886;2643;4,04
168887;2654;4,32
168888;2651;4,25
168889;2653;4,30
168890;2629;3,69
168891;2646;4,12
168892;2642;4,02
168893;2661;4,50
168894;2645;4,09
168895;2658;4,42
168896;2645;4,09
168897;2643;4,04
168898;2659;4,45
168899;2653;4,30
168900;2613;3,28
168901;2638;3,92
168902;2640;3,97
168903;2641;3,99
168904;2624;3,56
168905;2661;4,50
168906;2608;3,16
168907;2642;4,02
168908;2627;3,64
168909;2647;4,14
168910;2611;3,23
168911;2652;4,27
168912;2615;3,34
168913;2642;4,02
168914;2609;3,18
168915;2643;4,04
168916;2615;3,34
168917;2651;4,25
168918;2621;3,49
168919;2653;4,30
168920;2619;3,44
168921;2669;4,70
168922;2619;3,44
168923;2661;4,50
168924;2626;3,61
168925;2663;4,55
168926;2617;3,39
168927;2666;4,63
168928;2623;3,54
168929;2620;3,46
168930;2618;3,41
168931;2661;4,50
168932;2619;3,44
168933;2662;4,52
168934;2617;3,39
168935;2659;4,45
168936;2610;3,21
168937;2640;3,97
168938;2619;3,44
168939;2651;4,25
168940;2624;3,56
168941;2673;4,80
168942;2614;3,31
168943;2661;4,50
168944;2624;3,56
168945;2669;4,70
168946;2614;3,31
168947;2642;4,02
168948;2615;3,34
168949;2650;4,22
168950;2619;3,44
168951;2646;4,12
168952;2619;3,44
168953;2655;4,35
168954;2615;3,34
168955;2640;3,97
168956;2619;3,44
168957;2642;4,02
168958;2615;3,34
168959;2643;4,04
168960;2622;3,51
168961;2653;4,30
168962;2611;3,23
168963;2676;4,88
168964;2611;3,23
168965;2659;4,45
168966;2619;3,44
168967;2677;4,90
168968;2614;3,31
168969;2660;4,47
168970;2614;3,31
168971;2641;3,99
168972;2614;3,31
168973;2642;4,02
168974;2608;3,16
168975;2644;4,07
168976;2622;3,51
168977;2655;4,35
168978;2619;3,44
168979;2617;3,39
168980;2610;3,21
168981;2640;3,97
168982;2609;3,18
168983;2656;4,37
168984;2619;3,44
168985;2615;3,34
168986;2613;3,28
168987;2653;4,30
168988;2618;3,41
168989;2645;4,09
168990;2611;3,23
168991;2617;3,39
168992;2615;3,34
168993;2647;4,14
168994;2617;3,39
168995;2672;4,78
168996;2608;3,16
168997;2654;4,32
168998;2615;3,34
168999;2658;4,42
169000;2619;3,44
169001;2663;4,55
169002;2611;3,23
169003;2639;3,94
169004;2618;3,41
169005;2641;3,99
169006;2615;3,34
169007;2653;4,30
169008;2620;3,46
169009;2663;4,55
169010;2618;3,41
169011;2655;4,35
169012;2621;3,49
169013;2646;4,12
169014;2624;3,56
169015;2659;4,45
169016;2627;3,64
169017;2660;4,47
169018;2611;3,23
169019;2656;4,37
169020;2618;3,41
169021;2673;4,80
169022;2619;3,44
169023;2657;4,40
169024;2637;3,89
169025;2653;4,30
169026;2611;3,23
169027;2650;4,22
169028;2624;3,56
169029;2659;4,45
169030;2623;3,54
169031;2615;3,34
169032;2621;3,49
169033;2664;4,57
169034;2619;3,44
169035;2683;5,06
169036;2621;3,49
169037;2659;4,45
169038;2627;3,64
169039;2659;4,45
169040;2624;3,56
169041;2653;4,30
169042;2624;3,56
169043;2656;4,37
169044;2628;3,66
169045;2662;4,52
169046;2621;3,49
169047;2657;4,40
169048;2622;3,51
169049;2661;4,50
169050;2625;3,59
169051;2659;4,45
169052;2637;3,89
169053;2643;4,04
169054;2625;3,59
169055;2661;4,50
169056;2620;3,46
169057;2653;4,30
169058;2620;3,46
169059;2666;4,63
169060;2621;3,49
169061;2617;3,39
169062;2621;3,49
169063;2615;3,34
169064;2614;3,31
169065;2642;4,02
169066;2621;3,49
169067;2639;3,94
169068;2610;3,21
169069;2640;3,97
169070;2611;3,23
169071;2658;4,42
169072;2614;3,31
169073;2654;4,32
169074;2608;3,16
169075;2608;3,16
169076;2607;3,13
169077;2645;4,09
169078;2608;3,16
169079;2639;3,94
169080;2602;3,01
169081;2645;4,09
169082;2607;3,13
169083;2633;3,79
169084;2605;3,08
169085;2647;4,14
169086;2608;3,16
169087;2640;3,97
169088;2595;2,83
169089;2633;3,79
169090;2601;2,98
169091;2639;3,94
169092;2606;3,11
169093;2657;4,40
169094;2603;3,03
169095;2637;3,89
169096;2595;2,83
169097;2640;3,97
169098;2600;2,96
169099;2631;3,74
169100;2603;3,03
169101;2642;4,02
169102;2608;3,16
169103;2633;3,79
169104;2606;3,11
169105;2637;3,89
169106;2592;2,75
169107;2638;3,92
169108;2599;2,93
169109;2641;3,99
169110;2595;2,83
169111;2640;3,97
169112;2605;3,08
169113;2629;3,69
169114;2602;3,01
169115;2640;3,97
169116;2613;3,28
169117;2643;4,04
169118;2612;3,26
169119;2608;3,16
169120;2608;3,16
169121;2643;4,04
169122;2613;3,28
169123;2654;4,32
169124;2606;3,11
169125;2633;3,79
169126;2604;3,06
169127;2645;4,09
169128;2602;3,01
169129;2629;3,69
169130;2606;3,11
169131;2640;3,97
169132;2597;2,88
169133;2608;3,16
169134;2608;3,16
169135;2607;3,13
169136;2606;3,11
169137;2640;3,97
169138;2606;3,11
169139;2651;4,25
169140;2610;3,21
169141;2663;4,55
169142;2608;3,16
169143;2649;4,20
169144;2610;3,21
169145;2638;3,92
169146;2614;3,31
169147;2641;3,99
169148;2607;3,13
169149;2643;4,04
169150;2607;3,13
169151;2645;4,09
169152;2602;3,01
169153;2646;4,12
169154;2596;2,85
169155;2639;3,94
169156;2609;3,18
169157;2648;4,17
169158;2603;3,03
169159;2640;3,97
169160;2603;3,03
169161;2640;3,97
169162;2596;2,85
169163;2609;3,18
169164;2606;3,11
169165;2640;3,97
169166;2605;3,08
169167;2615;3,34
169168;2608;3,16
169169;2634;3,82
169170;2608;3,16
169171;2643;4,04
169172;2608;3,16
169173;2640;3,97
169174;2606;3,11
169175;2638;3,92
169176;2602;3,01
169177;2639;3,94
169178;2602;3,01
169179;2633;3,79
169180;2608;3,16
169181;2637;3,89
169182;2602;3,01
169183;2638;3,92
169184;2598;2,90
169185;2629;3,69
169186;2605;3,08
169187;2623;3,54
169188;2598;2,90
169189;2624;3,56
169190;2603;3,03
169191;2638;3,92
169192;2608;3,16
169193;2654;4,32
169194;2604;3,06
169195;2659;4,45
169196;2612;3,26
169197;2631;3,74
169198;2608;3,16
169199;2603;3,03
169200;2611;3,23
169201;2655;4,35
169202;2607;3,13
169203;2640;3,97
169204;2612;3,26
169205;2640;3,97
169206;2608;3,16
169207;2637;3,89
169208;2612;3,26
169209;2641;3,99
169210;2608;3,16
169211;2640;3,97
169212;2609;3,18
169213;2619;3,44
169214;2614;3,31
169215;2647;4,14
169216;2606;3,11
169217;2639;3,94
169218;2619;3,44
169219;2640;3,97
169220;2611;3,23
169221;2640;3,97
169222;2605;3,08
169223;2642;4,02
169224;2613;3,28
169225;2654;4,32
169226;2611;3,23
169227;2647;4,14
169228;2624;3,56
169229;2643;4,04
169230;2608;3,16
169231;2647;4,14
169232;2614;3,31
169233;2635;3,84
169234;2615;3,34
169235;2640;3,97
169236;2611;3,23
169237;2658;4,42
169238;2620;3,46
169239;2609;3,18
169240;2609;3,18
169241;2624;3,56
169242;2611;3,23
169243;2609;3,18
169244;2613;3,28
169245;2662;4,52
169246;2618;3,41
169247;2625;3,59
169248;2611;3,23
169249;2637;3,89
169250;2611;3,23
169251;2652;4,27
169252;2605;3,08
169253;2653;4,30
169254;2611;3,23
169255;2646;4,12
169256;2615;3,34
169257;2643;4,04
169258;2608;3,16
169259;2645;4,09
169260;2611;3,23
169261;2641;3,99
169262;2613;3,28
169263;2670;4,73
169264;2610;3,21
169265;2658;4,42
169266;2615;3,34
169267;2656;4,37
169268;2608;3,16
169269;2649;4,20
169270;2624;3,56
169271;2652;4,27
169272;2608;3,16
169273;2651;4,25
169274;2614;3,31
169275;2667;4,65
169276;2615;3,34
169277;2655;4,35
169278;2611;3,23
169279;2651;4,25
169280;2619;3,44
169281;2611;3,23
169282;2608;3,16
169283;2657;4,40
169284;2613;3,28
169285;2640;3,97
169286;2609;3,18
169287;2619;3,44
169288;2620;3,46
169289;2608;3,16
169290;2612;3,26
169291;2640;3,97
169292;2623;3,54
169293;2666;4,63
169294;2621;3,49
169295;2614;3,31
169296;2608;3,16
169297;2659;4,45
169298;2621;3,49
169299;2659;4,45
169300;2613;3,28
169301;2621;3,49
169302;2626;3,61
169303;2643;4,04
169304;2622;3,51
169305;2651;4,25
169306;2622;3,51
169307;2666;4,63
169308;2621;3,49
169309;2656;4,37
169310;2617;3,39
169311;2666;4,63
169312;2622;3,51
169313;2655;4,35
169314;2630;3,71
169315;2629;3,69
169316;2640;3,97
169317;2624;3,56
169318;2624;3,56
169319;2653;4,30
169320;2626;3,61
169321;2656;4,37
169322;2624;3,56
169323;2646;4,12
169324;2622;3,51
169325;2632;3,77
169326;2624;3,56
169327;2681;5,01
169328;2639;3,94
169329;2689;5,21
169330;2624;3,56
169331;2665;4,60
169332;2626;3,61
169333;2667;4,65
169334;2626;3,61
169335;2661;4,50
169336;2637;3,89
169337;2657;4,40
169338;2628;3,66
169339;2669;4,70
169340;2631;3,74
169341;2670;4,73
169342;2624;3,56
169343;2636;3,87
169344;2630;3,71
169345;2633;3,79
169346;2625;3,59
169347;2665;4,60
169348;2621;3,49
169349;2660;4,47
169350;2627;3,64
169351;2630;3,71
169352;2640;3,97
169353;2666;4,63
169354;2624;3,56
169355;2675;4,85
169356;2628;3,66
169357;2678;4,93
169358;2626;3,61
169359;2666;4,63
169360;2630;3,71
169361;2677;4,90
169362;2630;3,71
169363;2686;5,13
169364;2640;3,97
169365;2658;4,42
169366;2633;3,79
169367;2675;4,85
169368;2631;3,74
169369;2662;4,52
169370;2634;3,82
169371;2659;4,45
169372;2633;3,79
169373;2634;3,82
169374;2631;3,74
169375;2685;5,11
169376;2630;3,71
169377;2629;3,69
169378;2640;3,97
169379;2693;5,31
169380;2631;3,74
169381;2666;4,63
169382;2639;3,94
169383;2686;5,13
169384;2637;3,89
169385;2690;5,23
169386;2635;3,84
169387;2638;3,92
169388;2639;3,94
169389;2686;5,13
169390;2629;3,69
169391;2672;4,78
169392;2638;3,92
169393;2677;4,90
169394;2640;3,97
169395;2682;5,03
169396;2634;3,82
169397;2630;3,71
169398;2630;3,71
169399;2659;4,45
169400;2624;3,56
169401;2635;3,84
169402;2626;3,61
169403;2687;5,16
169404;2624;3,56
169405;2627;3,64
169406;2625;3,59
169407;2646;4,12
169408;2617;3,39
169409;2670;4,73
169410;2626;3,61
169411;2688;5,18
169412;2624;3,56
169413;2655;4,35
169414;2624;3,56
169415;2624;3,56
169416;2621;3,49
169417;2672;4,78
169418;2624;3,56
169419;2624;3,56
169420;2615;3,34
169421;2657;4,40
169422;2617;3,39
169423;2674;4,83
169424;2621;3,49
169425;2653;4,30
169426;2617;3,39
169427;2666;4,63
169428;2627;3,64
169429;2672;4,78
169430;2618;3,41
169431;2673;4,80
169432;2618;3,41
169433;2612;3,26
169434;2621;3,49
169435;2674;4,83
169436;2624;3,56
169437;2646;4,12
169438;2617;3,39
169439;2618;3,41
169440;2624;3,56
169441;2649;4,20
169442;2631;3,74
169443;2674;4,83
169444;2615;3,34
169445;2674;4,83
169446;2624;3,56
169447;2661;4,50
169448;2610;3,21
169449;2661;4,50
169450;2630;3,71
169451;2624;3,56
169452;2626;3,61
169453;2670;4,73
169454;2626;3,61
169455;2686;5,13
169456;2640;3,97
169457;2676;4,88
169458;2630;3,71
169459;2624;3,56
169460;2630;3,71
169461;2690;5,23
169462;2630;3,71
169463;2635;3,84
169464;2627;3,64
169465;2647;4,14
169466;2624;3,56
169467;2653;4,30
169468;2627;3,64
169469;2658;4,42
169470;2625;3,59
169471;2639;3,94
169472;2617;3,39
169473;2677;4,90
169474;2613;3,28
169475;2662;4,52
169476;2619;3,44
169477;2647;4,14
169478;2628;3,66
169479;2641;3,99
169480;2615;3,34
169481;2672;4,78
169482;2631;3,74
169483;2614;3,31
169484;2614;3,31
169485;2635;3,84
169486;2623;3,54
169487;2638;3,92
169488;2608;3,16
169489;2665;4,60
169490;2615;3,34
169491;2621;3,49
169492;2611;3,23
169493;2653;4,30
169494;2607;3,13
169495;2637;3,89
169496;2612;3,26
169497;2612;3,26
169498;2609;3,18
169499;2607;3,13
169500;2621;3,49
169501;2647;4,14
169502;2607;3,13
169503;2640;3,97
169504;2617;3,39
169505;2654;4,32
169506;2617;3,39
169507;2640;3,97
169508;2609;3,18
169509;2640;3,97
169510;2615;3,34
169511;2659;4,45
169512;2629;3,69
169513;2645;4,09
169514;2608;3,16
169515;2678;4,93
169516;2625;3,59
169517;2650;4,22
169518;2613;3,28
169519;2626;3,61
169520;2616;3,36
169521;2653;4,30
169522;2621;3,49
169523;2644;4,07
169524;2620;3,46
169525;2671;4,75
169526;2618;3,41
169527;2650;4,22
169528;2624;3,56
169529;2659;4,45
169530;2619;3,44
169531;2640;3,97
169532;2610;3,21
169533;2619;3,44
169534;2608;3,16
169535;2631;3,74
169536;2608;3,16
169537;2631;3,74
169538;2607;3,13
169539;2632;3,77
169540;2611;3,23
169541;2624;3,56
169542;2608;3,16
169543;2647;4,14
169544;2599;2,93
169545;2625;3,59
169546;2613;3,28
169547;2623;3,54
169548;2599;2,93
169549;2637;3,89
169550;2602;3,01
169551;2654;4,32
169552;2608;3,16
169553;2651;4,25
169554;2605;3,08
169555;2662;4,52
169556;2608;3,16
169557;2635;3,84
169558;2605;3,08
169559;2624;3,56
169560;2598;2,90
169561;2626;3,61
169562;2599;2,93
169563;2638;3,92
169564;2598;2,90
169565;2623;3,54
169566;2603;3,03
169567;2659;4,45
169568;2598;2,90
169569;2637;3,89
169570;2603;3,03
169571;2632;3,77
169572;2606;3,11
169573;2655;4,35
169574;2603;3,03
169575;2611;3,23
169576;2608;3,16
169577;2647;4,14
169578;2608;3,16
169579;2643;4,04
169580;2608;3,16
169581;2635;3,84
169582;2608;3,16
169583;2651;4,25
169584;2596;2,85
169585;2627;3,64
169586;2608;3,16
169587;2626;3,61
169588;2602;3,01
169589;2657;4,40
169590;2602;3,01
169591;2639;3,94
169592;2608;3,16
169593;2623;3,54
169594;2598;2,90
169595;2629;3,69
169596;2595;2,83
169597;2621;3,49
169598;2604;3,06
169599;2637;3,89
169600;2607;3,13
169601;2634;3,82
169602;2599;2,93
169603;2630;3,71
169604;2594;2,80
169605;2634;3,82
169606;2591;2,73
169607;2625;3,59
169608;2599;2,93
169609;2647;4,14
169610;2595;2,83
169611;2591;2,73
169612;2588;2,65
169613;2623;3,54
169614;2596;2,85
169615;2643;4,04
169616;2593;2,78
169617;2644;4,07
169618;2599;2,93
169619;2640;3,97
169620;2585;2,58
169621;2621;3,49
169622;2590;2,70
169623;2591;2,73
169624;2596;2,85
169625;2590;2,70
169626;2595;2,83
169627;2612;3,26
169628;2592;2,75
169629;2638;3,92
169630;2599;2,93
169631;2640;3,97
169632;2601;2,98
169633;2630;3,71
169634;2595;2,83
169635;2640;3,97
169636;2609;3,18
169637;2663;4,55
169638;2598;2,90
169639;2611;3,23
169640;2599;2,93
169641;2627;3,64
169642;2607;3,13
169643;2605;3,08
169644;2603;3,03
169645;2627;3,64
169646;2607;3,13
169647;2623;3,54
169648;2606;3,11
169649;2619;3,44
169650;2605;3,08
169651;2641;3,99
169652;2606;3,11
169653;2631;3,74
169654;2607;3,13
169655;2640;3,97
169656;2606;3,11
169657;2647;4,14
169658;2596;2,85
169659;2640;3,97
169660;2603;3,03
169661;2639;3,94
169662;2605;3,08
169663;2655;4,35
169664;2611;3,23
169665;2636;3,87
169666;2601;2,98
169667;2656;4,37
169668;2603;3,03
169669;2640;3,97
169670;2608;3,16
169671;2601;2,98
169672;2608;3,16
169673;2623;3,54
169674;2598;2,90
169675;2613;3,28
169676;2598;2,90
169677;2619;3,44
169678;2606;3,11
169679;2640;3,97
169680;2601;2,98
169681;2639;3,94
169682;2597;2,88
169683;2641;3,99
169684;2608;3,16
169685;2627;3,64
169686;2607;3,13
169687;2638;3,92
169688;2602;3,01
169689;2638;3,92
169690;2599;2,93
169691;2624;3,56
169692;2608;3,16
169693;2627;3,64
169694;2603;3,03
169695;2619;3,44
169696;2603;3,03
169697;2647;4,14
169698;2606;3,11
169699;2619;3,44
169700;2601;2,98
169701;2615;3,34
169702;2594;2,80
169703;2623;3,54
169704;2608;3,16
169705;2625;3,59
169706;2605;3,08
169707;2637;3,89
169708;2601;2,98
169709;2624;3,56
169710;2607;3,13
169711;2639;3,94
169712;2607;3,13
169713;2640;3,97
169714;2597;2,88
169715;2624;3,56
169716;2603;3,03
169717;2641;3,99
169718;2599;2,93
169719;2646;4,12
169720;2608;3,16
169721;2627;3,64
169722;2603;3,03
169723;2624;3,56
169724;2603;3,03
169725;2619;3,44
169726;2599;2,93
169727;2639;3,94
169728;2598;2,90
169729;2640;3,97
169730;2603;3,03
169731;2642;4,02
169732;2609;3,18
169733;2630;3,71
169734;2607;3,13
169735;2602;3,01
169736;2603;3,03
169737;2649;4,20
169738;2598;2,90
169739;2650;4,22
169740;2600;2,96
169741;2623;3,54
169742;2608;3,16
169743;2624;3,56
169744;2602;3,01
169745;2644;4,07
169746;2603;3,03
169747;2621;3,49
169748;2605;3,08
169749;2624;3,56
169750;2597;2,88
169751;2608;3,16
169752;2597;2,88
169753;2625;3,59
169754;2605;3,08
169755;2613;3,28
169756;2604;3,06
169757;2611;3,23
169758;2594;2,80
169759;2607;3,13
169760;2595;2,83
169761;2629;3,69
169762;2606;3,11
169763;2614;3,31
169764;2596;2,85
169765;2606;3,11
169766;2599;2,93
169767;2613;3,28
169768;2608;3,16
169769;2640;3,97
169770;2594;2,80
169771;2610;3,21
169772;2607;3,13
169773;2617;3,39
169774;2591;2,73
169775;2585;2,58
169776;2591;2,73
169777;2648;4,17
169778;2594;2,80
169779;2639;3,94
169780;2606;3,11
169781;2585;2,58
169782;2599;2,93
169783;2636;3,87
169784;2608;3,16
169785;2611;3,23
169786;2607;3,13
169787;2624;3,56
169788;2595;2,83
169789;2608;3,16
169790;2595;2,83
169791;2610;3,21
169792;2603;3,03
169793;2627;3,64
169794;2599;2,93
169795;2640;3,97
169796;2605;3,08
169797;2599;2,93
169798;2595;2,83
169799;2601;2,98
169800;2599;2,93
169801;2624;3,56
169802;2599;2,93
169803;2645;4,09
169804;2591;2,73
169805;2609;3,18
169806;2605;3,08
169807;2630;3,71
169808;2601;2,98
169809;2624;3,56
169810;2599;2,93
169811;2626;3,61
169812;2597;2,88
169813;2631;3,74
169814;2602;3,01
169815;2589;2,68
169816;2607;3,13
169817;2587;2,63
169818;2602;3,01
169819;2597;2,88
169820;2605;3,08
169821;2608;3,16
169822;2608;3,16
169823;2623;3,54
169824;2605;3,08
169825;2608;3,16
169826;2602;3,01
169827;2613;3,28
169828;2599;2,93
169829;2623;3,54
169830;2599;2,93
169831;2627;3,64
169832;2601;2,98
169833;2623;3,54
169834;2603;3,03
169835;2611;3,23
169836;2608;3,16
169837;2601;2,98
169838;2609;3,18
169839;2653;4,30
169840;2605;3,08
169841;2622;3,51
169842;2610;3,21
169843;2615;3,34
169844;2606;3,11
169845;2598;2,90
169846;2599;2,93
169847;2617;3,39
169848;2607;3,13
169849;2640;3,97
169850;2608;3,16
169851;2609;3,18
169852;2605;3,08
169853;2601;2,98
169854;2606;3,11
169855;2607;3,13
169856;2609;3,18
169857;2617;3,39
169858;2619;3,44
169859;2639;3,94
169860;2607;3,13
169861;2631;3,74
169862;2621;3,49
169863;2623;3,54
169864;2609;3,18
169865;2654;4,32
169866;2618;3,41
169867;2602;3,01
169868;2613;3,28
169869;2643;4,04
169870;2628;3,66
169871;2627;3,64
169872;2623;3,54
169873;2666;4,63
169874;2621;3,49
169875;2661;4,50
169876;2621;3,49
169877;2677;4,90
169878;2634;3,82
169879;2641;3,99
169880;2627;3,64
169881;2633;3,79
169882;2649;4,20
169883;2647;4,14
169884;2648;4,17
169885;2645;4,09
169886;2630;3,71
169887;2641;3,99
169888;2621;3,49
169889;2642;4,02
169890;2626;3,61
169891;2613;3,28
169892;2625;3,59
169893;2625;3,59
169894;2623;3,54
169895;2640;3,97
169896;2622;3,51
169897;2667;4,65
169898;2614;3,31
169899;2625;3,59
169900;2614;3,31
169901;2658;4,42
169902;2624;3,56
169903;2674;4,83
169904;2611;3,23
169905;2659;4,45
169906;2621;3,49
169907;2608;3,16
169908;2608;3,16
169909;2623;3,54
169910;2612;3,26
169911;2624;3,56
169912;2624;3,56
169913;2620;3,46
169914;2610;3,21
169915;2672;4,78
169916;2608;3,16
169917;2622;3,51
169918;2606;3,11
169919;2650;4,22
169920;2607;3,13
169921;2621;3,49
169922;2607;3,13
169923;2658;4,42
169924;2606;3,11
169925;2624;3,56
169926;2603;3,03
169927;2651;4,25
169928;2602;3,01
169929;2655;4,35
169930;2609;3,18
169931;2610;3,21
169932;2618;3,41
169933;2625;3,59
169934;2612;3,26
169935;2651;4,25
169936;2623;3,54
169937;2608;3,16
169938;2611;3,23
169939;2628;3,66
169940;2611;3,23
169941;2666;4,63
169942;2610;3,21
169943;2633;3,79
169944;2613;3,28
169945;2613;3,28
169946;2611;3,23
169947;2614;3,31
169948;2609;3,18
169949;2607;3,13
169950;2624;3,56
169951;2612;3,26
169952;2623;3,54
169953;2602;3,01
169954;2610;3,21
169955;2609;3,18
169956;2611;3,23
169957;2629;3,69
169958;2605;3,08
169959;2614;3,31
169960;2609;3,18
169961;2610;3,21
169962;2608;3,16
169963;2645;4,09
169964;2608;3,16
169965;2599;2,93
169966;2607;3,13
169967;2646;4,12
169968;2608;3,16
169969;2595;2,83
169970;2610;3,21
169971;2605;3,08
169972;2608;3,16
169973;2623;3,54
169974;2620;3,46
169975;2611;3,23
169976;2611;3,23
169977;2650;4,22
169978;2607;3,13
169979;2640;3,97
169980;2622;3,51
169981;2641;3,99
169982;2627;3,64
169983;2649;4,20
169984;2629;3,69
169985;2634;3,82
169986;2623;3,54
169987;2670;4,73
169988;2624;3,56
169989;2649;4,20
169990;2615;3,34
169991;2645;4,09
169992;2633;3,79
169993;2687;5,16
169994;2627;3,64
169995;2624;3,56
169996;2624;3,56
169997;2637;3,89
169998;2623;3,54
169999;2666;4,63
170000;2617;3,39
170001;2651;4,25
170002;2624;3,56
170003;2656;4,37
170004;2615;3,34
170005;2642;4,02
170006;2610;3,21
170007;2633;3,79
170008;2608;3,16
170009;2622;3,51
170010;2617;3,39
170011;2608;3,16
170012;2619;3,44
170013;2610;3,21
170014;2602;3,01
170015;2624;3,56
170016;2606;3,11
170017;2641;3,99
170018;2617;3,39
170019;2607;3,13
170020;2602;3,01
170021;2597;2,88
170022;2606;3,11
170023;2609;3,18
170024;2618;3,41
170025;2617;3,39
170026;2608;3,16
170027;2622;3,51
170028;2618;3,41
170029;2603;3,03
170030;2624;3,56
170031;2603;3,03
170032;2609;3,18
170033;2657;4,40
170034;2607;3,13
170035;2614;3,31
170036;2611;3,23
170037;2654;4,32
170038;2611;3,23
170039;2609;3,18
170040;2621;3,49
170041;2654;4,32
170042;2624;3,56
170043;2639;3,94
170044;2637;3,89
170045;2688;5,18
170046;2630;3,71
170047;2649;4,20
170048;2626;3,61
170049;2625;3,59
170050;2639;3,94
170051;2669;4,70
170052;2624;3,56
170053;2630;3,71
170054;2624;3,56
170055;2686;5,13
170056;2624;3,56
170057;2630;3,71
170058;2624;3,56
170059;2642;4,02
170060;2618;3,41
170061;2685;5,11
170062;2625;3,59
170063;2624;3,56
170064;2622;3,51
170065;2611;3,23
170066;2622;3,51
170067;2633;3,79
170068;2608;3,16
170069;2617;3,39
170070;2608;3,16
170071;2611;3,23
170072;2609;3,18
170073;2602;3,01
170074;2619;3,44
170075;2638;3,92
170076;2604;3,06
170077;2604;3,06
170078;2605;3,08
170079;2598;2,90
170080;2603;3,03
170081;2641;3,99
170082;2586;2,60
170083;2592;2,75
170084;2597;2,88
170085;2619;3,44
170086;2592;2,75
170087;2617;3,39
170088;2590;2,70
170089;2623;3,54
170090;2587;2,63
170091;2595;2,83
170092;2595;2,83
170093;2602;3,01
170094;2590;2,70
170095;2589;2,68
170096;2593;2,78
170097;2609;3,18
170098;2603;3,03
170099;2608;3,16
170100;2608;3,16
170101;2627;3,64
170102;2613;3,28
170103;2591;2,73
170104;2609;3,18
170105;2613;3,28
170106;2610;3,21
170107;2629;3,69
170108;2615;3,34
170109;2623;3,54
170110;2619;3,44
170111;2612;3,26
170112;2634;3,82
170113;2665;4,60
170114;2630;3,71
170115;2681;5,01
170116;2639;3,94
170117;2667;4,65
170118;2633;3,79
170119;2635;3,84
170120;2640;3,97
170121;2679;4,95
170122;2640;3,97
170123;2669;4,70
170124;2640;3,97
170125;2640;3,97
170126;2639;3,94
170127;2637;3,89
170128;2640;3,97
170129;2645;4,09
170130;2658;4,42
170131;2635;3,84
170132;2642;4,02
170133;2622;3,51
170134;2635;3,84
170135;2624;3,56
170136;2625;3,59
170137;2656;4,37
170138;2620;3,46
170139;2643;4,04
170140;2626;3,61
170141;2613;3,28
170142;2626;3,61
170143;2651;4,25
170144;2610;3,21
170145;2614;3,31
170146;2623;3,54
170147;2608;3,16
170148;2609;3,18
170149;2654;4,32
170150;2615;3,34
170151;2641;3,99
170152;2608;3,16
170153;2637;3,89
170154;2617;3,39
170155;2630;3,71
170156;2608;3,16
170157;2608;3,16
170158;2611;3,23
170159;2634;3,82
170160;2605;3,08
170161;2629;3,69
170162;2615;3,34
170163;2605;3,08
170164;2611;3,23
170165;2630;3,71
170166;2608;3,16
170167;2605;3,08
170168;2624;3,56
170169;2611;3,23
170170;2626;3,61
170171;2609;3,18
170172;2619;3,44
170173;2659;4,45
170174;2619;3,44
170175;2667;4,65
170176;2627;3,64
170177;2656;4,37
170178;2615;3,34
170179;2657;4,40
170180;2627;3,64
170181;2639;3,94
170182;2622;3,51
170183;2610;3,21
170184;2627;3,64
170185;2626;3,61
170186;2628;3,66
170187;2640;3,97
170188;2638;3,92
170189;2624;3,56
170190;2629;3,69
170191;2639;3,94
170192;2634;3,82
170193;2634;3,82
170194;2637;3,89
170195;2646;4,12
170196;2631;3,74
170197;2682;5,03
170198;2631;3,74
170199;2682;5,03
170200;2640;3,97
170201;2673;4,80
170202;2646;4,12
170203;2670;4,73
170204;2629;3,69
170205;2667;4,65
170206;2627;3,64
170207;2630;3,71
170208;2633;3,79
170209;2640;3,97
170210;2625;3,59
170211;2627;3,64
170212;2627;3,64
170213;2659;4,45
170214;2619;3,44
170215;2609;3,18
170216;2615;3,34
170217;2649;4,20
170218;2615;3,34
170219;2654;4,32
170220;2614;3,31
170221;2608;3,16
170222;2615;3,34
170223;2618;3,41
170224;2608;3,16
170225;2650;4,22
170226;2615;3,34
170227;2603;3,03
170228;2602;3,01
170229;2605;3,08
170230;2611;3,23
170231;2650;4,22
170232;2611;3,23
170233;2597;2,88
170234;2609;3,18
170235;2615;3,34
170236;2609;3,18
170237;2588;2,65
170238;2602;3,01
170239;2608;3,16
170240;2606;3,11
170241;2635;3,84
170242;2606;3,11
170243;2608;3,16
170244;2620;3,46
170245;2625;3,59
170246;2608;3,16
170247;2608;3,16
170248;2607;3,13
170249;2611;3,23
170250;2610;3,21
170251;2607;3,13
170252;2609;3,18
170253;2639;3,94
170254;2611;3,23
170255;2633;3,79
170256;2626;3,61
170257;2625;3,59
170258;2614;3,31
170259;2608;3,16
170260;2613;3,28
170261;2633;3,79
170262;2618;3,41
170263;2654;4,32
170264;2615;3,34
170265;2620;3,46
170266;2611;3,23
170267;2651;4,25
170268;2621;3,49
170269;2645;4,09
170270;2620;3,46
170271;2662;4,52
170272;2617;3,39
170273;2642;4,02
170274;2620;3,46
170275;2619;3,44
170276;2623;3,54
170277;2648;4,17
170278;2624;3,56
170279;2620;3,46
170280;2624;3,56
170281;2627;3,64
170282;2635;3,84
170283;2670;4,73
170284;2631;3,74
170285;2624;3,56
170286;2640;3,97
170287;2630;3,71
170288;2628;3,66
170289;2634;3,82
170290;2640;3,97
170291;2646;4,12
170292;2635;3,84
170293;2663;4,55
170294;2635;3,84
170295;2631;3,74
170296;2637;3,89
170297;2631;3,74
170298;2640;3,97
170299;2635;3,84
170300;2636;3,87
170301;2617;3,39
170302;2626;3,61
170303;2654;4,32
170304;2629;3,69
170305;2643;4,04
170306;2635;3,84
170307;2625;3,59
170308;2627;3,64
170309;2659;4,45
170310;2626;3,61
170311;2640;3,97
170312;2621;3,49
170313;2649;4,20
170314;2622;3,51
170315;2640;3,97
170316;2629;3,69
170317;2629;3,69
170318;2618;3,41
170319;2624;3,56
170320;2627;3,64
170321;2626;3,61
170322;2621;3,49
170323;2621;3,49
170324;2625;3,59
170325;2615;3,34
170326;2618;3,41
170327;2608;3,16
170328;2621;3,49
170329;2639;3,94
170330;2620;3,46
170331;2618;3,41
170332;2612;3,26
170333;2629;3,69
170334;2609;3,18
170335;2637;3,89
170336;2621;3,49
170337;2608;3,16
170338;2622;3,51
170339;2629;3,69
170340;2615;3,34
170341;2625;3,59
170342;2621;3,49
170343;2638;3,92
170344;2625;3,59
170345;2619;3,44
170346;2622;3,51
170347;2625;3,59
170348;2631;3,74
170349;2638;3,92
170350;2628;3,66
170351;2651;4,25
170352;2637;3,89
170353;2675;4,85
170354;2628;3,66
170355;2625;3,59
170356;2638;3,92
170357;2703;5,56
170358;2630;3,71
170359;2699;5,46
170360;2642;4,02
170361;2639;3,94
170362;2641;3,99
170363;2639;3,94
170364;2637;3,89
170365;2637;3,89
170366;2634;3,82
170367;2637;3,89
170368;2640;3,97
170369;2679;4,95
170370;2640;3,97
170371;2672;4,78
170372;2643;4,04
170373;2637;3,89
170374;2640;3,97
170375;2633;3,79
170376;2640;3,97
170377;2629;3,69
170378;2639;3,94
170379;2640;3,97
170380;2641;3,99
170381;2646;4,12
170382;2639;3,94
170383;2644;4,07
170384;2638;3,92
170385;2629;3,69
170386;2631;3,74
170387;2656;4,37
170388;2638;3,92
170389;2641;3,99
170390;2631;3,74
170391;2627;3,64
170392;2625;3,59
170393;2641;3,99
170394;2629;3,69
170395;2658;4,42
170396;2627;3,64
170397;2610;3,21
170398;2623;3,54
170399;2623;3,54
170400;2625;3,59
170401;2651;4,25
170402;2624;3,56
170403;2630;3,71
170404;2618;3,41
170405;2613;3,28
170406;2624;3,56
170407;2617;3,39
170408;2624;3,56
170409;2647;4,14
170410;2622;3,51
170411;2640;3,97
170412;2624;3,56
170413;2618;3,41
170414;2615;3,34
170415;2619;3,44
170416;2624;3,56
170417;2646;4,12
170418;2621;3,49
170419;2633;3,79
170420;2624;3,56
170421;2637;3,89
170422;2627;3,64
170423;2624;3,56
170424;2629;3,69
170425;2645;4,09
170426;2628;3,66
170427;2654;4,32
170428;2627;3,64
170429;2620;3,46
170430;2624;3,56
170431;2655;4,35
170432;2625;3,59
170433;2629;3,69
170434;2624;3,56
170435;2640;3,97
170436;2624;3,56
170437;2623;3,54
170438;2628;3,66
170439;2640;3,97
170440;2634;3,82
170441;2646;4,12
170442;2639;3,94
170443;2637;3,89
170444;2626;3,61
170445;2639;3,94
170446;2631;3,74
170447;2629;3,69
170448;2628;3,66
170449;2624;3,56
170450;2623;3,54
170451;2637;3,89
170452;2626;3,61
170453;2619;3,44
170454;2624;3,56
170455;2621;3,49
170456;2651;4,25
170457;2667;4,65
170458;2635;3,84
170459;2624;3,56
170460;2625;3,59
170461;2643;4,04
170462;2624;3,56
170463;2628;3,66
170464;2623;3,54
170465;2666;4,63
170466;2635;3,84
170467;2618;3,41
170468;2633;3,79
170469;2654;4,32
170470;2629;3,69
170471;2624;3,56
170472;2638;3,92
170473;2626;3,61
170474;2631;3,74
170475;2625;3,59
170476;2622;3,51
170477;2629;3,69
170478;2631;3,74
170479;2637;3,89
170480;2635;3,84
170481;2682;5,03
170482;2635;3,84
170483;2627;3,64
170484;2633;3,79
170485;2686;5,13
170486;2626;3,61
170487;2624;3,56
170488;2631;3,74
170489;2617;3,39
170490;2631;3,74
170491;2644;4,07
170492;2624;3,56
170493;2641;3,99
170494;2625;3,59
170495;2626;3,61
170496;2627;3,64
170497;2640;3,97
170498;2633;3,79
170499;2633;3,79
170500;2638;3,92
170501;2656;4,37
170502;2619;3,44
170503;2624;3,56
170504;2619;3,44
170505;2639;3,94
170506;2615;3,34
170507;2613;3,28
170508;2637;3,89
170509;2621;3,49
170510;2627;3,64
170511;2634;3,82
170512;2629;3,69
170513;2631;3,74
170514;2631;3,74
170515;2665;4,60
170516;2634;3,82
170517;2631;3,74
170518;2639;3,94
170519;2641;3,99
170520;2624;3,56
170521;2630;3,71
170522;2628;3,66
170523;2633;3,79
170524;2630;3,71
170525;2629;3,69
170526;2627;3,64
170527;2639;3,94
170528;2626;3,61
170529;2634;3,82
170530;2629;3,69
170531;2625;3,59
170532;2633;3,79
170533;2627;3,64
170534;2639;3,94
170535;2626;3,61
170536;2640;3,97
170537;2679;4,95
170538;2624;3,56
170539;2635;3,84
170540;2627;3,64
170541;2627;3,64
170542;2627;3,64
170543;2626;3,61
170544;2633;3,79
170545;2623;3,54
170546;2624;3,56
170547;2641;3,99
170548;2624;3,56
170549;2651;4,25
170550;2635;3,84
170551;2631;3,74
170552;2629;3,69
170553;2629;3,69
170554;2626;3,61
170555;2625;3,59
170556;2627;3,64
170557;2639;3,94
170558;2631;3,74
170559;2618;3,41
170560;2630;3,71
170561;2625;3,59
170562;2619;3,44
170563;2625;3,59
170564;2636;3,87
170565;2635;3,84
170566;2630;3,71
170567;2640;3,97
170568;2630;3,71
170569;2621;3,49
170570;2625;3,59
170571;2645;4,09
170572;2624;3,56
170573;2613;3,28
170574;2626;3,61
170575;2685;5,11
170576;2624;3,56
170577;2640;3,97
170578;2626;3,61
170579;2672;4,78
170580;2624;3,56
170581;2666;4,63
170582;2621;3,49
170583;2623;3,54
170584;2626;3,61
170585;2640;3,97
170586;2621;3,49
170587;2647;4,14
170588;2628;3,66
170589;2627;3,64
170590;2618;3,41
170591;2624;3,56
170592;2627;3,64
170593;2619;3,44
170594;2621;3,49
170595;2617;3,39
170596;2627;3,64
170597;2608;3,16
170598;2622;3,51
170599;2630;3,71
170600;2623;3,54
170601;2638;3,92
170602;2622;3,51
170603;2624;3,56
170604;2618;3,41
170605;2645;4,09
170606;2612;3,26
170607;2624;3,56
170608;2621;3,49
170609;2615;3,34
170610;2623;3,54
170611;2664;4,57
170612;2618;3,41
170613;2609;3,18
170614;2617;3,39
170615;2625;3,59
170616;2613;3,28
170617;2624;3,56
170618;2619;3,44
170619;2642;4,02
170620;2618;3,41
170621;2617;3,39
170622;2624;3,56
170623;2614;3,31
170624;2613;3,28
170625;2655;4,35
170626;2618;3,41
170627;2612;3,26
170628;2615;3,34
170629;2635;3,84
170630;2617;3,39
170631;2623;3,54
170632;2619;3,44
170633;2623;3,54
170634;2630;3,71
170635;2654;4,32
170636;2618;3,41
170637;2640;3,97
170638;2623;3,54
170639;2609;3,18
170640;2624;3,56
170641;2628;3,66
170642;2623;3,54
170643;2606;3,11
170644;2629;3,69
170645;2609;3,18
170646;2624;3,56
170647;2623;3,54
170648;2623;3,54
170649;2619;3,44
170650;2624;3,56
170651;2599;2,93
170652;2617;3,39
170653;2629;3,69
170654;2622;3,51
170655;2618;3,41
170656;2619;3,44
170657;2640;3,97
170658;2610;3,21
170659;2652;4,27
170660;2613;3,28
170661;2614;3,31
170662;2615;3,34
170663;2634;3,82
170664;2610;3,21
170665;2651;4,25
170666;2610;3,21
170667;2637;3,89
170668;2610;3,21
170669;2611;3,23
170670;2613;3,28
170671;2608;3,16
170672;2608;3,16
170673;2610;3,21
170674;2623;3,54
170675;2602;3,01
170676;2625;3,59
170677;2642;4,02
170678;2624;3,56
170679;2627;3,64
170680;2608;3,16
170681;2623;3,54
170682;2608;3,16
170683;2610;3,21
170684;2610;3,21
170685;2605;3,08
170686;2608;3,16
170687;2615;3,34
170688;2624;3,56
170689;2609;3,18
170690;2620;3,46
170691;2608;3,16
170692;2624;3,56
170693;2608;3,16
170694;2619;3,44
170695;2608;3,16
170696;2627;3,64
170697;2611;3,23
170698;2617;3,39
170699;2608;3,16
170700;2615;3,34
170701;2635;3,84
170702;2607;3,13
170703;2642;4,02
170704;2621;3,49
170705;2608;3,16
170706;2623;3,54
170707;2611;3,23
170708;2619;3,44
170709;2640;3,97
170710;2609;3,18
170711;2623;3,54
170712;2618;3,41
170713;2611;3,23
170714;2623;3,54
170715;2618;3,41
170716;2618;3,41
170717;2638;3,92
170718;2614;3,31
170719;2621;3,49
170720;2621;3,49
170721;2615;3,34
170722;2615;3,34
170723;2621;3,49
170724;2624;3,56
170725;2611;3,23
170726;2618;3,41
170727;2610;3,21
170728;2617;3,39
170729;2623;3,54
170730;2614;3,31
170731;2634;3,82
170732;2619;3,44
170733;2623;3,54
170734;2624;3,56
170735;2605;3,08
170736;2609;3,18
170737;2608;3,16
170738;2615;3,34
170739;2608;3,16
170740;2608;3,16
170741;2615;3,34
170742;2611;3,23
170743;2608;3,16
170744;2607;3,13
170745;2620;3,46
170746;2608;3,16
170747;2611;3,23
170748;2608;3,16
170749;2621;3,49
170750;2621;3,49
170751;2603;3,03
170752;2619;3,44
170753;2611;3,23
170754;2617;3,39
170755;2643;4,04
170756;2605;3,08
170757;2594;2,80
170758;2611;3,23
170759;2611;3,23
170760;2613;3,28
170761;2608;3,16
170762;2610;3,21
170763;2618;3,41
170764;2608;3,16
170765;2625;3,59
170766;2629;3,69
170767;2608;3,16
170768;2618;3,41
170769;2608;3,16
170770;2611;3,23
170771;2633;3,79
170772;2611;3,23
170773;2628;3,66
170774;2606;3,11
170775;2608;3,16
170776;2607;3,13
170777;2609;3,18
170778;2629;3,69
170779;2604;3,06
170780;2608;3,16
170781;2610;3,21
170782;2610;3,21
170783;2602;3,01
170784;2608;3,16
170785;2608;3,16
170786;2623;3,54
170787;2615;3,34
170788;2608;3,16
170789;2608;3,16
170790;2626;3,61
170791;2622;3,51
170792;2609;3,18
170793;2629;3,69
170794;2639;3,94
170795;2635;3,84
170796;2639;3,94
170797;2624;3,56
170798;2607;3,13
170799;2624;3,56
170800;2618;3,41
170801;2626;3,61
170802;2630;3,71
170803;2627;3,64
170804;2607;3,13
170805;2619;3,44
170806;2608;3,16
170807;2635;3,84
170808;2615;3,34
170809;2629;3,69
170810;2637;3,89
170811;2631;3,74
170812;2641;3,99
170813;2636;3,87
170814;2605;3,08
170815;2615;3,34
170816;2631;3,74
170817;2626;3,61
170818;2640;3,97
170819;2608;3,16
170820;2637;3,89
170821;2634;3,82
170822;2622;3,51
170823;2647;4,14
170824;2626;3,61
170825;2637;3,89
170826;2643;4,04
170827;2626;3,61
170828;2637;3,89
170829;2638;3,92
170830;2635;3,84
170831;2625;3,59
170832;2626;3,61
170833;2604;3,06
170834;2630;3,71
170835;2635;3,84
170836;2624;3,56
170837;2633;3,79
170838;2630;3,71
170839;2640;3,97
170840;2640;3,97
170841;2624;3,56
170842;2624;3,56
170843;2626;3,61
170844;2635;3,84
170845;2608;3,16
170846;2639;3,94
170847;2634;3,82
170848;2626;3,61
170849;2638;3,92
170850;2634;3,82
170851;2628;3,66
170852;2628;3,66
170853;2624;3,56
170854;2635;3,84
170855;2639;3,94
170856;2630;3,71
170857;2634;3,82
170858;2622;3,51
170859;2638;3,92
170860;2631;3,74
170861;2632;3,77
170862;2646;4,12
170863;2593;2,78
170864;2628;3,66
170865;2631;3,74
170866;2626;3,61
170867;2633;3,79
170868;2659;4,45
170869;2626;3,61
170870;2636;3,87
170871;2639;3,94
170872;2639;3,94
170873;2635;3,84
170874;2630;3,71
170875;2629;3,69
170876;2635;3,84
170877;2633;3,79
170878;2635;3,84
170879;2635;3,84
170880;2639;3,94
170881;2608;3,16
170882;2626;3,61
170883;2633;3,79
170884;2607;3,13
170885;2631;3,74
170886;2638;3,92
170887;2640;3,97
170888;2625;3,59
170889;2637;3,89
170890;2637;3,89
170891;2640;3,97
170892;2648;4,17
170893;2615;3,34
170894;2638;3,92
170895;2645;4,09
170896;2647;4,14
170897;2642;4,02
170898;2645;4,09
170899;2636;3,87
170900;2645;4,09
170901;2638;3,92
170902;2646;4,12
170903;2639;3,94
170904;2653;4,30
170905;2638;3,92
170906;2635;3,84
170907;2645;4,09
170908;2638;3,92
170909;2621;3,49
170910;2638;3,92
170911;2638;3,92
170912;2657;4,40
170913;2626;3,61
170914;2637;3,89
170915;2635;3,84
170916;2640;3,97
170917;2640;3,97
170918;2631;3,74
170919;2635;3,84
170920;2658;4,42
170921;2640;3,97
170922;2654;4,32
170923;2627;3,64
170924;2625;3,59
170925;2623;3,54
170926;2629;3,69
170927;2631;3,74
170928;2655;4,35
170929;2638;3,92
170930;2633;3,79
170931;2638;3,92
170932;2624;3,56
170933;2624;3,56
170934;2630;3,71
170935;2635;3,84
170936;2609;3,18
170937;2665;4,60
170938;2610;3,21
170939;2587;2,63
170940;2624;3,56
170941;2629;3,69
170942;2626;3,61
170943;2619;3,44
170944;2623;3,54
170945;2622;3,51
170946;2639;3,94
170947;2633;3,79
170948;2631;3,74
170949;2618;3,41
170950;2629;3,69
170951;2633;3,79
170952;2627;3,64
170953;2612;3,26
170954;2637;3,89
170955;2638;3,92
170956;2624;3,56
170957;2625;3,59
170958;2627;3,64
170959;2624;3,56
170960;2658;4,42
170961;2621;3,49
170962;2615;3,34
170963;2624;3,56
170964;2614;3,31
170965;2624;3,56
170966;2635;3,84
170967;2615;3,34
170968;2640;3,97
170969;2644;4,07
170970;2623;3,54
170971;2639;3,94
170972;2606;3,11
170973;2649;4,20
170974;2639;3,94
170975;2651;4,25
170976;2665;4,60
170977;2640;3,97
170978;2621;3,49
170979;2622;3,51
170980;2630;3,71
170981;2641;3,99
170982;2620;3,46
170983;2614;3,31
170984;2638;3,92
170985;2639;3,94
170986;2640;3,97
170987;2627;3,64
170988;2647;4,14
170989;2630;3,71
170990;2637;3,89
170991;2626;3,61
170992;2646;4,12
170993;2640;3,97
170994;2641;3,99
170995;2620;3,46
170996;2622;3,51
170997;2651;4,25
170998;2615;3,34
170999;2633;3,79
171000;2662;4,52
171001;2638;3,92
171002;2634;3,82
171003;2630;3,71
171004;2613;3,28
171005;2629;3,69
171006;2634;3,82
171007;2640;3,97
171008;2641;3,99
171009;2599;2,93
171010;2637;3,89
171011;2641;3,99
171012;2631;3,74
171013;2626;3,61
171014;2643;4,04
171015;2634;3,82
171016;2634;3,82
171017;2636;3,87
171018;2622;3,51
171019;2648;4,17
171020;2618;3,41
171021;2671;4,75
171022;2649;4,20
171023;2645;4,09
171024;2621;3,49
171025;2678;4,93
171026;2640;3,97
171027;2623;3,54
171028;2624;3,56
171029;2624;3,56
171030;2624;3,56
171031;2654;4,32
171032;2643;4,04
171033;2678;4,93
171034;2635;3,84
171035;2654;4,32
171036;2647;4,14
171037;2640;3,97
171038;2656;4,37
171039;2651;4,25
171040;2652;4,27
171041;2654;4,32
171042;2655;4,35
171043;2667;4,65
171044;2650;4,22
171045;2647;4,14
171046;2678;4,93
171047;2639;3,94
171048;2667;4,65
171049;2655;4,35
171050;2642;4,02
171051;2657;4,40
171052;2639;3,94
171053;2657;4,40
171054;2663;4,55
171055;2666;4,63
171056;2644;4,07
171057;2655;4,35
171058;2667;4,65
171059;2670;4,73
171060;2675;4,85
171061;2662;4,52
171062;2659;4,45
171063;2661;4,50
171064;2646;4,12
171065;2655;4,35
171066;2674;4,83
171067;2689;5,21
171068;2677;4,90
171069;2672;4,78
171070;2669;4,70
171071;2651;4,25
171072;2676;4,88
171073;2663;4,55
171074;2682;5,03
171075;2657;4,40
171076;2660;4,47
171077;2656;4,37
171078;2686;5,13
171079;2661;4,50
171080;2660;4,47
171081;2690;5,23
171082;2665;4,60
171083;2665;4,60
171084;2669;4,70
171085;2665;4,60
171086;2653;4,30
171087;2696;5,38
171088;2697;5,41
171089;2688;5,18
171090;2671;4,75
171091;2713;5,81
171092;2676;4,88
171093;2683;5,06
171094;2679;4,95
171095;2704;5,59
171096;2715;5,87
171097;2688;5,18
171098;2704;5,59
171099;2703;5,56
171100;2697;5,41
171101;2721;6,02
171102;2690;5,23
171103;2709;5,71
171104;2717;5,92
171105;2706;5,64
171106;2701;5,51
171107;2736;6,40
171108;2707;5,66
171109;2721;6,02
171110;2710;5,74
171111;2736;6,40
171112;2716;5,89
171113;2710;5,74
171114;2736;6,40
171115;2740;6,50
171116;2738;6,45
171117;2736;6,40
171118;2757;6,93
171119;2736;6,40
171120;2726;6,14
171121;2734;6,35
171122;2753;6,83
171123;2734;6,35
171124;2750;6,75
171125;2731;6,27
171126;2715;5,87
171127;2738;6,45
171128;2768;7,21
171129;2735;6,37
171130;2786;7,66
171131;2743;6,57
171132;2757;6,93
171133;2766;7,16
171134;2736;6,40
171135;2749;6,73
171136;2765;7,13
171137;2769;7,23
171138;2743;6,57
171139;2751;6,78
171140;2749;6,73
171141;2752;6,80
171142;2750;6,75
171143;2801;8,04
171144;2767;7,18
171145;2752;6,80
171146;2763;7,08
171147;2768;7,21
171148;2760;7,00
171149;2736;6,40
171150;2759;6,98
171151;2768;7,21
171152;2759;6,98
171153;2757;6,93
171154;2786;7,66
171155;2778;7,46
171156;2769;7,23
171157;2777;7,43
171158;2779;7,48
171159;2779;7,48
171160;2799;7,99
171161;2799;7,99
171162;2775;7,38
171163;2799;7,99
171164;2801;8,04
171165;2794;7,86
171166;2799;7,99
171167;2805;8,14
171168;2789;7,74
171169;2766;7,16
171170;2800;8,02
171171;2807;8,19
171172;2813;8,35
171173;2809;8,24
171174;2798;7,97
171175;2801;8,04
171176;2794;7,86
171177;2801;8,04
171178;2823;8,60
171179;2813;8,35
171180;2816;8,42
171181;2826;8,67
171182;2804;8,12
171183;2813;8,35
171184;2815;8,40
171185;2822;8,57
171186;2810;8,27
171187;2804;8,12
171188;2819;8,50
171189;2814;8,37
171190;2827;8,70
171191;2821;8,55
171192;2833;8,85
171193;2831;8,80
171194;2827;8,70
171195;2825;8,65
171196;2821;8,55
171197;2811;8,29
171198;2811;8,29
171199;2826;8,67
171200;2828;8,72
171201;2830;8,78
171202;2823;8,60
171203;2815;8,40
171204;2822;8,57
171205;2821;8,55
171206;2848;9,23
171207;2830;8,78
171208;2830;8,78
171209;2849;9,26
171210;2821;8,55
171211;2802;8,07
171212;2833;8,85
171213;2831;8,80
171214;2831;8,80
171215;2826;8,67
171216;2834;8,88
171217;2816;8,42
171218;2827;8,70
171219;2826;8,67
171220;2838;8,98
171221;2823;8,60
171222;2807;8,19
171223;2875;9,91
171224;2821;8,55
171225;2841;9,05
171226;2819;8,50
171227;2803;8,09
171228;2835;8,90
171229;2813;8,35
171230;2819;8,50
171231;2803;8,09
171232;2826;8,67
171233;2821;8,55
171234;2827;8,70
171235;2832;8,83
171236;2813;8,35
171237;2822;8,57
171238;2823;8,60
171239;2831;8,80
171240;2841;9,05
171241;2820;8,52
171242;2817;8,45
171243;2806;8,17
171244;2831;8,80
171245;2817;8,45
171246;2835;8,90
171247;2811;8,29
171248;2807;8,19
171249;2831;8,80
171250;2816;8,42
171251;2828;8,72
171252;2815;8,40
171253;2815;8,40
171254;2823;8,60
171255;2800;8,02
171256;2807;8,19
171257;2822;8,57
171258;2804;8,12
171259;2809;8,24
171260;2810;8,27
171261;2812;8,32
171262;2816;8,42
171263;2805;8,14
171264;2832;8,83
171265;2800;8,02
171266;2821;8,55
171267;2817;8,45
171268;2811;8,29
171269;2803;8,09
171270;2813;8,35
171271;2799;7,99
171272;2811;8,29
171273;2802;8,07
171274;2832;8,83
171275;2801;8,04
171276;2836;8,93
171277;2842;9,08
171278;2786;7,66
171279;2800;8,02
171280;2835;8,90
171281;2811;8,29
171282;2806;8,17
171283;2794;7,86
171284;2785;7,64
171285;2785;7,64
171286;2777;7,43
171287;2763;7,08
171288;2753;6,83
171289;2766;7,16
171290;2749;6,73
171291;2766;7,16
171292;2801;8,04
171293;2753;6,83
171294;2773;7,33
171295;2752;6,80
171296;2765;7,13
171297;2784;7,61
171298;2777;7,43
171299;2805;8,14
171300;2817;8,45
171301;2778;7,46
171302;2816;8,42
171303;2807;8,19
171304;2844;9,13
171305;2806;8,17
171306;2800;8,02
171307;2806;8,17
171308;2810;8,27
171309;2803;8,09
171310;2807;8,19
171311;2807;8,19
171312;2810;8,27
171313;2811;8,29
171314;2794;7,86
171315;2800;8,02
171316;2805;8,14
171317;2810;8,27
171318;2788;7,71
171319;2782;7,56
171320;2793;7,84
171321;2806;8,17
171322;2786;7,66
171323;2780;7,51
171324;2806;8,17
171325;2809;8,24
171326;2825;8,65
171327;2803;8,09
171328;2797;7,94
171329;2800;8,02
171330;2820;8,52
171331;2783;7,59
171332;2769;7,23
171333;2779;7,48
171334;2800;8,02
171335;2778;7,46
171336;2769;7,23
171337;2790;7,76
171338;2759;6,98
171339;2736;6,40
171340;2757;6,93
171341;2765;7,13
171342;2748;6,70
171343;2758;6,95
171344;2753;6,83
171345;2738;6,45
171346;2752;6,80
171347;2765;7,13
171348;2753;6,83
171349;2749;6,73
171350;2757;6,93
171351;2759;6,98
171352;2755;6,88
171353;2769;7,23
171354;2775;7,38
171355;2789;7,74
171356;2759;6,98
171357;2768;7,21
171358;2798;7,97
171359;2784;7,61
171360;2777;7,43
171361;2796;7,91
171362;2787;7,69
171363;2777;7,43
171364;2791;7,79
171365;2771;7,28
171366;2774;7,36
171367;2783;7,59
171368;2783;7,59
171369;2800;8,02
171370;2785;7,64
171371;2779;7,48
171372;2750;6,75
171373;2774;7,36
171374;2772;7,31
171375;2774;7,36
171376;2779;7,48
171377;2759;6,98
171378;2766;7,16
171379;2753;6,83
171380;2753;6,83
171381;2747;6,68
171382;2762;7,05
171383;2751;6,78
171384;2726;6,14
171385;2775;7,38
171386;2768;7,21
171387;2759;6,98
171388;2745;6,62
171389;2763;7,08
171390;2759;6,98
171391;2743;6,57
171392;2749;6,73
171393;2741;6,52
171394;2717;5,92
171395;2742;6,55
171396;2732;6,30
171397;2738;6,45
171398;2736;6,40
171399;2736;6,40
171400;2758;6,95
171401;2772;7,31
171402;2772;7,31
171403;2727;6,17
171404;2748;6,70
171405;2750;6,75
171406;2736;6,40
171407;2739;6,47
171408;2764;7,11
171409;2774;7,36
171410;2777;7,43
171411;2766;7,16
171412;2750;6,75
171413;2783;7,59
171414;2736;6,40
171415;2769;7,23
171416;2705;5,61
171417;2738;6,45
171418;2739;6,47
171419;2759;6,98
171420;2727;6,17
171421;2715;5,87
171422;2727;6,17
171423;2721;6,02
171424;2731;6,27
171425;2742;6,55
171426;2749;6,73
171427;2739;6,47
171428;2734;6,35
171429;2729;6,22
171430;2738;6,45
171431;2707;5,66
171432;2725;6,12
171433;2704;5,59
171434;2733;6,32
171435;2711;5,76
171436;2727;6,17
171437;2735;6,37
171438;2709;5,71
171439;2709;5,71
171440;2705;5,61
171441;2691;5,26
171442;2715;5,87
171443;2703;5,56
171444;2709;5,71
171445;2685;5,11
171446;2752;6,80
171447;2707;5,66
171448;2704;5,59
171449;2721;6,02
171450;2721;6,02
171451;2733;6,32
171452;2736;6,40
171453;2704;5,59
171454;2719;5,97
171455;2698;5,44
171456;2714;5,84
171457;2704;5,59
171458;2725;6,12
171459;2719;5,97
171460;2725;6,12
171461;2718;5,94
171462;2714;5,84
171463;2719;5,97
171464;2722;6,04
171465;2741;6,52
171466;2704;5,59
171467;2727;6,17
171468;2716;5,89
171469;2704;5,59
171470;2692;5,28
171471;2679;4,95
171472;2674;4,83
171473;2699;5,46
171474;2691;5,26
171475;2689;5,21
171476;2733;6,32
171477;2686;5,13
171478;2700;5,49
171479;2681;5,01
171480;2731;6,27
171481;2721;6,02
171482;2686;5,13
171483;2679;4,95
171484;2698;5,44
171485;2711;5,76
171486;2704;5,59
171487;2698;5,44
171488;2707;5,66
171489;2707;5,66
171490;2715;5,87
171491;2718;5,94
171492;2732;6,30
171493;2719;5,97
171494;2719;5,97
171495;2717;5,92
171496;2720;5,99
171497;2719;5,97
171498;2715;5,87
171499;2678;4,93
171500;2699;5,46
171501;2707;5,66
171502;2705;5,61
171503;2704;5,59
171504;2711;5,76
171505;2707;5,66
171506;2704;5,59
171507;2704;5,59
171508;2704;5,59
171509;2703;5,56
171510;2723;6,07
171511;2693;5,31
171512;2683;5,06
171513;2703;5,56
171514;2688;5,18
171515;2693;5,31
171516;2693;5,31
171517;2675;4,85
171518;2685;5,11
171519;2688;5,18
171520;2675;4,85
171521;2673;4,80
171522;2705;5,61
171523;2690;5,23
171524;2670;4,73
171525;2670;4,73
171526;2673;4,80
171527;2674;4,83
171528;2671;4,75
171529;2677;4,90
171530;2679;4,95
171531;2672;4,78
171532;2672;4,78
171533;2679;4,95
171534;2690;5,23
171535;2669;4,70
171536;2677;4,90
171537;2688;5,18
171538;2686;5,13
171539;2690;5,23
171540;2688;5,18
171541;2691;5,26
171542;2689;5,21
171543;2692;5,28
171544;2691;5,26
171545;2690;5,23
171546;2683;5,06
171547;2690;5,23
171548;2736;6,40
171549;2683;5,06
171550;2687;5,16
171551;2683;5,06
171552;2678;4,93
171553;2672;4,78
171554;2669;4,70
171555;2666;4,63
171556;2667;4,65
171557;2659;4,45
171558;2670;4,73
171559;2667;4,65
171560;2676;4,88
171561;2676;4,88
171562;2701;5,51
171563;2672;4,78
171564;2657;4,40
171565;2669;4,70
171566;2677;4,90
171567;2691;5,26
171568;2677;4,90
171569;2672;4,78
171570;2661;4,50
171571;2671;4,75
171572;2687;5,16
171573;2672;4,78
171574;2670;4,73
171575;2706;5,64
171576;2675;4,85
171577;2683;5,06
171578;2663;4,55
171579;2677;4,90
171580;2669;4,70
171581;2685;5,11
171582;2675;4,85
171583;2671;4,75
171584;2669;4,70
171585;2683;5,06
171586;2666;4,63
171587;2662;4,52
171588;2670;4,73
171589;2651;4,25
171590;2670;4,73
171591;2673;4,80
171592;2665;4,60
171593;2657;4,40
171594;2661;4,50
171595;2661;4,50
171596;2661;4,50
171597;2671;4,75
171598;2659;4,45
171599;2659;4,45
171600;2661;4,50
171601;2653;4,30
171602;2665;4,60
171603;2670;4,73
171604;2666;4,63
171605;2649;4,20
171606;2650;4,22
171607;2658;4,42
171608;2656;4,37
171609;2643;4,04
171610;2662;4,52
171611;2672;4,78
171612;2645;4,09
171613;2644;4,07
171614;2640;3,97
171615;2643;4,04
171616;2640;3,97
171617;2645;4,09
171618;2671;4,75
171619;2647;4,14
171620;2645;4,09
171621;2640;3,97
171622;2659;4,45
171623;2643;4,04
171624;2641;3,99
171625;2671;4,75
171626;2677;4,90
171627;2680;4,98
171628;2685;5,11
171629;2672;4,78
171630;2690;5,23
171631;2672;4,78
171632;2690;5,23
171633;2694;5,33
171634;2686;5,13
171635;2688;5,18
171636;2704;5,59
171637;2683;5,06
171638;2691;5,26
171639;2693;5,31
171640;2688;5,18
171641;2688;5,18
171642;2703;5,56
171643;2687;5,16
171644;2719;5,97
171645;2690;5,23
171646;2684;5,08
171647;2666;4,63
171648;2672;4,78
171649;2671;4,75
171650;2687;5,16
171651;2659;4,45
171652;2661;4,50
171653;2666;4,63
171654;2656;4,37
171655;2658;4,42
171656;2654;4,32
171657;2647;4,14
171658;2656;4,37
171659;2653;4,30
171660;2653;4,30
171661;2648;4,17
171662;2644;4,07
171663;2651;4,25
171664;2640;3,97
171665;2630;3,71
171666;2635;3,84
171667;2628;3,66
171668;2635;3,84
171669;2640;3,97
171670;2634;3,82
171671;2639;3,94
171672;2625;3,59
171673;2631;3,74
171674;2623;3,54
171675;2626;3,61
171676;2632;3,77
171677;2626;3,61
171678;2627;3,64
171679;2633;3,79
171680;2638;3,92
171681;2638;3,92
171682;2633;3,79
171683;2641;3,99
171684;2635;3,84
171685;2642;4,02
171686;2638;3,92
171687;2640;3,97
171688;2639;3,94
171689;2639;3,94
171690;2650;4,22
171691;2640;3,97
171692;2641;3,99
171693;2640;3,97
171694;2654;4,32
171695;2655;4,35
171696;2645;4,09
171697;2661;4,50
171698;2659;4,45
171699;2659;4,45
171700;2661;4,50
171701;2665;4,60
171702;2668;4,68
171703;2665;4,60
171704;2674;4,83
171705;2668;4,68
171706;2663;4,55
171707;2672;4,78
171708;2683;5,06
171709;2669;4,70
171710;2669;4,70
171711;2682;5,03
171712;2674;4,83
171713;2673;4,80
171714;2671;4,75
171715;2673;4,80
171716;2672;4,78
171717;2670;4,73
171718;2661;4,50
171719;2678;4,93
171720;2669;4,70
171721;2667;4,65
171722;2659;4,45
171723;2663;4,55
171724;2662;4,52
171725;2658;4,42
171726;2651;4,25
171727;2665;4,60
171728;2658;4,42
171729;2681;5,01
171730;2669;4,70
171731;2657;4,40
171732;2655;4,35
171733;2655;4,35
171734;2657;4,40
171735;2641;3,99
171736;2646;4,12
171737;2649;4,20
171738;2663;4,55
171739;2651;4,25
171740;2645;4,09
171741;2649;4,20
171742;2645;4,09
171743;2641;3,99
171744;2647;4,14
171745;2643;4,04
171746;2647;4,14
171747;2640;3,97
171748;2647;4,14
171749;2640;3,97
171750;2646;4,12
171751;2642;4,02
171752;2647;4,14
171753;2653;4,30
171754;2642;4,02
171755;2637;3,89
171756;2635;3,84
171757;2640;3,97
171758;2641;3,99
171759;2643;4,04
171760;2645;4,09
171761;2640;3,97
171762;2647;4,14
171763;2639;3,94
171764;2639;3,94
171765;2640;3,97
171766;2642;4,02
171767;2642;4,02
171768;2644;4,07
171769;2666;4,63
171770;2649;4,20
171771;2652;4,27
171772;2657;4,40
171773;2663;4,55
171774;2656;4,37
171775;2660;4,47
171776;2672;4,78
171777;2666;4,63
171778;2671;4,75
171779;2667;4,65
171780;2674;4,83
171781;2675;4,85
171782;2672;4,78
171783;2673;4,80
171784;2673;4,80
171785;2672;4,78
171786;2672;4,78
171787;2672;4,78
171788;2667;4,65
171789;2669;4,70
171790;2702;5,54
171791;2667;4,65
171792;2678;4,93
171793;2673;4,80
171794;2679;4,95
171795;2663;4,55
171796;2661;4,50
171797;2663;4,55
171798;2666;4,63
171799;2671;4,75
171800;2678;4,93
171801;2657;4,40
171802;2663;4,55
171803;2656;4,37
171804;2661;4,50
171805;2654;4,32
171806;2695;5,36
171807;2656;4,37
171808;2654;4,32
171809;2664;4,57
171810;2655;4,35
171811;2655;4,35
171812;2694;5,33
171813;2660;4,47
171814;2651;4,25
171815;2665;4,60
171816;2649;4,20
171817;2654;4,32
171818;2661;4,50
171819;2663;4,55
171820;2659;4,45
171821;2659;4,45
171822;2659;4,45
171823;2659;4,45
171824;2657;4,40
171825;2663;4,55
171826;2654;4,32
171827;2668;4,68
171828;2666;4,63
171829;2664;4,57
171830;2669;4,70
171831;2659;4,45
171832;2666;4,63
171833;2671;4,75
171834;2672;4,78
171835;2672;4,78
171836;2671;4,75
171837;2667;4,65
171838;2672;4,78
171839;2670;4,73
171840;2681;5,01
171841;2672;4,78
171842;2671;4,75
171843;2673;4,80
171844;2682;5,03
171845;2672;4,78
171846;2679;4,95
171847;2676;4,88
171848;2679;4,95
171849;2683;5,06
171850;2678;4,93
171851;2679;4,95
171852;2678;4,93
171853;2683;5,06
171854;2672;4,78
171855;2704;5,59
171856;2681;5,01
171857;2688;5,18
171858;2684;5,08
171859;2684;5,08
171860;2683;5,06
171861;2678;4,93
171862;2683;5,06
171863;2689;5,21
171864;2686;5,13
171865;2685;5,11
171866;2688;5,18
171867;2682;5,03
171868;2678;4,93
171869;2695;5,36
171870;2681;5,01
171871;2685;5,11
171872;2675;4,85
171873;2675;4,85
171874;2682;5,03
171875;2677;4,90
171876;2678;4,93
171877;2672;4,78
171878;2674;4,83
171879;2674;4,83
171880;2686;5,13
171881;2675;4,85
171882;2682;5,03
171883;2676;4,88
171884;2672;4,78
171885;2673;4,80
171886;2674;4,83
171887;2673;4,80
171888;2679;4,95
171889;2677;4,90
171890;2677;4,90
171891;2671;4,75
171892;2675;4,85
171893;2672;4,78
171894;2670;4,73
171895;2673;4,80
171896;2677;4,90
171897;2677;4,90
171898;2674;4,83
171899;2674;4,83
171900;2682;5,03
171901;2672;4,78
171902;2679;4,95
171903;2678;4,93
171904;2670;4,73
171905;2672;4,78
171906;2678;4,93
171907;2674;4,83
171908;2674;4,83
171909;2681;5,01
171910;2690;5,23
171911;2688;5,18
171912;2679;4,95
171913;2672;4,78
171914;2679;4,95
171915;2679;4,95
171916;2677;4,90
171917;2687;5,16
171918;2683;5,06
171919;2677;4,90
171920;2686;5,13
171921;2688;5,18
171922;2688;5,18
171923;2678;4,93
171924;2683;5,06
171925;2682;5,03
171926;2676;4,88
171927;2683;5,06
171928;2675;4,85
171929;2677;4,90
171930;2679;4,95
171931;2672;4,78
171932;2673;4,80
171933;2675;4,85
171934;2677;4,90
171935;2672;4,78
171936;2678;4,93
171937;2675;4,85
171938;2673;4,80
171939;2672;4,78
171940;2672;4,78
171941;2674;4,83
171942;2668;4,68
171943;2672;4,78
171944;2671;4,75
171945;2674;4,83
171946;2668;4,68
171947;2656;4,37
171948;2667;4,65
171949;2670;4,73
171950;2659;4,45
171951;2660;4,47
171952;2667;4,65
171953;2667;4,65
171954;2662;4,52
171955;2665;4,60
171956;2659;4,45
171957;2657;4,40
171958;2666;4,63
171959;2660;4,47
171960;2673;4,80
171961;2657;4,40
171962;2657;4,40
171963;2662;4,52
171964;2665;4,60
171965;2656;4,37
171966;2669;4,70
171967;2655;4,35
171968;2659;4,45
171969;2657;4,40
171970;2651;4,25
171971;2659;4,45
171972;2662;4,52
171973;2664;4,57
171974;2663;4,55
171975;2682;5,03
171976;2666;4,63
171977;2657;4,40
171978;2656;4,37
171979;2663;4,55
171980;2693;5,31
171981;2653;4,30
171982;2666;4,63
171983;2663;4,55
171984;2658;4,42
171985;2655;4,35
171986;2663;4,55
171987;2685;5,11
171988;2662;4,52
171989;2666;4,63
171990;2655;4,35
171991;2659;4,45
171992;2656;4,37
171993;2654;4,32
171994;2655;4,35
171995;2663;4,55
171996;2662;4,52
171997;2663;4,55
171998;2658;4,42
171999;2661;4,50
172000;2658;4,42
172001;2663;4,55
172002;2663;4,55
172003;2667;4,65
172004;2665;4,60
172005;2669;4,70
172006;2672;4,78
172007;2661;4,50
172008;2662;4,52
172009;2655;4,35
172010;2657;4,40
172011;2665;4,60
172012;2667;4,65
172013;2654;4,32
172014;2658;4,42
172015;2655;4,35
172016;2660;4,47
172017;2656;4,37
172018;2661;4,50
172019;2663;4,55
172020;2661;4,50
172021;2661;4,50
172022;2653;4,30
172023;2667;4,65
172024;2657;4,40
172025;2666;4,63
172026;2658;4,42
172027;2657;4,40
172028;2666;4,63
172029;2660;4,47
172030;2654;4,32
172031;2663;4,55
172032;2667;4,65
172033;2654;4,32
172034;2655;4,35
172035;2671;4,75
172036;2663;4,55
172037;2654;4,32
172038;2655;4,35
172039;2655;4,35
172040;2659;4,45
172041;2659;4,45
172042;2656;4,37
172043;2654;4,32
172044;2658;4,42
172045;2661;4,50
172046;2655;4,35
172047;2658;4,42
172048;2654;4,32
172049;2655;4,35
172050;2657;4,40
172051;2653;4,30
172052;2656;4,37
172053;2655;4,35
172054;2659;4,45
172055;2656;4,37
172056;2651;4,25
172057;2652;4,27
172058;2654;4,32
172059;2660;4,47
172060;2649;4,20
172061;2650;4,22
172062;2655;4,35
172063;2648;4,17
172064;2646;4,12
172065;2654;4,32
172066;2658;4,42
172067;2650;4,22
172068;2649;4,20
172069;2653;4,30
172070;2654;4,32
172071;2657;4,40
172072;2650;4,22
172073;2655;4,35
172074;2649;4,20
172075;2650;4,22
172076;2653;4,30
172077;2645;4,09
172078;2651;4,25
172079;2648;4,17
172080;2645;4,09
172081;2645;4,09
172082;2653;4,30
172083;2653;4,30
172084;2647;4,14
172085;2646;4,12
172086;2653;4,30
172087;2646;4,12
172088;2653;4,30
172089;2653;4,30
172090;2657;4,40
172091;2645;4,09
172092;2647;4,14
172093;2655;4,35
172094;2646;4,12
172095;2653;4,30
172096;2649;4,20
172097;2643;4,04
172098;2653;4,30
172099;2654;4,32
172100;2654;4,32
172101;2647;4,14
172102;2641;3,99
172103;2647;4,14
172104;2653;4,30
172105;2646;4,12
172106;2651;4,25
172107;2643;4,04
172108;2642;4,02
172109;2655;4,35
172110;2647;4,14
172111;2653;4,30
172112;2649;4,20
172113;2656;4,37
172114;2655;4,35
172115;2650;4,22
172116;2658;4,42
172117;2643;4,04
172118;2655;4,35
172119;2654;4,32
172120;2654;4,32
172121;2651;4,25
172122;2659;4,45
172123;2660;4,47
172124;2657;4,40
172125;2657;4,40
172126;2646;4,12
172127;2656;4,37
172128;2655;4,35
172129;2657;4,40
172130;2649;4,20
172131;2647;4,14
172132;2646;4,12
172133;2661;4,50
172134;2661;4,50
172135;2653;4,30
172136;2654;4,32
172137;2649;4,20
172138;2655;4,35
172139;2653;4,30
172140;2656;4,37
172141;2649;4,20
172142;2655;4,35
172143;2655;4,35
172144;2647;4,14
172145;2651;4,25
172146;2657;4,40
172147;2651;4,25
172148;2655;4,35
172149;2653;4,30
172150;2656;4,37
172151;2660;4,47
172152;2650;4,22
172153;2661;4,50
172154;2657;4,40
172155;2655;4,35
172156;2651;4,25
172157;2658;4,42
172158;2647;4,14
172159;2660;4,47
172160;2659;4,45
172161;2652;4,27
172162;2662;4,52
172163;2656;4,37
172164;2656;4,37
172165;2651;4,25
172166;2651;4,25
172167;2655;4,35
172168;2657;4,40
172169;2655;4,35
172170;2659;4,45
172171;2661;4,50
172172;2655;4,35
172173;2643;4,04
172174;2656;4,37
172175;2651;4,25
172176;2653;4,30
172177;2657;4,40
172178;2661;4,50
172179;2651;4,25
172180;2659;4,45
172181;2650;4,22
172182;2657;4,40
172183;2657;4,40
172184;2657;4,40
172185;2656;4,37
172186;2652;4,27
172187;2656;4,37
172188;2660;4,47
172189;2656;4,37
172190;2654;4,32
172191;2654;4,32
172192;2652;4,27
172193;2653;4,30
172194;2653;4,30
172195;2647;4,14
172196;2655;4,35
172197;2651;4,25
172198;2655;4,35
172199;2646;4,12
172200;2654;4,32
172201;2658;4,42
172202;2650;4,22
172203;2645;4,09
172204;2649;4,20
172205;2651;4,25
172206;2654;4,32
172207;2656;4,37
172208;2647;4,14
172209;2650;4,22
172210;2651;4,25
172211;2651;4,25
172212;2651;4,25
172213;2655;4,35
172214;2645;4,09
172215;2650;4,22
172216;2640;3,97
172217;2653;4,30
172218;2646;4,12
172219;2641;3,99
172220;2647;4,14
172221;2642;4,02
172222;2647;4,14
172223;2644;4,07
172224;2647;4,14
172225;2645;4,09
172226;2645;4,09
172227;2646;4,12
172228;2646;4,12
172229;2641;3,99
172230;2640;3,97
172231;2649;4,20
172232;2652;4,27
172233;2643;4,04
172234;2645;4,09
172235;2643;4,04
172236;2643;4,04
172237;2640;3,97
172238;2640;3,97
172239;2640;3,97
172240;2640;3,97
172241;2645;4,09
172242;2640;3,97
172243;2646;4,12
172244;2639;3,94
172245;2638;3,92
172246;2643;4,04
172247;2643;4,04
172248;2645;4,09
172249;2640;3,97
172250;2637;3,89
172251;2640;3,97
172252;2645;4,09
172253;2638;3,92
172254;2643;4,04
172255;2640;3,97
172256;2640;3,97
172257;2640;3,97
172258;2641;3,99
172259;2644;4,07
172260;2640;3,97
172261;2646;4,12
172262;2640;3,97
172263;2640;3,97
172264;2639;3,94
172265;2641;3,99
172266;2640;3,97
172267;2640;3,97
172268;2646;4,12
172269;2645;4,09
172270;2647;4,14
172271;2639;3,94
172272;2640;3,97
172273;2640;3,97
172274;2650;4,22
172275;2640;3,97
172276;2641;3,99
172277;2644;4,07
172278;2640;3,97
172279;2638;3,92
172280;2640;3,97
172281;2644;4,07
172282;2636;3,87
172283;2640;3,97
172284;2631;3,74
172285;2640;3,97
172286;2637;3,89
172287;2640;3,97
172288;2635;3,84
172289;2640;3,97
172290;2634;3,82
172291;2635;3,84
172292;2635;3,84
172293;2645;4,09
172294;2638;3,92
172295;2645;4,09
172296;2634;3,82
172297;2643;4,04
172298;2631;3,74
172299;2637;3,89
172300;2640;3,97
172301;2631;3,74
172302;2637;3,89
172303;2637;3,89
172304;2635;3,84
172305;2640;3,97
172306;2634;3,82
172307;2629;3,69
172308;2629;3,69
172309;2640;3,97
172310;2638;3,92
172311;2633;3,79
172312;2630;3,71
172313;2633;3,79
172314;2631;3,74
172315;2634;3,82
172316;2625;3,59
172317;2637;3,89
172318;2629;3,69
172319;2634;3,82
172320;2635;3,84
172321;2642;4,02
172322;2631;3,74
172323;2624;3,56
172324;2630;3,71
172325;2628;3,66
172326;2624;3,56
172327;2631;3,74
172328;2627;3,64
172329;2629;3,69
172330;2631;3,74
172331;2634;3,82
172332;2621;3,49
172333;2631;3,74
172334;2624;3,56
172335;2637;3,89
172336;2625;3,59
172337;2625;3,59
172338;2624;3,56
172339;2629;3,69
172340;2621;3,49
172341;2622;3,51
172342;2625;3,59
172343;2624;3,56
172344;2615;3,34
172345;2619;3,44
172346;2627;3,64
172347;2624;3,56
172348;2629;3,69
172349;2615;3,34
172350;2622;3,51
172351;2624;3,56
172352;2625;3,59
172353;2629;3,69
172354;2624;3,56
172355;2632;3,77
172356;2623;3,54
172357;2624;3,56
172358;2624;3,56
172359;2622;3,51
172360;2629;3,69
172361;2614;3,31
172362;2625;3,59
172363;2617;3,39
172364;2626;3,61
172365;2625;3,59
172366;2623;3,54
172367;2622;3,51
172368;2623;3,54
172369;2628;3,66
172370;2624;3,56
172371;2624;3,56
172372;2617;3,39
172373;2623;3,54
172374;2624;3,56
172375;2619;3,44
172376;2614;3,31
172377;2614;3,31
172378;2619;3,44
172379;2626;3,61
172380;2619;3,44
172381;2618;3,41
172382;2619;3,44
172383;2618;3,41
172384;2621;3,49
172385;2621;3,49
172386;2620;3,46
172387;2614;3,31
172388;2614;3,31
172389;2622;3,51
172390;2621;3,49
172391;2623;3,54
172392;2615;3,34
172393;2608;3,16
172394;2624;3,56
172395;2614;3,31
172396;2617;3,39
172397;2610;3,21
172398;2621;3,49
172399;2614;3,31
172400;2615;3,34
172401;2618;3,41
172402;2611;3,23
172403;2615;3,34
172404;2615;3,34
172405;2615;3,34
172406;2625;3,59
172407;2619;3,44
172408;2624;3,56
172409;2613;3,28
172410;2621;3,49
172411;2624;3,56
172412;2624;3,56
172413;2615;3,34
172414;2620;3,46
172415;2614;3,31
172416;2618;3,41
172417;2614;3,31
172418;2618;3,41
172419;2610;3,21
172420;2618;3,41
172421;2611;3,23
172422;2623;3,54
172423;2620;3,46
172424;2612;3,26
172425;2624;3,56
172426;2618;3,41
172427;2617;3,39
172428;2615;3,34
172429;2609;3,18
172430;2621;3,49
172431;2615;3,34
172432;2612;3,26
172433;2624;3,56
172434;2624;3,56
172435;2623;3,54
172436;2615;3,34
172437;2614;3,31
172438;2624;3,56
172439;2614;3,31
172440;2608;3,16
172441;2613;3,28
172442;2622;3,51
172443;2610;3,21
172444;2621;3,49
172445;2611;3,23
172446;2618;3,41
172447;2640;3,97
172448;2613;3,28
172449;2610;3,21
172450;2615;3,34
172451;2609;3,18
172452;2614;3,31
172453;2619;3,44
172454;2618;3,41
172455;2612;3,26
172456;2608;3,16
172457;2619;3,44
172458;2621;3,49
172459;2613;3,28
172460;2621;3,49
172461;2613;3,28
172462;2609;3,18
172463;2612;3,26
172464;2612;3,26
172465;2618;3,41
172466;2618;3,41
172467;2609;3,18
172468;2609;3,18
172469;2608;3,16
172470;2611;3,23
172471;2608;3,16
172472;2607;3,13
172473;2608;3,16
172474;2608;3,16
172475;2618;3,41
172476;2617;3,39
172477;2612;3,26
172478;2610;3,21
172479;2613;3,28
172480;2608;3,16
172481;2613;3,28
172482;2610;3,21
172483;2613;3,28
172484;2614;3,31
172485;2608;3,16
172486;2608;3,16
172487;2611;3,23
172488;2614;3,31
172489;2613;3,28
172490;2608;3,16
172491;2609;3,18
172492;2610;3,21
172493;2609;3,18
172494;2611;3,23
172495;2603;3,03
172496;2608;3,16
172497;2609;3,18
172498;2608;3,16
172499;2610;3,21
172500;2612;3,26
172501;2615;3,34
172502;2612;3,26
172503;2610;3,21
172504;2622;3,51
172505;2609;3,18
172506;2608;3,16
172507;2619;3,44
172508;2608;3,16
172509;2608;3,16
172510;2609;3,18
172511;2615;3,34
172512;2610;3,21
172513;2611;3,23
172514;2619;3,44
172515;2614;3,31
172516;2611;3,23
172517;2608;3,16
172518;2612;3,26
172519;2612;3,26
172520;2611;3,23
172521;2615;3,34
172522;2618;3,41
172523;2621;3,49
172524;2618;3,41
172525;2623;3,54
172526;2617;3,39
172527;2620;3,46
172528;2614;3,31
172529;2620;3,46
172530;2624;3,56
172531;2617;3,39
172532;2608;3,16
172533;2623;3,54
172534;2610;3,21
172535;2617;3,39
172536;2618;3,41
172537;2615;3,34
172538;2623;3,54
172539;2613;3,28
172540;2618;3,41
172541;2623;3,54
172542;2612;3,26
172543;2622;3,51
172544;2618;3,41
172545;2621;3,49
172546;2615;3,34
172547;2619;3,44
172548;2617;3,39
172549;2621;3,49
172550;2615;3,34
172551;2622;3,51
172552;2624;3,56
172553;2623;3,54
172554;2624;3,56
172555;2617;3,39
172556;2622;3,51
172557;2623;3,54
172558;2624;3,56
172559;2624;3,56
172560;2614;3,31
172561;2624;3,56
172562;2619;3,44
172563;2619;3,44
172564;2623;3,54
172565;2617;3,39
172566;2616;3,36
172567;2615;3,34
172568;2622;3,51
172569;2614;3,31
172570;2618;3,41
172571;2615;3,34
172572;2614;3,31
172573;2615;3,34
172574;2617;3,39
172575;2615;3,34
172576;2621;3,49
172577;2612;3,26
172578;2611;3,23
172579;2614;3,31
172580;2611;3,23
172581;2611;3,23
172582;2617;3,39
172583;2615;3,34
172584;2612;3,26
172585;2608;3,16
172586;2608;3,16
172587;2609;3,18
172588;2610;3,21
172589;2612;3,26
172590;2604;3,06
172591;2610;3,21
172592;2608;3,16
172593;2607;3,13
172594;2604;3,06
172595;2609;3,18
172596;2609;3,18
172597;2617;3,39
172598;2602;3,01
172599;2614;3,31
172600;2601;2,98
172601;2607;3,13
172602;2605;3,08
172603;2608;3,16
172604;2598;2,90
172605;2604;3,06
172606;2605;3,08
172607;2608;3,16
172608;2608;3,16
172609;2606;3,11
172610;2615;3,34
172611;2606;3,11
172612;2608;3,16
172613;2608;3,16
172614;2608;3,16
172615;2606;3,11
172616;2609;3,18
172617;2608;3,16
172618;2608;3,16
172619;2604;3,06
172620;2608;3,16
172621;2606;3,11
172622;2598;2,90
172623;2606;3,11
172624;2613;3,28
172625;2603;3,03
172626;2608;3,16
172627;2603;3,03
172628;2608;3,16
172629;2612;3,26
172630;2602;3,01
172631;2616;3,36
172632;2608;3,16
172633;2608;3,16
172634;2605;3,08
172635;2601;2,98
172636;2608;3,16
172637;2605;3,08
172638;2603;3,03
172639;2603;3,03
172640;2607;3,13
172641;2598;2,90
172642;2605;3,08
172643;2599;2,93
172644;2604;3,06
172645;2607;3,13
172646;2608;3,16
172647;2603;3,03
172648;2603;3,03
172649;2605;3,08
172650;2608;3,16
172651;2607;3,13
172652;2607;3,13
172653;2608;3,16
172654;2608;3,16
172655;2598;2,90
172656;2599;2,93
172657;2611;3,23
172658;2608;3,16
172659;2608;3,16
172660;2608;3,16
172661;2603;3,03
172662;2605;3,08
172663;2612;3,26
172664;2601;2,98
172665;2605;3,08
172666;2608;3,16
172667;2610;3,21
172668;2608;3,16
172669;2610;3,21
172670;2608;3,16
172671;2607;3,13
172672;2609;3,18
172673;2607;3,13
172674;2610;3,21
172675;2608;3,16
172676;2608;3,16
172677;2609;3,18
172678;2610;3,21
172679;2607;3,13
172680;2606;3,11
172681;2608;3,16
172682;2606;3,11
172683;2608;3,16
172684;2607;3,13
172685;2609;3,18
172686;2607;3,13
172687;2608;3,16
172688;2608;3,16
172689;2607;3,13
172690;2603;3,03
172691;2608;3,16
172692;2608;3,16
172693;2608;3,16
172694;2607;3,13
172695;2609;3,18
172696;2602;3,01
172697;2605;3,08
172698;2608;3,16
172699;2608;3,16
172700;2606;3,11
172701;2607;3,13
172702;2608;3,16
172703;2603;3,03
